source,target,weight,tipo,tema_source,tema_target,sub_source,sub_target
как,что,39.0,intra_cluster,3,3,-1,-1
milei,méxico,27.0,intra_sub,3,3,0,0
milei,argentina,20.0,intra_sub,3,3,0,0
milei,argentino,9.0,intra_sub,3,3,0,0
milei,amlo,7.0,intra_sub,3,3,0,0
milei,mexico,6.0,intra_sub,3,3,0,0
milei,narco,6.0,intra_sub,3,3,0,0
milei,claudia,5.0,intra_sub,3,3,0,0
milei,caer,5.0,intra_sub,3,3,0,0
milei,unidos,4.0,intra_sub,3,3,0,0
milei,pueblo,3.0,intra_cluster,3,3,0,0
milei,corrupto,3.0,intra_cluster,3,3,0,0
milei,querer,3.0,intra_cluster,3,3,0,2
milei,corrupción,3.0,intra_cluster,3,3,0,0
milei,sacar,2.0,intra_cluster,3,3,0,2
milei,libre,2.0,intra_cluster,3,3,0,3
milei,país,2.0,intra_cluster,3,3,0,0
milei,mandar,2.0,intra_cluster,3,3,0,0
milei,pagar,2.0,intra_cluster,3,3,0,0
milei,salir,2.0,intra_cluster,3,3,0,2
milei,dinero,2.0,intra_cluster,3,3,0,4
milei,delincuente,2.0,intra_cluster,3,3,0,0
milei,cosa,2.0,intra_cluster,3,3,0,0
méxico,país,26.0,intra_sub,3,3,0,0
méxico,mexicano,26.0,intra_sub,3,3,0,0
méxico,mundial,23.0,intra_cluster,3,3,0,3
méxico,querer,19.0,intra_cluster,3,3,0,2
méxico,argentina,17.0,intra_sub,3,3,0,0
méxico,esperar,16.0,intra_cluster,3,3,0,1
méxico,unidos,16.0,intra_sub,3,3,0,0
méxico,pasar,15.0,intra_cluster,3,3,0,2
méxico,partido,15.0,intra_cluster,3,3,0,3
méxico,corrupción,14.0,intra_sub,3,3,0,0
méxico,político,14.0,intra_sub,3,3,0,0
méxico,corrupto,13.0,intra_sub,3,3,0,0
méxico,deber,13.0,intra_cluster,3,3,0,1
méxico,pueblo,12.0,intra_sub,3,3,0,0
méxico,fútbol,11.0,intra_cluster,3,3,0,3
méxico,caer,10.0,intra_sub,3,3,0,0
méxico,claudia,10.0,intra_sub,3,3,0,0
méxico,azteca,10.0,intra_cluster,3,3,0,-1
méxico,mexico,10.0,intra_sub,3,3,0,0
méxico,felicidades,10.0,intra_cluster,3,3,0,3
méxico,salir,9.0,intra_cluster,3,3,0,2
méxico,gente,9.0,intra_cluster,3,3,0,2
méxico,hablar,8.0,intra_cluster,3,3,0,1
méxico,quedar,8.0,intra_cluster,3,3,0,3
méxico,líder,8.0,intra_cluster,3,3,0,-1
méxico,selección,8.0,intra_cluster,3,3,0,3
méxico,triunfo,8.0,intra_cluster,3,3,0,3
méxico,equipo,7.0,intra_cluster,3,3,0,1
méxico,marina,7.0,intra_sub,3,3,0,0
méxico,realidad,7.0,intra_sub,3,3,0,0
méxico,triste,7.0,intra_cluster,3,3,0,-1
méxico,patria,6.0,intra_cluster,3,3,0,4
méxico,tomar,6.0,intra_cluster,3,3,0,2
méxico,libre,6.0,intra_cluster,3,3,0,3
méxico,mano,6.0,intra_cluster,3,3,0,1
méxico,mandar,6.0,intra_sub,3,3,0,0
méxico,narco,6.0,intra_sub,3,3,0,0
méxico,creer,6.0,intra_cluster,3,3,0,1
méxico,gol,6.0,intra_cluster,3,3,0,-1
méxico,pasión,6.0,intra_cluster,3,3,0,3
méxico,respeto,5.0,intra_cluster,3,3,0,1
méxico,pagar,5.0,intra_sub,3,3,0,0
méxico,regresar,5.0,intra_cluster,3,3,0,4
méxico,sacar,5.0,intra_cluster,3,3,0,2
méxico,ojalá,5.0,intra_cluster,3,3,0,2
méxico,forma,5.0,intra_cluster,3,3,0,1
méxico,felicidad,5.0,intra_cluster,3,3,0,3
méxico,hermoso,5.0,intra_cluster,3,3,0,3
méxico,tratar,4.0,intra_cluster,3,3,0,1
méxico,repetir,4.0,intra_cluster,3,3,0,-1
méxico,respetar,4.0,intra_cluster,3,3,0,2
méxico,servir,4.0,intra_sub,3,3,0,0
méxico,acuerdo,4.0,intra_cluster,3,3,0,5
méxico,pena,4.0,intra_cluster,3,3,0,4
méxico,soltar,4.0,intra_cluster,3,3,0,-1
méxico,cualquiera,4.0,intra_cluster,3,3,0,2
méxico,merecer,4.0,intra_cluster,3,3,0,2
méxico,delincuente,4.0,intra_sub,3,3,0,0
méxico,meter,4.0,intra_cluster,3,3,0,2
méxico,bendición,4.0,intra_cluster,3,3,0,3
méxico,américa,4.0,intra_cluster,3,3,0,1
méxico,video,4.0,intra_cluster,3,3,0,1
méxico,convertir,4.0,intra_sub,3,3,0,0
méxico,nombre,4.0,intra_sub,3,3,0,0
méxico,acabar,4.0,intra_cluster,3,3,0,2
méxico,lograr,3.0,intra_cluster,3,3,0,-1
méxico,delito,3.0,intra_cluster,3,3,0,-1
méxico,ley,3.0,intra_cluster,3,3,0,2
méxico,traición,3.0,intra_cluster,3,3,0,4
méxico,vergüenza,3.0,intra_cluster,3,3,0,2
méxico,casa,3.0,intra_cluster,3,3,0,2
méxico,jefe,3.0,intra_cluster,3,3,0,1
méxico,argentino,3.0,intra_cluster,3,3,0,0
méxico,detener,3.0,intra_cluster,3,3,0,0
méxico,ayudar,3.0,intra_cluster,3,3,0,1
méxico,ganar,3.0,intra_cluster,3,3,0,1
méxico,amar,3.0,intra_cluster,3,3,0,3
méxico,claro,2.0,intra_cluster,3,3,0,1
méxico,daño,2.0,intra_cluster,3,3,0,2
méxico,castigar,2.0,intra_cluster,3,3,0,1
méxico,eléctrico,2.0,intra_cluster,3,3,0,-1
méxico,asesino,2.0,intra_cluster,3,3,0,4
méxico,sentir,2.0,intra_cluster,3,3,0,2
méxico,augusto,2.0,intra_cluster,3,3,0,-1
méxico,agarrar,2.0,intra_cluster,3,3,0,2
méxico,cosa,2.0,intra_cluster,3,3,0,0
méxico,matar,2.0,intra_cluster,3,3,0,-1
méxico,amlo,2.0,intra_cluster,3,3,0,0
méxico,pobre,2.0,intra_cluster,3,3,0,2
méxico,rata,2.0,intra_cluster,3,3,0,0
méxico,centro,2.0,intra_cluster,3,3,0,1
méxico,jugar,2.0,intra_cluster,3,3,0,1
méxico,sinaloa,2.0,intra_cluster,3,3,0,7
méxico,boleto,2.0,intra_cluster,3,3,0,-1
méxico,mundialista,2.0,intra_cluster,3,3,0,3
méxico,señor,2.0,intra_cluster,3,3,0,0
méxico,hipócrita,2.0,intra_cluster,3,3,0,-1
méxico,madre,2.0,intra_cluster,3,3,0,7
méxico,feliz,2.0,intra_cluster,3,3,0,3
méxico,aficionado,2.0,intra_cluster,3,3,0,3
méxico,auto,2.0,intra_cluster,3,3,0,2
méxico,simio,2.0,intra_cluster,3,3,0,-1
méxico,idiota,2.0,intra_cluster,3,3,0,3
méxico,tampico,53.0,extra,3,4,0,0
méxico,tamaulipas,34.0,extra,3,2,0,0
país,cualquiera,7.0,intra_cluster,3,3,0,2
país,querer,6.0,intra_cluster,3,3,0,2
país,mexicano,6.0,intra_sub,3,3,0,0
país,servir,6.0,intra_sub,3,3,0,0
país,marina,6.0,intra_sub,3,3,0,0
país,delincuente,5.0,intra_sub,3,3,0,0
país,esperar,5.0,intra_cluster,3,3,0,1
país,vergüenza,5.0,intra_cluster,3,3,0,2
país,triste,5.0,intra_cluster,3,3,0,-1
país,político,4.0,intra_sub,3,3,0,0
país,video,4.0,intra_cluster,3,3,0,1
país,mano,4.0,intra_cluster,3,3,0,1
país,salir,4.0,intra_cluster,3,3,0,2
país,corrupción,4.0,intra_sub,3,3,0,0
país,cosa,4.0,intra_sub,3,3,0,0
país,gente,4.0,intra_cluster,3,3,0,2
país,morir,4.0,intra_cluster,3,3,0,7
país,mundial,3.0,intra_cluster,3,3,0,3
país,madre,3.0,intra_cluster,3,3,0,7
país,regresar,3.0,intra_cluster,3,3,0,4
país,dinero,3.0,intra_cluster,3,3,0,4
país,forma,3.0,intra_cluster,3,3,0,1
país,fútbol,3.0,intra_cluster,3,3,0,3
país,respeto,2.0,intra_cluster,3,3,0,1
país,falta,2.0,intra_cluster,3,3,0,1
país,muerte,2.0,intra_cluster,3,3,0,4
país,pensar,2.0,intra_cluster,3,3,0,1
país,pasar,2.0,intra_cluster,3,3,0,2
país,hablar,2.0,intra_cluster,3,3,0,1
país,gustar,2.0,intra_cluster,3,3,0,0
país,corrupto,2.0,intra_cluster,3,3,0,0
país,castigar,2.0,intra_cluster,3,3,0,1
país,tocar,2.0,intra_cluster,3,3,0,2
país,señor,2.0,intra_cluster,3,3,0,0
país,arder,2.0,intra_cluster,3,3,0,-1
país,caer,2.0,intra_cluster,3,3,0,0
país,patria,2.0,intra_cluster,3,3,0,4
país,partido,2.0,intra_cluster,3,3,0,3
país,narco,2.0,intra_cluster,3,3,0,0
país,ayudar,2.0,intra_cluster,3,3,0,1
país,ojala,2.0,intra_cluster,3,3,0,-1
país,pagar,2.0,intra_cluster,3,3,0,0
país,único,2.0,intra_cluster,3,3,0,1
país,claudia,2.0,intra_cluster,3,3,0,0
país,traición,2.0,intra_cluster,3,3,0,4
país,realidad,2.0,intra_cluster,3,3,0,0
país,convertir,2.0,intra_cluster,3,3,0,0
país,sinaloa,2.0,intra_cluster,3,3,0,7
país,repetir,2.0,intra_cluster,3,3,0,-1
país,llamar,2.0,intra_cluster,3,3,0,0
país,selección,2.0,intra_cluster,3,3,0,3
país,pasión,2.0,intra_cluster,3,3,0,3
país,deber,2.0,intra_cluster,3,3,0,1
mexicano,pueblo,13.0,intra_sub,3,3,0,0
mexicano,narco,9.0,intra_sub,3,3,0,0
mexicano,equipo,9.0,intra_cluster,3,3,0,1
mexicano,mundial,8.0,intra_cluster,3,3,0,3
mexicano,mexico,7.0,intra_sub,3,3,0,0
mexicano,deber,7.0,intra_cluster,3,3,0,1
mexicano,claudia,6.0,intra_sub,3,3,0,0
mexicano,patria,6.0,intra_cluster,3,3,0,4
mexicano,político,6.0,intra_sub,3,3,0,0
mexicano,dinero,6.0,intra_cluster,3,3,0,4
mexicano,fútbol,6.0,intra_cluster,3,3,0,3
mexicano,tomar,5.0,intra_cluster,3,3,0,2
mexicano,gente,5.0,intra_cluster,3,3,0,2
mexicano,pena,5.0,intra_cluster,3,3,0,4
mexicano,esperar,5.0,intra_cluster,3,3,0,1
mexicano,pensar,5.0,intra_cluster,3,3,0,1
mexicano,pasar,5.0,intra_cluster,3,3,0,2
mexicano,corrupto,5.0,intra_sub,3,3,0,0
mexicano,unidos,4.0,intra_sub,3,3,0,0
mexicano,querer,4.0,intra_cluster,3,3,0,2
mexicano,ganar,4.0,intra_cluster,3,3,0,1
mexicano,traición,4.0,intra_cluster,3,3,0,4
mexicano,américa,4.0,intra_cluster,3,3,0,1
mexicano,tratar,3.0,intra_cluster,3,3,0,1
mexicano,casa,3.0,intra_cluster,3,3,0,2
mexicano,salir,3.0,intra_cluster,3,3,0,2
mexicano,ley,3.0,intra_cluster,3,3,0,2
mexicano,matar,3.0,intra_cluster,3,3,0,-1
mexicano,bonito,3.0,intra_cluster,3,3,0,3
mexicano,argentina,3.0,intra_cluster,3,3,0,0
mexicano,regresar,3.0,intra_cluster,3,3,0,4
mexicano,amlo,3.0,intra_cluster,3,3,0,0
mexicano,escuchar,3.0,intra_cluster,3,3,0,1
mexicano,corrupción,3.0,intra_cluster,3,3,0,0
mexicano,daño,3.0,intra_cluster,3,3,0,2
mexicano,señor,3.0,intra_cluster,3,3,0,0
mexicano,acuerdo,3.0,intra_cluster,3,3,0,5
mexicano,sacar,3.0,intra_cluster,3,3,0,2
mexicano,sentido,3.0,intra_cluster,3,3,0,1
mexicano,metro,3.0,intra_cluster,3,3,0,1
mexicano,triunfo,3.0,intra_cluster,3,3,0,3
mexicano,video,3.0,intra_cluster,3,3,0,1
mexicano,siglo,3.0,intra_cluster,3,3,0,3
mexicano,madre,3.0,intra_cluster,3,3,0,7
mexicano,respetar,2.0,intra_cluster,3,3,0,2
mexicano,castigar,2.0,intra_cluster,3,3,0,1
mexicano,muerte,2.0,intra_cluster,3,3,0,4
mexicano,detener,2.0,intra_cluster,3,3,0,0
mexicano,amar,2.0,intra_cluster,3,3,0,3
mexicano,ala,2.0,intra_cluster,3,3,0,4
mexicano,pobre,2.0,intra_cluster,3,3,0,2
mexicano,gobernadora,2.0,intra_cluster,3,3,0,-1
mexicano,azteca,2.0,intra_cluster,3,3,0,-1
mexicano,creer,2.0,intra_cluster,3,3,0,1
mexicano,televisa,2.0,intra_cluster,3,3,0,-1
mexicano,partido,2.0,intra_cluster,3,3,0,3
mexicano,feliz,2.0,intra_cluster,3,3,0,3
mexicano,marina,2.0,intra_cluster,3,3,0,0
mexicano,parecer,2.0,intra_cluster,3,3,0,1
mexicano,tamaulipeco,2.0,intra_cluster,3,3,0,5
mexicano,boleto,2.0,intra_cluster,3,3,0,-1
mundial,partido,17.0,intra_sub,3,3,3,3
mundial,equipo,12.0,intra_cluster,3,3,3,1
mundial,fútbol,11.0,intra_sub,3,3,3,3
mundial,pasión,9.0,intra_sub,3,3,3,3
mundial,selección,7.0,intra_sub,3,3,3,3
mundial,ganar,6.0,intra_cluster,3,3,3,1
mundial,esperar,6.0,intra_cluster,3,3,3,1
mundial,noche,5.0,intra_sub,3,3,3,3
mundial,mundialista,5.0,intra_sub,3,3,3,3
mundial,mano,4.0,intra_cluster,3,3,3,1
mundial,escuchar,4.0,intra_cluster,3,3,3,1
mundial,sacar,4.0,intra_cluster,3,3,3,2
mundial,comprar,4.0,intra_sub,3,3,3,3
mundial,hermoso,4.0,intra_sub,3,3,3,3
mundial,salir,3.0,intra_cluster,3,3,3,2
mundial,mexico,3.0,intra_cluster,3,3,3,0
mundial,gol,3.0,intra_cluster,3,3,3,-1
mundial,quedar,3.0,intra_cluster,3,3,3,3
mundial,aficionado,3.0,intra_cluster,3,3,3,3
mundial,querer,3.0,intra_cluster,3,3,3,2
mundial,lograr,2.0,intra_cluster,3,3,3,-1
mundial,claro,2.0,intra_cluster,3,3,3,1
mundial,acabar,2.0,intra_cluster,3,3,3,2
mundial,jugar,2.0,intra_cluster,3,3,3,1
mundial,televisa,2.0,intra_cluster,3,3,3,-1
mundial,pasar,2.0,intra_cluster,3,3,3,2
mundial,casa,2.0,intra_cluster,3,3,3,2
mundial,azteca,2.0,intra_cluster,3,3,3,-1
mundial,bendición,2.0,intra_cluster,3,3,3,3
mundial,siglo,2.0,intra_cluster,3,3,3,3
mundial,marina,2.0,intra_cluster,3,3,3,0
mundial,centro,2.0,intra_cluster,3,3,3,1
mundial,tirar,2.0,intra_cluster,3,3,3,2
mundial,tampico,42.0,extra,3,4,3,0
muerte,pena,20.0,intra_sub,3,3,4,4
muerte,patria,4.0,intra_sub,3,3,4,4
muerte,corrupto,2.0,intra_cluster,3,3,4,0
muerte,pensar,2.0,intra_cluster,3,3,4,1
muerte,etc,2.0,intra_cluster,3,3,4,-1
muerte,castigar,2.0,intra_cluster,3,3,4,1
muerte,ley,2.0,intra_cluster,3,3,4,2
muerte,pueblo,2.0,intra_cluster,3,3,4,0
muerte,deber,2.0,intra_cluster,3,3,4,1
muerte,asesino,2.0,intra_cluster,3,3,4,4
muerte,realidad,2.0,intra_cluster,3,3,4,0
muerte,pasar,2.0,intra_cluster,3,3,4,2
muerte,acabar,2.0,intra_cluster,3,3,4,2
pena,patria,9.0,intra_sub,3,3,4,4
pena,pagar,4.0,intra_cluster,3,3,4,0
pena,pueblo,4.0,intra_cluster,3,3,4,0
pena,castigar,3.0,intra_cluster,3,3,4,1
pena,traición,3.0,intra_cluster,3,3,4,4
pena,deber,3.0,intra_cluster,3,3,4,1
pena,corrupto,2.0,intra_cluster,3,3,4,0
pena,acuerdo,2.0,intra_cluster,3,3,4,5
pena,creer,2.0,intra_cluster,3,3,4,1
pena,ala,2.0,intra_cluster,3,3,4,4
pena,asesino,2.0,intra_cluster,3,3,4,4
argentina,delincuente,9.0,intra_sub,3,3,0,0
argentina,amlo,7.0,intra_sub,3,3,0,0
argentina,unidos,6.0,intra_sub,3,3,0,0
argentina,mexico,5.0,intra_sub,3,3,0,0
argentina,creer,4.0,intra_cluster,3,3,0,1
argentina,mandar,3.0,intra_cluster,3,3,0,0
argentina,narco,3.0,intra_cluster,3,3,0,0
argentina,quedar,3.0,intra_cluster,3,3,0,3
argentina,corrupto,3.0,intra_cluster,3,3,0,0
argentina,deber,3.0,intra_cluster,3,3,0,1
argentina,llamar,3.0,intra_cluster,3,3,0,0
argentina,caer,3.0,intra_cluster,3,3,0,0
argentina,soltar,2.0,intra_cluster,3,3,0,-1
argentina,marina,2.0,intra_cluster,3,3,0,0
argentina,pensar,2.0,intra_cluster,3,3,0,1
argentina,agarrar,2.0,intra_cluster,3,3,0,2
argentina,ojalá,2.0,intra_cluster,3,3,0,2
argentina,cosa,2.0,intra_cluster,3,3,0,0
argentina,azteca,2.0,intra_cluster,3,3,0,-1
argentina,querer,2.0,intra_cluster,3,3,0,2
argentina,hablar,2.0,intra_cluster,3,3,0,1
argentina,mal,2.0,intra_cluster,3,3,0,2
argentina,argentino,2.0,intra_cluster,3,3,0,0
querer,gente,13.0,intra_sub,3,3,2,2
querer,salir,13.0,intra_sub,3,3,2,2
querer,pasar,9.0,intra_sub,3,3,2,2
querer,serio,8.0,intra_sub,3,3,2,2
querer,sacar,8.0,intra_sub,3,3,2,2
querer,narco,8.0,intra_cluster,3,3,2,0
querer,ganar,8.0,intra_cluster,3,3,2,1
querer,corrupción,7.0,intra_cluster,3,3,2,0
querer,deber,6.0,intra_cluster,3,3,2,1
querer,creer,6.0,intra_cluster,3,3,2,1
querer,equipo,6.0,intra_cluster,3,3,2,1
querer,américa,6.0,intra_cluster,3,3,2,1
querer,pueblo,5.0,intra_cluster,3,3,2,0
querer,partido,5.0,intra_cluster,3,3,2,3
querer,jajajaja,5.0,intra_cluster,3,3,2,-1
querer,caer,5.0,intra_cluster,3,3,2,0
querer,ley,5.0,intra_sub,3,3,2,2
querer,claro,5.0,intra_cluster,3,3,2,1
querer,jugar,5.0,intra_cluster,3,3,2,1
querer,puma,5.0,intra_cluster,3,3,2,1
querer,cosa,4.0,intra_cluster,3,3,2,0
querer,derecho,4.0,intra_sub,3,3,2,2
querer,meter,4.0,intra_sub,3,3,2,2
querer,esperar,4.0,intra_cluster,3,3,2,1
querer,mexico,4.0,intra_cluster,3,3,2,0
querer,quedar,4.0,intra_cluster,3,3,2,3
querer,hablar,4.0,intra_cluster,3,3,2,1
querer,pagar,4.0,intra_cluster,3,3,2,0
querer,ridiculo,4.0,intra_sub,3,3,2,2
querer,pobre,4.0,intra_sub,3,3,2,2
querer,tomar,3.0,intra_cluster,3,3,2,2
querer,nuevamente,3.0,intra_cluster,3,3,2,-1
querer,pasión,3.0,intra_cluster,3,3,2,3
querer,delincuente,3.0,intra_cluster,3,3,2,0
querer,ayudar,3.0,intra_cluster,3,3,2,1
querer,mal,3.0,intra_cluster,3,3,2,2
querer,acuerdo,3.0,intra_cluster,3,3,2,5
querer,gustar,3.0,intra_cluster,3,3,2,0
querer,lograr,3.0,intra_cluster,3,3,2,-1
querer,cancha,3.0,intra_cluster,3,3,2,1
querer,demá,3.0,intra_cluster,3,3,2,-1
querer,nombre,2.0,intra_cluster,3,3,2,0
querer,inventar,2.0,intra_cluster,3,3,2,-1
querer,simple,2.0,intra_cluster,3,3,2,-1
querer,prianista,2.0,intra_cluster,3,3,2,4
querer,daño,2.0,intra_cluster,3,3,2,2
querer,dinero,2.0,intra_cluster,3,3,2,4
querer,cualquiera,2.0,intra_cluster,3,3,2,2
querer,unidos,2.0,intra_cluster,3,3,2,0
querer,metro,2.0,intra_cluster,3,3,2,1
querer,dónde,2.0,intra_cluster,3,3,2,7
querer,azteca,2.0,intra_cluster,3,3,2,-1
querer,patria,2.0,intra_cluster,3,3,2,4
querer,regresar,2.0,intra_cluster,3,3,2,4
querer,claudia,2.0,intra_cluster,3,3,2,0
querer,único,2.0,intra_cluster,3,3,2,1
querer,televisa,2.0,intra_cluster,3,3,2,-1
querer,señor,2.0,intra_cluster,3,3,2,0
querer,gana,2.0,intra_cluster,3,3,2,-1
querer,casa,2.0,intra_cluster,3,3,2,2
querer,feliz,2.0,intra_cluster,3,3,2,3
querer,fútbol,2.0,intra_cluster,3,3,2,3
querer,miedo,2.0,intra_cluster,3,3,2,-1
querer,auto,2.0,intra_cluster,3,3,2,2
querer,detener,2.0,intra_cluster,3,3,2,0
querer,carro,2.0,intra_cluster,3,3,2,2
querer,boleto,2.0,intra_cluster,3,3,2,-1
américa,equipo,18.0,intra_sub,3,3,1,1
américa,hablar,8.0,intra_sub,3,3,1,1
américa,ayudar,7.0,intra_sub,3,3,1,1
américa,esperar,7.0,intra_sub,3,3,1,1
américa,falta,6.0,intra_sub,3,3,1,1
américa,deber,6.0,intra_sub,3,3,1,1
américa,sancionar,6.0,intra_cluster,3,3,1,-1
américa,único,6.0,intra_sub,3,3,1,1
américa,cumplir,6.0,intra_cluster,3,3,1,-1
américa,jugar,6.0,intra_sub,3,3,1,1
américa,puma,6.0,intra_sub,3,3,1,1
américa,creer,5.0,intra_sub,3,3,1,1
américa,televisa,5.0,intra_cluster,3,3,1,-1
américa,fútbol,5.0,intra_cluster,3,3,1,3
américa,partido,5.0,intra_cluster,3,3,1,3
américa,quedar,4.0,intra_cluster,3,3,1,3
américa,claro,4.0,intra_sub,3,3,1,1
américa,pasar,4.0,intra_cluster,3,3,1,2
américa,pagar,3.0,intra_cluster,3,3,1,0
américa,cancha,3.0,intra_cluster,3,3,1,1
américa,castigar,3.0,intra_cluster,3,3,1,1
américa,común,3.0,intra_cluster,3,3,1,1
américa,ganar,3.0,intra_cluster,3,3,1,1
américa,sinaloa,3.0,intra_cluster,3,3,1,7
américa,aficionado,2.0,intra_cluster,3,3,1,3
américa,mano,2.0,intra_cluster,3,3,1,1
américa,sentido,2.0,intra_cluster,3,3,1,1
américa,inventar,2.0,intra_cluster,3,3,1,-1
américa,serio,2.0,intra_cluster,3,3,1,2
américa,realidad,2.0,intra_cluster,3,3,1,0
américa,líder,2.0,intra_cluster,3,3,1,-1
américa,mandar,2.0,intra_cluster,3,3,1,0
equipo,deber,17.0,intra_sub,3,3,1,1
equipo,fútbol,14.0,intra_cluster,3,3,1,3
equipo,cancha,11.0,intra_sub,3,3,1,1
equipo,centro,10.0,intra_sub,3,3,1,1
equipo,jugar,10.0,intra_sub,3,3,1,1
equipo,claro,9.0,intra_sub,3,3,1,1
equipo,pasión,9.0,intra_cluster,3,3,1,3
equipo,lograr,8.0,intra_cluster,3,3,1,-1
equipo,esperar,8.0,intra_sub,3,3,1,1
equipo,creer,8.0,intra_sub,3,3,1,1
equipo,gente,8.0,intra_cluster,3,3,1,2
equipo,ganar,7.0,intra_sub,3,3,1,1
equipo,común,7.0,intra_sub,3,3,1,1
equipo,respeto,6.0,intra_sub,3,3,1,1
equipo,felicidades,6.0,intra_cluster,3,3,1,3
equipo,felicidad,6.0,intra_cluster,3,3,1,3
equipo,aficionado,6.0,intra_cluster,3,3,1,3
equipo,cumplir,5.0,intra_cluster,3,3,1,-1
equipo,corrupción,5.0,intra_cluster,3,3,1,0
equipo,puma,5.0,intra_sub,3,3,1,1
equipo,pasar,5.0,intra_cluster,3,3,1,2
equipo,castigar,5.0,intra_sub,3,3,1,1
equipo,venir,4.0,intra_cluster,3,3,1,2
equipo,pensar,4.0,intra_sub,3,3,1,1
equipo,ojalá,4.0,intra_cluster,3,3,1,2
equipo,sacar,4.0,intra_cluster,3,3,1,2
equipo,puesto,4.0,intra_cluster,3,3,1,-1
equipo,malo,4.0,intra_cluster,3,3,1,2
equipo,noche,4.0,intra_cluster,3,3,1,3
equipo,escuchar,3.0,intra_cluster,3,3,1,1
equipo,falta,3.0,intra_cluster,3,3,1,1
equipo,hablar,3.0,intra_cluster,3,3,1,1
equipo,salir,3.0,intra_cluster,3,3,1,2
equipo,libre,3.0,intra_cluster,3,3,1,3
equipo,comentarista,3.0,intra_cluster,3,3,1,1
equipo,serio,3.0,intra_cluster,3,3,1,2
equipo,gol,3.0,intra_cluster,3,3,1,-1
equipo,mundialista,3.0,intra_cluster,3,3,1,3
equipo,amigo,3.0,intra_cluster,3,3,1,-1
equipo,dónde,2.0,intra_cluster,3,3,1,7
equipo,cosa,2.0,intra_cluster,3,3,1,0
equipo,llamar,2.0,intra_cluster,3,3,1,0
equipo,partido,2.0,intra_cluster,3,3,1,3
equipo,forma,2.0,intra_cluster,3,3,1,1
equipo,miedo,2.0,intra_cluster,3,3,1,-1
equipo,casa,2.0,intra_cluster,3,3,1,2
equipo,etc,2.0,intra_cluster,3,3,1,-1
equipo,señor,2.0,intra_cluster,3,3,1,0
equipo,ayudar,2.0,intra_cluster,3,3,1,1
equipo,sentido,2.0,intra_cluster,3,3,1,1
equipo,tomar,2.0,intra_cluster,3,3,1,2
equipo,cualquiera,2.0,intra_cluster,3,3,1,2
equipo,líder,2.0,intra_cluster,3,3,1,-1
equipo,rata,2.0,intra_cluster,3,3,1,0
equipo,pobre,2.0,intra_cluster,3,3,1,2
equipo,tratar,2.0,intra_cluster,3,3,1,1
equipo,siglo,2.0,intra_cluster,3,3,1,3
equipo,tampico,55.0,extra,3,4,1,0
deber,ley,10.0,intra_cluster,3,3,1,2
deber,salir,9.0,intra_cluster,3,3,1,2
deber,castigar,8.0,intra_sub,3,3,1,1
deber,gente,8.0,intra_cluster,3,3,1,2
deber,pueblo,7.0,intra_cluster,3,3,1,0
deber,creer,7.0,intra_sub,3,3,1,1
deber,fútbol,7.0,intra_cluster,3,3,1,3
deber,patria,6.0,intra_cluster,3,3,1,4
deber,tomar,6.0,intra_cluster,3,3,1,2
deber,pensar,6.0,intra_sub,3,3,1,1
deber,pasar,6.0,intra_cluster,3,3,1,2
deber,partido,5.0,intra_cluster,3,3,1,3
deber,político,5.0,intra_cluster,3,3,1,0
deber,servir,5.0,intra_cluster,3,3,1,0
deber,unidos,5.0,intra_cluster,3,3,1,0
deber,esperar,5.0,intra_sub,3,3,1,1
deber,gustar,5.0,intra_cluster,3,3,1,0
deber,parecer,4.0,intra_sub,3,3,1,1
deber,pagar,4.0,intra_cluster,3,3,1,0
deber,cosa,4.0,intra_cluster,3,3,1,0
deber,ganar,4.0,intra_sub,3,3,1,1
deber,claro,4.0,intra_sub,3,3,1,1
deber,casa,4.0,intra_cluster,3,3,1,2
deber,caer,4.0,intra_cluster,3,3,1,0
deber,sentir,4.0,intra_cluster,3,3,1,2
deber,respeto,3.0,intra_cluster,3,3,1,1
deber,delincuente,3.0,intra_cluster,3,3,1,0
deber,malo,3.0,intra_cluster,3,3,1,2
deber,sacar,3.0,intra_cluster,3,3,1,2
deber,marina,3.0,intra_cluster,3,3,1,0
deber,traición,3.0,intra_cluster,3,3,1,4
deber,carcel,3.0,intra_cluster,3,3,1,4
deber,dinero,3.0,intra_cluster,3,3,1,4
deber,jajaja,3.0,intra_cluster,3,3,1,1
deber,corrupto,3.0,intra_cluster,3,3,1,0
deber,mexico,3.0,intra_cluster,3,3,1,0
deber,realidad,3.0,intra_cluster,3,3,1,0
deber,comentarista,3.0,intra_cluster,3,3,1,1
deber,cancha,3.0,intra_cluster,3,3,1,1
deber,acuerdo,3.0,intra_cluster,3,3,1,5
deber,mano,3.0,intra_cluster,3,3,1,1
deber,tirar,3.0,intra_cluster,3,3,1,2
deber,auto,3.0,intra_cluster,3,3,1,2
deber,mal,2.0,intra_cluster,3,3,1,2
deber,repetir,2.0,intra_cluster,3,3,1,-1
deber,daño,2.0,intra_cluster,3,3,1,2
deber,vergüenza,2.0,intra_cluster,3,3,1,2
deber,claudia,2.0,intra_cluster,3,3,1,0
deber,bonito,2.0,intra_cluster,3,3,1,3
deber,mandar,2.0,intra_cluster,3,3,1,0
deber,forma,2.0,intra_cluster,3,3,1,1
deber,cualquiera,2.0,intra_cluster,3,3,1,2
deber,quedar,2.0,intra_cluster,3,3,1,3
deber,cartel,2.0,intra_cluster,3,3,1,-1
deber,centro,2.0,intra_cluster,3,3,1,1
deber,narco,2.0,intra_cluster,3,3,1,0
deber,gobernadora,2.0,intra_cluster,3,3,1,-1
deber,señor,2.0,intra_cluster,3,3,1,0
deber,plano,2.0,intra_cluster,3,3,1,-1
deber,ayudar,2.0,intra_cluster,3,3,1,1
deber,falta,2.0,intra_cluster,3,3,1,1
deber,corrupción,2.0,intra_cluster,3,3,1,0
deber,cumplir,2.0,intra_cluster,3,3,1,-1
deber,venir,2.0,intra_cluster,3,3,1,2
deber,puma,2.0,intra_cluster,3,3,1,1
deber,gol,2.0,intra_cluster,3,3,1,-1
deber,serio,2.0,intra_cluster,3,3,1,2
deber,respetar,2.0,intra_cluster,3,3,1,2
deber,derecho,2.0,intra_cluster,3,3,1,2
deber,metro,2.0,intra_cluster,3,3,1,1
deber,siglo,2.0,intra_cluster,3,3,1,3
deber,pobre,2.0,intra_cluster,3,3,1,2
deber,detener,2.0,intra_cluster,3,3,1,0
deber,carro,2.0,intra_cluster,3,3,1,2
partido,jugar,7.0,intra_cluster,3,3,3,1
partido,ganar,7.0,intra_cluster,3,3,3,1
partido,gente,7.0,intra_cluster,3,3,3,2
partido,selección,5.0,intra_sub,3,3,3,3
partido,pueblo,4.0,intra_cluster,3,3,3,0
partido,felicidades,4.0,intra_sub,3,3,3,3
partido,salir,4.0,intra_cluster,3,3,3,2
partido,fútbol,4.0,intra_sub,3,3,3,3
partido,narco,4.0,intra_cluster,3,3,3,0
partido,pasar,3.0,intra_cluster,3,3,3,2
partido,servir,3.0,intra_cluster,3,3,3,0
partido,tomar,2.0,intra_cluster,3,3,3,2
partido,cosa,2.0,intra_cluster,3,3,3,0
partido,político,2.0,intra_cluster,3,3,3,0
partido,tratar,2.0,intra_cluster,3,3,3,1
partido,mexico,2.0,intra_cluster,3,3,3,0
partido,corrupto,2.0,intra_cluster,3,3,3,0
partido,único,2.0,intra_cluster,3,3,3,1
partido,gustar,2.0,intra_cluster,3,3,3,0
partido,puma,2.0,intra_cluster,3,3,3,1
partido,tocar,2.0,intra_cluster,3,3,3,2
partido,plano,2.0,intra_cluster,3,3,3,-1
partido,falta,2.0,intra_cluster,3,3,3,1
partido,convertir,2.0,intra_cluster,3,3,3,0
partido,mundialista,2.0,intra_cluster,3,3,3,3
partido,pasión,2.0,intra_cluster,3,3,3,3
partido,ojala,2.0,intra_cluster,3,3,3,-1
partido,dónde,2.0,intra_cluster,3,3,3,7
esperar,centro,7.0,intra_sub,3,3,1,1
esperar,escuchar,5.0,intra_sub,3,3,1,1
esperar,hablar,5.0,intra_sub,3,3,1,1
esperar,metro,5.0,intra_sub,3,3,1,1
esperar,libre,5.0,intra_cluster,3,3,1,3
esperar,carro,5.0,intra_cluster,3,3,1,2
esperar,gente,4.0,intra_cluster,3,3,1,2
esperar,pasión,4.0,intra_cluster,3,3,1,3
esperar,jajaja,3.0,intra_cluster,3,3,1,1
esperar,mano,3.0,intra_cluster,3,3,1,1
esperar,pasar,3.0,intra_cluster,3,3,1,2
esperar,nuevamente,3.0,intra_cluster,3,3,1,-1
esperar,mandar,3.0,intra_cluster,3,3,1,0
esperar,castigar,3.0,intra_cluster,3,3,1,1
esperar,jefe,3.0,intra_cluster,3,3,1,1
esperar,creer,3.0,intra_cluster,3,3,1,1
esperar,fútbol,3.0,intra_cluster,3,3,1,3
esperar,venir,3.0,intra_cluster,3,3,1,2
esperar,narco,3.0,intra_cluster,3,3,1,0
esperar,gobernadora,2.0,intra_cluster,3,3,1,-1
esperar,regresar,2.0,intra_cluster,3,3,1,4
esperar,quedar,2.0,intra_cluster,3,3,1,3
esperar,cosa,2.0,intra_cluster,3,3,1,0
esperar,jugar,2.0,intra_cluster,3,3,1,1
esperar,sacar,2.0,intra_cluster,3,3,1,2
esperar,dónde,2.0,intra_cluster,3,3,1,7
esperar,pensar,2.0,intra_cluster,3,3,1,1
esperar,patria,2.0,intra_cluster,3,3,1,4
esperar,político,2.0,intra_cluster,3,3,1,0
esperar,triste,2.0,intra_cluster,3,3,1,-1
esperar,sentido,2.0,intra_cluster,3,3,1,1
esperar,casa,2.0,intra_cluster,3,3,1,2
esperar,gol,2.0,intra_cluster,3,3,1,-1
esperar,mundialista,2.0,intra_cluster,3,3,1,3
esperar,selección,2.0,intra_cluster,3,3,1,3
esperar,tampico,33.0,extra,3,4,1,0
unidos,salir,7.0,intra_cluster,3,3,0,2
unidos,sacar,4.0,intra_cluster,3,3,0,2
unidos,nombre,4.0,intra_sub,3,3,0,0
unidos,hablar,3.0,intra_cluster,3,3,0,1
unidos,ojalá,3.0,intra_cluster,3,3,0,2
unidos,regresar,3.0,intra_cluster,3,3,0,4
unidos,quedar,3.0,intra_cluster,3,3,0,3
unidos,libre,2.0,intra_cluster,3,3,0,3
unidos,rata,2.0,intra_cluster,3,3,0,0
unidos,soltar,2.0,intra_cluster,3,3,0,-1
unidos,agarrar,2.0,intra_cluster,3,3,0,2
unidos,mandar,2.0,intra_cluster,3,3,0,0
unidos,matar,2.0,intra_cluster,3,3,0,-1
unidos,corrupto,2.0,intra_cluster,3,3,0,0
unidos,señor,2.0,intra_cluster,3,3,0,0
unidos,augusto,2.0,intra_cluster,3,3,0,-1
pasar,mexico,11.0,intra_cluster,3,3,2,0
pasar,gente,9.0,intra_sub,3,3,2,2
pasar,salir,8.0,intra_sub,3,3,2,2
pasar,sacar,7.0,intra_sub,3,3,2,2
pasar,caer,6.0,intra_cluster,3,3,2,0
pasar,mal,5.0,intra_sub,3,3,2,2
pasar,meter,5.0,intra_sub,3,3,2,2
pasar,casa,5.0,intra_sub,3,3,2,2
pasar,etc,5.0,intra_cluster,3,3,2,-1
pasar,creer,5.0,intra_cluster,3,3,2,1
pasar,ridiculo,5.0,intra_sub,3,3,2,2
pasar,puma,5.0,intra_cluster,3,3,2,1
pasar,acabar,4.0,intra_sub,3,3,2,2
pasar,ojalá,4.0,intra_sub,3,3,2,2
pasar,cosa,4.0,intra_cluster,3,3,2,0
pasar,jefe,4.0,intra_cluster,3,3,2,1
pasar,llorar,4.0,intra_sub,3,3,2,2
pasar,video,3.0,intra_cluster,3,3,2,1
pasar,regresar,3.0,intra_cluster,3,3,2,4
pasar,hablar,3.0,intra_cluster,3,3,2,1
pasar,detener,3.0,intra_cluster,3,3,2,0
pasar,sentir,3.0,intra_cluster,3,3,2,2
pasar,pagar,3.0,intra_cluster,3,3,2,0
pasar,jugar,3.0,intra_cluster,3,3,2,1
pasar,feliz,3.0,intra_cluster,3,3,2,3
pasar,televisa,3.0,intra_cluster,3,3,2,-1
pasar,libre,3.0,intra_cluster,3,3,2,3
pasar,tirar,3.0,intra_cluster,3,3,2,2
pasar,serio,2.0,intra_cluster,3,3,2,2
pasar,corrupción,2.0,intra_cluster,3,3,2,0
pasar,acuerdo,2.0,intra_cluster,3,3,2,5
pasar,rata,2.0,intra_cluster,3,3,2,0
pasar,madre,2.0,intra_cluster,3,3,2,7
pasar,augusto,2.0,intra_cluster,3,3,2,-1
pasar,narco,2.0,intra_cluster,3,3,2,0
pasar,venir,2.0,intra_cluster,3,3,2,2
pasar,amlo,2.0,intra_cluster,3,3,2,0
pasar,tocar,2.0,intra_cluster,3,3,2,2
pasar,líder,2.0,intra_cluster,3,3,2,-1
pasar,mandar,2.0,intra_cluster,3,3,2,0
pasar,ojala,2.0,intra_cluster,3,3,2,-1
pasar,nombre,2.0,intra_cluster,3,3,2,0
pasar,acer,2.0,intra_cluster,3,3,2,-1
pasar,servir,2.0,intra_cluster,3,3,2,0
pasar,escuchar,2.0,intra_cluster,3,3,2,1
pasar,felicidad,2.0,intra_cluster,3,3,2,3
pasar,metro,2.0,intra_cluster,3,3,2,1
pasar,pobre,2.0,intra_cluster,3,3,2,2
pasar,ajeno,2.0,intra_cluster,3,3,2,-1
pasar,centro,2.0,intra_cluster,3,3,2,1
pasar,carro,2.0,intra_cluster,3,3,2,2
patria,traición,14.0,intra_sub,3,3,4,4
patria,vender,10.0,intra_sub,3,3,4,4
patria,ley,6.0,intra_cluster,3,3,4,2
patria,corrupto,6.0,intra_cluster,3,3,4,0
patria,pueblo,4.0,intra_cluster,3,3,4,0
patria,hablar,4.0,intra_cluster,3,3,4,1
patria,narco,4.0,intra_cluster,3,3,4,0
patria,castigar,3.0,intra_cluster,3,3,4,1
patria,ala,3.0,intra_cluster,3,3,4,4
patria,carcel,2.0,intra_cluster,3,3,4,4
patria,merecer,2.0,intra_cluster,3,3,4,2
patria,marina,2.0,intra_cluster,3,3,4,0
patria,dinero,2.0,intra_cluster,3,3,4,4
patria,pagar,2.0,intra_cluster,3,3,4,0
patria,salir,2.0,intra_cluster,3,3,4,2
patria,sacar,2.0,intra_cluster,3,3,4,2
patria,pensar,2.0,intra_cluster,3,3,4,1
patria,llorar,2.0,intra_cluster,3,3,4,2
patria,bonito,2.0,intra_cluster,3,3,4,3
traición,carcel,2.0,intra_cluster,3,3,4,4
traición,derecho,2.0,intra_cluster,3,3,4,2
traición,ley,2.0,intra_cluster,3,3,4,2
traición,dinero,2.0,intra_cluster,3,3,4,4
traición,corrupción,2.0,intra_cluster,3,3,4,0
traición,salir,2.0,intra_cluster,3,3,4,2
traición,sacar,2.0,intra_cluster,3,3,4,2
traición,metro,2.0,intra_cluster,3,3,4,1
traición,gente,2.0,intra_cluster,3,3,4,2
corrupción,salir,4.0,intra_cluster,3,3,0,2
corrupción,acabar,4.0,intra_cluster,3,3,0,2
corrupción,dinero,3.0,intra_cluster,3,3,0,4
corrupción,mexico,3.0,intra_cluster,3,3,0,0
corrupción,derecho,3.0,intra_cluster,3,3,0,2
corrupción,corrupto,2.0,intra_cluster,3,3,0,0
corrupción,gente,2.0,intra_cluster,3,3,0,2
corrupción,pueblo,2.0,intra_cluster,3,3,0,0
corrupción,argentino,2.0,intra_cluster,3,3,0,0
corrupción,tratar,2.0,intra_cluster,3,3,0,1
corrupción,falta,2.0,intra_cluster,3,3,0,1
corrupción,señor,2.0,intra_cluster,3,3,0,0
corrupción,escuchar,2.0,intra_cluster,3,3,0,1
corrupción,fútbol,2.0,intra_cluster,3,3,0,3
fútbol,pasión,13.0,intra_sub,3,3,3,3
fútbol,creer,5.0,intra_cluster,3,3,3,1
fútbol,mundialista,5.0,intra_sub,3,3,3,3
fútbol,escuchar,4.0,intra_cluster,3,3,3,1
fútbol,comprar,4.0,intra_sub,3,3,3,3
fútbol,siglo,4.0,intra_sub,3,3,3,3
fútbol,libre,4.0,intra_sub,3,3,3,3
fútbol,cumplir,3.0,intra_cluster,3,3,3,-1
fútbol,cancha,3.0,intra_cluster,3,3,3,1
fútbol,comentarista,3.0,intra_cluster,3,3,3,1
fútbol,sentir,3.0,intra_cluster,3,3,3,2
fútbol,bonito,3.0,intra_cluster,3,3,3,3
fútbol,ganar,2.0,intra_cluster,3,3,3,1
fútbol,respeto,2.0,intra_cluster,3,3,3,1
fútbol,jugar,2.0,intra_cluster,3,3,3,1
fútbol,gustar,2.0,intra_cluster,3,3,3,0
fútbol,hablar,2.0,intra_cluster,3,3,3,1
fútbol,derecho,2.0,intra_cluster,3,3,3,2
fútbol,respetar,2.0,intra_cluster,3,3,3,2
fútbol,tomar,2.0,intra_cluster,3,3,3,2
fútbol,sacar,2.0,intra_cluster,3,3,3,2
fútbol,pensar,2.0,intra_cluster,3,3,3,1
fútbol,quedar,2.0,intra_cluster,3,3,3,3
fútbol,servir,2.0,intra_cluster,3,3,3,0
fútbol,amigo,2.0,intra_cluster,3,3,3,-1
fútbol,aficionado,2.0,intra_cluster,3,3,3,3
fútbol,amar,2.0,intra_cluster,3,3,3,3
fútbol,feliz,2.0,intra_cluster,3,3,3,3
fútbol,gente,2.0,intra_cluster,3,3,3,2
fútbol,gol,2.0,intra_cluster,3,3,3,-1
fútbol,noche,2.0,intra_cluster,3,3,3,3
fútbol,hermoso,2.0,intra_cluster,3,3,3,3
fútbol,idiota,2.0,intra_cluster,3,3,3,3
político,corrupto,8.0,intra_sub,3,3,0,0
político,narco,6.0,intra_sub,3,3,0,0
político,creer,4.0,intra_cluster,3,3,0,1
político,cosa,3.0,intra_cluster,3,3,0,0
político,pueblo,3.0,intra_cluster,3,3,0,0
político,caer,3.0,intra_cluster,3,3,0,0
político,ley,2.0,intra_cluster,3,3,0,2
político,tratar,2.0,intra_cluster,3,3,0,1
político,respetar,2.0,intra_cluster,3,3,0,2
político,ojalá,2.0,intra_cluster,3,3,0,2
político,falta,2.0,intra_cluster,3,3,0,1
político,pagar,2.0,intra_cluster,3,3,0,0
político,marina,2.0,intra_cluster,3,3,0,0
político,servir,2.0,intra_cluster,3,3,0,0
político,augusto,2.0,intra_cluster,3,3,0,-1
político,hipócrita,2.0,intra_cluster,3,3,0,-1
pueblo,narco,8.0,intra_sub,3,3,0,0
pueblo,gustar,8.0,intra_sub,3,3,0,0
pueblo,pagar,7.0,intra_sub,3,3,0,0
pueblo,cosa,5.0,intra_sub,3,3,0,0
pueblo,mexico,4.0,intra_sub,3,3,0,0
pueblo,felicidades,4.0,intra_cluster,3,3,0,3
pueblo,casa,4.0,intra_cluster,3,3,0,2
pueblo,mal,3.0,intra_cluster,3,3,0,2
pueblo,salir,3.0,intra_cluster,3,3,0,2
pueblo,gente,3.0,intra_cluster,3,3,0,2
pueblo,bendición,2.0,intra_cluster,3,3,0,3
pueblo,claudia,2.0,intra_cluster,3,3,0,0
pueblo,amlo,2.0,intra_cluster,3,3,0,0
pueblo,creer,2.0,intra_cluster,3,3,0,1
pueblo,caer,2.0,intra_cluster,3,3,0,0
pueblo,hablar,2.0,intra_cluster,3,3,0,1
pueblo,argentino,2.0,intra_cluster,3,3,0,0
pueblo,azteca,2.0,intra_cluster,3,3,0,-1
pueblo,genial,2.0,intra_cluster,3,3,0,3
pueblo,quedar,2.0,intra_cluster,3,3,0,3
pueblo,sentido,2.0,intra_cluster,3,3,0,1
pueblo,convertir,2.0,intra_cluster,3,3,0,0
pueblo,amigo,2.0,intra_cluster,3,3,0,-1
pueblo,video,2.0,intra_cluster,3,3,0,1
pueblo,hermoso,2.0,intra_cluster,3,3,0,3
gente,salir,13.0,intra_sub,3,3,2,2
gente,creer,10.0,intra_cluster,3,3,2,1
gente,cualquiera,8.0,intra_sub,3,3,2,2
gente,tirar,7.0,intra_sub,3,3,2,2
gente,malo,6.0,intra_sub,3,3,2,2
gente,carro,6.0,intra_sub,3,3,2,2
gente,pobre,5.0,intra_sub,3,3,2,2
gente,escuchar,5.0,intra_cluster,3,3,2,1
gente,escoba,5.0,intra_cluster,3,3,2,-1
gente,serio,4.0,intra_sub,3,3,2,2
gente,ojalá,4.0,intra_sub,3,3,2,2
gente,vergüenza,4.0,intra_sub,3,3,2,2
gente,claro,4.0,intra_cluster,3,3,2,1
gente,sacar,4.0,intra_sub,3,3,2,2
gente,pensar,4.0,intra_cluster,3,3,2,1
gente,estúpido,3.0,intra_cluster,3,3,2,-1
gente,meter,3.0,intra_cluster,3,3,2,2
gente,convertir,3.0,intra_cluster,3,3,2,0
gente,comentarista,3.0,intra_cluster,3,3,2,1
gente,mal,3.0,intra_cluster,3,3,2,2
gente,limpiar,3.0,intra_cluster,3,3,2,-1
gente,ridiculo,3.0,intra_cluster,3,3,2,2
gente,demá,3.0,intra_cluster,3,3,2,-1
gente,dónde,3.0,intra_cluster,3,3,2,7
gente,delincuente,3.0,intra_cluster,3,3,2,0
gente,dinero,3.0,intra_cluster,3,3,2,4
gente,servir,3.0,intra_cluster,3,3,2,0
gente,mexico,2.0,intra_cluster,3,3,2,0
gente,respetar,2.0,intra_cluster,3,3,2,2
gente,respeto,2.0,intra_cluster,3,3,2,1
gente,parecer,2.0,intra_cluster,3,3,2,1
gente,quedar,2.0,intra_cluster,3,3,2,3
gente,felicidad,2.0,intra_cluster,3,3,2,3
gente,derecho,2.0,intra_cluster,3,3,2,2
gente,tratar,2.0,intra_cluster,3,3,2,1
gente,señor,2.0,intra_cluster,3,3,2,0
gente,corrupto,2.0,intra_cluster,3,3,2,0
gente,puma,2.0,intra_cluster,3,3,2,1
gente,prianista,2.0,intra_cluster,3,3,2,4
gente,único,2.0,intra_cluster,3,3,2,1
gente,necesidad,2.0,intra_cluster,3,3,2,-1
gente,realidad,2.0,intra_cluster,3,3,2,0
gente,lograr,2.0,intra_cluster,3,3,2,-1
gente,detener,2.0,intra_cluster,3,3,2,0
gente,miedo,2.0,intra_cluster,3,3,2,-1
gente,inteligencia,2.0,intra_cluster,3,3,2,5
gente,auto,2.0,intra_cluster,3,3,2,2
gente,ala,2.0,intra_cluster,3,3,2,4
gente,carmen,2.0,intra_cluster,3,3,2,-1
gente,sentir,2.0,intra_cluster,3,3,2,2
gente,merecer,2.0,intra_cluster,3,3,2,2
gente,exceso,2.0,intra_cluster,3,3,2,-1
gente,laredo,2.0,intra_cluster,3,3,2,5
salir,ley,7.0,intra_sub,3,3,2,2
salir,cualquiera,6.0,intra_sub,3,3,2,2
salir,mal,5.0,intra_sub,3,3,2,2
salir,sacar,5.0,intra_sub,3,3,2,2
salir,tomar,4.0,intra_sub,3,3,2,2
salir,creer,4.0,intra_cluster,3,3,2,1
salir,claro,4.0,intra_cluster,3,3,2,1
salir,video,4.0,intra_cluster,3,3,2,1
salir,pagar,4.0,intra_cluster,3,3,2,0
salir,regresar,4.0,intra_cluster,3,3,2,4
salir,ayudar,4.0,intra_cluster,3,3,2,1
salir,daño,4.0,intra_sub,3,3,2,2
salir,metro,4.0,intra_cluster,3,3,2,1
salir,casa,4.0,intra_sub,3,3,2,2
salir,carro,4.0,intra_sub,3,3,2,2
salir,tratar,3.0,intra_cluster,3,3,2,1
salir,respetar,3.0,intra_cluster,3,3,2,2
salir,hablar,3.0,intra_cluster,3,3,2,1
salir,mexico,3.0,intra_cluster,3,3,2,0
salir,cancha,3.0,intra_cluster,3,3,2,1
salir,quedar,3.0,intra_cluster,3,3,2,3
salir,venir,3.0,intra_cluster,3,3,2,2
salir,boleto,3.0,intra_cluster,3,3,2,-1
salir,auto,3.0,intra_cluster,3,3,2,2
salir,pobre,2.0,intra_cluster,3,3,2,2
salir,claudia,2.0,intra_cluster,3,3,2,0
salir,sentir,2.0,intra_cluster,3,3,2,2
salir,rata,2.0,intra_cluster,3,3,2,0
salir,dinero,2.0,intra_cluster,3,3,2,4
salir,nuevamente,2.0,intra_cluster,3,3,2,-1
salir,centro,2.0,intra_cluster,3,3,2,1
salir,derecho,2.0,intra_cluster,3,3,2,2
salir,meter,2.0,intra_cluster,3,3,2,2
salir,amlo,2.0,intra_cluster,3,3,2,0
salir,señora,2.0,intra_cluster,3,3,2,3
salir,único,2.0,intra_cluster,3,3,2,1
salir,forma,2.0,intra_cluster,3,3,2,1
salir,libre,2.0,intra_cluster,3,3,2,3
salir,corrupto,2.0,intra_cluster,3,3,2,0
salir,ojalá,2.0,intra_cluster,3,3,2,2
salir,merecer,2.0,intra_cluster,3,3,2,2
salir,agarrar,2.0,intra_cluster,3,3,2,2
salir,madre,2.0,intra_cluster,3,3,2,7
salir,ganar,2.0,intra_cluster,3,3,2,1
salir,narco,2.0,intra_cluster,3,3,2,0
salir,caer,2.0,intra_cluster,3,3,2,0
salir,mano,2.0,intra_cluster,3,3,2,1
salir,amigo,2.0,intra_cluster,3,3,2,-1
salir,exceso,2.0,intra_cluster,3,3,2,-1
común,sentido,13.0,intra_sub,3,3,1,1
común,respeto,5.0,intra_sub,3,3,1,1
común,centro,3.0,intra_cluster,3,3,1,1
común,rata,2.0,intra_cluster,3,3,1,0
común,tratar,2.0,intra_cluster,3,3,1,1
sentido,respeto,5.0,intra_sub,3,3,1,1
sentido,tratar,3.0,intra_cluster,3,3,1,1
sentido,convertir,3.0,intra_cluster,3,3,1,0
sentido,amlo,3.0,intra_cluster,3,3,1,0
sentido,quedar,3.0,intra_cluster,3,3,1,3
sentido,ayudar,2.0,intra_cluster,3,3,1,1
sentido,ley,2.0,intra_cluster,3,3,1,2
sentido,demá,2.0,intra_cluster,3,3,1,-1
sentido,madre,2.0,intra_cluster,3,3,1,7
corrupto,narco,10.0,intra_sub,3,3,0,0
corrupto,ley,6.0,intra_cluster,3,3,0,2
corrupto,vender,5.0,intra_cluster,3,3,0,4
corrupto,mexico,4.0,intra_sub,3,3,0,0
corrupto,delincuente,4.0,intra_sub,3,3,0,0
corrupto,mal,3.0,intra_cluster,3,3,0,2
corrupto,pensar,2.0,intra_cluster,3,3,0,1
corrupto,cosa,2.0,intra_cluster,3,3,0,0
corrupto,sacar,2.0,intra_cluster,3,3,0,2
corrupto,caer,2.0,intra_cluster,3,3,0,0
corrupto,rata,2.0,intra_cluster,3,3,0,0
corrupto,meter,2.0,intra_cluster,3,3,0,2
corrupto,humanos,2.0,intra_cluster,3,3,0,-1
corrupto,amlo,2.0,intra_cluster,3,3,0,0
corrupto,cartel,2.0,intra_cluster,3,3,0,-1
pasión,siglo,8.0,intra_sub,3,3,3,3
pasión,cancha,5.0,intra_cluster,3,3,3,1
pasión,felicidad,5.0,intra_sub,3,3,3,3
pasión,mundialista,4.0,intra_sub,3,3,3,3
pasión,libre,3.0,intra_cluster,3,3,3,3
pasión,selección,3.0,intra_cluster,3,3,3,3
pasión,nombre,2.0,intra_cluster,3,3,3,0
pasión,noche,2.0,intra_cluster,3,3,3,3
pasión,triunfo,2.0,intra_cluster,3,3,3,3
cancha,jugar,4.0,intra_sub,3,3,1,1
cancha,ganar,3.0,intra_cluster,3,3,1,1
cancha,creer,3.0,intra_cluster,3,3,1,1
cancha,metro,3.0,intra_cluster,3,3,1,1
cancha,falta,2.0,intra_cluster,3,3,1,1
cancha,puma,2.0,intra_cluster,3,3,1,1
cancha,felicidad,2.0,intra_cluster,3,3,1,3
mexico,caer,5.0,intra_sub,3,3,0,0
mexico,claudia,4.0,intra_sub,3,3,0,0
mexico,triste,4.0,intra_cluster,3,3,0,-1
mexico,regresar,3.0,intra_cluster,3,3,0,4
mexico,ojala,3.0,intra_cluster,3,3,0,-1
mexico,tocar,3.0,intra_cluster,3,3,0,2
mexico,amlo,3.0,intra_cluster,3,3,0,0
mexico,gol,3.0,intra_cluster,3,3,0,-1
mexico,ganar,3.0,intra_cluster,3,3,0,1
mexico,soltar,2.0,intra_cluster,3,3,0,-1
mexico,delincuente,2.0,intra_cluster,3,3,0,0
mexico,cartel,2.0,intra_cluster,3,3,0,-1
mexico,jefe,2.0,intra_cluster,3,3,0,1
mexico,acabar,2.0,intra_cluster,3,3,0,2
mexico,serio,2.0,intra_cluster,3,3,0,2
mexico,hablar,2.0,intra_cluster,3,3,0,1
mexico,daño,2.0,intra_cluster,3,3,0,2
mexico,señor,2.0,intra_cluster,3,3,0,0
mexico,cualquiera,2.0,intra_cluster,3,3,0,2
mexico,mal,2.0,intra_cluster,3,3,0,2
mexico,sentir,2.0,intra_cluster,3,3,0,2
narco,claudia,5.0,intra_sub,3,3,0,0
narco,dinero,5.0,intra_cluster,3,3,0,4
narco,caer,5.0,intra_sub,3,3,0,0
narco,gobernadora,4.0,intra_cluster,3,3,0,-1
narco,cosa,3.0,intra_cluster,3,3,0,0
narco,augusto,3.0,intra_cluster,3,3,0,-1
narco,rata,3.0,intra_cluster,3,3,0,0
narco,presidentar,3.0,intra_cluster,3,3,0,3
narco,hablar,3.0,intra_cluster,3,3,0,1
narco,ala,3.0,intra_cluster,3,3,0,4
narco,señor,3.0,intra_cluster,3,3,0,0
narco,detener,2.0,intra_cluster,3,3,0,0
narco,etc,2.0,intra_cluster,3,3,0,-1
narco,servir,2.0,intra_cluster,3,3,0,0
narco,jajajaja,2.0,intra_cluster,3,3,0,-1
narco,ojala,2.0,intra_cluster,3,3,0,-1
caer,mal,8.0,intra_cluster,3,3,0,2
caer,claudia,4.0,intra_sub,3,3,0,0
caer,etc,4.0,intra_cluster,3,3,0,-1
caer,ojalá,4.0,intra_cluster,3,3,0,2
caer,delincuente,4.0,intra_sub,3,3,0,0
caer,pagar,3.0,intra_cluster,3,3,0,0
caer,argentino,3.0,intra_cluster,3,3,0,0
caer,amlo,3.0,intra_cluster,3,3,0,0
caer,hablar,2.0,intra_cluster,3,3,0,1
caer,soltar,2.0,intra_cluster,3,3,0,-1
caer,único,2.0,intra_cluster,3,3,0,1
caer,cualquiera,2.0,intra_cluster,3,3,0,2
caer,detener,2.0,intra_cluster,3,3,0,0
caer,tonto,2.0,intra_cluster,3,3,0,-1
caer,bonito,2.0,intra_cluster,3,3,0,3
centro,bonito,3.0,intra_cluster,3,3,1,3
centro,dónde,2.0,intra_cluster,3,3,1,7
centro,nuevamente,2.0,intra_cluster,3,3,1,-1
centro,respetar,2.0,intra_cluster,3,3,1,2
centro,noche,2.0,intra_cluster,3,3,1,3
centro,malo,2.0,intra_cluster,3,3,1,2
centro,daño,2.0,intra_cluster,3,3,1,2
centro,acuerdo,2.0,intra_cluster,3,3,1,5
centro,tampico,34.0,extra,3,4,1,0
creer,metro,6.0,intra_sub,3,3,1,1
creer,quedar,5.0,intra_cluster,3,3,1,3
creer,jefe,5.0,intra_sub,3,3,1,1
creer,nombre,4.0,intra_cluster,3,3,1,0
creer,jajajaja,4.0,intra_cluster,3,3,1,-1
creer,pensar,4.0,intra_sub,3,3,1,1
creer,gustar,4.0,intra_cluster,3,3,1,0
creer,cualquiera,3.0,intra_cluster,3,3,1,2
creer,jajaja,3.0,intra_cluster,3,3,1,1
creer,malo,3.0,intra_cluster,3,3,1,2
creer,ganar,3.0,intra_cluster,3,3,1,1
creer,inventar,3.0,intra_cluster,3,3,1,-1
creer,hipócrita,3.0,intra_cluster,3,3,1,-1
creer,delincuente,3.0,intra_cluster,3,3,1,0
creer,mano,3.0,intra_cluster,3,3,1,1
creer,amigo,3.0,intra_cluster,3,3,1,-1
creer,necesidad,3.0,intra_cluster,3,3,1,-1
creer,señora,2.0,intra_cluster,3,3,1,3
creer,simple,2.0,intra_cluster,3,3,1,-1
creer,dinero,2.0,intra_cluster,3,3,1,4
creer,único,2.0,intra_cluster,3,3,1,1
creer,peor,2.0,intra_cluster,3,3,1,5
creer,estúpido,2.0,intra_cluster,3,3,1,-1
creer,mal,2.0,intra_cluster,3,3,1,2
creer,vender,2.0,intra_cluster,3,3,1,4
creer,venir,2.0,intra_cluster,3,3,1,2
creer,tirar,2.0,intra_cluster,3,3,1,2
creer,comentarista,2.0,intra_cluster,3,3,1,1
creer,escuchar,2.0,intra_cluster,3,3,1,1
creer,parecer,2.0,intra_cluster,3,3,1,1
creer,augusto,2.0,intra_cluster,3,3,1,-1
creer,rueda,2.0,intra_cluster,3,3,1,5
claudia,jajajaja,4.0,intra_cluster,3,3,0,-1
claudia,argentino,4.0,intra_sub,3,3,0,0
claudia,feliz,4.0,intra_cluster,3,3,0,3
claudia,felicidades,4.0,intra_cluster,3,3,0,3
claudia,cumpleaños,4.0,intra_cluster,3,3,0,3
claudia,amlo,3.0,intra_cluster,3,3,0,0
claudia,cartel,3.0,intra_cluster,3,3,0,-1
claudia,triunfo,3.0,intra_cluster,3,3,0,3
claudia,felicidad,3.0,intra_cluster,3,3,0,3
claudia,bendición,3.0,intra_cluster,3,3,0,3
claudia,pobre,2.0,intra_cluster,3,3,0,2
claudia,cualquiera,2.0,intra_cluster,3,3,0,2
claudia,tomar,2.0,intra_cluster,3,3,0,2
claudia,delito,2.0,intra_cluster,3,3,0,-1
claudia,detener,2.0,intra_cluster,3,3,0,0
claudia,amar,2.0,intra_cluster,3,3,0,3
ley,venir,5.0,intra_sub,3,3,2,2
ley,derecho,4.0,intra_sub,3,3,2,2
ley,ganar,4.0,intra_cluster,3,3,2,1
ley,madre,3.0,intra_cluster,3,3,2,7
ley,delincuente,3.0,intra_cluster,3,3,2,0
ley,cualquiera,3.0,intra_cluster,3,3,2,2
ley,serio,3.0,intra_cluster,3,3,2,2
ley,puma,3.0,intra_cluster,3,3,2,1
ley,castigar,2.0,intra_cluster,3,3,2,1
ley,servir,2.0,intra_cluster,3,3,2,0
ley,mano,2.0,intra_cluster,3,3,2,1
ley,vender,2.0,intra_cluster,3,3,2,4
ley,mandar,2.0,intra_cluster,3,3,2,0
ley,gobernadora,2.0,intra_cluster,3,3,2,-1
ley,etc,2.0,intra_cluster,3,3,2,-1
ley,ridiculo,2.0,intra_cluster,3,3,2,2
ley,agarrar,2.0,intra_cluster,3,3,2,2
ley,tomar,2.0,intra_cluster,3,3,2,2
ley,respetar,2.0,intra_cluster,3,3,2,2
ley,llamar,2.0,intra_cluster,3,3,2,0
vender,bonito,3.0,intra_cluster,3,3,4,3
vender,quedar,2.0,intra_cluster,3,3,4,3
jugar,ganar,6.0,intra_sub,3,3,1,1
jugar,puma,4.0,intra_sub,3,3,1,1
jugar,claro,4.0,intra_sub,3,3,1,1
jugar,regresar,2.0,intra_cluster,3,3,1,4
jugar,hablar,2.0,intra_cluster,3,3,1,1
jugar,respeto,2.0,intra_cluster,3,3,1,1
jugar,cumplir,2.0,intra_cluster,3,3,1,-1
jugar,feliz,2.0,intra_cluster,3,3,1,3
jugar,forma,2.0,intra_cluster,3,3,1,1
jugar,ridiculo,2.0,intra_cluster,3,3,1,2
jugar,derecho,2.0,intra_cluster,3,3,1,2
jugar,metro,2.0,intra_cluster,3,3,1,1
azteca,claro,2.0,intra_cluster,3,3,-1,1
azteca,gustar,2.0,intra_cluster,3,3,-1,0
azteca,jajaja,2.0,intra_cluster,3,3,-1,1
felicidades,bonito,4.0,intra_sub,3,3,3,3
felicidades,selección,4.0,intra_sub,3,3,3,3
felicidades,presidentar,4.0,intra_sub,3,3,3,3
felicidades,bendición,2.0,intra_cluster,3,3,3,3
felicidades,madre,2.0,intra_cluster,3,3,3,7
felicidades,tomar,2.0,intra_cluster,3,3,3,2
claro,forma,4.0,intra_sub,3,3,1,1
claro,quedar,4.0,intra_cluster,3,3,1,3
claro,comentarista,3.0,intra_cluster,3,3,1,1
claro,cualquiera,2.0,intra_cluster,3,3,1,2
claro,sacar,2.0,intra_cluster,3,3,1,2
claro,ayudar,2.0,intra_cluster,3,3,1,1
claro,rata,2.0,intra_cluster,3,3,1,0
claro,tomar,2.0,intra_cluster,3,3,1,2
claro,ganar,2.0,intra_cluster,3,3,1,1
claro,exceso,2.0,intra_cluster,3,3,1,-1
claro,carro,2.0,intra_cluster,3,3,1,2
delincuente,detener,5.0,intra_sub,3,3,0,0
delincuente,puesto,3.0,intra_cluster,3,3,0,-1
delincuente,marina,2.0,intra_cluster,3,3,0,0
delincuente,nombre,2.0,intra_cluster,3,3,0,0
delincuente,pagar,2.0,intra_cluster,3,3,0,0
delincuente,delito,2.0,intra_cluster,3,3,0,-1
delincuente,argentino,2.0,intra_cluster,3,3,0,0
delincuente,cartel,2.0,intra_cluster,3,3,0,-1
argentino,rata,2.0,intra_cluster,3,3,0,0
argentino,hablar,2.0,intra_cluster,3,3,0,1
cumpleaños,feliz,9.0,intra_sub,3,3,3,3
feliz,madre,5.0,intra_cluster,3,3,3,7
feliz,felicidad,4.0,intra_sub,3,3,3,3
feliz,bonito,3.0,intra_cluster,3,3,3,3
feliz,bendición,2.0,intra_cluster,3,3,3,3
feliz,hermoso,2.0,intra_cluster,3,3,3,3
feliz,sentir,2.0,intra_cluster,3,3,3,2
feliz,mamá,2.0,intra_cluster,3,3,3,-1
feliz,amar,2.0,intra_cluster,3,3,3,3
feliz,triunfo,2.0,intra_cluster,3,3,3,3
feliz,selección,2.0,intra_cluster,3,3,3,3
lograr,puesto,2.0,intra_cluster,3,3,-1,-1
lograr,pensar,2.0,intra_cluster,3,3,-1,1
lograr,triunfo,2.0,intra_cluster,3,3,-1,3
hablar,forma,3.0,intra_cluster,3,3,1,1
hablar,castigar,3.0,intra_cluster,3,3,1,1
hablar,mal,3.0,intra_cluster,3,3,1,2
hablar,escuchar,3.0,intra_cluster,3,3,1,1
hablar,prianista,3.0,intra_cluster,3,3,1,4
hablar,tratar,2.0,intra_cluster,3,3,1,1
hablar,video,2.0,intra_cluster,3,3,1,1
hablar,llamar,2.0,intra_cluster,3,3,1,0
hablar,nombre,2.0,intra_cluster,3,3,1,0
hablar,rata,2.0,intra_cluster,3,3,1,0
hablar,miedo,2.0,intra_cluster,3,3,1,-1
hablar,quedar,2.0,intra_cluster,3,3,1,3
hablar,jajaja,2.0,intra_cluster,3,3,1,1
hablar,único,2.0,intra_cluster,3,3,1,1
hablar,mundialista,2.0,intra_cluster,3,3,1,3
hablar,peor,2.0,intra_cluster,3,3,1,5
castigar,parecer,2.0,intra_cluster,3,3,1,1
serio,respetar,2.0,intra_cluster,3,3,2,2
serio,tomar,2.0,intra_cluster,3,3,2,2
serio,ridiculo,2.0,intra_cluster,3,3,2,2
serio,quedar,2.0,intra_cluster,3,3,2,3
quedar,bonito,6.0,intra_sub,3,3,3,3
quedar,casa,4.0,intra_cluster,3,3,3,2
quedar,regresar,4.0,intra_cluster,3,3,3,4
quedar,auto,4.0,intra_cluster,3,3,3,2
quedar,ojalá,3.0,intra_cluster,3,3,3,2
quedar,libre,3.0,intra_cluster,3,3,3,3
quedar,mal,3.0,intra_cluster,3,3,3,2
quedar,metro,3.0,intra_cluster,3,3,3,1
quedar,mural,2.0,intra_cluster,3,3,3,-1
quedar,tomar,2.0,intra_cluster,3,3,3,2
quedar,preocupar,2.0,intra_cluster,3,3,3,3
quedar,cosa,2.0,intra_cluster,3,3,3,0
quedar,venir,2.0,intra_cluster,3,3,3,2
quedar,genial,2.0,intra_cluster,3,3,3,3
quedar,acabar,2.0,intra_cluster,3,3,3,2
quedar,gustar,2.0,intra_cluster,3,3,3,0
quedar,tirar,2.0,intra_cluster,3,3,3,2
quedar,corredor,2.0,intra_cluster,3,3,3,5
quedar,parecer,2.0,intra_cluster,3,3,3,1
quedar,derecho,2.0,intra_cluster,3,3,3,2
sacar,metro,4.0,intra_cluster,3,3,2,1
sacar,dinero,3.0,intra_cluster,3,3,2,4
sacar,malo,2.0,intra_cluster,3,3,2,2
sacar,dónde,2.0,intra_cluster,3,3,2,7
sacar,felicidad,2.0,intra_cluster,3,3,2,3
sacar,cosa,2.0,intra_cluster,3,3,2,0
sacar,tirar,2.0,intra_cluster,3,3,2,2
líder,pruebas,4.0,intra_cluster,3,3,-1,-1
mal,respetar,3.0,intra_cluster,3,3,2,2
mal,tomar,3.0,intra_cluster,3,3,2,2
mal,vergüenza,2.0,intra_cluster,3,3,2,2
mal,malo,2.0,intra_cluster,3,3,2,2
mal,único,2.0,intra_cluster,3,3,2,1
mal,cualquiera,2.0,intra_cluster,3,3,2,2
mal,detener,2.0,intra_cluster,3,3,2,0
mal,humanos,2.0,intra_cluster,3,3,2,-1
ganar,puma,8.0,intra_sub,3,3,1,1
ganar,boleto,4.0,intra_cluster,3,3,1,-1
ganar,dinero,3.0,intra_cluster,3,3,1,4
ganar,selección,3.0,intra_cluster,3,3,1,3
ganar,marina,2.0,intra_cluster,3,3,1,0
ganar,dónde,2.0,intra_cluster,3,3,1,7
ganar,matar,2.0,intra_cluster,3,3,1,-1
ganar,forma,2.0,intra_cluster,3,3,1,1
ganar,realidad,2.0,intra_cluster,3,3,1,0
ganar,tratar,2.0,intra_cluster,3,3,1,1
ganar,comentarista,2.0,intra_cluster,3,3,1,1
ganar,simio,2.0,intra_cluster,3,3,1,-1
ganar,amigo,2.0,intra_cluster,3,3,1,-1
puma,ridiculo,3.0,intra_cluster,3,3,1,2
puma,televisa,3.0,intra_cluster,3,3,1,-1
puma,cosa,3.0,intra_cluster,3,3,1,0
puma,ayudar,3.0,intra_cluster,3,3,1,1
puma,falta,3.0,intra_cluster,3,3,1,1
puma,jajaja,2.0,intra_cluster,3,3,1,1
puma,aficionado,2.0,intra_cluster,3,3,1,3
puma,derecho,2.0,intra_cluster,3,3,1,2
puma,único,2.0,intra_cluster,3,3,1,1
puma,forma,2.0,intra_cluster,3,3,1,1
puma,gol,2.0,intra_cluster,3,3,1,-1
puma,parecer,2.0,intra_cluster,3,3,1,1
puma,sentir,2.0,intra_cluster,3,3,1,2
puma,respeto,2.0,intra_cluster,3,3,1,1
selección,mundialista,4.0,intra_sub,3,3,3,3
selección,felicidad,4.0,intra_sub,3,3,3,3
selección,triunfo,4.0,intra_sub,3,3,3,3
selección,sentir,3.0,intra_cluster,3,3,3,2
selección,hermoso,2.0,intra_cluster,3,3,3,3
triunfo,mano,2.0,intra_cluster,3,3,3,1
triunfo,aficionado,2.0,intra_cluster,3,3,3,3
gustar,video,3.0,intra_cluster,3,3,0,1
gustar,cosa,3.0,intra_cluster,3,3,0,0
gustar,señora,2.0,intra_cluster,3,3,0,3
gustar,jefe,2.0,intra_cluster,3,3,0,1
gustar,agarrar,2.0,intra_cluster,3,3,0,2
gustar,escuchar,2.0,intra_cluster,3,3,0,1
gustar,metro,2.0,intra_cluster,3,3,0,1
morir,sinaloa,8.0,intra_sub,3,3,7,7
morir,madre,5.0,intra_sub,3,3,7,7
morir,matar,2.0,intra_cluster,3,3,7,-1
morir,dónde,2.0,intra_cluster,3,3,7,7
morir,carro,2.0,intra_cluster,3,3,7,2
sinaloa,dónde,4.0,intra_sub,3,3,7,7
sinaloa,madre,2.0,intra_cluster,3,3,7,7
cualquiera,llamar,6.0,intra_cluster,3,3,2,0
cualquiera,casa,5.0,intra_sub,3,3,2,2
cualquiera,derecho,4.0,intra_sub,3,3,2,2
cualquiera,forma,4.0,intra_cluster,3,3,2,1
cualquiera,tomar,3.0,intra_cluster,3,3,2,2
cualquiera,delito,3.0,intra_cluster,3,3,2,-1
cualquiera,vergüenza,3.0,intra_cluster,3,3,2,2
cualquiera,dinero,2.0,intra_cluster,3,3,2,4
cualquiera,video,2.0,intra_cluster,3,3,2,1
cualquiera,metro,2.0,intra_cluster,3,3,2,1
cualquiera,malo,2.0,intra_cluster,3,3,2,2
pagar,delito,5.0,intra_cluster,3,3,0,-1
pagar,dinero,4.0,intra_cluster,3,3,0,4
pagar,comprar,3.0,intra_cluster,3,3,0,3
pagar,televisa,3.0,intra_cluster,3,3,0,-1
pagar,casa,3.0,intra_cluster,3,3,0,2
pagar,venir,2.0,intra_cluster,3,3,0,2
pagar,regresar,2.0,intra_cluster,3,3,0,4
pagar,daño,2.0,intra_cluster,3,3,0,2
pagar,único,2.0,intra_cluster,3,3,0,1
pagar,acuerdo,2.0,intra_cluster,3,3,0,5
marina,amlo,2.0,intra_cluster,3,3,0,0
marina,falta,2.0,intra_cluster,3,3,0,1
marina,tomar,2.0,intra_cluster,3,3,0,2
marina,servir,2.0,intra_cluster,3,3,0,0
amlo,nombre,3.0,intra_cluster,3,3,0,0
amlo,convertir,3.0,intra_cluster,3,3,0,0
amlo,etc,2.0,intra_cluster,3,3,0,-1
amlo,ojalá,2.0,intra_cluster,3,3,0,2
amlo,jefe,2.0,intra_cluster,3,3,0,1
amlo,demá,2.0,intra_cluster,3,3,0,-1
amlo,cartel,2.0,intra_cluster,3,3,0,-1
realidad,tratar,3.0,intra_cluster,3,3,0,1
realidad,convertir,3.0,intra_cluster,3,3,0,0
realidad,escuchar,2.0,intra_cluster,3,3,0,1
realidad,jefe,2.0,intra_cluster,3,3,0,1
realidad,pensar,2.0,intra_cluster,3,3,0,1
realidad,triste,2.0,intra_cluster,3,3,0,-1
realidad,simple,2.0,intra_cluster,3,3,0,-1
triste,convertir,2.0,intra_cluster,3,3,-1,0
jefe,metro,7.0,intra_sub,3,3,1,1
jefe,video,2.0,intra_cluster,3,3,1,1
metro,libre,5.0,intra_cluster,3,3,1,3
metro,plano,5.0,intra_cluster,3,3,1,-1
metro,jajajajaja,4.0,intra_cluster,3,3,1,-1
metro,carro,3.0,intra_cluster,3,3,1,2
metro,sancionar,2.0,intra_cluster,3,3,1,-1
metro,auto,2.0,intra_cluster,3,3,1,2
metro,bonito,2.0,intra_cluster,3,3,1,3
metro,parecer,2.0,intra_cluster,3,3,1,1
tirar,casa,6.0,intra_sub,3,3,2,2
tirar,ojalá,4.0,intra_sub,3,3,2,2
tirar,cosa,4.0,intra_cluster,3,3,2,0
tirar,limpiar,3.0,intra_cluster,3,3,2,-1
tirar,etc,3.0,intra_cluster,3,3,2,-1
tirar,tocar,3.0,intra_cluster,3,3,2,2
tirar,acabar,2.0,intra_cluster,3,3,2,2
ayudar,falta,2.0,intra_cluster,3,3,1,1
respeto,falta,4.0,intra_sub,3,3,1,1
respeto,parecer,3.0,intra_cluster,3,3,1,1
respeto,respetar,2.0,intra_cluster,3,3,1,2
respeto,sancionar,2.0,intra_cluster,3,3,1,-1
respeto,único,2.0,intra_cluster,3,3,1,1
respeto,escuchar,2.0,intra_cluster,3,3,1,1
respeto,derecho,2.0,intra_cluster,3,3,1,2
respeto,ojala,2.0,intra_cluster,3,3,1,-1
artificial,inteligencia,6.0,intra_sub,3,3,5,5
artificial,peor,2.0,intra_cluster,3,3,5,5
inteligencia,sancionar,2.0,intra_cluster,3,3,5,-1
inteligencia,peor,2.0,intra_cluster,3,3,5,5
casa,tratar,6.0,intra_cluster,3,3,2,1
casa,tomar,5.0,intra_sub,3,3,2,2
casa,agarrar,3.0,intra_cluster,3,3,2,2
casa,acabar,3.0,intra_cluster,3,3,2,2
casa,parecer,3.0,intra_cluster,3,3,2,1
casa,forma,2.0,intra_cluster,3,3,2,1
casa,regresar,2.0,intra_cluster,3,3,2,4
casa,libre,2.0,intra_cluster,3,3,2,3
casa,comprar,2.0,intra_cluster,3,3,2,3
casa,respetar,2.0,intra_cluster,3,3,2,2
tratar,vergüenza,2.0,intra_cluster,3,3,1,2
tratar,señor,2.0,intra_cluster,3,3,1,0
tratar,miedo,2.0,intra_cluster,3,3,1,-1
tratar,pensar,2.0,intra_cluster,3,3,1,1
tratar,pobre,2.0,intra_cluster,3,3,1,2
tratar,dinero,2.0,intra_cluster,3,3,1,4
jajaja,jajajaja,6.0,intra_cluster,3,3,1,-1
jajaja,miedo,3.0,intra_cluster,3,3,1,-1
jajaja,mamá,2.0,intra_cluster,3,3,1,-1
jajaja,peor,2.0,intra_cluster,3,3,1,5
jajajaja,cosa,2.0,intra_cluster,3,3,-1,0
bonito,video,5.0,intra_cluster,3,3,3,1
bonito,parecer,3.0,intra_cluster,3,3,3,1
bonito,felicidad,3.0,intra_cluster,3,3,3,3
malo,llorar,2.0,intra_cluster,3,3,2,2
tomar,respetar,5.0,intra_sub,3,3,2,2
tomar,sentir,4.0,intra_sub,3,3,2,2
tomar,vergüenza,3.0,intra_cluster,3,3,2,2
tomar,acabar,3.0,intra_cluster,3,3,2,2
tomar,daño,3.0,intra_cluster,3,3,2,2
tomar,libre,2.0,intra_cluster,3,3,2,3
tomar,simple,2.0,intra_cluster,3,3,2,-1
tomar,boleto,2.0,intra_cluster,3,3,2,-1
llamar,eléctrico,2.0,intra_cluster,3,3,0,-1
llamar,falta,2.0,intra_cluster,3,3,0,1
llamar,repetir,2.0,intra_cluster,3,3,0,-1
llamar,servir,2.0,intra_cluster,3,3,0,0
libre,merecer,2.0,intra_cluster,3,3,3,2
libre,mundialista,2.0,intra_cluster,3,3,3,3
libre,auto,2.0,intra_cluster,3,3,3,2
mano,escuchar,6.0,intra_sub,3,3,1,1
mano,video,5.0,intra_sub,3,3,1,1
mano,ala,4.0,intra_cluster,3,3,1,4
mano,cosa,2.0,intra_cluster,3,3,1,0
mano,necesidad,2.0,intra_cluster,3,3,1,-1
mano,amigo,2.0,intra_cluster,3,3,1,-1
mandar,matar,3.0,intra_cluster,3,3,0,-1
mandar,ojalá,2.0,intra_cluster,3,3,0,2
servir,repetir,4.0,intra_cluster,3,3,0,-1
escuchar,carmen,4.0,intra_cluster,3,3,1,-1
escuchar,necesidad,3.0,intra_cluster,3,3,1,-1
escuchar,comentarista,2.0,intra_cluster,3,3,1,1
escuchar,derecho,2.0,intra_cluster,3,3,1,2
dinero,regresar,5.0,intra_sub,3,3,4,4
dinero,demá,2.0,intra_cluster,3,3,4,-1
dinero,dónde,2.0,intra_cluster,3,3,4,7
pensar,etc,5.0,intra_cluster,3,3,1,-1
pensar,forma,3.0,intra_cluster,3,3,1,1
pensar,comentarista,3.0,intra_cluster,3,3,1,1
pensar,cosa,2.0,intra_cluster,3,3,1,0
pensar,merecer,2.0,intra_cluster,3,3,1,2
pensar,único,2.0,intra_cluster,3,3,1,1
felicidad,bendición,5.0,intra_sub,3,3,3,3
felicidad,presidentar,4.0,intra_sub,3,3,3,3
felicidad,etc,2.0,intra_cluster,3,3,3,-1
felicidad,forma,2.0,intra_cluster,3,3,3,1
felicidad,nombre,2.0,intra_cluster,3,3,3,0
falta,cosa,2.0,intra_cluster,3,3,1,0
falta,convertir,2.0,intra_cluster,3,3,1,0
falta,derecho,2.0,intra_cluster,3,3,1,2
sancionar,mamá,2.0,intra_cluster,3,3,-1,-1
único,forma,4.0,intra_sub,3,3,1,1
único,parecer,2.0,intra_cluster,3,3,1,1
único,derecho,2.0,intra_cluster,3,3,1,2
único,presidentar,2.0,intra_cluster,3,3,1,3
aficionado,auto,2.0,intra_cluster,3,3,3,2
carro,parecer,2.0,intra_cluster,3,3,2,1
carro,acabar,2.0,intra_cluster,3,3,2,2
carro,agarrar,2.0,intra_cluster,3,3,2,2
respetar,repetir,2.0,intra_cluster,3,3,2,-1
respetar,gobernadora,2.0,intra_cluster,3,3,2,-1
respetar,derecho,2.0,intra_cluster,3,3,2,2
respetar,señor,2.0,intra_cluster,3,3,2,0
cosa,peor,3.0,intra_cluster,3,3,0,5
cosa,ridiculo,3.0,intra_cluster,3,3,0,2
cosa,dónde,2.0,intra_cluster,3,3,0,7
cosa,video,2.0,intra_cluster,3,3,0,1
cosa,tocar,2.0,intra_cluster,3,3,0,2
etc,señor,2.0,intra_cluster,3,3,-1,0
etc,augusto,2.0,intra_cluster,3,3,-1,-1
etc,venir,2.0,intra_cluster,3,3,-1,2
etc,ojalá,2.0,intra_cluster,3,3,-1,2
etc,comentarista,2.0,intra_cluster,3,3,-1,1
delito,derecho,2.0,intra_cluster,3,3,-1,2
delito,nombre,2.0,intra_cluster,3,3,-1,0
video,ojala,3.0,intra_cluster,3,3,1,-1
video,parecer,3.0,intra_cluster,3,3,1,1
video,amigo,3.0,intra_cluster,3,3,1,-1
video,hermoso,2.0,intra_cluster,3,3,1,3
meter,nuevamente,2.0,intra_cluster,3,3,2,-1
meter,dónde,2.0,intra_cluster,3,3,2,7
prensa,rueda,5.0,intra_sub,3,3,5,5
prensa,acuerdo,2.0,intra_cluster,3,3,5,5
prensa,corredor,2.0,intra_cluster,3,3,5,5
prensa,tamaulipeco,2.0,intra_cluster,3,3,5,5
rueda,acuerdo,2.0,intra_cluster,3,3,5,5
rueda,corredor,2.0,intra_cluster,3,3,5,5
regresar,ojalá,4.0,intra_cluster,3,3,4,2
regresar,cartel,2.0,intra_cluster,3,3,4,-1
vergüenza,rata,2.0,intra_cluster,3,3,2,0
vergüenza,pobre,2.0,intra_cluster,3,3,2,2
detener,matar,2.0,intra_cluster,3,3,0,-1
detener,pobre,2.0,intra_cluster,3,3,0,2
ojalá,limpiar,5.0,intra_cluster,3,3,2,-1
ojalá,acuerdo,2.0,intra_cluster,3,3,2,5
ojalá,rata,2.0,intra_cluster,3,3,2,0
ojalá,madre,2.0,intra_cluster,3,3,2,7
ojalá,acabar,2.0,intra_cluster,3,3,2,2
limpiar,rata,2.0,intra_cluster,3,3,-1,0
limpiar,agarrar,2.0,intra_cluster,3,3,-1,2
limpiar,acabar,2.0,intra_cluster,3,3,-1,2
bendición,hermoso,2.0,intra_cluster,3,3,3,3
forma,sentir,2.0,intra_cluster,3,3,1,2
pobre,señor,3.0,intra_cluster,3,3,2,0
pobre,sentir,2.0,intra_cluster,3,3,2,2
pobre,derecho,2.0,intra_cluster,3,3,2,2
pobre,necesidad,2.0,intra_cluster,3,3,2,-1
televisa,señor,2.0,intra_cluster,3,3,-1,0
venir,señor,2.0,intra_cluster,3,3,2,0
venir,gana,2.0,intra_cluster,3,3,2,-1
venir,cine,2.0,intra_cluster,3,3,2,-1
noche,convertir,2.0,intra_cluster,3,3,3,0
hermoso,amar,4.0,intra_sub,3,3,3,3
hermoso,bendecir,2.0,intra_cluster,3,3,3,3
madre,mamá,2.0,intra_cluster,3,3,7,-1
madre,derecho,2.0,intra_cluster,3,3,7,2
plano,señor,2.0,intra_cluster,3,3,-1,0
corredor,laredo,5.0,intra_sub,3,3,5,5
corredor,tamaulipeco,4.0,intra_sub,3,3,5,5
corredor,acuerdo,3.0,intra_cluster,3,3,5,5
corredor,auto,2.0,intra_cluster,3,3,5,2
laredo,tamaulipeco,4.0,intra_sub,3,3,5,5
laredo,acuerdo,3.0,intra_cluster,3,3,5,5
laredo,carmen,2.0,intra_cluster,3,3,5,-1
acabar,cartel,2.0,intra_cluster,3,3,2,-1
sentir,llorar,3.0,intra_cluster,3,3,2,2
sentir,señor,2.0,intra_cluster,3,3,2,0
sentir,ala,2.0,intra_cluster,3,3,2,4
sentir,miedo,2.0,intra_cluster,3,3,2,-1
sentir,estúpido,2.0,intra_cluster,3,3,2,-1
parecer,acuerdo,2.0,intra_cluster,3,3,1,5
nombre,augusto,4.0,intra_cluster,3,3,0,-1
derecho,merecer,2.0,intra_cluster,3,3,2,2
derecho,auto,2.0,intra_cluster,3,3,2,2
acuerdo,rata,3.0,intra_cluster,3,3,5,0
acuerdo,tamaulipeco,3.0,intra_cluster,3,3,5,5
presidentar,señora,3.0,intra_cluster,3,3,3,3
daño,auto,3.0,intra_cluster,3,3,2,2
convertir,cine,3.0,intra_cluster,3,3,0,-1
convertir,necesidad,2.0,intra_cluster,3,3,0,-1
convertir,demá,2.0,intra_cluster,3,3,0,-1
llorar,ala,2.0,intra_cluster,3,3,2,4
ala,señora,2.0,intra_cluster,3,3,4,3
ala,carcel,2.0,intra_cluster,3,3,4,4
auto,demá,2.0,intra_cluster,3,3,2,-1
señora,miedo,2.0,intra_cluster,3,3,3,-1
matar,simio,2.0,intra_cluster,3,3,-1,-1
ojala,agarrar,2.0,intra_cluster,3,3,-1,2
rata,miedo,2.0,intra_cluster,3,3,0,-1
rata,asesino,2.0,intra_cluster,3,3,0,4
tocar,señor,2.0,intra_cluster,3,3,2,0
necesidad,cine,3.0,intra_cluster,3,3,-1,-1
humanos,exceso,2.0,intra_cluster,3,3,-1,-1
cdvictoria,tamaulipas,81.0,intra_sub,2,2,0,0
cdvictoria,matamoros,48.0,intra_sub,2,2,0,0
cdvictoria,altamira,40.0,intra_sub,2,2,0,0
cdvictoria,cdmadero,37.0,intra_sub,2,2,0,0
cdvictoria,reynosa,32.0,intra_sub,2,2,0,0
cdvictoria,monterrey,19.0,intra_cluster,2,2,0,4
cdvictoria,nuevolaredo,17.0,intra_sub,2,2,0,0
cdvictoria,madero,11.0,intra_sub,2,2,0,0
cdvictoria,coahuila,10.0,intra_cluster,2,2,0,4
cdvictoria,info,9.0,intra_sub,2,2,0,0
cdvictoria,ligamx,8.0,intra_cluster,2,2,0,4
cdvictoria,slp,7.0,intra_cluster,2,2,0,4
cdvictoria,toluca,7.0,intra_cluster,2,2,0,4
cdvictoria,nld,7.0,intra_sub,2,2,0,0
cdvictoria,información,6.0,intra_cluster,2,2,0,1
cdvictoria,guadalajara,6.0,intra_cluster,2,2,0,4
cdvictoria,león,6.0,intra_cluster,2,2,0,4
cdvictoria,federal,6.0,intra_cluster,2,2,0,1
cdvictoria,puebla,5.0,intra_cluster,2,2,0,4
cdvictoria,ciudadvictoria,5.0,intra_sub,2,2,0,0
cdvictoria,dejar,4.0,intra_cluster,2,2,0,1
cdvictoria,morena,4.0,intra_cluster,2,2,0,1
cdvictoria,renovación,3.0,intra_cluster,2,2,0,-1
cdvictoria,padre,3.0,intra_cluster,2,2,0,1
cdvictoria,cdmx,3.0,intra_cluster,2,2,0,4
cdvictoria,final,3.0,intra_cluster,2,2,0,2
cdvictoria,pri,3.0,intra_cluster,2,2,0,1
cdvictoria,millón,2.0,intra_cluster,2,2,0,3
cdvictoria,huachicol,2.0,intra_cluster,2,2,0,3
cdvictoria,participar,2.0,intra_cluster,2,2,0,5
cdvictoria,fmf,2.0,intra_cluster,2,2,0,2
cdvictoria,llegar,2.0,intra_cluster,2,2,0,1
cdvictoria,pumas,2.0,intra_cluster,2,2,0,2
cdvictoria,diputado,2.0,intra_cluster,2,2,0,-1
cdvictoria,inicio,2.0,intra_cluster,2,2,0,-1
cdvictoria,estrategia,2.0,intra_cluster,2,2,0,1
cdvictoria,paz,2.0,intra_cluster,2,2,0,1
cdvictoria,pedir,2.0,intra_cluster,2,2,0,1
cdvictoria,traer,2.0,intra_cluster,2,2,0,1
cdvictoria,ríobravo,2.0,intra_cluster,2,2,0,0
cdvictoria,tampico,100.0,extra,2,4,0,0
cdvictoria,nota,31.0,extra,2,4,0,0
tamaulipas,reynosa,46.0,intra_sub,2,2,0,0
tamaulipas,altamira,44.0,intra_sub,2,2,0,0
tamaulipas,matamoros,32.0,intra_sub,2,2,0,0
tamaulipas,cdmadero,31.0,intra_sub,2,2,0,0
tamaulipas,nuevolaredo,27.0,intra_sub,2,2,0,0
tamaulipas,madero,26.0,intra_sub,2,2,0,0
tamaulipas,coahuila,19.0,intra_cluster,2,2,0,4
tamaulipas,buscar,17.0,intra_cluster,2,2,0,1
tamaulipas,cdmx,16.0,intra_cluster,2,2,0,4
tamaulipas,ciudadvictoria,15.0,intra_sub,2,2,0,0
tamaulipas,paz,13.0,intra_cluster,2,2,0,1
tamaulipas,justicia,12.0,intra_cluster,2,2,0,1
tamaulipas,dejar,12.0,intra_cluster,2,2,0,1
tamaulipas,participar,11.0,intra_cluster,2,2,0,5
tamaulipas,información,10.0,intra_cluster,2,2,0,1
tamaulipas,millón,10.0,intra_cluster,2,2,0,3
tamaulipas,inversión,10.0,intra_cluster,2,2,0,1
tamaulipas,monterrey,10.0,intra_cluster,2,2,0,4
tamaulipas,ciudadmadero,10.0,intra_sub,2,2,0,0
tamaulipas,hijo,10.0,intra_cluster,2,2,0,3
tamaulipas,slp,9.0,intra_cluster,2,2,0,4
tamaulipas,guadalajara,9.0,intra_cluster,2,2,0,4
tamaulipas,estrategia,9.0,intra_cluster,2,2,0,1
tamaulipas,toluca,8.0,intra_cluster,2,2,0,4
tamaulipas,pedir,8.0,intra_cluster,2,2,0,1
tamaulipas,morena,8.0,intra_cluster,2,2,0,1
tamaulipas,josué,7.0,intra_cluster,2,2,0,-1
tamaulipas,mundo,7.0,intra_cluster,2,2,0,1
tamaulipas,convencido,7.0,intra_cluster,2,2,0,-1
tamaulipas,federal,7.0,intra_cluster,2,2,0,1
tamaulipas,renovación,6.0,intra_cluster,2,2,0,-1
tamaulipas,amor,6.0,intra_cluster,2,2,0,1
tamaulipas,pri,6.0,intra_cluster,2,2,0,1
tamaulipas,riobravo,5.0,intra_sub,2,2,0,0
tamaulipas,reportar,5.0,intra_sub,2,2,0,0
tamaulipas,elpuntoes,5.0,intra_cluster,2,2,0,-1
tamaulipas,ríobravo,5.0,intra_sub,2,2,0,0
tamaulipas,favor,5.0,intra_cluster,2,2,0,2
tamaulipas,cocodrilo,5.0,intra_sub,2,2,0,0
tamaulipas,vallehermoso,4.0,intra_sub,2,2,0,0
tamaulipas,sol,4.0,intra_cluster,2,2,0,1
tamaulipas,final,4.0,intra_cluster,2,2,0,2
tamaulipas,llegar,4.0,intra_cluster,2,2,0,1
tamaulipas,menor,4.0,intra_cluster,2,2,0,-1
tamaulipas,padre,4.0,intra_cluster,2,2,0,1
tamaulipas,negocio,4.0,intra_cluster,2,2,0,2
tamaulipas,diputado,4.0,intra_cluster,2,2,0,-1
tamaulipas,estadio,4.0,intra_cluster,2,2,0,5
tamaulipas,encontrar,4.0,intra_cluster,2,2,0,3
tamaulipas,proteger,4.0,intra_cluster,2,2,0,1
tamaulipas,saludos,3.0,intra_cluster,2,2,0,1
tamaulipas,terminar,3.0,intra_cluster,2,2,0,2
tamaulipas,golfo,3.0,intra_cluster,2,2,0,-1
tamaulipas,julio,3.0,intra_cluster,2,2,0,-1
tamaulipas,robo,3.0,intra_cluster,2,2,0,2
tamaulipas,león,3.0,intra_cluster,2,2,0,4
tamaulipas,comentario,3.0,intra_cluster,2,2,0,5
tamaulipas,manuel,3.0,intra_cluster,2,2,0,3
tamaulipas,inicio,3.0,intra_cluster,2,2,0,-1
tamaulipas,resaltar,2.0,intra_cluster,2,2,0,-1
tamaulipas,lopez,2.0,intra_cluster,2,2,0,3
tamaulipas,cuál,2.0,intra_cluster,2,2,0,5
tamaulipas,gracia,2.0,intra_cluster,2,2,0,1
tamaulipas,info,2.0,intra_cluster,2,2,0,0
tamaulipas,acudir,2.0,intra_cluster,2,2,0,-1
tamaulipas,puebla,2.0,intra_cluster,2,2,0,4
tamaulipas,atacar,2.0,intra_cluster,2,2,0,-1
tamaulipas,atrás,2.0,intra_cluster,2,2,0,-1
tamaulipas,marcar,2.0,intra_cluster,2,2,0,2
tamaulipas,sufrir,2.0,intra_cluster,2,2,0,-1
tamaulipas,beltrán,2.0,intra_cluster,2,2,0,3
tamaulipas,mexicana,2.0,intra_cluster,2,2,0,1
tamaulipas,problema,2.0,intra_cluster,2,2,0,2
tamaulipas,tampico,317.0,extra,2,4,0,0
tamaulipas,villarreal,51.0,extra,2,0,0,0
tamaulipas,fortalecer,42.0,extra,2,1,0,0
tamaulipas,sur,39.0,extra,2,1,0,1
tamaulipas,gobierno,36.0,extra,2,0,0,1
matamoros,reynosa,70.0,intra_sub,2,2,0,0
matamoros,altamira,58.0,intra_sub,2,2,0,0
matamoros,nuevolaredo,48.0,intra_sub,2,2,0,0
matamoros,cdmadero,35.0,intra_sub,2,2,0,0
matamoros,madero,18.0,intra_sub,2,2,0,0
matamoros,ciudadmadero,13.0,intra_sub,2,2,0,0
matamoros,riobravo,12.0,intra_sub,2,2,0,0
matamoros,ciudadvictoria,11.0,intra_sub,2,2,0,0
matamoros,info,9.0,intra_sub,2,2,0,0
matamoros,ríobravo,9.0,intra_sub,2,2,0,0
matamoros,nld,7.0,intra_sub,2,2,0,0
matamoros,monterrey,7.0,intra_cluster,2,2,0,4
matamoros,slp,7.0,intra_cluster,2,2,0,4
matamoros,elmante,6.0,intra_sub,2,2,0,0
matamoros,federal,4.0,intra_cluster,2,2,0,1
matamoros,vallehermoso,3.0,intra_cluster,2,2,0,0
matamoros,justicia,3.0,intra_cluster,2,2,0,1
matamoros,información,2.0,intra_cluster,2,2,0,1
matamoros,participar,2.0,intra_cluster,2,2,0,5
matamoros,cdmx,2.0,intra_cluster,2,2,0,4
matamoros,josué,2.0,intra_cluster,2,2,0,-1
matamoros,tampico,81.0,extra,2,4,0,0
matamoros,nota,30.0,extra,2,4,0,0
reynosa,nuevolaredo,51.0,intra_sub,2,2,0,0
reynosa,altamira,48.0,intra_sub,2,2,0,0
reynosa,cdmadero,34.0,intra_sub,2,2,0,0
reynosa,ciudadvictoria,20.0,intra_sub,2,2,0,0
reynosa,madero,14.0,intra_sub,2,2,0,0
reynosa,riobravo,12.0,intra_sub,2,2,0,0
reynosa,vallehermoso,11.0,intra_sub,2,2,0,0
reynosa,ríobravo,9.0,intra_sub,2,2,0,0
reynosa,nld,7.0,intra_sub,2,2,0,0
reynosa,monterrey,7.0,intra_cluster,2,2,0,4
reynosa,slp,6.0,intra_cluster,2,2,0,4
reynosa,información,5.0,intra_cluster,2,2,0,1
reynosa,cdmx,5.0,intra_cluster,2,2,0,4
reynosa,ciudadmadero,5.0,intra_sub,2,2,0,0
reynosa,josué,4.0,intra_cluster,2,2,0,-1
reynosa,puro,3.0,intra_cluster,2,2,0,3
reynosa,traer,2.0,intra_cluster,2,2,0,1
reynosa,favor,2.0,intra_cluster,2,2,0,2
reynosa,funcionario,2.0,intra_cluster,2,2,0,1
reynosa,final,2.0,intra_cluster,2,2,0,2
reynosa,tampico,83.0,extra,2,4,0,0
reynosa,nota,30.0,extra,2,4,0,0
altamira,madero,44.0,intra_sub,2,2,0,0
altamira,cdmadero,40.0,intra_sub,2,2,0,0
altamira,nuevolaredo,36.0,intra_sub,2,2,0,0
altamira,ciudadmadero,19.0,intra_sub,2,2,0,0
altamira,pánuco,12.0,intra_cluster,2,2,0,1
altamira,cdmx,10.0,intra_cluster,2,2,0,4
altamira,ciudadvictoria,9.0,intra_sub,2,2,0,0
altamira,info,8.0,intra_sub,2,2,0,0
altamira,elmante,6.0,intra_sub,2,2,0,0
altamira,monterrey,5.0,intra_cluster,2,2,0,4
altamira,slp,5.0,intra_cluster,2,2,0,4
altamira,morena,5.0,intra_cluster,2,2,0,1
altamira,llegar,4.0,intra_cluster,2,2,0,1
altamira,morén,4.0,intra_cluster,2,2,0,1
altamira,reportar,3.0,intra_cluster,2,2,0,0
altamira,federal,3.0,intra_cluster,2,2,0,1
altamira,dejar,3.0,intra_cluster,2,2,0,1
altamira,valer,2.0,intra_cluster,2,2,0,2
altamira,sol,2.0,intra_cluster,2,2,0,1
altamira,pinche,2.0,intra_cluster,2,2,0,-1
altamira,loco,2.0,intra_cluster,2,2,0,-1
altamira,vallehermoso,2.0,intra_cluster,2,2,0,0
altamira,entrar,2.0,intra_cluster,2,2,0,2
altamira,estadio,2.0,intra_cluster,2,2,0,5
altamira,justicia,2.0,intra_cluster,2,2,0,1
altamira,paz,2.0,intra_cluster,2,2,0,1
altamira,lópez,2.0,intra_cluster,2,2,0,3
altamira,obrador,2.0,intra_cluster,2,2,0,3
altamira,tampico,112.0,extra,2,4,0,0
nuevolaredo,ciudadvictoria,16.0,intra_sub,2,2,0,0
nuevolaredo,riobravo,12.0,intra_sub,2,2,0,0
nuevolaredo,vallehermoso,11.0,intra_sub,2,2,0,0
nuevolaredo,madero,10.0,intra_sub,2,2,0,0
nuevolaredo,ríobravo,7.0,intra_sub,2,2,0,0
nuevolaredo,ciudadmadero,5.0,intra_sub,2,2,0,0
nuevolaredo,monterrey,4.0,intra_cluster,2,2,0,4
nuevolaredo,reportar,2.0,intra_cluster,2,2,0,0
nuevolaredo,cdmadero,2.0,intra_cluster,2,2,0,0
nuevolaredo,funcionario,2.0,intra_cluster,2,2,0,1
nuevolaredo,coahuila,2.0,intra_cluster,2,2,0,4
nuevolaredo,cdmx,2.0,intra_cluster,2,2,0,4
nuevolaredo,slp,2.0,intra_cluster,2,2,0,4
nuevolaredo,tampico,61.0,extra,2,4,0,0
madero,pánuco,12.0,intra_cluster,2,2,0,1
madero,cdmx,10.0,intra_cluster,2,2,0,4
madero,nld,7.0,intra_sub,2,2,0,0
madero,monterrey,5.0,intra_cluster,2,2,0,4
madero,ciudadvictoria,5.0,intra_sub,2,2,0,0
madero,llegar,4.0,intra_cluster,2,2,0,1
madero,dejar,4.0,intra_cluster,2,2,0,1
madero,ciudadmadero,4.0,intra_sub,2,2,0,0
madero,coahuila,4.0,intra_cluster,2,2,0,4
madero,morén,4.0,intra_cluster,2,2,0,1
madero,saludos,3.0,intra_cluster,2,2,0,1
madero,mundo,3.0,intra_cluster,2,2,0,1
madero,cdmadero,3.0,intra_cluster,2,2,0,0
madero,alguien,2.0,intra_cluster,2,2,0,2
madero,excelente,2.0,intra_cluster,2,2,0,1
madero,pinche,2.0,intra_cluster,2,2,0,-1
madero,final,2.0,intra_cluster,2,2,0,2
madero,liga,2.0,intra_cluster,2,2,0,2
madero,sufrir,2.0,intra_cluster,2,2,0,-1
madero,morena,2.0,intra_cluster,2,2,0,1
madero,par,2.0,intra_cluster,2,2,0,-1
madero,lópez,2.0,intra_cluster,2,2,0,3
madero,tampico,94.0,extra,2,4,0,0
cdmadero,info,8.0,intra_sub,2,2,0,0
cdmadero,morena,3.0,intra_cluster,2,2,0,1
cdmadero,encontrar,2.0,intra_cluster,2,2,0,3
cdmadero,federal,2.0,intra_cluster,2,2,0,1
cdmadero,tampico,42.0,extra,2,4,0,0
aplicar,reglamento,27.0,intra_sub,2,2,2,2
aplicar,regla,26.0,intra_sub,2,2,2,2
aplicar,ridículo,15.0,intra_sub,2,2,2,2
aplicar,america,6.0,intra_sub,2,2,2,2
aplicar,liga,5.0,intra_sub,2,2,2,2
aplicar,roberto,5.0,intra_sub,2,2,2,2
aplicar,jugador,5.0,intra_sub,2,2,2,2
aplicar,defender,4.0,intra_sub,2,2,2,2
aplicar,final,4.0,intra_sub,2,2,2,2
aplicar,justicia,3.0,intra_cluster,2,2,2,1
aplicar,morena,3.0,intra_cluster,2,2,2,1
aplicar,comentario,3.0,intra_cluster,2,2,2,5
aplicar,pumas,3.0,intra_cluster,2,2,2,2
aplicar,valer,2.0,intra_cluster,2,2,2,2
aplicar,revés,2.0,intra_cluster,2,2,2,2
aplicar,importar,2.0,intra_cluster,2,2,2,2
aplicar,reglas,2.0,intra_cluster,2,2,2,2
aplicar,juego,2.0,intra_cluster,2,2,2,2
aplicar,excelente,2.0,intra_cluster,2,2,2,1
aplicar,resultar,2.0,intra_cluster,2,2,2,2
aplicar,manejar,2.0,intra_cluster,2,2,2,2
reglamento,ridículo,23.0,intra_sub,2,2,2,2
reglamento,jugador,11.0,intra_sub,2,2,2,2
reglamento,regla,8.0,intra_sub,2,2,2,2
reglamento,pumas,5.0,intra_sub,2,2,2,2
reglamento,árbitro,5.0,intra_sub,2,2,2,2
reglamento,america,5.0,intra_sub,2,2,2,2
reglamento,marcar,4.0,intra_sub,2,2,2,2
reglamento,sol,3.0,intra_cluster,2,2,2,1
reglamento,sanción,3.0,intra_cluster,2,2,2,2
reglamento,final,3.0,intra_cluster,2,2,2,2
reglamento,comentario,3.0,intra_cluster,2,2,2,5
reglamento,liga,3.0,intra_cluster,2,2,2,2
reglamento,dueño,3.0,intra_cluster,2,2,2,-1
reglamento,dejar,2.0,intra_cluster,2,2,2,1
reglamento,pedir,2.0,intra_cluster,2,2,2,1
reglamento,valer,2.0,intra_cluster,2,2,2,2
reglamento,problema,2.0,intra_cluster,2,2,2,2
reglamento,juego,2.0,intra_cluster,2,2,2,2
reglamento,negocio,2.0,intra_cluster,2,2,2,2
reglamento,quejar,2.0,intra_cluster,2,2,2,-1
reglamento,justicia,2.0,intra_cluster,2,2,2,1
reglamento,revés,2.0,intra_cluster,2,2,2,2
reglamento,traer,2.0,intra_cluster,2,2,2,1
lópez,obrador,26.0,intra_sub,2,2,3,3
lópez,andy,16.0,intra_sub,2,2,3,3
lópez,beltrán,13.0,intra_sub,2,2,3,3
lópez,huachicol,9.0,intra_sub,2,2,3,3
lópez,manuel,6.0,intra_sub,2,2,3,3
lópez,hijo,5.0,intra_sub,2,2,3,3
lópez,fiscal,5.0,intra_sub,2,2,3,3
lópez,morena,4.0,intra_cluster,2,2,3,1
lópez,paz,4.0,intra_cluster,2,2,3,1
lópez,dejar,3.0,intra_cluster,2,2,3,1
lópez,proteger,2.0,intra_cluster,2,2,3,1
lópez,gordo,2.0,intra_cluster,2,2,3,3
lópez,mero,2.0,intra_cluster,2,2,3,3
lópez,participar,2.0,intra_cluster,2,2,3,5
lópez,diputado,2.0,intra_cluster,2,2,3,-1
lópez,federal,2.0,intra_cluster,2,2,3,1
lópez,pánuco,2.0,intra_cluster,2,2,3,1
lópez,pri,2.0,intra_cluster,2,2,3,1
obrador,lopez,11.0,intra_sub,2,2,3,3
obrador,manuel,8.0,intra_sub,2,2,3,3
obrador,hijo,6.0,intra_sub,2,2,3,3
obrador,fiscal,6.0,intra_sub,2,2,3,3
obrador,huachicol,4.0,intra_sub,2,2,3,3
obrador,información,3.0,intra_cluster,2,2,3,1
obrador,morena,3.0,intra_cluster,2,2,3,1
obrador,justicia,2.0,intra_cluster,2,2,3,1
obrador,andy,2.0,intra_cluster,2,2,3,3
obrador,puro,2.0,intra_cluster,2,2,3,3
obrador,proteger,2.0,intra_cluster,2,2,3,1
obrador,beltrán,2.0,intra_cluster,2,2,3,3
obrador,pánuco,2.0,intra_cluster,2,2,3,1
obrador,pri,2.0,intra_cluster,2,2,3,1
regla,ridículo,23.0,intra_sub,2,2,2,2
regla,roberto,15.0,intra_sub,2,2,2,2
regla,jugador,10.0,intra_sub,2,2,2,2
regla,america,9.0,intra_sub,2,2,2,2
regla,defender,9.0,intra_sub,2,2,2,2
regla,juego,8.0,intra_sub,2,2,2,2
regla,reglas,8.0,intra_sub,2,2,2,2
regla,árbitro,7.0,intra_sub,2,2,2,2
regla,dejar,6.0,intra_cluster,2,2,2,1
regla,final,6.0,intra_sub,2,2,2,2
regla,liga,5.0,intra_sub,2,2,2,2
regla,comentario,5.0,intra_cluster,2,2,2,5
regla,pumas,4.0,intra_sub,2,2,2,2
regla,favor,4.0,intra_sub,2,2,2,2
regla,problema,4.0,intra_sub,2,2,2,2
regla,valer,3.0,intra_cluster,2,2,2,2
regla,revés,3.0,intra_cluster,2,2,2,2
regla,alguien,3.0,intra_cluster,2,2,2,2
regla,traer,3.0,intra_cluster,2,2,2,1
regla,saludos,2.0,intra_cluster,2,2,2,1
regla,robo,2.0,intra_cluster,2,2,2,2
regla,cuál,2.0,intra_cluster,2,2,2,5
regla,inicio,2.0,intra_cluster,2,2,2,-1
regla,negocio,2.0,intra_cluster,2,2,2,2
regla,terminar,2.0,intra_cluster,2,2,2,2
regla,guadalajara,2.0,intra_cluster,2,2,2,4
ridículo,defender,11.0,intra_sub,2,2,2,2
ridículo,pumas,10.0,intra_sub,2,2,2,2
ridículo,jugador,9.0,intra_sub,2,2,2,2
ridículo,árbitro,5.0,intra_sub,2,2,2,2
ridículo,comentario,5.0,intra_cluster,2,2,2,5
ridículo,america,4.0,intra_sub,2,2,2,2
ridículo,liga,4.0,intra_sub,2,2,2,2
ridículo,dejar,4.0,intra_cluster,2,2,2,1
ridículo,marcar,4.0,intra_sub,2,2,2,2
ridículo,roberto,3.0,intra_cluster,2,2,2,2
ridículo,pedir,3.0,intra_cluster,2,2,2,1
ridículo,mundo,2.0,intra_cluster,2,2,2,1
ridículo,revés,2.0,intra_cluster,2,2,2,2
ridículo,manejar,2.0,intra_cluster,2,2,2,2
ridículo,acudir,2.0,intra_cluster,2,2,2,-1
ridículo,sanción,2.0,intra_cluster,2,2,2,2
ridículo,favor,2.0,intra_cluster,2,2,2,2
ridículo,sopa,2.0,intra_cluster,2,2,2,-1
ridículo,lesionado,2.0,intra_cluster,2,2,2,2
ridículo,robo,2.0,intra_cluster,2,2,2,2
ciudadvictoria,ciudadmadero,7.0,intra_sub,2,2,0,0
ciudadvictoria,ríobravo,4.0,intra_sub,2,2,0,0
ciudadvictoria,monterrey,3.0,intra_cluster,2,2,0,4
ciudadvictoria,inversión,2.0,intra_cluster,2,2,0,1
ciudadvictoria,funcionario,2.0,intra_cluster,2,2,0,1
fiscal,huachicol,19.0,intra_sub,2,2,3,3
fiscal,manuel,4.0,intra_sub,2,2,3,3
fiscal,millón,3.0,intra_cluster,2,2,3,3
fiscal,robar,2.0,intra_cluster,2,2,3,1
fiscal,robo,2.0,intra_cluster,2,2,3,2
fiscal,entrar,2.0,intra_cluster,2,2,3,2
fiscal,crear,2.0,intra_cluster,2,2,3,1
fiscal,final,2.0,intra_cluster,2,2,3,2
huachicol,hijo,8.0,intra_sub,2,2,3,3
huachicol,andy,5.0,intra_sub,2,2,3,3
huachicol,robo,4.0,intra_cluster,2,2,3,2
huachicol,lopez,4.0,intra_sub,2,2,3,3
huachicol,manuel,4.0,intra_sub,2,2,3,3
huachicol,trump,3.0,intra_cluster,2,2,3,1
huachicol,millón,3.0,intra_cluster,2,2,3,3
huachicol,dejar,2.0,intra_cluster,2,2,3,1
huachicol,mero,2.0,intra_cluster,2,2,3,3
huachicol,beltrán,2.0,intra_cluster,2,2,3,3
huachicol,justicia,2.0,intra_cluster,2,2,3,1
huachicol,pez,2.0,intra_cluster,2,2,3,3
huachicol,gordo,2.0,intra_cluster,2,2,3,3
huachicol,crear,2.0,intra_cluster,2,2,3,1
huachicol,llegar,2.0,intra_cluster,2,2,3,1
monterrey,coahuila,16.0,intra_sub,2,2,4,4
monterrey,puebla,12.0,intra_sub,2,2,4,4
monterrey,slp,11.0,intra_sub,2,2,4,4
monterrey,toluca,9.0,intra_sub,2,2,4,4
monterrey,guadalajara,9.0,intra_sub,2,2,4,4
monterrey,ligamx,8.0,intra_sub,2,2,4,4
monterrey,león,7.0,intra_sub,2,2,4,4
monterrey,cdmx,6.0,intra_sub,2,2,4,4
monterrey,ríobravo,6.0,intra_cluster,2,2,4,0
monterrey,elmante,4.0,intra_cluster,2,2,4,0
monterrey,pumas,3.0,intra_cluster,2,2,4,2
monterrey,desaparecer,2.0,intra_cluster,2,2,4,-1
monterrey,liga,2.0,intra_cluster,2,2,4,2
monterrey,pemex,2.0,intra_cluster,2,2,4,4
monterrey,tampico,30.0,extra,2,4,4,0
coahuila,guadalajara,14.0,intra_sub,2,2,4,4
coahuila,cdmx,11.0,intra_sub,2,2,4,4
coahuila,slp,9.0,intra_sub,2,2,4,4
coahuila,morena,8.0,intra_cluster,2,2,4,1
coahuila,pri,8.0,intra_cluster,2,2,4,1
coahuila,toluca,7.0,intra_sub,2,2,4,4
coahuila,ligamx,6.0,intra_sub,2,2,4,4
coahuila,entrar,3.0,intra_cluster,2,2,4,2
coahuila,tendencia,3.0,intra_cluster,2,2,4,-1
coahuila,llegar,2.0,intra_cluster,2,2,4,1
coahuila,ciudadmadero,2.0,intra_cluster,2,2,4,0
ciudadmadero,elmante,6.0,intra_sub,2,2,0,0
ciudadmadero,cdmx,6.0,intra_cluster,2,2,0,4
ciudadmadero,sol,2.0,intra_cluster,2,2,0,1
buscar,dejar,5.0,intra_sub,2,2,1,1
buscar,llegar,4.0,intra_sub,2,2,1,1
buscar,estrategia,4.0,intra_sub,2,2,1,1
buscar,inversión,3.0,intra_cluster,2,2,1,1
buscar,inicio,2.0,intra_cluster,2,2,1,-1
buscar,sol,2.0,intra_cluster,2,2,1,1
buscar,proteger,2.0,intra_cluster,2,2,1,1
buscar,atrás,2.0,intra_cluster,2,2,1,-1
buscar,pánuco,2.0,intra_cluster,2,2,1,1
buscar,elpuntoes,2.0,intra_cluster,2,2,1,-1
buscar,tampico,37.0,extra,2,4,1,0
cdmx,guadalajara,17.0,intra_sub,2,2,4,4
cdmx,elmante,5.0,intra_cluster,2,2,4,0
cdmx,león,5.0,intra_sub,2,2,4,4
cdmx,puebla,5.0,intra_sub,2,2,4,4
cdmx,slp,4.0,intra_sub,2,2,4,4
cdmx,estadio,2.0,intra_cluster,2,2,4,5
cdmx,concierto,2.0,intra_cluster,2,2,4,5
cdmx,desaparecer,2.0,intra_cluster,2,2,4,-1
cdmx,mundo,2.0,intra_cluster,2,2,4,1
cdmx,sufrir,2.0,intra_cluster,2,2,4,-1
cdmx,pemex,2.0,intra_cluster,2,2,4,4
guadalajara,toluca,7.0,intra_sub,2,2,4,4
guadalajara,león,7.0,intra_sub,2,2,4,4
guadalajara,puebla,7.0,intra_sub,2,2,4,4
guadalajara,fmf,4.0,intra_cluster,2,2,4,2
guadalajara,negocio,4.0,intra_cluster,2,2,4,2
guadalajara,manejar,2.0,intra_cluster,2,2,4,2
guadalajara,pemex,2.0,intra_cluster,2,2,4,4
andy,beltrán,6.0,intra_sub,2,2,3,3
andy,lopez,5.0,intra_sub,2,2,3,3
andy,hijo,4.0,intra_sub,2,2,3,3
andy,gordo,2.0,intra_cluster,2,2,3,3
andy,justicia,2.0,intra_cluster,2,2,3,1
andy,loco,2.0,intra_cluster,2,2,3,-1
andy,diputado,2.0,intra_cluster,2,2,3,-1
roberto,gomez,6.0,intra_cluster,2,2,2,-1
roberto,comentario,4.0,intra_cluster,2,2,2,5
roberto,pumas,4.0,intra_sub,2,2,2,2
roberto,america,3.0,intra_cluster,2,2,2,2
roberto,saludos,3.0,intra_cluster,2,2,2,1
roberto,favor,2.0,intra_cluster,2,2,2,2
roberto,reglas,2.0,intra_cluster,2,2,2,2
roberto,liga,2.0,intra_cluster,2,2,2,2
roberto,alguien,2.0,intra_cluster,2,2,2,2
comentario,participar,14.0,intra_sub,2,2,5,5
comentario,ganador,12.0,intra_sub,2,2,5,5
comentario,dejar,5.0,intra_cluster,2,2,5,1
comentario,doble,4.0,intra_sub,2,2,5,5
comentario,concierto,4.0,intra_sub,2,2,5,5
comentario,canción,4.0,intra_sub,2,2,5,5
comentario,like,4.0,intra_sub,2,2,5,5
comentario,mundo,3.0,intra_cluster,2,2,5,1
comentario,cuál,3.0,intra_cluster,2,2,5,5
comentario,artista,2.0,intra_cluster,2,2,5,5
comentario,defender,2.0,intra_cluster,2,2,5,2
comentario,mexicana,2.0,intra_cluster,2,2,5,1
comentario,estadio,2.0,intra_cluster,2,2,5,5
comentario,pase,2.0,intra_cluster,2,2,5,5
participar,ganador,8.0,intra_sub,2,2,5,5
participar,pase,5.0,intra_sub,2,2,5,5
participar,doble,5.0,intra_sub,2,2,5,5
participar,concierto,4.0,intra_sub,2,2,5,5
participar,canción,4.0,intra_sub,2,2,5,5
participar,dejar,4.0,intra_cluster,2,2,5,1
participar,justicia,2.0,intra_cluster,2,2,5,1
participar,convencido,2.0,intra_cluster,2,2,5,-1
participar,mundo,2.0,intra_cluster,2,2,5,1
participar,encontrar,2.0,intra_cluster,2,2,5,3
participar,favor,2.0,intra_cluster,2,2,5,2
participar,mexicana,2.0,intra_cluster,2,2,5,1
participar,estadio,2.0,intra_cluster,2,2,5,5
participar,cuál,2.0,intra_cluster,2,2,5,5
participar,final,2.0,intra_cluster,2,2,5,2
participar,juego,2.0,intra_cluster,2,2,5,2
participar,proteger,2.0,intra_cluster,2,2,5,1
participar,completar,2.0,intra_cluster,2,2,5,-1
paz,justicia,6.0,intra_sub,2,2,1,1
paz,dejar,5.0,intra_sub,2,2,1,1
paz,convencido,5.0,intra_cluster,2,2,1,-1
paz,gracia,4.0,intra_sub,2,2,1,1
paz,esperanza,4.0,intra_cluster,2,2,1,-1
paz,alcanzar,4.0,intra_cluster,2,2,1,-1
paz,trump,3.0,intra_cluster,2,2,1,1
paz,juego,3.0,intra_cluster,2,2,1,2
paz,amor,3.0,intra_cluster,2,2,1,1
paz,favor,2.0,intra_cluster,2,2,1,2
paz,información,2.0,intra_cluster,2,2,1,1
paz,estrategia,2.0,intra_cluster,2,2,1,1
paz,base,2.0,intra_cluster,2,2,1,-1
beltrán,proteger,2.0,intra_cluster,2,2,3,1
beltrán,diputado,2.0,intra_cluster,2,2,3,-1
beltrán,federal,2.0,intra_cluster,2,2,3,1
gordo,pez,13.0,intra_sub,2,2,3,3
gordo,puro,5.0,intra_sub,2,2,3,3
gordo,lopez,2.0,intra_cluster,2,2,3,3
gordo,manuel,2.0,intra_cluster,2,2,3,3
gordo,morena,2.0,intra_cluster,2,2,3,1
gordo,trump,2.0,intra_cluster,2,2,3,1
gordo,criminal,2.0,intra_cluster,2,2,3,1
pez,puro,2.0,intra_cluster,2,2,3,3
pez,lopez,2.0,intra_cluster,2,2,3,3
pez,morena,2.0,intra_cluster,2,2,3,1
pez,trump,2.0,intra_cluster,2,2,3,1
ganador,dejar,4.0,intra_cluster,2,2,5,1
ganador,canción,3.0,intra_cluster,2,2,5,5
ganador,allá,2.0,intra_cluster,2,2,5,-1
justicia,morena,9.0,intra_sub,2,2,1,1
justicia,federal,5.0,intra_sub,2,2,1,1
justicia,mexicana,4.0,intra_sub,2,2,1,1
justicia,criminal,4.0,intra_sub,2,2,1,1
justicia,valer,3.0,intra_cluster,2,2,1,2
justicia,funcionario,3.0,intra_cluster,2,2,1,1
justicia,pedir,3.0,intra_cluster,2,2,1,1
justicia,dejar,3.0,intra_cluster,2,2,1,1
justicia,trump,3.0,intra_cluster,2,2,1,1
justicia,eeuu,2.0,intra_cluster,2,2,1,-1
justicia,acá,2.0,intra_cluster,2,2,1,-1
justicia,proteger,2.0,intra_cluster,2,2,1,1
justicia,llegar,2.0,intra_cluster,2,2,1,1
justicia,par,2.0,intra_cluster,2,2,1,-1
justicia,america,2.0,intra_cluster,2,2,1,2
justicia,reglas,2.0,intra_cluster,2,2,1,2
riobravo,vallehermoso,8.0,intra_sub,2,2,0,0
dejar,proteger,6.0,intra_sub,2,2,1,1
dejar,favor,5.0,intra_cluster,2,2,1,2
dejar,atrás,5.0,intra_cluster,2,2,1,-1
dejar,terminar,5.0,intra_cluster,2,2,1,2
dejar,empezar,5.0,intra_sub,2,2,1,1
dejar,amor,4.0,intra_sub,2,2,1,1
dejar,crear,4.0,intra_sub,2,2,1,1
dejar,entrar,3.0,intra_cluster,2,2,1,2
dejar,información,3.0,intra_cluster,2,2,1,1
dejar,padre,3.0,intra_cluster,2,2,1,1
dejar,like,3.0,intra_cluster,2,2,1,5
dejar,pedir,3.0,intra_cluster,2,2,1,1
dejar,alguien,3.0,intra_cluster,2,2,1,2
dejar,defender,3.0,intra_cluster,2,2,1,2
dejar,saludos,2.0,intra_cluster,2,2,1,1
dejar,llegar,2.0,intra_cluster,2,2,1,1
dejar,federal,2.0,intra_cluster,2,2,1,1
dejar,robar,2.0,intra_cluster,2,2,1,1
dejar,puro,2.0,intra_cluster,2,2,1,3
dejar,mero,2.0,intra_cluster,2,2,1,3
dejar,robo,2.0,intra_cluster,2,2,1,2
dejar,gracia,2.0,intra_cluster,2,2,1,1
dejar,america,2.0,intra_cluster,2,2,1,2
dejar,jugador,2.0,intra_cluster,2,2,1,2
dejar,pumas,2.0,intra_cluster,2,2,1,2
dejar,allá,2.0,intra_cluster,2,2,1,-1
dejar,importar,2.0,intra_cluster,2,2,1,2
dejar,pánuco,2.0,intra_cluster,2,2,1,1
dejar,morén,2.0,intra_cluster,2,2,1,1
dejar,atacar,2.0,intra_cluster,2,2,1,-1
dejar,estadio,2.0,intra_cluster,2,2,1,5
jugador,árbitro,12.0,intra_sub,2,2,2,2
jugador,entrar,7.0,intra_sub,2,2,2,2
jugador,pumas,6.0,intra_sub,2,2,2,2
jugador,sanción,4.0,intra_sub,2,2,2,2
jugador,lesionado,4.0,intra_sub,2,2,2,2
jugador,defender,4.0,intra_sub,2,2,2,2
jugador,juego,3.0,intra_cluster,2,2,2,2
jugador,reglas,2.0,intra_cluster,2,2,2,2
jugador,marcar,2.0,intra_cluster,2,2,2,2
jugador,atrás,2.0,intra_cluster,2,2,2,-1
jugador,gomez,2.0,intra_cluster,2,2,2,-1
jugador,cambio,38.0,extra,2,1,2,1
árbitro,juego,4.0,intra_sub,2,2,2,2
árbitro,problema,3.0,intra_cluster,2,2,2,2
árbitro,entrar,2.0,intra_cluster,2,2,2,2
árbitro,sanción,2.0,intra_cluster,2,2,2,2
árbitro,dueño,2.0,intra_cluster,2,2,2,-1
árbitro,lesionado,2.0,intra_cluster,2,2,2,2
árbitro,robo,2.0,intra_cluster,2,2,2,2
pánuco,morén,4.0,intra_sub,2,2,1,1
pánuco,información,3.0,intra_cluster,2,2,1,1
pánuco,pinche,2.0,intra_cluster,2,2,1,-1
pánuco,loco,2.0,intra_cluster,2,2,1,-1
pánuco,morena,2.0,intra_cluster,2,2,1,1
pánuco,reportar,2.0,intra_cluster,2,2,1,0
pánuco,atacar,2.0,intra_cluster,2,2,1,-1
pánuco,federal,2.0,intra_cluster,2,2,1,1
pánuco,inicio,2.0,intra_cluster,2,2,1,-1
pánuco,pri,2.0,intra_cluster,2,2,1,1
puebla,slp,7.0,intra_sub,2,2,4,4
puebla,león,6.0,intra_sub,2,2,4,4
puebla,toluca,3.0,intra_cluster,2,2,4,4
puebla,pumas,3.0,intra_cluster,2,2,4,2
puebla,final,2.0,intra_cluster,2,2,4,2
puebla,base,2.0,intra_cluster,2,2,4,-1
puebla,excelente,2.0,intra_cluster,2,2,4,1
puebla,fmf,2.0,intra_cluster,2,2,4,2
puebla,ligamx,2.0,intra_cluster,2,2,4,4
vallehermoso,ríobravo,3.0,intra_cluster,2,2,0,0
vallehermoso,elmante,3.0,intra_cluster,2,2,0,0
lopez,manuel,3.0,intra_cluster,2,2,3,3
lopez,ratero,3.0,intra_cluster,2,2,3,-1
lopez,puro,3.0,intra_cluster,2,2,3,3
lopez,llegar,3.0,intra_cluster,2,2,3,1
lopez,proteger,2.0,intra_cluster,2,2,3,1
lopez,información,2.0,intra_cluster,2,2,3,1
lopez,hijo,2.0,intra_cluster,2,2,3,3
lopez,trump,2.0,intra_cluster,2,2,3,1
lopez,favor,2.0,intra_cluster,2,2,3,2
defender,robar,2.0,intra_cluster,2,2,2,1
defender,alguien,2.0,intra_cluster,2,2,2,2
defender,trump,2.0,intra_cluster,2,2,2,1
defender,sanción,2.0,intra_cluster,2,2,2,2
defender,robo,2.0,intra_cluster,2,2,2,2
defender,crear,2.0,intra_cluster,2,2,2,1
slp,toluca,9.0,intra_sub,2,2,4,4
slp,ríobravo,4.0,intra_cluster,2,2,4,0
slp,elmante,3.0,intra_cluster,2,2,4,0
información,josué,4.0,intra_cluster,2,2,1,-1
información,elpuntoes,3.0,intra_cluster,2,2,1,-1
información,nld,3.0,intra_cluster,2,2,1,0
información,traer,3.0,intra_cluster,2,2,1,1
información,final,3.0,intra_cluster,2,2,1,2
información,federal,3.0,intra_cluster,2,2,1,1
información,puro,2.0,intra_cluster,2,2,1,3
información,terminar,2.0,intra_cluster,2,2,1,2
información,hijo,2.0,intra_cluster,2,2,1,3
información,base,2.0,intra_cluster,2,2,1,-1
información,pedir,2.0,intra_cluster,2,2,1,1
información,diputado,2.0,intra_cluster,2,2,1,-1
información,favor,2.0,intra_cluster,2,2,1,2
información,inicio,2.0,intra_cluster,2,2,1,-1
información,julio,2.0,intra_cluster,2,2,1,-1
millón,robar,3.0,intra_cluster,2,2,3,1
millón,pais,3.0,intra_cluster,2,2,3,3
millón,fan,3.0,intra_cluster,2,2,3,-1
millón,inversión,2.0,intra_cluster,2,2,3,1
millón,federal,2.0,intra_cluster,2,2,3,1
millón,notar,2.0,intra_cluster,2,2,3,3
millón,ladrón,2.0,intra_cluster,2,2,3,-1
millón,hijo,2.0,intra_cluster,2,2,3,3
inversión,crear,2.0,intra_cluster,2,2,1,1
inversión,estrategia,2.0,intra_cluster,2,2,1,1
pumas,liga,4.0,intra_sub,2,2,2,2
pumas,marcar,3.0,intra_cluster,2,2,2,2
pumas,llegar,3.0,intra_cluster,2,2,2,1
pumas,juego,2.0,intra_cluster,2,2,2,2
pumas,vuelta,2.0,intra_cluster,2,2,2,-1
pumas,pedir,2.0,intra_cluster,2,2,2,1
pumas,alguien,2.0,intra_cluster,2,2,2,2
pumas,final,2.0,intra_cluster,2,2,2,2
hijo,morena,3.0,intra_cluster,2,2,3,1
hijo,alguien,2.0,intra_cluster,2,2,3,2
hijo,mero,2.0,intra_cluster,2,2,3,3
hijo,pinche,2.0,intra_cluster,2,2,3,-1
hijo,criminal,2.0,intra_cluster,2,2,3,1
hijo,llegar,2.0,intra_cluster,2,2,3,1
hijo,acudir,2.0,intra_cluster,2,2,3,-1
hijo,ignorante,2.0,intra_cluster,2,2,3,-1
hijo,padre,2.0,intra_cluster,2,2,3,1
morena,pri,7.0,intra_sub,2,2,1,1
morena,robar,6.0,intra_sub,2,2,1,1
morena,criminal,6.0,intra_sub,2,2,1,1
morena,morén,5.0,intra_sub,2,2,1,1
morena,funcionario,4.0,intra_sub,2,2,1,1
morena,ignorante,4.0,intra_cluster,2,2,1,-1
morena,excelente,4.0,intra_sub,2,2,1,1
morena,crear,3.0,intra_cluster,2,2,1,1
morena,llegar,3.0,intra_cluster,2,2,1,1
morena,personaje,3.0,intra_cluster,2,2,1,-1
morena,federal,3.0,intra_cluster,2,2,1,1
morena,trump,3.0,intra_cluster,2,2,1,1
morena,bola,3.0,intra_cluster,2,2,1,-1
morena,ratero,3.0,intra_cluster,2,2,1,-1
morena,negocio,3.0,intra_cluster,2,2,1,2
morena,entrar,3.0,intra_cluster,2,2,1,2
morena,tendencia,3.0,intra_cluster,2,2,1,-1
morena,pedir,2.0,intra_cluster,2,2,1,1
morena,valer,2.0,intra_cluster,2,2,1,2
morena,diputado,2.0,intra_cluster,2,2,1,-1
morena,favor,2.0,intra_cluster,2,2,1,2
morena,ladrón,2.0,intra_cluster,2,2,1,-1
morena,par,2.0,intra_cluster,2,2,1,-1
morena,encontrar,2.0,intra_cluster,2,2,1,3
morena,empezar,2.0,intra_cluster,2,2,1,1
morena,proteger,2.0,intra_cluster,2,2,1,1
morena,reportar,2.0,intra_cluster,2,2,1,0
america,gomez,4.0,intra_cluster,2,2,2,-1
america,reglas,4.0,intra_sub,2,2,2,2
america,león,2.0,intra_cluster,2,2,2,4
america,fmf,2.0,intra_cluster,2,2,2,2
america,terminar,2.0,intra_cluster,2,2,2,2
america,revés,2.0,intra_cluster,2,2,2,2
america,resultar,2.0,intra_cluster,2,2,2,2
ríobravo,elmante,3.0,intra_cluster,2,2,0,0
estrategia,proteger,2.0,intra_cluster,2,2,1,1
estrategia,elpuntoes,2.0,intra_cluster,2,2,1,-1
manuel,proteger,2.0,intra_cluster,2,2,3,1
juego,vuelta,3.0,intra_cluster,2,2,2,-1
juego,favor,2.0,intra_cluster,2,2,2,2
juego,entrar,2.0,intra_cluster,2,2,2,2
juego,lesionado,2.0,intra_cluster,2,2,2,2
juego,robo,2.0,intra_cluster,2,2,2,2
reglas,gomez,2.0,intra_cluster,2,2,2,-1
reglas,león,2.0,intra_cluster,2,2,2,4
ligamx,fmf,2.0,intra_cluster,2,2,4,2
pedir,trump,4.0,intra_sub,2,2,1,1
love,one,8.0,intra_sub,2,2,5,5
one,like,2.0,intra_cluster,2,2,5,5
pri,favor,3.0,intra_cluster,2,2,1,2
pri,tendencia,3.0,intra_cluster,2,2,1,-1
pri,trump,2.0,intra_cluster,2,2,1,1
pri,mexicanos,2.0,intra_cluster,2,2,1,-1
pri,robar,2.0,intra_cluster,2,2,1,1
pri,morén,2.0,intra_cluster,2,2,1,1
mundo,fan,6.0,intra_cluster,2,2,1,-1
mundo,encontrar,4.0,intra_cluster,2,2,1,3
mundo,llegar,4.0,intra_sub,2,2,1,1
mundo,trump,4.0,intra_sub,2,2,1,1
mundo,saludos,2.0,intra_cluster,2,2,1,1
mundo,loco,2.0,intra_cluster,2,2,1,-1
mundo,resultar,2.0,intra_cluster,2,2,1,2
mundo,revés,2.0,intra_cluster,2,2,1,2
mundo,mexicana,2.0,intra_cluster,2,2,1,1
convencido,alcanzar,2.0,intra_cluster,2,2,-1,-1
entrar,final,4.0,intra_sub,2,2,2,2
entrar,crear,2.0,intra_cluster,2,2,2,1
entrar,atrás,2.0,intra_cluster,2,2,2,-1
entrar,llegar,2.0,intra_cluster,2,2,2,1
entrar,trump,2.0,intra_cluster,2,2,2,1
federal,funcionario,5.0,intra_sub,2,2,1,1
federal,robar,4.0,intra_sub,2,2,1,1
federal,mexicana,3.0,intra_cluster,2,2,1,1
federal,diputado,3.0,intra_cluster,2,2,1,-1
federal,negocio,2.0,intra_cluster,2,2,1,2
federal,padre,2.0,intra_cluster,2,2,1,1
nld,final,3.0,intra_cluster,2,2,0,2
cuál,sanción,6.0,intra_cluster,2,2,5,2
sanción,sol,2.0,intra_cluster,2,2,2,1
sanción,puro,2.0,intra_cluster,2,2,2,3
robar,ladrón,5.0,intra_cluster,2,2,1,-1
robar,mexicana,2.0,intra_cluster,2,2,1,1
robar,morén,2.0,intra_cluster,2,2,1,1
criminal,llegar,4.0,intra_sub,2,2,1,1
criminal,proteger,2.0,intra_cluster,2,2,1,1
criminal,mero,2.0,intra_cluster,2,2,1,3
final,terminar,4.0,intra_sub,2,2,2,2
final,traer,4.0,intra_cluster,2,2,2,1
final,estadio,3.0,intra_cluster,2,2,2,5
final,noticia,2.0,intra_cluster,2,2,2,-1
final,liga,2.0,intra_cluster,2,2,2,2
final,encontrar,2.0,intra_cluster,2,2,2,3
final,alguien,2.0,intra_cluster,2,2,2,2
final,mierda,2.0,intra_cluster,2,2,2,3
final,pase,2.0,intra_cluster,2,2,2,5
final,doble,2.0,intra_cluster,2,2,2,5
final,llegar,2.0,intra_cluster,2,2,2,1
final,trump,2.0,intra_cluster,2,2,2,1
proteger,empezar,4.0,intra_sub,2,2,1,1
proteger,bola,4.0,intra_cluster,2,2,1,-1
proteger,llegar,3.0,intra_cluster,2,2,1,1
proteger,morén,2.0,intra_cluster,2,2,1,1
proteger,crear,2.0,intra_cluster,2,2,1,1
amor,abrazo,4.0,intra_cluster,2,2,1,-1
amor,niñez,2.0,intra_cluster,2,2,1,-1
amor,gracia,2.0,intra_cluster,2,2,1,1
favor,morén,3.0,intra_cluster,2,2,2,1
favor,trump,3.0,intra_cluster,2,2,2,1
favor,vuelta,3.0,intra_cluster,2,2,2,-1
favor,marcar,2.0,intra_cluster,2,2,2,2
favor,importar,2.0,intra_cluster,2,2,2,2
doble,pase,5.0,intra_sub,2,2,5,5
doble,concierto,4.0,intra_sub,2,2,5,5
pase,concierto,4.0,intra_sub,2,2,5,5
funcionario,llegar,3.0,intra_cluster,2,2,1,1
funcionario,mexicana,2.0,intra_cluster,2,2,1,1
funcionario,personaje,2.0,intra_cluster,2,2,1,-1
funcionario,negocio,2.0,intra_cluster,2,2,1,2
terminar,camioneta,3.0,intra_cluster,2,2,2,-1
terminar,empezar,2.0,intra_cluster,2,2,2,1
terminar,encontrar,2.0,intra_cluster,2,2,2,3
terminar,festejo,2.0,intra_cluster,2,2,2,-1
llegar,traer,5.0,intra_sub,2,2,1,1
llegar,sol,3.0,intra_cluster,2,2,1,1
llegar,alguien,3.0,intra_cluster,2,2,1,2
llegar,allá,3.0,intra_cluster,2,2,1,-1
llegar,par,3.0,intra_cluster,2,2,1,-1
llegar,problema,2.0,intra_cluster,2,2,1,2
llegar,robo,2.0,intra_cluster,2,2,1,2
llegar,acudir,2.0,intra_cluster,2,2,1,-1
llegar,vuelta,2.0,intra_cluster,2,2,1,-1
llegar,tampico,29.0,extra,2,4,1,0
traer,par,4.0,intra_cluster,2,2,1,-1
traer,puro,2.0,intra_cluster,2,2,1,3
traer,alcanzar,2.0,intra_cluster,2,2,1,-1
empezar,crear,2.0,intra_cluster,2,2,1,1
empezar,bola,2.0,intra_cluster,2,2,1,-1
puro,prueba,4.0,intra_sub,2,2,3,3
puro,pinche,2.0,intra_cluster,2,2,3,-1
puro,mierda,2.0,intra_cluster,2,2,3,3
puro,ignorante,2.0,intra_cluster,2,2,3,-1
puro,excelente,2.0,intra_cluster,2,2,3,1
puro,desaparecer,2.0,intra_cluster,2,2,3,-1
puro,valer,2.0,intra_cluster,2,2,3,2
puro,animalito,2.0,intra_cluster,2,2,3,-1
reportar,robo,4.0,intra_cluster,2,2,0,2
morén,atacar,4.0,intra_cluster,2,2,1,-1
morén,padre,2.0,intra_cluster,2,2,1,1
liga,importar,2.0,intra_cluster,2,2,2,2
liga,manejar,2.0,intra_cluster,2,2,2,2
liga,negocio,2.0,intra_cluster,2,2,2,2
liga,fmf,2.0,intra_cluster,2,2,2,2
liga,saludos,2.0,intra_cluster,2,2,2,1
elpuntoes,diputado,2.0,intra_cluster,2,2,-1,-1
encontrar,prueba,4.0,intra_sub,2,2,3,3
encontrar,notar,2.0,intra_cluster,2,2,3,3
concierto,canción,2.0,intra_cluster,2,2,5,5
canción,artista,2.0,intra_cluster,2,2,5,5
mexicana,fmf,2.0,intra_cluster,2,2,1,2
sol,acudir,4.0,intra_cluster,2,2,1,-1
robo,revés,2.0,intra_cluster,2,2,2,2
prueba,vuelta,2.0,intra_cluster,2,2,3,-1
prueba,pemex,2.0,intra_cluster,2,2,3,4
ignorante,ratero,2.0,intra_cluster,2,2,-1,-1
ignorante,pinche,2.0,intra_cluster,2,2,-1,-1
trump,ratero,2.0,intra_cluster,2,2,1,-1
trump,esperanza,2.0,intra_cluster,2,2,1,-1
excelente,saludos,4.0,intra_sub,2,2,1,1
excelente,noticia,3.0,intra_cluster,2,2,1,-1
excelente,niñez,2.0,intra_cluster,2,2,1,-1
excelente,manejar,2.0,intra_cluster,2,2,1,2
excelente,marcar,2.0,intra_cluster,2,2,1,2
excelente,presidenta,71.0,extra,2,0,1,0
excelente,mónica,40.0,extra,2,0,1,0
excelente,tampico,34.0,extra,2,4,1,0
excelente,alcaldesa,34.0,extra,2,0,1,0
excelente,villarreal,33.0,extra,2,0,1,0
atacar,padre,2.0,intra_cluster,2,2,-1,1
menor,básico,2.0,intra_cluster,2,2,-1,-1
menor,padre,2.0,intra_cluster,2,2,-1,1
padre,niñez,2.0,intra_cluster,2,2,1,-1
negocio,fmf,2.0,intra_cluster,2,2,2,2
negocio,manejar,2.0,intra_cluster,2,2,2,2
saludos,gracia,3.0,intra_cluster,2,2,1,1
saludos,abrazo,3.0,intra_cluster,2,2,1,-1
fmf,dueño,3.0,intra_cluster,2,2,2,-1
fmf,gracia,3.0,intra_cluster,2,2,2,1
fmf,manejar,2.0,intra_cluster,2,2,2,2
bola,pinche,2.0,intra_cluster,2,2,-1,-1
gracia,abrazo,2.0,intra_cluster,2,2,1,-1
estadio,importar,2.0,intra_cluster,2,2,5,2
valer,alguien,2.0,intra_cluster,2,2,2,2
valer,dueño,2.0,intra_cluster,2,2,2,-1
alguien,investigar,2.0,intra_cluster,2,2,2,-1
allá,noticia,2.0,intra_cluster,2,2,-1,-1
allá,investigar,2.0,intra_cluster,2,2,-1,-1
pais,quejar,2.0,intra_cluster,2,2,3,-1
revés,resultar,2.0,intra_cluster,2,2,2,2
noticia,desaparecer,2.0,intra_cluster,2,2,-1,-1
interesante,loco,2.0,intra_cluster,2,2,-1,-1
loco,pinche,2.0,intra_cluster,2,2,-1,-1
niñez,festejo,2.0,intra_cluster,2,2,-1,-1
importar,quejar,2.0,intra_cluster,2,2,2,-1
ciudad,tampico,137.0,intra_cluster,4,4,4,0
ciudad,distinto,24.0,intra_sub,4,4,4,4
ciudad,orgullo,17.0,intra_cluster,4,4,4,1
ciudad,historia,15.0,intra_cluster,4,4,4,2
ciudad,medio,15.0,intra_cluster,4,4,4,5
ciudad,impulsar,15.0,intra_cluster,4,4,4,1
ciudad,sector,15.0,intra_sub,4,4,4,4
ciudad,urbano,14.0,intra_sub,4,4,4,4
ciudad,deportiva,14.0,intra_sub,4,4,4,4
ciudad,celebrar,12.0,intra_cluster,4,4,4,5
ciudad,reconocer,12.0,intra_cluster,4,4,4,5
ciudad,tampiqueño,12.0,intra_cluster,4,4,4,1
ciudad,desarrollo,11.0,intra_cluster,4,4,4,1
ciudad,representar,11.0,intra_cluster,4,4,4,1
ciudad,formar,11.0,intra_cluster,4,4,4,2
ciudad,lluvia,10.0,intra_cluster,4,4,4,0
ciudad,vivir,9.0,intra_cluster,4,4,4,2
ciudad,resultado,9.0,intra_cluster,4,4,4,1
ciudad,deportivo,9.0,intra_cluster,4,4,4,1
ciudad,turismo,8.0,intra_cluster,4,4,4,0
ciudad,ruta,8.0,intra_cluster,4,4,4,0
ciudad,reflejar,8.0,intra_cluster,4,4,4,1
ciudad,cultural,8.0,intra_cluster,4,4,4,2
ciudad,avanzar,8.0,intra_cluster,4,4,4,1
ciudad,agua,8.0,intra_cluster,4,4,4,0
ciudad,ambiente,8.0,intra_cluster,4,4,4,5
ciudad,gestión,8.0,intra_sub,4,4,4,4
ciudad,recorrer,7.0,intra_cluster,4,4,4,2
ciudad,actividad,7.0,intra_cluster,4,4,4,2
ciudad,disfrutar,7.0,intra_cluster,4,4,4,2
ciudad,experiencia,7.0,intra_cluster,4,4,4,2
ciudad,cabo,7.0,intra_cluster,4,4,4,3
ciudad,cultura,7.0,intra_cluster,4,4,4,1
ciudad,unir,7.0,intra_cluster,4,4,4,-1
ciudad,logro,7.0,intra_cluster,4,4,4,-1
ciudad,destacar,7.0,intra_cluster,4,4,4,0
ciudad,invitar,6.0,intra_cluster,4,4,4,2
ciudad,presentar,6.0,intra_cluster,4,4,4,2
ciudad,arte,6.0,intra_cluster,4,4,4,2
ciudad,llenar,6.0,intra_cluster,4,4,4,1
ciudad,identidad,6.0,intra_cluster,4,4,4,2
ciudad,mañana,6.0,intra_cluster,4,4,4,0
ciudad,lleno,6.0,intra_cluster,4,4,4,2
ciudad,protección,6.0,intra_cluster,4,4,4,3
ciudad,infraestructura,6.0,intra_sub,4,4,4,4
ciudad,oportunidad,6.0,intra_cluster,4,4,4,1
ciudad,liderazgo,6.0,intra_cluster,4,4,4,1
ciudad,disciplina,6.0,intra_cluster,4,4,4,1
ciudad,rosa,6.0,intra_cluster,4,4,4,-1
ciudad,principal,5.0,intra_sub,4,4,4,4
ciudad,visitante,5.0,intra_cluster,4,4,4,0
ciudad,general,5.0,intra_cluster,4,4,4,0
ciudad,talento,5.0,intra_cluster,4,4,4,1
ciudad,grande,5.0,intra_cluster,4,4,4,2
ciudad,recorrido,5.0,intra_cluster,4,4,4,0
ciudad,promover,5.0,intra_cluster,4,4,4,1
ciudad,económico,5.0,intra_cluster,4,4,4,1
ciudad,internacional,5.0,intra_cluster,4,4,4,5
ciudad,generación,4.0,intra_cluster,4,4,4,1
ciudad,fuerte,4.0,intra_cluster,4,4,4,0
ciudad,turístico,4.0,intra_cluster,4,4,4,0
ciudad,música,4.0,intra_cluster,4,4,4,2
ciudad,plaza,4.0,intra_cluster,4,4,4,2
ciudad,abrir,4.0,intra_cluster,4,4,4,0
ciudad,edición,4.0,intra_cluster,4,4,4,2
ciudad,contar,4.0,intra_cluster,4,4,4,3
ciudad,futbol,4.0,intra_cluster,4,4,4,-1
ciudad,nivel,4.0,intra_cluster,4,4,4,5
ciudad,recordar,4.0,intra_cluster,4,4,4,5
ciudad,visitar,4.0,intra_sub,4,4,4,4
ciudad,importante,4.0,intra_cluster,4,4,4,1
ciudad,agradecer,4.0,intra_cluster,4,4,4,1
ciudad,encuentro,4.0,intra_cluster,4,4,4,2
ciudad,junio,4.0,intra_cluster,4,4,4,2
ciudad,especial,4.0,intra_cluster,4,4,4,2
ciudad,agenda,4.0,intra_cluster,4,4,4,-1
ciudad,fiesta,4.0,intra_cluster,4,4,4,-1
ciudad,medalla,4.0,intra_cluster,4,4,4,1
ciudad,social,4.0,intra_cluster,4,4,4,1
ciudad,autoridad,3.0,intra_cluster,4,4,4,3
ciudad,tampiqueña,3.0,intra_cluster,4,4,4,1
ciudad,clave,3.0,intra_cluster,4,4,4,2
ciudad,domingo,3.0,intra_cluster,4,4,4,0
ciudad,colaboración,3.0,intra_cluster,4,4,4,-1
ciudad,semana,3.0,intra_cluster,4,4,4,0
ciudad,participación,3.0,intra_cluster,4,4,4,1
ciudad,simulacro,3.0,intra_cluster,4,4,4,0
ciudad,jaiba,3.0,intra_cluster,4,4,4,-1
ciudad,obra,3.0,intra_cluster,4,4,4,4
ciudad,homenaje,3.0,intra_cluster,4,4,4,-1
ciudad,legado,3.0,intra_cluster,4,4,4,-1
ciudad,región,3.0,intra_cluster,4,4,4,1
ciudad,guerrero,3.0,intra_cluster,4,4,4,0
ciudad,comunidad,3.0,intra_cluster,4,4,4,1
ciudad,puente,3.0,intra_cluster,4,4,4,-1
ciudad,prevención,3.0,intra_cluster,4,4,4,1
ciudad,atleta,3.0,intra_cluster,4,4,4,-1
ciudad,herramienta,3.0,intra_cluster,4,4,4,-1
ciudad,sociedad,2.0,intra_cluster,4,4,4,-1
ciudad,emoción,2.0,intra_cluster,4,4,4,2
ciudad,alto,2.0,intra_cluster,4,4,4,5
ciudad,copa,2.0,intra_cluster,4,4,4,2
ciudad,deporte,2.0,intra_cluster,4,4,4,1
ciudad,listo,2.0,intra_cluster,4,4,4,-1
ciudad,civil,2.0,intra_cluster,4,4,4,3
ciudad,veracruz,2.0,intra_cluster,4,4,4,0
ciudad,inaugurar,2.0,intra_cluster,4,4,4,-1
ciudad,brava,2.0,intra_cluster,4,4,4,-1
ciudad,proyecto,2.0,intra_cluster,4,4,4,1
ciudad,histórico,2.0,intra_cluster,4,4,4,1
ciudad,mesa,2.0,intra_cluster,4,4,4,3
ciudad,consolidar,2.0,intra_cluster,4,4,4,-1
ciudad,representante,2.0,intra_cluster,4,4,4,-1
ciudad,mayo,2.0,intra_cluster,4,4,4,0
ciudad,sistema,2.0,intra_cluster,4,4,4,0
ciudad,temporada,2.0,intra_cluster,4,4,4,0
ciudad,cantidad,2.0,intra_cluster,4,4,4,4
ciudad,comenzar,2.0,intra_cluster,4,4,4,-1
ciudad,expo,2.0,intra_cluster,4,4,4,0
ciudad,exposición,2.0,intra_cluster,4,4,4,2
ciudad,felicitación,2.0,intra_cluster,4,4,4,5
ciudad,muestra,2.0,intra_cluster,4,4,4,-1
ciudad,villarreal,46.0,extra,4,0,4,0
ciudad,seguir,43.0,extra,4,1,4,0
ciudad,mónica,40.0,extra,4,0,4,0
ciudad,espacio,38.0,extra,4,1,4,0
ciudad,limpio,29.0,extra,4,1,4,6
ciudad,fortalecer,29.0,extra,4,1,4,0
ciudad,acción,29.0,extra,4,1,4,2
tampico,nota,115.0,intra_sub,4,4,0,0
tampico,revistadebate,99.0,intra_sub,4,4,0,0
tampico,protección,86.0,intra_cluster,4,4,0,3
tampico,civil,65.0,intra_cluster,4,4,0,3
tampico,impulsar,64.0,intra_cluster,4,4,0,1
tampico,sector,50.0,intra_cluster,4,4,0,4
tampico,vivir,42.0,intra_cluster,4,4,0,2
tampico,tampiqueño,41.0,intra_cluster,4,4,0,1
tampico,abril,40.0,intra_sub,4,4,0,0
tampico,mayo,40.0,intra_sub,4,4,0,0
tampico,turístico,39.0,intra_sub,4,4,0,0
tampico,agua,39.0,intra_sub,4,4,0,0
tampico,desarrollo,37.0,intra_cluster,4,4,0,1
tampico,lluvia,37.0,intra_sub,4,4,0,0
tampico,turismo,35.0,intra_sub,4,4,0,0
tampico,prevención,34.0,intra_cluster,4,4,0,1
tampico,social,34.0,intra_cluster,4,4,0,1
tampico,bomberos,32.0,intra_cluster,4,4,0,3
tampico,recorrido,32.0,intra_sub,4,4,0,0
tampico,distinto,32.0,intra_cluster,4,4,0,4
tampico,internacional,32.0,intra_cluster,4,4,0,5
tampico,destacar,31.0,intra_sub,4,4,0,0
tampico,oportunidad,31.0,intra_cluster,4,4,0,1
tampico,semana,31.0,intra_sub,4,4,0,0
tampico,cuida,31.0,intra_cluster,4,4,0,3
tampico,actividad,31.0,intra_cluster,4,4,0,2
tampico,historia,31.0,intra_cluster,4,4,0,2
tampico,importante,31.0,intra_cluster,4,4,0,1
tampico,deportivo,31.0,intra_cluster,4,4,0,1
tampico,reconocer,31.0,intra_cluster,4,4,0,5
tampico,disfrutar,30.0,intra_cluster,4,4,0,2
tampico,celebrar,30.0,intra_cluster,4,4,0,5
tampico,participación,28.0,intra_cluster,4,4,0,1
tampico,plaza,26.0,intra_cluster,4,4,0,2
tampico,orgullo,25.0,intra_cluster,4,4,0,1
tampico,local,24.0,intra_cluster,4,4,0,2
tampico,abrir,23.0,intra_sub,4,4,0,0
tampico,deporte,23.0,intra_cluster,4,4,0,1
tampico,comunidad,23.0,intra_cluster,4,4,0,1
tampico,avanzar,23.0,intra_cluster,4,4,0,1
tampico,urbano,22.0,intra_cluster,4,4,0,4
tampico,económico,22.0,intra_cluster,4,4,0,1
tampico,expo,22.0,intra_sub,4,4,0,0
tampico,sistema,21.0,intra_sub,4,4,0,0
tampico,talento,21.0,intra_cluster,4,4,0,1
tampico,contar,21.0,intra_cluster,4,4,0,3
tampico,estatal,20.0,intra_cluster,4,4,0,3
tampico,lleno,20.0,intra_cluster,4,4,0,2
tampico,invitar,20.0,intra_cluster,4,4,0,2
tampico,medio,20.0,intra_cluster,4,4,0,5
tampico,torneo,20.0,intra_cluster,4,4,0,5
tampico,nivel,20.0,intra_cluster,4,4,0,5
tampico,grupo,20.0,intra_sub,4,4,0,0
tampico,medalla,20.0,intra_cluster,4,4,0,1
tampico,alto,19.0,intra_cluster,4,4,0,5
tampico,deportiva,19.0,intra_cluster,4,4,0,4
tampico,temporada,19.0,intra_sub,4,4,0,0
tampico,pesos,19.0,intra_sub,4,4,0,0
tampico,tarde,19.0,intra_cluster,4,4,0,2
tampico,región,19.0,intra_cluster,4,4,0,1
tampico,mercado,18.0,intra_cluster,4,4,0,2
tampico,cultural,18.0,intra_cluster,4,4,0,2
tampico,ruta,18.0,intra_sub,4,4,0,0
tampico,liderazgo,18.0,intra_cluster,4,4,0,1
tampico,cabo,18.0,intra_cluster,4,4,0,3
tampico,domingo,18.0,intra_sub,4,4,0,0
tampico,resultado,18.0,intra_cluster,4,4,0,1
tampico,representar,17.0,intra_cluster,4,4,0,1
tampico,querétaro,17.0,intra_cluster,4,4,0,-1
tampico,junio,17.0,intra_cluster,4,4,0,2
tampico,josé,16.0,intra_cluster,4,4,0,3
tampico,autoridad,16.0,intra_cluster,4,4,0,3
tampico,cultura,16.0,intra_cluster,4,4,0,1
tampico,ambiente,16.0,intra_cluster,4,4,0,5
tampico,visitante,15.0,intra_sub,4,4,0,0
tampico,especial,15.0,intra_cluster,4,4,0,2
tampico,emoción,15.0,intra_cluster,4,4,0,2
tampico,mañana,15.0,intra_sub,4,4,0,0
tampico,puente,15.0,intra_cluster,4,4,0,-1
tampico,proyecto,15.0,intra_cluster,4,4,0,1
tampico,formar,15.0,intra_cluster,4,4,0,2
tampico,identidad,14.0,intra_cluster,4,4,0,2
tampico,hospital,14.0,intra_cluster,4,4,0,-1
tampico,general,14.0,intra_sub,4,4,0,0
tampico,agradecer,14.0,intra_cluster,4,4,0,1
tampico,histórico,14.0,intra_cluster,4,4,0,1
tampico,encuentro,14.0,intra_cluster,4,4,0,2
tampico,recordar,14.0,intra_cluster,4,4,0,5
tampico,promover,14.0,intra_cluster,4,4,0,1
tampico,veracruz,14.0,intra_sub,4,4,0,0
tampico,reflejar,13.0,intra_cluster,4,4,0,1
tampico,recorrer,13.0,intra_cluster,4,4,0,2
tampico,guerrero,13.0,intra_sub,4,4,0,0
tampico,simulacro,13.0,intra_sub,4,4,0,0
tampico,apoyar,13.0,intra_cluster,4,4,0,2
tampico,obra,13.0,intra_cluster,4,4,0,4
tampico,clave,12.0,intra_cluster,4,4,0,2
tampico,consolidar,12.0,intra_cluster,4,4,0,-1
tampico,tampiqueña,12.0,intra_cluster,4,4,0,1
tampico,fuerte,12.0,intra_sub,4,4,0,0
tampico,parque,12.0,intra_cluster,4,4,0,2
tampico,emergencia,12.0,intra_cluster,4,4,0,3
tampico,grande,12.0,intra_cluster,4,4,0,2
tampico,puerto,11.0,intra_sub,4,4,0,0
tampico,generación,11.0,intra_cluster,4,4,0,1
tampico,listo,11.0,intra_cluster,4,4,0,-1
tampico,colaboración,11.0,intra_cluster,4,4,0,-1
tampico,presentar,11.0,intra_cluster,4,4,0,2
tampico,libertad,10.0,intra_cluster,4,4,0,2
tampico,experiencia,10.0,intra_cluster,4,4,0,2
tampico,infraestructura,10.0,intra_cluster,4,4,0,4
tampico,disciplina,10.0,intra_cluster,4,4,0,1
tampico,río,10.0,intra_sub,4,4,0,0
tampico,visitar,9.0,intra_cluster,4,4,0,4
tampico,llenar,9.0,intra_cluster,4,4,0,1
tampico,exposición,9.0,intra_cluster,4,4,0,2
tampico,martes,9.0,intra_cluster,4,4,0,-1
tampico,marca,9.0,intra_cluster,4,4,0,-1
tampico,principal,8.0,intra_cluster,4,4,0,4
tampico,impacto,8.0,intra_cluster,4,4,0,-1
tampico,reunión,8.0,intra_cluster,4,4,0,-1
tampico,herramienta,8.0,intra_cluster,4,4,0,-1
tampico,reunir,8.0,intra_cluster,4,4,0,-1
tampico,gestión,8.0,intra_cluster,4,4,0,4
tampico,empresarial,8.0,intra_cluster,4,4,0,-1
tampico,privado,8.0,intra_cluster,4,4,0,-1
tampico,juventud,8.0,intra_cluster,4,4,0,-1
tampico,comenzar,8.0,intra_cluster,4,4,0,-1
tampico,ipn,8.0,intra_cluster,4,4,0,5
tampico,proceso,8.0,intra_sub,4,4,0,0
tampico,arte,7.0,intra_cluster,4,4,0,2
tampico,copa,7.0,intra_cluster,4,4,0,2
tampico,fiesta,7.0,intra_cluster,4,4,0,-1
tampico,club,7.0,intra_cluster,4,4,0,-1
tampico,cantidad,7.0,intra_cluster,4,4,0,4
tampico,futbol,7.0,intra_cluster,4,4,0,-1
tampico,texas,7.0,intra_cluster,4,4,0,-1
tampico,atleta,7.0,intra_cluster,4,4,0,-1
tampico,alianza,6.0,intra_cluster,4,4,0,-1
tampico,edición,6.0,intra_cluster,4,4,0,2
tampico,señalar,6.0,intra_cluster,4,4,0,-1
tampico,agenda,6.0,intra_cluster,4,4,0,-1
tampico,crecimiento,6.0,intra_cluster,4,4,0,-1
tampico,innovación,6.0,intra_cluster,4,4,0,-1
tampico,sostenible,6.0,intra_cluster,4,4,0,-1
tampico,atraer,5.0,intra_cluster,4,4,0,-1
tampico,conectar,5.0,intra_cluster,4,4,0,-1
tampico,convenio,5.0,intra_cluster,4,4,0,-1
tampico,inolvidable,5.0,intra_cluster,4,4,0,-1
tampico,enhorabuena,5.0,intra_cluster,4,4,0,3
tampico,política,5.0,intra_cluster,4,4,0,-1
tampico,mesa,5.0,intra_cluster,4,4,0,3
tampico,digital,5.0,intra_cluster,4,4,0,-1
tampico,reúnir,5.0,intra_cluster,4,4,0,-1
tampico,jaiba,5.0,intra_cluster,4,4,0,-1
tampico,increíble,4.0,intra_cluster,4,4,0,-1
tampico,música,4.0,intra_cluster,4,4,0,2
tampico,ángel,4.0,intra_cluster,4,4,0,-1
tampico,comercio,4.0,intra_cluster,4,4,0,-1
tampico,logro,4.0,intra_cluster,4,4,0,-1
tampico,tamaulipeca,4.0,intra_cluster,4,4,0,-1
tampico,legado,4.0,intra_cluster,4,4,0,-1
tampico,futbolero,4.0,intra_cluster,4,4,0,-1
tampico,unir,4.0,intra_cluster,4,4,0,-1
tampico,querido,4.0,intra_cluster,4,4,0,-1
tampico,sociedad,3.0,intra_cluster,4,4,0,-1
tampico,dialogar,3.0,intra_cluster,4,4,0,-1
tampico,felicitación,3.0,intra_cluster,4,4,0,5
tampico,recuerdo,3.0,intra_cluster,4,4,0,-1
tampico,mirar,3.0,intra_cluster,4,4,0,-1
tampico,representante,3.0,intra_cluster,4,4,0,-1
tampico,frontera,3.0,intra_cluster,4,4,0,-1
tampico,campeón,3.0,intra_cluster,4,4,0,-1
tampico,fecha,3.0,intra_cluster,4,4,0,5
tampico,homenaje,3.0,intra_cluster,4,4,0,-1
tampico,voluntario,3.0,intra_cluster,4,4,0,3
tampico,capital,2.0,intra_cluster,4,4,0,-1
tampico,huasteco,2.0,intra_cluster,4,4,0,-1
tampico,lider,2.0,intra_cluster,4,4,0,5
tampico,muestra,2.0,intra_cluster,4,4,0,-1
tampico,conocimiento,2.0,intra_cluster,4,4,0,-1
tampico,obtenido,2.0,intra_cluster,4,4,0,-1
tampico,salón,2.0,intra_cluster,4,4,0,-1
tampico,rosa,2.0,intra_cluster,4,4,0,-1
tampico,villarreal,257.0,extra,4,0,0,0
tampico,mónica,224.0,extra,4,0,0,0
tampico,seguir,175.0,extra,4,1,0,0
tampico,municipal,129.0,extra,4,1,0,2
tampico,gobierno,124.0,extra,4,0,0,1
tampico,presidenta,107.0,extra,4,0,0,0
tampico,fortalecer,101.0,extra,4,1,0,0
tampico,familia,93.0,extra,4,1,0,0
tampico,espacio,89.0,extra,4,1,0,0
tampico,tampicotecuida,86.0,extra,4,1,0,0
tampico,día,85.0,extra,4,1,0,0
tampico,anaya,84.0,extra,4,1,0,2
tampico,cuidar,80.0,extra,4,1,0,0
tampico,bienestar,77.0,extra,4,1,0,3
tampico,colonia,76.0,extra,4,1,0,1
tampico,gracias,75.0,extra,4,0,0,3
tampico,zona,71.0,extra,4,1,0,1
tampico,alcaldesa,63.0,extra,4,0,0,0
tampico,atención,63.0,extra,4,1,0,2
tampico,dirección,60.0,extra,4,1,0,3
tampico,seguridad,59.0,extra,4,1,0,4
tampico,calle,59.0,extra,4,1,0,1
tampico,gob,58.0,extra,4,1,0,6
tampico,salud,57.0,extra,4,1,0,3
tampico,acción,56.0,extra,4,1,0,2
tampico,programa,51.0,extra,4,1,0,3
tampico,construir,49.0,extra,4,1,0,0
tampico,público,48.0,extra,4,1,0,2
tampico,limpio,47.0,extra,4,1,0,6
tampico,tampicovacontodo,47.0,extra,4,1,0,0
tampico,sur,47.0,extra,4,1,0,1
tampico,compromiso,46.0,extra,4,1,0,0
tampico,seguro,46.0,extra,4,1,0,4
tampico,secretaría,45.0,extra,4,1,0,3
tampico,nacional,41.0,extra,4,0,0,1
tampico,municipio,41.0,extra,4,0,0,0
tampico,servicio,39.0,extra,4,1,0,2
tampico,continuar,38.0,extra,4,1,0,2
tampico,convivencia,38.0,extra,4,1,0,0
tampico,mejorar,38.0,extra,4,1,0,4
tampico,apoyo,37.0,extra,4,0,0,1
tampico,mujer,37.0,extra,4,0,0,4
tampico,comapa,35.0,extra,4,1,0,1
tampico,esfuerzo,34.0,extra,4,1,0,0
tampico,brindar,34.0,extra,4,1,0,4
tampico,mantener,34.0,extra,4,1,0,6
tampico,persona,33.0,extra,4,0,0,2
tampico,vida,32.0,extra,4,1,0,0
tampico,servicios,32.0,extra,4,1,0,3
tampico,recibir,31.0,extra,4,0,0,1
tampico,hora,29.0,extra,4,0,0,2
tampico,año,28.0,extra,4,0,0,4
tampico,vialidad,28.0,extra,4,1,0,4
tampico,entrega,28.0,extra,4,0,0,1
tampico,uat,28.0,extra,4,0,0,-1
nota,revistadebate,63.0,intra_sub,4,4,0,0
nota,lluvia,6.0,intra_sub,4,4,0,0
nota,deportivo,6.0,intra_cluster,4,4,0,1
nota,local,4.0,intra_cluster,4,4,0,2
nota,cultural,3.0,intra_cluster,4,4,0,2
nota,tamaulipeca,3.0,intra_cluster,4,4,0,-1
nota,turismo,2.0,intra_cluster,4,4,0,0
nota,estatal,2.0,intra_cluster,4,4,0,3
nota,reflejar,2.0,intra_cluster,4,4,0,1
nota,autoridad,2.0,intra_cluster,4,4,0,3
nota,proceso,2.0,intra_cluster,4,4,0,0
nota,cultura,2.0,intra_cluster,4,4,0,1
revistadebate,deportivo,4.0,intra_cluster,4,4,0,1
revistadebate,impulsar,3.0,intra_cluster,4,4,0,1
revistadebate,turismo,3.0,intra_cluster,4,4,0,0
revistadebate,destacar,3.0,intra_cluster,4,4,0,0
revistadebate,visitante,2.0,intra_cluster,4,4,0,0
revistadebate,talento,2.0,intra_cluster,4,4,0,1
revistadebate,cultural,2.0,intra_cluster,4,4,0,2
revistadebate,simulacro,2.0,intra_cluster,4,4,0,0
revistadebate,lluvia,2.0,intra_cluster,4,4,0,0
revistadebate,deporte,2.0,intra_cluster,4,4,0,1
revistadebate,reconocer,2.0,intra_cluster,4,4,0,5
revistadebate,cultura,2.0,intra_cluster,4,4,0,1
protección,civil,75.0,intra_sub,4,4,3,3
protección,cuida,20.0,intra_sub,4,4,3,3
protección,proteccionciviltampico,19.0,intra_sub,4,4,3,3
protección,tampicosomostodos,19.0,intra_sub,4,4,3,3
protección,bomberos,13.0,intra_sub,4,4,3,3
protección,emergencia,9.0,intra_sub,4,4,3,3
protección,estatal,8.0,intra_sub,4,4,3,3
protección,actividad,8.0,intra_cluster,4,4,3,2
protección,importante,7.0,intra_cluster,4,4,3,1
protección,josé,7.0,intra_sub,4,4,3,3
protección,recorrido,7.0,intra_cluster,4,4,3,0
protección,prevención,5.0,intra_cluster,4,4,3,1
protección,lluvia,5.0,intra_cluster,4,4,3,0
protección,abril,4.0,intra_cluster,4,4,3,0
protección,cabo,4.0,intra_sub,4,4,3,3
protección,cultura,4.0,intra_cluster,4,4,3,1
protección,tampiqueño,4.0,intra_cluster,4,4,3,1
protección,conocimiento,3.0,intra_cluster,4,4,3,-1
protección,fuerte,3.0,intra_cluster,4,4,3,0
protección,formar,3.0,intra_cluster,4,4,3,2
protección,contar,3.0,intra_cluster,4,4,3,3
protección,autoridad,3.0,intra_cluster,4,4,3,3
protección,puerto,2.0,intra_cluster,4,4,3,0
protección,participación,2.0,intra_cluster,4,4,3,1
protección,clave,2.0,intra_cluster,4,4,3,2
protección,veracruz,2.0,intra_cluster,4,4,3,0
protección,disfrutar,2.0,intra_cluster,4,4,3,2
protección,mayo,2.0,intra_cluster,4,4,3,0
protección,impulsar,2.0,intra_cluster,4,4,3,1
protección,social,2.0,intra_cluster,4,4,3,1
protección,medio,2.0,intra_cluster,4,4,3,5
protección,sector,2.0,intra_cluster,4,4,3,4
protección,mañana,2.0,intra_cluster,4,4,3,0
protección,comunidad,2.0,intra_cluster,4,4,3,1
protección,turismo,2.0,intra_cluster,4,4,3,0
protección,agua,2.0,intra_cluster,4,4,3,0
protección,río,2.0,intra_cluster,4,4,3,0
protección,música,2.0,intra_cluster,4,4,3,2
civil,cuida,21.0,intra_sub,4,4,3,3
civil,proteccionciviltampico,19.0,intra_sub,4,4,3,3
civil,tampicosomostodos,19.0,intra_sub,4,4,3,3
civil,bomberostampico,19.0,intra_sub,4,4,3,3
civil,bomberos,16.0,intra_sub,4,4,3,3
civil,josé,10.0,intra_sub,4,4,3,3
civil,estatal,8.0,intra_sub,4,4,3,3
civil,recorrido,6.0,intra_cluster,4,4,3,0
civil,emergencia,5.0,intra_sub,4,4,3,3
civil,actividad,5.0,intra_cluster,4,4,3,2
civil,cultura,5.0,intra_cluster,4,4,3,1
civil,prevención,5.0,intra_cluster,4,4,3,1
civil,sociedad,5.0,intra_cluster,4,4,3,-1
civil,cabo,4.0,intra_sub,4,4,3,3
civil,importante,3.0,intra_cluster,4,4,3,1
civil,privado,3.0,intra_cluster,4,4,3,-1
civil,participación,3.0,intra_cluster,4,4,3,1
civil,fuerte,3.0,intra_cluster,4,4,3,0
civil,lluvia,3.0,intra_cluster,4,4,3,0
civil,contar,3.0,intra_cluster,4,4,3,3
civil,colaboración,3.0,intra_cluster,4,4,3,-1
civil,autoridad,3.0,intra_cluster,4,4,3,3
civil,semana,2.0,intra_cluster,4,4,3,0
civil,abril,2.0,intra_cluster,4,4,3,0
civil,fiesta,2.0,intra_cluster,4,4,3,-1
civil,voluntario,2.0,intra_cluster,4,4,3,3
civil,agradecer,2.0,intra_cluster,4,4,3,1
civil,clave,2.0,intra_cluster,4,4,3,2
civil,mayo,2.0,intra_cluster,4,4,3,0
civil,resultado,2.0,intra_cluster,4,4,3,1
civil,medio,2.0,intra_cluster,4,4,3,5
civil,sector,2.0,intra_cluster,4,4,3,4
civil,turismo,2.0,intra_cluster,4,4,3,0
civil,general,2.0,intra_cluster,4,4,3,0
civil,agua,2.0,intra_cluster,4,4,3,0
impulsar,desarrollo,19.0,intra_sub,4,4,1,1
impulsar,deporte,13.0,intra_sub,4,4,1,1
impulsar,internacional,11.0,intra_cluster,4,4,1,5
impulsar,importante,11.0,intra_sub,4,4,1,1
impulsar,local,10.0,intra_cluster,4,4,1,2
impulsar,actividad,9.0,intra_cluster,4,4,1,2
impulsar,oportunidad,9.0,intra_sub,4,4,1,1
impulsar,ipn,9.0,intra_cluster,4,4,1,5
impulsar,turismo,8.0,intra_cluster,4,4,1,0
impulsar,reconocer,8.0,intra_cluster,4,4,1,5
impulsar,económico,8.0,intra_sub,4,4,1,1
impulsar,emoción,8.0,intra_cluster,4,4,1,2
impulsar,proyecto,8.0,intra_sub,4,4,1,1
impulsar,deportivo,8.0,intra_sub,4,4,1,1
impulsar,cultura,7.0,intra_sub,4,4,1,1
impulsar,conocimiento,7.0,intra_cluster,4,4,1,-1
impulsar,prevención,7.0,intra_sub,4,4,1,1
impulsar,talento,6.0,intra_sub,4,4,1,1
impulsar,resultado,6.0,intra_sub,4,4,1,1
impulsar,región,6.0,intra_sub,4,4,1,1
impulsar,liderazgo,5.0,intra_sub,4,4,1,1
impulsar,social,5.0,intra_sub,4,4,1,1
impulsar,participación,5.0,intra_sub,4,4,1,1
impulsar,herramienta,5.0,intra_cluster,4,4,1,-1
impulsar,privado,5.0,intra_cluster,4,4,1,-1
impulsar,tampiqueño,5.0,intra_sub,4,4,1,1
impulsar,juventud,5.0,intra_cluster,4,4,1,-1
impulsar,promover,5.0,intra_sub,4,4,1,1
impulsar,cultural,4.0,intra_cluster,4,4,1,2
impulsar,disfrutar,4.0,intra_cluster,4,4,1,2
impulsar,turístico,4.0,intra_cluster,4,4,1,0
impulsar,orgullo,4.0,intra_sub,4,4,1,1
impulsar,reunión,4.0,intra_cluster,4,4,1,-1
impulsar,experiencia,4.0,intra_cluster,4,4,1,2
impulsar,comunidad,4.0,intra_sub,4,4,1,1
impulsar,histórico,4.0,intra_sub,4,4,1,1
impulsar,dialogar,3.0,intra_cluster,4,4,1,-1
impulsar,visitante,3.0,intra_cluster,4,4,1,0
impulsar,autoridad,3.0,intra_cluster,4,4,1,3
impulsar,nivel,3.0,intra_cluster,4,4,1,5
impulsar,torneo,3.0,intra_cluster,4,4,1,5
impulsar,disciplina,3.0,intra_cluster,4,4,1,1
impulsar,colaboración,3.0,intra_cluster,4,4,1,-1
impulsar,estatal,3.0,intra_cluster,4,4,1,3
impulsar,sociedad,3.0,intra_cluster,4,4,1,-1
impulsar,crecimiento,3.0,intra_cluster,4,4,1,-1
impulsar,vivir,3.0,intra_cluster,4,4,1,2
impulsar,representar,3.0,intra_cluster,4,4,1,1
impulsar,innovación,3.0,intra_cluster,4,4,1,-1
impulsar,unir,3.0,intra_cluster,4,4,1,-1
impulsar,celebrar,3.0,intra_cluster,4,4,1,5
impulsar,semana,2.0,intra_cluster,4,4,1,0
impulsar,medio,2.0,intra_cluster,4,4,1,5
impulsar,copa,2.0,intra_cluster,4,4,1,2
impulsar,convenio,2.0,intra_cluster,4,4,1,-1
impulsar,mercado,2.0,intra_cluster,4,4,1,2
impulsar,reunir,2.0,intra_cluster,4,4,1,-1
impulsar,identidad,2.0,intra_cluster,4,4,1,2
impulsar,formar,2.0,intra_cluster,4,4,1,2
impulsar,lleno,2.0,intra_cluster,4,4,1,2
impulsar,invitar,2.0,intra_cluster,4,4,1,2
impulsar,parque,2.0,intra_cluster,4,4,1,2
impulsar,empresarial,2.0,intra_cluster,4,4,1,-1
impulsar,abrir,2.0,intra_cluster,4,4,1,0
impulsar,sistema,2.0,intra_cluster,4,4,1,0
impulsar,proceso,2.0,intra_cluster,4,4,1,0
impulsar,logro,2.0,intra_cluster,4,4,1,-1
impulsar,medalla,2.0,intra_cluster,4,4,1,1
impulsar,apoyar,2.0,intra_cluster,4,4,1,2
impulsar,digital,2.0,intra_cluster,4,4,1,-1
impulsar,seguir,37.0,extra,4,1,1,0
impulsar,fortalecer,31.0,extra,4,1,1,0
sector,distinto,12.0,intra_sub,4,4,4,4
sector,obra,9.0,intra_sub,4,4,4,4
sector,sistema,7.0,intra_cluster,4,4,4,0
sector,infraestructura,7.0,intra_sub,4,4,4,4
sector,urbano,7.0,intra_sub,4,4,4,4
sector,guerrero,7.0,intra_cluster,4,4,4,0
sector,lluvia,7.0,intra_cluster,4,4,4,0
sector,cabo,5.0,intra_cluster,4,4,4,3
sector,tampiqueño,5.0,intra_cluster,4,4,4,1
sector,visitar,5.0,intra_sub,4,4,4,4
sector,recorrido,4.0,intra_cluster,4,4,4,0
sector,reconocer,4.0,intra_cluster,4,4,4,5
sector,temporada,4.0,intra_cluster,4,4,4,0
sector,gestión,4.0,intra_sub,4,4,4,4
sector,reunión,4.0,intra_cluster,4,4,4,-1
sector,importante,3.0,intra_cluster,4,4,4,1
sector,mayo,3.0,intra_cluster,4,4,4,0
sector,agradecer,3.0,intra_cluster,4,4,4,1
sector,representar,3.0,intra_cluster,4,4,4,1
sector,destacar,2.0,intra_cluster,4,4,4,0
sector,turismo,2.0,intra_cluster,4,4,4,0
sector,río,2.0,intra_cluster,4,4,4,0
sector,avanzar,2.0,intra_cluster,4,4,4,1
sector,empresarial,2.0,intra_cluster,4,4,4,-1
sector,económico,2.0,intra_cluster,4,4,4,1
sector,emergencia,2.0,intra_cluster,4,4,4,3
sector,formar,2.0,intra_cluster,4,4,4,2
sector,cultura,2.0,intra_cluster,4,4,4,1
sector,josé,2.0,intra_cluster,4,4,4,3
sector,desarrollo,2.0,intra_cluster,4,4,4,1
sector,actividad,2.0,intra_cluster,4,4,4,2
sector,tarde,2.0,intra_cluster,4,4,4,2
sector,liderazgo,2.0,intra_cluster,4,4,4,1
sector,experiencia,2.0,intra_cluster,4,4,4,2
sector,comunidad,2.0,intra_cluster,4,4,4,1
sector,simulacro,2.0,intra_cluster,4,4,4,0
sector,orgullo,2.0,intra_cluster,4,4,4,1
vivir,invitar,10.0,intra_sub,4,4,2,2
vivir,experiencia,9.0,intra_sub,4,4,2,2
vivir,lleno,8.0,intra_sub,4,4,2,2
vivir,disfrutar,8.0,intra_sub,4,4,2,2
vivir,tarde,8.0,intra_sub,4,4,2,2
vivir,historia,7.0,intra_sub,4,4,2,2
vivir,actividad,7.0,intra_sub,4,4,2,2
vivir,oportunidad,5.0,intra_cluster,4,4,2,1
vivir,cultura,4.0,intra_cluster,4,4,2,1
vivir,ambiente,4.0,intra_cluster,4,4,2,5
vivir,frontera,4.0,intra_cluster,4,4,2,-1
vivir,emoción,4.0,intra_sub,4,4,2,2
vivir,histórico,3.0,intra_cluster,4,4,2,1
vivir,semana,3.0,intra_cluster,4,4,2,0
vivir,grande,3.0,intra_cluster,4,4,2,2
vivir,especial,3.0,intra_cluster,4,4,2,2
vivir,memoria,3.0,intra_cluster,4,4,2,-1
vivir,reunir,3.0,intra_cluster,4,4,2,-1
vivir,mañana,3.0,intra_cluster,4,4,2,0
vivir,mercado,2.0,intra_cluster,4,4,2,2
vivir,tampiqueña,2.0,intra_cluster,4,4,2,1
vivir,apoyar,2.0,intra_cluster,4,4,2,2
vivir,turístico,2.0,intra_cluster,4,4,2,0
vivir,abril,2.0,intra_cluster,4,4,2,0
vivir,inolvidable,2.0,intra_cluster,4,4,2,-1
vivir,futbol,2.0,intra_cluster,4,4,2,-1
vivir,destacar,2.0,intra_cluster,4,4,2,0
vivir,visitar,2.0,intra_cluster,4,4,2,4
vivir,contar,2.0,intra_cluster,4,4,2,3
vivir,celebrar,2.0,intra_cluster,4,4,2,5
vivir,encuentro,2.0,intra_cluster,4,4,2,2
vivir,torneo,2.0,intra_cluster,4,4,2,5
vivir,social,2.0,intra_cluster,4,4,2,1
vivir,domingo,2.0,intra_cluster,4,4,2,0
vivir,importante,2.0,intra_cluster,4,4,2,1
vivir,conectar,2.0,intra_cluster,4,4,2,-1
vivir,grupo,2.0,intra_cluster,4,4,2,0
vivir,jaiba,2.0,intra_cluster,4,4,2,-1
vivir,exposición,2.0,intra_cluster,4,4,2,2
vivir,avanzar,2.0,intra_cluster,4,4,2,1
vivir,unir,2.0,intra_cluster,4,4,2,-1
vivir,mayo,2.0,intra_cluster,4,4,2,0
vivir,rosa,2.0,intra_cluster,4,4,2,-1
vivir,infraestructura,2.0,intra_cluster,4,4,2,4
vivir,urbano,2.0,intra_cluster,4,4,2,4
tampiqueño,resultado,12.0,intra_sub,4,4,1,1
tampiqueño,tampiqueña,7.0,intra_sub,4,4,1,1
tampiqueño,importante,7.0,intra_sub,4,4,1,1
tampiqueño,talento,7.0,intra_sub,4,4,1,1
tampiqueño,orgullo,6.0,intra_sub,4,4,1,1
tampiqueño,oportunidad,5.0,intra_sub,4,4,1,1
tampiqueño,apoyar,5.0,intra_cluster,4,4,1,2
tampiqueño,representar,5.0,intra_sub,4,4,1,1
tampiqueño,distinto,5.0,intra_cluster,4,4,1,4
tampiqueño,josé,5.0,intra_cluster,4,4,1,3
tampiqueño,invitar,4.0,intra_cluster,4,4,1,2
tampiqueño,mercado,4.0,intra_cluster,4,4,1,2
tampiqueño,junio,4.0,intra_cluster,4,4,1,2
tampiqueño,medio,4.0,intra_cluster,4,4,1,5
tampiqueño,reúnir,4.0,intra_cluster,4,4,1,-1
tampiqueño,atleta,4.0,intra_cluster,4,4,1,-1
tampiqueño,reflejar,3.0,intra_cluster,4,4,1,1
tampiqueño,actividad,3.0,intra_cluster,4,4,1,2
tampiqueño,deportivo,3.0,intra_cluster,4,4,1,1
tampiqueño,agradecer,3.0,intra_cluster,4,4,1,1
tampiqueño,deporte,3.0,intra_cluster,4,4,1,1
tampiqueño,generación,3.0,intra_cluster,4,4,1,1
tampiqueño,desarrollo,3.0,intra_cluster,4,4,1,1
tampiqueño,prevención,3.0,intra_cluster,4,4,1,1
tampiqueño,alto,3.0,intra_cluster,4,4,1,5
tampiqueño,llenar,3.0,intra_cluster,4,4,1,1
tampiqueño,obra,3.0,intra_cluster,4,4,1,4
tampiqueño,liderazgo,3.0,intra_cluster,4,4,1,1
tampiqueño,medalla,3.0,intra_cluster,4,4,1,1
tampiqueño,identidad,2.0,intra_cluster,4,4,1,2
tampiqueño,reunión,2.0,intra_cluster,4,4,1,-1
tampiqueño,proyecto,2.0,intra_cluster,4,4,1,1
tampiqueño,promover,2.0,intra_cluster,4,4,1,1
tampiqueño,juventud,2.0,intra_cluster,4,4,1,-1
tampiqueño,marca,2.0,intra_cluster,4,4,1,-1
tampiqueño,contar,2.0,intra_cluster,4,4,1,3
tampiqueño,social,2.0,intra_cluster,4,4,1,1
tampiqueño,expo,2.0,intra_cluster,4,4,1,0
tampiqueño,mayo,2.0,intra_cluster,4,4,1,0
tampiqueño,disfrutar,2.0,intra_cluster,4,4,1,2
tampiqueño,reconocer,2.0,intra_cluster,4,4,1,5
tampiqueño,exposición,2.0,intra_cluster,4,4,1,2
tampiqueño,comunidad,2.0,intra_cluster,4,4,1,1
tampiqueño,especial,2.0,intra_cluster,4,4,1,2
tampiqueño,autoridad,2.0,intra_cluster,4,4,1,3
tampiqueño,histórico,2.0,intra_cluster,4,4,1,1
tampiqueño,herramienta,2.0,intra_cluster,4,4,1,-1
tampiqueño,destacar,2.0,intra_cluster,4,4,1,0
tampiqueño,obtenido,2.0,intra_cluster,4,4,1,-1
tampiqueño,ambiente,2.0,intra_cluster,4,4,1,5
tampiqueño,avanzar,2.0,intra_cluster,4,4,1,1
tampiqueño,legado,2.0,intra_cluster,4,4,1,-1
tampiqueño,seguir,31.0,extra,4,1,1,0
abril,semana,7.0,intra_sub,4,4,0,0
abril,domingo,6.0,intra_sub,4,4,0,0
abril,medalla,6.0,intra_cluster,4,4,0,1
abril,mayo,6.0,intra_sub,4,4,0,0
abril,disfrutar,5.0,intra_cluster,4,4,0,2
abril,bomberos,4.0,intra_cluster,4,4,0,3
abril,cabo,4.0,intra_cluster,4,4,0,3
abril,mañana,4.0,intra_sub,4,4,0,0
abril,especial,4.0,intra_cluster,4,4,0,2
abril,estatal,3.0,intra_cluster,4,4,0,3
abril,fiesta,3.0,intra_cluster,4,4,0,-1
abril,distinto,3.0,intra_cluster,4,4,0,4
abril,celebrar,3.0,intra_cluster,4,4,0,5
abril,importante,3.0,intra_cluster,4,4,0,1
abril,puerto,2.0,intra_cluster,4,4,0,0
abril,turismo,2.0,intra_cluster,4,4,0,0
abril,prevención,2.0,intra_cluster,4,4,0,1
abril,ambiente,2.0,intra_cluster,4,4,0,5
abril,actividad,2.0,intra_cluster,4,4,0,2
abril,región,2.0,intra_cluster,4,4,0,1
abril,fuerte,2.0,intra_cluster,4,4,0,0
abril,plaza,2.0,intra_cluster,4,4,0,2
abril,visitante,2.0,intra_cluster,4,4,0,0
abril,hospital,2.0,intra_cluster,4,4,0,-1
abril,deporte,2.0,intra_cluster,4,4,0,1
abril,disciplina,2.0,intra_cluster,4,4,0,1
abril,económico,2.0,intra_cluster,4,4,0,1
abril,trofeo,2.0,intra_cluster,4,4,0,-1
abril,guerrero,2.0,intra_cluster,4,4,0,0
abril,río,2.0,intra_cluster,4,4,0,0
mayo,general,6.0,intra_sub,4,4,0,0
mayo,distinto,4.0,intra_cluster,4,4,0,4
mayo,domingo,3.0,intra_cluster,4,4,0,0
mayo,unir,3.0,intra_cluster,4,4,0,-1
mayo,semana,3.0,intra_cluster,4,4,0,0
mayo,social,2.0,intra_cluster,4,4,0,1
mayo,rosa,2.0,intra_cluster,4,4,0,-1
mayo,música,2.0,intra_cluster,4,4,0,2
mayo,generación,2.0,intra_cluster,4,4,0,1
mayo,fecha,2.0,intra_cluster,4,4,0,5
mayo,actividad,2.0,intra_cluster,4,4,0,2
mayo,agua,2.0,intra_cluster,4,4,0,0
mayo,celebrar,2.0,intra_cluster,4,4,0,5
mayo,ángel,2.0,intra_cluster,4,4,0,-1
mayo,tampiqueña,2.0,intra_cluster,4,4,0,1
mayo,expo,2.0,intra_cluster,4,4,0,0
mayo,abrir,2.0,intra_cluster,4,4,0,0
mayo,estatal,2.0,intra_cluster,4,4,0,3
mayo,exposición,2.0,intra_cluster,4,4,0,2
turístico,ruta,9.0,intra_sub,4,4,0,0
turístico,destacar,8.0,intra_sub,4,4,0,0
turístico,turismo,8.0,intra_sub,4,4,0,0
turístico,guerrero,6.0,intra_sub,4,4,0,0
turístico,visitante,5.0,intra_sub,4,4,0,0
turístico,semana,5.0,intra_sub,4,4,0,0
turístico,oportunidad,4.0,intra_cluster,4,4,0,1
turístico,consolidar,3.0,intra_cluster,4,4,0,-1
turístico,histórico,3.0,intra_cluster,4,4,0,1
turístico,económico,3.0,intra_cluster,4,4,0,1
turístico,edición,3.0,intra_cluster,4,4,0,2
turístico,nivel,3.0,intra_cluster,4,4,0,5
turístico,desarrollo,3.0,intra_cluster,4,4,0,1
turístico,puerto,2.0,intra_cluster,4,4,0,0
turístico,región,2.0,intra_cluster,4,4,0,1
turístico,listo,2.0,intra_cluster,4,4,0,-1
turístico,atraer,2.0,intra_cluster,4,4,0,-1
turístico,experiencia,2.0,intra_cluster,4,4,0,2
turístico,reflejar,2.0,intra_cluster,4,4,0,1
turístico,internacional,2.0,intra_cluster,4,4,0,5
turístico,cultural,2.0,intra_cluster,4,4,0,2
turístico,infraestructura,2.0,intra_cluster,4,4,0,4
turístico,comunidad,2.0,intra_cluster,4,4,0,1
turístico,rosa,2.0,intra_cluster,4,4,0,-1
turístico,deportivo,2.0,intra_cluster,4,4,0,1
agua,lluvia,13.0,intra_sub,4,4,0,0
agua,prevención,9.0,intra_cluster,4,4,0,1
agua,temporada,7.0,intra_sub,4,4,0,0
agua,simulacro,5.0,intra_sub,4,4,0,0
agua,recordar,4.0,intra_cluster,4,4,0,5
agua,veracruz,3.0,intra_cluster,4,4,0,0
agua,cabo,3.0,intra_cluster,4,4,0,3
agua,alto,3.0,intra_cluster,4,4,0,5
agua,actividad,3.0,intra_cluster,4,4,0,2
agua,presentar,3.0,intra_cluster,4,4,0,2
agua,sistema,3.0,intra_cluster,4,4,0,0
agua,región,3.0,intra_cluster,4,4,0,1
agua,importante,3.0,intra_cluster,4,4,0,1
agua,principal,3.0,intra_cluster,4,4,0,4
agua,avanzar,2.0,intra_cluster,4,4,0,1
agua,internacional,2.0,intra_cluster,4,4,0,5
agua,especial,2.0,intra_cluster,4,4,0,2
agua,liderazgo,2.0,intra_cluster,4,4,0,1
agua,comenzar,2.0,intra_cluster,4,4,0,-1
agua,deportivo,2.0,intra_cluster,4,4,0,1
agua,comunidad,2.0,intra_cluster,4,4,0,1
agua,destacar,2.0,intra_cluster,4,4,0,0
agua,abrir,2.0,intra_cluster,4,4,0,0
agua,ipn,2.0,intra_cluster,4,4,0,5
agua,formar,2.0,intra_cluster,4,4,0,2
desarrollo,urbano,15.0,intra_cluster,4,4,1,4
desarrollo,económico,11.0,intra_sub,4,4,1,1
desarrollo,proyecto,8.0,intra_sub,4,4,1,1
desarrollo,reconocer,8.0,intra_cluster,4,4,1,5
desarrollo,oportunidad,8.0,intra_sub,4,4,1,1
desarrollo,importante,7.0,intra_sub,4,4,1,1
desarrollo,comunidad,6.0,intra_sub,4,4,1,1
desarrollo,sostenible,6.0,intra_cluster,4,4,1,-1
desarrollo,impacto,5.0,intra_cluster,4,4,1,-1
desarrollo,orgullo,5.0,intra_sub,4,4,1,1
desarrollo,herramienta,5.0,intra_cluster,4,4,1,-1
desarrollo,generación,5.0,intra_sub,4,4,1,1
desarrollo,juventud,5.0,intra_cluster,4,4,1,-1
desarrollo,cultura,5.0,intra_sub,4,4,1,1
desarrollo,región,5.0,intra_sub,4,4,1,1
desarrollo,grupo,5.0,intra_cluster,4,4,1,0
desarrollo,medalla,4.0,intra_sub,4,4,1,1
desarrollo,actividad,4.0,intra_cluster,4,4,1,2
desarrollo,agradecer,4.0,intra_sub,4,4,1,1
desarrollo,obra,4.0,intra_cluster,4,4,1,4
desarrollo,liderazgo,3.0,intra_cluster,4,4,1,1
desarrollo,representar,3.0,intra_cluster,4,4,1,1
desarrollo,cabo,3.0,intra_cluster,4,4,1,3
desarrollo,abrir,3.0,intra_cluster,4,4,1,0
desarrollo,formar,3.0,intra_cluster,4,4,1,2
desarrollo,infraestructura,3.0,intra_cluster,4,4,1,4
desarrollo,clave,3.0,intra_cluster,4,4,1,2
desarrollo,histórico,3.0,intra_cluster,4,4,1,1
desarrollo,junio,3.0,intra_cluster,4,4,1,2
desarrollo,participación,3.0,intra_cluster,4,4,1,1
desarrollo,nivel,2.0,intra_cluster,4,4,1,5
desarrollo,recorrido,2.0,intra_cluster,4,4,1,0
desarrollo,colaboración,2.0,intra_cluster,4,4,1,-1
desarrollo,josé,2.0,intra_cluster,4,4,1,3
desarrollo,identidad,2.0,intra_cluster,4,4,1,2
desarrollo,reunión,2.0,intra_cluster,4,4,1,-1
desarrollo,deporte,2.0,intra_cluster,4,4,1,1
desarrollo,talento,2.0,intra_cluster,4,4,1,1
desarrollo,promover,2.0,intra_cluster,4,4,1,1
desarrollo,autoridad,2.0,intra_cluster,4,4,1,3
desarrollo,internacional,2.0,intra_cluster,4,4,1,5
desarrollo,consolidar,2.0,intra_cluster,4,4,1,-1
desarrollo,reflejar,2.0,intra_cluster,4,4,1,1
desarrollo,sociedad,2.0,intra_cluster,4,4,1,-1
desarrollo,privado,2.0,intra_cluster,4,4,1,-1
desarrollo,logro,2.0,intra_cluster,4,4,1,-1
desarrollo,grande,2.0,intra_cluster,4,4,1,2
desarrollo,social,2.0,intra_cluster,4,4,1,1
desarrollo,crecimiento,2.0,intra_cluster,4,4,1,-1
desarrollo,agenda,2.0,intra_cluster,4,4,1,-1
desarrollo,destacar,2.0,intra_cluster,4,4,1,0
desarrollo,gestión,2.0,intra_cluster,4,4,1,4
desarrollo,dialogar,2.0,intra_cluster,4,4,1,-1
desarrollo,proceso,2.0,intra_cluster,4,4,1,0
desarrollo,unir,2.0,intra_cluster,4,4,1,-1
lluvia,temporada,22.0,intra_sub,4,4,0,0
lluvia,recorrido,9.0,intra_sub,4,4,0,0
lluvia,fuerte,8.0,intra_sub,4,4,0,0
lluvia,destacar,4.0,intra_sub,4,4,0,0
lluvia,veracruz,4.0,intra_sub,4,4,0,0
lluvia,cabo,3.0,intra_cluster,4,4,0,3
lluvia,prevención,3.0,intra_cluster,4,4,0,1
lluvia,emergencia,3.0,intra_cluster,4,4,0,3
lluvia,comunidad,2.0,intra_cluster,4,4,0,1
lluvia,mercado,2.0,intra_cluster,4,4,0,2
lluvia,liderazgo,2.0,intra_cluster,4,4,0,1
lluvia,josé,2.0,intra_cluster,4,4,0,3
lluvia,tarde,2.0,intra_cluster,4,4,0,2
lluvia,sistema,2.0,intra_cluster,4,4,0,0
lluvia,cuida,2.0,intra_cluster,4,4,0,3
turismo,ruta,7.0,intra_sub,4,4,0,0
turismo,parque,6.0,intra_cluster,4,4,0,2
turismo,plaza,6.0,intra_cluster,4,4,0,2
turismo,oportunidad,5.0,intra_cluster,4,4,0,1
turismo,visitante,4.0,intra_sub,4,4,0,0
turismo,edición,4.0,intra_cluster,4,4,0,2
turismo,deportivo,4.0,intra_cluster,4,4,0,1
turismo,internacional,4.0,intra_cluster,4,4,0,5
turismo,guerrero,3.0,intra_cluster,4,4,0,0
turismo,económico,3.0,intra_cluster,4,4,0,1
turismo,consolidar,2.0,intra_cluster,4,4,0,-1
turismo,inaugurar,2.0,intra_cluster,4,4,0,-1
turismo,autoridad,2.0,intra_cluster,4,4,0,3
turismo,experiencia,2.0,intra_cluster,4,4,0,2
turismo,local,2.0,intra_cluster,4,4,0,2
turismo,alianza,2.0,intra_cluster,4,4,0,-1
turismo,semana,2.0,intra_cluster,4,4,0,0
turismo,puerto,2.0,intra_cluster,4,4,0,0
turismo,alto,2.0,intra_cluster,4,4,0,5
turismo,visitar,2.0,intra_cluster,4,4,0,4
turismo,reflejar,2.0,intra_cluster,4,4,0,1
turismo,importante,2.0,intra_cluster,4,4,0,1
turismo,atraer,2.0,intra_cluster,4,4,0,-1
turismo,proyecto,2.0,intra_cluster,4,4,0,1
turismo,promover,2.0,intra_cluster,4,4,0,1
turismo,general,2.0,intra_cluster,4,4,0,0
prevención,herramienta,8.0,intra_cluster,4,4,1,-1
prevención,participación,8.0,intra_sub,4,4,1,1
prevención,cultura,7.0,intra_sub,4,4,1,1
prevención,importante,5.0,intra_sub,4,4,1,1
prevención,promover,4.0,intra_sub,4,4,1,1
prevención,principal,4.0,intra_cluster,4,4,1,4
prevención,región,4.0,intra_sub,4,4,1,1
prevención,emergencia,3.0,intra_cluster,4,4,1,3
prevención,sociedad,3.0,intra_cluster,4,4,1,-1
prevención,junio,3.0,intra_cluster,4,4,1,2
prevención,autoridad,3.0,intra_cluster,4,4,1,3
prevención,infraestructura,3.0,intra_cluster,4,4,1,4
prevención,reunión,3.0,intra_cluster,4,4,1,-1
prevención,representar,2.0,intra_cluster,4,4,1,1
prevención,simulacro,2.0,intra_cluster,4,4,1,0
prevención,josé,2.0,intra_cluster,4,4,1,3
prevención,ipn,2.0,intra_cluster,4,4,1,5
prevención,cabo,2.0,intra_cluster,4,4,1,3
prevención,cuida,2.0,intra_cluster,4,4,1,3
prevención,avanzar,2.0,intra_cluster,4,4,1,1
prevención,invitar,2.0,intra_cluster,4,4,1,2
prevención,deportivo,2.0,intra_cluster,4,4,1,1
prevención,recreativa,2.0,intra_cluster,4,4,1,-1
prevención,cultural,2.0,intra_cluster,4,4,1,2
prevención,temporada,2.0,intra_cluster,4,4,1,0
prevención,social,2.0,intra_cluster,4,4,1,1
prevención,conocimiento,2.0,intra_cluster,4,4,1,-1
prevención,estatal,2.0,intra_cluster,4,4,1,3
prevención,unir,2.0,intra_cluster,4,4,1,-1
prevención,nivel,2.0,intra_cluster,4,4,1,5
social,apoyar,5.0,intra_cluster,4,4,1,2
social,deporte,5.0,intra_sub,4,4,1,1
social,importante,5.0,intra_sub,4,4,1,1
social,deportiva,5.0,intra_cluster,4,4,1,4
social,económico,4.0,intra_sub,4,4,1,1
social,junio,4.0,intra_cluster,4,4,1,2
social,torneo,3.0,intra_cluster,4,4,1,5
social,estatal,3.0,intra_cluster,4,4,1,3
social,pesos,3.0,intra_cluster,4,4,1,0
social,historia,3.0,intra_cluster,4,4,1,2
social,deportivo,3.0,intra_cluster,4,4,1,1
social,medio,3.0,intra_cluster,4,4,1,5
social,dialogar,3.0,intra_cluster,4,4,1,-1
social,participación,2.0,intra_cluster,4,4,1,1
social,promover,2.0,intra_cluster,4,4,1,1
social,campeón,2.0,intra_cluster,4,4,1,-1
social,conocimiento,2.0,intra_cluster,4,4,1,-1
social,contar,2.0,intra_cluster,4,4,1,3
social,infraestructura,2.0,intra_cluster,4,4,1,4
social,autoridad,2.0,intra_cluster,4,4,1,3
social,juventud,2.0,intra_cluster,4,4,1,-1
social,talento,2.0,intra_cluster,4,4,1,1
social,impacto,2.0,intra_cluster,4,4,1,-1
social,encuentro,2.0,intra_cluster,4,4,1,2
social,guerrero,2.0,intra_cluster,4,4,1,0
bomberos,emergencia,7.0,intra_sub,4,4,3,3
bomberos,importante,5.0,intra_cluster,4,4,3,1
bomberos,josé,4.0,intra_sub,4,4,3,3
bomberos,cuida,4.0,intra_sub,4,4,3,3
bomberos,semana,3.0,intra_cluster,4,4,3,0
bomberos,colaboración,3.0,intra_cluster,4,4,3,-1
bomberos,disfrutar,3.0,intra_cluster,4,4,3,2
bomberos,fiesta,2.0,intra_cluster,4,4,3,-1
bomberos,cabo,2.0,intra_cluster,4,4,3,3
bomberos,urbano,2.0,intra_cluster,4,4,3,4
recorrido,temporada,7.0,intra_sub,4,4,0,0
recorrido,historia,4.0,intra_cluster,4,4,0,2
recorrido,cabo,3.0,intra_cluster,4,4,0,3
recorrido,distinto,3.0,intra_cluster,4,4,0,4
recorrido,histórico,3.0,intra_cluster,4,4,0,1
recorrido,exposición,3.0,intra_cluster,4,4,0,2
recorrido,colaboración,2.0,intra_cluster,4,4,0,-1
recorrido,recorrer,2.0,intra_cluster,4,4,0,2
recorrido,ruta,2.0,intra_cluster,4,4,0,0
recorrido,reflejar,2.0,intra_cluster,4,4,0,1
recorrido,autoridad,2.0,intra_cluster,4,4,0,3
recorrido,lleno,2.0,intra_cluster,4,4,0,2
recorrido,experiencia,2.0,intra_cluster,4,4,0,2
recorrido,inolvidable,2.0,intra_cluster,4,4,0,-1
recorrido,estatal,2.0,intra_cluster,4,4,0,3
recorrido,comunidad,2.0,intra_cluster,4,4,0,1
recorrido,río,2.0,intra_cluster,4,4,0,0
recorrido,jaiba,2.0,intra_cluster,4,4,0,-1
recorrido,futbol,2.0,intra_cluster,4,4,0,-1
recorrido,legado,2.0,intra_cluster,4,4,0,-1
distinto,música,6.0,intra_cluster,4,4,4,2
distinto,presentar,6.0,intra_cluster,4,4,4,2
distinto,historia,5.0,intra_cluster,4,4,4,2
distinto,oportunidad,5.0,intra_cluster,4,4,4,1
distinto,resultado,5.0,intra_cluster,4,4,4,1
distinto,arte,4.0,intra_cluster,4,4,4,2
distinto,obra,4.0,intra_sub,4,4,4,4
distinto,avanzar,4.0,intra_cluster,4,4,4,1
distinto,cultural,4.0,intra_cluster,4,4,4,2
distinto,contar,3.0,intra_cluster,4,4,4,3
distinto,actividad,3.0,intra_cluster,4,4,4,2
distinto,promover,3.0,intra_cluster,4,4,4,1
distinto,reflejar,3.0,intra_cluster,4,4,4,1
distinto,ambiente,2.0,intra_cluster,4,4,4,5
distinto,semana,2.0,intra_cluster,4,4,4,0
distinto,huasteco,2.0,intra_cluster,4,4,4,-1
distinto,llenar,2.0,intra_cluster,4,4,4,1
distinto,emoción,2.0,intra_cluster,4,4,4,2
distinto,celebrar,2.0,intra_cluster,4,4,4,5
distinto,alto,2.0,intra_cluster,4,4,4,5
distinto,cabo,2.0,intra_cluster,4,4,4,3
distinto,deporte,2.0,intra_cluster,4,4,4,1
distinto,invitar,2.0,intra_cluster,4,4,4,2
distinto,visitar,2.0,intra_cluster,4,4,4,4
distinto,infraestructura,2.0,intra_cluster,4,4,4,4
distinto,medio,2.0,intra_cluster,4,4,4,5
distinto,disfrutar,2.0,intra_cluster,4,4,4,2
distinto,formar,2.0,intra_cluster,4,4,4,2
distinto,disciplina,2.0,intra_cluster,4,4,4,1
distinto,deportivo,2.0,intra_cluster,4,4,4,1
internacional,reconocer,7.0,intra_sub,4,4,5,5
internacional,torneo,7.0,intra_sub,4,4,5,5
internacional,nivel,6.0,intra_sub,4,4,5,5
internacional,medio,5.0,intra_sub,4,4,5,5
internacional,ipn,5.0,intra_sub,4,4,5,5
internacional,ambiente,4.0,intra_sub,4,4,5,5
internacional,celebrar,3.0,intra_cluster,4,4,5,5
internacional,recordar,3.0,intra_cluster,4,4,5,5
internacional,resultado,3.0,intra_cluster,4,4,5,1
internacional,destacar,3.0,intra_cluster,4,4,5,0
internacional,identidad,2.0,intra_cluster,4,4,5,2
internacional,cultural,2.0,intra_cluster,4,4,5,2
internacional,historia,2.0,intra_cluster,4,4,5,2
internacional,clave,2.0,intra_cluster,4,4,5,2
internacional,atraer,2.0,intra_cluster,4,4,5,-1
internacional,mercado,2.0,intra_cluster,4,4,5,2
internacional,presentar,2.0,intra_cluster,4,4,5,2
internacional,autoridad,2.0,intra_cluster,4,4,5,3
internacional,gestión,2.0,intra_cluster,4,4,5,4
internacional,llenar,2.0,intra_cluster,4,4,5,1
internacional,orgullo,2.0,intra_cluster,4,4,5,1
internacional,liderazgo,2.0,intra_cluster,4,4,5,1
destacar,obra,4.0,intra_cluster,4,4,0,4
destacar,cultural,3.0,intra_cluster,4,4,0,2
destacar,deporte,3.0,intra_cluster,4,4,0,1
destacar,comunidad,3.0,intra_cluster,4,4,0,1
destacar,urbano,3.0,intra_cluster,4,4,0,4
destacar,nivel,3.0,intra_cluster,4,4,0,5
destacar,pesos,3.0,intra_cluster,4,4,0,0
destacar,puerto,2.0,intra_cluster,4,4,0,0
destacar,crecimiento,2.0,intra_cluster,4,4,0,-1
destacar,fuerte,2.0,intra_cluster,4,4,0,0
destacar,josé,2.0,intra_cluster,4,4,0,3
destacar,liderazgo,2.0,intra_cluster,4,4,0,1
destacar,torneo,2.0,intra_cluster,4,4,0,5
destacar,capital,2.0,intra_cluster,4,4,0,-1
destacar,gestión,2.0,intra_cluster,4,4,0,4
oportunidad,económico,8.0,intra_sub,4,4,1,1
oportunidad,abrir,6.0,intra_cluster,4,4,1,0
oportunidad,representar,6.0,intra_sub,4,4,1,1
oportunidad,experiencia,5.0,intra_cluster,4,4,1,2
oportunidad,marca,5.0,intra_cluster,4,4,1,-1
oportunidad,crecimiento,5.0,intra_cluster,4,4,1,-1
oportunidad,resultado,4.0,intra_sub,4,4,1,1
oportunidad,medalla,3.0,intra_cluster,4,4,1,1
oportunidad,talento,3.0,intra_cluster,4,4,1,1
oportunidad,proyecto,3.0,intra_cluster,4,4,1,1
oportunidad,local,3.0,intra_cluster,4,4,1,2
oportunidad,agradecer,3.0,intra_cluster,4,4,1,1
oportunidad,generación,3.0,intra_cluster,4,4,1,1
oportunidad,deportivo,3.0,intra_cluster,4,4,1,1
oportunidad,mercado,2.0,intra_cluster,4,4,1,2
oportunidad,apoyar,2.0,intra_cluster,4,4,1,2
oportunidad,política,2.0,intra_cluster,4,4,1,-1
oportunidad,trofeo,2.0,intra_cluster,4,4,1,-1
oportunidad,alto,2.0,intra_cluster,4,4,1,5
oportunidad,consolidar,2.0,intra_cluster,4,4,1,-1
oportunidad,competitivo,2.0,intra_cluster,4,4,1,5
oportunidad,actividad,2.0,intra_cluster,4,4,1,2
oportunidad,comercio,2.0,intra_cluster,4,4,1,-1
oportunidad,ipn,2.0,intra_cluster,4,4,1,5
oportunidad,representante,2.0,intra_cluster,4,4,1,-1
oportunidad,promover,2.0,intra_cluster,4,4,1,1
oportunidad,colaboración,2.0,intra_cluster,4,4,1,-1
oportunidad,avanzar,2.0,intra_cluster,4,4,1,1
oportunidad,participación,2.0,intra_cluster,4,4,1,1
oportunidad,nivel,2.0,intra_cluster,4,4,1,5
oportunidad,conocimiento,2.0,intra_cluster,4,4,1,-1
semana,actividad,5.0,intra_cluster,4,4,0,2
semana,agenda,5.0,intra_cluster,4,4,0,-1
semana,cultural,4.0,intra_cluster,4,4,0,2
semana,disfrutar,4.0,intra_cluster,4,4,0,2
semana,domingo,4.0,intra_sub,4,4,0,0
semana,visitante,4.0,intra_sub,4,4,0,0
semana,josé,3.0,intra_cluster,4,4,0,3
semana,arte,3.0,intra_cluster,4,4,0,2
semana,martes,3.0,intra_cluster,4,4,0,-1
semana,deportivo,3.0,intra_cluster,4,4,0,1
semana,estatal,2.0,intra_cluster,4,4,0,3
semana,listo,2.0,intra_cluster,4,4,0,-1
semana,increíble,2.0,intra_cluster,4,4,0,-1
semana,plaza,2.0,intra_cluster,4,4,0,2
semana,veracruz,2.0,intra_cluster,4,4,0,0
semana,ambiente,2.0,intra_cluster,4,4,0,5
semana,económico,2.0,intra_cluster,4,4,0,1
semana,presentar,2.0,intra_cluster,4,4,0,2
semana,importante,2.0,intra_cluster,4,4,0,1
semana,mañana,2.0,intra_cluster,4,4,0,0
semana,recorrer,2.0,intra_cluster,4,4,0,2
semana,unir,2.0,intra_cluster,4,4,0,-1
semana,lleno,2.0,intra_cluster,4,4,0,2
semana,cabo,2.0,intra_cluster,4,4,0,3
semana,histórico,2.0,intra_cluster,4,4,0,1
cuida,proteccionciviltampico,19.0,intra_sub,4,4,3,3
cuida,emergencia,7.0,intra_sub,4,4,3,3
cuida,temporada,3.0,intra_cluster,4,4,3,0
cuida,importante,3.0,intra_cluster,4,4,3,1
actividad,cultural,9.0,intra_sub,4,4,2,2
actividad,disfrutar,9.0,intra_sub,4,4,2,2
actividad,deportivo,7.0,intra_cluster,4,4,2,1
actividad,importante,6.0,intra_cluster,4,4,2,1
actividad,invitar,5.0,intra_sub,4,4,2,2
actividad,cabo,5.0,intra_cluster,4,4,2,3
actividad,conocimiento,5.0,intra_cluster,4,4,2,-1
actividad,recreativa,5.0,intra_cluster,4,4,2,-1
actividad,encuentro,5.0,intra_sub,4,4,2,2
actividad,región,4.0,intra_cluster,4,4,2,1
actividad,agradecer,4.0,intra_cluster,4,4,2,1
actividad,grande,4.0,intra_sub,4,4,2,2
actividad,lleno,4.0,intra_sub,4,4,2,2
actividad,promover,4.0,intra_cluster,4,4,2,1
actividad,especial,4.0,intra_sub,4,4,2,2
actividad,proceso,4.0,intra_cluster,4,4,2,0
actividad,proyecto,3.0,intra_cluster,4,4,2,1
actividad,cultura,3.0,intra_cluster,4,4,2,1
actividad,agenda,3.0,intra_cluster,4,4,2,-1
actividad,presentar,3.0,intra_cluster,4,4,2,2
actividad,comunidad,3.0,intra_cluster,4,4,2,1
actividad,participación,3.0,intra_cluster,4,4,2,1
actividad,voluntario,3.0,intra_cluster,4,4,2,3
actividad,torneo,3.0,intra_cluster,4,4,2,5
actividad,fuerte,2.0,intra_cluster,4,4,2,0
actividad,domingo,2.0,intra_cluster,4,4,2,0
actividad,mañana,2.0,intra_cluster,4,4,2,0
actividad,música,2.0,intra_cluster,4,4,2,2
actividad,reunir,2.0,intra_cluster,4,4,2,-1
actividad,alto,2.0,intra_cluster,4,4,2,5
actividad,temporada,2.0,intra_cluster,4,4,2,0
actividad,mercado,2.0,intra_cluster,4,4,2,2
actividad,experiencia,2.0,intra_cluster,4,4,2,2
actividad,visitar,2.0,intra_cluster,4,4,2,4
actividad,identidad,2.0,intra_cluster,4,4,2,2
actividad,representar,2.0,intra_cluster,4,4,2,1
actividad,junio,2.0,intra_cluster,4,4,2,2
actividad,memoria,2.0,intra_cluster,4,4,2,-1
actividad,arte,2.0,intra_cluster,4,4,2,2
actividad,guerrero,2.0,intra_cluster,4,4,2,0
actividad,apoyar,2.0,intra_cluster,4,4,2,2
actividad,ipn,2.0,intra_cluster,4,4,2,5
actividad,río,2.0,intra_cluster,4,4,2,0
actividad,local,2.0,intra_cluster,4,4,2,2
actividad,estatal,2.0,intra_cluster,4,4,2,3
actividad,resultado,2.0,intra_cluster,4,4,2,1
actividad,juventud,2.0,intra_cluster,4,4,2,-1
actividad,formar,2.0,intra_cluster,4,4,2,2
historia,orgullo,11.0,intra_cluster,4,4,2,1
historia,identidad,7.0,intra_sub,4,4,2,2
historia,lleno,6.0,intra_sub,4,4,2,2
historia,legado,6.0,intra_cluster,4,4,2,-1
historia,importante,6.0,intra_cluster,4,4,2,1
historia,recordar,6.0,intra_cluster,4,4,2,5
historia,conectar,6.0,intra_cluster,4,4,2,-1
historia,celebrar,5.0,intra_cluster,4,4,2,5
historia,grande,5.0,intra_sub,4,4,2,2
historia,recorrer,4.0,intra_sub,4,4,2,2
historia,contar,4.0,intra_cluster,4,4,2,3
historia,futbol,4.0,intra_cluster,4,4,2,-1
historia,emoción,4.0,intra_sub,4,4,2,2
historia,invitar,4.0,intra_sub,4,4,2,2
historia,trofeo,4.0,intra_cluster,4,4,2,-1
historia,experiencia,3.0,intra_cluster,4,4,2,2
historia,región,3.0,intra_cluster,4,4,2,1
historia,obra,3.0,intra_cluster,4,4,2,4
historia,llenar,2.0,intra_cluster,4,4,2,1
historia,música,2.0,intra_cluster,4,4,2,2
historia,ruta,2.0,intra_cluster,4,4,2,0
historia,arte,2.0,intra_cluster,4,4,2,2
historia,encuentro,2.0,intra_cluster,4,4,2,2
historia,disfrutar,2.0,intra_cluster,4,4,2,2
historia,medalla,2.0,intra_cluster,4,4,2,1
historia,especial,2.0,intra_cluster,4,4,2,2
historia,participación,2.0,intra_cluster,4,4,2,1
historia,copa,2.0,intra_cluster,4,4,2,2
historia,reconocer,2.0,intra_cluster,4,4,2,5
historia,enhorabuena,2.0,intra_cluster,4,4,2,3
historia,mañana,2.0,intra_cluster,4,4,2,0
historia,deporte,2.0,intra_cluster,4,4,2,1
historia,formar,2.0,intra_cluster,4,4,2,2
historia,digital,2.0,intra_cluster,4,4,2,-1
historia,salón,2.0,intra_cluster,4,4,2,-1
historia,inolvidable,2.0,intra_cluster,4,4,2,-1
historia,generación,2.0,intra_cluster,4,4,2,1
historia,obtenido,2.0,intra_cluster,4,4,2,-1
historia,club,2.0,intra_cluster,4,4,2,-1
historia,expo,2.0,intra_cluster,4,4,2,0
historia,muestra,2.0,intra_cluster,4,4,2,-1
historia,querido,2.0,intra_cluster,4,4,2,-1
importante,logro,7.0,intra_cluster,4,4,1,-1
importante,emergencia,7.0,intra_cluster,4,4,1,3
importante,recordar,6.0,intra_cluster,4,4,1,5
importante,avanzar,5.0,intra_sub,4,4,1,1
importante,cultura,5.0,intra_sub,4,4,1,1
importante,alto,5.0,intra_cluster,4,4,1,5
importante,cabo,5.0,intra_cluster,4,4,1,3
importante,deporte,4.0,intra_sub,4,4,1,1
importante,disfrutar,4.0,intra_cluster,4,4,1,2
importante,proyecto,4.0,intra_sub,4,4,1,1
importante,liderazgo,4.0,intra_sub,4,4,1,1
importante,celebrar,4.0,intra_cluster,4,4,1,5
importante,emoción,4.0,intra_cluster,4,4,1,2
importante,estatal,4.0,intra_cluster,4,4,1,3
importante,reunión,4.0,intra_cluster,4,4,1,-1
importante,parque,3.0,intra_cluster,4,4,1,2
importante,representar,3.0,intra_cluster,4,4,1,1
importante,nivel,3.0,intra_cluster,4,4,1,5
importante,reconocer,3.0,intra_cluster,4,4,1,5
importante,plaza,3.0,intra_cluster,4,4,1,2
importante,lleno,3.0,intra_cluster,4,4,1,2
importante,futbol,3.0,intra_cluster,4,4,1,-1
importante,región,3.0,intra_cluster,4,4,1,1
importante,josé,3.0,intra_cluster,4,4,1,3
importante,exposición,3.0,intra_cluster,4,4,1,2
importante,encuentro,3.0,intra_cluster,4,4,1,2
importante,principal,2.0,intra_cluster,4,4,1,4
importante,digital,2.0,intra_cluster,4,4,1,-1
importante,contar,2.0,intra_cluster,4,4,1,3
importante,increíble,2.0,intra_cluster,4,4,1,-1
importante,huasteco,2.0,intra_cluster,4,4,1,-1
importante,invitar,2.0,intra_cluster,4,4,1,2
importante,enhorabuena,2.0,intra_cluster,4,4,1,3
importante,copa,2.0,intra_cluster,4,4,1,2
importante,generación,2.0,intra_cluster,4,4,1,1
importante,orgullo,2.0,intra_cluster,4,4,1,1
importante,conocimiento,2.0,intra_cluster,4,4,1,-1
importante,talento,2.0,intra_cluster,4,4,1,1
importante,ambiente,2.0,intra_cluster,4,4,1,5
importante,fecha,2.0,intra_cluster,4,4,1,5
importante,presentar,2.0,intra_cluster,4,4,1,2
importante,deportivo,2.0,intra_cluster,4,4,1,1
importante,grupo,2.0,intra_cluster,4,4,1,0
importante,participación,2.0,intra_cluster,4,4,1,1
importante,comunidad,2.0,intra_cluster,4,4,1,1
importante,experiencia,2.0,intra_cluster,4,4,1,2
importante,formar,2.0,intra_cluster,4,4,1,2
importante,sostenible,2.0,intra_cluster,4,4,1,-1
importante,reflejar,2.0,intra_cluster,4,4,1,1
importante,reúnir,2.0,intra_cluster,4,4,1,-1
importante,trofeo,2.0,intra_cluster,4,4,1,-1
deportivo,deporte,9.0,intra_sub,4,4,1,1
deportivo,nivel,7.0,intra_cluster,4,4,1,5
deportivo,encuentro,6.0,intra_cluster,4,4,1,2
deportivo,cultural,6.0,intra_cluster,4,4,1,2
deportivo,talento,5.0,intra_sub,4,4,1,1
deportivo,medalla,5.0,intra_sub,4,4,1,1
deportivo,promover,4.0,intra_sub,4,4,1,1
deportivo,fiesta,4.0,intra_cluster,4,4,1,-1
deportivo,comunidad,3.0,intra_cluster,4,4,1,1
deportivo,agradecer,3.0,intra_cluster,4,4,1,1
deportivo,torneo,3.0,intra_cluster,4,4,1,5
deportivo,juventud,3.0,intra_cluster,4,4,1,-1
deportivo,representar,3.0,intra_cluster,4,4,1,1
deportivo,recreativa,3.0,intra_cluster,4,4,1,-1
deportivo,apoyar,3.0,intra_cluster,4,4,1,2
deportivo,reflejar,3.0,intra_cluster,4,4,1,1
deportivo,ambiente,3.0,intra_cluster,4,4,1,5
deportivo,formar,3.0,intra_cluster,4,4,1,2
deportivo,disfrutar,3.0,intra_cluster,4,4,1,2
deportivo,reunir,2.0,intra_cluster,4,4,1,-1
deportivo,club,2.0,intra_cluster,4,4,1,-1
deportivo,región,2.0,intra_cluster,4,4,1,1
deportivo,grande,2.0,intra_cluster,4,4,1,2
deportivo,local,2.0,intra_cluster,4,4,1,2
deportivo,sistema,2.0,intra_cluster,4,4,1,0
deportivo,dialogar,2.0,intra_cluster,4,4,1,-1
deportivo,abrir,2.0,intra_cluster,4,4,1,0
deportivo,atleta,2.0,intra_cluster,4,4,1,-1
deportivo,consolidar,2.0,intra_cluster,4,4,1,-1
deportivo,orgullo,2.0,intra_cluster,4,4,1,1
deportivo,futbolero,2.0,intra_cluster,4,4,1,-1
deportivo,contar,2.0,intra_cluster,4,4,1,3
reconocer,celebrar,8.0,intra_sub,4,4,5,5
reconocer,orgullo,7.0,intra_cluster,4,4,5,1
reconocer,liderazgo,5.0,intra_cluster,4,4,5,1
reconocer,talento,4.0,intra_cluster,4,4,5,1
reconocer,nivel,4.0,intra_sub,4,4,5,5
reconocer,medalla,4.0,intra_cluster,4,4,5,1
reconocer,medio,4.0,intra_sub,4,4,5,5
reconocer,identidad,3.0,intra_cluster,4,4,5,2
reconocer,cultural,3.0,intra_cluster,4,4,5,2
reconocer,ipn,3.0,intra_cluster,4,4,5,5
reconocer,gestión,3.0,intra_cluster,4,4,5,4
reconocer,inaugurar,2.0,intra_cluster,4,4,5,-1
reconocer,lleno,2.0,intra_cluster,4,4,5,2
reconocer,general,2.0,intra_cluster,4,4,5,0
reconocer,alto,2.0,intra_cluster,4,4,5,5
reconocer,tamaulipeca,2.0,intra_cluster,4,4,5,-1
reconocer,crecimiento,2.0,intra_cluster,4,4,5,-1
reconocer,agradecer,2.0,intra_cluster,4,4,5,1
reconocer,disciplina,2.0,intra_cluster,4,4,5,1
reconocer,ambiente,2.0,intra_cluster,4,4,5,5
reconocer,reunión,2.0,intra_cluster,4,4,5,-1
reconocer,experiencia,2.0,intra_cluster,4,4,5,2
reconocer,innovación,2.0,intra_cluster,4,4,5,-1
reconocer,resultado,2.0,intra_cluster,4,4,5,1
reconocer,urbano,2.0,intra_cluster,4,4,5,4
disfrutar,invitar,11.0,intra_sub,4,4,2,2
disfrutar,lleno,8.0,intra_sub,4,4,2,2
disfrutar,ambiente,6.0,intra_cluster,4,4,2,5
disfrutar,especial,6.0,intra_sub,4,4,2,2
disfrutar,tarde,6.0,intra_sub,4,4,2,2
disfrutar,fiesta,5.0,intra_cluster,4,4,2,-1
disfrutar,huasteco,5.0,intra_cluster,4,4,2,-1
disfrutar,apoyar,5.0,intra_sub,4,4,2,2
disfrutar,edición,5.0,intra_sub,4,4,2,2
disfrutar,futbolero,5.0,intra_cluster,4,4,2,-1
disfrutar,junio,4.0,intra_sub,4,4,2,2
disfrutar,emoción,4.0,intra_sub,4,4,2,2
disfrutar,avanzar,3.0,intra_cluster,4,4,2,1
disfrutar,mercado,3.0,intra_cluster,4,4,2,2
disfrutar,cultural,3.0,intra_cluster,4,4,2,2
disfrutar,participación,3.0,intra_cluster,4,4,2,1
disfrutar,arte,3.0,intra_cluster,4,4,2,2
disfrutar,grande,3.0,intra_cluster,4,4,2,2
disfrutar,celebrar,3.0,intra_cluster,4,4,2,5
disfrutar,llenar,3.0,intra_cluster,4,4,2,1
disfrutar,encuentro,3.0,intra_cluster,4,4,2,2
disfrutar,local,3.0,intra_cluster,4,4,2,2
disfrutar,tampiqueña,2.0,intra_cluster,4,4,2,1
disfrutar,martes,2.0,intra_cluster,4,4,2,-1
disfrutar,domingo,2.0,intra_cluster,4,4,2,0
disfrutar,visitante,2.0,intra_cluster,4,4,2,0
disfrutar,música,2.0,intra_cluster,4,4,2,2
disfrutar,contar,2.0,intra_cluster,4,4,2,3
disfrutar,homenaje,2.0,intra_cluster,4,4,2,-1
disfrutar,recorrer,2.0,intra_cluster,4,4,2,2
disfrutar,recordar,2.0,intra_cluster,4,4,2,5
disfrutar,plaza,2.0,intra_cluster,4,4,2,2
disfrutar,recuerdo,2.0,intra_cluster,4,4,2,-1
disfrutar,reunir,2.0,intra_cluster,4,4,2,-1
disfrutar,orgullo,2.0,intra_cluster,4,4,2,1
disfrutar,deportiva,2.0,intra_cluster,4,4,2,4
disfrutar,agenda,2.0,intra_cluster,4,4,2,-1
celebrar,ipn,8.0,intra_sub,4,4,5,5
celebrar,recordar,5.0,intra_sub,4,4,5,5
celebrar,orgullo,5.0,intra_cluster,4,4,5,1
celebrar,autoridad,4.0,intra_cluster,4,4,5,3
celebrar,llenar,3.0,intra_cluster,4,4,5,1
celebrar,identidad,3.0,intra_cluster,4,4,5,2
celebrar,cultural,3.0,intra_cluster,4,4,5,2
celebrar,lleno,3.0,intra_cluster,4,4,5,2
celebrar,invitar,3.0,intra_cluster,4,4,5,2
celebrar,arte,2.0,intra_cluster,4,4,5,2
celebrar,alto,2.0,intra_cluster,4,4,5,5
celebrar,música,2.0,intra_cluster,4,4,5,2
celebrar,cultura,2.0,intra_cluster,4,4,5,1
celebrar,copa,2.0,intra_cluster,4,4,5,2
celebrar,grupo,2.0,intra_cluster,4,4,5,0
celebrar,emoción,2.0,intra_cluster,4,4,5,2
celebrar,formar,2.0,intra_cluster,4,4,5,2
celebrar,presentar,2.0,intra_cluster,4,4,5,2
celebrar,sociedad,2.0,intra_cluster,4,4,5,-1
celebrar,martes,2.0,intra_cluster,4,4,5,-1
celebrar,unir,2.0,intra_cluster,4,4,5,-1
celebrar,torneo,2.0,intra_cluster,4,4,5,5
celebrar,grande,2.0,intra_cluster,4,4,5,2
participación,promover,7.0,intra_sub,4,4,1,1
participación,junio,6.0,intra_cluster,4,4,1,2
participación,música,4.0,intra_cluster,4,4,1,2
participación,cultura,4.0,intra_sub,4,4,1,1
participación,comenzar,4.0,intra_cluster,4,4,1,-1
participación,especial,4.0,intra_cluster,4,4,1,2
participación,simulacro,3.0,intra_cluster,4,4,1,0
participación,talento,3.0,intra_cluster,4,4,1,1
participación,torneo,3.0,intra_cluster,4,4,1,5
participación,encuentro,3.0,intra_cluster,4,4,1,2
participación,lleno,2.0,intra_cluster,4,4,1,2
participación,reunión,2.0,intra_cluster,4,4,1,-1
participación,mercado,2.0,intra_cluster,4,4,1,2
participación,alto,2.0,intra_cluster,4,4,1,5
participación,innovación,2.0,intra_cluster,4,4,1,-1
participación,sistema,2.0,intra_cluster,4,4,1,0
participación,invitar,2.0,intra_cluster,4,4,1,2
participación,autoridad,2.0,intra_cluster,4,4,1,3
participación,política,2.0,intra_cluster,4,4,1,-1
participación,agradecer,2.0,intra_cluster,4,4,1,1
participación,orgullo,2.0,intra_cluster,4,4,1,1
participación,recorrer,2.0,intra_cluster,4,4,1,2
participación,grupo,2.0,intra_cluster,4,4,1,0
participación,sociedad,2.0,intra_cluster,4,4,1,-1
plaza,libertad,9.0,intra_sub,4,4,2,2
plaza,parque,6.0,intra_sub,4,4,2,2
plaza,música,5.0,intra_sub,4,4,2,2
plaza,domingo,3.0,intra_cluster,4,4,2,0
plaza,clave,3.0,intra_cluster,4,4,2,2
plaza,alto,3.0,intra_cluster,4,4,2,5
plaza,increíble,2.0,intra_cluster,4,4,2,-1
plaza,llenar,2.0,intra_cluster,4,4,2,1
plaza,futbol,2.0,intra_cluster,4,4,2,-1
plaza,contar,2.0,intra_cluster,4,4,2,3
plaza,ambiente,2.0,intra_cluster,4,4,2,5
plaza,cultural,2.0,intra_cluster,4,4,2,2
plaza,visitar,2.0,intra_cluster,4,4,2,4
plaza,reflejar,2.0,intra_cluster,4,4,2,1
plaza,identidad,2.0,intra_cluster,4,4,2,2
plaza,ángel,2.0,intra_cluster,4,4,2,-1
plaza,conectar,2.0,intra_cluster,4,4,2,-1
plaza,consolidar,2.0,intra_cluster,4,4,2,-1
plaza,encuentro,2.0,intra_cluster,4,4,2,2
plaza,junio,2.0,intra_cluster,4,4,2,2
orgullo,llenar,8.0,intra_sub,4,4,1,1
orgullo,representar,7.0,intra_sub,4,4,1,1
orgullo,talento,6.0,intra_sub,4,4,1,1
orgullo,ambiente,5.0,intra_cluster,4,4,1,5
orgullo,identidad,4.0,intra_cluster,4,4,1,2
orgullo,abrir,3.0,intra_cluster,4,4,1,0
orgullo,local,3.0,intra_cluster,4,4,1,2
orgullo,disciplina,3.0,intra_cluster,4,4,1,1
orgullo,resultado,3.0,intra_cluster,4,4,1,1
orgullo,cultural,3.0,intra_cluster,4,4,1,2
orgullo,atleta,3.0,intra_cluster,4,4,1,-1
orgullo,deporte,3.0,intra_cluster,4,4,1,1
orgullo,herramienta,3.0,intra_cluster,4,4,1,-1
orgullo,comunidad,3.0,intra_cluster,4,4,1,1
orgullo,clave,2.0,intra_cluster,4,4,1,2
orgullo,edición,2.0,intra_cluster,4,4,1,2
orgullo,guerrero,2.0,intra_cluster,4,4,1,0
orgullo,grupo,2.0,intra_cluster,4,4,1,0
orgullo,futbol,2.0,intra_cluster,4,4,1,-1
orgullo,región,2.0,intra_cluster,4,4,1,1
orgullo,lleno,2.0,intra_cluster,4,4,1,2
orgullo,campeón,2.0,intra_cluster,4,4,1,-1
orgullo,encuentro,2.0,intra_cluster,4,4,1,2
orgullo,medalla,2.0,intra_cluster,4,4,1,1
orgullo,emoción,2.0,intra_cluster,4,4,1,2
orgullo,reflejar,2.0,intra_cluster,4,4,1,1
orgullo,urbano,2.0,intra_cluster,4,4,1,4
orgullo,obra,2.0,intra_cluster,4,4,1,4
local,apoyar,7.0,intra_sub,4,4,2,2
local,clave,4.0,intra_sub,4,4,2,2
local,ambiente,3.0,intra_cluster,4,4,2,5
local,conectar,3.0,intra_cluster,4,4,2,-1
local,huasteco,3.0,intra_cluster,4,4,2,-1
local,talento,3.0,intra_cluster,4,4,2,1
local,junio,3.0,intra_cluster,4,4,2,2
local,futbolero,3.0,intra_cluster,4,4,2,-1
local,dialogar,2.0,intra_cluster,4,4,2,-1
local,medio,2.0,intra_cluster,4,4,2,5
local,visitante,2.0,intra_cluster,4,4,2,0
local,mercado,2.0,intra_cluster,4,4,2,2
local,contar,2.0,intra_cluster,4,4,2,3
local,puerto,2.0,intra_cluster,4,4,2,0
local,abrir,2.0,intra_cluster,4,4,2,0
local,marca,2.0,intra_cluster,4,4,2,-1
local,representante,2.0,intra_cluster,4,4,2,-1
local,crecimiento,2.0,intra_cluster,4,4,2,-1
local,encuentro,2.0,intra_cluster,4,4,2,2
local,región,2.0,intra_cluster,4,4,2,1
local,deportiva,2.0,intra_cluster,4,4,2,4
local,tarde,2.0,intra_cluster,4,4,2,2
ambiente,medio,24.0,intra_sub,4,4,5,5
ambiente,fiesta,5.0,intra_cluster,4,4,5,-1
ambiente,reunir,3.0,intra_cluster,4,4,5,-1
ambiente,lleno,3.0,intra_cluster,4,4,5,2
ambiente,gestión,3.0,intra_cluster,4,4,5,4
ambiente,llenar,3.0,intra_cluster,4,4,5,1
ambiente,futbolero,3.0,intra_cluster,4,4,5,-1
ambiente,tampiqueña,3.0,intra_cluster,4,4,5,1
ambiente,música,2.0,intra_cluster,4,4,5,2
ambiente,visitante,2.0,intra_cluster,4,4,5,0
ambiente,lástima,2.0,intra_cluster,4,4,5,5
ambiente,experiencia,2.0,intra_cluster,4,4,5,2
ambiente,junio,2.0,intra_cluster,4,4,5,2
ambiente,reflejar,2.0,intra_cluster,4,4,5,1
ambiente,apoyar,2.0,intra_cluster,4,4,5,2
ambiente,emoción,2.0,intra_cluster,4,4,5,2
medio,nivel,7.0,intra_sub,4,4,5,5
medio,medalla,4.0,intra_cluster,4,4,5,1
medio,resultado,4.0,intra_cluster,4,4,5,1
medio,fecha,3.0,intra_cluster,4,4,5,5
medio,llenar,3.0,intra_cluster,4,4,5,1
medio,tarde,3.0,intra_cluster,4,4,5,2
medio,deportiva,3.0,intra_cluster,4,4,5,4
medio,dialogar,3.0,intra_cluster,4,4,5,-1
medio,rosa,3.0,intra_cluster,4,4,5,-1
medio,presentar,2.0,intra_cluster,4,4,5,2
medio,copa,2.0,intra_cluster,4,4,5,2
medio,torneo,2.0,intra_cluster,4,4,5,5
medio,deporte,2.0,intra_cluster,4,4,5,1
medio,parque,2.0,intra_cluster,4,4,5,2
medio,emergencia,2.0,intra_cluster,4,4,5,3
medio,tampiqueña,2.0,intra_cluster,4,4,5,1
medio,junio,2.0,intra_cluster,4,4,5,2
medio,representante,2.0,intra_cluster,4,4,5,-1
medio,gestión,2.0,intra_cluster,4,4,5,4
medio,logro,2.0,intra_cluster,4,4,5,-1
medio,reflejar,2.0,intra_cluster,4,4,5,1
abrir,recordar,2.0,intra_cluster,4,4,0,5
abrir,guerrero,2.0,intra_cluster,4,4,0,0
abrir,alianza,2.0,intra_cluster,4,4,0,-1
abrir,mercado,2.0,intra_cluster,4,4,0,2
abrir,económico,2.0,intra_cluster,4,4,0,1
abrir,comenzar,2.0,intra_cluster,4,4,0,-1
abrir,estatal,2.0,intra_cluster,4,4,0,3
abrir,representar,2.0,intra_cluster,4,4,0,1
deporte,copa,7.0,intra_cluster,4,4,1,2
deporte,promover,6.0,intra_sub,4,4,1,1
deporte,edición,4.0,intra_cluster,4,4,1,2
deporte,disciplina,4.0,intra_sub,4,4,1,1
deporte,juventud,4.0,intra_cluster,4,4,1,-1
deporte,parque,3.0,intra_cluster,4,4,1,2
deporte,torneo,3.0,intra_cluster,4,4,1,5
deporte,herramienta,3.0,intra_cluster,4,4,1,-1
deporte,atleta,3.0,intra_cluster,4,4,1,-1
deporte,proyecto,2.0,intra_cluster,4,4,1,1
deporte,deportiva,2.0,intra_cluster,4,4,1,4
deporte,futbol,2.0,intra_cluster,4,4,1,-1
deporte,agradecer,2.0,intra_cluster,4,4,1,1
deporte,cultura,2.0,intra_cluster,4,4,1,1
deporte,campeón,2.0,intra_cluster,4,4,1,-1
deporte,formar,2.0,intra_cluster,4,4,1,2
deporte,generación,2.0,intra_cluster,4,4,1,1
deporte,general,2.0,intra_cluster,4,4,1,0
deporte,talento,2.0,intra_cluster,4,4,1,1
deporte,recordar,2.0,intra_cluster,4,4,1,5
deporte,grande,2.0,intra_cluster,4,4,1,2
deporte,apoyar,2.0,intra_cluster,4,4,1,2
deporte,resultado,2.0,intra_cluster,4,4,1,1
deporte,política,2.0,intra_cluster,4,4,1,-1
comunidad,talento,4.0,intra_sub,4,4,1,1
comunidad,cultura,4.0,intra_sub,4,4,1,1
comunidad,lleno,3.0,intra_cluster,4,4,1,2
comunidad,región,3.0,intra_cluster,4,4,1,1
comunidad,presentar,3.0,intra_cluster,4,4,1,2
comunidad,generación,3.0,intra_cluster,4,4,1,1
comunidad,impacto,3.0,intra_cluster,4,4,1,-1
comunidad,herramienta,3.0,intra_cluster,4,4,1,-1
comunidad,música,2.0,intra_cluster,4,4,1,2
comunidad,temporada,2.0,intra_cluster,4,4,1,0
comunidad,nivel,2.0,intra_cluster,4,4,1,5
comunidad,experiencia,2.0,intra_cluster,4,4,1,2
comunidad,grande,2.0,intra_cluster,4,4,1,2
comunidad,contar,2.0,intra_cluster,4,4,1,3
comunidad,junio,2.0,intra_cluster,4,4,1,2
comunidad,resultado,2.0,intra_cluster,4,4,1,1
comunidad,crecimiento,2.0,intra_cluster,4,4,1,-1
comunidad,reflejar,2.0,intra_cluster,4,4,1,1
comunidad,logro,2.0,intra_cluster,4,4,1,-1
avanzar,resultado,7.0,intra_sub,4,4,1,1
avanzar,representar,4.0,intra_sub,4,4,1,1
avanzar,empresarial,2.0,intra_cluster,4,4,1,-1
avanzar,logro,2.0,intra_cluster,4,4,1,-1
avanzar,autoridad,2.0,intra_cluster,4,4,1,3
avanzar,liderazgo,2.0,intra_cluster,4,4,1,1
avanzar,reunión,2.0,intra_cluster,4,4,1,-1
avanzar,cabo,2.0,intra_cluster,4,4,1,3
avanzar,proceso,2.0,intra_cluster,4,4,1,0
avanzar,reflejar,2.0,intra_cluster,4,4,1,1
urbano,gestión,6.0,intra_sub,4,4,4,4
urbano,tampiqueña,5.0,intra_cluster,4,4,4,1
urbano,infraestructura,5.0,intra_sub,4,4,4,4
urbano,obra,4.0,intra_sub,4,4,4,4
urbano,proyecto,3.0,intra_cluster,4,4,4,1
urbano,cabo,2.0,intra_cluster,4,4,4,3
urbano,representar,2.0,intra_cluster,4,4,4,1
urbano,cultural,2.0,intra_cluster,4,4,4,2
urbano,comenzar,2.0,intra_cluster,4,4,4,-1
urbano,formar,2.0,intra_cluster,4,4,4,2
urbano,reflejar,2.0,intra_cluster,4,4,4,1
urbano,tarde,2.0,intra_cluster,4,4,4,2
económico,proyecto,3.0,intra_cluster,4,4,1,1
económico,comercio,3.0,intra_cluster,4,4,1,-1
económico,encuentro,3.0,intra_cluster,4,4,1,2
económico,firmar,3.0,intra_cluster,4,4,1,-1
económico,colaboración,3.0,intra_cluster,4,4,1,-1
económico,visitante,2.0,intra_cluster,4,4,1,0
económico,alianza,2.0,intra_cluster,4,4,1,-1
económico,disciplina,2.0,intra_cluster,4,4,1,1
económico,trofeo,2.0,intra_cluster,4,4,1,-1
económico,medalla,2.0,intra_cluster,4,4,1,1
económico,crecimiento,2.0,intra_cluster,4,4,1,-1
económico,histórico,2.0,intra_cluster,4,4,1,1
económico,liderazgo,2.0,intra_cluster,4,4,1,1
económico,consolidar,2.0,intra_cluster,4,4,1,-1
económico,atraer,2.0,intra_cluster,4,4,1,-1
económico,convenio,2.0,intra_cluster,4,4,1,-1
expo,formar,3.0,intra_cluster,4,4,0,2
expo,junio,3.0,intra_cluster,4,4,0,2
expo,martes,3.0,intra_cluster,4,4,0,-1
expo,guerrero,2.0,intra_cluster,4,4,0,0
expo,generación,2.0,intra_cluster,4,4,0,1
expo,identidad,2.0,intra_cluster,4,4,0,2
expo,exposición,2.0,intra_cluster,4,4,0,2
expo,salón,2.0,intra_cluster,4,4,0,-1
expo,domingo,2.0,intra_cluster,4,4,0,0
temporada,ruta,3.0,intra_cluster,4,4,0,0
temporada,cabo,3.0,intra_cluster,4,4,0,3
temporada,sistema,3.0,intra_cluster,4,4,0,0
temporada,junio,2.0,intra_cluster,4,4,0,2
temporada,torneo,2.0,intra_cluster,4,4,0,5
sistema,río,6.0,intra_sub,4,4,0,0
sistema,simulacro,5.0,intra_sub,4,4,0,0
sistema,infraestructura,3.0,intra_cluster,4,4,0,4
sistema,proceso,3.0,intra_cluster,4,4,0,0
sistema,obtenido,2.0,intra_cluster,4,4,0,-1
sistema,general,2.0,intra_cluster,4,4,0,0
sistema,histórico,2.0,intra_cluster,4,4,0,1
sistema,guerrero,2.0,intra_cluster,4,4,0,0
sistema,grande,2.0,intra_cluster,4,4,0,2
sistema,impacto,2.0,intra_cluster,4,4,0,-1
talento,invitar,6.0,intra_cluster,4,4,1,2
talento,representar,6.0,intra_sub,4,4,1,1
talento,cultural,5.0,intra_cluster,4,4,1,2
talento,disciplina,5.0,intra_sub,4,4,1,1
talento,alto,3.0,intra_cluster,4,4,1,5
talento,grande,3.0,intra_cluster,4,4,1,2
talento,agradecer,3.0,intra_cluster,4,4,1,1
talento,conocimiento,3.0,intra_cluster,4,4,1,-1
talento,resultado,3.0,intra_cluster,4,4,1,1
talento,inaugurar,2.0,intra_cluster,4,4,1,-1
talento,tampiqueña,2.0,intra_cluster,4,4,1,1
talento,homenaje,2.0,intra_cluster,4,4,1,-1
talento,torneo,2.0,intra_cluster,4,4,1,5
talento,lleno,2.0,intra_cluster,4,4,1,2
talento,proyecto,2.0,intra_cluster,4,4,1,1
talento,marca,2.0,intra_cluster,4,4,1,-1
talento,contar,2.0,intra_cluster,4,4,1,3
talento,crecimiento,2.0,intra_cluster,4,4,1,-1
talento,dialogar,2.0,intra_cluster,4,4,1,-1
talento,apoyar,2.0,intra_cluster,4,4,1,2
talento,junio,2.0,intra_cluster,4,4,1,2
talento,identidad,2.0,intra_cluster,4,4,1,2
talento,mañana,2.0,intra_cluster,4,4,1,0
talento,innovación,2.0,intra_cluster,4,4,1,-1
talento,huasteco,2.0,intra_cluster,4,4,1,-1
talento,medalla,2.0,intra_cluster,4,4,1,1
talento,reflejar,2.0,intra_cluster,4,4,1,1
talento,juventud,2.0,intra_cluster,4,4,1,-1
talento,muestra,2.0,intra_cluster,4,4,1,-1
contar,hospital,4.0,intra_cluster,4,4,3,-1
contar,representar,3.0,intra_cluster,4,4,3,1
contar,cabo,2.0,intra_cluster,4,4,3,3
contar,enhorabuena,2.0,intra_cluster,4,4,3,3
contar,autoridad,2.0,intra_cluster,4,4,3,3
contar,apoyar,2.0,intra_cluster,4,4,3,2
contar,grande,2.0,intra_cluster,4,4,3,2
contar,colaboración,2.0,intra_cluster,4,4,3,-1
contar,junio,2.0,intra_cluster,4,4,3,2
contar,nivel,2.0,intra_cluster,4,4,3,5
estatal,autoridad,4.0,intra_sub,4,4,3,3
estatal,libertad,3.0,intra_cluster,4,4,3,2
estatal,voluntario,2.0,intra_cluster,4,4,3,3
estatal,frontera,2.0,intra_cluster,4,4,3,-1
estatal,conocimiento,2.0,intra_cluster,4,4,3,-1
estatal,medalla,2.0,intra_cluster,4,4,3,1
lleno,tarde,7.0,intra_sub,4,4,2,2
lleno,emoción,6.0,intra_sub,4,4,2,2
lleno,recordar,5.0,intra_cluster,4,4,2,5
lleno,inolvidable,4.0,intra_cluster,4,4,2,-1
lleno,reunir,3.0,intra_cluster,4,4,2,-1
lleno,arte,3.0,intra_cluster,4,4,2,2
lleno,grande,3.0,intra_cluster,4,4,2,2
lleno,invitar,3.0,intra_cluster,4,4,2,2
lleno,especial,3.0,intra_cluster,4,4,2,2
lleno,fuerte,3.0,intra_cluster,4,4,2,0
lleno,tampiqueña,2.0,intra_cluster,4,4,2,1
lleno,experiencia,2.0,intra_cluster,4,4,2,2
lleno,apoyar,2.0,intra_cluster,4,4,2,2
lleno,cabo,2.0,intra_cluster,4,4,2,3
lleno,ruta,2.0,intra_cluster,4,4,2,0
lleno,recorrer,2.0,intra_cluster,4,4,2,2
lleno,nivel,2.0,intra_cluster,4,4,2,5
lleno,comenzar,2.0,intra_cluster,4,4,2,-1
lleno,recreativa,2.0,intra_cluster,4,4,2,-1
lleno,salón,2.0,intra_cluster,4,4,2,-1
lleno,agenda,2.0,intra_cluster,4,4,2,-1
invitar,emoción,6.0,intra_sub,4,4,2,2
invitar,arte,5.0,intra_sub,4,4,2,2
invitar,identidad,4.0,intra_sub,4,4,2,2
invitar,homenaje,4.0,intra_cluster,4,4,2,-1
invitar,recorrer,4.0,intra_sub,4,4,2,2
invitar,exposición,4.0,intra_sub,4,4,2,2
invitar,formar,4.0,intra_sub,4,4,2,2
invitar,tampiqueña,3.0,intra_cluster,4,4,2,1
invitar,experiencia,3.0,intra_cluster,4,4,2,2
invitar,cultural,3.0,intra_cluster,4,4,2,2
invitar,increíble,3.0,intra_cluster,4,4,2,-1
invitar,jaiba,3.0,intra_cluster,4,4,2,-1
invitar,parque,3.0,intra_cluster,4,4,2,2
invitar,edición,3.0,intra_cluster,4,4,2,2
invitar,futbolero,3.0,intra_cluster,4,4,2,-1
invitar,visitar,2.0,intra_cluster,4,4,2,4
invitar,clave,2.0,intra_cluster,4,4,2,2
invitar,tarde,2.0,intra_cluster,4,4,2,2
invitar,unir,2.0,intra_cluster,4,4,2,-1
invitar,simulacro,2.0,intra_cluster,4,4,2,0
invitar,grande,2.0,intra_cluster,4,4,2,2
invitar,brava,2.0,intra_cluster,4,4,2,-1
invitar,junio,2.0,intra_cluster,4,4,2,2
invitar,inaugurar,2.0,intra_cluster,4,4,2,-1
invitar,libertad,2.0,intra_cluster,4,4,2,2
invitar,huasteco,2.0,intra_cluster,4,4,2,-1
invitar,querido,2.0,intra_cluster,4,4,2,-1
torneo,junio,4.0,intra_cluster,4,4,5,2
torneo,lider,3.0,intra_cluster,4,4,5,5
torneo,grupo,3.0,intra_cluster,4,4,5,0
torneo,recordar,3.0,intra_cluster,4,4,5,5
torneo,formar,3.0,intra_cluster,4,4,5,2
torneo,nivel,2.0,intra_cluster,4,4,5,5
torneo,copa,2.0,intra_cluster,4,4,5,2
torneo,política,2.0,intra_cluster,4,4,5,-1
torneo,promover,2.0,intra_cluster,4,4,5,1
torneo,edición,2.0,intra_cluster,4,4,5,2
torneo,histórico,2.0,intra_cluster,4,4,5,1
torneo,exposición,2.0,intra_cluster,4,4,5,2
torneo,pesos,2.0,intra_cluster,4,4,5,0
nivel,región,6.0,intra_cluster,4,4,5,1
nivel,alto,4.0,intra_sub,4,4,5,5
nivel,grande,3.0,intra_cluster,4,4,5,2
nivel,autoridad,3.0,intra_cluster,4,4,5,3
nivel,copa,2.0,intra_cluster,4,4,5,2
nivel,arte,2.0,intra_cluster,4,4,5,2
nivel,cabo,2.0,intra_cluster,4,4,5,3
nivel,mesa,2.0,intra_cluster,4,4,5,3
nivel,recordar,2.0,intra_cluster,4,4,5,5
grupo,pesos,4.0,intra_sub,4,4,0,0
grupo,lider,2.0,intra_cluster,4,4,0,5
grupo,resultado,2.0,intra_cluster,4,4,0,1
medalla,atleta,6.0,intra_cluster,4,4,1,-1
medalla,general,4.0,intra_cluster,4,4,1,0
medalla,resultado,3.0,intra_cluster,4,4,1,1
medalla,trofeo,2.0,intra_cluster,4,4,1,-1
medalla,representar,2.0,intra_cluster,4,4,1,1
medalla,disciplina,2.0,intra_cluster,4,4,1,1
medalla,obtenido,2.0,intra_cluster,4,4,1,-1
proteccionciviltampico,tampicosomostodos,19.0,intra_sub,4,4,3,3
proteccionciviltampico,bomberostampico,19.0,intra_sub,4,4,3,3
tampicosomostodos,bomberostampico,19.0,intra_sub,4,4,3,3
alto,atleta,4.0,intra_cluster,4,4,5,-1
alto,mercado,3.0,intra_cluster,4,4,5,2
alto,grande,2.0,intra_cluster,4,4,5,2
alto,parque,2.0,intra_cluster,4,4,5,2
alto,liderazgo,2.0,intra_cluster,4,4,5,1
alto,disciplina,2.0,intra_cluster,4,4,5,1
alto,representar,2.0,intra_cluster,4,4,5,1
alto,josé,2.0,intra_cluster,4,4,5,3
alto,felicitación,2.0,intra_cluster,4,4,5,5
deportiva,junio,4.0,intra_cluster,4,4,4,2
deportiva,tarde,2.0,intra_cluster,4,4,4,2
deportiva,visitar,2.0,intra_cluster,4,4,4,4
deportiva,futbolero,2.0,intra_cluster,4,4,4,-1
pesos,cantidad,3.0,intra_cluster,4,4,0,4
pesos,guerrero,3.0,intra_cluster,4,4,0,0
pesos,reflejar,2.0,intra_cluster,4,4,0,1
pesos,obra,2.0,intra_cluster,4,4,0,4
tarde,junio,3.0,intra_cluster,4,4,2,2
tarde,cabo,2.0,intra_cluster,4,4,2,3
tarde,inolvidable,2.0,intra_cluster,4,4,2,-1
tarde,especial,2.0,intra_cluster,4,4,2,2
tarde,mercado,2.0,intra_cluster,4,4,2,2
tarde,llenar,2.0,intra_cluster,4,4,2,1
tarde,gestión,2.0,intra_cluster,4,4,2,4
tarde,reunión,2.0,intra_cluster,4,4,2,-1
tarde,apoyar,2.0,intra_cluster,4,4,2,2
región,cabo,4.0,intra_cluster,4,4,1,3
región,reunión,4.0,intra_cluster,4,4,1,-1
región,formar,4.0,intra_cluster,4,4,1,2
región,consolidar,3.0,intra_cluster,4,4,1,-1
región,identidad,3.0,intra_cluster,4,4,1,2
región,proyecto,3.0,intra_cluster,4,4,1,1
región,conocimiento,2.0,intra_cluster,4,4,1,-1
región,mañana,2.0,intra_cluster,4,4,1,0
región,domingo,2.0,intra_cluster,4,4,1,0
región,colaboración,2.0,intra_cluster,4,4,1,-1
región,autoridad,2.0,intra_cluster,4,4,1,3
región,especial,2.0,intra_cluster,4,4,1,2
mercado,presentar,3.0,intra_cluster,4,4,2,2
mercado,identidad,2.0,intra_cluster,4,4,2,2
mercado,experiencia,2.0,intra_cluster,4,4,2,2
mercado,privado,2.0,intra_cluster,4,4,2,-1
mercado,cabo,2.0,intra_cluster,4,4,2,3
cultural,cultura,4.0,intra_cluster,4,4,2,1
cultural,recreativa,4.0,intra_cluster,4,4,2,-1
cultural,promover,4.0,intra_cluster,4,4,2,1
cultural,presentar,4.0,intra_sub,4,4,2,2
cultural,identidad,3.0,intra_cluster,4,4,2,2
cultural,inaugurar,3.0,intra_cluster,4,4,2,-1
cultural,cabo,3.0,intra_cluster,4,4,2,3
cultural,música,3.0,intra_cluster,4,4,2,2
cultural,tampiqueña,2.0,intra_cluster,4,4,2,1
cultural,apoyar,2.0,intra_cluster,4,4,2,2
cultural,agenda,2.0,intra_cluster,4,4,2,-1
cultural,encuentro,2.0,intra_cluster,4,4,2,2
cultural,especial,2.0,intra_cluster,4,4,2,2
cultural,sociedad,2.0,intra_cluster,4,4,2,-1
cultural,legado,2.0,intra_cluster,4,4,2,-1
ruta,experiencia,5.0,intra_cluster,4,4,0,2
ruta,histórico,4.0,intra_cluster,4,4,0,1
ruta,grande,4.0,intra_cluster,4,4,0,2
ruta,jaiba,3.0,intra_cluster,4,4,0,-1
ruta,política,3.0,intra_cluster,4,4,0,-1
ruta,recorrer,2.0,intra_cluster,4,4,0,2
ruta,liderazgo,2.0,intra_cluster,4,4,0,1
ruta,conectar,2.0,intra_cluster,4,4,0,-1
liderazgo,consolidar,4.0,intra_cluster,4,4,1,-1
liderazgo,proceso,4.0,intra_cluster,4,4,1,0
liderazgo,política,3.0,intra_cluster,4,4,1,-1
liderazgo,visitante,2.0,intra_cluster,4,4,1,0
liderazgo,agradecer,2.0,intra_cluster,4,4,1,1
liderazgo,grande,2.0,intra_cluster,4,4,1,2
liderazgo,crecimiento,2.0,intra_cluster,4,4,1,-1
liderazgo,experiencia,2.0,intra_cluster,4,4,1,2
cabo,autoridad,8.0,intra_sub,4,4,3,3
cabo,junio,5.0,intra_cluster,4,4,3,2
cabo,identidad,3.0,intra_cluster,4,4,3,2
cabo,parque,3.0,intra_cluster,4,4,3,2
cabo,josé,3.0,intra_cluster,4,4,3,3
cabo,colaboración,3.0,intra_cluster,4,4,3,-1
cabo,domingo,3.0,intra_cluster,4,4,3,0
cabo,guerrero,3.0,intra_cluster,4,4,3,0
cabo,río,3.0,intra_cluster,4,4,3,0
cabo,música,2.0,intra_cluster,4,4,3,2
cabo,conocimiento,2.0,intra_cluster,4,4,3,-1
cabo,simulacro,2.0,intra_cluster,4,4,3,0
cabo,mesa,2.0,intra_cluster,4,4,3,3
cabo,cultura,2.0,intra_cluster,4,4,3,1
cabo,formar,2.0,intra_cluster,4,4,3,2
cabo,experiencia,2.0,intra_cluster,4,4,3,2
cabo,resultado,2.0,intra_cluster,4,4,3,1
cabo,fecha,2.0,intra_cluster,4,4,3,5
cabo,encuentro,2.0,intra_cluster,4,4,3,2
cabo,herramienta,2.0,intra_cluster,4,4,3,-1
cabo,histórico,2.0,intra_cluster,4,4,3,1
domingo,junio,7.0,intra_cluster,4,4,0,2
domingo,martes,5.0,intra_cluster,4,4,0,-1
domingo,mañana,4.0,intra_sub,4,4,0,0
domingo,exposición,2.0,intra_cluster,4,4,0,2
domingo,arte,2.0,intra_cluster,4,4,0,2
domingo,música,2.0,intra_cluster,4,4,0,2
domingo,conectar,2.0,intra_cluster,4,4,0,-1
domingo,salón,2.0,intra_cluster,4,4,0,-1
resultado,tampiqueña,5.0,intra_sub,4,4,1,1
resultado,grande,4.0,intra_cluster,4,4,1,2
resultado,reflejar,4.0,intra_sub,4,4,1,1
resultado,logro,3.0,intra_cluster,4,4,1,-1
resultado,llenar,3.0,intra_cluster,4,4,1,1
resultado,comenzar,2.0,intra_cluster,4,4,1,-1
resultado,obra,2.0,intra_cluster,4,4,1,4
resultado,dialogar,2.0,intra_cluster,4,4,1,-1
resultado,presentar,2.0,intra_cluster,4,4,1,2
resultado,clave,2.0,intra_cluster,4,4,1,2
resultado,parque,2.0,intra_cluster,4,4,1,2
resultado,histórico,2.0,intra_cluster,4,4,1,1
resultado,encuentro,2.0,intra_cluster,4,4,1,2
resultado,atleta,2.0,intra_cluster,4,4,1,-1
representar,proyecto,4.0,intra_sub,4,4,1,1
representar,disciplina,3.0,intra_cluster,4,4,1,1
representar,infraestructura,3.0,intra_cluster,4,4,1,4
representar,obra,3.0,intra_cluster,4,4,1,4
representar,recordar,2.0,intra_cluster,4,4,1,5
representar,marca,2.0,intra_cluster,4,4,1,-1
representar,reunión,2.0,intra_cluster,4,4,1,-1
representar,innovación,2.0,intra_cluster,4,4,1,-1
representar,josé,2.0,intra_cluster,4,4,1,3
representar,atleta,2.0,intra_cluster,4,4,1,-1
querétaro,veracruz,7.0,intra_cluster,4,4,-1,0
junio,martes,4.0,intra_cluster,4,4,2,-1
junio,futbolero,4.0,intra_cluster,4,4,2,-1
junio,reflejar,3.0,intra_cluster,4,4,2,1
junio,fecha,3.0,intra_cluster,4,4,2,5
junio,apoyar,3.0,intra_cluster,4,4,2,2
junio,josé,3.0,intra_cluster,4,4,2,3
junio,especial,2.0,intra_cluster,4,4,2,2
junio,comenzar,2.0,intra_cluster,4,4,2,-1
junio,general,2.0,intra_cluster,4,4,2,0
junio,salón,2.0,intra_cluster,4,4,2,-1
junio,huasteco,2.0,intra_cluster,4,4,2,-1
junio,simulacro,2.0,intra_cluster,4,4,2,0
josé,colaboración,3.0,intra_cluster,4,4,3,-1
josé,cultura,3.0,intra_cluster,4,4,3,1
josé,obra,3.0,intra_cluster,4,4,3,4
josé,autoridad,2.0,intra_cluster,4,4,3,3
josé,rosa,2.0,intra_cluster,4,4,3,-1
josé,infraestructura,2.0,intra_cluster,4,4,3,4
autoridad,reunión,4.0,intra_cluster,4,4,3,-1
autoridad,emergencia,3.0,intra_cluster,4,4,3,3
autoridad,formar,3.0,intra_cluster,4,4,3,2
autoridad,visitante,2.0,intra_cluster,4,4,3,0
autoridad,representante,2.0,intra_cluster,4,4,3,-1
autoridad,mesa,2.0,intra_cluster,4,4,3,3
autoridad,especial,2.0,intra_cluster,4,4,3,2
cultura,huasteco,8.0,intra_cluster,4,4,1,-1
cultura,arte,6.0,intra_cluster,4,4,1,2
cultura,promover,2.0,intra_cluster,4,4,1,1
cultura,general,2.0,intra_cluster,4,4,1,0
cultura,innovación,2.0,intra_cluster,4,4,1,-1
visitante,experiencia,4.0,intra_cluster,4,4,0,2
visitante,memoria,4.0,intra_cluster,4,4,0,-1
visitante,reflejar,3.0,intra_cluster,4,4,0,1
visitante,atraer,2.0,intra_cluster,4,4,0,-1
visitante,agradecer,2.0,intra_cluster,4,4,0,1
visitante,exposición,2.0,intra_cluster,4,4,0,2
visitante,recuerdo,2.0,intra_cluster,4,4,0,-1
especial,grande,4.0,intra_sub,4,4,2,2
especial,recuerdo,3.0,intra_cluster,4,4,2,-1
especial,comenzar,3.0,intra_cluster,4,4,2,-1
especial,inolvidable,2.0,intra_cluster,4,4,2,-1
especial,fiesta,2.0,intra_cluster,4,4,2,-1
especial,presentar,2.0,intra_cluster,4,4,2,2
especial,unir,2.0,intra_cluster,4,4,2,-1
emoción,privado,4.0,intra_cluster,4,4,2,-1
emoción,recuerdo,3.0,intra_cluster,4,4,2,-1
emoción,apoyar,3.0,intra_cluster,4,4,2,2
emoción,mañana,2.0,intra_cluster,4,4,2,0
emoción,generación,2.0,intra_cluster,4,4,2,1
emoción,conectar,2.0,intra_cluster,4,4,2,-1
emoción,reunir,2.0,intra_cluster,4,4,2,-1
mañana,presentar,3.0,intra_cluster,4,4,0,2
mañana,guerrero,2.0,intra_cluster,4,4,0,0
puente,general,2.0,intra_cluster,4,4,-1,0
proyecto,gestión,4.0,intra_cluster,4,4,1,4
proyecto,grande,3.0,intra_cluster,4,4,1,2
proyecto,reunión,3.0,intra_cluster,4,4,1,-1
proyecto,sostenible,3.0,intra_cluster,4,4,1,-1
proyecto,logro,3.0,intra_cluster,4,4,1,-1
proyecto,impacto,2.0,intra_cluster,4,4,1,-1
proyecto,parque,2.0,intra_cluster,4,4,1,2
proyecto,promover,2.0,intra_cluster,4,4,1,1
proyecto,infraestructura,2.0,intra_cluster,4,4,1,4
proyecto,consolidar,2.0,intra_cluster,4,4,1,-1
formar,identidad,6.0,intra_sub,4,4,2,2
formar,generación,2.0,intra_cluster,4,4,2,1
formar,experiencia,2.0,intra_cluster,4,4,2,2
formar,conectar,2.0,intra_cluster,4,4,2,-1
formar,tampiqueña,2.0,intra_cluster,4,4,2,1
formar,libertad,2.0,intra_cluster,4,4,2,2
formar,parque,2.0,intra_cluster,4,4,2,2
formar,agradecer,2.0,intra_cluster,4,4,2,1
formar,futbolero,2.0,intra_cluster,4,4,2,-1
formar,fiesta,2.0,intra_cluster,4,4,2,-1
identidad,música,2.0,intra_cluster,4,4,2,2
identidad,inaugurar,2.0,intra_cluster,4,4,2,-1
identidad,tampiqueña,2.0,intra_cluster,4,4,2,1
identidad,parque,2.0,intra_cluster,4,4,2,2
identidad,agradecer,2.0,intra_cluster,4,4,2,1
hospital,general,3.0,intra_cluster,4,4,-1,0
hospital,proceso,3.0,intra_cluster,4,4,-1,0
hospital,comenzar,2.0,intra_cluster,4,4,-1,-1
general,mesa,3.0,intra_cluster,4,4,0,3
general,río,3.0,intra_cluster,4,4,0,0
general,colaboración,2.0,intra_cluster,4,4,0,-1
general,agradecer,2.0,intra_cluster,4,4,0,1
general,reunión,2.0,intra_cluster,4,4,0,-1
general,simulacro,2.0,intra_cluster,4,4,0,0
agradecer,conocimiento,3.0,intra_cluster,4,4,1,-1
agradecer,obra,3.0,intra_cluster,4,4,1,4
agradecer,legado,2.0,intra_cluster,4,4,1,-1
agradecer,promover,2.0,intra_cluster,4,4,1,1
agradecer,reunión,2.0,intra_cluster,4,4,1,-1
agradecer,grande,2.0,intra_cluster,4,4,1,2
agradecer,política,2.0,intra_cluster,4,4,1,-1
agradecer,presentar,2.0,intra_cluster,4,4,1,2
agradecer,crecimiento,2.0,intra_cluster,4,4,1,-1
histórico,generación,2.0,intra_cluster,4,4,1,1
histórico,memoria,2.0,intra_cluster,4,4,1,-1
histórico,parque,2.0,intra_cluster,4,4,1,2
histórico,colaboración,2.0,intra_cluster,4,4,1,-1
encuentro,promover,3.0,intra_cluster,4,4,2,1
encuentro,presentar,3.0,intra_cluster,4,4,2,2
encuentro,música,3.0,intra_cluster,4,4,2,2
encuentro,apoyar,2.0,intra_cluster,4,4,2,2
encuentro,experiencia,2.0,intra_cluster,4,4,2,2
encuentro,llenar,2.0,intra_cluster,4,4,2,1
encuentro,clave,2.0,intra_cluster,4,4,2,2
encuentro,obra,2.0,intra_cluster,4,4,2,4
recordar,copa,4.0,intra_cluster,4,4,5,2
recordar,enhorabuena,2.0,intra_cluster,4,4,5,3
recordar,arte,2.0,intra_cluster,4,4,5,2
recordar,salón,2.0,intra_cluster,4,4,5,-1
promover,música,4.0,intra_cluster,4,4,1,2
promover,conocimiento,3.0,intra_cluster,4,4,1,-1
promover,disciplina,2.0,intra_cluster,4,4,1,1
promover,recreativa,2.0,intra_cluster,4,4,1,-1
promover,tampiqueña,2.0,intra_cluster,4,4,1,1
promover,generación,2.0,intra_cluster,4,4,1,1
promover,llenar,2.0,intra_cluster,4,4,1,1
promover,sociedad,2.0,intra_cluster,4,4,1,-1
promover,digital,2.0,intra_cluster,4,4,1,-1
veracruz,texas,5.0,intra_cluster,4,4,0,-1
veracruz,fuerte,3.0,intra_cluster,4,4,0,0
veracruz,libertad,2.0,intra_cluster,4,4,0,2
reflejar,logro,4.0,intra_cluster,4,4,1,-1
reflejar,visitar,2.0,intra_cluster,4,4,1,4
reflejar,experiencia,2.0,intra_cluster,4,4,1,2
reflejar,tampiqueña,2.0,intra_cluster,4,4,1,1
reflejar,sostenible,2.0,intra_cluster,4,4,1,-1
reflejar,disciplina,2.0,intra_cluster,4,4,1,1
recorrer,arte,2.0,intra_cluster,4,4,2,2
guerrero,edición,3.0,intra_cluster,4,4,0,2
guerrero,infraestructura,2.0,intra_cluster,4,4,0,4
guerrero,simulacro,2.0,intra_cluster,4,4,0,0
simulacro,río,4.0,intra_sub,4,4,0,0
simulacro,ipn,2.0,intra_cluster,4,4,0,5
apoyar,jaiba,3.0,intra_cluster,4,4,2,-1
apoyar,brava,3.0,intra_cluster,4,4,2,-1
apoyar,futbolero,3.0,intra_cluster,4,4,2,-1
apoyar,experiencia,2.0,intra_cluster,4,4,2,2
apoyar,dialogar,2.0,intra_cluster,4,4,2,-1
apoyar,fiesta,2.0,intra_cluster,4,4,2,-1
apoyar,campeón,2.0,intra_cluster,4,4,2,-1
apoyar,edición,2.0,intra_cluster,4,4,2,2
apoyar,huasteco,2.0,intra_cluster,4,4,2,-1
obra,infraestructura,3.0,intra_cluster,4,4,4,4
obra,inaugurar,2.0,intra_cluster,4,4,4,-1
obra,grande,2.0,intra_cluster,4,4,4,2
obra,arte,2.0,intra_cluster,4,4,4,2
obra,rosa,2.0,intra_cluster,4,4,4,-1
obra,innovación,2.0,intra_cluster,4,4,4,-1
clave,conectar,3.0,intra_cluster,4,4,2,-1
clave,consolidar,2.0,intra_cluster,4,4,2,-1
consolidar,competitivo,2.0,intra_cluster,4,4,-1,5
tampiqueña,inaugurar,2.0,intra_cluster,4,4,1,-1
tampiqueña,homenaje,2.0,intra_cluster,4,4,1,-1
tampiqueña,inolvidable,2.0,intra_cluster,4,4,1,-1
tampiqueña,legado,2.0,intra_cluster,4,4,1,-1
tampiqueña,generación,2.0,intra_cluster,4,4,1,1
tampiqueña,reúnir,2.0,intra_cluster,4,4,1,-1
fuerte,grande,2.0,intra_cluster,4,4,0,2
parque,libertad,4.0,intra_sub,4,4,2,2
parque,listo,2.0,intra_cluster,4,4,2,-1
parque,visitar,2.0,intra_cluster,4,4,2,4
parque,exposición,2.0,intra_cluster,4,4,2,2
grande,política,3.0,intra_cluster,4,4,2,-1
grande,club,2.0,intra_cluster,4,4,2,-1
grande,rosa,2.0,intra_cluster,4,4,2,-1
grande,arte,2.0,intra_cluster,4,4,2,2
grande,comenzar,2.0,intra_cluster,4,4,2,-1
grande,conectar,2.0,intra_cluster,4,4,2,-1
grande,disciplina,2.0,intra_cluster,4,4,2,1
grande,juventud,2.0,intra_cluster,4,4,2,-1
grande,unir,2.0,intra_cluster,4,4,2,-1
grande,futbol,2.0,intra_cluster,4,4,2,-1
generación,herramienta,3.0,intra_cluster,4,4,1,-1
generación,legado,3.0,intra_cluster,4,4,1,-1
generación,logro,2.0,intra_cluster,4,4,1,-1
generación,inolvidable,2.0,intra_cluster,4,4,1,-1
colaboración,convenio,3.0,intra_cluster,4,4,-1,-1
colaboración,crecimiento,2.0,intra_cluster,4,4,-1,-1
colaboración,firmar,2.0,intra_cluster,4,4,-1,-1
presentar,logro,3.0,intra_cluster,4,4,2,-1
presentar,fecha,2.0,intra_cluster,4,4,2,5
presentar,arte,2.0,intra_cluster,4,4,2,2
presentar,edición,2.0,intra_cluster,4,4,2,2
presentar,música,2.0,intra_cluster,4,4,2,2
libertad,exposición,5.0,intra_sub,4,4,2,2
libertad,texas,4.0,intra_cluster,4,4,2,-1
libertad,inaugurar,3.0,intra_cluster,4,4,2,-1
libertad,música,3.0,intra_cluster,4,4,2,2
libertad,señalar,2.0,intra_cluster,4,4,2,-1
experiencia,increíble,3.0,intra_cluster,4,4,2,-1
experiencia,visitar,3.0,intra_cluster,4,4,2,4
experiencia,exposición,2.0,intra_cluster,4,4,2,2
experiencia,futbolero,2.0,intra_cluster,4,4,2,-1
infraestructura,proceso,2.0,intra_cluster,4,4,4,0
infraestructura,obtenido,2.0,intra_cluster,4,4,4,-1
infraestructura,principal,2.0,intra_cluster,4,4,4,4
disciplina,atleta,5.0,intra_cluster,4,4,1,-1
disciplina,copa,2.0,intra_cluster,4,4,1,2
disciplina,reunir,2.0,intra_cluster,4,4,1,-1
disciplina,logro,2.0,intra_cluster,4,4,1,-1
río,impacto,3.0,intra_cluster,4,4,0,-1
río,mesa,2.0,intra_cluster,4,4,0,3
visitar,reunión,2.0,intra_cluster,4,4,4,-1
llenar,música,3.0,intra_cluster,4,4,1,2
llenar,atleta,3.0,intra_cluster,4,4,1,-1
llenar,arte,2.0,intra_cluster,4,4,1,2
llenar,campeón,2.0,intra_cluster,4,4,1,-1
exposición,inaugurar,5.0,intra_cluster,4,4,2,-1
exposición,jaiba,4.0,intra_cluster,4,4,2,-1
exposición,futbol,3.0,intra_cluster,4,4,2,-1
exposición,martes,2.0,intra_cluster,4,4,2,-1
campeón,copa,9.0,intra_cluster,4,4,-1,2
campeón,inolvidable,4.0,intra_cluster,4,4,-1,-1
copa,edición,4.0,intra_sub,4,4,2,2
copa,inolvidable,4.0,intra_cluster,4,4,2,-1
copa,reunir,2.0,intra_cluster,4,4,2,-1
copa,futbol,2.0,intra_cluster,4,4,2,-1
ipn,fecha,2.0,intra_cluster,4,4,5,5
ipn,proceso,2.0,intra_cluster,4,4,5,0
huasteco,edición,5.0,intra_cluster,4,4,-1,2
huasteco,futbolero,4.0,intra_cluster,4,4,-1,-1
huasteco,música,2.0,intra_cluster,4,4,-1,2
impacto,sostenible,2.0,intra_cluster,4,4,-1,-1
reunión,gestión,2.0,intra_cluster,4,4,-1,4
reunión,digital,2.0,intra_cluster,4,4,-1,-1
herramienta,digital,5.0,intra_cluster,4,4,-1,-1
herramienta,conocimiento,2.0,intra_cluster,4,4,-1,-1
reunir,música,2.0,intra_cluster,4,4,-1,2
reunir,digital,2.0,intra_cluster,4,4,-1,-1
gestión,sostenible,3.0,intra_cluster,4,4,4,-1
gestión,logro,2.0,intra_cluster,4,4,4,-1
brava,jaiba,8.0,intra_cluster,4,4,-1,-1
jaiba,futbol,5.0,intra_cluster,4,4,-1,-1
jaiba,inaugurar,3.0,intra_cluster,4,4,-1,-1
jaiba,homenaje,2.0,intra_cluster,4,4,-1,-1
privado,sociedad,3.0,intra_cluster,4,4,-1,-1
privado,conectar,2.0,intra_cluster,4,4,-1,-1
juventud,rosa,2.0,intra_cluster,4,4,-1,-1
juventud,arte,2.0,intra_cluster,4,4,-1,2
juventud,recuerdo,2.0,intra_cluster,4,4,-1,-1
proceso,señalar,2.0,intra_cluster,4,4,0,-1
proceso,memoria,2.0,intra_cluster,4,4,0,-1
arte,música,3.0,intra_cluster,4,4,2,2
arte,rosa,3.0,intra_cluster,4,4,2,-1
arte,legado,2.0,intra_cluster,4,4,2,-1
fiesta,futbolero,3.0,intra_cluster,4,4,-1,-1
club,futbol,2.0,intra_cluster,4,4,-1,-1
club,mesa,2.0,intra_cluster,4,4,-1,3
club,rosa,2.0,intra_cluster,4,4,-1,-1
club,obtenido,2.0,intra_cluster,4,4,-1,-1
unir,homenaje,2.0,intra_cluster,4,4,-1,-1
unir,digital,2.0,intra_cluster,4,4,-1,-1
unir,convenio,2.0,intra_cluster,4,4,-1,-1
futbol,inaugurar,3.0,intra_cluster,4,4,-1,-1
futbol,edición,2.0,intra_cluster,4,4,-1,2
futbol,mesa,2.0,intra_cluster,4,4,-1,3
futbol,homenaje,2.0,intra_cluster,4,4,-1,-1
conocimiento,innovación,2.0,intra_cluster,4,4,-1,-1
logro,sostenible,3.0,intra_cluster,4,4,-1,-1
atleta,felicitación,2.0,intra_cluster,4,4,-1,5
música,fecha,2.0,intra_cluster,4,4,2,5
edición,futbolero,3.0,intra_cluster,4,4,2,-1
legado,inolvidable,2.0,intra_cluster,4,4,-1,-1
rosa,recuerdo,3.0,intra_cluster,4,4,-1,-1
rosa,zona,28.0,extra,4,1,-1,1
convenio,firmar,2.0,intra_cluster,4,4,-1,-1
inolvidable,recuerdo,3.0,intra_cluster,4,4,-1,-1
inolvidable,muestra,2.0,intra_cluster,4,4,-1,-1
política,lider,2.0,intra_cluster,4,4,-1,5
inaugurar,homenaje,3.0,intra_cluster,4,4,-1,-1
reúnir,trofeo,2.0,intra_cluster,4,4,-1,-1
reúnir,obtenido,2.0,intra_cluster,4,4,-1,-1
memoria,recuerdo,3.0,intra_cluster,4,4,-1,-1
trofeo,obtenido,2.0,intra_cluster,4,4,-1,-1
trofeo,querido,2.0,intra_cluster,4,4,-1,-1
mónica,villarreal,370.0,intra_sub,0,0,0,0
mónica,presidenta,135.0,intra_sub,0,0,0,0
mónica,alcaldesa,58.0,intra_sub,0,0,0,0
mónica,gobierno,31.0,intra_cluster,0,0,0,1
mónica,gracias,31.0,intra_cluster,0,0,0,3
mónica,lic,18.0,intra_sub,0,0,0,0
mónica,municipio,17.0,intra_sub,0,0,0,0
mónica,apoyo,17.0,intra_cluster,0,0,0,1
mónica,joven,14.0,intra_cluster,0,0,0,3
mónica,retirar,10.0,intra_sub,0,0,0,0
mónica,nacional,9.0,intra_cluster,0,0,0,1
mónica,villareal,9.0,intra_sub,0,0,0,0
mónica,beneficio,9.0,intra_cluster,0,0,0,1
mónica,transformación,8.0,intra_sub,0,0,0,0
mónica,recibir,7.0,intra_cluster,0,0,0,1
mónica,niño,7.0,intra_cluster,0,0,0,3
mónica,exelente,7.0,intra_sub,0,0,0,0
mónica,hora,7.0,intra_cluster,0,0,0,2
mónica,fomentar,7.0,intra_cluster,0,0,0,1
mónica,asegurar,6.0,intra_cluster,0,0,0,4
mónica,américo,6.0,intra_sub,0,0,0,0
mónica,avance,6.0,intra_sub,0,0,0,0
mónica,evento,6.0,intra_cluster,0,0,0,3
mónica,escuela,6.0,intra_cluster,0,0,0,3
mónica,despicadora,6.0,intra_cluster,0,0,0,1
mónica,leer,5.0,intra_cluster,0,0,0,1
mónica,priorizar,5.0,intra_sub,0,0,0,0
mónica,feria,4.0,intra_cluster,0,0,0,4
mónica,mil,4.0,intra_cluster,0,0,0,2
mónica,año,4.0,intra_cluster,0,0,0,4
mónica,luis,4.0,intra_cluster,0,0,0,1
mónica,mujer,4.0,intra_cluster,0,0,0,4
mónica,humanista,4.0,intra_sub,0,0,0,0
mónica,entrega,4.0,intra_cluster,0,0,0,1
mónica,viva,4.0,intra_cluster,0,0,0,4
mónica,número,4.0,intra_cluster,0,0,0,1
mónica,maestro,4.0,intra_cluster,0,0,0,1
mónica,encabezar,4.0,intra_cluster,0,0,0,1
mónica,resolver,3.0,intra_cluster,0,0,0,4
mónica,echeverría,3.0,intra_cluster,0,0,0,1
mónica,mensaje,3.0,intra_cluster,0,0,0,4
mónica,éxito,3.0,intra_cluster,0,0,0,3
mónica,impulso,3.0,intra_cluster,0,0,0,0
mónica,saludo,3.0,intra_cluster,0,0,0,3
mónica,morelos,3.0,intra_cluster,0,0,0,3
mónica,viernes,3.0,intra_cluster,0,0,0,1
mónica,existir,3.0,intra_cluster,0,0,0,2
mónica,visita,2.0,intra_cluster,0,0,0,1
mónica,gonzález,2.0,intra_cluster,0,0,0,4
mónica,gobernador,2.0,intra_cluster,0,0,0,0
mónica,pequeño,2.0,intra_cluster,0,0,0,2
mónica,cuándo,2.0,intra_cluster,0,0,0,-1
mónica,ecológico,2.0,intra_cluster,0,0,0,-1
mónica,bravo,2.0,intra_cluster,0,0,0,0
mónica,primaria,2.0,intra_cluster,0,0,0,3
mónica,victoria,2.0,intra_cluster,0,0,0,1
mónica,entender,2.0,intra_cluster,0,0,0,2
mónica,educativo,2.0,intra_cluster,0,0,0,3
mónica,faltar,2.0,intra_cluster,0,0,0,4
mónica,pendiente,2.0,intra_cluster,0,0,0,0
mónica,ofrecer,2.0,intra_cluster,0,0,0,1
mónica,iniciar,2.0,intra_cluster,0,0,0,2
mónica,persona,2.0,intra_cluster,0,0,0,2
mónica,beneficiar,2.0,intra_cluster,0,0,0,3
mónica,frente,2.0,intra_cluster,0,0,0,2
mónica,anaya,97.0,extra,0,1,0,2
mónica,municipal,74.0,extra,0,1,0,2
mónica,espacio,43.0,extra,0,1,0,0
mónica,gob,41.0,extra,0,1,0,6
mónica,seguir,40.0,extra,0,1,0,0
mónica,acción,35.0,extra,0,1,0,2
mónica,bienestar,34.0,extra,0,1,0,3
mónica,familia,32.0,extra,0,1,0,0
mónica,salud,31.0,extra,0,1,0,3
mónica,continuar,30.0,extra,0,1,0,2
mónica,limpio,29.0,extra,0,1,0,6
villarreal,presidenta,124.0,intra_sub,0,0,0,0
villarreal,alcaldesa,55.0,intra_sub,0,0,0,0
villarreal,américo,51.0,intra_sub,0,0,0,0
villarreal,gobierno,40.0,intra_cluster,0,0,0,1
villarreal,gracias,32.0,intra_cluster,0,0,0,3
villarreal,gobernador,32.0,intra_sub,0,0,0,0
villarreal,monica,24.0,intra_sub,0,0,0,0
villarreal,apoyo,23.0,intra_cluster,0,0,0,1
villarreal,municipio,20.0,intra_sub,0,0,0,0
villarreal,lic,17.0,intra_sub,0,0,0,0
villarreal,joven,13.0,intra_cluster,0,0,0,3
villarreal,nacional,11.0,intra_cluster,0,0,0,1
villarreal,santiago,11.0,intra_sub,0,0,0,0
villarreal,beneficio,10.0,intra_cluster,0,0,0,1
villarreal,escuela,10.0,intra_cluster,0,0,0,3
villarreal,leer,9.0,intra_cluster,0,0,0,1
villarreal,recibir,9.0,intra_cluster,0,0,0,1
villarreal,hora,9.0,intra_cluster,0,0,0,2
villarreal,asegurar,8.0,intra_cluster,0,0,0,4
villarreal,niño,8.0,intra_cluster,0,0,0,3
villarreal,avance,8.0,intra_sub,0,0,0,0
villarreal,retirar,8.0,intra_sub,0,0,0,0
villarreal,transformación,7.0,intra_sub,0,0,0,0
villarreal,persona,7.0,intra_cluster,0,0,0,2
villarreal,empresario,7.0,intra_cluster,0,0,0,2
villarreal,fomentar,6.0,intra_cluster,0,0,0,1
villarreal,número,6.0,intra_cluster,0,0,0,1
villarreal,impulso,6.0,intra_sub,0,0,0,0
villarreal,denunciar,6.0,intra_cluster,0,0,0,2
villarreal,viernes,5.0,intra_cluster,0,0,0,1
villarreal,mil,5.0,intra_cluster,0,0,0,2
villarreal,encabezar,5.0,intra_cluster,0,0,0,1
villarreal,humanista,5.0,intra_sub,0,0,0,0
villarreal,priorizar,5.0,intra_sub,0,0,0,0
villarreal,extorsión,5.0,intra_sub,0,0,0,0
villarreal,evento,5.0,intra_cluster,0,0,0,3
villarreal,despicadora,5.0,intra_cluster,0,0,0,1
villarreal,bandera,5.0,intra_cluster,0,0,0,3
villarreal,feria,4.0,intra_cluster,0,0,0,4
villarreal,exelente,4.0,intra_sub,0,0,0,0
villarreal,exigir,4.0,intra_cluster,0,0,0,4
villarreal,gonzález,4.0,intra_cluster,0,0,0,4
villarreal,gusto,4.0,intra_cluster,0,0,0,3
villarreal,luis,4.0,intra_cluster,0,0,0,1
villarreal,presunto,4.0,intra_cluster,0,0,0,4
villarreal,año,4.0,intra_cluster,0,0,0,4
villarreal,visita,3.0,intra_cluster,0,0,0,1
villarreal,uat,3.0,intra_cluster,0,0,0,-1
villarreal,entrega,3.0,intra_cluster,0,0,0,1
villarreal,echeverría,3.0,intra_cluster,0,0,0,1
villarreal,primaria,3.0,intra_cluster,0,0,0,3
villarreal,mensaje,3.0,intra_cluster,0,0,0,4
villarreal,victoria,3.0,intra_cluster,0,0,0,1
villarreal,maestro,3.0,intra_cluster,0,0,0,1
villarreal,éxito,3.0,intra_cluster,0,0,0,3
villarreal,maría,3.0,intra_cluster,0,0,0,3
villarreal,alcalde,3.0,intra_cluster,0,0,0,4
villarreal,monico,3.0,intra_cluster,0,0,0,0
villarreal,acercar,3.0,intra_cluster,0,0,0,1
villarreal,saludo,3.0,intra_cluster,0,0,0,3
villarreal,existir,3.0,intra_cluster,0,0,0,2
villarreal,honores,3.0,intra_cluster,0,0,0,3
villarreal,beneficiar,3.0,intra_cluster,0,0,0,3
villarreal,frente,3.0,intra_cluster,0,0,0,2
villarreal,viva,2.0,intra_cluster,0,0,0,4
villarreal,pendiente,2.0,intra_cluster,0,0,0,0
villarreal,resolver,2.0,intra_cluster,0,0,0,4
villarreal,agredir,2.0,intra_cluster,0,0,0,2
villarreal,pequeño,2.0,intra_cluster,0,0,0,2
villarreal,mujer,2.0,intra_cluster,0,0,0,4
villarreal,cuándo,2.0,intra_cluster,0,0,0,-1
villarreal,ecológico,2.0,intra_cluster,0,0,0,-1
villarreal,niños,2.0,intra_cluster,0,0,0,3
villarreal,martínez,2.0,intra_cluster,0,0,0,4
villarreal,presidente,2.0,intra_cluster,0,0,0,4
villarreal,permiso,2.0,intra_cluster,0,0,0,1
villarreal,educativo,2.0,intra_cluster,0,0,0,3
villarreal,faltar,2.0,intra_cluster,0,0,0,4
villarreal,reducir,2.0,intra_cluster,0,0,0,1
villarreal,sheinbaum,2.0,intra_cluster,0,0,0,4
villarreal,ofrecer,2.0,intra_cluster,0,0,0,1
villarreal,iniciar,2.0,intra_cluster,0,0,0,2
villarreal,morelos,2.0,intra_cluster,0,0,0,3
villarreal,formación,2.0,intra_cluster,0,0,0,3
villarreal,legal,2.0,intra_cluster,0,0,0,2
villarreal,anaya,124.0,extra,0,1,0,2
villarreal,municipal,75.0,extra,0,1,0,2
villarreal,seguir,46.0,extra,0,1,0,0
villarreal,espacio,46.0,extra,0,1,0,0
villarreal,gob,42.0,extra,0,1,0,6
villarreal,bienestar,40.0,extra,0,1,0,3
villarreal,familia,37.0,extra,0,1,0,0
villarreal,acción,36.0,extra,0,1,0,2
villarreal,continuar,31.0,extra,0,1,0,2
villarreal,salud,30.0,extra,0,1,0,3
villarreal,limpio,29.0,extra,0,1,0,6
presidenta,gracias,36.0,intra_cluster,0,0,0,3
presidenta,gobierno,22.0,intra_cluster,0,0,0,1
presidenta,mujer,16.0,intra_cluster,0,0,0,4
presidenta,monica,14.0,intra_sub,0,0,0,0
presidenta,viva,13.0,intra_cluster,0,0,0,4
presidenta,apoyo,13.0,intra_cluster,0,0,0,1
presidenta,saludo,12.0,intra_cluster,0,0,0,3
presidenta,año,12.0,intra_cluster,0,0,0,4
presidenta,villareal,11.0,intra_sub,0,0,0,0
presidenta,pardo,10.0,intra_cluster,0,0,0,4
presidenta,exelente,10.0,intra_sub,0,0,0,0
presidenta,monico,10.0,intra_sub,0,0,0,0
presidenta,municipio,9.0,intra_sub,0,0,0,0
presidenta,nacional,9.0,intra_cluster,0,0,0,1
presidenta,sheinbaum,9.0,intra_cluster,0,0,0,4
presidenta,encabezar,9.0,intra_cluster,0,0,0,1
presidenta,evento,8.0,intra_cluster,0,0,0,3
presidenta,joven,8.0,intra_cluster,0,0,0,3
presidenta,lic,8.0,intra_sub,0,0,0,0
presidenta,niño,7.0,intra_cluster,0,0,0,3
presidenta,transformación,7.0,intra_sub,0,0,0,0
presidenta,persona,6.0,intra_cluster,0,0,0,2
presidenta,hora,6.0,intra_cluster,0,0,0,2
presidenta,retirar,6.0,intra_sub,0,0,0,0
presidenta,pendiente,5.0,intra_sub,0,0,0,0
presidenta,gobernador,5.0,intra_sub,0,0,0,0
presidenta,presidente,5.0,intra_cluster,0,0,0,4
presidenta,necesitar,5.0,intra_cluster,0,0,0,2
presidenta,número,5.0,intra_cluster,0,0,0,1
presidenta,patrimonio,4.0,intra_cluster,0,0,0,1
presidenta,leer,4.0,intra_cluster,0,0,0,1
presidenta,regalo,4.0,intra_cluster,0,0,0,3
presidenta,éxito,4.0,intra_cluster,0,0,0,3
presidenta,avance,4.0,intra_sub,0,0,0,0
presidenta,frente,4.0,intra_cluster,0,0,0,2
presidenta,viernes,4.0,intra_cluster,0,0,0,1
presidenta,visita,3.0,intra_cluster,0,0,0,1
presidenta,palacio,3.0,intra_cluster,0,0,0,1
presidenta,bravo,3.0,intra_cluster,0,0,0,0
presidenta,volver,3.0,intra_cluster,0,0,0,2
presidenta,fomentar,3.0,intra_cluster,0,0,0,1
presidenta,mensaje,3.0,intra_cluster,0,0,0,4
presidenta,ayuda,3.0,intra_cluster,0,0,0,2
presidenta,humanista,3.0,intra_cluster,0,0,0,0
presidenta,impulso,3.0,intra_cluster,0,0,0,0
presidenta,fuerza,3.0,intra_cluster,0,0,0,2
presidenta,recibir,2.0,intra_cluster,0,0,0,1
presidenta,faltar,2.0,intra_cluster,0,0,0,4
presidenta,pequeño,2.0,intra_cluster,0,0,0,2
presidenta,armando,2.0,intra_cluster,0,0,0,4
presidenta,despicadora,2.0,intra_cluster,0,0,0,1
presidenta,hombre,2.0,intra_cluster,0,0,0,4
presidenta,entrega,2.0,intra_cluster,0,0,0,1
presidenta,alcaldesa,2.0,intra_cluster,0,0,0,0
presidenta,américo,2.0,intra_cluster,0,0,0,0
presidenta,recuperar,2.0,intra_cluster,0,0,0,-1
presidenta,morelos,2.0,intra_cluster,0,0,0,3
presidenta,entender,2.0,intra_cluster,0,0,0,2
presidenta,iniciar,2.0,intra_cluster,0,0,0,2
presidenta,beneficio,2.0,intra_cluster,0,0,0,1
presidenta,existir,2.0,intra_cluster,0,0,0,2
presidenta,utilizar,2.0,intra_cluster,0,0,0,2
presidenta,lindo,2.0,intra_cluster,0,0,0,3
presidenta,anaya,66.0,extra,0,1,0,2
presidenta,municipal,63.0,extra,0,1,0,2
presidenta,seguir,32.0,extra,0,1,0,0
alcaldesa,gracias,15.0,intra_cluster,0,0,0,3
alcaldesa,hora,8.0,intra_cluster,0,0,0,2
alcaldesa,apoyo,6.0,intra_cluster,0,0,0,1
alcaldesa,joven,6.0,intra_cluster,0,0,0,3
alcaldesa,ofrecer,4.0,intra_cluster,0,0,0,1
alcaldesa,evento,4.0,intra_cluster,0,0,0,3
alcaldesa,monica,4.0,intra_sub,0,0,0,0
alcaldesa,municipio,4.0,intra_sub,0,0,0,0
alcaldesa,transformación,3.0,intra_cluster,0,0,0,0
alcaldesa,gobierno,3.0,intra_cluster,0,0,0,1
alcaldesa,año,3.0,intra_cluster,0,0,0,4
alcaldesa,beneficio,3.0,intra_cluster,0,0,0,1
alcaldesa,pendiente,3.0,intra_cluster,0,0,0,0
alcaldesa,leer,2.0,intra_cluster,0,0,0,1
alcaldesa,gusto,2.0,intra_cluster,0,0,0,3
alcaldesa,nacional,2.0,intra_cluster,0,0,0,1
alcaldesa,maestro,2.0,intra_cluster,0,0,0,1
alcaldesa,morelos,2.0,intra_cluster,0,0,0,3
alcaldesa,resolver,2.0,intra_cluster,0,0,0,4
alcaldesa,fomentar,2.0,intra_cluster,0,0,0,1
alcaldesa,exelente,2.0,intra_cluster,0,0,0,0
alcaldesa,educativo,2.0,intra_cluster,0,0,0,3
alcaldesa,escuela,2.0,intra_cluster,0,0,0,3
américo,gobernador,29.0,intra_sub,0,0,0,0
américo,santiago,10.0,intra_sub,0,0,0,0
américo,gobierno,8.0,intra_cluster,0,0,0,1
américo,empresario,8.0,intra_cluster,0,0,0,2
américo,denunciar,6.0,intra_cluster,0,0,0,2
américo,extorsión,6.0,intra_sub,0,0,0,0
américo,presunto,4.0,intra_cluster,0,0,0,4
américo,bandera,4.0,intra_cluster,0,0,0,3
américo,apoyo,3.0,intra_cluster,0,0,0,1
américo,gracias,3.0,intra_cluster,0,0,0,3
américo,persona,3.0,intra_cluster,0,0,0,2
américo,uat,3.0,intra_cluster,0,0,0,-1
américo,honores,3.0,intra_cluster,0,0,0,3
américo,maría,2.0,intra_cluster,0,0,0,3
américo,alcalde,2.0,intra_cluster,0,0,0,4
américo,hombre,2.0,intra_cluster,0,0,0,4
américo,nacional,2.0,intra_cluster,0,0,0,1
américo,proceder,2.0,intra_cluster,0,0,0,-1
américo,impulso,2.0,intra_cluster,0,0,0,0
américo,municipio,2.0,intra_cluster,0,0,0,0
américo,gusto,2.0,intra_cluster,0,0,0,3
américo,exigir,2.0,intra_cluster,0,0,0,4
gobierno,gracias,24.0,intra_cluster,0,0,1,3
gobierno,leer,12.0,intra_sub,0,0,1,1
gobierno,beneficio,11.0,intra_sub,0,0,1,1
gobierno,nacional,10.0,intra_sub,0,0,1,1
gobierno,año,10.0,intra_cluster,0,0,1,4
gobierno,niño,10.0,intra_cluster,0,0,1,3
gobierno,apoyo,9.0,intra_sub,0,0,1,1
gobierno,gobernador,9.0,intra_cluster,0,0,1,0
gobierno,joven,7.0,intra_cluster,0,0,1,3
gobierno,presidente,7.0,intra_cluster,0,0,1,4
gobierno,entrega,7.0,intra_sub,0,0,1,1
gobierno,municipio,6.0,intra_cluster,0,0,1,0
gobierno,humanista,6.0,intra_cluster,0,0,1,0
gobierno,avance,6.0,intra_cluster,0,0,1,0
gobierno,hora,5.0,intra_cluster,0,0,1,2
gobierno,transformación,5.0,intra_cluster,0,0,1,0
gobierno,mujer,5.0,intra_cluster,0,0,1,4
gobierno,educativo,5.0,intra_cluster,0,0,1,3
gobierno,oposición,4.0,intra_cluster,0,0,1,4
gobierno,recibir,4.0,intra_sub,0,0,1,1
gobierno,necesitar,4.0,intra_cluster,0,0,1,2
gobierno,escuela,4.0,intra_cluster,0,0,1,3
gobierno,reducir,4.0,intra_sub,0,0,1,1
gobierno,encabezar,4.0,intra_sub,0,0,1,1
gobierno,acercar,4.0,intra_sub,0,0,1,1
gobierno,formación,4.0,intra_cluster,0,0,1,3
gobierno,ayuda,3.0,intra_cluster,0,0,1,2
gobierno,monica,3.0,intra_cluster,0,0,1,0
gobierno,president,3.0,intra_cluster,0,0,1,4
gobierno,permiso,3.0,intra_cluster,0,0,1,1
gobierno,ofrecer,3.0,intra_cluster,0,0,1,1
gobierno,cabeza,3.0,intra_cluster,0,0,1,4
gobierno,resolver,3.0,intra_cluster,0,0,1,4
gobierno,concreto,3.0,intra_cluster,0,0,1,-1
gobierno,viernes,2.0,intra_cluster,0,0,1,1
gobierno,circo,2.0,intra_cluster,0,0,1,-1
gobierno,faltar,2.0,intra_cluster,0,0,1,4
gobierno,traidor,2.0,intra_cluster,0,0,1,4
gobierno,luz,2.0,intra_cluster,0,0,1,2
gobierno,cadena,2.0,intra_cluster,0,0,1,4
gobierno,atropello,2.0,intra_cluster,0,0,1,-1
gobierno,gusto,2.0,intra_cluster,0,0,1,3
gobierno,número,2.0,intra_cluster,0,0,1,1
gobierno,mensaje,2.0,intra_cluster,0,0,1,4
gobierno,animal,2.0,intra_cluster,0,0,1,2
gobierno,confirmar,2.0,intra_cluster,0,0,1,4
gobierno,existir,2.0,intra_cluster,0,0,1,2
gobierno,asegurar,2.0,intra_cluster,0,0,1,4
gobierno,científico,2.0,intra_cluster,0,0,1,1
gobierno,extorsión,2.0,intra_cluster,0,0,1,0
gobierno,beneficiar,2.0,intra_cluster,0,0,1,3
gobierno,municipal,49.0,extra,0,1,1,2
gobierno,seguir,36.0,extra,0,1,1,0
gobierno,bienestar,29.0,extra,0,1,1,3
gracias,niño,16.0,intra_sub,0,0,3,3
gracias,evento,10.0,intra_sub,0,0,3,3
gracias,entrega,10.0,intra_cluster,0,0,3,1
gracias,saludo,7.0,intra_sub,0,0,3,3
gracias,presidente,7.0,intra_cluster,0,0,3,4
gracias,nacional,6.0,intra_cluster,0,0,3,1
gracias,necesitar,6.0,intra_cluster,0,0,3,2
gracias,persona,5.0,intra_cluster,0,0,3,2
gracias,éxito,5.0,intra_sub,0,0,3,3
gracias,año,5.0,intra_cluster,0,0,3,4
gracias,apoyo,5.0,intra_cluster,0,0,3,1
gracias,joven,5.0,intra_sub,0,0,3,3
gracias,escuela,4.0,intra_sub,0,0,3,3
gracias,mujer,3.0,intra_cluster,0,0,3,4
gracias,azul,3.0,intra_cluster,0,0,3,-1
gracias,lic,3.0,intra_cluster,0,0,3,0
gracias,despicadora,3.0,intra_cluster,0,0,3,1
gracias,municipio,3.0,intra_cluster,0,0,3,0
gracias,pendiente,3.0,intra_cluster,0,0,3,0
gracias,acercar,3.0,intra_cluster,0,0,3,1
gracias,beneficio,3.0,intra_cluster,0,0,3,1
gracias,vocación,3.0,intra_cluster,0,0,3,1
gracias,formación,3.0,intra_cluster,0,0,3,3
gracias,número,3.0,intra_cluster,0,0,3,1
gracias,gobernador,3.0,intra_cluster,0,0,3,0
gracias,morelos,3.0,intra_cluster,0,0,3,3
gracias,retirar,3.0,intra_cluster,0,0,3,0
gracias,recibir,2.0,intra_cluster,0,0,3,1
gracias,pronto,2.0,intra_cluster,0,0,3,3
gracias,exelente,2.0,intra_cluster,0,0,3,0
gracias,hija,2.0,intra_cluster,0,0,3,-1
gracias,situación,2.0,intra_cluster,0,0,3,2
gracias,vídeo,2.0,intra_cluster,0,0,3,3
gracias,utilizar,2.0,intra_cluster,0,0,3,2
gracias,pequeño,2.0,intra_cluster,0,0,3,2
gracias,traidor,2.0,intra_cluster,0,0,3,4
gracias,real,2.0,intra_cluster,0,0,3,3
gracias,monica,2.0,intra_cluster,0,0,3,0
gracias,dedo,2.0,intra_cluster,0,0,3,3
gracias,dental,2.0,intra_cluster,0,0,3,1
gracias,legal,2.0,intra_cluster,0,0,3,2
gracias,bravo,2.0,intra_cluster,0,0,3,0
gracias,regalo,2.0,intra_cluster,0,0,3,3
gracias,viva,2.0,intra_cluster,0,0,3,4
gracias,hora,2.0,intra_cluster,0,0,3,2
gracias,permiso,2.0,intra_cluster,0,0,3,1
gracias,resolver,2.0,intra_cluster,0,0,3,4
gracias,fuerza,2.0,intra_cluster,0,0,3,2
gracias,maestro,2.0,intra_cluster,0,0,3,1
gracias,existir,2.0,intra_cluster,0,0,3,2
gracias,hombre,2.0,intra_cluster,0,0,3,4
gracias,primaria,2.0,intra_cluster,0,0,3,3
gracias,concreto,2.0,intra_cluster,0,0,3,-1
gracias,beneficiar,2.0,intra_cluster,0,0,3,3
gracias,educativo,2.0,intra_cluster,0,0,3,3
gracias,gusto,2.0,intra_cluster,0,0,3,3
gracias,alcalde,2.0,intra_cluster,0,0,3,4
gobernador,extorsión,6.0,intra_sub,0,0,0,0
gobernador,apoyo,5.0,intra_cluster,0,0,0,1
gobernador,honores,5.0,intra_cluster,0,0,0,3
gobernador,santiago,4.0,intra_sub,0,0,0,0
gobernador,persona,3.0,intra_cluster,0,0,0,2
gobernador,gusto,3.0,intra_cluster,0,0,0,3
gobernador,bandera,3.0,intra_cluster,0,0,0,3
gobernador,entrega,3.0,intra_cluster,0,0,0,1
gobernador,mil,2.0,intra_cluster,0,0,0,2
gobernador,transformación,2.0,intra_cluster,0,0,0,0
gobernador,municipio,2.0,intra_cluster,0,0,0,0
gobernador,nacional,2.0,intra_cluster,0,0,0,1
gobernador,avance,2.0,intra_cluster,0,0,0,0
gobernador,victoria,2.0,intra_cluster,0,0,0,1
gobernador,exigir,2.0,intra_cluster,0,0,0,4
gobernador,recibir,2.0,intra_cluster,0,0,0,1
monica,lic,15.0,intra_sub,0,0,0,0
monica,licenciada,6.0,intra_sub,0,0,0,0
monica,villareal,4.0,intra_sub,0,0,0,0
monica,hora,4.0,intra_cluster,0,0,0,2
monica,exelente,3.0,intra_cluster,0,0,0,0
monica,armando,3.0,intra_cluster,0,0,0,4
monica,número,3.0,intra_cluster,0,0,0,1
monica,viva,2.0,intra_cluster,0,0,0,4
monica,martínez,2.0,intra_cluster,0,0,0,4
monica,año,2.0,intra_cluster,0,0,0,4
apoyo,mujer,7.0,intra_cluster,0,0,1,4
apoyo,beneficio,7.0,intra_sub,0,0,1,1
apoyo,niño,5.0,intra_cluster,0,0,1,3
apoyo,persona,5.0,intra_cluster,0,0,1,2
apoyo,presidente,4.0,intra_cluster,0,0,1,4
apoyo,despicadora,4.0,intra_sub,0,0,1,1
apoyo,necesitar,4.0,intra_cluster,0,0,1,2
apoyo,acercar,4.0,intra_sub,0,0,1,1
apoyo,visita,3.0,intra_cluster,0,0,1,1
apoyo,recibir,3.0,intra_cluster,0,0,1,1
apoyo,accidente,3.0,intra_cluster,0,0,1,2
apoyo,año,3.0,intra_cluster,0,0,1,4
apoyo,gonzález,3.0,intra_cluster,0,0,1,4
apoyo,morelos,3.0,intra_cluster,0,0,1,3
apoyo,pérez,3.0,intra_cluster,0,0,1,1
apoyo,joven,3.0,intra_cluster,0,0,1,3
apoyo,entrega,3.0,intra_cluster,0,0,1,1
apoyo,volver,2.0,intra_cluster,0,0,1,2
apoyo,viernes,2.0,intra_cluster,0,0,1,1
apoyo,dental,2.0,intra_cluster,0,0,1,1
apoyo,corte,2.0,intra_cluster,0,0,1,1
apoyo,existir,2.0,intra_cluster,0,0,1,2
apoyo,estudiante,2.0,intra_cluster,0,0,1,1
apoyo,conductor,2.0,intra_cluster,0,0,1,2
municipio,avance,3.0,intra_cluster,0,0,0,0
municipio,nacional,3.0,intra_cluster,0,0,0,1
municipio,fomentar,3.0,intra_cluster,0,0,0,1
municipio,evento,3.0,intra_cluster,0,0,0,3
municipio,mujer,3.0,intra_cluster,0,0,0,4
municipio,niño,3.0,intra_cluster,0,0,0,3
municipio,persona,3.0,intra_cluster,0,0,0,2
municipio,recibir,3.0,intra_cluster,0,0,0,1
municipio,entrega,2.0,intra_cluster,0,0,0,1
municipio,permiso,2.0,intra_cluster,0,0,0,1
municipio,escuela,2.0,intra_cluster,0,0,0,3
municipio,empresario,2.0,intra_cluster,0,0,0,2
municipio,impulso,2.0,intra_cluster,0,0,0,0
municipio,joven,2.0,intra_cluster,0,0,0,3
municipio,concreto,2.0,intra_cluster,0,0,0,-1
nacional,palacio,19.0,intra_sub,0,0,1,1
nacional,patrimonio,9.0,intra_sub,0,0,1,1
nacional,luis,9.0,intra_sub,0,0,1,1
nacional,persona,8.0,intra_cluster,0,0,1,2
nacional,recibir,8.0,intra_sub,0,0,1,1
nacional,mujer,5.0,intra_cluster,0,0,1,4
nacional,joven,5.0,intra_cluster,0,0,1,3
nacional,año,4.0,intra_cluster,0,0,1,4
nacional,fomentar,4.0,intra_sub,0,0,1,1
nacional,presidente,4.0,intra_cluster,0,0,1,4
nacional,entrega,4.0,intra_sub,0,0,1,1
nacional,victoria,4.0,intra_sub,0,0,1,1
nacional,uat,4.0,intra_cluster,0,0,1,-1
nacional,permiso,3.0,intra_cluster,0,0,1,1
nacional,escuela,3.0,intra_cluster,0,0,1,3
nacional,avance,3.0,intra_cluster,0,0,1,0
nacional,hombre,3.0,intra_cluster,0,0,1,4
nacional,estudiante,3.0,intra_cluster,0,0,1,1
nacional,maestro,2.0,intra_cluster,0,0,1,1
nacional,fuerza,2.0,intra_cluster,0,0,1,2
nacional,mensaje,2.0,intra_cluster,0,0,1,4
nacional,sheinbaum,2.0,intra_cluster,0,0,1,4
nacional,transformación,2.0,intra_cluster,0,0,1,0
nacional,vocación,2.0,intra_cluster,0,0,1,1
nacional,primaria,2.0,intra_cluster,0,0,1,3
nacional,perder,2.0,intra_cluster,0,0,1,2
nacional,formación,2.0,intra_cluster,0,0,1,3
nacional,científico,2.0,intra_cluster,0,0,1,1
nacional,evento,2.0,intra_cluster,0,0,1,3
nacional,conductor,2.0,intra_cluster,0,0,1,2
palacio,patrimonio,3.0,intra_cluster,0,0,1,1
palacio,persona,2.0,intra_cluster,0,0,1,2
palacio,president,2.0,intra_cluster,0,0,1,4
palacio,mujer,2.0,intra_cluster,0,0,1,4
palacio,sheinbaum,2.0,intra_cluster,0,0,1,4
palacio,hora,2.0,intra_cluster,0,0,1,2
lic,exelente,5.0,intra_sub,0,0,0,0
lic,hora,5.0,intra_cluster,0,0,0,2
lic,viva,3.0,intra_cluster,0,0,0,4
lic,niño,2.0,intra_cluster,0,0,0,3
lic,villareal,2.0,intra_cluster,0,0,0,0
lic,evento,2.0,intra_cluster,0,0,0,3
lic,monico,2.0,intra_cluster,0,0,0,0
lic,éxito,2.0,intra_cluster,0,0,0,3
lic,joven,2.0,intra_cluster,0,0,0,3
gómez,junco,17.0,intra_sub,0,0,2,2
gómez,analista,2.0,intra_cluster,0,0,2,-1
junco,analista,4.0,intra_cluster,0,0,2,-1
junco,penal,2.0,intra_cluster,0,0,2,2
mujer,persona,8.0,intra_cluster,0,0,4,2
mujer,hombre,7.0,intra_sub,0,0,4,4
mujer,recibir,5.0,intra_cluster,0,0,4,1
mujer,real,3.0,intra_cluster,0,0,4,3
mujer,gusto,3.0,intra_cluster,0,0,4,3
mujer,presidente,3.0,intra_cluster,0,0,4,4
mujer,niño,3.0,intra_cluster,0,0,4,3
mujer,cabeza,3.0,intra_cluster,0,0,4,4
mujer,frente,3.0,intra_cluster,0,0,4,2
mujer,ofrecer,3.0,intra_cluster,0,0,4,1
mujer,viva,2.0,intra_cluster,0,0,4,4
mujer,resolver,2.0,intra_cluster,0,0,4,4
mujer,feria,2.0,intra_cluster,0,0,4,4
mujer,agredir,2.0,intra_cluster,0,0,4,2
mujer,gonzález,2.0,intra_cluster,0,0,4,4
mujer,exigir,2.0,intra_cluster,0,0,4,4
mujer,hija,2.0,intra_cluster,0,0,4,-1
mujer,pérez,2.0,intra_cluster,0,0,4,1
mujer,dental,2.0,intra_cluster,0,0,4,1
mujer,corte,2.0,intra_cluster,0,0,4,1
mujer,afectado,2.0,intra_cluster,0,0,4,1
mujer,presunto,2.0,intra_cluster,0,0,4,4
mujer,fraude,2.0,intra_cluster,0,0,4,4
mujer,ayuda,2.0,intra_cluster,0,0,4,2
mujer,hora,2.0,intra_cluster,0,0,4,2
niño,joven,12.0,intra_sub,0,0,3,3
niño,persona,12.0,intra_cluster,0,0,3,2
niño,evento,12.0,intra_sub,0,0,3,3
niño,regalo,8.0,intra_sub,0,0,3,3
niño,gusto,6.0,intra_sub,0,0,3,3
niño,educativo,5.0,intra_sub,0,0,3,3
niño,primaria,4.0,intra_sub,0,0,3,3
niño,accidente,4.0,intra_cluster,0,0,3,2
niño,niños,4.0,intra_sub,0,0,3,3
niño,escuela,4.0,intra_sub,0,0,3,3
niño,año,3.0,intra_cluster,0,0,3,4
niño,hora,3.0,intra_cluster,0,0,3,2
niño,mercadito,3.0,intra_cluster,0,0,3,3
niño,martínez,3.0,intra_cluster,0,0,3,4
niño,maría,3.0,intra_cluster,0,0,3,3
niño,beneficiar,3.0,intra_cluster,0,0,3,3
niño,permiso,2.0,intra_cluster,0,0,3,1
niño,transformación,2.0,intra_cluster,0,0,3,0
niño,humanista,2.0,intra_cluster,0,0,3,0
niño,festejar,2.0,intra_cluster,0,0,3,-1
niño,saludo,2.0,intra_cluster,0,0,3,3
niño,morelos,2.0,intra_cluster,0,0,3,3
niño,formación,2.0,intra_cluster,0,0,3,3
niño,bandera,2.0,intra_cluster,0,0,3,3
niño,estudiante,2.0,intra_cluster,0,0,3,1
niño,independencia,2.0,intra_cluster,0,0,3,3
niño,niña,50.0,extra,0,1,3,0
joven,entrega,7.0,intra_cluster,0,0,3,1
joven,éxito,6.0,intra_sub,0,0,3,3
joven,año,6.0,intra_cluster,0,0,3,4
joven,real,5.0,intra_sub,0,0,3,3
joven,educativo,5.0,intra_sub,0,0,3,3
joven,gusto,4.0,intra_sub,0,0,3,3
joven,acercar,4.0,intra_cluster,0,0,3,1
joven,penal,4.0,intra_cluster,0,0,3,2
joven,formación,4.0,intra_sub,0,0,3,3
joven,impulso,3.0,intra_cluster,0,0,3,0
joven,luis,3.0,intra_cluster,0,0,3,1
joven,carlos,3.0,intra_cluster,0,0,3,3
joven,persona,2.0,intra_cluster,0,0,3,2
joven,ayuda,2.0,intra_cluster,0,0,3,2
joven,fuerza,2.0,intra_cluster,0,0,3,2
joven,victoria,2.0,intra_cluster,0,0,3,1
joven,resolver,2.0,intra_cluster,0,0,3,4
joven,conductor,2.0,intra_cluster,0,0,3,2
joven,independencia,2.0,intra_cluster,0,0,3,3
joven,transformación,2.0,intra_cluster,0,0,3,0
viva,pardo,6.0,intra_sub,0,0,4,4
viva,saludo,2.0,intra_cluster,0,0,4,3
viva,fuerza,2.0,intra_cluster,0,0,4,2
viva,éxito,2.0,intra_cluster,0,0,4,3
leer,entrega,2.0,intra_cluster,0,0,1,1
leer,luis,2.0,intra_cluster,0,0,1,1
leer,beneficio,2.0,intra_cluster,0,0,1,1
leer,asegurar,2.0,intra_cluster,0,0,1,4
persona,vehículo,6.0,intra_sub,0,0,2,2
persona,situación,5.0,intra_sub,0,0,2,2
persona,atropello,5.0,intra_cluster,0,0,2,-1
persona,hora,4.0,intra_sub,0,0,2,2
persona,año,4.0,intra_cluster,0,0,2,4
persona,presidente,4.0,intra_cluster,0,0,2,4
persona,animal,4.0,intra_sub,0,0,2,2
persona,conductor,4.0,intra_sub,0,0,2,2
persona,denunciar,4.0,intra_sub,0,0,2,2
persona,cita,3.0,intra_cluster,0,0,2,-1
persona,andar,3.0,intra_cluster,0,0,2,2
persona,dental,3.0,intra_cluster,0,0,2,1
persona,necesitar,3.0,intra_cluster,0,0,2,2
persona,beneficiar,3.0,intra_cluster,0,0,2,3
persona,retirar,3.0,intra_cluster,0,0,2,0
persona,presunto,3.0,intra_cluster,0,0,2,4
persona,agredir,3.0,intra_cluster,0,0,2,2
persona,patrimonio,2.0,intra_cluster,0,0,2,1
persona,mil,2.0,intra_cluster,0,0,2,2
persona,acercar,2.0,intra_cluster,0,0,2,1
persona,cabeza,2.0,intra_cluster,0,0,2,4
persona,ayuda,2.0,intra_cluster,0,0,2,2
persona,corte,2.0,intra_cluster,0,0,2,1
persona,evento,2.0,intra_cluster,0,0,2,3
persona,fraude,2.0,intra_cluster,0,0,2,4
persona,mensaje,2.0,intra_cluster,0,0,2,4
persona,saludo,2.0,intra_cluster,0,0,2,3
persona,perder,2.0,intra_cluster,0,0,2,2
persona,empresario,2.0,intra_cluster,0,0,2,2
persona,santiago,2.0,intra_cluster,0,0,2,0
persona,carretera,2.0,intra_cluster,0,0,2,-1
saludo,año,5.0,intra_cluster,0,0,3,4
saludo,pronto,4.0,intra_sub,0,0,3,3
saludo,éxito,3.0,intra_cluster,0,0,3,3
saludo,vídeo,3.0,intra_cluster,0,0,3,3
saludo,armando,3.0,intra_cluster,0,0,3,4
saludo,corte,2.0,intra_cluster,0,0,3,1
saludo,gusto,2.0,intra_cluster,0,0,3,3
saludo,situación,2.0,intra_cluster,0,0,3,2
saludo,entender,2.0,intra_cluster,0,0,3,2
saludo,presidente,2.0,intra_cluster,0,0,3,4
evento,luis,4.0,intra_cluster,0,0,3,1
evento,presunto,4.0,intra_cluster,0,0,3,4
evento,fraude,4.0,intra_cluster,0,0,3,4
evento,frente,3.0,intra_cluster,0,0,3,2
evento,exelente,2.0,intra_cluster,0,0,3,0
evento,gusto,2.0,intra_cluster,0,0,3,3
evento,hora,2.0,intra_cluster,0,0,3,2
evento,pérez,2.0,intra_cluster,0,0,3,1
evento,éxito,2.0,intra_cluster,0,0,3,3
año,sheinbaum,5.0,intra_sub,0,0,4,4
año,pardo,5.0,intra_sub,0,0,4,4
año,resolver,4.0,intra_sub,0,0,4,4
año,maría,4.0,intra_cluster,0,0,4,3
año,volver,3.0,intra_cluster,0,0,4,2
año,luz,3.0,intra_cluster,0,0,4,2
año,gonzález,3.0,intra_cluster,0,0,4,4
año,morelos,3.0,intra_cluster,0,0,4,3
año,presidente,3.0,intra_cluster,0,0,4,4
año,transformación,3.0,intra_cluster,0,0,4,0
año,concreto,3.0,intra_cluster,0,0,4,-1
año,accidente,2.0,intra_cluster,0,0,4,2
año,oposición,2.0,intra_cluster,0,0,4,4
año,exigir,2.0,intra_cluster,0,0,4,4
año,permiso,2.0,intra_cluster,0,0,4,1
año,utilizar,2.0,intra_cluster,0,0,4,2
año,penal,2.0,intra_cluster,0,0,4,2
año,faltar,2.0,intra_cluster,0,0,4,4
año,mensaje,2.0,intra_cluster,0,0,4,4
año,formación,2.0,intra_cluster,0,0,4,3
año,perder,2.0,intra_cluster,0,0,4,2
año,afectado,2.0,intra_cluster,0,0,4,1
año,gusto,2.0,intra_cluster,0,0,4,3
año,existir,2.0,intra_cluster,0,0,4,2
año,entender,2.0,intra_cluster,0,0,4,2
año,fraude,2.0,intra_cluster,0,0,4,4
año,avance,2.0,intra_cluster,0,0,4,0
villareal,monico,6.0,intra_sub,0,0,0,0
villareal,exelente,4.0,intra_sub,0,0,0,0
escuela,primaria,11.0,intra_sub,0,0,3,3
escuela,educativo,7.0,intra_sub,0,0,3,3
escuela,bandera,4.0,intra_sub,0,0,3,3
escuela,entrega,4.0,intra_cluster,0,0,3,1
escuela,beneficiar,3.0,intra_cluster,0,0,3,3
escuela,honores,3.0,intra_cluster,0,0,3,3
escuela,independencia,3.0,intra_cluster,0,0,3,3
escuela,maría,2.0,intra_cluster,0,0,3,3
escuela,visita,2.0,intra_cluster,0,0,3,1
escuela,beneficio,2.0,intra_cluster,0,0,3,1
primaria,bandera,6.0,intra_sub,0,0,3,3
primaria,honores,4.0,intra_sub,0,0,3,3
primaria,independencia,4.0,intra_sub,0,0,3,3
primaria,entrega,3.0,intra_cluster,0,0,3,1
primaria,visita,2.0,intra_cluster,0,0,3,1
beneficio,acercar,3.0,intra_cluster,0,0,1,1
beneficio,animal,2.0,intra_cluster,0,0,1,2
beneficio,hora,2.0,intra_cluster,0,0,1,2
beneficio,entrega,2.0,intra_cluster,0,0,1,1
santiago,denunciar,4.0,intra_cluster,0,0,0,2
santiago,presunto,2.0,intra_cluster,0,0,0,4
santiago,asegurar,2.0,intra_cluster,0,0,0,4
pardo,sheinbaum,7.0,intra_sub,0,0,4,4
pardo,transformación,2.0,intra_cluster,0,0,4,0
exelente,hora,3.0,intra_cluster,0,0,0,2
exelente,bravo,2.0,intra_cluster,0,0,0,0
echeverría,luis,10.0,intra_sub,0,0,1,1
echeverría,dental,3.0,intra_cluster,0,0,1,1
echeverría,necesitar,2.0,intra_cluster,0,0,1,2
luis,pérez,8.0,intra_sub,0,0,1,1
luis,afectado,4.0,intra_sub,0,0,1,1
luis,gonzález,3.0,intra_cluster,0,0,1,4
luis,feria,3.0,intra_cluster,0,0,1,4
luis,recibir,3.0,intra_cluster,0,0,1,1
luis,dental,2.0,intra_cluster,0,0,1,1
luis,número,2.0,intra_cluster,0,0,1,1
luis,recuperar,2.0,intra_cluster,0,0,1,-1
luis,carlos,2.0,intra_cluster,0,0,1,3
entrega,despicadora,5.0,intra_sub,0,0,1,1
entrega,permiso,5.0,intra_sub,0,0,1,1
entrega,encabezar,5.0,intra_sub,0,0,1,1
entrega,morelos,5.0,intra_cluster,0,0,1,3
entrega,vocación,4.0,intra_sub,0,0,1,1
entrega,estudiante,3.0,intra_cluster,0,0,1,1
entrega,penal,2.0,intra_cluster,0,0,1,2
entrega,recibir,2.0,intra_cluster,0,0,1,1
entrega,visita,2.0,intra_cluster,0,0,1,1
entrega,maestro,2.0,intra_cluster,0,0,1,1
retirar,existir,3.0,intra_cluster,0,0,0,2
retirar,permiso,2.0,intra_cluster,0,0,0,1
recibir,visita,3.0,intra_cluster,0,0,1,1
recibir,fomentar,3.0,intra_cluster,0,0,1,1
recibir,gusto,3.0,intra_cluster,0,0,1,3
recibir,estudiante,3.0,intra_cluster,0,0,1,1
recibir,hombre,2.0,intra_cluster,0,0,1,4
recibir,pérez,2.0,intra_cluster,0,0,1,1
recibir,uat,2.0,intra_cluster,0,0,1,-1
recibir,vocación,2.0,intra_cluster,0,0,1,1
recibir,científico,2.0,intra_cluster,0,0,1,1
patrimonio,permiso,2.0,intra_cluster,0,0,1,1
patrimonio,encabezar,2.0,intra_cluster,0,0,1,1
hora,internet,7.0,intra_cluster,0,0,2,-1
hora,policía,3.0,intra_cluster,0,0,2,2
hora,frente,3.0,intra_cluster,0,0,2,2
hora,existir,2.0,intra_cluster,0,0,2,2
hora,situación,2.0,intra_cluster,0,0,2,2
hora,andar,2.0,intra_cluster,0,0,2,2
hora,cuándo,2.0,intra_cluster,0,0,2,-1
hora,luz,2.0,intra_cluster,0,0,2,2
hora,penal,2.0,intra_cluster,0,0,2,2
hora,presidente,2.0,intra_cluster,0,0,2,4
hora,reducir,2.0,intra_cluster,0,0,2,1
hora,viernes,2.0,intra_cluster,0,0,2,1
sheinbaum,permiso,4.0,intra_cluster,0,0,4,1
sheinbaum,pendejo,2.0,intra_cluster,0,0,4,-1
encabezar,luz,2.0,intra_cluster,0,0,1,2
encabezar,gonzález,2.0,intra_cluster,0,0,1,4
encabezar,morelos,2.0,intra_cluster,0,0,1,3
asegurar,presunto,3.0,intra_cluster,0,0,4,4
asegurar,gonzález,2.0,intra_cluster,0,0,4,4
asegurar,hombre,2.0,intra_cluster,0,0,4,4
armando,martínez,8.0,intra_sub,0,0,4,4
armando,presidente,8.0,intra_sub,0,0,4,4
armando,gonzález,2.0,intra_cluster,0,0,4,4
armando,robledo,2.0,intra_cluster,0,0,4,4
martínez,presidente,6.0,intra_sub,0,0,4,4
martínez,robledo,2.0,intra_cluster,0,0,4,4
pérez,dental,3.0,intra_cluster,0,0,1,1
pérez,acercar,3.0,intra_cluster,0,0,1,1
pérez,viernes,3.0,intra_cluster,0,0,1,1
pérez,existir,2.0,intra_cluster,0,0,1,2
avance,transformación,4.0,intra_sub,0,0,0,0
avance,iniciar,2.0,intra_cluster,0,0,0,2
avance,cita,2.0,intra_cluster,0,0,0,-1
regalo,mercadito,3.0,intra_cluster,0,0,3,3
presidente,oposición,7.0,intra_sub,0,0,4,4
presidente,president,6.0,intra_sub,0,0,4,4
presidente,robledo,5.0,intra_sub,0,0,4,4
presidente,erasmo,3.0,intra_cluster,0,0,4,4
presidente,gonzález,3.0,intra_cluster,0,0,4,4
presidente,entender,3.0,intra_cluster,0,0,4,2
presidente,aceptar,3.0,intra_cluster,0,0,4,4
presidente,permiso,2.0,intra_cluster,0,0,4,1
presidente,luz,2.0,intra_cluster,0,0,4,2
presidente,necesitar,2.0,intra_cluster,0,0,4,2
presidente,impulso,2.0,intra_cluster,0,0,4,0
presidente,azul,2.0,intra_cluster,0,0,4,-1
presidente,presidencia,2.0,intra_cluster,0,0,4,4
presidente,corte,2.0,intra_cluster,0,0,4,1
presidente,empresario,2.0,intra_cluster,0,0,4,2
presidente,situación,2.0,intra_cluster,0,0,4,2
presidente,perder,2.0,intra_cluster,0,0,4,2
empresario,denunciar,7.0,intra_sub,0,0,2,2
empresario,cadena,2.0,intra_cluster,0,0,2,4
empresario,extorsión,2.0,intra_cluster,0,0,2,0
empresario,legal,2.0,intra_cluster,0,0,2,2
denunciar,policía,6.0,intra_sub,0,0,2,2
denunciar,legal,3.0,intra_cluster,0,0,2,2
denunciar,situación,2.0,intra_cluster,0,0,2,2
fomentar,vocación,5.0,intra_sub,0,0,1,1
fomentar,científico,5.0,intra_sub,0,0,1,1
fomentar,estudiante,3.0,intra_cluster,0,0,1,1
fomentar,maestro,2.0,intra_cluster,0,0,1,1
erasmo,gonzález,7.0,intra_sub,0,0,4,4
erasmo,robledo,7.0,intra_sub,0,0,4,4
erasmo,alcalde,2.0,intra_cluster,0,0,4,4
gonzález,robledo,7.0,intra_sub,0,0,4,4
gonzález,feria,5.0,intra_sub,0,0,4,4
gonzález,exigir,4.0,intra_sub,0,0,4,4
gonzález,mensaje,3.0,intra_cluster,0,0,4,4
gonzález,morelos,2.0,intra_cluster,0,0,4,3
gonzález,agredir,2.0,intra_cluster,0,0,4,2
gonzález,gusto,2.0,intra_cluster,0,0,4,3
gonzález,alcalde,2.0,intra_cluster,0,0,4,4
gonzález,beneficiar,2.0,intra_cluster,0,0,4,3
gonzález,mil,2.0,intra_cluster,0,0,4,2
gonzález,mante,2.0,intra_cluster,0,0,4,-1
robledo,alcalde,2.0,intra_cluster,0,0,4,4
morelos,niños,7.0,intra_sub,0,0,3,3
morelos,maría,5.0,intra_sub,0,0,3,3
morelos,mensaje,2.0,intra_cluster,0,0,3,4
morelos,exigir,2.0,intra_cluster,0,0,3,4
morelos,educativo,2.0,intra_cluster,0,0,3,3
morelos,beneficiar,2.0,intra_cluster,0,0,3,3
morelos,concreto,2.0,intra_cluster,0,0,3,-1
niños,educativo,3.0,intra_cluster,0,0,3,3
niños,visita,3.0,intra_cluster,0,0,3,1
niños,maría,2.0,intra_cluster,0,0,3,3
hombre,mante,2.0,intra_cluster,0,0,4,-1
educativo,formación,2.0,intra_cluster,0,0,3,3
educativo,ecológico,2.0,intra_cluster,0,0,3,-1
educativo,beneficiar,2.0,intra_cluster,0,0,3,3
oposición,circo,2.0,intra_cluster,0,0,4,-1
oposición,entender,2.0,intra_cluster,0,0,4,2
científico,vocación,7.0,intra_sub,0,0,1,1
científico,estudiante,4.0,intra_sub,0,0,1,1
científico,uat,2.0,intra_cluster,0,0,1,-1
vocación,estudiante,4.0,intra_sub,0,0,1,1
vocación,maestro,3.0,intra_cluster,0,0,1,1
vocación,uat,2.0,intra_cluster,0,0,1,-1
policía,situación,5.0,intra_sub,0,0,2,2
policía,existir,2.0,intra_cluster,0,0,2,2
policía,andar,2.0,intra_cluster,0,0,2,2
policía,vehículo,2.0,intra_cluster,0,0,2,2
éxito,impulso,2.0,intra_cluster,0,0,3,0
número,viernes,2.0,intra_cluster,0,0,1,1
número,pendiente,2.0,intra_cluster,0,0,1,0
número,situación,2.0,intra_cluster,0,0,1,2
número,conductor,2.0,intra_cluster,0,0,1,2
necesitar,entender,6.0,intra_sub,0,0,2,2
necesitar,acercar,5.0,intra_cluster,0,0,2,1
necesitar,frente,4.0,intra_sub,0,0,2,2
necesitar,dental,3.0,intra_cluster,0,0,2,1
necesitar,ayuda,3.0,intra_cluster,0,0,2,2
necesitar,viernes,2.0,intra_cluster,0,0,2,1
necesitar,beneficiar,2.0,intra_cluster,0,0,2,3
gusto,acercar,4.0,intra_cluster,0,0,3,1
gusto,victoria,2.0,intra_cluster,0,0,3,1
gusto,honores,2.0,intra_cluster,0,0,3,3
gusto,bandera,2.0,intra_cluster,0,0,3,3
entender,jamás,3.0,intra_cluster,0,0,2,-1
entender,frente,2.0,intra_cluster,0,0,2,2
despicadora,permiso,4.0,intra_sub,0,0,1,1
vehículo,conductor,3.0,intra_cluster,0,0,2,2
vehículo,victoria,2.0,intra_cluster,0,0,2,1
fraude,presunto,6.0,intra_sub,0,0,4,4
fraude,afectado,3.0,intra_cluster,0,0,4,1
fraude,legal,2.0,intra_cluster,0,0,4,2
fraude,exigir,2.0,intra_cluster,0,0,4,4
fraude,confirmar,2.0,intra_cluster,0,0,4,4
fraude,cita,2.0,intra_cluster,0,0,4,-1
presunto,afectado,3.0,intra_cluster,0,0,4,1
presunto,exigir,2.0,intra_cluster,0,0,4,4
bandera,honores,6.0,intra_sub,0,0,3,3
bandera,independencia,4.0,intra_sub,0,0,3,3
bandera,victoria,3.0,intra_cluster,0,0,3,1
extorsión,legal,2.0,intra_cluster,0,0,0,2
conductor,víctima,6.0,intra_cluster,0,0,2,-1
conductor,agredir,3.0,intra_cluster,0,0,2,2
conductor,rojo,2.0,intra_cluster,0,0,2,-1
conductor,mante,2.0,intra_cluster,0,0,2,-1
conductor,frente,2.0,intra_cluster,0,0,2,2
conductor,andar,2.0,intra_cluster,0,0,2,2
conductor,cabeza,2.0,intra_cluster,0,0,2,4
conductor,festejar,2.0,intra_cluster,0,0,2,-1
conductor,accidente,2.0,intra_cluster,0,0,2,2
viernes,acercar,3.0,intra_cluster,0,0,1,1
viernes,dental,3.0,intra_cluster,0,0,1,1
feria,resolver,2.0,intra_cluster,0,0,4,4
feria,agredir,2.0,intra_cluster,0,0,4,2
situación,existir,4.0,intra_sub,0,0,2,2
situación,vídeo,3.0,intra_cluster,0,0,2,3
situación,perder,2.0,intra_cluster,0,0,2,2
acercar,dental,5.0,intra_sub,0,0,1,1
acercar,pequeño,3.0,intra_cluster,0,0,1,2
acercar,ayuda,2.0,intra_cluster,0,0,1,2
acercar,fuerza,2.0,intra_cluster,0,0,1,2
acercar,maría,2.0,intra_cluster,0,0,1,3
acercar,ofrecer,2.0,intra_cluster,0,0,1,1
dental,ofrecer,2.0,intra_cluster,0,0,1,1
dental,corte,2.0,intra_cluster,0,0,1,1
real,aceptar,2.0,intra_cluster,0,0,3,4
real,ahorita,2.0,intra_cluster,0,0,3,-1
real,ofrecer,2.0,intra_cluster,0,0,3,1
perder,registro,5.0,intra_cluster,0,0,2,-1
perder,error,3.0,intra_cluster,0,0,2,-1
perder,totalmente,2.0,intra_cluster,0,0,2,2
registro,pronto,2.0,intra_cluster,0,0,-1,3
registro,faltar,2.0,intra_cluster,0,0,-1,4
permiso,penal,2.0,intra_cluster,0,0,1,2
permiso,existir,2.0,intra_cluster,0,0,1,2
maría,beneficiar,2.0,intra_cluster,0,0,3,3
maría,pequeño,2.0,intra_cluster,0,0,3,2
maría,concreto,2.0,intra_cluster,0,0,3,-1
resolver,agredir,2.0,intra_cluster,0,0,4,2
ofrecer,utilizar,2.0,intra_cluster,0,0,1,2
ofrecer,legal,2.0,intra_cluster,0,0,1,2
exigir,mensaje,2.0,intra_cluster,0,0,4,4
exigir,agredir,2.0,intra_cluster,0,0,4,2
exigir,traidor,2.0,intra_cluster,0,0,4,4
accidente,carretera,3.0,intra_cluster,0,0,2,-1
accidente,animal,2.0,intra_cluster,0,0,2,2
pronto,vídeo,4.0,intra_sub,0,0,3,3
pronto,lindo,2.0,intra_cluster,0,0,3,3
animal,hija,3.0,intra_cluster,0,0,2,-1
animal,pequeño,2.0,intra_cluster,0,0,2,2
animal,utilizar,2.0,intra_cluster,0,0,2,2
animal,festejar,2.0,intra_cluster,0,0,2,-1
maestro,formación,2.0,intra_cluster,0,0,1,3
maestro,visita,2.0,intra_cluster,0,0,1,1
analista,frente,2.0,intra_cluster,0,0,-1,2
analista,ahorita,2.0,intra_cluster,0,0,-1,-1
frente,mante,2.0,intra_cluster,0,0,2,-1
frente,periodista,2.0,intra_cluster,0,0,2,-1
penal,proceder,3.0,intra_cluster,0,0,2,-1
penal,error,3.0,intra_cluster,0,0,2,-1
penal,cuándo,2.0,intra_cluster,0,0,2,-1
penal,jamás,2.0,intra_cluster,0,0,2,-1
afectado,recuperar,3.0,intra_cluster,0,0,1,-1
afectado,corte,2.0,intra_cluster,0,0,1,1
victoria,alcalde,2.0,intra_cluster,0,0,1,4
existir,legal,2.0,intra_cluster,0,0,2,2
existir,periodista,2.0,intra_cluster,0,0,2,-1
ayuda,fuerza,2.0,intra_cluster,0,0,2,2
ayuda,cabeza,2.0,intra_cluster,0,0,2,4
volver,jamás,2.0,intra_cluster,0,0,2,-1
volver,mensaje,2.0,intra_cluster,0,0,2,4
volver,totalmente,2.0,intra_cluster,0,0,2,2
volver,clima,2.0,intra_cluster,0,0,2,-1
jamás,totalmente,2.0,intra_cluster,0,0,-1,2
legal,error,2.0,intra_cluster,0,0,2,-1
andar,hija,2.0,intra_cluster,0,0,2,-1
andar,pequeño,2.0,intra_cluster,0,0,2,2
azul,periodista,2.0,intra_cluster,0,0,-1,-1
beneficiar,periodista,2.0,intra_cluster,0,0,3,-1
carlos,hermano,2.0,intra_cluster,0,0,3,4
agredir,utilizar,2.0,intra_cluster,0,0,2,2
traidor,cadena,2.0,intra_cluster,0,0,4,4
mante,rojo,2.0,intra_cluster,0,0,-1,-1
clima,vista,2.0,intra_cluster,0,0,-1,-1
divertido,pasear,2.0,intra_cluster,0,0,3,3
tampicotecuida,tampicovacontodo,97.0,intra_sub,1,1,0,0
tampicotecuida,seguir,35.0,intra_sub,1,1,0,0
tampicotecuida,familia,22.0,intra_sub,1,1,0,0
tampicotecuida,bienestar,16.0,intra_cluster,1,1,0,3
tampicotecuida,espacio,14.0,intra_sub,1,1,0,0
tampicotecuida,seguro,13.0,intra_cluster,1,1,0,4
tampicotecuida,fortalecer,11.0,intra_sub,1,1,0,0
tampicotecuida,gob,11.0,intra_cluster,1,1,0,6
tampicotecuida,acción,10.0,intra_cluster,1,1,0,2
tampicotecuida,dirección,10.0,intra_cluster,1,1,0,3
tampicotecuida,esfuerzo,9.0,intra_sub,1,1,0,0
tampicotecuida,construir,9.0,intra_sub,1,1,0,0
tampicotecuida,seguridad,8.0,intra_cluster,1,1,0,4
tampicotecuida,futuro,8.0,intra_sub,1,1,0,0
tampicotecuida,cuidar,8.0,intra_sub,1,1,0,0
tampicotecuida,vida,8.0,intra_sub,1,1,0,0
tampicotecuida,compromiso,7.0,intra_sub,1,1,0,0
tampicotecuida,día,7.0,intra_sub,1,1,0,0
tampicotecuida,salud,7.0,intra_cluster,1,1,0,3
tampicotecuida,municipal,6.0,intra_cluster,1,1,0,2
tampicotecuida,tampiqueñas,6.0,intra_sub,1,1,0,0
tampicotecuida,educación,6.0,intra_sub,1,1,0,0
tampicotecuida,ordenado,6.0,intra_cluster,1,1,0,6
tampicotecuida,público,5.0,intra_cluster,1,1,0,2
tampicotecuida,atención,5.0,intra_cluster,1,1,0,2
tampicotecuida,continuar,5.0,intra_cluster,1,1,0,2
tampicotecuida,colonia,5.0,intra_cluster,1,1,0,1
tampicotecuida,prevenir,5.0,intra_cluster,1,1,0,4
tampicotecuida,convivencia,5.0,intra_sub,1,1,0,0
tampicotecuida,calidad,5.0,intra_sub,1,1,0,0
tampicotecuida,zona,5.0,intra_cluster,1,1,0,1
tampicotecuida,brindar,4.0,intra_cluster,1,1,0,4
tampicotecuida,condición,4.0,intra_cluster,1,1,0,4
tampicotecuida,sumar,4.0,intra_sub,1,1,0,0
tampicotecuida,jornada,4.0,intra_cluster,1,1,0,1
tampicotecuida,servicios,4.0,intra_cluster,1,1,0,3
tampicotecuida,públicos,4.0,intra_cluster,1,1,0,3
tampicotecuida,vialidad,4.0,intra_cluster,1,1,0,4
tampicotecuida,cuidado,4.0,intra_sub,1,1,0,0
tampicotecuida,gratuito,4.0,intra_cluster,1,1,0,2
tampicotecuida,calle,4.0,intra_cluster,1,1,0,1
tampicotecuida,servicio,4.0,intra_cluster,1,1,0,2
tampicotecuida,trabajador,4.0,intra_cluster,1,1,0,2
tampicotecuida,riesgo,4.0,intra_cluster,1,1,0,4
tampicotecuida,honor,3.0,intra_cluster,1,1,0,-1
tampicotecuida,secretaría,3.0,intra_cluster,1,1,0,3
tampicotecuida,saludable,3.0,intra_cluster,1,1,0,6
tampicotecuida,constante,3.0,intra_cluster,1,1,0,2
tampicotecuida,pluvial,3.0,intra_cluster,1,1,0,1
tampicotecuida,mejorar,3.0,intra_cluster,1,1,0,4
tampicotecuida,col,3.0,intra_cluster,1,1,0,1
tampicotecuida,públicas,3.0,intra_cluster,1,1,0,3
tampicotecuida,caso,3.0,intra_cluster,1,1,0,2
tampicotecuida,niña,3.0,intra_cluster,1,1,0,0
tampicotecuida,mantener,3.0,intra_cluster,1,1,0,6
tampicotecuida,verde,3.0,intra_cluster,1,1,0,5
tampicotecuida,programa,2.0,intra_cluster,1,1,0,3
tampicotecuida,alegría,2.0,intra_cluster,1,1,0,-1
tampicotecuida,descacharrización,2.0,intra_cluster,1,1,0,1
tampicotecuida,jardín,2.0,intra_cluster,1,1,0,5
tampicotecuida,directo,2.0,intra_cluster,1,1,0,2
tampicotecuida,ciudadanía,2.0,intra_cluster,1,1,0,0
tampicotecuida,comapa,2.0,intra_cluster,1,1,0,1
tampicotecuida,ciudadano,2.0,intra_cluster,1,1,0,2
tampicotecuida,laguna,2.0,intra_cluster,1,1,0,5
tampicotecuida,transformar,2.0,intra_cluster,1,1,0,0
tampicotecuida,limpio,2.0,intra_cluster,1,1,0,6
tampicotecuida,movilidad,2.0,intra_cluster,1,1,0,4
tampicotecuida,área,2.0,intra_cluster,1,1,0,5
tampicotecuida,instalación,2.0,intra_cluster,1,1,0,1
tampicotecuida,atender,2.0,intra_cluster,1,1,0,2
tampicotecuida,norte,2.0,intra_cluster,1,1,0,1
tampicotecuida,contribuir,2.0,intra_cluster,1,1,0,6
tampicotecuida,reconocimiento,2.0,intra_cluster,1,1,0,0
tampicotecuida,basura,2.0,intra_cluster,1,1,0,1
tampicovacontodo,familia,19.0,intra_sub,1,1,0,0
tampicovacontodo,seguir,17.0,intra_sub,1,1,0,0
tampicovacontodo,fortalecer,13.0,intra_sub,1,1,0,0
tampicovacontodo,bienestar,13.0,intra_cluster,1,1,0,3
tampicovacontodo,espacio,12.0,intra_sub,1,1,0,0
tampicovacontodo,construir,10.0,intra_sub,1,1,0,0
tampicovacontodo,compromiso,8.0,intra_sub,1,1,0,0
tampicovacontodo,vida,8.0,intra_sub,1,1,0,0
tampicovacontodo,municipal,7.0,intra_cluster,1,1,0,2
tampicovacontodo,tampiqueñas,7.0,intra_sub,1,1,0,0
tampicovacontodo,zona,7.0,intra_cluster,1,1,0,1
tampicovacontodo,reconocimiento,7.0,intra_sub,1,1,0,0
tampicovacontodo,gob,6.0,intra_cluster,1,1,0,6
tampicovacontodo,día,6.0,intra_sub,1,1,0,0
tampicovacontodo,futuro,6.0,intra_sub,1,1,0,0
tampicovacontodo,público,5.0,intra_cluster,1,1,0,2
tampicovacontodo,seguro,5.0,intra_cluster,1,1,0,4
tampicovacontodo,brindar,5.0,intra_cluster,1,1,0,4
tampicovacontodo,cuidar,5.0,intra_sub,1,1,0,0
tampicovacontodo,acción,5.0,intra_cluster,1,1,0,2
tampicovacontodo,esfuerzo,4.0,intra_sub,1,1,0,0
tampicovacontodo,calidad,4.0,intra_sub,1,1,0,0
tampicovacontodo,calle,4.0,intra_cluster,1,1,0,1
tampicovacontodo,convivencia,4.0,intra_sub,1,1,0,0
tampicovacontodo,continuar,4.0,intra_cluster,1,1,0,2
tampicovacontodo,ciudadanía,4.0,intra_sub,1,1,0,0
tampicovacontodo,vialidad,4.0,intra_cluster,1,1,0,4
tampicovacontodo,ordenado,4.0,intra_cluster,1,1,0,6
tampicovacontodo,contribuir,4.0,intra_cluster,1,1,0,6
tampicovacontodo,servicios,3.0,intra_cluster,1,1,0,3
tampicovacontodo,públicos,3.0,intra_cluster,1,1,0,3
tampicovacontodo,dirección,3.0,intra_cluster,1,1,0,3
tampicovacontodo,pluvial,3.0,intra_cluster,1,1,0,1
tampicovacontodo,fundamental,3.0,intra_cluster,1,1,0,4
tampicovacontodo,área,3.0,intra_cluster,1,1,0,5
tampicovacontodo,trabajador,3.0,intra_cluster,1,1,0,2
tampicovacontodo,atender,3.0,intra_cluster,1,1,0,2
tampicovacontodo,servicio,3.0,intra_cluster,1,1,0,2
tampicovacontodo,educación,3.0,intra_cluster,1,1,0,0
tampicovacontodo,fortalecimiento,3.0,intra_cluster,1,1,0,-1
tampicovacontodo,compartir,3.0,intra_cluster,1,1,0,0
tampicovacontodo,entorno,2.0,intra_cluster,1,1,0,0
tampicovacontodo,responsable,2.0,intra_cluster,1,1,0,5
tampicovacontodo,jardín,2.0,intra_cluster,1,1,0,5
tampicovacontodo,saludable,2.0,intra_cluster,1,1,0,6
tampicovacontodo,comapa,2.0,intra_cluster,1,1,0,1
tampicovacontodo,prevenir,2.0,intra_cluster,1,1,0,4
tampicovacontodo,digno,2.0,intra_cluster,1,1,0,-1
tampicovacontodo,seguridad,2.0,intra_cluster,1,1,0,4
tampicovacontodo,sur,2.0,intra_cluster,1,1,0,1
tampicovacontodo,movilidad,2.0,intra_cluster,1,1,0,4
tampicovacontodo,condición,2.0,intra_cluster,1,1,0,4
tampicovacontodo,vecino,2.0,intra_cluster,1,1,0,1
tampicovacontodo,ciudadano,2.0,intra_cluster,1,1,0,2
tampicovacontodo,laguna,2.0,intra_cluster,1,1,0,5
tampicovacontodo,colonia,2.0,intra_cluster,1,1,0,1
tampicovacontodo,verde,2.0,intra_cluster,1,1,0,5
tampicovacontodo,producto,2.0,intra_cluster,1,1,0,-1
tampicovacontodo,limpio,2.0,intra_cluster,1,1,0,6
anaya,municipal,56.0,intra_sub,1,1,2,2
anaya,acción,20.0,intra_sub,1,1,2,2
anaya,seguir,19.0,intra_cluster,1,1,2,0
anaya,atención,16.0,intra_sub,1,1,2,2
anaya,continuar,15.0,intra_sub,1,1,2,2
anaya,fortalecer,14.0,intra_cluster,1,1,2,0
anaya,instrucción,12.0,intra_sub,1,1,2,2
anaya,familia,11.0,intra_cluster,1,1,2,0
anaya,mantener,11.0,intra_cluster,1,1,2,6
anaya,día,10.0,intra_cluster,1,1,2,0
anaya,compromiso,10.0,intra_cluster,1,1,2,0
anaya,espacio,10.0,intra_cluster,1,1,2,0
anaya,colonia,9.0,intra_cluster,1,1,2,1
anaya,bienestar,9.0,intra_cluster,1,1,2,3
anaya,ciudadanía,7.0,intra_cluster,1,1,2,0
anaya,dirección,7.0,intra_cluster,1,1,2,3
anaya,visión,7.0,intra_sub,1,1,2,2
anaya,atender,7.0,intra_sub,1,1,2,2
anaya,basura,7.0,intra_cluster,1,1,2,1
anaya,esfuerzo,7.0,intra_cluster,1,1,2,0
anaya,zona,6.0,intra_cluster,1,1,2,1
anaya,educación,6.0,intra_cluster,1,1,2,0
anaya,brindar,5.0,intra_cluster,1,1,2,4
anaya,personal,5.0,intra_cluster,1,1,2,3
anaya,limpieza,5.0,intra_cluster,1,1,2,1
anaya,coordinación,5.0,intra_cluster,1,1,2,3
anaya,entorno,5.0,intra_cluster,1,1,2,0
anaya,respaldo,5.0,intra_sub,1,1,2,2
anaya,constante,5.0,intra_sub,1,1,2,2
anaya,seguridad,4.0,intra_cluster,1,1,2,4
anaya,calle,4.0,intra_cluster,1,1,2,1
anaya,tampiqueñas,4.0,intra_cluster,1,1,2,0
anaya,riesgo,4.0,intra_cluster,1,1,2,4
anaya,jornada,4.0,intra_cluster,1,1,2,1
anaya,sumar,4.0,intra_cluster,1,1,2,0
anaya,público,4.0,intra_sub,1,1,2,2
anaya,camión,4.0,intra_cluster,1,1,2,1
anaya,contribuir,4.0,intra_cluster,1,1,2,6
anaya,administración,4.0,intra_sub,1,1,2,2
anaya,acompañar,4.0,intra_cluster,1,1,2,0
anaya,ceremonia,4.0,intra_cluster,1,1,2,-1
anaya,transformar,3.0,intra_cluster,1,1,2,0
anaya,diario,3.0,intra_cluster,1,1,2,6
anaya,objetivo,3.0,intra_cluster,1,1,2,4
anaya,seguro,3.0,intra_cluster,1,1,2,4
anaya,laguna,3.0,intra_cluster,1,1,2,5
anaya,carpintero,3.0,intra_cluster,1,1,2,5
anaya,lunes,3.0,intra_cluster,1,1,2,1
anaya,área,3.0,intra_cluster,1,1,2,5
anaya,cuidar,3.0,intra_cluster,1,1,2,0
anaya,ayuntamiento,3.0,intra_cluster,1,1,2,2
anaya,conjunto,3.0,intra_cluster,1,1,2,0
anaya,jesús,3.0,intra_cluster,1,1,2,-1
anaya,salud,3.0,intra_cluster,1,1,2,3
anaya,entregar,3.0,intra_cluster,1,1,2,1
anaya,compartir,3.0,intra_cluster,1,1,2,0
anaya,cercano,3.0,intra_cluster,1,1,2,1
anaya,cívico,3.0,intra_cluster,1,1,2,-1
anaya,honor,3.0,intra_cluster,1,1,2,-1
anaya,limpio,2.0,intra_cluster,1,1,2,6
anaya,directamente,2.0,intra_cluster,1,1,2,2
anaya,ordenado,2.0,intra_cluster,1,1,2,6
anaya,prioridad,2.0,intra_cluster,1,1,2,-1
anaya,mascota,2.0,intra_cluster,1,1,2,5
anaya,mantenimiento,2.0,intra_cluster,1,1,2,1
anaya,servicio,2.0,intra_cluster,1,1,2,2
anaya,convivencia,2.0,intra_cluster,1,1,2,0
anaya,garantizar,2.0,intra_cluster,1,1,2,4
anaya,foto,2.0,intra_cluster,1,1,2,2
anaya,programa,2.0,intra_cluster,1,1,2,3
anaya,respuesta,2.0,intra_cluster,1,1,2,4
anaya,servicios,2.0,intra_cluster,1,1,2,3
anaya,condición,2.0,intra_cluster,1,1,2,4
anaya,imagen,2.0,intra_cluster,1,1,2,4
anaya,cuidado,2.0,intra_cluster,1,1,2,0
anaya,permitir,2.0,intra_cluster,1,1,2,0
anaya,descacharrización,2.0,intra_cluster,1,1,2,1
anaya,cambio,2.0,intra_cluster,1,1,2,1
anaya,gratuito,2.0,intra_cluster,1,1,2,2
anaya,felipe,2.0,intra_cluster,1,1,2,-1
anaya,construir,2.0,intra_cluster,1,1,2,0
municipal,acción,21.0,intra_sub,1,1,2,2
municipal,continuar,20.0,intra_sub,1,1,2,2
municipal,fortalecer,18.0,intra_cluster,1,1,2,0
municipal,seguir,17.0,intra_cluster,1,1,2,0
municipal,familia,17.0,intra_cluster,1,1,2,0
municipal,espacio,12.0,intra_cluster,1,1,2,0
municipal,día,12.0,intra_cluster,1,1,2,0
municipal,secretaría,11.0,intra_cluster,1,1,2,3
municipal,zona,11.0,intra_cluster,1,1,2,1
municipal,dirección,11.0,intra_cluster,1,1,2,3
municipal,público,11.0,intra_sub,1,1,2,2
municipal,atención,10.0,intra_sub,1,1,2,2
municipal,compromiso,10.0,intra_cluster,1,1,2,0
municipal,brindar,9.0,intra_cluster,1,1,2,4
municipal,servicios,9.0,intra_cluster,1,1,2,3
municipal,instrucción,8.0,intra_sub,1,1,2,2
municipal,educación,8.0,intra_cluster,1,1,2,0
municipal,ciudadanía,8.0,intra_cluster,1,1,2,0
municipal,bienestar,8.0,intra_cluster,1,1,2,3
municipal,mantener,8.0,intra_cluster,1,1,2,6
municipal,esfuerzo,7.0,intra_cluster,1,1,2,0
municipal,laguna,7.0,intra_cluster,1,1,2,5
municipal,sur,7.0,intra_cluster,1,1,2,1
municipal,coordinación,7.0,intra_cluster,1,1,2,3
municipal,unidad,7.0,intra_cluster,1,1,2,1
municipal,salud,6.0,intra_cluster,1,1,2,3
municipal,colonia,6.0,intra_cluster,1,1,2,1
municipal,convivencia,6.0,intra_cluster,1,1,2,0
municipal,servicio,5.0,intra_sub,1,1,2,2
municipal,personal,5.0,intra_cluster,1,1,2,3
municipal,seguridad,5.0,intra_cluster,1,1,2,4
municipal,niña,5.0,intra_cluster,1,1,2,0
municipal,mejorar,5.0,intra_cluster,1,1,2,4
municipal,ayuntamiento,5.0,intra_sub,1,1,2,2
municipal,administración,5.0,intra_sub,1,1,2,2
municipal,permitir,5.0,intra_cluster,1,1,2,0
municipal,basura,5.0,intra_cluster,1,1,2,1
municipal,seguro,4.0,intra_cluster,1,1,2,4
municipal,reafirmar,4.0,intra_cluster,1,1,2,-1
municipal,entorno,4.0,intra_cluster,1,1,2,0
municipal,labor,4.0,intra_cluster,1,1,2,1
municipal,públicos,4.0,intra_cluster,1,1,2,3
municipal,cuidar,4.0,intra_cluster,1,1,2,0
municipal,visión,4.0,intra_sub,1,1,2,2
municipal,atender,4.0,intra_sub,1,1,2,2
municipal,respaldo,4.0,intra_sub,1,1,2,2
municipal,imagen,4.0,intra_cluster,1,1,2,4
municipal,col,4.0,intra_cluster,1,1,2,1
municipal,entregar,4.0,intra_cluster,1,1,2,1
municipal,abierto,3.0,intra_cluster,1,1,2,1
municipal,calle,3.0,intra_cluster,1,1,2,1
municipal,respuesta,3.0,intra_cluster,1,1,2,4
municipal,tampiqueñas,3.0,intra_cluster,1,1,2,0
municipal,alegría,3.0,intra_cluster,1,1,2,-1
municipal,comapa,3.0,intra_cluster,1,1,2,1
municipal,programa,3.0,intra_cluster,1,1,2,3
municipal,vacheando,3.0,intra_cluster,1,1,2,3
municipal,bache,3.0,intra_cluster,1,1,2,3
municipal,instituto,3.0,intra_cluster,1,1,2,-1
municipal,lunes,3.0,intra_cluster,1,1,2,1
municipal,conjunto,3.0,intra_cluster,1,1,2,0
municipal,cuidado,3.0,intra_cluster,1,1,2,0
municipal,obras,2.0,intra_cluster,1,1,2,3
municipal,garantizar,2.0,intra_cluster,1,1,2,4
municipal,sumar,2.0,intra_cluster,1,1,2,0
municipal,saludable,2.0,intra_cluster,1,1,2,6
municipal,hogar,2.0,intra_cluster,1,1,2,5
municipal,prioridad,2.0,intra_cluster,1,1,2,-1
municipal,sano,2.0,intra_cluster,1,1,2,-1
municipal,fundamental,2.0,intra_cluster,1,1,2,4
municipal,iniciativa,2.0,intra_cluster,1,1,2,0
municipal,mantenimiento,2.0,intra_cluster,1,1,2,1
municipal,objetivo,2.0,intra_cluster,1,1,2,4
municipal,provocar,2.0,intra_cluster,1,1,2,-1
municipal,responsable,2.0,intra_cluster,1,1,2,5
municipal,condición,2.0,intra_cluster,1,1,2,4
municipal,mes,2.0,intra_cluster,1,1,2,2
municipal,norte,2.0,intra_cluster,1,1,2,1
municipal,descacharrización,2.0,intra_cluster,1,1,2,1
municipal,camión,2.0,intra_cluster,1,1,2,1
municipal,diario,2.0,intra_cluster,1,1,2,6
municipal,carpintero,2.0,intra_cluster,1,1,2,5
municipal,honor,2.0,intra_cluster,1,1,2,-1
municipal,ceremonia,2.0,intra_cluster,1,1,2,-1
municipal,pintura,2.0,intra_cluster,1,1,2,-1
espacio,seguir,50.0,intra_sub,1,1,0,0
espacio,fortalecer,39.0,intra_sub,1,1,0,0
espacio,público,29.0,intra_cluster,1,1,0,2
espacio,convivencia,28.0,intra_sub,1,1,0,0
espacio,familia,22.0,intra_sub,1,1,0,0
espacio,construir,19.0,intra_sub,1,1,0,0
espacio,continuar,16.0,intra_cluster,1,1,0,2
espacio,vida,15.0,intra_sub,1,1,0,0
espacio,bienestar,15.0,intra_cluster,1,1,0,3
espacio,día,12.0,intra_sub,1,1,0,0
espacio,limpio,12.0,intra_cluster,1,1,0,6
espacio,zona,12.0,intra_cluster,1,1,0,1
espacio,cuidar,12.0,intra_sub,1,1,0,0
espacio,acción,12.0,intra_cluster,1,1,0,2
espacio,seguro,11.0,intra_cluster,1,1,0,4
espacio,compartir,11.0,intra_sub,1,1,0,0
espacio,digno,10.0,intra_cluster,1,1,0,-1
espacio,entorno,10.0,intra_sub,1,1,0,0
espacio,generar,10.0,intra_sub,1,1,0,0
espacio,tampiqueñas,9.0,intra_sub,1,1,0,0
espacio,área,9.0,intra_cluster,1,1,0,5
espacio,contribuir,9.0,intra_cluster,1,1,0,6
espacio,compromiso,8.0,intra_sub,1,1,0,0
espacio,constante,8.0,intra_cluster,1,1,0,2
espacio,permitir,8.0,intra_sub,1,1,0,0
espacio,seguridad,8.0,intra_cluster,1,1,0,4
espacio,ciudadano,8.0,intra_cluster,1,1,0,2
espacio,atención,8.0,intra_cluster,1,1,0,2
espacio,limpieza,7.0,intra_cluster,1,1,0,1
espacio,ciudadanía,7.0,intra_sub,1,1,0,0
espacio,jornada,7.0,intra_cluster,1,1,0,1
espacio,niña,7.0,intra_sub,1,1,0,0
espacio,acompañar,7.0,intra_sub,1,1,0,0
espacio,mantenimiento,7.0,intra_cluster,1,1,0,1
espacio,rehabilitación,6.0,intra_cluster,1,1,0,1
espacio,mantener,6.0,intra_cluster,1,1,0,6
espacio,verde,6.0,intra_cluster,1,1,0,5
espacio,gob,6.0,intra_cluster,1,1,0,6
espacio,laguna,6.0,intra_cluster,1,1,0,5
espacio,carpintero,6.0,intra_cluster,1,1,0,5
espacio,transformar,6.0,intra_sub,1,1,0,0
espacio,condición,6.0,intra_cluster,1,1,0,4
espacio,cuidado,6.0,intra_sub,1,1,0,0
espacio,educación,6.0,intra_sub,1,1,0,0
espacio,mes,5.0,intra_cluster,1,1,0,2
espacio,adecuado,5.0,intra_cluster,1,1,0,4
espacio,colonia,5.0,intra_cluster,1,1,0,1
espacio,honor,5.0,intra_cluster,1,1,0,-1
espacio,familiar,5.0,intra_cluster,1,1,0,-1
espacio,gratuito,5.0,intra_cluster,1,1,0,2
espacio,labor,5.0,intra_cluster,1,1,0,1
espacio,calle,5.0,intra_cluster,1,1,0,1
espacio,administración,5.0,intra_cluster,1,1,0,2
espacio,fundamental,4.0,intra_cluster,1,1,0,4
espacio,prioridad,4.0,intra_cluster,1,1,0,-1
espacio,natural,4.0,intra_cluster,1,1,0,-1
espacio,dirección,4.0,intra_cluster,1,1,0,3
espacio,jardín,4.0,intra_cluster,1,1,0,5
espacio,futuro,4.0,intra_sub,1,1,0,0
espacio,salud,4.0,intra_cluster,1,1,0,3
espacio,brindar,4.0,intra_cluster,1,1,0,4
espacio,sumar,4.0,intra_sub,1,1,0,0
espacio,reafirmar,4.0,intra_cluster,1,1,0,-1
espacio,imagen,4.0,intra_cluster,1,1,0,4
espacio,ordenado,4.0,intra_cluster,1,1,0,6
espacio,pintura,4.0,intra_cluster,1,1,0,-1
espacio,diario,4.0,intra_cluster,1,1,0,6
espacio,norte,4.0,intra_cluster,1,1,0,1
espacio,presente,4.0,intra_cluster,1,1,0,-1
espacio,instituto,4.0,intra_cluster,1,1,0,-1
espacio,personal,4.0,intra_cluster,1,1,0,3
espacio,sur,4.0,intra_cluster,1,1,0,1
espacio,sesión,4.0,intra_cluster,1,1,0,4
espacio,emprendedor,4.0,intra_cluster,1,1,0,-1
espacio,responsable,3.0,intra_cluster,1,1,0,5
espacio,garantizar,3.0,intra_cluster,1,1,0,4
espacio,saludable,3.0,intra_cluster,1,1,0,6
espacio,alegría,3.0,intra_cluster,1,1,0,-1
espacio,mejorar,3.0,intra_cluster,1,1,0,4
espacio,esfuerzo,3.0,intra_cluster,1,1,0,0
espacio,iniciativa,3.0,intra_cluster,1,1,0,0
espacio,dengue,3.0,intra_cluster,1,1,0,5
espacio,hogar,3.0,intra_cluster,1,1,0,5
espacio,fortalecimiento,3.0,intra_cluster,1,1,0,-1
espacio,programa,3.0,intra_cluster,1,1,0,3
espacio,cívico,3.0,intra_cluster,1,1,0,-1
espacio,basura,2.0,intra_cluster,1,1,0,1
espacio,abierto,2.0,intra_cluster,1,1,0,1
espacio,calidad,2.0,intra_cluster,1,1,0,0
espacio,mascota,2.0,intra_cluster,1,1,0,5
espacio,sano,2.0,intra_cluster,1,1,0,-1
espacio,objetivo,2.0,intra_cluster,1,1,0,4
espacio,dif,2.0,intra_cluster,1,1,0,-1
espacio,instalación,2.0,intra_cluster,1,1,0,1
espacio,servicio,2.0,intra_cluster,1,1,0,2
espacio,visión,2.0,intra_cluster,1,1,0,2
espacio,banqueta,2.0,intra_cluster,1,1,0,1
espacio,entregar,2.0,intra_cluster,1,1,0,1
espacio,cercano,2.0,intra_cluster,1,1,0,1
espacio,canal,2.0,intra_cluster,1,1,0,1
espacio,respaldo,2.0,intra_cluster,1,1,0,2
espacio,directamente,2.0,intra_cluster,1,1,0,2
espacio,atender,2.0,intra_cluster,1,1,0,2
espacio,unidad,2.0,intra_cluster,1,1,0,1
espacio,secretaría,2.0,intra_cluster,1,1,0,3
espacio,corazón,2.0,intra_cluster,1,1,0,-1
espacio,producto,2.0,intra_cluster,1,1,0,-1
espacio,pánico,2.0,intra_cluster,1,1,0,-1
espacio,culpa,2.0,intra_cluster,1,1,0,-1
espacio,vial,2.0,intra_cluster,1,1,0,4
seguir,fortalecer,47.0,intra_sub,1,1,0,0
seguir,bienestar,37.0,intra_cluster,1,1,0,3
seguir,construir,33.0,intra_sub,1,1,0,0
seguir,familia,32.0,intra_sub,1,1,0,0
seguir,acción,28.0,intra_cluster,1,1,0,2
seguir,compromiso,27.0,intra_sub,1,1,0,0
seguir,cuidar,23.0,intra_sub,1,1,0,0
seguir,día,21.0,intra_sub,1,1,0,0
seguir,mejorar,21.0,intra_cluster,1,1,0,4
seguir,esfuerzo,19.0,intra_sub,1,1,0,0
seguir,sumar,17.0,intra_sub,1,1,0,0
seguir,seguro,16.0,intra_cluster,1,1,0,4
seguir,entorno,15.0,intra_sub,1,1,0,0
seguir,vida,15.0,intra_sub,1,1,0,0
seguir,seguridad,14.0,intra_cluster,1,1,0,4
seguir,colonia,14.0,intra_cluster,1,1,0,1
seguir,zona,13.0,intra_cluster,1,1,0,1
seguir,permitir,13.0,intra_sub,1,1,0,0
seguir,público,12.0,intra_cluster,1,1,0,2
seguir,transformar,12.0,intra_sub,1,1,0,0
seguir,convivencia,12.0,intra_sub,1,1,0,0
seguir,brindar,12.0,intra_cluster,1,1,0,4
seguir,limpio,11.0,intra_cluster,1,1,0,6
seguir,calle,11.0,intra_cluster,1,1,0,1
seguir,cambiar,11.0,intra_cluster,1,1,0,-1
seguir,atender,10.0,intra_cluster,1,1,0,2
seguir,salud,10.0,intra_cluster,1,1,0,3
seguir,jornada,10.0,intra_cluster,1,1,0,1
seguir,niña,9.0,intra_sub,1,1,0,0
seguir,educación,9.0,intra_sub,1,1,0,0
seguir,programa,9.0,intra_cluster,1,1,0,3
seguir,acompañar,9.0,intra_sub,1,1,0,0
seguir,mantener,8.0,intra_cluster,1,1,0,6
seguir,vialidad,8.0,intra_cluster,1,1,0,4
seguir,emprendedor,8.0,intra_cluster,1,1,0,-1
seguir,cambio,8.0,intra_cluster,1,1,0,1
seguir,coordinación,8.0,intra_cluster,1,1,0,3
seguir,vacheando,8.0,intra_cluster,1,1,0,3
seguir,labor,7.0,intra_cluster,1,1,0,1
seguir,ciudadanía,7.0,intra_sub,1,1,0,0
seguir,futuro,7.0,intra_sub,1,1,0,0
seguir,calidad,7.0,intra_sub,1,1,0,0
seguir,servicio,7.0,intra_cluster,1,1,0,2
seguir,fundamental,6.0,intra_cluster,1,1,0,4
seguir,iniciativa,6.0,intra_sub,1,1,0,0
seguir,reconocimiento,6.0,intra_sub,1,1,0,0
seguir,constante,6.0,intra_cluster,1,1,0,2
seguir,secretaría,6.0,intra_cluster,1,1,0,3
seguir,cuidado,6.0,intra_sub,1,1,0,0
seguir,compartir,6.0,intra_sub,1,1,0,0
seguir,generar,6.0,intra_sub,1,1,0,0
seguir,reafirmar,6.0,intra_cluster,1,1,0,-1
seguir,unidad,6.0,intra_cluster,1,1,0,1
seguir,contribuir,6.0,intra_cluster,1,1,0,6
seguir,limpieza,5.0,intra_cluster,1,1,0,1
seguir,ordenado,5.0,intra_cluster,1,1,0,6
seguir,alegría,5.0,intra_cluster,1,1,0,-1
seguir,conjunto,5.0,intra_sub,1,1,0,0
seguir,vecino,5.0,intra_cluster,1,1,0,1
seguir,tampiqueñas,5.0,intra_sub,1,1,0,0
seguir,honor,5.0,intra_cluster,1,1,0,-1
seguir,riesgo,5.0,intra_cluster,1,1,0,4
seguir,atención,5.0,intra_cluster,1,1,0,2
seguir,visión,5.0,intra_cluster,1,1,0,2
seguir,movilidad,5.0,intra_cluster,1,1,0,4
seguir,responsable,5.0,intra_cluster,1,1,0,5
seguir,ayuntamiento,5.0,intra_cluster,1,1,0,2
seguir,imagen,4.0,intra_cluster,1,1,0,4
seguir,mantenimiento,4.0,intra_cluster,1,1,0,1
seguir,laguna,4.0,intra_cluster,1,1,0,5
seguir,continuar,4.0,intra_cluster,1,1,0,2
seguir,familiar,4.0,intra_cluster,1,1,0,-1
seguir,directo,4.0,intra_cluster,1,1,0,2
seguir,sur,4.0,intra_cluster,1,1,0,1
seguir,caso,4.0,intra_cluster,1,1,0,2
seguir,completamente,4.0,intra_cluster,1,1,0,-1
seguir,gratuito,4.0,intra_cluster,1,1,0,2
seguir,producto,4.0,intra_cluster,1,1,0,-1
seguir,respaldo,4.0,intra_cluster,1,1,0,2
seguir,digno,3.0,intra_cluster,1,1,0,-1
seguir,carpintero,3.0,intra_cluster,1,1,0,5
seguir,respuesta,3.0,intra_cluster,1,1,0,4
seguir,sonrisa,3.0,intra_cluster,1,1,0,3
seguir,comapa,3.0,intra_cluster,1,1,0,1
seguir,basura,3.0,intra_cluster,1,1,0,1
seguir,sano,3.0,intra_cluster,1,1,0,-1
seguir,mes,3.0,intra_cluster,1,1,0,2
seguir,prevenir,3.0,intra_cluster,1,1,0,4
seguir,administración,3.0,intra_cluster,1,1,0,2
seguir,servicios,3.0,intra_cluster,1,1,0,3
seguir,públicos,3.0,intra_cluster,1,1,0,3
seguir,bache,3.0,intra_cluster,1,1,0,3
seguir,instituto,3.0,intra_cluster,1,1,0,-1
seguir,natural,3.0,intra_cluster,1,1,0,-1
seguir,pintura,3.0,intra_cluster,1,1,0,-1
seguir,gob,2.0,intra_cluster,1,1,0,6
seguir,instrucción,2.0,intra_cluster,1,1,0,2
seguir,dirección,2.0,intra_cluster,1,1,0,3
seguir,hola,2.0,intra_cluster,1,1,0,-1
seguir,condición,2.0,intra_cluster,1,1,0,4
seguir,universidad,2.0,intra_cluster,1,1,0,1
seguir,sonrisas,2.0,intra_cluster,1,1,0,3
seguir,piña,2.0,intra_cluster,1,1,0,-1
seguir,wow,2.0,intra_cluster,1,1,0,-1
seguir,hogar,2.0,intra_cluster,1,1,0,5
seguir,obras,2.0,intra_cluster,1,1,0,3
seguir,canal,2.0,intra_cluster,1,1,0,1
seguir,etapa,2.0,intra_cluster,1,1,0,-1
seguir,entregar,2.0,intra_cluster,1,1,0,1
seguir,área,2.0,intra_cluster,1,1,0,5
seguir,públicas,2.0,intra_cluster,1,1,0,3
seguir,cercanía,2.0,intra_cluster,1,1,0,-1
seguir,humano,2.0,intra_cluster,1,1,0,2
seguir,ciudadano,2.0,intra_cluster,1,1,0,2
seguir,corazón,2.0,intra_cluster,1,1,0,-1
seguir,personal,2.0,intra_cluster,1,1,0,3
seguir,rehabilitación,2.0,intra_cluster,1,1,0,1
seguir,cívico,2.0,intra_cluster,1,1,0,-1
seguir,capacitación,2.0,intra_cluster,1,1,0,4
seguir,árbol,2.0,intra_cluster,1,1,0,5
seguir,verde,2.0,intra_cluster,1,1,0,5
seguir,cercano,2.0,intra_cluster,1,1,0,1
seguir,delegación,2.0,intra_cluster,1,1,0,1
seguir,norte,2.0,intra_cluster,1,1,0,1
fortalecer,acción,32.0,intra_cluster,1,1,0,2
fortalecer,bienestar,26.0,intra_cluster,1,1,0,3
fortalecer,familia,20.0,intra_sub,1,1,0,0
fortalecer,público,19.0,intra_cluster,1,1,0,2
fortalecer,convivencia,19.0,intra_sub,1,1,0,0
fortalecer,seguridad,16.0,intra_cluster,1,1,0,4
fortalecer,compromiso,14.0,intra_sub,1,1,0,0
fortalecer,servicio,12.0,intra_cluster,1,1,0,2
fortalecer,atención,11.0,intra_cluster,1,1,0,2
fortalecer,salud,11.0,intra_cluster,1,1,0,3
fortalecer,continuar,11.0,intra_cluster,1,1,0,2
fortalecer,sur,10.0,intra_cluster,1,1,0,1
fortalecer,unidad,10.0,intra_cluster,1,1,0,1
fortalecer,esfuerzo,10.0,intra_sub,1,1,0,0
fortalecer,ciudadano,10.0,intra_cluster,1,1,0,2
fortalecer,mejorar,9.0,intra_cluster,1,1,0,4
fortalecer,colonia,9.0,intra_cluster,1,1,0,1
fortalecer,vida,9.0,intra_sub,1,1,0,0
fortalecer,construir,9.0,intra_sub,1,1,0,0
fortalecer,generar,8.0,intra_sub,1,1,0,0
fortalecer,reafirmar,8.0,intra_cluster,1,1,0,-1
fortalecer,permitir,7.0,intra_sub,1,1,0,0
fortalecer,sumar,7.0,intra_sub,1,1,0,0
fortalecer,coordinación,7.0,intra_cluster,1,1,0,3
fortalecer,jornada,7.0,intra_cluster,1,1,0,1
fortalecer,entorno,7.0,intra_sub,1,1,0,0
fortalecer,ayuntamiento,7.0,intra_cluster,1,1,0,2
fortalecer,seguro,6.0,intra_cluster,1,1,0,4
fortalecer,día,6.0,intra_sub,1,1,0,0
fortalecer,labor,6.0,intra_cluster,1,1,0,1
fortalecer,compartir,6.0,intra_sub,1,1,0,0
fortalecer,acompañar,6.0,intra_sub,1,1,0,0
fortalecer,transformar,6.0,intra_sub,1,1,0,0
fortalecer,brindar,6.0,intra_cluster,1,1,0,4
fortalecer,niña,5.0,intra_sub,1,1,0,0
fortalecer,zona,5.0,intra_cluster,1,1,0,1
fortalecer,mantener,5.0,intra_cluster,1,1,0,6
fortalecer,educación,5.0,intra_sub,1,1,0,0
fortalecer,cuidado,5.0,intra_sub,1,1,0,0
fortalecer,producto,5.0,intra_cluster,1,1,0,-1
fortalecer,emprendedor,5.0,intra_cluster,1,1,0,-1
fortalecer,mantenimiento,5.0,intra_cluster,1,1,0,1
fortalecer,contribuir,5.0,intra_cluster,1,1,0,6
fortalecer,iniciativa,5.0,intra_sub,1,1,0,0
fortalecer,dengue,5.0,intra_cluster,1,1,0,5
fortalecer,entregar,5.0,intra_cluster,1,1,0,1
fortalecer,objetivo,4.0,intra_cluster,1,1,0,4
fortalecer,rehabilitación,4.0,intra_cluster,1,1,0,1
fortalecer,garantizar,4.0,intra_cluster,1,1,0,4
fortalecer,dirección,4.0,intra_cluster,1,1,0,3
fortalecer,tampiqueñas,4.0,intra_sub,1,1,0,0
fortalecer,calidad,4.0,intra_sub,1,1,0,0
fortalecer,corazón,4.0,intra_cluster,1,1,0,-1
fortalecer,conjunto,4.0,intra_sub,1,1,0,0
fortalecer,imagen,4.0,intra_cluster,1,1,0,4
fortalecer,laguna,4.0,intra_cluster,1,1,0,5
fortalecer,programa,3.0,intra_cluster,1,1,0,3
fortalecer,familiar,3.0,intra_cluster,1,1,0,-1
fortalecer,instalar,3.0,intra_cluster,1,1,0,-1
fortalecer,fundamental,3.0,intra_cluster,1,1,0,4
fortalecer,capacitación,3.0,intra_cluster,1,1,0,4
fortalecer,condición,3.0,intra_cluster,1,1,0,4
fortalecer,sesión,3.0,intra_cluster,1,1,0,4
fortalecer,calle,3.0,intra_cluster,1,1,0,1
fortalecer,vial,3.0,intra_cluster,1,1,0,4
fortalecer,natural,3.0,intra_cluster,1,1,0,-1
fortalecer,pintura,3.0,intra_cluster,1,1,0,-1
fortalecer,ciudadanía,3.0,intra_cluster,1,1,0,0
fortalecer,cívico,3.0,intra_cluster,1,1,0,-1
fortalecer,administración,3.0,intra_cluster,1,1,0,2
fortalecer,avenida,2.0,intra_cluster,1,1,0,1
fortalecer,mes,2.0,intra_cluster,1,1,0,2
fortalecer,respuesta,2.0,intra_cluster,1,1,0,4
fortalecer,basura,2.0,intra_cluster,1,1,0,1
fortalecer,cuidar,2.0,intra_cluster,1,1,0,0
fortalecer,sano,2.0,intra_cluster,1,1,0,-1
fortalecer,secretaría,2.0,intra_cluster,1,1,0,3
fortalecer,públicas,2.0,intra_cluster,1,1,0,3
fortalecer,gratuito,2.0,intra_cluster,1,1,0,2
fortalecer,limpieza,2.0,intra_cluster,1,1,0,1
fortalecer,atender,2.0,intra_cluster,1,1,0,2
fortalecer,instituto,2.0,intra_cluster,1,1,0,-1
fortalecer,ceremonia,2.0,intra_cluster,1,1,0,-1
fortalecer,honor,2.0,intra_cluster,1,1,0,-1
fortalecer,diario,2.0,intra_cluster,1,1,0,6
fortalecer,futuro,2.0,intra_cluster,1,1,0,0
fortalecer,prevenir,2.0,intra_cluster,1,1,0,4
fortalecer,directamente,2.0,intra_cluster,1,1,0,2
fortalecer,realizamos,2.0,intra_cluster,1,1,0,6
fortalecer,humano,2.0,intra_cluster,1,1,0,2
fortalecer,solidaridad,2.0,intra_cluster,1,1,0,2
fortalecer,trabajador,2.0,intra_cluster,1,1,0,2
fortalecer,ubicado,2.0,intra_cluster,1,1,0,1
fortalecer,área,2.0,intra_cluster,1,1,0,5
fortalecer,verde,2.0,intra_cluster,1,1,0,5
familia,tampiqueñas,41.0,intra_sub,1,1,0,0
familia,bienestar,37.0,intra_cluster,1,1,0,3
familia,salud,26.0,intra_cluster,1,1,0,3
familia,vida,20.0,intra_sub,1,1,0,0
familia,día,18.0,intra_sub,1,1,0,0
familia,colonia,17.0,intra_cluster,1,1,0,1
familia,acción,17.0,intra_cluster,1,1,0,2
familia,compartir,17.0,intra_sub,1,1,0,0
familia,seguridad,14.0,intra_cluster,1,1,0,4
familia,entorno,13.0,intra_sub,1,1,0,0
familia,calidad,13.0,intra_sub,1,1,0,0
familia,niña,13.0,intra_sub,1,1,0,0
familia,cuidar,12.0,intra_sub,1,1,0,0
familia,seguro,11.0,intra_cluster,1,1,0,4
familia,digno,9.0,intra_cluster,1,1,0,-1
familia,convivencia,9.0,intra_sub,1,1,0,0
familia,servicio,9.0,intra_cluster,1,1,0,2
familia,brindar,9.0,intra_cluster,1,1,0,4
familia,limpieza,8.0,intra_cluster,1,1,0,1
familia,alegría,8.0,intra_cluster,1,1,0,-1
familia,atención,8.0,intra_cluster,1,1,0,2
familia,compromiso,8.0,intra_sub,1,1,0,0
familia,labor,7.0,intra_cluster,1,1,0,1
familia,gob,7.0,intra_cluster,1,1,0,6
familia,construir,7.0,intra_sub,1,1,0,0
familia,jornada,7.0,intra_cluster,1,1,0,1
familia,esfuerzo,7.0,intra_sub,1,1,0,0
familia,norte,6.0,intra_cluster,1,1,0,1
familia,garantizar,6.0,intra_cluster,1,1,0,4
familia,calle,6.0,intra_cluster,1,1,0,1
familia,directamente,6.0,intra_cluster,1,1,0,2
familia,limpio,6.0,intra_cluster,1,1,0,6
familia,laguna,6.0,intra_cluster,1,1,0,5
familia,público,5.0,intra_cluster,1,1,0,2
familia,respuesta,5.0,intra_cluster,1,1,0,4
familia,ciudadanía,5.0,intra_sub,1,1,0,0
familia,generar,5.0,intra_sub,1,1,0,0
familia,mejorar,5.0,intra_cluster,1,1,0,4
familia,contribuir,5.0,intra_cluster,1,1,0,6
familia,carpintero,5.0,intra_cluster,1,1,0,5
familia,personal,4.0,intra_cluster,1,1,0,3
familia,área,4.0,intra_cluster,1,1,0,5
familia,mascota,4.0,intra_cluster,1,1,0,5
familia,ciudadano,4.0,intra_cluster,1,1,0,2
familia,canal,4.0,intra_cluster,1,1,0,1
familia,unidad,4.0,intra_cluster,1,1,0,1
familia,programa,4.0,intra_cluster,1,1,0,3
familia,mantener,4.0,intra_cluster,1,1,0,6
familia,prioridad,4.0,intra_cluster,1,1,0,-1
familia,atender,4.0,intra_cluster,1,1,0,2
familia,dirección,4.0,intra_cluster,1,1,0,3
familia,acompañar,4.0,intra_sub,1,1,0,0
familia,trabajador,4.0,intra_cluster,1,1,0,2
familia,zona,4.0,intra_cluster,1,1,0,1
familia,sur,4.0,intra_cluster,1,1,0,1
familia,transformar,3.0,intra_cluster,1,1,0,0
familia,dif,3.0,intra_cluster,1,1,0,-1
familia,gratuito,3.0,intra_cluster,1,1,0,2
familia,directo,3.0,intra_cluster,1,1,0,2
familia,saludable,3.0,intra_cluster,1,1,0,6
familia,emprendedor,3.0,intra_cluster,1,1,0,-1
familia,secretaría,3.0,intra_cluster,1,1,0,3
familia,educación,3.0,intra_cluster,1,1,0,0
familia,cercanía,3.0,intra_cluster,1,1,0,-1
familia,cuidado,3.0,intra_cluster,1,1,0,0
familia,movilidad,3.0,intra_cluster,1,1,0,4
familia,cercano,3.0,intra_cluster,1,1,0,1
familia,ayuntamiento,3.0,intra_cluster,1,1,0,2
familia,instituto,3.0,intra_cluster,1,1,0,-1
familia,solidaridad,3.0,intra_cluster,1,1,0,2
familia,permitir,3.0,intra_cluster,1,1,0,0
familia,administración,3.0,intra_cluster,1,1,0,2
familia,rehabilitación,2.0,intra_cluster,1,1,0,1
familia,visión,2.0,intra_cluster,1,1,0,2
familia,mantenimiento,2.0,intra_cluster,1,1,0,1
familia,públicos,2.0,intra_cluster,1,1,0,3
familia,honor,2.0,intra_cluster,1,1,0,-1
familia,entregar,2.0,intra_cluster,1,1,0,1
familia,sonrisas,2.0,intra_cluster,1,1,0,3
familia,responsable,2.0,intra_cluster,1,1,0,5
familia,futuro,2.0,intra_cluster,1,1,0,0
familia,continuar,2.0,intra_cluster,1,1,0,2
familia,universidad,2.0,intra_cluster,1,1,0,1
familia,coordinación,2.0,intra_cluster,1,1,0,3
familia,conjunto,2.0,intra_cluster,1,1,0,0
familia,familiar,2.0,intra_cluster,1,1,0,-1
familia,corazón,2.0,intra_cluster,1,1,0,-1
familia,vial,2.0,intra_cluster,1,1,0,4
familia,sano,2.0,intra_cluster,1,1,0,-1
familia,presente,2.0,intra_cluster,1,1,0,-1
familia,pluvial,2.0,intra_cluster,1,1,0,1
familia,fundamental,2.0,intra_cluster,1,1,0,4
familia,fortalecimiento,2.0,intra_cluster,1,1,0,-1
familia,iniciativa,2.0,intra_cluster,1,1,0,0
familia,ceremonia,2.0,intra_cluster,1,1,0,-1
familia,humano,2.0,intra_cluster,1,1,0,2
familia,ordenado,2.0,intra_cluster,1,1,0,6
familia,objetivo,2.0,intra_cluster,1,1,0,4
familia,banqueta,2.0,intra_cluster,1,1,0,1
familia,cambio,2.0,intra_cluster,1,1,0,1
familia,respaldo,2.0,intra_cluster,1,1,0,2
familia,completamente,2.0,intra_cluster,1,1,0,-1
familia,etapa,2.0,intra_cluster,1,1,0,-1
familia,reafirmar,2.0,intra_cluster,1,1,0,-1
familia,natural,2.0,intra_cluster,1,1,0,-1
tampiqueñas,bienestar,12.0,intra_cluster,1,1,0,3
tampiqueñas,calidad,7.0,intra_sub,1,1,0,0
tampiqueñas,vida,7.0,intra_sub,1,1,0,0
tampiqueñas,acción,6.0,intra_cluster,1,1,0,2
tampiqueñas,colonia,5.0,intra_cluster,1,1,0,1
tampiqueñas,servicio,5.0,intra_cluster,1,1,0,2
tampiqueñas,digno,4.0,intra_cluster,1,1,0,-1
tampiqueñas,limpieza,4.0,intra_cluster,1,1,0,1
tampiqueñas,salud,4.0,intra_cluster,1,1,0,3
tampiqueñas,cuidar,3.0,intra_cluster,1,1,0,0
tampiqueñas,día,3.0,intra_cluster,1,1,0,0
tampiqueñas,compartir,3.0,intra_cluster,1,1,0,0
tampiqueñas,jornada,3.0,intra_cluster,1,1,0,1
tampiqueñas,calle,3.0,intra_cluster,1,1,0,1
tampiqueñas,seguridad,3.0,intra_cluster,1,1,0,4
tampiqueñas,gob,3.0,intra_cluster,1,1,0,6
tampiqueñas,entorno,3.0,intra_cluster,1,1,0,0
tampiqueñas,seguro,2.0,intra_cluster,1,1,0,4
tampiqueñas,niña,2.0,intra_cluster,1,1,0,0
tampiqueñas,labor,2.0,intra_cluster,1,1,0,1
tampiqueñas,atención,2.0,intra_cluster,1,1,0,2
tampiqueñas,gratuito,2.0,intra_cluster,1,1,0,2
tampiqueñas,continuar,2.0,intra_cluster,1,1,0,2
tampiqueñas,programa,2.0,intra_cluster,1,1,0,3
tampiqueñas,esfuerzo,2.0,intra_cluster,1,1,0,0
tampiqueñas,público,2.0,intra_cluster,1,1,0,2
tampiqueñas,limpio,2.0,intra_cluster,1,1,0,6
tampiqueñas,ordenado,2.0,intra_cluster,1,1,0,6
tampiqueñas,contribuir,2.0,intra_cluster,1,1,0,6
tampiqueñas,transformar,2.0,intra_cluster,1,1,0,0
tampiqueñas,mejorar,2.0,intra_cluster,1,1,0,4
carpintero,laguna,40.0,intra_sub,1,1,5,5
carpintero,mantenimiento,6.0,intra_cluster,1,1,5,1
carpintero,área,5.0,intra_sub,1,1,5,5
carpintero,personal,4.0,intra_cluster,1,1,5,3
carpintero,mascota,4.0,intra_sub,1,1,5,5
carpintero,atención,3.0,intra_cluster,1,1,5,2
carpintero,vida,3.0,intra_cluster,1,1,5,0
carpintero,limpieza,3.0,intra_cluster,1,1,5,1
carpintero,seguro,2.0,intra_cluster,1,1,5,4
carpintero,jardín,2.0,intra_cluster,1,1,5,5
carpintero,públicos,2.0,intra_cluster,1,1,5,3
carpintero,convivencia,2.0,intra_cluster,1,1,5,0
carpintero,familiar,2.0,intra_cluster,1,1,5,-1
carpintero,cuidar,2.0,intra_cluster,1,1,5,0
carpintero,hogar,2.0,intra_cluster,1,1,5,5
carpintero,verde,2.0,intra_cluster,1,1,5,5
carpintero,emprendedor,2.0,intra_cluster,1,1,5,-1
laguna,acción,9.0,intra_cluster,1,1,5,2
laguna,mantenimiento,7.0,intra_cluster,1,1,5,1
laguna,personal,5.0,intra_cluster,1,1,5,3
laguna,área,5.0,intra_sub,1,1,5,5
laguna,limpieza,5.0,intra_cluster,1,1,5,1
laguna,calle,5.0,intra_cluster,1,1,5,1
laguna,compromiso,5.0,intra_cluster,1,1,5,0
laguna,día,4.0,intra_cluster,1,1,5,0
laguna,vida,4.0,intra_cluster,1,1,5,0
laguna,mascota,4.0,intra_sub,1,1,5,5
laguna,cuidado,4.0,intra_cluster,1,1,5,0
laguna,atención,3.0,intra_cluster,1,1,5,2
laguna,constante,3.0,intra_cluster,1,1,5,2
laguna,seguro,3.0,intra_cluster,1,1,5,4
laguna,convivencia,3.0,intra_cluster,1,1,5,0
laguna,zona,3.0,intra_cluster,1,1,5,1
laguna,contribuir,3.0,intra_cluster,1,1,5,6
laguna,col,3.0,intra_cluster,1,1,5,1
laguna,cuidar,3.0,intra_cluster,1,1,5,0
laguna,emprendedor,3.0,intra_cluster,1,1,5,-1
laguna,condición,2.0,intra_cluster,1,1,5,4
laguna,jardín,2.0,intra_cluster,1,1,5,5
laguna,servicios,2.0,intra_cluster,1,1,5,3
laguna,públicos,2.0,intra_cluster,1,1,5,3
laguna,familiar,2.0,intra_cluster,1,1,5,-1
laguna,riesgo,2.0,intra_cluster,1,1,5,4
laguna,secretaría,2.0,intra_cluster,1,1,5,3
laguna,responsable,2.0,intra_cluster,1,1,5,5
laguna,natural,2.0,intra_cluster,1,1,5,-1
laguna,sumar,2.0,intra_cluster,1,1,5,0
laguna,avenida,2.0,intra_cluster,1,1,5,1
laguna,hogar,2.0,intra_cluster,1,1,5,5
bienestar,salud,35.0,intra_sub,1,1,3,3
bienestar,programa,29.0,intra_sub,1,1,3,3
bienestar,sonrisas,19.0,intra_sub,1,1,3,3
bienestar,colonia,15.0,intra_cluster,1,1,3,1
bienestar,acción,13.0,intra_cluster,1,1,3,2
bienestar,secretaría,13.0,intra_sub,1,1,3,3
bienestar,jornada,12.0,intra_cluster,1,1,3,1
bienestar,contribuir,12.0,intra_cluster,1,1,3,6
bienestar,seguridad,11.0,intra_cluster,1,1,3,4
bienestar,cuidar,10.0,intra_cluster,1,1,3,0
bienestar,compromiso,10.0,intra_cluster,1,1,3,0
bienestar,iniciativa,10.0,intra_cluster,1,1,3,0
bienestar,servicio,8.0,intra_cluster,1,1,3,2
bienestar,generar,8.0,intra_cluster,1,1,3,0
bienestar,construir,8.0,intra_cluster,1,1,3,0
bienestar,fundamental,8.0,intra_cluster,1,1,3,4
bienestar,ciudadanía,7.0,intra_cluster,1,1,3,0
bienestar,atención,7.0,intra_cluster,1,1,3,2
bienestar,día,6.0,intra_cluster,1,1,3,0
bienestar,vida,6.0,intra_cluster,1,1,3,0
bienestar,continuar,6.0,intra_cluster,1,1,3,2
bienestar,sonrisa,6.0,intra_sub,1,1,3,3
bienestar,convivencia,6.0,intra_cluster,1,1,3,0
bienestar,zona,6.0,intra_cluster,1,1,3,1
bienestar,gob,5.0,intra_cluster,1,1,3,6
bienestar,sumar,5.0,intra_cluster,1,1,3,0
bienestar,esfuerzo,5.0,intra_cluster,1,1,3,0
bienestar,brindar,5.0,intra_cluster,1,1,3,4
bienestar,niña,5.0,intra_cluster,1,1,3,0
bienestar,cuidado,5.0,intra_cluster,1,1,3,0
bienestar,unidad,5.0,intra_cluster,1,1,3,1
bienestar,gratuito,4.0,intra_cluster,1,1,3,2
bienestar,ciudadano,4.0,intra_cluster,1,1,3,2
bienestar,sesión,4.0,intra_cluster,1,1,3,4
bienestar,compartir,4.0,intra_cluster,1,1,3,0
bienestar,transformar,3.0,intra_cluster,1,1,3,0
bienestar,entorno,3.0,intra_cluster,1,1,3,0
bienestar,atender,3.0,intra_cluster,1,1,3,2
bienestar,directamente,3.0,intra_cluster,1,1,3,2
bienestar,calidad,3.0,intra_cluster,1,1,3,0
bienestar,prioridad,3.0,intra_cluster,1,1,3,-1
bienestar,directo,3.0,intra_cluster,1,1,3,2
bienestar,labor,3.0,intra_cluster,1,1,3,1
bienestar,públicos,3.0,intra_cluster,1,1,3,3
bienestar,coordinación,3.0,intra_cluster,1,1,3,3
bienestar,reafirmar,3.0,intra_cluster,1,1,3,-1
bienestar,futuro,3.0,intra_cluster,1,1,3,0
bienestar,alegría,3.0,intra_cluster,1,1,3,-1
bienestar,sano,3.0,intra_cluster,1,1,3,-1
bienestar,acompañar,3.0,intra_cluster,1,1,3,0
bienestar,constante,3.0,intra_cluster,1,1,3,2
bienestar,solidaridad,3.0,intra_cluster,1,1,3,2
bienestar,educación,3.0,intra_cluster,1,1,3,0
bienestar,imagen,2.0,intra_cluster,1,1,3,4
bienestar,limpio,2.0,intra_cluster,1,1,3,6
bienestar,digno,2.0,intra_cluster,1,1,3,-1
bienestar,administración,2.0,intra_cluster,1,1,3,2
bienestar,seguro,2.0,intra_cluster,1,1,3,4
bienestar,ayuntamiento,2.0,intra_cluster,1,1,3,2
bienestar,limpieza,2.0,intra_cluster,1,1,3,1
bienestar,visión,2.0,intra_cluster,1,1,3,2
bienestar,capacitación,2.0,intra_cluster,1,1,3,4
bienestar,col,2.0,intra_cluster,1,1,3,1
bienestar,etapa,2.0,intra_cluster,1,1,3,-1
bienestar,servicios,2.0,intra_cluster,1,1,3,3
bienestar,rehabilitación,2.0,intra_cluster,1,1,3,1
bienestar,movilidad,2.0,intra_cluster,1,1,3,4
bienestar,obras,2.0,intra_cluster,1,1,3,3
bienestar,cercano,2.0,intra_cluster,1,1,3,1
bienestar,respaldo,2.0,intra_cluster,1,1,3,2
bienestar,bucal,2.0,intra_cluster,1,1,3,3
bienestar,instalar,2.0,intra_cluster,1,1,3,-1
bienestar,oficina,2.0,intra_cluster,1,1,3,-1
bienestar,dif,2.0,intra_cluster,1,1,3,-1
bienestar,delegación,2.0,intra_cluster,1,1,3,1
bienestar,norte,2.0,intra_cluster,1,1,3,1
salud,cuidar,15.0,intra_cluster,1,1,3,0
salud,coordinación,13.0,intra_sub,1,1,3,3
salud,secretaría,12.0,intra_sub,1,1,3,3
salud,acción,12.0,intra_cluster,1,1,3,2
salud,día,9.0,intra_cluster,1,1,3,0
salud,dirección,9.0,intra_sub,1,1,3,3
salud,programa,9.0,intra_sub,1,1,3,3
salud,gob,7.0,intra_cluster,1,1,3,6
salud,atención,7.0,intra_cluster,1,1,3,2
salud,sonrisas,7.0,intra_sub,1,1,3,3
salud,prioridad,6.0,intra_cluster,1,1,3,-1
salud,mantener,5.0,intra_cluster,1,1,3,6
salud,bucal,5.0,intra_sub,1,1,3,3
salud,labor,5.0,intra_cluster,1,1,3,1
salud,colonia,5.0,intra_cluster,1,1,3,1
salud,público,5.0,intra_cluster,1,1,3,2
salud,servicio,5.0,intra_cluster,1,1,3,2
salud,iniciativa,5.0,intra_cluster,1,1,3,0
salud,compromiso,5.0,intra_cluster,1,1,3,0
salud,mejorar,5.0,intra_cluster,1,1,3,4
salud,jornada,5.0,intra_cluster,1,1,3,1
salud,vida,5.0,intra_cluster,1,1,3,0
salud,contribuir,5.0,intra_cluster,1,1,3,6
salud,zona,5.0,intra_cluster,1,1,3,1
salud,ciudadanía,4.0,intra_cluster,1,1,3,0
salud,servicios,4.0,intra_sub,1,1,3,3
salud,cuidado,4.0,intra_cluster,1,1,3,0
salud,acompañar,4.0,intra_cluster,1,1,3,0
salud,convivencia,4.0,intra_cluster,1,1,3,0
salud,descacharrización,4.0,intra_cluster,1,1,3,1
salud,materia,4.0,intra_sub,1,1,3,3
salud,sur,4.0,intra_cluster,1,1,3,1
salud,unidad,3.0,intra_cluster,1,1,3,1
salud,calidad,3.0,intra_cluster,1,1,3,0
salud,seguridad,3.0,intra_cluster,1,1,3,4
salud,educación,3.0,intra_cluster,1,1,3,0
salud,dengue,3.0,intra_cluster,1,1,3,5
salud,niña,3.0,intra_cluster,1,1,3,0
salud,cambio,3.0,intra_cluster,1,1,3,1
salud,administración,3.0,intra_cluster,1,1,3,2
salud,fundamental,2.0,intra_cluster,1,1,3,4
salud,brindar,2.0,intra_cluster,1,1,3,4
salud,gratuito,2.0,intra_cluster,1,1,3,2
salud,transformar,2.0,intra_cluster,1,1,3,0
salud,caso,2.0,intra_cluster,1,1,3,2
salud,públicos,2.0,intra_cluster,1,1,3,3
salud,continuar,2.0,intra_cluster,1,1,3,2
salud,sano,2.0,intra_cluster,1,1,3,-1
salud,entorno,2.0,intra_cluster,1,1,3,0
salud,natural,2.0,intra_cluster,1,1,3,-1
salud,digno,2.0,intra_cluster,1,1,3,-1
salud,alegría,2.0,intra_cluster,1,1,3,-1
salud,saludable,2.0,intra_cluster,1,1,3,6
norte,zona,33.0,intra_sub,1,1,1,1
norte,sur,12.0,intra_sub,1,1,1,1
norte,calle,12.0,intra_sub,1,1,1,1
norte,delegación,9.0,intra_sub,1,1,1,1
norte,colonia,7.0,intra_sub,1,1,1,1
norte,limpieza,6.0,intra_sub,1,1,1,1
norte,avenida,5.0,intra_sub,1,1,1,1
norte,vial,4.0,intra_cluster,1,1,1,4
norte,col,4.0,intra_sub,1,1,1,1
norte,villa,4.0,intra_cluster,1,1,1,-1
norte,generar,3.0,intra_cluster,1,1,1,0
norte,condición,3.0,intra_cluster,1,1,1,4
norte,día,3.0,intra_cluster,1,1,1,0
norte,canal,3.0,intra_cluster,1,1,1,1
norte,seguro,3.0,intra_cluster,1,1,1,4
norte,compartir,3.0,intra_cluster,1,1,1,0
norte,seguridad,3.0,intra_cluster,1,1,1,4
norte,basura,3.0,intra_cluster,1,1,1,1
norte,público,2.0,intra_cluster,1,1,1,2
norte,convivencia,2.0,intra_cluster,1,1,1,0
norte,caso,2.0,intra_cluster,1,1,1,2
norte,vida,2.0,intra_cluster,1,1,1,0
norte,pluvial,2.0,intra_cluster,1,1,1,1
norte,comapa,2.0,intra_cluster,1,1,1,1
norte,elías,2.0,intra_cluster,1,1,1,-1
norte,contribuir,2.0,intra_cluster,1,1,1,6
norte,servicio,2.0,intra_cluster,1,1,1,2
norte,dif,2.0,intra_cluster,1,1,1,-1
norte,digno,2.0,intra_cluster,1,1,1,-1
norte,camión,2.0,intra_cluster,1,1,1,1
norte,prevenir,2.0,intra_cluster,1,1,1,4
norte,mantener,2.0,intra_cluster,1,1,1,6
norte,públicos,2.0,intra_cluster,1,1,1,3
norte,piña,2.0,intra_cluster,1,1,1,-1
zona,sur,26.0,intra_sub,1,1,1,1
zona,colonia,12.0,intra_sub,1,1,1,1
zona,seguro,11.0,intra_cluster,1,1,1,4
zona,seguridad,11.0,intra_cluster,1,1,1,4
zona,servicio,11.0,intra_cluster,1,1,1,2
zona,calle,11.0,intra_sub,1,1,1,1
zona,pluvial,9.0,intra_sub,1,1,1,1
zona,delegación,9.0,intra_sub,1,1,1,1
zona,comapa,8.0,intra_sub,1,1,1,1
zona,compartir,7.0,intra_cluster,1,1,1,0
zona,día,6.0,intra_cluster,1,1,1,0
zona,col,6.0,intra_sub,1,1,1,1
zona,vida,6.0,intra_cluster,1,1,1,0
zona,basura,6.0,intra_sub,1,1,1,1
zona,limpieza,5.0,intra_sub,1,1,1,1
zona,mantener,5.0,intra_cluster,1,1,1,6
zona,continuar,5.0,intra_cluster,1,1,1,2
zona,generar,5.0,intra_cluster,1,1,1,0
zona,atención,5.0,intra_cluster,1,1,1,2
zona,público,5.0,intra_cluster,1,1,1,2
zona,acción,5.0,intra_cluster,1,1,1,2
zona,lunes,4.0,intra_sub,1,1,1,1
zona,prevenir,4.0,intra_cluster,1,1,1,4
zona,riesgo,4.0,intra_cluster,1,1,1,4
zona,ciudadano,4.0,intra_cluster,1,1,1,2
zona,cercano,4.0,intra_sub,1,1,1,1
zona,labor,3.0,intra_cluster,1,1,1,1
zona,dirección,3.0,intra_cluster,1,1,1,3
zona,garantizar,3.0,intra_cluster,1,1,1,4
zona,jesús,3.0,intra_cluster,1,1,1,-1
zona,elías,3.0,intra_cluster,1,1,1,-1
zona,jornada,3.0,intra_cluster,1,1,1,1
zona,verde,3.0,intra_cluster,1,1,1,5
zona,brindar,3.0,intra_cluster,1,1,1,4
zona,cambiar,3.0,intra_cluster,1,1,1,-1
zona,camión,3.0,intra_cluster,1,1,1,1
zona,dengue,3.0,intra_cluster,1,1,1,5
zona,objetivo,2.0,intra_cluster,1,1,1,4
zona,condición,2.0,intra_cluster,1,1,1,4
zona,avenida,2.0,intra_cluster,1,1,1,1
zona,atender,2.0,intra_cluster,1,1,1,2
zona,ciudadanía,2.0,intra_cluster,1,1,1,0
zona,área,2.0,intra_cluster,1,1,1,5
zona,foto,2.0,intra_cluster,1,1,1,2
zona,universidad,2.0,intra_cluster,1,1,1,1
zona,canal,2.0,intra_cluster,1,1,1,1
zona,villa,2.0,intra_cluster,1,1,1,-1
zona,conjunto,2.0,intra_cluster,1,1,1,0
zona,vecino,2.0,intra_cluster,1,1,1,1
zona,trabajador,2.0,intra_cluster,1,1,1,2
zona,edad,2.0,intra_cluster,1,1,1,4
zona,contribuir,2.0,intra_cluster,1,1,1,6
zona,corazón,2.0,intra_cluster,1,1,1,-1
zona,vialidad,2.0,intra_cluster,1,1,1,4
zona,públicas,2.0,intra_cluster,1,1,1,3
zona,vial,2.0,intra_cluster,1,1,1,4
zona,transformar,2.0,intra_cluster,1,1,1,0
zona,dif,2.0,intra_cluster,1,1,1,-1
zona,servicios,2.0,intra_cluster,1,1,1,3
zona,públicos,2.0,intra_cluster,1,1,1,3
zona,coordinación,2.0,intra_cluster,1,1,1,3
zona,piña,2.0,intra_cluster,1,1,1,-1
construir,futuro,16.0,intra_sub,1,1,0,0
construir,día,9.0,intra_sub,1,1,0,0
construir,seguro,8.0,intra_cluster,1,1,0,4
construir,entorno,8.0,intra_sub,1,1,0,0
construir,cuidar,6.0,intra_sub,1,1,0,0
construir,compartir,5.0,intra_sub,1,1,0,0
construir,generar,5.0,intra_sub,1,1,0,0
construir,vida,5.0,intra_sub,1,1,0,0
construir,acción,5.0,intra_cluster,1,1,0,2
construir,ordenado,5.0,intra_cluster,1,1,0,6
construir,cívico,4.0,intra_cluster,1,1,0,-1
construir,gratuito,4.0,intra_cluster,1,1,0,2
construir,compromiso,4.0,intra_sub,1,1,0,0
construir,sumar,4.0,intra_sub,1,1,0,0
construir,seguridad,4.0,intra_cluster,1,1,0,4
construir,permitir,4.0,intra_sub,1,1,0,0
construir,limpio,4.0,intra_cluster,1,1,0,6
construir,verde,4.0,intra_cluster,1,1,0,5
construir,calidad,4.0,intra_sub,1,1,0,0
construir,corazón,3.0,intra_cluster,1,1,0,-1
construir,administración,3.0,intra_cluster,1,1,0,2
construir,transformar,3.0,intra_cluster,1,1,0,0
construir,niña,3.0,intra_cluster,1,1,0,0
construir,unidad,3.0,intra_cluster,1,1,0,1
construir,colonia,3.0,intra_cluster,1,1,0,1
construir,digno,3.0,intra_cluster,1,1,0,-1
construir,acompañar,2.0,intra_cluster,1,1,0,0
construir,secretaría,2.0,intra_cluster,1,1,0,3
construir,mantener,2.0,intra_cluster,1,1,0,6
construir,completamente,2.0,intra_cluster,1,1,0,-1
construir,cambiar,2.0,intra_cluster,1,1,0,-1
construir,coordinación,2.0,intra_cluster,1,1,0,3
construir,esfuerzo,2.0,intra_cluster,1,1,0,0
construir,dirección,2.0,intra_cluster,1,1,0,3
construir,contribuir,2.0,intra_cluster,1,1,0,6
construir,cercanía,2.0,intra_cluster,1,1,0,-1
construir,natural,2.0,intra_cluster,1,1,0,-1
construir,gob,2.0,intra_cluster,1,1,0,6
construir,constante,2.0,intra_cluster,1,1,0,2
construir,presente,2.0,intra_cluster,1,1,0,-1
construir,humano,2.0,intra_cluster,1,1,0,2
construir,conjunto,2.0,intra_cluster,1,1,0,0
construir,ciudadanía,2.0,intra_cluster,1,1,0,0
construir,reconocimiento,2.0,intra_cluster,1,1,0,0
construir,servicio,2.0,intra_cluster,1,1,0,2
construir,educación,2.0,intra_cluster,1,1,0,0
construir,vecino,2.0,intra_cluster,1,1,0,1
acción,colonia,19.0,intra_cluster,1,1,2,1
acción,compromiso,15.0,intra_cluster,1,1,2,0
acción,mejorar,14.0,intra_cluster,1,1,2,4
acción,continuar,11.0,intra_sub,1,1,2,2
acción,contribuir,11.0,intra_cluster,1,1,2,6
acción,entorno,9.0,intra_cluster,1,1,2,0
acción,labor,9.0,intra_cluster,1,1,2,1
acción,limpieza,9.0,intra_cluster,1,1,2,1
acción,brindar,8.0,intra_cluster,1,1,2,4
acción,vida,8.0,intra_cluster,1,1,2,0
acción,transformar,8.0,intra_cluster,1,1,2,0
acción,seguridad,7.0,intra_cluster,1,1,2,4
acción,ciudadano,7.0,intra_sub,1,1,2,2
acción,calle,7.0,intra_cluster,1,1,2,1
acción,calidad,7.0,intra_cluster,1,1,2,0
acción,permitir,7.0,intra_cluster,1,1,2,0
acción,mantener,7.0,intra_cluster,1,1,2,6
acción,cuidar,6.0,intra_cluster,1,1,2,0
acción,cuidado,6.0,intra_cluster,1,1,2,0
acción,reafirmar,6.0,intra_cluster,1,1,2,-1
acción,atender,6.0,intra_sub,1,1,2,2
acción,atención,6.0,intra_sub,1,1,2,2
acción,dengue,6.0,intra_cluster,1,1,2,5
acción,convivencia,6.0,intra_cluster,1,1,2,0
acción,administración,6.0,intra_sub,1,1,2,2
acción,comapa,5.0,intra_cluster,1,1,2,1
acción,constante,5.0,intra_sub,1,1,2,2
acción,día,5.0,intra_cluster,1,1,2,0
acción,dirección,5.0,intra_cluster,1,1,2,3
acción,seguro,5.0,intra_cluster,1,1,2,4
acción,mantenimiento,5.0,intra_cluster,1,1,2,1
acción,limpio,5.0,intra_cluster,1,1,2,6
acción,futuro,5.0,intra_cluster,1,1,2,0
acción,generar,5.0,intra_cluster,1,1,2,0
acción,basura,5.0,intra_cluster,1,1,2,1
acción,vecino,5.0,intra_cluster,1,1,2,1
acción,condición,4.0,intra_cluster,1,1,2,4
acción,pluvial,4.0,intra_cluster,1,1,2,1
acción,conjunto,4.0,intra_cluster,1,1,2,0
acción,ciudadanía,4.0,intra_cluster,1,1,2,0
acción,compartir,4.0,intra_cluster,1,1,2,0
acción,niña,4.0,intra_cluster,1,1,2,0
acción,árbol,4.0,intra_cluster,1,1,2,5
acción,secretaría,4.0,intra_cluster,1,1,2,3
acción,jornada,4.0,intra_cluster,1,1,2,1
acción,sumar,4.0,intra_cluster,1,1,2,0
acción,descacharrización,4.0,intra_cluster,1,1,2,1
acción,educación,4.0,intra_cluster,1,1,2,0
acción,ordenado,4.0,intra_cluster,1,1,2,6
acción,coordinación,4.0,intra_cluster,1,1,2,3
acción,esfuerzo,4.0,intra_cluster,1,1,2,0
acción,sur,3.0,intra_cluster,1,1,2,1
acción,servicios,3.0,intra_cluster,1,1,2,3
acción,fortalecimiento,3.0,intra_cluster,1,1,2,-1
acción,público,3.0,intra_cluster,1,1,2,2
acción,honor,3.0,intra_cluster,1,1,2,-1
acción,etapa,3.0,intra_cluster,1,1,2,-1
acción,ubicado,3.0,intra_cluster,1,1,2,1
acción,instituto,3.0,intra_cluster,1,1,2,-1
acción,pensamiento,3.0,intra_cluster,1,1,2,2
acción,visión,3.0,intra_cluster,1,1,2,2
acción,imagen,3.0,intra_cluster,1,1,2,4
acción,presente,3.0,intra_cluster,1,1,2,-1
acción,digno,3.0,intra_cluster,1,1,2,-1
acción,personal,3.0,intra_cluster,1,1,2,3
acción,realizamos,3.0,intra_cluster,1,1,2,6
acción,respuesta,3.0,intra_cluster,1,1,2,4
acción,servicio,2.0,intra_cluster,1,1,2,2
acción,vialidad,2.0,intra_cluster,1,1,2,4
acción,ayuntamiento,2.0,intra_cluster,1,1,2,2
acción,sonrisas,2.0,intra_cluster,1,1,2,3
acción,alegría,2.0,intra_cluster,1,1,2,-1
acción,riesgo,2.0,intra_cluster,1,1,2,4
acción,fundamental,2.0,intra_cluster,1,1,2,4
acción,área,2.0,intra_cluster,1,1,2,5
acción,responsable,2.0,intra_cluster,1,1,2,5
acción,sano,2.0,intra_cluster,1,1,2,-1
acción,programa,2.0,intra_cluster,1,1,2,3
acción,iniciativa,2.0,intra_cluster,1,1,2,0
acción,natural,2.0,intra_cluster,1,1,2,-1
acción,cercano,2.0,intra_cluster,1,1,2,1
acción,directo,2.0,intra_cluster,1,1,2,2
acción,unidad,2.0,intra_cluster,1,1,2,1
acción,reconocimiento,2.0,intra_cluster,1,1,2,0
acción,rehabilitación,2.0,intra_cluster,1,1,2,1
acción,adecuado,2.0,intra_cluster,1,1,2,4
acción,instrucción,2.0,intra_cluster,1,1,2,2
acción,entregar,2.0,intra_cluster,1,1,2,1
acción,verde,2.0,intra_cluster,1,1,2,5
acción,prevenir,2.0,intra_cluster,1,1,2,4
acción,camión,2.0,intra_cluster,1,1,2,1
obras,públicas,30.0,intra_sub,1,1,3,3
obras,secretaría,22.0,intra_sub,1,1,3,3
obras,dirección,12.0,intra_sub,1,1,3,3
obras,personal,9.0,intra_sub,1,1,3,3
obras,colonia,5.0,intra_cluster,1,1,3,1
obras,pluvial,5.0,intra_cluster,1,1,3,1
obras,instalación,5.0,intra_cluster,1,1,3,1
obras,seguro,4.0,intra_cluster,1,1,3,4
obras,continuar,4.0,intra_cluster,1,1,3,2
obras,calle,4.0,intra_cluster,1,1,3,1
obras,rehabilitación,4.0,intra_cluster,1,1,3,1
obras,comapa,4.0,intra_cluster,1,1,3,1
obras,programa,3.0,intra_cluster,1,1,3,3
obras,ubicado,3.0,intra_cluster,1,1,3,1
obras,servicios,3.0,intra_cluster,1,1,3,3
obras,públicos,3.0,intra_cluster,1,1,3,3
obras,instrucción,3.0,intra_cluster,1,1,3,2
obras,col,2.0,intra_cluster,1,1,3,1
obras,labor,2.0,intra_cluster,1,1,3,1
obras,vialidad,2.0,intra_cluster,1,1,3,4
obras,mantenimiento,2.0,intra_cluster,1,1,3,1
obras,público,2.0,intra_cluster,1,1,3,2
obras,área,2.0,intra_cluster,1,1,3,5
obras,día,2.0,intra_cluster,1,1,3,0
obras,entregar,2.0,intra_cluster,1,1,3,1
obras,corazón,2.0,intra_cluster,1,1,3,-1
públicas,secretaría,21.0,intra_sub,1,1,3,3
públicas,personal,9.0,intra_sub,1,1,3,3
públicas,dirección,8.0,intra_sub,1,1,3,3
públicas,colonia,6.0,intra_cluster,1,1,3,1
públicas,continuar,5.0,intra_cluster,1,1,3,2
públicas,ubicado,5.0,intra_cluster,1,1,3,1
públicas,instalación,5.0,intra_cluster,1,1,3,1
públicas,mantenimiento,4.0,intra_cluster,1,1,3,1
públicas,rehabilitación,4.0,intra_cluster,1,1,3,1
públicas,pluvial,4.0,intra_cluster,1,1,3,1
públicas,calle,4.0,intra_cluster,1,1,3,1
públicas,comapa,4.0,intra_cluster,1,1,3,1
públicas,programa,3.0,intra_cluster,1,1,3,3
públicas,públicos,3.0,intra_cluster,1,1,3,3
públicas,col,2.0,intra_cluster,1,1,3,1
públicas,seguridad,2.0,intra_cluster,1,1,3,4
públicas,labor,2.0,intra_cluster,1,1,3,1
públicas,sur,2.0,intra_cluster,1,1,3,1
públicas,área,2.0,intra_cluster,1,1,3,5
públicas,corazón,2.0,intra_cluster,1,1,3,-1
públicas,transformar,2.0,intra_cluster,1,1,3,0
público,servicio,25.0,intra_sub,1,1,2,2
público,compromiso,10.0,intra_cluster,1,1,2,0
público,seguridad,9.0,intra_cluster,1,1,2,4
público,continuar,9.0,intra_sub,1,1,2,2
público,visión,8.0,intra_sub,1,1,2,2
público,ciudadano,8.0,intra_sub,1,1,2,2
público,labor,7.0,intra_cluster,1,1,2,1
público,mejorar,7.0,intra_cluster,1,1,2,4
público,vida,6.0,intra_cluster,1,1,2,0
público,limpieza,6.0,intra_cluster,1,1,2,1
público,cambio,6.0,intra_cluster,1,1,2,1
público,calle,6.0,intra_cluster,1,1,2,1
público,permitir,5.0,intra_cluster,1,1,2,0
público,día,5.0,intra_cluster,1,1,2,0
público,personal,5.0,intra_cluster,1,1,2,3
público,brindar,5.0,intra_cluster,1,1,2,4
público,administración,5.0,intra_sub,1,1,2,2
público,reafirmar,5.0,intra_cluster,1,1,2,-1
público,secretaría,4.0,intra_cluster,1,1,2,3
público,atender,4.0,intra_sub,1,1,2,2
público,limpio,4.0,intra_cluster,1,1,2,6
público,calidad,4.0,intra_cluster,1,1,2,0
público,mantener,4.0,intra_cluster,1,1,2,6
público,ayuntamiento,4.0,intra_sub,1,1,2,2
público,ciudadanía,4.0,intra_cluster,1,1,2,0
público,convivencia,4.0,intra_cluster,1,1,2,0
público,rehabilitación,3.0,intra_cluster,1,1,2,1
público,garantizar,3.0,intra_cluster,1,1,2,4
público,prioridad,3.0,intra_cluster,1,1,2,-1
público,transformar,3.0,intra_cluster,1,1,2,0
público,avenida,3.0,intra_cluster,1,1,2,1
público,trabajador,3.0,intra_cluster,1,1,2,2
público,coordinación,3.0,intra_cluster,1,1,2,3
público,colonia,3.0,intra_cluster,1,1,2,1
público,pluvial,3.0,intra_cluster,1,1,2,1
público,pensamiento,3.0,intra_cluster,1,1,2,2
público,futuro,3.0,intra_cluster,1,1,2,0
público,unidad,3.0,intra_cluster,1,1,2,1
público,jornada,3.0,intra_cluster,1,1,2,1
público,atención,3.0,intra_cluster,1,1,2,2
público,fortalecimiento,3.0,intra_cluster,1,1,2,-1
público,fundamental,2.0,intra_cluster,1,1,2,4
público,instrucción,2.0,intra_cluster,1,1,2,2
público,programa,2.0,intra_cluster,1,1,2,3
público,sur,2.0,intra_cluster,1,1,2,1
público,caso,2.0,intra_cluster,1,1,2,2
público,entorno,2.0,intra_cluster,1,1,2,0
público,gratuito,2.0,intra_cluster,1,1,2,2
público,provocar,2.0,intra_cluster,1,1,2,-1
público,generar,2.0,intra_cluster,1,1,2,0
público,esfuerzo,2.0,intra_cluster,1,1,2,0
público,movilidad,2.0,intra_cluster,1,1,2,4
público,responsable,2.0,intra_cluster,1,1,2,5
público,materia,2.0,intra_cluster,1,1,2,3
público,col,2.0,intra_cluster,1,1,2,1
público,condición,2.0,intra_cluster,1,1,2,4
público,compartir,2.0,intra_cluster,1,1,2,0
público,presente,2.0,intra_cluster,1,1,2,-1
público,canal,2.0,intra_cluster,1,1,2,1
público,instalar,2.0,intra_cluster,1,1,2,-1
público,contribuir,2.0,intra_cluster,1,1,2,6
público,cuidado,2.0,intra_cluster,1,1,2,0
público,basura,2.0,intra_cluster,1,1,2,1
público,área,2.0,intra_cluster,1,1,2,5
público,capacitación,2.0,intra_cluster,1,1,2,4
público,imagen,2.0,intra_cluster,1,1,2,4
público,prevenir,2.0,intra_cluster,1,1,2,4
programa,sonrisas,18.0,intra_sub,1,1,3,3
programa,vacheando,16.0,intra_sub,1,1,3,3
programa,colonia,11.0,intra_cluster,1,1,3,1
programa,bache,8.0,intra_sub,1,1,3,3
programa,mejorar,7.0,intra_cluster,1,1,3,4
programa,continuar,6.0,intra_cluster,1,1,3,2
programa,atención,6.0,intra_cluster,1,1,3,2
programa,transformar,6.0,intra_cluster,1,1,3,0
programa,servicio,6.0,intra_cluster,1,1,3,2
programa,vial,5.0,intra_cluster,1,1,3,4
programa,bucal,5.0,intra_sub,1,1,3,3
programa,sonrisa,5.0,intra_sub,1,1,3,3
programa,atender,5.0,intra_cluster,1,1,3,2
programa,compromiso,4.0,intra_cluster,1,1,3,0
programa,rehabilitación,3.0,intra_cluster,1,1,3,1
programa,brindar,3.0,intra_cluster,1,1,3,4
programa,objetivo,3.0,intra_cluster,1,1,3,4
programa,calidad,3.0,intra_cluster,1,1,3,0
programa,ciudadanía,3.0,intra_cluster,1,1,3,0
programa,mantener,3.0,intra_cluster,1,1,3,6
programa,mantenimiento,2.0,intra_cluster,1,1,3,1
programa,limpio,2.0,intra_cluster,1,1,3,6
programa,familiar,2.0,intra_cluster,1,1,3,-1
programa,secretaría,2.0,intra_cluster,1,1,3,3
programa,generar,2.0,intra_cluster,1,1,3,0
programa,labor,2.0,intra_cluster,1,1,3,1
programa,cambio,2.0,intra_cluster,1,1,3,1
programa,coordinación,2.0,intra_cluster,1,1,3,3
programa,ciudadano,2.0,intra_cluster,1,1,3,2
programa,vida,2.0,intra_cluster,1,1,3,0
programa,contribuir,2.0,intra_cluster,1,1,3,6
programa,riesgo,2.0,intra_cluster,1,1,3,4
programa,iniciativa,2.0,intra_cluster,1,1,3,0
programa,acompañar,2.0,intra_cluster,1,1,3,0
programa,cuidar,2.0,intra_cluster,1,1,3,0
convivencia,familiar,11.0,intra_cluster,1,1,0,-1
convivencia,niña,8.0,intra_sub,1,1,0,0
convivencia,continuar,7.0,intra_cluster,1,1,0,2
convivencia,sano,6.0,intra_cluster,1,1,0,-1
convivencia,entorno,6.0,intra_sub,1,1,0,0
convivencia,día,5.0,intra_sub,1,1,0,0
convivencia,alegría,5.0,intra_cluster,1,1,0,-1
convivencia,colonia,5.0,intra_cluster,1,1,0,1
convivencia,jornada,5.0,intra_cluster,1,1,0,1
convivencia,compartir,4.0,intra_sub,1,1,0,0
convivencia,instituto,3.0,intra_cluster,1,1,0,-1
convivencia,ciudadanía,2.0,intra_cluster,1,1,0,0
convivencia,adopción,2.0,intra_cluster,1,1,0,5
convivencia,cuidar,2.0,intra_cluster,1,1,0,0
convivencia,vida,2.0,intra_cluster,1,1,0,0
convivencia,seguro,2.0,intra_cluster,1,1,0,4
convivencia,seguridad,2.0,intra_cluster,1,1,0,4
convivencia,pintura,2.0,intra_cluster,1,1,0,-1
convivencia,limpio,2.0,intra_cluster,1,1,0,6
convivencia,presente,2.0,intra_cluster,1,1,0,-1
convivencia,generar,2.0,intra_cluster,1,1,0,0
convivencia,permitir,2.0,intra_cluster,1,1,0,0
compromiso,reafirmar,19.0,intra_cluster,1,1,0,-1
compromiso,reconocimiento,15.0,intra_sub,1,1,0,0
compromiso,educación,11.0,intra_sub,1,1,0,0
compromiso,día,11.0,intra_sub,1,1,0,0
compromiso,calle,7.0,intra_cluster,1,1,0,1
compromiso,mantener,7.0,intra_cluster,1,1,0,6
compromiso,ciudadanía,7.0,intra_sub,1,1,0,0
compromiso,fortalecimiento,7.0,intra_cluster,1,1,0,-1
compromiso,servicio,6.0,intra_cluster,1,1,0,2
compromiso,seguridad,6.0,intra_cluster,1,1,0,4
compromiso,compartir,6.0,intra_sub,1,1,0,0
compromiso,contribuir,6.0,intra_cluster,1,1,0,6
compromiso,niña,5.0,intra_sub,1,1,0,0
compromiso,limpio,5.0,intra_cluster,1,1,0,6
compromiso,futuro,5.0,intra_sub,1,1,0,0
compromiso,esfuerzo,5.0,intra_sub,1,1,0,0
compromiso,cuidado,5.0,intra_sub,1,1,0,0
compromiso,entregar,5.0,intra_cluster,1,1,0,1
compromiso,administración,5.0,intra_cluster,1,1,0,2
compromiso,colonia,4.0,intra_cluster,1,1,0,1
compromiso,atender,4.0,intra_cluster,1,1,0,2
compromiso,labor,4.0,intra_cluster,1,1,0,1
compromiso,ordenado,4.0,intra_cluster,1,1,0,6
compromiso,entorno,4.0,intra_sub,1,1,0,0
compromiso,vida,4.0,intra_sub,1,1,0,0
compromiso,conjunto,4.0,intra_sub,1,1,0,0
compromiso,limpieza,4.0,intra_cluster,1,1,0,1
compromiso,mejorar,4.0,intra_cluster,1,1,0,4
compromiso,transformar,4.0,intra_sub,1,1,0,0
compromiso,responsable,4.0,intra_cluster,1,1,0,5
compromiso,acompañar,4.0,intra_sub,1,1,0,0
compromiso,diario,3.0,intra_cluster,1,1,0,6
compromiso,visión,3.0,intra_cluster,1,1,0,2
compromiso,condición,3.0,intra_cluster,1,1,0,4
compromiso,coordinación,3.0,intra_cluster,1,1,0,3
compromiso,continuar,3.0,intra_cluster,1,1,0,2
compromiso,unidad,3.0,intra_cluster,1,1,0,1
compromiso,cuidar,3.0,intra_cluster,1,1,0,0
compromiso,vacheando,3.0,intra_cluster,1,1,0,3
compromiso,universidad,3.0,intra_cluster,1,1,0,1
compromiso,cívico,3.0,intra_cluster,1,1,0,-1
compromiso,sur,3.0,intra_cluster,1,1,0,1
compromiso,seguro,2.0,intra_cluster,1,1,0,4
compromiso,vecino,2.0,intra_cluster,1,1,0,1
compromiso,calidad,2.0,intra_cluster,1,1,0,0
compromiso,garantizar,2.0,intra_cluster,1,1,0,4
compromiso,mantenimiento,2.0,intra_cluster,1,1,0,1
compromiso,cercanía,2.0,intra_cluster,1,1,0,-1
compromiso,directo,2.0,intra_cluster,1,1,0,2
compromiso,vialidad,2.0,intra_cluster,1,1,0,4
compromiso,respaldo,2.0,intra_cluster,1,1,0,2
compromiso,honor,2.0,intra_cluster,1,1,0,-1
compromiso,secretaría,2.0,intra_cluster,1,1,0,3
compromiso,dirección,2.0,intra_cluster,1,1,0,3
compromiso,natural,2.0,intra_cluster,1,1,0,-1
compromiso,instituto,2.0,intra_cluster,1,1,0,-1
compromiso,sumar,2.0,intra_cluster,1,1,0,0
compromiso,adecuado,2.0,intra_cluster,1,1,0,4
compromiso,ciudadano,2.0,intra_cluster,1,1,0,2
compromiso,realizamos,2.0,intra_cluster,1,1,0,6
compromiso,instrucción,2.0,intra_cluster,1,1,0,2
compromiso,pintura,2.0,intra_cluster,1,1,0,-1
sur,comapa,19.0,intra_sub,1,1,1,1
sur,calle,13.0,intra_sub,1,1,1,1
sur,coordinación,5.0,intra_cluster,1,1,1,3
sur,mantener,5.0,intra_cluster,1,1,1,6
sur,mejorar,5.0,intra_cluster,1,1,1,4
sur,seguro,4.0,intra_cluster,1,1,1,4
sur,vialidad,4.0,intra_cluster,1,1,1,4
sur,col,4.0,intra_sub,1,1,1,1
sur,servicio,4.0,intra_cluster,1,1,1,2
sur,continuar,4.0,intra_cluster,1,1,1,2
sur,colonia,4.0,intra_sub,1,1,1,1
sur,seguridad,3.0,intra_cluster,1,1,1,4
sur,generar,3.0,intra_cluster,1,1,1,0
sur,ciudadano,3.0,intra_cluster,1,1,1,2
sur,vida,3.0,intra_cluster,1,1,1,0
sur,día,3.0,intra_cluster,1,1,1,0
sur,compartir,3.0,intra_cluster,1,1,1,0
sur,avenida,3.0,intra_cluster,1,1,1,1
sur,ayuntamiento,2.0,intra_cluster,1,1,1,2
sur,condición,2.0,intra_cluster,1,1,1,4
sur,caso,2.0,intra_cluster,1,1,1,2
sur,ciudadanía,2.0,intra_cluster,1,1,1,0
sur,conjunto,2.0,intra_cluster,1,1,1,0
sur,universidad,2.0,intra_cluster,1,1,1,1
sur,villa,2.0,intra_cluster,1,1,1,-1
sur,esfuerzo,2.0,intra_cluster,1,1,1,0
sur,bache,2.0,intra_cluster,1,1,1,3
sur,vial,2.0,intra_cluster,1,1,1,4
sur,mantenimiento,2.0,intra_cluster,1,1,1,1
sur,basura,2.0,intra_cluster,1,1,1,1
sur,iniciativa,2.0,intra_cluster,1,1,1,0
sur,reconocimiento,2.0,intra_cluster,1,1,1,0
sur,limpieza,2.0,intra_cluster,1,1,1,1
sur,dengue,2.0,intra_cluster,1,1,1,5
calle,col,26.0,intra_sub,1,1,1,1
calle,colonia,23.0,intra_sub,1,1,1,1
calle,basura,22.0,intra_sub,1,1,1,1
calle,avenida,18.0,intra_sub,1,1,1,1
calle,día,12.0,intra_cluster,1,1,1,0
calle,limpio,10.0,intra_cluster,1,1,1,6
calle,mejorar,10.0,intra_cluster,1,1,1,4
calle,canal,10.0,intra_sub,1,1,1,1
calle,banqueta,10.0,intra_sub,1,1,1,1
calle,mantener,9.0,intra_cluster,1,1,1,6
calle,limpieza,8.0,intra_sub,1,1,1,1
calle,vecino,7.0,intra_sub,1,1,1,1
calle,ubicado,7.0,intra_sub,1,1,1,1
calle,seguro,7.0,intra_cluster,1,1,1,4
calle,labor,6.0,intra_sub,1,1,1,1
calle,seguridad,6.0,intra_cluster,1,1,1,4
calle,gob,6.0,intra_cluster,1,1,1,6
calle,entorno,6.0,intra_cluster,1,1,1,0
calle,villa,5.0,intra_cluster,1,1,1,-1
calle,vida,5.0,intra_cluster,1,1,1,0
calle,comapa,5.0,intra_sub,1,1,1,1
calle,instalación,5.0,intra_sub,1,1,1,1
calle,mantenimiento,4.0,intra_sub,1,1,1,1
calle,ordenado,4.0,intra_cluster,1,1,1,6
calle,atender,4.0,intra_cluster,1,1,1,2
calle,abierto,4.0,intra_sub,1,1,1,1
calle,jornada,4.0,intra_sub,1,1,1,1
calle,rehabilitación,4.0,intra_sub,1,1,1,1
calle,universidad,4.0,intra_sub,1,1,1,1
calle,elías,4.0,intra_cluster,1,1,1,-1
calle,vial,4.0,intra_cluster,1,1,1,4
calle,ciudadano,4.0,intra_cluster,1,1,1,2
calle,contribuir,4.0,intra_cluster,1,1,1,6
calle,transformar,3.0,intra_cluster,1,1,1,0
calle,constante,3.0,intra_cluster,1,1,1,2
calle,provocar,3.0,intra_cluster,1,1,1,-1
calle,vialidad,3.0,intra_cluster,1,1,1,4
calle,secretaría,3.0,intra_cluster,1,1,1,3
calle,pluvial,3.0,intra_cluster,1,1,1,1
calle,personal,3.0,intra_cluster,1,1,1,3
calle,descacharrización,3.0,intra_cluster,1,1,1,1
calle,piña,3.0,intra_cluster,1,1,1,-1
calle,coordinación,3.0,intra_cluster,1,1,1,3
calle,bache,3.0,intra_cluster,1,1,1,3
calle,continuar,3.0,intra_cluster,1,1,1,2
calle,camión,3.0,intra_cluster,1,1,1,1
calle,directo,3.0,intra_cluster,1,1,1,2
calle,unidad,3.0,intra_cluster,1,1,1,1
calle,directamente,2.0,intra_cluster,1,1,1,2
calle,diario,2.0,intra_cluster,1,1,1,6
calle,cambiar,2.0,intra_cluster,1,1,1,-1
calle,condición,2.0,intra_cluster,1,1,1,4
calle,atención,2.0,intra_cluster,1,1,1,2
calle,riesgo,2.0,intra_cluster,1,1,1,4
calle,jesús,2.0,intra_cluster,1,1,1,-1
calle,movilidad,2.0,intra_cluster,1,1,1,4
calle,instalar,2.0,intra_cluster,1,1,1,-1
calle,garantizar,2.0,intra_cluster,1,1,1,4
calle,cercano,2.0,intra_cluster,1,1,1,1
calle,instituto,2.0,intra_cluster,1,1,1,-1
calle,trabajador,2.0,intra_cluster,1,1,1,2
calle,ciudadanía,2.0,intra_cluster,1,1,1,0
calle,calidad,2.0,intra_cluster,1,1,1,0
calle,educación,2.0,intra_cluster,1,1,1,0
col,instalación,7.0,intra_sub,1,1,1,1
col,universidad,6.0,intra_sub,1,1,1,1
col,rehabilitación,6.0,intra_sub,1,1,1,1
col,cambio,4.0,intra_sub,1,1,1,1
col,jornada,3.0,intra_cluster,1,1,1,1
col,garantizar,3.0,intra_cluster,1,1,1,4
col,jesús,3.0,intra_cluster,1,1,1,-1
col,piña,3.0,intra_cluster,1,1,1,-1
col,villa,3.0,intra_cluster,1,1,1,-1
col,ubicado,3.0,intra_cluster,1,1,1,1
col,colonia,3.0,intra_cluster,1,1,1,1
col,avenida,3.0,intra_cluster,1,1,1,1
col,ayuntamiento,2.0,intra_cluster,1,1,1,2
col,día,2.0,intra_cluster,1,1,1,0
col,seguridad,2.0,intra_cluster,1,1,1,4
col,elías,2.0,intra_cluster,1,1,1,-1
col,oficina,2.0,intra_cluster,1,1,1,-1
col,seguro,2.0,intra_cluster,1,1,1,4
col,unidad,2.0,intra_cluster,1,1,1,1
col,limpieza,2.0,intra_cluster,1,1,1,1
col,coordinación,2.0,intra_cluster,1,1,1,3
servicio,atención,11.0,intra_sub,1,1,2,2
servicio,gratuito,11.0,intra_sub,1,1,2,2
servicio,brindar,9.0,intra_cluster,1,1,2,4
servicio,calidad,8.0,intra_cluster,1,1,2,0
servicio,colonia,8.0,intra_cluster,1,1,2,1
servicio,personal,7.0,intra_cluster,1,1,2,3
servicio,mes,7.0,intra_sub,1,1,2,2
servicio,caso,6.0,intra_sub,1,1,2,2
servicio,jornada,6.0,intra_cluster,1,1,2,1
servicio,directamente,5.0,intra_sub,1,1,2,2
servicio,comapa,5.0,intra_cluster,1,1,2,1
servicio,labor,4.0,intra_cluster,1,1,2,1
servicio,vida,4.0,intra_cluster,1,1,2,0
servicio,capacitación,4.0,intra_cluster,1,1,2,4
servicio,prevenir,3.0,intra_cluster,1,1,2,4
servicio,instalación,3.0,intra_cluster,1,1,2,1
servicio,cambio,3.0,intra_cluster,1,1,2,1
servicio,coordinación,3.0,intra_cluster,1,1,2,3
servicio,instituto,3.0,intra_cluster,1,1,2,-1
servicio,reafirmar,3.0,intra_cluster,1,1,2,-1
servicio,garantizar,2.0,intra_cluster,1,1,2,4
servicio,día,2.0,intra_cluster,1,1,2,0
servicio,seguridad,2.0,intra_cluster,1,1,2,4
servicio,generar,2.0,intra_cluster,1,1,2,0
servicio,seguro,2.0,intra_cluster,1,1,2,4
servicio,ciudadanía,2.0,intra_cluster,1,1,2,0
servicio,mantener,2.0,intra_cluster,1,1,2,6
servicio,continuar,2.0,intra_cluster,1,1,2,2
servicio,cambiar,2.0,intra_cluster,1,1,2,-1
servicio,basura,2.0,intra_cluster,1,1,2,1
servicio,sonrisas,2.0,intra_cluster,1,1,2,3
servicio,iniciativa,2.0,intra_cluster,1,1,2,0
servicio,fundamental,2.0,intra_cluster,1,1,2,4
servicio,constante,2.0,intra_cluster,1,1,2,2
servicio,ciudadano,2.0,intra_cluster,1,1,2,2
calidad,vida,24.0,intra_sub,1,1,0,0
calidad,mejorar,11.0,intra_cluster,1,1,0,4
calidad,transformar,6.0,intra_sub,1,1,0,0
calidad,seguro,6.0,intra_cluster,1,1,0,4
calidad,garantizar,5.0,intra_cluster,1,1,0,4
calidad,reconocimiento,4.0,intra_sub,1,1,0,0
calidad,fundamental,4.0,intra_cluster,1,1,0,4
calidad,verde,3.0,intra_cluster,1,1,0,5
calidad,gratuito,3.0,intra_cluster,1,1,0,2
calidad,atención,3.0,intra_cluster,1,1,0,2
calidad,capacitación,3.0,intra_cluster,1,1,0,4
calidad,esfuerzo,3.0,intra_cluster,1,1,0,0
calidad,contribuir,3.0,intra_cluster,1,1,0,6
calidad,entorno,2.0,intra_cluster,1,1,0,0
calidad,directamente,2.0,intra_cluster,1,1,0,2
calidad,limpieza,2.0,intra_cluster,1,1,0,1
calidad,cuidar,2.0,intra_cluster,1,1,0,0
calidad,colonia,2.0,intra_cluster,1,1,0,1
calidad,bucal,2.0,intra_cluster,1,1,0,3
calidad,coordinación,2.0,intra_cluster,1,1,0,3
calidad,secretaría,2.0,intra_cluster,1,1,0,3
calidad,niña,2.0,intra_cluster,1,1,0,0
calidad,sesión,2.0,intra_cluster,1,1,0,4
calidad,seguridad,2.0,intra_cluster,1,1,0,4
calidad,educación,2.0,intra_cluster,1,1,0,0
calidad,producto,2.0,intra_cluster,1,1,0,-1
calidad,continuar,2.0,intra_cluster,1,1,0,2
vida,transformar,11.0,intra_sub,1,1,0,0
vida,mejorar,11.0,intra_cluster,1,1,0,4
vida,árbol,6.0,intra_cluster,1,1,0,5
vida,día,6.0,intra_sub,1,1,0,0
vida,gob,5.0,intra_cluster,1,1,0,6
vida,verde,5.0,intra_cluster,1,1,0,5
vida,acompañar,5.0,intra_sub,1,1,0,0
vida,reconocimiento,5.0,intra_sub,1,1,0,0
vida,niña,4.0,intra_sub,1,1,0,0
vida,colonia,4.0,intra_cluster,1,1,0,1
vida,seguridad,4.0,intra_cluster,1,1,0,4
vida,mes,4.0,intra_cluster,1,1,0,2
vida,riesgo,3.0,intra_cluster,1,1,0,4
vida,cambio,3.0,intra_cluster,1,1,0,1
vida,atención,3.0,intra_cluster,1,1,0,2
vida,natural,3.0,intra_cluster,1,1,0,-1
vida,continuar,3.0,intra_cluster,1,1,0,2
vida,seguro,3.0,intra_cluster,1,1,0,4
vida,directamente,2.0,intra_cluster,1,1,0,2
vida,fundamental,2.0,intra_cluster,1,1,0,4
vida,limpieza,2.0,intra_cluster,1,1,0,1
vida,sonrisa,2.0,intra_cluster,1,1,0,3
vida,cuidar,2.0,intra_cluster,1,1,0,0
vida,alegría,2.0,intra_cluster,1,1,0,-1
vida,entorno,2.0,intra_cluster,1,1,0,0
vida,dirección,2.0,intra_cluster,1,1,0,3
vida,responsable,2.0,intra_cluster,1,1,0,5
vida,hogar,2.0,intra_cluster,1,1,0,5
vida,cambiar,2.0,intra_cluster,1,1,0,-1
vida,compartir,2.0,intra_cluster,1,1,0,0
vida,camión,2.0,intra_cluster,1,1,0,1
vida,jornada,2.0,intra_cluster,1,1,0,1
vida,iniciativa,2.0,intra_cluster,1,1,0,0
vida,completamente,2.0,intra_cluster,1,1,0,-1
vida,ciudadanía,2.0,intra_cluster,1,1,0,0
vida,educación,2.0,intra_cluster,1,1,0,0
vida,etapa,2.0,intra_cluster,1,1,0,-1
vida,condición,2.0,intra_cluster,1,1,0,4
vida,esfuerzo,2.0,intra_cluster,1,1,0,0
vida,conjunto,2.0,intra_cluster,1,1,0,0
vida,permitir,2.0,intra_cluster,1,1,0,0
vida,cuidado,2.0,intra_cluster,1,1,0,0
vida,humano,2.0,intra_cluster,1,1,0,2
vida,contribuir,2.0,intra_cluster,1,1,0,6
colonia,vecino,14.0,intra_sub,1,1,1,1
colonia,jornada,12.0,intra_sub,1,1,1,1
colonia,limpieza,11.0,intra_sub,1,1,1,1
colonia,día,10.0,intra_cluster,1,1,1,0
colonia,pluvial,10.0,intra_sub,1,1,1,1
colonia,canal,9.0,intra_sub,1,1,1,1
colonia,unidad,9.0,intra_sub,1,1,1,1
colonia,secretaría,9.0,intra_cluster,1,1,1,3
colonia,entregar,9.0,intra_sub,1,1,1,1
colonia,descacharrización,8.0,intra_sub,1,1,1,1
colonia,avenida,8.0,intra_sub,1,1,1,1
colonia,compartir,8.0,intra_cluster,1,1,1,0
colonia,sonrisas,7.0,intra_cluster,1,1,1,3
colonia,gratuito,7.0,intra_cluster,1,1,1,2
colonia,labor,7.0,intra_sub,1,1,1,1
colonia,atención,6.0,intra_cluster,1,1,1,2
colonia,jesús,6.0,intra_cluster,1,1,1,-1
colonia,servicios,6.0,intra_cluster,1,1,1,3
colonia,mejorar,6.0,intra_cluster,1,1,1,4
colonia,corazón,5.0,intra_cluster,1,1,1,-1
colonia,brindar,5.0,intra_cluster,1,1,1,4
colonia,permitir,5.0,intra_cluster,1,1,1,0
colonia,públicos,5.0,intra_cluster,1,1,1,3
colonia,villa,5.0,intra_cluster,1,1,1,-1
colonia,solidaridad,5.0,intra_cluster,1,1,1,2
colonia,mantenimiento,5.0,intra_sub,1,1,1,1
colonia,movilidad,5.0,intra_cluster,1,1,1,4
colonia,contribuir,5.0,intra_cluster,1,1,1,6
colonia,cambiar,4.0,intra_cluster,1,1,1,-1
colonia,atender,4.0,intra_cluster,1,1,1,2
colonia,basura,4.0,intra_sub,1,1,1,1
colonia,personal,4.0,intra_cluster,1,1,1,3
colonia,familiar,4.0,intra_cluster,1,1,1,-1
colonia,elías,4.0,intra_cluster,1,1,1,-1
colonia,piña,4.0,intra_cluster,1,1,1,-1
colonia,reconocimiento,4.0,intra_cluster,1,1,1,0
colonia,continuar,4.0,intra_cluster,1,1,1,2
colonia,mantener,4.0,intra_cluster,1,1,1,6
colonia,abierto,4.0,intra_sub,1,1,1,1
colonia,jardín,4.0,intra_cluster,1,1,1,5
colonia,seguridad,4.0,intra_cluster,1,1,1,4
colonia,rehabilitación,4.0,intra_sub,1,1,1,1
colonia,seguro,4.0,intra_cluster,1,1,1,4
colonia,limpio,4.0,intra_cluster,1,1,1,6
colonia,cuidar,3.0,intra_cluster,1,1,1,0
colonia,caso,3.0,intra_cluster,1,1,1,2
colonia,etapa,3.0,intra_cluster,1,1,1,-1
colonia,ciudadanía,3.0,intra_cluster,1,1,1,0
colonia,universidad,3.0,intra_cluster,1,1,1,1
colonia,condición,3.0,intra_cluster,1,1,1,4
colonia,área,3.0,intra_cluster,1,1,1,5
colonia,niña,3.0,intra_cluster,1,1,1,0
colonia,ubicado,3.0,intra_cluster,1,1,1,1
colonia,directamente,3.0,intra_cluster,1,1,1,2
colonia,comapa,3.0,intra_cluster,1,1,1,1
colonia,banqueta,3.0,intra_cluster,1,1,1,1
colonia,instalación,3.0,intra_cluster,1,1,1,1
colonia,pintura,3.0,intra_cluster,1,1,1,-1
colonia,saludable,3.0,intra_cluster,1,1,1,6
colonia,transformar,3.0,intra_cluster,1,1,1,0
colonia,coordinación,3.0,intra_cluster,1,1,1,3
colonia,ceremonia,3.0,intra_cluster,1,1,1,-1
colonia,lunes,3.0,intra_cluster,1,1,1,1
colonia,instrucción,2.0,intra_cluster,1,1,1,2
colonia,cercano,2.0,intra_cluster,1,1,1,1
colonia,completamente,2.0,intra_cluster,1,1,1,-1
colonia,directo,2.0,intra_cluster,1,1,1,2
colonia,acompañar,2.0,intra_cluster,1,1,1,0
colonia,iniciativa,2.0,intra_cluster,1,1,1,0
colonia,hola,2.0,intra_cluster,1,1,1,-1
colonia,foto,2.0,intra_cluster,1,1,1,2
colonia,alegría,2.0,intra_cluster,1,1,1,-1
colonia,esfuerzo,2.0,intra_cluster,1,1,1,0
colonia,bache,2.0,intra_cluster,1,1,1,3
colonia,verde,2.0,intra_cluster,1,1,1,5
colonia,camión,2.0,intra_cluster,1,1,1,1
colonia,administración,2.0,intra_cluster,1,1,1,2
colonia,ciudadano,2.0,intra_cluster,1,1,1,2
cuidar,iniciativa,12.0,intra_sub,1,1,0,0
cuidar,día,9.0,intra_sub,1,1,0,0
cuidar,labor,6.0,intra_cluster,1,1,0,1
cuidar,brindar,6.0,intra_cluster,1,1,0,4
cuidar,acompañar,6.0,intra_sub,1,1,0,0
cuidar,prioridad,6.0,intra_cluster,1,1,0,-1
cuidar,jornada,5.0,intra_cluster,1,1,0,1
cuidar,dirección,5.0,intra_cluster,1,1,0,3
cuidar,gratuito,4.0,intra_cluster,1,1,0,2
cuidar,entorno,4.0,intra_sub,1,1,0,0
cuidar,natural,4.0,intra_cluster,1,1,0,-1
cuidar,futuro,3.0,intra_cluster,1,1,0,0
cuidar,cambiar,3.0,intra_cluster,1,1,0,-1
cuidar,prevenir,3.0,intra_cluster,1,1,0,4
cuidar,digno,3.0,intra_cluster,1,1,0,-1
cuidar,ciudadanía,3.0,intra_cluster,1,1,0,0
cuidar,mantener,3.0,intra_cluster,1,1,0,6
cuidar,saludable,3.0,intra_cluster,1,1,0,6
cuidar,seguridad,2.0,intra_cluster,1,1,0,4
cuidar,limpio,2.0,intra_cluster,1,1,0,6
cuidar,niña,2.0,intra_cluster,1,1,0,0
cuidar,alegría,2.0,intra_cluster,1,1,0,-1
cuidar,completamente,2.0,intra_cluster,1,1,0,-1
cuidar,conjunto,2.0,intra_cluster,1,1,0,0
cuidar,directamente,2.0,intra_cluster,1,1,0,2
cuidar,corazón,2.0,intra_cluster,1,1,0,-1
cuidar,cuidado,2.0,intra_cluster,1,1,0,0
cuidar,atención,2.0,intra_cluster,1,1,0,2
cuidar,jardín,2.0,intra_cluster,1,1,0,5
cuidar,familiar,2.0,intra_cluster,1,1,0,-1
cuidar,dengue,2.0,intra_cluster,1,1,0,5
cuidar,riesgo,2.0,intra_cluster,1,1,0,4
cuidar,compartir,2.0,intra_cluster,1,1,0,0
cuidar,verde,2.0,intra_cluster,1,1,0,5
cuidar,diario,2.0,intra_cluster,1,1,0,6
cuidar,esfuerzo,2.0,intra_cluster,1,1,0,0
cuidar,limpieza,2.0,intra_cluster,1,1,0,1
cuidar,hogar,2.0,intra_cluster,1,1,0,5
secretaría,públicos,21.0,intra_sub,1,1,3,3
secretaría,servicios,20.0,intra_sub,1,1,3,3
secretaría,coordinación,11.0,intra_sub,1,1,3,3
secretaría,personal,10.0,intra_sub,1,1,3,3
secretaría,dirección,9.0,intra_sub,1,1,3,3
secretaría,labor,6.0,intra_cluster,1,1,3,1
secretaría,continuar,5.0,intra_cluster,1,1,3,2
secretaría,jornada,5.0,intra_cluster,1,1,3,1
secretaría,educación,5.0,intra_cluster,1,1,3,0
secretaría,seguro,4.0,intra_cluster,1,1,3,4
secretaría,seguridad,4.0,intra_cluster,1,1,3,4
secretaría,instalación,4.0,intra_cluster,1,1,3,1
secretaría,descacharrización,4.0,intra_cluster,1,1,3,1
secretaría,delegación,4.0,intra_cluster,1,1,3,1
secretaría,atención,3.0,intra_cluster,1,1,3,2
secretaría,brindar,3.0,intra_cluster,1,1,3,4
secretaría,mantenimiento,3.0,intra_cluster,1,1,3,1
secretaría,vialidad,3.0,intra_cluster,1,1,3,4
secretaría,acompañar,3.0,intra_cluster,1,1,3,0
secretaría,visión,3.0,intra_cluster,1,1,3,2
secretaría,instrucción,3.0,intra_cluster,1,1,3,2
secretaría,mantener,2.0,intra_cluster,1,1,3,6
secretaría,limpio,2.0,intra_cluster,1,1,3,6
secretaría,ayuntamiento,2.0,intra_cluster,1,1,3,2
secretaría,constante,2.0,intra_cluster,1,1,3,2
secretaría,mejorar,2.0,intra_cluster,1,1,3,4
secretaría,día,2.0,intra_cluster,1,1,3,0
secretaría,rehabilitación,2.0,intra_cluster,1,1,3,1
secretaría,bache,2.0,intra_cluster,1,1,3,3
secretaría,reconocimiento,2.0,intra_cluster,1,1,3,0
secretaría,área,2.0,intra_cluster,1,1,3,5
secretaría,conjunto,2.0,intra_cluster,1,1,3,0
secretaría,instalar,2.0,intra_cluster,1,1,3,-1
secretaría,oficina,2.0,intra_cluster,1,1,3,-1
secretaría,dif,2.0,intra_cluster,1,1,3,-1
secretaría,entregar,2.0,intra_cluster,1,1,3,1
basura,camión,13.0,intra_sub,1,1,1,1
basura,día,9.0,intra_cluster,1,1,1,0
basura,canal,8.0,intra_sub,1,1,1,1
basura,limpieza,7.0,intra_sub,1,1,1,1
basura,limpio,6.0,intra_cluster,1,1,1,6
basura,jornada,5.0,intra_sub,1,1,1,1
basura,descacharrización,5.0,intra_sub,1,1,1,1
basura,unidad,5.0,intra_sub,1,1,1,1
basura,mantener,4.0,intra_cluster,1,1,1,6
basura,pluvial,4.0,intra_sub,1,1,1,1
basura,cambio,4.0,intra_sub,1,1,1,1
basura,banqueta,4.0,intra_sub,1,1,1,1
basura,gob,3.0,intra_cluster,1,1,1,6
basura,labor,3.0,intra_cluster,1,1,1,1
basura,ciudadano,3.0,intra_cluster,1,1,1,2
basura,contribuir,3.0,intra_cluster,1,1,1,6
basura,ciudadanía,3.0,intra_cluster,1,1,1,0
basura,oficina,3.0,intra_cluster,1,1,1,-1
basura,permitir,3.0,intra_cluster,1,1,1,0
basura,área,2.0,intra_cluster,1,1,1,5
basura,dengue,2.0,intra_cluster,1,1,1,5
basura,riesgo,2.0,intra_cluster,1,1,1,4
basura,personal,2.0,intra_cluster,1,1,1,3
basura,atención,2.0,intra_cluster,1,1,1,2
basura,vecino,2.0,intra_cluster,1,1,1,1
basura,ordenado,2.0,intra_cluster,1,1,1,6
basura,seguro,2.0,intra_cluster,1,1,1,4
basura,instalar,2.0,intra_cluster,1,1,1,-1
basura,provocar,2.0,intra_cluster,1,1,1,-1
basura,lunes,2.0,intra_cluster,1,1,1,1
basura,etapa,2.0,intra_cluster,1,1,1,-1
basura,coordinación,2.0,intra_cluster,1,1,1,3
basura,educación,2.0,intra_cluster,1,1,1,0
basura,entregar,2.0,intra_cluster,1,1,1,1
día,limpio,11.0,intra_cluster,1,1,0,6
día,niña,10.0,intra_sub,1,1,0,0
día,canal,8.0,intra_cluster,1,1,0,1
día,acompañar,8.0,intra_sub,1,1,0,0
día,labor,8.0,intra_cluster,1,1,0,1
día,continuar,7.0,intra_cluster,1,1,0,2
día,corazón,7.0,intra_cluster,1,1,0,-1
día,alegría,7.0,intra_cluster,1,1,0,-1
día,compartir,6.0,intra_sub,1,1,0,0
día,hogar,6.0,intra_cluster,1,1,0,5
día,mantener,5.0,intra_cluster,1,1,0,6
día,limpieza,5.0,intra_cluster,1,1,0,1
día,riesgo,5.0,intra_cluster,1,1,0,4
día,jardín,5.0,intra_cluster,1,1,0,5
día,condición,5.0,intra_cluster,1,1,0,4
día,honor,5.0,intra_cluster,1,1,0,-1
día,dirección,5.0,intra_cluster,1,1,0,3
día,futuro,5.0,intra_sub,1,1,0,0
día,atención,5.0,intra_cluster,1,1,0,2
día,cuidado,5.0,intra_sub,1,1,0,0
día,ciudadanía,4.0,intra_sub,1,1,0,0
día,vialidad,4.0,intra_cluster,1,1,0,4
día,mejorar,4.0,intra_cluster,1,1,0,4
día,esfuerzo,4.0,intra_sub,1,1,0,0
día,reconocimiento,4.0,intra_sub,1,1,0,0
día,banqueta,4.0,intra_cluster,1,1,0,1
día,visión,3.0,intra_cluster,1,1,0,2
día,fundamental,3.0,intra_cluster,1,1,0,4
día,abierto,3.0,intra_cluster,1,1,0,1
día,lunes,3.0,intra_cluster,1,1,0,1
día,mes,3.0,intra_cluster,1,1,0,2
día,respuesta,3.0,intra_cluster,1,1,0,4
día,familiar,3.0,intra_cluster,1,1,0,-1
día,hola,3.0,intra_cluster,1,1,0,-1
día,entorno,3.0,intra_cluster,1,1,0,0
día,sonrisa,3.0,intra_cluster,1,1,0,3
día,jornada,3.0,intra_cluster,1,1,0,1
día,trabajador,3.0,intra_cluster,1,1,0,2
día,seguro,3.0,intra_cluster,1,1,0,4
día,movilidad,3.0,intra_cluster,1,1,0,4
día,unidad,3.0,intra_cluster,1,1,0,1
día,personal,3.0,intra_cluster,1,1,0,3
día,coordinación,3.0,intra_cluster,1,1,0,3
día,constante,2.0,intra_cluster,1,1,0,2
día,ordenado,2.0,intra_cluster,1,1,0,6
día,atender,2.0,intra_cluster,1,1,0,2
día,dengue,2.0,intra_cluster,1,1,0,5
día,árbol,2.0,intra_cluster,1,1,0,5
día,educación,2.0,intra_cluster,1,1,0,0
día,etapa,2.0,intra_cluster,1,1,0,-1
día,pluvial,2.0,intra_cluster,1,1,0,1
día,seguridad,2.0,intra_cluster,1,1,0,4
día,solidaridad,2.0,intra_cluster,1,1,0,2
día,súper,2.0,intra_cluster,1,1,0,-1
día,transformar,2.0,intra_cluster,1,1,0,0
día,contribuir,2.0,intra_cluster,1,1,0,6
día,objetivo,2.0,intra_cluster,1,1,0,4
día,comapa,2.0,intra_cluster,1,1,0,1
día,brindar,2.0,intra_cluster,1,1,0,4
día,delegación,2.0,intra_cluster,1,1,0,1
día,gob,2.0,intra_cluster,1,1,0,6
día,sumar,2.0,intra_cluster,1,1,0,0
día,descacharrización,2.0,intra_cluster,1,1,0,1
día,permitir,2.0,intra_cluster,1,1,0,0
día,iniciativa,2.0,intra_cluster,1,1,0,0
públicos,servicios,21.0,intra_sub,1,1,3,3
públicos,coordinación,3.0,intra_cluster,1,1,3,3
públicos,mantenimiento,3.0,intra_cluster,1,1,3,1
públicos,ciudadano,2.0,intra_cluster,1,1,3,2
públicos,delegación,2.0,intra_cluster,1,1,3,1
servicios,dirección,4.0,intra_sub,1,1,3,3
servicios,continuar,3.0,intra_cluster,1,1,3,2
servicios,coordinación,3.0,intra_cluster,1,1,3,3
servicios,atención,3.0,intra_cluster,1,1,3,2
servicios,comapa,3.0,intra_cluster,1,1,3,1
servicios,constante,2.0,intra_cluster,1,1,3,2
servicios,mantenimiento,2.0,intra_cluster,1,1,3,1
servicios,ciudadanía,2.0,intra_cluster,1,1,3,0
servicios,dif,2.0,intra_cluster,1,1,3,-1
servicios,instituto,2.0,intra_cluster,1,1,3,-1
servicios,bache,2.0,intra_cluster,1,1,3,3
servicios,oficina,2.0,intra_cluster,1,1,3,-1
servicios,descacharrización,2.0,intra_cluster,1,1,3,1
servicios,delegación,2.0,intra_cluster,1,1,3,1
mejorar,seguridad,11.0,intra_sub,1,1,4,4
mejorar,vialidad,10.0,intra_sub,1,1,4,4
mejorar,movilidad,10.0,intra_sub,1,1,4,4
mejorar,brindar,8.0,intra_sub,1,1,4,4
mejorar,vial,7.0,intra_sub,1,1,4,4
mejorar,contribuir,7.0,intra_cluster,1,1,4,6
mejorar,comapa,6.0,intra_cluster,1,1,4,1
mejorar,imagen,5.0,intra_sub,1,1,4,4
mejorar,avenida,4.0,intra_cluster,1,1,4,1
mejorar,respuesta,4.0,intra_sub,1,1,4,4
mejorar,condición,3.0,intra_cluster,1,1,4,4
mejorar,transformar,3.0,intra_cluster,1,1,4,0
mejorar,coordinación,3.0,intra_cluster,1,1,4,3
mejorar,entorno,3.0,intra_cluster,1,1,4,0
mejorar,atender,3.0,intra_cluster,1,1,4,2
mejorar,bache,3.0,intra_cluster,1,1,4,3
mejorar,objetivo,2.0,intra_cluster,1,1,4,4
mejorar,sonrisa,2.0,intra_cluster,1,1,4,3
mejorar,sumar,2.0,intra_cluster,1,1,4,0
mejorar,atención,2.0,intra_cluster,1,1,4,2
mejorar,niña,2.0,intra_cluster,1,1,4,0
mejorar,vacheando,2.0,intra_cluster,1,1,4,3
mejorar,continuar,2.0,intra_cluster,1,1,4,2
mejorar,limpieza,2.0,intra_cluster,1,1,4,1
mejorar,personal,2.0,intra_cluster,1,1,4,3
mejorar,ayuntamiento,2.0,intra_cluster,1,1,4,2
mejorar,unidad,2.0,intra_cluster,1,1,4,1
mejorar,directamente,2.0,intra_cluster,1,1,4,2
mejorar,administración,2.0,intra_cluster,1,1,4,2
mejorar,entregar,2.0,intra_cluster,1,1,4,1
continuar,atención,6.0,intra_sub,1,1,2,2
continuar,esfuerzo,6.0,intra_cluster,1,1,2,0
continuar,generar,6.0,intra_cluster,1,1,2,0
continuar,mantenimiento,5.0,intra_cluster,1,1,2,1
continuar,labor,5.0,intra_cluster,1,1,2,1
continuar,ciudadano,5.0,intra_sub,1,1,2,2
continuar,atender,4.0,intra_sub,1,1,2,2
continuar,dirección,3.0,intra_cluster,1,1,2,3
continuar,vial,3.0,intra_cluster,1,1,2,4
continuar,brindar,3.0,intra_cluster,1,1,2,4
continuar,comapa,3.0,intra_cluster,1,1,2,1
continuar,coordinación,3.0,intra_cluster,1,1,2,3
continuar,permitir,3.0,intra_cluster,1,1,2,0
continuar,cuidado,3.0,intra_cluster,1,1,2,0
continuar,lunes,2.0,intra_cluster,1,1,2,1
continuar,canal,2.0,intra_cluster,1,1,2,1
continuar,adecuado,2.0,intra_cluster,1,1,2,4
continuar,garantizar,2.0,intra_cluster,1,1,2,4
continuar,conjunto,2.0,intra_cluster,1,1,2,0
continuar,mantener,2.0,intra_cluster,1,1,2,6
continuar,ciudadanía,2.0,intra_cluster,1,1,2,0
continuar,sumar,2.0,intra_cluster,1,1,2,0
continuar,jornada,2.0,intra_cluster,1,1,2,1
continuar,pintura,2.0,intra_cluster,1,1,2,-1
continuar,niña,2.0,intra_cluster,1,1,2,0
continuar,vialidad,2.0,intra_cluster,1,1,2,4
continuar,administración,2.0,intra_cluster,1,1,2,2
continuar,área,2.0,intra_cluster,1,1,2,5
continuar,condición,2.0,intra_cluster,1,1,2,4
continuar,presente,2.0,intra_cluster,1,1,2,-1
continuar,visión,2.0,intra_cluster,1,1,2,2
continuar,gob,2.0,intra_cluster,1,1,2,6
comapa,vialidad,3.0,intra_cluster,1,1,1,4
comapa,mantenimiento,3.0,intra_cluster,1,1,1,1
comapa,conjunto,2.0,intra_cluster,1,1,1,0
comapa,dirección,2.0,intra_cluster,1,1,1,3
comapa,dif,2.0,intra_cluster,1,1,1,-1
comapa,instituto,2.0,intra_cluster,1,1,1,-1
comapa,coordinación,2.0,intra_cluster,1,1,1,3
comapa,vacheando,2.0,intra_cluster,1,1,1,3
comapa,pluvial,2.0,intra_cluster,1,1,1,1
esfuerzo,sumar,13.0,intra_sub,1,1,0,0
esfuerzo,conjunto,8.0,intra_sub,1,1,0,0
esfuerzo,entorno,6.0,intra_sub,1,1,0,0
esfuerzo,seguro,5.0,intra_cluster,1,1,0,4
esfuerzo,ciudadanía,5.0,intra_sub,1,1,0,0
esfuerzo,compartir,5.0,intra_sub,1,1,0,0
esfuerzo,labor,5.0,intra_cluster,1,1,0,1
esfuerzo,educación,4.0,intra_sub,1,1,0,0
esfuerzo,entregar,4.0,intra_cluster,1,1,0,1
esfuerzo,fundamental,4.0,intra_cluster,1,1,0,4
esfuerzo,mantener,4.0,intra_cluster,1,1,0,6
esfuerzo,diario,4.0,intra_cluster,1,1,0,6
esfuerzo,jornada,4.0,intra_cluster,1,1,0,1
esfuerzo,corazón,3.0,intra_cluster,1,1,0,-1
esfuerzo,honor,3.0,intra_cluster,1,1,0,-1
esfuerzo,contribuir,3.0,intra_cluster,1,1,0,6
esfuerzo,cuidado,3.0,intra_cluster,1,1,0,0
esfuerzo,acompañar,3.0,intra_cluster,1,1,0,0
esfuerzo,universidad,2.0,intra_cluster,1,1,0,1
esfuerzo,capacitación,2.0,intra_cluster,1,1,0,4
esfuerzo,garantizar,2.0,intra_cluster,1,1,0,4
esfuerzo,coordinación,2.0,intra_cluster,1,1,0,3
esfuerzo,mes,2.0,intra_cluster,1,1,0,2
esfuerzo,niña,2.0,intra_cluster,1,1,0,0
esfuerzo,seguridad,2.0,intra_cluster,1,1,0,4
esfuerzo,visión,2.0,intra_cluster,1,1,0,2
esfuerzo,condición,2.0,intra_cluster,1,1,0,4
esfuerzo,ciudadano,2.0,intra_cluster,1,1,0,2
esfuerzo,ceremonia,2.0,intra_cluster,1,1,0,-1
esfuerzo,permitir,2.0,intra_cluster,1,1,0,0
esfuerzo,limpio,2.0,intra_cluster,1,1,0,6
esfuerzo,cívico,2.0,intra_cluster,1,1,0,-1
esfuerzo,atender,2.0,intra_cluster,1,1,0,2
esfuerzo,ordenado,2.0,intra_cluster,1,1,0,6
esfuerzo,etapa,2.0,intra_cluster,1,1,0,-1
esfuerzo,reconocimiento,2.0,intra_cluster,1,1,0,0
sonrisas,generar,3.0,intra_cluster,1,1,3,0
sonrisas,atención,3.0,intra_cluster,1,1,3,2
sonrisas,sonrisa,2.0,intra_cluster,1,1,3,3
reafirmar,fortalecimiento,4.0,intra_cluster,1,1,-1,-1
reafirmar,cuidado,3.0,intra_cluster,1,1,-1,0
reafirmar,ciudadanía,3.0,intra_cluster,1,1,-1,0
reafirmar,entorno,2.0,intra_cluster,1,1,-1,0
reafirmar,labor,2.0,intra_cluster,1,1,-1,1
reafirmar,seguro,2.0,intra_cluster,1,1,-1,4
reafirmar,adecuado,2.0,intra_cluster,1,1,-1,4
reafirmar,ciudadano,2.0,intra_cluster,1,1,-1,2
reafirmar,educación,2.0,intra_cluster,1,1,-1,0
reafirmar,entregar,2.0,intra_cluster,1,1,-1,1
reafirmar,administración,2.0,intra_cluster,1,1,-1,2
atención,brindar,18.0,intra_cluster,1,1,2,4
atención,gratuito,9.0,intra_sub,1,1,2,2
atención,unidad,8.0,intra_cluster,1,1,2,1
atención,mantener,7.0,intra_cluster,1,1,2,6
atención,atender,7.0,intra_sub,1,1,2,2
atención,constante,7.0,intra_sub,1,1,2,2
atención,ciudadanía,6.0,intra_cluster,1,1,2,0
atención,instituto,5.0,intra_cluster,1,1,2,-1
atención,dirección,4.0,intra_cluster,1,1,2,3
atención,trabajador,4.0,intra_sub,1,1,2,2
atención,contribuir,4.0,intra_cluster,1,1,2,6
atención,labor,4.0,intra_cluster,1,1,2,1
atención,niña,3.0,intra_cluster,1,1,2,0
atención,rehabilitación,3.0,intra_cluster,1,1,2,1
atención,directo,3.0,intra_cluster,1,1,2,2
atención,dif,3.0,intra_cluster,1,1,2,-1
atención,jornada,3.0,intra_cluster,1,1,2,1
atención,instrucción,2.0,intra_cluster,1,1,2,2
atención,canal,2.0,intra_cluster,1,1,2,1
atención,personal,2.0,intra_cluster,1,1,2,3
atención,instalar,2.0,intra_cluster,1,1,2,-1
atención,prevenir,2.0,intra_cluster,1,1,2,4
atención,permitir,2.0,intra_cluster,1,1,2,0
atención,objetivo,2.0,intra_cluster,1,1,2,4
atención,riesgo,2.0,intra_cluster,1,1,2,4
atención,vial,2.0,intra_cluster,1,1,2,4
atención,cuidado,2.0,intra_cluster,1,1,2,0
atención,delegación,2.0,intra_cluster,1,1,2,1
atención,diario,2.0,intra_cluster,1,1,2,6
atención,limpio,2.0,intra_cluster,1,1,2,6
atención,limpieza,2.0,intra_cluster,1,1,2,1
atención,entorno,2.0,intra_cluster,1,1,2,0
atención,pluvial,2.0,intra_cluster,1,1,2,1
atención,sumar,2.0,intra_cluster,1,1,2,0
atención,directamente,2.0,intra_cluster,1,1,2,2
atención,cambio,2.0,intra_cluster,1,1,2,1
atención,imagen,2.0,intra_cluster,1,1,2,4
brindar,ciudadanía,7.0,intra_cluster,1,1,4,0
brindar,seguridad,7.0,intra_sub,1,1,4,4
brindar,vialidad,6.0,intra_sub,1,1,4,4
brindar,gratuito,5.0,intra_cluster,1,1,4,2
brindar,seguro,5.0,intra_sub,1,1,4,4
brindar,dirección,4.0,intra_cluster,1,1,4,3
brindar,mantenimiento,4.0,intra_cluster,1,1,4,1
brindar,limpieza,4.0,intra_cluster,1,1,4,1
brindar,digno,3.0,intra_cluster,1,1,4,-1
brindar,administración,3.0,intra_cluster,1,1,4,2
brindar,objetivo,3.0,intra_cluster,1,1,4,4
brindar,prevenir,3.0,intra_cluster,1,1,4,4
brindar,movilidad,3.0,intra_cluster,1,1,4,4
brindar,unidad,2.0,intra_cluster,1,1,4,1
brindar,universidad,2.0,intra_cluster,1,1,4,1
brindar,corazón,2.0,intra_cluster,1,1,4,-1
brindar,reconocimiento,2.0,intra_cluster,1,1,4,0
brindar,honor,2.0,intra_cluster,1,1,4,-1
brindar,respuesta,2.0,intra_cluster,1,1,4,4
brindar,jardín,2.0,intra_cluster,1,1,4,5
brindar,entorno,2.0,intra_cluster,1,1,4,0
brindar,iniciativa,2.0,intra_cluster,1,1,4,0
brindar,personal,2.0,intra_cluster,1,1,4,3
brindar,jornada,2.0,intra_cluster,1,1,4,1
brindar,riesgo,2.0,intra_cluster,1,1,4,4
brindar,vecino,2.0,intra_cluster,1,1,4,1
brindar,trabajador,2.0,intra_cluster,1,1,4,2
brindar,instalación,2.0,intra_cluster,1,1,4,1
brindar,contribuir,2.0,intra_cluster,1,1,4,6
brindar,canal,2.0,intra_cluster,1,1,4,1
brindar,imagen,2.0,intra_cluster,1,1,4,4
brindar,hogar,2.0,intra_cluster,1,1,4,5
brindar,rehabilitación,2.0,intra_cluster,1,1,4,1
avenida,vial,4.0,intra_cluster,1,1,1,4
avenida,fundamental,3.0,intra_cluster,1,1,1,4
avenida,seguridad,3.0,intra_cluster,1,1,1,4
avenida,entorno,3.0,intra_cluster,1,1,1,0
avenida,seguro,3.0,intra_cluster,1,1,1,4
avenida,labor,2.0,intra_cluster,1,1,1,1
avenida,limpio,2.0,intra_cluster,1,1,1,6
avenida,movilidad,2.0,intra_cluster,1,1,1,4
avenida,ubicado,2.0,intra_cluster,1,1,1,1
avenida,entregar,2.0,intra_cluster,1,1,1,1
descacharrización,jornada,18.0,intra_sub,1,1,1,1
descacharrización,conjunto,4.0,intra_cluster,1,1,1,0
descacharrización,etapa,3.0,intra_cluster,1,1,1,-1
descacharrización,camión,3.0,intra_cluster,1,1,1,1
descacharrización,limpieza,2.0,intra_cluster,1,1,1,1
descacharrización,mantenimiento,2.0,intra_cluster,1,1,1,1
descacharrización,limpio,2.0,intra_cluster,1,1,1,6
descacharrización,coordinación,2.0,intra_cluster,1,1,1,3
descacharrización,labor,2.0,intra_cluster,1,1,1,1
descacharrización,contribuir,2.0,intra_cluster,1,1,1,6
descacharrización,mantener,2.0,intra_cluster,1,1,1,6
descacharrización,ciudadanía,2.0,intra_cluster,1,1,1,0
jornada,limpieza,7.0,intra_sub,1,1,1,1
jornada,adopción,5.0,intra_cluster,1,1,1,5
jornada,iniciativa,5.0,intra_cluster,1,1,1,0
jornada,contribuir,5.0,intra_cluster,1,1,1,6
jornada,dirección,4.0,intra_cluster,1,1,1,3
jornada,compartir,4.0,intra_cluster,1,1,1,0
jornada,coordinación,4.0,intra_cluster,1,1,1,3
jornada,lunes,3.0,intra_cluster,1,1,1,1
jornada,etapa,3.0,intra_cluster,1,1,1,-1
jornada,gratuito,3.0,intra_cluster,1,1,1,2
jornada,seguridad,3.0,intra_cluster,1,1,1,4
jornada,ciudadano,3.0,intra_cluster,1,1,1,2
jornada,conjunto,3.0,intra_cluster,1,1,1,0
jornada,atender,2.0,intra_cluster,1,1,1,2
jornada,dengue,2.0,intra_cluster,1,1,1,5
jornada,sumar,2.0,intra_cluster,1,1,1,0
jornada,mascota,2.0,intra_cluster,1,1,1,5
jornada,camión,2.0,intra_cluster,1,1,1,1
jornada,labor,2.0,intra_cluster,1,1,1,1
jornada,producto,2.0,intra_cluster,1,1,1,-1
jornada,generar,2.0,intra_cluster,1,1,1,0
jornada,limpio,2.0,intra_cluster,1,1,1,6
jornada,ordenado,2.0,intra_cluster,1,1,1,6
jornada,presente,2.0,intra_cluster,1,1,1,-1
jornada,mantener,2.0,intra_cluster,1,1,1,6
jornada,prevenir,2.0,intra_cluster,1,1,1,4
jornada,verde,2.0,intra_cluster,1,1,1,5
jornada,reconocimiento,2.0,intra_cluster,1,1,1,0
jornada,ciudadanía,2.0,intra_cluster,1,1,1,0
sumar,unidad,6.0,intra_cluster,1,1,0,1
sumar,iniciativa,4.0,intra_sub,1,1,0,0
sumar,entorno,4.0,intra_sub,1,1,0,0
sumar,dif,3.0,intra_cluster,1,1,0,-1
sumar,administración,3.0,intra_cluster,1,1,0,2
sumar,seguro,2.0,intra_cluster,1,1,0,4
sumar,coordinación,2.0,intra_cluster,1,1,0,3
sumar,entregar,2.0,intra_cluster,1,1,0,1
sumar,limpieza,2.0,intra_cluster,1,1,0,1
sumar,fortalecimiento,2.0,intra_cluster,1,1,0,-1
sumar,niña,2.0,intra_cluster,1,1,0,0
sumar,futuro,2.0,intra_cluster,1,1,0,0
compartir,seguridad,9.0,intra_cluster,1,1,0,4
compartir,niña,5.0,intra_sub,1,1,0,0
compartir,alegría,5.0,intra_cluster,1,1,0,-1
compartir,reconocimiento,3.0,intra_cluster,1,1,0,0
compartir,acompañar,3.0,intra_cluster,1,1,0,0
compartir,ciudadanía,3.0,intra_cluster,1,1,0,0
compartir,futuro,2.0,intra_cluster,1,1,0,0
compartir,abierto,2.0,intra_cluster,1,1,0,1
compartir,ciudadano,2.0,intra_cluster,1,1,0,2
compartir,generar,2.0,intra_cluster,1,1,0,0
compartir,materia,2.0,intra_cluster,1,1,0,3
compartir,foto,2.0,intra_cluster,1,1,0,2
compartir,entorno,2.0,intra_cluster,1,1,0,0
compartir,natural,2.0,intra_cluster,1,1,0,-1
compartir,hogar,2.0,intra_cluster,1,1,0,5
compartir,labor,2.0,intra_cluster,1,1,0,1
compartir,mantener,2.0,intra_cluster,1,1,0,6
compartir,directo,2.0,intra_cluster,1,1,0,2
compartir,vecino,2.0,intra_cluster,1,1,0,1
compartir,imagen,2.0,intra_cluster,1,1,0,4
seguro,limpio,12.0,intra_cluster,1,1,4,6
seguro,seguridad,12.0,intra_sub,1,1,4,4
seguro,entorno,12.0,intra_cluster,1,1,4,0
seguro,garantizar,9.0,intra_sub,1,1,4,4
seguro,digno,6.0,intra_cluster,1,1,4,-1
seguro,dirección,5.0,intra_cluster,1,1,4,3
seguro,ordenado,5.0,intra_cluster,1,1,4,6
seguro,saludable,5.0,intra_cluster,1,1,4,6
seguro,vialidad,5.0,intra_sub,1,1,4,4
seguro,ciudadanía,4.0,intra_cluster,1,1,4,0
seguro,niña,3.0,intra_cluster,1,1,4,0
seguro,objetivo,3.0,intra_cluster,1,1,4,4
seguro,fundamental,3.0,intra_cluster,1,1,4,4
seguro,ciudadano,3.0,intra_cluster,1,1,4,2
seguro,constante,3.0,intra_cluster,1,1,4,2
seguro,permitir,3.0,intra_cluster,1,1,4,0
seguro,coordinación,3.0,intra_cluster,1,1,4,3
seguro,condición,3.0,intra_cluster,1,1,4,4
seguro,vecino,3.0,intra_cluster,1,1,4,1
seguro,generar,3.0,intra_cluster,1,1,4,0
seguro,mantener,2.0,intra_cluster,1,1,4,6
seguro,gob,2.0,intra_cluster,1,1,4,6
seguro,instalación,2.0,intra_cluster,1,1,4,1
seguro,prioridad,2.0,intra_cluster,1,1,4,-1
seguro,producto,2.0,intra_cluster,1,1,4,-1
seguro,instalar,2.0,intra_cluster,1,1,4,-1
seguro,capacitación,2.0,intra_cluster,1,1,4,4
seguro,movilidad,2.0,intra_cluster,1,1,4,4
seguro,prevenir,2.0,intra_cluster,1,1,4,4
seguro,ubicado,2.0,intra_cluster,1,1,4,1
seguro,acompañar,2.0,intra_cluster,1,1,4,0
seguro,consejo,2.0,intra_cluster,1,1,4,4
seguro,adecuado,2.0,intra_cluster,1,1,4,4
seguro,unidad,2.0,intra_cluster,1,1,4,1
seguro,completamente,2.0,intra_cluster,1,1,4,-1
limpio,ordenado,16.0,intra_sub,1,1,6,6
limpio,mantener,13.0,intra_sub,1,1,6,6
limpio,entorno,11.0,intra_cluster,1,1,6,0
limpio,gob,9.0,intra_sub,1,1,6,6
limpio,saludable,9.0,intra_sub,1,1,6,6
limpio,contribuir,8.0,intra_sub,1,1,6,6
limpio,constante,5.0,intra_cluster,1,1,6,2
limpio,reconocimiento,5.0,intra_cluster,1,1,6,0
limpio,digno,4.0,intra_cluster,1,1,6,-1
limpio,diario,4.0,intra_sub,1,1,6,6
limpio,realizamos,3.0,intra_cluster,1,1,6,6
limpio,labor,3.0,intra_cluster,1,1,6,1
limpio,atender,3.0,intra_cluster,1,1,6,2
limpio,transformar,3.0,intra_cluster,1,1,6,0
limpio,ciudadanía,3.0,intra_cluster,1,1,6,0
limpio,corazón,3.0,intra_cluster,1,1,6,-1
limpio,canal,3.0,intra_cluster,1,1,6,1
limpio,cambio,3.0,intra_cluster,1,1,6,1
limpio,conjunto,3.0,intra_cluster,1,1,6,0
limpio,limpieza,3.0,intra_cluster,1,1,6,1
limpio,fundamental,2.0,intra_cluster,1,1,6,4
limpio,familiar,2.0,intra_cluster,1,1,6,-1
limpio,riesgo,2.0,intra_cluster,1,1,6,4
limpio,dengue,2.0,intra_cluster,1,1,6,5
limpio,dirección,2.0,intra_cluster,1,1,6,3
limpio,natural,2.0,intra_cluster,1,1,6,-1
limpio,unidad,2.0,intra_cluster,1,1,6,1
limpio,vecino,2.0,intra_cluster,1,1,6,1
ordenado,mantener,10.0,intra_sub,1,1,6,6
ordenado,entorno,4.0,intra_cluster,1,1,6,0
ordenado,gob,4.0,intra_sub,1,1,6,6
ordenado,contribuir,4.0,intra_sub,1,1,6,6
ordenado,dirección,3.0,intra_cluster,1,1,6,3
ordenado,reconocimiento,3.0,intra_cluster,1,1,6,0
ordenado,condición,3.0,intra_cluster,1,1,6,4
ordenado,limpieza,3.0,intra_cluster,1,1,6,1
ordenado,instalar,2.0,intra_cluster,1,1,6,-1
ordenado,ciudadanía,2.0,intra_cluster,1,1,6,0
ordenado,digno,2.0,intra_cluster,1,1,6,-1
ordenado,realizamos,2.0,intra_cluster,1,1,6,6
ordenado,conjunto,2.0,intra_cluster,1,1,6,0
ordenado,saludable,2.0,intra_cluster,1,1,6,6
seguridad,garantizar,12.0,intra_sub,1,1,4,4
seguridad,movilidad,12.0,intra_sub,1,1,4,4
seguridad,vial,8.0,intra_sub,1,1,4,4
seguridad,conjunto,6.0,intra_cluster,1,1,4,0
seguridad,ciudadano,6.0,intra_cluster,1,1,4,2
seguridad,condición,5.0,intra_sub,1,1,4,4
seguridad,vialidad,5.0,intra_sub,1,1,4,4
seguridad,dirección,4.0,intra_cluster,1,1,4,3
seguridad,fundamental,4.0,intra_sub,1,1,4,4
seguridad,labor,4.0,intra_cluster,1,1,4,1
seguridad,atender,4.0,intra_cluster,1,1,4,2
seguridad,entregar,4.0,intra_cluster,1,1,4,1
seguridad,limpieza,4.0,intra_cluster,1,1,4,1
seguridad,riesgo,4.0,intra_sub,1,1,4,4
seguridad,alegría,3.0,intra_cluster,1,1,4,-1
seguridad,instalación,3.0,intra_cluster,1,1,4,1
seguridad,prevenir,3.0,intra_cluster,1,1,4,4
seguridad,ciudadanía,3.0,intra_cluster,1,1,4,0
seguridad,constante,3.0,intra_cluster,1,1,4,2
seguridad,prioridad,2.0,intra_cluster,1,1,4,-1
seguridad,instrucción,2.0,intra_cluster,1,1,4,2
seguridad,mantenimiento,2.0,intra_cluster,1,1,4,1
seguridad,dif,2.0,intra_cluster,1,1,4,-1
seguridad,futuro,2.0,intra_cluster,1,1,4,0
seguridad,universidad,2.0,intra_cluster,1,1,4,1
seguridad,pluvial,2.0,intra_cluster,1,1,4,1
seguridad,administración,2.0,intra_cluster,1,1,4,2
seguridad,bache,2.0,intra_cluster,1,1,4,3
seguridad,permitir,2.0,intra_cluster,1,1,4,0
seguridad,sesión,2.0,intra_cluster,1,1,4,4
seguridad,contribuir,2.0,intra_cluster,1,1,4,6
futuro,visión,5.0,intra_cluster,1,1,0,2
futuro,presente,4.0,intra_cluster,1,1,0,-1
futuro,reconocimiento,3.0,intra_cluster,1,1,0,0
futuro,educación,3.0,intra_cluster,1,1,0,0
futuro,generar,3.0,intra_cluster,1,1,0,0
futuro,pensamiento,3.0,intra_cluster,1,1,0,2
futuro,transformar,3.0,intra_cluster,1,1,0,0
futuro,natural,2.0,intra_cluster,1,1,0,-1
futuro,universidad,2.0,intra_cluster,1,1,0,1
futuro,labor,2.0,intra_cluster,1,1,0,1
futuro,iniciativa,2.0,intra_cluster,1,1,0,0
futuro,árbol,2.0,intra_cluster,1,1,0,5
futuro,mantener,2.0,intra_cluster,1,1,0,6
futuro,cívico,2.0,intra_cluster,1,1,0,-1
futuro,gratuito,2.0,intra_cluster,1,1,0,2
futuro,niña,2.0,intra_cluster,1,1,0,0
futuro,contribuir,2.0,intra_cluster,1,1,0,6
vacheando,bache,6.0,intra_sub,1,1,3,3
vacheando,vialidad,4.0,intra_cluster,1,1,3,4
vacheando,atender,2.0,intra_cluster,1,1,3,2
vacheando,coordinación,2.0,intra_cluster,1,1,3,3
vacheando,transformar,2.0,intra_cluster,1,1,3,0
entorno,natural,6.0,intra_cluster,1,1,0,-1
entorno,digno,6.0,intra_cluster,1,1,0,-1
entorno,ciudadanía,5.0,intra_sub,1,1,0,0
entorno,imagen,5.0,intra_cluster,1,1,0,4
entorno,cuidado,4.0,intra_sub,1,1,0,0
entorno,gob,3.0,intra_cluster,1,1,0,6
entorno,limpieza,3.0,intra_cluster,1,1,0,1
entorno,ciudadano,3.0,intra_cluster,1,1,0,2
entorno,contribuir,3.0,intra_cluster,1,1,0,6
entorno,permitir,3.0,intra_cluster,1,1,0,0
entorno,área,3.0,intra_cluster,1,1,0,5
entorno,constante,3.0,intra_cluster,1,1,0,2
entorno,educación,3.0,intra_cluster,1,1,0,0
entorno,prevenir,3.0,intra_cluster,1,1,0,4
entorno,transformar,2.0,intra_cluster,1,1,0,0
entorno,labor,2.0,intra_cluster,1,1,0,1
entorno,personal,2.0,intra_cluster,1,1,0,3
entorno,instituto,2.0,intra_cluster,1,1,0,-1
entorno,niña,2.0,intra_cluster,1,1,0,0
entorno,familiar,2.0,intra_cluster,1,1,0,-1
entorno,vecino,2.0,intra_cluster,1,1,0,1
entorno,universidad,2.0,intra_cluster,1,1,0,1
entorno,iniciativa,2.0,intra_cluster,1,1,0,0
entorno,mantener,2.0,intra_cluster,1,1,0,6
entorno,saludable,2.0,intra_cluster,1,1,0,6
entorno,verde,2.0,intra_cluster,1,1,0,5
entorno,consejo,2.0,intra_cluster,1,1,0,4
entorno,dirección,2.0,intra_cluster,1,1,0,3
reconocimiento,limpieza,7.0,intra_cluster,1,1,0,1
reconocimiento,honor,5.0,intra_cluster,1,1,0,-1
reconocimiento,verde,4.0,intra_cluster,1,1,0,5
reconocimiento,acompañar,3.0,intra_cluster,1,1,0,0
reconocimiento,labor,3.0,intra_cluster,1,1,0,1
reconocimiento,contribuir,3.0,intra_cluster,1,1,0,6
reconocimiento,árbol,3.0,intra_cluster,1,1,0,5
reconocimiento,responsable,3.0,intra_cluster,1,1,0,5
reconocimiento,visión,2.0,intra_cluster,1,1,0,2
reconocimiento,vecino,2.0,intra_cluster,1,1,0,1
reconocimiento,corazón,2.0,intra_cluster,1,1,0,-1
reconocimiento,entregar,2.0,intra_cluster,1,1,0,1
reconocimiento,mes,2.0,intra_cluster,1,1,0,2
reconocimiento,mantener,2.0,intra_cluster,1,1,0,6
reconocimiento,conjunto,2.0,intra_cluster,1,1,0,0
labor,limpieza,14.0,intra_sub,1,1,1,1
labor,mantener,11.0,intra_cluster,1,1,1,6
labor,mantenimiento,9.0,intra_sub,1,1,1,1
labor,contribuir,6.0,intra_cluster,1,1,1,6
labor,personal,5.0,intra_cluster,1,1,1,3
labor,pluvial,5.0,intra_sub,1,1,1,1
labor,dirección,4.0,intra_cluster,1,1,1,3
labor,banqueta,3.0,intra_cluster,1,1,1,1
labor,constante,3.0,intra_cluster,1,1,1,2
labor,fundamental,3.0,intra_cluster,1,1,1,4
labor,atender,3.0,intra_cluster,1,1,1,2
labor,riesgo,3.0,intra_cluster,1,1,1,4
labor,jardín,3.0,intra_cluster,1,1,1,5
labor,área,2.0,intra_cluster,1,1,1,5
labor,garantizar,2.0,intra_cluster,1,1,1,4
labor,ciudadanía,2.0,intra_cluster,1,1,1,0
labor,cuidado,2.0,intra_cluster,1,1,1,0
labor,ciudadano,2.0,intra_cluster,1,1,1,2
labor,educación,2.0,intra_cluster,1,1,1,0
labor,prevenir,2.0,intra_cluster,1,1,1,4
labor,instalar,2.0,intra_cluster,1,1,1,-1
labor,entregar,2.0,intra_cluster,1,1,1,1
labor,abierto,2.0,intra_cluster,1,1,1,1
labor,ubicado,2.0,intra_cluster,1,1,1,1
labor,conjunto,2.0,intra_cluster,1,1,1,0
labor,iniciativa,2.0,intra_cluster,1,1,1,0
limpieza,mantener,7.0,intra_cluster,1,1,1,6
limpieza,pluvial,6.0,intra_sub,1,1,1,1
limpieza,área,5.0,intra_cluster,1,1,1,5
limpieza,canal,5.0,intra_sub,1,1,1,1
limpieza,mantenimiento,5.0,intra_sub,1,1,1,1
limpieza,abierto,5.0,intra_sub,1,1,1,1
limpieza,constante,4.0,intra_cluster,1,1,1,2
limpieza,verde,4.0,intra_cluster,1,1,1,5
limpieza,responsable,4.0,intra_cluster,1,1,1,5
limpieza,personal,3.0,intra_cluster,1,1,1,3
limpieza,instrucción,3.0,intra_cluster,1,1,1,2
limpieza,dengue,3.0,intra_cluster,1,1,1,5
limpieza,dirección,3.0,intra_cluster,1,1,1,3
limpieza,condición,3.0,intra_cluster,1,1,1,4
limpieza,ciudadanía,3.0,intra_cluster,1,1,1,0
limpieza,objetivo,3.0,intra_cluster,1,1,1,4
limpieza,contribuir,3.0,intra_cluster,1,1,1,6
limpieza,prevenir,3.0,intra_cluster,1,1,1,4
limpieza,respuesta,2.0,intra_cluster,1,1,1,4
limpieza,sonrisa,2.0,intra_cluster,1,1,1,3
limpieza,imagen,2.0,intra_cluster,1,1,1,4
limpieza,banqueta,2.0,intra_cluster,1,1,1,1
limpieza,camión,2.0,intra_cluster,1,1,1,1
limpieza,unidad,2.0,intra_cluster,1,1,1,1
limpieza,diario,2.0,intra_cluster,1,1,1,6
limpieza,conjunto,2.0,intra_cluster,1,1,1,0
limpieza,vecino,2.0,intra_cluster,1,1,1,1
vecino,cercano,5.0,intra_sub,1,1,1,1
vecino,mantener,3.0,intra_cluster,1,1,1,6
vecino,canal,3.0,intra_cluster,1,1,1,1
vecino,acompañar,2.0,intra_cluster,1,1,1,0
vecino,corazón,2.0,intra_cluster,1,1,1,-1
vecino,entregar,2.0,intra_cluster,1,1,1,1
vecino,respuesta,2.0,intra_cluster,1,1,1,4
vecino,trabajador,2.0,intra_cluster,1,1,1,2
vecino,cambio,2.0,intra_cluster,1,1,1,1
vecino,atender,2.0,intra_cluster,1,1,1,2
vecino,directo,2.0,intra_cluster,1,1,1,2
vecino,administración,2.0,intra_cluster,1,1,1,2
mantener,diario,5.0,intra_sub,1,1,6,6
mantener,contribuir,5.0,intra_sub,1,1,6,6
mantener,fundamental,4.0,intra_cluster,1,1,6,4
mantener,constante,4.0,intra_cluster,1,1,6,2
mantener,cívico,4.0,intra_cluster,1,1,6,-1
mantener,atender,4.0,intra_cluster,1,1,6,2
mantener,gob,3.0,intra_cluster,1,1,6,6
mantener,condición,3.0,intra_cluster,1,1,6,4
mantener,ciudadanía,3.0,intra_cluster,1,1,6,0
mantener,personal,3.0,intra_cluster,1,1,6,3
mantener,administración,3.0,intra_cluster,1,1,6,2
mantener,prevenir,3.0,intra_cluster,1,1,6,4
mantener,prioridad,2.0,intra_cluster,1,1,6,-1
mantener,área,2.0,intra_cluster,1,1,6,5
mantener,directo,2.0,intra_cluster,1,1,6,2
mantener,ceremonia,2.0,intra_cluster,1,1,6,-1
mantener,dirección,2.0,intra_cluster,1,1,6,3
mantener,cercano,2.0,intra_cluster,1,1,6,1
mantener,movilidad,2.0,intra_cluster,1,1,6,4
mantener,conjunto,2.0,intra_cluster,1,1,6,0
mantener,adecuado,2.0,intra_cluster,1,1,6,4
mantener,realizamos,2.0,intra_cluster,1,1,6,6
niña,alegría,12.0,intra_cluster,1,1,0,-1
niña,educación,7.0,intra_sub,1,1,0,0
niña,prevenir,4.0,intra_cluster,1,1,0,4
niña,sonrisa,3.0,intra_cluster,1,1,0,3
niña,prioridad,3.0,intra_cluster,1,1,0,-1
niña,instituto,3.0,intra_cluster,1,1,0,-1
niña,digno,2.0,intra_cluster,1,1,0,-1
niña,etapa,2.0,intra_cluster,1,1,0,-1
niña,familiar,2.0,intra_cluster,1,1,0,-1
niña,solidaridad,2.0,intra_cluster,1,1,0,2
niña,cuidado,2.0,intra_cluster,1,1,0,0
niña,mascota,2.0,intra_cluster,1,1,0,5
niña,cercano,2.0,intra_cluster,1,1,0,1
niña,pintura,2.0,intra_cluster,1,1,0,-1
niña,edad,2.0,intra_cluster,1,1,0,4
permitir,atender,5.0,intra_cluster,1,1,0,2
permitir,responsable,3.0,intra_cluster,1,1,0,5
permitir,unidad,3.0,intra_cluster,1,1,0,1
permitir,generar,3.0,intra_cluster,1,1,0,0
permitir,cambio,3.0,intra_cluster,1,1,0,1
permitir,personal,2.0,intra_cluster,1,1,0,3
permitir,pintura,2.0,intra_cluster,1,1,0,-1
permitir,imagen,2.0,intra_cluster,1,1,0,4
permitir,área,2.0,intra_cluster,1,1,0,5
coordinación,dirección,5.0,intra_sub,1,1,3,3
coordinación,camión,4.0,intra_cluster,1,1,3,1
coordinación,objetivo,3.0,intra_cluster,1,1,3,4
coordinación,respuesta,3.0,intra_cluster,1,1,3,4
coordinación,ciudadanía,3.0,intra_cluster,1,1,3,0
coordinación,dengue,3.0,intra_cluster,1,1,3,5
coordinación,garantizar,2.0,intra_cluster,1,1,3,4
coordinación,condición,2.0,intra_cluster,1,1,3,4
coordinación,vialidad,2.0,intra_cluster,1,1,3,4
coordinación,riesgo,2.0,intra_cluster,1,1,3,4
coordinación,contribuir,2.0,intra_cluster,1,1,3,6
coordinación,materia,2.0,intra_cluster,1,1,3,3
coordinación,verde,2.0,intra_cluster,1,1,3,5
coordinación,educación,2.0,intra_cluster,1,1,3,0
camión,cambio,4.0,intra_sub,1,1,1,1
camión,etapa,2.0,intra_cluster,1,1,1,-1
camión,banqueta,2.0,intra_cluster,1,1,1,1
transformar,atender,4.0,intra_cluster,1,1,0,2
transformar,acompañar,4.0,intra_sub,1,1,0,0
transformar,vialidad,3.0,intra_cluster,1,1,0,4
transformar,dirección,3.0,intra_cluster,1,1,0,3
transformar,imagen,3.0,intra_cluster,1,1,0,4
transformar,directamente,2.0,intra_cluster,1,1,0,2
transformar,mantenimiento,2.0,intra_cluster,1,1,0,1
transformar,prioridad,2.0,intra_cluster,1,1,0,-1
transformar,sonrisa,2.0,intra_cluster,1,1,0,3
transformar,corazón,2.0,intra_cluster,1,1,0,-1
instrucción,atender,3.0,intra_cluster,1,1,2,2
instrucción,dirección,3.0,intra_cluster,1,1,2,3
instrucción,prioridad,2.0,intra_cluster,1,1,2,-1
instrucción,personal,2.0,intra_cluster,1,1,2,3
instrucción,educación,2.0,intra_cluster,1,1,2,0
dirección,gob,6.0,intra_cluster,1,1,3,6
dirección,vialidad,6.0,intra_cluster,1,1,3,4
dirección,educación,6.0,intra_cluster,1,1,3,0
dirección,ciudadanía,4.0,intra_cluster,1,1,3,0
dirección,instalar,3.0,intra_cluster,1,1,3,-1
dirección,personal,3.0,intra_cluster,1,1,3,3
dirección,rehabilitación,3.0,intra_cluster,1,1,3,1
dirección,contribuir,3.0,intra_cluster,1,1,3,6
dirección,verde,3.0,intra_cluster,1,1,3,5
dirección,garantizar,2.0,intra_cluster,1,1,3,4
dirección,ciudadano,2.0,intra_cluster,1,1,3,2
dirección,lunes,2.0,intra_cluster,1,1,3,1
dirección,respuesta,2.0,intra_cluster,1,1,3,4
dirección,acompañar,2.0,intra_cluster,1,1,3,0
dirección,realizamos,2.0,intra_cluster,1,1,3,6
dirección,hogar,2.0,intra_cluster,1,1,3,5
dirección,corazón,2.0,intra_cluster,1,1,3,-1
dirección,imagen,2.0,intra_cluster,1,1,3,4
garantizar,objetivo,4.0,intra_sub,1,1,4,4
garantizar,capacitación,4.0,intra_sub,1,1,4,4
garantizar,universidad,4.0,intra_cluster,1,1,4,1
garantizar,conjunto,3.0,intra_cluster,1,1,4,0
garantizar,ciudadano,2.0,intra_cluster,1,1,4,2
garantizar,dif,2.0,intra_cluster,1,1,4,-1
garantizar,fundamental,2.0,intra_cluster,1,1,4,4
garantizar,pluvial,2.0,intra_cluster,1,1,4,1
garantizar,condición,2.0,intra_cluster,1,1,4,4
garantizar,ciudadanía,2.0,intra_cluster,1,1,4,0
garantizar,prevenir,2.0,intra_cluster,1,1,4,4
alegría,respuesta,2.0,intra_cluster,1,1,-1,4
alegría,sonrisa,2.0,intra_cluster,1,1,-1,3
alegría,pintura,2.0,intra_cluster,1,1,-1,-1
iniciativa,prioridad,5.0,intra_cluster,1,1,0,-1
iniciativa,conjunto,4.0,intra_sub,1,1,0,0
iniciativa,gratuito,3.0,intra_cluster,1,1,0,2
iniciativa,universidad,2.0,intra_cluster,1,1,0,1
iniciativa,producto,2.0,intra_cluster,1,1,0,-1
iniciativa,completamente,2.0,intra_cluster,1,1,0,-1
movilidad,vial,5.0,intra_sub,1,1,4,4
movilidad,vialidad,3.0,intra_cluster,1,1,4,4
movilidad,bache,2.0,intra_cluster,1,1,4,3
contribuir,fortalecimiento,6.0,intra_cluster,1,1,6,-1
contribuir,cuidado,5.0,intra_cluster,1,1,6,0
contribuir,educación,4.0,intra_cluster,1,1,6,0
contribuir,administración,3.0,intra_cluster,1,1,6,2
contribuir,respuesta,3.0,intra_cluster,1,1,6,4
contribuir,diario,2.0,intra_cluster,1,1,6,6
contribuir,gob,2.0,intra_cluster,1,1,6,6
contribuir,directamente,2.0,intra_cluster,1,1,6,2
contribuir,mantenimiento,2.0,intra_cluster,1,1,6,1
contribuir,abierto,2.0,intra_cluster,1,1,6,1
contribuir,adecuado,2.0,intra_cluster,1,1,6,4
contribuir,canal,2.0,intra_cluster,1,1,6,1
contribuir,área,2.0,intra_cluster,1,1,6,5
contribuir,visión,2.0,intra_cluster,1,1,6,2
contribuir,instituto,2.0,intra_cluster,1,1,6,-1
contribuir,pluvial,2.0,intra_cluster,1,1,6,1
contribuir,riesgo,2.0,intra_cluster,1,1,6,4
contribuir,imagen,2.0,intra_cluster,1,1,6,4
verde,área,11.0,intra_sub,1,1,5,5
verde,natural,3.0,intra_cluster,1,1,5,-1
verde,mantenimiento,2.0,intra_cluster,1,1,5,1
verde,ciudadanía,2.0,intra_cluster,1,1,5,0
verde,árbol,2.0,intra_cluster,1,1,5,5
área,mantenimiento,4.0,intra_cluster,1,1,5,1
área,imagen,4.0,intra_cluster,1,1,5,4
área,constante,3.0,intra_cluster,1,1,5,2
área,riesgo,3.0,intra_cluster,1,1,5,4
área,ciudadanía,3.0,intra_cluster,1,1,5,0
área,personal,2.0,intra_cluster,1,1,5,3
área,fundamental,2.0,intra_cluster,1,1,5,4
área,respuesta,2.0,intra_cluster,1,1,5,4
área,jardín,2.0,intra_cluster,1,1,5,5
área,árbol,2.0,intra_cluster,1,1,5,5
cambiar,cambio,4.0,intra_cluster,1,1,-1,1
cambiar,caso,2.0,intra_cluster,1,1,-1,2
cambiar,directamente,2.0,intra_cluster,1,1,-1,2
cambiar,corazón,2.0,intra_cluster,1,1,-1,-1
cambiar,vial,2.0,intra_cluster,1,1,-1,4
gratuito,educación,3.0,intra_cluster,1,1,2,0
gratuito,completamente,3.0,intra_cluster,1,1,2,-1
gratuito,generar,2.0,intra_cluster,1,1,2,0
gratuito,directo,2.0,intra_cluster,1,1,2,2
gratuito,prioridad,2.0,intra_cluster,1,1,2,-1
educación,ayuntamiento,3.0,intra_cluster,1,1,0,2
educación,fortalecimiento,3.0,intra_cluster,1,1,0,-1
educación,universidad,2.0,intra_cluster,1,1,0,1
educación,caso,2.0,intra_cluster,1,1,0,2
educación,ciudadanía,2.0,intra_cluster,1,1,0,0
educación,ceremonia,2.0,intra_cluster,1,1,0,-1
educación,conjunto,2.0,intra_cluster,1,1,0,0
educación,entregar,2.0,intra_cluster,1,1,0,1
educación,pintura,2.0,intra_cluster,1,1,0,-1
familiar,caso,3.0,intra_cluster,1,1,-1,2
familiar,personal,2.0,intra_cluster,1,1,-1,3
familiar,unidad,2.0,intra_cluster,1,1,-1,1
gob,fundamental,2.0,intra_cluster,1,1,6,4
gob,canal,2.0,intra_cluster,1,1,6,1
gob,diario,2.0,intra_cluster,1,1,6,6
gob,constante,2.0,intra_cluster,1,1,6,2
gob,hogar,2.0,intra_cluster,1,1,6,5
digno,prioridad,2.0,intra_cluster,1,1,-1,-1
digno,generar,2.0,intra_cluster,1,1,-1,0
digno,adecuado,2.0,intra_cluster,1,1,-1,4
atender,bache,4.0,intra_cluster,1,1,2,3
atender,directo,3.0,intra_cluster,1,1,2,2
atender,ciudadano,3.0,intra_cluster,1,1,2,2
atender,constante,3.0,intra_cluster,1,1,2,2
atender,lunes,2.0,intra_cluster,1,1,2,1
atender,respuesta,2.0,intra_cluster,1,1,2,4
atender,diario,2.0,intra_cluster,1,1,2,6
atender,etapa,2.0,intra_cluster,1,1,2,-1
personal,condición,3.0,intra_cluster,1,1,3,4
personal,ayuntamiento,3.0,intra_cluster,1,1,3,2
personal,pintura,3.0,intra_cluster,1,1,3,-1
personal,visión,2.0,intra_cluster,1,1,3,2
personal,ciudadanía,2.0,intra_cluster,1,1,3,0
personal,caso,2.0,intra_cluster,1,1,3,2
personal,ciudadano,2.0,intra_cluster,1,1,3,2
personal,conjunto,2.0,intra_cluster,1,1,3,0
personal,directamente,2.0,intra_cluster,1,1,3,2
personal,imagen,2.0,intra_cluster,1,1,3,4
personal,prevenir,2.0,intra_cluster,1,1,3,4
personal,acompañar,2.0,intra_cluster,1,1,3,0
personal,ubicado,2.0,intra_cluster,1,1,3,1
canal,pluvial,10.0,intra_sub,1,1,1,1
canal,abierto,5.0,intra_sub,1,1,1,1
canal,hola,2.0,intra_cluster,1,1,1,-1
canal,riesgo,2.0,intra_cluster,1,1,1,4
canal,mantenimiento,2.0,intra_cluster,1,1,1,1
canal,adecuado,2.0,intra_cluster,1,1,1,4
pluvial,ubicado,5.0,intra_sub,1,1,1,1
pluvial,abierto,4.0,intra_sub,1,1,1,1
pluvial,rehabilitación,3.0,intra_cluster,1,1,1,1
pluvial,prevenir,3.0,intra_cluster,1,1,1,4
pluvial,universidad,2.0,intra_cluster,1,1,1,1
pluvial,mantenimiento,2.0,intra_cluster,1,1,1,1
pluvial,adecuado,2.0,intra_cluster,1,1,1,4
unidad,ayuntamiento,2.0,intra_cluster,1,1,1,2
unidad,entregar,2.0,intra_cluster,1,1,1,1
unidad,administración,2.0,intra_cluster,1,1,1,2
unidad,responsable,2.0,intra_cluster,1,1,1,5
vialidad,humano,4.0,intra_cluster,1,1,4,2
vialidad,vial,3.0,intra_cluster,1,1,4,4
vialidad,mantenimiento,2.0,intra_cluster,1,1,4,1
vialidad,rehabilitación,2.0,intra_cluster,1,1,4,1
vialidad,respuesta,2.0,intra_cluster,1,1,4,4
vialidad,bache,2.0,intra_cluster,1,1,4,3
ciudadano,condición,4.0,intra_cluster,1,1,2,4
ciudadano,cuidado,3.0,intra_cluster,1,1,2,0
ciudadano,administración,3.0,intra_cluster,1,1,2,2
ciudadano,trabajador,2.0,intra_cluster,1,1,2,2
ciudadano,banqueta,2.0,intra_cluster,1,1,2,1
ciudadano,presente,2.0,intra_cluster,1,1,2,-1
ciudadano,humano,2.0,intra_cluster,1,1,2,2
generar,directo,3.0,intra_cluster,1,1,0,2
generar,acompañar,3.0,intra_cluster,1,1,0,0
generar,árbol,3.0,intra_cluster,1,1,0,5
generar,provocar,2.0,intra_cluster,1,1,0,-1
generar,producto,2.0,intra_cluster,1,1,0,-1
generar,fundamental,2.0,intra_cluster,1,1,0,4
generar,ayuntamiento,2.0,intra_cluster,1,1,0,2
generar,delegación,2.0,intra_cluster,1,1,0,1
banqueta,condición,2.0,intra_cluster,1,1,1,4
banqueta,ciudadanía,2.0,intra_cluster,1,1,1,0
mantenimiento,vial,4.0,intra_cluster,1,1,1,4
mantenimiento,rehabilitación,4.0,intra_sub,1,1,1,1
mantenimiento,ubicado,4.0,intra_sub,1,1,1,1
mantenimiento,pintura,3.0,intra_cluster,1,1,1,-1
mantenimiento,constante,3.0,intra_cluster,1,1,1,2
mantenimiento,cuidado,3.0,intra_cluster,1,1,1,0
mantenimiento,instalación,3.0,intra_cluster,1,1,1,1
mantenimiento,condición,2.0,intra_cluster,1,1,1,4
mantenimiento,objetivo,2.0,intra_cluster,1,1,1,4
saludable,natural,2.0,intra_cluster,1,1,6,-1
acompañar,honor,4.0,intra_cluster,1,1,0,-1
acompañar,ceremonia,3.0,intra_cluster,1,1,0,-1
acompañar,corazón,2.0,intra_cluster,1,1,0,-1
acompañar,prioridad,2.0,intra_cluster,1,1,0,-1
acompañar,entregar,2.0,intra_cluster,1,1,0,1
acompañar,cívico,2.0,intra_cluster,1,1,0,-1
acompañar,pintura,2.0,intra_cluster,1,1,0,-1
ceremonia,cívico,9.0,intra_cluster,1,1,-1,-1
ceremonia,honor,5.0,intra_cluster,1,1,-1,-1
ceremonia,pintura,2.0,intra_cluster,1,1,-1,-1
cívico,honor,2.0,intra_cluster,1,1,-1,-1
entregar,pintura,5.0,intra_cluster,1,1,1,-1
entregar,cambio,4.0,intra_sub,1,1,1,1
entregar,conjunto,2.0,intra_cluster,1,1,1,0
delegación,dif,2.0,intra_cluster,1,1,1,-1
constante,riesgo,2.0,intra_cluster,1,1,2,4
constante,fundamental,2.0,intra_cluster,1,1,2,4
constante,diario,2.0,intra_cluster,1,1,2,6
visión,cambio,3.0,intra_cluster,1,1,2,1
visión,pensamiento,3.0,intra_cluster,1,1,2,2
vial,rehabilitación,4.0,intra_cluster,1,1,4,1
vial,bache,3.0,intra_cluster,1,1,4,3
ciudadanía,conjunto,7.0,intra_sub,1,1,0,0
ciudadanía,respuesta,5.0,intra_cluster,1,1,0,4
ciudadanía,fortalecimiento,5.0,intra_cluster,1,1,0,-1
ciudadanía,cercano,4.0,intra_cluster,1,1,0,1
ciudadanía,riesgo,3.0,intra_cluster,1,1,0,4
ciudadanía,condición,3.0,intra_cluster,1,1,0,4
ciudadanía,dengue,3.0,intra_cluster,1,1,0,5
ciudadanía,directo,3.0,intra_cluster,1,1,0,2
ciudadanía,natural,3.0,intra_cluster,1,1,0,-1
ciudadanía,trabajador,2.0,intra_cluster,1,1,0,2
ciudadanía,fundamental,2.0,intra_cluster,1,1,0,4
ciudadanía,corazón,2.0,intra_cluster,1,1,0,-1
jesús,piña,8.0,intra_cluster,1,1,-1,-1
jesús,elías,7.0,intra_cluster,1,1,-1,-1
jesús,cercano,2.0,intra_cluster,1,1,-1,1
jesús,felipe,2.0,intra_cluster,1,1,-1,-1
jesús,lunes,2.0,intra_cluster,1,1,-1,1
piña,elías,8.0,intra_cluster,1,1,-1,-1
elías,lunes,2.0,intra_cluster,1,1,-1,1
emprendedor,producto,4.0,intra_cluster,1,1,-1,-1
fundamental,condición,2.0,intra_cluster,1,1,4,4
fundamental,imagen,2.0,intra_cluster,1,1,4,4
fundamental,capacitación,2.0,intra_cluster,1,1,4,4
cambio,condición,5.0,intra_cluster,1,1,1,4
cambio,caso,4.0,intra_cluster,1,1,1,2
cambio,instalación,3.0,intra_cluster,1,1,1,1
cambio,pensamiento,3.0,intra_cluster,1,1,1,2
cambio,hola,2.0,intra_cluster,1,1,1,-1
cambio,culpa,2.0,intra_cluster,1,1,1,-1
cambio,materia,2.0,intra_cluster,1,1,1,3
cambio,rehabilitación,2.0,intra_cluster,1,1,1,1
cambio,diario,2.0,intra_cluster,1,1,1,6
cambio,oficina,2.0,intra_cluster,1,1,1,-1
bache,rehabilitación,3.0,intra_cluster,1,1,3,1
conjunto,pintura,2.0,intra_cluster,1,1,0,-1
mes,instalación,6.0,intra_cluster,1,1,2,1
corazón,honor,3.0,intra_cluster,1,1,-1,-1
corazón,solidaridad,2.0,intra_cluster,1,1,-1,2
corazón,directamente,2.0,intra_cluster,1,1,-1,2
corazón,imagen,2.0,intra_cluster,1,1,-1,4
ordinaria,sesión,7.0,intra_sub,1,1,4,4
ordinaria,consejo,2.0,intra_cluster,1,1,4,4
sesión,foto,3.0,intra_cluster,1,1,4,2
sesión,consejo,2.0,intra_cluster,1,1,4,4
ubicado,universidad,4.0,intra_sub,1,1,1,1
ubicado,rehabilitación,3.0,intra_cluster,1,1,1,1
ubicado,jardín,2.0,intra_cluster,1,1,1,5
ubicado,oficina,2.0,intra_cluster,1,1,1,-1
ubicado,instalación,2.0,intra_cluster,1,1,1,1
ayuntamiento,trabajador,3.0,intra_cluster,1,1,2,2
ayuntamiento,condición,2.0,intra_cluster,1,1,2,4
ayuntamiento,riesgo,2.0,intra_cluster,1,1,2,4
instalación,rehabilitación,4.0,intra_sub,1,1,1,1
instalación,objetivo,2.0,intra_cluster,1,1,1,4
fortalecimiento,dif,2.0,intra_cluster,1,1,-1,-1
rehabilitación,árbol,3.0,intra_cluster,1,1,1,5
rehabilitación,pintura,2.0,intra_cluster,1,1,1,-1
rehabilitación,respaldo,2.0,intra_cluster,1,1,1,2
natural,cuidado,3.0,intra_cluster,1,1,-1,0
árbol,riesgo,4.0,intra_cluster,1,1,5,4
árbol,responsable,3.0,intra_cluster,1,1,5,5
árbol,jardín,2.0,intra_cluster,1,1,5,5
caso,dengue,4.0,intra_cluster,1,1,2,5
caso,hola,2.0,intra_cluster,1,1,2,-1
caso,villa,2.0,intra_cluster,1,1,2,-1
cuidado,edad,2.0,intra_cluster,1,1,0,4
cuidado,instituto,2.0,intra_cluster,1,1,0,-1
cuidado,universidad,2.0,intra_cluster,1,1,0,1
universidad,instituto,4.0,intra_cluster,1,1,1,-1
universidad,villa,2.0,intra_cluster,1,1,1,-1
condición,trabajador,5.0,intra_cluster,1,1,4,2
condición,edad,2.0,intra_cluster,1,1,4,4
condición,administración,2.0,intra_cluster,1,1,4,2
condición,directamente,2.0,intra_cluster,1,1,4,2
hogar,jardín,3.0,intra_cluster,1,1,5,5
hogar,adopción,2.0,intra_cluster,1,1,5,5
hogar,responsable,2.0,intra_cluster,1,1,5,5
hogar,dengue,2.0,intra_cluster,1,1,5,5
dengue,jardín,2.0,intra_cluster,1,1,5,5
dengue,prevenir,2.0,intra_cluster,1,1,5,4
dengue,producto,2.0,intra_cluster,1,1,5,-1
administración,trabajador,2.0,intra_cluster,1,1,2,2
administración,dif,2.0,intra_cluster,1,1,2,-1
administración,humano,2.0,intra_cluster,1,1,2,2
administración,solidaridad,2.0,intra_cluster,1,1,2,2
administración,respaldo,2.0,intra_cluster,1,1,2,2
administración,cercanía,2.0,intra_cluster,1,1,2,-1
diario,trabajador,2.0,intra_cluster,1,1,6,2
diario,responsable,2.0,intra_cluster,1,1,6,5
diario,realizamos,2.0,intra_cluster,1,1,6,6
respuesta,riesgo,3.0,intra_cluster,1,1,4,4
respuesta,imagen,2.0,intra_cluster,1,1,4,4
riesgo,prevenir,4.0,intra_sub,1,1,4,4
riesgo,objetivo,4.0,intra_sub,1,1,4,4
riesgo,edad,2.0,intra_cluster,1,1,4,4
jardín,instituto,3.0,intra_cluster,1,1,5,-1
adopción,mascota,2.0,intra_cluster,1,1,5,5
villa,causa,2.0,intra_cluster,1,1,-1,5
solidaridad,humano,2.0,intra_cluster,1,1,2,2
solidaridad,respaldo,2.0,intra_cluster,1,1,2,2
solidaridad,trabajador,2.0,intra_cluster,1,1,2,2
producto,capacitación,2.0,intra_cluster,1,1,-1,4
instituto,dif,2.0,intra_cluster,1,1,-1,-1
trabajador,humano,2.0,intra_cluster,1,1,2,2
trabajador,respaldo,2.0,intra_cluster,1,1,2,2
respaldo,humano,2.0,intra_cluster,1,1,2,2
responsable,realizamos,2.0,intra_cluster,1,1,5,6
cercano,felipe,2.0,intra_cluster,1,1,1,-1
pensamiento,viejo,4.0,intra_sub,1,1,2,2
pensamiento,materia,2.0,intra_cluster,1,1,2,3
viejo,foto,2.0,intra_cluster,1,1,2,2
provocar,pánico,2.0,intra_cluster,1,1,-1,-1
instalar,oficina,2.0,intra_cluster,1,1,-1,-1
dif,oficina,2.0,intra_cluster,1,1,-1,-1
