palabra,tema_id,sub_id,color_tema,peso_lda,grado_total,grado_intra_sub,grado_intra_cluster,grado_extra,peso_intra_sub,peso_intra_cluster,peso_extra,pagerank,betweenness,clustering_coef,eigenvector,participation,z_within_degree,rol
monica,3,0,#d62728,0.0340812020003795,114,12,62,40,672.0,419.0,1671.0,0.016514,0.220268,0.1095,0.469693,0.8986,1.9773,broker
villarreal,3,0,#d62728,0.0337497182190418,115,13,62,40,690.0,395.0,1588.0,0.0161,0.398784,0.1079,0.455818,0.8957,2.2548,broker
anaya,3,0,#d62728,0.0127830086275935,56,9,38,9,311.0,171.0,307.0,0.004666,0.002669,0.2188,0.194854,0.8355,0.8672,broker
gob,3,0,#d62728,0.0095936926081776,21,8,13,0,117.0,48.0,0.0,0.001109,0.001338,0.5524,0.044614,0.6939,0.8672,broker
carpintero,3,2,#d62728,0.005195740610361,17,3,14,0,46.0,49.0,0.0,0.000828,0.004013,0.5221,0.009384,0.6298,1.0432,broker
laguna,3,2,#d62728,0.0099799148738384,29,11,18,0,88.0,79.0,0.0,0.00148,0.013333,0.3276,0.012951,0.6706,2.5408,conector_provincial
labor,3,3,#d62728,0.0061585549265146,39,9,27,3,51.0,176.0,72.0,0.001941,0.002646,0.3198,0.053381,0.785,2.1204,broker
limpieza,3,3,#d62728,0.0123212346807122,34,7,27,0,59.0,172.0,0.0,0.001622,0.00401,0.369,0.032807,0.7509,1.7985,broker
descacharrizacion,3,1,#d62728,0.0048884241841733,17,9,8,0,64.0,25.0,0.0,0.000708,6e-06,0.5735,0.005594,0.519,1.3498,broker
jornada,3,1,#d62728,0.0093292649835348,31,11,18,2,70.0,124.0,39.0,0.001575,0.004029,0.3462,0.03248,0.77,1.624,broker
entorno,3,2,#d62728,0.0050332229584455,29,9,19,1,37.0,121.0,20.0,0.001224,0.003987,0.3842,0.032285,0.7348,1.9418,broker
instruccion,3,0,#d62728,0.0026768534444272,4,3,1,0,50.0,2.0,0.0,0.000369,0.0,1.0,0.020955,0.0,-0.5203,periferico
contribuir,3,1,#d62728,0.0049572312273085,32,5,27,0,30.0,135.0,0.0,0.001181,4e-06,0.3952,0.022571,0.748,0.5273,broker
basura,3,1,#d62728,0.0084352688863873,37,13,23,1,81.0,110.0,19.0,0.001738,0.004324,0.2748,0.022497,0.7056,2.7208,conector_provincial
comunidad,3,0,#d62728,0.003203451866284,25,5,20,0,49.0,56.0,0.0,0.000798,0.0,0.4167,0.020628,0.7872,0.3122,broker
fundamental,3,0,#d62728,0.0027191899716854,17,4,13,0,41.0,36.0,0.0,0.000568,0.0,0.6103,0.017422,0.7612,0.0347,broker
mantenimiento,3,3,#d62728,0.0059399418532848,22,6,16,0,33.0,78.0,0.0,0.000818,0.0,0.5152,0.016362,0.7066,1.1549,broker
agua,3,1,#d62728,0.0090570962056517,35,10,25,0,56.0,100.0,0.0,0.00133,0.005231,0.3042,0.014314,0.7396,1.624,broker
cuidado,3,2,#d62728,0.0046266061253845,18,5,13,0,21.0,63.0,0.0,0.000647,0.0,0.5425,0.014331,0.6852,0.7437,broker
casa,3,1,#d62728,0.0054645128548145,26,4,22,0,34.0,77.0,0.0,0.00103,0.005346,0.2923,0.012006,0.7604,0.2531,broker
amor,3,2,#d62728,0.0033410044852644,14,1,13,0,3.0,40.0,0.0,0.00043,0.0,0.4286,0.008586,0.6633,0.4441,broker
diario,3,0,#d62728,0.0020163222216069,16,4,12,0,29.0,25.0,0.0,0.00045,0.0,0.5417,0.011275,0.7266,0.0347,broker
firme,3,0,#d62728,0.0026717730797827,8,3,5,0,23.0,10.0,0.0,0.000281,0.0,0.8214,0.010307,0.5312,-0.2428,broker
responsabilidad,3,2,#d62728,0.0018801209516823,11,2,9,0,7.0,30.0,0.0,0.000343,0.0,0.6182,0.008152,0.7273,-0.4545,broker
pluvial,3,3,#d62728,0.0032730021048337,19,8,11,0,43.0,43.0,0.0,0.000684,0.001318,0.5673,0.009789,0.6094,1.4767,broker
hermosa,3,1,#d62728,0.0018229795387014,5,2,3,0,13.0,6.0,0.0,0.000293,0.001332,0.1,0.000197,0.56,-0.8436,broker
retiro,3,3,#d62728,0.0014986094320192,6,2,4,0,11.0,18.0,0.0,0.000261,0.0,1.0,0.007408,0.6111,-1.0981,broker
lobina,3,2,#d62728,0.00260642147623,7,3,4,0,18.0,8.0,0.0,0.000371,0.00133,0.5714,0.000154,0.2449,0.1446,periferico
desecho,3,1,#d62728,0.0019254818325862,11,2,9,0,10.0,26.0,0.0,0.000353,0.0,0.5818,0.005792,0.7107,-0.2953,broker
visitante,3,2,#d62728,0.0065592546015977,17,3,14,0,12.0,49.0,0.0,0.000534,1e-06,0.4338,0.008155,0.6713,0.7437,broker
promociondelasaludtampico,3,0,#d62728,0.0025401338934898,6,5,1,0,33.0,2.0,0.0,0.000353,0.0,0.8,0.007154,0.2778,-0.2428,periferico
sincriaderosmexicoprotegesusaludyelmundial,3,0,#d62728,0.0025400619488209,4,3,1,0,19.0,2.0,0.0,0.000267,0.0,1.0,0.000401,0.375,-0.7979,periferico
integral,3,4,#d62728,0.0030663304496556,7,0,7,0,0.0,26.0,0.0,0.000253,0.0,0.8095,0.005949,0.6122,-0.8742,broker
visitar,3,2,#d62728,0.0015011467039585,10,3,7,0,10.0,27.0,0.0,0.000361,0.0,0.6889,0.005814,0.7,-0.4545,broker
natural,3,2,#d62728,0.0041070776060223,18,6,12,0,25.0,29.0,0.0,0.00052,4e-06,0.4248,0.005028,0.5,1.9418,broker
saludable,3,1,#d62728,0.0026715504936873,11,5,6,0,19.0,23.0,0.0,0.000364,0.0,0.7273,0.007897,0.6281,-0.2953,broker
abierto,3,3,#d62728,0.0025295179802924,15,4,11,0,21.0,27.0,0.0,0.000423,0.0,0.7143,0.004585,0.7022,-0.1325,broker
tonelada,3,1,#d62728,0.0015237316256389,8,5,3,0,24.0,8.0,0.0,0.000328,0.0,0.8214,0.003316,0.375,-0.0211,periferico
ecosistema,3,2,#d62728,0.0026335008442401,5,1,4,0,7.0,8.0,0.0,0.000231,0.0,0.5,0.000163,0.32,-0.4545,periferico
lunes,3,1,#d62728,0.001892228028737,8,1,7,0,3.0,25.0,0.0,0.000263,0.0,0.9286,0.00678,0.5938,-0.5695,broker
criadero,3,1,#d62728,0.0032682842575013,13,5,8,0,21.0,18.0,0.0,0.000402,0.0,0.5385,0.003337,0.3787,1.0757,periferico
distritodesaludparaelbienestariitampico,3,0,#d62728,0.0021229640115052,5,4,1,0,24.0,2.0,0.0,0.000295,0.0,0.9,0.003247,0.32,-0.5203,periferico
lectura,3,4,#d62728,0.0023980259429663,8,1,7,0,6.0,17.0,0.0,0.000294,0.0,0.4643,0.003076,0.5938,1.2627,broker
libro,3,4,#d62728,0.0019491252023726,4,1,3,0,6.0,10.0,0.0,0.000244,0.000363,0.5,0.002992,0.75,-0.8742,broker
cielo,3,3,#d62728,0.0024883716832846,8,5,3,0,23.0,7.0,0.0,0.000302,0.0,0.8214,0.002021,0.5312,-0.1325,broker
material,3,2,#d62728,0.0019439454190433,9,0,9,0,0.0,24.0,0.0,0.000271,0.0,0.6389,0.00545,0.642,-0.4545,broker
back,3,2,#d62728,0.0027612694539129,2,1,1,0,6.0,2.0,0.0,0.000552,0.00134,0.0,0.0,0.0,-1.0535,periferico
man,3,2,#d62728,0.0019634023774415,1,1,0,0,6.0,0.0,0.0,0.000448,0.0,0.0,0.0,0.0,-1.353,periferico
alevin,3,2,#d62728,0.0022858418524265,6,4,2,0,17.0,4.0,0.0,0.000326,0.0,0.6,9e-05,0.2778,-0.1549,periferico
lagunario,3,2,#d62728,0.0017420179210603,8,2,6,0,6.0,22.0,0.0,0.000307,0.0,0.5357,0.006261,0.5938,-0.4545,broker
cuadrilla,3,3,#d62728,0.001662791124545,8,1,7,0,3.0,23.0,0.0,0.000244,0.0,0.8929,0.00622,0.6562,-0.7762,broker
naturaleza,3,2,#d62728,0.0020657281856983,10,5,5,0,19.0,14.0,0.0,0.000377,7e-06,0.6,0.002678,0.58,0.1446,broker
biodiversidad,3,2,#d62728,0.0020680685993283,11,4,7,0,14.0,14.0,0.0,0.00035,1e-06,0.4727,0.001202,0.314,1.0432,periferico
objeto,3,1,#d62728,0.001814404502511,10,3,7,0,12.0,14.0,0.0,0.000318,0.0,0.5333,0.002203,0.32,0.5273,periferico
artes,3,2,#d62728,0.0023719300515949,7,0,7,0,0.0,17.0,0.0,0.000256,0.0,0.381,0.003453,0.7755,-1.353,broker
responsable,3,2,#d62728,0.0020024764817208,13,1,12,0,5.0,29.0,0.0,0.000361,0.0,0.5256,0.004077,0.6272,0.4441,broker
cacharro,3,1,#d62728,0.0019806055352091,7,1,6,0,3.0,18.0,0.0,0.000236,0.0,0.7619,0.005147,0.6122,-0.8436,broker
reafirma,3,0,#d62728,0.0019616121426224,2,2,0,0,9.0,0.0,0.0,0.000146,0.0,1.0,0.00438,0.0,-1.0754,periferico
tranquilidad,3,2,#d62728,0.0014729372924193,6,0,6,0,0.0,16.0,0.0,0.000197,0.0,0.8,0.004354,0.6111,-1.0535,broker
ubicado,3,3,#d62728,0.0019791803788393,10,3,7,0,13.0,20.0,0.0,0.000324,0.0,0.6889,0.004856,0.66,-0.1325,broker
negro,3,1,#d62728,0.0019664415158331,10,3,7,0,12.0,17.0,0.0,0.000384,0.0,0.3556,0.000282,0.58,-0.5695,broker
fumigacion,3,1,#d62728,0.0013442329363897,10,3,7,0,11.0,18.0,0.0,0.000309,0.0,0.6444,0.004212,0.62,-0.2953,broker
recuperacion,3,3,#d62728,0.0014229994267225,6,0,6,0,0.0,16.0,0.0,0.000215,0.0,0.6,0.004293,0.5,-0.7762,broker
tecnologica,3,2,#d62728,0.0015591970877721,3,1,2,0,5.0,5.0,0.0,0.00017,0.0,1.0,0.001514,0.4444,-1.0535,periferico
taller,3,4,#d62728,0.0020629994105547,10,1,9,0,3.0,25.0,0.0,0.000339,1e-06,0.3111,0.003094,0.72,-0.8742,broker
acumular,3,1,#d62728,0.0015932476380839,5,2,3,0,9.0,9.0,0.0,0.00022,0.0,0.7,0.003587,0.48,-0.8436,periferico
impulsado,3,0,#d62728,0.0013187049189582,5,3,2,0,13.0,4.0,0.0,0.000194,0.0,0.9,0.005257,0.48,-0.7979,periferico
profundo,3,3,#d62728,0.0019809163641184,7,1,6,0,4.0,14.0,0.0,0.000211,0.0,0.8095,0.002221,0.6531,-1.0981,broker
luz,3,1,#d62728,0.0029348824173212,9,2,7,0,7.0,14.0,0.0,0.000275,0.0,0.5278,0.002138,0.7654,-1.1178,broker
entrada,3,4,#d62728,0.0019685048609972,11,2,9,0,7.0,22.0,0.0,0.00043,0.001324,0.4182,0.003491,0.7107,2.3311,broker
ven,3,4,#d62728,0.0015962137840688,4,1,3,0,4.0,6.0,0.0,0.00024,2e-06,0.3333,4.4e-05,0.5,0.1943,broker
arranca,3,0,#d62728,0.0012314041377976,2,2,0,0,8.0,0.0,0.0,0.000141,0.0,1.0,0.003887,0.0,-1.0754,periferico
ofrecer,3,2,#d62728,0.001842678990215,11,3,8,0,11.0,20.0,0.0,0.000308,0.0,0.6364,0.003828,0.562,0.1446,broker
etapa,3,1,#d62728,0.0037827212363481,13,3,10,0,10.0,23.0,0.0,0.000352,0.0,0.5641,0.003856,0.6627,-0.0211,broker
descanso,3,2,#d62728,0.0015494800172746,5,1,4,0,4.0,8.0,0.0,0.000176,0.0,0.8,0.002493,0.56,-1.353,broker
patio,3,1,#d62728,0.0018915508408099,5,1,4,0,4.0,10.0,0.0,0.000196,0.0,0.9,0.002993,0.48,-0.8436,periferico
funcionamiento,3,3,#d62728,0.0017802530201151,9,1,8,0,3.0,22.0,0.0,0.00027,0.0,0.75,0.002339,0.5926,-0.1325,broker
liberacion,3,2,#d62728,0.0012578981695696,8,3,5,0,10.0,10.0,0.0,0.000301,0.0,0.3929,8.6e-05,0.2188,0.4441,periferico
cuerpo,3,1,#d62728,0.0017570236232131,9,1,8,0,4.0,17.0,0.0,0.000273,0.0,0.5833,0.003043,0.7407,-0.8436,broker
favorecer,3,3,#d62728,0.0028667442966252,11,2,9,0,6.0,25.0,0.0,0.000314,0.0,0.6364,0.005125,0.6446,-0.1325,broker
adecuado,3,3,#d62728,0.0022779717110097,9,2,7,0,7.0,16.0,0.0,0.000286,0.0,0.5278,0.00028,0.4938,0.1893,periferico
drenaje,3,3,#d62728,0.0020066015422344,9,0,9,0,0.0,22.0,0.0,0.000252,0.0,0.75,0.003123,0.6914,-0.4544,broker
proceso,3,3,#d62728,0.0019351767841726,7,0,7,0,0.0,17.0,0.0,0.000256,0.0,0.2381,0.000126,0.7347,-0.7762,broker
central,3,2,#d62728,0.0012216683244332,3,1,2,0,3.0,4.0,0.0,0.000253,0.002677,0.3333,5.7e-05,0.0,-0.754,periferico
emblematico,3,2,#d62728,0.0021361075341701,10,0,10,0,0.0,23.0,0.0,0.000261,0.0,0.6444,0.001832,0.72,-0.4545,broker
conectar,3,2,#d62728,0.002286527538672,10,2,8,0,6.0,19.0,0.0,0.000292,0.0,0.6222,0.003136,0.66,-0.4545,broker
movil,3,4,#d62728,0.0014593803789466,6,0,6,0,0.0,14.0,0.0,0.000222,0.0,0.6667,0.002481,0.6667,0.1943,broker
mosquito,3,1,#d62728,0.0011297251330688,10,5,5,0,15.0,10.0,0.0,0.000298,0.0,0.4667,0.000383,0.18,0.8015,periferico
llanta,3,1,#d62728,0.0010590811725705,7,3,4,0,9.0,9.0,0.0,0.000246,0.0,0.5714,0.001591,0.2449,-0.0211,periferico
totalmente,3,4,#d62728,0.0011041067773476,6,1,5,0,3.0,10.0,0.0,0.000241,0.0,0.5333,0.001965,0.7222,0.1943,broker
aprendizaje,3,4,#d62728,0.001783799030818,7,1,6,0,3.0,14.0,0.0,0.00023,0.0,0.3333,0.00039,0.6939,0.1943,broker
jugar,3,4,#d62728,0.0018090204102918,5,0,5,0,0.0,11.0,0.0,0.000188,0.0,0.8,0.002468,0.72,-0.8742,broker
donacion,3,3,#d62728,0.0013502144720405,6,1,5,0,3.0,11.0,0.0,0.000184,0.0,0.9333,0.001385,0.6667,-1.0981,broker
divisoria,3,1,#d62728,0.0015662552323192,3,1,2,0,3.0,4.0,0.0,0.000177,0.0,0.3333,3.1e-05,0.0,-0.8436,periferico
rescatar,3,4,#d62728,0.0011713552521541,2,0,2,0,0.0,4.0,0.0,0.000136,0.0,1.0,0.000994,0.5,-0.8742,broker
guia,3,2,#d62728,0.0023579448461532,5,0,5,0,0.0,10.0,0.0,0.000183,0.0,0.7,0.001006,0.32,-0.4545,periferico
ventana,3,1,#d62728,0.0011914116330444,4,0,4,0,0.0,8.0,0.0,0.000196,0.0,0.1667,3.9e-05,0.375,-0.8436,periferico
cruz,3,1,#d62728,0.0015871044015511,4,0,4,0,0.0,8.0,0.0,0.000168,0.0,0.8333,0.001957,0.625,-1.392,broker
monicavillarreal,3,0,#d62728,0.0011353058507665,2,0,2,0,0.0,4.0,0.0,0.000121,0.0,1.0,0.001944,0.0,-1.0754,periferico
tampicotecuida,2,1,#2ca02c,0.0175423752516508,70,6,47,17,251.0,416.0,473.0,0.00605,0.043002,0.2961,0.160756,0.8592,1.0607,broker
tampicovacontodo,2,1,#2ca02c,0.0119443591684103,52,5,41,6,190.0,311.0,168.0,0.003337,0.001338,0.457,0.109561,0.8247,0.3536,broker
excelente,2,1,#2ca02c,0.0244695600122213,67,6,41,20,234.0,430.0,909.0,0.0081,0.034437,0.3103,0.262903,0.875,1.0607,broker
seguir,2,0,#2ca02c,0.025286354124546,96,16,51,29,274.0,721.0,1004.0,0.011047,0.174194,0.1967,0.219212,0.8865,1.9769,broker
bienestar,2,3,#2ca02c,0.0236498266458511,58,11,38,9,169.0,411.0,306.0,0.004549,0.00766,0.3956,0.128011,0.8264,1.6536,broker
accion,2,0,#2ca02c,0.0134640904143452,62,13,38,11,142.0,390.0,343.0,0.004564,0.009354,0.3654,0.123142,0.8439,1.7596,broker
tampiqueno,2,0,#2ca02c,0.0113383410498499,38,10,27,1,101.0,194.0,24.0,0.001641,0.00134,0.5903,0.037984,0.7936,0.4562,broker
compromiso,2,0,#2ca02c,0.0071485447697341,46,9,33,4,105.0,201.0,100.0,0.002136,0.000425,0.5014,0.062988,0.8053,1.1079,broker
salud,2,3,#2ca02c,0.01126504316926,44,8,31,5,93.0,235.0,147.0,0.002457,0.001336,0.4894,0.076602,0.8202,0.9922,broker
cuidar,2,1,#2ca02c,0.0074281874112784,39,5,31,3,85.0,197.0,67.0,0.00175,0.0,0.5722,0.063661,0.7903,-0.3536,broker
programa,2,3,#2ca02c,0.021623071283102,44,8,34,2,97.0,221.0,54.0,0.001931,0.004008,0.5254,0.053567,0.7717,1.6536,broker
colonia,2,4,#2ca02c,0.0243859868496656,73,17,49,7,124.0,392.0,185.0,0.004253,0.024798,0.2877,0.079006,0.817,3.6613,conector_provincial
seguro,2,1,#2ca02c,0.0058384048752486,35,5,30,0,73.0,177.0,0.0,0.001298,0.0,0.6303,0.027286,0.7788,-0.3536,broker
resultado,2,0,#2ca02c,0.0083762910217046,36,7,29,0,74.0,105.0,0.0,0.001002,1e-06,0.6222,0.016418,0.7731,0.8907,broker
mejorar,2,2,#2ca02c,0.0075890477746725,40,11,29,0,83.0,157.0,0.0,0.001273,0.00134,0.6,0.017286,0.7863,1.165,broker
apoyo,2,2,#2ca02c,0.0089935399591922,38,10,25,3,52.0,168.0,66.0,0.001474,2e-05,0.6074,0.049486,0.7978,0.8737,broker
transformar,2,0,#2ca02c,0.0049181603826582,26,6,20,0,52.0,85.0,0.0,0.000757,0.0,0.6738,0.014823,0.784,0.0217,broker
deporte,2,1,#2ca02c,0.0065152035094797,26,6,20,0,57.0,99.0,0.0,0.000844,0.000998,0.7846,0.017946,0.7751,1.0607,broker
vecino,2,4,#2ca02c,0.0045740571804344,25,2,23,0,28.0,74.0,0.0,0.000658,0.002675,0.5767,0.007907,0.7648,0.9216,broker
sonrisas,2,3,#2ca02c,0.0064471922814846,11,4,7,0,55.0,22.0,0.0,0.000463,0.0,0.8182,0.006961,0.7107,-0.3307,broker
distinto,2,2,#2ca02c,0.0054636285640299,31,10,20,1,49.0,102.0,25.0,0.000978,0.0,0.6581,0.015614,0.7596,0.8737,broker
servicio,2,2,#2ca02c,0.0079158283770084,44,11,32,1,87.0,161.0,25.0,0.00148,0.00391,0.4968,0.015984,0.7903,1.4562,broker
atender,2,0,#2ca02c,0.0067915595136582,35,8,27,0,55.0,84.0,0.0,0.000805,0.0,0.5815,0.01047,0.7755,0.6734,broker
brindar,2,2,#2ca02c,0.0067065935581922,35,8,27,0,60.0,146.0,0.0,0.001077,0.0,0.6639,0.01428,0.7788,0.5825,broker
vacheando,2,2,#2ca02c,0.0043003531172871,15,3,12,0,15.0,44.0,0.0,0.0004,0.0,0.7143,0.002618,0.5956,0.0,broker
ciudadania,2,3,#2ca02c,0.0067336456850171,34,8,26,0,51.0,161.0,0.0,0.001095,0.0,0.7077,0.01905,0.7751,0.6614,broker
beneficio,2,3,#2ca02c,0.0078429840505123,29,7,22,0,31.0,114.0,0.0,0.00078,0.0,0.7044,0.014503,0.7848,0.6614,broker
social,2,3,#2ca02c,0.0063847927376627,33,5,28,0,28.0,99.0,0.0,0.000731,0.0,0.6629,0.01153,0.742,0.0,broker
calidad,2,2,#2ca02c,0.0079223020002245,36,6,29,1,38.0,140.0,24.0,0.001227,3.4e-05,0.5095,0.014998,0.7917,0.0,broker
escuchar,2,0,#2ca02c,0.0061565833166241,26,10,16,0,48.0,45.0,0.0,0.000586,0.0,0.6554,0.008571,0.7071,0.8907,broker
servicios,2,2,#2ca02c,0.0035124393180012,23,6,15,2,26.0,77.0,43.0,0.000846,3e-05,0.6561,0.008983,0.7335,0.5825,broker
cambiar,2,0,#2ca02c,0.0017695788992568,9,3,6,0,19.0,16.0,0.0,0.000291,0.0,0.75,0.003751,0.716,-0.8472,broker
obra,2,4,#2ca02c,0.0057458337396383,33,5,28,0,29.0,102.0,0.0,0.000871,0.001339,0.5284,0.010829,0.7916,0.9216,broker
vialidad,2,2,#2ca02c,0.0042086220346391,26,8,18,0,44.0,66.0,0.0,0.000628,0.0,0.7262,0.007452,0.7367,0.5825,broker
gratuito,2,2,#2ca02c,0.0045064892619848,18,6,12,0,37.0,39.0,0.0,0.000488,0.0,0.6797,0.004952,0.7099,0.0,broker
movilidad,2,2,#2ca02c,0.0034126369282603,20,5,15,0,27.0,39.0,0.0,0.000427,0.0,0.7105,0.003729,0.78,-0.5825,broker
morelos,2,4,#2ca02c,0.0019630086608231,11,2,9,0,16.0,24.0,0.0,0.000327,0.0,0.6182,0.003848,0.7107,0.0996,broker
necesitar,2,0,#2ca02c,0.0054566473700106,32,5,27,0,28.0,84.0,0.0,0.000658,0.0,0.621,0.008663,0.7754,0.4562,broker
tampiquena,2,3,#2ca02c,0.0035240445286035,26,4,21,1,23.0,71.0,22.0,0.000644,0.0,0.8154,0.012064,0.8047,-0.3307,broker
sonrisa,2,3,#2ca02c,0.0035254887770861,13,3,10,0,16.0,33.0,0.0,0.00033,0.0,0.7949,0.005271,0.7692,-0.6614,broker
confianza,2,0,#2ca02c,0.0013747958000749,6,3,3,0,18.0,7.0,0.0,0.000216,0.0,1.0,0.002829,0.6111,-1.0645,broker
acercar,2,2,#2ca02c,0.0036807481665164,18,7,11,0,38.0,45.0,0.0,0.0005,0.0,0.8039,0.006501,0.7407,-0.2912,broker
elias,2,4,#2ca02c,0.003174623241648,8,3,5,0,22.0,11.0,0.0,0.000346,0.0,0.6429,0.001267,0.625,-0.1743,broker
pina,2,4,#2ca02c,0.003170320065692,5,3,2,0,23.0,4.0,0.0,0.000301,0.0,0.8,0.001113,0.56,-0.4483,broker
pavimentacion,2,4,#2ca02c,0.0031462768092751,12,5,7,0,23.0,14.0,0.0,0.000342,0.0,0.6818,0.001405,0.5694,0.6476,broker
echeverria,2,3,#2ca02c,0.0026618444826453,9,2,7,0,15.0,24.0,0.0,0.000298,0.0,0.7222,0.00201,0.5926,-0.6614,broker
jesus,2,4,#2ca02c,0.0031760740093886,7,3,4,0,22.0,8.0,0.0,0.00032,0.0,0.7143,0.001105,0.6122,-0.4483,broker
tancol,2,4,#2ca02c,0.0019658734090626,11,1,10,0,8.0,26.0,0.0,0.000266,0.0,0.8727,0.003638,0.7438,-0.4483,broker
esquina,2,4,#2ca02c,0.001358168781735,7,1,6,0,8.0,14.0,0.0,0.00021,0.0,0.8095,0.001788,0.6939,-0.9963,broker
arenal,2,4,#2ca02c,0.0026739572640508,11,3,8,0,16.0,16.0,0.0,0.000318,0.0,0.6,0.001176,0.3967,0.9216,periferico
dental,2,2,#2ca02c,0.003521857317537,14,4,10,0,22.0,25.0,0.0,0.000335,0.0,0.7253,0.001969,0.6633,-0.5825,broker
comapa,2,2,#2ca02c,0.0034698934759944,26,7,19,0,41.0,58.0,0.0,0.000582,2e-06,0.7231,0.006074,0.6834,1.4562,broker
reparacion,2,2,#2ca02c,0.0022875482682138,13,4,9,0,20.0,24.0,0.0,0.000323,0.0,0.7692,0.002327,0.7456,-0.8737,broker
bache,2,2,#2ca02c,0.0026911369059234,14,7,7,0,31.0,24.0,0.0,0.000368,0.0,0.8901,0.002494,0.6224,0.0,broker
concreto,2,4,#2ca02c,0.0033660277258604,15,3,12,0,10.0,33.0,0.0,0.000336,0.0,0.6381,0.002946,0.7644,0.0996,broker
licenciada,2,1,#2ca02c,0.0017401387449353,5,2,3,0,9.0,6.0,0.0,0.000166,0.0,1.0,0.002591,0.32,-1.0607,periferico
dialogo,2,0,#2ca02c,0.0022415297571569,17,3,14,0,11.0,38.0,0.0,0.000345,0.0,0.8162,0.004407,0.7266,-0.1955,broker
cercano,2,3,#2ca02c,0.0026540078688412,14,2,12,0,7.0,33.0,0.0,0.00037,0.001339,0.7033,0.003088,0.6633,0.3307,broker
comprometido,2,3,#2ca02c,0.0010818893788382,8,2,6,0,8.0,17.0,0.0,0.000219,0.0,0.8571,0.002644,0.7188,-0.9922,broker
diferencia,2,4,#2ca02c,0.0013137392234057,6,1,5,0,4.0,13.0,0.0,0.000182,0.0,1.0,0.002107,0.7222,-0.7223,broker
coloradas,2,4,#2ca02c,0.0012994591379538,3,1,2,0,5.0,4.0,0.0,0.000271,0.0,0.6667,6e-06,0.4444,-0.7223,periferico
puertas,2,4,#2ca02c,0.0012994600692763,3,1,2,0,5.0,4.0,0.0,0.000271,0.0,0.6667,6e-06,0.4444,-0.7223,periferico
bucal,2,3,#2ca02c,0.0017477001529186,4,2,2,0,9.0,4.0,0.0,0.000159,0.0,0.8333,0.001211,0.625,-1.3229,broker
necesidad,2,0,#2ca02c,0.0034285113215446,16,6,10,0,25.0,26.0,0.0,0.000343,0.0,0.875,0.00457,0.5547,0.4562,broker
ninos,2,4,#2ca02c,0.0014458507066592,6,2,4,0,10.0,9.0,0.0,0.000201,0.0,0.7333,0.001036,0.7222,-0.7223,broker
impulso,2,1,#2ca02c,0.001455521211028,8,1,7,0,5.0,16.0,0.0,0.000195,0.0,1.0,0.002566,0.7188,-1.7678,broker
cercania,2,0,#2ca02c,0.0024250817950814,12,2,10,0,9.0,22.0,0.0,0.000246,0.0,0.9394,0.002956,0.6528,-0.63,broker
campo,2,0,#2ca02c,0.0028447769582271,17,2,15,0,8.0,33.0,0.0,0.00039,0.002674,0.6029,0.002316,0.7336,-0.1955,broker
humanista,2,0,#2ca02c,0.0014308202080428,8,1,7,0,3.0,16.0,0.0,0.000186,0.0,1.0,0.002245,0.625,-0.8472,broker
nacer,2,2,#2ca02c,0.0016860234318301,5,2,3,0,7.0,10.0,0.0,0.000182,0.0,1.0,0.001179,0.64,-1.7474,broker
hidraulico,2,4,#2ca02c,0.0020270098466426,10,4,6,0,14.0,13.0,0.0,0.000261,0.0,0.7556,0.001386,0.56,0.3736,broker
seguimiento,2,0,#2ca02c,0.0012727138819172,7,2,5,0,7.0,10.0,0.0,0.000177,0.0,1.0,0.00231,0.6939,-1.0645,broker
dialogos,2,4,#2ca02c,0.0020119401160627,8,2,6,0,7.0,12.0,0.0,0.000298,2e-06,0.3929,0.000401,0.5312,0.0996,broker
peticion,2,4,#2ca02c,0.001384254428558,8,1,7,0,4.0,15.0,0.0,0.000193,0.0,0.8571,0.001347,0.5312,-0.7223,broker
barredora,2,0,#2ca02c,0.0018033856758847,3,1,2,0,4.0,4.0,0.0,0.000142,0.0,0.6667,0.000986,0.4444,-1.2817,periferico
perez,2,2,#2ca02c,0.0018738596700131,11,1,10,0,3.0,24.0,0.0,0.000253,0.0,0.6545,0.000874,0.7438,-1.4562,broker
completamente,2,2,#2ca02c,0.0017247851938009,6,0,6,0,0.0,14.0,0.0,0.000168,0.0,0.8,0.001159,0.7222,-2.0387,broker
carmen,2,4,#2ca02c,0.0010625834111124,7,2,5,0,6.0,11.0,0.0,0.000209,0.0,0.6667,0.00045,0.6122,-0.4483,broker
atendido,2,0,#2ca02c,0.0010924780508503,5,1,4,0,3.0,8.0,0.0,0.000151,0.0,1.0,0.001835,0.72,-1.2817,broker
cuarta,2,4,#2ca02c,0.0017857268685474,4,0,4,0,0.0,8.0,0.0,0.000154,0.0,1.0,0.000194,0.0,-0.1743,periferico
santiago,2,3,#2ca02c,0.0012931880773976,2,0,2,0,0.0,4.0,0.0,0.0002,0.0,0.0,7e-06,0.5,-1.6536,broker
alejandro,2,4,#2ca02c,0.0014404415851458,2,0,2,0,0.0,4.0,0.0,0.000196,0.0,0.0,2.3e-05,0.5,-0.9963,broker
world,2,0,#2ca02c,0.0014113949146121,3,0,3,0,0.0,6.0,0.0,0.000129,0.0,1.0,0.000325,0.4444,-1.2817,periferico
mundial,4,0,#9467bd,0.0106765693053603,37,14,22,1,105.0,72.0,26.0,0.003503,0.069202,0.2132,0.000666,0.7129,2.3841,broker
seleccion,4,0,#9467bd,0.0037366868928074,18,8,10,0,61.0,37.0,0.0,0.00177,0.002894,0.4118,3.6e-05,0.3827,1.5227,periferico
esperar,4,0,#9467bd,0.0043295295909047,30,10,20,0,53.0,75.0,0.0,0.0025,0.034818,0.2345,2.8e-05,0.7778,0.8767,broker
mal,4,1,#9467bd,0.005669449456036,18,8,10,0,40.0,26.0,0.0,0.001449,0.005212,0.268,1e-06,0.6728,2.1688,broker
mexicano,4,1,#9467bd,0.009188531897962,41,6,35,0,38.0,148.0,0.0,0.003641,0.025611,0.1927,3.7e-05,0.7817,1.7545,broker
nacional,4,2,#9467bd,0.0095287431031465,38,10,27,1,51.0,94.0,25.0,0.003155,0.068442,0.165,0.00223,0.7812,3.0782,conector_provincial
partido,4,0,#9467bd,0.010634190402925,30,10,20,0,54.0,58.0,0.0,0.002144,0.003964,0.2644,1.8e-05,0.5311,2.8147,conector_provincial
claro,4,3,#9467bd,0.0030395528301596,16,1,15,0,10.0,46.0,0.0,0.001197,0.001566,0.375,1.3e-05,0.7422,-0.0296,broker
persona,4,3,#9467bd,0.0064388844184577,36,3,33,0,16.0,100.0,0.0,0.002382,0.010773,0.1952,1.4e-05,0.8225,1.9861,broker
nivel,4,2,#9467bd,0.0037660649977624,24,4,20,0,24.0,62.0,0.0,0.001702,0.003714,0.2138,2.4e-05,0.7674,0.9054,broker
padre,4,0,#9467bd,0.0061958539299666,15,8,7,0,31.0,19.0,0.0,0.00099,0.00388,0.3238,7e-06,0.5244,0.6614,broker
karate,4,2,#9467bd,0.0051402985118329,5,2,3,0,16.0,6.0,0.0,0.000552,0.001294,0.3,2.4e-05,0.32,0.1811,periferico
sabado,4,5,#9467bd,0.0017766554374247,10,2,8,0,15.0,23.0,0.0,0.000814,0.001316,0.3778,0.0,0.72,0.046,broker
semana,4,5,#9467bd,0.0036671380512416,22,6,15,1,31.0,45.0,21.0,0.001975,0.010244,0.1818,2e-05,0.8017,1.565,broker
foto,4,2,#9467bd,0.0046877842396497,11,3,8,0,16.0,19.0,0.0,0.000755,7e-06,0.3455,2e-06,0.6942,0.5432,broker
tomar,4,2,#9467bd,0.003194015007466,17,4,13,0,22.0,41.0,0.0,0.001278,0.002072,0.375,1e-05,0.7543,0.9054,broker
mexicana,4,0,#9467bd,0.0020866447594016,12,3,9,0,16.0,20.0,0.0,0.000748,1.7e-05,0.5455,1.1e-05,0.5139,0.2307,broker
domingo,4,5,#9467bd,0.0050135171040892,21,4,17,0,22.0,47.0,0.0,0.001441,0.002758,0.2476,2e-06,0.6757,2.0713,broker
acuerdo,4,1,#9467bd,0.0030525210313498,9,3,6,0,15.0,13.0,0.0,0.000669,1e-06,0.3333,7e-06,0.6173,0.5117,broker
azteca,4,0,#9467bd,0.0043578706681728,15,5,10,0,21.0,22.0,0.0,0.00086,0.000529,0.4286,8e-06,0.7111,0.0154,broker
album,4,0,#9467bd,0.002843553898856,6,2,4,0,10.0,9.0,0.0,0.000427,0.0,0.4667,5e-06,0.2778,-0.4153,periferico
especial,4,0,#9467bd,0.0038554142229259,14,6,8,0,28.0,18.0,0.0,0.000968,0.001345,0.2857,5e-06,0.4694,0.6614,periferico
emocion,4,0,#9467bd,0.0060266479849815,16,5,11,0,24.0,25.0,0.0,0.000926,0.0,0.5583,1e-05,0.5703,0.6614,broker
recuerdo,4,0,#9467bd,0.0050424896180629,16,6,10,0,21.0,27.0,0.0,0.000965,0.001309,0.325,5e-06,0.4219,1.092,periferico
amar,4,0,#9467bd,0.0026261687744408,9,3,6,0,16.0,16.0,0.0,0.000625,0.0,0.6944,9e-06,0.6173,-0.4153,broker
costo,4,3,#9467bd,0.0016377749852836,5,2,3,0,9.0,6.0,0.0,0.000421,0.0,0.6,0.0,0.0,0.9782,periferico
mes,4,3,#9467bd,0.0054192626848816,19,4,15,0,19.0,37.0,0.0,0.00127,0.005322,0.2105,5e-06,0.7313,1.9861,broker
netflix,4,3,#9467bd,0.0025438850279897,4,1,3,0,6.0,6.0,0.0,0.000353,0.0,0.5,0.0,0.375,-0.0296,periferico
venir,4,0,#9467bd,0.0058972788974642,15,4,11,0,19.0,23.0,0.0,0.000952,0.00134,0.2571,3e-06,0.7467,-0.2,broker
pan,4,1,#9467bd,0.0030393281485885,8,3,5,0,14.0,10.0,0.0,0.000563,0.001186,0.3929,0.0,0.6562,0.0975,broker
noche,4,0,#9467bd,0.0032452552113682,12,3,9,0,12.0,24.0,0.0,0.000733,4e-06,0.4697,5e-06,0.6806,-0.2,broker
recordar,4,2,#9467bd,0.0027023670263588,13,3,10,0,12.0,26.0,0.0,0.000764,0.0,0.4103,8e-06,0.7219,0.1811,broker
asociacion,4,2,#9467bd,0.0025873300619423,4,3,1,0,14.0,2.0,0.0,0.000394,0.0,0.5,1e-05,0.375,-0.1811,periferico
fraude,4,4,#9467bd,0.0045717824250459,11,4,7,0,19.0,14.0,0.0,0.000914,2.8e-05,0.2727,1e-06,0.6446,0.8452,broker
presunto,4,4,#9467bd,0.0036717772018164,9,4,5,0,19.0,10.0,0.0,0.000865,2.6e-05,0.3611,0.0,0.3704,1.2677,periferico
retirado,4,0,#9467bd,0.001822659629397,3,1,2,0,5.0,4.0,0.0,0.00028,0.0,0.6667,0.0,0.4444,-1.0613,periferico
rata,4,1,#9467bd,0.004612558055669,21,4,17,0,18.0,40.0,0.0,0.001362,0.001428,0.1905,8e-06,0.7664,1.7545,broker
mandir,4,1,#9467bd,0.002303009154275,6,2,4,0,7.0,11.0,0.0,0.000422,0.0,0.6667,2e-06,0.6667,-0.3168,broker
destino,4,5,#9467bd,0.0024028669577091,3,1,2,0,5.0,4.0,0.0,0.000298,1e-05,0.0,0.0,0.6667,-0.9666,broker
prever,4,5,#9467bd,0.0044103628024458,3,3,0,0,12.0,0.0,0.0,0.000368,1.7e-05,0.3333,0.0,0.0,0.046,periferico
privado,4,2,#9467bd,0.0026240067090839,8,1,7,0,5.0,17.0,0.0,0.000499,0.0,0.3929,1.2e-05,0.75,-0.9054,broker
gratis,4,3,#9467bd,0.002097177086398,4,0,4,0,0.0,11.0,0.0,0.000305,0.0,0.6667,0.0,0.375,-0.0296,periferico
carlos,4,0,#9467bd,0.003630927298218,6,2,4,0,10.0,11.0,0.0,0.000493,0.001338,0.5333,1e-05,0.6667,-0.846,broker
sesion,4,2,#9467bd,0.0026432168669998,7,3,4,0,12.0,8.0,0.0,0.000509,2e-06,0.2857,5e-06,0.5714,0.1811,broker
afuera,4,4,#9467bd,0.0033749707508832,8,3,5,0,14.0,12.0,0.0,0.000729,0.00399,0.5,0.0,0.4062,0.8452,periferico
barandilla,4,4,#9467bd,0.0034442115575075,7,3,4,0,14.0,8.0,0.0,0.000638,0.0,0.6667,0.0,0.2449,0.8452,periferico
presente,4,5,#9467bd,0.0027069156058132,5,1,4,0,5.0,8.0,0.0,0.000329,0.0,0.6,5e-06,0.56,-0.9666,broker
plano,4,2,#9467bd,0.0018240968929603,3,1,2,0,5.0,4.0,0.0,0.000262,0.0,0.3333,1.2e-05,0.6667,-0.9054,broker
aficionado,4,0,#9467bd,0.0018223795341327,6,2,4,0,6.0,11.0,0.0,0.000385,0.0,0.7333,2e-06,0.6667,-0.846,broker
moren,4,1,#9467bd,0.0051839933730661,8,1,7,0,3.0,16.0,0.0,0.000505,5e-06,0.3214,5e-06,0.4062,0.926,periferico
aparecer,4,2,#9467bd,0.0014483097475022,3,1,2,0,4.0,4.0,0.0,0.000239,0.0,0.6667,9e-06,0.4444,-0.5432,periferico
descubrir,4,5,#9467bd,0.0013642492704093,4,1,3,0,3.0,8.0,0.0,0.00029,0.0,0.5,2e-06,0.625,-0.9666,broker
familiar,4,0,#9467bd,0.0052650305442512,13,1,12,0,4.0,29.0,0.0,0.000722,0.001291,0.3718,7e-06,0.7456,-0.4153,broker
inolvidable,4,0,#9467bd,0.0018189331749454,7,4,3,0,12.0,8.0,0.0,0.000442,0.0,0.7143,0.0,0.2449,-0.2,periferico
ingreso,4,5,#9467bd,0.0018235102761536,4,1,3,0,4.0,6.0,0.0,0.000326,4e-06,0.5,1e-06,0.75,-0.9666,broker
gloria,4,1,#9467bd,0.0019197600195184,5,1,4,0,3.0,10.0,0.0,0.000374,4e-06,0.6,0.0,0.64,-0.7311,broker
instalacion,4,3,#9467bd,0.00271478574723,8,3,5,0,10.0,10.0,0.0,0.000569,0.001316,0.2857,0.0,0.5312,0.9782,broker
dano,4,1,#9467bd,0.0016682225978001,4,1,3,0,4.0,7.0,0.0,0.0003,0.0,0.6667,0.0,0.625,-0.7311,broker
golfo,4,5,#9467bd,0.0018133275443688,5,1,4,0,3.0,10.0,0.0,0.000346,0.0,0.5,3e-06,0.72,-0.4603,broker
cartel,4,5,#9467bd,0.0024933272507041,8,2,6,0,6.0,15.0,0.0,0.000468,9e-06,0.5714,2e-06,0.5938,0.046,broker
humanos,4,1,#9467bd,0.0025531321298331,2,2,0,0,8.0,0.0,0.0,0.000332,0.000669,1.0,0.0,0.0,-0.7311,periferico
cuarto,4,0,#9467bd,0.0018206344684585,5,3,2,0,10.0,4.0,0.0,0.000339,0.0,0.6,2e-06,0.32,-0.6306,periferico
derechos,4,1,#9467bd,0.0018168004462495,3,1,2,0,4.0,4.0,0.0,0.000368,1e-06,0.3333,0.0,0.4444,-0.7311,periferico
desarrollar,4,2,#9467bd,0.0024715203326195,3,2,1,0,7.0,2.0,0.0,0.000282,0.0,0.6667,9e-06,0.4444,-0.5432,periferico
relacionado,4,4,#9467bd,0.0030732196755707,5,2,3,0,8.0,6.0,0.0,0.000433,0.0,0.6,0.0,0.32,0.0,periferico
julio,4,2,#9467bd,0.0035940143279731,6,1,5,0,4.0,10.0,0.0,0.000404,1e-06,0.2,9e-06,0.7222,-0.5432,broker
facil,4,1,#9467bd,0.0027116532437503,8,1,7,0,4.0,14.0,0.0,0.000468,2e-06,0.3571,1e-06,0.8125,-0.7311,broker
descansar,4,1,#9467bd,0.002752463100478,3,2,1,0,7.0,2.0,0.0,0.000322,3e-06,0.3333,0.0,0.0,-0.3168,periferico
aca,4,6,#9467bd,0.0026518821250647,7,1,6,0,3.0,14.0,0.0,0.000436,2e-06,0.381,0.0,0.7347,1.3608,broker
periodo,4,3,#9467bd,0.0032870713621377,4,1,3,0,3.0,7.0,0.0,0.000333,1.2e-05,0.3333,0.0,0.625,-0.5336,broker
vacacional,4,3,#9467bd,0.0018320551607757,4,1,3,0,3.0,6.0,0.0,0.000325,0.0,0.1667,0.0,0.625,-1.0375,broker
comprar,4,6,#9467bd,0.0032399608753621,9,0,9,0,0.0,21.0,0.0,0.000484,0.0,0.3056,7e-06,0.716,-0.1361,broker
cheque,4,1,#9467bd,0.0042348937131464,4,0,4,0,0.0,9.0,0.0,0.000276,0.0,0.6667,0.0,0.625,-0.7311,broker
javier,4,6,#9467bd,0.004410283640027,5,1,4,0,3.0,9.0,0.0,0.000326,0.0,0.4,0.0,0.72,-0.1361,broker
asegurar,4,3,#9467bd,0.0028047773521393,4,1,3,0,3.0,6.0,0.0,0.000352,9e-06,0.3333,0.0,0.375,-0.0296,periferico
ojo,4,6,#9467bd,0.0016970997676253,5,0,5,0,0.0,11.0,0.0,0.000319,0.0,0.4,0.0,0.72,-0.1361,broker
convivir,4,0,#9467bd,0.0017386191757395,8,1,7,0,3.0,14.0,0.0,0.000424,1e-06,0.3214,2e-06,0.4062,-0.2,periferico
padrisimo,4,0,#9467bd,0.0023277893196791,5,2,3,0,6.0,6.0,0.0,0.000312,0.0,0.5,0.0,0.32,-0.6306,periferico
sembrar,4,6,#9467bd,0.0034633032046258,4,0,4,0,0.0,10.0,0.0,0.00027,0.0,0.5,2e-06,0.75,-0.1361,broker
notar,4,1,#9467bd,0.0024228629190474,6,1,5,0,3.0,10.0,0.0,0.000361,0.0,0.2,0.0,0.7222,-0.7311,broker
desear,4,6,#9467bd,0.0032388132531195,5,0,5,0,0.0,11.0,0.0,0.000371,3e-06,0.1,0.0,0.64,1.3608,broker
linea,4,2,#9467bd,0.001807284541428,5,0,5,0,0.0,11.0,0.0,0.0003,0.0,0.6,0.0,0.72,-0.5432,broker
permanecer,4,4,#9467bd,0.0022036507725715,4,0,4,0,0.0,9.0,0.0,0.000301,0.0,0.8333,0.0,0.375,-0.4226,periferico
triste,4,0,#9467bd,0.0031008615624159,7,2,5,0,6.0,10.0,0.0,0.000377,0.0,0.619,0.0,0.449,-0.4153,periferico
fisico,4,3,#9467bd,0.00331881060265,7,1,6,0,3.0,12.0,0.0,0.000474,5.2e-05,0.2381,0.0,0.5714,0.4743,broker
incluir,4,0,#9467bd,0.0031270429026335,9,1,8,0,3.0,16.0,0.0,0.000467,0.00129,0.3611,2e-06,0.5926,-0.4153,broker
serie,4,5,#9467bd,0.0034824565518647,5,2,3,0,6.0,6.0,0.0,0.00033,0.0,0.5,0.0,0.32,0.5523,periferico
entrar,4,1,#9467bd,0.0035894971806555,3,0,3,0,0.0,6.0,0.0,0.000241,0.0,0.0,0.0,0.4444,-0.7311,periferico
protegido,4,1,#9467bd,0.0025009037926793,2,0,2,0,0.0,4.0,0.0,0.000174,0.0,1.0,0.0,0.0,-0.7311,periferico
concierto,4,6,#9467bd,0.0026991432532668,6,0,6,0,0.0,12.0,0.0,0.000382,1e-06,0.2667,0.0,0.7222,1.3608,broker
alcalde,4,6,#9467bd,0.0018137585138902,5,0,5,0,0.0,10.0,0.0,0.000305,0.0,0.2,5e-06,0.64,-1.633,broker
encantar,4,0,#9467bd,0.0018118321895599,1,0,1,0,0.0,2.0,0.0,0.000134,0.0,0.0,0.0,0.0,-1.2766,periferico
dinamica,4,0,#9467bd,0.0043924381025135,4,0,4,0,0.0,8.0,0.0,0.000234,0.0,0.5,6e-06,0.375,-0.846,periferico
organizacion,4,4,#9467bd,0.0026978934183716,2,0,2,0,0.0,4.0,0.0,0.00021,0.0,0.0,5e-06,0.5,-1.6903,broker
organizado,4,3,#9467bd,0.0017883130349218,2,0,2,0,0.0,4.0,0.0,0.000172,0.0,1.0,5e-06,0.5,-1.5415,broker
secretario,4,3,#9467bd,0.0026588081382215,3,0,3,0,0.0,6.0,0.0,0.00026,0.0,0.3333,0.0,0.4444,-0.5336,periferico
resumen,4,3,#9467bd,0.0025901801418513,2,0,2,0,0.0,4.0,0.0,0.000175,0.0,1.0,0.0,0.5,-1.5415,broker
ahorro,4,3,#9467bd,0.0014305273070931,2,0,2,0,0.0,4.0,0.0,0.000211,0.0,0.0,0.0,0.0,-0.5336,periferico
unido,4,6,#9467bd,0.0016505911480635,2,0,2,0,0.0,4.0,0.0,0.000191,0.0,0.0,0.0,0.5,-0.1361,broker
emitir,4,4,#9467bd,0.0018151536351069,1,0,1,0,0.0,2.0,0.0,0.000134,0.0,0.0,0.0,0.0,-1.6903,periferico
definir,4,2,#9467bd,0.0018173524877056,2,0,2,0,0.0,4.0,0.0,0.00018,0.0,0.0,0.0,0.5,-0.9054,broker
teatro,4,6,#9467bd,0.0013178511289879,2,0,2,0,0.0,4.0,0.0,0.000195,0.0,0.0,0.0,0.5,-0.1361,broker
senalar,4,4,#9467bd,0.0034416881389915,6,0,6,0,0.0,12.0,0.0,0.000383,0.0,0.7333,0.0,0.2778,0.4226,periferico
recurso,4,3,#9467bd,0.0026296935975551,9,0,9,0,0.0,18.0,0.0,0.000421,0.0,0.6111,6e-06,0.716,-0.0296,broker
balon,4,0,#9467bd,0.0035246624611318,4,0,4,0,0.0,8.0,0.0,0.000239,0.0,0.3333,0.0,0.0,-0.6306,periferico
eliminar,4,0,#9467bd,0.0014584822347387,1,0,1,0,0.0,2.0,0.0,0.000133,0.0,0.0,0.0,0.0,-1.2766,periferico
afectado,4,4,#9467bd,0.0024659344926476,3,0,3,0,0.0,6.0,0.0,0.000246,0.0,1.0,0.0,0.0,-0.4226,periferico
publica,4,2,#9467bd,0.0017707094084471,2,0,2,0,0.0,4.0,0.0,0.000167,0.0,1.0,5e-06,0.5,-0.9054,broker
funcionar,4,6,#9467bd,0.003059237031266,1,0,1,0,0.0,2.0,0.0,0.000139,0.0,0.0,0.0,0.0,-1.633,periferico
escolar,4,3,#9467bd,0.0018225228413939,3,0,3,0,0.0,6.0,0.0,0.000262,1e-06,0.3333,0.0,0.4444,-0.5336,periferico
calle,9,1,#17becf,0.0096605736762285,49,14,29,6,97.0,115.0,167.0,0.005736,0.140316,0.1199,0.035447,0.7805,3.0731,conector_provincial
dejar,9,0,#17becf,0.0070414822548627,44,14,30,0,67.0,99.0,0.0,0.003717,0.062397,0.1469,0.000652,0.7076,3.1256,conector_provincial
canal,9,1,#17becf,0.0042263609357178,21,7,14,0,36.0,42.0,0.0,0.001595,0.00136,0.3286,0.000534,0.6259,1.4926,broker
tirar,9,1,#17becf,0.0029693953692913,14,3,11,0,20.0,29.0,0.0,0.001032,0.001337,0.3407,0.000492,0.6122,0.439,broker
vision,9,2,#17becf,0.0033307850826531,8,3,5,0,11.0,24.0,0.0,0.000778,0.003937,0.3214,0.000452,0.6562,0.3723,broker
peaton,9,1,#17becf,0.0036090975627303,11,2,9,0,15.0,19.0,0.0,0.000708,0.001278,0.3455,0.00045,0.6942,-0.3512,broker
ojala,9,0,#17becf,0.0040847044438123,27,5,22,0,28.0,61.0,0.0,0.002023,0.008071,0.2222,9.4e-05,0.6529,1.7667,broker
champayan,9,1,#17becf,0.0019843152258545,5,4,1,0,18.0,2.0,0.0,0.000442,0.001332,0.6,0.000338,0.0,-0.0878,periferico
andar,9,0,#17becf,0.0045495657250285,28,11,17,0,47.0,47.0,0.0,0.002095,0.00791,0.2222,0.000275,0.625,1.9931,broker
recolector,9,1,#17becf,0.0015554457204416,6,4,2,0,17.0,5.0,0.0,0.000484,0.0,0.5333,0.000304,0.2778,-0.0878,periferico
frente,9,1,#17becf,0.0025208555161952,8,2,6,0,11.0,13.0,0.0,0.00056,0.001276,0.2857,0.000301,0.6562,-0.3512,broker
proteger,9,2,#17becf,0.0050504631362855,20,2,18,0,9.0,52.0,0.0,0.001444,0.005403,0.2895,0.000122,0.69,2.2073,broker
encharcamiento,9,1,#17becf,0.0016639430541545,8,1,7,0,7.0,14.0,0.0,0.000489,0.0,0.7143,7.8e-05,0.4062,0.1756,periferico
rejilla,9,1,#17becf,0.0029308486264199,11,6,5,0,27.0,13.0,0.0,0.000848,0.002641,0.5273,0.000193,0.314,0.9658,periferico
escoba,9,3,#17becf,0.0024819183163344,5,3,2,0,15.0,4.0,0.0,0.000589,7e-06,0.7,0.0,0.32,-0.6965,periferico
platino,9,3,#17becf,0.0027899746783077,7,5,2,0,23.0,4.0,0.0,0.000803,2.7e-05,0.7143,0.0,0.2449,0.2985,periferico
senora,9,0,#17becf,0.0059389667585492,20,4,16,0,18.0,37.0,0.0,0.001456,0.004013,0.2474,1e-05,0.575,1.3137,broker
parecer,9,0,#17becf,0.0028808005154132,16,4,12,0,14.0,29.0,0.0,0.001032,0.001337,0.2917,0.000232,0.6328,0.4077,broker
peor,9,0,#17becf,0.0017374197486788,13,2,11,0,10.0,24.0,0.0,0.000819,5e-06,0.4615,7.9e-05,0.6864,-0.0453,broker
mover,9,0,#17becf,0.0021111511159688,10,3,7,0,12.0,14.0,0.0,0.0007,0.001317,0.2667,6e-06,0.18,0.6342,periferico
humano,9,0,#17becf,0.0019608896691352,8,3,5,0,14.0,10.0,0.0,0.000666,0.001323,0.2857,6e-06,0.5312,-0.2718,broker
desazolve,9,1,#17becf,0.0013327844208106,6,2,4,0,10.0,8.0,0.0,0.000402,0.0,0.7333,0.000227,0.0,0.1756,periferico
amigo,9,2,#17becf,0.0029913857579231,6,2,4,0,8.0,10.0,0.0,0.000531,1e-06,0.3333,2e-06,0.4444,0.3723,periferico
politica,9,2,#17becf,0.0025825176853686,8,4,4,0,16.0,10.0,0.0,0.000696,2.9e-05,0.3571,4e-06,0.4688,0.984,periferico
deberiar,9,0,#17becf,0.0016451167175546,9,5,4,0,18.0,11.0,0.0,0.000687,8e-06,0.6111,0.00019,0.1975,0.4077,periferico
puesto,9,0,#17becf,0.0018633821746334,7,5,2,0,19.0,4.0,0.0,0.000595,0.00132,0.4286,6e-06,0.2449,-0.0453,periferico
justificar,9,0,#17becf,0.0012292279861867,6,1,5,0,5.0,11.0,0.0,0.000473,1.4e-05,0.2667,0.000113,0.7778,-0.9513,broker
recibir,9,2,#17becf,0.0047781285829842,13,4,9,0,15.0,20.0,0.0,0.000909,0.00929,0.2564,7.9e-05,0.7456,0.3723,broker
limpiar,9,1,#17becf,0.0046387966722249,13,4,9,0,16.0,25.0,0.0,0.000942,0.002615,0.3462,0.000156,0.497,0.1756,periferico
flujo,9,1,#17becf,0.0012122152838855,6,2,4,0,8.0,9.0,0.0,0.00042,0.0,0.8667,4e-06,0.2778,-0.0878,periferico
coche,9,4,#17becf,0.0021185055375099,9,1,8,0,3.0,21.0,0.0,0.000588,0.001331,0.3889,0.000191,0.642,1.3728,broker
culpa,9,4,#17becf,0.0024865421000868,10,1,9,0,3.0,23.0,0.0,0.00068,0.001328,0.4,0.000117,0.66,1.3728,broker
ategrus,9,3,#17becf,0.0017804048256948,7,5,2,0,20.0,4.0,0.0,0.000734,1e-06,0.7619,0.0,0.0,0.796,periferico
respeto,9,4,#17becf,0.0019732632208615,6,2,4,0,7.0,11.0,0.0,0.000445,0.0,0.8,0.000189,0.6667,0.3922,broker
reflejo,9,3,#17becf,0.0011186038609594,4,0,4,0,0.0,10.0,0.0,0.000292,0.001314,0.5,0.00015,0.75,-2.1891,broker
admiracion,9,4,#17becf,0.0014991622883826,7,1,6,0,4.0,13.0,0.0,0.000429,0.0,0.619,0.000115,0.6939,0.3922,broker
valer,9,0,#17becf,0.0026411465369164,15,3,12,0,10.0,26.0,0.0,0.001028,0.002683,0.2571,8.1e-05,0.64,0.4077,broker
carro,9,0,#17becf,0.0027934745885431,10,1,9,0,3.0,22.0,0.0,0.000675,6e-06,0.3333,0.000115,0.64,-0.4983,broker
conductor,9,4,#17becf,0.0024872105568647,9,0,9,0,0.0,23.0,0.0,0.000621,0.001332,0.2222,6e-06,0.716,0.3922,broker
utilizar,9,1,#17becf,0.0012853009393438,5,3,2,0,10.0,6.0,0.0,0.000379,0.0,0.9,0.000153,0.48,-0.6146,periferico
pregunta,9,0,#17becf,0.0013229537289589,2,1,1,0,4.0,2.0,0.0,0.000238,0.0,1.0,3e-06,0.5,-1.1778,broker
temprano,9,1,#17becf,0.0012818883405998,6,1,5,0,4.0,10.0,0.0,0.000375,0.0,0.4,0.000151,0.6111,-0.878,broker
critico,9,1,#17becf,0.002330566290766,7,1,6,0,4.0,12.0,0.0,0.000424,1e-06,0.3333,0.000151,0.7755,-0.878,broker
cnte,9,-1,#17becf,0.001473395852372,2,0,2,0,0.0,6.0,0.0,0.000258,2e-06,0.0,0.0,0.0,0.0,periferico
dulce,9,4,#17becf,0.0012899007415398,5,0,5,0,0.0,12.0,0.0,0.000317,0.0,0.8,0.000151,0.72,-1.5689,broker
juego,9,2,#17becf,0.0020944823045283,7,1,6,0,4.0,13.0,0.0,0.000524,5.3e-05,0.1905,3e-06,0.6939,-0.851,broker
rosa,9,2,#17becf,0.0018389173783361,7,2,5,0,7.0,11.0,0.0,0.000601,1.1e-05,0.2381,1e-06,0.449,0.984,periferico
habitar,9,2,#17becf,0.0010996994096785,5,3,2,0,10.0,4.0,0.0,0.000455,1e-06,0.7,2e-06,0.32,0.3723,periferico
otorgado,9,3,#17becf,0.0018294116016477,6,5,1,0,18.0,2.0,0.0,0.000624,0.0,0.8667,0.0,0.0,0.2985,periferico
espana,9,3,#17becf,0.001288566738367,9,5,4,0,16.0,8.0,0.0,0.000714,0.002701,0.4167,1e-06,0.4938,0.2985,periferico
gestion,9,3,#17becf,0.0022674158681184,8,6,2,0,23.0,4.0,0.0,0.000835,0.002657,0.5714,0.0,0.2188,0.796,periferico
excelencia,9,3,#17becf,0.0021128058433532,6,3,3,0,10.0,6.0,0.0,0.000538,6e-06,0.5333,0.0,0.0,0.2985,periferico
residuo,9,3,#17becf,0.0014669781085103,3,2,1,0,7.0,2.0,0.0,0.000348,0.0,1.0,0.0,0.0,-1.194,periferico
inutil,9,0,#17becf,0.0017909113084897,7,1,6,0,3.0,14.0,0.0,0.000457,1e-06,0.3333,0.00015,0.4082,-0.2718,periferico
color,9,2,#17becf,0.00177034328226,5,2,3,0,7.0,6.0,0.0,0.000403,6e-06,0.1,3e-06,0.56,-0.2393,broker
miedo,9,0,#17becf,0.0029098580125719,16,4,12,0,13.0,24.0,0.0,0.000974,1.8e-05,0.2417,7.9e-05,0.5,1.0872,broker
principal,9,1,#17becf,0.0012127389200031,7,1,6,0,3.0,12.0,0.0,0.000367,0.0,0.5714,0.000116,0.2449,0.1756,periferico
importancia,9,2,#17becf,0.0014711350668221,8,1,7,0,3.0,16.0,0.0,0.000541,0.0,0.4286,0.000114,0.6562,0.3723,broker
falso,9,0,#17becf,0.0027894617523998,5,0,5,0,0.0,11.0,0.0,0.000342,0.0,0.2,1e-06,0.56,-0.7248,broker
martinez,9,2,#17becf,0.0014798268675804,7,1,6,0,3.0,12.0,0.0,0.000515,7e-06,0.2857,7.5e-05,0.4082,0.984,periferico
tradicion,9,2,#17becf,0.0025676067452877,5,2,3,0,6.0,6.0,0.0,0.000515,0.001347,0.3,0.0,0.0,0.984,periferico
nomas,9,0,#17becf,0.0011878629447892,4,1,3,0,3.0,6.0,0.0,0.000282,0.0,1.0,3e-06,0.0,-0.4983,periferico
matar,9,0,#17becf,0.0025448813103139,7,1,6,0,3.0,12.0,0.0,0.000499,0.00134,0.5238,3e-06,0.449,-0.2718,periferico
aire,9,2,#17becf,0.0018516312120482,6,0,6,0,0.0,14.0,0.0,0.000414,1e-06,0.2667,0.000113,0.6111,-0.2393,broker
angel,9,2,#17becf,0.0014815917238593,3,0,3,0,0.0,7.0,0.0,0.000265,0.0,0.3333,0.0,0.4444,-1.4626,periferico
palabra,9,-1,#17becf,0.0010192528134211,1,0,1,0,0.0,3.0,0.0,0.000158,0.0,0.0,2e-06,0.0,0.0,periferico
consecuencia,9,0,#17becf,0.0014670300297439,10,3,7,0,9.0,14.0,0.0,0.000647,2.1e-05,0.3111,4e-06,0.48,0.1812,periferico
tenia,9,0,#17becf,0.0018133975099772,4,1,3,0,3.0,7.0,0.0,0.000342,1e-06,0.3333,1e-06,0.5,-0.9513,broker
boca,9,4,#17becf,0.0024050504434853,12,0,12,0,0.0,25.0,0.0,0.000599,0.0,0.4697,8e-05,0.7083,0.3922,broker
rivera,9,1,#17becf,0.0021599095780402,6,1,5,0,3.0,10.0,0.0,0.000405,4e-06,0.3333,7.6e-05,0.5,-0.6146,broker
ahorita,9,0,#17becf,0.0018420736305415,4,0,4,0,0.0,9.0,0.0,0.000319,0.0,0.3333,1e-06,0.625,-0.9513,broker
maldito,9,0,#17becf,0.0016902798088267,8,1,7,0,3.0,14.0,0.0,0.000474,1e-06,0.4643,2e-06,0.2188,0.1812,periferico
anticipar,9,2,#17becf,0.0012027885532006,3,2,1,0,6.0,2.0,0.0,0.000273,0.0,1.0,1e-06,0.0,-0.2393,periferico
danado,9,0,#17becf,0.0013882670318707,3,0,3,0,0.0,7.0,0.0,0.000231,0.0,0.6667,0.000112,0.4444,-0.9513,periferico
torres,9,1,#17becf,0.0014001344097778,2,1,1,0,3.0,2.0,0.0,0.000185,0.0,1.0,0.000112,0.5,-1.1414,broker
especialista,9,2,#17becf,0.0011180462315678,5,1,4,0,3.0,8.0,0.0,0.000404,0.0,0.5,1e-06,0.0,0.984,periferico
distinguir,9,3,#17becf,0.0018014744855463,9,2,7,0,6.0,14.0,0.0,0.00066,8e-06,0.5,0.0,0.1975,1.2935,periferico
inundacion,9,1,#17becf,0.0019898156169801,12,1,11,0,3.0,23.0,0.0,0.000594,0.0,0.5303,7.9e-05,0.4028,0.9658,periferico
lamentable,9,4,#17becf,0.0015893136151134,4,1,3,0,3.0,6.0,0.0,0.000307,0.0,0.1667,2e-06,0.625,-0.5883,broker
ignorante,9,0,#17becf,0.0014695739373564,6,0,6,0,0.0,12.0,0.0,0.000353,0.0,0.4,2e-06,0.6111,-0.7248,broker
origen,9,-1,#17becf,0.0010738796554505,1,0,1,0,0.0,2.0,0.0,0.000146,0.0,0.0,0.0,0.0,0.0,periferico
anos,9,0,#17becf,0.0012402377324178,7,0,7,0,0.0,14.0,0.0,0.000454,1e-06,0.3333,2e-06,0.449,-0.2718,periferico
diaz,9,2,#17becf,0.0014493784401565,3,0,3,0,0.0,6.0,0.0,0.000258,0.0,0.3333,0.0,0.6667,-1.4626,broker
artista,9,2,#17becf,0.0011172528611496,1,0,1,0,0.0,2.0,0.0,0.000173,0.0,0.0,0.0,0.0,-1.4626,periferico
wow,9,-1,#17becf,0.0010202470002695,1,0,1,0,0.0,2.0,0.0,0.000146,0.0,0.0,0.0,0.0,0.0,periferico
estacion,9,-1,#17becf,0.001113285543397,5,0,5,0,0.0,10.0,0.0,0.00034,0.0,0.3,1e-06,0.56,0.0,broker
tragedia,9,4,#17becf,0.0019287160830572,5,0,5,0,0.0,10.0,0.0,0.000357,0.0,0.4,1e-06,0.48,-0.5883,periferico
pensamiento,9,2,#17becf,0.0021953026298433,8,0,8,0,0.0,16.0,0.0,0.000447,0.0,0.4286,4e-06,0.5938,-0.2393,broker
manejar,9,4,#17becf,0.0014452699106186,6,0,6,0,0.0,12.0,0.0,0.000357,0.0,0.4,2e-06,0.5,-1.5689,broker
perro,9,0,#17becf,0.0020244952756911,3,0,3,0,0.0,6.0,0.0,0.000235,0.0,0.6667,1e-06,0.0,-0.7248,periferico
hambre,9,-1,#17becf,0.001418212079443,2,0,2,0,0.0,4.0,0.0,0.00019,0.0,0.0,0.0,0.0,0.0,periferico
actuar,9,0,#17becf,0.0017293351702392,4,0,4,0,0.0,8.0,0.0,0.000289,0.0,0.5,0.0,0.0,-0.4983,periferico
terrorista,9,0,#17becf,0.0012238081544637,4,0,4,0,0.0,8.0,0.0,0.000264,0.0,0.5,2e-06,0.0,-0.4983,periferico
pretexto,9,0,#17becf,0.0011158804409205,1,0,1,0,0.0,2.0,0.0,0.000149,0.0,0.0,0.0,0.0,-1.1778,periferico
francisco,9,-1,#17becf,0.0011268648086115,3,0,3,0,0.0,6.0,0.0,0.000253,5e-06,0.3333,0.0,0.4444,0.0,periferico
genial,9,2,#17becf,0.0013890622649341,1,0,1,0,0.0,2.0,0.0,0.000126,0.0,0.0,7.4e-05,0.0,-2.0743,periferico
detras,9,2,#17becf,0.0013169843005016,3,0,3,0,0.0,6.0,0.0,0.000258,0.0,0.3333,1e-06,0.4444,-0.851,periferico
auto,9,2,#17becf,0.0014658716972917,5,0,5,0,0.0,10.0,0.0,0.000386,1e-06,0.1,1e-06,0.32,0.3723,periferico
inteligencia,9,-1,#17becf,0.0010649268515408,2,0,2,0,0.0,4.0,0.0,0.000195,0.0,1.0,0.0,0.5,0.0,broker
quejar,9,1,#17becf,0.0010174650233238,2,0,2,0,0.0,4.0,0.0,0.000182,0.0,1.0,1e-06,0.5,-1.1414,broker
inaugurar,9,2,#17becf,0.001474461867474,3,0,3,0,0.0,6.0,0.0,0.000245,0.0,1.0,1e-06,0.0,-0.2393,periferico
inundar,9,1,#17becf,0.0011027315631508,1,0,1,0,0.0,2.0,0.0,0.000157,0.0,0.0,0.0,0.0,-1.4048,periferico
limpio,7,0,#7f7f7f,0.0090121533721685,34,11,20,3,88.0,65.0,98.0,0.002837,0.020706,0.2014,0.037862,0.7491,2.6495,conector_provincial
mantener,7,0,#7f7f7f,0.0096378084272146,30,10,17,3,70.0,60.0,65.0,0.002255,0.009725,0.2414,0.025603,0.7578,1.9682,broker
ordenado,7,0,#7f7f7f,0.0035031582228839,9,3,6,0,36.0,17.0,0.0,0.000719,0.0,0.6111,0.001401,0.6914,-0.757,broker
atencion,7,3,#7f7f7f,0.0144649669528007,36,6,28,2,47.0,102.0,43.0,0.002857,0.034068,0.1603,0.022011,0.7886,3.0096,conector_provincial
medico,7,3,#7f7f7f,0.005167469382286,9,2,7,0,20.0,16.0,0.0,0.000698,0.008963,0.3889,0.000459,0.5679,0.1204,broker
recoleccion,7,0,#7f7f7f,0.0042945072054862,6,4,2,0,24.0,4.0,0.0,0.000453,0.001336,0.6,0.000523,0.0,-0.0757,periferico
encontrar,7,4,#7f7f7f,0.003901895834133,19,4,15,0,22.0,43.0,0.0,0.001239,0.004675,0.2339,0.000919,0.7479,1.6275,broker
vida,7,4,#7f7f7f,0.0080407131463289,45,4,34,7,33.0,109.0,152.0,0.003361,0.040423,0.1232,0.040267,0.8514,1.6275,broker
arbol,7,4,#7f7f7f,0.0039895446971058,15,3,12,0,25.0,34.0,0.0,0.000965,3.9e-05,0.3238,0.000681,0.7733,-0.1162,broker
hospital,7,3,#7f7f7f,0.0067102331668138,11,2,9,0,15.0,25.0,0.0,0.000716,0.00133,0.4,0.000591,0.7273,-0.3612,broker
verde,7,4,#7f7f7f,0.002654469339177,8,2,6,0,19.0,15.0,0.0,0.000558,2e-06,0.5714,0.00055,0.4688,1.0462,periferico
via,7,0,#7f7f7f,0.0043267696164548,8,4,4,0,25.0,8.0,0.0,0.00053,4e-06,0.4286,0.000486,0.4062,-0.0757,periferico
calor,7,1,#7f7f7f,0.0060322498902678,16,5,11,0,21.0,25.0,0.0,0.001099,0.006437,0.1917,0.000131,0.5547,3.1196,conector_provincial
temperatura,7,1,#7f7f7f,0.0022853284608572,8,3,5,0,14.0,10.0,0.0,0.000778,0.002655,0.2143,2e-06,0.2188,1.761,periferico
fuerte,7,2,#7f7f7f,0.0027336198836565,12,3,9,0,10.0,26.0,0.0,0.000741,0.002648,0.303,0.000449,0.5139,2.0084,broker
oportuno,7,3,#7f7f7f,0.0013064264785498,8,1,7,0,7.0,21.0,0.0,0.000556,1e-06,0.4643,0.000302,0.6562,0.6019,broker
certificado,7,-1,#7f7f7f,0.0014903621049597,2,0,2,0,0.0,11.0,0.0,0.000552,0.0,1.0,0.0,0.0,0.0,periferico
despicadora,7,-1,#7f7f7f,0.0021772668696939,2,0,2,0,0.0,12.0,0.0,0.000595,0.0,1.0,0.0,0.0,0.0,periferico
diariamente,7,0,#7f7f7f,0.001384044997394,7,3,4,0,14.0,10.0,0.0,0.000389,0.0,0.619,0.000539,0.6122,-0.757,broker
camion,7,0,#7f7f7f,0.0027940799482166,10,6,4,0,24.0,9.0,0.0,0.000599,1e-05,0.5333,0.000241,0.34,0.6056,periferico
retirar,7,0,#7f7f7f,0.0035656616091728,13,7,6,0,32.0,14.0,0.0,0.000797,0.00321,0.3077,0.000399,0.568,0.6056,broker
bote,7,0,#7f7f7f,0.0016187162837013,5,3,2,0,12.0,4.0,0.0,0.000327,0.0,0.7,0.000124,0.0,-0.4164,periferico
aseo,7,0,#7f7f7f,0.0021406419109553,6,4,2,0,17.0,4.0,0.0,0.000376,0.0,0.6,0.000273,0.5,-0.757,broker
reporte,7,0,#7f7f7f,0.0062774196267127,16,4,12,0,16.0,30.0,0.0,0.000872,0.003367,0.325,0.000385,0.7188,0.265,broker
prevenir,7,3,#7f7f7f,0.0018972529796883,12,2,10,0,8.0,26.0,0.0,0.000654,0.001309,0.3788,0.000388,0.7222,1.0835,broker
sanitario,7,-1,#7f7f7f,0.0011042138794437,3,0,3,0,0.0,11.0,0.0,0.000503,0.002677,0.3333,8.5e-05,0.4444,0.0,periferico
arrastrar,7,2,#7f7f7f,0.0031540389172732,6,2,4,0,8.0,8.0,0.0,0.000418,4e-06,0.5333,8.8e-05,0.5,0.3124,broker
corriente,7,2,#7f7f7f,0.0026128077879548,6,1,5,0,5.0,10.0,0.0,0.000416,3e-06,0.4667,0.000132,0.5,0.3124,broker
comenzar,7,0,#7f7f7f,0.0038385340012609,12,4,8,0,14.0,24.0,0.0,0.000654,9e-06,0.4545,0.000491,0.7639,-0.757,broker
accidente,7,2,#7f7f7f,0.0025232669431716,7,2,5,0,8.0,13.0,0.0,0.000442,1.4e-05,0.3333,0.000134,0.7347,-0.5356,broker
evitar,7,2,#7f7f7f,0.0034776153042912,15,2,13,0,7.0,30.0,0.0,0.000788,0.003379,0.219,0.000155,0.7822,0.3124,broker
prioridad,7,1,#7f7f7f,0.0029774056747555,7,0,7,0,0.0,17.0,0.0,0.000302,0.0,0.619,0.000391,0.6939,-0.956,broker
correr,7,4,#7f7f7f,0.0018738461658358,6,2,4,0,7.0,8.0,0.0,0.000325,0.0,0.6667,0.00014,0.6667,-0.6975,broker
digital,7,3,#7f7f7f,0.0019656610675156,6,2,4,0,7.0,8.0,0.0,0.000466,0.001344,0.2,9.4e-05,0.2778,1.0835,periferico
enfermedad,7,1,#7f7f7f,0.0031049670651555,10,1,9,0,4.0,20.0,0.0,0.000472,5e-06,0.3778,0.000207,0.7,-0.0503,broker
mero,7,4,#7f7f7f,0.0014923762064427,5,2,3,0,7.0,6.0,0.0,0.00036,1e-06,0.3,0.000131,0.56,-0.1162,broker
cabildo,7,3,#7f7f7f,0.0025868739467114,3,1,2,0,4.0,4.0,0.0,0.000288,0.0,1.0,8.5e-05,0.4444,-0.3612,periferico
ordinaria,7,3,#7f7f7f,0.0021202005445957,3,1,2,0,4.0,4.0,0.0,0.000288,0.0,1.0,8.5e-05,0.4444,-0.3612,periferico
medicos,7,1,#7f7f7f,0.0014788053231313,3,2,1,0,7.0,2.0,0.0,0.000353,1e-06,0.6667,0.0,0.0,-0.0503,periferico
municipales,7,1,#7f7f7f,0.0018118800362572,5,3,2,0,10.0,4.0,0.0,0.000478,8e-06,0.4,1e-06,0.32,0.4025,periferico
vehiculo,7,2,#7f7f7f,0.0033352803438901,13,4,9,0,14.0,20.0,0.0,0.000808,0.001488,0.2308,0.0002,0.3905,2.8565,conector_provincial
solicitar,7,3,#7f7f7f,0.0016390886157751,1,1,0,0,4.0,0.0,0.0,0.000151,0.0,0.0,9.2e-05,0.0,-0.8427,periferico
banqueta,7,0,#7f7f7f,0.0045159445144236,13,5,8,0,17.0,17.0,0.0,0.000606,3e-06,0.3974,0.000322,0.5799,0.6056,broker
panuco,7,0,#7f7f7f,0.0034096702001988,7,2,5,0,7.0,10.0,0.0,0.000453,1.2e-05,0.2381,4e-06,0.7347,-1.4383,broker
registro,7,2,#7f7f7f,0.0011022631078958,3,0,3,0,0.0,8.0,0.0,0.000231,0.0,0.3333,0.00017,0.4444,-0.5356,periferico
intenso,7,1,#7f7f7f,0.0038384918589144,9,0,9,0,0.0,19.0,0.0,0.000416,8.9e-05,0.4167,0.000169,0.716,-0.0503,broker
transparencia,7,2,#7f7f7f,0.0016853904817253,2,0,2,0,0.0,5.0,0.0,0.000191,0.0,0.0,6.9e-05,0.5,-0.9596,broker
telefono,7,2,#7f7f7f,0.0011075192596763,8,1,7,0,3.0,14.0,0.0,0.000422,0.0,0.2857,5e-06,0.6562,0.3124,broker
report,7,0,#7f7f7f,0.0024671510327607,12,3,9,0,9.0,20.0,0.0,0.000567,3e-06,0.3939,0.000358,0.5833,0.265,broker
simple,7,1,#7f7f7f,0.0017065096180886,6,0,6,0,0.0,13.0,0.0,0.00035,0.0,0.3333,8.7e-05,0.6667,-0.0503,broker
ligero,7,1,#7f7f7f,0.0013163642724975,5,2,3,0,6.0,7.0,0.0,0.000392,3e-06,0.5,1e-06,0.32,0.4025,periferico
fresco,7,1,#7f7f7f,0.0010655282530933,6,2,4,0,6.0,8.0,0.0,0.000407,7e-06,0.2667,2e-06,0.6667,-0.0503,broker
reforzar,7,3,#7f7f7f,0.0019677449017763,4,1,3,0,3.0,6.0,0.0,0.000315,1e-06,0.0,3e-06,0.625,-0.3612,broker
medida,7,1,#7f7f7f,0.0016555252950638,5,0,5,0,0.0,12.0,0.0,0.000281,0.0,0.5,0.00013,0.72,-0.956,broker
liberar,7,2,#7f7f7f,0.0013945199316367,3,0,3,0,0.0,7.0,0.0,0.000212,0.0,0.6667,0.000128,0.4444,-0.9596,periferico
terrible,7,4,#7f7f7f,0.0020593241788446,1,1,0,0,3.0,0.0,0.0,0.000149,0.0,0.0,3e-06,0.0,-1.2787,periferico
prioritario,7,3,#7f7f7f,0.0016341031296178,3,0,3,0,0.0,7.0,0.0,0.000174,0.0,1.0,0.000219,0.4444,-0.8427,periferico
elemento,7,2,#7f7f7f,0.0021498308051377,3,1,2,0,3.0,4.0,0.0,0.000212,0.0,1.0,4.8e-05,0.6667,-0.9596,broker
aprobar,7,3,#7f7f7f,0.002692581154406,6,0,6,0,0.0,13.0,0.0,0.000348,0.0,0.4,0.000184,0.6111,0.1204,broker
exceso,7,1,#7f7f7f,0.0014218891737982,6,1,5,0,3.0,10.0,0.0,0.000354,1e-06,0.3333,8.6e-05,0.6667,-0.0503,broker
perdida,7,1,#7f7f7f,0.0021434442605823,5,0,5,0,0.0,11.0,0.0,0.000346,2.4e-05,0.3,0.000127,0.56,-0.0503,broker
sombra,7,1,#7f7f7f,0.0012513134861364,3,1,2,0,3.0,4.0,0.0,0.000209,0.0,0.6667,8.1e-05,0.6667,-0.956,broker
inundado,7,2,#7f7f7f,0.0010477679315954,3,0,3,0,0.0,7.0,0.0,0.000207,0.0,1.0,7.1e-05,0.6667,-0.9596,broker
rama,7,0,#7f7f7f,0.0019806639757007,7,2,5,0,6.0,10.0,0.0,0.000353,0.0,0.381,5.9e-05,0.4082,-0.4164,periferico
reparar,7,2,#7f7f7f,0.0024040082935243,3,1,2,0,3.0,5.0,0.0,0.000242,0.0,0.3333,4e-06,0.6667,-0.9596,broker
pesado,7,0,#7f7f7f,0.0015755381900817,5,3,2,0,9.0,4.0,0.0,0.000291,0.0,0.7,8.8e-05,0.32,-0.757,periferico
gobernar,7,2,#7f7f7f,0.0015912227099761,5,1,4,0,3.0,8.0,0.0,0.000336,0.0,0.3,2e-06,0.64,-0.5356,broker
morir,7,2,#7f7f7f,0.0048485086299479,7,2,5,0,6.0,12.0,0.0,0.00046,1.4e-05,0.381,7.2e-05,0.6939,-0.1116,broker
directora,7,3,#7f7f7f,0.0010105133987963,1,1,0,0,3.0,0.0,0.0,0.00018,0.0,0.0,0.0,0.0,-0.8427,periferico
barrido,7,4,#7f7f7f,0.0015648176195099,4,0,4,0,0.0,8.0,0.0,0.000193,0.0,0.8333,0.000211,0.625,-0.6975,broker
levantar,7,0,#7f7f7f,0.0018921203445643,6,0,6,0,0.0,12.0,0.0,0.000259,0.0,0.7333,0.000222,0.5,-0.757,broker
menor,7,3,#7f7f7f,0.0011092427885159,2,0,2,0,0.0,4.0,0.0,0.00016,0.0,1.0,4.7e-05,0.0,-0.3612,periferico
cinico,7,4,#7f7f7f,0.0021566923242062,2,0,2,0,0.0,4.0,0.0,0.00018,0.0,1.0,2e-06,0.0,-0.6975,periferico
seco,7,1,#7f7f7f,0.0010090087307617,4,0,4,0,0.0,8.0,0.0,0.000299,3e-06,0.1667,3e-06,0.625,-0.5032,broker
confusion,7,1,#7f7f7f,0.0013585488777607,2,0,2,0,0.0,4.0,0.0,0.000183,0.0,0.0,8e-05,0.5,-0.956,broker
formacion,7,3,#7f7f7f,0.0016751672374084,2,0,2,0,0.0,4.0,0.0,0.000179,0.0,0.0,8.5e-05,0.5,-0.8427,broker
acudir,7,1,#7f7f7f,0.0021205109078437,6,0,6,0,0.0,12.0,0.0,0.000303,0.0,0.6,0.000133,0.6111,-0.0503,broker
cities,7,4,#7f7f7f,0.0011039471719413,3,0,3,0,0.0,6.0,0.0,0.000178,0.0,0.6667,8.7e-05,0.4444,-0.6975,periferico
dolor,7,1,#7f7f7f,0.001575362519361,1,0,1,0,0.0,2.0,0.0,0.000156,0.0,0.0,0.0,0.0,-0.956,periferico
automovil,7,2,#7f7f7f,0.0014812783338129,6,0,6,0,0.0,12.0,0.0,0.000354,0.0,0.4,2e-06,0.4444,0.3124,periferico
vigilancia,7,2,#7f7f7f,0.0031326489988714,3,0,3,0,0.0,6.0,0.0,0.00024,0.0,0.0,1e-06,0.0,-0.1116,periferico
reportar,7,2,#7f7f7f,0.0031448299996554,7,0,7,0,0.0,14.0,0.0,0.000464,6e-06,0.0952,8e-05,0.449,0.7364,periferico
autoridades,7,2,#7f7f7f,0.0011436846107244,2,0,2,0,0.0,4.0,0.0,0.000197,0.0,1.0,1e-06,0.0,-0.5356,periferico
roma,7,3,#7f7f7f,0.0020347412209957,2,0,2,0,0.0,4.0,0.0,0.000158,0.0,1.0,4.7e-05,0.5,-0.8427,broker
civil,0,0,#1f77b4,0.027978092432022,56,9,46,1,191.0,185.0,24.0,0.003628,0.010056,0.2084,0.005384,0.8323,2.1972,broker
proteccion,0,0,#1f77b4,0.029799522832036,61,8,52,1,172.0,205.0,27.0,0.003698,0.027127,0.2142,0.005788,0.831,1.7496,broker
obras,0,2,#1f77b4,0.0067830411717295,21,7,13,1,68.0,34.0,29.0,0.001243,0.002674,0.4619,0.000766,0.78,1.0192,broker
publicas,0,2,#1f77b4,0.0072349435649812,25,6,18,1,61.0,49.0,29.0,0.001327,0.001343,0.3933,0.000746,0.784,1.3679,broker
cuida,0,0,#1f77b4,0.008793082088232,17,5,11,1,76.0,27.0,20.0,0.001038,4.3e-05,0.4926,0.003836,0.7612,-0.0407,broker
lluvia,0,1,#1f77b4,0.013984315097332,37,12,25,0,81.0,70.0,0.0,0.001835,0.012817,0.2703,0.000289,0.6647,3.0032,conector_provincial
temporada,0,1,#1f77b4,0.0055111488327383,17,7,10,0,46.0,30.0,0.0,0.000866,7.3e-05,0.5147,0.000141,0.7336,0.3533,broker
abril,0,3,#1f77b4,0.0087328432127833,23,3,20,0,28.0,63.0,0.0,0.000984,0.00133,0.4387,0.000279,0.7864,1.2374,broker
fiestas,0,3,#1f77b4,0.005359451752156,17,2,15,0,24.0,37.0,0.0,0.000681,0.0,0.5074,0.000152,0.7751,0.5235,broker
proteccionciviltampico,0,0,#1f77b4,0.0076051838696002,7,5,1,1,96.0,2.0,19.0,0.000902,0.0,0.7619,0.003653,0.449,-0.0407,periferico
tampicosomostodos,0,0,#1f77b4,0.0076066888868808,8,4,3,1,78.0,6.0,19.0,0.000815,0.0,0.6786,0.003584,0.6875,-0.4883,broker
bomberostampico,0,0,#1f77b4,0.0076071666553616,8,3,4,1,58.0,9.0,19.0,0.000686,0.0,0.5714,0.003466,0.75,-0.9359,broker
bomberos,0,0,#1f77b4,0.0089529734104871,20,4,16,0,40.0,56.0,0.0,0.000962,1e-06,0.4842,0.000437,0.81,-0.0407,broker
seguridad,0,3,#1f77b4,0.0098623326048254,47,9,35,3,58.0,143.0,64.0,0.002537,0.020879,0.2488,0.010251,0.7868,2.6652,conector_provincial
prevencion,0,3,#1f77b4,0.0054816212505102,26,3,23,0,28.0,78.0,0.0,0.001121,0.003755,0.4,0.000433,0.787,0.5235,broker
direccion,0,2,#1f77b4,0.0078590810298919,33,8,23,2,45.0,104.0,45.0,0.001808,0.008516,0.3258,0.022155,0.7952,1.7166,broker
zona,0,1,#1f77b4,0.0099802231416106,56,12,41,3,65.0,132.0,78.0,0.003147,0.180741,0.2058,0.002616,0.7902,3.4449,conector_provincial
antonio,0,5,#1f77b4,0.0044087301939725,14,4,10,0,35.0,27.0,0.0,0.000705,1e-06,0.5275,5.9e-05,0.7143,0.7071,broker
jose,0,5,#1f77b4,0.0048183579929172,16,5,11,0,36.0,33.0,0.0,0.000766,2.1e-05,0.5083,0.000136,0.75,1.4142,broker
marin,0,5,#1f77b4,0.0048177680000662,12,4,8,0,33.0,21.0,0.0,0.000635,6e-06,0.5455,4.8e-05,0.75,0.0,broker
emergencia,0,0,#1f77b4,0.0083791865035891,22,4,18,0,28.0,50.0,0.0,0.000853,0.001319,0.3896,0.00018,0.7727,-0.0407,broker
recorrido,0,1,#1f77b4,0.0088878348469734,28,6,22,0,30.0,62.0,0.0,0.001139,0.00331,0.2831,0.000224,0.7934,0.5742,broker
personal,0,2,#1f77b4,0.0061725480481982,34,5,29,0,28.0,81.0,0.0,0.001261,0.001255,0.2977,0.000188,0.7872,1.0192,broker
garantizar,0,3,#1f77b4,0.0040467879734933,16,2,14,0,12.0,38.0,0.0,0.000583,1e-06,0.5333,0.000182,0.6953,0.5235,broker
flores,0,5,#1f77b4,0.0036136538255959,8,4,4,0,28.0,12.0,0.0,0.000472,0.0,0.7857,5e-05,0.625,0.0,broker
estatal,0,3,#1f77b4,0.0031678131781518,16,4,12,0,22.0,51.0,0.0,0.000831,0.004819,0.4667,0.000241,0.7969,0.1666,broker
operativo,0,4,#1f77b4,0.004499427974224,16,6,10,0,19.0,33.0,0.0,0.000769,0.004,0.325,3.8e-05,0.6953,1.4888,broker
director,0,5,#1f77b4,0.0028286532033234,11,4,7,0,17.0,28.0,0.0,0.000522,1e-06,0.5818,9.6e-05,0.6777,0.7071,broker
cabo,0,2,#1f77b4,0.0066041820682585,37,5,32,0,26.0,97.0,0.0,0.001393,0.003913,0.3168,0.000235,0.8064,0.3219,broker
autoridad,0,3,#1f77b4,0.0040754824876785,22,4,18,0,17.0,63.0,0.0,0.000915,0.001209,0.4459,0.000247,0.8099,0.1666,broker
riesgo,0,1,#1f77b4,0.0055690924637019,27,7,20,0,35.0,53.0,0.0,0.001048,0.00285,0.3932,0.000124,0.7215,1.4575,broker
transito,0,2,#1f77b4,0.0038256861735135,9,1,8,0,7.0,27.0,0.0,0.000388,0.0,0.9167,0.000261,0.6914,-1.0729,broker
simulacro,0,4,#1f77b4,0.0053246212191879,18,3,15,0,15.0,32.0,0.0,0.000614,1.8e-05,0.3137,7.2e-05,0.7469,0.9734,broker
sistema,0,4,#1f77b4,0.003109440440312,13,4,9,0,19.0,19.0,0.0,0.000512,1.3e-05,0.4487,2.4e-05,0.6272,1.4888,broker
sedena,0,4,#1f77b4,0.0024217367172241,7,0,7,0,0.0,22.0,0.0,0.000294,0.0,0.6667,7.4e-05,0.7347,-1.0879,broker
situacion,0,1,#1f77b4,0.0024366553407162,16,4,12,0,18.0,28.0,0.0,0.0006,0.001301,0.45,5e-05,0.6797,0.3533,broker
moscu,0,4,#1f77b4,0.0027898349799215,5,1,4,0,6.0,9.0,0.0,0.000297,2.2e-05,0.6,1e-06,0.56,-0.5726,broker
vicente,0,4,#1f77b4,0.0022318039555102,8,1,7,0,6.0,14.0,0.0,0.000364,2e-06,0.3929,2e-06,0.5625,0.4581,broker
transitar,0,1,#1f77b4,0.0023011842276901,8,2,6,0,9.0,14.0,0.0,0.000323,0.0,0.7857,4.2e-05,0.6562,-0.53,broker
tormenta,0,1,#1f77b4,0.003107366617769,10,5,5,0,20.0,10.0,0.0,0.000429,0.0,0.5778,2.4e-05,0.32,0.5742,periferico
indicacion,0,4,#1f77b4,0.0060686552897095,18,2,16,0,6.0,44.0,0.0,0.000601,3e-06,0.4575,0.000112,0.7901,-0.0573,broker
rio,0,4,#1f77b4,0.0031860140152275,13,2,11,0,11.0,24.0,0.0,0.000473,4e-06,0.5,2.3e-05,0.7337,0.4581,broker
hidalgo,0,2,#1f77b4,0.003424989292398,10,4,6,0,12.0,15.0,0.0,0.000375,0.0,0.5111,6.1e-05,0.64,-0.0268,broker
asistente,0,3,#1f77b4,0.0024072313681244,7,1,6,0,5.0,18.0,0.0,0.0003,0.0,0.8095,0.000108,0.6939,-0.5473,broker
poblacion,0,1,#1f77b4,0.0029399381019175,15,2,13,0,6.0,31.0,0.0,0.000513,2.1e-05,0.419,0.00014,0.7467,0.1325,broker
electrico,0,1,#1f77b4,0.002702979138121,9,2,7,0,8.0,17.0,0.0,0.000412,3e-06,0.3889,2e-05,0.5185,0.1325,broker
pequeno,0,4,#1f77b4,0.0024873404763638,12,2,10,0,6.0,26.0,0.0,0.000405,0.0,0.5758,0.000148,0.7778,-1.0879,broker
preparado,0,1,#1f77b4,0.0032019081991165,13,1,12,0,3.0,30.0,0.0,0.000395,0.0,0.5,8.5e-05,0.6982,-0.53,broker
rapido,0,1,#1f77b4,0.0017418392235413,8,1,7,0,5.0,14.0,0.0,0.000281,0.0,0.6429,6.7e-05,0.6562,-0.53,broker
huracan,0,1,#1f77b4,0.0020313537679612,8,5,3,0,20.0,6.0,0.0,0.000355,0.0,0.8214,4.3e-05,0.4688,-0.0883,periferico
objetivo,0,1,#1f77b4,0.0037161472719162,12,2,10,0,9.0,24.0,0.0,0.000452,0.0,0.6061,5e-05,0.6944,-0.0883,broker
recomendacion,0,2,#1f77b4,0.0014733927091583,7,1,6,0,5.0,13.0,0.0,0.000265,0.0,0.6667,0.00013,0.6531,-1.0729,broker
registrado,0,1,#1f77b4,0.001415753387846,8,1,7,0,5.0,14.0,0.0,0.000393,0.001335,0.4286,1.3e-05,0.6562,-0.3092,broker
preventivo,0,1,#1f77b4,0.0028348355554044,12,2,10,0,7.0,24.0,0.0,0.000396,0.0,0.6667,0.000118,0.7778,-0.3092,broker
asfaltico,0,2,#1f77b4,0.0019091012654826,9,4,5,0,13.0,11.0,0.0,0.000329,0.0,0.7778,3e-05,0.6173,-0.0268,broker
traslado,0,2,#1f77b4,0.0027534249238669,5,0,5,0,0.0,13.0,0.0,0.000203,0.0,1.0,9.1e-05,0.48,-0.7242,periferico
gerardo,0,0,#1f77b4,0.0012261886149644,5,3,2,0,10.0,5.0,0.0,0.000244,0.0,0.7,4.2e-05,0.56,-0.9359,broker
fuente,0,0,#1f77b4,0.0019685854203999,5,3,2,0,11.0,4.0,0.0,0.000243,0.0,0.8,4.8e-05,0.32,-0.4883,periferico
velocidad,0,1,#1f77b4,0.0015747566940262,5,1,4,0,4.0,8.0,0.0,0.00023,0.0,0.7,3.6e-05,0.64,-0.7508,broker
circuito,0,1,#1f77b4,0.0016221669502556,5,1,4,0,4.0,8.0,0.0,0.000323,0.0,0.6,1e-06,0.32,-0.3092,periferico
corto,0,1,#1f77b4,0.00162175798323,7,1,6,0,4.0,12.0,0.0,0.000388,9e-06,0.381,1e-06,0.6122,-0.3092,broker
cfe,0,1,#1f77b4,0.0024103471077978,4,1,3,0,3.0,8.0,0.0,0.000241,0.0,0.5,6e-06,0.375,-0.53,periferico
capacidad,0,4,#1f77b4,0.0024264040403068,11,5,6,0,18.0,12.0,0.0,0.000552,1.4e-05,0.3636,1.2e-05,0.4298,2.0041,periferico
incorporar,0,4,#1f77b4,0.0013958986382931,3,2,1,0,7.0,2.0,0.0,0.000239,0.0,1.0,0.0,0.0,-0.5726,periferico
requerir,0,1,#1f77b4,0.0023806749377399,5,1,4,0,4.0,9.0,0.0,0.000231,0.0,0.6,4.5e-05,0.64,-0.7508,broker
eficiente,0,4,#1f77b4,0.0015944977058097,5,2,3,0,7.0,7.0,0.0,0.00031,0.0,0.8,1e-06,0.32,-0.0573,periferico
supervision,0,3,#1f77b4,0.0025525307282805,11,1,10,0,3.0,23.0,0.0,0.000346,0.0,0.6545,6.5e-05,0.6281,0.1666,broker
colaboracion,0,5,#1f77b4,0.0026748187374323,12,1,11,0,3.0,26.0,0.0,0.000385,0.0,0.6364,7e-05,0.8333,-1.4142,broker
ferial,0,3,#1f77b4,0.0015591523842886,5,1,4,0,3.0,9.0,0.0,0.000216,0.0,0.8,8e-06,0.64,-0.9042,broker
recorrer,0,1,#1f77b4,0.001288630766794,5,1,4,0,3.0,8.0,0.0,0.000207,0.0,0.9,2.9e-05,0.64,-0.7508,broker
vehicular,0,2,#1f77b4,0.0016880414914339,1,1,0,0,3.0,0.0,0.0,0.000124,0.0,0.0,7e-05,0.0,-1.4216,periferico
ayuntamiento,0,2,#1f77b4,0.0027004424482584,11,4,7,0,12.0,15.0,0.0,0.000405,4e-06,0.5455,8.7e-05,0.6446,-0.0268,broker
respuesta,0,4,#1f77b4,0.0032666991464793,15,1,14,0,3.0,35.0,0.0,0.000605,0.001341,0.381,5e-05,0.7556,-0.0573,broker
luminaria,0,3,#1f77b4,0.001295325346291,1,1,0,0,3.0,0.0,0.0,0.000125,0.0,0.0,3.2e-05,0.0,-1.2612,periferico
feria,0,3,#1f77b4,0.0034288594033569,9,1,8,0,3.0,18.0,0.0,0.000288,0.0,0.5278,4.6e-05,0.6667,-0.5473,broker
voluntario,0,4,#1f77b4,0.0016735615208745,5,0,5,0,0.0,11.0,0.0,0.000213,0.0,0.6,1.3e-05,0.64,-1.0879,broker
madrugada,0,1,#1f77b4,0.0027267010882496,7,1,6,0,3.0,14.0,0.0,0.000288,0.0,0.619,4.3e-05,0.4898,-0.3092,periferico
espanol,0,-1,#1f77b4,0.0012308998266234,4,0,4,0,0.0,9.0,0.0,0.000207,0.0,0.8333,6e-06,0.625,0.0,broker
visita,0,3,#1f77b4,0.0012401669519022,8,1,7,0,3.0,15.0,0.0,0.000304,0.0,0.5714,2.9e-05,0.7812,-0.9042,broker
ejercicio,0,4,#1f77b4,0.0021667648106813,8,3,5,0,9.0,13.0,0.0,0.000393,0.001202,0.6071,3.1e-05,0.625,-0.0573,broker
afectar,0,1,#1f77b4,0.00201086839661,6,1,5,0,3.0,10.0,0.0,0.00025,0.0,0.2667,2e-06,0.2778,-0.0883,periferico
finalidad,0,3,#1f77b4,0.0017603028099983,4,1,3,0,3.0,6.0,0.0,0.000176,0.0,0.8333,5.6e-05,0.5,-0.9042,broker
llamado,0,1,#1f77b4,0.0016899686306715,6,1,5,0,3.0,11.0,0.0,0.000254,0.0,0.5333,5.4e-05,0.6111,-0.53,broker
suministro,0,1,#1f77b4,0.00166776496917,4,3,1,0,9.0,2.0,0.0,0.000249,0.0,0.6667,6e-06,0.0,-0.3092,periferico
hogar,0,2,#1f77b4,0.0013566636480391,6,0,6,0,0.0,14.0,0.0,0.000239,0.0,0.7333,7.7e-05,0.7222,-1.0729,broker
afectacion,0,1,#1f77b4,0.0014825435355305,3,1,2,0,3.0,4.0,0.0,0.000187,0.0,0.3333,1e-06,0.4444,-0.7508,periferico
cascajal,0,5,#1f77b4,0.0013836339348927,5,0,5,0,0.0,11.0,0.0,0.000204,0.0,0.8,2.1e-05,0.64,-1.4142,broker
dependencia,0,4,#1f77b4,0.0023793019354343,13,3,10,0,9.0,21.0,0.0,0.000463,0.0,0.5,3.2e-05,0.7456,0.4581,broker
evidencia,0,4,#1f77b4,0.0012201721547171,2,1,1,0,3.0,2.0,0.0,0.000171,0.0,1.0,0.0,0.0,-1.0879,periferico
necesario,0,3,#1f77b4,0.0027735703624784,5,0,5,0,0.0,10.0,0.0,0.00019,0.0,0.8,3.1e-05,0.64,-0.9042,broker
lluvias,0,1,#1f77b4,0.0018951756646856,4,0,4,0,0.0,8.0,0.0,0.000198,0.0,0.5,2.2e-05,0.375,-0.53,periferico
enviar,0,4,#1f77b4,0.0012796577066183,1,0,1,0,0.0,2.0,0.0,0.000128,0.0,0.0,0.0,0.0,-1.6033,periferico
incansable,0,1,#1f77b4,0.0013581693638116,1,0,1,0,0.0,2.0,0.0,0.00012,0.0,0.0,5e-06,0.0,-0.9716,periferico
multiple,0,0,#1f77b4,0.0012162850471213,7,0,7,0,0.0,14.0,0.0,0.000268,0.0,0.5714,2.5e-05,0.4898,-0.9359,periferico
auxilio,0,-1,#1f77b4,0.001100200926885,3,0,3,0,0.0,6.0,0.0,0.000223,0.0,1.0,0.0,0.0,0.0,periferico
cocodrilo,0,1,#1f77b4,0.0015216403407976,3,0,3,0,0.0,6.0,0.0,0.000164,0.0,0.3333,1e-06,0.4444,-0.7508,periferico
ciudad,13,1,#ff9896,0.0112153906375169,74,9,41,24,120.0,273.0,687.0,0.00785,0.068198,0.144,0.124546,0.9076,1.8527,broker
equipo,13,3,#ff9896,0.013467407785356,44,8,34,2,60.0,199.0,48.0,0.002686,0.01415,0.2579,0.020387,0.8254,1.5762,broker
construir,13,1,#ff9896,0.0061319097876548,34,6,25,3,74.0,119.0,84.0,0.0021,0.00613,0.3102,0.021215,0.8443,0.5895,broker
reconocimiento,13,1,#ff9896,0.0029842951335012,21,5,16,0,51.0,50.0,0.0,0.000919,0.0,0.4905,0.003376,0.7347,0.5895,broker
oportunidad,13,2,#ff9896,0.0072992336936295,25,10,14,1,78.0,81.0,31.0,0.001612,0.012687,0.4667,0.010535,0.7264,1.9337,broker
internacional,13,1,#ff9896,0.0052378294058144,17,6,11,0,52.0,47.0,0.0,0.000944,0.005325,0.5074,0.00303,0.782,0.5895,broker
esfuerzo,13,2,#ff9896,0.0066860928200185,32,6,25,1,34.0,138.0,22.0,0.001632,0.002475,0.371,0.008329,0.7852,0.8109,broker
economico,13,2,#ff9896,0.0060716206207871,18,5,13,0,35.0,40.0,0.0,0.000847,0.004013,0.4771,0.001294,0.7407,0.8109,broker
futuro,13,1,#ff9896,0.0059976521879434,22,4,18,0,38.0,60.0,0.0,0.001,0.004011,0.4502,0.002374,0.7769,0.1684,broker
importante,13,0,#ff9896,0.0066334791481494,38,8,30,0,47.0,159.0,0.0,0.002014,0.00596,0.3144,0.002857,0.8006,1.2413,broker
logro,13,1,#ff9896,0.0044329985976219,14,4,10,0,30.0,33.0,0.0,0.000603,0.0,0.5714,0.002167,0.7143,0.5895,broker
joven,13,0,#ff9896,0.0134332161396741,39,13,25,1,83.0,124.0,20.0,0.002026,0.006579,0.3077,0.008112,0.7758,1.9112,broker
pesos,13,3,#ff9896,0.0038011951837688,13,3,10,0,20.0,25.0,0.0,0.000571,0.001341,0.3718,0.000338,0.5799,1.5762,broker
copa,13,0,#ff9896,0.0038898275233805,9,4,5,0,20.0,17.0,0.0,0.0004,0.0,0.8056,0.000691,0.6173,-0.7684,broker
campeon,13,0,#ff9896,0.0054660104215145,17,7,10,0,27.0,31.0,0.0,0.000632,0.0,0.4485,0.000603,0.609,0.9063,broker
centro,13,3,#ff9896,0.0038435028400272,20,3,17,0,16.0,56.0,0.0,0.000789,1e-06,0.3684,0.001238,0.795,0.2758,broker
dedicacion,13,0,#ff9896,0.0043667061254382,15,2,13,0,8.0,41.0,0.0,0.000517,7.1e-05,0.5619,0.001123,0.6578,-0.0985,broker
generar,13,2,#ff9896,0.0043169246055185,23,5,18,0,30.0,63.0,0.0,0.00089,0.0,0.4862,0.001463,0.7864,0.4366,broker
iniciativa,13,2,#ff9896,0.0048105334863066,19,5,14,0,32.0,60.0,0.0,0.000851,0.0,0.5906,0.001391,0.7424,0.0624,broker
empresa,13,2,#ff9896,0.0016863057389855,17,5,12,0,24.0,31.0,0.0,0.000672,0.002586,0.3456,0.000791,0.6436,0.8109,broker
deportista,13,0,#ff9896,0.0044876392930746,15,6,9,0,27.0,28.0,0.0,0.000584,0.0,0.5524,0.001416,0.4356,1.2413,periferico
atleta,13,0,#ff9896,0.0022453253623098,13,4,9,0,20.0,27.0,0.0,0.000547,0.001338,0.4231,0.001435,0.6391,-0.0985,broker
disciplina,13,0,#ff9896,0.0029769151005893,15,7,8,0,35.0,29.0,0.0,0.000645,2e-06,0.5619,0.001405,0.5867,0.5714,broker
acompanar,13,0,#ff9896,0.0048262141644954,23,6,17,0,31.0,51.0,0.0,0.000827,1e-06,0.4466,0.001141,0.7524,0.5714,broker
entrega,13,3,#ff9896,0.0045044189319014,17,3,14,0,16.0,47.0,0.0,0.000658,4e-06,0.5294,0.001178,0.699,0.2758,broker
liderazgo,13,5,#ff9896,0.0027935241814702,15,4,11,0,17.0,39.0,0.0,0.000632,4e-06,0.419,0.00108,0.72,1.8906,broker
emocional,13,0,#ff9896,0.0028342285659164,8,4,4,0,22.0,11.0,0.0,0.000369,0.0,0.8571,0.00015,0.6562,-1.1034,broker
grupo,13,3,#ff9896,0.0026167777832597,7,4,3,0,20.0,6.0,0.0,0.000336,0.0,0.8095,0.000188,0.449,0.2758,periferico
directamente,13,3,#ff9896,0.0021361976396292,10,1,9,0,5.0,24.0,0.0,0.000363,0.0,0.4889,0.001115,0.74,-0.1576,broker
alto,13,0,#ff9896,0.0052963197231292,22,7,15,0,27.0,46.0,0.0,0.000761,2e-06,0.4719,0.001262,0.7231,0.9063,broker
lograr,13,2,#ff9896,0.0022502995561808,12,1,11,0,5.0,35.0,0.0,0.000442,0.0,0.5455,0.001188,0.7639,-0.6862,broker
juventud,13,0,#ff9896,0.0018859092378988,14,5,9,0,22.0,21.0,0.0,0.00046,0.0,0.6484,0.000186,0.6735,-0.0985,broker
realizamos,13,1,#ff9896,0.0011235865531489,5,2,3,0,9.0,8.0,0.0,0.000216,0.0,1.0,0.00091,0.56,-0.6737,broker
dif,13,3,#ff9896,0.001920704380609,10,3,7,0,14.0,17.0,0.0,0.000383,0.0,0.6222,0.000156,0.58,0.7093,broker
erasmo,13,1,#ff9896,0.0010272699873894,2,1,1,0,6.0,2.0,0.0,0.000157,0.0,1.0,0.000787,0.5,-1.5159,broker
corazon,13,2,#ff9896,0.0031493797432631,10,2,8,0,6.0,33.0,0.0,0.000429,1e-06,0.6444,0.000988,0.76,-1.0604,broker
marca,13,2,#ff9896,0.0027363684494048,8,6,2,0,26.0,8.0,0.0,0.000371,0.0,0.9643,0.000916,0.4062,0.0624,periferico
tampiquenos,13,5,#ff9896,0.0022506276145577,9,1,8,0,4.0,22.0,0.0,0.000305,2e-06,0.8611,0.000494,0.7654,-0.8955,broker
bolsa,13,3,#ff9896,0.0010848018573597,4,2,2,0,10.0,6.0,0.0,0.00023,0.0,0.8333,0.000659,0.625,-1.0245,broker
competencia,13,5,#ff9896,0.0038006042595952,12,4,8,0,17.0,24.0,0.0,0.000504,0.001331,0.4697,0.000594,0.6528,1.8906,broker
nuevamente,13,4,#ff9896,0.0013627451844513,7,2,5,0,8.0,10.0,0.0,0.000339,4e-06,0.381,0.000309,0.5714,0.6499,broker
policia,13,4,#ff9896,0.0031880501192063,11,3,8,0,12.0,19.0,0.0,0.000563,3.1e-05,0.1636,3.2e-05,0.7107,1.3463,broker
aeropuerto,13,4,#ff9896,0.0025487849488854,9,1,8,0,3.0,22.0,0.0,0.000379,0.0,0.3333,0.000538,0.716,-0.0464,broker
denuncia,13,4,#ff9896,0.0010302971350029,9,3,6,0,11.0,12.0,0.0,0.00041,3e-06,0.2778,0.000313,0.6173,1.3463,broker
denunciar,13,4,#ff9896,0.0021529116202145,6,2,4,0,9.0,9.0,0.0,0.000349,0.0,0.4,9e-06,0.5,0.6499,broker
conectividad,13,1,#ff9896,0.0017073444323614,2,2,0,0,10.0,0.0,0.0,0.000172,0.0,1.0,0.00067,0.0,-1.0948,periferico
ceremonia,13,0,#ff9896,0.0040213479660451,9,2,7,0,8.0,19.0,0.0,0.000322,0.0,0.7778,0.000737,0.716,-1.1034,broker
elpuntoes,13,-1,#ff9896,0.0033837927039712,3,0,3,0,0.0,9.0,0.0,0.000682,0.002678,0.0,3e-06,0.4444,1.4142,periferico
josue,13,-1,#ff9896,0.0017027868889272,1,0,1,0,0.0,5.0,0.0,0.000413,0.0,0.0,0.0,0.0,-0.7071,periferico
fortalecimiento,13,5,#ff9896,0.0017498581437394,11,2,9,0,8.0,24.0,0.0,0.000412,0.0,0.3818,0.000197,0.7438,1.194,broker
comunicacion,13,4,#ff9896,0.0016410342650488,6,2,4,0,7.0,11.0,0.0,0.000305,1e-06,0.4,0.0007,0.5,0.6499,broker
demostrar,13,0,#ff9896,0.0029497183859348,10,4,6,0,14.0,18.0,0.0,0.000365,0.0,0.7111,0.000691,0.64,-0.7684,broker
celular,13,4,#ff9896,0.0024077829439193,9,3,6,0,10.0,15.0,0.0,0.000418,4e-06,0.2222,0.000123,0.6173,1.3463,broker
presencia,13,4,#ff9896,0.0021241945214569,4,1,3,0,3.0,8.0,0.0,0.00022,1e-06,0.3333,1.7e-05,0.625,-0.7428,broker
profesional,13,5,#ff9896,0.0024434791412204,12,3,9,0,11.0,19.0,0.0,0.000357,0.0,0.6667,0.000415,0.75,0.4975,broker
reciente,13,1,#ff9896,0.0017132239881902,4,1,3,0,4.0,7.0,0.0,0.000202,0.0,0.5,0.000532,0.625,-1.0948,broker
orgullosamente,13,2,#ff9896,0.0019672242924571,2,1,1,0,4.0,2.0,0.0,0.000142,0.0,1.0,0.000306,0.5,-1.809,broker
conade,13,0,#ff9896,0.002068901900202,6,3,3,0,10.0,6.0,0.0,0.000285,0.0,0.5333,3.6e-05,0.0,-0.4335,periferico
olimpiada,13,0,#ff9896,0.0015095522394403,3,2,1,0,7.0,2.0,0.0,0.000209,0.0,0.6667,6e-06,0.0,-1.4383,periferico
continuo,13,5,#ff9896,0.0016913270810618,4,1,3,0,4.0,7.0,0.0,0.00023,1e-06,0.5,5e-06,0.375,0.4975,periferico
hombre,13,5,#ff9896,0.002065792446956,9,0,9,0,0.0,21.0,0.0,0.000403,0.00134,0.1944,0.00041,0.7654,-0.199,broker
santa,13,3,#ff9896,0.0022390619851648,7,1,5,1,3.0,12.0,21.0,0.000621,2e-05,0.3333,8e-05,0.8163,-1.0245,broker
fruta,13,4,#ff9896,0.0016106518451124,5,2,3,0,6.0,6.0,0.0,0.000265,2e-06,0.2,0.000268,0.48,-0.0464,periferico
protocolo,13,4,#ff9896,0.0021319554653018,5,2,3,0,6.0,6.0,0.0,0.000267,1e-06,0.5,0.000306,0.56,-0.0464,broker
banco,13,5,#ff9896,0.0020196046680212,3,1,2,0,3.0,4.0,0.0,0.000607,0.002678,0.0,6e-06,0.4444,-0.199,periferico
opcion,13,5,#ff9896,0.0011401282390579,1,1,0,0,3.0,0.0,0.0,0.000318,0.0,0.0,0.0,0.0,-0.8955,periferico
primario,13,3,#ff9896,0.001192070543766,3,0,3,0,0.0,7.0,0.0,0.000161,0.0,0.6667,5.4e-05,0.4444,-1.458,periferico
base,13,4,#ff9896,0.0021369312889873,8,0,8,0,0.0,17.0,0.0,0.000259,0.0,0.6071,8.3e-05,0.7188,-1.4391,broker
beca,13,3,#ff9896,0.0012932226527482,2,2,0,0,6.0,0.0,0.0,0.000159,0.0,0.0,5e-06,0.0,-1.0245,periferico
superior,13,0,#ff9896,0.0011007228167727,6,2,4,0,6.0,10.0,0.0,0.000224,0.0,0.9333,0.000494,0.6111,-1.4383,broker
real,13,2,#ff9896,0.0023828260600566,9,1,8,0,3.0,17.0,0.0,0.000286,0.0,0.6389,0.000144,0.6173,-0.3119,broker
meta,13,2,#ff9896,0.0012821872951462,5,1,4,0,3.0,9.0,0.0,0.000206,0.0,0.7,5.7e-05,0.48,-1.0604,periferico
responder,13,4,#ff9896,0.0015237578190863,6,1,5,0,3.0,11.0,0.0,0.000288,1e-06,0.3333,0.000401,0.6111,-0.0464,broker
desempeno,13,5,#ff9896,0.0019875317811965,6,1,5,0,3.0,11.0,0.0,0.000227,0.0,0.4667,4e-05,0.6111,-0.199,broker
rojo,13,5,#ff9896,0.0015870520146563,5,0,5,0,0.0,10.0,0.0,0.000306,0.00134,0.4,0.000281,0.72,-0.8955,broker
activo,13,4,#ff9896,0.0013521575601771,4,0,4,0,0.0,8.0,0.0,0.000209,0.0,0.5,4.6e-05,0.625,-0.7428,broker
mostrar,13,4,#ff9896,0.0010989840375259,4,0,4,0,0.0,8.0,0.0,0.000208,0.0,0.1667,5e-06,0.625,-0.7428,broker
fan,13,5,#ff9896,0.0016582346288487,1,0,1,0,0.0,2.0,0.0,0.000245,0.0,0.0,0.0,0.0,-0.8955,periferico
almomento,13,5,#ff9896,0.0017109751934185,1,0,1,0,0.0,2.0,0.0,0.000152,0.0,0.0,1e-06,0.0,-0.8955,periferico
movilizar,13,5,#ff9896,0.0012878808192908,1,0,1,0,0.0,2.0,0.0,0.000133,0.0,0.0,1e-06,0.0,-0.8955,periferico
diputado,13,-1,#ff9896,0.0012850860366597,1,0,1,0,0.0,2.0,0.0,0.000226,0.0,0.0,0.0,0.0,-0.7071,periferico
llegada,13,4,#ff9896,0.0013556028716266,1,0,1,0,0.0,2.0,0.0,0.000118,0.0,0.0,5e-06,0.0,-2.1355,periferico
gracias,8,0,#bcbd22,0.0178456697613,65,16,40,9,260.0,253.0,336.0,0.005306,0.02162,0.2082,0.143272,0.8156,1.6214,broker
presidenta,8,0,#bcbd22,0.0239409357309341,102,22,53,27,446.0,300.0,1316.0,0.012419,0.289841,0.1291,0.346729,0.8739,2.2941,broker
felicidad,8,0,#bcbd22,0.0178075172007083,54,17,32,5,218.0,144.0,132.0,0.003177,0.006607,0.2586,0.071295,0.7791,1.6214,broker
nina,8,1,#bcbd22,0.0105964643880724,26,13,13,0,116.0,57.0,0.0,0.001236,9.8e-05,0.4769,0.008473,0.6006,1.5302,broker
nino,8,1,#bcbd22,0.0220497082918882,43,15,25,3,171.0,140.0,71.0,0.002644,0.010954,0.3256,0.03123,0.7409,1.9925,broker
alcaldesa,8,0,#bcbd22,0.0102005507797002,47,15,26,6,196.0,95.0,292.0,0.003339,0.0,0.3099,0.133842,0.7506,1.6214,broker
felicidades,8,0,#bcbd22,0.0152729023247957,46,14,29,3,185.0,101.0,84.0,0.002319,0.005264,0.313,0.057029,0.7363,1.4532,broker
lic,8,0,#bcbd22,0.006780482828617,24,12,9,3,94.0,23.0,108.0,0.001297,0.0,0.5036,0.060843,0.6146,0.7804,broker
ambiente,8,2,#bcbd22,0.0055363867431879,30,5,25,0,47.0,76.0,0.0,0.00103,1.3e-05,0.3747,0.005197,0.6933,1.935,broker
medio,8,2,#bcbd22,0.0060142711736261,39,13,26,0,70.0,97.0,0.0,0.001451,0.006672,0.2861,0.009666,0.6838,3.0169,conector_provincial
vivir,8,2,#bcbd22,0.0080543123185634,45,9,36,0,44.0,178.0,0.0,0.001794,0.007945,0.2808,0.014514,0.7793,1.6645,broker
hermoso,8,0,#bcbd22,0.0075777131132781,19,8,10,1,76.0,44.0,28.0,0.000947,0.0,0.6667,0.021647,0.6482,-0.0605,broker
evento,8,1,#bcbd22,0.0137263908982276,37,9,25,3,72.0,127.0,99.0,0.00186,0.005313,0.3664,0.052881,0.7085,1.7613,broker
alegria,8,1,#bcbd22,0.0072261630557477,25,7,18,0,62.0,55.0,0.0,0.000854,0.0,0.54,0.005792,0.6304,1.0678,broker
presidentar,8,0,#bcbd22,0.0026052796747535,18,6,12,0,49.0,24.0,0.0,0.000526,0.0,0.634,0.010211,0.642,-0.0605,broker
villareal,8,0,#bcbd22,0.004382824525237,10,5,3,2,41.0,6.0,39.0,0.000528,0.0,0.8889,0.024576,0.34,-0.2287,periferico
feliz,8,1,#bcbd22,0.0069443914107978,28,7,20,1,45.0,106.0,36.0,0.001357,0.001467,0.5106,0.015479,0.6658,0.3743,broker
exito,8,0,#bcbd22,0.0051937946118414,20,7,13,0,60.0,37.0,0.0,0.000667,0.0,0.5895,0.009281,0.61,0.2758,broker
bonito,8,1,#bcbd22,0.0094291632995009,38,9,27,2,61.0,119.0,44.0,0.001541,0.005365,0.3812,0.027698,0.7825,0.1431,broker
bendicion,8,0,#bcbd22,0.0035302166361361,19,8,11,0,55.0,27.0,0.0,0.000587,0.0,0.6257,0.008346,0.6482,0.1076,broker
gusto,8,4,#bcbd22,0.0046061421744525,21,1,20,0,4.0,82.0,0.0,0.000661,0.0,0.6,0.007641,0.7211,0.9113,broker
vien,8,0,#bcbd22,0.002774350810796,9,2,7,0,14.0,19.0,0.0,0.000313,0.0,0.6111,0.004554,0.5926,-0.7333,broker
enhorabuena,8,0,#bcbd22,0.0017877568025141,12,6,6,0,41.0,13.0,0.0,0.000406,0.0,0.6818,0.007401,0.4028,-0.0605,periferico
increible,8,2,#bcbd22,0.0023675141856074,18,1,17,0,8.0,56.0,0.0,0.000503,0.0,0.6601,0.006003,0.6235,-0.7698,broker
crear,8,4,#bcbd22,0.0021850536577403,12,1,11,0,3.0,36.0,0.0,0.000417,0.0,0.4545,0.004237,0.7639,0.1302,broker
sigar,8,0,#bcbd22,0.0018551392713561,10,2,8,0,16.0,17.0,0.0,0.000307,0.0,0.5556,0.004721,0.64,-0.7333,broker
super,8,0,#bcbd22,0.0021092116367071,18,6,12,0,32.0,31.0,0.0,0.000474,0.0,0.6144,0.006545,0.6173,0.1076,broker
festejo,8,1,#bcbd22,0.0037782911676913,16,3,13,0,20.0,32.0,0.0,0.000428,0.0,0.7083,0.003009,0.6016,0.1431,broker
bello,8,0,#bcbd22,0.0029718440491706,14,6,8,0,30.0,20.0,0.0,0.000392,0.0,0.8022,0.005579,0.5,-0.0605,periferico
lleno,8,1,#bcbd22,0.0059573240578174,27,10,17,0,49.0,57.0,0.0,0.000873,0.001341,0.4416,0.005811,0.7325,0.3743,broker
mercado,8,4,#bcbd22,0.0039012643974274,19,5,14,0,20.0,48.0,0.0,0.000598,0.001332,0.5556,0.005215,0.7368,1.6925,broker
animal,8,2,#bcbd22,0.0030482830479741,9,3,6,0,15.0,14.0,0.0,0.000395,0.001326,0.4444,0.000909,0.6667,-0.2289,broker
mascota,8,2,#bcbd22,0.0031912536360323,10,4,6,0,18.0,15.0,0.0,0.000416,1.6e-05,0.5556,0.001372,0.54,0.3121,broker
tarde,8,1,#bcbd22,0.0033393464982509,18,6,12,0,27.0,41.0,0.0,0.000576,1e-06,0.5621,0.004094,0.6235,0.3743,broker
regalo,8,1,#bcbd22,0.0032011445146054,12,2,10,0,11.0,23.0,0.0,0.000322,0.0,0.6667,0.00215,0.375,0.1431,periferico
puerto,8,0,#bcbd22,0.0026082640979439,9,6,3,0,27.0,6.0,0.0,0.000309,0.0,0.6389,0.004524,0.1975,-0.2287,periferico
ecologia,8,2,#bcbd22,0.0018466286128386,15,0,15,0,0.0,40.0,0.0,0.000384,0.0,0.6,0.004298,0.6044,0.3121,broker
diversion,8,1,#bcbd22,0.0029987781308591,15,8,7,0,31.0,17.0,0.0,0.000425,0.0,0.6381,0.002336,0.5067,0.3743,broker
aniversario,8,4,#bcbd22,0.0030924116726964,11,2,9,0,9.0,22.0,0.0,0.000345,0.0,0.5091,0.001727,0.6777,0.1302,broker
fundacion,8,4,#bcbd22,0.0013412376865744,5,1,4,0,6.0,10.0,0.0,0.000225,0.0,0.9,0.001053,0.64,-0.6509,broker
premio,8,2,#bcbd22,0.0029668700881302,10,3,7,0,11.0,20.0,0.0,0.000296,0.0,0.8444,0.003206,0.58,-0.2289,broker
instituto,8,2,#bcbd22,0.0027174120768904,12,3,9,0,11.0,31.0,0.0,0.00044,0.0,0.4848,0.00292,0.6528,0.0416,broker
ecologico,8,2,#bcbd22,0.0023871092125773,11,4,7,0,15.0,14.0,0.0,0.000402,1e-06,0.5091,0.000228,0.1653,1.394,periferico
merito,8,2,#bcbd22,0.0023862954694777,9,2,7,0,9.0,14.0,0.0,0.000337,0.0,0.5833,0.000482,0.3457,0.5826,periferico
comida,8,4,#bcbd22,0.0028150333091616,10,1,9,0,5.0,19.0,0.0,0.000321,1e-06,0.5333,0.000854,0.68,1.6925,broker
nieto,8,3,#bcbd22,0.0015383376739919,8,1,7,0,4.0,19.0,0.0,0.000308,0.0,0.4286,0.002391,0.5312,-0.6742,broker
lindo,8,2,#bcbd22,0.0017708309460431,13,1,12,0,3.0,34.0,0.0,0.000355,0.0,0.5641,0.000975,0.6982,-0.2289,broker
azar,8,3,#bcbd22,0.001547341234982,5,3,2,0,11.0,5.0,0.0,0.000294,0.0,0.9,5.8e-05,0.56,0.4045,broker
favorito,8,3,#bcbd22,0.0027413079515099,9,3,6,0,13.0,17.0,0.0,0.00044,8e-06,0.5,0.00132,0.6173,2.562,conector_provincial
baile,8,1,#bcbd22,0.0031141247600317,12,3,9,0,10.0,28.0,0.0,0.000378,0.0,0.5909,0.002338,0.6528,-0.5504,broker
honor,8,0,#bcbd22,0.0017275591380894,10,4,6,0,16.0,14.0,0.0,0.000293,0.0,0.5556,0.002547,0.64,-0.7333,broker
ninez,8,1,#bcbd22,0.0015164702199399,11,4,7,0,14.0,16.0,0.0,0.000284,0.0,0.7818,0.002056,0.4628,-0.3192,periferico
auditorio,8,1,#bcbd22,0.0027708641719073,11,5,6,0,19.0,12.0,0.0,0.000328,1e-06,0.6545,0.000397,0.314,0.1431,periferico
robledo,8,4,#bcbd22,0.0012280216906219,6,1,5,0,3.0,14.0,0.0,0.000217,0.0,0.8,0.001279,0.4444,-0.6509,periferico
merecido,8,2,#bcbd22,0.0024008781183511,7,1,6,0,3.0,15.0,0.0,0.000225,0.0,0.8571,0.001271,0.4898,-0.2289,periferico
maria,8,4,#bcbd22,0.002614895813167,9,1,8,0,4.0,23.0,0.0,0.000303,0.0,0.4722,0.002333,0.6914,-0.6509,broker
sanchez,8,1,#bcbd22,0.0021968327928334,6,3,3,0,11.0,11.0,0.0,0.000243,0.0,0.8,0.001336,0.6111,-1.2439,broker
gastronomia,8,4,#bcbd22,0.0016354664694517,9,1,8,0,4.0,19.0,0.0,0.000261,0.0,0.75,0.001975,0.7407,0.1302,broker
rico,8,2,#bcbd22,0.0027182435151189,9,2,7,0,6.0,18.0,0.0,0.000289,0.0,0.5,0.001688,0.5926,-0.2289,broker
santo,8,2,#bcbd22,0.001152949174866,3,0,3,0,0.0,8.0,0.0,0.000148,0.0,1.0,0.00089,0.6667,-1.0403,broker
sorpresa,8,1,#bcbd22,0.0028463932685554,13,5,8,0,16.0,19.0,0.0,0.000395,0.0,0.5,0.001109,0.6982,-0.5504,broker
cancion,8,3,#bcbd22,0.0019157181959599,9,4,5,0,13.0,10.0,0.0,0.000365,3e-06,0.4444,0.000891,0.6914,1.4832,broker
pierdar,8,3,#bcbd22,0.0012276236666366,4,3,1,0,10.0,3.0,0.0,0.000258,0.0,1.0,5.4e-05,0.375,0.4045,periferico
guapo,8,3,#bcbd22,0.001450115814805,7,1,6,0,4.0,13.0,0.0,0.000238,0.0,0.5238,0.000355,0.7347,-0.6742,broker
felicitacion,8,0,#bcbd22,0.0027346278075128,7,4,3,0,14.0,6.0,0.0,0.000215,0.0,1.0,0.002169,0.4082,-0.7333,periferico
promocion,8,0,#bcbd22,0.0017621311126276,6,2,4,0,8.0,8.0,0.0,0.000186,0.0,0.9333,0.002608,0.5,-0.9015,broker
lucha,8,1,#bcbd22,0.0019131031585857,9,4,5,0,14.0,12.0,0.0,0.000275,0.0,0.6667,0.000774,0.4444,-0.5504,periferico
bendigar,8,0,#bcbd22,0.0017872900934889,5,3,2,0,10.0,6.0,0.0,0.000188,0.0,1.0,0.001917,0.32,-0.9015,periferico
asistir,8,2,#bcbd22,0.0022881615441292,8,1,7,0,3.0,17.0,0.0,0.000236,0.0,0.7143,0.002067,0.6562,-0.7698,broker
clase,8,2,#bcbd22,0.0015126096550375,4,1,3,0,4.0,6.0,0.0,0.000174,0.0,0.6667,0.000424,0.625,-1.0403,broker
adopcion,8,2,#bcbd22,0.0022858055308461,2,2,0,0,8.0,0.0,0.0,0.000189,0.0,1.0,1e-05,0.0,-0.7698,periferico
invitacion,8,1,#bcbd22,0.0035968893207609,9,2,7,0,6.0,17.0,0.0,0.000236,0.0,0.7778,0.001566,0.4938,-0.7816,periferico
calderon,8,3,#bcbd22,0.0012077986029908,7,1,6,0,4.0,12.0,0.0,0.000282,0.0,0.5714,0.00082,0.6939,0.4045,broker
desaparecer,8,3,#bcbd22,0.0021229279227554,7,2,5,0,7.0,12.0,0.0,0.000296,0.000664,0.4762,0.001825,0.6939,0.4045,broker
felicitar,8,2,#bcbd22,0.0014430297305807,4,0,4,0,0.0,10.0,0.0,0.00018,0.0,0.3333,0.001759,0.5,-0.7698,broker
sustentable,8,2,#bcbd22,0.0011066482402384,9,2,7,0,8.0,17.0,0.0,0.000292,0.0,0.7222,0.001965,0.4938,0.0416,periferico
categoria,8,2,#bcbd22,0.0017196697881445,6,3,3,0,11.0,6.0,0.0,0.000279,0.0,0.8,5.9e-05,0.0,0.3121,periferico
mujeres,8,0,#bcbd22,0.0012274148175492,6,2,4,0,7.0,8.0,0.0,0.000215,0.0,0.4667,0.002088,0.5,-0.9015,broker
turista,8,3,#bcbd22,0.0022275310475379,7,1,6,0,3.0,14.0,0.0,0.000253,1e-06,0.4762,0.00168,0.6122,0.4045,broker
semanasanta,8,3,#bcbd22,0.0016259050462394,6,1,5,0,3.0,10.0,0.0,0.000255,0.0,0.2,0.000117,0.7222,-0.6742,broker
divertido,8,1,#bcbd22,0.0012309295125305,3,1,2,0,3.0,4.0,0.0,0.000145,0.0,0.6667,0.000214,0.0,-1.2439,periferico
show,8,3,#bcbd22,0.0018957689171656,5,2,3,0,6.0,6.0,0.0,0.000216,2e-06,0.6,0.001046,0.64,-0.6742,broker
contento,8,0,#bcbd22,0.0012291433522477,2,1,1,0,3.0,2.0,0.0,0.000138,0.0,1.0,0.001097,0.5,-1.4061,broker
leon,8,3,#bcbd22,0.0012324535055086,8,2,6,0,6.0,13.0,0.0,0.000427,0.002677,0.4643,0.001276,0.7188,0.4045,broker
ligamx,8,3,#bcbd22,0.0016343651805073,2,2,0,0,6.0,0.0,0.0,0.000275,0.0,1.0,4e-06,0.0,-0.6742,periferico
mazatlan,8,3,#bcbd22,0.0019455178407952,2,2,0,0,6.0,0.0,0.0,0.000275,0.0,1.0,4e-06,0.0,-0.6742,periferico
inspirar,8,2,#bcbd22,0.0011413992615416,3,0,3,0,0.0,7.0,0.0,0.000148,0.0,0.6667,0.000328,0.6667,-1.0403,broker
regidor,8,0,#bcbd22,0.0012340217363089,4,2,2,0,6.0,4.0,0.0,0.000203,0.0,0.6667,0.001825,0.0,-0.9015,periferico
dominguez,8,2,#bcbd22,0.0016036356100812,6,2,4,0,6.0,8.0,0.0,0.00025,0.0,0.6,4.3e-05,0.2778,0.0416,periferico
completar,8,1,#bcbd22,0.0016035551670938,6,0,6,0,0.0,13.0,0.0,0.000205,0.0,0.4667,0.000149,0.7222,-1.4751,broker
carino,8,3,#bcbd22,0.0011073866626247,6,0,6,0,0.0,12.0,0.0,0.000219,0.0,0.4667,0.00035,0.7222,-0.6742,broker
mil,8,3,#bcbd22,0.0012116712750867,2,0,2,0,0.0,4.0,0.0,0.000144,0.0,0.0,0.000728,0.5,-1.7529,broker
mario,8,4,#bcbd22,0.0014972568023949,6,0,6,0,0.0,12.0,0.0,0.000294,0.00134,0.4667,0.000405,0.6667,0.1302,broker
presidencia,8,2,#bcbd22,0.0011717225424945,4,0,4,0,0.0,8.0,0.0,0.000153,0.0,1.0,0.00079,0.375,-0.4994,periferico
razon,8,4,#bcbd22,0.0019113656599074,1,0,1,0,0.0,2.0,0.0,0.000142,0.0,0.0,1e-06,0.0,-1.4321,periferico
celebracion,8,1,#bcbd22,0.0011788256233558,5,0,5,0,0.0,10.0,0.0,0.000174,0.0,0.6,0.000888,0.64,-1.7063,broker
hija,8,2,#bcbd22,0.001164162531495,3,0,3,0,0.0,6.0,0.0,0.000135,0.0,1.0,0.000178,0.4444,-1.0403,periferico
eventual,8,0,#bcbd22,0.0024370765313506,2,0,2,0,0.0,4.0,0.0,0.000146,0.0,1.0,0.000305,0.0,-1.2379,periferico
voto,8,4,#bcbd22,0.0012129099341109,2,0,2,0,0.0,4.0,0.0,0.000129,0.0,1.0,0.000737,0.5,-1.4321,broker
tecnica,8,2,#bcbd22,0.0011408391874283,3,0,3,0,0.0,6.0,0.0,0.00014,0.0,1.0,0.000759,0.4444,-0.7698,periferico
pasar,11,3,#ffbb78,0.0098603162914514,49,10,39,0,62.0,149.0,0.0,0.003343,0.052623,0.2406,0.000107,0.823,2.7923,conector_provincial
sacar,11,3,#ffbb78,0.0040552648715674,31,3,28,0,24.0,81.0,0.0,0.001619,0.001294,0.4366,2.6e-05,0.7638,0.5138,broker
saludo,11,2,#ffbb78,0.006781191099435,29,8,21,0,42.0,57.0,0.0,0.001609,0.001365,0.2611,3.9e-05,0.7277,1.8235,broker
saludos,11,2,#ffbb78,0.0064763282425701,24,6,18,0,40.0,47.0,0.0,0.001441,0.003981,0.3514,3.2e-05,0.7014,1.8235,broker
ano,11,2,#ffbb78,0.0082968939095735,55,8,46,1,45.0,161.0,19.0,0.003431,0.16701,0.2209,0.006926,0.8304,2.4214,broker
deber,11,1,#ffbb78,0.0094031114131212,54,10,44,0,47.0,146.0,0.0,0.003175,0.010494,0.2187,4.1e-05,0.8059,3.1629,conector_provincial
pueblo,11,5,#ffbb78,0.0103884022682905,52,3,49,0,21.0,177.0,0.0,0.00322,0.007911,0.2195,3.5e-05,0.8462,1.8924,broker
querer,11,0,#ffbb78,0.0069805504754185,53,8,45,0,54.0,150.0,0.0,0.003329,0.017153,0.2242,4.9e-05,0.8245,2.2423,broker
salir,11,0,#ffbb78,0.0076725180260837,60,12,48,0,64.0,149.0,0.0,0.003526,0.014944,0.1921,3.5e-05,0.8294,2.4809,broker
video,11,2,#ffbb78,0.0041353963315486,24,4,20,0,22.0,55.0,0.0,0.001337,0.006305,0.2246,8.2e-05,0.7917,0.9267,broker
pagar,11,4,#ffbb78,0.0102420737966895,40,6,34,0,29.0,111.0,0.0,0.002342,0.014171,0.2744,6.2e-05,0.8313,2.8319,conector_provincial
gracia,11,2,#ffbb78,0.003824615618214,18,4,14,0,23.0,33.0,0.0,0.000994,6.2e-05,0.3856,1.6e-05,0.7901,0.3288,broker
hablar,11,0,#ffbb78,0.0078984880819916,35,11,24,0,51.0,71.0,0.0,0.001967,0.004665,0.3109,4.6e-05,0.769,2.0038,broker
ley,11,1,#ffbb78,0.0062729227356612,32,7,25,0,31.0,71.0,0.0,0.001836,0.004253,0.2117,1.7e-05,0.7324,2.3768,broker
entender,11,4,#ffbb78,0.0033662524074316,15,3,12,0,15.0,35.0,0.0,0.000861,5.3e-05,0.4667,2.4e-05,0.7911,0.325,broker
quedar,11,0,#ffbb78,0.0052780951373279,32,5,27,0,30.0,74.0,0.0,0.001679,0.00264,0.3004,3.9e-05,0.8164,0.334,broker
mundo,11,0,#ffbb78,0.0054082786664366,36,6,30,0,29.0,89.0,0.0,0.001929,0.005277,0.2698,4.7e-05,0.8179,1.0496,broker
triunfo,11,2,#ffbb78,0.0021405711304396,9,3,6,0,18.0,14.0,0.0,0.000637,0.002661,0.3333,5.9e-05,0.716,-0.568,broker
cosa,11,3,#ffbb78,0.0041940002702176,25,5,20,0,21.0,62.0,0.0,0.00131,0.00131,0.45,3.9e-05,0.816,0.8935,broker
viejo,11,5,#ffbb78,0.0042170123197138,15,1,14,0,7.0,32.0,0.0,0.000801,0.001352,0.2952,2.3e-05,0.7822,1.011,broker
favor,11,5,#ffbb78,0.0042492211796343,30,1,29,0,7.0,77.0,0.0,0.001389,0.001345,0.3632,1.7e-05,0.7756,1.4517,broker
pedir,11,0,#ffbb78,0.0034328598994761,17,5,12,0,26.0,35.0,0.0,0.000977,0.0,0.5956,2.4e-05,0.7958,0.0954,broker
pri,11,5,#ffbb78,0.0043819472193717,13,3,10,0,16.0,25.0,0.0,0.000802,0.001368,0.2308,1e-06,0.6272,1.8924,broker
juzgar,11,1,#ffbb78,0.0033925205934792,11,2,9,0,12.0,21.0,0.0,0.000598,0.0,0.5273,1e-06,0.7438,0.0187,broker
justicia,11,1,#ffbb78,0.0080845719203352,37,8,29,0,27.0,90.0,0.0,0.002026,0.00652,0.2508,3.9e-05,0.7991,2.1148,broker
jefe,11,3,#ffbb78,0.0037727798335254,20,4,16,0,19.0,37.0,0.0,0.000991,1e-06,0.3368,2e-06,0.79,0.8935,broker
informacion,11,0,#ffbb78,0.0048207021318376,23,7,16,0,31.0,42.0,0.0,0.001216,0.001302,0.4032,1.7e-05,0.6692,1.5267,broker
metro,11,3,#ffbb78,0.0028669973835349,9,3,6,0,16.0,18.0,0.0,0.000642,1.1e-05,0.5278,3e-05,0.4938,0.8935,periferico
pardo,11,2,#ffbb78,0.0029435246251523,6,3,3,0,14.0,6.0,0.0,0.000393,0.0,0.7333,5.1e-05,0.0,0.3288,periferico
sentir,11,4,#ffbb78,0.0030009618494659,22,3,19,0,10.0,55.0,0.0,0.001124,0.002501,0.3983,4.6e-05,0.8347,0.7428,broker
llamar,11,1,#ffbb78,0.0037536649033427,14,3,11,0,14.0,27.0,0.0,0.000763,9.6e-05,0.4176,1.6e-05,0.7041,0.2807,broker
abrazo,11,2,#ffbb78,0.0036763730458915,18,4,14,0,14.0,35.0,0.0,0.000924,0.001388,0.2941,1.6e-05,0.7284,0.6278,broker
terminar,11,3,#ffbb78,0.0022824124898761,13,3,10,0,14.0,22.0,0.0,0.000622,0.0,0.4487,2e-06,0.7574,0.5138,broker
querido,11,2,#ffbb78,0.0016191363101825,8,3,5,0,12.0,10.0,0.0,0.000435,0.0,0.6071,2.3e-05,0.6875,-0.269,broker
eleccion,11,5,#ffbb78,0.002976699033752,6,2,4,0,9.0,8.0,0.0,0.000408,4e-06,0.2667,0.0,0.2778,1.011,periferico
unico,11,4,#ffbb78,0.0021237030159682,19,4,15,0,14.0,34.0,0.0,0.000812,2e-06,0.4737,2e-06,0.8255,0.7428,broker
traer,11,0,#ffbb78,0.0039118216373026,21,7,14,0,26.0,31.0,0.0,0.001072,0.001367,0.2714,1e-06,0.644,1.2882,broker
mandar,11,1,#ffbb78,0.0041815275326371,10,2,8,0,9.0,16.0,0.0,0.000488,0.0,0.5333,1.5e-05,0.74,-0.5053,broker
pensar,11,1,#ffbb78,0.0039497166872024,22,3,19,0,12.0,45.0,0.0,0.000942,7.2e-05,0.4892,1.6e-05,0.7851,0.2807,broker
andir,11,2,#ffbb78,0.0011881302343681,5,2,3,0,8.0,7.0,0.0,0.000317,0.0,0.5,1e-06,0.56,-0.568,broker
exigir,11,4,#ffbb78,0.0021286357659846,6,1,5,0,5.0,12.0,0.0,0.000348,0.0,0.6,1.5e-05,0.7778,-0.5107,broker
acabar,11,3,#ffbb78,0.0037387055344879,15,2,13,0,9.0,31.0,0.0,0.000702,0.001241,0.4571,3.8e-05,0.7733,-0.2457,broker
falta,11,0,#ffbb78,0.0027309299912303,11,3,8,0,12.0,17.0,0.0,0.000562,1.1e-05,0.3636,1.5e-05,0.5455,0.334,broker
perder,11,5,#ffbb78,0.003721873043105,12,1,11,0,3.0,30.0,0.0,0.000611,0.0,0.4091,3.7e-05,0.7778,-0.3111,broker
precio,11,4,#ffbb78,0.0033593664411455,13,1,12,0,4.0,28.0,0.0,0.000653,1e-05,0.3333,3e-05,0.7574,0.7428,broker
alli,11,2,#ffbb78,0.0021107560023665,6,1,5,0,4.0,13.0,0.0,0.00035,0.0,0.7333,1.5e-05,0.6111,-0.8669,broker
aprender,11,3,#ffbb78,0.0022780927829444,6,2,4,0,7.0,8.0,0.0,0.00032,0.0,0.6,1e-06,0.7222,-0.6255,broker
principio,11,0,#ffbb78,0.0012345152208581,4,1,3,0,3.0,8.0,0.0,0.000257,0.0,0.8333,0.0,0.375,-0.6202,periferico
normal,11,0,#ffbb78,0.0022553540766239,12,1,11,0,4.0,25.0,0.0,0.000582,2e-06,0.2879,1e-06,0.7083,-0.3817,broker
comentar,11,0,#ffbb78,0.0019927804823964,11,2,9,0,7.0,21.0,0.0,0.000521,4e-06,0.4545,2.2e-05,0.7603,-0.6202,broker
meter,11,3,#ffbb78,0.002944489242509,14,2,12,0,7.0,28.0,0.0,0.000658,3e-06,0.4615,1.6e-05,0.7449,0.134,broker
ejercito,11,1,#ffbb78,0.0028731958009302,11,1,10,0,3.0,23.0,0.0,0.000511,1.3e-05,0.4727,1e-06,0.6116,0.5427,broker
muerte,11,1,#ffbb78,0.0022887084633111,12,2,10,0,8.0,22.0,0.0,0.000629,5e-06,0.1818,0.0,0.5694,0.8048,broker
cabeza,11,1,#ffbb78,0.0015225147362798,8,3,5,0,11.0,10.0,0.0,0.000421,2e-06,0.5357,1e-06,0.6875,0.0187,broker
unidos,11,6,#ffbb78,0.0039352742023766,14,2,12,0,7.0,29.0,0.0,0.000709,0.002603,0.4396,1e-06,0.7959,0.3313,broker
militar,11,1,#ffbb78,0.0025138587225228,8,3,5,0,10.0,12.0,0.0,0.000439,1e-06,0.6786,1e-06,0.6875,0.0187,broker
delito,11,4,#ffbb78,0.0023611164651811,10,2,8,0,7.0,17.0,0.0,0.000463,0.0,0.6,1e-06,0.76,-0.0928,broker
institucion,11,1,#ffbb78,0.0017443697433918,3,1,2,0,4.0,4.0,0.0,0.000215,0.0,1.0,0.0,0.4444,-0.5053,periferico
cambio,11,3,#ffbb78,0.0022501237690448,16,3,13,0,10.0,32.0,0.0,0.000744,0.001249,0.4333,1.6e-05,0.7734,0.134,broker
guerra,11,2,#ffbb78,0.0011824877001345,4,1,3,0,4.0,6.0,0.0,0.000278,1e-06,0.5,2.9e-05,0.75,-1.1659,broker
tocar,11,2,#ffbb78,0.0017670642118901,20,3,17,0,10.0,40.0,0.0,0.000876,1.7e-05,0.4316,2.3e-05,0.835,-0.269,broker
gordo,11,0,#ffbb78,0.0020439566578716,9,1,8,0,3.0,19.0,0.0,0.000431,0.0,0.5556,1e-06,0.7654,-0.6202,broker
mentira,11,6,#ffbb78,0.0019226227886974,10,2,8,0,7.0,16.0,0.0,0.000537,9e-06,0.1778,0.0,0.66,1.8773,broker
pronto,11,3,#ffbb78,0.0022654437925666,9,2,7,0,6.0,19.0,0.0,0.000467,0.0,0.4444,1e-06,0.7407,-0.2457,broker
alla,11,0,#ffbb78,0.0027295029722154,16,3,13,0,10.0,28.0,0.0,0.000684,0.0,0.4833,1.6e-05,0.6797,0.5725,broker
jajaja,11,0,#ffbb78,0.0026234537363052,17,2,15,0,6.0,34.0,0.0,0.000716,1e-06,0.4265,1.6e-05,0.699,0.334,broker
traidor,11,1,#ffbb78,0.0039129476062953,12,2,10,0,7.0,22.0,0.0,0.000603,1.3e-05,0.303,2.2e-05,0.75,0.2807,broker
frontera,11,0,#ffbb78,0.0034142062067985,8,1,7,0,3.0,16.0,0.0,0.000417,1e-06,0.3929,0.0,0.6562,-0.3817,broker
alguien,11,4,#ffbb78,0.0035337873268872,16,2,14,0,6.0,33.0,0.0,0.000718,6e-06,0.4167,1e-06,0.7188,1.5784,broker
quitar,11,5,#ffbb78,0.0018443835433572,7,0,7,0,0.0,17.0,0.0,0.000347,0.0,0.5238,2.9e-05,0.7347,-0.3111,broker
nld,11,0,#ffbb78,0.0031082651112228,5,4,1,0,14.0,2.0,0.0,0.000367,1e-06,0.5,0.0,0.32,-0.3817,periferico
noticia,11,6,#ffbb78,0.0035427534021437,13,1,12,0,3.0,31.0,0.0,0.000647,1.7e-05,0.4103,1e-06,0.8047,-1.2147,broker
tecnico,11,2,#ffbb78,0.0013300172286108,4,1,3,0,3.0,6.0,0.0,0.000265,1e-06,0.1667,0.0,0.375,-0.568,periferico
bola,11,3,#ffbb78,0.0014726493973284,6,1,5,0,3.0,10.0,0.0,0.000299,0.0,0.3333,0.0,0.7778,-1.0052,broker
aplicar,11,1,#ffbb78,0.0025997564662247,6,0,6,0,0.0,14.0,0.0,0.00031,0.0,0.4667,0.0,0.7778,-0.5053,broker
ingresar,11,0,#ffbb78,0.0020774942822754,2,1,1,0,3.0,2.0,0.0,0.000182,0.0,1.0,0.0,0.0,-0.8588,periferico
serio,11,0,#ffbb78,0.0021902013104408,6,1,5,0,3.0,11.0,0.0,0.000299,0.0,0.6,1e-06,0.6111,-0.6202,broker
delincuencia,11,1,#ffbb78,0.0023862733505666,8,1,7,0,3.0,14.0,0.0,0.000353,0.0,0.7857,1e-06,0.7188,-0.2433,broker
estructura,11,5,#ffbb78,0.0015663718804717,4,1,3,0,3.0,7.0,0.0,0.000264,0.0,0.3333,0.0,0.625,-0.3111,broker
juicio,11,1,#ffbb78,0.0018672613659873,5,1,4,0,3.0,9.0,0.0,0.000276,0.0,0.9,0.0,0.72,-0.5053,broker
confiar,11,4,#ffbb78,0.001950062578544,4,0,4,0,0.0,9.0,0.0,0.000237,0.0,0.5,0.0,0.75,-0.9285,broker
malo,11,4,#ffbb78,0.0015041803708299,11,1,10,0,3.0,21.0,0.0,0.000452,0.0,0.5818,1e-06,0.7438,0.325,broker
loco,11,2,#ffbb78,0.0017458209767937,8,1,7,0,3.0,14.0,0.0,0.000343,0.0,0.6786,1e-06,0.5938,-0.568,broker
arreglar,11,4,#ffbb78,0.0013269443297758,2,0,2,0,0.0,5.0,0.0,0.000183,0.0,0.0,0.0,0.5,-0.9285,broker
billete,11,4,#ffbb78,0.0019288716139271,5,0,5,0,0.0,11.0,0.0,0.000302,2e-06,0.2,0.0,0.64,-0.5107,broker
impacto,11,2,#ffbb78,0.0015711690066382,6,1,5,0,3.0,10.0,0.0,0.000306,0.0,0.4667,1e-06,0.7222,-0.8669,broker
sear,11,0,#ffbb78,0.0016303944867104,5,1,4,0,3.0,8.0,0.0,0.000268,0.0,0.3,0.0,0.56,-0.6202,broker
cordial,11,2,#ffbb78,0.0010869884863495,4,1,3,0,3.0,6.0,0.0,0.000227,0.0,1.0,1.5e-05,0.375,-0.568,periferico
hermano,11,1,#ffbb78,0.0019134364556521,3,0,3,0,0.0,7.0,0.0,0.000205,0.0,0.3333,0.0,0.6667,-0.7673,broker
aparte,11,1,#ffbb78,0.0019264250295236,2,1,1,0,3.0,2.0,0.0,0.000193,0.0,1.0,0.0,0.0,-0.5053,periferico
petroleo,11,6,#ffbb78,0.0016163224354386,7,0,7,0,0.0,15.0,0.0,0.000379,2e-06,0.3333,1.5e-05,0.8163,-1.2147,broker
representante,11,0,#ffbb78,0.0019582856912165,6,1,5,0,3.0,11.0,0.0,0.000407,0.00134,0.4,0.0,0.5,-0.3817,broker
repetir,11,1,#ffbb78,0.0022432480473071,2,1,1,0,3.0,2.0,0.0,0.000172,0.0,1.0,0.0,0.5,-0.7673,broker
gana,11,3,#ffbb78,0.0030702620279043,6,1,5,0,3.0,12.0,0.0,0.000335,1e-06,0.6667,1.5e-05,0.7778,-1.0052,broker
pendejo,11,5,#ffbb78,0.0017848501447588,6,0,6,0,0.0,13.0,0.0,0.000313,0.0,0.4,0.0,0.6111,0.1296,broker
fondo,11,6,#ffbb78,0.0012143704807385,3,1,2,0,3.0,4.0,0.0,0.000233,0.0,1.0,0.0,0.0,0.3313,periferico
defender,11,0,#ffbb78,0.0034289029426872,12,0,12,0,0.0,26.0,0.0,0.00049,0.0,0.5,1e-06,0.8056,-0.6202,broker
maru,11,1,#ffbb78,0.0027746255509555,6,2,4,0,6.0,8.0,0.0,0.000308,0.0,0.3333,0.0,0.6667,-0.2433,broker
mando,11,3,#ffbb78,0.0012687902199104,5,1,4,0,3.0,9.0,0.0,0.000287,0.0,0.6,0.0,0.48,-0.6255,periferico
mirar,11,0,#ffbb78,0.0017988596810027,4,0,4,0,0.0,9.0,0.0,0.000253,0.0,0.1667,0.0,0.75,-1.0973,broker
jamas,11,4,#ffbb78,0.0023900039959698,9,1,8,0,3.0,16.0,0.0,0.000384,0.0,0.5,1.5e-05,0.7654,-0.5107,broker
cometer,11,4,#ffbb78,0.0014256221475079,5,0,5,0,0.0,11.0,0.0,0.000266,0.0,0.5,0.0,0.56,-0.9285,broker
guadalupe,11,5,#ffbb78,0.0022948498371988,4,0,4,0,0.0,10.0,0.0,0.00024,0.0,1.0,2.2e-05,0.75,-0.7518,broker
jueves,11,0,#ffbb78,0.0029444731771945,9,3,6,0,9.0,12.0,0.0,0.000466,3e-06,0.3889,0.0,0.6914,-0.3817,broker
tamaulipa,11,0,#ffbb78,0.0021069613285362,1,1,0,0,3.0,0.0,0.0,0.000194,0.0,0.0,0.0,0.0,-1.0973,periferico
victoria,11,0,#ffbb78,0.0025626076385378,5,1,4,0,3.0,8.0,0.0,0.000405,0.00134,0.3,0.0,0.32,-0.3817,periferico
omar,11,1,#ffbb78,0.0019115754403173,4,1,3,0,3.0,6.0,0.0,0.000269,0.0,0.6667,0.0,0.375,-0.2433,periferico
subir,11,2,#ffbb78,0.0013225491857156,6,0,6,0,0.0,12.0,0.0,0.000294,0.0,0.5333,1.5e-05,0.6111,-0.568,broker
suficiente,11,5,#ffbb78,0.0022696435917168,4,0,4,0,0.0,8.0,0.0,0.000212,0.0,0.8333,1e-06,0.75,-0.7518,broker
castigar,11,1,#ffbb78,0.0016788085922598,3,0,3,0,0.0,6.0,0.0,0.000186,0.0,1.0,0.0,0.4444,-0.5053,periferico
aparato,11,5,#ffbb78,0.0015242133522406,5,0,5,0,0.0,10.0,0.0,0.000269,0.0,0.2,1.5e-05,0.8,-0.7518,broker
vuelta,11,0,#ffbb78,0.0017349497647956,5,0,5,0,0.0,10.0,0.0,0.000256,0.0,0.4,0.0,0.56,-0.6202,broker
legal,11,6,#ffbb78,0.0016239642864093,7,0,7,0,0.0,14.0,0.0,0.000349,0.0,0.5238,0.0,0.6939,0.3313,broker
complice,11,4,#ffbb78,0.0013874645810574,4,0,4,0,0.0,8.0,0.0,0.000233,0.0,0.5,0.0,0.625,-0.9285,broker
manejo,11,1,#ffbb78,0.0010734613751992,3,0,3,0,0.0,6.0,0.0,0.000195,0.0,0.3333,0.0,0.4444,-0.5053,periferico
piso,11,4,#ffbb78,0.0015701478114351,4,0,4,0,0.0,8.0,0.0,0.000248,1e-06,0.1667,0.0,0.75,-0.9285,broker
justo,11,5,#ffbb78,0.0013967404374852,4,0,4,0,0.0,8.0,0.0,0.000224,0.0,0.1667,0.0,0.75,-0.7518,broker
corte,11,2,#ffbb78,0.0023646641056984,6,0,6,0,0.0,12.0,0.0,0.000271,0.0,0.6667,0.0,0.7222,-0.8669,broker
asesino,11,1,#ffbb78,0.0014896070351824,1,0,1,0,0.0,2.0,0.0,0.000129,0.0,0.0,0.0,0.0,-1.0293,periferico
fallar,11,4,#ffbb78,0.0014393845340237,4,0,4,0,0.0,8.0,0.0,0.000221,0.0,0.8333,0.0,0.625,-0.5107,broker
precaucion,11,3,#ffbb78,0.0011032650945708,2,0,2,0,0.0,4.0,0.0,0.000159,0.0,1.0,0.0,0.0,-0.6255,periferico
propiedad,11,2,#ffbb78,0.0015233636368066,4,0,4,0,0.0,8.0,0.0,0.000213,0.0,0.6667,1e-06,0.375,-0.568,periferico
parar,11,0,#ffbb78,0.0011552341748028,3,0,3,0,0.0,6.0,0.0,0.000187,0.0,0.3333,0.0,0.4444,-0.8588,periferico
bajar,11,0,#ffbb78,0.0015628193505108,5,0,5,0,0.0,10.0,0.0,0.000281,0.0,0.2,0.0,0.48,-0.6202,periferico
raro,11,1,#ffbb78,0.0016661513363942,4,0,4,0,0.0,8.0,0.0,0.000229,0.0,0.3333,0.0,0.75,-0.7673,broker
enfrentar,11,1,#ffbb78,0.0018171545816585,1,0,1,0,0.0,2.0,0.0,0.000131,0.0,0.0,0.0,0.0,-0.7673,periferico
presion,11,3,#ffbb78,0.0010569693986326,2,0,2,0,0.0,4.0,0.0,0.000164,0.0,0.0,0.0,0.5,-1.385,broker
inseguridad,11,6,#ffbb78,0.0011804357636719,4,0,4,0,0.0,8.0,0.0,0.000239,0.0,0.1667,0.0,0.5,-0.4417,broker
transparente,11,5,#ffbb78,0.0010448141256347,4,0,4,0,0.0,8.0,0.0,0.000214,0.0,0.8333,0.0,0.625,-0.7518,broker
ocurrir,11,5,#ffbb78,0.0011622781166806,1,0,1,0,0.0,2.0,0.0,0.000135,0.0,0.0,0.0,0.0,-0.7518,periferico
conocido,11,0,#ffbb78,0.0010164761915802,2,0,2,0,0.0,4.0,0.0,0.000154,0.0,1.0,1.5e-05,0.5,-1.0973,broker
lejos,11,1,#ffbb78,0.001844823709689,1,0,1,0,0.0,2.0,0.0,0.00015,0.0,0.0,0.0,0.0,-1.0293,periferico
clima,11,1,#ffbb78,0.0015400684205815,4,0,4,0,0.0,8.0,0.0,0.000241,0.0,0.0,0.0,0.625,-0.5053,broker
infonavit,11,5,#ffbb78,0.0010124007239937,2,0,2,0,0.0,4.0,0.0,0.000159,0.0,1.0,0.0,0.5,-0.7518,broker
electoral,11,5,#ffbb78,0.0019464647630229,2,0,2,0,0.0,4.0,0.0,0.000204,0.0,0.0,0.0,0.5,-1.1925,broker
mayoria,11,4,#ffbb78,0.0011344152735546,3,0,3,0,0.0,6.0,0.0,0.000245,0.0,0.3333,0.0,0.4444,-0.5107,periferico
fauna,11,3,#ffbb78,0.0011819119099527,2,0,2,0,0.0,4.0,0.0,0.00016,0.0,1.0,0.0,0.5,-1.0052,broker
dia,6,0,#e377c2,0.0186349377036094,65,12,41,12,133.0,194.0,324.0,0.007067,0.093305,0.1053,0.067264,0.8355,3.1099,conector_provincial
marina,6,0,#e377c2,0.0053822286427021,25,3,22,0,34.0,64.0,0.0,0.001591,0.00798,0.22,0.001734,0.704,0.6911,broker
gente,6,2,#e377c2,0.0082667861133813,39,10,29,0,62.0,119.0,0.0,0.00304,0.018607,0.1646,0.001703,0.7232,3.1337,conector_provincial
reconocer,6,0,#e377c2,0.0044442578218877,11,4,7,0,34.0,17.0,0.0,0.000766,0.0,0.4,0.001577,0.7273,0.0,broker
mano,6,0,#e377c2,0.003712817793712,14,4,10,0,29.0,30.0,0.0,0.000955,0.0014,0.3407,0.001165,0.6633,0.3455,broker
cualquiera,6,2,#e377c2,0.0048734503798186,10,4,6,0,32.0,20.0,0.0,0.000898,4e-06,0.4444,0.000461,0.7,-0.0755,broker
contar,6,0,#e377c2,0.002479005837813,13,1,12,0,16.0,32.0,0.0,0.000774,1e-06,0.3846,0.001159,0.7811,-0.3455,broker
jardin,6,3,#e377c2,0.0023909718729555,9,2,7,0,8.0,26.0,0.0,0.000542,0.0,0.5833,0.000935,0.6667,-0.3536,broker
maestro,6,0,#e377c2,0.0031836593989282,6,2,4,0,17.0,9.0,0.0,0.000433,0.0,0.4,0.00086,0.6667,-0.3455,broker
servir,6,2,#e377c2,0.0028717492241412,9,2,7,0,14.0,23.0,0.0,0.000609,0.0,0.4722,0.000734,0.6173,0.2454,broker
unidad,6,1,#e377c2,0.0041500427760183,15,6,9,0,25.0,35.0,0.0,0.001063,0.002668,0.2571,0.000743,0.6844,1.6689,broker
luis,6,1,#e377c2,0.0039585758931934,9,3,6,0,10.0,22.0,0.0,0.000565,0.0,0.3611,0.000654,0.642,0.3406,broker
adulto,6,-1,#e377c2,0.002774327294901,11,0,11,0,0.0,38.0,0.0,0.000754,0.004006,0.3091,0.000653,0.7603,0.0,broker
papa,6,0,#e377c2,0.0054565509781241,6,1,5,0,9.0,11.0,0.0,0.000359,0.0,0.6667,0.000646,0.6667,-0.6911,broker
ave,6,3,#e377c2,0.0033153013791888,10,6,4,0,29.0,12.0,0.0,0.000794,0.001348,0.3111,2e-05,0.54,0.8397,broker
exposicion,6,3,#e377c2,0.0052895471453666,13,8,5,0,43.0,18.0,0.0,0.001096,0.006731,0.3077,0.000436,0.4852,2.0329,periferico
funcionario,6,2,#e377c2,0.0046369256451725,8,2,6,0,12.0,20.0,0.0,0.000647,0.001335,0.3214,3.2e-05,0.7812,-0.7174,broker
gustar,6,0,#e377c2,0.003790633752942,9,2,7,0,11.0,19.0,0.0,0.000542,0.001331,0.3889,0.000585,0.6173,0.3455,broker
crecer,6,0,#e377c2,0.0016867583617568,4,1,3,0,8.0,6.0,0.0,0.000255,0.0,0.6667,0.000568,0.625,-1.0366,broker
sumar,6,1,#e377c2,0.0050220983102917,16,2,14,0,11.0,34.0,0.0,0.000804,1.3e-05,0.2833,0.000235,0.7422,0.7834,broker
guardia,6,2,#e377c2,0.0020048751030117,8,2,6,0,9.0,17.0,0.0,0.000486,0.0,0.5,2.4e-05,0.5625,0.2454,broker
importar,6,2,#e377c2,0.0019261518027633,12,2,10,0,11.0,25.0,0.0,0.000696,2e-06,0.4091,0.000307,0.6806,0.2454,broker
camino,6,1,#e377c2,0.0030461410060524,11,2,9,0,6.0,23.0,0.0,0.000661,0.00134,0.2545,2.2e-05,0.6281,1.2262,broker
mar,6,3,#e377c2,0.0027141028549522,13,0,13,0,0.0,35.0,0.0,0.000626,0.0,0.3333,0.000375,0.6746,0.8397,broker
libertad,6,3,#e377c2,0.0060427607968449,21,6,15,0,25.0,39.0,0.0,0.001212,0.001356,0.2619,0.000169,0.7528,1.2374,broker
marco,6,0,#e377c2,0.0033309287391602,11,3,8,0,12.0,17.0,0.0,0.000626,0.002103,0.3091,0.000434,0.5455,1.0366,broker
alcanzar,6,1,#e377c2,0.0013902731006965,3,0,3,0,0.0,11.0,0.0,0.000244,0.0,1.0,0.000429,0.6667,-0.9877,broker
provocar,6,0,#e377c2,0.0016938651679083,2,1,1,0,6.0,4.0,0.0,0.000216,0.0,1.0,0.000426,0.5,-1.0366,broker
convertir,6,2,#e377c2,0.0039680958725512,7,3,4,0,12.0,10.0,0.0,0.000457,1e-06,0.4762,0.000297,0.449,0.2454,periferico
col,6,1,#e377c2,0.005962477531284,16,7,8,1,28.0,23.0,36.0,0.001457,0.011559,0.1667,0.001781,0.6016,2.5545,conector_provincial
cafe,6,1,#e377c2,0.0049261241219937,4,3,1,0,13.0,2.0,0.0,0.000375,1e-06,0.6667,4e-06,0.0,0.3406,periferico
chairel,6,1,#e377c2,0.0032854622695595,9,3,6,0,14.0,14.0,0.0,0.000579,0.001333,0.3056,0.000295,0.3704,1.6689,periferico
fotografico,6,3,#e377c2,0.0016673331847414,5,4,1,0,16.0,2.0,0.0,0.000381,0.0,0.7,8e-06,0.32,0.0442,periferico
homenaje,6,3,#e377c2,0.0021219521295279,8,2,6,0,10.0,12.0,0.0,0.000468,1e-05,0.5,0.000147,0.2188,1.2374,periferico
conocimiento,6,3,#e377c2,0.0026042000390589,10,4,6,0,14.0,17.0,0.0,0.000557,4e-06,0.4,0.000365,0.54,0.8397,broker
urgente,6,1,#e377c2,0.0045606433413922,3,1,2,0,5.0,4.0,0.0,0.00023,0.0,0.6667,1.4e-05,0.4444,-0.545,periferico
esperanza,6,1,#e377c2,0.0016699393745511,4,0,4,0,0.0,12.0,0.0,0.000254,0.0,0.8333,0.000359,0.75,-0.9877,broker
historico,6,1,#e377c2,0.0027129638474434,10,0,10,0,0.0,25.0,0.0,0.000479,0.0,0.3556,0.000293,0.7,0.3406,broker
expresion,6,-1,#e377c2,0.0033191186375916,7,0,7,0,0.0,21.0,0.0,0.000555,0.001332,0.381,0.000216,0.6122,1.3229,broker
clave,6,2,#e377c2,0.0035895395558327,7,1,6,0,4.0,13.0,0.0,0.000371,0.0,0.5238,0.000222,0.4898,-0.3964,periferico
torre,6,2,#e377c2,0.0024379380047321,7,2,5,0,6.0,12.0,0.0,0.000373,0.0,0.7143,0.000291,0.5714,-0.0755,broker
realidad,6,2,#e377c2,0.0019866798538714,9,3,6,0,10.0,14.0,0.0,0.000499,4e-06,0.5,0.000227,0.4938,0.5663,periferico
par,6,-1,#e377c2,0.0046179271303117,3,0,3,0,0.0,8.0,0.0,0.000302,4e-06,0.3333,3e-06,0.0,1.3229,periferico
entregar,6,2,#e377c2,0.0051595228724181,17,5,12,0,17.0,34.0,0.0,0.000885,2e-06,0.3971,0.000313,0.6644,1.2082,broker
rendir,6,3,#e377c2,0.0020443231333047,7,1,6,0,4.0,12.0,0.0,0.000387,0.0,0.5238,0.000147,0.4082,0.4419,periferico
tierra,6,2,#e377c2,0.0016076515894383,3,1,2,0,4.0,6.0,0.0,0.000222,0.0,1.0,0.000292,0.6667,-1.0383,broker
cara,6,0,#e377c2,0.0024932089727371,6,3,3,0,10.0,7.0,0.0,0.000353,0.0,0.5333,0.000222,0.5,0.0,broker
periodista,6,-1,#e377c2,0.0016844547353684,2,0,2,0,0.0,7.0,0.0,0.000239,0.0,1.0,1e-06,0.5,-1.3229,broker
acto,6,3,#e377c2,0.0040633785538375,10,0,10,0,0.0,26.0,0.0,0.000501,0.0,0.4667,0.000228,0.72,-0.3536,broker
sala,6,1,#e377c2,0.0038083675317466,7,3,4,0,10.0,10.0,0.0,0.000438,1e-06,0.4286,0.000286,0.4082,0.7834,periferico
villa,6,1,#e377c2,0.0023179610725492,3,1,2,0,4.0,4.0,0.0,0.000219,0.0,0.3333,1.1e-05,0.6667,-0.9877,broker
urge,6,1,#e377c2,0.0017003687098622,5,1,4,0,4.0,8.0,0.0,0.000278,0.0,0.7,0.000154,0.64,-0.545,broker
basico,6,0,#e377c2,0.0011534161167219,3,1,2,0,4.0,4.0,0.0,0.000258,0.0,0.3333,3e-06,0.0,-0.3455,periferico
gobernanza,6,0,#e377c2,0.0032800023909658,6,2,4,0,7.0,9.0,0.0,0.000425,3e-06,0.3333,0.000144,0.5,0.0,broker
defensa,6,3,#e377c2,0.0016623534029349,3,0,3,0,0.0,8.0,0.0,0.000279,0.0,0.0,7e-06,0.4444,-0.7513,periferico
significativo,6,3,#e377c2,0.0016667232848703,4,1,3,0,4.0,6.0,0.0,0.000267,0.0,0.5,6e-06,0.375,-0.3536,periferico
preservacion,6,3,#e377c2,0.001684398856014,5,2,3,0,7.0,6.0,0.0,0.000306,0.0,0.5,3e-06,0.32,0.0442,periferico
atraer,6,1,#e377c2,0.0016887597739696,2,1,1,0,3.0,2.0,0.0,0.00016,0.0,0.0,3e-06,0.0,-0.545,periferico
revistadebate,6,1,#e377c2,0.0111676370725035,6,1,4,1,3.0,9.0,72.0,0.000816,0.002674,0.2,0.000662,0.6111,-0.1022,broker
abrir,6,1,#e377c2,0.0040916367433965,11,2,9,0,6.0,21.0,0.0,0.000586,3e-06,0.2364,0.000227,0.595,1.2262,broker
cantidad,6,-1,#e377c2,0.0030640554614365,5,0,5,0,0.0,11.0,0.0,0.00042,0.00134,0.3,3e-06,0.64,0.0,broker
sociedad,6,2,#e377c2,0.0028560336213558,8,3,5,0,9.0,11.0,0.0,0.000489,0.00134,0.5714,0.000153,0.6562,-0.0755,broker
convencido,6,1,#e377c2,0.0023453682661056,4,0,4,0,0.0,9.0,0.0,0.000237,0.0,0.8333,0.000148,0.625,-0.545,broker
innovacion,6,1,#e377c2,0.0011229983065277,7,2,5,0,6.0,13.0,0.0,0.000387,2e-06,0.5238,0.000223,0.6939,-0.545,broker
especialmente,6,0,#e377c2,0.0013989628059789,3,2,1,0,6.0,2.0,0.0,0.000213,0.0,0.6667,0.000217,0.4444,-0.6911,periferico
hotel,6,1,#e377c2,0.0016127185663208,5,2,3,0,6.0,6.0,0.0,0.000281,0.0,0.5,0.00015,0.64,-0.545,broker
agradecimiento,6,3,#e377c2,0.0016695910599082,7,1,6,0,3.0,14.0,0.0,0.000338,0.0,0.5238,0.000225,0.6122,-0.3536,broker
propuesta,6,1,#e377c2,0.002455968176946,1,1,0,0,3.0,0.0,0.0,0.000159,0.0,0.0,0.0,0.0,-0.9877,periferico
edad,6,3,#e377c2,0.0041039949283003,4,1,3,0,3.0,6.0,0.0,0.000247,0.0,0.3333,0.000142,0.625,-1.149,broker
camioneta,6,1,#e377c2,0.0018641784554347,1,1,0,0,3.0,0.0,0.0,0.000146,0.0,0.0,2e-06,0.0,-0.9877,periferico
marzo,6,1,#e377c2,0.0024752037134021,4,0,4,0,0.0,8.0,0.0,0.000217,0.0,0.6667,0.000146,0.375,-0.1022,periferico
alianza,6,1,#e377c2,0.0032842443324625,2,0,2,0,0.0,4.0,0.0,0.000154,0.0,0.0,2e-06,0.0,-0.545,periferico
sufrir,6,2,#e377c2,0.0015099516604095,2,0,2,0,0.0,4.0,0.0,0.000157,0.0,1.0,6e-06,0.5,-1.0383,broker
amenazar,6,3,#e377c2,0.0016849699895828,1,0,1,0,0.0,2.0,0.0,0.000165,0.0,0.0,0.0,0.0,-1.5468,periferico
extorsion,6,1,#e377c2,0.0016581981908529,2,0,2,0,0.0,4.0,0.0,0.00017,0.0,0.0,1e-06,0.0,-1.4305,periferico
resultar,6,2,#e377c2,0.0020823366940021,4,0,4,0,0.0,8.0,0.0,0.000325,0.00134,0.5,0.000145,0.375,-0.3964,periferico
campos,6,3,#e377c2,0.0018959414446726,2,0,2,0,0.0,4.0,0.0,0.000187,0.0,0.0,4e-06,0.5,-1.149,broker
estrategico,6,1,#e377c2,0.0024209888651967,3,0,3,0,0.0,6.0,0.0,0.000194,0.0,0.3333,7e-06,0.4444,-0.545,periferico
colectivo,6,3,#e377c2,0.0016849186504259,1,0,1,0,0.0,2.0,0.0,0.000142,0.0,0.0,0.0,0.0,-1.5468,periferico
creacion,6,0,#e377c2,0.0010903261136263,4,0,4,0,0.0,8.0,0.0,0.000242,0.0,0.5,6e-06,0.625,-1.0366,broker
invaluable,6,2,#e377c2,0.0014236045535653,2,0,2,0,0.0,4.0,0.0,0.000164,0.0,0.0,4e-06,0.5,-1.0383,broker
laboral,6,-1,#e377c2,0.0024804510176181,2,0,2,0,0.0,4.0,0.0,0.000182,0.0,1.0,1e-06,0.5,-1.3229,broker
texas,6,-1,#e377c2,0.0040067574009299,3,0,3,0,0.0,6.0,0.0,0.000242,0.0,0.3333,1e-06,0.4444,0.0,periferico
carretera,6,2,#e377c2,0.0030999623704701,1,0,1,0,0.0,2.0,0.0,0.000169,0.0,0.0,0.0,0.0,-1.0383,periferico
fortalecer,14,0,#c5b0d5,0.0165442712604999,83,15,51,17,151.0,313.0,523.0,0.006252,0.039156,0.1787,0.09557,0.8564,2.5535,conector_provincial
municipal,14,0,#c5b0d5,0.0128049720078706,73,14,47,12,163.0,259.0,527.0,0.005933,0.043801,0.1998,0.155755,0.8463,1.7404,broker
continuar,14,0,#c5b0d5,0.0060976236127316,38,8,27,3,72.0,113.0,83.0,0.001721,0.0,0.3755,0.041621,0.7867,0.9272,broker
publico,14,3,#c5b0d5,0.0113049848005175,51,14,32,5,92.0,203.0,132.0,0.002828,0.009624,0.2722,0.044146,0.8151,3.6795,conector_provincial
americo,14,1,#c5b0d5,0.0044573517516255,24,8,13,3,51.0,32.0,88.0,0.001161,0.001255,0.3514,0.029699,0.7292,1.2165,broker
gobernador,14,1,#c5b0d5,0.0068677514791488,25,10,14,1,64.0,39.0,29.0,0.001,0.005413,0.3733,0.016412,0.5888,2.3315,broker
publicos,14,2,#c5b0d5,0.0034617851488292,18,5,12,1,35.0,36.0,22.0,0.000667,0.0,0.5229,0.00186,0.7284,0.3204,broker
secretaria,14,2,#c5b0d5,0.0091755287721753,50,7,38,5,71.0,157.0,121.0,0.002472,0.011798,0.2678,0.012806,0.8,2.6502,conector_provincial
sector,14,3,#c5b0d5,0.0079012466594576,36,4,32,0,35.0,137.0,0.0,0.00127,2.1e-05,0.3683,0.005617,0.787,1.0453,broker
tampiquenas,14,0,#c5b0d5,0.0048111747018992,30,5,22,3,46.0,65.0,82.0,0.001257,0.0,0.4,0.030514,0.7933,0.6562,broker
turismo,14,4,#c5b0d5,0.0054316879250109,23,8,14,1,55.0,58.0,20.0,0.001085,0.002671,0.3636,0.004015,0.7561,2.0649,broker
turistico,14,4,#c5b0d5,0.0075412751175463,14,7,6,1,52.0,24.0,20.0,0.000871,0.005347,0.3626,0.00287,0.6122,1.5386,broker
sur,14,2,#c5b0d5,0.00499700428918,40,11,27,2,49.0,110.0,65.0,0.001734,0.004365,0.3141,0.007467,0.795,1.7765,broker
administracion,14,0,#c5b0d5,0.0036027107853442,19,7,12,0,44.0,35.0,0.0,0.000606,0.0,0.5614,0.003433,0.7258,-0.1569,broker
avanzar,14,1,#c5b0d5,0.0069069806486368,32,4,25,3,24.0,73.0,59.0,0.001033,0.000166,0.4214,0.025299,0.7871,0.3801,broker
transformacion,14,1,#c5b0d5,0.0048324055969715,22,6,15,1,40.0,37.0,21.0,0.000743,0.000167,0.4589,0.006816,0.7438,0.6589,broker
proyecto,14,4,#c5b0d5,0.0032670500222593,27,3,24,0,11.0,83.0,0.0,0.000764,0.001333,0.4131,0.002541,0.7929,0.4859,broker
coordinacion,14,2,#c5b0d5,0.0069442512467503,24,5,19,0,31.0,63.0,0.0,0.000736,0.000146,0.4674,0.003205,0.7326,0.3204,broker
municipio,14,2,#c5b0d5,0.0068024839274585,38,5,33,0,27.0,110.0,0.0,0.001078,9e-06,0.3257,0.003524,0.7687,1.1941,broker
urbano,14,2,#c5b0d5,0.0055327457375824,23,6,17,0,37.0,65.0,0.0,0.00088,0.003831,0.4269,0.002964,0.7335,0.9028,broker
ruta,14,4,#c5b0d5,0.0031631907913833,10,2,8,0,22.0,19.0,0.0,0.000392,0.0,0.6,0.001017,0.7,-1.0932,broker
educacion,14,1,#c5b0d5,0.0096757588908076,29,9,20,0,56.0,80.0,0.0,0.001063,0.003606,0.3867,0.003685,0.692,1.774,broker
leer,14,3,#c5b0d5,0.0094154793769121,20,3,17,0,21.0,54.0,0.0,0.000694,0.002669,0.3684,0.003235,0.74,0.2927,broker
encabezar,14,0,#c5b0d5,0.0021656486205756,11,3,8,0,17.0,18.0,0.0,0.000327,0.0,0.6545,0.002323,0.5455,-0.1569,broker
permitir,14,0,#c5b0d5,0.0026310228276997,34,5,29,0,34.0,88.0,0.0,0.000931,0.0,0.3636,0.003948,0.7803,0.6562,broker
presidente,14,2,#c5b0d5,0.0030829003080725,17,5,12,0,34.0,39.0,0.0,0.000618,0.00134,0.5441,0.002085,0.7612,0.3204,broker
solucion,14,2,#c5b0d5,0.0029477223288267,6,2,4,0,17.0,8.0,0.0,0.00027,0.0,0.8,0.000576,0.6111,-0.5533,broker
representar,14,1,#c5b0d5,0.0033424540888518,25,3,22,0,9.0,74.0,0.0,0.000638,0.0,0.5133,0.002539,0.784,0.1014,broker
conjunto,14,0,#c5b0d5,0.0033206813968718,21,6,15,0,26.0,38.0,0.0,0.000521,0.0,0.4619,0.001984,0.7392,-0.1569,broker
primaria,14,1,#c5b0d5,0.0028376437257975,11,5,6,0,31.0,18.0,0.0,0.000453,0.0,0.5455,0.00084,0.5455,0.1014,broker
alumbrado,14,3,#c5b0d5,0.003390563186258,6,4,2,0,25.0,5.0,0.0,0.000312,0.0,0.8,0.000689,0.5,-0.0836,broker
escuela,14,1,#c5b0d5,0.0050549055449664,23,9,14,0,49.0,44.0,0.0,0.000773,7e-06,0.4269,0.002205,0.6767,1.2165,broker
pintura,14,1,#c5b0d5,0.0037670244928449,17,4,13,0,19.0,36.0,0.0,0.000508,0.0,0.4632,0.001491,0.699,-0.1774,broker
riqueza,14,4,#c5b0d5,0.0019216978689655,7,5,2,0,26.0,4.0,0.0,0.00038,0.0,0.5714,5.9e-05,0.2449,0.4859,periferico
digno,14,0,#c5b0d5,0.0037849007640033,11,3,8,0,19.0,26.0,0.0,0.00039,0.0,0.6727,0.001271,0.6942,-0.97,broker
encabezado,14,0,#c5b0d5,0.0035338797606527,12,3,9,0,19.0,24.0,0.0,0.00038,0.0,0.5303,0.002426,0.5694,-0.1569,broker
diverso,14,3,#c5b0d5,0.00303719448857,14,4,10,0,25.0,32.0,0.0,0.000489,0.0,0.6154,0.001964,0.7653,-0.0836,broker
permanente,14,0,#c5b0d5,0.0027471610810607,20,5,15,0,25.0,33.0,0.0,0.000477,0.0,0.5526,0.002317,0.74,0.1141,broker
infraestructura,14,3,#c5b0d5,0.0025300432462245,16,2,14,0,14.0,45.0,0.0,0.000477,0.0,0.7083,0.001996,0.7031,-0.4599,broker
tarea,14,3,#c5b0d5,0.0019460268085822,11,1,10,0,8.0,24.0,0.0,0.000344,0.0,0.4182,0.000433,0.6777,-0.4599,broker
constante,14,3,#c5b0d5,0.0035266461782157,22,2,20,0,11.0,58.0,0.0,0.000553,0.0,0.5325,0.002033,0.7397,0.2927,broker
estrategia,14,0,#c5b0d5,0.0035531683824956,14,6,8,0,24.0,17.0,0.0,0.000371,0.0,0.5714,0.001052,0.5204,0.3852,broker
imagen,14,2,#c5b0d5,0.0042254128493368,19,4,15,0,20.0,42.0,0.0,0.000561,0.0,0.4737,0.00192,0.7202,0.3204,broker
coordinado,14,0,#c5b0d5,0.0026584235019981,16,4,12,0,19.0,27.0,0.0,0.000408,0.0,0.575,0.001761,0.6562,0.1141,broker
gastronomico,14,4,#c5b0d5,0.0019216976361349,6,5,1,0,21.0,3.0,0.0,0.00032,0.0,0.7333,0.000526,0.2778,-0.0405,periferico
parque,14,4,#c5b0d5,0.0027737189084291,15,3,12,0,16.0,29.0,0.0,0.000419,0.0,0.4381,0.00129,0.6933,0.4859,broker
rehabilitacion,14,4,#c5b0d5,0.0047933035530149,18,3,15,0,13.0,40.0,0.0,0.000448,0.0,0.5752,0.001159,0.784,-0.5668,broker
condicion,14,2,#c5b0d5,0.0053797103464603,21,4,17,0,21.0,49.0,0.0,0.000581,1e-06,0.5095,0.002032,0.7302,0.3204,broker
pavimento,14,2,#c5b0d5,0.0013934549642726,7,1,6,0,6.0,13.0,0.0,0.000236,0.0,0.7143,0.000167,0.6122,-0.5533,broker
fortalece,14,3,#c5b0d5,0.0029738519806414,3,3,0,0,16.0,0.0,0.0,0.000215,0.0,1.0,0.000292,0.0,-0.4599,periferico
red,14,3,#c5b0d5,0.0032278096769005,10,3,7,0,15.0,18.0,0.0,0.000381,2e-06,0.5556,0.000539,0.62,0.2927,broker
web,14,3,#c5b0d5,0.0017335404409095,3,2,1,0,11.0,2.0,0.0,0.000224,0.0,0.3333,2.2e-05,0.0,-0.4599,periferico
empresario,14,1,#c5b0d5,0.0023965414147824,12,2,10,0,9.0,32.0,0.0,0.000355,0.0,0.7727,0.000964,0.7639,-0.7349,broker
destacar,14,4,#c5b0d5,0.0049186674878001,17,4,13,0,15.0,32.0,0.0,0.000476,0.0,0.4118,0.00127,0.7266,0.4859,broker
cine,14,0,#c5b0d5,0.0012334807543084,4,2,2,0,9.0,4.0,0.0,0.000175,0.0,0.8333,0.000802,0.0,-0.97,periferico
cancha,14,4,#c5b0d5,0.0021320802625268,12,3,9,0,10.0,25.0,0.0,0.000339,0.0,0.5303,0.000724,0.6528,-1.0932,broker
beneficiar,14,1,#c5b0d5,0.0014854272594675,10,1,9,0,3.0,23.0,0.0,0.000275,0.0,0.5556,0.000707,0.58,-0.4562,broker
dengue,14,0,#c5b0d5,0.0040869466029107,13,6,7,0,23.0,20.0,0.0,0.000452,0.001336,0.5769,0.001366,0.6036,-0.1569,broker
pinos,14,2,#c5b0d5,0.0011535586090758,4,2,2,0,9.0,4.0,0.0,0.00022,0.0,0.5,4.7e-05,0.375,-0.5533,periferico
avance,14,1,#c5b0d5,0.0023714134003967,18,2,16,0,7.0,42.0,0.0,0.00045,0.0,0.4837,0.001519,0.7593,-0.4562,broker
bandera,14,1,#c5b0d5,0.0031707843299955,11,6,5,0,30.0,14.0,0.0,0.000412,1e-06,0.6545,0.001322,0.4298,0.3801,periferico
honores,14,1,#c5b0d5,0.0022490087430924,7,6,1,0,24.0,2.0,0.0,0.000286,0.0,0.8571,0.000402,0.2449,-0.1774,periferico
plantel,14,1,#c5b0d5,0.0012299409136176,11,4,7,0,16.0,16.0,0.0,0.000323,0.0,0.6909,0.000765,0.6281,-0.1774,broker
agradable,14,3,#c5b0d5,0.0018933288520202,14,1,13,0,5.0,31.0,0.0,0.000338,0.0,0.4945,0.001244,0.7857,-0.4599,broker
distrito,14,2,#c5b0d5,0.001883829711005,9,2,7,0,9.0,14.0,0.0,0.000252,0.0,0.6944,0.000509,0.6914,-0.2621,broker
educativo,14,1,#c5b0d5,0.001742395455949,11,3,8,0,12.0,19.0,0.0,0.000313,0.0,0.6545,0.000976,0.6281,-0.1774,broker
regional,14,4,#c5b0d5,0.0025903051719069,10,1,9,0,4.0,25.0,0.0,0.000324,0.0,0.5111,0.000578,0.74,-1.0932,broker
patrimonio,14,0,#c5b0d5,0.001288806903176,8,2,6,0,10.0,12.0,0.0,0.000263,0.0,0.5714,0.001442,0.6562,-0.97,broker
civico,14,1,#c5b0d5,0.0024306462146341,11,4,7,0,16.0,16.0,0.0,0.000316,0.0,0.7818,0.000956,0.4298,0.3801,periferico
deuda,14,3,#c5b0d5,0.0025385783519595,7,3,4,0,12.0,10.0,0.0,0.000288,0.0,0.6667,0.001059,0.6122,-0.4599,broker
reducir,14,3,#c5b0d5,0.0025069329421967,6,3,3,0,12.0,9.0,0.0,0.000277,0.0,0.7333,0.001155,0.6111,-0.4599,broker
conservar,14,0,#c5b0d5,0.0017932119080796,10,1,9,0,5.0,19.0,0.0,0.000263,0.0,0.4889,0.001182,0.74,-0.97,broker
republica,14,1,#c5b0d5,0.0012551742838695,6,4,2,0,16.0,6.0,0.0,0.000242,0.0,0.6667,0.000231,0.2778,-0.4562,periferico
motor,14,4,#c5b0d5,0.0015410525957122,4,3,1,0,12.0,2.0,0.0,0.000237,0.0,1.0,1.7e-05,0.0,-0.5668,periferico
aprovechar,14,3,#c5b0d5,0.001930647296831,6,0,6,0,0.0,15.0,0.0,0.000225,0.0,0.4,0.00069,0.7222,-0.8362,broker
sostener,14,2,#c5b0d5,0.0012051904341205,6,1,5,0,4.0,13.0,0.0,0.000204,0.0,0.9333,0.000848,0.6111,-0.8446,broker
mejora,14,3,#c5b0d5,0.0023642636369913,10,1,9,0,4.0,19.0,0.0,0.000274,0.0,0.4889,0.000614,0.72,-0.0836,broker
recuperar,14,2,#c5b0d5,0.0017270992975682,5,1,4,0,3.0,11.0,0.0,0.000191,0.0,0.8,0.000487,0.56,-1.1358,broker
orden,14,3,#c5b0d5,0.003282181918621,11,2,9,0,6.0,23.0,0.0,0.000283,0.0,0.6909,0.001166,0.7107,-0.4599,broker
conurbado,14,2,#c5b0d5,0.0018856989918276,6,1,5,0,4.0,12.0,0.0,0.00022,0.0,0.6667,6.9e-05,0.6111,-0.5533,broker
renovacion,14,2,#c5b0d5,0.0020621265284717,4,3,1,0,10.0,2.0,0.0,0.000204,0.0,0.6667,6.1e-05,0.375,-0.5533,periferico
mitad,14,3,#c5b0d5,0.0018572324188426,3,2,1,0,6.0,4.0,0.0,0.000189,0.0,1.0,0.000661,0.4444,-0.8362,periferico
control,14,0,#c5b0d5,0.0027506621554493,12,2,10,0,7.0,22.0,0.0,0.000309,0.0,0.697,0.000779,0.6806,-0.699,broker
cifra,14,0,#c5b0d5,0.0011046541621908,3,1,2,0,3.0,4.0,0.0,0.000156,0.0,0.6667,1.8e-05,0.6667,-1.7832,broker
ampliar,14,4,#c5b0d5,0.0015324692940339,5,1,4,0,3.0,8.0,0.0,0.000195,0.0,0.2,1.9e-05,0.56,-1.0932,broker
concluir,14,2,#c5b0d5,0.0017343815416097,3,1,2,0,3.0,4.0,0.0,0.000147,0.0,0.6667,5.1e-05,0.4444,-0.8446,periferico
millonario,14,1,#c5b0d5,0.0018595616566017,4,1,3,0,3.0,7.0,0.0,0.000163,0.0,0.6667,0.000422,0.625,-1.2925,broker
monico,14,2,#c5b0d5,0.0014832258457317,3,0,3,0,0.0,7.0,0.0,0.000139,0.0,1.0,0.000458,0.4444,-1.427,periferico
tecnologico,14,1,#c5b0d5,0.0010767219355329,4,0,4,0,0.0,9.0,0.0,0.000161,0.0,0.5,0.000223,0.75,-1.5713,broker
vista,14,1,#c5b0d5,0.0011183625319972,3,1,2,0,3.0,4.0,0.0,0.000146,0.0,0.6667,0.000383,0.6667,-1.5713,broker
alcaldesar,14,2,#c5b0d5,0.0013438349124044,2,0,2,0,0.0,4.0,0.0,0.000126,0.0,1.0,3.4e-05,0.0,-0.8446,periferico
respaldar,14,1,#c5b0d5,0.0011026521679013,4,0,4,0,0.0,8.0,0.0,0.000157,0.0,1.0,0.000347,0.625,-1.2925,broker
espacio,1,0,#ff7f0e,0.017464242875576,94,16,60,18,213.0,337.0,549.0,0.006561,0.048238,0.1801,0.126859,0.8474,1.6635,broker
familia,1,0,#ff7f0e,0.0125133479014039,92,18,53,21,261.0,295.0,632.0,0.007117,0.05085,0.1892,0.131364,0.8653,2.0706,broker
paz,1,0,#ff7f0e,0.0073117255233228,33,13,20,0,88.0,71.0,0.0,0.001137,0.00299,0.3845,0.006162,0.6593,1.46,broker
disfrutar,1,0,#ff7f0e,0.0080836880952119,39,9,30,0,93.0,111.0,0.0,0.001382,0.002754,0.4184,0.007588,0.7719,0.0354,broker
convivencia,1,0,#ff7f0e,0.0115608694031834,42,11,30,1,105.0,107.0,20.0,0.001543,0.00134,0.4007,0.008979,0.7562,1.053,broker
desarrollo,1,2,#ff7f0e,0.006512647960335,47,11,34,2,74.0,135.0,45.0,0.00173,0.003138,0.3349,0.011946,0.7569,1.4825,broker
impulsar,1,2,#ff7f0e,0.0111759137362241,65,16,42,7,119.0,209.0,204.0,0.003361,0.015412,0.2591,0.054797,0.8038,2.7767,conector_provincial
futbol,1,3,#ff7f0e,0.0078804362565279,31,11,20,0,94.0,88.0,0.0,0.001297,0.010376,0.4667,0.003435,0.6993,1.8592,broker
pasion,1,3,#ff7f0e,0.0079547483474016,31,9,22,0,64.0,59.0,0.0,0.000938,2.8e-05,0.4043,0.001245,0.7263,1.5696,broker
cultura,1,1,#ff7f0e,0.010270862840116,48,17,29,2,102.0,140.0,39.0,0.001998,0.012907,0.2828,0.017235,0.6788,3.9257,conector_provincial
compartir,1,0,#ff7f0e,0.0048084892332553,40,13,27,0,77.0,97.0,0.0,0.001251,0.002657,0.4231,0.005114,0.7725,0.6459,broker
cultural,1,1,#ff7f0e,0.0089233880862593,39,7,32,0,50.0,120.0,0.0,0.001238,0.001347,0.3725,0.003858,0.7679,1.4306,broker
invitar,1,3,#ff7f0e,0.0056740352883934,35,8,27,0,36.0,108.0,0.0,0.00101,0.0,0.4487,0.003939,0.7624,0.9905,broker
formar,1,3,#ff7f0e,0.0037630915176123,26,5,21,0,21.0,71.0,0.0,0.00069,0.0,0.5046,0.003565,0.7189,0.4115,broker
historia,1,3,#ff7f0e,0.007162339054048,39,12,27,0,83.0,90.0,0.0,0.001276,0.001351,0.3914,0.002783,0.7666,1.5696,broker
actividad,1,0,#ff7f0e,0.0110479621216654,47,12,35,0,91.0,125.0,0.0,0.001524,0.002919,0.3562,0.005729,0.7877,0.6459,broker
local,1,2,#ff7f0e,0.0048684850335121,22,9,13,0,57.0,38.0,0.0,0.000703,0.001333,0.5368,0.002746,0.6281,0.9648,broker
junio,1,0,#ff7f0e,0.0059116031043231,33,8,25,0,42.0,62.0,0.0,0.000788,1e-06,0.3977,0.002757,0.7622,0.4424,broker
libre,1,0,#ff7f0e,0.0026269573718309,22,7,15,0,41.0,38.0,0.0,0.000613,0.0,0.4719,0.003079,0.6818,-0.3716,broker
zacil,1,1,#ff7f0e,0.0038500775117427,14,3,11,0,21.0,29.0,0.0,0.000428,0.0,0.5055,0.001407,0.5714,0.4325,broker
arteycultura,1,1,#ff7f0e,0.0035609044134616,10,3,7,0,20.0,14.0,0.0,0.00041,0.0,0.4889,0.000129,0.34,0.4325,periferico
secretariadecultura,1,1,#ff7f0e,0.0030269131530076,10,4,6,0,26.0,12.0,0.0,0.00044,1e-06,0.5778,0.000412,0.46,0.183,periferico
grande,1,0,#ff7f0e,0.0028644378762692,27,6,21,0,35.0,59.0,0.0,0.000697,0.000709,0.5043,0.003125,0.7517,0.0354,broker
celebrar,1,3,#ff7f0e,0.0052375509403645,31,5,26,0,32.0,94.0,0.0,0.000882,6e-06,0.5333,0.00313,0.7222,0.701,broker
apoyar,1,2,#ff7f0e,0.0053728292696177,30,7,23,0,35.0,90.0,0.0,0.000888,0.0,0.4713,0.003585,0.7889,0.1882,broker
hijas,1,1,#ff7f0e,0.0014037399087101,4,1,3,0,11.0,7.0,0.0,0.000222,0.0,1.0,0.000435,0.375,-1.3141,periferico
plaza,1,1,#ff7f0e,0.0032628769986331,24,6,18,0,31.0,52.0,0.0,0.000716,0.00134,0.4384,0.001974,0.75,0.4325,broker
arte,1,1,#ff7f0e,0.0039246366359293,22,5,17,0,27.0,52.0,0.0,0.000619,0.001332,0.4675,0.00173,0.6942,0.682,broker
ciudadano,1,0,#ff7f0e,0.0031764444429427,21,7,14,0,48.0,36.0,0.0,0.000607,1e-06,0.6238,0.003471,0.7211,-0.1681,broker
deportivo,1,4,#ff7f0e,0.0094512766227126,38,7,31,0,36.0,132.0,0.0,0.00127,0.002674,0.4097,0.003654,0.759,2.7474,conector_provincial
orgullo,1,2,#ff7f0e,0.005981792230159,42,6,35,1,40.0,136.0,21.0,0.001336,5.5e-05,0.4251,0.006437,0.7551,1.4825,broker
pesca,1,4,#ff7f0e,0.0025664740242064,9,3,6,0,25.0,15.0,0.0,0.000434,3e-06,0.3611,0.000621,0.642,0.4579,broker
torneo,1,4,#ff7f0e,0.0053059211932122,19,3,16,0,21.0,50.0,0.0,0.000582,1.1e-05,0.5497,0.001218,0.7258,-0.4579,broker
musica,1,1,#ff7f0e,0.0041931713931262,25,5,20,0,20.0,58.0,0.0,0.000629,0.001332,0.4333,0.00216,0.6752,1.181,broker
experiencia,1,4,#ff7f0e,0.0038546454161405,28,1,27,0,3.0,83.0,0.0,0.000655,0.0,0.4444,0.002985,0.7806,0.4579,broker
promover,1,0,#ff7f0e,0.0063264882192015,32,8,24,0,44.0,65.0,0.0,0.000819,0.0,0.4173,0.003057,0.7363,0.4424,broker
reafirmar,1,0,#ff7f0e,0.0017522107809782,17,7,10,0,31.0,28.0,0.0,0.000452,0.0,0.6985,0.002802,0.5675,0.0354,broker
reunir,1,3,#ff7f0e,0.0049684266559779,22,6,16,0,19.0,50.0,0.0,0.000542,0.0,0.5065,0.002263,0.7438,0.1219,broker
identidad,1,3,#ff7f0e,0.00306115928106,23,3,20,0,20.0,51.0,0.0,0.000556,0.0,0.5336,0.001308,0.7372,-0.1676,broker
participacion,1,0,#ff7f0e,0.0053455764427781,35,11,24,0,59.0,70.0,0.0,0.000935,2e-06,0.4471,0.00267,0.7282,0.8495,broker
region,1,2,#ff7f0e,0.0031980373896658,25,5,20,0,27.0,53.0,0.0,0.000643,0.0,0.4433,0.00194,0.7776,0.1882,broker
emprendedor,1,2,#ff7f0e,0.0026465260889381,11,6,5,0,36.0,15.0,0.0,0.000437,3e-06,0.6909,0.001539,0.5289,-0.0706,broker
talento,1,2,#ff7f0e,0.0053144274279475,34,5,29,0,30.0,95.0,0.0,0.000913,4e-06,0.4171,0.002469,0.7526,0.1882,broker
fiesta,1,3,#ff7f0e,0.0021088141947984,9,2,7,0,8.0,25.0,0.0,0.000303,0.0,0.6667,0.001453,0.716,-1.3258,broker
economia,1,2,#ff7f0e,0.0027258084155619,10,5,5,0,24.0,15.0,0.0,0.000357,0.001335,0.6444,0.001488,0.34,0.1882,periferico
agenda,1,1,#ff7f0e,0.0031837362330406,11,2,9,0,11.0,24.0,0.0,0.000311,0.0,0.7818,0.000739,0.6116,-0.8151,broker
llenar,1,1,#ff7f0e,0.002778734313324,19,3,16,0,10.0,51.0,0.0,0.00048,0.0,0.5673,0.001717,0.7479,-0.0665,broker
huasteco,1,1,#ff7f0e,0.0027243960648775,15,5,10,0,27.0,24.0,0.0,0.00048,1.1e-05,0.4952,0.000881,0.6844,0.183,broker
mercadito,1,1,#ff7f0e,0.0014182683080434,10,2,8,0,12.0,21.0,0.0,0.000321,0.0,0.7778,0.001046,0.7,-0.8151,broker
alimento,1,2,#ff7f0e,0.0029129309114068,6,2,4,0,12.0,12.0,0.0,0.000262,0.0,0.7333,0.001008,0.4444,-0.8471,periferico
capacitacion,1,2,#ff7f0e,0.0043661436066031,10,4,5,1,17.0,15.0,19.0,0.000415,0.000971,0.4889,0.006168,0.54,-0.3294,broker
encuentro,1,4,#ff7f0e,0.0058963340707123,32,3,29,0,15.0,84.0,0.0,0.000761,0.001331,0.4435,0.001805,0.7637,0.4579,broker
reflejar,1,0,#ff7f0e,0.0016131818993017,14,5,9,0,20.0,31.0,0.0,0.000411,0.0,0.6374,0.001705,0.7143,-0.7787,broker
bailes,1,1,#ff7f0e,0.001846621511504,10,4,6,0,17.0,12.0,0.0,0.000329,1e-06,0.6222,0.000366,0.34,0.4325,periferico
populares,1,1,#ff7f0e,0.0016803762409836,9,4,5,0,16.0,11.0,0.0,0.00031,0.0,0.6389,0.000485,0.3457,0.183,periferico
union,1,0,#ff7f0e,0.0013805512571707,4,1,3,0,7.0,6.0,0.0,0.000172,0.0,1.0,0.001246,0.375,-1.3892,periferico
generacion,1,3,#ff7f0e,0.0039315065369009,22,4,18,0,13.0,49.0,0.0,0.000531,0.0,0.4113,0.001378,0.6653,0.701,broker
artistico,1,1,#ff7f0e,0.0030442213173955,17,5,12,0,20.0,29.0,0.0,0.000442,3e-06,0.4559,0.000945,0.7128,0.183,broker
siglo,1,3,#ff7f0e,0.0019665793515741,8,5,3,0,26.0,7.0,0.0,0.000322,0.0,0.6429,8.3e-05,0.5312,-0.7467,broker
trofeo,1,3,#ff7f0e,0.0011789834825322,7,3,4,0,13.0,8.0,0.0,0.000232,0.0,0.9048,0.000174,0.2449,-0.4572,periferico
pieza,1,3,#ff7f0e,0.0011753967264667,4,1,3,0,6.0,6.0,0.0,0.000175,0.0,0.8333,0.000295,0.625,-1.6154,broker
reunion,1,2,#ff7f0e,0.0028285824228078,15,4,11,0,20.0,29.0,0.0,0.000416,0.0,0.581,0.001719,0.6756,-0.0706,broker
consulta,1,1,#ff7f0e,0.0013951921137049,8,2,6,0,8.0,19.0,0.0,0.000321,0.0,0.5357,0.001512,0.5938,-0.5656,broker
comunitario,1,0,#ff7f0e,0.0037379350978881,15,6,9,0,23.0,25.0,0.0,0.000389,0.0,0.7048,0.001739,0.5778,-0.1681,broker
unir,1,3,#ff7f0e,0.0033945743925869,15,3,12,0,14.0,29.0,0.0,0.000382,0.0,0.6,0.001103,0.7111,-0.4572,broker
banda,1,1,#ff7f0e,0.0017452762695029,8,5,3,0,21.0,7.0,0.0,0.000319,0.0,0.6429,0.000442,0.5312,-0.3161,broker
con,1,1,#ff7f0e,0.002838762011379,11,4,7,0,18.0,16.0,0.0,0.000359,0.0,0.6727,0.000619,0.4298,0.4325,periferico
jorge,1,4,#ff7f0e,0.0017381992656737,9,2,7,0,6.0,21.0,0.0,0.00027,0.0,0.6389,0.000901,0.6914,-0.9158,broker
herramienta,1,2,#ff7f0e,0.0023696077987551,16,4,12,0,18.0,31.0,0.0,0.000414,0.0,0.525,0.001299,0.6484,-0.3294,broker
horario,1,1,#ff7f0e,0.0011822117958217,5,2,3,0,10.0,6.0,0.0,0.000231,0.0,0.6,9.9e-05,0.0,-0.3161,periferico
danza,1,1,#ff7f0e,0.004064111970365,20,6,14,0,25.0,30.0,0.0,0.000495,4e-06,0.4474,0.000864,0.665,0.4325,broker
sano,1,0,#ff7f0e,0.0016689697513356,9,1,8,0,5.0,18.0,0.0,0.000234,0.0,0.9167,0.000858,0.5679,-0.9822,broker
producto,1,2,#ff7f0e,0.001758785569109,12,4,8,0,16.0,18.0,0.0,0.000332,0.0,0.5758,0.001065,0.375,0.4471,periferico
violencia,1,0,#ff7f0e,0.0025255994405597,9,2,7,0,8.0,14.0,0.0,0.000271,0.0,0.3889,0.000225,0.4938,-0.7787,periferico
alumno,1,0,#ff7f0e,0.0026904123369604,15,4,11,0,14.0,27.0,0.0,0.000355,0.0,0.6286,0.000825,0.6667,-0.5752,broker
consolidar,1,2,#ff7f0e,0.0018027443438768,12,3,9,0,11.0,21.0,0.0,0.0003,0.0,0.5303,0.001282,0.7222,-1.106,broker
crecimiento,1,2,#ff7f0e,0.0030498993583023,12,4,8,0,15.0,16.0,0.0,0.000319,0.0,0.5303,0.000382,0.2778,0.7059,periferico
recreativa,1,4,#ff7f0e,0.001063804840669,6,1,5,0,3.0,14.0,0.0,0.000206,0.0,0.8667,0.000338,0.6667,-1.3737,broker
reflexion,1,1,#ff7f0e,0.0014621954178437,13,2,11,0,7.0,27.0,0.0,0.000314,0.0,0.6538,0.000918,0.7811,-0.8151,broker
deportiva,1,2,#ff7f0e,0.0022380722220987,12,1,10,1,5.0,25.0,21.0,0.000434,0.001323,0.4697,0.00321,0.7778,-1.106,broker
conservacion,1,4,#ff7f0e,0.0014068959280848,5,1,4,0,4.0,11.0,0.0,0.000205,0.0,0.7,0.000685,0.56,-0.4579,broker
sede,1,4,#ff7f0e,0.0014307312667369,9,4,5,0,14.0,10.0,0.0,0.000267,0.0,0.7222,0.000324,0.4938,0.4579,periferico
expo,1,3,#ff7f0e,0.0034578531049191,11,4,7,0,16.0,19.0,0.0,0.000347,4e-06,0.4545,0.000238,0.4628,-0.1676,periferico
martes,1,3,#ff7f0e,0.0017316117882728,8,2,6,0,8.0,15.0,0.0,0.000253,0.0,0.5714,7.2e-05,0.5,-1.0363,broker
futbolero,1,1,#ff7f0e,0.0026066971477121,10,2,8,0,8.0,21.0,0.0,0.000293,0.0,0.7333,0.000629,0.72,-1.0646,broker
legado,1,3,#ff7f0e,0.0017501628026366,9,5,4,0,19.0,10.0,0.0,0.000302,0.0,0.4722,0.000472,0.4938,-0.4572,periferico
miercoles,1,1,#ff7f0e,0.0010502520017325,8,1,7,0,4.0,15.0,0.0,0.000231,0.0,0.5,0.000101,0.5625,-0.3161,broker
presentacion,1,1,#ff7f0e,0.0022767067421227,9,3,6,0,11.0,12.0,0.0,0.000259,0.0,0.7222,0.000363,0.4938,-0.3161,periferico
voz,1,0,#ff7f0e,0.0010342026362195,11,3,8,0,10.0,20.0,0.0,0.000292,0.0,0.6364,0.001183,0.6942,-0.9822,broker
intercambio,1,4,#ff7f0e,0.0025801735464483,11,1,10,0,3.0,28.0,0.0,0.000295,0.0,0.6909,0.001197,0.6777,-0.4579,broker
convenio,1,2,#ff7f0e,0.001191455987282,4,2,2,0,8.0,4.0,0.0,0.00017,0.0,1.0,0.000558,0.625,-1.3648,broker
practica,1,2,#ff7f0e,0.0021743173711001,9,2,7,0,7.0,18.0,0.0,0.000266,0.0,0.5833,0.001134,0.6914,-0.8471,broker
construccion,1,0,#ff7f0e,0.0011544495355337,5,1,4,0,4.0,8.0,0.0,0.000182,0.0,0.7,0.00033,0.56,-1.3892,broker
mundialista,1,3,#ff7f0e,0.0029004523530602,13,4,9,0,14.0,24.0,0.0,0.00034,0.0,0.6667,0.000672,0.6272,-0.1676,broker
valioso,1,2,#ff7f0e,0.0013600833481177,9,3,6,0,10.0,12.0,0.0,0.000236,0.0,0.6667,0.000592,0.6667,-0.8471,broker
tradicional,1,1,#ff7f0e,0.0011416882043704,10,1,9,0,3.0,18.0,0.0,0.000247,0.0,0.4889,0.000312,0.54,-0.0665,broker
bienvenido,1,4,#ff7f0e,0.0012915962142869,5,2,3,0,6.0,8.0,0.0,0.000193,0.0,0.7,0.000207,0.56,-0.4579,broker
comercial,1,2,#ff7f0e,0.0013025100342929,6,1,5,0,3.0,10.0,0.0,0.000193,0.0,0.4667,0.000286,0.4444,-0.8471,periferico
juridico,1,0,#ff7f0e,0.0013063948135823,2,1,1,0,3.0,2.0,0.0,0.000154,0.0,0.0,1.6e-05,0.5,-1.7962,broker
especie,1,4,#ff7f0e,0.00123631733004,15,2,13,0,6.0,28.0,0.0,0.000334,0.0,0.5333,0.000807,0.6844,0.4579,broker
asimismo,1,1,#ff7f0e,0.0017094853101298,6,0,6,0,0.0,13.0,0.0,0.000179,0.0,0.6667,9.3e-05,0.6667,-1.0646,broker
participante,1,1,#ff7f0e,0.0021841826383024,12,2,10,0,6.0,20.0,0.0,0.000282,0.0,0.3333,0.000359,0.75,-0.5656,broker
ritmo,1,1,#ff7f0e,0.0014018636429682,5,0,5,0,0.0,10.0,0.0,0.000165,0.0,0.5,7.3e-05,0.32,-1.3141,periferico
academico,1,2,#ff7f0e,0.0016452531563118,9,0,9,0,0.0,18.0,0.0,0.000217,0.0,0.7222,0.000332,0.5926,-0.8471,broker
informativo,1,1,#ff7f0e,0.0010947458213195,6,0,6,0,0.0,12.0,0.0,0.000246,0.0,0.4,1.7e-05,0.5,-0.8151,broker
muestra,1,3,#ff7f0e,0.0012571498518809,6,0,6,0,0.0,12.0,0.0,0.000183,0.0,0.5333,2.9e-05,0.6111,-1.3258,broker
ambiental,1,4,#ff7f0e,0.0011109426850453,2,0,2,0,0.0,4.0,0.0,0.000132,0.0,1.0,9e-06,0.0,-0.9158,periferico
mexico,12,0,#98df8a,0.0280111450701951,83,21,57,5,194.0,248.0,145.0,0.006305,0.142072,0.1405,0.024055,0.808,3.916,conector_provincial
viva,12,0,#98df8a,0.0080405008047819,22,6,16,0,71.0,48.0,0.0,0.001342,0.001336,0.3723,0.001695,0.7851,0.472,broker
pais,12,0,#98df8a,0.0083143021911382,54,14,40,0,95.0,112.0,0.0,0.002464,0.006699,0.2061,0.002152,0.7709,2.5766,conector_provincial
gobierno,12,3,#98df8a,0.0200294964015483,96,16,64,16,83.0,265.0,497.0,0.006874,0.077199,0.1232,0.10789,0.8698,3.7904,conector_provincial
claudia,12,0,#98df8a,0.0123268766328692,38,9,28,1,77.0,84.0,25.0,0.002001,0.005857,0.2646,0.010347,0.7922,1.4286,broker
sheinbaum,12,0,#98df8a,0.0039943349547684,11,4,7,0,38.0,19.0,0.0,0.00069,7e-06,0.4727,0.001023,0.6116,0.0893,broker
morena,12,4,#98df8a,0.01835148781538,60,9,51,0,53.0,193.0,0.0,0.002954,0.010957,0.2017,0.00152,0.8217,1.8856,broker
empezar,12,3,#98df8a,0.0032180889975279,14,1,13,0,13.0,33.0,0.0,0.000582,0.0,0.3516,0.001691,0.8061,0.033,broker
narco,12,4,#98df8a,0.0189837105572223,48,7,41,0,44.0,130.0,0.0,0.002192,0.005699,0.234,0.001349,0.8186,1.5713,broker
corrupto,12,4,#98df8a,0.0112031064927577,35,7,28,0,38.0,89.0,0.0,0.001619,0.006607,0.2689,0.001699,0.7951,1.8856,broker
verguenza,12,0,#98df8a,0.0043640541844069,12,3,9,0,23.0,23.0,0.0,0.000581,0.0,0.5758,0.000281,0.75,-0.102,broker
puro,12,3,#98df8a,0.0055819768458604,36,5,31,0,25.0,100.0,0.0,0.001549,0.00617,0.2667,0.000853,0.8272,0.3461,broker
fiscal,12,2,#98df8a,0.0076706442050635,20,3,17,0,17.0,41.0,0.0,0.000783,5e-06,0.3895,0.000117,0.79,0.0968,broker
huachicol,12,2,#98df8a,0.0105789992958307,24,3,21,0,17.0,56.0,0.0,0.000926,0.00132,0.3551,0.000732,0.7917,0.7419,broker
millon,12,0,#98df8a,0.0055098296143114,18,3,15,0,18.0,40.0,0.0,0.000724,1e-06,0.451,0.000653,0.8086,-0.102,broker
patria,12,1,#98df8a,0.0077944663353264,32,8,24,0,33.0,72.0,0.0,0.001292,0.003912,0.3508,0.000915,0.7578,2.3222,broker
creer,12,3,#98df8a,0.0059774275869131,23,3,20,0,18.0,68.0,0.0,0.001017,0.0,0.3478,0.001353,0.7826,0.6592,broker
lopez,12,2,#98df8a,0.0143835917115211,32,8,24,0,40.0,72.0,0.0,0.001449,0.009933,0.2278,0.000979,0.7207,2.6774,conector_provincial
politico,12,4,#98df8a,0.0115094119682908,26,4,22,0,19.0,71.0,0.0,0.001062,0.00143,0.4,0.001003,0.8047,0.0,broker
obrador,12,2,#98df8a,0.0069993380457162,15,6,9,0,24.0,21.0,0.0,0.000614,5e-06,0.3905,5.9e-05,0.7467,0.4194,broker
augusto,12,2,#98df8a,0.0059867450036108,14,6,8,0,28.0,16.0,0.0,0.000644,0.001344,0.3956,2.7e-05,0.449,1.7097,periferico
eeuu,12,0,#98df8a,0.0049367295578122,9,1,8,0,9.0,17.0,0.0,0.000383,0.0,0.5278,0.000241,0.7407,-0.8674,broker
federal,12,1,#98df8a,0.0050542769022285,22,3,19,0,10.0,53.0,0.0,0.000812,0.001305,0.3117,0.001121,0.7603,1.2559,broker
directo,12,3,#98df8a,0.0033035753294825,8,2,6,0,12.0,13.0,0.0,0.000353,0.0,0.3571,0.000918,0.6562,0.033,broker
criminal,12,4,#98df8a,0.0033837330993264,7,2,5,0,12.0,11.0,0.0,0.000331,0.0,0.8571,0.00037,0.5714,-0.3143,broker
animo,12,0,#98df8a,0.0018760765669867,5,3,2,0,14.0,4.0,0.0,0.000278,0.0,0.8,0.000219,0.32,-0.2934,periferico
soberania,12,0,#98df8a,0.0032772943377494,11,2,9,0,14.0,18.0,0.0,0.000441,0.0,0.4909,0.000431,0.6777,-0.102,broker
trump,12,1,#98df8a,0.0078248083591461,20,5,15,0,18.0,45.0,0.0,0.000849,0.001351,0.3211,0.000918,0.73,1.2559,broker
amlo,12,4,#98df8a,0.0066035841591656,19,2,17,0,10.0,40.0,0.0,0.000699,2.7e-05,0.3567,0.000559,0.8144,0.0,broker
gol,12,0,#98df8a,0.0028392181266099,7,2,5,0,10.0,11.0,0.0,0.000336,0.0,0.619,0.000213,0.4082,-0.102,periferico
criticar,12,3,#98df8a,0.0021522231400012,6,2,4,0,10.0,10.0,0.0,0.000317,0.0,0.4667,2.1e-05,0.6111,-0.2802,broker
corrupcion,12,5,#98df8a,0.007758623920381,29,2,27,0,11.0,71.0,0.0,0.001029,3e-06,0.3645,0.0008,0.8228,1.0488,broker
palacio,12,0,#98df8a,0.0032963391859084,9,3,6,0,14.0,12.0,0.0,0.00038,0.0,0.6389,0.000426,0.3704,0.2806,periferico
mexicanos,12,0,#98df8a,0.0023672101087868,6,3,3,0,12.0,6.0,0.0,0.000274,0.0,0.8667,0.000391,0.5,-0.2934,broker
carcel,12,1,#98df8a,0.0050151501782238,24,6,18,0,23.0,43.0,0.0,0.000874,4.8e-05,0.4058,0.000436,0.7708,1.6113,broker
dinero,12,5,#98df8a,0.0061598890461027,28,4,24,0,19.0,64.0,0.0,0.001112,0.001369,0.3307,0.000439,0.8291,0.3814,broker
delincuente,12,1,#98df8a,0.0058579165488481,32,7,25,0,29.0,69.0,0.0,0.001359,0.001479,0.3085,0.000439,0.7773,2.3222,broker
manuel,12,2,#98df8a,0.0030682070646435,8,1,7,0,3.0,22.0,0.0,0.000347,0.0,0.7143,0.000757,0.6562,-0.2258,broker
robar,12,5,#98df8a,0.0097986971959471,29,3,26,0,16.0,67.0,0.0,0.00107,8.1e-05,0.3695,0.000589,0.7967,1.7162,broker
senor,12,0,#98df8a,0.0028313715010881,13,2,11,0,10.0,26.0,0.0,0.000521,0.0,0.4872,0.000133,0.7692,-0.2934,broker
argentina,12,1,#98df8a,0.0031754523515701,7,3,4,0,12.0,10.0,0.0,0.000365,1e-06,0.4286,0.00011,0.449,0.1896,periferico
ala,12,0,#98df8a,0.0028766198083758,16,4,12,0,16.0,27.0,0.0,0.000603,2e-06,0.4083,0.000454,0.8047,-0.102,broker
hijo,12,4,#98df8a,0.0083767799660563,22,3,19,0,13.0,47.0,0.0,0.000797,3e-06,0.3896,0.000483,0.8017,0.0,broker
ladron,12,5,#98df8a,0.0034545122180134,4,1,3,0,6.0,7.0,0.0,0.00024,0.0,0.6667,1.2e-05,0.625,-0.9535,broker
ratero,12,4,#98df8a,0.004766147583723,11,3,8,0,13.0,16.0,0.0,0.000442,0.0,0.5273,2.9e-05,0.6446,0.0,broker
gobernadora,12,1,#98df8a,0.0039257225580513,10,3,7,0,11.0,21.0,0.0,0.000498,0.000966,0.4667,0.000662,0.68,0.1896,broker
olvidar,12,0,#98df8a,0.0034155629109591,6,1,5,0,5.0,11.0,0.0,0.000259,0.0,0.8667,0.000381,0.6111,-0.4847,broker
forma,12,3,#98df8a,0.0019035803852602,7,2,5,0,9.0,17.0,0.0,0.000363,0.0,0.6667,0.000687,0.6531,-0.5933,broker
caer,12,1,#98df8a,0.0071882312186062,29,1,28,0,5.0,68.0,0.0,0.000972,2e-06,0.2537,0.00049,0.8109,1.2559,broker
resolver,12,0,#98df8a,0.0014374922029674,7,2,5,0,10.0,10.0,0.0,0.000322,0.0,0.5714,0.000369,0.5714,-0.2934,broker
impunidad,12,1,#98df8a,0.0034488544333726,8,1,7,0,5.0,16.0,0.0,0.000336,0.0,0.6071,0.000291,0.75,-0.5213,broker
chihuahua,12,1,#98df8a,0.0059532378800213,12,2,10,0,9.0,25.0,0.0,0.000555,0.001701,0.3485,0.000477,0.8056,-0.1659,broker
andy,12,2,#98df8a,0.0034634142648428,4,1,3,0,5.0,7.0,0.0,0.000239,0.0,0.5,8e-06,0.375,-0.5484,periferico
nombre,12,2,#98df8a,0.0057292808778584,24,3,21,0,12.0,52.0,0.0,0.000856,2e-06,0.3007,0.000695,0.7986,0.7419,broker
donde,12,2,#98df8a,0.0023910847958177,8,1,7,0,3.0,17.0,0.0,0.000332,0.0,0.2143,0.000575,0.8125,-0.871,broker
vender,12,1,#98df8a,0.0032618048135191,7,1,6,0,5.0,13.0,0.0,0.000285,0.0,0.5714,0.000354,0.7347,-0.5213,broker
andrea,12,1,#98df8a,0.0019933898001909,4,2,2,0,8.0,4.0,0.0,0.000274,0.0,0.1667,5e-06,0.375,-0.5213,periferico
bravo,12,3,#98df8a,0.001915771397762,5,1,4,0,5.0,9.0,0.0,0.000235,0.0,0.7,0.000646,0.72,-0.5933,broker
extranjero,12,0,#98df8a,0.0016460316255688,3,1,2,0,5.0,4.0,0.0,0.00019,0.0,1.0,0.000132,0.0,-0.4847,periferico
capturar,12,0,#98df8a,0.0027216277085244,7,1,6,0,3.0,18.0,0.0,0.000331,0.0,0.4762,0.000375,0.6939,-0.4847,broker
medalla,12,3,#98df8a,0.0032882357481867,12,3,9,0,11.0,20.0,0.0,0.000479,0.001325,0.2879,0.000588,0.7361,0.3461,broker
circo,12,0,#98df8a,0.0043352977372705,12,3,9,0,10.0,23.0,0.0,0.000458,0.0,0.5606,0.000124,0.7222,-0.102,broker
decision,12,3,#98df8a,0.001129848184064,7,1,6,0,5.0,12.0,0.0,0.000259,0.0,0.6667,0.000649,0.6122,-0.2802,broker
pobre,12,0,#98df8a,0.003240403952077,19,5,14,0,17.0,37.0,0.0,0.000721,0.000369,0.4152,0.000341,0.7147,0.472,broker
adan,12,2,#98df8a,0.0054646036587655,15,4,11,0,16.0,25.0,0.0,0.000616,0.0,0.3619,2.4e-05,0.6489,1.0645,broker
garcia,12,2,#98df8a,0.0025133821181952,12,3,9,0,11.0,22.0,0.0,0.0005,0.001991,0.3939,0.00037,0.7778,-0.2258,broker
jajajaja,12,4,#98df8a,0.0049098497256636,13,2,11,0,7.0,27.0,0.0,0.000469,0.0,0.5769,0.000365,0.7456,-0.6285,broker
dias,12,1,#98df8a,0.0016672186320647,6,0,6,0,0.0,14.0,0.0,0.000239,0.0,0.6,0.000467,0.7778,-1.2322,broker
volver,12,2,#98df8a,0.0017883328255265,12,2,10,0,7.0,26.0,0.0,0.000469,0.0,0.3939,0.000549,0.7083,0.0968,broker
politicos,12,4,#98df8a,0.0017904218984767,3,3,0,0,11.0,0.0,0.0,0.000217,0.0,1.0,1.8e-05,0.0,-0.6285,periferico
mentir,12,0,#98df8a,0.0034553476143628,8,3,5,0,9.0,13.0,0.0,0.000337,0.0,0.7143,0.000432,0.5625,-0.102,broker
destruir,12,3,#98df8a,0.0018021124415099,8,1,7,0,4.0,16.0,0.0,0.000303,0.0,0.6429,0.000543,0.6875,-0.2802,broker
pemex,12,3,#98df8a,0.0044040121138095,7,1,6,0,4.0,12.0,0.0,0.000266,0.0,0.4762,0.000482,0.7755,-0.5933,broker
robo,12,1,#98df8a,0.0028781036380678,7,2,5,0,6.0,13.0,0.0,0.000339,0.0,0.3333,0.000239,0.8163,-0.8767,broker
pena,12,1,#98df8a,0.0025129737332463,15,3,12,0,11.0,25.0,0.0,0.000502,0.0,0.581,0.000302,0.7556,0.545,broker
etc,12,1,#98df8a,0.0051454394124448,19,4,15,0,13.0,35.0,0.0,0.000638,1e-06,0.4912,0.000425,0.7701,0.9004,broker
dema,12,3,#98df8a,0.0027723459061235,12,4,8,0,14.0,18.0,0.0,0.000461,3e-06,0.3636,0.000474,0.6806,0.6592,broker
detener,12,2,#98df8a,0.0038902920205146,13,1,12,0,3.0,28.0,0.0,0.000447,0.0,0.3462,0.000447,0.7692,-0.5484,broker
involucrado,12,1,#98df8a,0.0022803209722042,7,1,6,0,3.0,15.0,0.0,0.000297,0.0,0.381,0.000468,0.6939,-0.5213,broker
rafael,12,2,#98df8a,0.0012789361644536,5,1,4,0,4.0,8.0,0.0,0.000227,0.0,0.7,0.000255,0.8,-1.1935,broker
armas,12,3,#98df8a,0.0018884944729506,7,1,6,0,4.0,13.0,0.0,0.000276,0.0,0.5714,0.000534,0.7755,-0.9064,broker
traicion,12,5,#98df8a,0.0024863891303539,11,1,10,0,4.0,20.0,0.0,0.000367,0.0,0.5273,1.8e-05,0.7438,-0.286,broker
pez,12,1,#98df8a,0.0041542202234268,9,1,8,0,3.0,18.0,0.0,0.000373,7e-06,0.3056,1.6e-05,0.8148,-0.8767,broker
agarrar,12,1,#98df8a,0.0030500327702611,8,2,6,0,6.0,15.0,0.0,0.000333,0.0,0.7143,0.00029,0.7188,-0.5213,broker
asociado,12,3,#98df8a,0.0020577122922986,3,1,2,0,4.0,4.0,0.0,0.000176,0.0,0.6667,0.000458,0.0,-0.2802,periferico
faltar,12,1,#98df8a,0.0056977332569658,21,2,19,0,6.0,43.0,0.0,0.00066,0.0,0.3762,0.000568,0.771,-0.1659,broker
cuando,12,2,#98df8a,0.0028355144895613,6,0,6,0,0.0,15.0,0.0,0.000253,0.0,0.4,0.000536,0.7222,-0.871,broker
romper,12,1,#98df8a,0.001907228026539,6,1,5,0,4.0,11.0,0.0,0.000259,0.0,0.6667,6.3e-05,0.6111,-0.5213,broker
gato,12,0,#98df8a,0.0017370952991768,4,1,3,0,4.0,6.0,0.0,0.000206,0.0,0.6667,3.1e-05,0.375,-0.4847,periferico
enrique,12,2,#98df8a,0.0018110139062628,5,2,3,0,7.0,6.0,0.0,0.000251,0.0,0.3,5.8e-05,0.64,-0.871,broker
prueba,12,3,#98df8a,0.0033242891076952,6,3,3,0,10.0,6.0,0.0,0.000265,0.0,0.4667,0.000401,0.6667,-0.2802,broker
aser,12,5,#98df8a,0.0018330883467569,6,1,5,0,4.0,11.0,0.0,0.000261,0.0,0.6667,0.000235,0.7222,-0.9535,broker
vengar,12,0,#98df8a,0.0024540701415389,5,1,4,0,4.0,8.0,0.0,0.000236,0.0,0.5,0.000106,0.72,-0.8674,broker
cargo,12,1,#98df8a,0.0020193562377244,8,1,7,0,3.0,16.0,0.0,0.000289,0.0,0.8571,0.000379,0.7812,-0.8767,broker
quot,12,0,#98df8a,0.0013957404298707,5,1,4,0,3.0,8.0,0.0,0.00022,0.0,0.5,4.1e-05,0.32,-0.2934,periferico
marino,12,1,#98df8a,0.0021087380591779,7,1,6,0,3.0,13.0,0.0,0.000277,0.0,0.6667,6.2e-05,0.5714,-0.1659,broker
judicial,12,3,#98df8a,0.0011305769439786,3,1,2,0,3.0,5.0,0.0,0.000179,0.0,0.6667,0.000345,0.6667,-0.9064,broker
problema,12,0,#98df8a,0.002691816072911,11,2,9,0,6.0,18.0,0.0,0.000422,0.001338,0.4364,0.000316,0.7769,-0.2934,broker
hernan,12,2,#98df8a,0.0018657145556062,6,1,5,0,3.0,10.0,0.0,0.000258,0.0,0.6,6e-06,0.0,0.4194,periferico
huachicolero,12,3,#98df8a,0.003172492608428,11,1,10,0,3.0,22.0,0.0,0.000375,0.0,0.4182,0.00043,0.7603,-0.5933,broker
imaginar,12,4,#98df8a,0.0024668495170772,4,1,3,0,3.0,7.0,0.0,0.000286,4e-06,0.3333,7e-06,0.625,-0.9428,broker
ayuda,12,4,#98df8a,0.0027222910430282,7,1,6,0,3.0,12.0,0.0,0.000252,0.0,0.8571,0.000306,0.7347,-0.9428,broker
gringo,12,4,#98df8a,0.0025396386627107,13,2,11,0,6.0,22.0,0.0,0.000416,0.0,0.5897,9.2e-05,0.5562,0.9428,broker
ayudar,12,1,#98df8a,0.0017743385396897,9,1,8,0,3.0,17.0,0.0,0.000356,0.0,0.25,6.5e-05,0.4938,0.545,periferico
caro,12,1,#98df8a,0.0013848186936229,4,0,4,0,0.0,9.0,0.0,0.000197,0.0,0.5,0.000342,0.625,-0.8767,broker
agente,12,1,#98df8a,0.0018826611340045,4,1,3,0,3.0,6.0,0.0,0.000245,0.0,0.1667,4e-06,0.75,-1.2322,broker
soltar,12,1,#98df8a,0.0043117250315845,9,1,8,0,3.0,16.0,0.0,0.00036,0.0,0.3333,5.8e-05,0.6667,-0.1659,broker
andres,12,2,#98df8a,0.0017000712687149,10,2,8,0,6.0,16.0,0.0,0.000389,0.0,0.2444,3.2e-05,0.76,-0.2258,broker
cia,12,1,#98df8a,0.0029886050615459,4,0,4,0,0.0,9.0,0.0,0.000219,0.0,0.1667,7e-06,0.625,-1.2322,broker
lider,12,2,#98df8a,0.0021497046109288,5,0,5,0,0.0,11.0,0.0,0.000203,0.0,0.9,0.000398,0.72,-1.1935,broker
combustible,12,5,#98df8a,0.002510608639568,7,0,7,0,0.0,15.0,0.0,0.000279,0.0,0.7143,0.00031,0.6939,-0.9535,broker
lista,12,1,#98df8a,0.0025953359436243,6,1,5,0,3.0,11.0,0.0,0.000264,0.0,0.6,1.1e-05,0.6111,-0.5213,broker
personaje,12,0,#98df8a,0.0014066091971471,4,1,3,0,3.0,6.0,0.0,0.000213,0.0,0.1667,7.7e-05,0.75,-0.8674,broker
obtenido,12,3,#98df8a,0.001554385991767,6,1,5,0,3.0,10.0,0.0,0.000274,0.0,0.2,7e-06,0.6111,-0.2802,broker
tapar,12,2,#98df8a,0.0017422455130144,5,0,5,0,0.0,10.0,0.0,0.000214,0.0,0.6,0.000231,0.72,-1.1935,broker
ilegal,12,1,#98df8a,0.0011171179357916,4,0,4,0,0.0,8.0,0.0,0.000181,0.0,0.8333,0.000233,0.625,-0.8767,broker
inmediato,12,-1,#98df8a,0.001958996290341,4,0,4,0,0.0,8.0,0.0,0.000261,1e-06,0.1667,0.000229,0.75,1.5811,broker
intervencion,12,-1,#98df8a,0.0023635223042219,2,0,2,0,0.0,4.0,0.0,0.000186,0.0,0.0,1e-06,0.5,1.5811,broker
transporte,12,-1,#98df8a,0.0010088821873068,1,0,1,0,0.0,2.0,0.0,0.000124,0.0,0.0,1e-06,0.0,-0.6325,periferico
rato,12,-1,#98df8a,0.0014849012950435,4,0,4,0,0.0,8.0,0.0,0.000194,0.0,0.5,9e-06,0.625,-0.6325,broker
extraditar,12,0,#98df8a,0.0017005582340061,2,0,2,0,0.0,4.0,0.0,0.000151,0.0,1.0,5.1e-05,0.5,-0.8674,broker
caida,12,-1,#98df8a,0.0014815286267548,3,0,3,0,0.0,6.0,0.0,0.000185,0.0,0.3333,2e-06,0.0,-0.6325,periferico
jaja,12,0,#98df8a,0.001780952559784,4,0,4,0,0.0,8.0,0.0,0.000185,0.0,0.6667,5.4e-05,0.625,-0.6761,broker
rey,12,-1,#98df8a,0.0017148962942883,3,0,3,0,0.0,6.0,0.0,0.000164,0.0,0.0,6e-06,0.6667,-0.6325,broker
dedo,12,-1,#98df8a,0.0019141631200909,4,0,4,0,0.0,8.0,0.0,0.000185,0.0,0.6667,0.00023,0.625,-0.6325,broker
perfecto,12,4,#98df8a,0.0014605277683585,3,0,3,0,0.0,6.0,0.0,0.000175,0.0,0.6667,5e-06,0.4444,-0.9428,periferico
risa,12,4,#98df8a,0.0031649817246943,3,0,3,0,0.0,6.0,0.0,0.000338,0.00134,0.3333,4e-06,0.0,-0.6285,periferico
fifa,12,0,#98df8a,0.0019260377157479,3,0,3,0,0.0,6.0,0.0,0.000169,0.0,0.6667,5.2e-05,0.4444,-0.6761,periferico
hermana,12,4,#98df8a,0.0024113561958074,1,0,1,0,0.0,2.0,0.0,0.000196,0.0,0.0,0.0,0.0,-1.2571,periferico
cdvictoria,5,1,#8c564b,0.0613212622702121,35,9,26,0,156.0,285.0,0.0,0.003016,0.009309,0.2571,0.010291,0.6759,1.9434,broker
tamaulipas,5,1,#8c564b,0.0847513675689697,72,19,34,19,283.0,385.0,550.0,0.008977,0.360854,0.1115,0.084788,0.8376,3.7235,conector_provincial
matamoros,5,0,#8c564b,0.0473058745265007,20,11,9,0,284.0,116.0,0.0,0.002472,0.001344,0.4895,0.005024,0.625,1.8516,broker
reynosa,5,0,#8c564b,0.0474307872354984,22,9,13,0,264.0,131.0,0.0,0.002494,0.004002,0.4242,0.006649,0.6983,0.9258,broker
altamira,5,0,#8c564b,0.0451605282723903,27,9,18,0,259.0,149.0,0.0,0.002696,0.002689,0.3077,0.004682,0.6612,1.3887,broker
nuevolaredo,5,0,#8c564b,0.0351606421172618,17,8,9,0,186.0,66.0,0.0,0.001589,0.0,0.5368,0.003899,0.5536,0.4629,broker
madero,5,0,#8c564b,0.0155184268951416,24,7,17,0,97.0,103.0,0.0,0.00148,0.0,0.3297,0.003395,0.7326,0.0,broker
cdmadero,5,0,#8c564b,0.0233506131917238,10,5,5,0,122.0,91.0,0.0,0.00136,0.0,0.6889,0.003345,0.5,-0.9258,broker
nota,5,1,#8c564b,0.0194567311555147,22,8,12,2,96.0,81.0,92.0,0.002106,0.006681,0.2727,0.005933,0.6612,1.2758,broker
coahuila,5,2,#8c564b,0.0098371105268597,13,8,5,0,44.0,39.0,0.0,0.000716,0.0,0.6154,0.002281,0.3787,0.9928,periferico
riobravo,5,0,#8c564b,0.013460274785757,11,6,5,0,79.0,26.0,0.0,0.000718,0.0,0.7273,0.001296,0.595,-0.4629,broker
buscar,5,1,#8c564b,0.0036309633869677,16,7,9,0,46.0,18.0,0.0,0.000685,0.00134,0.325,0.001888,0.4141,1.4983,periferico
ciudadmadero,5,0,#8c564b,0.012311284430325,10,7,3,0,56.0,15.0,0.0,0.000552,0.0,0.6667,0.000863,0.46,0.0,periferico
ciudadvictoria,5,0,#8c564b,0.0117568550631403,14,7,7,0,59.0,32.0,0.0,0.000649,0.0,0.5934,0.001857,0.5612,0.0,broker
uat,5,1,#8c564b,0.0068971957080066,10,4,6,0,27.0,13.0,0.0,0.000474,0.001337,0.4444,0.001479,0.56,0.1632,broker
gonzalez,5,1,#8c564b,0.0039007239975035,6,1,5,0,15.0,20.0,0.0,0.000351,0.0,0.8,0.001392,0.6111,-0.7269,broker
congreso,5,1,#8c564b,0.0033643261995166,6,3,3,0,23.0,7.0,0.0,0.000282,0.0,0.9333,0.001357,0.5,-0.5044,broker
cdmx,5,2,#8c564b,0.0174697041511535,16,7,9,0,43.0,47.0,0.0,0.000758,4e-06,0.5667,0.001058,0.5703,0.6544,broker
guadalajara,5,2,#8c564b,0.0075710983946919,13,6,7,0,37.0,20.0,0.0,0.000575,0.001329,0.5385,0.000788,0.355,0.9928,periferico
monterrey,5,2,#8c564b,0.0158484876155853,25,9,16,0,65.0,80.0,0.0,0.00117,3e-05,0.3967,0.001347,0.6464,1.3313,broker
slp,5,2,#8c564b,0.0096036065369844,16,7,9,0,46.0,38.0,0.0,0.000692,0.0,0.575,0.000591,0.5703,0.6544,broker
vallehermoso,5,0,#8c564b,0.0076923505403101,8,5,3,0,39.0,9.0,0.0,0.000375,0.0,0.8214,0.000629,0.375,-0.4629,periferico
inversion,5,1,#8c564b,0.0021627717651426,5,3,2,0,19.0,4.0,0.0,0.000264,0.0,0.7,0.001003,0.48,-0.5044,periferico
vivo,5,1,#8c564b,0.0020133699290454,3,1,2,0,10.0,7.0,0.0,0.000249,0.0,0.6667,0.000893,0.4444,-0.7269,periferico
queretaro,5,2,#8c564b,0.0063253217376768,11,9,2,0,44.0,9.0,0.0,0.000545,1e-06,0.6909,0.000665,0.1653,0.9928,periferico
iniciar,5,1,#8c564b,0.0015966300852596,7,4,3,0,20.0,6.0,0.0,0.000354,0.0,0.381,0.000865,0.2449,0.1632,periferico
bacheo,5,1,#8c564b,0.0031222281977534,5,3,2,0,16.0,4.0,0.0,0.000348,0.0,0.7,2.2e-05,0.0,-0.0593,periferico
vial,5,1,#8c564b,0.007761082611978,11,6,5,0,32.0,12.0,0.0,0.000597,0.002676,0.4364,0.000512,0.4298,0.6082,periferico
info,5,0,#8c564b,0.0055708982981741,5,3,2,0,25.0,13.0,0.0,0.000314,0.0,1.0,0.000646,0.48,-1.8516,periferico
toluca,5,2,#8c564b,0.0057562850415706,11,7,4,0,40.0,14.0,0.0,0.000505,0.0,0.8,0.000781,0.2975,0.6544,periferico
puebla,5,2,#8c564b,0.0055345436558127,12,7,5,0,32.0,16.0,0.0,0.000528,8e-06,0.5758,0.000266,0.375,0.6544,periferico
laredo,5,1,#8c564b,0.0035109464079141,9,3,6,0,15.0,13.0,0.0,0.000293,0.0,0.7222,0.000797,0.5679,-0.0593,broker
veracruz,5,2,#8c564b,0.0056174797937273,9,4,5,0,24.0,17.0,0.0,0.000405,0.0,0.75,0.000547,0.4938,-0.361,periferico
cerrar,5,1,#8c564b,0.0049229203723371,8,5,3,0,21.0,9.0,0.0,0.000311,0.0,0.75,0.000717,0.5312,-0.0593,broker
registrar,5,1,#8c564b,0.0026412878651171,2,1,1,0,6.0,2.0,0.0,0.000149,0.0,1.0,0.000544,0.5,-0.9494,broker
elmante,5,0,#8c564b,0.0038797152228653,8,5,3,0,24.0,12.0,0.0,0.000327,0.0,0.6429,8.6e-05,0.4688,-0.9258,periferico
investigacion,5,3,#8c564b,0.0027839133981615,7,2,5,0,6.0,14.0,0.0,0.00029,0.0,0.619,0.000571,0.6122,0.1688,broker
mensaje,5,3,#8c564b,0.0066556832753121,8,0,8,0,0.0,23.0,0.0,0.00038,3e-06,0.4286,0.000482,0.5938,0.1688,broker
sol,5,1,#8c564b,0.0034283637069165,8,3,5,0,12.0,10.0,0.0,0.000504,0.002678,0.2143,0.000465,0.375,0.1632,periferico
morelia,5,2,#8c564b,0.0025905861984938,8,4,4,0,16.0,11.0,0.0,0.000303,0.0,0.7143,0.00048,0.4062,-0.361,periferico
tamaulipeca,5,1,#8c564b,0.0025820606388151,5,4,1,0,14.0,2.0,0.0,0.000252,0.0,0.7,6.9e-05,0.0,-0.0593,periferico
damaso,5,1,#8c564b,0.003213160438463,4,2,2,0,9.0,4.0,0.0,0.000211,0.0,1.0,0.000474,0.0,-0.2819,periferico
sinaloa,5,2,#8c564b,0.0024856114760041,8,4,4,0,12.0,13.0,0.0,0.000282,0.0,0.7143,0.000487,0.5312,-0.6995,broker
carpeta,5,1,#8c564b,0.0023454444017261,2,2,0,0,9.0,0.0,0.0,0.000217,0.0,1.0,3e-06,0.0,-0.7269,periferico
universitario,5,1,#8c564b,0.0031928620301187,5,4,1,0,15.0,2.0,0.0,0.000265,0.0,0.9,0.000482,0.0,-0.0593,periferico
avenida,5,1,#8c564b,0.0030349483713507,9,6,3,0,18.0,13.0,0.0,0.00037,0.0,0.5,7.2e-05,0.4938,0.1632,periferico
ana,5,3,#8c564b,0.0013134195469319,5,2,3,0,7.0,6.0,0.0,0.000428,1e-06,0.6,0.00018,0.32,0.9001,periferico
frank,5,3,#8c564b,0.0013262452557682,4,3,1,0,10.0,2.0,0.0,0.000431,1e-06,0.6667,3e-06,0.0,0.9001,periferico
presi,5,1,#8c564b,0.0013049701228737,1,1,0,0,4.0,0.0,0.0,0.000178,0.0,0.0,2e-06,0.0,-0.9494,periferico
rezago,5,1,#8c564b,0.0021041536238044,3,1,2,0,4.0,4.0,0.0,0.000179,0.0,0.6667,0.000359,0.0,-0.5044,periferico
fomentar,5,3,#8c564b,0.0018718041246756,9,1,8,0,3.0,18.0,0.0,0.00039,0.001339,0.3611,0.000374,0.5679,1.6314,broker
estudiante,5,3,#8c564b,0.0022785933688282,7,1,6,0,3.0,14.0,0.0,0.000261,0.0,0.6667,0.000399,0.6531,0.1688,broker
rector,5,1,#8c564b,0.0032435916364192,6,4,2,0,14.0,4.0,0.0,0.000292,0.0,0.8,0.000298,0.0,0.1632,periferico
mante,5,2,#8c564b,0.0035238217096775,9,1,8,0,4.0,19.0,0.0,0.000242,0.0,0.8611,0.000331,0.5679,-1.3764,broker
museo,5,3,#8c564b,0.00112695468124,5,4,1,0,12.0,2.0,0.0,0.000618,0.001342,0.3,1e-06,0.32,0.9001,periferico
dialogar,5,3,#8c564b,0.0012121974723413,2,0,2,0,0.0,5.0,0.0,0.000205,0.0,0.0,0.000267,0.5,-1.2939,broker
memoria,5,3,#8c564b,0.0011210533557459,5,2,3,0,6.0,7.0,0.0,0.000393,0.004003,0.5,0.000275,0.56,0.1688,broker
arrancar,5,1,#8c564b,0.0036195982247591,6,2,4,0,6.0,8.0,0.0,0.000253,0.0,0.5333,0.000295,0.0,0.1632,periferico
oficial,5,1,#8c564b,0.0025030702818185,6,1,5,0,3.0,10.0,0.0,0.000218,0.0,0.6667,0.000222,0.2778,-0.0593,periferico
pumas,5,2,#8c564b,0.0021626511588692,5,1,4,0,3.0,9.0,0.0,0.000193,0.0,0.9,3.9e-05,0.32,-1.038,periferico
vocacion,5,3,#8c564b,0.0030761824455112,5,2,3,0,6.0,7.0,0.0,0.00025,0.0,0.8,0.000274,0.48,0.1688,periferico
papel,5,3,#8c564b,0.0011079615214839,2,1,1,0,3.0,2.0,0.0,0.000224,0.0,0.0,1.4e-05,0.5,-1.2939,broker
atacar,5,1,#8c564b,0.0019201424438506,3,1,2,0,3.0,4.0,0.0,0.000151,0.0,0.6667,0.000194,0.4444,-0.7269,periferico
vacacion,5,1,#8c564b,0.0021570378448814,1,0,1,0,0.0,2.0,0.0,0.000176,0.0,0.0,0.0,0.0,-1.1719,periferico
monumento,5,1,#8c564b,0.0014003387186676,1,0,1,0,0.0,2.0,0.0,0.000139,0.0,0.0,1e-06,0.0,-0.9494,periferico
intercolonias,5,3,#8c564b,0.0025159963406622,2,0,2,0,0.0,4.0,0.0,0.000202,0.0,0.0,1e-06,0.0,-0.5625,periferico
cierre,5,3,#8c564b,0.0012766984291374,1,0,1,0,0.0,2.0,0.0,0.000114,0.0,0.0,1.2e-05,0.0,-2.0252,periferico
noticias,5,2,#8c564b,0.0019118792843073,3,0,3,0,0.0,6.0,0.0,0.00014,0.0,1.0,2.9e-05,0.4444,-1.7149,periferico
cancun,5,2,#8c564b,0.0025022597983479,3,0,3,0,0.0,6.0,0.0,0.000154,0.0,1.0,4e-06,0.0,-1.3764,periferico
alerta,5,1,#8c564b,0.001677825115621,2,0,2,0,0.0,4.0,0.0,0.000124,0.0,1.0,0.000188,0.5,-0.9494,broker
comentario,10,2,#aec7e8,0.0073472815565764,19,6,13,0,50.0,32.0,0.0,0.001986,0.00945,0.1754,0.0,0.7091,1.273,broker
participar,10,2,#aec7e8,0.0070932586677372,30,9,21,0,54.0,50.0,0.0,0.002378,0.00185,0.1425,0.0,0.6822,1.9753,broker
brava,10,5,#aec7e8,0.0029811721760779,2,1,1,0,13.0,2.0,0.0,0.000462,0.0,1.0,0.0,0.5,-0.8292,broker
jaiba,10,5,#aec7e8,0.0043821283616125,4,3,1,0,19.0,6.0,0.0,0.000723,0.001394,0.3333,0.0,0.375,0.8292,periferico
ganador,10,2,#aec7e8,0.0030482213478535,8,5,3,0,31.0,6.0,0.0,0.000868,9e-06,0.4286,0.0,0.4062,0.2195,periferico
acapulco,10,0,#aec7e8,0.0077220522798597,8,4,4,0,23.0,8.0,0.0,0.000786,2e-05,0.4643,0.0,0.5312,0.2552,broker
guerrero,10,0,#aec7e8,0.0048685888759791,10,2,8,0,14.0,19.0,0.0,0.000824,7e-05,0.3333,0.0,0.46,1.1258,periferico
pedro,10,1,#aec7e8,0.0023166856262832,9,2,7,0,14.0,14.0,0.0,0.00079,0.002622,0.2778,0.0,0.7654,-0.3425,broker
san,10,1,#aec7e8,0.0032610569614917,11,5,6,0,27.0,12.0,0.0,0.000977,0.007162,0.3091,0.0,0.6116,0.5524,broker
madre,10,3,#aec7e8,0.0104187997058033,21,6,15,0,30.0,40.0,0.0,0.001685,0.004244,0.2333,0.0,0.7029,2.0555,broker
mujer,10,3,#aec7e8,0.010048396885395,37,12,25,0,60.0,66.0,0.0,0.003047,0.041911,0.1652,0.0,0.7348,3.6366,conector_provincial
hora,10,1,#aec7e8,0.0121840173378586,26,8,18,0,38.0,48.0,0.0,0.002266,0.009408,0.1846,0.0,0.6479,2.6406,conector_provincial
internet,10,1,#aec7e8,0.0113800792023539,6,2,4,0,15.0,9.0,0.0,0.000707,0.001339,0.4,0.0,0.4444,-0.0442,periferico
delegacion,10,1,#aec7e8,0.0055151246488094,9,1,8,0,9.0,16.0,0.0,0.000624,0.0,0.4167,1e-06,0.5185,0.5524,broker
norte,10,1,#aec7e8,0.0050208191387355,28,6,21,1,26.0,51.0,29.0,0.002122,0.14624,0.1799,8e-05,0.7143,2.6406,conector_provincial
respetar,10,4,#aec7e8,0.0022495375014841,8,4,4,0,18.0,8.0,0.0,0.000724,4.6e-05,0.2143,0.0,0.375,1.3927,periferico
tratar,10,4,#aec7e8,0.0029836643952876,13,2,11,0,11.0,25.0,0.0,0.000911,0.001356,0.2051,0.0,0.8166,-0.5735,broker
derecho,10,3,#aec7e8,0.0061067603528499,19,4,15,0,17.0,44.0,0.0,0.001457,0.005294,0.2456,0.0,0.7535,0.7906,broker
llegar,10,1,#aec7e8,0.0083127235993742,39,7,32,0,34.0,99.0,0.0,0.003177,0.047132,0.1646,0.0,0.7903,1.7457,broker
miramar,10,2,#aec7e8,0.0017511439509689,5,1,4,0,8.0,8.0,0.0,0.000436,4e-06,0.7,0.0,0.32,-0.4828,periferico
playa,10,2,#aec7e8,0.0016816849820315,9,3,6,0,14.0,13.0,0.0,0.000685,0.001332,0.3889,0.0,0.642,-0.1317,broker
regresar,10,3,#aec7e8,0.0043778661638498,11,3,8,0,14.0,21.0,0.0,0.000896,9e-06,0.2909,0.0,0.7603,-0.1581,broker
existir,10,1,#aec7e8,0.0025123385712504,15,3,12,0,16.0,29.0,0.0,0.001123,0.001437,0.3048,0.0,0.7378,0.5524,broker
caso,10,4,#aec7e8,0.0035317323636263,17,3,14,0,10.0,41.0,0.0,0.001231,0.002728,0.3015,0.0,0.7474,1.3927,broker
fuerza,10,3,#aec7e8,0.0018340878887102,6,2,4,0,10.0,10.0,0.0,0.000541,1.2e-05,0.4,0.0,0.6111,-0.1581,broker
ganar,10,2,#aec7e8,0.0086372569203376,29,6,23,0,31.0,60.0,0.0,0.002246,0.019507,0.1305,0.0,0.7848,1.6241,broker
mayo,10,0,#aec7e8,0.0077945939265191,19,8,11,0,32.0,26.0,0.0,0.001405,0.000272,0.2281,0.0,0.7036,1.5611,broker
venta,10,0,#aec7e8,0.0047093573957681,11,4,7,0,17.0,15.0,0.0,0.000869,0.000486,0.2,0.0,0.6446,0.6905,broker
tonto,10,2,#aec7e8,0.0016559140058234,3,1,2,0,6.0,4.0,0.0,0.000339,2.3e-05,0.6667,0.0,0.4444,-1.5363,periferico
doble,10,2,#aec7e8,0.0028211530297994,6,5,1,0,21.0,2.0,0.0,0.000581,0.0,0.6667,0.0,0.0,0.2195,periferico
pase,10,2,#aec7e8,0.0040882481262087,8,5,3,0,23.0,6.0,0.0,0.00073,5e-06,0.5,0.0,0.0,0.9218,periferico
telmex,10,1,#aec7e8,0.0021946819033473,2,1,1,0,6.0,2.0,0.0,0.000299,0.0,0.0,0.0,0.0,-0.6408,periferico
edicion,10,0,#aec7e8,0.0023430152796208,10,3,7,0,10.0,18.0,0.0,0.000739,0.000705,0.3333,0.0,0.34,1.5611,periferico
tianguis,10,0,#aec7e8,0.0034416688140481,7,4,3,0,16.0,6.0,0.0,0.000637,3.6e-05,0.4762,0.0,0.0,1.1258,periferico
general,10,0,#aec7e8,0.0040759621188044,21,4,17,0,16.0,36.0,0.0,0.001301,8.4e-05,0.2143,0.0,0.7755,0.2552,broker
like,10,5,#aec7e8,0.006754255387932,6,2,4,0,11.0,12.0,0.0,0.000693,0.001403,0.0667,0.0,0.7222,0.0,broker
see,10,5,#aec7e8,0.0042201140895485,4,2,2,0,9.0,4.0,0.0,0.000473,2.1e-05,0.3333,0.0,0.375,0.8292,periferico
final,10,2,#aec7e8,0.0062689115293323,16,4,12,0,18.0,29.0,0.0,0.001162,0.001404,0.1667,0.0,0.7344,0.5706,broker
estadio,10,2,#aec7e8,0.0055903196334838,9,2,7,0,9.0,16.0,0.0,0.000657,7e-06,0.2222,0.0,0.7654,-0.834,broker
trabajador,10,3,#aec7e8,0.0030642901547253,13,2,11,0,10.0,24.0,0.0,0.000827,0.0,0.4103,0.0,0.6627,0.1581,broker
time,10,5,#aec7e8,0.0039552426896989,8,2,6,0,8.0,12.0,0.0,0.000681,0.001343,0.25,0.0,0.5625,2.4875,broker
sentido,10,4,#aec7e8,0.006268098950386,17,1,16,0,3.0,38.0,0.0,0.001017,0.001291,0.2206,0.0,0.7958,0.4096,broker
agradecer,10,0,#aec7e8,0.0017734671710059,11,2,9,0,7.0,22.0,0.0,0.00071,0.003745,0.3636,0.0,0.7438,-0.6154,broker
merecer,10,3,#aec7e8,0.0025315480306744,12,2,10,0,8.0,21.0,0.0,0.00086,0.002636,0.2576,0.0,0.7083,0.4743,broker
movimiento,10,3,#aec7e8,0.001615367596969,3,1,2,0,5.0,4.0,0.0,0.00029,0.0,0.3333,0.0,0.0,-0.1581,periferico
obtener,10,3,#aec7e8,0.0023568274918943,1,1,0,0,5.0,0.0,0.0,0.000203,0.0,0.0,0.0,0.0,-0.7906,periferico
numero,10,0,#aec7e8,0.0081793507561087,18,6,12,0,20.0,32.0,0.0,0.001241,0.006777,0.2549,0.0,0.716,0.6905,broker
oficina,10,1,#aec7e8,0.002392437076196,7,1,6,0,3.0,15.0,0.0,0.000493,2e-05,0.4762,0.0,0.449,0.2541,periferico
pinche,10,3,#aec7e8,0.0030213030986487,13,2,11,0,7.0,27.0,0.0,0.000888,2e-05,0.2308,0.0,0.7101,0.4743,broker
alfredo,10,0,#aec7e8,0.0012471135705709,2,1,1,0,4.0,2.0,0.0,0.000299,4e-06,0.0,0.0,0.0,-1.0508,periferico
juan,10,0,#aec7e8,0.0023071919567883,4,2,2,0,7.0,4.0,0.0,0.000463,4.4e-05,0.0,0.0,0.625,-1.0508,broker
presentar,10,0,#aec7e8,0.0068917595781385,22,4,18,0,13.0,40.0,0.0,0.001346,0.002646,0.2208,0.0,0.719,1.9964,broker
informar,10,1,#aec7e8,0.0019229860045015,11,2,9,0,8.0,22.0,0.0,0.000729,3e-06,0.5455,0.0,0.595,0.5524,broker
manana,10,1,#aec7e8,0.005422546993941,25,4,21,0,13.0,47.0,0.0,0.001406,0.000683,0.24,0.0,0.7648,0.8507,broker
regalar,10,2,#aec7e8,0.0040762363933026,5,3,2,0,10.0,4.0,0.0,0.00039,0.0,0.7,0.0,0.32,-0.4828,periferico
boleto,10,2,#aec7e8,0.0054865595884621,9,2,7,0,7.0,18.0,0.0,0.000664,0.000477,0.2222,0.0,0.5926,-0.4828,broker
hola,10,1,#aec7e8,0.0020236938726156,6,2,4,0,7.0,8.0,0.0,0.000425,0.0,0.5333,0.0,0.2778,0.2541,periferico
opinion,10,4,#aec7e8,0.0043825758621096,6,1,5,0,4.0,10.0,0.0,0.000437,7e-06,0.2667,0.0,0.7778,-1.065,broker
penal,10,4,#aec7e8,0.0029192611109465,8,2,6,0,7.0,12.0,0.0,0.000526,3e-06,0.3214,0.0,0.5312,0.9012,broker
universidad,10,1,#aec7e8,0.002382215578109,5,1,4,0,4.0,8.0,0.0,0.000361,4e-06,0.2,0.0,0.8,-0.9391,broker
inauguracion,10,0,#aec7e8,0.0023343081120401,7,2,5,0,7.0,10.0,0.0,0.000531,9e-06,0.4762,0.0,0.2449,0.6905,periferico
solidaridad,10,3,#aec7e8,0.004406020976603,10,2,8,0,8.0,16.0,0.0,0.000648,0.001294,0.3778,0.0,0.66,0.4743,broker
voluntad,10,3,#aec7e8,0.0011170295765623,3,1,2,0,4.0,4.0,0.0,0.000286,0.0,0.3333,0.0,0.4444,-0.4743,periferico
pagina,10,1,#aec7e8,0.0018523798789829,3,1,2,0,4.0,4.0,0.0,0.000386,0.00134,0.0,0.0,0.4444,-0.6408,periferico
mama,10,3,#aec7e8,0.0031938522588461,2,1,1,0,4.0,2.0,0.0,0.000223,0.0,1.0,0.0,0.0,-0.4743,periferico
area,10,0,#aec7e8,0.0039382688701152,15,4,11,0,14.0,24.0,0.0,0.000946,0.001319,0.2571,0.0,0.7111,1.1258,broker
detalle,10,0,#aec7e8,0.0031602918170392,7,2,5,0,8.0,12.0,0.0,0.000565,0.000475,0.2381,0.0,0.6531,-0.6154,broker
calzada,10,1,#aec7e8,0.0023564826697111,4,2,2,0,8.0,4.0,0.0,0.000358,0.0,1.0,0.0,0.375,-0.3425,periferico
club,10,5,#aec7e8,0.0029252970125526,6,1,5,0,3.0,13.0,0.0,0.00047,2.9e-05,0.2667,0.0,0.7778,0.0,broker
liga,10,4,#aec7e8,0.0042728935368359,4,0,4,0,0.0,10.0,0.0,0.000336,2e-06,0.1667,0.0,0.75,-1.065,broker
viernes,10,0,#aec7e8,0.0044097956269979,9,3,6,0,9.0,14.0,0.0,0.000602,0.006463,0.1944,0.0,0.4444,0.6905,periferico
respaldo,10,3,#aec7e8,0.0023762967903167,8,1,7,0,4.0,15.0,0.0,0.000504,0.0,0.4286,0.0,0.625,0.1581,broker
ridiculo,10,4,#aec7e8,0.0035424807574599,11,2,9,0,6.0,22.0,0.0,0.000749,2.9e-05,0.2727,0.0,0.595,1.3927,broker
cual,10,2,#aec7e8,0.0030145470518618,4,2,2,0,6.0,5.0,0.0,0.000326,0.0,0.3333,0.0,0.375,-0.834,periferico
baja,10,3,#aec7e8,0.0013031795388087,5,1,4,0,3.0,9.0,0.0,0.000349,0.0,0.3,0.0,0.72,-0.4743,broker
fecha,10,0,#aec7e8,0.0016121744411066,7,2,5,0,6.0,10.0,0.0,0.000443,1e-06,0.381,0.0,0.5714,-0.1801,broker
hernandez,10,0,#aec7e8,0.0037557657342404,6,1,5,0,3.0,10.0,0.0,0.000478,1.9e-05,0.4,0.0,0.0,0.6905,periferico
festival,10,0,#aec7e8,0.0011838719947263,7,2,5,0,6.0,10.0,0.0,0.000523,0.001978,0.2381,0.0,0.2449,0.6905,periferico
america,10,5,#aec7e8,0.0027341812383383,6,0,6,0,0.0,13.0,0.0,0.000389,0.0,0.3333,0.0,0.7222,0.0,broker
duda,10,1,#aec7e8,0.0016116122715175,3,2,1,0,6.0,2.0,0.0,0.000274,0.0,0.6667,0.0,0.4444,-0.6408,periferico
integrante,10,3,#aec7e8,0.001566793769598,8,2,6,0,6.0,13.0,0.0,0.000518,8e-06,0.5714,0.0,0.5938,-0.1581,broker
negocio,10,4,#aec7e8,0.002333051059395,6,1,5,0,3.0,13.0,0.0,0.000479,5e-05,0.2667,0.0,0.7222,-1.065,broker
mierda,10,4,#aec7e8,0.0022934186272323,6,1,5,0,3.0,10.0,0.0,0.00038,0.0,0.4667,0.0,0.6111,-0.0819,broker
maximo,10,0,#aec7e8,0.0015854078810662,7,1,6,0,3.0,13.0,0.0,0.000461,4e-06,0.3333,0.0,0.6939,-0.6154,broker
listo,10,0,#aec7e8,0.0034340524580329,4,2,2,0,6.0,4.0,0.0,0.000329,7e-06,0.1667,0.0,0.375,-0.6154,periferico
analisis,10,3,#aec7e8,0.0025296816602349,5,1,4,0,3.0,8.0,0.0,0.000406,4e-06,0.2,0.0,0.64,-0.4743,broker
preguntar,10,4,#aec7e8,0.0012608950491994,2,1,1,0,3.0,2.0,0.0,0.000213,0.0,0.0,0.0,0.5,-1.065,broker
aceptar,10,0,#aec7e8,0.0031241339165717,3,1,2,0,3.0,4.0,0.0,0.000253,0.0,0.3333,0.0,0.6667,-1.4861,broker
contrario,10,5,#aec7e8,0.0031137100886553,5,1,4,0,3.0,8.0,0.0,0.000349,0.0,0.4,0.0,0.72,-0.8292,broker
independencia,10,3,#aec7e8,0.0022683248389512,3,1,2,0,3.0,4.0,0.0,0.000256,0.0,0.3333,0.0,0.6667,-0.7906,broker
cumplir,10,1,#aec7e8,0.002374617382884,6,2,4,0,6.0,8.0,0.0,0.000387,0.0,0.3333,0.0,0.5,-0.3425,broker
sindicato,10,0,#aec7e8,0.0023785692173987,3,1,2,0,3.0,4.0,0.0,0.000253,0.0,0.6667,0.0,0.4444,-1.0508,periferico
sueno,10,3,#aec7e8,0.0018797924276441,2,1,1,0,3.0,2.0,0.0,0.000207,0.0,1.0,0.0,0.0,-0.4743,periferico
publicacion,10,1,#aec7e8,0.0021133152768015,2,0,2,0,0.0,5.0,0.0,0.000269,6.6e-05,0.0,0.0,0.5,-0.9391,broker
sostenible,10,0,#aec7e8,0.0039067054167389,2,1,1,0,3.0,2.0,0.0,0.000214,0.0,1.0,0.0,0.0,-1.0508,periferico
elegir,10,1,#aec7e8,0.0014854284236207,2,0,2,0,0.0,4.0,0.0,0.000251,0.0,0.0,0.0,0.0,-0.6408,periferico
pendiente,10,1,#aec7e8,0.0024167469236999,6,0,6,0,0.0,12.0,0.0,0.000416,0.001273,0.3333,0.0,0.6667,-0.9391,broker
recinto,10,3,#aec7e8,0.0024978737346827,3,0,3,0,0.0,6.0,0.0,0.000231,0.0,0.6667,0.0,0.4444,-0.7906,periferico
muerto,10,3,#aec7e8,0.0022484979126602,2,0,2,0,0.0,4.0,0.0,0.000186,0.0,0.0,0.0,0.5,-0.7906,broker
inicio,10,0,#aec7e8,0.0018297580536454,8,0,8,0,0.0,16.0,0.0,0.000497,4e-06,0.1071,0.0,0.75,-0.6154,broker
interes,10,1,#aec7e8,0.0014172286028042,2,0,2,0,0.0,4.0,0.0,0.000188,0.0,1.0,0.0,0.0,-0.6408,periferico
pesimo,10,1,#aec7e8,0.0020949803292751,3,0,3,0,0.0,6.0,0.0,0.000236,0.0,0.6667,0.0,0.0,-0.3425,periferico
correo,10,1,#aec7e8,0.0016114487079903,1,0,1,0,0.0,2.0,0.0,0.000141,0.0,0.0,0.0,0.0,-0.9391,periferico
rueda,10,3,#aec7e8,0.0016153475735336,2,0,2,0,0.0,4.0,0.0,0.000193,0.0,1.0,0.0,0.5,-0.7906,broker
juez,10,3,#aec7e8,0.0015435251407325,4,0,4,0,0.0,8.0,0.0,0.000285,0.0,0.3333,0.0,0.625,-0.4743,broker
bendiga,10,0,#aec7e8,0.0028485376387834,3,0,3,0,0.0,6.0,0.0,0.000222,0.0,0.3333,0.0,0.6667,-1.4861,broker
top,10,5,#aec7e8,0.0029035368934273,2,0,2,0,0.0,4.0,0.0,0.00021,0.0,0.0,0.0,0.5,-0.8292,broker
lastima,10,2,#aec7e8,0.0028725217562168,5,0,5,0,0.0,10.0,0.0,0.000342,0.0,0.4,0.0,0.56,-0.834,broker
cuba,10,5,#aec7e8,0.0017107808962464,9,0,9,0,0.0,18.0,0.0,0.000519,2e-06,0.1944,0.0,0.8148,-0.8292,broker
puerta,10,0,#aec7e8,0.0023935609497129,5,0,5,0,0.0,10.0,0.0,0.00031,0.0,0.4,0.0,0.64,-1.0508,broker
marcar,10,4,#aec7e8,0.0013420693576335,4,0,4,0,0.0,8.0,0.0,0.000275,0.0,0.1667,0.0,0.625,-0.5735,broker
titular,10,0,#aec7e8,0.0016127309063449,4,0,4,0,0.0,8.0,0.0,0.000316,2e-06,0.5,0.0,0.375,-0.6154,periferico
confirmar,10,3,#aec7e8,0.0042207310907542,2,0,2,0,0.0,4.0,0.0,0.000191,0.0,1.0,0.0,0.5,-0.7906,broker
anunciar,10,2,#aec7e8,0.0022454443387687,5,0,5,0,0.0,10.0,0.0,0.000321,0.0,0.2,0.0,0.64,-1.1852,broker
ocasion,10,1,#aec7e8,0.0016118853818625,1,0,1,0,0.0,2.0,0.0,0.000145,0.0,0.0,0.0,0.0,-0.9391,periferico
mesa,10,0,#aec7e8,0.0016082178335636,3,0,3,0,0.0,6.0,0.0,0.00024,0.0,0.3333,0.0,0.4444,-1.0508,periferico
pago,10,1,#aec7e8,0.0015981748001649,1,0,1,0,0.0,2.0,0.0,0.000183,0.0,0.0,0.0,0.0,-0.9391,periferico
love,10,5,#aec7e8,0.0047212443314492,1,0,1,0,0.0,2.0,0.0,0.000158,0.0,0.0,0.0,0.0,-0.8292,periferico
instalar,10,1,#aec7e8,0.0023873304016888,3,0,3,0,0.0,6.0,0.0,0.000224,0.0,1.0,0.0,0.0,-0.3425,periferico
