usuario,plataforma,n_msgs,n_palabras,T00,T01,T02,T03,T04,T05,T06,T07,T08,T09,T10,T11,T12,T13,T14,T15,T16,T17,T18,T19,T20,T21,T22,T23,T24,T00_pct,T01_pct,T02_pct,T03_pct,T04_pct,T05_pct,T06_pct,T07_pct,T08_pct,T09_pct,T10_pct,T11_pct,T12_pct,T13_pct,T14_pct,T15_pct,T16_pct,T17_pct,T18_pct,T19_pct,T20_pct,T21_pct,T22_pct,T23_pct,T24_pct,tema_dominante,peso_dominante
Facebook::Aaron Zuñiga,Facebook,1,1,0,0,0,0,0,0,0,0,0,0,0,0,0,0,0,0,0,0,0,0,0,0,1,0,0,0.0,0.0,0.0,0.0,0.0,0.0,0.0,0.0,0.0,0.0,0.0,0.0,0.0,0.0,0.0,0.0,0.0,0.0,0.0,0.0,0.0,0.0,100.0,0.0,0.0,T22,1
Facebook::Abby Brito,Facebook,1,9,0,0,0,0,0,0,0,1,0,1,0,0,0,1,0,0,0,0,0,0,0,1,2,3,0,0.0,0.0,0.0,0.0,0.0,0.0,0.0,11.1,0.0,11.1,0.0,0.0,0.0,11.1,0.0,0.0,0.0,0.0,0.0,0.0,0.0,11.1,22.2,33.3,0.0,T23,3
Facebook::Ailynn Sofía,Facebook,1,3,0,0,0,0,0,0,0,0,0,0,0,0,1,1,0,0,0,0,0,0,0,0,0,0,1,0.0,0.0,0.0,0.0,0.0,0.0,0.0,0.0,0.0,0.0,0.0,0.0,33.3,33.3,0.0,0.0,0.0,0.0,0.0,0.0,0.0,0.0,0.0,0.0,33.3,T24,1
Facebook::Alberto Ehuan,Facebook,1,4,0,0,0,0,0,0,0,0,0,1,0,0,0,0,0,0,1,0,0,0,0,0,2,0,0,0.0,0.0,0.0,0.0,0.0,0.0,0.0,0.0,0.0,25.0,0.0,0.0,0.0,0.0,0.0,0.0,25.0,0.0,0.0,0.0,0.0,0.0,50.0,0.0,0.0,T22,2
Facebook::Alejandra Sanchez,Facebook,1,8,0,0,1,0,0,0,0,1,0,0,0,1,0,0,0,0,0,0,2,0,0,1,1,0,1,0.0,0.0,12.5,0.0,0.0,0.0,0.0,12.5,0.0,0.0,0.0,12.5,0.0,0.0,0.0,0.0,0.0,0.0,25.0,0.0,0.0,12.5,12.5,0.0,12.5,T18,2
Facebook::Alex Gutierrez Guerra.,Facebook,1,3,0,0,0,0,0,0,0,1,0,0,0,1,0,0,0,0,0,0,0,0,1,0,0,0,0,0.0,0.0,0.0,0.0,0.0,0.0,0.0,33.3,0.0,0.0,0.0,33.3,0.0,0.0,0.0,0.0,0.0,0.0,0.0,0.0,33.3,0.0,0.0,0.0,0.0,T11,1
Facebook::Alexis Rocha,Facebook,1,5,0,0,0,0,0,0,0,1,0,1,0,0,0,0,0,0,0,0,0,0,0,0,3,0,0,0.0,0.0,0.0,0.0,0.0,0.0,0.0,20.0,0.0,20.0,0.0,0.0,0.0,0.0,0.0,0.0,0.0,0.0,0.0,0.0,0.0,0.0,60.0,0.0,0.0,T22,3
Facebook::Alfredo AguLeal,Facebook,1,2,0,0,0,0,0,0,0,1,0,0,0,0,0,0,0,0,0,0,0,0,0,0,1,0,0,0.0,0.0,0.0,0.0,0.0,0.0,0.0,50.0,0.0,0.0,0.0,0.0,0.0,0.0,0.0,0.0,0.0,0.0,0.0,0.0,0.0,0.0,50.0,0.0,0.0,T22,1
Facebook::Alma Flores,Facebook,1,0,0,0,0,0,0,0,0,0,0,0,0,0,0,0,0,0,0,0,0,0,0,0,0,0,0,0.0,0.0,0.0,0.0,0.0,0.0,0.0,0.0,0.0,0.0,0.0,0.0,0.0,0.0,0.0,0.0,0.0,0.0,0.0,0.0,0.0,0.0,0.0,0.0,0.0,,0
Facebook::Alma Sánchez,Facebook,1,2,0,0,0,0,0,0,0,1,0,0,0,0,0,0,0,0,0,0,0,0,0,0,1,0,0,0.0,0.0,0.0,0.0,0.0,0.0,0.0,50.0,0.0,0.0,0.0,0.0,0.0,0.0,0.0,0.0,0.0,0.0,0.0,0.0,0.0,0.0,50.0,0.0,0.0,T22,1
Facebook::Amalia Avalos,Facebook,1,8,0,0,0,0,0,0,0,0,0,0,0,0,0,1,0,0,0,1,0,0,1,0,3,2,0,0.0,0.0,0.0,0.0,0.0,0.0,0.0,0.0,0.0,0.0,0.0,0.0,0.0,12.5,0.0,0.0,0.0,12.5,0.0,0.0,12.5,0.0,37.5,25.0,0.0,T22,3
Facebook::Ana Laura E P,Facebook,12,19,0,0,0,0,0,0,0,0,0,0,0,0,0,0,0,0,12,0,2,0,0,0,5,0,0,0.0,0.0,0.0,0.0,0.0,0.0,0.0,0.0,0.0,0.0,0.0,0.0,0.0,0.0,0.0,0.0,63.2,0.0,10.5,0.0,0.0,0.0,26.3,0.0,0.0,T16,12
Facebook::Ana Yuliana Mar Torres,Facebook,6,21,0,0,0,1,0,0,0,0,2,1,0,0,0,0,0,0,5,0,0,0,2,0,10,0,0,0.0,0.0,0.0,4.8,0.0,0.0,0.0,0.0,9.5,4.8,0.0,0.0,0.0,0.0,0.0,0.0,23.8,0.0,0.0,0.0,9.5,0.0,47.6,0.0,0.0,T22,10
Facebook::Anabey Mateos,Facebook,1,1,0,0,0,0,0,0,0,0,0,0,0,0,0,0,0,0,0,0,1,0,0,0,0,0,0,0.0,0.0,0.0,0.0,0.0,0.0,0.0,0.0,0.0,0.0,0.0,0.0,0.0,0.0,0.0,0.0,0.0,0.0,100.0,0.0,0.0,0.0,0.0,0.0,0.0,T18,1
Facebook::Angel Solorzano,Facebook,1,1,0,0,0,0,0,0,0,0,0,0,0,0,0,0,0,0,0,0,0,0,0,0,1,0,0,0.0,0.0,0.0,0.0,0.0,0.0,0.0,0.0,0.0,0.0,0.0,0.0,0.0,0.0,0.0,0.0,0.0,0.0,0.0,0.0,0.0,0.0,100.0,0.0,0.0,T22,1
Facebook::Angelillo Fernandez,Facebook,1,4,0,0,0,1,0,0,0,1,0,0,0,1,0,0,0,0,0,0,0,0,0,0,1,0,0,0.0,0.0,0.0,25.0,0.0,0.0,0.0,25.0,0.0,0.0,0.0,25.0,0.0,0.0,0.0,0.0,0.0,0.0,0.0,0.0,0.0,0.0,25.0,0.0,0.0,T22,1
Facebook::Angie Aguilar,Facebook,1,1,0,0,0,0,0,0,0,0,0,0,0,0,0,0,0,0,0,0,0,0,0,0,1,0,0,0.0,0.0,0.0,0.0,0.0,0.0,0.0,0.0,0.0,0.0,0.0,0.0,0.0,0.0,0.0,0.0,0.0,0.0,0.0,0.0,0.0,0.0,100.0,0.0,0.0,T22,1
Facebook::Angélica Álvarez,Facebook,1,1,0,0,0,0,0,0,0,0,0,0,0,0,0,0,0,0,0,0,0,0,0,0,1,0,0,0.0,0.0,0.0,0.0,0.0,0.0,0.0,0.0,0.0,0.0,0.0,0.0,0.0,0.0,0.0,0.0,0.0,0.0,0.0,0.0,0.0,0.0,100.0,0.0,0.0,T22,1
Facebook::Armando Chavez,Facebook,2,9,0,0,0,1,0,0,0,3,0,0,1,0,0,0,0,0,1,0,1,1,0,0,1,0,0,0.0,0.0,0.0,11.1,0.0,0.0,0.0,33.3,0.0,0.0,11.1,0.0,0.0,0.0,0.0,0.0,11.1,0.0,11.1,11.1,0.0,0.0,11.1,0.0,0.0,T07,3
Facebook::Arturo Garibay,Facebook,3,13,0,0,1,1,1,0,0,3,0,0,0,1,0,0,1,0,0,0,1,0,0,1,3,0,0,0.0,0.0,7.7,7.7,7.7,0.0,0.0,23.1,0.0,0.0,0.0,7.7,0.0,0.0,7.7,0.0,0.0,0.0,7.7,0.0,0.0,7.7,23.1,0.0,0.0,T22,3
Facebook::Ary Citlali Tapia,Facebook,2,4,0,0,0,0,0,0,0,0,0,0,0,0,0,0,0,0,2,0,0,0,0,0,2,0,0,0.0,0.0,0.0,0.0,0.0,0.0,0.0,0.0,0.0,0.0,0.0,0.0,0.0,0.0,0.0,0.0,50.0,0.0,0.0,0.0,0.0,0.0,50.0,0.0,0.0,T22,2
Facebook::Astrid Yamiled,Facebook,1,3,0,0,0,0,0,0,1,1,0,0,0,0,0,0,0,0,0,0,0,0,0,0,0,1,0,0.0,0.0,0.0,0.0,0.0,0.0,33.3,33.3,0.0,0.0,0.0,0.0,0.0,0.0,0.0,0.0,0.0,0.0,0.0,0.0,0.0,0.0,0.0,33.3,0.0,T06,1
Facebook::Aurelio Cantú D,Facebook,2,11,0,0,1,0,0,0,0,3,0,0,1,0,0,0,0,0,1,0,2,0,0,0,3,0,0,0.0,0.0,9.1,0.0,0.0,0.0,0.0,27.3,0.0,0.0,9.1,0.0,0.0,0.0,0.0,0.0,9.1,0.0,18.2,0.0,0.0,0.0,27.3,0.0,0.0,T22,3
Facebook::Badir Alvarado Maldonado,Facebook,1,2,0,0,0,0,0,0,0,0,0,0,0,0,0,0,0,0,0,0,1,0,0,0,1,0,0,0.0,0.0,0.0,0.0,0.0,0.0,0.0,0.0,0.0,0.0,0.0,0.0,0.0,0.0,0.0,0.0,0.0,0.0,50.0,0.0,0.0,0.0,50.0,0.0,0.0,T22,1
Facebook::Baird Damon,Facebook,1,3,0,0,0,0,0,0,0,0,0,0,1,1,0,0,0,0,0,0,0,1,0,0,0,0,0,0.0,0.0,0.0,0.0,0.0,0.0,0.0,0.0,0.0,0.0,33.3,33.3,0.0,0.0,0.0,0.0,0.0,0.0,0.0,33.3,0.0,0.0,0.0,0.0,0.0,T11,1
Facebook::Barrett Olvera,Facebook,1,1,0,0,0,0,0,0,0,0,0,0,0,0,0,0,0,0,0,0,0,0,0,0,1,0,0,0.0,0.0,0.0,0.0,0.0,0.0,0.0,0.0,0.0,0.0,0.0,0.0,0.0,0.0,0.0,0.0,0.0,0.0,0.0,0.0,0.0,0.0,100.0,0.0,0.0,T22,1
Facebook::Beatriz Contreras Gonzalez,Facebook,1,1,0,0,0,0,0,0,0,0,0,0,0,0,0,0,0,0,0,0,0,0,0,0,1,0,0,0.0,0.0,0.0,0.0,0.0,0.0,0.0,0.0,0.0,0.0,0.0,0.0,0.0,0.0,0.0,0.0,0.0,0.0,0.0,0.0,0.0,0.0,100.0,0.0,0.0,T22,1
Facebook::Ber Joss,Facebook,3,7,0,0,0,0,0,0,0,1,0,0,0,0,0,0,0,0,0,0,0,0,0,1,4,1,0,0.0,0.0,0.0,0.0,0.0,0.0,0.0,14.3,0.0,0.0,0.0,0.0,0.0,0.0,0.0,0.0,0.0,0.0,0.0,0.0,0.0,14.3,57.1,14.3,0.0,T22,4
Facebook::Beto Oviedo,Facebook,1,2,0,0,0,0,0,0,0,1,0,0,0,0,0,0,0,0,0,0,0,0,0,0,1,0,0,0.0,0.0,0.0,0.0,0.0,0.0,0.0,50.0,0.0,0.0,0.0,0.0,0.0,0.0,0.0,0.0,0.0,0.0,0.0,0.0,0.0,0.0,50.0,0.0,0.0,T22,1
Facebook::Beto Rosano,Facebook,1,5,0,0,0,0,0,0,0,1,0,0,0,0,0,0,0,0,1,0,0,1,0,1,1,0,0,0.0,0.0,0.0,0.0,0.0,0.0,0.0,20.0,0.0,0.0,0.0,0.0,0.0,0.0,0.0,0.0,20.0,0.0,0.0,20.0,0.0,20.0,20.0,0.0,0.0,T22,1
Facebook::Carlos Alfredo Arguelles Cendoya,Facebook,4,7,1,0,0,0,0,0,0,2,0,1,0,0,1,0,0,0,0,0,0,0,0,0,1,0,1,14.3,0.0,0.0,0.0,0.0,0.0,0.0,28.6,0.0,14.3,0.0,0.0,14.3,0.0,0.0,0.0,0.0,0.0,0.0,0.0,0.0,0.0,14.3,0.0,14.3,T07,2
Facebook::Carlos Martin Guerrero Hernandez,Facebook,1,3,0,0,0,0,0,0,0,0,0,0,0,0,0,0,0,0,0,0,1,0,0,0,1,0,1,0.0,0.0,0.0,0.0,0.0,0.0,0.0,0.0,0.0,0.0,0.0,0.0,0.0,0.0,0.0,0.0,0.0,0.0,33.3,0.0,0.0,0.0,33.3,0.0,33.3,T18,1
Facebook::Carmen's Sanchez,Facebook,1,1,0,0,0,0,0,0,1,0,0,0,0,0,0,0,0,0,0,0,0,0,0,0,0,0,0,0.0,0.0,0.0,0.0,0.0,0.0,100.0,0.0,0.0,0.0,0.0,0.0,0.0,0.0,0.0,0.0,0.0,0.0,0.0,0.0,0.0,0.0,0.0,0.0,0.0,T06,1
Facebook::Carolina Diaz,Facebook,1,3,0,1,1,0,0,0,0,0,0,0,0,0,0,1,0,0,0,0,0,0,0,0,0,0,0,0.0,33.3,33.3,0.0,0.0,0.0,0.0,0.0,0.0,0.0,0.0,0.0,0.0,33.3,0.0,0.0,0.0,0.0,0.0,0.0,0.0,0.0,0.0,0.0,0.0,T13,1
Facebook::Chucho Nader,Facebook,1,8,0,1,0,2,1,0,0,1,0,0,0,0,0,1,0,1,0,0,0,0,0,0,1,0,0,0.0,12.5,0.0,25.0,12.5,0.0,0.0,12.5,0.0,0.0,0.0,0.0,0.0,12.5,0.0,12.5,0.0,0.0,0.0,0.0,0.0,0.0,12.5,0.0,0.0,T03,2
Facebook::Cia Las Amo,Facebook,1,4,0,1,0,0,0,0,0,2,1,0,0,0,0,0,0,0,0,0,0,0,0,0,0,0,0,0.0,25.0,0.0,0.0,0.0,0.0,0.0,50.0,25.0,0.0,0.0,0.0,0.0,0.0,0.0,0.0,0.0,0.0,0.0,0.0,0.0,0.0,0.0,0.0,0.0,T07,2
Facebook::Cinthia Villarreal,Facebook,1,1,0,0,0,0,0,0,0,0,0,0,0,0,0,1,0,0,0,0,0,0,0,0,0,0,0,0.0,0.0,0.0,0.0,0.0,0.0,0.0,0.0,0.0,0.0,0.0,0.0,0.0,100.0,0.0,0.0,0.0,0.0,0.0,0.0,0.0,0.0,0.0,0.0,0.0,T13,1
Facebook::Claudia Anaya Alvarado,Facebook,2,3,0,0,0,0,0,0,0,0,0,0,0,0,0,0,0,0,0,0,1,1,0,0,1,0,0,0.0,0.0,0.0,0.0,0.0,0.0,0.0,0.0,0.0,0.0,0.0,0.0,0.0,0.0,0.0,0.0,0.0,0.0,33.3,33.3,0.0,0.0,33.3,0.0,0.0,T22,1
Facebook::Cornelio Lopez,Facebook,1,9,0,0,0,0,1,0,0,0,0,1,0,1,0,1,0,0,0,0,0,0,0,0,5,0,0,0.0,0.0,0.0,0.0,11.1,0.0,0.0,0.0,0.0,11.1,0.0,11.1,0.0,11.1,0.0,0.0,0.0,0.0,0.0,0.0,0.0,0.0,55.6,0.0,0.0,T22,5
Facebook::Daniela Cervantes,Facebook,1,2,0,0,0,0,0,0,0,0,0,0,0,0,0,0,0,0,0,0,1,0,0,0,1,0,0,0.0,0.0,0.0,0.0,0.0,0.0,0.0,0.0,0.0,0.0,0.0,0.0,0.0,0.0,0.0,0.0,0.0,0.0,50.0,0.0,0.0,0.0,50.0,0.0,0.0,T22,1
Facebook::David Garcia,Facebook,3,5,0,0,0,0,0,0,0,1,0,0,0,0,0,1,0,0,0,0,1,0,0,0,0,1,1,0.0,0.0,0.0,0.0,0.0,0.0,0.0,20.0,0.0,0.0,0.0,0.0,0.0,20.0,0.0,0.0,0.0,0.0,20.0,0.0,0.0,0.0,0.0,20.0,20.0,T18,1
Facebook::David Vizuet Rodriguez,Facebook,1,1,0,0,0,0,0,0,0,0,0,0,0,0,0,0,0,0,1,0,0,0,0,0,0,0,0,0.0,0.0,0.0,0.0,0.0,0.0,0.0,0.0,0.0,0.0,0.0,0.0,0.0,0.0,0.0,0.0,100.0,0.0,0.0,0.0,0.0,0.0,0.0,0.0,0.0,T16,1
Facebook::Delicias Mamam,Facebook,11,39,0,1,2,1,0,1,0,7,1,0,1,0,0,1,0,0,3,1,0,1,1,2,11,3,2,0.0,2.6,5.1,2.6,0.0,2.6,0.0,17.9,2.6,0.0,2.6,0.0,0.0,2.6,0.0,0.0,7.7,2.6,0.0,2.6,2.6,5.1,28.2,7.7,5.1,T22,11
Facebook::Deniss Rangel,Facebook,3,11,0,0,0,0,0,0,0,2,1,0,0,1,0,0,0,0,3,0,0,1,0,0,3,0,0,0.0,0.0,0.0,0.0,0.0,0.0,0.0,18.2,9.1,0.0,0.0,9.1,0.0,0.0,0.0,0.0,27.3,0.0,0.0,9.1,0.0,0.0,27.3,0.0,0.0,T22,3
Facebook::Deny Lo,Facebook,1,2,0,0,0,0,0,0,0,0,0,0,0,0,0,0,0,0,0,0,0,1,0,0,0,1,0,0.0,0.0,0.0,0.0,0.0,0.0,0.0,0.0,0.0,0.0,0.0,0.0,0.0,0.0,0.0,0.0,0.0,0.0,0.0,50.0,0.0,0.0,0.0,50.0,0.0,T23,1
Facebook::Dirección de Deportes Tampico,Facebook,1,60,1,1,5,1,0,0,1,5,2,2,1,3,2,1,0,5,8,2,2,8,0,2,3,3,2,1.7,1.7,8.3,1.7,0.0,0.0,1.7,8.3,3.3,3.3,1.7,5.0,3.3,1.7,0.0,8.3,13.3,3.3,3.3,13.3,0.0,3.3,5.0,5.0,3.3,T19,8
Facebook::Dirección de Desarrollo Económico Tampico,Facebook,1,50,0,2,0,3,0,1,0,5,2,1,4,0,1,0,0,0,11,0,7,3,1,1,5,1,2,0.0,4.0,0.0,6.0,0.0,2.0,0.0,10.0,4.0,2.0,8.0,0.0,2.0,0.0,0.0,0.0,22.0,0.0,14.0,6.0,2.0,2.0,10.0,2.0,4.0,T16,11
Facebook::Dora Lilia Vazquez Cruz,Facebook,1,3,0,0,0,2,0,0,0,0,0,0,1,0,0,0,0,0,0,0,0,0,0,0,0,0,0,0.0,0.0,0.0,66.7,0.0,0.0,0.0,0.0,0.0,0.0,33.3,0.0,0.0,0.0,0.0,0.0,0.0,0.0,0.0,0.0,0.0,0.0,0.0,0.0,0.0,T03,2
Facebook::Doris H Gonzalez,Facebook,1,3,0,0,0,0,0,0,0,0,0,0,0,0,0,0,0,0,0,1,0,0,0,0,1,0,1,0.0,0.0,0.0,0.0,0.0,0.0,0.0,0.0,0.0,0.0,0.0,0.0,0.0,0.0,0.0,0.0,0.0,33.3,0.0,0.0,0.0,0.0,33.3,0.0,33.3,T22,1
Facebook::Edgar Garcia,Facebook,1,2,0,0,1,0,0,0,0,0,0,0,0,0,0,0,0,0,0,0,0,0,0,0,0,1,0,0.0,0.0,50.0,0.0,0.0,0.0,0.0,0.0,0.0,0.0,0.0,0.0,0.0,0.0,0.0,0.0,0.0,0.0,0.0,0.0,0.0,0.0,0.0,50.0,0.0,T02,1
Facebook::Elda Vianhey,Facebook,4,7,0,1,0,0,0,0,1,1,0,1,0,0,0,0,0,0,0,0,1,0,0,0,2,0,0,0.0,14.3,0.0,0.0,0.0,0.0,14.3,14.3,0.0,14.3,0.0,0.0,0.0,0.0,0.0,0.0,0.0,0.0,14.3,0.0,0.0,0.0,28.6,0.0,0.0,T22,2
Facebook::Elizabeth Bermea,Facebook,1,1,0,0,0,0,0,1,0,0,0,0,0,0,0,0,0,0,0,0,0,0,0,0,0,0,0,0.0,0.0,0.0,0.0,0.0,100.0,0.0,0.0,0.0,0.0,0.0,0.0,0.0,0.0,0.0,0.0,0.0,0.0,0.0,0.0,0.0,0.0,0.0,0.0,0.0,T05,1
Facebook::Elvira Peralta,Facebook,1,1,0,0,0,0,0,0,0,0,0,0,0,0,0,0,0,0,0,0,0,0,0,0,1,0,0,0.0,0.0,0.0,0.0,0.0,0.0,0.0,0.0,0.0,0.0,0.0,0.0,0.0,0.0,0.0,0.0,0.0,0.0,0.0,0.0,0.0,0.0,100.0,0.0,0.0,T22,1
Facebook::Emmanuel Diaz,Facebook,2,3,0,0,0,0,0,0,0,0,0,0,0,0,0,0,0,0,0,1,0,0,0,0,2,0,0,0.0,0.0,0.0,0.0,0.0,0.0,0.0,0.0,0.0,0.0,0.0,0.0,0.0,0.0,0.0,0.0,0.0,33.3,0.0,0.0,0.0,0.0,66.7,0.0,0.0,T22,2
Facebook::Erika Deyanira Bolado Nigoche,Facebook,1,1,0,0,0,0,0,0,0,0,0,0,0,0,0,0,0,0,0,0,0,0,0,0,1,0,0,0.0,0.0,0.0,0.0,0.0,0.0,0.0,0.0,0.0,0.0,0.0,0.0,0.0,0.0,0.0,0.0,0.0,0.0,0.0,0.0,0.0,0.0,100.0,0.0,0.0,T22,1
Facebook::Eury Chávez López,Facebook,1,1,0,0,0,0,0,0,0,0,0,0,0,0,0,0,0,0,0,0,0,0,0,0,1,0,0,0.0,0.0,0.0,0.0,0.0,0.0,0.0,0.0,0.0,0.0,0.0,0.0,0.0,0.0,0.0,0.0,0.0,0.0,0.0,0.0,0.0,0.0,100.0,0.0,0.0,T22,1
Facebook::Evangelina Mellado,Facebook,1,2,0,0,0,0,0,0,0,0,0,0,0,0,1,0,0,0,0,0,0,0,0,0,1,0,0,0.0,0.0,0.0,0.0,0.0,0.0,0.0,0.0,0.0,0.0,0.0,0.0,50.0,0.0,0.0,0.0,0.0,0.0,0.0,0.0,0.0,0.0,50.0,0.0,0.0,T22,1
Facebook::Fernando De Leija,Facebook,1,1,0,0,0,0,0,0,0,0,0,0,0,0,0,0,0,0,0,0,1,0,0,0,0,0,0,0.0,0.0,0.0,0.0,0.0,0.0,0.0,0.0,0.0,0.0,0.0,0.0,0.0,0.0,0.0,0.0,0.0,0.0,100.0,0.0,0.0,0.0,0.0,0.0,0.0,T18,1
Facebook::Fidencio Rocha,Facebook,3,18,0,0,1,0,0,0,0,2,0,0,1,0,1,0,0,0,0,0,2,0,1,4,5,0,1,0.0,0.0,5.6,0.0,0.0,0.0,0.0,11.1,0.0,0.0,5.6,0.0,5.6,0.0,0.0,0.0,0.0,0.0,11.1,0.0,5.6,22.2,27.8,0.0,5.6,T22,5
Facebook::Flor Hernandez,Facebook,1,2,0,0,0,0,0,0,0,0,0,0,0,0,0,0,0,0,0,0,1,0,0,0,1,0,0,0.0,0.0,0.0,0.0,0.0,0.0,0.0,0.0,0.0,0.0,0.0,0.0,0.0,0.0,0.0,0.0,0.0,0.0,50.0,0.0,0.0,0.0,50.0,0.0,0.0,T22,1
Facebook::Francisco Adrian Pallares Martinez,Facebook,7,15,0,0,0,0,0,0,0,1,0,0,0,0,0,0,0,0,8,0,1,2,0,0,3,0,0,0.0,0.0,0.0,0.0,0.0,0.0,0.0,6.7,0.0,0.0,0.0,0.0,0.0,0.0,0.0,0.0,53.3,0.0,6.7,13.3,0.0,0.0,20.0,0.0,0.0,T16,8
Facebook::Francisco Gomez,Facebook,1,10,0,0,2,0,0,0,0,1,0,0,0,0,2,0,0,0,1,0,3,0,0,0,1,0,0,0.0,0.0,20.0,0.0,0.0,0.0,0.0,10.0,0.0,0.0,0.0,0.0,20.0,0.0,0.0,0.0,10.0,0.0,30.0,0.0,0.0,0.0,10.0,0.0,0.0,T18,3
Facebook::Gabriela Luna Escamilla,Facebook,1,1,0,0,0,0,0,0,0,0,0,0,0,0,0,0,0,0,0,0,0,0,0,0,1,0,0,0.0,0.0,0.0,0.0,0.0,0.0,0.0,0.0,0.0,0.0,0.0,0.0,0.0,0.0,0.0,0.0,0.0,0.0,0.0,0.0,0.0,0.0,100.0,0.0,0.0,T22,1
Facebook::Gonzalo de la Cruz,Facebook,1,1,0,0,0,1,0,0,0,0,0,0,0,0,0,0,0,0,0,0,0,0,0,0,0,0,0,0.0,0.0,0.0,100.0,0.0,0.0,0.0,0.0,0.0,0.0,0.0,0.0,0.0,0.0,0.0,0.0,0.0,0.0,0.0,0.0,0.0,0.0,0.0,0.0,0.0,T03,1
Facebook::Guiye Kings,Facebook,1,13,0,2,0,0,0,0,0,1,0,0,1,0,0,1,0,0,0,3,3,1,0,0,1,0,0,0.0,15.4,0.0,0.0,0.0,0.0,0.0,7.7,0.0,0.0,7.7,0.0,0.0,7.7,0.0,0.0,0.0,23.1,23.1,7.7,0.0,0.0,7.7,0.0,0.0,T17,3
Facebook::Gustavo Enrique Avalos Alvarez,Facebook,2,2,0,0,0,0,0,0,0,0,0,0,0,0,0,0,0,0,0,0,1,0,0,0,1,0,0,0.0,0.0,0.0,0.0,0.0,0.0,0.0,0.0,0.0,0.0,0.0,0.0,0.0,0.0,0.0,0.0,0.0,0.0,50.0,0.0,0.0,0.0,50.0,0.0,0.0,T22,1
Facebook::Hecdaddy Marino,Facebook,1,3,0,0,0,0,0,0,0,0,0,0,0,0,0,1,0,0,0,0,1,0,0,1,0,0,0,0.0,0.0,0.0,0.0,0.0,0.0,0.0,0.0,0.0,0.0,0.0,0.0,0.0,33.3,0.0,0.0,0.0,0.0,33.3,0.0,0.0,33.3,0.0,0.0,0.0,T21,1
Facebook::Hiran Cuellar,Facebook,1,1,0,0,0,0,0,0,0,0,0,0,0,0,0,0,0,0,0,0,0,0,0,0,1,0,0,0.0,0.0,0.0,0.0,0.0,0.0,0.0,0.0,0.0,0.0,0.0,0.0,0.0,0.0,0.0,0.0,0.0,0.0,0.0,0.0,0.0,0.0,100.0,0.0,0.0,T22,1
Facebook::Ilse Turrubiates,Facebook,1,1,0,0,0,0,0,0,0,0,0,0,0,0,0,0,0,0,1,0,0,0,0,0,0,0,0,0.0,0.0,0.0,0.0,0.0,0.0,0.0,0.0,0.0,0.0,0.0,0.0,0.0,0.0,0.0,0.0,100.0,0.0,0.0,0.0,0.0,0.0,0.0,0.0,0.0,T16,1
Facebook::Irene Almendarez Moreno,Facebook,5,6,0,0,0,0,0,0,0,2,0,0,0,0,0,0,0,0,0,0,0,0,0,0,4,0,0,0.0,0.0,0.0,0.0,0.0,0.0,0.0,33.3,0.0,0.0,0.0,0.0,0.0,0.0,0.0,0.0,0.0,0.0,0.0,0.0,0.0,0.0,66.7,0.0,0.0,T22,4
Facebook::Irma Robledo Hernandez,Facebook,2,4,0,0,0,0,0,0,0,2,0,0,0,0,0,0,0,0,0,0,1,0,0,0,1,0,0,0.0,0.0,0.0,0.0,0.0,0.0,0.0,50.0,0.0,0.0,0.0,0.0,0.0,0.0,0.0,0.0,0.0,0.0,25.0,0.0,0.0,0.0,25.0,0.0,0.0,T07,2
Facebook::Irving Lopez,Facebook,1,1,0,0,0,0,0,0,0,0,0,0,0,0,0,0,0,0,0,0,0,0,0,0,1,0,0,0.0,0.0,0.0,0.0,0.0,0.0,0.0,0.0,0.0,0.0,0.0,0.0,0.0,0.0,0.0,0.0,0.0,0.0,0.0,0.0,0.0,0.0,100.0,0.0,0.0,T22,1
Facebook::Isa Guzman,Facebook,2,3,0,0,0,0,0,0,0,0,0,0,0,0,0,0,0,0,0,0,1,0,0,1,1,0,0,0.0,0.0,0.0,0.0,0.0,0.0,0.0,0.0,0.0,0.0,0.0,0.0,0.0,0.0,0.0,0.0,0.0,0.0,33.3,0.0,0.0,33.3,33.3,0.0,0.0,T22,1
Facebook::JC Aguilar,Facebook,1,1,0,0,0,0,0,0,0,0,0,0,0,0,0,0,0,1,0,0,0,0,0,0,0,0,0,0.0,0.0,0.0,0.0,0.0,0.0,0.0,0.0,0.0,0.0,0.0,0.0,0.0,0.0,0.0,100.0,0.0,0.0,0.0,0.0,0.0,0.0,0.0,0.0,0.0,T15,1
Facebook::Javier Lopez,Facebook,1,1,0,0,0,0,0,0,0,0,0,0,0,0,0,0,0,0,0,0,0,0,0,0,1,0,0,0.0,0.0,0.0,0.0,0.0,0.0,0.0,0.0,0.0,0.0,0.0,0.0,0.0,0.0,0.0,0.0,0.0,0.0,0.0,0.0,0.0,0.0,100.0,0.0,0.0,T22,1
Facebook::Javier Meraz,Facebook,5,15,0,0,0,1,0,1,1,1,1,0,0,0,0,0,1,1,0,2,0,2,0,0,4,0,0,0.0,0.0,0.0,6.7,0.0,6.7,6.7,6.7,6.7,0.0,0.0,0.0,0.0,0.0,6.7,6.7,0.0,13.3,0.0,13.3,0.0,0.0,26.7,0.0,0.0,T22,4
Facebook::Jemi Moreno,Facebook,1,1,0,0,0,0,0,0,0,0,0,0,0,0,0,0,0,0,0,0,0,0,0,0,1,0,0,0.0,0.0,0.0,0.0,0.0,0.0,0.0,0.0,0.0,0.0,0.0,0.0,0.0,0.0,0.0,0.0,0.0,0.0,0.0,0.0,0.0,0.0,100.0,0.0,0.0,T22,1
Facebook::Jesus RH,Facebook,1,5,0,0,0,0,0,0,1,0,0,0,0,0,1,1,0,0,0,0,0,0,0,0,1,1,0,0.0,0.0,0.0,0.0,0.0,0.0,20.0,0.0,0.0,0.0,0.0,0.0,20.0,20.0,0.0,0.0,0.0,0.0,0.0,0.0,0.0,0.0,20.0,20.0,0.0,T12,1
Facebook::Jesus Ramirez,Facebook,3,22,0,1,1,1,0,0,0,8,0,1,0,1,2,0,0,0,0,0,3,0,0,0,2,2,0,0.0,4.5,4.5,4.5,0.0,0.0,0.0,36.4,0.0,4.5,0.0,4.5,9.1,0.0,0.0,0.0,0.0,0.0,13.6,0.0,0.0,0.0,9.1,9.1,0.0,T07,8
Facebook::Jesus Ríos,Facebook,1,4,0,0,0,0,0,0,0,1,0,0,0,0,1,0,0,0,0,0,0,0,0,0,1,1,0,0.0,0.0,0.0,0.0,0.0,0.0,0.0,25.0,0.0,0.0,0.0,0.0,25.0,0.0,0.0,0.0,0.0,0.0,0.0,0.0,0.0,0.0,25.0,25.0,0.0,T22,1
Facebook::Jesus Sobrevilla,Facebook,1,6,0,0,0,0,0,0,0,1,0,1,0,0,0,0,0,0,0,0,1,0,0,0,3,0,0,0.0,0.0,0.0,0.0,0.0,0.0,0.0,16.7,0.0,16.7,0.0,0.0,0.0,0.0,0.0,0.0,0.0,0.0,16.7,0.0,0.0,0.0,50.0,0.0,0.0,T22,3
Facebook::Jimena Vallarta,Facebook,1,3,0,0,1,0,0,0,0,0,0,0,0,0,0,0,1,0,0,0,0,0,0,0,1,0,0,0.0,0.0,33.3,0.0,0.0,0.0,0.0,0.0,0.0,0.0,0.0,0.0,0.0,0.0,33.3,0.0,0.0,0.0,0.0,0.0,0.0,0.0,33.3,0.0,0.0,T22,1
Facebook::John Anthony Reyes Salinas,Facebook,1,9,0,0,0,0,1,0,1,1,0,0,0,0,0,0,1,0,0,0,1,1,0,0,1,2,0,0.0,0.0,0.0,0.0,11.1,0.0,11.1,11.1,0.0,0.0,0.0,0.0,0.0,0.0,11.1,0.0,0.0,0.0,11.1,11.1,0.0,0.0,11.1,22.2,0.0,T23,2
Facebook::Jorge A Barragán Maza,Facebook,1,2,0,0,0,0,0,0,0,0,0,0,0,0,0,0,0,0,0,0,1,0,0,0,1,0,0,0.0,0.0,0.0,0.0,0.0,0.0,0.0,0.0,0.0,0.0,0.0,0.0,0.0,0.0,0.0,0.0,0.0,0.0,50.0,0.0,0.0,0.0,50.0,0.0,0.0,T22,1
Facebook::Jorge Antonio Fayad Salinas,Facebook,1,1,0,0,0,0,0,0,0,0,0,0,0,0,0,0,0,0,0,0,0,0,0,0,1,0,0,0.0,0.0,0.0,0.0,0.0,0.0,0.0,0.0,0.0,0.0,0.0,0.0,0.0,0.0,0.0,0.0,0.0,0.0,0.0,0.0,0.0,0.0,100.0,0.0,0.0,T22,1
Facebook::Jorge Hernández Martínez,Facebook,1,2,0,0,0,0,0,0,0,0,0,0,0,0,0,0,1,0,0,0,0,0,0,0,0,1,0,0.0,0.0,0.0,0.0,0.0,0.0,0.0,0.0,0.0,0.0,0.0,0.0,0.0,0.0,50.0,0.0,0.0,0.0,0.0,0.0,0.0,0.0,0.0,50.0,0.0,T23,1
Facebook::José Elías Sosa,Facebook,1,4,0,0,0,0,0,0,0,0,0,0,0,0,0,0,0,0,0,1,1,0,0,0,2,0,0,0.0,0.0,0.0,0.0,0.0,0.0,0.0,0.0,0.0,0.0,0.0,0.0,0.0,0.0,0.0,0.0,0.0,25.0,25.0,0.0,0.0,0.0,50.0,0.0,0.0,T22,2
Facebook::Juan CG,Facebook,1,2,0,0,0,0,0,0,0,1,0,0,0,0,0,0,0,0,0,1,0,0,0,0,0,0,0,0.0,0.0,0.0,0.0,0.0,0.0,0.0,50.0,0.0,0.0,0.0,0.0,0.0,0.0,0.0,0.0,0.0,50.0,0.0,0.0,0.0,0.0,0.0,0.0,0.0,T17,1
Facebook::Juan J S M Cantu,Facebook,3,3,0,0,0,0,0,0,0,0,0,0,0,0,0,0,0,0,0,0,0,0,0,0,3,0,0,0.0,0.0,0.0,0.0,0.0,0.0,0.0,0.0,0.0,0.0,0.0,0.0,0.0,0.0,0.0,0.0,0.0,0.0,0.0,0.0,0.0,0.0,100.0,0.0,0.0,T22,3
Facebook::Juan Lugo,Facebook,1,1,0,0,0,0,0,0,0,1,0,0,0,0,0,0,0,0,0,0,0,0,0,0,0,0,0,0.0,0.0,0.0,0.0,0.0,0.0,0.0,100.0,0.0,0.0,0.0,0.0,0.0,0.0,0.0,0.0,0.0,0.0,0.0,0.0,0.0,0.0,0.0,0.0,0.0,T07,1
Facebook::Juan Manuel Cobos Hernández,Facebook,1,6,1,2,0,0,0,0,0,0,0,0,0,0,0,0,0,0,0,1,0,0,0,0,1,0,1,16.7,33.3,0.0,0.0,0.0,0.0,0.0,0.0,0.0,0.0,0.0,0.0,0.0,0.0,0.0,0.0,0.0,16.7,0.0,0.0,0.0,0.0,16.7,0.0,16.7,T01,2
Facebook::Juana Elda,Facebook,1,3,0,0,0,0,0,0,0,0,1,0,0,0,0,0,0,0,0,0,1,0,0,0,1,0,0,0.0,0.0,0.0,0.0,0.0,0.0,0.0,0.0,33.3,0.0,0.0,0.0,0.0,0.0,0.0,0.0,0.0,0.0,33.3,0.0,0.0,0.0,33.3,0.0,0.0,T22,1
Facebook::Julian Romero Treviño,Facebook,4,26,0,1,8,0,0,0,0,2,0,1,0,0,0,0,0,0,3,2,3,0,0,0,3,3,0,0.0,3.8,30.8,0.0,0.0,0.0,0.0,7.7,0.0,3.8,0.0,0.0,0.0,0.0,0.0,0.0,11.5,7.7,11.5,0.0,0.0,0.0,11.5,11.5,0.0,T02,8
Facebook::Juliette Jonguitud,Facebook,1,0,0,0,0,0,0,0,0,0,0,0,0,0,0,0,0,0,0,0,0,0,0,0,0,0,0,0.0,0.0,0.0,0.0,0.0,0.0,0.0,0.0,0.0,0.0,0.0,0.0,0.0,0.0,0.0,0.0,0.0,0.0,0.0,0.0,0.0,0.0,0.0,0.0,0.0,,0
Facebook::Juve Garcia JG,Facebook,1,2,0,0,0,0,0,0,0,0,0,0,0,0,0,0,0,0,0,0,0,1,0,0,1,0,0,0.0,0.0,0.0,0.0,0.0,0.0,0.0,0.0,0.0,0.0,0.0,0.0,0.0,0.0,0.0,0.0,0.0,0.0,0.0,50.0,0.0,0.0,50.0,0.0,0.0,T22,1
Facebook::Karime Cch,Facebook,1,1,0,0,0,0,0,0,0,0,0,0,0,0,0,1,0,0,0,0,0,0,0,0,0,0,0,0.0,0.0,0.0,0.0,0.0,0.0,0.0,0.0,0.0,0.0,0.0,0.0,0.0,100.0,0.0,0.0,0.0,0.0,0.0,0.0,0.0,0.0,0.0,0.0,0.0,T13,1
Facebook::Karime Cámara Chaín,Facebook,22,42,0,1,4,1,0,0,1,8,1,0,1,0,5,0,0,0,13,1,2,0,0,1,2,1,0,0.0,2.4,9.5,2.4,0.0,0.0,2.4,19.0,2.4,0.0,2.4,0.0,11.9,0.0,0.0,0.0,31.0,2.4,4.8,0.0,0.0,2.4,4.8,2.4,0.0,T16,13
Facebook::Kendra CL,Facebook,1,1,0,0,0,0,0,0,0,0,0,0,0,0,0,0,0,0,0,0,0,0,0,0,1,0,0,0.0,0.0,0.0,0.0,0.0,0.0,0.0,0.0,0.0,0.0,0.0,0.0,0.0,0.0,0.0,0.0,0.0,0.0,0.0,0.0,0.0,0.0,100.0,0.0,0.0,T22,1
Facebook::La Copa de Oro,Facebook,1,7,0,0,0,0,0,0,0,1,0,0,0,0,1,2,0,0,0,0,0,1,0,0,1,1,0,0.0,0.0,0.0,0.0,0.0,0.0,0.0,14.3,0.0,0.0,0.0,0.0,14.3,28.6,0.0,0.0,0.0,0.0,0.0,14.3,0.0,0.0,14.3,14.3,0.0,T13,2
Facebook::Laura Acevedo,Facebook,1,8,0,0,0,0,0,0,0,2,0,0,2,1,0,0,0,0,2,0,0,0,0,0,1,0,0,0.0,0.0,0.0,0.0,0.0,0.0,0.0,25.0,0.0,0.0,25.0,12.5,0.0,0.0,0.0,0.0,25.0,0.0,0.0,0.0,0.0,0.0,12.5,0.0,0.0,T07,2
Facebook::Laura Gutiérrez Sánchez,Facebook,1,1,0,0,0,0,0,0,0,0,0,0,0,0,0,0,0,0,0,0,0,0,0,0,1,0,0,0.0,0.0,0.0,0.0,0.0,0.0,0.0,0.0,0.0,0.0,0.0,0.0,0.0,0.0,0.0,0.0,0.0,0.0,0.0,0.0,0.0,0.0,100.0,0.0,0.0,T22,1
Facebook::Leonardo Ramirez Mendoza,Facebook,1,1,0,0,0,0,0,0,0,0,0,0,0,0,0,0,0,0,0,0,0,0,0,0,1,0,0,0.0,0.0,0.0,0.0,0.0,0.0,0.0,0.0,0.0,0.0,0.0,0.0,0.0,0.0,0.0,0.0,0.0,0.0,0.0,0.0,0.0,0.0,100.0,0.0,0.0,T22,1
Facebook::Lesnamo Narvaez,Facebook,1,0,0,0,0,0,0,0,0,0,0,0,0,0,0,0,0,0,0,0,0,0,0,0,0,0,0,0.0,0.0,0.0,0.0,0.0,0.0,0.0,0.0,0.0,0.0,0.0,0.0,0.0,0.0,0.0,0.0,0.0,0.0,0.0,0.0,0.0,0.0,0.0,0.0,0.0,,0
Facebook::Leticia Morantes,Facebook,3,8,0,0,0,0,0,0,0,4,0,0,0,0,0,0,0,0,0,0,1,0,0,0,2,0,1,0.0,0.0,0.0,0.0,0.0,0.0,0.0,50.0,0.0,0.0,0.0,0.0,0.0,0.0,0.0,0.0,0.0,0.0,12.5,0.0,0.0,0.0,25.0,0.0,12.5,T07,4
Facebook::Letty Aguilar,Facebook,3,8,0,0,0,0,0,0,0,0,0,0,0,0,0,0,0,0,1,0,1,0,0,0,6,0,0,0.0,0.0,0.0,0.0,0.0,0.0,0.0,0.0,0.0,0.0,0.0,0.0,0.0,0.0,0.0,0.0,12.5,0.0,12.5,0.0,0.0,0.0,75.0,0.0,0.0,T22,6
Facebook::Lety Chavez,Facebook,1,2,0,0,0,0,0,0,0,0,0,0,0,0,0,0,0,0,0,0,1,0,0,0,1,0,0,0.0,0.0,0.0,0.0,0.0,0.0,0.0,0.0,0.0,0.0,0.0,0.0,0.0,0.0,0.0,0.0,0.0,0.0,50.0,0.0,0.0,0.0,50.0,0.0,0.0,T22,1
Facebook::Lety HR,Facebook,2,9,0,0,0,1,0,0,0,0,1,0,0,1,0,1,0,0,0,0,1,1,0,0,2,0,1,0.0,0.0,0.0,11.1,0.0,0.0,0.0,0.0,11.1,0.0,0.0,11.1,0.0,11.1,0.0,0.0,0.0,0.0,11.1,11.1,0.0,0.0,22.2,0.0,11.1,T22,2
Facebook::León Guillermo,Facebook,1,3,0,0,1,0,0,0,0,0,0,0,0,0,0,0,0,0,0,0,1,0,0,0,1,0,0,0.0,0.0,33.3,0.0,0.0,0.0,0.0,0.0,0.0,0.0,0.0,0.0,0.0,0.0,0.0,0.0,0.0,0.0,33.3,0.0,0.0,0.0,33.3,0.0,0.0,T18,1
Facebook::Lilia Durán,Facebook,1,3,0,0,0,0,0,0,0,1,0,0,0,0,0,0,0,0,0,0,0,0,0,0,2,0,0,0.0,0.0,0.0,0.0,0.0,0.0,0.0,33.3,0.0,0.0,0.0,0.0,0.0,0.0,0.0,0.0,0.0,0.0,0.0,0.0,0.0,0.0,66.7,0.0,0.0,T22,2
Facebook::Linda Valdez Cruz,Facebook,3,17,0,0,1,0,0,0,0,4,0,0,0,0,0,0,0,0,1,0,0,3,0,0,7,1,0,0.0,0.0,5.9,0.0,0.0,0.0,0.0,23.5,0.0,0.0,0.0,0.0,0.0,0.0,0.0,0.0,5.9,0.0,0.0,17.6,0.0,0.0,41.2,5.9,0.0,T22,7
Facebook::Liz Gonzalez,Facebook,1,3,0,0,0,0,0,0,0,0,0,0,0,0,0,0,0,0,0,0,1,0,0,0,2,0,0,0.0,0.0,0.0,0.0,0.0,0.0,0.0,0.0,0.0,0.0,0.0,0.0,0.0,0.0,0.0,0.0,0.0,0.0,33.3,0.0,0.0,0.0,66.7,0.0,0.0,T22,2
Facebook::Llamas Sanchez Jose Daniel,Facebook,1,3,0,0,0,0,0,0,0,0,0,0,0,0,0,0,0,0,0,1,1,0,0,0,1,0,0,0.0,0.0,0.0,0.0,0.0,0.0,0.0,0.0,0.0,0.0,0.0,0.0,0.0,0.0,0.0,0.0,0.0,33.3,33.3,0.0,0.0,0.0,33.3,0.0,0.0,T17,1
Facebook::Lucho Mix,Facebook,2,2,0,0,0,0,0,0,0,0,0,0,0,0,0,0,0,0,0,0,0,0,0,0,2,0,0,0.0,0.0,0.0,0.0,0.0,0.0,0.0,0.0,0.0,0.0,0.0,0.0,0.0,0.0,0.0,0.0,0.0,0.0,0.0,0.0,0.0,0.0,100.0,0.0,0.0,T22,2
Facebook::Luis Eduardo Rmz,Facebook,1,1,0,0,0,0,0,0,0,0,0,0,0,0,0,0,0,0,0,0,0,0,0,0,1,0,0,0.0,0.0,0.0,0.0,0.0,0.0,0.0,0.0,0.0,0.0,0.0,0.0,0.0,0.0,0.0,0.0,0.0,0.0,0.0,0.0,0.0,0.0,100.0,0.0,0.0,T22,1
Facebook::Luis Loaiza,Facebook,6,11,0,0,0,0,0,0,0,2,0,0,0,0,1,0,0,1,0,0,1,0,0,0,6,0,0,0.0,0.0,0.0,0.0,0.0,0.0,0.0,18.2,0.0,0.0,0.0,0.0,9.1,0.0,0.0,9.1,0.0,0.0,9.1,0.0,0.0,0.0,54.5,0.0,0.0,T22,6
Facebook::Lupiss García Juárez García,Facebook,1,5,0,0,0,1,0,0,0,0,0,0,0,1,2,0,0,0,0,0,1,0,0,0,0,0,0,0.0,0.0,0.0,20.0,0.0,0.0,0.0,0.0,0.0,0.0,0.0,20.0,40.0,0.0,0.0,0.0,0.0,0.0,20.0,0.0,0.0,0.0,0.0,0.0,0.0,T12,2
Facebook::Lupita Mar,Facebook,1,1,0,0,0,0,0,0,0,0,0,0,0,0,0,0,0,0,0,0,0,0,0,0,1,0,0,0.0,0.0,0.0,0.0,0.0,0.0,0.0,0.0,0.0,0.0,0.0,0.0,0.0,0.0,0.0,0.0,0.0,0.0,0.0,0.0,0.0,0.0,100.0,0.0,0.0,T22,1
Facebook::Lupita Ortiz Casanova,Facebook,1,1,0,0,0,0,0,0,1,0,0,0,0,0,0,0,0,0,0,0,0,0,0,0,0,0,0,0.0,0.0,0.0,0.0,0.0,0.0,100.0,0.0,0.0,0.0,0.0,0.0,0.0,0.0,0.0,0.0,0.0,0.0,0.0,0.0,0.0,0.0,0.0,0.0,0.0,T06,1
Facebook::Ma Cristina Hernandez Gallegos,Facebook,1,3,0,0,0,0,0,0,0,0,0,0,0,0,0,0,0,0,1,0,1,0,0,0,1,0,0,0.0,0.0,0.0,0.0,0.0,0.0,0.0,0.0,0.0,0.0,0.0,0.0,0.0,0.0,0.0,0.0,33.3,0.0,33.3,0.0,0.0,0.0,33.3,0.0,0.0,T22,1
Facebook::Ma Eugenia Cruz Jara,Facebook,1,1,0,0,0,0,0,0,0,0,0,0,0,0,0,0,0,0,0,0,0,0,0,0,1,0,0,0.0,0.0,0.0,0.0,0.0,0.0,0.0,0.0,0.0,0.0,0.0,0.0,0.0,0.0,0.0,0.0,0.0,0.0,0.0,0.0,0.0,0.0,100.0,0.0,0.0,T22,1
Facebook::Maguitus Gutierrez,Facebook,1,2,0,0,0,0,0,0,0,1,0,0,0,0,0,0,0,0,0,0,0,0,0,0,0,1,0,0.0,0.0,0.0,0.0,0.0,0.0,0.0,50.0,0.0,0.0,0.0,0.0,0.0,0.0,0.0,0.0,0.0,0.0,0.0,0.0,0.0,0.0,0.0,50.0,0.0,T23,1
Facebook::Marco Sant Ced,Facebook,1,2,0,0,1,0,0,0,0,1,0,0,0,0,0,0,0,0,0,0,0,0,0,0,0,0,0,0.0,0.0,50.0,0.0,0.0,0.0,0.0,50.0,0.0,0.0,0.0,0.0,0.0,0.0,0.0,0.0,0.0,0.0,0.0,0.0,0.0,0.0,0.0,0.0,0.0,T07,1
Facebook::Margarita Martinez,Facebook,1,2,0,0,0,0,0,0,0,0,0,0,0,0,1,0,0,0,0,0,0,0,0,0,1,0,0,0.0,0.0,0.0,0.0,0.0,0.0,0.0,0.0,0.0,0.0,0.0,0.0,50.0,0.0,0.0,0.0,0.0,0.0,0.0,0.0,0.0,0.0,50.0,0.0,0.0,T22,1
Facebook::Margarita San Martin,Facebook,3,7,0,0,0,0,0,0,0,1,0,0,0,0,0,0,0,0,3,0,1,0,0,0,2,0,0,0.0,0.0,0.0,0.0,0.0,0.0,0.0,14.3,0.0,0.0,0.0,0.0,0.0,0.0,0.0,0.0,42.9,0.0,14.3,0.0,0.0,0.0,28.6,0.0,0.0,T16,3
Facebook::Mari Mrm,Facebook,3,7,0,0,0,0,0,0,0,1,0,0,0,0,0,0,0,0,0,0,1,0,0,0,5,0,0,0.0,0.0,0.0,0.0,0.0,0.0,0.0,14.3,0.0,0.0,0.0,0.0,0.0,0.0,0.0,0.0,0.0,0.0,14.3,0.0,0.0,0.0,71.4,0.0,0.0,T22,5
Facebook::Maria Araujo,Facebook,1,4,0,0,0,0,0,0,0,2,0,0,0,0,0,0,0,0,0,0,0,1,0,0,1,0,0,0.0,0.0,0.0,0.0,0.0,0.0,0.0,50.0,0.0,0.0,0.0,0.0,0.0,0.0,0.0,0.0,0.0,0.0,0.0,25.0,0.0,0.0,25.0,0.0,0.0,T07,2
Facebook::Maria Del Socorro Hurtado Alvarez,Facebook,2,4,1,0,0,0,0,0,0,1,0,0,0,0,1,0,0,0,0,0,0,0,0,0,1,0,0,25.0,0.0,0.0,0.0,0.0,0.0,0.0,25.0,0.0,0.0,0.0,0.0,25.0,0.0,0.0,0.0,0.0,0.0,0.0,0.0,0.0,0.0,25.0,0.0,0.0,T12,1
Facebook::Maria Luisa De Mayo,Facebook,1,1,0,0,0,0,0,0,0,0,0,0,0,0,0,0,0,0,0,0,0,1,0,0,0,0,0,0.0,0.0,0.0,0.0,0.0,0.0,0.0,0.0,0.0,0.0,0.0,0.0,0.0,0.0,0.0,0.0,0.0,0.0,0.0,100.0,0.0,0.0,0.0,0.0,0.0,T19,1
Facebook::Maria Luisa Lopez Atzin,Facebook,1,3,0,0,0,0,0,0,0,0,0,1,1,0,0,0,0,0,1,0,0,0,0,0,0,0,0,0.0,0.0,0.0,0.0,0.0,0.0,0.0,0.0,0.0,33.3,33.3,0.0,0.0,0.0,0.0,0.0,33.3,0.0,0.0,0.0,0.0,0.0,0.0,0.0,0.0,T10,1
Facebook::Mariann LuMa,Facebook,1,2,0,0,0,0,0,0,0,0,0,0,0,0,0,0,0,0,1,0,0,1,0,0,0,0,0,0.0,0.0,0.0,0.0,0.0,0.0,0.0,0.0,0.0,0.0,0.0,0.0,0.0,0.0,0.0,0.0,50.0,0.0,0.0,50.0,0.0,0.0,0.0,0.0,0.0,T19,1
Facebook::Maribel Mireles,Facebook,1,1,0,0,0,0,0,0,0,0,0,0,0,0,0,0,0,0,0,0,0,0,0,0,1,0,0,0.0,0.0,0.0,0.0,0.0,0.0,0.0,0.0,0.0,0.0,0.0,0.0,0.0,0.0,0.0,0.0,0.0,0.0,0.0,0.0,0.0,0.0,100.0,0.0,0.0,T22,1
Facebook::Mario Sinue Castellanos,Facebook,2,6,0,0,0,0,0,0,0,1,0,0,0,0,0,1,0,0,1,0,0,0,0,0,2,0,1,0.0,0.0,0.0,0.0,0.0,0.0,0.0,16.7,0.0,0.0,0.0,0.0,0.0,16.7,0.0,0.0,16.7,0.0,0.0,0.0,0.0,0.0,33.3,0.0,16.7,T22,2
Facebook::Martha Rivas,Facebook,2,2,0,0,0,0,0,0,0,0,0,0,0,0,0,0,0,0,0,0,0,0,0,0,2,0,0,0.0,0.0,0.0,0.0,0.0,0.0,0.0,0.0,0.0,0.0,0.0,0.0,0.0,0.0,0.0,0.0,0.0,0.0,0.0,0.0,0.0,0.0,100.0,0.0,0.0,T22,2
Facebook::Martz Anele,Facebook,1,2,0,0,0,0,0,0,0,1,0,0,0,0,0,0,0,0,0,0,0,0,0,0,1,0,0,0.0,0.0,0.0,0.0,0.0,0.0,0.0,50.0,0.0,0.0,0.0,0.0,0.0,0.0,0.0,0.0,0.0,0.0,0.0,0.0,0.0,0.0,50.0,0.0,0.0,T22,1
Facebook::Maru Soriano,Facebook,1,2,0,0,0,0,0,0,0,0,0,0,0,0,0,0,0,0,1,0,0,0,0,0,1,0,0,0.0,0.0,0.0,0.0,0.0,0.0,0.0,0.0,0.0,0.0,0.0,0.0,0.0,0.0,0.0,0.0,50.0,0.0,0.0,0.0,0.0,0.0,50.0,0.0,0.0,T22,1
Facebook::Mary Chan,Facebook,3,4,0,0,0,0,0,0,0,0,0,0,0,0,0,0,0,0,0,1,1,0,0,0,1,1,0,0.0,0.0,0.0,0.0,0.0,0.0,0.0,0.0,0.0,0.0,0.0,0.0,0.0,0.0,0.0,0.0,0.0,25.0,25.0,0.0,0.0,0.0,25.0,25.0,0.0,T22,1
Facebook::Meche Gordillo Gordillo,Facebook,1,5,0,0,0,0,0,0,0,0,0,0,0,0,0,0,0,0,0,0,1,0,0,2,2,0,0,0.0,0.0,0.0,0.0,0.0,0.0,0.0,0.0,0.0,0.0,0.0,0.0,0.0,0.0,0.0,0.0,0.0,0.0,20.0,0.0,0.0,40.0,40.0,0.0,0.0,T22,2
"Facebook::Mercado Tampico ""Sabor y Tradición""",Facebook,1,2,0,0,0,0,0,0,0,0,0,0,0,0,0,0,0,0,0,1,0,0,0,0,1,0,0,0.0,0.0,0.0,0.0,0.0,0.0,0.0,0.0,0.0,0.0,0.0,0.0,0.0,0.0,0.0,0.0,0.0,50.0,0.0,0.0,0.0,0.0,50.0,0.0,0.0,T22,1
Facebook::Minerva Fons,Facebook,1,4,0,0,0,0,0,0,0,0,0,0,0,0,0,0,0,0,0,0,1,0,1,1,1,0,0,0.0,0.0,0.0,0.0,0.0,0.0,0.0,0.0,0.0,0.0,0.0,0.0,0.0,0.0,0.0,0.0,0.0,0.0,25.0,0.0,25.0,25.0,25.0,0.0,0.0,T18,1
Facebook::Mode Riv Mar,Facebook,1,62,2,1,3,2,6,5,6,2,1,1,2,1,2,3,9,1,0,5,5,0,0,0,2,1,2,3.2,1.6,4.8,3.2,9.7,8.1,9.7,3.2,1.6,1.6,3.2,1.6,3.2,4.8,14.5,1.6,0.0,8.1,8.1,0.0,0.0,0.0,3.2,1.6,3.2,T14,9
Facebook::Montse Oda,Facebook,1,3,0,0,0,0,0,0,0,0,0,0,0,0,1,0,0,0,0,0,0,0,0,0,1,0,1,0.0,0.0,0.0,0.0,0.0,0.0,0.0,0.0,0.0,0.0,0.0,0.0,33.3,0.0,0.0,0.0,0.0,0.0,0.0,0.0,0.0,0.0,33.3,0.0,33.3,T22,1
Facebook::Moños Tamaulipecos,Facebook,1,1,0,0,0,0,0,0,0,0,0,0,0,0,0,0,0,0,0,1,0,0,0,0,0,0,0,0.0,0.0,0.0,0.0,0.0,0.0,0.0,0.0,0.0,0.0,0.0,0.0,0.0,0.0,0.0,0.0,0.0,100.0,0.0,0.0,0.0,0.0,0.0,0.0,0.0,T17,1
Facebook::MsR,Facebook,1,1,0,0,0,0,0,0,0,0,0,0,0,0,0,0,0,0,0,0,0,0,0,0,1,0,0,0.0,0.0,0.0,0.0,0.0,0.0,0.0,0.0,0.0,0.0,0.0,0.0,0.0,0.0,0.0,0.0,0.0,0.0,0.0,0.0,0.0,0.0,100.0,0.0,0.0,T22,1
Facebook::Myrna Leticia Hernandez,Facebook,6,16,0,0,0,0,0,0,0,0,0,0,0,0,0,0,0,0,6,0,4,0,0,0,6,0,0,0.0,0.0,0.0,0.0,0.0,0.0,0.0,0.0,0.0,0.0,0.0,0.0,0.0,0.0,0.0,0.0,37.5,0.0,25.0,0.0,0.0,0.0,37.5,0.0,0.0,T22,6
Facebook::Mónica Villarreal,Facebook,44,1337,38,71,56,25,16,35,10,119,14,38,57,46,141,26,11,25,143,29,106,36,10,30,123,69,63,2.8,5.3,4.2,1.9,1.2,2.6,0.7,8.9,1.0,2.8,4.3,3.4,10.5,1.9,0.8,1.9,10.7,2.2,7.9,2.7,0.7,2.2,9.2,5.2,4.7,T16,143
Facebook::Nanda Abud,Facebook,1,1,0,0,0,0,0,0,0,0,0,0,0,0,0,0,0,0,0,1,0,0,0,0,0,0,0,0.0,0.0,0.0,0.0,0.0,0.0,0.0,0.0,0.0,0.0,0.0,0.0,0.0,0.0,0.0,0.0,0.0,100.0,0.0,0.0,0.0,0.0,0.0,0.0,0.0,T17,1
Facebook::Nora Ale,Facebook,2,4,0,0,1,0,0,0,0,2,0,0,0,0,1,0,0,0,0,0,0,0,0,0,0,0,0,0.0,0.0,25.0,0.0,0.0,0.0,0.0,50.0,0.0,0.0,0.0,0.0,25.0,0.0,0.0,0.0,0.0,0.0,0.0,0.0,0.0,0.0,0.0,0.0,0.0,T07,2
Facebook::Nyde Turrubiates,Facebook,6,6,0,0,0,0,0,0,0,0,0,0,0,0,0,0,0,0,6,0,0,0,0,0,0,0,0,0.0,0.0,0.0,0.0,0.0,0.0,0.0,0.0,0.0,0.0,0.0,0.0,0.0,0.0,0.0,0.0,100.0,0.0,0.0,0.0,0.0,0.0,0.0,0.0,0.0,T16,6
Facebook::Ofelia Cantu,Facebook,5,24,0,1,2,1,1,1,0,6,1,0,0,1,5,1,0,1,0,0,1,0,0,0,2,0,0,0.0,4.2,8.3,4.2,4.2,4.2,0.0,25.0,4.2,0.0,0.0,4.2,20.8,4.2,0.0,4.2,0.0,0.0,4.2,0.0,0.0,0.0,8.3,0.0,0.0,T07,6
Facebook::Olga Sosa Ruiz,Facebook,1,3,0,0,0,0,0,0,1,0,0,0,0,0,0,0,0,0,0,0,1,0,0,0,1,0,0,0.0,0.0,0.0,0.0,0.0,0.0,33.3,0.0,0.0,0.0,0.0,0.0,0.0,0.0,0.0,0.0,0.0,0.0,33.3,0.0,0.0,0.0,33.3,0.0,0.0,T22,1
Facebook::Omar Gutierrez,Facebook,1,1,0,0,0,0,0,0,0,0,0,0,0,0,0,0,1,0,0,0,0,0,0,0,0,0,0,0.0,0.0,0.0,0.0,0.0,0.0,0.0,0.0,0.0,0.0,0.0,0.0,0.0,0.0,100.0,0.0,0.0,0.0,0.0,0.0,0.0,0.0,0.0,0.0,0.0,T14,1
Facebook::Paola Delsol,Facebook,1,1,0,0,0,0,0,0,0,0,0,0,0,0,0,0,0,0,0,0,0,0,0,0,1,0,0,0.0,0.0,0.0,0.0,0.0,0.0,0.0,0.0,0.0,0.0,0.0,0.0,0.0,0.0,0.0,0.0,0.0,0.0,0.0,0.0,0.0,0.0,100.0,0.0,0.0,T22,1
Facebook::Patito Sanchez,Facebook,3,6,0,0,0,0,0,0,0,0,1,0,0,1,0,0,0,0,0,0,0,0,0,0,3,0,1,0.0,0.0,0.0,0.0,0.0,0.0,0.0,0.0,16.7,0.0,0.0,16.7,0.0,0.0,0.0,0.0,0.0,0.0,0.0,0.0,0.0,0.0,50.0,0.0,16.7,T22,3
Facebook::Paula Hernández,Facebook,1,2,0,0,0,0,0,0,0,0,0,0,0,0,0,0,0,0,0,0,0,0,0,0,2,0,0,0.0,0.0,0.0,0.0,0.0,0.0,0.0,0.0,0.0,0.0,0.0,0.0,0.0,0.0,0.0,0.0,0.0,0.0,0.0,0.0,0.0,0.0,100.0,0.0,0.0,T22,2
Facebook::Pedro Sierra,Facebook,1,0,0,0,0,0,0,0,0,0,0,0,0,0,0,0,0,0,0,0,0,0,0,0,0,0,0,0.0,0.0,0.0,0.0,0.0,0.0,0.0,0.0,0.0,0.0,0.0,0.0,0.0,0.0,0.0,0.0,0.0,0.0,0.0,0.0,0.0,0.0,0.0,0.0,0.0,,0
Facebook::Perlita Mayorga,Facebook,1,1,0,0,0,0,0,0,0,0,0,0,0,0,0,0,0,0,0,0,0,0,0,0,1,0,0,0.0,0.0,0.0,0.0,0.0,0.0,0.0,0.0,0.0,0.0,0.0,0.0,0.0,0.0,0.0,0.0,0.0,0.0,0.0,0.0,0.0,0.0,100.0,0.0,0.0,T22,1
Facebook::Pio Orozco,Facebook,1,2,0,0,0,0,0,0,0,0,0,0,0,0,0,0,0,0,0,0,0,0,0,0,2,0,0,0.0,0.0,0.0,0.0,0.0,0.0,0.0,0.0,0.0,0.0,0.0,0.0,0.0,0.0,0.0,0.0,0.0,0.0,0.0,0.0,0.0,0.0,100.0,0.0,0.0,T22,2
Facebook::Polemicadeportivatv,Facebook,1,7,0,0,0,0,0,0,0,0,0,0,0,2,1,0,1,0,0,0,0,1,1,0,1,0,0,0.0,0.0,0.0,0.0,0.0,0.0,0.0,0.0,0.0,0.0,0.0,28.6,14.3,0.0,14.3,0.0,0.0,0.0,0.0,14.3,14.3,0.0,14.3,0.0,0.0,T11,2
Facebook::Raulinho Roman,Facebook,1,1,0,0,0,0,0,0,0,0,0,0,1,0,0,0,0,0,0,0,0,0,0,0,0,0,0,0.0,0.0,0.0,0.0,0.0,0.0,0.0,0.0,0.0,0.0,100.0,0.0,0.0,0.0,0.0,0.0,0.0,0.0,0.0,0.0,0.0,0.0,0.0,0.0,0.0,T10,1
Facebook::Ricardo Martin Torres Domingo,Facebook,1,4,0,0,1,0,0,0,0,0,0,0,0,0,0,0,1,0,0,0,0,0,1,0,1,0,0,0.0,0.0,25.0,0.0,0.0,0.0,0.0,0.0,0.0,0.0,0.0,0.0,0.0,0.0,25.0,0.0,0.0,0.0,0.0,0.0,25.0,0.0,25.0,0.0,0.0,T22,1
Facebook::Ricardo Rosas,Facebook,1,1,0,0,0,0,0,0,0,0,0,0,0,0,0,0,0,0,0,0,0,0,0,0,1,0,0,0.0,0.0,0.0,0.0,0.0,0.0,0.0,0.0,0.0,0.0,0.0,0.0,0.0,0.0,0.0,0.0,0.0,0.0,0.0,0.0,0.0,0.0,100.0,0.0,0.0,T22,1
Facebook::Rob Aidya,Facebook,1,3,0,0,0,0,0,0,0,1,0,0,0,0,0,0,0,0,0,0,0,0,0,0,2,0,0,0.0,0.0,0.0,0.0,0.0,0.0,0.0,33.3,0.0,0.0,0.0,0.0,0.0,0.0,0.0,0.0,0.0,0.0,0.0,0.0,0.0,0.0,66.7,0.0,0.0,T22,2
Facebook::Rosa Hernandez,Facebook,1,1,0,0,0,0,0,0,0,0,0,0,0,0,0,0,0,0,0,0,0,0,0,0,1,0,0,0.0,0.0,0.0,0.0,0.0,0.0,0.0,0.0,0.0,0.0,0.0,0.0,0.0,0.0,0.0,0.0,0.0,0.0,0.0,0.0,0.0,0.0,100.0,0.0,0.0,T22,1
Facebook::Rosa Lilia Ruiz Ibarra,Facebook,2,3,0,0,0,0,0,0,0,1,0,0,0,0,0,0,0,0,0,0,0,0,0,0,2,0,0,0.0,0.0,0.0,0.0,0.0,0.0,0.0,33.3,0.0,0.0,0.0,0.0,0.0,0.0,0.0,0.0,0.0,0.0,0.0,0.0,0.0,0.0,66.7,0.0,0.0,T22,2
Facebook::Rosy Olguín,Facebook,1,1,0,0,0,0,0,0,0,0,0,0,0,0,0,0,0,0,0,0,0,0,0,0,1,0,0,0.0,0.0,0.0,0.0,0.0,0.0,0.0,0.0,0.0,0.0,0.0,0.0,0.0,0.0,0.0,0.0,0.0,0.0,0.0,0.0,0.0,0.0,100.0,0.0,0.0,T22,1
Facebook::Rubi Aguilar,Facebook,1,1,0,0,0,0,0,0,0,0,0,0,0,0,0,0,0,0,0,0,0,0,0,0,1,0,0,0.0,0.0,0.0,0.0,0.0,0.0,0.0,0.0,0.0,0.0,0.0,0.0,0.0,0.0,0.0,0.0,0.0,0.0,0.0,0.0,0.0,0.0,100.0,0.0,0.0,T22,1
Facebook::Sandra Luz Sandoval,Facebook,2,7,0,0,0,0,0,0,0,2,0,0,0,0,1,0,0,0,0,0,2,0,0,0,2,0,0,0.0,0.0,0.0,0.0,0.0,0.0,0.0,28.6,0.0,0.0,0.0,0.0,14.3,0.0,0.0,0.0,0.0,0.0,28.6,0.0,0.0,0.0,28.6,0.0,0.0,T22,2
Facebook::Sandy Acosta,Facebook,1,0,0,0,0,0,0,0,0,0,0,0,0,0,0,0,0,0,0,0,0,0,0,0,0,0,0,0.0,0.0,0.0,0.0,0.0,0.0,0.0,0.0,0.0,0.0,0.0,0.0,0.0,0.0,0.0,0.0,0.0,0.0,0.0,0.0,0.0,0.0,0.0,0.0,0.0,,0
Facebook::Sara Cintora,Facebook,3,4,0,0,0,0,0,0,0,0,0,0,0,0,0,0,0,0,0,0,1,1,0,0,2,0,0,0.0,0.0,0.0,0.0,0.0,0.0,0.0,0.0,0.0,0.0,0.0,0.0,0.0,0.0,0.0,0.0,0.0,0.0,25.0,25.0,0.0,0.0,50.0,0.0,0.0,T22,2
Facebook::Sasa Trulli,Facebook,1,3,0,0,0,0,0,0,0,2,0,0,0,0,0,0,0,0,0,0,0,0,0,0,0,0,1,0.0,0.0,0.0,0.0,0.0,0.0,0.0,66.7,0.0,0.0,0.0,0.0,0.0,0.0,0.0,0.0,0.0,0.0,0.0,0.0,0.0,0.0,0.0,0.0,33.3,T07,2
Facebook::Sergio Ocejo Quintanilla,Facebook,5,23,1,0,4,0,0,0,1,2,0,1,1,1,1,0,1,0,2,1,2,2,0,1,1,1,0,4.3,0.0,17.4,0.0,0.0,0.0,4.3,8.7,0.0,4.3,4.3,4.3,4.3,0.0,4.3,0.0,8.7,4.3,8.7,8.7,0.0,4.3,4.3,4.3,0.0,T02,4
Facebook::Sonia Bravo,Facebook,1,1,0,0,0,0,0,0,0,0,0,0,0,0,0,0,0,0,0,0,0,0,0,0,1,0,0,0.0,0.0,0.0,0.0,0.0,0.0,0.0,0.0,0.0,0.0,0.0,0.0,0.0,0.0,0.0,0.0,0.0,0.0,0.0,0.0,0.0,0.0,100.0,0.0,0.0,T22,1
Facebook::Sujei Perez Martinez,Facebook,2,4,0,0,1,0,0,0,0,1,0,0,0,0,0,0,0,0,0,0,0,0,0,1,1,0,0,0.0,0.0,25.0,0.0,0.0,0.0,0.0,25.0,0.0,0.0,0.0,0.0,0.0,0.0,0.0,0.0,0.0,0.0,0.0,0.0,0.0,25.0,25.0,0.0,0.0,T22,1
Facebook::Tampico Gob,Facebook,28,915,15,36,32,16,11,15,20,93,12,19,32,25,54,12,8,4,75,21,206,14,13,18,91,46,27,1.6,3.9,3.5,1.7,1.2,1.6,2.2,10.2,1.3,2.1,3.5,2.7,5.9,1.3,0.9,0.4,8.2,2.3,22.5,1.5,1.4,2.0,9.9,5.0,3.0,T18,206
Facebook::Tavo Sosa,Facebook,1,1,0,0,0,0,0,0,0,0,0,0,0,0,0,1,0,0,0,0,0,0,0,0,0,0,0,0.0,0.0,0.0,0.0,0.0,0.0,0.0,0.0,0.0,0.0,0.0,0.0,0.0,100.0,0.0,0.0,0.0,0.0,0.0,0.0,0.0,0.0,0.0,0.0,0.0,T13,1
Facebook::Teresa Baezac,Facebook,1,3,0,0,0,0,0,0,1,0,0,0,0,0,0,0,0,0,0,1,1,0,0,0,0,0,0,0.0,0.0,0.0,0.0,0.0,0.0,33.3,0.0,0.0,0.0,0.0,0.0,0.0,0.0,0.0,0.0,0.0,33.3,33.3,0.0,0.0,0.0,0.0,0.0,0.0,T18,1
Facebook::Tito Baldwin,Facebook,1,8,0,0,0,0,0,0,0,2,0,1,2,0,0,0,0,0,0,1,0,0,0,1,1,0,0,0.0,0.0,0.0,0.0,0.0,0.0,0.0,25.0,0.0,12.5,25.0,0.0,0.0,0.0,0.0,0.0,0.0,12.5,0.0,0.0,0.0,12.5,12.5,0.0,0.0,T10,2
Facebook::Toño Marín,Facebook,1,7,0,0,0,0,0,0,0,3,0,0,0,0,0,0,0,0,0,0,3,0,0,0,1,0,0,0.0,0.0,0.0,0.0,0.0,0.0,0.0,42.9,0.0,0.0,0.0,0.0,0.0,0.0,0.0,0.0,0.0,0.0,42.9,0.0,0.0,0.0,14.3,0.0,0.0,T18,3
Facebook::Turismo Tampico,Facebook,16,26,0,0,0,0,1,0,0,0,0,0,0,1,4,0,0,0,2,2,4,1,0,0,8,3,0,0.0,0.0,0.0,0.0,3.8,0.0,0.0,0.0,0.0,0.0,0.0,3.8,15.4,0.0,0.0,0.0,7.7,7.7,15.4,3.8,0.0,0.0,30.8,11.5,0.0,T22,8
Facebook::Urbino Garcìa Florencia,Facebook,2,4,0,0,1,0,1,0,0,1,0,0,0,0,0,0,0,0,0,0,0,0,0,0,1,0,0,0.0,0.0,25.0,0.0,25.0,0.0,0.0,25.0,0.0,0.0,0.0,0.0,0.0,0.0,0.0,0.0,0.0,0.0,0.0,0.0,0.0,0.0,25.0,0.0,0.0,T22,1
Facebook::Valeria Chiu,Facebook,1,1,0,0,0,0,0,0,0,0,0,0,0,0,0,0,0,0,0,0,0,0,0,0,1,0,0,0.0,0.0,0.0,0.0,0.0,0.0,0.0,0.0,0.0,0.0,0.0,0.0,0.0,0.0,0.0,0.0,0.0,0.0,0.0,0.0,0.0,0.0,100.0,0.0,0.0,T22,1
Facebook::Veronica Arriaga,Facebook,4,5,0,0,0,0,1,0,0,0,0,1,0,0,0,0,0,0,0,0,0,0,0,0,3,0,0,0.0,0.0,0.0,0.0,20.0,0.0,0.0,0.0,0.0,20.0,0.0,0.0,0.0,0.0,0.0,0.0,0.0,0.0,0.0,0.0,0.0,0.0,60.0,0.0,0.0,T22,3
Facebook::Veronica Huerta,Facebook,2,18,0,0,0,0,0,0,0,3,1,1,1,1,0,0,0,0,4,1,1,0,0,0,4,0,1,0.0,0.0,0.0,0.0,0.0,0.0,0.0,16.7,5.6,5.6,5.6,5.6,0.0,0.0,0.0,0.0,22.2,5.6,5.6,0.0,0.0,0.0,22.2,0.0,5.6,T22,4
Facebook::Verónica Beatriz López Obregón,Facebook,1,1,0,0,0,0,0,0,0,1,0,0,0,0,0,0,0,0,0,0,0,0,0,0,0,0,0,0.0,0.0,0.0,0.0,0.0,0.0,0.0,100.0,0.0,0.0,0.0,0.0,0.0,0.0,0.0,0.0,0.0,0.0,0.0,0.0,0.0,0.0,0.0,0.0,0.0,T07,1
Facebook::Yara Berdel,Facebook,1,2,0,1,0,0,0,0,0,0,0,0,0,0,0,0,0,0,0,1,0,0,0,0,0,0,0,0.0,50.0,0.0,0.0,0.0,0.0,0.0,0.0,0.0,0.0,0.0,0.0,0.0,0.0,0.0,0.0,0.0,50.0,0.0,0.0,0.0,0.0,0.0,0.0,0.0,T17,1
Facebook::Yulio War,Facebook,1,1,0,0,0,0,0,0,0,1,0,0,0,0,0,0,0,0,0,0,0,0,0,0,0,0,0,0.0,0.0,0.0,0.0,0.0,0.0,0.0,100.0,0.0,0.0,0.0,0.0,0.0,0.0,0.0,0.0,0.0,0.0,0.0,0.0,0.0,0.0,0.0,0.0,0.0,T07,1
Facebook::Zr Loredo,Facebook,2,4,0,0,0,0,0,0,0,1,0,0,0,0,0,0,0,0,0,0,1,0,0,1,1,0,0,0.0,0.0,0.0,0.0,0.0,0.0,0.0,25.0,0.0,0.0,0.0,0.0,0.0,0.0,0.0,0.0,0.0,0.0,25.0,0.0,0.0,25.0,25.0,0.0,0.0,T18,1
Instagram::albertoehuanortiz,Instagram,1,6,0,0,0,0,0,0,0,2,0,0,0,0,0,0,0,0,0,1,1,0,0,0,2,0,0,0.0,0.0,0.0,0.0,0.0,0.0,0.0,33.3,0.0,0.0,0.0,0.0,0.0,0.0,0.0,0.0,0.0,16.7,16.7,0.0,0.0,0.0,33.3,0.0,0.0,T22,2
Instagram::americo.villarreal,Instagram,11,180,1,10,6,1,3,2,4,8,4,3,11,9,8,8,3,4,19,7,8,29,0,5,19,2,6,0.6,5.6,3.3,0.6,1.7,1.1,2.2,4.4,2.2,1.7,6.1,5.0,4.4,4.4,1.7,2.2,10.6,3.9,4.4,16.1,0.0,2.8,10.6,1.1,3.3,T19,29
Instagram::anavisila,Instagram,1,0,0,0,0,0,0,0,0,0,0,0,0,0,0,0,0,0,0,0,0,0,0,0,0,0,0,0.0,0.0,0.0,0.0,0.0,0.0,0.0,0.0,0.0,0.0,0.0,0.0,0.0,0.0,0.0,0.0,0.0,0.0,0.0,0.0,0.0,0.0,0.0,0.0,0.0,,0
Instagram::armandodelagza,Instagram,2,18,0,0,2,0,0,0,1,3,0,1,0,0,3,0,0,1,1,0,3,0,1,0,1,1,0,0.0,0.0,11.1,0.0,0.0,0.0,5.6,16.7,0.0,5.6,0.0,0.0,16.7,0.0,0.0,5.6,5.6,0.0,16.7,0.0,5.6,0.0,5.6,5.6,0.0,T07,3
Instagram::bren_lovi,Instagram,1,4,0,0,0,0,0,0,2,0,0,0,0,0,0,0,2,0,0,0,0,0,0,0,0,0,0,0.0,0.0,0.0,0.0,0.0,0.0,50.0,0.0,0.0,0.0,0.0,0.0,0.0,0.0,50.0,0.0,0.0,0.0,0.0,0.0,0.0,0.0,0.0,0.0,0.0,T06,2
Instagram::briceyda_cruz,Instagram,1,1,0,0,0,0,0,0,0,0,0,0,0,0,0,0,0,0,0,1,0,0,0,0,0,0,0,0.0,0.0,0.0,0.0,0.0,0.0,0.0,0.0,0.0,0.0,0.0,0.0,0.0,0.0,0.0,0.0,0.0,100.0,0.0,0.0,0.0,0.0,0.0,0.0,0.0,T17,1
Instagram::callesentodo,Instagram,1,96,2,5,12,3,2,5,0,9,1,1,1,1,23,2,1,3,2,0,5,1,3,1,2,6,5,2.1,5.2,12.5,3.1,2.1,5.2,0.0,9.4,1.0,1.0,1.0,1.0,24.0,2.1,1.0,3.1,2.1,0.0,5.2,1.0,3.1,1.0,2.1,6.2,5.2,T12,23
Instagram::chefos26,Instagram,1,3,1,0,0,0,0,0,1,0,0,0,0,0,0,0,1,0,0,0,0,0,0,0,0,0,0,33.3,0.0,0.0,0.0,0.0,0.0,33.3,0.0,0.0,0.0,0.0,0.0,0.0,0.0,33.3,0.0,0.0,0.0,0.0,0.0,0.0,0.0,0.0,0.0,0.0,T00,1
Instagram::chuchonader,Instagram,1,8,0,1,0,2,1,0,0,1,0,0,0,0,0,1,0,1,0,0,0,0,0,0,1,0,0,0.0,12.5,0.0,25.0,12.5,0.0,0.0,12.5,0.0,0.0,0.0,0.0,0.0,12.5,0.0,12.5,0.0,0.0,0.0,0.0,0.0,0.0,12.5,0.0,0.0,T03,2
Instagram::desecotampico,Instagram,1,42,3,2,1,1,0,0,0,5,0,0,3,0,0,1,1,0,6,6,7,1,0,0,1,2,2,7.1,4.8,2.4,2.4,0.0,0.0,0.0,11.9,0.0,0.0,7.1,0.0,0.0,2.4,2.4,0.0,14.3,14.3,16.7,2.4,0.0,0.0,2.4,4.8,4.8,T18,7
Instagram::diedangel666,Instagram,1,2,0,0,0,0,0,0,0,0,1,0,0,0,0,0,0,0,0,0,0,0,1,0,0,0,0,0.0,0.0,0.0,0.0,0.0,0.0,0.0,0.0,50.0,0.0,0.0,0.0,0.0,0.0,0.0,0.0,0.0,0.0,0.0,0.0,50.0,0.0,0.0,0.0,0.0,T08,1
Instagram::elcatanfish,Instagram,1,1,0,0,0,0,0,0,0,0,0,0,0,0,0,0,0,0,0,0,0,0,0,0,1,0,0,0.0,0.0,0.0,0.0,0.0,0.0,0.0,0.0,0.0,0.0,0.0,0.0,0.0,0.0,0.0,0.0,0.0,0.0,0.0,0.0,0.0,0.0,100.0,0.0,0.0,T22,1
Instagram::ellindero.tampico,Instagram,2,54,3,3,0,2,4,2,0,4,2,4,2,1,6,0,0,0,6,2,3,1,0,0,4,1,4,5.6,5.6,0.0,3.7,7.4,3.7,0.0,7.4,3.7,7.4,3.7,1.9,11.1,0.0,0.0,0.0,11.1,3.7,5.6,1.9,0.0,0.0,7.4,1.9,7.4,T12,6
Instagram::elprisas_jpg,Instagram,1,2,0,0,1,0,0,0,0,0,0,0,0,0,0,1,0,0,0,0,0,0,0,0,0,0,0,0.0,0.0,50.0,0.0,0.0,0.0,0.0,0.0,0.0,0.0,0.0,0.0,0.0,50.0,0.0,0.0,0.0,0.0,0.0,0.0,0.0,0.0,0.0,0.0,0.0,T13,1
Instagram::flacoancho,Instagram,1,2,0,0,0,0,0,0,1,0,0,0,0,0,0,0,0,0,0,0,0,0,0,0,1,0,0,0.0,0.0,0.0,0.0,0.0,0.0,50.0,0.0,0.0,0.0,0.0,0.0,0.0,0.0,0.0,0.0,0.0,0.0,0.0,0.0,0.0,0.0,50.0,0.0,0.0,T22,1
Instagram::iclei_mexcentroamericacaribe,Instagram,1,41,4,1,0,3,0,2,0,7,0,1,6,4,0,1,0,0,2,0,2,0,0,1,1,4,2,9.8,2.4,0.0,7.3,0.0,4.9,0.0,17.1,0.0,2.4,14.6,9.8,0.0,2.4,0.0,0.0,4.9,0.0,4.9,0.0,0.0,2.4,2.4,9.8,4.9,T07,7
Instagram::ireri0317,Instagram,1,4,0,0,0,0,0,0,0,0,1,0,0,0,0,0,3,0,0,0,0,0,0,0,0,0,0,0.0,0.0,0.0,0.0,0.0,0.0,0.0,0.0,25.0,0.0,0.0,0.0,0.0,0.0,75.0,0.0,0.0,0.0,0.0,0.0,0.0,0.0,0.0,0.0,0.0,T14,3
Instagram::juanpizanamtz,Instagram,3,95,2,5,7,3,0,3,0,15,2,3,8,2,4,4,0,1,2,1,9,6,4,5,6,1,2,2.1,5.3,7.4,3.2,0.0,3.2,0.0,15.8,2.1,3.2,8.4,2.1,4.2,4.2,0.0,1.1,2.1,1.1,9.5,6.3,4.2,5.3,6.3,1.1,2.1,T07,15
Instagram::kiosquitometro,Instagram,2,20,0,2,0,0,0,0,0,2,0,0,1,1,1,2,0,0,2,0,0,0,0,0,4,3,2,0.0,10.0,0.0,0.0,0.0,0.0,0.0,10.0,0.0,0.0,5.0,5.0,5.0,10.0,0.0,0.0,10.0,0.0,0.0,0.0,0.0,0.0,20.0,15.0,10.0,T22,4
Instagram::lagunadelcarpintero,Instagram,1,5,0,0,0,0,0,0,0,0,0,0,0,0,2,0,0,1,0,0,0,0,0,1,1,0,0,0.0,0.0,0.0,0.0,0.0,0.0,0.0,0.0,0.0,0.0,0.0,0.0,40.0,0.0,0.0,20.0,0.0,0.0,0.0,0.0,0.0,20.0,20.0,0.0,0.0,T12,2
Instagram::lariguzman,Instagram,1,2,0,0,0,0,0,0,0,0,0,1,0,0,0,1,0,0,0,0,0,0,0,0,0,0,0,0.0,0.0,0.0,0.0,0.0,0.0,0.0,0.0,0.0,50.0,0.0,0.0,0.0,50.0,0.0,0.0,0.0,0.0,0.0,0.0,0.0,0.0,0.0,0.0,0.0,T13,1
Instagram::luisloaiza21,Instagram,2,14,0,1,0,0,0,1,0,4,0,0,0,1,1,0,0,0,0,0,0,0,1,2,2,0,1,0.0,7.1,0.0,0.0,0.0,7.1,0.0,28.6,0.0,0.0,0.0,7.1,7.1,0.0,0.0,0.0,0.0,0.0,0.0,0.0,7.1,14.3,14.3,0.0,7.1,T07,4
Instagram::maryrodriguez.moreno,Instagram,1,1,0,0,0,0,0,0,0,0,0,0,0,0,0,0,0,0,0,0,0,0,0,0,1,0,0,0.0,0.0,0.0,0.0,0.0,0.0,0.0,0.0,0.0,0.0,0.0,0.0,0.0,0.0,0.0,0.0,0.0,0.0,0.0,0.0,0.0,0.0,100.0,0.0,0.0,T22,1
Instagram::metrotampico,Instagram,5,309,8,14,3,10,4,8,11,27,4,2,5,15,25,1,3,4,16,6,88,4,4,8,20,5,14,2.6,4.5,1.0,3.2,1.3,2.6,3.6,8.7,1.3,0.6,1.6,4.9,8.1,0.3,1.0,1.3,5.2,1.9,28.5,1.3,1.3,2.6,6.5,1.6,4.5,T18,88
Instagram::moira_de_trapo,Instagram,2,11,0,0,0,2,0,0,0,0,1,2,0,1,0,0,2,0,0,0,0,0,1,1,0,1,0,0.0,0.0,0.0,18.2,0.0,0.0,0.0,0.0,9.1,18.2,0.0,9.1,0.0,0.0,18.2,0.0,0.0,0.0,0.0,0.0,9.1,9.1,0.0,9.1,0.0,T09,2
Instagram::monicavtampico,Instagram,22,844,19,32,45,4,13,19,5,87,12,18,26,39,102,12,9,16,113,17,75,32,7,17,44,39,42,2.3,3.8,5.3,0.5,1.5,2.3,0.6,10.3,1.4,2.1,3.1,4.6,12.1,1.4,1.1,1.9,13.4,2.0,8.9,3.8,0.8,2.0,5.2,4.6,5.0,T16,113
Instagram::norita_izaguirrea,Instagram,2,2,0,0,0,0,0,0,0,1,0,0,0,0,0,0,0,0,0,0,0,0,0,0,1,0,0,0.0,0.0,0.0,0.0,0.0,0.0,0.0,50.0,0.0,0.0,0.0,0.0,0.0,0.0,0.0,0.0,0.0,0.0,0.0,0.0,0.0,0.0,50.0,0.0,0.0,T07,1
Instagram::ocarfuentw,Instagram,1,2,0,0,0,0,0,0,0,0,0,1,0,0,0,0,0,0,0,1,0,0,0,0,0,0,0,0.0,0.0,0.0,0.0,0.0,0.0,0.0,0.0,0.0,50.0,0.0,0.0,0.0,0.0,0.0,0.0,0.0,50.0,0.0,0.0,0.0,0.0,0.0,0.0,0.0,T17,1
Instagram::ocejo.sergio,Instagram,3,10,0,0,2,0,0,0,0,1,1,0,0,2,1,0,0,0,0,0,0,1,0,0,1,0,1,0.0,0.0,20.0,0.0,0.0,0.0,0.0,10.0,10.0,0.0,0.0,20.0,10.0,0.0,0.0,0.0,0.0,0.0,0.0,10.0,0.0,0.0,10.0,0.0,10.0,T11,2
Instagram::octaviodelato,Instagram,2,151,6,7,4,1,6,4,1,16,3,7,10,2,3,1,1,0,24,1,22,1,2,8,8,10,3,4.0,4.6,2.6,0.7,4.0,2.6,0.7,10.6,2.0,4.6,6.6,1.3,2.0,0.7,0.7,0.0,15.9,0.7,14.6,0.7,1.3,5.3,5.3,6.6,2.0,T16,24
Instagram::olgapsosa,Instagram,5,67,1,3,8,0,0,1,1,12,0,3,4,2,1,0,0,0,8,1,9,2,1,7,0,3,0,1.5,4.5,11.9,0.0,0.0,1.5,1.5,17.9,0.0,4.5,6.0,3.0,1.5,0.0,0.0,0.0,11.9,1.5,13.4,3.0,1.5,10.4,0.0,4.5,0.0,T07,12
Instagram::omar.diaz.reyna,Instagram,1,1,0,0,0,0,0,0,0,0,0,0,0,0,0,0,0,0,0,0,0,0,0,0,1,0,0,0.0,0.0,0.0,0.0,0.0,0.0,0.0,0.0,0.0,0.0,0.0,0.0,0.0,0.0,0.0,0.0,0.0,0.0,0.0,0.0,0.0,0.0,100.0,0.0,0.0,T22,1
Instagram::prevencion.delito_tampico,Instagram,1,43,0,1,0,1,1,1,3,7,0,0,1,0,6,1,0,0,3,0,3,2,2,1,5,4,1,0.0,2.3,0.0,2.3,2.3,2.3,7.0,16.3,0.0,0.0,2.3,0.0,14.0,2.3,0.0,0.0,7.0,0.0,7.0,4.7,4.7,2.3,11.6,9.3,2.3,T07,7
Instagram::puertovivo,Instagram,1,1,0,0,0,0,0,0,0,0,0,0,0,0,0,0,0,0,0,0,0,0,0,0,1,0,0,0.0,0.0,0.0,0.0,0.0,0.0,0.0,0.0,0.0,0.0,0.0,0.0,0.0,0.0,0.0,0.0,0.0,0.0,0.0,0.0,0.0,0.0,100.0,0.0,0.0,T22,1
Instagram::raultl23,Instagram,1,7,0,0,0,0,0,1,0,1,1,1,0,0,0,0,0,1,0,0,0,1,0,1,0,0,0,0.0,0.0,0.0,0.0,0.0,14.3,0.0,14.3,14.3,14.3,0.0,0.0,0.0,0.0,0.0,14.3,0.0,0.0,0.0,14.3,0.0,14.3,0.0,0.0,0.0,T07,1
Instagram::recreatetam,Instagram,1,46,3,3,0,0,0,3,2,6,0,0,2,2,4,2,0,0,6,2,5,0,0,1,3,1,1,6.5,6.5,0.0,0.0,0.0,6.5,4.3,13.0,0.0,0.0,4.3,4.3,8.7,4.3,0.0,0.0,13.0,4.3,10.9,0.0,0.0,2.2,6.5,2.2,2.2,T07,6
Instagram::ricafergo,Instagram,1,45,2,0,2,1,1,1,2,0,0,0,6,2,0,0,2,2,1,1,5,0,1,2,1,1,12,4.4,0.0,4.4,2.2,2.2,2.2,4.4,0.0,0.0,0.0,13.3,4.4,0.0,0.0,4.4,4.4,2.2,2.2,11.1,0.0,2.2,4.4,2.2,2.2,26.7,T24,12
Instagram::sa.lvatore3709,Instagram,1,5,0,1,0,0,0,0,0,0,0,0,0,0,1,0,0,0,0,0,0,0,0,0,2,1,0,0.0,20.0,0.0,0.0,0.0,0.0,0.0,0.0,0.0,0.0,0.0,0.0,20.0,0.0,0.0,0.0,0.0,0.0,0.0,0.0,0.0,0.0,40.0,20.0,0.0,T22,2
Instagram::tampico.noticias,Instagram,8,180,0,1,3,9,3,1,12,17,13,34,3,2,2,6,35,0,0,3,2,18,0,1,2,13,0,0.0,0.6,1.7,5.0,1.7,0.6,6.7,9.4,7.2,18.9,1.7,1.1,1.1,3.3,19.4,0.0,0.0,1.7,1.1,10.0,0.0,0.6,1.1,7.2,0.0,T14,35
Instagram::turismotampico,Instagram,10,266,6,5,22,9,21,1,2,28,8,4,11,12,46,6,2,9,6,5,12,6,5,4,10,18,8,2.3,1.9,8.3,3.4,7.9,0.4,0.8,10.5,3.0,1.5,4.1,4.5,17.3,2.3,0.8,3.4,2.3,1.9,4.5,2.3,1.9,1.5,3.8,6.8,3.0,T12,46
Instagram::ucmtampico,Instagram,1,23,1,1,1,1,0,1,1,3,0,0,2,0,1,0,0,0,4,0,1,0,0,1,2,2,1,4.3,4.3,4.3,4.3,0.0,4.3,4.3,13.0,0.0,0.0,8.7,0.0,4.3,0.0,0.0,0.0,17.4,0.0,4.3,0.0,0.0,4.3,8.7,8.7,4.3,T16,4
Instagram::uliseszuani,Instagram,1,1,0,0,0,0,0,0,0,0,0,0,0,0,0,0,0,0,0,0,0,0,0,0,1,0,0,0.0,0.0,0.0,0.0,0.0,0.0,0.0,0.0,0.0,0.0,0.0,0.0,0.0,0.0,0.0,0.0,0.0,0.0,0.0,0.0,0.0,0.0,100.0,0.0,0.0,T22,1
Instagram::valeriajarac,Instagram,1,49,0,2,1,2,3,1,2,0,2,11,3,1,5,1,2,0,0,4,0,2,0,2,3,0,2,0.0,4.1,2.0,4.1,6.1,2.0,4.1,0.0,4.1,22.4,6.1,2.0,10.2,2.0,4.1,0.0,0.0,8.2,0.0,4.1,0.0,4.1,6.1,0.0,4.1,T09,11
Instagram::vazquez_esly,Instagram,2,26,0,0,2,0,0,2,2,2,2,2,0,2,0,0,2,0,2,2,2,0,2,2,0,0,0,0.0,0.0,7.7,0.0,0.0,7.7,7.7,7.7,7.7,7.7,0.0,7.7,0.0,0.0,7.7,0.0,7.7,7.7,7.7,0.0,7.7,7.7,0.0,0.0,0.0,T21,2
Medios::El Sol de México,Medios,168,3976,102,80,108,111,123,90,104,132,35,139,116,357,122,334,253,616,248,90,96,146,47,53,109,261,104,2.6,2.0,2.7,2.8,3.1,2.3,2.6,3.3,0.9,3.5,2.9,9.0,3.1,8.4,6.4,15.5,6.2,2.3,2.4,3.7,1.2,1.3,2.7,6.6,2.6,T15,616
Medios::Milenio,Medios,200,15927,457,543,745,475,818,784,530,526,347,1066,937,741,582,587,1252,279,428,691,642,512,359,646,638,746,596,2.9,3.4,4.7,3.0,5.1,4.9,3.3,3.3,2.2,6.7,5.9,4.7,3.7,3.7,7.9,1.8,2.7,4.3,4.0,3.2,2.3,4.1,4.0,4.7,3.7,T14,1252
TikTok::en.punto.al.sur,TikTok,2,64,1,1,4,2,4,3,2,6,0,2,1,4,1,1,1,3,3,3,7,0,0,1,4,5,5,1.6,1.6,6.2,3.1,6.2,4.7,3.1,9.4,0.0,3.1,1.6,6.2,1.6,1.6,1.6,4.7,4.7,4.7,10.9,0.0,0.0,1.6,6.2,7.8,7.8,T18,7
TikTok::enconcretonoticias,TikTok,1,11,0,0,2,0,0,0,0,5,0,1,0,0,0,0,0,0,0,0,0,0,0,3,0,0,0,0.0,0.0,18.2,0.0,0.0,0.0,0.0,45.5,0.0,9.1,0.0,0.0,0.0,0.0,0.0,0.0,0.0,0.0,0.0,0.0,0.0,27.3,0.0,0.0,0.0,T07,5
TikTok::info7tamps,TikTok,1,30,3,3,0,1,1,1,0,3,0,2,0,2,0,1,0,0,1,0,0,3,0,0,5,3,1,10.0,10.0,0.0,3.3,3.3,3.3,0.0,10.0,0.0,6.7,0.0,6.7,0.0,3.3,0.0,0.0,3.3,0.0,0.0,10.0,0.0,0.0,16.7,10.0,3.3,T22,5
TikTok::israelponceporstreaming,TikTok,5,52,0,0,3,0,0,0,0,26,0,0,0,1,1,0,1,0,8,1,1,0,1,0,5,3,1,0.0,0.0,5.8,0.0,0.0,0.0,0.0,50.0,0.0,0.0,0.0,1.9,1.9,0.0,1.9,0.0,15.4,1.9,1.9,0.0,1.9,0.0,9.6,5.8,1.9,T07,26
TikTok::jossy_rp1,TikTok,1,7,0,1,0,0,0,0,0,1,0,0,0,1,0,0,0,0,2,0,1,1,0,0,0,0,0,0.0,14.3,0.0,0.0,0.0,0.0,0.0,14.3,0.0,0.0,0.0,14.3,0.0,0.0,0.0,0.0,28.6,0.0,14.3,14.3,0.0,0.0,0.0,0.0,0.0,T16,2
TikTok::mariojuarezreporta,TikTok,1,23,0,0,1,2,0,1,0,6,0,2,0,0,1,0,2,1,0,1,3,2,0,0,0,1,0,0.0,0.0,4.3,8.7,0.0,4.3,0.0,26.1,0.0,8.7,0.0,0.0,4.3,0.0,8.7,4.3,0.0,4.3,13.0,8.7,0.0,0.0,0.0,4.3,0.0,T07,6
TikTok::monicavillarrealv,TikTok,1,10,0,0,1,0,2,0,1,0,0,0,2,1,1,0,0,1,0,1,0,0,0,0,0,0,0,0.0,0.0,10.0,0.0,20.0,0.0,10.0,0.0,0.0,0.0,20.0,10.0,10.0,0.0,0.0,10.0,0.0,10.0,0.0,0.0,0.0,0.0,0.0,0.0,0.0,T04,2
TikTok::monicavtampico,TikTok,4,118,3,16,7,1,1,3,1,10,2,4,7,7,13,0,0,0,13,3,5,5,2,3,6,3,3,2.5,13.6,5.9,0.8,0.8,2.5,0.8,8.5,1.7,3.4,5.9,5.9,11.0,0.0,0.0,0.0,11.0,2.5,4.2,4.2,1.7,2.5,5.1,2.5,2.5,T01,16
TikTok::olgapsosa,TikTok,2,38,1,3,9,0,0,0,0,6,0,1,0,1,0,1,0,0,6,0,4,1,0,4,0,1,0,2.6,7.9,23.7,0.0,0.0,0.0,0.0,15.8,0.0,2.6,0.0,2.6,0.0,2.6,0.0,0.0,15.8,0.0,10.5,2.6,0.0,10.5,0.0,2.6,0.0,T02,9
TikTok::prevenciondelitotampico,TikTok,1,37,1,0,0,2,1,0,0,7,0,1,0,0,5,0,1,1,1,1,4,0,0,2,3,5,2,2.7,0.0,0.0,5.4,2.7,0.0,0.0,18.9,0.0,2.7,0.0,0.0,13.5,0.0,2.7,2.7,2.7,2.7,10.8,0.0,0.0,5.4,8.1,13.5,5.4,T07,7
TikTok::tamaulipas.al.dia,TikTok,1,58,0,14,6,0,2,0,0,5,1,2,7,1,0,1,0,0,3,0,0,7,1,0,5,1,2,0.0,24.1,10.3,0.0,3.4,0.0,0.0,8.6,1.7,3.4,12.1,1.7,0.0,1.7,0.0,0.0,5.2,0.0,0.0,12.1,1.7,0.0,8.6,1.7,3.4,T01,14
TikTok::tamaulipasdirecto,TikTok,1,34,0,1,2,0,1,1,0,4,1,3,0,1,0,0,0,0,3,10,0,2,1,0,3,0,1,0.0,2.9,5.9,0.0,2.9,2.9,0.0,11.8,2.9,8.8,0.0,2.9,0.0,0.0,0.0,0.0,8.8,29.4,0.0,5.9,2.9,0.0,8.8,0.0,2.9,T17,10
TikTok::tamaulipashabla,TikTok,1,13,0,0,0,0,1,0,0,3,0,0,0,0,0,1,2,0,0,0,2,3,0,1,0,0,0,0.0,0.0,0.0,0.0,7.7,0.0,0.0,23.1,0.0,0.0,0.0,0.0,0.0,7.7,15.4,0.0,0.0,0.0,15.4,23.1,0.0,7.7,0.0,0.0,0.0,T19,3
Twitter::@2ositoo,Twitter,2,50,0,0,0,4,8,6,0,2,2,2,2,2,2,2,2,0,0,2,0,4,0,4,0,6,0,0.0,0.0,0.0,8.0,16.0,12.0,0.0,4.0,4.0,4.0,4.0,4.0,4.0,4.0,4.0,0.0,0.0,4.0,0.0,8.0,0.0,8.0,0.0,12.0,0.0,T04,8
Twitter::@55Arguelles,Twitter,1,9,1,0,1,0,0,0,0,4,0,0,0,1,0,0,0,0,1,0,1,0,0,0,0,0,0,11.1,0.0,11.1,0.0,0.0,0.0,0.0,44.4,0.0,0.0,0.0,11.1,0.0,0.0,0.0,0.0,11.1,0.0,11.1,0.0,0.0,0.0,0.0,0.0,0.0,T07,4
Twitter::@88hh8888,Twitter,1,15,0,0,0,2,0,1,2,1,1,1,0,3,0,0,1,0,0,0,0,0,1,0,0,2,0,0.0,0.0,0.0,13.3,0.0,6.7,13.3,6.7,6.7,6.7,0.0,20.0,0.0,0.0,6.7,0.0,0.0,0.0,0.0,0.0,6.7,0.0,0.0,13.3,0.0,T11,3
Twitter::@AISportPredicts,Twitter,1,10,0,0,0,0,0,0,0,3,0,0,0,0,0,2,0,0,2,0,0,0,0,0,0,3,0,0.0,0.0,0.0,0.0,0.0,0.0,0.0,30.0,0.0,0.0,0.0,0.0,0.0,20.0,0.0,0.0,20.0,0.0,0.0,0.0,0.0,0.0,0.0,30.0,0.0,T23,3
Twitter::@AdriDelgadoRuiz,Twitter,1,87,0,4,5,1,6,4,1,0,4,2,6,6,2,0,1,1,1,2,2,3,2,28,2,1,3,0.0,4.6,5.7,1.1,6.9,4.6,1.1,0.0,4.6,2.3,6.9,6.9,2.3,0.0,1.1,1.1,1.1,2.3,2.3,3.4,2.3,32.2,2.3,1.1,3.4,T21,28
Twitter::@AgenciaOCNLD,Twitter,3,20,0,0,0,0,0,0,0,3,2,2,0,0,0,2,0,0,0,1,1,3,1,0,3,2,0,0.0,0.0,0.0,0.0,0.0,0.0,0.0,15.0,10.0,10.0,0.0,0.0,0.0,10.0,0.0,0.0,0.0,5.0,5.0,15.0,5.0,0.0,15.0,10.0,0.0,T19,3
Twitter::@Agosita_,Twitter,1,24,0,0,0,0,0,0,2,0,1,0,0,3,0,0,0,2,1,1,1,1,2,6,0,2,2,0.0,0.0,0.0,0.0,0.0,0.0,8.3,0.0,4.2,0.0,0.0,12.5,0.0,0.0,0.0,8.3,4.2,4.2,4.2,4.2,8.3,25.0,0.0,8.3,8.3,T21,6
Twitter::@AlcaldesMexico,Twitter,2,27,4,1,3,0,1,0,1,2,0,1,1,1,2,0,0,0,6,1,0,0,0,1,0,0,2,14.8,3.7,11.1,0.0,3.7,0.0,3.7,7.4,0.0,3.7,3.7,3.7,7.4,0.0,0.0,0.0,22.2,3.7,0.0,0.0,0.0,3.7,0.0,0.0,7.4,T16,6
Twitter::@Alejand76809796,Twitter,2,40,0,0,0,16,0,0,2,1,0,3,3,0,0,1,6,2,0,0,2,0,0,0,3,0,1,0.0,0.0,0.0,40.0,0.0,0.0,5.0,2.5,0.0,7.5,7.5,0.0,0.0,2.5,15.0,5.0,0.0,0.0,5.0,0.0,0.0,0.0,7.5,0.0,2.5,T03,16
Twitter::@AlejandroHD1,Twitter,1,2,0,0,0,1,0,0,0,1,0,0,0,0,0,0,0,0,0,0,0,0,0,0,0,0,0,0.0,0.0,0.0,50.0,0.0,0.0,0.0,50.0,0.0,0.0,0.0,0.0,0.0,0.0,0.0,0.0,0.0,0.0,0.0,0.0,0.0,0.0,0.0,0.0,0.0,T07,1
Twitter::@Ancho72,Twitter,2,24,0,0,2,0,0,0,0,8,0,0,2,0,0,0,0,0,2,0,4,2,4,0,0,0,0,0.0,0.0,8.3,0.0,0.0,0.0,0.0,33.3,0.0,0.0,8.3,0.0,0.0,0.0,0.0,0.0,8.3,0.0,16.7,8.3,16.7,0.0,0.0,0.0,0.0,T07,8
Twitter::@Andres15677110,Twitter,1,4,0,0,0,1,0,0,0,0,0,0,0,0,0,0,0,0,0,0,0,0,2,1,0,0,0,0.0,0.0,0.0,25.0,0.0,0.0,0.0,0.0,0.0,0.0,0.0,0.0,0.0,0.0,0.0,0.0,0.0,0.0,0.0,0.0,50.0,25.0,0.0,0.0,0.0,T20,2
Twitter::@CARLOSMRL174,Twitter,1,3,1,0,0,0,0,0,0,1,0,0,0,0,0,1,0,0,0,0,0,0,0,0,0,0,0,33.3,0.0,0.0,0.0,0.0,0.0,0.0,33.3,0.0,0.0,0.0,0.0,0.0,33.3,0.0,0.0,0.0,0.0,0.0,0.0,0.0,0.0,0.0,0.0,0.0,T13,1
Twitter::@CONCANACO,Twitter,4,124,4,4,6,0,4,5,0,13,0,2,11,6,3,3,0,3,25,2,10,2,1,2,5,10,3,3.2,3.2,4.8,0.0,3.2,4.0,0.0,10.5,0.0,1.6,8.9,4.8,2.4,2.4,0.0,2.4,20.2,1.6,8.1,1.6,0.8,1.6,4.0,8.1,2.4,T16,25
Twitter::@CamilaOrtetfsx,Twitter,1,9,0,1,0,0,0,0,0,1,0,1,0,0,0,0,0,0,1,2,0,0,0,1,2,0,0,0.0,11.1,0.0,0.0,0.0,0.0,0.0,11.1,0.0,11.1,0.0,0.0,0.0,0.0,0.0,0.0,11.1,22.2,0.0,0.0,0.0,11.1,22.2,0.0,0.0,T22,2
Twitter::@CamposVero38033,Twitter,2,13,0,0,0,0,0,0,0,3,1,0,0,3,0,0,0,1,0,2,0,1,0,1,1,0,0,0.0,0.0,0.0,0.0,0.0,0.0,0.0,23.1,7.7,0.0,0.0,23.1,0.0,0.0,0.0,7.7,0.0,15.4,0.0,7.7,0.0,7.7,7.7,0.0,0.0,T07,3
Twitter::@CarlosIbarraMo3,Twitter,2,42,0,0,0,0,2,4,0,10,6,2,6,0,0,0,0,0,0,0,2,8,0,2,0,0,0,0.0,0.0,0.0,0.0,4.8,9.5,0.0,23.8,14.3,4.8,14.3,0.0,0.0,0.0,0.0,0.0,0.0,0.0,4.8,19.0,0.0,4.8,0.0,0.0,0.0,T07,10
Twitter::@CarlosV06228902,Twitter,1,3,0,0,0,0,0,0,0,0,0,0,0,0,0,0,0,0,0,0,0,0,0,2,1,0,0,0.0,0.0,0.0,0.0,0.0,0.0,0.0,0.0,0.0,0.0,0.0,0.0,0.0,0.0,0.0,0.0,0.0,0.0,0.0,0.0,0.0,66.7,33.3,0.0,0.0,T21,2
Twitter::@CodigoMagentaMx,Twitter,1,19,0,0,0,2,1,0,0,7,0,0,0,1,0,0,0,0,0,3,1,3,1,0,0,0,0,0.0,0.0,0.0,10.5,5.3,0.0,0.0,36.8,0.0,0.0,0.0,5.3,0.0,0.0,0.0,0.0,0.0,15.8,5.3,15.8,5.3,0.0,0.0,0.0,0.0,T07,7
Twitter::@CuatroTeitor,Twitter,1,1,0,0,0,0,0,0,1,0,0,0,0,0,0,0,0,0,0,0,0,0,0,0,0,0,0,0.0,0.0,0.0,0.0,0.0,0.0,100.0,0.0,0.0,0.0,0.0,0.0,0.0,0.0,0.0,0.0,0.0,0.0,0.0,0.0,0.0,0.0,0.0,0.0,0.0,T06,1
Twitter::@DelKocoloco,Twitter,2,9,0,0,0,1,2,0,2,0,1,0,1,0,0,0,1,0,0,0,0,0,0,0,1,0,0,0.0,0.0,0.0,11.1,22.2,0.0,22.2,0.0,11.1,0.0,11.1,0.0,0.0,0.0,11.1,0.0,0.0,0.0,0.0,0.0,0.0,0.0,11.1,0.0,0.0,T06,2
Twitter::@DerechaDiarioMX,Twitter,1,9,0,1,0,0,0,0,0,1,1,2,0,0,0,1,0,0,0,0,0,1,0,1,1,0,0,0.0,11.1,0.0,0.0,0.0,0.0,0.0,11.1,11.1,22.2,0.0,0.0,0.0,11.1,0.0,0.0,0.0,0.0,0.0,11.1,0.0,11.1,11.1,0.0,0.0,T09,2
Twitter::@DnielleCabrera,Twitter,1,21,0,0,1,0,3,0,0,0,0,1,1,1,0,0,0,1,0,3,2,0,0,8,0,0,0,0.0,0.0,4.8,0.0,14.3,0.0,0.0,0.0,0.0,4.8,4.8,4.8,0.0,0.0,0.0,4.8,0.0,14.3,9.5,0.0,0.0,38.1,0.0,0.0,0.0,T21,8
Twitter::@DocUbaldo,Twitter,2,14,1,0,0,1,0,1,1,3,0,0,1,1,1,0,0,0,0,2,0,0,0,0,1,0,1,7.1,0.0,0.0,7.1,0.0,7.1,7.1,21.4,0.0,0.0,7.1,7.1,7.1,0.0,0.0,0.0,0.0,14.3,0.0,0.0,0.0,0.0,7.1,0.0,7.1,T07,3
Twitter::@EjeConurbado,Twitter,2,22,0,0,0,0,2,0,2,6,1,1,3,0,0,0,2,0,0,0,1,4,0,0,0,0,0,0.0,0.0,0.0,0.0,9.1,0.0,9.1,27.3,4.5,4.5,13.6,0.0,0.0,0.0,9.1,0.0,0.0,0.0,4.5,18.2,0.0,0.0,0.0,0.0,0.0,T07,6
Twitter::@ElStandardDeTam,Twitter,2,43,0,0,0,7,2,1,2,4,0,1,2,0,0,3,4,1,0,1,2,10,0,1,0,2,0,0.0,0.0,0.0,16.3,4.7,2.3,4.7,9.3,0.0,2.3,4.7,0.0,0.0,7.0,9.3,2.3,0.0,2.3,4.7,23.3,0.0,2.3,0.0,4.7,0.0,T19,10
Twitter::@El_ReporteroMX,Twitter,1,7,0,0,0,0,0,0,0,2,1,2,0,0,0,1,0,0,0,0,0,0,0,0,0,1,0,0.0,0.0,0.0,0.0,0.0,0.0,0.0,28.6,14.3,28.6,0.0,0.0,0.0,14.3,0.0,0.0,0.0,0.0,0.0,0.0,0.0,0.0,0.0,14.3,0.0,T09,2
Twitter::@El_Universal_Mx,Twitter,1,17,0,0,0,1,0,1,2,1,1,4,0,0,0,0,6,0,0,0,0,1,0,0,0,0,0,0.0,0.0,0.0,5.9,0.0,5.9,11.8,5.9,5.9,23.5,0.0,0.0,0.0,0.0,35.3,0.0,0.0,0.0,0.0,5.9,0.0,0.0,0.0,0.0,0.0,T14,6
Twitter::@EleeseNoticias,Twitter,12,170,0,4,7,2,0,3,1,54,1,5,2,7,14,1,3,0,8,3,7,13,3,4,14,10,4,0.0,2.4,4.1,1.2,0.0,1.8,0.6,31.8,0.6,2.9,1.2,4.1,8.2,0.6,1.8,0.0,4.7,1.8,4.1,7.6,1.8,2.4,8.2,5.9,2.4,T07,54
Twitter::@Eligio_Awiizotl,Twitter,1,8,0,0,0,0,0,1,0,1,1,3,0,0,0,0,1,0,0,0,0,0,1,0,0,0,0,0.0,0.0,0.0,0.0,0.0,12.5,0.0,12.5,12.5,37.5,0.0,0.0,0.0,0.0,12.5,0.0,0.0,0.0,0.0,0.0,12.5,0.0,0.0,0.0,0.0,T09,3
Twitter::@Estrell79414875,Twitter,1,2,0,0,0,0,0,0,0,0,0,0,0,0,0,0,0,0,0,0,2,0,0,0,0,0,0,0.0,0.0,0.0,0.0,0.0,0.0,0.0,0.0,0.0,0.0,0.0,0.0,0.0,0.0,0.0,0.0,0.0,0.0,100.0,0.0,0.0,0.0,0.0,0.0,0.0,T18,2
Twitter::@FcoJavyer48668,Twitter,1,8,0,0,0,0,1,0,4,0,1,0,0,1,0,0,1,0,0,0,0,0,0,0,0,0,0,0.0,0.0,0.0,0.0,12.5,0.0,50.0,0.0,12.5,0.0,0.0,12.5,0.0,0.0,12.5,0.0,0.0,0.0,0.0,0.0,0.0,0.0,0.0,0.0,0.0,T06,4
Twitter::@Fervaltierra92,Twitter,2,54,0,2,0,2,0,0,0,4,0,2,4,2,2,0,0,0,0,0,0,32,0,0,0,4,0,0.0,3.7,0.0,3.7,0.0,0.0,0.0,7.4,0.0,3.7,7.4,3.7,3.7,0.0,0.0,0.0,0.0,0.0,0.0,59.3,0.0,0.0,0.0,7.4,0.0,T19,32
Twitter::@Gandalf_el_Gris,Twitter,1,6,0,0,0,0,1,0,0,1,0,0,0,0,0,0,0,0,0,0,0,0,1,2,0,1,0,0.0,0.0,0.0,0.0,16.7,0.0,0.0,16.7,0.0,0.0,0.0,0.0,0.0,0.0,0.0,0.0,0.0,0.0,0.0,0.0,16.7,33.3,0.0,16.7,0.0,T21,2
Twitter::@GerardoBoschLo,Twitter,1,1,0,0,0,1,0,0,0,0,0,0,0,0,0,0,0,0,0,0,0,0,0,0,0,0,0,0.0,0.0,0.0,100.0,0.0,0.0,0.0,0.0,0.0,0.0,0.0,0.0,0.0,0.0,0.0,0.0,0.0,0.0,0.0,0.0,0.0,0.0,0.0,0.0,0.0,T03,1
Twitter::@GlobalEnergyMEX,Twitter,2,14,1,1,0,0,1,2,0,1,0,0,1,0,2,0,0,0,0,2,0,1,1,0,0,1,0,7.1,7.1,0.0,0.0,7.1,14.3,0.0,7.1,0.0,0.0,7.1,0.0,14.3,0.0,0.0,0.0,0.0,14.3,0.0,7.1,7.1,0.0,0.0,7.1,0.0,T17,2
Twitter::@GoldenBear0991,Twitter,6,52,0,2,0,2,0,4,0,7,0,2,7,0,4,2,0,6,2,0,2,0,4,0,4,0,4,0.0,3.8,0.0,3.8,0.0,7.7,0.0,13.5,0.0,3.8,13.5,0.0,7.7,3.8,0.0,11.5,3.8,0.0,3.8,0.0,7.7,0.0,7.7,0.0,7.7,T07,7
Twitter::@HED1919,Twitter,1,12,0,1,0,0,0,0,1,3,1,1,0,1,0,0,1,0,0,0,0,1,0,2,0,0,0,0.0,8.3,0.0,0.0,0.0,0.0,8.3,25.0,8.3,8.3,0.0,8.3,0.0,0.0,8.3,0.0,0.0,0.0,0.0,8.3,0.0,16.7,0.0,0.0,0.0,T07,3
Twitter::@HOYTamaulipas,Twitter,6,30,0,0,2,3,2,0,0,5,2,0,3,0,1,1,1,0,4,0,0,4,0,0,1,1,0,0.0,0.0,6.7,10.0,6.7,0.0,0.0,16.7,6.7,0.0,10.0,0.0,3.3,3.3,3.3,0.0,13.3,0.0,0.0,13.3,0.0,0.0,3.3,3.3,0.0,T07,5
Twitter::@Het49738134,Twitter,1,5,0,0,0,0,0,0,1,1,0,0,1,0,0,0,0,0,0,0,1,0,0,0,1,0,0,0.0,0.0,0.0,0.0,0.0,0.0,20.0,20.0,0.0,0.0,20.0,0.0,0.0,0.0,0.0,0.0,0.0,0.0,20.0,0.0,0.0,0.0,20.0,0.0,0.0,T06,1
Twitter::@HidalguenseDg,Twitter,1,24,0,0,1,2,0,3,0,1,1,7,0,0,1,0,4,1,0,0,0,1,1,0,0,1,0,0.0,0.0,4.2,8.3,0.0,12.5,0.0,4.2,4.2,29.2,0.0,0.0,4.2,0.0,16.7,4.2,0.0,0.0,0.0,4.2,4.2,0.0,0.0,4.2,0.0,T09,7
Twitter::@IPSSET,Twitter,1,12,0,0,0,0,0,2,0,2,0,1,1,0,1,0,0,0,0,0,0,4,0,0,1,0,0,0.0,0.0,0.0,0.0,0.0,16.7,0.0,16.7,0.0,8.3,8.3,0.0,8.3,0.0,0.0,0.0,0.0,0.0,0.0,33.3,0.0,0.0,8.3,0.0,0.0,T19,4
Twitter::@JJDiazMachuca,Twitter,1,26,0,1,4,0,2,0,1,5,1,1,3,0,0,1,0,0,0,0,0,0,0,5,0,1,1,0.0,3.8,15.4,0.0,7.7,0.0,3.8,19.2,3.8,3.8,11.5,0.0,0.0,3.8,0.0,0.0,0.0,0.0,0.0,0.0,0.0,19.2,0.0,3.8,3.8,T07,5
Twitter::@JTrianaT,Twitter,1,16,0,0,3,1,0,0,0,2,1,0,2,0,0,4,0,0,0,0,0,0,1,2,0,0,0,0.0,0.0,18.8,6.2,0.0,0.0,0.0,12.5,6.2,0.0,12.5,0.0,0.0,25.0,0.0,0.0,0.0,0.0,0.0,0.0,6.2,12.5,0.0,0.0,0.0,T13,4
Twitter::@Jaibo_News,Twitter,7,118,4,6,8,1,3,0,0,39,2,3,2,0,6,1,0,0,6,4,1,4,0,4,14,6,4,3.4,5.1,6.8,0.8,2.5,0.0,0.0,33.1,1.7,2.5,1.7,0.0,5.1,0.8,0.0,0.0,5.1,3.4,0.8,3.4,0.0,3.4,11.9,5.1,3.4,T07,39
Twitter::@LaMejor_Tampico,Twitter,4,36,0,0,0,2,5,3,2,4,0,2,0,2,7,0,0,3,0,0,2,0,0,0,2,1,1,0.0,0.0,0.0,5.6,13.9,8.3,5.6,11.1,0.0,5.6,0.0,5.6,19.4,0.0,0.0,8.3,0.0,0.0,5.6,0.0,0.0,0.0,5.6,2.8,2.8,T12,7
Twitter::@LaRazon_mx,Twitter,1,19,0,0,0,0,1,1,1,2,1,6,1,0,0,0,3,0,0,0,0,1,0,0,0,2,0,0.0,0.0,0.0,0.0,5.3,5.3,5.3,10.5,5.3,31.6,5.3,0.0,0.0,0.0,15.8,0.0,0.0,0.0,0.0,5.3,0.0,0.0,0.0,10.5,0.0,T09,6
Twitter::@LaRedAltamiraMx,Twitter,9,381,2,3,25,0,3,4,2,139,0,4,14,8,11,1,3,6,31,14,18,1,8,3,41,22,18,0.5,0.8,6.6,0.0,0.8,1.0,0.5,36.5,0.0,1.0,3.7,2.1,2.9,0.3,0.8,1.6,8.1,3.7,4.7,0.3,2.1,0.8,10.8,5.8,4.7,T07,139
Twitter::@LaTalacha,Twitter,4,71,0,13,0,0,4,0,0,4,3,3,3,1,0,3,0,0,2,4,0,16,2,2,8,0,3,0.0,18.3,0.0,0.0,5.6,0.0,0.0,5.6,4.2,4.2,4.2,1.4,0.0,4.2,0.0,0.0,2.8,5.6,0.0,22.5,2.8,2.8,11.3,0.0,4.2,T19,16
Twitter::@Leonard0178,Twitter,1,4,0,0,0,0,0,0,0,1,0,0,0,0,1,0,0,0,0,0,0,0,0,0,2,0,0,0.0,0.0,0.0,0.0,0.0,0.0,0.0,25.0,0.0,0.0,0.0,0.0,25.0,0.0,0.0,0.0,0.0,0.0,0.0,0.0,0.0,0.0,50.0,0.0,0.0,T22,2
Twitter::@LetrasNews,Twitter,2,30,1,0,2,3,1,0,0,5,0,2,1,1,1,1,7,0,0,2,2,0,0,0,1,0,0,3.3,0.0,6.7,10.0,3.3,0.0,0.0,16.7,0.0,6.7,3.3,3.3,3.3,3.3,23.3,0.0,0.0,6.7,6.7,0.0,0.0,0.0,3.3,0.0,0.0,T14,7
Twitter::@Luciohernaoba,Twitter,1,9,0,1,0,0,0,0,0,1,0,0,0,0,0,0,0,0,0,4,1,0,1,0,1,0,0,0.0,11.1,0.0,0.0,0.0,0.0,0.0,11.1,0.0,0.0,0.0,0.0,0.0,0.0,0.0,0.0,0.0,44.4,11.1,0.0,11.1,0.0,11.1,0.0,0.0,T17,4
Twitter::@LuisGar0533258,Twitter,1,3,0,0,0,0,0,0,2,0,0,0,0,0,0,0,0,0,0,0,0,0,0,1,0,0,0,0.0,0.0,0.0,0.0,0.0,0.0,66.7,0.0,0.0,0.0,0.0,0.0,0.0,0.0,0.0,0.0,0.0,0.0,0.0,0.0,0.0,33.3,0.0,0.0,0.0,T06,2
Twitter::@LunayHades,Twitter,1,5,0,0,1,1,0,0,0,0,0,0,0,0,0,0,0,0,0,0,0,0,0,1,2,0,0,0.0,0.0,20.0,20.0,0.0,0.0,0.0,0.0,0.0,0.0,0.0,0.0,0.0,0.0,0.0,0.0,0.0,0.0,0.0,0.0,0.0,20.0,40.0,0.0,0.0,T22,2
Twitter::@MBA_Alex1,Twitter,1,1,0,0,0,0,0,0,1,0,0,0,0,0,0,0,0,0,0,0,0,0,0,0,0,0,0,0.0,0.0,0.0,0.0,0.0,0.0,100.0,0.0,0.0,0.0,0.0,0.0,0.0,0.0,0.0,0.0,0.0,0.0,0.0,0.0,0.0,0.0,0.0,0.0,0.0,T06,1
Twitter::@MLopezSanMartin,Twitter,1,14,0,0,1,0,0,2,0,3,1,0,1,0,0,0,0,0,0,0,2,0,3,1,0,0,0,0.0,0.0,7.1,0.0,0.0,14.3,0.0,21.4,7.1,0.0,7.1,0.0,0.0,0.0,0.0,0.0,0.0,0.0,14.3,0.0,21.4,7.1,0.0,0.0,0.0,T20,3
Twitter::@MaCeciliaMolin2,Twitter,1,2,0,0,0,0,0,0,0,0,0,0,0,0,0,0,0,0,0,0,0,0,0,2,0,0,0,0.0,0.0,0.0,0.0,0.0,0.0,0.0,0.0,0.0,0.0,0.0,0.0,0.0,0.0,0.0,0.0,0.0,0.0,0.0,0.0,0.0,100.0,0.0,0.0,0.0,T21,2
Twitter::@Marcelinabwu,Twitter,1,7,0,0,0,0,0,0,0,1,0,1,0,1,0,0,0,0,0,3,0,1,0,0,0,0,0,0.0,0.0,0.0,0.0,0.0,0.0,0.0,14.3,0.0,14.3,0.0,14.3,0.0,0.0,0.0,0.0,0.0,42.9,0.0,14.3,0.0,0.0,0.0,0.0,0.0,T17,3
Twitter::@MarianaSot9eis,Twitter,2,19,0,0,0,0,0,0,0,2,0,1,0,0,0,0,0,0,0,10,0,1,2,0,3,0,0,0.0,0.0,0.0,0.0,0.0,0.0,0.0,10.5,0.0,5.3,0.0,0.0,0.0,0.0,0.0,0.0,0.0,52.6,0.0,5.3,10.5,0.0,15.8,0.0,0.0,T17,10
Twitter::@Mercy14920272,Twitter,2,6,0,0,0,0,1,0,0,1,0,0,0,0,0,0,2,0,0,0,0,0,2,0,0,0,0,0.0,0.0,0.0,0.0,16.7,0.0,0.0,16.7,0.0,0.0,0.0,0.0,0.0,0.0,33.3,0.0,0.0,0.0,0.0,0.0,33.3,0.0,0.0,0.0,0.0,T20,2
Twitter::@Milenio,Twitter,1,17,0,0,1,0,0,3,1,1,1,5,0,1,0,0,2,1,0,0,1,0,0,0,0,0,0,0.0,0.0,5.9,0.0,0.0,17.6,5.9,5.9,5.9,29.4,0.0,5.9,0.0,0.0,11.8,5.9,0.0,0.0,5.9,0.0,0.0,0.0,0.0,0.0,0.0,T09,5
Twitter::@MilenioTam,Twitter,3,16,1,0,0,1,0,0,1,3,0,0,1,1,0,0,0,0,0,3,1,0,2,0,0,2,0,6.2,0.0,0.0,6.2,0.0,0.0,6.2,18.8,0.0,0.0,6.2,6.2,0.0,0.0,0.0,0.0,0.0,18.8,6.2,0.0,12.5,0.0,0.0,12.5,0.0,T07,3
Twitter::@MonicaVTampico,Twitter,8,132,7,11,1,2,1,1,0,10,1,1,6,2,11,1,1,3,10,3,13,2,1,1,30,7,6,5.3,8.3,0.8,1.5,0.8,0.8,0.0,7.6,0.8,0.8,4.5,1.5,8.3,0.8,0.8,2.3,7.6,2.3,9.8,1.5,0.8,0.8,22.7,5.3,4.5,T22,30
Twitter::@MrBkekebd,Twitter,2,5,0,0,0,0,0,0,0,2,0,0,0,0,0,1,0,0,0,0,0,0,1,0,1,0,0,0.0,0.0,0.0,0.0,0.0,0.0,0.0,40.0,0.0,0.0,0.0,0.0,0.0,20.0,0.0,0.0,0.0,0.0,0.0,0.0,20.0,0.0,20.0,0.0,0.0,T07,2
Twitter::@MundoTamaulipas,Twitter,5,37,0,1,1,0,0,0,0,15,1,0,0,4,1,0,0,0,5,3,2,1,0,0,0,1,2,0.0,2.7,2.7,0.0,0.0,0.0,0.0,40.5,2.7,0.0,0.0,10.8,2.7,0.0,0.0,0.0,13.5,8.1,5.4,2.7,0.0,0.0,0.0,2.7,5.4,T07,15
Twitter::@MuroPoliticoMX,Twitter,5,67,1,1,0,0,5,0,0,17,1,1,6,2,1,2,1,2,0,1,1,21,1,1,1,0,1,1.5,1.5,0.0,0.0,7.5,0.0,0.0,25.4,1.5,1.5,9.0,3.0,1.5,3.0,1.5,3.0,0.0,1.5,1.5,31.3,1.5,1.5,1.5,0.0,1.5,T19,21
Twitter::@NexosTuristicos,Twitter,3,233,8,6,22,7,8,10,5,6,3,6,15,11,17,8,4,8,5,10,3,3,8,26,9,9,16,3.4,2.6,9.4,3.0,3.4,4.3,2.1,2.6,1.3,2.6,6.4,4.7,7.3,3.4,1.7,3.4,2.1,4.3,1.3,1.3,3.4,11.2,3.9,3.9,6.9,T21,26
Twitter::@OlveraPablo15,Twitter,1,9,0,0,0,0,0,0,0,1,0,0,0,0,1,0,0,1,0,0,1,0,0,0,5,0,0,0.0,0.0,0.0,0.0,0.0,0.0,0.0,11.1,0.0,0.0,0.0,0.0,11.1,0.0,0.0,11.1,0.0,0.0,11.1,0.0,0.0,0.0,55.6,0.0,0.0,T22,5
Twitter::@Omusubidon3456,Twitter,2,16,0,0,0,0,0,1,2,1,1,0,2,2,0,0,1,1,0,0,0,1,2,0,1,1,0,0.0,0.0,0.0,0.0,0.0,6.2,12.5,6.2,6.2,0.0,12.5,12.5,0.0,0.0,6.2,6.2,0.0,0.0,0.0,6.2,12.5,0.0,6.2,6.2,0.0,T11,2
Twitter::@Oscar_Chavira,Twitter,1,5,0,0,1,0,0,0,0,0,0,0,0,3,0,0,1,0,0,0,0,0,0,0,0,0,0,0.0,0.0,20.0,0.0,0.0,0.0,0.0,0.0,0.0,0.0,0.0,60.0,0.0,0.0,20.0,0.0,0.0,0.0,0.0,0.0,0.0,0.0,0.0,0.0,0.0,T11,3
Twitter::@P_Civil_Magazin,Twitter,2,22,0,0,0,0,1,1,2,2,0,1,0,0,0,0,3,0,1,0,0,0,0,0,0,10,1,0.0,0.0,0.0,0.0,4.5,4.5,9.1,9.1,0.0,4.5,0.0,0.0,0.0,0.0,13.6,0.0,4.5,0.0,0.0,0.0,0.0,0.0,0.0,45.5,4.5,T23,10
Twitter::@Perlmanpeezy,Twitter,1,0,0,0,0,0,0,0,0,0,0,0,0,0,0,0,0,0,0,0,0,0,0,0,0,0,0,0.0,0.0,0.0,0.0,0.0,0.0,0.0,0.0,0.0,0.0,0.0,0.0,0.0,0.0,0.0,0.0,0.0,0.0,0.0,0.0,0.0,0.0,0.0,0.0,0.0,,0
Twitter::@Planoinforma,Twitter,1,16,0,0,0,0,0,1,0,2,1,7,0,0,0,0,2,0,0,1,0,1,0,0,1,0,0,0.0,0.0,0.0,0.0,0.0,6.2,0.0,12.5,6.2,43.8,0.0,0.0,0.0,0.0,12.5,0.0,0.0,6.2,0.0,6.2,0.0,0.0,6.2,0.0,0.0,T09,7
Twitter::@RadioUAT,Twitter,2,27,0,3,0,0,2,4,0,4,0,0,3,0,3,0,0,0,0,0,0,4,0,0,2,2,0,0.0,11.1,0.0,0.0,7.4,14.8,0.0,14.8,0.0,0.0,11.1,0.0,11.1,0.0,0.0,0.0,0.0,0.0,0.0,14.8,0.0,0.0,7.4,7.4,0.0,T05,4
Twitter::@Radio_Formula,Twitter,3,47,0,0,0,4,6,2,2,3,2,10,2,0,3,0,8,0,0,0,0,1,0,0,2,2,0,0.0,0.0,0.0,8.5,12.8,4.3,4.3,6.4,4.3,21.3,4.3,0.0,6.4,0.0,17.0,0.0,0.0,0.0,0.0,2.1,0.0,0.0,4.3,4.3,0.0,T09,10
Twitter::@Rafita_345,Twitter,2,14,0,0,1,1,0,0,2,1,2,0,2,1,1,0,0,0,0,0,0,0,1,1,0,1,0,0.0,0.0,7.1,7.1,0.0,0.0,14.3,7.1,14.3,0.0,14.3,7.1,7.1,0.0,0.0,0.0,0.0,0.0,0.0,0.0,7.1,7.1,0.0,7.1,0.0,T10,2
Twitter::@RevistaDebateMX,Twitter,4,38,2,1,0,0,1,2,0,10,0,1,2,1,4,2,0,1,1,0,1,1,0,1,2,2,3,5.3,2.6,0.0,0.0,2.6,5.3,0.0,26.3,0.0,2.6,5.3,2.6,10.5,5.3,0.0,2.6,2.6,0.0,2.6,2.6,0.0,2.6,5.3,5.3,7.9,T07,10
Twitter::@Rosamex1cano,Twitter,1,11,0,0,1,0,0,3,0,1,1,2,0,0,1,0,1,0,0,0,0,1,0,0,0,0,0,0.0,0.0,9.1,0.0,0.0,27.3,0.0,9.1,9.1,18.2,0.0,0.0,9.1,0.0,9.1,0.0,0.0,0.0,0.0,9.1,0.0,0.0,0.0,0.0,0.0,T05,3
Twitter::@SEGIAGUA,Twitter,2,16,0,0,2,1,0,0,0,1,0,0,0,3,0,1,0,0,0,0,1,0,0,0,4,3,0,0.0,0.0,12.5,6.2,0.0,0.0,0.0,6.2,0.0,0.0,0.0,18.8,0.0,6.2,0.0,0.0,0.0,0.0,6.2,0.0,0.0,0.0,25.0,18.8,0.0,T22,4
Twitter::@SINPAYASONOHAY,Twitter,1,11,0,0,0,1,0,1,5,0,0,0,0,0,0,1,0,0,0,1,0,0,0,1,1,0,0,0.0,0.0,0.0,9.1,0.0,9.1,45.5,0.0,0.0,0.0,0.0,0.0,0.0,9.1,0.0,0.0,0.0,9.1,0.0,0.0,0.0,9.1,9.1,0.0,0.0,T06,5
Twitter::@Samanthare58281,Twitter,1,8,0,0,0,0,0,0,0,1,0,0,1,1,0,0,0,0,0,4,0,0,1,0,0,0,0,0.0,0.0,0.0,0.0,0.0,0.0,0.0,12.5,0.0,0.0,12.5,12.5,0.0,0.0,0.0,0.0,0.0,50.0,0.0,0.0,12.5,0.0,0.0,0.0,0.0,T17,4
Twitter::@Serireiniece,Twitter,1,2,1,0,0,0,0,0,0,0,0,0,0,0,0,0,0,1,0,0,0,0,0,0,0,0,0,50.0,0.0,0.0,0.0,0.0,0.0,0.0,0.0,0.0,0.0,0.0,0.0,0.0,0.0,0.0,50.0,0.0,0.0,0.0,0.0,0.0,0.0,0.0,0.0,0.0,T00,1
Twitter::@SinEmbargoMX,Twitter,1,21,0,0,0,2,0,2,1,2,1,6,0,0,2,0,4,0,0,0,0,1,0,0,0,0,0,0.0,0.0,0.0,9.5,0.0,9.5,4.8,9.5,4.8,28.6,0.0,0.0,9.5,0.0,19.0,0.0,0.0,0.0,0.0,4.8,0.0,0.0,0.0,0.0,0.0,T09,6
Twitter::@TamaulipasDirec,Twitter,1,15,0,1,0,0,0,0,0,2,0,2,0,0,0,0,0,0,1,5,1,2,0,0,1,0,0,0.0,6.7,0.0,0.0,0.0,0.0,0.0,13.3,0.0,13.3,0.0,0.0,0.0,0.0,0.0,0.0,6.7,33.3,6.7,13.3,0.0,0.0,6.7,0.0,0.0,T17,5
Twitter::@TampicoGob,Twitter,2,34,0,0,0,0,0,1,0,3,1,0,0,1,6,0,0,2,0,0,1,1,0,0,17,1,0,0.0,0.0,0.0,0.0,0.0,2.9,0.0,8.8,2.9,0.0,0.0,2.9,17.6,0.0,0.0,5.9,0.0,0.0,2.9,2.9,0.0,0.0,50.0,2.9,0.0,T22,17
Twitter::@TampicoViral,Twitter,6,177,3,0,0,10,0,0,4,14,16,31,1,2,0,10,27,3,0,2,0,15,11,11,0,16,1,1.7,0.0,0.0,5.6,0.0,0.0,2.3,7.9,9.0,17.5,0.6,1.1,0.0,5.6,15.3,1.7,0.0,1.1,0.0,8.5,6.2,6.2,0.0,9.0,0.6,T09,31
Twitter::@Tampico_Mexico,Twitter,3,105,0,4,0,9,0,4,15,5,20,10,5,0,0,2,23,0,0,0,0,2,2,0,1,3,0,0.0,3.8,0.0,8.6,0.0,3.8,14.3,4.8,19.0,9.5,4.8,0.0,0.0,1.9,21.9,0.0,0.0,0.0,0.0,1.9,1.9,0.0,1.0,2.9,0.0,T14,23
Twitter::@Tino19K,Twitter,2,2,0,0,1,0,0,0,0,1,0,0,0,0,0,0,0,0,0,0,0,0,0,0,0,0,0,0.0,0.0,50.0,0.0,0.0,0.0,0.0,50.0,0.0,0.0,0.0,0.0,0.0,0.0,0.0,0.0,0.0,0.0,0.0,0.0,0.0,0.0,0.0,0.0,0.0,T02,1
Twitter::@TvAstronoticias,Twitter,2,25,0,0,2,0,0,0,0,5,1,0,2,0,0,0,0,0,0,0,0,15,0,0,0,0,0,0.0,0.0,8.0,0.0,0.0,0.0,0.0,20.0,4.0,0.0,8.0,0.0,0.0,0.0,0.0,0.0,0.0,0.0,0.0,60.0,0.0,0.0,0.0,0.0,0.0,T19,15
Twitter::@VaxTamaulipas,Twitter,5,73,0,0,0,5,6,2,4,4,5,6,9,7,0,0,5,0,2,2,0,3,0,8,2,3,0,0.0,0.0,0.0,6.8,8.2,2.7,5.5,5.5,6.8,8.2,12.3,9.6,0.0,0.0,6.8,0.0,2.7,2.7,0.0,4.1,0.0,11.0,2.7,4.1,0.0,T10,9
Twitter::@VenturaGracia1,Twitter,1,1,0,0,0,0,0,0,1,0,0,0,0,0,0,0,0,0,0,0,0,0,0,0,0,0,0,0.0,0.0,0.0,0.0,0.0,0.0,100.0,0.0,0.0,0.0,0.0,0.0,0.0,0.0,0.0,0.0,0.0,0.0,0.0,0.0,0.0,0.0,0.0,0.0,0.0,T06,1
Twitter::@VigiaHidalgo,Twitter,2,49,1,0,3,1,3,1,1,1,0,11,2,11,1,0,1,0,0,3,3,0,0,0,2,1,3,2.0,0.0,6.1,2.0,6.1,2.0,2.0,2.0,0.0,22.4,4.1,22.4,2.0,0.0,2.0,0.0,0.0,6.1,6.1,0.0,0.0,0.0,4.1,2.0,6.1,T11,11
Twitter::@VoceriaSegTamps,Twitter,1,32,0,0,0,0,13,0,0,0,0,1,0,2,0,2,6,0,0,2,1,1,0,2,1,0,1,0.0,0.0,0.0,0.0,40.6,0.0,0.0,0.0,0.0,3.1,0.0,6.2,0.0,6.2,18.8,0.0,0.0,6.2,3.1,3.1,0.0,6.2,3.1,0.0,3.1,T04,13
Twitter::@VoxPopuliNoti,Twitter,25,418,2,14,20,2,8,2,6,109,4,14,18,11,25,11,1,3,33,5,10,27,14,15,38,7,19,0.5,3.3,4.8,0.5,1.9,0.5,1.4,26.1,1.0,3.3,4.3,2.6,6.0,2.6,0.2,0.7,7.9,1.2,2.4,6.5,3.3,3.6,9.1,1.7,4.5,T07,109
Twitter::@XavierGarciaRe,Twitter,1,4,0,0,0,1,0,0,0,0,0,0,0,0,0,0,0,0,0,0,0,0,0,3,0,0,0,0.0,0.0,0.0,25.0,0.0,0.0,0.0,0.0,0.0,0.0,0.0,0.0,0.0,0.0,0.0,0.0,0.0,0.0,0.0,0.0,0.0,75.0,0.0,0.0,0.0,T21,3
Twitter::@XiomaraVargasTV,Twitter,7,420,5,5,19,61,7,27,21,5,13,32,6,9,6,14,85,3,4,27,13,12,7,13,9,13,4,1.2,1.2,4.5,14.5,1.7,6.4,5.0,1.2,3.1,7.6,1.4,2.1,1.4,3.3,20.2,0.7,1.0,6.4,3.1,2.9,1.7,3.1,2.1,3.1,1.0,T14,85
Twitter::@XoxocotlanGente,Twitter,2,63,1,4,0,2,4,0,0,3,2,1,1,13,3,0,9,3,2,5,1,1,2,1,1,0,4,1.6,6.3,0.0,3.2,6.3,0.0,0.0,4.8,3.2,1.6,1.6,20.6,4.8,0.0,14.3,4.8,3.2,7.9,1.6,1.6,3.2,1.6,1.6,0.0,6.3,T11,13
Twitter::@YUMARE20,Twitter,2,16,0,0,0,0,0,0,0,3,0,0,1,0,0,3,0,0,0,0,3,0,1,4,0,1,0,0.0,0.0,0.0,0.0,0.0,0.0,0.0,18.8,0.0,0.0,6.2,0.0,0.0,18.8,0.0,0.0,0.0,0.0,18.8,0.0,6.2,25.0,0.0,6.2,0.0,T21,4
Twitter::@YinethAndree1,Twitter,1,3,0,0,0,0,0,0,0,0,0,0,1,1,0,0,0,0,0,0,0,0,1,0,0,0,0,0.0,0.0,0.0,0.0,0.0,0.0,0.0,0.0,0.0,0.0,33.3,33.3,0.0,0.0,0.0,0.0,0.0,0.0,0.0,0.0,33.3,0.0,0.0,0.0,0.0,T10,1
Twitter::@_AOdigital,Twitter,1,24,0,0,1,2,0,3,0,1,1,7,0,0,1,0,4,1,0,0,0,1,1,0,0,1,0,0.0,0.0,4.2,8.3,0.0,12.5,0.0,4.2,4.2,29.2,0.0,0.0,4.2,0.0,16.7,4.2,0.0,0.0,0.0,4.2,4.2,0.0,0.0,4.2,0.0,T09,7
Twitter::@a_ravine88,Twitter,2,16,0,1,1,2,0,0,1,1,1,2,0,0,0,1,0,0,0,0,0,0,0,6,0,0,0,0.0,6.2,6.2,12.5,0.0,0.0,6.2,6.2,6.2,12.5,0.0,0.0,0.0,6.2,0.0,0.0,0.0,0.0,0.0,0.0,0.0,37.5,0.0,0.0,0.0,T21,6
Twitter::@ad33geo,Twitter,2,3,0,0,0,0,0,0,0,1,0,0,1,0,0,0,0,1,0,0,0,0,0,0,0,0,0,0.0,0.0,0.0,0.0,0.0,0.0,0.0,33.3,0.0,0.0,33.3,0.0,0.0,0.0,0.0,33.3,0.0,0.0,0.0,0.0,0.0,0.0,0.0,0.0,0.0,T10,1
Twitter::@adnnoticiasmx,Twitter,1,19,0,0,1,0,0,3,1,1,1,6,0,0,0,0,3,0,0,0,1,1,0,1,0,0,0,0.0,0.0,5.3,0.0,0.0,15.8,5.3,5.3,5.3,31.6,0.0,0.0,0.0,0.0,15.8,0.0,0.0,0.0,5.3,5.3,0.0,5.3,0.0,0.0,0.0,T09,6
Twitter::@ae_informativo,Twitter,2,19,1,0,0,2,0,0,0,1,1,0,1,1,0,1,0,0,1,2,1,3,0,1,3,0,0,5.3,0.0,0.0,10.5,0.0,0.0,0.0,5.3,5.3,0.0,5.3,5.3,0.0,5.3,0.0,0.0,5.3,10.5,5.3,15.8,0.0,5.3,15.8,0.0,0.0,T19,3
Twitter::@amerogabriel,Twitter,2,11,0,0,0,0,0,2,0,2,3,1,0,0,0,0,0,0,0,0,1,1,0,0,0,1,0,0.0,0.0,0.0,0.0,0.0,18.2,0.0,18.2,27.3,9.1,0.0,0.0,0.0,0.0,0.0,0.0,0.0,0.0,9.1,9.1,0.0,0.0,0.0,9.1,0.0,T08,3
Twitter::@arion_tam,Twitter,1,4,0,0,1,0,0,0,0,1,0,0,0,0,0,0,0,0,1,0,0,0,0,0,1,0,0,0.0,0.0,25.0,0.0,0.0,0.0,0.0,25.0,0.0,0.0,0.0,0.0,0.0,0.0,0.0,0.0,25.0,0.0,0.0,0.0,0.0,0.0,25.0,0.0,0.0,T22,1
Twitter::@art7951,Twitter,2,19,0,1,0,2,0,0,1,1,1,2,0,0,0,0,0,0,0,0,0,0,0,11,0,0,0,0.0,5.3,0.0,10.5,0.0,0.0,5.3,5.3,5.3,10.5,0.0,0.0,0.0,0.0,0.0,0.0,0.0,0.0,0.0,0.0,0.0,57.9,0.0,0.0,0.0,T21,11
Twitter::@arturoavila_mx,Twitter,1,7,0,0,0,0,1,0,1,0,0,0,0,0,0,0,1,0,0,0,0,0,0,4,0,0,0,0.0,0.0,0.0,0.0,14.3,0.0,14.3,0.0,0.0,0.0,0.0,0.0,0.0,0.0,14.3,0.0,0.0,0.0,0.0,0.0,0.0,57.1,0.0,0.0,0.0,T21,4
Twitter::@athendoflight,Twitter,3,51,0,0,0,0,9,0,2,8,3,0,1,0,0,3,0,2,0,2,0,2,1,13,1,3,1,0.0,0.0,0.0,0.0,17.6,0.0,3.9,15.7,5.9,0.0,2.0,0.0,0.0,5.9,0.0,3.9,0.0,3.9,0.0,3.9,2.0,25.5,2.0,5.9,2.0,T21,13
Twitter::@azucenau,Twitter,1,31,1,0,0,2,1,1,1,1,1,2,2,1,1,0,1,3,0,2,0,0,2,7,0,2,0,3.2,0.0,0.0,6.5,3.2,3.2,3.2,3.2,3.2,6.5,6.5,3.2,3.2,0.0,3.2,9.7,0.0,6.5,0.0,0.0,6.5,22.6,0.0,6.5,0.0,T21,7
Twitter::@cecibluuu,Twitter,1,1,0,0,0,0,0,0,0,0,0,0,0,0,0,0,0,0,0,1,0,0,0,0,0,0,0,0.0,0.0,0.0,0.0,0.0,0.0,0.0,0.0,0.0,0.0,0.0,0.0,0.0,0.0,0.0,0.0,0.0,100.0,0.0,0.0,0.0,0.0,0.0,0.0,0.0,T17,1
Twitter::@cellbit,Twitter,1,1,0,0,0,0,0,0,0,0,0,0,0,0,0,0,0,0,0,0,1,0,0,0,0,0,0,0.0,0.0,0.0,0.0,0.0,0.0,0.0,0.0,0.0,0.0,0.0,0.0,0.0,0.0,0.0,0.0,0.0,0.0,100.0,0.0,0.0,0.0,0.0,0.0,0.0,T18,1
Twitter::@dect1608,Twitter,3,26,0,0,1,0,0,0,1,4,0,2,1,0,0,1,4,1,1,5,1,2,1,1,0,0,0,0.0,0.0,3.8,0.0,0.0,0.0,3.8,15.4,0.0,7.7,3.8,0.0,0.0,3.8,15.4,3.8,3.8,19.2,3.8,7.7,3.8,3.8,0.0,0.0,0.0,T17,5
Twitter::@dfocovi,Twitter,1,9,0,1,0,0,0,0,0,0,0,0,0,0,0,0,0,1,0,0,2,0,0,1,1,3,0,0.0,11.1,0.0,0.0,0.0,0.0,0.0,0.0,0.0,0.0,0.0,0.0,0.0,0.0,0.0,11.1,0.0,0.0,22.2,0.0,0.0,11.1,11.1,33.3,0.0,T23,3
Twitter::@diarionorteof,Twitter,1,14,0,0,0,0,0,0,0,1,0,2,0,0,0,2,0,0,1,3,2,0,0,1,1,0,1,0.0,0.0,0.0,0.0,0.0,0.0,0.0,7.1,0.0,14.3,0.0,0.0,0.0,14.3,0.0,0.0,7.1,21.4,14.3,0.0,0.0,7.1,7.1,0.0,7.1,T17,3
Twitter::@eddyriosz,Twitter,1,12,0,1,0,0,0,1,1,0,0,1,1,2,0,0,0,0,1,0,0,1,0,1,1,0,1,0.0,8.3,0.0,0.0,0.0,8.3,8.3,0.0,0.0,8.3,8.3,16.7,0.0,0.0,0.0,0.0,8.3,0.0,0.0,8.3,0.0,8.3,8.3,0.0,8.3,T11,2
Twitter::@elmercuriotam,Twitter,7,61,1,5,0,0,2,1,1,11,1,4,5,1,0,3,1,4,1,3,2,11,1,0,2,1,0,1.6,8.2,0.0,0.0,3.3,1.6,1.6,18.0,1.6,6.6,8.2,1.6,0.0,4.9,1.6,6.6,1.6,4.9,3.3,18.0,1.6,0.0,3.3,1.6,0.0,T19,11
Twitter::@elpinchealdo,Twitter,3,6,0,0,0,0,0,0,0,1,1,0,0,1,1,0,0,0,0,0,1,1,0,0,0,0,0,0.0,0.0,0.0,0.0,0.0,0.0,0.0,16.7,16.7,0.0,0.0,16.7,16.7,0.0,0.0,0.0,0.0,0.0,16.7,16.7,0.0,0.0,0.0,0.0,0.0,T18,1
Twitter::@elsolde_tampico,Twitter,15,159,5,3,6,4,8,7,5,9,7,7,10,15,14,6,6,5,1,5,3,10,1,3,7,9,3,3.1,1.9,3.8,2.5,5.0,4.4,3.1,5.7,4.4,4.4,6.3,9.4,8.8,3.8,3.8,3.1,0.6,3.1,1.9,6.3,0.6,1.9,4.4,5.7,1.9,T11,15
Twitter::@envozmxoficial,Twitter,1,20,0,1,0,2,0,3,1,1,1,6,0,0,0,0,4,0,0,0,0,1,0,0,0,0,0,0.0,5.0,0.0,10.0,0.0,15.0,5.0,5.0,5.0,30.0,0.0,0.0,0.0,0.0,20.0,0.0,0.0,0.0,0.0,5.0,0.0,0.0,0.0,0.0,0.0,T09,6
Twitter::@estarc62,Twitter,1,8,0,0,0,1,0,0,0,1,2,0,0,0,0,0,0,0,0,0,0,0,0,3,0,0,1,0.0,0.0,0.0,12.5,0.0,0.0,0.0,12.5,25.0,0.0,0.0,0.0,0.0,0.0,0.0,0.0,0.0,0.0,0.0,0.0,0.0,37.5,0.0,0.0,12.5,T21,3
Twitter::@fuente_noticias,Twitter,2,17,0,0,0,0,1,0,0,2,1,1,0,0,0,1,7,0,0,0,0,2,0,0,1,1,0,0.0,0.0,0.0,0.0,5.9,0.0,0.0,11.8,5.9,5.9,0.0,0.0,0.0,5.9,41.2,0.0,0.0,0.0,0.0,11.8,0.0,0.0,5.9,5.9,0.0,T14,7
Twitter::@gordametebocado,Twitter,1,11,0,0,1,1,2,0,0,0,0,0,0,0,0,1,0,0,0,0,0,0,0,4,0,0,2,0.0,0.0,9.1,9.1,18.2,0.0,0.0,0.0,0.0,0.0,0.0,0.0,0.0,9.1,0.0,0.0,0.0,0.0,0.0,0.0,0.0,36.4,0.0,0.0,18.2,T21,4
Twitter::@gruponoticiaspc,Twitter,14,250,2,3,16,0,2,4,0,84,2,4,8,7,20,1,1,1,26,2,14,2,4,6,19,15,7,0.8,1.2,6.4,0.0,0.8,1.6,0.0,33.6,0.8,1.6,3.2,2.8,8.0,0.4,0.4,0.4,10.4,0.8,5.6,0.8,1.6,2.4,7.6,6.0,2.8,T07,84
Twitter::@hectorgarciasr,Twitter,2,17,2,1,0,0,0,1,0,1,0,0,1,5,1,0,0,1,1,0,1,1,1,0,0,0,0,11.8,5.9,0.0,0.0,0.0,5.9,0.0,5.9,0.0,0.0,5.9,29.4,5.9,0.0,0.0,5.9,5.9,0.0,5.9,5.9,5.9,0.0,0.0,0.0,0.0,T11,5
Twitter::@heraldoradiomty,Twitter,2,30,0,4,1,0,1,0,1,0,6,2,5,2,1,0,0,0,2,0,0,1,0,1,0,1,2,0.0,13.3,3.3,0.0,3.3,0.0,3.3,0.0,20.0,6.7,16.7,6.7,3.3,0.0,0.0,0.0,6.7,0.0,0.0,3.3,0.0,3.3,0.0,3.3,6.7,T08,6
Twitter::@hiramberman,Twitter,2,17,1,0,1,2,0,1,0,1,0,0,0,3,0,1,1,2,1,1,0,0,1,0,1,0,0,5.9,0.0,5.9,11.8,0.0,5.9,0.0,5.9,0.0,0.0,0.0,17.6,0.0,5.9,5.9,11.8,5.9,5.9,0.0,0.0,5.9,0.0,5.9,0.0,0.0,T11,3
Twitter::@hitmancenteno,Twitter,2,10,0,1,0,0,1,0,0,1,0,0,1,2,0,1,0,0,2,1,0,0,0,0,0,0,0,0.0,10.0,0.0,0.0,10.0,0.0,0.0,10.0,0.0,0.0,10.0,20.0,0.0,10.0,0.0,0.0,20.0,10.0,0.0,0.0,0.0,0.0,0.0,0.0,0.0,T16,2
Twitter::@inasiable,Twitter,2,4,0,0,0,0,0,0,1,1,0,0,0,0,1,0,0,0,0,0,0,0,0,0,1,0,0,0.0,0.0,0.0,0.0,0.0,0.0,25.0,25.0,0.0,0.0,0.0,0.0,25.0,0.0,0.0,0.0,0.0,0.0,0.0,0.0,0.0,0.0,25.0,0.0,0.0,T12,1
Twitter::@josegarciagon12,Twitter,1,4,0,0,2,0,0,0,0,0,0,0,0,0,0,0,0,0,0,0,0,1,0,0,1,0,0,0.0,0.0,50.0,0.0,0.0,0.0,0.0,0.0,0.0,0.0,0.0,0.0,0.0,0.0,0.0,0.0,0.0,0.0,0.0,25.0,0.0,0.0,25.0,0.0,0.0,T02,2
Twitter::@juanbaaq,Twitter,1,18,2,0,0,4,4,0,0,0,1,2,1,0,0,1,1,0,0,1,0,0,0,0,1,0,0,11.1,0.0,0.0,22.2,22.2,0.0,0.0,0.0,5.6,11.1,5.6,0.0,0.0,5.6,5.6,0.0,0.0,5.6,0.0,0.0,0.0,0.0,5.6,0.0,0.0,T03,4
Twitter::@krico_m60516,Twitter,1,4,0,0,0,0,0,0,0,1,0,0,0,0,0,0,0,0,0,0,1,0,1,0,1,0,0,0.0,0.0,0.0,0.0,0.0,0.0,0.0,25.0,0.0,0.0,0.0,0.0,0.0,0.0,0.0,0.0,0.0,0.0,25.0,0.0,25.0,0.0,25.0,0.0,0.0,T18,1
Twitter::@lacapital2006,Twitter,1,18,0,0,0,1,0,0,0,2,1,0,2,0,0,1,0,0,0,0,0,11,0,0,0,0,0,0.0,0.0,0.0,5.6,0.0,0.0,0.0,11.1,5.6,0.0,11.1,0.0,0.0,5.6,0.0,0.0,0.0,0.0,0.0,61.1,0.0,0.0,0.0,0.0,0.0,T19,11
Twitter::@laexpresionmx,Twitter,7,62,0,0,3,0,0,0,0,21,1,3,0,1,1,1,0,1,1,1,0,9,2,5,10,1,1,0.0,0.0,4.8,0.0,0.0,0.0,0.0,33.9,1.6,4.8,0.0,1.6,1.6,1.6,0.0,1.6,1.6,1.6,0.0,14.5,3.2,8.1,16.1,1.6,1.6,T07,21
Twitter::@lajornadaonline,Twitter,1,37,0,0,0,2,3,2,5,1,2,7,2,4,0,0,6,0,0,0,1,1,0,0,1,0,0,0.0,0.0,0.0,5.4,8.1,5.4,13.5,2.7,5.4,18.9,5.4,10.8,0.0,0.0,16.2,0.0,0.0,0.0,2.7,2.7,0.0,0.0,2.7,0.0,0.0,T09,7
Twitter::@lalox_1980,Twitter,1,0,0,0,0,0,0,0,0,0,0,0,0,0,0,0,0,0,0,0,0,0,0,0,0,0,0,0.0,0.0,0.0,0.0,0.0,0.0,0.0,0.0,0.0,0.0,0.0,0.0,0.0,0.0,0.0,0.0,0.0,0.0,0.0,0.0,0.0,0.0,0.0,0.0,0.0,,0
Twitter::@licperez01,Twitter,2,17,0,0,2,2,0,0,0,2,2,0,0,0,0,2,0,0,0,0,0,0,0,6,1,0,0,0.0,0.0,11.8,11.8,0.0,0.0,0.0,11.8,11.8,0.0,0.0,0.0,0.0,11.8,0.0,0.0,0.0,0.0,0.0,0.0,0.0,35.3,5.9,0.0,0.0,T21,6
Twitter::@luisarturomier,Twitter,1,3,0,0,0,0,0,0,1,1,0,0,0,0,0,0,0,0,0,0,0,0,0,1,0,0,0,0.0,0.0,0.0,0.0,0.0,0.0,33.3,33.3,0.0,0.0,0.0,0.0,0.0,0.0,0.0,0.0,0.0,0.0,0.0,0.0,0.0,33.3,0.0,0.0,0.0,T21,1
Twitter::@mariolealmx,Twitter,3,51,0,0,0,2,2,4,2,8,2,0,4,4,0,3,0,1,0,1,1,3,4,0,3,7,0,0.0,0.0,0.0,3.9,3.9,7.8,3.9,15.7,3.9,0.0,7.8,7.8,0.0,5.9,0.0,2.0,0.0,2.0,2.0,5.9,7.8,0.0,5.9,13.7,0.0,T07,8
Twitter::@meza_mebi630910,Twitter,1,4,1,0,0,0,0,0,0,0,0,0,0,0,0,0,0,0,0,0,0,0,3,0,0,0,0,25.0,0.0,0.0,0.0,0.0,0.0,0.0,0.0,0.0,0.0,0.0,0.0,0.0,0.0,0.0,0.0,0.0,0.0,0.0,0.0,75.0,0.0,0.0,0.0,0.0,T20,3
Twitter::@mileniotv,Twitter,1,17,0,0,1,0,0,3,1,1,1,5,0,1,0,0,2,1,0,0,1,0,0,0,0,0,0,0.0,0.0,5.9,0.0,0.0,17.6,5.9,5.9,5.9,29.4,0.0,5.9,0.0,0.0,11.8,5.9,0.0,0.0,5.9,0.0,0.0,0.0,0.0,0.0,0.0,T09,5
Twitter::@noticiasmporm,Twitter,2,33,0,0,2,1,1,1,2,1,2,6,1,1,0,2,6,1,1,1,0,0,0,0,0,2,2,0.0,0.0,6.1,3.0,3.0,3.0,6.1,3.0,6.1,18.2,3.0,3.0,0.0,6.1,18.2,3.0,3.0,3.0,0.0,0.0,0.0,0.0,0.0,6.1,6.1,T14,6
Twitter::@olgapsosa,Twitter,8,155,3,3,22,1,3,1,1,23,1,4,1,4,3,1,0,0,24,0,25,10,0,13,4,7,1,1.9,1.9,14.2,0.6,1.9,0.6,0.6,14.8,0.6,2.6,0.6,2.6,1.9,0.6,0.0,0.0,15.5,0.0,16.1,6.5,0.0,8.4,2.6,4.5,0.6,T18,25
Twitter::@orquideaazul10,Twitter,1,2,0,0,0,0,0,0,2,0,0,0,0,0,0,0,0,0,0,0,0,0,0,0,0,0,0,0.0,0.0,0.0,0.0,0.0,0.0,100.0,0.0,0.0,0.0,0.0,0.0,0.0,0.0,0.0,0.0,0.0,0.0,0.0,0.0,0.0,0.0,0.0,0.0,0.0,T06,2
Twitter::@pfrancoe,Twitter,2,50,0,0,0,2,2,0,2,2,2,0,8,4,2,4,2,2,0,2,0,0,2,12,2,0,0,0.0,0.0,0.0,4.0,4.0,0.0,4.0,4.0,4.0,0.0,16.0,8.0,4.0,8.0,4.0,4.0,0.0,4.0,0.0,0.0,4.0,24.0,4.0,0.0,0.0,T21,12
Twitter::@plumaslibres,Twitter,2,19,0,0,1,0,0,2,0,2,2,1,3,0,0,2,0,0,0,1,0,1,0,2,1,0,1,0.0,0.0,5.3,0.0,0.0,10.5,0.0,10.5,10.5,5.3,15.8,0.0,0.0,10.5,0.0,0.0,0.0,5.3,0.0,5.3,0.0,10.5,5.3,0.0,5.3,T10,3
Twitter::@proceso,Twitter,1,13,0,0,0,1,1,0,1,1,1,6,0,0,0,0,1,0,0,0,0,1,0,0,0,0,0,0.0,0.0,0.0,7.7,7.7,0.0,7.7,7.7,7.7,46.2,0.0,0.0,0.0,0.0,7.7,0.0,0.0,0.0,0.0,7.7,0.0,0.0,0.0,0.0,0.0,T09,6
Twitter::@puntoporpuntomx,Twitter,1,11,0,0,0,0,1,1,0,1,0,5,1,0,1,0,0,0,0,0,1,0,0,0,0,0,0,0.0,0.0,0.0,0.0,9.1,9.1,0.0,9.1,0.0,45.5,9.1,0.0,9.1,0.0,0.0,0.0,0.0,0.0,9.1,0.0,0.0,0.0,0.0,0.0,0.0,T09,5
Twitter::@red_crucero,Twitter,2,8,2,0,0,0,0,0,0,1,0,0,3,0,0,0,0,0,0,0,0,1,0,0,1,0,0,25.0,0.0,0.0,0.0,0.0,0.0,0.0,12.5,0.0,0.0,37.5,0.0,0.0,0.0,0.0,0.0,0.0,0.0,0.0,12.5,0.0,0.0,12.5,0.0,0.0,T10,3
Twitter::@rojasal07,Twitter,1,11,0,0,0,2,0,0,3,0,1,1,0,1,0,0,2,0,0,0,0,0,1,0,0,0,0,0.0,0.0,0.0,18.2,0.0,0.0,27.3,0.0,9.1,9.1,0.0,9.1,0.0,0.0,18.2,0.0,0.0,0.0,0.0,0.0,9.1,0.0,0.0,0.0,0.0,T06,3
Twitter::@rubenrivera,Twitter,2,14,1,0,0,0,0,0,0,2,0,1,1,1,2,3,0,0,1,0,1,0,0,0,1,0,0,7.1,0.0,0.0,0.0,0.0,0.0,0.0,14.3,0.0,7.1,7.1,7.1,14.3,21.4,0.0,0.0,7.1,0.0,7.1,0.0,0.0,0.0,7.1,0.0,0.0,T13,3
Twitter::@soy24siete,Twitter,2,21,0,2,4,0,1,0,1,0,1,4,0,1,1,0,0,0,0,1,0,1,0,0,3,1,0,0.0,9.5,19.0,0.0,4.8,0.0,4.8,0.0,4.8,19.0,0.0,4.8,4.8,0.0,0.0,0.0,0.0,4.8,0.0,4.8,0.0,0.0,14.3,4.8,0.0,T02,4
Twitter::@srateenmom,Twitter,1,13,0,0,0,0,0,1,0,0,0,0,0,7,2,0,0,1,0,0,0,0,1,0,1,0,0,0.0,0.0,0.0,0.0,0.0,7.7,0.0,0.0,0.0,0.0,0.0,53.8,15.4,0.0,0.0,7.7,0.0,0.0,0.0,0.0,7.7,0.0,7.7,0.0,0.0,T11,7
Twitter::@sumisadepapi123,Twitter,1,1,0,0,0,0,0,0,0,0,0,0,0,0,1,0,0,0,0,0,0,0,0,0,0,0,0,0.0,0.0,0.0,0.0,0.0,0.0,0.0,0.0,0.0,0.0,0.0,0.0,100.0,0.0,0.0,0.0,0.0,0.0,0.0,0.0,0.0,0.0,0.0,0.0,0.0,T12,1
Twitter::@totalg26z,Twitter,1,5,1,0,0,0,0,0,0,3,0,0,0,0,0,0,0,0,0,0,0,0,0,0,0,1,0,20.0,0.0,0.0,0.0,0.0,0.0,0.0,60.0,0.0,0.0,0.0,0.0,0.0,0.0,0.0,0.0,0.0,0.0,0.0,0.0,0.0,0.0,0.0,20.0,0.0,T07,3
Twitter::@ultranoticiasfm,Twitter,1,12,0,0,0,0,0,0,0,1,1,4,0,0,1,0,1,0,0,0,0,1,2,0,0,1,0,0.0,0.0,0.0,0.0,0.0,0.0,0.0,8.3,8.3,33.3,0.0,0.0,8.3,0.0,8.3,0.0,0.0,0.0,0.0,8.3,16.7,0.0,0.0,8.3,0.0,T09,4
Twitter::@valtierrahdz,Twitter,2,19,0,0,0,0,0,0,0,1,0,1,1,0,2,0,0,1,0,0,1,11,0,0,0,1,0,0.0,0.0,0.0,0.0,0.0,0.0,0.0,5.3,0.0,5.3,5.3,0.0,10.5,0.0,0.0,5.3,0.0,0.0,5.3,57.9,0.0,0.0,0.0,5.3,0.0,T19,11
Twitter::@vanguardiamx,Twitter,2,10,0,1,0,0,0,0,0,4,1,0,0,1,0,0,0,0,0,2,0,0,0,1,0,0,0,0.0,10.0,0.0,0.0,0.0,0.0,0.0,40.0,10.0,0.0,0.0,10.0,0.0,0.0,0.0,0.0,0.0,20.0,0.0,0.0,0.0,10.0,0.0,0.0,0.0,T07,4
Twitter::@victorpaco16,Twitter,1,7,0,0,0,0,0,0,0,1,3,0,0,0,0,0,0,0,0,0,0,0,0,3,0,0,0,0.0,0.0,0.0,0.0,0.0,0.0,0.0,14.3,42.9,0.0,0.0,0.0,0.0,0.0,0.0,0.0,0.0,0.0,0.0,0.0,0.0,42.9,0.0,0.0,0.0,T21,3
Twitter::@vientosdelsur,Twitter,1,9,0,0,0,1,0,2,1,1,0,0,0,3,0,0,0,0,0,0,0,1,0,0,0,0,0,0.0,0.0,0.0,11.1,0.0,22.2,11.1,11.1,0.0,0.0,0.0,33.3,0.0,0.0,0.0,0.0,0.0,0.0,0.0,11.1,0.0,0.0,0.0,0.0,0.0,T11,3
Twitter::@ximenameraz05,Twitter,1,3,0,0,0,0,0,0,1,1,0,0,0,0,1,0,0,0,0,0,0,0,0,0,0,0,0,0.0,0.0,0.0,0.0,0.0,0.0,33.3,33.3,0.0,0.0,0.0,0.0,33.3,0.0,0.0,0.0,0.0,0.0,0.0,0.0,0.0,0.0,0.0,0.0,0.0,T12,1
Twitter::@yennigandiaga,Twitter,2,170,1,18,3,3,7,1,5,11,2,9,10,4,8,7,6,6,12,6,8,5,1,3,10,4,20,0.6,10.6,1.8,1.8,4.1,0.6,2.9,6.5,1.2,5.3,5.9,2.4,4.7,4.1,3.5,3.5,7.1,3.5,4.7,2.9,0.6,1.8,5.9,2.4,11.8,T24,20
Twitter::@yeyefons,Twitter,1,8,0,0,0,0,0,0,4,0,2,0,0,0,0,1,0,0,0,1,0,0,0,0,0,0,0,0.0,0.0,0.0,0.0,0.0,0.0,50.0,0.0,25.0,0.0,0.0,0.0,0.0,12.5,0.0,0.0,0.0,12.5,0.0,0.0,0.0,0.0,0.0,0.0,0.0,T06,4
Twitter::@yiyigachan,Twitter,3,16,0,0,2,0,3,1,0,2,0,0,4,2,0,0,0,0,1,0,0,0,0,0,0,1,0,0.0,0.0,12.5,0.0,18.8,6.2,0.0,12.5,0.0,0.0,25.0,12.5,0.0,0.0,0.0,0.0,6.2,0.0,0.0,0.0,0.0,0.0,0.0,6.2,0.0,T10,4
YouTube::@1nsaneHdzG1718,YouTube,1,2,0,0,0,0,0,0,0,1,0,0,0,0,0,0,0,0,0,0,0,0,0,0,0,1,0,0.0,0.0,0.0,0.0,0.0,0.0,0.0,50.0,0.0,0.0,0.0,0.0,0.0,0.0,0.0,0.0,0.0,0.0,0.0,0.0,0.0,0.0,0.0,50.0,0.0,T23,1
YouTube::@2gallo,YouTube,1,4,0,0,0,0,0,0,0,0,0,0,1,0,0,0,0,0,0,0,0,0,2,0,0,0,1,0.0,0.0,0.0,0.0,0.0,0.0,0.0,0.0,0.0,0.0,25.0,0.0,0.0,0.0,0.0,0.0,0.0,0.0,0.0,0.0,50.0,0.0,0.0,0.0,25.0,T20,2
YouTube::@4S1SL4V1D4,YouTube,1,6,0,0,0,1,0,0,4,0,0,0,0,0,0,0,0,0,0,1,0,0,0,0,0,0,0,0.0,0.0,0.0,16.7,0.0,0.0,66.7,0.0,0.0,0.0,0.0,0.0,0.0,0.0,0.0,0.0,0.0,16.7,0.0,0.0,0.0,0.0,0.0,0.0,0.0,T06,4
YouTube::@6909alfred,YouTube,1,0,0,0,0,0,0,0,0,0,0,0,0,0,0,0,0,0,0,0,0,0,0,0,0,0,0,0.0,0.0,0.0,0.0,0.0,0.0,0.0,0.0,0.0,0.0,0.0,0.0,0.0,0.0,0.0,0.0,0.0,0.0,0.0,0.0,0.0,0.0,0.0,0.0,0.0,,0
YouTube::@69LOLIN,YouTube,2,4,0,0,0,0,0,0,0,0,0,0,0,1,1,0,0,0,0,0,0,0,0,2,0,0,0,0.0,0.0,0.0,0.0,0.0,0.0,0.0,0.0,0.0,0.0,0.0,25.0,25.0,0.0,0.0,0.0,0.0,0.0,0.0,0.0,0.0,50.0,0.0,0.0,0.0,T21,2
YouTube::@87bere,YouTube,1,2,0,0,0,0,0,0,0,0,0,0,0,0,0,0,0,0,0,0,0,0,0,0,0,2,0,0.0,0.0,0.0,0.0,0.0,0.0,0.0,0.0,0.0,0.0,0.0,0.0,0.0,0.0,0.0,0.0,0.0,0.0,0.0,0.0,0.0,0.0,0.0,100.0,0.0,T23,2
YouTube::@8ASOS,YouTube,1,5,0,0,0,0,0,2,3,0,0,0,0,0,0,0,0,0,0,0,0,0,0,0,0,0,0,0.0,0.0,0.0,0.0,0.0,40.0,60.0,0.0,0.0,0.0,0.0,0.0,0.0,0.0,0.0,0.0,0.0,0.0,0.0,0.0,0.0,0.0,0.0,0.0,0.0,T06,3
YouTube::@AG-ld9kd,YouTube,1,3,0,0,0,0,0,0,0,0,0,0,0,0,0,0,0,0,0,0,0,0,0,2,1,0,0,0.0,0.0,0.0,0.0,0.0,0.0,0.0,0.0,0.0,0.0,0.0,0.0,0.0,0.0,0.0,0.0,0.0,0.0,0.0,0.0,0.0,66.7,33.3,0.0,0.0,T21,2
YouTube::@ALEJANDROINZUNZAMOYA,YouTube,1,6,0,0,0,0,1,0,0,0,1,0,0,0,0,0,0,0,0,0,0,0,0,4,0,0,0,0.0,0.0,0.0,0.0,16.7,0.0,0.0,0.0,16.7,0.0,0.0,0.0,0.0,0.0,0.0,0.0,0.0,0.0,0.0,0.0,0.0,66.7,0.0,0.0,0.0,T21,4
YouTube::@ARMINDADeLaRosa-n2b,YouTube,1,13,0,1,0,0,0,0,0,0,1,0,2,0,0,0,0,0,0,0,0,0,0,2,0,0,7,0.0,7.7,0.0,0.0,0.0,0.0,0.0,0.0,7.7,0.0,15.4,0.0,0.0,0.0,0.0,0.0,0.0,0.0,0.0,0.0,0.0,15.4,0.0,0.0,53.8,T24,7
YouTube::@AS-9010,YouTube,1,4,0,0,0,0,0,0,2,1,0,0,0,0,0,1,0,0,0,0,0,0,0,0,0,0,0,0.0,0.0,0.0,0.0,0.0,0.0,50.0,25.0,0.0,0.0,0.0,0.0,0.0,25.0,0.0,0.0,0.0,0.0,0.0,0.0,0.0,0.0,0.0,0.0,0.0,T06,2
YouTube::@AbrahamMendoza-e8c,YouTube,1,16,0,0,0,0,1,1,6,0,1,1,0,0,0,0,2,0,1,0,2,0,0,1,0,0,0,0.0,0.0,0.0,0.0,6.2,6.2,37.5,0.0,6.2,6.2,0.0,0.0,0.0,0.0,12.5,0.0,6.2,0.0,12.5,0.0,0.0,6.2,0.0,0.0,0.0,T06,6
YouTube::@AbuLabonita,YouTube,1,5,0,0,0,0,0,0,0,0,0,0,2,1,1,0,0,0,0,0,0,0,1,0,0,0,0,0.0,0.0,0.0,0.0,0.0,0.0,0.0,0.0,0.0,0.0,40.0,20.0,20.0,0.0,0.0,0.0,0.0,0.0,0.0,0.0,20.0,0.0,0.0,0.0,0.0,T10,2
YouTube::@AdalidSolano,YouTube,1,9,0,0,0,0,1,0,3,1,0,0,0,0,1,0,0,0,0,0,0,0,0,2,1,0,0,0.0,0.0,0.0,0.0,11.1,0.0,33.3,11.1,0.0,0.0,0.0,0.0,11.1,0.0,0.0,0.0,0.0,0.0,0.0,0.0,0.0,22.2,11.1,0.0,0.0,T06,3
YouTube::@AdeliaidoMontalvan,YouTube,1,5,0,0,0,0,1,0,0,0,0,0,0,0,0,0,0,0,0,1,0,0,0,1,2,0,0,0.0,0.0,0.0,0.0,20.0,0.0,0.0,0.0,0.0,0.0,0.0,0.0,0.0,0.0,0.0,0.0,0.0,20.0,0.0,0.0,0.0,20.0,40.0,0.0,0.0,T22,2
YouTube::@AdolfoCuautle-x8h,YouTube,1,3,0,0,2,0,0,0,0,0,0,0,0,0,0,0,0,0,0,1,0,0,0,0,0,0,0,0.0,0.0,66.7,0.0,0.0,0.0,0.0,0.0,0.0,0.0,0.0,0.0,0.0,0.0,0.0,0.0,0.0,33.3,0.0,0.0,0.0,0.0,0.0,0.0,0.0,T02,2
YouTube::@AdriMNZMnz,YouTube,1,3,0,0,0,1,0,0,1,0,0,0,0,0,1,0,0,0,0,0,0,0,0,0,0,0,0,0.0,0.0,0.0,33.3,0.0,0.0,33.3,0.0,0.0,0.0,0.0,0.0,33.3,0.0,0.0,0.0,0.0,0.0,0.0,0.0,0.0,0.0,0.0,0.0,0.0,T06,1
YouTube::@AdrianRangel-i4b,YouTube,1,5,0,0,0,0,0,0,1,0,1,0,1,0,0,0,0,0,0,0,0,0,0,2,0,0,0,0.0,0.0,0.0,0.0,0.0,0.0,20.0,0.0,20.0,0.0,20.0,0.0,0.0,0.0,0.0,0.0,0.0,0.0,0.0,0.0,0.0,40.0,0.0,0.0,0.0,T21,2
YouTube::@AdrianaRueda-r7f,YouTube,1,15,0,0,0,1,1,1,1,0,1,1,1,0,0,2,2,0,1,0,1,0,0,2,0,0,0,0.0,0.0,0.0,6.7,6.7,6.7,6.7,0.0,6.7,6.7,6.7,0.0,0.0,13.3,13.3,0.0,6.7,0.0,6.7,0.0,0.0,13.3,0.0,0.0,0.0,T21,2
YouTube::@AideGuevara-x9v6k,YouTube,1,10,0,0,0,1,0,0,6,0,0,2,0,0,0,0,0,0,0,0,0,1,0,0,0,0,0,0.0,0.0,0.0,10.0,0.0,0.0,60.0,0.0,0.0,20.0,0.0,0.0,0.0,0.0,0.0,0.0,0.0,0.0,0.0,10.0,0.0,0.0,0.0,0.0,0.0,T06,6
YouTube::@AlTRe291,YouTube,1,5,0,0,0,1,0,0,1,0,1,1,0,0,0,0,0,0,0,0,0,0,0,1,0,0,0,0.0,0.0,0.0,20.0,0.0,0.0,20.0,0.0,20.0,20.0,0.0,0.0,0.0,0.0,0.0,0.0,0.0,0.0,0.0,0.0,0.0,20.0,0.0,0.0,0.0,T03,1
YouTube::@AlbertoBolaños-w1q,YouTube,2,3,0,0,0,0,1,0,1,0,0,1,0,0,0,0,0,0,0,0,0,0,0,0,0,0,0,0.0,0.0,0.0,0.0,33.3,0.0,33.3,0.0,0.0,33.3,0.0,0.0,0.0,0.0,0.0,0.0,0.0,0.0,0.0,0.0,0.0,0.0,0.0,0.0,0.0,T09,1
YouTube::@AlbertoRodriguez-w3x,YouTube,1,1,0,0,0,0,0,0,0,0,0,0,0,0,0,0,0,0,0,1,0,0,0,0,0,0,0,0.0,0.0,0.0,0.0,0.0,0.0,0.0,0.0,0.0,0.0,0.0,0.0,0.0,0.0,0.0,0.0,0.0,100.0,0.0,0.0,0.0,0.0,0.0,0.0,0.0,T17,1
YouTube::@AldoantonioRochamar-pm5wz,YouTube,1,5,0,0,0,0,0,0,3,0,1,0,1,0,0,0,0,0,0,0,0,0,0,0,0,0,0,0.0,0.0,0.0,0.0,0.0,0.0,60.0,0.0,20.0,0.0,20.0,0.0,0.0,0.0,0.0,0.0,0.0,0.0,0.0,0.0,0.0,0.0,0.0,0.0,0.0,T06,3
YouTube::@Alejandra-lb3sp,YouTube,1,9,0,0,0,0,1,1,2,0,0,0,0,1,0,0,0,1,0,0,0,2,0,0,1,0,0,0.0,0.0,0.0,0.0,11.1,11.1,22.2,0.0,0.0,0.0,0.0,11.1,0.0,0.0,0.0,11.1,0.0,0.0,0.0,22.2,0.0,0.0,11.1,0.0,0.0,T19,2
YouTube::@AlejandraVentura-b8s,YouTube,1,1,0,0,0,0,0,0,0,0,0,1,0,0,0,0,0,0,0,0,0,0,0,0,0,0,0,0.0,0.0,0.0,0.0,0.0,0.0,0.0,0.0,0.0,100.0,0.0,0.0,0.0,0.0,0.0,0.0,0.0,0.0,0.0,0.0,0.0,0.0,0.0,0.0,0.0,T09,1
YouTube::@Alejandro-o6v2n,YouTube,1,3,0,0,0,0,1,0,1,0,0,0,1,0,0,0,0,0,0,0,0,0,0,0,0,0,0,0.0,0.0,0.0,0.0,33.3,0.0,33.3,0.0,0.0,0.0,33.3,0.0,0.0,0.0,0.0,0.0,0.0,0.0,0.0,0.0,0.0,0.0,0.0,0.0,0.0,T04,1
YouTube::@AlejandroFuentesAbundes,YouTube,1,2,0,0,0,0,0,0,0,0,1,0,0,0,0,0,0,0,0,0,0,0,0,0,1,0,0,0.0,0.0,0.0,0.0,0.0,0.0,0.0,0.0,50.0,0.0,0.0,0.0,0.0,0.0,0.0,0.0,0.0,0.0,0.0,0.0,0.0,0.0,50.0,0.0,0.0,T08,1
YouTube::@AlejandroGarcia-tv4sz,YouTube,2,2,0,0,0,0,0,0,0,0,0,0,0,1,0,0,0,0,0,0,0,0,1,0,0,0,0,0.0,0.0,0.0,0.0,0.0,0.0,0.0,0.0,0.0,0.0,0.0,50.0,0.0,0.0,0.0,0.0,0.0,0.0,0.0,0.0,50.0,0.0,0.0,0.0,0.0,T20,1
YouTube::@AlejandroGarcia-vs9xm,YouTube,1,8,0,0,0,0,0,0,1,0,0,0,2,1,0,0,0,0,0,0,0,0,1,2,0,0,1,0.0,0.0,0.0,0.0,0.0,0.0,12.5,0.0,0.0,0.0,25.0,12.5,0.0,0.0,0.0,0.0,0.0,0.0,0.0,0.0,12.5,25.0,0.0,0.0,12.5,T21,2
YouTube::@AlejandroGodinez-h8s,YouTube,1,3,0,0,0,1,0,0,0,0,0,0,0,0,0,0,0,0,1,0,0,0,0,0,1,0,0,0.0,0.0,0.0,33.3,0.0,0.0,0.0,0.0,0.0,0.0,0.0,0.0,0.0,0.0,0.0,0.0,33.3,0.0,0.0,0.0,0.0,0.0,33.3,0.0,0.0,T22,1
YouTube::@AlejandroHernandez-l7x4r,YouTube,1,19,0,0,1,0,0,1,1,2,0,2,1,2,1,1,0,1,0,1,1,0,0,3,0,0,1,0.0,0.0,5.3,0.0,0.0,5.3,5.3,10.5,0.0,10.5,5.3,10.5,5.3,5.3,0.0,5.3,0.0,5.3,5.3,0.0,0.0,15.8,0.0,0.0,5.3,T21,3
YouTube::@AlejandroRodriguez-pr6jv,YouTube,1,1,0,0,0,0,0,0,0,1,0,0,0,0,0,0,0,0,0,0,0,0,0,0,0,0,0,0.0,0.0,0.0,0.0,0.0,0.0,0.0,100.0,0.0,0.0,0.0,0.0,0.0,0.0,0.0,0.0,0.0,0.0,0.0,0.0,0.0,0.0,0.0,0.0,0.0,T07,1
YouTube::@AlejandroVS-g3h,YouTube,2,4,0,0,0,0,0,0,1,0,0,1,0,0,0,0,0,0,0,0,0,1,0,0,0,0,1,0.0,0.0,0.0,0.0,0.0,0.0,25.0,0.0,0.0,25.0,0.0,0.0,0.0,0.0,0.0,0.0,0.0,0.0,0.0,25.0,0.0,0.0,0.0,0.0,25.0,T19,1
YouTube::@Alex.Gflores,YouTube,1,1,0,0,0,0,0,0,0,0,0,1,0,0,0,0,0,0,0,0,0,0,0,0,0,0,0,0.0,0.0,0.0,0.0,0.0,0.0,0.0,0.0,0.0,100.0,0.0,0.0,0.0,0.0,0.0,0.0,0.0,0.0,0.0,0.0,0.0,0.0,0.0,0.0,0.0,T09,1
YouTube::@Alexhernandez-ld4wp,YouTube,2,2,0,0,0,0,0,0,0,0,0,0,1,0,0,1,0,0,0,0,0,0,0,0,0,0,0,0.0,0.0,0.0,0.0,0.0,0.0,0.0,0.0,0.0,0.0,50.0,0.0,0.0,50.0,0.0,0.0,0.0,0.0,0.0,0.0,0.0,0.0,0.0,0.0,0.0,T10,1
YouTube::@Alexincpm,YouTube,1,1,0,0,0,0,0,0,0,0,0,0,0,0,0,0,0,0,0,0,0,1,0,0,0,0,0,0.0,0.0,0.0,0.0,0.0,0.0,0.0,0.0,0.0,0.0,0.0,0.0,0.0,0.0,0.0,0.0,0.0,0.0,0.0,100.0,0.0,0.0,0.0,0.0,0.0,T19,1
YouTube::@Alfonso-h7f1e,YouTube,1,7,1,0,0,0,0,0,0,0,1,0,1,1,0,0,0,0,0,1,0,0,0,2,0,0,0,14.3,0.0,0.0,0.0,0.0,0.0,0.0,0.0,14.3,0.0,14.3,14.3,0.0,0.0,0.0,0.0,0.0,14.3,0.0,0.0,0.0,28.6,0.0,0.0,0.0,T21,2
YouTube::@AlfonsoSanchezMartinez-o6h,YouTube,1,1,0,0,0,0,0,0,1,0,0,0,0,0,0,0,0,0,0,0,0,0,0,0,0,0,0,0.0,0.0,0.0,0.0,0.0,0.0,100.0,0.0,0.0,0.0,0.0,0.0,0.0,0.0,0.0,0.0,0.0,0.0,0.0,0.0,0.0,0.0,0.0,0.0,0.0,T06,1
YouTube::@AlfonsopreciadoPreciadoGonzale,YouTube,3,36,0,0,3,1,0,4,7,0,4,3,5,0,0,1,3,0,0,0,0,1,2,2,0,0,0,0.0,0.0,8.3,2.8,0.0,11.1,19.4,0.0,11.1,8.3,13.9,0.0,0.0,2.8,8.3,0.0,0.0,0.0,0.0,2.8,5.6,5.6,0.0,0.0,0.0,T06,7
YouTube::@Alfredo-u4i,YouTube,1,3,0,0,0,0,0,0,0,0,0,0,0,0,0,0,0,0,0,0,0,0,0,2,1,0,0,0.0,0.0,0.0,0.0,0.0,0.0,0.0,0.0,0.0,0.0,0.0,0.0,0.0,0.0,0.0,0.0,0.0,0.0,0.0,0.0,0.0,66.7,33.3,0.0,0.0,T21,2
YouTube::@AlfredoRodríguez-z8f,YouTube,1,2,0,0,0,0,0,0,0,0,0,0,0,0,0,1,0,0,0,0,0,0,0,1,0,0,0,0.0,0.0,0.0,0.0,0.0,0.0,0.0,0.0,0.0,0.0,0.0,0.0,0.0,50.0,0.0,0.0,0.0,0.0,0.0,0.0,0.0,50.0,0.0,0.0,0.0,T13,1
YouTube::@AliciaSandoval-l7h,YouTube,1,3,0,0,0,0,0,0,2,0,0,0,0,0,0,0,0,1,0,0,0,0,0,0,0,0,0,0.0,0.0,0.0,0.0,0.0,0.0,66.7,0.0,0.0,0.0,0.0,0.0,0.0,0.0,0.0,33.3,0.0,0.0,0.0,0.0,0.0,0.0,0.0,0.0,0.0,T06,2
YouTube::@AlmaSaldaña-u4x,YouTube,1,3,0,0,0,0,0,0,2,0,0,0,0,0,0,0,0,0,0,0,0,0,0,0,1,0,0,0.0,0.0,0.0,0.0,0.0,0.0,66.7,0.0,0.0,0.0,0.0,0.0,0.0,0.0,0.0,0.0,0.0,0.0,0.0,0.0,0.0,0.0,33.3,0.0,0.0,T06,2
YouTube::@AlvaroLira-i5w,YouTube,1,5,0,0,0,0,0,0,1,0,0,0,1,2,0,0,0,0,0,0,0,0,0,0,0,0,1,0.0,0.0,0.0,0.0,0.0,0.0,20.0,0.0,0.0,0.0,20.0,40.0,0.0,0.0,0.0,0.0,0.0,0.0,0.0,0.0,0.0,0.0,0.0,0.0,20.0,T11,2
YouTube::@AmeliaMendoza-y5z,YouTube,2,6,0,0,0,0,0,0,3,0,0,0,0,0,0,0,0,0,0,0,0,0,0,2,1,0,0,0.0,0.0,0.0,0.0,0.0,0.0,50.0,0.0,0.0,0.0,0.0,0.0,0.0,0.0,0.0,0.0,0.0,0.0,0.0,0.0,0.0,33.3,16.7,0.0,0.0,T06,3
YouTube::@AmelieRiveraRivera,YouTube,1,5,1,0,0,0,0,0,2,0,0,0,1,1,0,0,0,0,0,0,0,0,0,0,0,0,0,20.0,0.0,0.0,0.0,0.0,0.0,40.0,0.0,0.0,0.0,20.0,20.0,0.0,0.0,0.0,0.0,0.0,0.0,0.0,0.0,0.0,0.0,0.0,0.0,0.0,T06,2
YouTube::@AnaCeciliaCota-vc6wj,YouTube,1,2,0,0,0,1,0,0,0,0,0,0,0,0,0,0,0,0,0,0,0,0,0,0,1,0,0,0.0,0.0,0.0,50.0,0.0,0.0,0.0,0.0,0.0,0.0,0.0,0.0,0.0,0.0,0.0,0.0,0.0,0.0,0.0,0.0,0.0,0.0,50.0,0.0,0.0,T03,1
YouTube::@AnaGarcia-bl7im,YouTube,1,7,0,0,0,0,0,0,1,0,0,0,2,0,0,0,0,0,0,0,0,0,0,3,0,1,0,0.0,0.0,0.0,0.0,0.0,0.0,14.3,0.0,0.0,0.0,28.6,0.0,0.0,0.0,0.0,0.0,0.0,0.0,0.0,0.0,0.0,42.9,0.0,14.3,0.0,T21,3
YouTube::@AnaIsabelEsparzaMarín,YouTube,1,1,0,0,0,1,0,0,0,0,0,0,0,0,0,0,0,0,0,0,0,0,0,0,0,0,0,0.0,0.0,0.0,100.0,0.0,0.0,0.0,0.0,0.0,0.0,0.0,0.0,0.0,0.0,0.0,0.0,0.0,0.0,0.0,0.0,0.0,0.0,0.0,0.0,0.0,T03,1
YouTube::@AnaTorres-bc2zz,YouTube,1,5,0,0,0,1,0,0,1,0,0,0,0,0,0,1,0,0,0,0,0,0,1,1,0,0,0,0.0,0.0,0.0,20.0,0.0,0.0,20.0,0.0,0.0,0.0,0.0,0.0,0.0,20.0,0.0,0.0,0.0,0.0,0.0,0.0,20.0,20.0,0.0,0.0,0.0,T21,1
YouTube::@Analuq,YouTube,1,2,0,0,0,0,1,0,0,0,0,0,0,0,0,0,0,0,0,0,0,0,0,1,0,0,0,0.0,0.0,0.0,0.0,50.0,0.0,0.0,0.0,0.0,0.0,0.0,0.0,0.0,0.0,0.0,0.0,0.0,0.0,0.0,0.0,0.0,50.0,0.0,0.0,0.0,T21,1
YouTube::@AnaniasEuanmay,YouTube,1,5,0,0,0,0,0,0,1,0,0,1,1,0,1,0,0,0,0,0,0,0,1,0,0,0,0,0.0,0.0,0.0,0.0,0.0,0.0,20.0,0.0,0.0,20.0,20.0,0.0,20.0,0.0,0.0,0.0,0.0,0.0,0.0,0.0,20.0,0.0,0.0,0.0,0.0,T10,1
YouTube::@AnarosaGaribayGarcia,YouTube,1,3,0,0,0,0,0,0,0,0,0,0,0,0,1,1,0,0,0,1,0,0,0,0,0,0,0,0.0,0.0,0.0,0.0,0.0,0.0,0.0,0.0,0.0,0.0,0.0,0.0,33.3,33.3,0.0,0.0,0.0,33.3,0.0,0.0,0.0,0.0,0.0,0.0,0.0,T12,1
YouTube::@Andres_0595,YouTube,14,97,1,1,2,0,3,2,5,2,3,1,24,19,0,3,1,4,7,5,0,1,6,4,2,1,0,1.0,1.0,2.1,0.0,3.1,2.1,5.2,2.1,3.1,1.0,24.7,19.6,0.0,3.1,1.0,4.1,7.2,5.2,0.0,1.0,6.2,4.1,2.1,1.0,0.0,T10,24
YouTube::@Andres_Valdes97,YouTube,1,14,0,0,1,1,0,0,1,3,0,1,0,2,1,3,0,0,0,0,0,0,0,0,1,0,0,0.0,0.0,7.1,7.1,0.0,0.0,7.1,21.4,0.0,7.1,0.0,14.3,7.1,21.4,0.0,0.0,0.0,0.0,0.0,0.0,0.0,0.0,7.1,0.0,0.0,T07,3
YouTube::@AndromedaGalatea,YouTube,1,9,1,1,0,0,1,0,2,0,0,1,0,0,0,0,0,0,0,1,0,2,0,0,0,0,0,11.1,11.1,0.0,0.0,11.1,0.0,22.2,0.0,0.0,11.1,0.0,0.0,0.0,0.0,0.0,0.0,0.0,11.1,0.0,22.2,0.0,0.0,0.0,0.0,0.0,T19,2
YouTube::@Ange-i6h,YouTube,1,5,0,0,0,0,0,0,0,0,0,0,0,0,0,1,0,0,0,0,1,0,0,3,0,0,0,0.0,0.0,0.0,0.0,0.0,0.0,0.0,0.0,0.0,0.0,0.0,0.0,0.0,20.0,0.0,0.0,0.0,0.0,20.0,0.0,0.0,60.0,0.0,0.0,0.0,T21,3
YouTube::@Angel-sq2hm,YouTube,1,3,0,0,0,0,1,0,1,0,0,0,0,0,0,0,0,0,0,0,0,0,0,1,0,0,0,0.0,0.0,0.0,0.0,33.3,0.0,33.3,0.0,0.0,0.0,0.0,0.0,0.0,0.0,0.0,0.0,0.0,0.0,0.0,0.0,0.0,33.3,0.0,0.0,0.0,T21,1
YouTube::@AngelCarreto-z3w,YouTube,2,4,0,0,0,0,0,0,0,1,0,0,0,1,0,0,0,0,0,1,0,0,0,0,1,0,0,0.0,0.0,0.0,0.0,0.0,0.0,0.0,25.0,0.0,0.0,0.0,25.0,0.0,0.0,0.0,0.0,0.0,25.0,0.0,0.0,0.0,0.0,25.0,0.0,0.0,T17,1
YouTube::@AngelGarcia-zz2lq,YouTube,1,2,0,0,0,0,1,0,1,0,0,0,0,0,0,0,0,0,0,0,0,0,0,0,0,0,0,0.0,0.0,0.0,0.0,50.0,0.0,50.0,0.0,0.0,0.0,0.0,0.0,0.0,0.0,0.0,0.0,0.0,0.0,0.0,0.0,0.0,0.0,0.0,0.0,0.0,T04,1
YouTube::@AngelGomez-kz9su,YouTube,1,1,0,0,0,0,0,0,1,0,0,0,0,0,0,0,0,0,0,0,0,0,0,0,0,0,0,0.0,0.0,0.0,0.0,0.0,0.0,100.0,0.0,0.0,0.0,0.0,0.0,0.0,0.0,0.0,0.0,0.0,0.0,0.0,0.0,0.0,0.0,0.0,0.0,0.0,T06,1
YouTube::@AngelHernandezlopez-c3w,YouTube,1,2,0,0,0,0,0,0,0,0,0,0,0,0,0,0,0,0,0,0,0,0,0,2,0,0,0,0.0,0.0,0.0,0.0,0.0,0.0,0.0,0.0,0.0,0.0,0.0,0.0,0.0,0.0,0.0,0.0,0.0,0.0,0.0,0.0,0.0,100.0,0.0,0.0,0.0,T21,2
YouTube::@AngelMacias-x3h,YouTube,1,3,1,0,0,1,0,0,0,0,0,0,0,0,0,0,0,0,0,1,0,0,0,0,0,0,0,33.3,0.0,0.0,33.3,0.0,0.0,0.0,0.0,0.0,0.0,0.0,0.0,0.0,0.0,0.0,0.0,0.0,33.3,0.0,0.0,0.0,0.0,0.0,0.0,0.0,T03,1
YouTube::@AngelVera-v2z,YouTube,1,4,0,0,0,0,0,0,2,0,0,0,0,0,1,0,1,0,0,0,0,0,0,0,0,0,0,0.0,0.0,0.0,0.0,0.0,0.0,50.0,0.0,0.0,0.0,0.0,0.0,25.0,0.0,25.0,0.0,0.0,0.0,0.0,0.0,0.0,0.0,0.0,0.0,0.0,T06,2
YouTube::@Angela-oz4gy,YouTube,1,3,0,0,0,0,1,0,1,0,0,0,0,0,0,0,0,0,0,0,1,0,0,0,0,0,0,0.0,0.0,0.0,0.0,33.3,0.0,33.3,0.0,0.0,0.0,0.0,0.0,0.0,0.0,0.0,0.0,0.0,0.0,33.3,0.0,0.0,0.0,0.0,0.0,0.0,T06,1
YouTube::@AngelaPicon-s8g,YouTube,1,3,0,0,0,0,0,0,0,2,0,0,0,0,0,0,0,0,0,0,0,0,0,0,0,1,0,0.0,0.0,0.0,0.0,0.0,0.0,0.0,66.7,0.0,0.0,0.0,0.0,0.0,0.0,0.0,0.0,0.0,0.0,0.0,0.0,0.0,0.0,0.0,33.3,0.0,T07,2
YouTube::@AngelicaGarcia-ng9jz,YouTube,1,8,0,0,0,0,1,0,1,1,1,0,0,0,0,0,0,0,0,0,0,0,0,4,0,0,0,0.0,0.0,0.0,0.0,12.5,0.0,12.5,12.5,12.5,0.0,0.0,0.0,0.0,0.0,0.0,0.0,0.0,0.0,0.0,0.0,0.0,50.0,0.0,0.0,0.0,T21,4
YouTube::@Angelopolis65,YouTube,1,2,0,0,0,0,0,0,0,0,0,0,0,0,0,1,0,0,0,0,0,0,0,1,0,0,0,0.0,0.0,0.0,0.0,0.0,0.0,0.0,0.0,0.0,0.0,0.0,0.0,0.0,50.0,0.0,0.0,0.0,0.0,0.0,0.0,0.0,50.0,0.0,0.0,0.0,T21,1
YouTube::@AngieAngiedeMexico,YouTube,1,27,0,1,1,1,1,0,8,0,1,2,0,0,2,2,2,1,0,3,1,0,0,0,0,1,0,0.0,3.7,3.7,3.7,3.7,0.0,29.6,0.0,3.7,7.4,0.0,0.0,7.4,7.4,7.4,3.7,0.0,11.1,3.7,0.0,0.0,0.0,0.0,3.7,0.0,T06,8
YouTube::@AngieCalvillo,YouTube,1,8,0,0,0,0,2,0,1,0,0,2,1,1,0,0,1,0,0,0,0,0,0,0,0,0,0,0.0,0.0,0.0,0.0,25.0,0.0,12.5,0.0,0.0,25.0,12.5,12.5,0.0,0.0,12.5,0.0,0.0,0.0,0.0,0.0,0.0,0.0,0.0,0.0,0.0,T09,2
YouTube::@AntonioGarcia-ew6ml,YouTube,1,4,0,0,0,0,0,0,0,0,1,0,0,0,0,0,0,0,0,0,0,0,1,2,0,0,0,0.0,0.0,0.0,0.0,0.0,0.0,0.0,0.0,25.0,0.0,0.0,0.0,0.0,0.0,0.0,0.0,0.0,0.0,0.0,0.0,25.0,50.0,0.0,0.0,0.0,T21,2
YouTube::@AntonioGil-t4v,YouTube,1,1,0,0,0,0,0,0,0,0,0,0,0,0,0,0,0,0,0,0,0,0,0,1,0,0,0,0.0,0.0,0.0,0.0,0.0,0.0,0.0,0.0,0.0,0.0,0.0,0.0,0.0,0.0,0.0,0.0,0.0,0.0,0.0,0.0,0.0,100.0,0.0,0.0,0.0,T21,1
YouTube::@AntonioLopez-nv7ts,YouTube,6,15,0,0,0,0,0,1,0,0,0,0,4,3,0,0,0,1,0,0,0,0,5,0,1,0,0,0.0,0.0,0.0,0.0,0.0,6.7,0.0,0.0,0.0,0.0,26.7,20.0,0.0,0.0,0.0,6.7,0.0,0.0,0.0,0.0,33.3,0.0,6.7,0.0,0.0,T20,5
YouTube::@AntonioMartinez-zs4nc,YouTube,1,3,0,0,0,0,0,0,0,0,1,0,0,0,0,0,0,0,0,0,1,0,0,0,1,0,0,0.0,0.0,0.0,0.0,0.0,0.0,0.0,0.0,33.3,0.0,0.0,0.0,0.0,0.0,0.0,0.0,0.0,0.0,33.3,0.0,0.0,0.0,33.3,0.0,0.0,T08,1
YouTube::@AntonioMonroy-w4r,YouTube,1,13,0,0,0,1,1,0,2,0,1,0,1,0,1,1,2,0,0,0,0,0,0,2,0,0,1,0.0,0.0,0.0,7.7,7.7,0.0,15.4,0.0,7.7,0.0,7.7,0.0,7.7,7.7,15.4,0.0,0.0,0.0,0.0,0.0,0.0,15.4,0.0,0.0,7.7,T14,2
YouTube::@AntonioPerez-u4q2v,YouTube,1,12,0,0,0,0,0,0,1,0,0,2,1,5,1,0,0,0,0,0,0,0,2,0,0,0,0,0.0,0.0,0.0,0.0,0.0,0.0,8.3,0.0,0.0,16.7,8.3,41.7,8.3,0.0,0.0,0.0,0.0,0.0,0.0,0.0,16.7,0.0,0.0,0.0,0.0,T11,5
YouTube::@Antritroll,YouTube,1,1,0,0,0,0,0,0,1,0,0,0,0,0,0,0,0,0,0,0,0,0,0,0,0,0,0,0.0,0.0,0.0,0.0,0.0,0.0,100.0,0.0,0.0,0.0,0.0,0.0,0.0,0.0,0.0,0.0,0.0,0.0,0.0,0.0,0.0,0.0,0.0,0.0,0.0,T06,1
YouTube::@ApolinarNava-d7l,YouTube,2,7,0,1,0,0,1,0,2,0,1,0,0,0,0,0,2,0,0,0,0,0,0,0,0,0,0,0.0,14.3,0.0,0.0,14.3,0.0,28.6,0.0,14.3,0.0,0.0,0.0,0.0,0.0,28.6,0.0,0.0,0.0,0.0,0.0,0.0,0.0,0.0,0.0,0.0,T06,2
YouTube::@AraceliMiriam,YouTube,1,0,0,0,0,0,0,0,0,0,0,0,0,0,0,0,0,0,0,0,0,0,0,0,0,0,0,0.0,0.0,0.0,0.0,0.0,0.0,0.0,0.0,0.0,0.0,0.0,0.0,0.0,0.0,0.0,0.0,0.0,0.0,0.0,0.0,0.0,0.0,0.0,0.0,0.0,,0
YouTube::@Arcenio-k7f,YouTube,1,4,0,0,0,0,1,0,1,0,1,0,0,0,0,1,0,0,0,0,0,0,0,0,0,0,0,0.0,0.0,0.0,0.0,25.0,0.0,25.0,0.0,25.0,0.0,0.0,0.0,0.0,25.0,0.0,0.0,0.0,0.0,0.0,0.0,0.0,0.0,0.0,0.0,0.0,T04,1
YouTube::@ArelyAntonietaVillamarFlores,YouTube,1,6,0,0,0,0,0,0,3,1,0,0,0,0,0,0,1,0,0,0,0,1,0,0,0,0,0,0.0,0.0,0.0,0.0,0.0,0.0,50.0,16.7,0.0,0.0,0.0,0.0,0.0,0.0,16.7,0.0,0.0,0.0,0.0,16.7,0.0,0.0,0.0,0.0,0.0,T06,3
YouTube::@Arigari21,YouTube,2,15,0,0,0,2,0,0,4,0,0,0,1,0,0,1,2,1,0,0,0,0,0,2,2,0,0,0.0,0.0,0.0,13.3,0.0,0.0,26.7,0.0,0.0,0.0,6.7,0.0,0.0,6.7,13.3,6.7,0.0,0.0,0.0,0.0,0.0,13.3,13.3,0.0,0.0,T06,4
YouTube::@Armando-j9b5h,YouTube,1,1,0,0,0,0,0,0,0,0,0,0,0,1,0,0,0,0,0,0,0,0,0,0,0,0,0,0.0,0.0,0.0,0.0,0.0,0.0,0.0,0.0,0.0,0.0,0.0,100.0,0.0,0.0,0.0,0.0,0.0,0.0,0.0,0.0,0.0,0.0,0.0,0.0,0.0,T11,1
YouTube::@ArturoCetina-u2i,YouTube,1,3,0,0,0,0,1,0,0,0,0,0,0,0,0,0,0,0,0,0,0,0,0,0,2,0,0,0.0,0.0,0.0,0.0,33.3,0.0,0.0,0.0,0.0,0.0,0.0,0.0,0.0,0.0,0.0,0.0,0.0,0.0,0.0,0.0,0.0,0.0,66.7,0.0,0.0,T22,2
YouTube::@ArturoLopez-kx4ux,YouTube,1,4,0,0,0,1,0,0,0,0,0,0,0,1,0,0,0,0,0,0,0,0,1,0,1,0,0,0.0,0.0,0.0,25.0,0.0,0.0,0.0,0.0,0.0,0.0,0.0,25.0,0.0,0.0,0.0,0.0,0.0,0.0,0.0,0.0,25.0,0.0,25.0,0.0,0.0,T22,1
YouTube::@ArturoMartinez-tn4uu,YouTube,1,0,0,0,0,0,0,0,0,0,0,0,0,0,0,0,0,0,0,0,0,0,0,0,0,0,0,0.0,0.0,0.0,0.0,0.0,0.0,0.0,0.0,0.0,0.0,0.0,0.0,0.0,0.0,0.0,0.0,0.0,0.0,0.0,0.0,0.0,0.0,0.0,0.0,0.0,,0
YouTube::@ArturoSolísTorres,YouTube,1,0,0,0,0,0,0,0,0,0,0,0,0,0,0,0,0,0,0,0,0,0,0,0,0,0,0,0.0,0.0,0.0,0.0,0.0,0.0,0.0,0.0,0.0,0.0,0.0,0.0,0.0,0.0,0.0,0.0,0.0,0.0,0.0,0.0,0.0,0.0,0.0,0.0,0.0,,0
YouTube::@Asesorgalindo2026,YouTube,1,6,0,0,0,0,0,0,4,0,0,0,0,0,0,0,0,1,0,0,0,0,0,1,0,0,0,0.0,0.0,0.0,0.0,0.0,0.0,66.7,0.0,0.0,0.0,0.0,0.0,0.0,0.0,0.0,16.7,0.0,0.0,0.0,0.0,0.0,16.7,0.0,0.0,0.0,T06,4
YouTube::@AshleyAstrid1,YouTube,1,3,0,0,0,0,0,0,0,0,0,0,0,0,0,0,0,0,0,0,0,0,1,2,0,0,0,0.0,0.0,0.0,0.0,0.0,0.0,0.0,0.0,0.0,0.0,0.0,0.0,0.0,0.0,0.0,0.0,0.0,0.0,0.0,0.0,33.3,66.7,0.0,0.0,0.0,T21,2
YouTube::@AtanasiaVázquezHernández,YouTube,1,5,0,0,0,0,0,0,4,0,0,0,0,0,0,0,0,0,0,0,0,0,0,1,0,0,0,0.0,0.0,0.0,0.0,0.0,0.0,80.0,0.0,0.0,0.0,0.0,0.0,0.0,0.0,0.0,0.0,0.0,0.0,0.0,0.0,0.0,20.0,0.0,0.0,0.0,T06,4
YouTube::@Atlas3ISam,YouTube,2,9,0,0,0,0,0,0,4,0,1,0,0,0,1,0,3,0,0,0,0,0,0,0,0,0,0,0.0,0.0,0.0,0.0,0.0,0.0,44.4,0.0,11.1,0.0,0.0,0.0,11.1,0.0,33.3,0.0,0.0,0.0,0.0,0.0,0.0,0.0,0.0,0.0,0.0,T06,4
YouTube::@AuraVillela-ci9vv,YouTube,1,11,0,0,0,1,1,1,2,0,0,0,0,0,0,1,1,0,0,0,0,0,1,1,1,1,0,0.0,0.0,0.0,9.1,9.1,9.1,18.2,0.0,0.0,0.0,0.0,0.0,0.0,9.1,9.1,0.0,0.0,0.0,0.0,0.0,9.1,9.1,9.1,9.1,0.0,T06,2
YouTube::@AureaZavala-j2r,YouTube,1,3,0,0,0,0,0,0,0,0,0,0,0,0,0,0,0,0,0,0,0,0,0,3,0,0,0,0.0,0.0,0.0,0.0,0.0,0.0,0.0,0.0,0.0,0.0,0.0,0.0,0.0,0.0,0.0,0.0,0.0,0.0,0.0,0.0,0.0,100.0,0.0,0.0,0.0,T21,3
YouTube::@AuroraDlst23,YouTube,1,2,0,0,0,0,0,0,0,0,1,0,0,0,0,0,0,0,0,0,0,0,0,1,0,0,0,0.0,0.0,0.0,0.0,0.0,0.0,0.0,0.0,50.0,0.0,0.0,0.0,0.0,0.0,0.0,0.0,0.0,0.0,0.0,0.0,0.0,50.0,0.0,0.0,0.0,T21,1
YouTube::@AvrilLandaverde,YouTube,1,3,0,0,0,0,0,0,0,0,0,2,0,0,0,0,1,0,0,0,0,0,0,0,0,0,0,0.0,0.0,0.0,0.0,0.0,0.0,0.0,0.0,0.0,66.7,0.0,0.0,0.0,0.0,33.3,0.0,0.0,0.0,0.0,0.0,0.0,0.0,0.0,0.0,0.0,T09,2
YouTube::@AxelHipolito-q7d4l,YouTube,1,2,0,0,0,0,0,0,0,0,0,0,0,0,0,0,0,0,0,1,0,0,0,0,1,0,0,0.0,0.0,0.0,0.0,0.0,0.0,0.0,0.0,0.0,0.0,0.0,0.0,0.0,0.0,0.0,0.0,0.0,50.0,0.0,0.0,0.0,0.0,50.0,0.0,0.0,T22,1
YouTube::@AxterAstelium,YouTube,1,9,1,0,0,0,0,1,0,0,0,1,0,2,1,0,0,0,0,0,0,0,1,1,1,0,0,11.1,0.0,0.0,0.0,0.0,11.1,0.0,0.0,0.0,11.1,0.0,22.2,11.1,0.0,0.0,0.0,0.0,0.0,0.0,0.0,11.1,11.1,11.1,0.0,0.0,T11,2
YouTube::@Azathreo,YouTube,1,5,0,0,0,0,0,0,4,0,0,0,0,0,0,0,0,0,0,0,1,0,0,0,0,0,0,0.0,0.0,0.0,0.0,0.0,0.0,80.0,0.0,0.0,0.0,0.0,0.0,0.0,0.0,0.0,0.0,0.0,0.0,20.0,0.0,0.0,0.0,0.0,0.0,0.0,T06,4
YouTube::@BARBARAMAYEN,YouTube,1,5,0,0,0,0,1,0,2,0,0,1,0,0,0,0,0,0,0,0,0,0,0,0,1,0,0,0.0,0.0,0.0,0.0,20.0,0.0,40.0,0.0,0.0,20.0,0.0,0.0,0.0,0.0,0.0,0.0,0.0,0.0,0.0,0.0,0.0,0.0,20.0,0.0,0.0,T06,2
YouTube::@BERNAALFAEZ,YouTube,1,4,0,0,0,0,0,0,0,0,0,0,1,1,0,0,0,0,0,0,0,0,0,1,1,0,0,0.0,0.0,0.0,0.0,0.0,0.0,0.0,0.0,0.0,0.0,25.0,25.0,0.0,0.0,0.0,0.0,0.0,0.0,0.0,0.0,0.0,25.0,25.0,0.0,0.0,T11,1
YouTube::@BL4CKSH33PT4TU,YouTube,1,4,0,0,0,0,0,0,0,0,1,0,0,0,0,1,1,0,0,0,0,0,1,0,0,0,0,0.0,0.0,0.0,0.0,0.0,0.0,0.0,0.0,25.0,0.0,0.0,0.0,0.0,25.0,25.0,0.0,0.0,0.0,0.0,0.0,25.0,0.0,0.0,0.0,0.0,T20,1
YouTube::@Barritas-nr8ci,YouTube,1,3,0,0,0,0,0,0,1,0,0,0,0,0,0,0,0,2,0,0,0,0,0,0,0,0,0,0.0,0.0,0.0,0.0,0.0,0.0,33.3,0.0,0.0,0.0,0.0,0.0,0.0,0.0,0.0,66.7,0.0,0.0,0.0,0.0,0.0,0.0,0.0,0.0,0.0,T15,2
YouTube::@BasiGomez-l2e,YouTube,1,4,0,0,0,0,1,0,0,1,0,0,1,0,0,0,0,0,0,0,0,0,0,0,1,0,0,0.0,0.0,0.0,0.0,25.0,0.0,0.0,25.0,0.0,0.0,25.0,0.0,0.0,0.0,0.0,0.0,0.0,0.0,0.0,0.0,0.0,0.0,25.0,0.0,0.0,T10,1
YouTube::@Beatriz-i3c,YouTube,1,2,0,0,0,1,0,0,0,0,0,0,0,0,0,0,0,0,0,0,0,0,0,1,0,0,0,0.0,0.0,0.0,50.0,0.0,0.0,0.0,0.0,0.0,0.0,0.0,0.0,0.0,0.0,0.0,0.0,0.0,0.0,0.0,0.0,0.0,50.0,0.0,0.0,0.0,T03,1
YouTube::@BeatrizEspinosa-z7b,YouTube,1,4,0,0,0,0,0,0,2,0,0,0,0,0,0,0,1,0,0,0,1,0,0,0,0,0,0,0.0,0.0,0.0,0.0,0.0,0.0,50.0,0.0,0.0,0.0,0.0,0.0,0.0,0.0,25.0,0.0,0.0,0.0,25.0,0.0,0.0,0.0,0.0,0.0,0.0,T06,2
YouTube::@BedaGomez-s7i,YouTube,1,2,0,0,0,1,0,0,0,0,1,0,0,0,0,0,0,0,0,0,0,0,0,0,0,0,0,0.0,0.0,0.0,50.0,0.0,0.0,0.0,0.0,50.0,0.0,0.0,0.0,0.0,0.0,0.0,0.0,0.0,0.0,0.0,0.0,0.0,0.0,0.0,0.0,0.0,T03,1
YouTube::@BeliLópez-b2o,YouTube,1,2,0,0,0,0,0,0,0,0,2,0,0,0,0,0,0,0,0,0,0,0,0,0,0,0,0,0.0,0.0,0.0,0.0,0.0,0.0,0.0,0.0,100.0,0.0,0.0,0.0,0.0,0.0,0.0,0.0,0.0,0.0,0.0,0.0,0.0,0.0,0.0,0.0,0.0,T08,2
YouTube::@BenitoCarrera-w9t,YouTube,2,10,0,0,2,0,1,0,1,0,0,0,1,0,2,0,0,0,0,0,0,0,0,2,1,0,0,0.0,0.0,20.0,0.0,10.0,0.0,10.0,0.0,0.0,0.0,10.0,0.0,20.0,0.0,0.0,0.0,0.0,0.0,0.0,0.0,0.0,20.0,10.0,0.0,0.0,T12,2
YouTube::@BernardGrroPCR,YouTube,1,11,0,0,0,0,0,0,7,0,1,0,0,0,1,0,1,1,0,0,0,0,0,0,0,0,0,0.0,0.0,0.0,0.0,0.0,0.0,63.6,0.0,9.1,0.0,0.0,0.0,9.1,0.0,9.1,9.1,0.0,0.0,0.0,0.0,0.0,0.0,0.0,0.0,0.0,T06,7
YouTube::@BernardinoGuerrero,YouTube,1,4,0,0,0,0,0,0,0,1,0,0,0,0,0,0,0,0,0,0,0,0,0,0,0,3,0,0.0,0.0,0.0,0.0,0.0,0.0,0.0,25.0,0.0,0.0,0.0,0.0,0.0,0.0,0.0,0.0,0.0,0.0,0.0,0.0,0.0,0.0,0.0,75.0,0.0,T23,3
YouTube::@BictorVela,YouTube,1,5,0,0,0,0,0,0,1,1,1,0,1,0,0,0,0,0,0,0,0,0,0,1,0,0,0,0.0,0.0,0.0,0.0,0.0,0.0,20.0,20.0,20.0,0.0,20.0,0.0,0.0,0.0,0.0,0.0,0.0,0.0,0.0,0.0,0.0,20.0,0.0,0.0,0.0,T07,1
YouTube::@Biker-Shop,YouTube,1,4,0,0,0,0,1,1,1,0,0,0,0,0,0,1,0,0,0,0,0,0,0,0,0,0,0,0.0,0.0,0.0,0.0,25.0,25.0,25.0,0.0,0.0,0.0,0.0,0.0,0.0,25.0,0.0,0.0,0.0,0.0,0.0,0.0,0.0,0.0,0.0,0.0,0.0,T13,1
YouTube::@BillGoldbergAustin,YouTube,1,8,0,0,0,2,0,0,4,0,0,1,0,0,0,0,0,0,0,0,1,0,0,0,0,0,0,0.0,0.0,0.0,25.0,0.0,0.0,50.0,0.0,0.0,12.5,0.0,0.0,0.0,0.0,0.0,0.0,0.0,0.0,12.5,0.0,0.0,0.0,0.0,0.0,0.0,T06,4
YouTube::@Bladimir_Putin_Ruso,YouTube,1,9,0,0,0,0,1,0,5,0,0,0,0,0,0,0,1,0,0,1,0,0,0,0,1,0,0,0.0,0.0,0.0,0.0,11.1,0.0,55.6,0.0,0.0,0.0,0.0,0.0,0.0,0.0,11.1,0.0,0.0,11.1,0.0,0.0,0.0,0.0,11.1,0.0,0.0,T06,5
YouTube::@BlancaLiliaLopez-i6e,YouTube,1,4,0,0,0,0,0,0,0,0,0,0,0,0,0,0,0,0,0,0,0,0,0,4,0,0,0,0.0,0.0,0.0,0.0,0.0,0.0,0.0,0.0,0.0,0.0,0.0,0.0,0.0,0.0,0.0,0.0,0.0,0.0,0.0,0.0,0.0,100.0,0.0,0.0,0.0,T21,4
YouTube::@Brenda-f6l,YouTube,1,4,0,0,0,0,0,0,1,0,0,0,0,0,0,0,0,0,0,0,0,0,0,2,0,1,0,0.0,0.0,0.0,0.0,0.0,0.0,25.0,0.0,0.0,0.0,0.0,0.0,0.0,0.0,0.0,0.0,0.0,0.0,0.0,0.0,0.0,50.0,0.0,25.0,0.0,T21,2
YouTube::@BrendaHernandez-nu9vj,YouTube,1,8,0,0,0,0,0,0,1,0,0,0,0,0,0,1,0,0,0,0,0,1,0,3,1,0,1,0.0,0.0,0.0,0.0,0.0,0.0,12.5,0.0,0.0,0.0,0.0,0.0,0.0,12.5,0.0,0.0,0.0,0.0,0.0,12.5,0.0,37.5,12.5,0.0,12.5,T21,3
YouTube::@C.Teresa-k2e,YouTube,1,5,0,0,0,0,1,0,1,0,0,1,0,0,0,1,0,0,0,0,0,0,0,1,0,0,0,0.0,0.0,0.0,0.0,20.0,0.0,20.0,0.0,0.0,20.0,0.0,0.0,0.0,20.0,0.0,0.0,0.0,0.0,0.0,0.0,0.0,20.0,0.0,0.0,0.0,T21,1
YouTube::@CARLOSRUIZ-pe3mo,YouTube,1,7,0,0,0,1,1,1,0,0,1,0,0,1,0,0,0,0,0,2,0,0,0,0,0,0,0,0.0,0.0,0.0,14.3,14.3,14.3,0.0,0.0,14.3,0.0,0.0,14.3,0.0,0.0,0.0,0.0,0.0,28.6,0.0,0.0,0.0,0.0,0.0,0.0,0.0,T17,2
YouTube::@CCC-di7to,YouTube,3,19,0,0,0,1,0,0,1,0,1,0,0,0,0,0,2,0,0,1,1,0,1,11,0,0,0,0.0,0.0,0.0,5.3,0.0,0.0,5.3,0.0,5.3,0.0,0.0,0.0,0.0,0.0,10.5,0.0,0.0,5.3,5.3,0.0,5.3,57.9,0.0,0.0,0.0,T21,11
YouTube::@CELIAVILLALVAMONTERO,YouTube,1,4,0,0,0,0,0,0,2,1,0,0,0,0,0,0,0,1,0,0,0,0,0,0,0,0,0,0.0,0.0,0.0,0.0,0.0,0.0,50.0,25.0,0.0,0.0,0.0,0.0,0.0,0.0,0.0,25.0,0.0,0.0,0.0,0.0,0.0,0.0,0.0,0.0,0.0,T06,2
YouTube::@CHSPM,YouTube,1,2,0,0,0,1,0,0,1,0,0,0,0,0,0,0,0,0,0,0,0,0,0,0,0,0,0,0.0,0.0,0.0,50.0,0.0,0.0,50.0,0.0,0.0,0.0,0.0,0.0,0.0,0.0,0.0,0.0,0.0,0.0,0.0,0.0,0.0,0.0,0.0,0.0,0.0,T03,1
YouTube::@COIME-j1x,YouTube,1,1,0,0,0,0,0,0,0,0,0,0,0,0,1,0,0,0,0,0,0,0,0,0,0,0,0,0.0,0.0,0.0,0.0,0.0,0.0,0.0,0.0,0.0,0.0,0.0,0.0,100.0,0.0,0.0,0.0,0.0,0.0,0.0,0.0,0.0,0.0,0.0,0.0,0.0,T12,1
YouTube::@CPLIC-c7w,YouTube,1,1,0,0,0,0,0,0,0,0,0,1,0,0,0,0,0,0,0,0,0,0,0,0,0,0,0,0.0,0.0,0.0,0.0,0.0,0.0,0.0,0.0,0.0,100.0,0.0,0.0,0.0,0.0,0.0,0.0,0.0,0.0,0.0,0.0,0.0,0.0,0.0,0.0,0.0,T09,1
YouTube::@CR10243,YouTube,1,7,0,0,0,2,2,0,2,0,1,0,0,0,0,0,0,0,0,0,0,0,0,0,0,0,0,0.0,0.0,0.0,28.6,28.6,0.0,28.6,0.0,14.3,0.0,0.0,0.0,0.0,0.0,0.0,0.0,0.0,0.0,0.0,0.0,0.0,0.0,0.0,0.0,0.0,T03,2
YouTube::@CR15TO7,YouTube,1,2,0,0,0,0,1,0,0,0,0,0,0,0,0,0,0,0,0,1,0,0,0,0,0,0,0,0.0,0.0,0.0,0.0,50.0,0.0,0.0,0.0,0.0,0.0,0.0,0.0,0.0,0.0,0.0,0.0,0.0,50.0,0.0,0.0,0.0,0.0,0.0,0.0,0.0,T04,1
YouTube::@CalleyPoder27,YouTube,1,6,0,0,0,0,1,0,1,0,0,0,2,1,0,0,0,0,0,0,0,0,0,0,0,1,0,0.0,0.0,0.0,0.0,16.7,0.0,16.7,0.0,0.0,0.0,33.3,16.7,0.0,0.0,0.0,0.0,0.0,0.0,0.0,0.0,0.0,0.0,0.0,16.7,0.0,T10,2
YouTube::@CamusDegel,YouTube,1,1,0,0,0,0,0,0,0,0,1,0,0,0,0,0,0,0,0,0,0,0,0,0,0,0,0,0.0,0.0,0.0,0.0,0.0,0.0,0.0,0.0,100.0,0.0,0.0,0.0,0.0,0.0,0.0,0.0,0.0,0.0,0.0,0.0,0.0,0.0,0.0,0.0,0.0,T08,1
YouTube::@CanalesPublicistas,YouTube,1,3,0,0,1,0,0,0,0,0,0,0,0,0,0,0,0,0,0,0,0,0,0,0,1,0,1,0.0,0.0,33.3,0.0,0.0,0.0,0.0,0.0,0.0,0.0,0.0,0.0,0.0,0.0,0.0,0.0,0.0,0.0,0.0,0.0,0.0,0.0,33.3,0.0,33.3,T22,1
YouTube::@CandelarioCastillo-c2o,YouTube,1,35,0,0,0,0,6,2,4,0,2,0,2,3,0,0,0,0,0,2,2,1,1,7,1,0,2,0.0,0.0,0.0,0.0,17.1,5.7,11.4,0.0,5.7,0.0,5.7,8.6,0.0,0.0,0.0,0.0,0.0,5.7,5.7,2.9,2.9,20.0,2.9,0.0,5.7,T21,7
YouTube::@CandidoRubioSuarez,YouTube,2,12,0,0,1,0,0,0,3,1,0,2,0,0,0,1,0,0,0,1,0,0,1,2,0,0,0,0.0,0.0,8.3,0.0,0.0,0.0,25.0,8.3,0.0,16.7,0.0,0.0,0.0,8.3,0.0,0.0,0.0,8.3,0.0,0.0,8.3,16.7,0.0,0.0,0.0,T06,3
YouTube::@CarNor-ui7nz,YouTube,1,6,0,1,0,0,2,0,0,0,0,0,0,0,0,0,1,0,0,0,0,0,0,1,1,0,0,0.0,16.7,0.0,0.0,33.3,0.0,0.0,0.0,0.0,0.0,0.0,0.0,0.0,0.0,16.7,0.0,0.0,0.0,0.0,0.0,0.0,16.7,16.7,0.0,0.0,T04,2
YouTube::@CaridadTorres-ss5uf,YouTube,1,5,0,0,0,1,0,0,0,0,1,1,0,0,0,0,1,0,0,1,0,0,0,0,0,0,0,0.0,0.0,0.0,20.0,0.0,0.0,0.0,0.0,20.0,20.0,0.0,0.0,0.0,0.0,20.0,0.0,0.0,20.0,0.0,0.0,0.0,0.0,0.0,0.0,0.0,T14,1
YouTube::@CarinaLauraCaballero,YouTube,1,9,0,0,0,0,0,0,2,0,0,0,0,1,0,1,2,0,1,1,0,1,0,0,0,0,0,0.0,0.0,0.0,0.0,0.0,0.0,22.2,0.0,0.0,0.0,0.0,11.1,0.0,11.1,22.2,0.0,11.1,11.1,0.0,11.1,0.0,0.0,0.0,0.0,0.0,T14,2
YouTube::@CarlaMo-qb5cq,YouTube,3,90,1,1,0,4,3,5,16,3,4,8,2,2,3,4,18,2,0,1,1,3,1,3,3,2,0,1.1,1.1,0.0,4.4,3.3,5.6,17.8,3.3,4.4,8.9,2.2,2.2,3.3,4.4,20.0,2.2,0.0,1.1,1.1,3.3,1.1,3.3,3.3,2.2,0.0,T14,18
YouTube::@CarlaMontoya-z6j,YouTube,1,5,0,0,0,0,0,0,2,0,0,0,0,0,1,0,0,0,0,0,0,0,1,1,0,0,0,0.0,0.0,0.0,0.0,0.0,0.0,40.0,0.0,0.0,0.0,0.0,0.0,20.0,0.0,0.0,0.0,0.0,0.0,0.0,0.0,20.0,20.0,0.0,0.0,0.0,T06,2
YouTube::@Carlos-vx6sl,YouTube,1,4,0,0,0,0,0,0,0,0,0,0,1,0,0,0,2,0,0,0,1,0,0,0,0,0,0,0.0,0.0,0.0,0.0,0.0,0.0,0.0,0.0,0.0,0.0,25.0,0.0,0.0,0.0,50.0,0.0,0.0,0.0,25.0,0.0,0.0,0.0,0.0,0.0,0.0,T14,2
YouTube::@CarlosAguiñagadelgado,YouTube,1,6,0,0,0,1,0,0,0,0,1,0,0,0,0,0,0,0,0,0,0,0,0,1,2,1,0,0.0,0.0,0.0,16.7,0.0,0.0,0.0,0.0,16.7,0.0,0.0,0.0,0.0,0.0,0.0,0.0,0.0,0.0,0.0,0.0,0.0,16.7,33.3,16.7,0.0,T22,2
YouTube::@CarlosEduardo-ul9rt,YouTube,2,21,0,0,0,2,1,2,3,0,0,1,3,0,0,2,2,1,0,0,2,2,0,0,0,0,0,0.0,0.0,0.0,9.5,4.8,9.5,14.3,0.0,0.0,4.8,14.3,0.0,0.0,9.5,9.5,4.8,0.0,0.0,9.5,9.5,0.0,0.0,0.0,0.0,0.0,T10,3
YouTube::@CarlosEscudero-r1p,YouTube,1,2,0,0,0,0,0,0,0,0,0,0,0,0,1,0,1,0,0,0,0,0,0,0,0,0,0,0.0,0.0,0.0,0.0,0.0,0.0,0.0,0.0,0.0,0.0,0.0,0.0,50.0,0.0,50.0,0.0,0.0,0.0,0.0,0.0,0.0,0.0,0.0,0.0,0.0,T12,1
YouTube::@CarlosLopez-uj4wq,YouTube,1,3,0,0,0,0,0,0,1,0,0,0,0,1,0,0,0,0,0,0,0,0,0,1,0,0,0,0.0,0.0,0.0,0.0,0.0,0.0,33.3,0.0,0.0,0.0,0.0,33.3,0.0,0.0,0.0,0.0,0.0,0.0,0.0,0.0,0.0,33.3,0.0,0.0,0.0,T06,1
YouTube::@CarlosMendoza-wg7dl,YouTube,2,12,0,0,0,1,1,0,9,0,0,0,0,0,0,0,0,0,0,1,0,0,0,0,0,0,0,0.0,0.0,0.0,8.3,8.3,0.0,75.0,0.0,0.0,0.0,0.0,0.0,0.0,0.0,0.0,0.0,0.0,8.3,0.0,0.0,0.0,0.0,0.0,0.0,0.0,T06,9
YouTube::@CarmenGomez-q7m4x,YouTube,1,4,0,0,0,0,0,1,2,0,0,0,0,0,0,0,0,0,0,0,0,0,0,0,1,0,0,0.0,0.0,0.0,0.0,0.0,25.0,50.0,0.0,0.0,0.0,0.0,0.0,0.0,0.0,0.0,0.0,0.0,0.0,0.0,0.0,0.0,0.0,25.0,0.0,0.0,T06,2
YouTube::@CarmenTou,YouTube,4,17,1,0,0,0,2,0,0,0,0,2,0,0,0,0,1,1,0,1,0,0,0,2,5,2,0,5.9,0.0,0.0,0.0,11.8,0.0,0.0,0.0,0.0,11.8,0.0,0.0,0.0,0.0,5.9,5.9,0.0,5.9,0.0,0.0,0.0,11.8,29.4,11.8,0.0,T22,5
YouTube::@CaroDiaz-m3g,YouTube,1,23,0,0,0,1,3,0,6,0,0,2,0,0,0,2,2,0,0,1,0,1,0,1,3,1,0,0.0,0.0,0.0,4.3,13.0,0.0,26.1,0.0,0.0,8.7,0.0,0.0,0.0,8.7,8.7,0.0,0.0,4.3,0.0,4.3,0.0,4.3,13.0,4.3,0.0,T06,6
YouTube::@Carpoforo-o5s,YouTube,1,4,0,0,0,0,1,0,0,0,0,0,0,0,0,0,0,0,0,0,0,0,0,3,0,0,0,0.0,0.0,0.0,0.0,25.0,0.0,0.0,0.0,0.0,0.0,0.0,0.0,0.0,0.0,0.0,0.0,0.0,0.0,0.0,0.0,0.0,75.0,0.0,0.0,0.0,T21,3
YouTube::@Castro-x5r-19,YouTube,1,9,0,0,0,2,0,0,2,0,2,0,0,1,0,1,0,0,0,0,0,0,0,1,0,0,0,0.0,0.0,0.0,22.2,0.0,0.0,22.2,0.0,22.2,0.0,0.0,11.1,0.0,11.1,0.0,0.0,0.0,0.0,0.0,0.0,0.0,11.1,0.0,0.0,0.0,T03,2
YouTube::@CatarinoOrtiz-b1s,YouTube,1,4,0,0,0,1,0,0,0,0,1,0,0,1,0,0,0,0,0,0,0,0,0,1,0,0,0,0.0,0.0,0.0,25.0,0.0,0.0,0.0,0.0,25.0,0.0,0.0,25.0,0.0,0.0,0.0,0.0,0.0,0.0,0.0,0.0,0.0,25.0,0.0,0.0,0.0,T21,1
YouTube::@CeciRiv,YouTube,1,4,0,0,0,1,0,0,1,0,0,1,0,0,0,0,1,0,0,0,0,0,0,0,0,0,0,0.0,0.0,0.0,25.0,0.0,0.0,25.0,0.0,0.0,25.0,0.0,0.0,0.0,0.0,25.0,0.0,0.0,0.0,0.0,0.0,0.0,0.0,0.0,0.0,0.0,T09,1
YouTube::@CeciliaBernardi-x3o,YouTube,1,2,0,0,0,0,0,0,1,0,0,0,0,1,0,0,0,0,0,0,0,0,0,0,0,0,0,0.0,0.0,0.0,0.0,0.0,0.0,50.0,0.0,0.0,0.0,0.0,50.0,0.0,0.0,0.0,0.0,0.0,0.0,0.0,0.0,0.0,0.0,0.0,0.0,0.0,T06,1
YouTube::@CeliaDelrio-np8hd,YouTube,1,6,0,0,0,0,0,0,4,0,1,1,0,0,0,0,0,0,0,0,0,0,0,0,0,0,0,0.0,0.0,0.0,0.0,0.0,0.0,66.7,0.0,16.7,16.7,0.0,0.0,0.0,0.0,0.0,0.0,0.0,0.0,0.0,0.0,0.0,0.0,0.0,0.0,0.0,T06,4
YouTube::@CelinaRomanGonzalez-iu2zd,YouTube,3,9,0,0,0,0,1,0,3,0,0,0,0,0,0,0,2,0,0,1,1,0,1,0,0,0,0,0.0,0.0,0.0,0.0,11.1,0.0,33.3,0.0,0.0,0.0,0.0,0.0,0.0,0.0,22.2,0.0,0.0,11.1,11.1,0.0,11.1,0.0,0.0,0.0,0.0,T06,3
YouTube::@CesarGutierrez-l7f,YouTube,1,6,1,0,0,0,0,0,0,0,0,0,0,1,0,0,0,0,0,0,1,0,0,0,3,0,0,16.7,0.0,0.0,0.0,0.0,0.0,0.0,0.0,0.0,0.0,0.0,16.7,0.0,0.0,0.0,0.0,0.0,0.0,16.7,0.0,0.0,0.0,50.0,0.0,0.0,T22,3
YouTube::@CesarLeal-x1e,YouTube,1,1,0,0,0,0,0,0,1,0,0,0,0,0,0,0,0,0,0,0,0,0,0,0,0,0,0,0.0,0.0,0.0,0.0,0.0,0.0,100.0,0.0,0.0,0.0,0.0,0.0,0.0,0.0,0.0,0.0,0.0,0.0,0.0,0.0,0.0,0.0,0.0,0.0,0.0,T06,1
YouTube::@CesarLopez-rt5rg,YouTube,1,3,0,0,0,0,0,0,0,0,0,1,0,0,0,1,0,0,0,0,0,0,0,1,0,0,0,0.0,0.0,0.0,0.0,0.0,0.0,0.0,0.0,0.0,33.3,0.0,0.0,0.0,33.3,0.0,0.0,0.0,0.0,0.0,0.0,0.0,33.3,0.0,0.0,0.0,T13,1
YouTube::@CesarMorenoD,YouTube,1,4,0,0,1,0,0,0,0,0,0,1,0,0,0,0,1,0,0,0,0,0,0,1,0,0,0,0.0,0.0,25.0,0.0,0.0,0.0,0.0,0.0,0.0,25.0,0.0,0.0,0.0,0.0,25.0,0.0,0.0,0.0,0.0,0.0,0.0,25.0,0.0,0.0,0.0,T02,1
YouTube::@CesiahKerennDanwingTrujillo,YouTube,1,2,0,0,0,0,0,0,1,1,0,0,0,0,0,0,0,0,0,0,0,0,0,0,0,0,0,0.0,0.0,0.0,0.0,0.0,0.0,50.0,50.0,0.0,0.0,0.0,0.0,0.0,0.0,0.0,0.0,0.0,0.0,0.0,0.0,0.0,0.0,0.0,0.0,0.0,T06,1
YouTube::@Chapas123able,YouTube,1,8,0,0,0,0,0,0,6,0,0,0,0,0,0,1,0,0,0,0,0,0,1,0,0,0,0,0.0,0.0,0.0,0.0,0.0,0.0,75.0,0.0,0.0,0.0,0.0,0.0,0.0,12.5,0.0,0.0,0.0,0.0,0.0,0.0,12.5,0.0,0.0,0.0,0.0,T06,6
YouTube::@CharliePérez-q9h,YouTube,3,7,0,1,0,0,0,0,1,0,2,0,2,0,0,0,1,0,0,0,0,0,0,0,0,0,0,0.0,14.3,0.0,0.0,0.0,0.0,14.3,0.0,28.6,0.0,28.6,0.0,0.0,0.0,14.3,0.0,0.0,0.0,0.0,0.0,0.0,0.0,0.0,0.0,0.0,T08,2
YouTube::@Chatita151,YouTube,1,8,0,0,0,1,1,1,0,0,2,0,0,0,0,0,1,0,0,0,1,0,0,0,1,0,0,0.0,0.0,0.0,12.5,12.5,12.5,0.0,0.0,25.0,0.0,0.0,0.0,0.0,0.0,12.5,0.0,0.0,0.0,12.5,0.0,0.0,0.0,12.5,0.0,0.0,T08,2
YouTube::@ChispaM-r4x,YouTube,1,5,0,0,0,0,1,0,1,0,0,0,1,0,0,0,0,1,0,0,0,0,1,0,0,0,0,0.0,0.0,0.0,0.0,20.0,0.0,20.0,0.0,0.0,0.0,20.0,0.0,0.0,0.0,0.0,20.0,0.0,0.0,0.0,0.0,20.0,0.0,0.0,0.0,0.0,T15,1
YouTube::@ChololokoPorro,YouTube,2,17,1,0,0,0,2,0,7,0,0,2,1,0,1,0,0,0,0,0,2,1,0,0,0,0,0,5.9,0.0,0.0,0.0,11.8,0.0,41.2,0.0,0.0,11.8,5.9,0.0,5.9,0.0,0.0,0.0,0.0,0.0,11.8,5.9,0.0,0.0,0.0,0.0,0.0,T06,7
YouTube::@Chrismax619,YouTube,1,7,0,0,0,0,0,0,4,0,0,0,0,1,0,1,0,0,0,0,0,0,0,1,0,0,0,0.0,0.0,0.0,0.0,0.0,0.0,57.1,0.0,0.0,0.0,0.0,14.3,0.0,14.3,0.0,0.0,0.0,0.0,0.0,0.0,0.0,14.3,0.0,0.0,0.0,T06,4
YouTube::@Chuy-n5z,YouTube,1,4,0,0,0,0,0,0,1,0,0,0,0,1,0,0,0,1,0,0,0,1,0,0,0,0,0,0.0,0.0,0.0,0.0,0.0,0.0,25.0,0.0,0.0,0.0,0.0,25.0,0.0,0.0,0.0,25.0,0.0,0.0,0.0,25.0,0.0,0.0,0.0,0.0,0.0,T15,1
YouTube::@Chuy_-qd8yd,YouTube,1,16,0,0,0,1,0,2,8,0,0,0,0,0,0,0,2,1,0,0,0,0,0,2,0,0,0,0.0,0.0,0.0,6.2,0.0,12.5,50.0,0.0,0.0,0.0,0.0,0.0,0.0,0.0,12.5,6.2,0.0,0.0,0.0,0.0,0.0,12.5,0.0,0.0,0.0,T06,8
YouTube::@CinthiaValtierra-z7z8m,YouTube,1,5,0,0,0,0,1,1,0,0,0,0,0,1,0,0,0,0,0,0,0,0,1,1,0,0,0,0.0,0.0,0.0,0.0,20.0,20.0,0.0,0.0,0.0,0.0,0.0,20.0,0.0,0.0,0.0,0.0,0.0,0.0,0.0,0.0,20.0,20.0,0.0,0.0,0.0,T11,1
YouTube::@ClaudiaCoutiño-y6u,YouTube,2,10,0,0,0,0,0,1,0,0,0,0,0,1,1,0,1,0,1,0,1,0,1,3,0,0,0,0.0,0.0,0.0,0.0,0.0,10.0,0.0,0.0,0.0,0.0,0.0,10.0,10.0,0.0,10.0,0.0,10.0,0.0,10.0,0.0,10.0,30.0,0.0,0.0,0.0,T21,3
YouTube::@ClaudiaPeregrino-wj4lp,YouTube,1,10,0,1,0,1,0,1,3,0,0,0,0,1,0,0,0,0,0,0,0,1,0,2,0,0,0,0.0,10.0,0.0,10.0,0.0,10.0,30.0,0.0,0.0,0.0,0.0,10.0,0.0,0.0,0.0,0.0,0.0,0.0,0.0,10.0,0.0,20.0,0.0,0.0,0.0,T06,3
YouTube::@Clemen-y5n,YouTube,1,7,0,0,0,0,0,0,2,0,0,3,0,0,1,1,0,0,0,0,0,0,0,0,0,0,0,0.0,0.0,0.0,0.0,0.0,0.0,28.6,0.0,0.0,42.9,0.0,0.0,14.3,14.3,0.0,0.0,0.0,0.0,0.0,0.0,0.0,0.0,0.0,0.0,0.0,T09,3
YouTube::@ClementsXXX-cf4ce,YouTube,1,3,0,0,0,1,0,0,1,0,0,0,0,0,0,0,0,0,0,0,0,0,0,1,0,0,0,0.0,0.0,0.0,33.3,0.0,0.0,33.3,0.0,0.0,0.0,0.0,0.0,0.0,0.0,0.0,0.0,0.0,0.0,0.0,0.0,0.0,33.3,0.0,0.0,0.0,T03,1
YouTube::@Coco-k3c,YouTube,1,13,0,0,0,2,0,0,4,0,0,0,0,0,0,2,0,1,0,0,2,0,0,1,1,0,0,0.0,0.0,0.0,15.4,0.0,0.0,30.8,0.0,0.0,0.0,0.0,0.0,0.0,15.4,0.0,7.7,0.0,0.0,15.4,0.0,0.0,7.7,7.7,0.0,0.0,T06,4
YouTube::@Conpenit,YouTube,1,4,0,1,0,0,0,0,0,0,0,0,0,0,0,0,0,0,0,0,0,0,1,2,0,0,0,0.0,25.0,0.0,0.0,0.0,0.0,0.0,0.0,0.0,0.0,0.0,0.0,0.0,0.0,0.0,0.0,0.0,0.0,0.0,0.0,25.0,50.0,0.0,0.0,0.0,T21,2
YouTube::@ConyyListingShafer,YouTube,1,3,0,0,0,1,0,0,1,0,0,0,0,0,0,0,0,0,0,0,0,1,0,0,0,0,0,0.0,0.0,0.0,33.3,0.0,0.0,33.3,0.0,0.0,0.0,0.0,0.0,0.0,0.0,0.0,0.0,0.0,0.0,0.0,33.3,0.0,0.0,0.0,0.0,0.0,T03,1
YouTube::@CosmeFulanito-y3r,YouTube,1,4,0,0,0,0,0,0,3,0,0,0,0,0,0,1,0,0,0,0,0,0,0,0,0,0,0,0.0,0.0,0.0,0.0,0.0,0.0,75.0,0.0,0.0,0.0,0.0,0.0,0.0,25.0,0.0,0.0,0.0,0.0,0.0,0.0,0.0,0.0,0.0,0.0,0.0,T06,3
YouTube::@CostaRicaNOW369,YouTube,1,6,0,0,0,1,0,0,0,0,0,0,0,0,3,0,0,0,0,0,0,0,0,1,0,0,1,0.0,0.0,0.0,16.7,0.0,0.0,0.0,0.0,0.0,0.0,0.0,0.0,50.0,0.0,0.0,0.0,0.0,0.0,0.0,0.0,0.0,16.7,0.0,0.0,16.7,T12,3
YouTube::@CreciendoconnuestroMéxico,YouTube,1,40,0,1,6,1,3,3,0,1,1,2,1,2,1,2,0,6,0,2,2,1,0,0,4,0,1,0.0,2.5,15.0,2.5,7.5,7.5,0.0,2.5,2.5,5.0,2.5,5.0,2.5,5.0,0.0,15.0,0.0,5.0,5.0,2.5,0.0,0.0,10.0,0.0,2.5,T15,6
YouTube::@Creta-i,YouTube,1,3,0,0,0,0,0,0,0,0,1,0,0,0,0,0,0,0,0,0,0,0,1,1,0,0,0,0.0,0.0,0.0,0.0,0.0,0.0,0.0,0.0,33.3,0.0,0.0,0.0,0.0,0.0,0.0,0.0,0.0,0.0,0.0,0.0,33.3,33.3,0.0,0.0,0.0,T21,1
YouTube::@CristianJonathanRodríguezR-d4v,YouTube,1,57,0,3,0,0,3,3,7,0,0,0,4,4,2,2,2,4,0,6,1,4,1,1,9,1,0,0.0,5.3,0.0,0.0,5.3,5.3,12.3,0.0,0.0,0.0,7.0,7.0,3.5,3.5,3.5,7.0,0.0,10.5,1.8,7.0,1.8,1.8,15.8,1.8,0.0,T22,9
YouTube::@CristianLopez-y7p5y,YouTube,1,9,0,0,0,1,0,2,2,0,0,0,1,0,0,0,0,0,0,0,0,1,0,0,2,0,0,0.0,0.0,0.0,11.1,0.0,22.2,22.2,0.0,0.0,0.0,11.1,0.0,0.0,0.0,0.0,0.0,0.0,0.0,0.0,11.1,0.0,0.0,22.2,0.0,0.0,T22,2
YouTube::@CristinaTorres-fw1kw,YouTube,1,26,0,0,0,3,2,1,8,1,0,1,1,1,1,1,0,0,0,0,2,0,0,3,0,0,1,0.0,0.0,0.0,11.5,7.7,3.8,30.8,3.8,0.0,3.8,3.8,3.8,3.8,3.8,0.0,0.0,0.0,0.0,7.7,0.0,0.0,11.5,0.0,0.0,3.8,T06,8
YouTube::@CristoRey-o5d,YouTube,1,5,0,0,0,0,0,0,2,0,0,0,0,0,0,1,1,0,0,0,1,0,0,0,0,0,0,0.0,0.0,0.0,0.0,0.0,0.0,40.0,0.0,0.0,0.0,0.0,0.0,0.0,20.0,20.0,0.0,0.0,0.0,20.0,0.0,0.0,0.0,0.0,0.0,0.0,T06,2
YouTube::@CuentaYtPremium-c7w,YouTube,1,3,0,0,0,2,0,0,0,0,0,0,0,0,0,0,0,0,0,0,0,0,0,0,1,0,0,0.0,0.0,0.0,66.7,0.0,0.0,0.0,0.0,0.0,0.0,0.0,0.0,0.0,0.0,0.0,0.0,0.0,0.0,0.0,0.0,0.0,0.0,33.3,0.0,0.0,T03,2
YouTube::@DANoticiasTV,YouTube,1,27,0,0,1,0,0,1,0,0,2,1,2,6,1,1,1,1,1,0,0,0,1,3,3,1,1,0.0,0.0,3.7,0.0,0.0,3.7,0.0,0.0,7.4,3.7,7.4,22.2,3.7,3.7,3.7,3.7,3.7,0.0,0.0,0.0,3.7,11.1,11.1,3.7,3.7,T11,6
YouTube::@DERRY251,YouTube,1,4,1,1,0,0,0,0,0,0,0,0,0,0,0,0,0,1,0,0,0,0,0,1,0,0,0,25.0,25.0,0.0,0.0,0.0,0.0,0.0,0.0,0.0,0.0,0.0,0.0,0.0,0.0,0.0,25.0,0.0,0.0,0.0,0.0,0.0,25.0,0.0,0.0,0.0,T21,1
YouTube::@DaFalcón-m7h,YouTube,1,5,0,0,0,0,0,0,0,0,0,0,0,0,0,0,0,0,0,0,1,0,0,0,4,0,0,0.0,0.0,0.0,0.0,0.0,0.0,0.0,0.0,0.0,0.0,0.0,0.0,0.0,0.0,0.0,0.0,0.0,0.0,20.0,0.0,0.0,0.0,80.0,0.0,0.0,T22,4
YouTube::@DaRkNaZzI,YouTube,1,3,0,0,0,0,0,0,0,0,0,1,1,0,0,0,1,0,0,0,0,0,0,0,0,0,0,0.0,0.0,0.0,0.0,0.0,0.0,0.0,0.0,0.0,33.3,33.3,0.0,0.0,0.0,33.3,0.0,0.0,0.0,0.0,0.0,0.0,0.0,0.0,0.0,0.0,T10,1
YouTube::@Dalila-h2f,YouTube,1,3,0,0,0,0,0,0,3,0,0,0,0,0,0,0,0,0,0,0,0,0,0,0,0,0,0,0.0,0.0,0.0,0.0,0.0,0.0,100.0,0.0,0.0,0.0,0.0,0.0,0.0,0.0,0.0,0.0,0.0,0.0,0.0,0.0,0.0,0.0,0.0,0.0,0.0,T06,3
YouTube::@DaniVid,YouTube,2,11,0,0,0,0,0,1,1,2,2,0,0,0,1,0,0,0,0,0,0,0,1,1,1,0,1,0.0,0.0,0.0,0.0,0.0,9.1,9.1,18.2,18.2,0.0,0.0,0.0,9.1,0.0,0.0,0.0,0.0,0.0,0.0,0.0,9.1,9.1,9.1,0.0,9.1,T08,2
YouTube::@Daniel-z5l5z,YouTube,1,4,0,1,0,1,0,0,0,0,0,0,0,0,0,0,0,0,0,1,0,0,1,0,0,0,0,0.0,25.0,0.0,25.0,0.0,0.0,0.0,0.0,0.0,0.0,0.0,0.0,0.0,0.0,0.0,0.0,0.0,25.0,0.0,0.0,25.0,0.0,0.0,0.0,0.0,T01,1
YouTube::@DanielHernandez-mm5hm,YouTube,1,5,0,0,0,0,0,0,0,1,0,0,0,1,1,0,0,0,0,1,0,1,0,0,0,0,0,0.0,0.0,0.0,0.0,0.0,0.0,0.0,20.0,0.0,0.0,0.0,20.0,20.0,0.0,0.0,0.0,0.0,20.0,0.0,20.0,0.0,0.0,0.0,0.0,0.0,T17,1
YouTube::@DanielRuiz-k5d,YouTube,3,26,0,0,1,0,1,0,1,0,1,0,3,2,1,1,0,0,0,0,0,0,4,7,1,1,2,0.0,0.0,3.8,0.0,3.8,0.0,3.8,0.0,3.8,0.0,11.5,7.7,3.8,3.8,0.0,0.0,0.0,0.0,0.0,0.0,15.4,26.9,3.8,3.8,7.7,T21,7
YouTube::@DanielSoler-x2m,YouTube,1,3,0,0,0,0,0,0,1,0,0,0,0,1,0,0,0,0,0,0,0,0,0,1,0,0,0,0.0,0.0,0.0,0.0,0.0,0.0,33.3,0.0,0.0,0.0,0.0,33.3,0.0,0.0,0.0,0.0,0.0,0.0,0.0,0.0,0.0,33.3,0.0,0.0,0.0,T11,1
YouTube::@DanielValadez-s6k,YouTube,1,2,0,0,0,0,0,0,0,0,0,0,0,1,0,0,0,0,0,0,0,0,1,0,0,0,0,0.0,0.0,0.0,0.0,0.0,0.0,0.0,0.0,0.0,0.0,0.0,50.0,0.0,0.0,0.0,0.0,0.0,0.0,0.0,0.0,50.0,0.0,0.0,0.0,0.0,T11,1
YouTube::@Daniela-h7g3u,YouTube,1,6,0,0,0,0,0,0,1,0,0,0,0,0,2,0,0,1,0,0,0,0,1,0,1,0,0,0.0,0.0,0.0,0.0,0.0,0.0,16.7,0.0,0.0,0.0,0.0,0.0,33.3,0.0,0.0,16.7,0.0,0.0,0.0,0.0,16.7,0.0,16.7,0.0,0.0,T12,2
YouTube::@Daniellebequthy,YouTube,1,3,0,0,0,0,0,0,0,0,0,0,0,0,0,0,1,0,0,0,0,0,0,0,1,0,1,0.0,0.0,0.0,0.0,0.0,0.0,0.0,0.0,0.0,0.0,0.0,0.0,0.0,0.0,33.3,0.0,0.0,0.0,0.0,0.0,0.0,0.0,33.3,0.0,33.3,T22,1
YouTube::@DannaCasique-q4h,YouTube,1,7,0,0,0,0,1,0,6,0,0,0,0,0,0,0,0,0,0,0,0,0,0,0,0,0,0,0.0,0.0,0.0,0.0,14.3,0.0,85.7,0.0,0.0,0.0,0.0,0.0,0.0,0.0,0.0,0.0,0.0,0.0,0.0,0.0,0.0,0.0,0.0,0.0,0.0,T06,6
YouTube::@Dark-Ghibli,YouTube,1,5,0,0,0,0,0,1,1,0,0,0,0,0,0,1,1,0,0,1,0,0,0,0,0,0,0,0.0,0.0,0.0,0.0,0.0,20.0,20.0,0.0,0.0,0.0,0.0,0.0,0.0,20.0,20.0,0.0,0.0,20.0,0.0,0.0,0.0,0.0,0.0,0.0,0.0,T05,1
YouTube::@DarkDorlan,YouTube,1,1,0,0,0,0,0,0,0,0,0,0,0,0,0,0,0,0,0,0,0,0,1,0,0,0,0,0.0,0.0,0.0,0.0,0.0,0.0,0.0,0.0,0.0,0.0,0.0,0.0,0.0,0.0,0.0,0.0,0.0,0.0,0.0,0.0,100.0,0.0,0.0,0.0,0.0,T20,1
YouTube::@David-q1s9d,YouTube,1,12,0,1,0,0,0,0,2,0,0,1,0,0,1,0,1,1,0,2,0,0,0,0,1,0,2,0.0,8.3,0.0,0.0,0.0,0.0,16.7,0.0,0.0,8.3,0.0,0.0,8.3,0.0,8.3,8.3,0.0,16.7,0.0,0.0,0.0,0.0,8.3,0.0,16.7,T06,2
YouTube::@DavidRamirez-hj3xt,YouTube,1,2,0,0,0,1,0,0,0,0,0,0,0,0,0,0,0,0,0,0,0,0,0,1,0,0,0,0.0,0.0,0.0,50.0,0.0,0.0,0.0,0.0,0.0,0.0,0.0,0.0,0.0,0.0,0.0,0.0,0.0,0.0,0.0,0.0,0.0,50.0,0.0,0.0,0.0,T03,1
YouTube::@DavidVilla30,YouTube,1,4,0,0,0,0,0,0,1,0,0,0,0,0,0,0,0,1,0,0,0,0,0,0,1,1,0,0.0,0.0,0.0,0.0,0.0,0.0,25.0,0.0,0.0,0.0,0.0,0.0,0.0,0.0,0.0,25.0,0.0,0.0,0.0,0.0,0.0,0.0,25.0,25.0,0.0,T06,1
YouTube::@Davidrangel91,YouTube,1,3,0,0,0,0,0,0,0,0,0,0,0,1,1,0,0,0,0,1,0,0,0,0,0,0,0,0.0,0.0,0.0,0.0,0.0,0.0,0.0,0.0,0.0,0.0,0.0,33.3,33.3,0.0,0.0,0.0,0.0,33.3,0.0,0.0,0.0,0.0,0.0,0.0,0.0,T12,1
YouTube::@Daxxener,YouTube,1,3,0,0,0,0,0,0,2,0,0,0,0,0,0,0,0,0,0,0,0,0,0,0,0,0,1,0.0,0.0,0.0,0.0,0.0,0.0,66.7,0.0,0.0,0.0,0.0,0.0,0.0,0.0,0.0,0.0,0.0,0.0,0.0,0.0,0.0,0.0,0.0,0.0,33.3,T06,2
YouTube::@DeAndra750,YouTube,2,22,2,0,0,1,3,0,7,0,0,0,0,0,0,1,1,0,1,0,2,2,0,2,0,0,0,9.1,0.0,0.0,4.5,13.6,0.0,31.8,0.0,0.0,0.0,0.0,0.0,0.0,4.5,4.5,0.0,4.5,0.0,9.1,9.1,0.0,9.1,0.0,0.0,0.0,T06,7
YouTube::@Deceivedword-u4z,YouTube,1,1,0,0,0,0,0,0,0,0,1,0,0,0,0,0,0,0,0,0,0,0,0,0,0,0,0,0.0,0.0,0.0,0.0,0.0,0.0,0.0,0.0,100.0,0.0,0.0,0.0,0.0,0.0,0.0,0.0,0.0,0.0,0.0,0.0,0.0,0.0,0.0,0.0,0.0,T08,1
YouTube::@DemetrioAmador-b2s,YouTube,1,3,0,0,1,0,0,0,0,0,0,0,0,0,0,0,0,0,0,1,0,0,0,1,0,0,0,0.0,0.0,33.3,0.0,0.0,0.0,0.0,0.0,0.0,0.0,0.0,0.0,0.0,0.0,0.0,0.0,0.0,33.3,0.0,0.0,0.0,33.3,0.0,0.0,0.0,T21,1
YouTube::@DennyGodoy-z5y,YouTube,1,9,0,0,0,0,0,0,1,0,0,2,1,0,0,0,3,0,0,0,0,0,0,0,2,0,0,0.0,0.0,0.0,0.0,0.0,0.0,11.1,0.0,0.0,22.2,11.1,0.0,0.0,0.0,33.3,0.0,0.0,0.0,0.0,0.0,0.0,0.0,22.2,0.0,0.0,T14,3
YouTube::@Diana-pl8yg,YouTube,1,10,0,2,0,0,1,1,2,0,1,0,0,0,0,0,0,0,0,0,1,0,1,0,1,0,0,0.0,20.0,0.0,0.0,10.0,10.0,20.0,0.0,10.0,0.0,0.0,0.0,0.0,0.0,0.0,0.0,0.0,0.0,10.0,0.0,10.0,0.0,10.0,0.0,0.0,T06,2
YouTube::@DianaArriaga-e7k,YouTube,2,6,0,0,0,0,0,0,3,0,0,0,0,0,0,0,0,0,0,0,1,0,0,0,1,0,1,0.0,0.0,0.0,0.0,0.0,0.0,50.0,0.0,0.0,0.0,0.0,0.0,0.0,0.0,0.0,0.0,0.0,0.0,16.7,0.0,0.0,0.0,16.7,0.0,16.7,T06,3
YouTube::@DianaGarcia-mw3id,YouTube,1,2,0,0,0,1,0,0,1,0,0,0,0,0,0,0,0,0,0,0,0,0,0,0,0,0,0,0.0,0.0,0.0,50.0,0.0,0.0,50.0,0.0,0.0,0.0,0.0,0.0,0.0,0.0,0.0,0.0,0.0,0.0,0.0,0.0,0.0,0.0,0.0,0.0,0.0,T03,1
YouTube::@DiegoBasilio-u7j,YouTube,1,2,0,0,0,0,0,0,0,1,0,0,0,0,0,0,0,0,0,0,0,0,0,0,0,1,0,0.0,0.0,0.0,0.0,0.0,0.0,0.0,50.0,0.0,0.0,0.0,0.0,0.0,0.0,0.0,0.0,0.0,0.0,0.0,0.0,0.0,0.0,0.0,50.0,0.0,T07,1
YouTube::@DiegoHerrera-h2i,YouTube,1,2,0,0,0,0,0,0,0,1,0,0,0,0,0,0,0,0,0,0,0,0,0,0,0,1,0,0.0,0.0,0.0,0.0,0.0,0.0,0.0,50.0,0.0,0.0,0.0,0.0,0.0,0.0,0.0,0.0,0.0,0.0,0.0,0.0,0.0,0.0,0.0,50.0,0.0,T23,1
YouTube::@DiegoalbertoRamosmondragon,YouTube,1,1,0,0,0,0,0,0,0,0,0,0,0,0,0,0,0,0,0,0,0,0,0,0,1,0,0,0.0,0.0,0.0,0.0,0.0,0.0,0.0,0.0,0.0,0.0,0.0,0.0,0.0,0.0,0.0,0.0,0.0,0.0,0.0,0.0,0.0,0.0,100.0,0.0,0.0,T22,1
YouTube::@Diosalcomando,YouTube,1,13,0,0,0,0,0,1,5,0,0,2,0,1,1,1,1,0,0,0,0,0,0,1,0,0,0,0.0,0.0,0.0,0.0,0.0,7.7,38.5,0.0,0.0,15.4,0.0,7.7,7.7,7.7,7.7,0.0,0.0,0.0,0.0,0.0,0.0,7.7,0.0,0.0,0.0,T06,5
YouTube::@DoctorVeterinario,YouTube,1,1,0,0,0,0,0,1,0,0,0,0,0,0,0,0,0,0,0,0,0,0,0,0,0,0,0,0.0,0.0,0.0,0.0,0.0,100.0,0.0,0.0,0.0,0.0,0.0,0.0,0.0,0.0,0.0,0.0,0.0,0.0,0.0,0.0,0.0,0.0,0.0,0.0,0.0,T05,1
YouTube::@DomelipabalderasChavana,YouTube,1,5,0,0,0,0,0,0,0,0,2,1,1,1,0,0,0,0,0,0,0,0,0,0,0,0,0,0.0,0.0,0.0,0.0,0.0,0.0,0.0,0.0,40.0,20.0,20.0,20.0,0.0,0.0,0.0,0.0,0.0,0.0,0.0,0.0,0.0,0.0,0.0,0.0,0.0,T08,2
YouTube::@DomínguezRochaAndrés,YouTube,1,0,0,0,0,0,0,0,0,0,0,0,0,0,0,0,0,0,0,0,0,0,0,0,0,0,0,0.0,0.0,0.0,0.0,0.0,0.0,0.0,0.0,0.0,0.0,0.0,0.0,0.0,0.0,0.0,0.0,0.0,0.0,0.0,0.0,0.0,0.0,0.0,0.0,0.0,,0
YouTube::@Dori-f8i,YouTube,1,1,0,0,0,0,0,0,0,0,1,0,0,0,0,0,0,0,0,0,0,0,0,0,0,0,0,0.0,0.0,0.0,0.0,0.0,0.0,0.0,0.0,100.0,0.0,0.0,0.0,0.0,0.0,0.0,0.0,0.0,0.0,0.0,0.0,0.0,0.0,0.0,0.0,0.0,T08,1
YouTube::@DragonRojo77,YouTube,1,5,0,0,0,0,0,0,0,0,1,0,0,0,1,0,0,0,0,0,0,0,0,2,0,0,1,0.0,0.0,0.0,0.0,0.0,0.0,0.0,0.0,20.0,0.0,0.0,0.0,20.0,0.0,0.0,0.0,0.0,0.0,0.0,0.0,0.0,40.0,0.0,0.0,20.0,T21,2
YouTube::@DsideMexicoofficial,YouTube,1,2,0,0,0,0,1,0,1,0,0,0,0,0,0,0,0,0,0,0,0,0,0,0,0,0,0,0.0,0.0,0.0,0.0,50.0,0.0,50.0,0.0,0.0,0.0,0.0,0.0,0.0,0.0,0.0,0.0,0.0,0.0,0.0,0.0,0.0,0.0,0.0,0.0,0.0,T04,1
YouTube::@DukeeSandoval,YouTube,1,4,0,0,2,0,0,0,0,0,0,0,0,0,0,0,0,0,0,0,0,0,0,0,0,0,2,0.0,0.0,50.0,0.0,0.0,0.0,0.0,0.0,0.0,0.0,0.0,0.0,0.0,0.0,0.0,0.0,0.0,0.0,0.0,0.0,0.0,0.0,0.0,0.0,50.0,T02,2
YouTube::@DulceCorazónLealSosa,YouTube,3,17,0,0,0,2,1,1,4,0,0,1,1,0,0,0,1,0,0,0,0,1,0,2,2,1,0,0.0,0.0,0.0,11.8,5.9,5.9,23.5,0.0,0.0,5.9,5.9,0.0,0.0,0.0,5.9,0.0,0.0,0.0,0.0,5.9,0.0,11.8,11.8,5.9,0.0,T06,4
YouTube::@DulcineaBuendia,YouTube,1,2,0,0,0,0,0,0,1,0,0,0,0,0,0,0,0,0,0,0,0,0,0,0,0,1,0,0.0,0.0,0.0,0.0,0.0,0.0,50.0,0.0,0.0,0.0,0.0,0.0,0.0,0.0,0.0,0.0,0.0,0.0,0.0,0.0,0.0,0.0,0.0,50.0,0.0,T23,1
YouTube::@DylanFernando-t4g,YouTube,1,14,0,0,0,5,1,0,4,0,0,0,0,0,0,0,0,1,0,0,1,0,0,2,0,0,0,0.0,0.0,0.0,35.7,7.1,0.0,28.6,0.0,0.0,0.0,0.0,0.0,0.0,0.0,0.0,7.1,0.0,0.0,7.1,0.0,0.0,14.3,0.0,0.0,0.0,T03,5
YouTube::@ELYBERROCALJIMENEZ,YouTube,1,1,0,0,0,0,0,0,0,0,0,1,0,0,0,0,0,0,0,0,0,0,0,0,0,0,0,0.0,0.0,0.0,0.0,0.0,0.0,0.0,0.0,0.0,100.0,0.0,0.0,0.0,0.0,0.0,0.0,0.0,0.0,0.0,0.0,0.0,0.0,0.0,0.0,0.0,T09,1
YouTube::@Ecos_Criminales,YouTube,1,24,0,0,0,1,0,1,3,2,0,1,1,0,0,1,4,1,1,1,2,2,0,1,1,1,0,0.0,0.0,0.0,4.2,0.0,4.2,12.5,8.3,0.0,4.2,4.2,0.0,0.0,4.2,16.7,4.2,4.2,4.2,8.3,8.3,0.0,4.2,4.2,4.2,0.0,T14,4
YouTube::@EdgarMartinez-mx8pk,YouTube,1,2,0,0,0,1,0,0,0,0,0,0,0,0,0,1,0,0,0,0,0,0,0,0,0,0,0,0.0,0.0,0.0,50.0,0.0,0.0,0.0,0.0,0.0,0.0,0.0,0.0,0.0,50.0,0.0,0.0,0.0,0.0,0.0,0.0,0.0,0.0,0.0,0.0,0.0,T03,1
YouTube::@EdilArmenta,YouTube,1,17,0,0,1,0,0,3,1,0,1,0,1,1,0,0,1,0,0,1,0,2,3,2,0,0,0,0.0,0.0,5.9,0.0,0.0,17.6,5.9,0.0,5.9,0.0,5.9,5.9,0.0,0.0,5.9,0.0,0.0,5.9,0.0,11.8,17.6,11.8,0.0,0.0,0.0,T05,3
YouTube::@EdnaAliciaCarrillo,YouTube,1,8,0,0,0,1,0,0,1,0,0,1,0,0,0,1,0,0,0,0,1,1,1,0,0,0,1,0.0,0.0,0.0,12.5,0.0,0.0,12.5,0.0,0.0,12.5,0.0,0.0,0.0,12.5,0.0,0.0,0.0,0.0,12.5,12.5,12.5,0.0,0.0,0.0,12.5,T06,1
YouTube::@EduardoFigueroa-b1k,YouTube,1,1,0,0,0,0,0,0,0,0,0,0,0,0,0,0,0,0,0,0,0,0,0,1,0,0,0,0.0,0.0,0.0,0.0,0.0,0.0,0.0,0.0,0.0,0.0,0.0,0.0,0.0,0.0,0.0,0.0,0.0,0.0,0.0,0.0,0.0,100.0,0.0,0.0,0.0,T21,1
YouTube::@EduardoHernandez-yk4gs,YouTube,1,1,0,0,0,0,0,0,0,0,0,0,0,0,1,0,0,0,0,0,0,0,0,0,0,0,0,0.0,0.0,0.0,0.0,0.0,0.0,0.0,0.0,0.0,0.0,0.0,0.0,100.0,0.0,0.0,0.0,0.0,0.0,0.0,0.0,0.0,0.0,0.0,0.0,0.0,T12,1
YouTube::@EduvigesServin-w3s,YouTube,1,13,1,0,0,0,1,2,6,0,0,1,1,0,0,0,0,0,0,0,0,0,0,1,0,0,0,7.7,0.0,0.0,0.0,7.7,15.4,46.2,0.0,0.0,7.7,7.7,0.0,0.0,0.0,0.0,0.0,0.0,0.0,0.0,0.0,0.0,7.7,0.0,0.0,0.0,T06,6
YouTube::@EdwardSasuke,YouTube,3,3,0,0,0,0,0,0,0,0,0,0,0,0,0,0,2,0,0,0,0,0,0,0,1,0,0,0.0,0.0,0.0,0.0,0.0,0.0,0.0,0.0,0.0,0.0,0.0,0.0,0.0,0.0,66.7,0.0,0.0,0.0,0.0,0.0,0.0,0.0,33.3,0.0,0.0,T14,2
YouTube::@EfraínMedinarivera,YouTube,1,2,0,0,0,0,0,0,1,0,0,0,0,0,0,0,0,0,0,0,0,0,0,1,0,0,0,0.0,0.0,0.0,0.0,0.0,0.0,50.0,0.0,0.0,0.0,0.0,0.0,0.0,0.0,0.0,0.0,0.0,0.0,0.0,0.0,0.0,50.0,0.0,0.0,0.0,T06,1
YouTube::@EfrenOrtiz-g2e,YouTube,1,9,0,0,0,0,3,1,2,1,0,0,0,0,0,0,0,2,0,0,0,0,0,0,0,0,0,0.0,0.0,0.0,0.0,33.3,11.1,22.2,11.1,0.0,0.0,0.0,0.0,0.0,0.0,0.0,22.2,0.0,0.0,0.0,0.0,0.0,0.0,0.0,0.0,0.0,T04,3
YouTube::@El-Negro-sanchez,YouTube,1,7,0,0,0,0,1,1,2,1,0,0,0,0,0,1,0,0,0,0,0,0,0,1,0,0,0,0.0,0.0,0.0,0.0,14.3,14.3,28.6,14.3,0.0,0.0,0.0,0.0,0.0,14.3,0.0,0.0,0.0,0.0,0.0,0.0,0.0,14.3,0.0,0.0,0.0,T06,2
YouTube::@ElDetectordeMetal,YouTube,1,6,0,0,0,0,0,0,4,0,0,0,0,0,0,1,0,0,0,0,0,0,0,0,0,1,0,0.0,0.0,0.0,0.0,0.0,0.0,66.7,0.0,0.0,0.0,0.0,0.0,0.0,16.7,0.0,0.0,0.0,0.0,0.0,0.0,0.0,0.0,0.0,16.7,0.0,T06,4
YouTube::@ElMacabeo72,YouTube,1,7,0,0,0,0,1,0,3,0,0,1,1,0,0,0,0,0,0,0,0,0,0,1,0,0,0,0.0,0.0,0.0,0.0,14.3,0.0,42.9,0.0,0.0,14.3,14.3,0.0,0.0,0.0,0.0,0.0,0.0,0.0,0.0,0.0,0.0,14.3,0.0,0.0,0.0,T06,3
YouTube::@ElZopilote911,YouTube,1,2,0,0,0,0,2,0,0,0,0,0,0,0,0,0,0,0,0,0,0,0,0,0,0,0,0,0.0,0.0,0.0,0.0,100.0,0.0,0.0,0.0,0.0,0.0,0.0,0.0,0.0,0.0,0.0,0.0,0.0,0.0,0.0,0.0,0.0,0.0,0.0,0.0,0.0,T04,2
YouTube::@Elaro-o2q,YouTube,1,4,0,0,0,0,0,0,3,0,0,0,0,0,0,0,0,0,0,0,0,0,0,0,1,0,0,0.0,0.0,0.0,0.0,0.0,0.0,75.0,0.0,0.0,0.0,0.0,0.0,0.0,0.0,0.0,0.0,0.0,0.0,0.0,0.0,0.0,0.0,25.0,0.0,0.0,T06,3
YouTube::@ElchinoFuentes,YouTube,1,4,0,0,0,0,0,0,3,0,0,1,0,0,0,0,0,0,0,0,0,0,0,0,0,0,0,0.0,0.0,0.0,0.0,0.0,0.0,75.0,0.0,0.0,25.0,0.0,0.0,0.0,0.0,0.0,0.0,0.0,0.0,0.0,0.0,0.0,0.0,0.0,0.0,0.0,T06,3
YouTube::@Elena-123-t4o,YouTube,1,14,0,1,1,1,0,0,4,0,1,1,0,0,0,1,0,0,0,0,0,0,0,0,4,0,0,0.0,7.1,7.1,7.1,0.0,0.0,28.6,0.0,7.1,7.1,0.0,0.0,0.0,7.1,0.0,0.0,0.0,0.0,0.0,0.0,0.0,0.0,28.6,0.0,0.0,T22,4
YouTube::@EliAtilanoMontaño,YouTube,1,5,0,1,0,1,0,0,0,0,0,1,0,0,0,0,1,1,0,0,0,0,0,0,0,0,0,0.0,20.0,0.0,20.0,0.0,0.0,0.0,0.0,0.0,20.0,0.0,0.0,0.0,0.0,20.0,20.0,0.0,0.0,0.0,0.0,0.0,0.0,0.0,0.0,0.0,T01,1
YouTube::@Elias-Canetti-666,YouTube,2,10,0,0,0,0,0,0,1,1,0,0,0,0,1,0,1,0,0,1,3,0,0,1,1,0,0,0.0,0.0,0.0,0.0,0.0,0.0,10.0,10.0,0.0,0.0,0.0,0.0,10.0,0.0,10.0,0.0,0.0,10.0,30.0,0.0,0.0,10.0,10.0,0.0,0.0,T18,3
YouTube::@EliasLongoria-w3k,YouTube,1,2,0,0,0,0,0,0,0,0,0,0,0,0,0,0,0,0,0,0,0,0,0,2,0,0,0,0.0,0.0,0.0,0.0,0.0,0.0,0.0,0.0,0.0,0.0,0.0,0.0,0.0,0.0,0.0,0.0,0.0,0.0,0.0,0.0,0.0,100.0,0.0,0.0,0.0,T21,2
YouTube::@ElizaHernández-z5c,YouTube,1,7,0,0,0,1,0,2,2,0,0,0,0,0,0,0,0,2,0,0,0,0,0,0,0,0,0,0.0,0.0,0.0,14.3,0.0,28.6,28.6,0.0,0.0,0.0,0.0,0.0,0.0,0.0,0.0,28.6,0.0,0.0,0.0,0.0,0.0,0.0,0.0,0.0,0.0,T06,2
YouTube::@ElizaLeon-q2z,YouTube,1,14,0,0,0,2,2,2,5,0,0,1,0,1,0,1,0,0,0,0,0,0,0,0,0,0,0,0.0,0.0,0.0,14.3,14.3,14.3,35.7,0.0,0.0,7.1,0.0,7.1,0.0,7.1,0.0,0.0,0.0,0.0,0.0,0.0,0.0,0.0,0.0,0.0,0.0,T06,5
YouTube::@ElizabethCalderónGuzmán,YouTube,1,2,0,0,0,0,0,0,1,0,0,0,0,0,0,0,0,0,0,0,0,0,0,1,0,0,0,0.0,0.0,0.0,0.0,0.0,0.0,50.0,0.0,0.0,0.0,0.0,0.0,0.0,0.0,0.0,0.0,0.0,0.0,0.0,0.0,0.0,50.0,0.0,0.0,0.0,T06,1
YouTube::@ElizabethRodríguezOcaña,YouTube,1,19,0,0,2,0,1,0,4,0,1,0,0,0,0,0,4,2,0,1,0,0,1,1,1,0,1,0.0,0.0,10.5,0.0,5.3,0.0,21.1,0.0,5.3,0.0,0.0,0.0,0.0,0.0,21.1,10.5,0.0,5.3,0.0,0.0,5.3,5.3,5.3,0.0,5.3,T14,4
YouTube::@ElmerRoberto-y8x,YouTube,1,3,0,0,0,1,0,0,2,0,0,0,0,0,0,0,0,0,0,0,0,0,0,0,0,0,0,0.0,0.0,0.0,33.3,0.0,0.0,66.7,0.0,0.0,0.0,0.0,0.0,0.0,0.0,0.0,0.0,0.0,0.0,0.0,0.0,0.0,0.0,0.0,0.0,0.0,T06,2
YouTube::@ElmichiG,YouTube,1,4,0,0,0,0,0,0,0,0,0,1,0,0,0,0,2,0,0,1,0,0,0,0,0,0,0,0.0,0.0,0.0,0.0,0.0,0.0,0.0,0.0,0.0,25.0,0.0,0.0,0.0,0.0,50.0,0.0,0.0,25.0,0.0,0.0,0.0,0.0,0.0,0.0,0.0,T14,2
YouTube::@ElogiaVera-f6w,YouTube,1,1,0,0,0,0,0,0,0,0,0,0,0,0,0,0,0,0,0,0,0,0,0,0,1,0,0,0.0,0.0,0.0,0.0,0.0,0.0,0.0,0.0,0.0,0.0,0.0,0.0,0.0,0.0,0.0,0.0,0.0,0.0,0.0,0.0,0.0,0.0,100.0,0.0,0.0,T22,1
YouTube::@ElsaZavala-u9f,YouTube,1,5,0,0,0,0,0,0,1,0,1,0,1,0,0,0,0,0,0,0,0,0,0,2,0,0,0,0.0,0.0,0.0,0.0,0.0,0.0,20.0,0.0,20.0,0.0,20.0,0.0,0.0,0.0,0.0,0.0,0.0,0.0,0.0,0.0,0.0,40.0,0.0,0.0,0.0,T21,2
YouTube::@EmilanoZapata-x1h6f,YouTube,1,5,0,0,0,0,0,0,0,0,1,0,2,0,0,0,0,0,1,0,0,0,0,1,0,0,0,0.0,0.0,0.0,0.0,0.0,0.0,0.0,0.0,20.0,0.0,40.0,0.0,0.0,0.0,0.0,0.0,20.0,0.0,0.0,0.0,0.0,20.0,0.0,0.0,0.0,T10,2
YouTube::@EmilioSantillan-g5p,YouTube,1,0,0,0,0,0,0,0,0,0,0,0,0,0,0,0,0,0,0,0,0,0,0,0,0,0,0,0.0,0.0,0.0,0.0,0.0,0.0,0.0,0.0,0.0,0.0,0.0,0.0,0.0,0.0,0.0,0.0,0.0,0.0,0.0,0.0,0.0,0.0,0.0,0.0,0.0,,0
YouTube::@Emmacervantes-c6t,YouTube,1,8,0,0,0,0,0,0,1,0,0,1,0,0,0,0,0,0,0,0,1,1,0,3,0,0,1,0.0,0.0,0.0,0.0,0.0,0.0,12.5,0.0,0.0,12.5,0.0,0.0,0.0,0.0,0.0,0.0,0.0,0.0,12.5,12.5,0.0,37.5,0.0,0.0,12.5,T21,3
YouTube::@EmmanuelCatalán-t8p3v,YouTube,1,1,0,0,0,0,1,0,0,0,0,0,0,0,0,0,0,0,0,0,0,0,0,0,0,0,0,0.0,0.0,0.0,0.0,100.0,0.0,0.0,0.0,0.0,0.0,0.0,0.0,0.0,0.0,0.0,0.0,0.0,0.0,0.0,0.0,0.0,0.0,0.0,0.0,0.0,T04,1
YouTube::@EmmanuelSánchez-j7l,YouTube,1,2,0,0,0,0,0,0,1,0,0,1,0,0,0,0,0,0,0,0,0,0,0,0,0,0,0,0.0,0.0,0.0,0.0,0.0,0.0,50.0,0.0,0.0,50.0,0.0,0.0,0.0,0.0,0.0,0.0,0.0,0.0,0.0,0.0,0.0,0.0,0.0,0.0,0.0,T09,1
YouTube::@EnedinaDelangelvaldez,YouTube,1,1,0,0,0,0,0,0,1,0,0,0,0,0,0,0,0,0,0,0,0,0,0,0,0,0,0,0.0,0.0,0.0,0.0,0.0,0.0,100.0,0.0,0.0,0.0,0.0,0.0,0.0,0.0,0.0,0.0,0.0,0.0,0.0,0.0,0.0,0.0,0.0,0.0,0.0,T06,1
YouTube::@Enki5186,YouTube,1,5,0,1,0,0,0,0,0,0,0,0,1,0,0,0,0,0,0,1,0,0,0,1,0,0,1,0.0,20.0,0.0,0.0,0.0,0.0,0.0,0.0,0.0,0.0,20.0,0.0,0.0,0.0,0.0,0.0,0.0,20.0,0.0,0.0,0.0,20.0,0.0,0.0,20.0,T17,1
YouTube::@Enrique-ys1gp,YouTube,1,3,0,0,0,0,1,0,0,0,0,0,0,1,0,1,0,0,0,0,0,0,0,0,0,0,0,0.0,0.0,0.0,0.0,33.3,0.0,0.0,0.0,0.0,0.0,0.0,33.3,0.0,33.3,0.0,0.0,0.0,0.0,0.0,0.0,0.0,0.0,0.0,0.0,0.0,T13,1
YouTube::@EnriqueMorales-x5p,YouTube,1,18,1,0,0,0,0,2,10,0,1,0,2,1,0,0,0,0,0,0,0,0,0,0,1,0,0,5.6,0.0,0.0,0.0,0.0,11.1,55.6,0.0,5.6,0.0,11.1,5.6,0.0,0.0,0.0,0.0,0.0,0.0,0.0,0.0,0.0,0.0,5.6,0.0,0.0,T06,10
YouTube::@EnriqueRodriguezHernandez,YouTube,1,6,0,0,1,1,0,1,0,0,0,0,0,2,0,0,0,0,0,0,0,0,0,0,0,1,0,0.0,0.0,16.7,16.7,0.0,16.7,0.0,0.0,0.0,0.0,0.0,33.3,0.0,0.0,0.0,0.0,0.0,0.0,0.0,0.0,0.0,0.0,0.0,16.7,0.0,T11,2
YouTube::@EnrriqueGarduñocano,YouTube,1,20,1,0,0,1,0,0,0,2,1,0,3,7,0,0,1,1,1,0,0,0,2,0,0,0,0,5.0,0.0,0.0,5.0,0.0,0.0,0.0,10.0,5.0,0.0,15.0,35.0,0.0,0.0,5.0,5.0,5.0,0.0,0.0,0.0,10.0,0.0,0.0,0.0,0.0,T11,7
YouTube::@EriRamírez-l1o,YouTube,1,7,0,0,0,1,0,2,2,0,0,0,0,0,0,0,1,0,0,0,0,1,0,0,0,0,0,0.0,0.0,0.0,14.3,0.0,28.6,28.6,0.0,0.0,0.0,0.0,0.0,0.0,0.0,14.3,0.0,0.0,0.0,0.0,14.3,0.0,0.0,0.0,0.0,0.0,T05,2
YouTube::@ErikMartinez-u6y,YouTube,1,0,0,0,0,0,0,0,0,0,0,0,0,0,0,0,0,0,0,0,0,0,0,0,0,0,0,0.0,0.0,0.0,0.0,0.0,0.0,0.0,0.0,0.0,0.0,0.0,0.0,0.0,0.0,0.0,0.0,0.0,0.0,0.0,0.0,0.0,0.0,0.0,0.0,0.0,,0
YouTube::@ErikaHernadez-j5y,YouTube,1,2,0,0,0,0,0,0,0,0,0,0,0,0,0,0,1,0,0,0,0,0,1,0,0,0,0,0.0,0.0,0.0,0.0,0.0,0.0,0.0,0.0,0.0,0.0,0.0,0.0,0.0,0.0,50.0,0.0,0.0,0.0,0.0,0.0,50.0,0.0,0.0,0.0,0.0,T14,1
YouTube::@ErnestoValenzuela-g5m,YouTube,1,0,0,0,0,0,0,0,0,0,0,0,0,0,0,0,0,0,0,0,0,0,0,0,0,0,0,0.0,0.0,0.0,0.0,0.0,0.0,0.0,0.0,0.0,0.0,0.0,0.0,0.0,0.0,0.0,0.0,0.0,0.0,0.0,0.0,0.0,0.0,0.0,0.0,0.0,,0
YouTube::@EscrutinioSocial,YouTube,1,4,0,0,0,1,0,0,2,0,0,1,0,0,0,0,0,0,0,0,0,0,0,0,0,0,0,0.0,0.0,0.0,25.0,0.0,0.0,50.0,0.0,0.0,25.0,0.0,0.0,0.0,0.0,0.0,0.0,0.0,0.0,0.0,0.0,0.0,0.0,0.0,0.0,0.0,T06,2
YouTube::@Esme-f2w,YouTube,1,6,0,0,0,0,0,1,4,0,0,0,0,0,0,0,0,0,0,0,0,0,0,0,1,0,0,0.0,0.0,0.0,0.0,0.0,16.7,66.7,0.0,0.0,0.0,0.0,0.0,0.0,0.0,0.0,0.0,0.0,0.0,0.0,0.0,0.0,0.0,16.7,0.0,0.0,T06,4
YouTube::@EstanisladoReyes-h9p7q,YouTube,1,3,0,0,0,1,1,0,1,0,0,0,0,0,0,0,0,0,0,0,0,0,0,0,0,0,0,0.0,0.0,0.0,33.3,33.3,0.0,33.3,0.0,0.0,0.0,0.0,0.0,0.0,0.0,0.0,0.0,0.0,0.0,0.0,0.0,0.0,0.0,0.0,0.0,0.0,T06,1
YouTube::@EugeniaLopez-y1d,YouTube,1,5,0,0,0,0,0,0,3,0,0,1,0,0,0,0,0,0,0,0,0,0,0,1,0,0,0,0.0,0.0,0.0,0.0,0.0,0.0,60.0,0.0,0.0,20.0,0.0,0.0,0.0,0.0,0.0,0.0,0.0,0.0,0.0,0.0,0.0,20.0,0.0,0.0,0.0,T06,3
YouTube::@EvaDelÁngel-s1k,YouTube,1,21,0,0,1,0,3,2,11,0,1,0,1,0,0,0,0,0,0,0,0,0,0,1,1,0,0,0.0,0.0,4.8,0.0,14.3,9.5,52.4,0.0,4.8,0.0,4.8,0.0,0.0,0.0,0.0,0.0,0.0,0.0,0.0,0.0,0.0,4.8,4.8,0.0,0.0,T06,11
YouTube::@EvaristoGonzalez-o7i,YouTube,1,1,0,0,0,0,0,0,0,0,0,0,1,0,0,0,0,0,0,0,0,0,0,0,0,0,0,0.0,0.0,0.0,0.0,0.0,0.0,0.0,0.0,0.0,0.0,100.0,0.0,0.0,0.0,0.0,0.0,0.0,0.0,0.0,0.0,0.0,0.0,0.0,0.0,0.0,T10,1
YouTube::@EveliaRomero-w9m,YouTube,1,3,0,0,0,1,0,0,0,0,0,0,0,0,0,0,2,0,0,0,0,0,0,0,0,0,0,0.0,0.0,0.0,33.3,0.0,0.0,0.0,0.0,0.0,0.0,0.0,0.0,0.0,0.0,66.7,0.0,0.0,0.0,0.0,0.0,0.0,0.0,0.0,0.0,0.0,T14,2
YouTube::@EvelinRamirez-s3y,YouTube,1,5,0,0,0,1,0,0,1,1,0,0,0,0,1,1,0,0,0,0,0,0,0,0,0,0,0,0.0,0.0,0.0,20.0,0.0,0.0,20.0,20.0,0.0,0.0,0.0,0.0,20.0,20.0,0.0,0.0,0.0,0.0,0.0,0.0,0.0,0.0,0.0,0.0,0.0,T13,1
YouTube::@Ezecruelgebar,YouTube,1,2,0,0,0,0,0,1,1,0,0,0,0,0,0,0,0,0,0,0,0,0,0,0,0,0,0,0.0,0.0,0.0,0.0,0.0,50.0,50.0,0.0,0.0,0.0,0.0,0.0,0.0,0.0,0.0,0.0,0.0,0.0,0.0,0.0,0.0,0.0,0.0,0.0,0.0,T06,1
YouTube::@FabiolaVillegas-y7h,YouTube,1,10,0,0,0,1,0,0,3,0,0,0,1,0,0,1,1,2,0,1,0,0,0,0,0,0,0,0.0,0.0,0.0,10.0,0.0,0.0,30.0,0.0,0.0,0.0,10.0,0.0,0.0,10.0,10.0,20.0,0.0,10.0,0.0,0.0,0.0,0.0,0.0,0.0,0.0,T06,3
YouTube::@Fain412,YouTube,1,2,0,0,0,0,0,0,2,0,0,0,0,0,0,0,0,0,0,0,0,0,0,0,0,0,0,0.0,0.0,0.0,0.0,0.0,0.0,100.0,0.0,0.0,0.0,0.0,0.0,0.0,0.0,0.0,0.0,0.0,0.0,0.0,0.0,0.0,0.0,0.0,0.0,0.0,T06,2
YouTube::@FederationDickBalance,YouTube,1,4,0,0,0,0,0,0,0,0,0,0,1,0,0,0,0,0,0,1,0,0,0,1,1,0,0,0.0,0.0,0.0,0.0,0.0,0.0,0.0,0.0,0.0,0.0,25.0,0.0,0.0,0.0,0.0,0.0,0.0,25.0,0.0,0.0,0.0,25.0,25.0,0.0,0.0,T17,1
YouTube::@FelipeVillanueva-it7il,YouTube,1,2,0,0,0,0,0,0,1,0,0,0,0,0,0,0,0,0,0,0,0,0,0,1,0,0,0,0.0,0.0,0.0,0.0,0.0,0.0,50.0,0.0,0.0,0.0,0.0,0.0,0.0,0.0,0.0,0.0,0.0,0.0,0.0,0.0,0.0,50.0,0.0,0.0,0.0,T21,1
YouTube::@FelisaSánchez-y5b,YouTube,3,20,0,0,0,1,0,1,5,1,1,2,1,0,0,0,3,1,0,0,0,0,0,4,0,0,0,0.0,0.0,0.0,5.0,0.0,5.0,25.0,5.0,5.0,10.0,5.0,0.0,0.0,0.0,15.0,5.0,0.0,0.0,0.0,0.0,0.0,20.0,0.0,0.0,0.0,T06,5
YouTube::@FelixCanul-q3r,YouTube,1,8,0,0,0,0,1,0,2,0,2,1,1,0,0,0,1,0,0,0,0,0,0,0,0,0,0,0.0,0.0,0.0,0.0,12.5,0.0,25.0,0.0,25.0,12.5,12.5,0.0,0.0,0.0,12.5,0.0,0.0,0.0,0.0,0.0,0.0,0.0,0.0,0.0,0.0,T06,2
YouTube::@FelixjavierVerdugocansin-ie8ec,YouTube,1,2,0,0,0,0,0,0,0,0,0,0,0,1,0,0,0,0,0,0,0,0,0,1,0,0,0,0.0,0.0,0.0,0.0,0.0,0.0,0.0,0.0,0.0,0.0,0.0,50.0,0.0,0.0,0.0,0.0,0.0,0.0,0.0,0.0,0.0,50.0,0.0,0.0,0.0,T21,1
YouTube::@Fenix36042,YouTube,1,5,0,0,0,0,0,0,2,0,0,1,0,0,0,0,1,0,0,0,0,1,0,0,0,0,0,0.0,0.0,0.0,0.0,0.0,0.0,40.0,0.0,0.0,20.0,0.0,0.0,0.0,0.0,20.0,0.0,0.0,0.0,0.0,20.0,0.0,0.0,0.0,0.0,0.0,T06,2
YouTube::@Fernando-e6x7o,YouTube,1,3,0,0,0,0,0,0,0,0,0,1,0,2,0,0,0,0,0,0,0,0,0,0,0,0,0,0.0,0.0,0.0,0.0,0.0,0.0,0.0,0.0,0.0,33.3,0.0,66.7,0.0,0.0,0.0,0.0,0.0,0.0,0.0,0.0,0.0,0.0,0.0,0.0,0.0,T11,2
YouTube::@FernandoAlmarazOficial,YouTube,1,2,0,0,0,0,0,0,0,0,0,0,0,1,0,0,0,0,1,0,0,0,0,0,0,0,0,0.0,0.0,0.0,0.0,0.0,0.0,0.0,0.0,0.0,0.0,0.0,50.0,0.0,0.0,0.0,0.0,50.0,0.0,0.0,0.0,0.0,0.0,0.0,0.0,0.0,T11,1
YouTube::@FernandoDePrado-q1o,YouTube,1,1,0,0,0,0,0,0,0,0,0,0,1,0,0,0,0,0,0,0,0,0,0,0,0,0,0,0.0,0.0,0.0,0.0,0.0,0.0,0.0,0.0,0.0,0.0,100.0,0.0,0.0,0.0,0.0,0.0,0.0,0.0,0.0,0.0,0.0,0.0,0.0,0.0,0.0,T10,1
YouTube::@FernandoDiazcortes-p6u,YouTube,1,2,0,0,0,0,1,0,0,0,0,0,0,0,0,0,0,0,0,0,0,0,0,1,0,0,0,0.0,0.0,0.0,0.0,50.0,0.0,0.0,0.0,0.0,0.0,0.0,0.0,0.0,0.0,0.0,0.0,0.0,0.0,0.0,0.0,0.0,50.0,0.0,0.0,0.0,T04,1
YouTube::@FernandoGuzmán-v3l,YouTube,1,5,0,0,0,1,0,0,1,0,1,0,0,0,1,0,1,0,0,0,0,0,0,0,0,0,0,0.0,0.0,0.0,20.0,0.0,0.0,20.0,0.0,20.0,0.0,0.0,0.0,20.0,0.0,20.0,0.0,0.0,0.0,0.0,0.0,0.0,0.0,0.0,0.0,0.0,T14,1
YouTube::@FernandoMauro-r5t,YouTube,2,7,0,0,0,0,2,0,0,0,0,0,0,1,1,0,1,0,0,0,0,0,0,1,0,0,1,0.0,0.0,0.0,0.0,28.6,0.0,0.0,0.0,0.0,0.0,0.0,14.3,14.3,0.0,14.3,0.0,0.0,0.0,0.0,0.0,0.0,14.3,0.0,0.0,14.3,T04,2
YouTube::@Ferni142,YouTube,1,4,0,0,0,1,0,1,1,0,0,0,0,0,0,0,0,0,0,0,0,0,0,1,0,0,0,0.0,0.0,0.0,25.0,0.0,25.0,25.0,0.0,0.0,0.0,0.0,0.0,0.0,0.0,0.0,0.0,0.0,0.0,0.0,0.0,0.0,25.0,0.0,0.0,0.0,T05,1
YouTube::@FidelAye,YouTube,1,19,0,0,0,0,2,0,0,0,2,1,3,0,0,0,5,0,0,0,0,1,0,5,0,0,0,0.0,0.0,0.0,0.0,10.5,0.0,0.0,0.0,10.5,5.3,15.8,0.0,0.0,0.0,26.3,0.0,0.0,0.0,0.0,5.3,0.0,26.3,0.0,0.0,0.0,T14,5
YouTube::@FidelGómezAlonso,YouTube,1,2,0,0,0,0,0,0,0,0,0,0,0,0,0,0,1,0,0,0,0,0,0,0,1,0,0,0.0,0.0,0.0,0.0,0.0,0.0,0.0,0.0,0.0,0.0,0.0,0.0,0.0,0.0,50.0,0.0,0.0,0.0,0.0,0.0,0.0,0.0,50.0,0.0,0.0,T14,1
YouTube::@Flatman-u3t,YouTube,1,9,0,0,0,0,1,0,5,1,0,0,0,1,0,0,1,0,0,0,0,0,0,0,0,0,0,0.0,0.0,0.0,0.0,11.1,0.0,55.6,11.1,0.0,0.0,0.0,11.1,0.0,0.0,11.1,0.0,0.0,0.0,0.0,0.0,0.0,0.0,0.0,0.0,0.0,T06,5
YouTube::@FranciscoChavez-m6w,YouTube,2,27,0,0,2,2,0,0,1,1,0,0,3,1,1,1,0,0,0,0,0,0,1,11,2,0,1,0.0,0.0,7.4,7.4,0.0,0.0,3.7,3.7,0.0,0.0,11.1,3.7,3.7,3.7,0.0,0.0,0.0,0.0,0.0,0.0,3.7,40.7,7.4,0.0,3.7,T21,11
YouTube::@FranciscoContreras-is5nu,YouTube,1,2,0,0,0,0,0,0,0,0,0,0,0,0,0,0,0,0,0,0,0,0,0,2,0,0,0,0.0,0.0,0.0,0.0,0.0,0.0,0.0,0.0,0.0,0.0,0.0,0.0,0.0,0.0,0.0,0.0,0.0,0.0,0.0,0.0,0.0,100.0,0.0,0.0,0.0,T21,2
YouTube::@FranciscoJavierOlivasUrquijo,YouTube,1,4,0,0,0,0,0,0,2,0,0,0,0,0,0,0,0,0,0,0,0,0,0,2,0,0,0,0.0,0.0,0.0,0.0,0.0,0.0,50.0,0.0,0.0,0.0,0.0,0.0,0.0,0.0,0.0,0.0,0.0,0.0,0.0,0.0,0.0,50.0,0.0,0.0,0.0,T21,2
YouTube::@FranciscoOber,YouTube,1,5,0,0,0,0,0,0,4,0,0,0,1,0,0,0,0,0,0,0,0,0,0,0,0,0,0,0.0,0.0,0.0,0.0,0.0,0.0,80.0,0.0,0.0,0.0,20.0,0.0,0.0,0.0,0.0,0.0,0.0,0.0,0.0,0.0,0.0,0.0,0.0,0.0,0.0,T06,4
YouTube::@FranciscoPerez-pj9dv,YouTube,1,5,0,0,0,0,1,0,0,0,0,0,0,0,0,0,0,0,0,0,1,0,0,3,0,0,0,0.0,0.0,0.0,0.0,20.0,0.0,0.0,0.0,0.0,0.0,0.0,0.0,0.0,0.0,0.0,0.0,0.0,0.0,20.0,0.0,0.0,60.0,0.0,0.0,0.0,T21,3
YouTube::@FranciscoResendiz-m5j,YouTube,1,4,0,0,0,0,0,0,4,0,0,0,0,0,0,0,0,0,0,0,0,0,0,0,0,0,0,0.0,0.0,0.0,0.0,0.0,0.0,100.0,0.0,0.0,0.0,0.0,0.0,0.0,0.0,0.0,0.0,0.0,0.0,0.0,0.0,0.0,0.0,0.0,0.0,0.0,T06,4
YouTube::@FranciscoRodriguez-ix2tc,YouTube,1,4,0,0,1,0,0,0,0,0,0,0,1,0,1,0,0,0,0,0,0,0,0,1,0,0,0,0.0,0.0,25.0,0.0,0.0,0.0,0.0,0.0,0.0,0.0,25.0,0.0,25.0,0.0,0.0,0.0,0.0,0.0,0.0,0.0,0.0,25.0,0.0,0.0,0.0,T12,1
YouTube::@FranciscoTorres-i4e,YouTube,1,1,0,0,0,0,0,0,0,0,1,0,0,0,0,0,0,0,0,0,0,0,0,0,0,0,0,0.0,0.0,0.0,0.0,0.0,0.0,0.0,0.0,100.0,0.0,0.0,0.0,0.0,0.0,0.0,0.0,0.0,0.0,0.0,0.0,0.0,0.0,0.0,0.0,0.0,T08,1
YouTube::@FranksAcosta-p8r,YouTube,2,6,0,0,0,0,1,0,2,0,1,0,0,0,0,1,1,0,0,0,0,0,0,0,0,0,0,0.0,0.0,0.0,0.0,16.7,0.0,33.3,0.0,16.7,0.0,0.0,0.0,0.0,16.7,16.7,0.0,0.0,0.0,0.0,0.0,0.0,0.0,0.0,0.0,0.0,T06,2
YouTube::@FransiscoMartinezSandoval,YouTube,1,3,0,0,0,0,0,0,0,0,1,0,0,0,0,0,0,0,0,0,0,0,0,1,0,1,0,0.0,0.0,0.0,0.0,0.0,0.0,0.0,0.0,33.3,0.0,0.0,0.0,0.0,0.0,0.0,0.0,0.0,0.0,0.0,0.0,0.0,33.3,0.0,33.3,0.0,T21,1
YouTube::@FreddyFernandez-b5n,YouTube,1,9,0,0,0,1,0,0,3,0,0,1,0,1,0,0,0,1,0,0,0,0,1,1,0,0,0,0.0,0.0,0.0,11.1,0.0,0.0,33.3,0.0,0.0,11.1,0.0,11.1,0.0,0.0,0.0,11.1,0.0,0.0,0.0,0.0,11.1,11.1,0.0,0.0,0.0,T06,3
YouTube::@FromAnytown,YouTube,1,47,1,0,2,0,2,4,12,1,6,2,1,1,1,0,2,0,0,3,0,0,1,4,2,0,2,2.1,0.0,4.3,0.0,4.3,8.5,25.5,2.1,12.8,4.3,2.1,2.1,2.1,0.0,4.3,0.0,0.0,6.4,0.0,0.0,2.1,8.5,4.3,0.0,4.3,T06,12
YouTube::@GRGr-r1d,YouTube,1,11,0,0,0,1,0,0,6,0,0,0,0,0,1,1,0,1,0,0,0,0,0,1,0,0,0,0.0,0.0,0.0,9.1,0.0,0.0,54.5,0.0,0.0,0.0,0.0,0.0,9.1,9.1,0.0,9.1,0.0,0.0,0.0,0.0,0.0,9.1,0.0,0.0,0.0,T06,6
YouTube::@GabinoAcevedo-i9q,YouTube,1,2,0,0,0,0,0,0,0,0,1,0,0,0,0,0,0,0,0,0,0,0,0,0,0,0,1,0.0,0.0,0.0,0.0,0.0,0.0,0.0,0.0,50.0,0.0,0.0,0.0,0.0,0.0,0.0,0.0,0.0,0.0,0.0,0.0,0.0,0.0,0.0,0.0,50.0,T08,1
YouTube::@GabrielGastelum-v2b,YouTube,1,5,0,0,0,0,0,0,1,0,0,0,0,0,0,0,0,0,0,0,0,0,0,4,0,0,0,0.0,0.0,0.0,0.0,0.0,0.0,20.0,0.0,0.0,0.0,0.0,0.0,0.0,0.0,0.0,0.0,0.0,0.0,0.0,0.0,0.0,80.0,0.0,0.0,0.0,T21,4
YouTube::@GabrielRolón-p6m,YouTube,1,1,0,0,0,0,0,0,0,0,0,0,1,0,0,0,0,0,0,0,0,0,0,0,0,0,0,0.0,0.0,0.0,0.0,0.0,0.0,0.0,0.0,0.0,0.0,100.0,0.0,0.0,0.0,0.0,0.0,0.0,0.0,0.0,0.0,0.0,0.0,0.0,0.0,0.0,T10,1
YouTube::@GabrielaM-q5u,YouTube,1,8,0,0,0,0,1,1,1,0,0,0,0,0,0,0,1,1,0,0,0,0,0,1,2,0,0,0.0,0.0,0.0,0.0,12.5,12.5,12.5,0.0,0.0,0.0,0.0,0.0,0.0,0.0,12.5,12.5,0.0,0.0,0.0,0.0,0.0,12.5,25.0,0.0,0.0,T22,2
YouTube::@GarciaGa,YouTube,1,8,1,0,0,0,0,1,1,0,0,0,0,1,0,0,0,0,0,2,2,0,0,0,0,0,0,12.5,0.0,0.0,0.0,0.0,12.5,12.5,0.0,0.0,0.0,0.0,12.5,0.0,0.0,0.0,0.0,0.0,25.0,25.0,0.0,0.0,0.0,0.0,0.0,0.0,T17,2
YouTube::@GarciaValent,YouTube,2,22,0,0,0,4,0,2,3,0,2,0,0,3,0,3,0,0,0,0,0,0,0,4,1,0,0,0.0,0.0,0.0,18.2,0.0,9.1,13.6,0.0,9.1,0.0,0.0,13.6,0.0,13.6,0.0,0.0,0.0,0.0,0.0,0.0,0.0,18.2,4.5,0.0,0.0,T21,4
YouTube::@GeorginafajardoIII,YouTube,1,15,0,0,0,0,1,4,5,0,0,1,1,0,0,0,2,0,0,0,1,0,0,0,0,0,0,0.0,0.0,0.0,0.0,6.7,26.7,33.3,0.0,0.0,6.7,6.7,0.0,0.0,0.0,13.3,0.0,0.0,0.0,6.7,0.0,0.0,0.0,0.0,0.0,0.0,T06,5
YouTube::@GerVime,YouTube,1,3,0,0,0,0,0,0,1,0,0,0,0,0,0,0,1,0,0,0,0,0,1,0,0,0,0,0.0,0.0,0.0,0.0,0.0,0.0,33.3,0.0,0.0,0.0,0.0,0.0,0.0,0.0,33.3,0.0,0.0,0.0,0.0,0.0,33.3,0.0,0.0,0.0,0.0,T20,1
YouTube::@GerardoAgustínGuzmánRíos-o8r,YouTube,1,19,1,0,0,1,0,0,5,0,3,0,0,0,1,0,0,0,0,1,0,0,0,0,0,7,0,5.3,0.0,0.0,5.3,0.0,0.0,26.3,0.0,15.8,0.0,0.0,0.0,5.3,0.0,0.0,0.0,0.0,5.3,0.0,0.0,0.0,0.0,0.0,36.8,0.0,T23,7
YouTube::@GerardoBecerra-e6j,YouTube,1,1,0,0,0,0,0,0,0,0,0,0,0,0,0,0,0,0,0,0,0,0,0,0,0,0,1,0.0,0.0,0.0,0.0,0.0,0.0,0.0,0.0,0.0,0.0,0.0,0.0,0.0,0.0,0.0,0.0,0.0,0.0,0.0,0.0,0.0,0.0,0.0,0.0,100.0,T24,1
YouTube::@GerardoBenitez-s9o,YouTube,1,5,1,0,1,1,1,0,0,0,1,0,0,0,0,0,0,0,0,0,0,0,0,0,0,0,0,20.0,0.0,20.0,20.0,20.0,0.0,0.0,0.0,20.0,0.0,0.0,0.0,0.0,0.0,0.0,0.0,0.0,0.0,0.0,0.0,0.0,0.0,0.0,0.0,0.0,T08,1
YouTube::@GerardoBuenrostro-s9v,YouTube,1,3,0,0,0,0,0,0,0,0,1,0,1,0,0,0,0,0,0,0,0,0,0,1,0,0,0,0.0,0.0,0.0,0.0,0.0,0.0,0.0,0.0,33.3,0.0,33.3,0.0,0.0,0.0,0.0,0.0,0.0,0.0,0.0,0.0,0.0,33.3,0.0,0.0,0.0,T21,1
YouTube::@GerardoPerez-c8n,YouTube,1,3,0,0,0,0,0,0,1,0,1,0,0,0,0,0,0,1,0,0,0,0,0,0,0,0,0,0.0,0.0,0.0,0.0,0.0,0.0,33.3,0.0,33.3,0.0,0.0,0.0,0.0,0.0,0.0,33.3,0.0,0.0,0.0,0.0,0.0,0.0,0.0,0.0,0.0,T06,1
YouTube::@GerardoReyna-zq6ho,YouTube,1,10,0,0,0,0,1,0,3,0,0,0,1,1,0,0,1,0,0,0,1,0,0,2,0,0,0,0.0,0.0,0.0,0.0,10.0,0.0,30.0,0.0,0.0,0.0,10.0,10.0,0.0,0.0,10.0,0.0,0.0,0.0,10.0,0.0,0.0,20.0,0.0,0.0,0.0,T06,3
YouTube::@Gil_Kevin,YouTube,1,2,0,0,0,0,0,0,0,0,0,0,0,2,0,0,0,0,0,0,0,0,0,0,0,0,0,0.0,0.0,0.0,0.0,0.0,0.0,0.0,0.0,0.0,0.0,0.0,100.0,0.0,0.0,0.0,0.0,0.0,0.0,0.0,0.0,0.0,0.0,0.0,0.0,0.0,T11,2
YouTube::@GilbertoSadot,YouTube,2,26,0,0,4,0,2,0,2,0,0,0,2,0,0,0,4,2,0,0,0,0,0,4,4,0,2,0.0,0.0,15.4,0.0,7.7,0.0,7.7,0.0,0.0,0.0,7.7,0.0,0.0,0.0,15.4,7.7,0.0,0.0,0.0,0.0,0.0,15.4,15.4,0.0,7.7,T02,4
YouTube::@Ginna-n6d,YouTube,1,5,0,0,1,0,2,0,1,0,0,0,0,0,0,0,0,0,0,0,1,0,0,0,0,0,0,0.0,0.0,20.0,0.0,40.0,0.0,20.0,0.0,0.0,0.0,0.0,0.0,0.0,0.0,0.0,0.0,0.0,0.0,20.0,0.0,0.0,0.0,0.0,0.0,0.0,T04,2
YouTube::@Gioconda144,YouTube,1,6,0,0,0,1,0,0,3,1,0,0,0,0,1,0,0,0,0,0,0,0,0,0,0,0,0,0.0,0.0,0.0,16.7,0.0,0.0,50.0,16.7,0.0,0.0,0.0,0.0,16.7,0.0,0.0,0.0,0.0,0.0,0.0,0.0,0.0,0.0,0.0,0.0,0.0,T06,3
YouTube::@GloriaBillar,YouTube,1,2,0,0,0,1,0,0,1,0,0,0,0,0,0,0,0,0,0,0,0,0,0,0,0,0,0,0.0,0.0,0.0,50.0,0.0,0.0,50.0,0.0,0.0,0.0,0.0,0.0,0.0,0.0,0.0,0.0,0.0,0.0,0.0,0.0,0.0,0.0,0.0,0.0,0.0,T06,1
YouTube::@Gm_G4-w8,YouTube,1,9,0,0,1,0,1,1,5,0,0,1,0,0,0,0,0,0,0,0,0,0,0,0,0,0,0,0.0,0.0,11.1,0.0,11.1,11.1,55.6,0.0,0.0,11.1,0.0,0.0,0.0,0.0,0.0,0.0,0.0,0.0,0.0,0.0,0.0,0.0,0.0,0.0,0.0,T06,5
YouTube::@GokuDelrio,YouTube,1,1,0,0,0,0,0,0,1,0,0,0,0,0,0,0,0,0,0,0,0,0,0,0,0,0,0,0.0,0.0,0.0,0.0,0.0,0.0,100.0,0.0,0.0,0.0,0.0,0.0,0.0,0.0,0.0,0.0,0.0,0.0,0.0,0.0,0.0,0.0,0.0,0.0,0.0,T06,1
YouTube::@Gonzo1611R,YouTube,1,6,0,0,0,0,0,0,2,0,0,1,0,0,0,0,2,0,0,0,0,0,0,1,0,0,0,0.0,0.0,0.0,0.0,0.0,0.0,33.3,0.0,0.0,16.7,0.0,0.0,0.0,0.0,33.3,0.0,0.0,0.0,0.0,0.0,0.0,16.7,0.0,0.0,0.0,T06,2
YouTube::@Graciela-b1l6n,YouTube,1,12,0,0,0,0,1,0,0,0,2,0,0,0,0,0,1,0,0,1,0,1,1,1,4,0,0,0.0,0.0,0.0,0.0,8.3,0.0,0.0,0.0,16.7,0.0,0.0,0.0,0.0,0.0,8.3,0.0,0.0,8.3,0.0,8.3,8.3,8.3,33.3,0.0,0.0,T22,4
YouTube::@GracielaAguilarPérez-i6w,YouTube,1,1,0,0,0,0,0,0,0,0,0,1,0,0,0,0,0,0,0,0,0,0,0,0,0,0,0,0.0,0.0,0.0,0.0,0.0,0.0,0.0,0.0,0.0,100.0,0.0,0.0,0.0,0.0,0.0,0.0,0.0,0.0,0.0,0.0,0.0,0.0,0.0,0.0,0.0,T09,1
YouTube::@GrandRNomada,YouTube,1,25,0,0,0,2,1,1,9,0,0,1,1,2,1,1,3,0,0,1,0,1,0,0,1,0,0,0.0,0.0,0.0,8.0,4.0,4.0,36.0,0.0,0.0,4.0,4.0,8.0,4.0,4.0,12.0,0.0,0.0,4.0,0.0,4.0,0.0,0.0,4.0,0.0,0.0,T06,9
YouTube::@GregorEmilio,YouTube,1,5,0,0,0,0,0,0,1,0,1,0,0,0,0,0,1,0,0,0,0,0,0,1,0,0,1,0.0,0.0,0.0,0.0,0.0,0.0,20.0,0.0,20.0,0.0,0.0,0.0,0.0,0.0,20.0,0.0,0.0,0.0,0.0,0.0,0.0,20.0,0.0,0.0,20.0,T14,1
YouTube::@GretelLópezpastor,YouTube,1,1,0,0,0,0,0,0,0,0,0,0,0,1,0,0,0,0,0,0,0,0,0,0,0,0,0,0.0,0.0,0.0,0.0,0.0,0.0,0.0,0.0,0.0,0.0,0.0,100.0,0.0,0.0,0.0,0.0,0.0,0.0,0.0,0.0,0.0,0.0,0.0,0.0,0.0,T11,1
YouTube::@Guadalupe-ek1me,YouTube,1,2,0,0,0,0,0,0,0,0,0,0,0,0,0,0,0,0,0,0,0,1,0,0,0,1,0,0.0,0.0,0.0,0.0,0.0,0.0,0.0,0.0,0.0,0.0,0.0,0.0,0.0,0.0,0.0,0.0,0.0,0.0,0.0,50.0,0.0,0.0,0.0,50.0,0.0,T23,1
YouTube::@Guadalupe-x4h2e,YouTube,1,7,0,0,0,0,1,0,5,0,0,1,0,0,0,0,0,0,0,0,0,0,0,0,0,0,0,0.0,0.0,0.0,0.0,14.3,0.0,71.4,0.0,0.0,14.3,0.0,0.0,0.0,0.0,0.0,0.0,0.0,0.0,0.0,0.0,0.0,0.0,0.0,0.0,0.0,T06,5
YouTube::@GuadalupeGarcia-s6j,YouTube,1,9,0,0,0,0,1,0,3,0,0,0,0,0,0,2,0,2,0,0,0,1,0,0,0,0,0,0.0,0.0,0.0,0.0,11.1,0.0,33.3,0.0,0.0,0.0,0.0,0.0,0.0,22.2,0.0,22.2,0.0,0.0,0.0,11.1,0.0,0.0,0.0,0.0,0.0,T06,3
YouTube::@GuadalupeGarcía-x1j,YouTube,1,1,0,0,0,0,0,0,0,0,0,0,0,0,0,0,0,0,0,0,0,0,0,1,0,0,0,0.0,0.0,0.0,0.0,0.0,0.0,0.0,0.0,0.0,0.0,0.0,0.0,0.0,0.0,0.0,0.0,0.0,0.0,0.0,0.0,0.0,100.0,0.0,0.0,0.0,T21,1
YouTube::@GuadalupeHernandez-xh3oc,YouTube,1,3,0,0,0,0,0,0,1,1,0,0,0,0,0,0,0,0,0,0,0,0,0,0,1,0,0,0.0,0.0,0.0,0.0,0.0,0.0,33.3,33.3,0.0,0.0,0.0,0.0,0.0,0.0,0.0,0.0,0.0,0.0,0.0,0.0,0.0,0.0,33.3,0.0,0.0,T06,1
YouTube::@GuadalupeHernandez-yg6dn,YouTube,1,6,0,0,0,0,1,0,2,0,0,0,0,0,0,0,0,0,0,1,0,0,0,0,2,0,0,0.0,0.0,0.0,0.0,16.7,0.0,33.3,0.0,0.0,0.0,0.0,0.0,0.0,0.0,0.0,0.0,0.0,16.7,0.0,0.0,0.0,0.0,33.3,0.0,0.0,T22,2
YouTube::@GuadalupeNunez-je5hm,YouTube,3,14,0,0,0,0,3,0,2,0,0,3,0,0,0,0,3,0,0,1,0,0,1,0,1,0,0,0.0,0.0,0.0,0.0,21.4,0.0,14.3,0.0,0.0,21.4,0.0,0.0,0.0,0.0,21.4,0.0,0.0,7.1,0.0,0.0,7.1,0.0,7.1,0.0,0.0,T04,3
YouTube::@GuilbertoSilva-z4m,YouTube,1,3,0,0,0,0,0,0,2,0,0,0,0,0,0,0,0,0,0,0,0,0,0,1,0,0,0,0.0,0.0,0.0,0.0,0.0,0.0,66.7,0.0,0.0,0.0,0.0,0.0,0.0,0.0,0.0,0.0,0.0,0.0,0.0,0.0,0.0,33.3,0.0,0.0,0.0,T06,2
YouTube::@GuilleCalles-rp4zo,YouTube,1,2,0,0,0,0,0,0,2,0,0,0,0,0,0,0,0,0,0,0,0,0,0,0,0,0,0,0.0,0.0,0.0,0.0,0.0,0.0,100.0,0.0,0.0,0.0,0.0,0.0,0.0,0.0,0.0,0.0,0.0,0.0,0.0,0.0,0.0,0.0,0.0,0.0,0.0,T06,2
YouTube::@GuillerminaHernández-l4r,YouTube,1,3,0,0,0,0,1,0,1,0,0,0,0,0,0,1,0,0,0,0,0,0,0,0,0,0,0,0.0,0.0,0.0,0.0,33.3,0.0,33.3,0.0,0.0,0.0,0.0,0.0,0.0,33.3,0.0,0.0,0.0,0.0,0.0,0.0,0.0,0.0,0.0,0.0,0.0,T13,1
YouTube::@GuillerminaRivas-c5k,YouTube,1,11,0,1,0,2,0,3,3,0,0,0,1,0,0,1,0,0,0,0,0,0,0,0,0,0,0,0.0,9.1,0.0,18.2,0.0,27.3,27.3,0.0,0.0,0.0,9.1,0.0,0.0,9.1,0.0,0.0,0.0,0.0,0.0,0.0,0.0,0.0,0.0,0.0,0.0,T06,3
YouTube::@GumercindoMendezzuniga,YouTube,1,13,0,0,0,2,0,1,1,0,0,0,2,0,0,1,1,0,0,3,0,0,0,1,0,1,0,0.0,0.0,0.0,15.4,0.0,7.7,7.7,0.0,0.0,0.0,15.4,0.0,0.0,7.7,7.7,0.0,0.0,23.1,0.0,0.0,0.0,7.7,0.0,7.7,0.0,T17,3
YouTube::@Gustavo-h3z8o,YouTube,1,3,0,0,0,0,0,0,1,0,1,0,0,0,0,0,0,0,0,0,0,1,0,0,0,0,0,0.0,0.0,0.0,0.0,0.0,0.0,33.3,0.0,33.3,0.0,0.0,0.0,0.0,0.0,0.0,0.0,0.0,0.0,0.0,33.3,0.0,0.0,0.0,0.0,0.0,T06,1
YouTube::@GustavoBustamante-e4d,YouTube,1,6,0,1,1,0,0,0,0,1,0,0,0,0,0,0,0,0,0,0,1,0,0,0,2,0,0,0.0,16.7,16.7,0.0,0.0,0.0,0.0,16.7,0.0,0.0,0.0,0.0,0.0,0.0,0.0,0.0,0.0,0.0,16.7,0.0,0.0,0.0,33.3,0.0,0.0,T22,2
YouTube::@HOPE-yk8pm,YouTube,1,4,0,0,0,1,0,0,1,0,0,1,0,0,0,0,0,0,0,0,0,0,0,1,0,0,0,0.0,0.0,0.0,25.0,0.0,0.0,25.0,0.0,0.0,25.0,0.0,0.0,0.0,0.0,0.0,0.0,0.0,0.0,0.0,0.0,0.0,25.0,0.0,0.0,0.0,T06,1
YouTube::@Haldelgat51,YouTube,1,3,0,0,0,0,1,1,0,0,1,0,0,0,0,0,0,0,0,0,0,0,0,0,0,0,0,0.0,0.0,0.0,0.0,33.3,33.3,0.0,0.0,33.3,0.0,0.0,0.0,0.0,0.0,0.0,0.0,0.0,0.0,0.0,0.0,0.0,0.0,0.0,0.0,0.0,T08,1
YouTube::@HectorDanielMariscal-w9s,YouTube,1,0,0,0,0,0,0,0,0,0,0,0,0,0,0,0,0,0,0,0,0,0,0,0,0,0,0,0.0,0.0,0.0,0.0,0.0,0.0,0.0,0.0,0.0,0.0,0.0,0.0,0.0,0.0,0.0,0.0,0.0,0.0,0.0,0.0,0.0,0.0,0.0,0.0,0.0,,0
YouTube::@HectorGomez-xs1su,YouTube,1,12,0,1,2,0,0,0,1,1,0,0,2,0,1,0,0,0,0,1,0,0,1,1,1,0,0,0.0,8.3,16.7,0.0,0.0,0.0,8.3,8.3,0.0,0.0,16.7,0.0,8.3,0.0,0.0,0.0,0.0,8.3,0.0,0.0,8.3,8.3,8.3,0.0,0.0,T02,2
YouTube::@HectorLizcano-t8x,YouTube,1,3,0,0,1,0,0,0,0,0,0,0,1,0,0,0,0,0,0,0,0,0,0,0,0,1,0,0.0,0.0,33.3,0.0,0.0,0.0,0.0,0.0,0.0,0.0,33.3,0.0,0.0,0.0,0.0,0.0,0.0,0.0,0.0,0.0,0.0,0.0,0.0,33.3,0.0,T10,1
YouTube::@Herks09,YouTube,1,5,0,0,0,0,0,0,0,0,0,0,0,0,0,1,0,0,0,0,0,0,1,2,1,0,0,0.0,0.0,0.0,0.0,0.0,0.0,0.0,0.0,0.0,0.0,0.0,0.0,0.0,20.0,0.0,0.0,0.0,0.0,0.0,0.0,20.0,40.0,20.0,0.0,0.0,T21,2
YouTube::@HerlindaJimenezVentura,YouTube,1,16,0,0,0,1,0,1,0,0,1,1,0,0,0,0,2,1,0,0,0,0,1,7,1,0,0,0.0,0.0,0.0,6.2,0.0,6.2,0.0,0.0,6.2,6.2,0.0,0.0,0.0,0.0,12.5,6.2,0.0,0.0,0.0,0.0,6.2,43.8,6.2,0.0,0.0,T21,7
YouTube::@HernestoCamposeco125,YouTube,1,6,0,0,0,0,0,0,0,0,2,0,0,0,0,0,0,0,0,0,0,0,0,4,0,0,0,0.0,0.0,0.0,0.0,0.0,0.0,0.0,0.0,33.3,0.0,0.0,0.0,0.0,0.0,0.0,0.0,0.0,0.0,0.0,0.0,0.0,66.7,0.0,0.0,0.0,T21,4
YouTube::@HilarioLaradamian,YouTube,1,8,0,0,0,0,0,0,1,0,1,1,0,0,0,0,0,0,0,0,0,0,2,1,1,1,0,0.0,0.0,0.0,0.0,0.0,0.0,12.5,0.0,12.5,12.5,0.0,0.0,0.0,0.0,0.0,0.0,0.0,0.0,0.0,0.0,25.0,12.5,12.5,12.5,0.0,T20,2
YouTube::@HiphopLopez-x2i,YouTube,2,4,0,0,0,0,0,0,2,0,0,1,1,0,0,0,0,0,0,0,0,0,0,0,0,0,0,0.0,0.0,0.0,0.0,0.0,0.0,50.0,0.0,0.0,25.0,25.0,0.0,0.0,0.0,0.0,0.0,0.0,0.0,0.0,0.0,0.0,0.0,0.0,0.0,0.0,T06,2
YouTube::@HipolitoGarciaMartinez-tz9cc,YouTube,1,11,0,1,0,0,0,0,4,0,1,0,0,1,0,0,0,0,0,0,0,0,1,3,0,0,0,0.0,9.1,0.0,0.0,0.0,0.0,36.4,0.0,9.1,0.0,0.0,9.1,0.0,0.0,0.0,0.0,0.0,0.0,0.0,0.0,9.1,27.3,0.0,0.0,0.0,T06,4
YouTube::@Hircine888,YouTube,1,5,0,0,0,0,0,0,2,0,0,0,0,0,0,0,1,0,1,0,0,0,0,0,1,0,0,0.0,0.0,0.0,0.0,0.0,0.0,40.0,0.0,0.0,0.0,0.0,0.0,0.0,0.0,20.0,0.0,20.0,0.0,0.0,0.0,0.0,0.0,20.0,0.0,0.0,T06,2
YouTube::@HoracioLuján-x5e,YouTube,1,0,0,0,0,0,0,0,0,0,0,0,0,0,0,0,0,0,0,0,0,0,0,0,0,0,0,0.0,0.0,0.0,0.0,0.0,0.0,0.0,0.0,0.0,0.0,0.0,0.0,0.0,0.0,0.0,0.0,0.0,0.0,0.0,0.0,0.0,0.0,0.0,0.0,0.0,,0
YouTube::@HugoDaniel-c1n,YouTube,1,0,0,0,0,0,0,0,0,0,0,0,0,0,0,0,0,0,0,0,0,0,0,0,0,0,0,0.0,0.0,0.0,0.0,0.0,0.0,0.0,0.0,0.0,0.0,0.0,0.0,0.0,0.0,0.0,0.0,0.0,0.0,0.0,0.0,0.0,0.0,0.0,0.0,0.0,,0
YouTube::@HugoHernandez-q7n,YouTube,1,6,1,0,0,1,0,0,2,0,1,0,0,1,0,0,0,0,0,0,0,0,0,0,0,0,0,16.7,0.0,0.0,16.7,0.0,0.0,33.3,0.0,16.7,0.0,0.0,16.7,0.0,0.0,0.0,0.0,0.0,0.0,0.0,0.0,0.0,0.0,0.0,0.0,0.0,T06,2
YouTube::@HugoLopez-lm2ju,YouTube,1,3,0,0,0,0,0,0,0,0,1,0,0,0,0,0,0,0,0,0,0,0,0,2,0,0,0,0.0,0.0,0.0,0.0,0.0,0.0,0.0,0.0,33.3,0.0,0.0,0.0,0.0,0.0,0.0,0.0,0.0,0.0,0.0,0.0,0.0,66.7,0.0,0.0,0.0,T21,2
YouTube::@HyndramexCastillo,YouTube,1,2,0,0,0,0,0,0,0,0,0,0,0,0,1,0,0,0,0,0,1,0,0,0,0,0,0,0.0,0.0,0.0,0.0,0.0,0.0,0.0,0.0,0.0,0.0,0.0,0.0,50.0,0.0,0.0,0.0,0.0,0.0,50.0,0.0,0.0,0.0,0.0,0.0,0.0,T12,1
YouTube::@HéctorOlguín-y7t,YouTube,1,8,0,2,0,0,0,1,3,0,0,0,0,1,0,0,1,0,0,0,0,0,0,0,0,0,0,0.0,25.0,0.0,0.0,0.0,12.5,37.5,0.0,0.0,0.0,0.0,12.5,0.0,0.0,12.5,0.0,0.0,0.0,0.0,0.0,0.0,0.0,0.0,0.0,0.0,T06,3
YouTube::@ISABELBwv,YouTube,1,1,0,0,0,0,1,0,0,0,0,0,0,0,0,0,0,0,0,0,0,0,0,0,0,0,0,0.0,0.0,0.0,0.0,100.0,0.0,0.0,0.0,0.0,0.0,0.0,0.0,0.0,0.0,0.0,0.0,0.0,0.0,0.0,0.0,0.0,0.0,0.0,0.0,0.0,T04,1
YouTube::@ISCCS1,YouTube,2,12,0,0,0,1,0,1,4,0,0,0,0,2,0,0,3,1,0,0,0,0,0,0,0,0,0,0.0,0.0,0.0,8.3,0.0,8.3,33.3,0.0,0.0,0.0,0.0,16.7,0.0,0.0,25.0,8.3,0.0,0.0,0.0,0.0,0.0,0.0,0.0,0.0,0.0,T06,4
YouTube::@IanGael-n5m,YouTube,1,2,0,0,0,0,0,0,0,0,0,0,0,1,0,0,0,0,0,0,0,0,0,0,1,0,0,0.0,0.0,0.0,0.0,0.0,0.0,0.0,0.0,0.0,0.0,0.0,50.0,0.0,0.0,0.0,0.0,0.0,0.0,0.0,0.0,0.0,0.0,50.0,0.0,0.0,T22,1
YouTube::@Idklalalalak,YouTube,1,4,0,0,0,0,0,0,1,0,0,2,0,1,0,0,0,0,0,0,0,0,0,0,0,0,0,0.0,0.0,0.0,0.0,0.0,0.0,25.0,0.0,0.0,50.0,0.0,25.0,0.0,0.0,0.0,0.0,0.0,0.0,0.0,0.0,0.0,0.0,0.0,0.0,0.0,T09,2
YouTube::@IgnacioVirgilio-l1o,YouTube,1,7,0,0,0,0,0,1,1,0,0,1,0,0,0,0,3,0,0,0,0,0,0,0,1,0,0,0.0,0.0,0.0,0.0,0.0,14.3,14.3,0.0,0.0,14.3,0.0,0.0,0.0,0.0,42.9,0.0,0.0,0.0,0.0,0.0,0.0,0.0,14.3,0.0,0.0,T14,3
YouTube::@IlceMontano,YouTube,1,56,0,1,0,6,3,2,4,1,2,1,1,4,1,6,0,1,1,3,1,0,0,5,11,1,1,0.0,1.8,0.0,10.7,5.4,3.6,7.1,1.8,3.6,1.8,1.8,7.1,1.8,10.7,0.0,1.8,1.8,5.4,1.8,0.0,0.0,8.9,19.6,1.8,1.8,T22,11
YouTube::@IldaSoler,YouTube,1,18,0,0,0,2,2,0,7,0,2,1,0,0,0,0,1,0,0,0,0,0,0,1,2,0,0,0.0,0.0,0.0,11.1,11.1,0.0,38.9,0.0,11.1,5.6,0.0,0.0,0.0,0.0,5.6,0.0,0.0,0.0,0.0,0.0,0.0,5.6,11.1,0.0,0.0,T06,7
YouTube::@IncrementaTuCartera,YouTube,1,5,0,0,0,0,3,0,1,0,0,0,0,0,0,1,0,0,0,0,0,0,0,0,0,0,0,0.0,0.0,0.0,0.0,60.0,0.0,20.0,0.0,0.0,0.0,0.0,0.0,0.0,20.0,0.0,0.0,0.0,0.0,0.0,0.0,0.0,0.0,0.0,0.0,0.0,T04,3
YouTube::@Instilador,YouTube,3,9,1,0,0,0,1,0,0,0,2,0,0,0,1,0,1,0,0,1,0,0,1,1,0,0,0,11.1,0.0,0.0,0.0,11.1,0.0,0.0,0.0,22.2,0.0,0.0,0.0,11.1,0.0,11.1,0.0,0.0,11.1,0.0,0.0,11.1,11.1,0.0,0.0,0.0,T08,2
YouTube::@IrlandaGarcia-fq3tp,YouTube,1,1,0,0,0,0,0,0,0,0,0,0,0,0,0,0,0,0,0,0,0,1,0,0,0,0,0,0.0,0.0,0.0,0.0,0.0,0.0,0.0,0.0,0.0,0.0,0.0,0.0,0.0,0.0,0.0,0.0,0.0,0.0,0.0,100.0,0.0,0.0,0.0,0.0,0.0,T19,1
YouTube::@IsabelCanela-z9o,YouTube,1,12,0,0,0,0,0,0,1,1,1,1,0,0,1,0,2,0,0,1,1,1,0,2,0,0,0,0.0,0.0,0.0,0.0,0.0,0.0,8.3,8.3,8.3,8.3,0.0,0.0,8.3,0.0,16.7,0.0,0.0,8.3,8.3,8.3,0.0,16.7,0.0,0.0,0.0,T14,2
YouTube::@IsabelGarcia-pm6ht,YouTube,2,38,0,0,1,4,0,3,17,0,0,0,1,0,1,0,1,1,2,1,0,0,1,3,1,1,0,0.0,0.0,2.6,10.5,0.0,7.9,44.7,0.0,0.0,0.0,2.6,0.0,2.6,0.0,2.6,2.6,5.3,2.6,0.0,0.0,2.6,7.9,2.6,2.6,0.0,T06,17
YouTube::@Isidromedinapalacios,YouTube,1,5,0,0,0,0,1,0,1,0,1,0,0,0,0,0,0,0,0,1,0,0,0,1,0,0,0,0.0,0.0,0.0,0.0,20.0,0.0,20.0,0.0,20.0,0.0,0.0,0.0,0.0,0.0,0.0,0.0,0.0,20.0,0.0,0.0,0.0,20.0,0.0,0.0,0.0,T08,1
YouTube::@IsmaelHernandez-x6b,YouTube,1,7,0,0,0,0,2,0,1,0,0,0,0,0,0,0,0,0,0,0,0,0,0,4,0,0,0,0.0,0.0,0.0,0.0,28.6,0.0,14.3,0.0,0.0,0.0,0.0,0.0,0.0,0.0,0.0,0.0,0.0,0.0,0.0,0.0,0.0,57.1,0.0,0.0,0.0,T21,4
YouTube::@IsmaelLara-d4b,YouTube,1,0,0,0,0,0,0,0,0,0,0,0,0,0,0,0,0,0,0,0,0,0,0,0,0,0,0,0.0,0.0,0.0,0.0,0.0,0.0,0.0,0.0,0.0,0.0,0.0,0.0,0.0,0.0,0.0,0.0,0.0,0.0,0.0,0.0,0.0,0.0,0.0,0.0,0.0,,0
YouTube::@IsmaelLucio_13,YouTube,1,7,0,0,0,0,0,1,5,0,0,1,0,0,0,0,0,0,0,0,0,0,0,0,0,0,0,0.0,0.0,0.0,0.0,0.0,14.3,71.4,0.0,0.0,14.3,0.0,0.0,0.0,0.0,0.0,0.0,0.0,0.0,0.0,0.0,0.0,0.0,0.0,0.0,0.0,T06,5
YouTube::@IsraelMartinez-p5w,YouTube,2,11,0,0,0,0,0,0,5,0,1,0,1,0,0,0,0,0,0,1,0,0,0,3,0,0,0,0.0,0.0,0.0,0.0,0.0,0.0,45.5,0.0,9.1,0.0,9.1,0.0,0.0,0.0,0.0,0.0,0.0,9.1,0.0,0.0,0.0,27.3,0.0,0.0,0.0,T06,5
YouTube::@IsraelMendoza-t5r,YouTube,1,2,0,0,0,0,0,0,0,0,0,0,0,0,0,0,0,0,0,0,0,0,0,0,1,0,1,0.0,0.0,0.0,0.0,0.0,0.0,0.0,0.0,0.0,0.0,0.0,0.0,0.0,0.0,0.0,0.0,0.0,0.0,0.0,0.0,0.0,0.0,50.0,0.0,50.0,T22,1
YouTube::@Iztacalquense,YouTube,2,48,1,3,6,2,2,1,0,1,1,2,4,2,5,0,1,0,1,0,2,0,2,3,2,1,6,2.1,6.2,12.5,4.2,4.2,2.1,0.0,2.1,2.1,4.2,8.3,4.2,10.4,0.0,2.1,0.0,2.1,0.0,4.2,0.0,4.2,6.2,4.2,2.1,12.5,T02,6
YouTube::@JAIRHERNANDEZ-i5k1b,YouTube,1,2,0,0,0,0,0,0,1,0,1,0,0,0,0,0,0,0,0,0,0,0,0,0,0,0,0,0.0,0.0,0.0,0.0,0.0,0.0,50.0,0.0,50.0,0.0,0.0,0.0,0.0,0.0,0.0,0.0,0.0,0.0,0.0,0.0,0.0,0.0,0.0,0.0,0.0,T08,1
YouTube::@JAMESBOND-ts2gw,YouTube,1,2,0,0,0,0,0,0,0,0,2,0,0,0,0,0,0,0,0,0,0,0,0,0,0,0,0,0.0,0.0,0.0,0.0,0.0,0.0,0.0,0.0,100.0,0.0,0.0,0.0,0.0,0.0,0.0,0.0,0.0,0.0,0.0,0.0,0.0,0.0,0.0,0.0,0.0,T08,2
YouTube::@JB2026ftu,YouTube,2,14,0,0,0,0,1,0,1,0,1,0,0,0,0,0,4,0,0,0,0,0,1,6,0,0,0,0.0,0.0,0.0,0.0,7.1,0.0,7.1,0.0,7.1,0.0,0.0,0.0,0.0,0.0,28.6,0.0,0.0,0.0,0.0,0.0,7.1,42.9,0.0,0.0,0.0,T21,6
YouTube::@JEM-k9y,YouTube,1,6,0,0,0,0,0,0,1,0,1,0,0,1,0,0,0,0,1,0,0,0,0,1,1,0,0,0.0,0.0,0.0,0.0,0.0,0.0,16.7,0.0,16.7,0.0,0.0,16.7,0.0,0.0,0.0,0.0,16.7,0.0,0.0,0.0,0.0,16.7,16.7,0.0,0.0,T08,1
YouTube::@JESUSJUANEBCHAN,YouTube,1,1,0,0,0,0,0,0,0,0,0,0,1,0,0,0,0,0,0,0,0,0,0,0,0,0,0,0.0,0.0,0.0,0.0,0.0,0.0,0.0,0.0,0.0,0.0,100.0,0.0,0.0,0.0,0.0,0.0,0.0,0.0,0.0,0.0,0.0,0.0,0.0,0.0,0.0,T10,1
YouTube::@JG-ii3zv,YouTube,1,10,0,0,1,0,2,1,1,0,0,0,0,0,0,0,0,0,0,1,0,1,0,2,1,0,0,0.0,0.0,10.0,0.0,20.0,10.0,10.0,0.0,0.0,0.0,0.0,0.0,0.0,0.0,0.0,0.0,0.0,10.0,0.0,10.0,0.0,20.0,10.0,0.0,0.0,T04,2
YouTube::@JGl3mil,YouTube,2,14,0,0,0,0,0,0,5,0,0,2,0,0,0,1,1,0,0,1,1,0,0,3,0,0,0,0.0,0.0,0.0,0.0,0.0,0.0,35.7,0.0,0.0,14.3,0.0,0.0,0.0,7.1,7.1,0.0,0.0,7.1,7.1,0.0,0.0,21.4,0.0,0.0,0.0,T06,5
YouTube::@JOSEARENAA,YouTube,1,4,0,0,0,0,0,1,1,0,1,0,0,0,0,0,0,0,0,0,0,0,0,1,0,0,0,0.0,0.0,0.0,0.0,0.0,25.0,25.0,0.0,25.0,0.0,0.0,0.0,0.0,0.0,0.0,0.0,0.0,0.0,0.0,0.0,0.0,25.0,0.0,0.0,0.0,T21,1
YouTube::@JSalvadorGaytánC,YouTube,1,4,0,1,0,1,0,0,0,0,0,0,0,0,0,0,0,0,0,1,0,0,0,0,1,0,0,0.0,25.0,0.0,25.0,0.0,0.0,0.0,0.0,0.0,0.0,0.0,0.0,0.0,0.0,0.0,0.0,0.0,25.0,0.0,0.0,0.0,0.0,25.0,0.0,0.0,T17,1
YouTube::@Jajajaziel_Mendoza,YouTube,2,5,0,0,0,1,0,0,0,2,1,0,0,0,0,1,0,0,0,0,0,0,0,0,0,0,0,0.0,0.0,0.0,20.0,0.0,0.0,0.0,40.0,20.0,0.0,0.0,0.0,0.0,20.0,0.0,0.0,0.0,0.0,0.0,0.0,0.0,0.0,0.0,0.0,0.0,T07,2
YouTube::@Jakesnew,YouTube,2,22,0,2,0,0,0,0,7,2,1,0,0,1,0,1,2,1,0,2,1,0,0,0,2,0,0,0.0,9.1,0.0,0.0,0.0,0.0,31.8,9.1,4.5,0.0,0.0,4.5,0.0,4.5,9.1,4.5,0.0,9.1,4.5,0.0,0.0,0.0,9.1,0.0,0.0,T06,7
YouTube::@JanethOrtega-p1k,YouTube,1,13,0,0,0,0,2,1,1,0,0,1,1,0,0,0,3,0,0,1,1,0,1,0,1,0,0,0.0,0.0,0.0,0.0,15.4,7.7,7.7,0.0,0.0,7.7,7.7,0.0,0.0,0.0,23.1,0.0,0.0,7.7,7.7,0.0,7.7,0.0,7.7,0.0,0.0,T14,3
YouTube::@JaninaVanessa1000,YouTube,1,37,0,0,1,4,2,1,7,0,5,1,4,1,0,1,1,1,1,0,1,3,1,1,1,0,0,0.0,0.0,2.7,10.8,5.4,2.7,18.9,0.0,13.5,2.7,10.8,2.7,0.0,2.7,2.7,2.7,2.7,0.0,2.7,8.1,2.7,2.7,2.7,0.0,0.0,T06,7
YouTube::@JaquelineCruz-g5z,YouTube,1,4,0,0,0,1,0,0,1,0,0,0,0,0,0,1,0,0,0,0,0,0,1,0,0,0,0,0.0,0.0,0.0,25.0,0.0,0.0,25.0,0.0,0.0,0.0,0.0,0.0,0.0,25.0,0.0,0.0,0.0,0.0,0.0,0.0,25.0,0.0,0.0,0.0,0.0,T13,1
YouTube::@JasonVorhees-o5d,YouTube,2,44,0,0,2,15,0,1,9,0,0,3,2,2,1,2,2,0,0,0,1,0,0,1,2,0,1,0.0,0.0,4.5,34.1,0.0,2.3,20.5,0.0,0.0,6.8,4.5,4.5,2.3,4.5,4.5,0.0,0.0,0.0,2.3,0.0,0.0,2.3,4.5,0.0,2.3,T03,15
YouTube::@JavierAlejandroMaldonadoSarti,YouTube,1,1,0,0,0,0,1,0,0,0,0,0,0,0,0,0,0,0,0,0,0,0,0,0,0,0,0,0.0,0.0,0.0,0.0,100.0,0.0,0.0,0.0,0.0,0.0,0.0,0.0,0.0,0.0,0.0,0.0,0.0,0.0,0.0,0.0,0.0,0.0,0.0,0.0,0.0,T04,1
YouTube::@JavierCruz-t4f,YouTube,1,2,0,0,0,0,0,0,0,0,0,0,0,0,0,0,0,0,0,0,0,0,1,1,0,0,0,0.0,0.0,0.0,0.0,0.0,0.0,0.0,0.0,0.0,0.0,0.0,0.0,0.0,0.0,0.0,0.0,0.0,0.0,0.0,0.0,50.0,50.0,0.0,0.0,0.0,T21,1
YouTube::@JavierGomez-x3v9z,YouTube,1,3,0,0,0,0,0,0,0,0,1,0,2,0,0,0,0,0,0,0,0,0,0,0,0,0,0,0.0,0.0,0.0,0.0,0.0,0.0,0.0,0.0,33.3,0.0,66.7,0.0,0.0,0.0,0.0,0.0,0.0,0.0,0.0,0.0,0.0,0.0,0.0,0.0,0.0,T10,2
YouTube::@JavierLópez-m6s5f,YouTube,2,12,0,0,0,1,0,5,3,0,0,2,0,0,0,0,1,0,0,0,0,0,0,0,0,0,0,0.0,0.0,0.0,8.3,0.0,41.7,25.0,0.0,0.0,16.7,0.0,0.0,0.0,0.0,8.3,0.0,0.0,0.0,0.0,0.0,0.0,0.0,0.0,0.0,0.0,T05,5
YouTube::@JavierNajeragalicia,YouTube,1,3,0,0,1,0,0,0,0,0,0,0,0,0,0,0,0,0,0,0,0,0,0,1,1,0,0,0.0,0.0,33.3,0.0,0.0,0.0,0.0,0.0,0.0,0.0,0.0,0.0,0.0,0.0,0.0,0.0,0.0,0.0,0.0,0.0,0.0,33.3,33.3,0.0,0.0,T02,1
YouTube::@JavierNunez-up5kj,YouTube,1,17,0,0,0,1,0,1,8,0,0,0,0,1,2,0,0,0,0,1,0,0,0,1,1,1,0,0.0,0.0,0.0,5.9,0.0,5.9,47.1,0.0,0.0,0.0,0.0,5.9,11.8,0.0,0.0,0.0,0.0,5.9,0.0,0.0,0.0,5.9,5.9,5.9,0.0,T06,8
YouTube::@JavierPartida-w7m,YouTube,1,8,0,0,0,0,0,0,2,0,0,0,1,0,0,0,1,0,0,0,0,0,0,4,0,0,0,0.0,0.0,0.0,0.0,0.0,0.0,25.0,0.0,0.0,0.0,12.5,0.0,0.0,0.0,12.5,0.0,0.0,0.0,0.0,0.0,0.0,50.0,0.0,0.0,0.0,T21,4
YouTube::@JavierSalas-j9i,YouTube,1,1,0,0,0,0,0,0,0,0,0,0,0,0,0,0,0,0,0,0,0,0,0,1,0,0,0,0.0,0.0,0.0,0.0,0.0,0.0,0.0,0.0,0.0,0.0,0.0,0.0,0.0,0.0,0.0,0.0,0.0,0.0,0.0,0.0,0.0,100.0,0.0,0.0,0.0,T21,1
YouTube::@JavierValadez-c2c,YouTube,1,1,0,0,0,0,0,0,0,0,0,0,0,0,0,0,0,0,1,0,0,0,0,0,0,0,0,0.0,0.0,0.0,0.0,0.0,0.0,0.0,0.0,0.0,0.0,0.0,0.0,0.0,0.0,0.0,0.0,100.0,0.0,0.0,0.0,0.0,0.0,0.0,0.0,0.0,T16,1
YouTube::@JefeDejefes-f8b,YouTube,1,0,0,0,0,0,0,0,0,0,0,0,0,0,0,0,0,0,0,0,0,0,0,0,0,0,0,0.0,0.0,0.0,0.0,0.0,0.0,0.0,0.0,0.0,0.0,0.0,0.0,0.0,0.0,0.0,0.0,0.0,0.0,0.0,0.0,0.0,0.0,0.0,0.0,0.0,,0
YouTube::@Jegz7g3w,YouTube,1,3,0,0,0,0,0,0,0,0,0,2,0,0,0,1,0,0,0,0,0,0,0,0,0,0,0,0.0,0.0,0.0,0.0,0.0,0.0,0.0,0.0,0.0,66.7,0.0,0.0,0.0,33.3,0.0,0.0,0.0,0.0,0.0,0.0,0.0,0.0,0.0,0.0,0.0,T09,2
YouTube::@JeronimoGonzalezRomero-sr5sn,YouTube,1,10,0,0,0,0,0,0,2,0,0,0,1,0,1,1,0,0,0,0,1,0,0,4,0,0,0,0.0,0.0,0.0,0.0,0.0,0.0,20.0,0.0,0.0,0.0,10.0,0.0,10.0,10.0,0.0,0.0,0.0,0.0,10.0,0.0,0.0,40.0,0.0,0.0,0.0,T21,4
YouTube::@JersonBautista-p6p,YouTube,1,4,0,0,0,0,0,1,0,0,1,0,1,0,0,0,0,0,0,0,0,0,0,0,0,0,1,0.0,0.0,0.0,0.0,0.0,25.0,0.0,0.0,25.0,0.0,25.0,0.0,0.0,0.0,0.0,0.0,0.0,0.0,0.0,0.0,0.0,0.0,0.0,0.0,25.0,T05,1
YouTube::@JesusAlejandrobg1,YouTube,1,17,0,0,0,1,0,0,8,0,1,0,1,1,0,0,1,1,0,0,0,0,0,0,3,0,0,0.0,0.0,0.0,5.9,0.0,0.0,47.1,0.0,5.9,0.0,5.9,5.9,0.0,0.0,5.9,5.9,0.0,0.0,0.0,0.0,0.0,0.0,17.6,0.0,0.0,T06,8
YouTube::@JesusBalderas-e8b,YouTube,1,6,0,0,0,0,0,0,1,0,1,0,0,0,0,0,0,0,0,0,0,0,1,3,0,0,0,0.0,0.0,0.0,0.0,0.0,0.0,16.7,0.0,16.7,0.0,0.0,0.0,0.0,0.0,0.0,0.0,0.0,0.0,0.0,0.0,16.7,50.0,0.0,0.0,0.0,T21,3
YouTube::@JesusPalomares-h5o,YouTube,1,2,0,0,0,0,0,0,0,0,1,0,0,0,0,0,0,0,0,0,0,0,0,1,0,0,0,0.0,0.0,0.0,0.0,0.0,0.0,0.0,0.0,50.0,0.0,0.0,0.0,0.0,0.0,0.0,0.0,0.0,0.0,0.0,0.0,0.0,50.0,0.0,0.0,0.0,T08,1
YouTube::@JesusRivera-u4e3c,YouTube,1,4,0,0,0,0,0,0,0,0,0,0,1,0,0,0,0,0,0,0,0,0,0,3,0,0,0,0.0,0.0,0.0,0.0,0.0,0.0,0.0,0.0,0.0,0.0,25.0,0.0,0.0,0.0,0.0,0.0,0.0,0.0,0.0,0.0,0.0,75.0,0.0,0.0,0.0,T21,3
YouTube::@JesusRodriguez-rw6fy,YouTube,1,20,0,0,0,1,0,1,1,0,4,2,0,0,0,0,0,1,0,0,0,0,0,9,0,0,1,0.0,0.0,0.0,5.0,0.0,5.0,5.0,0.0,20.0,10.0,0.0,0.0,0.0,0.0,0.0,5.0,0.0,0.0,0.0,0.0,0.0,45.0,0.0,0.0,5.0,T21,9
YouTube::@JesusTorres-qy1ec,YouTube,1,7,0,0,0,2,0,0,0,0,0,0,0,2,0,0,0,0,1,0,0,0,0,0,1,0,1,0.0,0.0,0.0,28.6,0.0,0.0,0.0,0.0,0.0,0.0,0.0,28.6,0.0,0.0,0.0,0.0,14.3,0.0,0.0,0.0,0.0,0.0,14.3,0.0,14.3,T11,2
YouTube::@Jesusmald,YouTube,1,10,0,0,0,0,2,0,1,0,1,0,1,0,0,0,0,0,0,0,0,0,0,2,2,0,1,0.0,0.0,0.0,0.0,20.0,0.0,10.0,0.0,10.0,0.0,10.0,0.0,0.0,0.0,0.0,0.0,0.0,0.0,0.0,0.0,0.0,20.0,20.0,0.0,10.0,T22,2
YouTube::@JesúsGarcia-u6v,YouTube,1,1,0,0,0,0,0,0,0,0,0,0,0,0,0,0,0,0,0,0,0,0,0,1,0,0,0,0.0,0.0,0.0,0.0,0.0,0.0,0.0,0.0,0.0,0.0,0.0,0.0,0.0,0.0,0.0,0.0,0.0,0.0,0.0,0.0,0.0,100.0,0.0,0.0,0.0,T21,1
YouTube::@JhanGoz-u8m3k,YouTube,1,8,0,0,0,0,0,0,3,0,0,0,0,0,0,0,0,2,0,0,0,0,0,3,0,0,0,0.0,0.0,0.0,0.0,0.0,0.0,37.5,0.0,0.0,0.0,0.0,0.0,0.0,0.0,0.0,25.0,0.0,0.0,0.0,0.0,0.0,37.5,0.0,0.0,0.0,T06,3
YouTube::@JhonDothon,YouTube,1,18,0,0,0,0,0,1,2,0,2,0,2,0,0,1,0,0,0,0,2,2,0,6,0,0,0,0.0,0.0,0.0,0.0,0.0,5.6,11.1,0.0,11.1,0.0,11.1,0.0,0.0,5.6,0.0,0.0,0.0,0.0,11.1,11.1,0.0,33.3,0.0,0.0,0.0,T21,6
YouTube::@JmanuelRios,YouTube,1,2,0,0,0,0,0,0,0,0,1,0,0,0,0,0,0,0,0,0,0,0,0,1,0,0,0,0.0,0.0,0.0,0.0,0.0,0.0,0.0,0.0,50.0,0.0,0.0,0.0,0.0,0.0,0.0,0.0,0.0,0.0,0.0,0.0,0.0,50.0,0.0,0.0,0.0,T21,1
YouTube::@John-h1k6q,YouTube,1,3,0,1,0,0,0,0,0,0,0,0,0,1,0,0,0,0,0,0,0,0,0,0,0,0,1,0.0,33.3,0.0,0.0,0.0,0.0,0.0,0.0,0.0,0.0,0.0,33.3,0.0,0.0,0.0,0.0,0.0,0.0,0.0,0.0,0.0,0.0,0.0,0.0,33.3,T24,1
YouTube::@JonathanRamirez-uj1mb,YouTube,1,4,2,0,0,0,0,0,1,0,0,0,0,0,0,0,0,0,0,1,0,0,0,0,0,0,0,50.0,0.0,0.0,0.0,0.0,0.0,25.0,0.0,0.0,0.0,0.0,0.0,0.0,0.0,0.0,0.0,0.0,25.0,0.0,0.0,0.0,0.0,0.0,0.0,0.0,T00,2
YouTube::@JorgeCamarena-iw8te,YouTube,1,6,0,0,0,0,0,0,2,0,0,0,0,2,0,0,0,0,0,1,0,0,1,0,0,0,0,0.0,0.0,0.0,0.0,0.0,0.0,33.3,0.0,0.0,0.0,0.0,33.3,0.0,0.0,0.0,0.0,0.0,16.7,0.0,0.0,16.7,0.0,0.0,0.0,0.0,T06,2
YouTube::@JorgeCatarino-r7c,YouTube,1,10,0,0,0,0,0,0,3,0,0,0,0,2,0,1,0,0,0,1,0,1,0,0,2,0,0,0.0,0.0,0.0,0.0,0.0,0.0,30.0,0.0,0.0,0.0,0.0,20.0,0.0,10.0,0.0,0.0,0.0,10.0,0.0,10.0,0.0,0.0,20.0,0.0,0.0,T06,3
YouTube::@JorgeColiz-f2e,YouTube,1,10,0,1,0,0,0,0,5,0,0,2,0,0,0,0,0,0,0,0,0,0,0,0,2,0,0,0.0,10.0,0.0,0.0,0.0,0.0,50.0,0.0,0.0,20.0,0.0,0.0,0.0,0.0,0.0,0.0,0.0,0.0,0.0,0.0,0.0,0.0,20.0,0.0,0.0,T06,5
YouTube::@JorgeCruzhernandez-y7u,YouTube,1,2,0,0,0,0,0,0,0,1,0,0,0,0,0,0,0,0,0,0,0,0,1,0,0,0,0,0.0,0.0,0.0,0.0,0.0,0.0,0.0,50.0,0.0,0.0,0.0,0.0,0.0,0.0,0.0,0.0,0.0,0.0,0.0,0.0,50.0,0.0,0.0,0.0,0.0,T07,1
YouTube::@JorgeGarcia-t4c,YouTube,1,4,0,0,0,0,0,0,0,0,0,0,0,0,0,0,0,0,1,1,0,1,0,0,1,0,0,0.0,0.0,0.0,0.0,0.0,0.0,0.0,0.0,0.0,0.0,0.0,0.0,0.0,0.0,0.0,0.0,25.0,25.0,0.0,25.0,0.0,0.0,25.0,0.0,0.0,T17,1
YouTube::@JorgeHernandez-qb6dd,YouTube,2,4,0,0,0,1,0,0,0,0,2,1,0,0,0,0,0,0,0,0,0,0,0,0,0,0,0,0.0,0.0,0.0,25.0,0.0,0.0,0.0,0.0,50.0,25.0,0.0,0.0,0.0,0.0,0.0,0.0,0.0,0.0,0.0,0.0,0.0,0.0,0.0,0.0,0.0,T08,2
YouTube::@JorgePerez-kc3qg,YouTube,1,4,0,0,0,0,0,1,1,0,0,0,0,0,0,2,0,0,0,0,0,0,0,0,0,0,0,0.0,0.0,0.0,0.0,0.0,25.0,25.0,0.0,0.0,0.0,0.0,0.0,0.0,50.0,0.0,0.0,0.0,0.0,0.0,0.0,0.0,0.0,0.0,0.0,0.0,T13,2
YouTube::@JorgePerez-ov6jb,YouTube,1,8,0,0,0,1,0,0,1,0,2,0,2,0,0,0,1,0,0,0,0,0,0,0,1,0,0,0.0,0.0,0.0,12.5,0.0,0.0,12.5,0.0,25.0,0.0,25.0,0.0,0.0,0.0,12.5,0.0,0.0,0.0,0.0,0.0,0.0,0.0,12.5,0.0,0.0,T10,2
YouTube::@JorgedeJesúsBacaLópez,YouTube,1,5,0,0,0,0,1,0,1,0,0,0,1,0,1,0,0,0,0,1,0,0,0,0,0,0,0,0.0,0.0,0.0,0.0,20.0,0.0,20.0,0.0,0.0,0.0,20.0,0.0,20.0,0.0,0.0,0.0,0.0,20.0,0.0,0.0,0.0,0.0,0.0,0.0,0.0,T04,1
YouTube::@Jorgeluis-qp5ov,YouTube,1,1,0,0,0,0,1,0,0,0,0,0,0,0,0,0,0,0,0,0,0,0,0,0,0,0,0,0.0,0.0,0.0,0.0,100.0,0.0,0.0,0.0,0.0,0.0,0.0,0.0,0.0,0.0,0.0,0.0,0.0,0.0,0.0,0.0,0.0,0.0,0.0,0.0,0.0,T04,1
YouTube::@JoseAbrahamMezaMartínez-b6p,YouTube,1,9,0,0,0,0,0,0,1,1,1,0,0,1,2,0,0,0,0,0,0,0,0,1,2,0,0,0.0,0.0,0.0,0.0,0.0,0.0,11.1,11.1,11.1,0.0,0.0,11.1,22.2,0.0,0.0,0.0,0.0,0.0,0.0,0.0,0.0,11.1,22.2,0.0,0.0,T22,2
YouTube::@JoseAlfonsoMichauzBastida,YouTube,1,8,1,0,0,0,0,0,0,0,1,2,0,0,0,1,1,1,0,0,0,0,0,1,0,0,0,12.5,0.0,0.0,0.0,0.0,0.0,0.0,0.0,12.5,25.0,0.0,0.0,0.0,12.5,12.5,12.5,0.0,0.0,0.0,0.0,0.0,12.5,0.0,0.0,0.0,T09,2
YouTube::@JoseAlonso-b9m,YouTube,1,4,0,0,0,0,0,0,2,0,0,0,0,0,0,0,0,0,0,0,0,0,1,0,1,0,0,0.0,0.0,0.0,0.0,0.0,0.0,50.0,0.0,0.0,0.0,0.0,0.0,0.0,0.0,0.0,0.0,0.0,0.0,0.0,0.0,25.0,0.0,25.0,0.0,0.0,T06,2
YouTube::@JoseAngelMartinezMercado,YouTube,1,1,0,0,0,0,0,0,0,0,0,0,0,0,0,0,0,0,0,0,0,0,0,1,0,0,0,0.0,0.0,0.0,0.0,0.0,0.0,0.0,0.0,0.0,0.0,0.0,0.0,0.0,0.0,0.0,0.0,0.0,0.0,0.0,0.0,0.0,100.0,0.0,0.0,0.0,T21,1
YouTube::@JoseBerrelleza-ld7kg,YouTube,1,4,0,0,0,1,1,0,0,0,0,0,0,1,0,0,0,0,0,1,0,0,0,0,0,0,0,0.0,0.0,0.0,25.0,25.0,0.0,0.0,0.0,0.0,0.0,0.0,25.0,0.0,0.0,0.0,0.0,0.0,25.0,0.0,0.0,0.0,0.0,0.0,0.0,0.0,T11,1
YouTube::@JoseCruz-cb9cg,YouTube,1,2,0,0,0,0,0,0,1,0,1,0,0,0,0,0,0,0,0,0,0,0,0,0,0,0,0,0.0,0.0,0.0,0.0,0.0,0.0,50.0,0.0,50.0,0.0,0.0,0.0,0.0,0.0,0.0,0.0,0.0,0.0,0.0,0.0,0.0,0.0,0.0,0.0,0.0,T08,1
YouTube::@JoseGarcia-xi7ng,YouTube,1,4,1,0,0,0,0,0,0,0,0,0,1,1,0,0,0,0,0,0,0,0,1,0,0,0,0,25.0,0.0,0.0,0.0,0.0,0.0,0.0,0.0,0.0,0.0,25.0,25.0,0.0,0.0,0.0,0.0,0.0,0.0,0.0,0.0,25.0,0.0,0.0,0.0,0.0,T00,1
YouTube::@JoseHernández-g5v,YouTube,1,4,0,0,0,0,0,0,0,0,1,0,0,1,0,0,0,0,0,0,0,0,1,1,0,0,0,0.0,0.0,0.0,0.0,0.0,0.0,0.0,0.0,25.0,0.0,0.0,25.0,0.0,0.0,0.0,0.0,0.0,0.0,0.0,0.0,25.0,25.0,0.0,0.0,0.0,T08,1
YouTube::@JoseMontelongo-d9c6j,YouTube,1,5,0,0,0,1,0,0,2,0,1,0,0,0,0,0,0,0,0,0,0,0,0,1,0,0,0,0.0,0.0,0.0,20.0,0.0,0.0,40.0,0.0,20.0,0.0,0.0,0.0,0.0,0.0,0.0,0.0,0.0,0.0,0.0,0.0,0.0,20.0,0.0,0.0,0.0,T06,2
YouTube::@JosePabloJuarezGarcia,YouTube,1,3,0,0,0,0,0,0,0,1,0,0,0,0,0,0,0,0,0,0,0,0,0,1,1,0,0,0.0,0.0,0.0,0.0,0.0,0.0,0.0,33.3,0.0,0.0,0.0,0.0,0.0,0.0,0.0,0.0,0.0,0.0,0.0,0.0,0.0,33.3,33.3,0.0,0.0,T22,1
YouTube::@JosealejandroLiravega,YouTube,1,5,0,1,0,0,0,1,0,0,1,0,1,0,0,0,0,0,0,1,0,0,0,0,0,0,0,0.0,20.0,0.0,0.0,0.0,20.0,0.0,0.0,20.0,0.0,20.0,0.0,0.0,0.0,0.0,0.0,0.0,20.0,0.0,0.0,0.0,0.0,0.0,0.0,0.0,T01,1
YouTube::@JoseantonioLinarestorres,YouTube,1,2,0,0,1,0,0,0,1,0,0,0,0,0,0,0,0,0,0,0,0,0,0,0,0,0,0,0.0,0.0,50.0,0.0,0.0,0.0,50.0,0.0,0.0,0.0,0.0,0.0,0.0,0.0,0.0,0.0,0.0,0.0,0.0,0.0,0.0,0.0,0.0,0.0,0.0,T02,1
YouTube::@JosefinaChavez-n7b,YouTube,1,2,0,0,0,0,1,1,0,0,0,0,0,0,0,0,0,0,0,0,0,0,0,0,0,0,0,0.0,0.0,0.0,0.0,50.0,50.0,0.0,0.0,0.0,0.0,0.0,0.0,0.0,0.0,0.0,0.0,0.0,0.0,0.0,0.0,0.0,0.0,0.0,0.0,0.0,T04,1
YouTube::@JosefinaRamirez-f7l,YouTube,1,3,0,0,0,0,0,0,2,0,0,0,1,0,0,0,0,0,0,0,0,0,0,0,0,0,0,0.0,0.0,0.0,0.0,0.0,0.0,66.7,0.0,0.0,0.0,33.3,0.0,0.0,0.0,0.0,0.0,0.0,0.0,0.0,0.0,0.0,0.0,0.0,0.0,0.0,T06,2
YouTube::@JoseluismarianoVazquezmartinez,YouTube,1,4,0,0,0,0,0,0,0,0,0,0,0,0,0,0,0,0,0,0,0,0,0,4,0,0,0,0.0,0.0,0.0,0.0,0.0,0.0,0.0,0.0,0.0,0.0,0.0,0.0,0.0,0.0,0.0,0.0,0.0,0.0,0.0,0.0,0.0,100.0,0.0,0.0,0.0,T21,4
YouTube::@JoseventuraCatete,YouTube,1,2,0,0,0,0,0,0,0,0,1,0,0,0,0,0,0,0,0,0,0,0,0,1,0,0,0,0.0,0.0,0.0,0.0,0.0,0.0,0.0,0.0,50.0,0.0,0.0,0.0,0.0,0.0,0.0,0.0,0.0,0.0,0.0,0.0,0.0,50.0,0.0,0.0,0.0,T21,1
YouTube::@Josue-c7s,YouTube,1,8,0,0,0,1,0,0,7,0,0,0,0,0,0,0,0,0,0,0,0,0,0,0,0,0,0,0.0,0.0,0.0,12.5,0.0,0.0,87.5,0.0,0.0,0.0,0.0,0.0,0.0,0.0,0.0,0.0,0.0,0.0,0.0,0.0,0.0,0.0,0.0,0.0,0.0,T06,7
YouTube::@JoséArturoMartinezRodrigue-u3q,YouTube,1,13,0,1,1,0,0,0,0,0,1,0,0,0,0,0,0,0,0,0,0,0,0,7,1,2,0,0.0,7.7,7.7,0.0,0.0,0.0,0.0,0.0,7.7,0.0,0.0,0.0,0.0,0.0,0.0,0.0,0.0,0.0,0.0,0.0,0.0,53.8,7.7,15.4,0.0,T21,7
YouTube::@JoséFernandoBaezaAguilar-m3g,YouTube,1,8,0,0,0,2,0,0,3,0,0,1,0,0,0,0,0,1,0,0,0,0,1,0,0,0,0,0.0,0.0,0.0,25.0,0.0,0.0,37.5,0.0,0.0,12.5,0.0,0.0,0.0,0.0,0.0,12.5,0.0,0.0,0.0,0.0,12.5,0.0,0.0,0.0,0.0,T06,3
YouTube::@JoséIsmaelSolGonzález,YouTube,1,5,0,0,0,1,0,0,2,0,0,0,0,0,0,0,0,1,0,0,0,0,0,0,1,0,0,0.0,0.0,0.0,20.0,0.0,0.0,40.0,0.0,0.0,0.0,0.0,0.0,0.0,0.0,0.0,20.0,0.0,0.0,0.0,0.0,0.0,0.0,20.0,0.0,0.0,T06,2
YouTube::@JoséalfredoLunaVillegas-r4v,YouTube,1,2,0,0,0,0,1,0,1,0,0,0,0,0,0,0,0,0,0,0,0,0,0,0,0,0,0,0.0,0.0,0.0,0.0,50.0,0.0,50.0,0.0,0.0,0.0,0.0,0.0,0.0,0.0,0.0,0.0,0.0,0.0,0.0,0.0,0.0,0.0,0.0,0.0,0.0,T04,1
YouTube::@JovitaLopez-r3m,YouTube,1,3,0,0,0,0,0,0,1,0,0,0,0,0,0,0,0,1,0,0,0,0,0,1,0,0,0,0.0,0.0,0.0,0.0,0.0,0.0,33.3,0.0,0.0,0.0,0.0,0.0,0.0,0.0,0.0,33.3,0.0,0.0,0.0,0.0,0.0,33.3,0.0,0.0,0.0,T06,1
YouTube::@Juan-b6c1h,YouTube,1,3,0,1,0,0,0,0,0,0,0,0,0,0,0,0,0,0,0,0,0,0,0,2,0,0,0,0.0,33.3,0.0,0.0,0.0,0.0,0.0,0.0,0.0,0.0,0.0,0.0,0.0,0.0,0.0,0.0,0.0,0.0,0.0,0.0,0.0,66.7,0.0,0.0,0.0,T21,2
YouTube::@JuanAlcocer-d2y,YouTube,1,0,0,0,0,0,0,0,0,0,0,0,0,0,0,0,0,0,0,0,0,0,0,0,0,0,0,0.0,0.0,0.0,0.0,0.0,0.0,0.0,0.0,0.0,0.0,0.0,0.0,0.0,0.0,0.0,0.0,0.0,0.0,0.0,0.0,0.0,0.0,0.0,0.0,0.0,,0
YouTube::@JuanAmaral-g8w,YouTube,1,11,0,0,0,0,0,0,5,0,1,0,1,0,0,1,2,0,0,0,0,0,0,0,1,0,0,0.0,0.0,0.0,0.0,0.0,0.0,45.5,0.0,9.1,0.0,9.1,0.0,0.0,9.1,18.2,0.0,0.0,0.0,0.0,0.0,0.0,0.0,9.1,0.0,0.0,T06,5
YouTube::@JuanCarlosFuentesSolano,YouTube,1,0,0,0,0,0,0,0,0,0,0,0,0,0,0,0,0,0,0,0,0,0,0,0,0,0,0,0.0,0.0,0.0,0.0,0.0,0.0,0.0,0.0,0.0,0.0,0.0,0.0,0.0,0.0,0.0,0.0,0.0,0.0,0.0,0.0,0.0,0.0,0.0,0.0,0.0,,0
YouTube::@JuanCarlosJobs,YouTube,1,2,0,0,0,0,0,0,0,1,0,0,0,0,0,0,0,0,0,0,0,0,0,1,0,0,0,0.0,0.0,0.0,0.0,0.0,0.0,0.0,50.0,0.0,0.0,0.0,0.0,0.0,0.0,0.0,0.0,0.0,0.0,0.0,0.0,0.0,50.0,0.0,0.0,0.0,T21,1
YouTube::@JuanCruz-x2f,YouTube,1,1,0,0,0,0,0,0,0,0,0,0,0,0,0,0,0,0,0,0,1,0,0,0,0,0,0,0.0,0.0,0.0,0.0,0.0,0.0,0.0,0.0,0.0,0.0,0.0,0.0,0.0,0.0,0.0,0.0,0.0,0.0,100.0,0.0,0.0,0.0,0.0,0.0,0.0,T18,1
YouTube::@JuanDomínguez-y5z,YouTube,1,0,0,0,0,0,0,0,0,0,0,0,0,0,0,0,0,0,0,0,0,0,0,0,0,0,0,0.0,0.0,0.0,0.0,0.0,0.0,0.0,0.0,0.0,0.0,0.0,0.0,0.0,0.0,0.0,0.0,0.0,0.0,0.0,0.0,0.0,0.0,0.0,0.0,0.0,,0
YouTube::@JuanFernandez-m8d,YouTube,1,6,0,0,0,0,0,0,0,0,0,0,0,0,0,0,0,0,0,0,0,0,0,5,0,0,1,0.0,0.0,0.0,0.0,0.0,0.0,0.0,0.0,0.0,0.0,0.0,0.0,0.0,0.0,0.0,0.0,0.0,0.0,0.0,0.0,0.0,83.3,0.0,0.0,16.7,T21,5
YouTube::@JuanGonzalez-xu4dh,YouTube,2,15,1,0,0,1,2,1,0,2,1,2,0,0,1,0,1,0,0,0,0,1,0,0,1,1,0,6.7,0.0,0.0,6.7,13.3,6.7,0.0,13.3,6.7,13.3,0.0,0.0,6.7,0.0,6.7,0.0,0.0,0.0,0.0,6.7,0.0,0.0,6.7,6.7,0.0,T07,2
YouTube::@JuanIgnacioMendozaChávez-l8z2p,YouTube,2,7,0,0,0,0,0,0,1,0,0,0,0,0,0,0,0,0,0,0,1,1,0,3,0,0,1,0.0,0.0,0.0,0.0,0.0,0.0,14.3,0.0,0.0,0.0,0.0,0.0,0.0,0.0,0.0,0.0,0.0,0.0,14.3,14.3,0.0,42.9,0.0,0.0,14.3,T21,3
YouTube::@JuanJose-ir1rs,YouTube,1,3,0,0,0,0,0,0,3,0,0,0,0,0,0,0,0,0,0,0,0,0,0,0,0,0,0,0.0,0.0,0.0,0.0,0.0,0.0,100.0,0.0,0.0,0.0,0.0,0.0,0.0,0.0,0.0,0.0,0.0,0.0,0.0,0.0,0.0,0.0,0.0,0.0,0.0,T06,3
YouTube::@JuanMendoza-kr6ti,YouTube,1,3,0,0,0,0,0,0,0,0,0,0,0,0,0,0,0,0,0,0,0,0,0,2,0,1,0,0.0,0.0,0.0,0.0,0.0,0.0,0.0,0.0,0.0,0.0,0.0,0.0,0.0,0.0,0.0,0.0,0.0,0.0,0.0,0.0,0.0,66.7,0.0,33.3,0.0,T21,2
YouTube::@JuanOrtega-wj8lf,YouTube,1,2,0,0,0,0,1,0,0,0,0,0,0,1,0,0,0,0,0,0,0,0,0,0,0,0,0,0.0,0.0,0.0,0.0,50.0,0.0,0.0,0.0,0.0,0.0,0.0,50.0,0.0,0.0,0.0,0.0,0.0,0.0,0.0,0.0,0.0,0.0,0.0,0.0,0.0,T11,1
YouTube::@JuanPerez-x4n4s,YouTube,1,5,1,0,0,2,1,0,0,0,0,0,0,0,0,0,0,0,0,0,0,0,0,0,1,0,0,20.0,0.0,0.0,40.0,20.0,0.0,0.0,0.0,0.0,0.0,0.0,0.0,0.0,0.0,0.0,0.0,0.0,0.0,0.0,0.0,0.0,0.0,20.0,0.0,0.0,T03,2
YouTube::@JuanSalazar_13,YouTube,1,2,0,0,0,0,0,0,0,0,1,0,0,0,0,0,0,0,0,0,0,0,0,0,0,0,1,0.0,0.0,0.0,0.0,0.0,0.0,0.0,0.0,50.0,0.0,0.0,0.0,0.0,0.0,0.0,0.0,0.0,0.0,0.0,0.0,0.0,0.0,0.0,0.0,50.0,T08,1
YouTube::@JuanSanchez-fq8br,YouTube,1,5,0,1,1,0,0,0,0,0,0,0,0,0,0,0,0,0,0,0,1,1,0,1,0,0,0,0.0,20.0,20.0,0.0,0.0,0.0,0.0,0.0,0.0,0.0,0.0,0.0,0.0,0.0,0.0,0.0,0.0,0.0,20.0,20.0,0.0,20.0,0.0,0.0,0.0,T18,1
YouTube::@JuancarlosSanchezjimenez-q6p2t,YouTube,1,5,0,0,0,0,0,0,1,0,0,0,0,1,1,0,0,0,0,0,0,0,0,2,0,0,0,0.0,0.0,0.0,0.0,0.0,0.0,20.0,0.0,0.0,0.0,0.0,20.0,20.0,0.0,0.0,0.0,0.0,0.0,0.0,0.0,0.0,40.0,0.0,0.0,0.0,T21,2
YouTube::@JuancmxCl,YouTube,1,4,0,0,0,1,0,0,0,0,1,0,0,0,0,0,0,0,0,0,0,0,0,1,0,0,1,0.0,0.0,0.0,25.0,0.0,0.0,0.0,0.0,25.0,0.0,0.0,0.0,0.0,0.0,0.0,0.0,0.0,0.0,0.0,0.0,0.0,25.0,0.0,0.0,25.0,T03,1
YouTube::@JuliAlcantar-t6g,YouTube,1,17,0,0,0,1,0,1,4,0,1,3,0,1,0,0,2,0,0,0,2,1,0,0,1,0,0,0.0,0.0,0.0,5.9,0.0,5.9,23.5,0.0,5.9,17.6,0.0,5.9,0.0,0.0,11.8,0.0,0.0,0.0,11.8,5.9,0.0,0.0,5.9,0.0,0.0,T06,4
YouTube::@JuliaPatiñoLeon-l9w,YouTube,1,7,0,0,1,0,1,0,2,0,0,2,0,0,1,0,0,0,0,0,0,0,0,0,0,0,0,0.0,0.0,14.3,0.0,14.3,0.0,28.6,0.0,0.0,28.6,0.0,0.0,14.3,0.0,0.0,0.0,0.0,0.0,0.0,0.0,0.0,0.0,0.0,0.0,0.0,T06,2
YouTube::@JulianDiaz-yj2mx,YouTube,1,1,0,0,0,0,0,0,0,0,0,0,1,0,0,0,0,0,0,0,0,0,0,0,0,0,0,0.0,0.0,0.0,0.0,0.0,0.0,0.0,0.0,0.0,0.0,100.0,0.0,0.0,0.0,0.0,0.0,0.0,0.0,0.0,0.0,0.0,0.0,0.0,0.0,0.0,T10,1
YouTube::@JulianLopez-c9d,YouTube,1,1,0,0,0,0,0,0,0,0,0,0,1,0,0,0,0,0,0,0,0,0,0,0,0,0,0,0.0,0.0,0.0,0.0,0.0,0.0,0.0,0.0,0.0,0.0,100.0,0.0,0.0,0.0,0.0,0.0,0.0,0.0,0.0,0.0,0.0,0.0,0.0,0.0,0.0,T10,1
YouTube::@Julio-l7r4e,YouTube,3,21,0,0,0,0,2,0,9,0,0,0,0,0,0,0,0,0,1,0,2,1,0,4,0,0,2,0.0,0.0,0.0,0.0,9.5,0.0,42.9,0.0,0.0,0.0,0.0,0.0,0.0,0.0,0.0,0.0,4.8,0.0,9.5,4.8,0.0,19.0,0.0,0.0,9.5,T06,9
YouTube::@JulioCesar-z9i2l,YouTube,1,11,0,1,1,0,0,0,0,0,0,0,1,1,1,0,0,0,0,0,1,0,0,4,1,0,0,0.0,9.1,9.1,0.0,0.0,0.0,0.0,0.0,0.0,0.0,9.1,9.1,9.1,0.0,0.0,0.0,0.0,0.0,9.1,0.0,0.0,36.4,9.1,0.0,0.0,T21,4
YouTube::@JulioMontoya-p4v,YouTube,1,4,0,0,0,1,0,0,1,0,0,0,0,0,0,0,0,0,0,1,0,0,0,0,0,0,1,0.0,0.0,0.0,25.0,0.0,0.0,25.0,0.0,0.0,0.0,0.0,0.0,0.0,0.0,0.0,0.0,0.0,25.0,0.0,0.0,0.0,0.0,0.0,0.0,25.0,T06,1
YouTube::@JulioPardoBuil,YouTube,1,8,0,0,0,0,0,1,0,0,0,1,0,0,0,0,0,0,0,1,1,0,0,2,1,1,0,0.0,0.0,0.0,0.0,0.0,12.5,0.0,0.0,0.0,12.5,0.0,0.0,0.0,0.0,0.0,0.0,0.0,12.5,12.5,0.0,0.0,25.0,12.5,12.5,0.0,T21,2
YouTube::@JulioPicazo-u1y,YouTube,1,1,0,0,0,0,1,0,0,0,0,0,0,0,0,0,0,0,0,0,0,0,0,0,0,0,0,0.0,0.0,0.0,0.0,100.0,0.0,0.0,0.0,0.0,0.0,0.0,0.0,0.0,0.0,0.0,0.0,0.0,0.0,0.0,0.0,0.0,0.0,0.0,0.0,0.0,T04,1
YouTube::@JulionaErizabet,YouTube,1,2,0,0,0,0,0,1,1,0,0,0,0,0,0,0,0,0,0,0,0,0,0,0,0,0,0,0.0,0.0,0.0,0.0,0.0,50.0,50.0,0.0,0.0,0.0,0.0,0.0,0.0,0.0,0.0,0.0,0.0,0.0,0.0,0.0,0.0,0.0,0.0,0.0,0.0,T06,1
YouTube::@Karina1234XD,YouTube,2,7,0,0,0,1,0,0,6,0,0,0,0,0,0,0,0,0,0,0,0,0,0,0,0,0,0,0.0,0.0,0.0,14.3,0.0,0.0,85.7,0.0,0.0,0.0,0.0,0.0,0.0,0.0,0.0,0.0,0.0,0.0,0.0,0.0,0.0,0.0,0.0,0.0,0.0,T06,6
YouTube::@KarlaIsabelFlores,YouTube,1,6,0,0,0,1,0,0,3,0,0,0,0,0,0,0,0,0,0,0,0,0,0,1,0,1,0,0.0,0.0,0.0,16.7,0.0,0.0,50.0,0.0,0.0,0.0,0.0,0.0,0.0,0.0,0.0,0.0,0.0,0.0,0.0,0.0,0.0,16.7,0.0,16.7,0.0,T06,3
YouTube::@KarmenGuadalupe-z8t5c,YouTube,1,9,1,0,0,1,1,0,3,0,0,0,0,0,0,1,2,0,0,0,0,0,0,0,0,0,0,11.1,0.0,0.0,11.1,11.1,0.0,33.3,0.0,0.0,0.0,0.0,0.0,0.0,11.1,22.2,0.0,0.0,0.0,0.0,0.0,0.0,0.0,0.0,0.0,0.0,T06,3
YouTube::@KarymeMorales-t6c,YouTube,1,7,0,0,1,1,0,0,0,0,0,0,0,0,0,0,0,0,0,1,0,1,0,0,1,2,0,0.0,0.0,14.3,14.3,0.0,0.0,0.0,0.0,0.0,0.0,0.0,0.0,0.0,0.0,0.0,0.0,0.0,14.3,0.0,14.3,0.0,0.0,14.3,28.6,0.0,T23,2
YouTube::@KevinEfrainGuadarramaMoral-h1o,YouTube,1,3,0,0,0,0,0,0,0,0,0,0,1,2,0,0,0,0,0,0,0,0,0,0,0,0,0,0.0,0.0,0.0,0.0,0.0,0.0,0.0,0.0,0.0,0.0,33.3,66.7,0.0,0.0,0.0,0.0,0.0,0.0,0.0,0.0,0.0,0.0,0.0,0.0,0.0,T11,2
YouTube::@KevinSantos-so9lm,YouTube,5,19,0,0,0,0,1,1,9,0,0,0,0,0,0,2,1,1,0,0,1,0,0,0,2,1,0,0.0,0.0,0.0,0.0,5.3,5.3,47.4,0.0,0.0,0.0,0.0,0.0,0.0,10.5,5.3,5.3,0.0,0.0,5.3,0.0,0.0,0.0,10.5,5.3,0.0,T06,9
YouTube::@KhanKarkasss,YouTube,1,7,0,0,0,0,1,0,5,0,0,1,0,0,0,0,0,0,0,0,0,0,0,0,0,0,0,0.0,0.0,0.0,0.0,14.3,0.0,71.4,0.0,0.0,14.3,0.0,0.0,0.0,0.0,0.0,0.0,0.0,0.0,0.0,0.0,0.0,0.0,0.0,0.0,0.0,T06,5
YouTube::@Kingempiretgz,YouTube,1,6,0,0,0,0,2,0,2,0,0,0,1,0,0,0,0,0,0,0,1,0,0,0,0,0,0,0.0,0.0,0.0,0.0,33.3,0.0,33.3,0.0,0.0,0.0,16.7,0.0,0.0,0.0,0.0,0.0,0.0,0.0,16.7,0.0,0.0,0.0,0.0,0.0,0.0,T06,2
YouTube::@KkausAyala,YouTube,1,1,0,0,0,0,0,0,0,0,0,0,0,0,0,0,0,0,0,0,0,0,0,0,1,0,0,0.0,0.0,0.0,0.0,0.0,0.0,0.0,0.0,0.0,0.0,0.0,0.0,0.0,0.0,0.0,0.0,0.0,0.0,0.0,0.0,0.0,0.0,100.0,0.0,0.0,T22,1
YouTube::@Kontrainformate,YouTube,2,5,0,0,0,0,1,0,0,0,2,0,0,1,0,0,0,0,0,0,0,0,0,0,1,0,0,0.0,0.0,0.0,0.0,20.0,0.0,0.0,0.0,40.0,0.0,0.0,20.0,0.0,0.0,0.0,0.0,0.0,0.0,0.0,0.0,0.0,0.0,20.0,0.0,0.0,T08,2
YouTube::@LA777-REY,YouTube,1,6,0,0,1,0,1,0,1,1,0,0,0,0,0,0,0,0,0,0,0,0,0,0,2,0,0,0.0,0.0,16.7,0.0,16.7,0.0,16.7,16.7,0.0,0.0,0.0,0.0,0.0,0.0,0.0,0.0,0.0,0.0,0.0,0.0,0.0,0.0,33.3,0.0,0.0,T22,2
YouTube::@LAMI-f7i,YouTube,1,2,0,0,0,0,0,1,1,0,0,0,0,0,0,0,0,0,0,0,0,0,0,0,0,0,0,0.0,0.0,0.0,0.0,0.0,50.0,50.0,0.0,0.0,0.0,0.0,0.0,0.0,0.0,0.0,0.0,0.0,0.0,0.0,0.0,0.0,0.0,0.0,0.0,0.0,T05,1
YouTube::@LAURACECILIANAFATE,YouTube,1,3,0,0,0,0,0,0,0,0,0,1,0,0,0,0,0,0,0,0,0,0,0,1,0,0,1,0.0,0.0,0.0,0.0,0.0,0.0,0.0,0.0,0.0,33.3,0.0,0.0,0.0,0.0,0.0,0.0,0.0,0.0,0.0,0.0,0.0,33.3,0.0,0.0,33.3,T09,1
YouTube::@LIZELDAJAIMESGOMEZ,YouTube,1,5,0,0,0,0,1,1,1,0,0,0,0,0,0,0,1,1,0,0,0,0,0,0,0,0,0,0.0,0.0,0.0,0.0,20.0,20.0,20.0,0.0,0.0,0.0,0.0,0.0,0.0,0.0,20.0,20.0,0.0,0.0,0.0,0.0,0.0,0.0,0.0,0.0,0.0,T06,1
YouTube::@LN16luznat,YouTube,1,6,0,0,0,0,1,0,0,0,0,1,0,0,0,0,0,0,0,0,0,0,0,4,0,0,0,0.0,0.0,0.0,0.0,16.7,0.0,0.0,0.0,0.0,16.7,0.0,0.0,0.0,0.0,0.0,0.0,0.0,0.0,0.0,0.0,0.0,66.7,0.0,0.0,0.0,T21,4
YouTube::@LP-ss3rq,YouTube,1,3,0,0,0,1,1,0,1,0,0,0,0,0,0,0,0,0,0,0,0,0,0,0,0,0,0,0.0,0.0,0.0,33.3,33.3,0.0,33.3,0.0,0.0,0.0,0.0,0.0,0.0,0.0,0.0,0.0,0.0,0.0,0.0,0.0,0.0,0.0,0.0,0.0,0.0,T03,1
YouTube::@LULA-f2d,YouTube,1,7,0,0,0,0,0,0,1,0,1,1,0,0,0,0,0,0,0,1,0,0,0,1,2,0,0,0.0,0.0,0.0,0.0,0.0,0.0,14.3,0.0,14.3,14.3,0.0,0.0,0.0,0.0,0.0,0.0,0.0,14.3,0.0,0.0,0.0,14.3,28.6,0.0,0.0,T22,2
YouTube::@LaChefcita23,YouTube,1,19,0,0,3,1,0,1,3,0,1,0,2,0,0,0,0,0,1,1,1,0,0,2,1,2,0,0.0,0.0,15.8,5.3,0.0,5.3,15.8,0.0,5.3,0.0,10.5,0.0,0.0,0.0,0.0,0.0,5.3,5.3,5.3,0.0,0.0,10.5,5.3,10.5,0.0,T02,3
YouTube::@LaCronicaDelMal,YouTube,1,9,0,0,0,0,0,2,2,0,2,0,0,2,0,0,0,0,1,0,0,0,0,0,0,0,0,0.0,0.0,0.0,0.0,0.0,22.2,22.2,0.0,22.2,0.0,0.0,22.2,0.0,0.0,0.0,0.0,11.1,0.0,0.0,0.0,0.0,0.0,0.0,0.0,0.0,T06,2
YouTube::@LaDiaz23,YouTube,1,4,0,0,0,0,0,0,2,0,0,0,0,0,0,0,0,1,0,0,0,0,0,0,1,0,0,0.0,0.0,0.0,0.0,0.0,0.0,50.0,0.0,0.0,0.0,0.0,0.0,0.0,0.0,0.0,25.0,0.0,0.0,0.0,0.0,0.0,0.0,25.0,0.0,0.0,T06,2
YouTube::@LaayyOnn,YouTube,1,1,0,0,0,0,0,0,0,0,0,0,0,0,0,0,0,0,0,0,1,0,0,0,0,0,0,0.0,0.0,0.0,0.0,0.0,0.0,0.0,0.0,0.0,0.0,0.0,0.0,0.0,0.0,0.0,0.0,0.0,0.0,100.0,0.0,0.0,0.0,0.0,0.0,0.0,T18,1
YouTube::@Lachicadehumo4120,YouTube,1,10,0,0,0,0,0,2,4,0,0,1,0,1,0,0,0,0,1,0,0,1,0,0,0,0,0,0.0,0.0,0.0,0.0,0.0,20.0,40.0,0.0,0.0,10.0,0.0,10.0,0.0,0.0,0.0,0.0,10.0,0.0,0.0,10.0,0.0,0.0,0.0,0.0,0.0,T06,4
YouTube::@LadyPurpura,YouTube,1,4,0,0,1,0,0,1,1,0,0,0,0,0,0,0,1,0,0,0,0,0,0,0,0,0,0,0.0,0.0,25.0,0.0,0.0,25.0,25.0,0.0,0.0,0.0,0.0,0.0,0.0,0.0,25.0,0.0,0.0,0.0,0.0,0.0,0.0,0.0,0.0,0.0,0.0,T06,1
YouTube::@LaloLanda-p2e,YouTube,1,3,0,0,1,0,0,0,2,0,0,0,0,0,0,0,0,0,0,0,0,0,0,0,0,0,0,0.0,0.0,33.3,0.0,0.0,0.0,66.7,0.0,0.0,0.0,0.0,0.0,0.0,0.0,0.0,0.0,0.0,0.0,0.0,0.0,0.0,0.0,0.0,0.0,0.0,T06,2
YouTube::@Lalobfmx,YouTube,1,3,0,0,0,0,1,0,2,0,0,0,0,0,0,0,0,0,0,0,0,0,0,0,0,0,0,0.0,0.0,0.0,0.0,33.3,0.0,66.7,0.0,0.0,0.0,0.0,0.0,0.0,0.0,0.0,0.0,0.0,0.0,0.0,0.0,0.0,0.0,0.0,0.0,0.0,T06,2
YouTube::@Lariza734,YouTube,1,3,0,0,0,0,0,0,1,0,1,1,0,0,0,0,0,0,0,0,0,0,0,0,0,0,0,0.0,0.0,0.0,0.0,0.0,0.0,33.3,0.0,33.3,33.3,0.0,0.0,0.0,0.0,0.0,0.0,0.0,0.0,0.0,0.0,0.0,0.0,0.0,0.0,0.0,T09,1
YouTube::@LauraHernandez-xe9se,YouTube,1,10,0,0,0,0,0,0,2,0,0,3,0,0,1,0,0,0,0,0,0,1,0,2,0,0,1,0.0,0.0,0.0,0.0,0.0,0.0,20.0,0.0,0.0,30.0,0.0,0.0,10.0,0.0,0.0,0.0,0.0,0.0,0.0,10.0,0.0,20.0,0.0,0.0,10.0,T09,3
YouTube::@LauraMalfoyAudiolibros,YouTube,1,2,0,0,0,0,0,0,1,0,0,0,0,0,0,0,0,0,0,0,0,0,0,1,0,0,0,0.0,0.0,0.0,0.0,0.0,0.0,50.0,0.0,0.0,0.0,0.0,0.0,0.0,0.0,0.0,0.0,0.0,0.0,0.0,0.0,0.0,50.0,0.0,0.0,0.0,T21,1
YouTube::@Lcg1960,YouTube,1,3,0,0,0,1,0,1,0,0,0,0,0,0,0,0,0,0,0,0,0,0,0,1,0,0,0,0.0,0.0,0.0,33.3,0.0,33.3,0.0,0.0,0.0,0.0,0.0,0.0,0.0,0.0,0.0,0.0,0.0,0.0,0.0,0.0,0.0,33.3,0.0,0.0,0.0,T21,1
YouTube::@LeidysTorrealba-x8t,YouTube,1,2,0,0,0,0,0,0,1,0,0,1,0,0,0,0,0,0,0,0,0,0,0,0,0,0,0,0.0,0.0,0.0,0.0,0.0,0.0,50.0,0.0,0.0,50.0,0.0,0.0,0.0,0.0,0.0,0.0,0.0,0.0,0.0,0.0,0.0,0.0,0.0,0.0,0.0,T09,1
YouTube::@LeoDíaz-z9z,YouTube,1,5,0,0,0,1,1,0,1,0,0,0,0,0,0,0,1,0,0,0,0,0,0,1,0,0,0,0.0,0.0,0.0,20.0,20.0,0.0,20.0,0.0,0.0,0.0,0.0,0.0,0.0,0.0,20.0,0.0,0.0,0.0,0.0,0.0,0.0,20.0,0.0,0.0,0.0,T21,1
YouTube::@LeonS.Kennedy-ee9sn,YouTube,1,5,0,1,0,1,1,0,0,0,1,0,1,0,0,0,0,0,0,0,0,0,0,0,0,0,0,0.0,20.0,0.0,20.0,20.0,0.0,0.0,0.0,20.0,0.0,20.0,0.0,0.0,0.0,0.0,0.0,0.0,0.0,0.0,0.0,0.0,0.0,0.0,0.0,0.0,T01,1
YouTube::@Leonardoramalc,YouTube,1,4,0,0,0,0,0,1,0,0,0,0,0,0,0,0,1,0,0,0,0,1,0,0,1,0,0,0.0,0.0,0.0,0.0,0.0,25.0,0.0,0.0,0.0,0.0,0.0,0.0,0.0,0.0,25.0,0.0,0.0,0.0,0.0,25.0,0.0,0.0,25.0,0.0,0.0,T05,1
YouTube::@LeonelLlovera-zp2gg,YouTube,1,5,0,0,0,1,1,0,2,0,0,0,0,0,0,0,0,0,0,0,0,1,0,0,0,0,0,0.0,0.0,0.0,20.0,20.0,0.0,40.0,0.0,0.0,0.0,0.0,0.0,0.0,0.0,0.0,0.0,0.0,0.0,0.0,20.0,0.0,0.0,0.0,0.0,0.0,T06,2
YouTube::@Leopiza-u5j3h,YouTube,1,3,0,0,0,0,0,0,0,0,0,1,0,0,0,1,0,0,0,0,0,0,0,0,1,0,0,0.0,0.0,0.0,0.0,0.0,0.0,0.0,0.0,0.0,33.3,0.0,0.0,0.0,33.3,0.0,0.0,0.0,0.0,0.0,0.0,0.0,0.0,33.3,0.0,0.0,T13,1
YouTube::@LeshoMuñoz,YouTube,1,8,0,0,0,0,0,1,2,1,1,0,0,0,2,0,1,0,0,0,0,0,0,0,0,0,0,0.0,0.0,0.0,0.0,0.0,12.5,25.0,12.5,12.5,0.0,0.0,0.0,25.0,0.0,12.5,0.0,0.0,0.0,0.0,0.0,0.0,0.0,0.0,0.0,0.0,T06,2
YouTube::@LeticiaDominguezMartinez,YouTube,1,5,0,0,0,1,0,0,2,0,0,1,0,0,0,0,0,1,0,0,0,0,0,0,0,0,0,0.0,0.0,0.0,20.0,0.0,0.0,40.0,0.0,0.0,20.0,0.0,0.0,0.0,0.0,0.0,20.0,0.0,0.0,0.0,0.0,0.0,0.0,0.0,0.0,0.0,T06,2
YouTube::@Lety-qw6wb,YouTube,1,1,0,0,0,0,1,0,0,0,0,0,0,0,0,0,0,0,0,0,0,0,0,0,0,0,0,0.0,0.0,0.0,0.0,100.0,0.0,0.0,0.0,0.0,0.0,0.0,0.0,0.0,0.0,0.0,0.0,0.0,0.0,0.0,0.0,0.0,0.0,0.0,0.0,0.0,T04,1
YouTube::@LetyCharls,YouTube,1,30,0,0,2,0,2,3,6,0,1,0,2,1,0,1,1,0,1,1,0,0,0,4,2,2,1,0.0,0.0,6.7,0.0,6.7,10.0,20.0,0.0,3.3,0.0,6.7,3.3,0.0,3.3,3.3,0.0,3.3,3.3,0.0,0.0,0.0,13.3,6.7,6.7,3.3,T06,6
YouTube::@LetzyBribiezca1,YouTube,1,12,0,0,0,0,1,0,6,0,1,0,1,0,0,0,1,0,0,0,0,0,0,1,1,0,0,0.0,0.0,0.0,0.0,8.3,0.0,50.0,0.0,8.3,0.0,8.3,0.0,0.0,0.0,8.3,0.0,0.0,0.0,0.0,0.0,0.0,8.3,8.3,0.0,0.0,T06,6
YouTube::@LeónGaldósEuzkadi,YouTube,3,14,0,0,0,0,0,1,5,0,0,0,2,2,0,0,1,0,0,0,0,0,0,3,0,0,0,0.0,0.0,0.0,0.0,0.0,7.1,35.7,0.0,0.0,0.0,14.3,14.3,0.0,0.0,7.1,0.0,0.0,0.0,0.0,0.0,0.0,21.4,0.0,0.0,0.0,T06,5
YouTube::@LidiaEsperanza-q8m,YouTube,1,7,0,0,0,0,1,0,0,0,0,0,1,0,0,0,2,0,0,1,0,1,0,1,0,0,0,0.0,0.0,0.0,0.0,14.3,0.0,0.0,0.0,0.0,0.0,14.3,0.0,0.0,0.0,28.6,0.0,0.0,14.3,0.0,14.3,0.0,14.3,0.0,0.0,0.0,T14,2
YouTube::@Liliana-ut6ir,YouTube,2,15,0,0,0,0,0,3,5,0,1,0,0,1,0,0,0,3,0,0,0,1,0,0,0,0,1,0.0,0.0,0.0,0.0,0.0,20.0,33.3,0.0,6.7,0.0,0.0,6.7,0.0,0.0,0.0,20.0,0.0,0.0,0.0,6.7,0.0,0.0,0.0,0.0,6.7,T06,5
YouTube::@LilianaTorres-z9i,YouTube,1,4,0,0,0,0,0,0,1,0,1,1,0,0,0,0,0,0,0,0,1,0,0,0,0,0,0,0.0,0.0,0.0,0.0,0.0,0.0,25.0,0.0,25.0,25.0,0.0,0.0,0.0,0.0,0.0,0.0,0.0,0.0,25.0,0.0,0.0,0.0,0.0,0.0,0.0,T18,1
YouTube::@Litoral-r3o,YouTube,1,4,0,0,0,0,0,1,0,0,1,0,0,0,0,0,0,0,0,0,0,0,1,0,1,0,0,0.0,0.0,0.0,0.0,0.0,25.0,0.0,0.0,25.0,0.0,0.0,0.0,0.0,0.0,0.0,0.0,0.0,0.0,0.0,0.0,25.0,0.0,25.0,0.0,0.0,T22,1
YouTube::@LogistikosInmobiliaria,YouTube,1,8,0,0,0,0,0,0,4,0,0,0,0,0,0,0,0,0,0,0,0,1,0,0,2,1,0,0.0,0.0,0.0,0.0,0.0,0.0,50.0,0.0,0.0,0.0,0.0,0.0,0.0,0.0,0.0,0.0,0.0,0.0,0.0,12.5,0.0,0.0,25.0,12.5,0.0,T06,4
YouTube::@LolaMacias-i6k,YouTube,1,5,0,0,1,0,0,0,0,0,0,0,0,0,0,0,0,0,0,0,0,0,0,4,0,0,0,0.0,0.0,20.0,0.0,0.0,0.0,0.0,0.0,0.0,0.0,0.0,0.0,0.0,0.0,0.0,0.0,0.0,0.0,0.0,0.0,0.0,80.0,0.0,0.0,0.0,T21,4
YouTube::@LolyArias-y7o,YouTube,1,2,0,0,1,0,0,0,0,0,0,1,0,0,0,0,0,0,0,0,0,0,0,0,0,0,0,0.0,0.0,50.0,0.0,0.0,0.0,0.0,0.0,0.0,50.0,0.0,0.0,0.0,0.0,0.0,0.0,0.0,0.0,0.0,0.0,0.0,0.0,0.0,0.0,0.0,T02,1
YouTube::@Lordciro2124,YouTube,1,1,1,0,0,0,0,0,0,0,0,0,0,0,0,0,0,0,0,0,0,0,0,0,0,0,0,100.0,0.0,0.0,0.0,0.0,0.0,0.0,0.0,0.0,0.0,0.0,0.0,0.0,0.0,0.0,0.0,0.0,0.0,0.0,0.0,0.0,0.0,0.0,0.0,0.0,T00,1
YouTube::@Lorenzo-s2k,YouTube,1,2,0,0,0,0,0,0,0,0,0,0,0,0,0,1,0,0,0,0,0,0,0,1,0,0,0,0.0,0.0,0.0,0.0,0.0,0.0,0.0,0.0,0.0,0.0,0.0,0.0,0.0,50.0,0.0,0.0,0.0,0.0,0.0,0.0,0.0,50.0,0.0,0.0,0.0,T21,1
YouTube::@LorenzoGuevara-g6i3p,YouTube,1,7,0,1,0,0,1,0,0,0,0,0,0,1,1,0,1,0,0,0,0,0,0,1,1,0,0,0.0,14.3,0.0,0.0,14.3,0.0,0.0,0.0,0.0,0.0,0.0,14.3,14.3,0.0,14.3,0.0,0.0,0.0,0.0,0.0,0.0,14.3,14.3,0.0,0.0,T14,1
YouTube::@LourdesBustamanteSánchez,YouTube,1,1,0,0,0,0,0,0,0,0,1,0,0,0,0,0,0,0,0,0,0,0,0,0,0,0,0,0.0,0.0,0.0,0.0,0.0,0.0,0.0,0.0,100.0,0.0,0.0,0.0,0.0,0.0,0.0,0.0,0.0,0.0,0.0,0.0,0.0,0.0,0.0,0.0,0.0,T08,1
YouTube::@LourdesJovitaSolisCruz-g5h3v,YouTube,2,18,0,0,0,1,1,1,3,0,1,0,0,2,1,0,1,0,0,0,0,3,0,2,1,1,0,0.0,0.0,0.0,5.6,5.6,5.6,16.7,0.0,5.6,0.0,0.0,11.1,5.6,0.0,5.6,0.0,0.0,0.0,0.0,16.7,0.0,11.1,5.6,5.6,0.0,T19,3
YouTube::@LovLov-t4z,YouTube,1,1,0,0,0,0,0,0,0,0,0,1,0,0,0,0,0,0,0,0,0,0,0,0,0,0,0,0.0,0.0,0.0,0.0,0.0,0.0,0.0,0.0,0.0,100.0,0.0,0.0,0.0,0.0,0.0,0.0,0.0,0.0,0.0,0.0,0.0,0.0,0.0,0.0,0.0,T09,1
YouTube::@LuLuMedina-n3r,YouTube,1,3,0,0,0,1,0,0,0,0,1,0,0,0,0,0,1,0,0,0,0,0,0,0,0,0,0,0.0,0.0,0.0,33.3,0.0,0.0,0.0,0.0,33.3,0.0,0.0,0.0,0.0,0.0,33.3,0.0,0.0,0.0,0.0,0.0,0.0,0.0,0.0,0.0,0.0,T03,1
YouTube::@LuMol-n9g,YouTube,1,1,0,0,0,0,0,0,0,0,0,0,0,0,0,1,0,0,0,0,0,0,0,0,0,0,0,0.0,0.0,0.0,0.0,0.0,0.0,0.0,0.0,0.0,0.0,0.0,0.0,0.0,100.0,0.0,0.0,0.0,0.0,0.0,0.0,0.0,0.0,0.0,0.0,0.0,T13,1
YouTube::@Luci_ww,YouTube,1,5,0,0,0,0,0,0,3,0,0,1,0,0,0,1,0,0,0,0,0,0,0,0,0,0,0,0.0,0.0,0.0,0.0,0.0,0.0,60.0,0.0,0.0,20.0,0.0,0.0,0.0,20.0,0.0,0.0,0.0,0.0,0.0,0.0,0.0,0.0,0.0,0.0,0.0,T06,3
YouTube::@LucyHernandez-sm8bd,YouTube,2,8,0,0,0,1,0,0,7,0,0,0,0,0,0,0,0,0,0,0,0,0,0,0,0,0,0,0.0,0.0,0.0,12.5,0.0,0.0,87.5,0.0,0.0,0.0,0.0,0.0,0.0,0.0,0.0,0.0,0.0,0.0,0.0,0.0,0.0,0.0,0.0,0.0,0.0,T06,7
YouTube::@Lucy_Lawless,YouTube,2,8,0,0,0,0,1,0,2,0,0,0,0,0,0,1,1,1,0,0,0,0,0,1,1,0,0,0.0,0.0,0.0,0.0,12.5,0.0,25.0,0.0,0.0,0.0,0.0,0.0,0.0,12.5,12.5,12.5,0.0,0.0,0.0,0.0,0.0,12.5,12.5,0.0,0.0,T06,2
YouTube::@Luis-tg2fh,YouTube,1,4,0,1,0,0,0,0,0,0,1,0,1,0,0,0,0,0,0,0,0,0,0,1,0,0,0,0.0,25.0,0.0,0.0,0.0,0.0,0.0,0.0,25.0,0.0,25.0,0.0,0.0,0.0,0.0,0.0,0.0,0.0,0.0,0.0,0.0,25.0,0.0,0.0,0.0,T01,1
YouTube::@LuisAlbertoSalazar-u8p,YouTube,1,2,1,0,0,1,0,0,0,0,0,0,0,0,0,0,0,0,0,0,0,0,0,0,0,0,0,50.0,0.0,0.0,50.0,0.0,0.0,0.0,0.0,0.0,0.0,0.0,0.0,0.0,0.0,0.0,0.0,0.0,0.0,0.0,0.0,0.0,0.0,0.0,0.0,0.0,T03,1
YouTube::@LuisAntonioGonzálezGil666,YouTube,1,7,0,0,0,1,0,0,1,0,1,0,1,0,1,0,0,1,0,0,0,1,0,0,0,0,0,0.0,0.0,0.0,14.3,0.0,0.0,14.3,0.0,14.3,0.0,14.3,0.0,14.3,0.0,0.0,14.3,0.0,0.0,0.0,14.3,0.0,0.0,0.0,0.0,0.0,T06,1
YouTube::@LuisCaranuez,YouTube,1,4,0,0,0,0,0,0,2,0,0,1,0,0,0,0,0,0,0,0,0,0,0,0,0,1,0,0.0,0.0,0.0,0.0,0.0,0.0,50.0,0.0,0.0,25.0,0.0,0.0,0.0,0.0,0.0,0.0,0.0,0.0,0.0,0.0,0.0,0.0,0.0,25.0,0.0,T06,2
YouTube::@LuisCebrero-fl8xq,YouTube,1,2,0,0,0,0,0,0,0,0,0,0,1,1,0,0,0,0,0,0,0,0,0,0,0,0,0,0.0,0.0,0.0,0.0,0.0,0.0,0.0,0.0,0.0,0.0,50.0,50.0,0.0,0.0,0.0,0.0,0.0,0.0,0.0,0.0,0.0,0.0,0.0,0.0,0.0,T10,1
YouTube::@LuisCruz-p7g,YouTube,1,4,0,0,0,0,0,0,2,0,1,1,0,0,0,0,0,0,0,0,0,0,0,0,0,0,0,0.0,0.0,0.0,0.0,0.0,0.0,50.0,0.0,25.0,25.0,0.0,0.0,0.0,0.0,0.0,0.0,0.0,0.0,0.0,0.0,0.0,0.0,0.0,0.0,0.0,T06,2
YouTube::@LuisDiegoSalasRivas-dz2pk,YouTube,1,36,0,0,2,1,2,3,3,1,0,1,1,0,2,1,3,4,0,3,5,2,0,1,1,0,0,0.0,0.0,5.6,2.8,5.6,8.3,8.3,2.8,0.0,2.8,2.8,0.0,5.6,2.8,8.3,11.1,0.0,8.3,13.9,5.6,0.0,2.8,2.8,0.0,0.0,T18,5
YouTube::@LuisHernandez-rg7nr,YouTube,1,1,0,0,0,0,0,0,0,0,0,0,0,0,0,0,0,0,0,0,0,0,1,0,0,0,0,0.0,0.0,0.0,0.0,0.0,0.0,0.0,0.0,0.0,0.0,0.0,0.0,0.0,0.0,0.0,0.0,0.0,0.0,0.0,0.0,100.0,0.0,0.0,0.0,0.0,T20,1
YouTube::@LuisMorales-lq2bq,YouTube,2,6,0,0,0,0,0,0,2,0,0,0,1,0,0,0,0,0,1,0,0,0,1,0,0,0,1,0.0,0.0,0.0,0.0,0.0,0.0,33.3,0.0,0.0,0.0,16.7,0.0,0.0,0.0,0.0,0.0,16.7,0.0,0.0,0.0,16.7,0.0,0.0,0.0,16.7,T06,2
YouTube::@LuisTorres-kl1zv,YouTube,2,14,0,0,0,0,1,0,6,0,2,0,0,0,0,0,0,0,0,2,0,2,0,1,0,0,0,0.0,0.0,0.0,0.0,7.1,0.0,42.9,0.0,14.3,0.0,0.0,0.0,0.0,0.0,0.0,0.0,0.0,14.3,0.0,14.3,0.0,7.1,0.0,0.0,0.0,T06,6
YouTube::@LuismiPajuil,YouTube,1,1,0,0,0,0,0,0,0,0,0,0,0,0,0,0,0,0,0,1,0,0,0,0,0,0,0,0.0,0.0,0.0,0.0,0.0,0.0,0.0,0.0,0.0,0.0,0.0,0.0,0.0,0.0,0.0,0.0,0.0,100.0,0.0,0.0,0.0,0.0,0.0,0.0,0.0,T17,1
YouTube::@Luismotta-v2d,YouTube,1,7,0,0,0,0,0,0,1,0,0,0,1,2,0,1,0,0,0,0,0,0,0,2,0,0,0,0.0,0.0,0.0,0.0,0.0,0.0,14.3,0.0,0.0,0.0,14.3,28.6,0.0,14.3,0.0,0.0,0.0,0.0,0.0,0.0,0.0,28.6,0.0,0.0,0.0,T11,2
YouTube::@Luismtzc2023,YouTube,1,5,0,0,0,0,0,0,1,1,0,0,0,0,0,0,1,0,0,0,0,0,0,1,1,0,0,0.0,0.0,0.0,0.0,0.0,0.0,20.0,20.0,0.0,0.0,0.0,0.0,0.0,0.0,20.0,0.0,0.0,0.0,0.0,0.0,0.0,20.0,20.0,0.0,0.0,T06,1
YouTube::@LuluTrasviña,YouTube,1,1,0,0,0,0,0,0,0,0,1,0,0,0,0,0,0,0,0,0,0,0,0,0,0,0,0,0.0,0.0,0.0,0.0,0.0,0.0,0.0,0.0,100.0,0.0,0.0,0.0,0.0,0.0,0.0,0.0,0.0,0.0,0.0,0.0,0.0,0.0,0.0,0.0,0.0,T08,1
YouTube::@LulyBarba,YouTube,2,17,0,0,0,1,5,0,4,0,1,1,0,0,0,0,3,0,0,0,1,0,0,1,0,0,0,0.0,0.0,0.0,5.9,29.4,0.0,23.5,0.0,5.9,5.9,0.0,0.0,0.0,0.0,17.6,0.0,0.0,0.0,5.9,0.0,0.0,5.9,0.0,0.0,0.0,T04,5
YouTube::@Luzdemaria-y4p,YouTube,1,3,0,0,0,0,0,0,2,0,0,0,0,0,0,1,0,0,0,0,0,0,0,0,0,0,0,0.0,0.0,0.0,0.0,0.0,0.0,66.7,0.0,0.0,0.0,0.0,0.0,0.0,33.3,0.0,0.0,0.0,0.0,0.0,0.0,0.0,0.0,0.0,0.0,0.0,T06,2
YouTube::@LuzmaríaAburto-w9e,YouTube,1,9,0,0,0,0,0,0,0,0,0,0,0,0,1,0,0,0,0,0,0,0,0,6,0,0,2,0.0,0.0,0.0,0.0,0.0,0.0,0.0,0.0,0.0,0.0,0.0,0.0,11.1,0.0,0.0,0.0,0.0,0.0,0.0,0.0,0.0,66.7,0.0,0.0,22.2,T21,6
YouTube::@MARTHA.Patito,YouTube,1,6,0,0,0,0,1,0,2,0,0,2,0,0,0,0,1,0,0,0,0,0,0,0,0,0,0,0.0,0.0,0.0,0.0,16.7,0.0,33.3,0.0,0.0,33.3,0.0,0.0,0.0,0.0,16.7,0.0,0.0,0.0,0.0,0.0,0.0,0.0,0.0,0.0,0.0,T09,2
YouTube::@MAVA1686,YouTube,1,8,0,0,0,1,0,0,4,0,1,0,0,0,0,0,2,0,0,0,0,0,0,0,0,0,0,0.0,0.0,0.0,12.5,0.0,0.0,50.0,0.0,12.5,0.0,0.0,0.0,0.0,0.0,25.0,0.0,0.0,0.0,0.0,0.0,0.0,0.0,0.0,0.0,0.0,T06,4
YouTube::@MEGA7155,YouTube,1,4,0,0,0,0,0,0,1,0,0,1,1,0,0,0,1,0,0,0,0,0,0,0,0,0,0,0.0,0.0,0.0,0.0,0.0,0.0,25.0,0.0,0.0,25.0,25.0,0.0,0.0,0.0,25.0,0.0,0.0,0.0,0.0,0.0,0.0,0.0,0.0,0.0,0.0,T10,1
YouTube::@MR-xo6sh,YouTube,1,5,0,0,0,0,0,1,2,0,0,1,0,0,0,0,0,1,0,0,0,0,0,0,0,0,0,0.0,0.0,0.0,0.0,0.0,20.0,40.0,0.0,0.0,20.0,0.0,0.0,0.0,0.0,0.0,20.0,0.0,0.0,0.0,0.0,0.0,0.0,0.0,0.0,0.0,T06,2
YouTube::@MS-gu6zu,YouTube,1,3,0,0,0,0,0,0,0,0,0,0,0,0,0,0,1,0,0,0,0,0,2,0,0,0,0,0.0,0.0,0.0,0.0,0.0,0.0,0.0,0.0,0.0,0.0,0.0,0.0,0.0,0.0,33.3,0.0,0.0,0.0,0.0,0.0,66.7,0.0,0.0,0.0,0.0,T20,2
YouTube::@Ma.EugeniaAlvarado,YouTube,1,11,0,0,1,1,0,0,1,0,0,0,1,0,0,1,0,0,0,0,0,0,0,6,0,0,0,0.0,0.0,9.1,9.1,0.0,0.0,9.1,0.0,0.0,0.0,9.1,0.0,0.0,9.1,0.0,0.0,0.0,0.0,0.0,0.0,0.0,54.5,0.0,0.0,0.0,T21,6
YouTube::@Maccinero2600,YouTube,1,6,0,0,1,0,0,0,1,0,0,0,0,0,0,0,0,0,1,0,0,2,1,0,0,0,0,0.0,0.0,16.7,0.0,0.0,0.0,16.7,0.0,0.0,0.0,0.0,0.0,0.0,0.0,0.0,0.0,16.7,0.0,0.0,33.3,16.7,0.0,0.0,0.0,0.0,T19,2
YouTube::@Macon-xh5ik,YouTube,1,26,0,0,2,4,3,1,4,0,1,0,1,1,0,0,0,2,0,1,0,0,0,0,1,0,5,0.0,0.0,7.7,15.4,11.5,3.8,15.4,0.0,3.8,0.0,3.8,3.8,0.0,0.0,0.0,7.7,0.0,3.8,0.0,0.0,0.0,0.0,3.8,0.0,19.2,T24,5
YouTube::@MagdalcocerUva,YouTube,1,10,0,0,0,0,0,0,3,0,1,0,1,1,1,0,0,0,0,1,0,0,0,2,0,0,0,0.0,0.0,0.0,0.0,0.0,0.0,30.0,0.0,10.0,0.0,10.0,10.0,10.0,0.0,0.0,0.0,0.0,10.0,0.0,0.0,0.0,20.0,0.0,0.0,0.0,T06,3
YouTube::@MagdalenoGuitierrez,YouTube,1,2,0,0,0,0,1,0,0,1,0,0,0,0,0,0,0,0,0,0,0,0,0,0,0,0,0,0.0,0.0,0.0,0.0,50.0,0.0,0.0,50.0,0.0,0.0,0.0,0.0,0.0,0.0,0.0,0.0,0.0,0.0,0.0,0.0,0.0,0.0,0.0,0.0,0.0,T07,1
YouTube::@ManuelGonzales-i8l,YouTube,1,7,0,0,2,0,0,1,0,0,0,0,1,1,1,0,0,1,0,0,0,0,0,0,0,0,0,0.0,0.0,28.6,0.0,0.0,14.3,0.0,0.0,0.0,0.0,14.3,14.3,14.3,0.0,0.0,14.3,0.0,0.0,0.0,0.0,0.0,0.0,0.0,0.0,0.0,T02,2
YouTube::@ManuelTamayo-q4b,YouTube,1,3,0,0,0,0,1,0,0,0,0,0,0,1,0,0,0,0,0,0,0,0,0,1,0,0,0,0.0,0.0,0.0,0.0,33.3,0.0,0.0,0.0,0.0,0.0,0.0,33.3,0.0,0.0,0.0,0.0,0.0,0.0,0.0,0.0,0.0,33.3,0.0,0.0,0.0,T11,1
YouTube::@ManzanitaLGL,YouTube,1,16,0,0,0,0,0,1,3,1,2,0,2,1,0,1,1,2,0,0,1,0,0,1,0,0,0,0.0,0.0,0.0,0.0,0.0,6.2,18.8,6.2,12.5,0.0,12.5,6.2,0.0,6.2,6.2,12.5,0.0,0.0,6.2,0.0,0.0,6.2,0.0,0.0,0.0,T06,3
YouTube::@MarRam1819,YouTube,1,11,0,0,1,0,2,0,0,2,1,0,0,0,0,1,0,0,0,0,0,0,0,1,2,0,1,0.0,0.0,9.1,0.0,18.2,0.0,0.0,18.2,9.1,0.0,0.0,0.0,0.0,9.1,0.0,0.0,0.0,0.0,0.0,0.0,0.0,9.1,18.2,0.0,9.1,T22,2
YouTube::@Marcano-u5s,YouTube,2,7,0,0,0,0,0,0,0,0,1,1,0,0,1,0,1,0,0,0,0,0,0,1,2,0,0,0.0,0.0,0.0,0.0,0.0,0.0,0.0,0.0,14.3,14.3,0.0,0.0,14.3,0.0,14.3,0.0,0.0,0.0,0.0,0.0,0.0,14.3,28.6,0.0,0.0,T22,2
YouTube::@MarcelaBauer-o9s,YouTube,1,12,0,0,0,1,3,0,1,0,0,1,1,0,0,0,2,0,0,0,0,0,0,2,0,0,1,0.0,0.0,0.0,8.3,25.0,0.0,8.3,0.0,0.0,8.3,8.3,0.0,0.0,0.0,16.7,0.0,0.0,0.0,0.0,0.0,0.0,16.7,0.0,0.0,8.3,T04,3
YouTube::@MarcosCedillo-k5u,YouTube,1,1,0,1,0,0,0,0,0,0,0,0,0,0,0,0,0,0,0,0,0,0,0,0,0,0,0,0.0,100.0,0.0,0.0,0.0,0.0,0.0,0.0,0.0,0.0,0.0,0.0,0.0,0.0,0.0,0.0,0.0,0.0,0.0,0.0,0.0,0.0,0.0,0.0,0.0,T01,1
YouTube::@MarcosGarcialopez-h7y,YouTube,2,10,0,0,1,0,0,0,3,0,0,1,0,1,0,1,0,0,0,0,0,0,1,1,0,1,0,0.0,0.0,10.0,0.0,0.0,0.0,30.0,0.0,0.0,10.0,0.0,10.0,0.0,10.0,0.0,0.0,0.0,0.0,0.0,0.0,10.0,10.0,0.0,10.0,0.0,T06,3
YouTube::@MarcosLopez-c5q,YouTube,1,3,0,0,0,0,0,0,1,0,0,0,0,0,0,0,2,0,0,0,0,0,0,0,0,0,0,0.0,0.0,0.0,0.0,0.0,0.0,33.3,0.0,0.0,0.0,0.0,0.0,0.0,0.0,66.7,0.0,0.0,0.0,0.0,0.0,0.0,0.0,0.0,0.0,0.0,T14,2
YouTube::@MargaritaGomez-k2k,YouTube,1,4,0,0,0,0,0,1,1,0,0,0,1,0,0,0,0,0,0,0,0,0,0,0,0,1,0,0.0,0.0,0.0,0.0,0.0,25.0,25.0,0.0,0.0,0.0,25.0,0.0,0.0,0.0,0.0,0.0,0.0,0.0,0.0,0.0,0.0,0.0,0.0,25.0,0.0,T06,1
YouTube::@MargaritaRamírez-b6f,YouTube,1,7,1,0,0,0,0,0,1,0,0,0,0,1,0,0,0,1,0,0,1,0,0,1,0,0,1,14.3,0.0,0.0,0.0,0.0,0.0,14.3,0.0,0.0,0.0,0.0,14.3,0.0,0.0,0.0,14.3,0.0,0.0,14.3,0.0,0.0,14.3,0.0,0.0,14.3,T21,1
YouTube::@MargaritoPérezCruz-t3l,YouTube,1,5,0,0,0,0,1,0,0,0,1,0,1,0,0,0,0,0,0,0,0,0,0,2,0,0,0,0.0,0.0,0.0,0.0,20.0,0.0,0.0,0.0,20.0,0.0,20.0,0.0,0.0,0.0,0.0,0.0,0.0,0.0,0.0,0.0,0.0,40.0,0.0,0.0,0.0,T21,2
YouTube::@MariaCeciliaHernandezdeEspinos,YouTube,1,4,1,0,0,0,0,0,0,0,1,0,0,0,0,1,0,0,0,0,0,0,0,1,0,0,0,25.0,0.0,0.0,0.0,0.0,0.0,0.0,0.0,25.0,0.0,0.0,0.0,0.0,25.0,0.0,0.0,0.0,0.0,0.0,0.0,0.0,25.0,0.0,0.0,0.0,T08,1
YouTube::@MariaChavez-sg6yi,YouTube,1,5,0,0,0,1,0,0,2,0,0,0,0,0,0,0,0,0,0,0,0,1,1,0,0,0,0,0.0,0.0,0.0,20.0,0.0,0.0,40.0,0.0,0.0,0.0,0.0,0.0,0.0,0.0,0.0,0.0,0.0,0.0,0.0,20.0,20.0,0.0,0.0,0.0,0.0,T06,2
YouTube::@MariaConcepcionCampuzano,YouTube,1,1,0,0,0,0,0,0,1,0,0,0,0,0,0,0,0,0,0,0,0,0,0,0,0,0,0,0.0,0.0,0.0,0.0,0.0,0.0,100.0,0.0,0.0,0.0,0.0,0.0,0.0,0.0,0.0,0.0,0.0,0.0,0.0,0.0,0.0,0.0,0.0,0.0,0.0,T06,1
YouTube::@MariaCoreyLoyaReyes,YouTube,1,12,0,0,0,1,0,0,4,0,0,1,0,1,0,0,0,0,0,0,0,0,0,0,5,0,0,0.0,0.0,0.0,8.3,0.0,0.0,33.3,0.0,0.0,8.3,0.0,8.3,0.0,0.0,0.0,0.0,0.0,0.0,0.0,0.0,0.0,0.0,41.7,0.0,0.0,T22,5
YouTube::@MariaFernandez-yj8gj,YouTube,1,6,0,0,0,0,0,0,1,0,0,0,2,0,0,0,0,0,0,0,0,0,0,3,0,0,0,0.0,0.0,0.0,0.0,0.0,0.0,16.7,0.0,0.0,0.0,33.3,0.0,0.0,0.0,0.0,0.0,0.0,0.0,0.0,0.0,0.0,50.0,0.0,0.0,0.0,T21,3
YouTube::@MariaGonzales777-z3w,YouTube,2,2,0,0,0,0,0,0,1,0,0,0,0,0,0,0,0,0,0,0,0,1,0,0,0,0,0,0.0,0.0,0.0,0.0,0.0,0.0,50.0,0.0,0.0,0.0,0.0,0.0,0.0,0.0,0.0,0.0,0.0,0.0,0.0,50.0,0.0,0.0,0.0,0.0,0.0,T19,1
YouTube::@MariaGutierrez-u7g2k,YouTube,1,6,0,0,0,2,0,0,1,0,1,0,0,0,1,1,0,0,0,0,0,0,0,0,0,0,0,0.0,0.0,0.0,33.3,0.0,0.0,16.7,0.0,16.7,0.0,0.0,0.0,16.7,16.7,0.0,0.0,0.0,0.0,0.0,0.0,0.0,0.0,0.0,0.0,0.0,T03,2
YouTube::@MariaMartinez-kh7mm,YouTube,1,4,0,0,0,0,0,0,1,0,0,0,1,0,0,0,0,0,0,1,1,0,0,0,0,0,0,0.0,0.0,0.0,0.0,0.0,0.0,25.0,0.0,0.0,0.0,25.0,0.0,0.0,0.0,0.0,0.0,0.0,25.0,25.0,0.0,0.0,0.0,0.0,0.0,0.0,T10,1
YouTube::@MariaMejia-wf4sk,YouTube,1,2,0,0,0,0,1,0,0,0,0,0,0,0,0,0,0,0,0,0,0,0,0,0,1,0,0,0.0,0.0,0.0,0.0,50.0,0.0,0.0,0.0,0.0,0.0,0.0,0.0,0.0,0.0,0.0,0.0,0.0,0.0,0.0,0.0,0.0,0.0,50.0,0.0,0.0,T22,1
YouTube::@MariaMuñoz-f9p8r,YouTube,1,2,0,0,0,0,0,0,0,0,0,0,0,0,0,0,0,0,0,0,0,1,0,0,0,1,0,0.0,0.0,0.0,0.0,0.0,0.0,0.0,0.0,0.0,0.0,0.0,0.0,0.0,0.0,0.0,0.0,0.0,0.0,0.0,50.0,0.0,0.0,0.0,50.0,0.0,T23,1
YouTube::@MariaOrtiz-pc5kl,YouTube,1,1,0,0,0,0,0,0,0,0,0,1,0,0,0,0,0,0,0,0,0,0,0,0,0,0,0,0.0,0.0,0.0,0.0,0.0,0.0,0.0,0.0,0.0,100.0,0.0,0.0,0.0,0.0,0.0,0.0,0.0,0.0,0.0,0.0,0.0,0.0,0.0,0.0,0.0,T09,1
YouTube::@MariaTeresaVillanueva-jr9ch,YouTube,1,2,0,0,0,0,0,0,0,1,0,0,0,0,0,0,0,0,0,0,0,0,0,0,0,1,0,0.0,0.0,0.0,0.0,0.0,0.0,0.0,50.0,0.0,0.0,0.0,0.0,0.0,0.0,0.0,0.0,0.0,0.0,0.0,0.0,0.0,0.0,0.0,50.0,0.0,T07,1
YouTube::@MariaTorres-fj2bd,YouTube,2,16,0,1,0,1,1,0,6,0,0,2,0,0,0,0,3,1,0,0,1,0,0,0,0,0,0,0.0,6.2,0.0,6.2,6.2,0.0,37.5,0.0,0.0,12.5,0.0,0.0,0.0,0.0,18.8,6.2,0.0,0.0,6.2,0.0,0.0,0.0,0.0,0.0,0.0,T06,6
YouTube::@MariadelCarmenHernandezGuarner,YouTube,1,6,1,0,0,0,0,0,1,1,0,0,0,0,0,0,2,1,0,0,0,0,0,0,0,0,0,16.7,0.0,0.0,0.0,0.0,0.0,16.7,16.7,0.0,0.0,0.0,0.0,0.0,0.0,33.3,16.7,0.0,0.0,0.0,0.0,0.0,0.0,0.0,0.0,0.0,T14,2
YouTube::@MariadelosangelesMartu,YouTube,1,0,0,0,0,0,0,0,0,0,0,0,0,0,0,0,0,0,0,0,0,0,0,0,0,0,0,0.0,0.0,0.0,0.0,0.0,0.0,0.0,0.0,0.0,0.0,0.0,0.0,0.0,0.0,0.0,0.0,0.0,0.0,0.0,0.0,0.0,0.0,0.0,0.0,0.0,,0
YouTube::@MarianUri-777,YouTube,1,1,0,0,0,0,0,0,0,0,0,0,0,0,0,0,1,0,0,0,0,0,0,0,0,0,0,0.0,0.0,0.0,0.0,0.0,0.0,0.0,0.0,0.0,0.0,0.0,0.0,0.0,0.0,100.0,0.0,0.0,0.0,0.0,0.0,0.0,0.0,0.0,0.0,0.0,T14,1
YouTube::@Mariavigil.,YouTube,1,3,0,0,0,0,0,0,0,0,0,2,0,1,0,0,0,0,0,0,0,0,0,0,0,0,0,0.0,0.0,0.0,0.0,0.0,0.0,0.0,0.0,0.0,66.7,0.0,33.3,0.0,0.0,0.0,0.0,0.0,0.0,0.0,0.0,0.0,0.0,0.0,0.0,0.0,T09,2
YouTube::@MaribelDianaGarcia,YouTube,1,16,0,0,0,0,0,0,9,0,0,2,1,0,1,0,1,0,0,0,0,0,1,0,1,0,0,0.0,0.0,0.0,0.0,0.0,0.0,56.2,0.0,0.0,12.5,6.2,0.0,6.2,0.0,6.2,0.0,0.0,0.0,0.0,0.0,6.2,0.0,6.2,0.0,0.0,T06,9
YouTube::@MaricarmenGarza-v3b,YouTube,1,15,0,0,0,1,0,0,2,0,0,0,1,0,1,0,0,1,0,0,0,1,1,6,1,0,0,0.0,0.0,0.0,6.7,0.0,0.0,13.3,0.0,0.0,0.0,6.7,0.0,6.7,0.0,0.0,6.7,0.0,0.0,0.0,6.7,6.7,40.0,6.7,0.0,0.0,T21,6
YouTube::@MarinaMartinez-vg1nl,YouTube,1,9,0,0,0,0,0,0,2,0,1,0,1,0,0,2,0,0,0,0,0,0,0,1,2,0,0,0.0,0.0,0.0,0.0,0.0,0.0,22.2,0.0,11.1,0.0,11.1,0.0,0.0,22.2,0.0,0.0,0.0,0.0,0.0,0.0,0.0,11.1,22.2,0.0,0.0,T22,2
YouTube::@Mario-p1e,YouTube,1,6,0,1,0,0,1,0,2,0,0,0,1,0,0,0,0,0,0,0,1,0,0,0,0,0,0,0.0,16.7,0.0,0.0,16.7,0.0,33.3,0.0,0.0,0.0,16.7,0.0,0.0,0.0,0.0,0.0,0.0,0.0,16.7,0.0,0.0,0.0,0.0,0.0,0.0,T06,2
YouTube::@MarioIbanez-r4y,YouTube,1,2,0,0,0,0,1,0,0,0,0,0,0,0,0,0,0,0,0,0,0,0,1,0,0,0,0,0.0,0.0,0.0,0.0,50.0,0.0,0.0,0.0,0.0,0.0,0.0,0.0,0.0,0.0,0.0,0.0,0.0,0.0,0.0,0.0,50.0,0.0,0.0,0.0,0.0,T20,1
YouTube::@MarisolMartinez-u2k,YouTube,1,8,0,0,0,1,1,1,3,0,0,0,0,0,0,0,1,0,0,0,0,0,1,0,0,0,0,0.0,0.0,0.0,12.5,12.5,12.5,37.5,0.0,0.0,0.0,0.0,0.0,0.0,0.0,12.5,0.0,0.0,0.0,0.0,0.0,12.5,0.0,0.0,0.0,0.0,T06,3
YouTube::@MarizaRodriguez-tm1ou,YouTube,1,4,0,0,0,1,0,0,1,0,0,0,0,0,0,0,0,0,0,2,0,0,0,0,0,0,0,0.0,0.0,0.0,25.0,0.0,0.0,25.0,0.0,0.0,0.0,0.0,0.0,0.0,0.0,0.0,0.0,0.0,50.0,0.0,0.0,0.0,0.0,0.0,0.0,0.0,T17,2
YouTube::@MarthaHernandez-qs9qg,YouTube,1,0,0,0,0,0,0,0,0,0,0,0,0,0,0,0,0,0,0,0,0,0,0,0,0,0,0,0.0,0.0,0.0,0.0,0.0,0.0,0.0,0.0,0.0,0.0,0.0,0.0,0.0,0.0,0.0,0.0,0.0,0.0,0.0,0.0,0.0,0.0,0.0,0.0,0.0,,0
YouTube::@MarthaSuarezM-w2p,YouTube,1,1,0,0,0,0,1,0,0,0,0,0,0,0,0,0,0,0,0,0,0,0,0,0,0,0,0,0.0,0.0,0.0,0.0,100.0,0.0,0.0,0.0,0.0,0.0,0.0,0.0,0.0,0.0,0.0,0.0,0.0,0.0,0.0,0.0,0.0,0.0,0.0,0.0,0.0,T04,1
YouTube::@MartinDelgado-y9s,YouTube,1,5,0,0,1,0,0,0,0,0,0,0,0,0,0,1,0,0,0,0,0,0,0,3,0,0,0,0.0,0.0,20.0,0.0,0.0,0.0,0.0,0.0,0.0,0.0,0.0,0.0,0.0,20.0,0.0,0.0,0.0,0.0,0.0,0.0,0.0,60.0,0.0,0.0,0.0,T21,3
YouTube::@MartinGonzalezCordero-w8h,YouTube,1,13,1,0,0,0,3,2,1,0,0,0,0,0,1,0,0,0,0,0,0,0,0,4,0,0,1,7.7,0.0,0.0,0.0,23.1,15.4,7.7,0.0,0.0,0.0,0.0,0.0,7.7,0.0,0.0,0.0,0.0,0.0,0.0,0.0,0.0,30.8,0.0,0.0,7.7,T21,4
YouTube::@MartinMartinez-cb6ex,YouTube,1,6,0,0,0,0,1,0,1,0,1,0,1,0,0,0,0,0,0,0,1,0,0,1,0,0,0,0.0,0.0,0.0,0.0,16.7,0.0,16.7,0.0,16.7,0.0,16.7,0.0,0.0,0.0,0.0,0.0,0.0,0.0,16.7,0.0,0.0,16.7,0.0,0.0,0.0,T06,1
YouTube::@MarvelousJaay,YouTube,1,6,0,0,0,0,0,0,3,0,0,1,0,0,0,0,0,1,0,0,0,1,0,0,0,0,0,0.0,0.0,0.0,0.0,0.0,0.0,50.0,0.0,0.0,16.7,0.0,0.0,0.0,0.0,0.0,16.7,0.0,0.0,0.0,16.7,0.0,0.0,0.0,0.0,0.0,T06,3
YouTube::@Marvin-uk9,YouTube,1,13,0,0,0,1,1,1,6,0,0,0,0,0,0,0,0,0,0,0,0,0,2,0,2,0,0,0.0,0.0,0.0,7.7,7.7,7.7,46.2,0.0,0.0,0.0,0.0,0.0,0.0,0.0,0.0,0.0,0.0,0.0,0.0,0.0,15.4,0.0,15.4,0.0,0.0,T06,6
YouTube::@MaríaConcepciónLugoOrtiz,YouTube,1,1,0,0,0,0,0,0,0,0,0,0,0,0,1,0,0,0,0,0,0,0,0,0,0,0,0,0.0,0.0,0.0,0.0,0.0,0.0,0.0,0.0,0.0,0.0,0.0,0.0,100.0,0.0,0.0,0.0,0.0,0.0,0.0,0.0,0.0,0.0,0.0,0.0,0.0,T12,1
YouTube::@MateoHernandez-c8r,YouTube,1,1,0,0,0,0,0,0,0,0,0,0,1,0,0,0,0,0,0,0,0,0,0,0,0,0,0,0.0,0.0,0.0,0.0,0.0,0.0,0.0,0.0,0.0,0.0,100.0,0.0,0.0,0.0,0.0,0.0,0.0,0.0,0.0,0.0,0.0,0.0,0.0,0.0,0.0,T10,1
YouTube::@MauricioMartinez-g6q1n,YouTube,1,7,0,0,0,1,0,0,1,0,0,0,0,1,0,0,2,0,0,0,0,0,0,2,0,0,0,0.0,0.0,0.0,14.3,0.0,0.0,14.3,0.0,0.0,0.0,0.0,14.3,0.0,0.0,28.6,0.0,0.0,0.0,0.0,0.0,0.0,28.6,0.0,0.0,0.0,T14,2
YouTube::@MayoloAguillonavalos,YouTube,1,5,0,0,0,0,1,0,2,1,0,0,0,1,0,0,0,0,0,0,0,0,0,0,0,0,0,0.0,0.0,0.0,0.0,20.0,0.0,40.0,20.0,0.0,0.0,0.0,20.0,0.0,0.0,0.0,0.0,0.0,0.0,0.0,0.0,0.0,0.0,0.0,0.0,0.0,T06,2
YouTube::@McLovon.PUBGMOBILE,YouTube,1,12,0,0,0,0,0,0,0,0,0,2,1,4,0,0,0,0,0,0,0,0,1,2,1,0,1,0.0,0.0,0.0,0.0,0.0,0.0,0.0,0.0,0.0,16.7,8.3,33.3,0.0,0.0,0.0,0.0,0.0,0.0,0.0,0.0,8.3,16.7,8.3,0.0,8.3,T11,4
YouTube::@MeGustaVerlo,YouTube,1,6,0,1,0,0,0,0,1,0,1,1,0,0,0,0,1,0,1,0,0,0,0,0,0,0,0,0.0,16.7,0.0,0.0,0.0,0.0,16.7,0.0,16.7,16.7,0.0,0.0,0.0,0.0,16.7,0.0,16.7,0.0,0.0,0.0,0.0,0.0,0.0,0.0,0.0,T14,1
YouTube::@MeSuscribo1,YouTube,1,9,0,0,0,1,1,0,1,0,0,0,0,1,1,0,0,0,0,0,0,0,0,1,2,1,0,0.0,0.0,0.0,11.1,11.1,0.0,11.1,0.0,0.0,0.0,0.0,11.1,11.1,0.0,0.0,0.0,0.0,0.0,0.0,0.0,0.0,11.1,22.2,11.1,0.0,T22,2
YouTube::@MegaJorgecortes,YouTube,1,12,0,0,1,0,1,0,3,0,0,2,2,1,0,0,0,0,0,0,0,0,0,0,2,0,0,0.0,0.0,8.3,0.0,8.3,0.0,25.0,0.0,0.0,16.7,16.7,8.3,0.0,0.0,0.0,0.0,0.0,0.0,0.0,0.0,0.0,0.0,16.7,0.0,0.0,T06,3
YouTube::@MelchorMartinez-h2g,YouTube,2,15,0,0,0,0,0,1,0,1,1,0,2,0,0,2,0,0,1,2,0,0,0,3,1,1,0,0.0,0.0,0.0,0.0,0.0,6.7,0.0,6.7,6.7,0.0,13.3,0.0,0.0,13.3,0.0,0.0,6.7,13.3,0.0,0.0,0.0,20.0,6.7,6.7,0.0,T21,3
YouTube::@MelissaMartinez-xr9fz,YouTube,1,4,0,0,0,0,0,0,3,0,0,0,0,0,0,0,1,0,0,0,0,0,0,0,0,0,0,0.0,0.0,0.0,0.0,0.0,0.0,75.0,0.0,0.0,0.0,0.0,0.0,0.0,0.0,25.0,0.0,0.0,0.0,0.0,0.0,0.0,0.0,0.0,0.0,0.0,T06,3
YouTube::@MelyOrlaineta,YouTube,1,2,0,0,0,0,0,0,2,0,0,0,0,0,0,0,0,0,0,0,0,0,0,0,0,0,0,0.0,0.0,0.0,0.0,0.0,0.0,100.0,0.0,0.0,0.0,0.0,0.0,0.0,0.0,0.0,0.0,0.0,0.0,0.0,0.0,0.0,0.0,0.0,0.0,0.0,T06,2
YouTube::@MemoLopezHDP,YouTube,2,6,0,1,0,0,1,0,1,0,0,0,1,1,0,0,0,0,0,0,0,0,0,0,0,1,0,0.0,16.7,0.0,0.0,16.7,0.0,16.7,0.0,0.0,0.0,16.7,16.7,0.0,0.0,0.0,0.0,0.0,0.0,0.0,0.0,0.0,0.0,0.0,16.7,0.0,T06,1
YouTube::@Mexican_BoyCDMC,YouTube,3,3,0,0,0,0,0,0,0,0,0,0,1,0,0,0,0,0,0,0,1,0,0,0,1,0,0,0.0,0.0,0.0,0.0,0.0,0.0,0.0,0.0,0.0,0.0,33.3,0.0,0.0,0.0,0.0,0.0,0.0,0.0,33.3,0.0,0.0,0.0,33.3,0.0,0.0,T18,1
YouTube::@MiguelAngelHurtadoOrtiz-y8f,YouTube,1,2,0,0,0,0,0,0,0,0,0,1,0,0,0,0,0,0,0,0,0,0,0,0,1,0,0,0.0,0.0,0.0,0.0,0.0,0.0,0.0,0.0,0.0,50.0,0.0,0.0,0.0,0.0,0.0,0.0,0.0,0.0,0.0,0.0,0.0,0.0,50.0,0.0,0.0,T09,1
YouTube::@MiguelAngelSandovalSaldiva-p1k,YouTube,1,5,1,0,0,0,0,0,1,0,0,0,1,0,0,0,0,0,0,0,0,0,1,1,0,0,0,20.0,0.0,0.0,0.0,0.0,0.0,20.0,0.0,0.0,0.0,20.0,0.0,0.0,0.0,0.0,0.0,0.0,0.0,0.0,0.0,20.0,20.0,0.0,0.0,0.0,T06,1
YouTube::@MiguelDiazSr,YouTube,1,5,0,0,0,0,0,0,1,0,0,0,0,0,1,0,0,0,0,0,0,0,0,3,0,0,0,0.0,0.0,0.0,0.0,0.0,0.0,20.0,0.0,0.0,0.0,0.0,0.0,20.0,0.0,0.0,0.0,0.0,0.0,0.0,0.0,0.0,60.0,0.0,0.0,0.0,T21,3
YouTube::@MiguelSanchez-md1py,YouTube,1,4,0,0,0,1,0,0,0,0,0,0,2,0,0,0,0,0,0,0,0,0,0,0,1,0,0,0.0,0.0,0.0,25.0,0.0,0.0,0.0,0.0,0.0,0.0,50.0,0.0,0.0,0.0,0.0,0.0,0.0,0.0,0.0,0.0,0.0,0.0,25.0,0.0,0.0,T10,2
YouTube::@MiguelÁngelPalomares-v5t,YouTube,1,16,0,0,0,1,1,1,1,0,0,0,1,1,0,0,0,1,0,0,0,0,0,3,6,0,0,0.0,0.0,0.0,6.2,6.2,6.2,6.2,0.0,0.0,0.0,6.2,6.2,0.0,0.0,0.0,6.2,0.0,0.0,0.0,0.0,0.0,18.8,37.5,0.0,0.0,T22,6
YouTube::@MisaelOropeza-z8m,YouTube,1,2,0,0,0,0,0,0,0,0,0,0,1,1,0,0,0,0,0,0,0,0,0,0,0,0,0,0.0,0.0,0.0,0.0,0.0,0.0,0.0,0.0,0.0,0.0,50.0,50.0,0.0,0.0,0.0,0.0,0.0,0.0,0.0,0.0,0.0,0.0,0.0,0.0,0.0,T11,1
YouTube::@MisaelVelázquez-b2m,YouTube,1,3,0,0,0,1,0,0,2,0,0,0,0,0,0,0,0,0,0,0,0,0,0,0,0,0,0,0.0,0.0,0.0,33.3,0.0,0.0,66.7,0.0,0.0,0.0,0.0,0.0,0.0,0.0,0.0,0.0,0.0,0.0,0.0,0.0,0.0,0.0,0.0,0.0,0.0,T06,2
YouTube::@Missungamiss,YouTube,1,3,0,0,0,0,0,0,2,0,0,0,1,0,0,0,0,0,0,0,0,0,0,0,0,0,0,0.0,0.0,0.0,0.0,0.0,0.0,66.7,0.0,0.0,0.0,33.3,0.0,0.0,0.0,0.0,0.0,0.0,0.0,0.0,0.0,0.0,0.0,0.0,0.0,0.0,T06,2
YouTube::@Moises-z4n,YouTube,1,3,0,0,0,0,1,0,1,0,0,0,0,0,0,0,0,1,0,0,0,0,0,0,0,0,0,0.0,0.0,0.0,0.0,33.3,0.0,33.3,0.0,0.0,0.0,0.0,0.0,0.0,0.0,0.0,33.3,0.0,0.0,0.0,0.0,0.0,0.0,0.0,0.0,0.0,T04,1
YouTube::@MoncadaMR,YouTube,1,1,0,0,0,0,0,0,0,0,0,0,0,0,0,0,0,0,0,0,0,0,0,0,1,0,0,0.0,0.0,0.0,0.0,0.0,0.0,0.0,0.0,0.0,0.0,0.0,0.0,0.0,0.0,0.0,0.0,0.0,0.0,0.0,0.0,0.0,0.0,100.0,0.0,0.0,T22,1
YouTube::@MonicaGuadalupeTorresBernal,YouTube,2,20,0,0,0,1,0,0,6,0,1,2,0,0,0,1,2,0,0,0,5,1,1,0,0,0,0,0.0,0.0,0.0,5.0,0.0,0.0,30.0,0.0,5.0,10.0,0.0,0.0,0.0,5.0,10.0,0.0,0.0,0.0,25.0,5.0,5.0,0.0,0.0,0.0,0.0,T06,6
YouTube::@Morams82635,YouTube,1,6,0,0,0,1,0,0,0,0,0,0,0,0,0,0,0,1,0,0,0,0,0,2,2,0,0,0.0,0.0,0.0,16.7,0.0,0.0,0.0,0.0,0.0,0.0,0.0,0.0,0.0,0.0,0.0,16.7,0.0,0.0,0.0,0.0,0.0,33.3,33.3,0.0,0.0,T21,2
YouTube::@MrAlexisblack,YouTube,1,3,0,0,0,0,1,1,0,0,1,0,0,0,0,0,0,0,0,0,0,0,0,0,0,0,0,0.0,0.0,0.0,0.0,33.3,33.3,0.0,0.0,33.3,0.0,0.0,0.0,0.0,0.0,0.0,0.0,0.0,0.0,0.0,0.0,0.0,0.0,0.0,0.0,0.0,T05,1
YouTube::@MrCharrito58,YouTube,2,10,0,0,0,0,3,0,3,0,0,0,1,0,0,1,0,0,0,1,0,0,0,1,0,0,0,0.0,0.0,0.0,0.0,30.0,0.0,30.0,0.0,0.0,0.0,10.0,0.0,0.0,10.0,0.0,0.0,0.0,10.0,0.0,0.0,0.0,10.0,0.0,0.0,0.0,T06,3
YouTube::@MrLaboratorista,YouTube,1,5,0,0,0,0,0,0,3,0,0,1,0,0,0,0,0,0,0,1,0,0,0,0,0,0,0,0.0,0.0,0.0,0.0,0.0,0.0,60.0,0.0,0.0,20.0,0.0,0.0,0.0,0.0,0.0,0.0,0.0,20.0,0.0,0.0,0.0,0.0,0.0,0.0,0.0,T06,3
YouTube::@Mr_Dr_Tacco,YouTube,1,7,0,0,0,0,0,0,2,0,0,2,1,0,0,0,0,0,0,0,0,0,1,0,1,0,0,0.0,0.0,0.0,0.0,0.0,0.0,28.6,0.0,0.0,28.6,14.3,0.0,0.0,0.0,0.0,0.0,0.0,0.0,0.0,0.0,14.3,0.0,14.3,0.0,0.0,T06,2
YouTube::@MrcdsVls-u9h,YouTube,1,28,1,0,0,3,2,1,10,0,2,2,1,1,0,1,2,0,0,0,0,0,0,1,0,0,1,3.6,0.0,0.0,10.7,7.1,3.6,35.7,0.0,7.1,7.1,3.6,3.6,0.0,3.6,7.1,0.0,0.0,0.0,0.0,0.0,0.0,3.6,0.0,0.0,3.6,T06,10
YouTube::@MsBthy,YouTube,2,10,1,0,0,1,0,0,5,0,0,0,0,1,0,0,0,1,0,0,0,0,0,1,0,0,0,10.0,0.0,0.0,10.0,0.0,0.0,50.0,0.0,0.0,0.0,0.0,10.0,0.0,0.0,0.0,10.0,0.0,0.0,0.0,0.0,0.0,10.0,0.0,0.0,0.0,T06,5
YouTube::@MsMarielosAguinaga,YouTube,1,3,0,0,0,0,1,0,0,0,1,0,0,0,0,0,0,0,0,0,0,0,0,1,0,0,0,0.0,0.0,0.0,0.0,33.3,0.0,0.0,0.0,33.3,0.0,0.0,0.0,0.0,0.0,0.0,0.0,0.0,0.0,0.0,0.0,0.0,33.3,0.0,0.0,0.0,T21,1
YouTube::@MuciHouse-m3e,YouTube,1,4,0,0,0,0,0,0,0,0,0,0,0,1,0,0,0,0,0,0,0,0,0,2,1,0,0,0.0,0.0,0.0,0.0,0.0,0.0,0.0,0.0,0.0,0.0,0.0,25.0,0.0,0.0,0.0,0.0,0.0,0.0,0.0,0.0,0.0,50.0,25.0,0.0,0.0,T21,2
YouTube::@MundoJacc,YouTube,1,14,0,0,0,1,0,0,3,0,1,2,2,0,0,0,0,1,0,1,2,0,0,0,0,1,0,0.0,0.0,0.0,7.1,0.0,0.0,21.4,0.0,7.1,14.3,14.3,0.0,0.0,0.0,0.0,7.1,0.0,7.1,14.3,0.0,0.0,0.0,0.0,7.1,0.0,T06,3
YouTube::@NancyOrdoñez-l8u,YouTube,1,10,0,1,0,0,1,1,1,0,1,0,0,0,1,1,0,0,0,1,0,0,0,1,0,0,1,0.0,10.0,0.0,0.0,10.0,10.0,10.0,0.0,10.0,0.0,0.0,0.0,10.0,10.0,0.0,0.0,0.0,10.0,0.0,0.0,0.0,10.0,0.0,0.0,10.0,T17,1
YouTube::@Nascocai46,YouTube,1,18,0,0,0,0,2,0,6,0,1,2,1,0,0,2,0,0,0,0,0,2,0,1,1,0,0,0.0,0.0,0.0,0.0,11.1,0.0,33.3,0.0,5.6,11.1,5.6,0.0,0.0,11.1,0.0,0.0,0.0,0.0,0.0,11.1,0.0,5.6,5.6,0.0,0.0,T06,6
YouTube::@Natalia-sp3ku,YouTube,1,4,0,0,1,0,0,0,1,0,0,1,0,0,0,0,0,1,0,0,0,0,0,0,0,0,0,0.0,0.0,25.0,0.0,0.0,0.0,25.0,0.0,0.0,25.0,0.0,0.0,0.0,0.0,0.0,25.0,0.0,0.0,0.0,0.0,0.0,0.0,0.0,0.0,0.0,T15,1
YouTube::@NataliaCalderón-o4w,YouTube,1,3,0,0,0,0,0,0,1,0,0,1,0,0,0,0,1,0,0,0,0,0,0,0,0,0,0,0.0,0.0,0.0,0.0,0.0,0.0,33.3,0.0,0.0,33.3,0.0,0.0,0.0,0.0,33.3,0.0,0.0,0.0,0.0,0.0,0.0,0.0,0.0,0.0,0.0,T06,1
YouTube::@Naty-d2u,YouTube,1,9,0,0,0,0,1,1,2,1,0,1,1,0,1,0,0,0,0,0,0,0,0,0,0,0,1,0.0,0.0,0.0,0.0,11.1,11.1,22.2,11.1,0.0,11.1,11.1,0.0,11.1,0.0,0.0,0.0,0.0,0.0,0.0,0.0,0.0,0.0,0.0,0.0,11.1,T06,2
YouTube::@Nayarita18,YouTube,1,6,0,0,0,0,0,0,0,0,0,0,2,2,0,0,0,0,0,0,0,0,1,1,0,0,0,0.0,0.0,0.0,0.0,0.0,0.0,0.0,0.0,0.0,0.0,33.3,33.3,0.0,0.0,0.0,0.0,0.0,0.0,0.0,0.0,16.7,16.7,0.0,0.0,0.0,T11,2
YouTube::@NeftaliYalle,YouTube,1,3,0,0,0,0,0,0,0,0,1,0,0,0,0,0,0,0,0,0,0,0,1,1,0,0,0,0.0,0.0,0.0,0.0,0.0,0.0,0.0,0.0,33.3,0.0,0.0,0.0,0.0,0.0,0.0,0.0,0.0,0.0,0.0,0.0,33.3,33.3,0.0,0.0,0.0,T20,1
YouTube::@NelsonGarcia-n5y,YouTube,1,12,0,0,0,0,2,2,5,0,0,1,0,1,0,0,1,0,0,0,0,0,0,0,0,0,0,0.0,0.0,0.0,0.0,16.7,16.7,41.7,0.0,0.0,8.3,0.0,8.3,0.0,0.0,8.3,0.0,0.0,0.0,0.0,0.0,0.0,0.0,0.0,0.0,0.0,T06,5
YouTube::@NereMedina-ph9lv,YouTube,2,19,0,0,0,1,0,0,14,0,0,1,0,0,1,0,0,1,0,0,0,0,0,1,0,0,0,0.0,0.0,0.0,5.3,0.0,0.0,73.7,0.0,0.0,5.3,0.0,0.0,5.3,0.0,0.0,5.3,0.0,0.0,0.0,0.0,0.0,5.3,0.0,0.0,0.0,T06,14
YouTube::@Nerisse-q5v2n,YouTube,1,17,1,0,0,0,1,0,5,1,0,1,2,1,1,0,0,1,0,0,0,0,0,0,2,1,0,5.9,0.0,0.0,0.0,5.9,0.0,29.4,5.9,0.0,5.9,11.8,5.9,5.9,0.0,0.0,5.9,0.0,0.0,0.0,0.0,0.0,0.0,11.8,5.9,0.0,T06,5
YouTube::@NicolasGalicia-q3g,YouTube,1,3,0,0,0,0,0,0,1,0,0,0,1,0,0,0,0,0,0,0,1,0,0,0,0,0,0,0.0,0.0,0.0,0.0,0.0,0.0,33.3,0.0,0.0,0.0,33.3,0.0,0.0,0.0,0.0,0.0,0.0,0.0,33.3,0.0,0.0,0.0,0.0,0.0,0.0,T18,1
YouTube::@Nina-ul7rw,YouTube,1,3,0,1,0,0,0,0,1,0,0,1,0,0,0,0,0,0,0,0,0,0,0,0,0,0,0,0.0,33.3,0.0,0.0,0.0,0.0,33.3,0.0,0.0,33.3,0.0,0.0,0.0,0.0,0.0,0.0,0.0,0.0,0.0,0.0,0.0,0.0,0.0,0.0,0.0,T09,1
YouTube::@NinfaReguera,YouTube,1,29,0,0,1,0,0,1,4,0,1,0,11,3,0,0,0,0,0,0,2,0,1,1,1,0,3,0.0,0.0,3.4,0.0,0.0,3.4,13.8,0.0,3.4,0.0,37.9,10.3,0.0,0.0,0.0,0.0,0.0,0.0,6.9,0.0,3.4,3.4,3.4,0.0,10.3,T10,11
YouTube::@Nochi_73,YouTube,1,6,0,0,0,0,3,0,0,0,0,0,0,0,0,0,0,0,0,1,0,0,0,1,0,0,1,0.0,0.0,0.0,0.0,50.0,0.0,0.0,0.0,0.0,0.0,0.0,0.0,0.0,0.0,0.0,0.0,0.0,16.7,0.0,0.0,0.0,16.7,0.0,0.0,16.7,T04,3
YouTube::@NoeCampos-l5j,YouTube,1,3,0,0,0,0,0,0,0,0,0,3,0,0,0,0,0,0,0,0,0,0,0,0,0,0,0,0.0,0.0,0.0,0.0,0.0,0.0,0.0,0.0,0.0,100.0,0.0,0.0,0.0,0.0,0.0,0.0,0.0,0.0,0.0,0.0,0.0,0.0,0.0,0.0,0.0,T09,3
YouTube::@NoeMoreno-cq5gr,YouTube,2,3,0,0,0,0,0,0,0,1,0,1,0,0,0,0,0,0,0,0,1,0,0,0,0,0,0,0.0,0.0,0.0,0.0,0.0,0.0,0.0,33.3,0.0,33.3,0.0,0.0,0.0,0.0,0.0,0.0,0.0,0.0,33.3,0.0,0.0,0.0,0.0,0.0,0.0,T09,1
YouTube::@NoheliaRuiz-r9v,YouTube,1,5,0,0,0,0,0,0,1,0,0,3,0,0,0,0,0,0,0,0,0,0,0,0,1,0,0,0.0,0.0,0.0,0.0,0.0,0.0,20.0,0.0,0.0,60.0,0.0,0.0,0.0,0.0,0.0,0.0,0.0,0.0,0.0,0.0,0.0,0.0,20.0,0.0,0.0,T09,3
YouTube::@NoraLazaro,YouTube,1,3,0,0,0,0,0,0,0,0,1,0,0,0,0,0,0,0,0,0,0,0,0,2,0,0,0,0.0,0.0,0.0,0.0,0.0,0.0,0.0,0.0,33.3,0.0,0.0,0.0,0.0,0.0,0.0,0.0,0.0,0.0,0.0,0.0,0.0,66.7,0.0,0.0,0.0,T21,2
YouTube::@OLGATORRES-w1r,YouTube,1,3,0,0,0,1,0,1,0,0,0,0,0,0,0,0,0,0,0,0,0,0,1,0,0,0,0,0.0,0.0,0.0,33.3,0.0,33.3,0.0,0.0,0.0,0.0,0.0,0.0,0.0,0.0,0.0,0.0,0.0,0.0,0.0,0.0,33.3,0.0,0.0,0.0,0.0,T20,1
YouTube::@OctavioFra,YouTube,1,1,0,0,0,0,0,0,0,0,1,0,0,0,0,0,0,0,0,0,0,0,0,0,0,0,0,0.0,0.0,0.0,0.0,0.0,0.0,0.0,0.0,100.0,0.0,0.0,0.0,0.0,0.0,0.0,0.0,0.0,0.0,0.0,0.0,0.0,0.0,0.0,0.0,0.0,T08,1
YouTube::@OmarCuriel-x2i,YouTube,1,6,0,0,1,0,0,0,0,2,0,0,0,0,0,0,0,0,0,0,0,0,0,3,0,0,0,0.0,0.0,16.7,0.0,0.0,0.0,0.0,33.3,0.0,0.0,0.0,0.0,0.0,0.0,0.0,0.0,0.0,0.0,0.0,0.0,0.0,50.0,0.0,0.0,0.0,T21,3
YouTube::@OmarR-v8u,YouTube,1,12,0,0,0,0,0,0,5,0,1,1,2,0,0,0,1,0,0,0,1,0,0,0,1,0,0,0.0,0.0,0.0,0.0,0.0,0.0,41.7,0.0,8.3,8.3,16.7,0.0,0.0,0.0,8.3,0.0,0.0,0.0,8.3,0.0,0.0,0.0,8.3,0.0,0.0,T06,5
YouTube::@Origendelavida-qt6bn,YouTube,1,12,0,0,0,0,0,1,5,0,2,2,0,0,0,0,0,0,0,0,0,0,0,2,0,0,0,0.0,0.0,0.0,0.0,0.0,8.3,41.7,0.0,16.7,16.7,0.0,0.0,0.0,0.0,0.0,0.0,0.0,0.0,0.0,0.0,0.0,16.7,0.0,0.0,0.0,T06,5
YouTube::@OrlandoDamian-s8g,YouTube,1,2,0,0,0,0,0,0,0,0,1,0,0,0,0,0,1,0,0,0,0,0,0,0,0,0,0,0.0,0.0,0.0,0.0,0.0,0.0,0.0,0.0,50.0,0.0,0.0,0.0,0.0,0.0,50.0,0.0,0.0,0.0,0.0,0.0,0.0,0.0,0.0,0.0,0.0,T14,1
YouTube::@Oscar-mex-v9s,YouTube,2,8,0,0,0,0,1,0,4,0,0,1,1,0,0,1,0,0,0,0,0,0,0,0,0,0,0,0.0,0.0,0.0,0.0,12.5,0.0,50.0,0.0,0.0,12.5,12.5,0.0,0.0,12.5,0.0,0.0,0.0,0.0,0.0,0.0,0.0,0.0,0.0,0.0,0.0,T06,4
YouTube::@OscarEnriquezV,YouTube,1,2,0,0,0,0,0,0,0,0,0,0,0,0,0,0,0,0,0,0,0,0,0,2,0,0,0,0.0,0.0,0.0,0.0,0.0,0.0,0.0,0.0,0.0,0.0,0.0,0.0,0.0,0.0,0.0,0.0,0.0,0.0,0.0,0.0,0.0,100.0,0.0,0.0,0.0,T21,2
YouTube::@OscarRamirez-c1f4u,YouTube,3,16,0,0,0,0,0,1,0,0,0,1,0,0,1,0,0,1,0,1,6,0,1,2,1,1,0,0.0,0.0,0.0,0.0,0.0,6.2,0.0,0.0,0.0,6.2,0.0,0.0,6.2,0.0,0.0,6.2,0.0,6.2,37.5,0.0,6.2,12.5,6.2,6.2,0.0,T18,6
YouTube::@OscarSanchez-de3kx,YouTube,1,3,0,0,0,0,0,0,0,1,0,0,0,0,0,0,0,0,0,0,0,0,1,0,1,0,0,0.0,0.0,0.0,0.0,0.0,0.0,0.0,33.3,0.0,0.0,0.0,0.0,0.0,0.0,0.0,0.0,0.0,0.0,0.0,0.0,33.3,0.0,33.3,0.0,0.0,T07,1
YouTube::@Oscar_kraken,YouTube,1,3,0,0,0,0,0,0,0,0,0,0,1,0,0,0,0,0,0,0,0,0,1,0,1,0,0,0.0,0.0,0.0,0.0,0.0,0.0,0.0,0.0,0.0,0.0,33.3,0.0,0.0,0.0,0.0,0.0,0.0,0.0,0.0,0.0,33.3,0.0,33.3,0.0,0.0,T22,1
YouTube::@OscarjoelDeJesusCuellar-k4l,YouTube,2,4,0,0,0,0,0,0,0,0,1,0,1,0,0,0,0,0,0,1,0,0,1,0,0,0,0,0.0,0.0,0.0,0.0,0.0,0.0,0.0,0.0,25.0,0.0,25.0,0.0,0.0,0.0,0.0,0.0,0.0,25.0,0.0,0.0,25.0,0.0,0.0,0.0,0.0,T20,1
YouTube::@Oscarmunoz-vr2te,YouTube,1,3,0,0,0,0,0,0,1,0,0,0,0,0,0,0,0,1,0,0,0,0,0,0,1,0,0,0.0,0.0,0.0,0.0,0.0,0.0,33.3,0.0,0.0,0.0,0.0,0.0,0.0,0.0,0.0,33.3,0.0,0.0,0.0,0.0,0.0,0.0,33.3,0.0,0.0,T06,1
YouTube::@OscaryVillegas-m2l,YouTube,1,5,0,0,0,0,0,0,1,0,0,0,0,0,0,1,0,1,0,1,0,0,0,0,1,0,0,0.0,0.0,0.0,0.0,0.0,0.0,20.0,0.0,0.0,0.0,0.0,0.0,0.0,20.0,0.0,20.0,0.0,20.0,0.0,0.0,0.0,0.0,20.0,0.0,0.0,T06,1
YouTube::@OsielLopez-i7t,YouTube,1,3,0,0,0,0,0,0,1,0,0,0,0,0,0,0,0,0,0,0,1,0,0,1,0,0,0,0.0,0.0,0.0,0.0,0.0,0.0,33.3,0.0,0.0,0.0,0.0,0.0,0.0,0.0,0.0,0.0,0.0,0.0,33.3,0.0,0.0,33.3,0.0,0.0,0.0,T06,1
YouTube::@OsirisLigonioLópez,YouTube,1,4,0,0,0,1,0,0,0,0,1,2,0,0,0,0,0,0,0,0,0,0,0,0,0,0,0,0.0,0.0,0.0,25.0,0.0,0.0,0.0,0.0,25.0,50.0,0.0,0.0,0.0,0.0,0.0,0.0,0.0,0.0,0.0,0.0,0.0,0.0,0.0,0.0,0.0,T09,2
YouTube::@Ozo-p3u2r,YouTube,1,2,0,0,0,1,0,0,0,0,0,0,0,0,1,0,0,0,0,0,0,0,0,0,0,0,0,0.0,0.0,0.0,50.0,0.0,0.0,0.0,0.0,0.0,0.0,0.0,0.0,50.0,0.0,0.0,0.0,0.0,0.0,0.0,0.0,0.0,0.0,0.0,0.0,0.0,T03,1
YouTube::@Ozones-r3i,YouTube,1,6,0,0,0,1,0,0,0,0,0,0,0,2,1,0,0,0,0,0,0,0,1,0,1,0,0,0.0,0.0,0.0,16.7,0.0,0.0,0.0,0.0,0.0,0.0,0.0,33.3,16.7,0.0,0.0,0.0,0.0,0.0,0.0,0.0,16.7,0.0,16.7,0.0,0.0,T11,2
YouTube::@PAL5940,YouTube,1,3,0,0,0,0,0,0,3,0,0,0,0,0,0,0,0,0,0,0,0,0,0,0,0,0,0,0.0,0.0,0.0,0.0,0.0,0.0,100.0,0.0,0.0,0.0,0.0,0.0,0.0,0.0,0.0,0.0,0.0,0.0,0.0,0.0,0.0,0.0,0.0,0.0,0.0,T06,3
YouTube::@PATRICIAHERRERADELRIO-x4i,YouTube,1,8,0,0,1,0,2,0,3,0,0,0,0,0,0,0,1,0,0,0,0,0,0,0,1,0,0,0.0,0.0,12.5,0.0,25.0,0.0,37.5,0.0,0.0,0.0,0.0,0.0,0.0,0.0,12.5,0.0,0.0,0.0,0.0,0.0,0.0,0.0,12.5,0.0,0.0,T06,3
YouTube::@PDía-xf8eu,YouTube,1,4,0,0,0,0,0,0,4,0,0,0,0,0,0,0,0,0,0,0,0,0,0,0,0,0,0,0.0,0.0,0.0,0.0,0.0,0.0,100.0,0.0,0.0,0.0,0.0,0.0,0.0,0.0,0.0,0.0,0.0,0.0,0.0,0.0,0.0,0.0,0.0,0.0,0.0,T06,4
YouTube::@PabloBarcenas-kb9hk,YouTube,1,1,0,0,0,0,0,0,0,0,0,0,0,0,0,0,0,0,0,0,0,0,0,0,0,1,0,0.0,0.0,0.0,0.0,0.0,0.0,0.0,0.0,0.0,0.0,0.0,0.0,0.0,0.0,0.0,0.0,0.0,0.0,0.0,0.0,0.0,0.0,0.0,100.0,0.0,T23,1
YouTube::@PalomaBo,YouTube,1,5,0,0,0,0,0,0,0,0,0,2,0,0,0,0,3,0,0,0,0,0,0,0,0,0,0,0.0,0.0,0.0,0.0,0.0,0.0,0.0,0.0,0.0,40.0,0.0,0.0,0.0,0.0,60.0,0.0,0.0,0.0,0.0,0.0,0.0,0.0,0.0,0.0,0.0,T14,3
YouTube::@Pancho-x4t,YouTube,1,1,0,0,0,0,0,0,0,0,0,0,0,0,0,0,0,0,0,0,0,0,0,0,0,0,1,0.0,0.0,0.0,0.0,0.0,0.0,0.0,0.0,0.0,0.0,0.0,0.0,0.0,0.0,0.0,0.0,0.0,0.0,0.0,0.0,0.0,0.0,0.0,0.0,100.0,T24,1
YouTube::@PanchoSports,YouTube,1,2,0,0,0,0,0,0,0,0,0,0,1,0,0,0,0,0,1,0,0,0,0,0,0,0,0,0.0,0.0,0.0,0.0,0.0,0.0,0.0,0.0,0.0,0.0,50.0,0.0,0.0,0.0,0.0,0.0,50.0,0.0,0.0,0.0,0.0,0.0,0.0,0.0,0.0,T16,1
YouTube::@PanfiloHenandez,YouTube,2,7,0,0,0,1,0,0,1,0,0,0,0,1,0,0,0,0,0,0,3,0,0,0,1,0,0,0.0,0.0,0.0,14.3,0.0,0.0,14.3,0.0,0.0,0.0,0.0,14.3,0.0,0.0,0.0,0.0,0.0,0.0,42.9,0.0,0.0,0.0,14.3,0.0,0.0,T18,3
YouTube::@PatriciaAguilarZavaleta,YouTube,1,4,0,1,0,0,0,0,3,0,0,0,0,0,0,0,0,0,0,0,0,0,0,0,0,0,0,0.0,25.0,0.0,0.0,0.0,0.0,75.0,0.0,0.0,0.0,0.0,0.0,0.0,0.0,0.0,0.0,0.0,0.0,0.0,0.0,0.0,0.0,0.0,0.0,0.0,T06,3
YouTube::@PatriciaGarcia-z3j9u,YouTube,2,1,0,0,0,0,0,0,0,0,0,1,0,0,0,0,0,0,0,0,0,0,0,0,0,0,0,0.0,0.0,0.0,0.0,0.0,0.0,0.0,0.0,0.0,100.0,0.0,0.0,0.0,0.0,0.0,0.0,0.0,0.0,0.0,0.0,0.0,0.0,0.0,0.0,0.0,T09,1
YouTube::@PatriciaHernandez-ll3fy,YouTube,1,1,0,0,0,0,0,0,0,0,0,0,0,0,0,0,0,0,0,0,0,0,0,0,1,0,0,0.0,0.0,0.0,0.0,0.0,0.0,0.0,0.0,0.0,0.0,0.0,0.0,0.0,0.0,0.0,0.0,0.0,0.0,0.0,0.0,0.0,0.0,100.0,0.0,0.0,T22,1
YouTube::@PatriciaMunguia-t7y,YouTube,2,6,0,0,0,0,0,0,1,0,1,0,0,0,0,0,0,0,0,0,0,0,0,4,0,0,0,0.0,0.0,0.0,0.0,0.0,0.0,16.7,0.0,16.7,0.0,0.0,0.0,0.0,0.0,0.0,0.0,0.0,0.0,0.0,0.0,0.0,66.7,0.0,0.0,0.0,T21,4
YouTube::@Patriciagonzalez-w9g,YouTube,1,5,0,0,0,0,0,1,0,1,2,0,0,1,0,0,0,0,0,0,0,0,0,0,0,0,0,0.0,0.0,0.0,0.0,0.0,20.0,0.0,20.0,40.0,0.0,0.0,20.0,0.0,0.0,0.0,0.0,0.0,0.0,0.0,0.0,0.0,0.0,0.0,0.0,0.0,T08,2
YouTube::@Pattitopj1,YouTube,1,2,0,0,0,0,0,0,1,0,0,0,0,0,0,0,0,1,0,0,0,0,0,0,0,0,0,0.0,0.0,0.0,0.0,0.0,0.0,50.0,0.0,0.0,0.0,0.0,0.0,0.0,0.0,0.0,50.0,0.0,0.0,0.0,0.0,0.0,0.0,0.0,0.0,0.0,T15,1
YouTube::@PatyJoch-l9m,YouTube,1,5,0,0,0,0,0,0,0,3,0,0,0,0,0,0,0,0,0,1,0,0,0,0,0,1,0,0.0,0.0,0.0,0.0,0.0,0.0,0.0,60.0,0.0,0.0,0.0,0.0,0.0,0.0,0.0,0.0,0.0,20.0,0.0,0.0,0.0,0.0,0.0,20.0,0.0,T07,3
YouTube::@Patypaty-q4f,YouTube,1,2,0,0,0,0,0,0,0,0,0,1,0,0,0,0,0,0,0,0,0,0,0,1,0,0,0,0.0,0.0,0.0,0.0,0.0,0.0,0.0,0.0,0.0,50.0,0.0,0.0,0.0,0.0,0.0,0.0,0.0,0.0,0.0,0.0,0.0,50.0,0.0,0.0,0.0,T09,1
YouTube::@PaulaMorales-wf2cy,YouTube,1,4,0,0,0,0,0,0,1,0,0,0,0,0,0,0,2,0,0,0,1,0,0,0,0,0,0,0.0,0.0,0.0,0.0,0.0,0.0,25.0,0.0,0.0,0.0,0.0,0.0,0.0,0.0,50.0,0.0,0.0,0.0,25.0,0.0,0.0,0.0,0.0,0.0,0.0,T14,2
YouTube::@PaulinoLópezHernández-d3b,YouTube,1,4,0,0,0,0,0,0,0,0,0,0,0,1,0,0,0,0,0,0,0,0,0,2,1,0,0,0.0,0.0,0.0,0.0,0.0,0.0,0.0,0.0,0.0,0.0,0.0,25.0,0.0,0.0,0.0,0.0,0.0,0.0,0.0,0.0,0.0,50.0,25.0,0.0,0.0,T21,2
YouTube::@PedroEspitia-p2f,YouTube,1,11,1,0,0,0,1,1,0,0,1,0,2,0,0,0,0,0,0,0,0,0,0,0,3,0,2,9.1,0.0,0.0,0.0,9.1,9.1,0.0,0.0,9.1,0.0,18.2,0.0,0.0,0.0,0.0,0.0,0.0,0.0,0.0,0.0,0.0,0.0,27.3,0.0,18.2,T22,3
YouTube::@PedroGarcia-d1t,YouTube,1,3,0,0,0,0,0,0,0,0,1,0,0,0,0,0,0,0,0,0,0,0,0,2,0,0,0,0.0,0.0,0.0,0.0,0.0,0.0,0.0,0.0,33.3,0.0,0.0,0.0,0.0,0.0,0.0,0.0,0.0,0.0,0.0,0.0,0.0,66.7,0.0,0.0,0.0,T21,2
YouTube::@PedroLopez-in5uk,YouTube,1,1,0,0,0,0,0,0,1,0,0,0,0,0,0,0,0,0,0,0,0,0,0,0,0,0,0,0.0,0.0,0.0,0.0,0.0,0.0,100.0,0.0,0.0,0.0,0.0,0.0,0.0,0.0,0.0,0.0,0.0,0.0,0.0,0.0,0.0,0.0,0.0,0.0,0.0,T06,1
YouTube::@PedroOrozco-p6l,YouTube,1,1,0,0,0,0,0,0,0,0,0,0,0,0,0,1,0,0,0,0,0,0,0,0,0,0,0,0.0,0.0,0.0,0.0,0.0,0.0,0.0,0.0,0.0,0.0,0.0,0.0,0.0,100.0,0.0,0.0,0.0,0.0,0.0,0.0,0.0,0.0,0.0,0.0,0.0,T13,1
YouTube::@PedroPulidoDiaz,YouTube,1,6,0,0,0,2,0,0,2,0,0,1,0,0,0,0,0,0,1,0,0,0,0,0,0,0,0,0.0,0.0,0.0,33.3,0.0,0.0,33.3,0.0,0.0,16.7,0.0,0.0,0.0,0.0,0.0,0.0,16.7,0.0,0.0,0.0,0.0,0.0,0.0,0.0,0.0,T06,2
YouTube::@PedroSandoval-m1g,YouTube,1,3,0,0,0,1,0,0,0,0,0,0,0,0,0,2,0,0,0,0,0,0,0,0,0,0,0,0.0,0.0,0.0,33.3,0.0,0.0,0.0,0.0,0.0,0.0,0.0,0.0,0.0,66.7,0.0,0.0,0.0,0.0,0.0,0.0,0.0,0.0,0.0,0.0,0.0,T13,2
YouTube::@PepeAbrego-c4r9j,YouTube,1,2,0,0,0,0,0,0,0,0,1,0,0,1,0,0,0,0,0,0,0,0,0,0,0,0,0,0.0,0.0,0.0,0.0,0.0,0.0,0.0,0.0,50.0,0.0,0.0,50.0,0.0,0.0,0.0,0.0,0.0,0.0,0.0,0.0,0.0,0.0,0.0,0.0,0.0,T11,1
YouTube::@PerryNavarroOficial,YouTube,1,4,0,0,0,0,0,0,0,0,0,0,0,0,0,0,2,0,0,0,0,1,0,0,1,0,0,0.0,0.0,0.0,0.0,0.0,0.0,0.0,0.0,0.0,0.0,0.0,0.0,0.0,0.0,50.0,0.0,0.0,0.0,0.0,25.0,0.0,0.0,25.0,0.0,0.0,T14,2
YouTube::@Peter-et9cb,YouTube,1,4,0,1,0,0,0,0,1,0,0,0,0,0,0,0,0,0,0,0,0,0,0,2,0,0,0,0.0,25.0,0.0,0.0,0.0,0.0,25.0,0.0,0.0,0.0,0.0,0.0,0.0,0.0,0.0,0.0,0.0,0.0,0.0,0.0,0.0,50.0,0.0,0.0,0.0,T21,2
YouTube::@Pirater666l,YouTube,1,6,0,0,1,1,1,1,1,0,0,0,0,0,0,1,0,0,0,0,0,0,0,0,0,0,0,0.0,0.0,16.7,16.7,16.7,16.7,16.7,0.0,0.0,0.0,0.0,0.0,0.0,16.7,0.0,0.0,0.0,0.0,0.0,0.0,0.0,0.0,0.0,0.0,0.0,T04,1
YouTube::@PlanosARCOS,YouTube,1,13,0,0,0,0,3,1,0,1,1,0,1,0,0,0,0,0,0,0,0,0,0,4,0,1,1,0.0,0.0,0.0,0.0,23.1,7.7,0.0,7.7,7.7,0.0,7.7,0.0,0.0,0.0,0.0,0.0,0.0,0.0,0.0,0.0,0.0,30.8,0.0,7.7,7.7,T21,4
YouTube::@PoloHerrera-d7c,YouTube,1,8,1,0,0,0,0,0,0,0,1,1,0,1,0,1,0,0,0,0,0,1,1,0,0,0,1,12.5,0.0,0.0,0.0,0.0,0.0,0.0,0.0,12.5,12.5,0.0,12.5,0.0,12.5,0.0,0.0,0.0,0.0,0.0,12.5,12.5,0.0,0.0,0.0,12.5,T19,1
YouTube::@PorfirioOrozco-e1p,YouTube,1,9,0,0,0,0,0,0,1,0,0,0,0,3,0,1,0,1,1,1,0,0,0,0,1,0,0,0.0,0.0,0.0,0.0,0.0,0.0,11.1,0.0,0.0,0.0,0.0,33.3,0.0,11.1,0.0,11.1,11.1,11.1,0.0,0.0,0.0,0.0,11.1,0.0,0.0,T11,3
YouTube::@PramaProduccionesMx,YouTube,1,2,0,0,0,0,0,0,0,0,0,0,0,0,0,2,0,0,0,0,0,0,0,0,0,0,0,0.0,0.0,0.0,0.0,0.0,0.0,0.0,0.0,0.0,0.0,0.0,0.0,0.0,100.0,0.0,0.0,0.0,0.0,0.0,0.0,0.0,0.0,0.0,0.0,0.0,T13,2
YouTube::@ProfessorZaZaZa,YouTube,1,2,0,0,1,0,0,0,0,0,1,0,0,0,0,0,0,0,0,0,0,0,0,0,0,0,0,0.0,0.0,50.0,0.0,0.0,0.0,0.0,0.0,50.0,0.0,0.0,0.0,0.0,0.0,0.0,0.0,0.0,0.0,0.0,0.0,0.0,0.0,0.0,0.0,0.0,T08,1
YouTube::@RAFAELALEJO-yd9ei,YouTube,1,10,0,0,0,0,1,0,2,0,0,0,2,1,0,1,0,0,0,0,1,0,2,0,0,0,0,0.0,0.0,0.0,0.0,10.0,0.0,20.0,0.0,0.0,0.0,20.0,10.0,0.0,10.0,0.0,0.0,0.0,0.0,10.0,0.0,20.0,0.0,0.0,0.0,0.0,T10,2
YouTube::@RAMONPrat-gj8mr,YouTube,1,5,0,0,0,0,0,0,1,0,1,0,1,0,0,0,0,0,0,0,0,0,0,1,0,0,1,0.0,0.0,0.0,0.0,0.0,0.0,20.0,0.0,20.0,0.0,20.0,0.0,0.0,0.0,0.0,0.0,0.0,0.0,0.0,0.0,0.0,20.0,0.0,0.0,20.0,T21,1
YouTube::@ROMANESTRADA-i8f,YouTube,1,4,0,0,0,1,0,0,1,0,0,0,0,0,0,0,0,0,0,0,0,0,0,1,0,0,1,0.0,0.0,0.0,25.0,0.0,0.0,25.0,0.0,0.0,0.0,0.0,0.0,0.0,0.0,0.0,0.0,0.0,0.0,0.0,0.0,0.0,25.0,0.0,0.0,25.0,T21,1
YouTube::@RPD-DD,YouTube,1,14,0,0,1,1,4,0,1,0,0,2,0,2,0,0,1,0,1,0,0,1,0,0,0,0,0,0.0,0.0,7.1,7.1,28.6,0.0,7.1,0.0,0.0,14.3,0.0,14.3,0.0,0.0,7.1,0.0,7.1,0.0,0.0,7.1,0.0,0.0,0.0,0.0,0.0,T04,4
YouTube::@RafaSilva-j1f,YouTube,1,2,0,0,0,0,0,0,1,0,0,0,0,0,0,1,0,0,0,0,0,0,0,0,0,0,0,0.0,0.0,0.0,0.0,0.0,0.0,50.0,0.0,0.0,0.0,0.0,0.0,0.0,50.0,0.0,0.0,0.0,0.0,0.0,0.0,0.0,0.0,0.0,0.0,0.0,T06,1
YouTube::@RafaelHernandez-n3r,YouTube,1,2,0,0,0,0,0,0,2,0,0,0,0,0,0,0,0,0,0,0,0,0,0,0,0,0,0,0.0,0.0,0.0,0.0,0.0,0.0,100.0,0.0,0.0,0.0,0.0,0.0,0.0,0.0,0.0,0.0,0.0,0.0,0.0,0.0,0.0,0.0,0.0,0.0,0.0,T06,2
YouTube::@RafaelMartinezTeran,YouTube,1,2,0,0,0,0,1,0,0,0,0,0,0,1,0,0,0,0,0,0,0,0,0,0,0,0,0,0.0,0.0,0.0,0.0,50.0,0.0,0.0,0.0,0.0,0.0,0.0,50.0,0.0,0.0,0.0,0.0,0.0,0.0,0.0,0.0,0.0,0.0,0.0,0.0,0.0,T04,1
YouTube::@RafaelNegrete-e6u,YouTube,1,3,0,0,0,0,0,0,0,0,0,0,0,0,0,0,1,1,0,0,1,0,0,0,0,0,0,0.0,0.0,0.0,0.0,0.0,0.0,0.0,0.0,0.0,0.0,0.0,0.0,0.0,0.0,33.3,33.3,0.0,0.0,33.3,0.0,0.0,0.0,0.0,0.0,0.0,T18,1
YouTube::@RafaelOsorio-p4b7z,YouTube,1,6,0,0,0,1,0,0,1,0,0,0,0,0,2,0,0,0,0,0,0,1,0,1,0,0,0,0.0,0.0,0.0,16.7,0.0,0.0,16.7,0.0,0.0,0.0,0.0,0.0,33.3,0.0,0.0,0.0,0.0,0.0,0.0,16.7,0.0,16.7,0.0,0.0,0.0,T12,2
YouTube::@RafaelVazquez-u8v5g,YouTube,1,2,0,0,0,0,0,0,0,0,0,0,0,1,0,0,0,0,0,0,1,0,0,0,0,0,0,0.0,0.0,0.0,0.0,0.0,0.0,0.0,0.0,0.0,0.0,0.0,50.0,0.0,0.0,0.0,0.0,0.0,0.0,50.0,0.0,0.0,0.0,0.0,0.0,0.0,T18,1
YouTube::@RamiroVelazquez-c5j,YouTube,1,2,0,0,0,0,0,0,0,0,0,0,0,0,0,0,0,0,0,0,0,0,0,2,0,0,0,0.0,0.0,0.0,0.0,0.0,0.0,0.0,0.0,0.0,0.0,0.0,0.0,0.0,0.0,0.0,0.0,0.0,0.0,0.0,0.0,0.0,100.0,0.0,0.0,0.0,T21,2
YouTube::@RamonAldana-f3b,YouTube,1,4,0,0,0,0,0,1,0,0,0,0,0,0,0,0,0,0,0,0,0,0,0,2,0,0,1,0.0,0.0,0.0,0.0,0.0,25.0,0.0,0.0,0.0,0.0,0.0,0.0,0.0,0.0,0.0,0.0,0.0,0.0,0.0,0.0,0.0,50.0,0.0,0.0,25.0,T21,2
YouTube::@RamonBejarano-c9w,YouTube,1,5,0,0,0,0,0,0,2,0,1,0,0,0,0,0,0,0,0,0,0,0,0,1,1,0,0,0.0,0.0,0.0,0.0,0.0,0.0,40.0,0.0,20.0,0.0,0.0,0.0,0.0,0.0,0.0,0.0,0.0,0.0,0.0,0.0,0.0,20.0,20.0,0.0,0.0,T06,2
YouTube::@Ramoncito1694Morales,YouTube,1,10,0,0,0,1,0,2,0,0,1,0,0,1,2,0,0,0,0,0,0,1,1,0,1,0,0,0.0,0.0,0.0,10.0,0.0,20.0,0.0,0.0,10.0,0.0,0.0,10.0,20.0,0.0,0.0,0.0,0.0,0.0,0.0,10.0,10.0,0.0,10.0,0.0,0.0,T12,2
YouTube::@RaulCoronadoMartínez-v8t6d,YouTube,1,13,0,2,0,1,0,1,0,0,1,0,0,1,0,0,1,0,0,0,0,0,0,4,1,0,1,0.0,15.4,0.0,7.7,0.0,7.7,0.0,0.0,7.7,0.0,0.0,7.7,0.0,0.0,7.7,0.0,0.0,0.0,0.0,0.0,0.0,30.8,7.7,0.0,7.7,T21,4
YouTube::@RaulHMacias,YouTube,1,16,1,0,1,0,2,0,2,0,1,2,1,0,0,0,0,2,0,1,1,0,0,2,0,0,0,6.2,0.0,6.2,0.0,12.5,0.0,12.5,0.0,6.2,12.5,6.2,0.0,0.0,0.0,0.0,12.5,0.0,6.2,6.2,0.0,0.0,12.5,0.0,0.0,0.0,T15,2
YouTube::@RaulHz-w4p2d,YouTube,2,5,0,0,0,1,0,0,2,0,0,0,0,0,0,0,0,0,0,0,0,0,0,2,0,0,0,0.0,0.0,0.0,20.0,0.0,0.0,40.0,0.0,0.0,0.0,0.0,0.0,0.0,0.0,0.0,0.0,0.0,0.0,0.0,0.0,0.0,40.0,0.0,0.0,0.0,T06,2
YouTube::@Raulrascon91,YouTube,1,2,0,0,0,0,0,0,0,0,0,0,0,1,0,0,0,0,0,0,0,0,1,0,0,0,0,0.0,0.0,0.0,0.0,0.0,0.0,0.0,0.0,0.0,0.0,0.0,50.0,0.0,0.0,0.0,0.0,0.0,0.0,0.0,0.0,50.0,0.0,0.0,0.0,0.0,T11,1
YouTube::@RaymundoSalgado-w2j,YouTube,2,3,0,0,0,0,0,0,1,0,0,0,0,0,0,0,0,0,0,0,0,0,1,1,0,0,0,0.0,0.0,0.0,0.0,0.0,0.0,33.3,0.0,0.0,0.0,0.0,0.0,0.0,0.0,0.0,0.0,0.0,0.0,0.0,0.0,33.3,33.3,0.0,0.0,0.0,T20,1
YouTube::@RddStar-y2v4z,YouTube,3,22,0,0,0,2,5,0,8,0,1,0,0,0,0,1,2,0,0,0,1,0,0,0,0,0,2,0.0,0.0,0.0,9.1,22.7,0.0,36.4,0.0,4.5,0.0,0.0,0.0,0.0,4.5,9.1,0.0,0.0,0.0,4.5,0.0,0.0,0.0,0.0,0.0,9.1,T06,8
YouTube::@RebecaAlvarez-gv5yy,YouTube,1,3,0,0,0,0,0,0,1,0,0,0,0,1,0,0,0,0,0,1,0,0,0,0,0,0,0,0.0,0.0,0.0,0.0,0.0,0.0,33.3,0.0,0.0,0.0,0.0,33.3,0.0,0.0,0.0,0.0,0.0,33.3,0.0,0.0,0.0,0.0,0.0,0.0,0.0,T06,1
YouTube::@RebecaGonzalezRivera,YouTube,1,0,0,0,0,0,0,0,0,0,0,0,0,0,0,0,0,0,0,0,0,0,0,0,0,0,0,0.0,0.0,0.0,0.0,0.0,0.0,0.0,0.0,0.0,0.0,0.0,0.0,0.0,0.0,0.0,0.0,0.0,0.0,0.0,0.0,0.0,0.0,0.0,0.0,0.0,,0
YouTube::@ReginaPerez-k4b,YouTube,1,1,0,1,0,0,0,0,0,0,0,0,0,0,0,0,0,0,0,0,0,0,0,0,0,0,0,0.0,100.0,0.0,0.0,0.0,0.0,0.0,0.0,0.0,0.0,0.0,0.0,0.0,0.0,0.0,0.0,0.0,0.0,0.0,0.0,0.0,0.0,0.0,0.0,0.0,T01,1
YouTube::@ReinolSánchez-r3s,YouTube,1,6,0,0,0,1,0,0,1,0,0,2,0,1,0,0,0,0,0,0,0,0,1,0,0,0,0,0.0,0.0,0.0,16.7,0.0,0.0,16.7,0.0,0.0,33.3,0.0,16.7,0.0,0.0,0.0,0.0,0.0,0.0,0.0,0.0,16.7,0.0,0.0,0.0,0.0,T09,2
YouTube::@Rembrandt1945,YouTube,1,11,0,1,0,1,4,0,1,0,0,1,0,1,0,0,1,1,0,0,0,0,0,0,0,0,0,0.0,9.1,0.0,9.1,36.4,0.0,9.1,0.0,0.0,9.1,0.0,9.1,0.0,0.0,9.1,9.1,0.0,0.0,0.0,0.0,0.0,0.0,0.0,0.0,0.0,T04,4
YouTube::@ReneRodriguez-q2k,YouTube,1,1,0,0,0,0,0,0,0,0,0,0,1,0,0,0,0,0,0,0,0,0,0,0,0,0,0,0.0,0.0,0.0,0.0,0.0,0.0,0.0,0.0,0.0,0.0,100.0,0.0,0.0,0.0,0.0,0.0,0.0,0.0,0.0,0.0,0.0,0.0,0.0,0.0,0.0,T10,1
YouTube::@ReyesErnestoAlanisGarcía,YouTube,1,9,0,0,0,0,0,1,2,0,0,0,2,0,0,2,0,0,0,0,1,0,1,0,0,0,0,0.0,0.0,0.0,0.0,0.0,11.1,22.2,0.0,0.0,0.0,22.2,0.0,0.0,22.2,0.0,0.0,0.0,0.0,11.1,0.0,11.1,0.0,0.0,0.0,0.0,T10,2
YouTube::@ReynaBarcenas-u1t,YouTube,1,13,0,0,1,0,0,1,7,0,0,0,0,3,0,0,1,0,0,0,0,0,0,0,0,0,0,0.0,0.0,7.7,0.0,0.0,7.7,53.8,0.0,0.0,0.0,0.0,23.1,0.0,0.0,7.7,0.0,0.0,0.0,0.0,0.0,0.0,0.0,0.0,0.0,0.0,T06,7
YouTube::@RicardoMartínez-t1z1y,YouTube,1,2,1,0,0,0,0,0,0,0,0,0,0,1,0,0,0,0,0,0,0,0,0,0,0,0,0,50.0,0.0,0.0,0.0,0.0,0.0,0.0,0.0,0.0,0.0,0.0,50.0,0.0,0.0,0.0,0.0,0.0,0.0,0.0,0.0,0.0,0.0,0.0,0.0,0.0,T11,1
YouTube::@RicharPerez-r1c5j,YouTube,1,6,0,0,0,0,0,0,2,0,0,0,0,0,0,0,0,0,0,0,0,0,0,3,1,0,0,0.0,0.0,0.0,0.0,0.0,0.0,33.3,0.0,0.0,0.0,0.0,0.0,0.0,0.0,0.0,0.0,0.0,0.0,0.0,0.0,0.0,50.0,16.7,0.0,0.0,T21,3
YouTube::@RickyVargas-w9h,YouTube,1,2,0,0,0,0,0,0,0,0,0,0,0,0,0,1,0,0,0,0,0,0,0,1,0,0,0,0.0,0.0,0.0,0.0,0.0,0.0,0.0,0.0,0.0,0.0,0.0,0.0,0.0,50.0,0.0,0.0,0.0,0.0,0.0,0.0,0.0,50.0,0.0,0.0,0.0,T21,1
YouTube::@RigobertoMontiel-k1z,YouTube,1,3,0,0,0,1,0,0,0,0,0,0,1,1,0,0,0,0,0,0,0,0,0,0,0,0,0,0.0,0.0,0.0,33.3,0.0,0.0,0.0,0.0,0.0,0.0,33.3,33.3,0.0,0.0,0.0,0.0,0.0,0.0,0.0,0.0,0.0,0.0,0.0,0.0,0.0,T10,1
YouTube::@RileyBeppler69,YouTube,1,42,1,0,1,0,1,5,19,1,1,3,2,2,1,0,1,0,0,0,0,1,1,0,2,0,0,2.4,0.0,2.4,0.0,2.4,11.9,45.2,2.4,2.4,7.1,4.8,4.8,2.4,0.0,2.4,0.0,0.0,0.0,0.0,2.4,2.4,0.0,4.8,0.0,0.0,T06,19
YouTube::@RinconesdeMexico3027,YouTube,2,9,0,0,0,0,2,0,2,0,0,0,0,0,0,0,0,0,0,1,0,1,0,0,2,0,1,0.0,0.0,0.0,0.0,22.2,0.0,22.2,0.0,0.0,0.0,0.0,0.0,0.0,0.0,0.0,0.0,0.0,11.1,0.0,11.1,0.0,0.0,22.2,0.0,11.1,T22,2
YouTube::@RingOflov,YouTube,1,3,0,0,0,0,0,0,0,0,1,0,0,0,0,0,0,0,0,0,0,0,1,1,0,0,0,0.0,0.0,0.0,0.0,0.0,0.0,0.0,0.0,33.3,0.0,0.0,0.0,0.0,0.0,0.0,0.0,0.0,0.0,0.0,0.0,33.3,33.3,0.0,0.0,0.0,T20,1
YouTube::@RobertValenciaPIrob,YouTube,2,13,0,1,0,0,0,1,0,2,0,1,0,5,0,0,2,0,0,0,0,0,0,0,1,0,0,0.0,7.7,0.0,0.0,0.0,7.7,0.0,15.4,0.0,7.7,0.0,38.5,0.0,0.0,15.4,0.0,0.0,0.0,0.0,0.0,0.0,0.0,7.7,0.0,0.0,T11,5
YouTube::@RobertoArredondoHernández,YouTube,1,2,0,0,0,0,0,0,0,0,0,0,0,0,0,0,0,0,0,0,0,0,1,1,0,0,0,0.0,0.0,0.0,0.0,0.0,0.0,0.0,0.0,0.0,0.0,0.0,0.0,0.0,0.0,0.0,0.0,0.0,0.0,0.0,0.0,50.0,50.0,0.0,0.0,0.0,T21,1
YouTube::@RocioOcadiz-i8v,YouTube,1,3,0,0,0,0,0,0,0,0,0,2,0,0,0,0,0,0,0,0,0,0,0,0,1,0,0,0.0,0.0,0.0,0.0,0.0,0.0,0.0,0.0,0.0,66.7,0.0,0.0,0.0,0.0,0.0,0.0,0.0,0.0,0.0,0.0,0.0,0.0,33.3,0.0,0.0,T09,2
YouTube::@Rodolfo-t2o,YouTube,1,2,1,0,0,0,0,0,1,0,0,0,0,0,0,0,0,0,0,0,0,0,0,0,0,0,0,50.0,0.0,0.0,0.0,0.0,0.0,50.0,0.0,0.0,0.0,0.0,0.0,0.0,0.0,0.0,0.0,0.0,0.0,0.0,0.0,0.0,0.0,0.0,0.0,0.0,T00,1
YouTube::@Rodolfo-z8b4q,YouTube,1,2,0,0,0,0,0,0,0,0,0,0,0,0,0,0,0,0,0,0,0,1,0,0,0,1,0,0.0,0.0,0.0,0.0,0.0,0.0,0.0,0.0,0.0,0.0,0.0,0.0,0.0,0.0,0.0,0.0,0.0,0.0,0.0,50.0,0.0,0.0,0.0,50.0,0.0,T23,1
YouTube::@RodolfoRios-t7r,YouTube,1,1,0,0,0,1,0,0,0,0,0,0,0,0,0,0,0,0,0,0,0,0,0,0,0,0,0,0.0,0.0,0.0,100.0,0.0,0.0,0.0,0.0,0.0,0.0,0.0,0.0,0.0,0.0,0.0,0.0,0.0,0.0,0.0,0.0,0.0,0.0,0.0,0.0,0.0,T03,1
YouTube::@RodolfoRodriguez-mn6ev,YouTube,1,12,0,0,0,1,0,0,1,2,3,0,0,1,0,0,0,0,0,0,0,1,0,2,1,0,0,0.0,0.0,0.0,8.3,0.0,0.0,8.3,16.7,25.0,0.0,0.0,8.3,0.0,0.0,0.0,0.0,0.0,0.0,0.0,8.3,0.0,16.7,8.3,0.0,0.0,T08,3
YouTube::@RogelioBarroso-v7e,YouTube,1,37,0,3,0,0,0,0,3,2,1,4,3,0,4,1,0,0,0,2,0,0,2,11,0,0,1,0.0,8.1,0.0,0.0,0.0,0.0,8.1,5.4,2.7,10.8,8.1,0.0,10.8,2.7,0.0,0.0,0.0,5.4,0.0,0.0,5.4,29.7,0.0,0.0,2.7,T21,11
YouTube::@RogelioJaimes-ge2yo,YouTube,1,2,0,0,0,0,0,0,0,0,0,0,0,0,0,0,0,0,0,0,0,0,0,1,0,1,0,0.0,0.0,0.0,0.0,0.0,0.0,0.0,0.0,0.0,0.0,0.0,0.0,0.0,0.0,0.0,0.0,0.0,0.0,0.0,0.0,0.0,50.0,0.0,50.0,0.0,T23,1
YouTube::@RogelioManuelHernándezHernánde,YouTube,1,2,0,0,0,0,0,0,1,0,0,0,0,0,0,0,0,0,0,0,0,0,0,1,0,0,0,0.0,0.0,0.0,0.0,0.0,0.0,50.0,0.0,0.0,0.0,0.0,0.0,0.0,0.0,0.0,0.0,0.0,0.0,0.0,0.0,0.0,50.0,0.0,0.0,0.0,T06,1
YouTube::@RogelioRosales-v4x,YouTube,1,1,0,0,1,0,0,0,0,0,0,0,0,0,0,0,0,0,0,0,0,0,0,0,0,0,0,0.0,0.0,100.0,0.0,0.0,0.0,0.0,0.0,0.0,0.0,0.0,0.0,0.0,0.0,0.0,0.0,0.0,0.0,0.0,0.0,0.0,0.0,0.0,0.0,0.0,T02,1
YouTube::@Roller-t1e,YouTube,1,8,0,0,0,0,1,1,1,0,1,0,0,1,0,0,1,0,0,0,0,0,1,0,1,0,0,0.0,0.0,0.0,0.0,12.5,12.5,12.5,0.0,12.5,0.0,0.0,12.5,0.0,0.0,12.5,0.0,0.0,0.0,0.0,0.0,12.5,0.0,12.5,0.0,0.0,T04,1
YouTube::@RosFlor95,YouTube,1,9,0,1,0,0,0,0,1,0,0,0,0,1,0,0,1,1,0,0,0,0,1,0,1,2,0,0.0,11.1,0.0,0.0,0.0,0.0,11.1,0.0,0.0,0.0,0.0,11.1,0.0,0.0,11.1,11.1,0.0,0.0,0.0,0.0,11.1,0.0,11.1,22.2,0.0,T23,2
YouTube::@Rosa_GZ,YouTube,1,3,0,0,0,0,0,0,0,0,0,0,0,0,0,0,0,0,0,0,0,0,0,0,3,0,0,0.0,0.0,0.0,0.0,0.0,0.0,0.0,0.0,0.0,0.0,0.0,0.0,0.0,0.0,0.0,0.0,0.0,0.0,0.0,0.0,0.0,0.0,100.0,0.0,0.0,T22,3
YouTube::@RosaliaSantosMayo,YouTube,2,2,0,0,0,0,0,0,0,0,0,0,0,0,0,0,1,0,0,0,0,1,0,0,0,0,0,0.0,0.0,0.0,0.0,0.0,0.0,0.0,0.0,0.0,0.0,0.0,0.0,0.0,0.0,50.0,0.0,0.0,0.0,0.0,50.0,0.0,0.0,0.0,0.0,0.0,T14,1
YouTube::@RosalvaOsorio-q6h,YouTube,1,14,0,0,0,0,1,1,6,0,0,0,1,0,0,0,1,2,0,1,0,1,0,0,0,0,0,0.0,0.0,0.0,0.0,7.1,7.1,42.9,0.0,0.0,0.0,7.1,0.0,0.0,0.0,7.1,14.3,0.0,7.1,0.0,7.1,0.0,0.0,0.0,0.0,0.0,T06,6
YouTube::@RosalvaValdez-o8o,YouTube,1,1,0,0,0,0,0,0,0,0,0,0,0,0,0,0,0,0,0,0,0,0,0,0,0,1,0,0.0,0.0,0.0,0.0,0.0,0.0,0.0,0.0,0.0,0.0,0.0,0.0,0.0,0.0,0.0,0.0,0.0,0.0,0.0,0.0,0.0,0.0,0.0,100.0,0.0,T23,1
YouTube::@RosarioHernandez-v3u,YouTube,1,1,0,0,0,0,1,0,0,0,0,0,0,0,0,0,0,0,0,0,0,0,0,0,0,0,0,0.0,0.0,0.0,0.0,100.0,0.0,0.0,0.0,0.0,0.0,0.0,0.0,0.0,0.0,0.0,0.0,0.0,0.0,0.0,0.0,0.0,0.0,0.0,0.0,0.0,T04,1
YouTube::@RosateresaRamirez,YouTube,1,6,0,0,0,0,1,1,3,0,0,1,0,0,0,0,0,0,0,0,0,0,0,0,0,0,0,0.0,0.0,0.0,0.0,16.7,16.7,50.0,0.0,0.0,16.7,0.0,0.0,0.0,0.0,0.0,0.0,0.0,0.0,0.0,0.0,0.0,0.0,0.0,0.0,0.0,T06,3
YouTube::@Ross_1953,YouTube,1,6,0,0,0,0,0,0,2,0,1,0,0,0,0,0,2,0,0,0,1,0,0,0,0,0,0,0.0,0.0,0.0,0.0,0.0,0.0,33.3,0.0,16.7,0.0,0.0,0.0,0.0,0.0,33.3,0.0,0.0,0.0,16.7,0.0,0.0,0.0,0.0,0.0,0.0,T06,2
YouTube::@RossyMonterrubiodeleon,YouTube,1,2,0,0,0,0,0,0,0,1,0,0,0,0,0,0,0,0,0,0,0,0,0,0,0,1,0,0.0,0.0,0.0,0.0,0.0,0.0,0.0,50.0,0.0,0.0,0.0,0.0,0.0,0.0,0.0,0.0,0.0,0.0,0.0,0.0,0.0,0.0,0.0,50.0,0.0,T23,1
YouTube::@Ruben.c4,YouTube,1,6,0,0,0,0,1,0,0,0,0,0,2,0,0,0,1,0,0,0,0,0,0,2,0,0,0,0.0,0.0,0.0,0.0,16.7,0.0,0.0,0.0,0.0,0.0,33.3,0.0,0.0,0.0,16.7,0.0,0.0,0.0,0.0,0.0,0.0,33.3,0.0,0.0,0.0,T10,2
YouTube::@RubenContreras-m8l,YouTube,1,2,0,0,0,0,0,0,2,0,0,0,0,0,0,0,0,0,0,0,0,0,0,0,0,0,0,0.0,0.0,0.0,0.0,0.0,0.0,100.0,0.0,0.0,0.0,0.0,0.0,0.0,0.0,0.0,0.0,0.0,0.0,0.0,0.0,0.0,0.0,0.0,0.0,0.0,T06,2
YouTube::@RuthFragoso-d3o,YouTube,2,10,0,0,0,0,0,1,3,0,1,1,0,2,0,0,1,0,0,0,1,0,0,0,0,0,0,0.0,0.0,0.0,0.0,0.0,10.0,30.0,0.0,10.0,10.0,0.0,20.0,0.0,0.0,10.0,0.0,0.0,0.0,10.0,0.0,0.0,0.0,0.0,0.0,0.0,T06,3
YouTube::@RuthOvalle-b5f,YouTube,1,13,0,0,0,0,1,0,1,0,0,0,0,2,0,0,0,1,0,1,1,0,0,0,6,0,0,0.0,0.0,0.0,0.0,7.7,0.0,7.7,0.0,0.0,0.0,0.0,15.4,0.0,0.0,0.0,7.7,0.0,7.7,7.7,0.0,0.0,0.0,46.2,0.0,0.0,T22,6
YouTube::@SDAMAK_23,YouTube,1,7,0,0,0,0,0,0,1,0,0,1,1,0,0,2,0,0,0,0,0,0,0,2,0,0,0,0.0,0.0,0.0,0.0,0.0,0.0,14.3,0.0,0.0,14.3,14.3,0.0,0.0,28.6,0.0,0.0,0.0,0.0,0.0,0.0,0.0,28.6,0.0,0.0,0.0,T13,2
YouTube::@SERoDRENAJE,YouTube,1,2,0,0,0,0,0,0,0,0,0,1,0,0,0,0,0,0,0,0,0,0,1,0,0,0,0,0.0,0.0,0.0,0.0,0.0,0.0,0.0,0.0,0.0,50.0,0.0,0.0,0.0,0.0,0.0,0.0,0.0,0.0,0.0,0.0,50.0,0.0,0.0,0.0,0.0,T09,1
YouTube::@SRivas-nj4ii,YouTube,1,14,0,0,0,0,0,1,9,0,0,0,0,0,0,0,2,0,0,0,0,1,0,0,1,0,0,0.0,0.0,0.0,0.0,0.0,7.1,64.3,0.0,0.0,0.0,0.0,0.0,0.0,0.0,14.3,0.0,0.0,0.0,0.0,7.1,0.0,0.0,7.1,0.0,0.0,T06,9
YouTube::@SUPERMAN-in3jt,YouTube,1,2,0,0,0,0,0,0,0,0,0,0,0,0,0,0,0,0,0,0,0,0,0,2,0,0,0,0.0,0.0,0.0,0.0,0.0,0.0,0.0,0.0,0.0,0.0,0.0,0.0,0.0,0.0,0.0,0.0,0.0,0.0,0.0,0.0,0.0,100.0,0.0,0.0,0.0,T21,2
YouTube::@SahiraGonzalez-m4s,YouTube,1,3,0,0,0,0,0,0,0,0,0,0,0,1,1,0,0,0,0,0,0,1,0,0,0,0,0,0.0,0.0,0.0,0.0,0.0,0.0,0.0,0.0,0.0,0.0,0.0,33.3,33.3,0.0,0.0,0.0,0.0,0.0,0.0,33.3,0.0,0.0,0.0,0.0,0.0,T12,1
YouTube::@Salem-w3s,YouTube,1,3,0,0,0,0,0,0,2,0,0,0,0,0,0,0,0,0,0,0,0,1,0,0,0,0,0,0.0,0.0,0.0,0.0,0.0,0.0,66.7,0.0,0.0,0.0,0.0,0.0,0.0,0.0,0.0,0.0,0.0,0.0,0.0,33.3,0.0,0.0,0.0,0.0,0.0,T06,2
YouTube::@SalvaCruz-k8f,YouTube,1,4,0,0,0,0,0,0,2,0,0,0,0,0,0,0,0,2,0,0,0,0,0,0,0,0,0,0.0,0.0,0.0,0.0,0.0,0.0,50.0,0.0,0.0,0.0,0.0,0.0,0.0,0.0,0.0,50.0,0.0,0.0,0.0,0.0,0.0,0.0,0.0,0.0,0.0,T06,2
YouTube::@SalvadorMondragon-t7b2m,YouTube,1,8,0,0,0,0,0,0,1,0,1,0,0,0,0,0,0,0,0,0,0,0,0,3,2,0,1,0.0,0.0,0.0,0.0,0.0,0.0,12.5,0.0,12.5,0.0,0.0,0.0,0.0,0.0,0.0,0.0,0.0,0.0,0.0,0.0,0.0,37.5,25.0,0.0,12.5,T21,3
YouTube::@SalvadorOlmospulido,YouTube,1,22,0,0,1,0,3,0,12,0,0,0,0,0,0,1,0,0,0,0,2,0,0,0,0,2,1,0.0,0.0,4.5,0.0,13.6,0.0,54.5,0.0,0.0,0.0,0.0,0.0,0.0,4.5,0.0,0.0,0.0,0.0,9.1,0.0,0.0,0.0,0.0,9.1,4.5,T06,12
YouTube::@Samael.2893,YouTube,1,2,0,0,0,0,0,0,0,0,1,0,0,1,0,0,0,0,0,0,0,0,0,0,0,0,0,0.0,0.0,0.0,0.0,0.0,0.0,0.0,0.0,50.0,0.0,0.0,50.0,0.0,0.0,0.0,0.0,0.0,0.0,0.0,0.0,0.0,0.0,0.0,0.0,0.0,T08,1
YouTube::@SammGoo-o6k,YouTube,1,3,0,1,0,0,1,0,0,0,0,0,0,0,0,0,0,0,1,0,0,0,0,0,0,0,0,0.0,33.3,0.0,0.0,33.3,0.0,0.0,0.0,0.0,0.0,0.0,0.0,0.0,0.0,0.0,0.0,33.3,0.0,0.0,0.0,0.0,0.0,0.0,0.0,0.0,T04,1
YouTube::@SamsungX-y7b,YouTube,1,3,0,0,1,0,1,0,0,0,0,0,0,0,0,0,0,0,0,0,0,0,0,1,0,0,0,0.0,0.0,33.3,0.0,33.3,0.0,0.0,0.0,0.0,0.0,0.0,0.0,0.0,0.0,0.0,0.0,0.0,0.0,0.0,0.0,0.0,33.3,0.0,0.0,0.0,T04,1
YouTube::@SamuelPerez-ct3sr,YouTube,1,0,0,0,0,0,0,0,0,0,0,0,0,0,0,0,0,0,0,0,0,0,0,0,0,0,0,0.0,0.0,0.0,0.0,0.0,0.0,0.0,0.0,0.0,0.0,0.0,0.0,0.0,0.0,0.0,0.0,0.0,0.0,0.0,0.0,0.0,0.0,0.0,0.0,0.0,,0
YouTube::@SansonMartinez-n7p,YouTube,1,7,1,0,0,1,0,0,0,0,0,0,0,1,0,0,0,0,1,0,0,0,0,0,0,0,3,14.3,0.0,0.0,14.3,0.0,0.0,0.0,0.0,0.0,0.0,0.0,14.3,0.0,0.0,0.0,0.0,14.3,0.0,0.0,0.0,0.0,0.0,0.0,0.0,42.9,T24,3
YouTube::@Santiago65-c4b,YouTube,1,17,0,0,0,0,0,0,10,0,0,1,1,0,1,0,2,1,0,0,0,1,0,0,0,0,0,0.0,0.0,0.0,0.0,0.0,0.0,58.8,0.0,0.0,5.9,5.9,0.0,5.9,0.0,11.8,5.9,0.0,0.0,0.0,5.9,0.0,0.0,0.0,0.0,0.0,T06,10
YouTube::@SaraFrancoLopez,YouTube,1,2,0,0,0,0,1,0,0,0,0,1,0,0,0,0,0,0,0,0,0,0,0,0,0,0,0,0.0,0.0,0.0,0.0,50.0,0.0,0.0,0.0,0.0,50.0,0.0,0.0,0.0,0.0,0.0,0.0,0.0,0.0,0.0,0.0,0.0,0.0,0.0,0.0,0.0,T04,1
YouTube::@SaraSara-bl4er,YouTube,1,13,0,1,0,0,0,0,0,0,2,2,0,1,0,0,1,0,0,0,2,0,2,2,0,0,0,0.0,7.7,0.0,0.0,0.0,0.0,0.0,0.0,15.4,15.4,0.0,7.7,0.0,0.0,7.7,0.0,0.0,0.0,15.4,0.0,15.4,15.4,0.0,0.0,0.0,T20,2
YouTube::@Saulx313,YouTube,1,1,0,0,0,0,0,0,0,0,0,0,0,0,0,0,0,0,0,0,0,0,1,0,0,0,0,0.0,0.0,0.0,0.0,0.0,0.0,0.0,0.0,0.0,0.0,0.0,0.0,0.0,0.0,0.0,0.0,0.0,0.0,0.0,0.0,100.0,0.0,0.0,0.0,0.0,T20,1
YouTube::@SebasPadilla-s4o,YouTube,1,18,0,0,1,2,0,0,2,0,1,1,2,0,2,2,0,0,0,0,4,0,0,1,0,0,0,0.0,0.0,5.6,11.1,0.0,0.0,11.1,0.0,5.6,5.6,11.1,0.0,11.1,11.1,0.0,0.0,0.0,0.0,22.2,0.0,0.0,5.6,0.0,0.0,0.0,T18,4
YouTube::@SebastianarteagaArteaga,YouTube,2,9,0,0,0,0,1,0,1,0,0,0,1,2,0,0,0,0,0,0,0,0,3,0,1,0,0,0.0,0.0,0.0,0.0,11.1,0.0,11.1,0.0,0.0,0.0,11.1,22.2,0.0,0.0,0.0,0.0,0.0,0.0,0.0,0.0,33.3,0.0,11.1,0.0,0.0,T20,3
YouTube::@SergioAlbertoHernándezalcantar,YouTube,1,2,0,0,0,0,0,0,0,0,0,0,1,0,0,0,0,0,0,0,0,0,0,0,1,0,0,0.0,0.0,0.0,0.0,0.0,0.0,0.0,0.0,0.0,0.0,50.0,0.0,0.0,0.0,0.0,0.0,0.0,0.0,0.0,0.0,0.0,0.0,50.0,0.0,0.0,T22,1
YouTube::@SgtoVkro,YouTube,1,8,0,0,1,0,1,1,4,0,0,0,0,0,0,1,0,0,0,0,0,0,0,0,0,0,0,0.0,0.0,12.5,0.0,12.5,12.5,50.0,0.0,0.0,0.0,0.0,0.0,0.0,12.5,0.0,0.0,0.0,0.0,0.0,0.0,0.0,0.0,0.0,0.0,0.0,T06,4
YouTube::@SilvestreOronia,YouTube,1,2,0,0,0,0,0,0,0,0,0,0,1,0,0,0,0,0,0,0,0,0,0,1,0,0,0,0.0,0.0,0.0,0.0,0.0,0.0,0.0,0.0,0.0,0.0,50.0,0.0,0.0,0.0,0.0,0.0,0.0,0.0,0.0,0.0,0.0,50.0,0.0,0.0,0.0,T10,1
YouTube::@SilviaSedeño-p2p,YouTube,1,2,0,0,0,0,0,0,2,0,0,0,0,0,0,0,0,0,0,0,0,0,0,0,0,0,0,0.0,0.0,0.0,0.0,0.0,0.0,100.0,0.0,0.0,0.0,0.0,0.0,0.0,0.0,0.0,0.0,0.0,0.0,0.0,0.0,0.0,0.0,0.0,0.0,0.0,T06,2
YouTube::@Sirio-x3l7f,YouTube,1,6,0,0,0,0,1,0,1,0,0,0,2,0,0,0,0,0,0,0,0,0,0,1,1,0,0,0.0,0.0,0.0,0.0,16.7,0.0,16.7,0.0,0.0,0.0,33.3,0.0,0.0,0.0,0.0,0.0,0.0,0.0,0.0,0.0,0.0,16.7,16.7,0.0,0.0,T10,2
YouTube::@SoRN7,YouTube,1,4,0,0,0,1,0,0,1,0,0,1,0,0,0,0,1,0,0,0,0,0,0,0,0,0,0,0.0,0.0,0.0,25.0,0.0,0.0,25.0,0.0,0.0,25.0,0.0,0.0,0.0,0.0,25.0,0.0,0.0,0.0,0.0,0.0,0.0,0.0,0.0,0.0,0.0,T06,1
YouTube::@SolDe-kh2bb,YouTube,1,8,0,0,0,0,0,0,4,0,0,0,0,0,2,0,0,2,0,0,0,0,0,0,0,0,0,0.0,0.0,0.0,0.0,0.0,0.0,50.0,0.0,0.0,0.0,0.0,0.0,25.0,0.0,0.0,25.0,0.0,0.0,0.0,0.0,0.0,0.0,0.0,0.0,0.0,T06,4
YouTube::@SoledadPeralts,YouTube,1,10,1,0,0,0,0,0,1,0,1,0,0,0,1,1,0,3,0,0,0,0,0,0,0,1,1,10.0,0.0,0.0,0.0,0.0,0.0,10.0,0.0,10.0,0.0,0.0,0.0,10.0,10.0,0.0,30.0,0.0,0.0,0.0,0.0,0.0,0.0,0.0,10.0,10.0,T15,3
YouTube::@SpecterMondragónZeldriz,YouTube,2,10,0,0,0,0,0,1,7,0,0,1,0,0,0,0,0,0,0,0,0,0,0,0,1,0,0,0.0,0.0,0.0,0.0,0.0,10.0,70.0,0.0,0.0,10.0,0.0,0.0,0.0,0.0,0.0,0.0,0.0,0.0,0.0,0.0,0.0,0.0,10.0,0.0,0.0,T06,7
YouTube::@SuperSatturno,YouTube,1,4,0,0,0,0,0,0,1,0,1,1,1,0,0,0,0,0,0,0,0,0,0,0,0,0,0,0.0,0.0,0.0,0.0,0.0,0.0,25.0,0.0,25.0,25.0,25.0,0.0,0.0,0.0,0.0,0.0,0.0,0.0,0.0,0.0,0.0,0.0,0.0,0.0,0.0,T09,1
YouTube::@SuryEstrada-m7y,YouTube,1,5,0,0,0,2,0,0,0,0,1,0,1,0,0,1,0,0,0,0,0,0,0,0,0,0,0,0.0,0.0,0.0,40.0,0.0,0.0,0.0,0.0,20.0,0.0,20.0,0.0,0.0,20.0,0.0,0.0,0.0,0.0,0.0,0.0,0.0,0.0,0.0,0.0,0.0,T03,2
YouTube::@SusanaRangel-b3k,YouTube,1,21,0,0,1,0,2,3,4,0,0,0,0,2,3,0,0,0,1,1,2,0,0,0,0,1,1,0.0,0.0,4.8,0.0,9.5,14.3,19.0,0.0,0.0,0.0,0.0,9.5,14.3,0.0,0.0,0.0,4.8,4.8,9.5,0.0,0.0,0.0,0.0,4.8,4.8,T06,4
YouTube::@Suzune-z6f4z,YouTube,1,0,0,0,0,0,0,0,0,0,0,0,0,0,0,0,0,0,0,0,0,0,0,0,0,0,0,0.0,0.0,0.0,0.0,0.0,0.0,0.0,0.0,0.0,0.0,0.0,0.0,0.0,0.0,0.0,0.0,0.0,0.0,0.0,0.0,0.0,0.0,0.0,0.0,0.0,,0
YouTube::@THEPUNKYMAGAZINE,YouTube,1,1,0,0,0,0,0,0,0,0,0,0,1,0,0,0,0,0,0,0,0,0,0,0,0,0,0,0.0,0.0,0.0,0.0,0.0,0.0,0.0,0.0,0.0,0.0,100.0,0.0,0.0,0.0,0.0,0.0,0.0,0.0,0.0,0.0,0.0,0.0,0.0,0.0,0.0,T10,1
YouTube::@TIER_MX,YouTube,1,4,0,0,0,1,0,0,0,0,1,0,0,0,0,0,0,1,1,0,0,0,0,0,0,0,0,0.0,0.0,0.0,25.0,0.0,0.0,0.0,0.0,25.0,0.0,0.0,0.0,0.0,0.0,0.0,25.0,25.0,0.0,0.0,0.0,0.0,0.0,0.0,0.0,0.0,T16,1
YouTube::@TanoLeónVázquez-r8i,YouTube,1,17,0,0,0,0,1,0,2,0,1,0,0,1,0,1,0,0,0,1,1,0,0,5,3,1,0,0.0,0.0,0.0,0.0,5.9,0.0,11.8,0.0,5.9,0.0,0.0,5.9,0.0,5.9,0.0,0.0,0.0,5.9,5.9,0.0,0.0,29.4,17.6,5.9,0.0,T21,5
YouTube::@TeresaAcostaMontero,YouTube,1,12,0,0,0,1,0,0,5,0,1,0,0,1,1,0,0,0,0,0,0,0,0,1,1,1,0,0.0,0.0,0.0,8.3,0.0,0.0,41.7,0.0,8.3,0.0,0.0,8.3,8.3,0.0,0.0,0.0,0.0,0.0,0.0,0.0,0.0,8.3,8.3,8.3,0.0,T06,5
YouTube::@TeresaGonzalezRomo,YouTube,1,1,0,0,0,1,0,0,0,0,0,0,0,0,0,0,0,0,0,0,0,0,0,0,0,0,0,0.0,0.0,0.0,100.0,0.0,0.0,0.0,0.0,0.0,0.0,0.0,0.0,0.0,0.0,0.0,0.0,0.0,0.0,0.0,0.0,0.0,0.0,0.0,0.0,0.0,T03,1
YouTube::@TeresaJuarez-f4m,YouTube,1,4,0,0,0,0,1,0,2,0,0,0,0,0,0,0,0,0,0,0,0,0,0,1,0,0,0,0.0,0.0,0.0,0.0,25.0,0.0,50.0,0.0,0.0,0.0,0.0,0.0,0.0,0.0,0.0,0.0,0.0,0.0,0.0,0.0,0.0,25.0,0.0,0.0,0.0,T06,2
YouTube::@Teresabarcelo56,YouTube,1,2,0,0,0,0,0,0,1,0,0,1,0,0,0,0,0,0,0,0,0,0,0,0,0,0,0,0.0,0.0,0.0,0.0,0.0,0.0,50.0,0.0,0.0,50.0,0.0,0.0,0.0,0.0,0.0,0.0,0.0,0.0,0.0,0.0,0.0,0.0,0.0,0.0,0.0,T06,1
YouTube::@Tetrix4ever,YouTube,1,8,0,0,0,0,0,0,0,0,0,0,0,3,0,0,0,0,0,0,0,0,0,4,1,0,0,0.0,0.0,0.0,0.0,0.0,0.0,0.0,0.0,0.0,0.0,0.0,37.5,0.0,0.0,0.0,0.0,0.0,0.0,0.0,0.0,0.0,50.0,12.5,0.0,0.0,T21,4
YouTube::@Tfdez76,YouTube,2,19,1,0,1,0,0,1,6,0,1,1,0,2,1,0,1,1,0,1,1,0,0,1,0,0,0,5.3,0.0,5.3,0.0,0.0,5.3,31.6,0.0,5.3,5.3,0.0,10.5,5.3,0.0,5.3,5.3,0.0,5.3,5.3,0.0,0.0,5.3,0.0,0.0,0.0,T06,6
YouTube::@The-Axxtro,YouTube,1,4,0,0,0,0,0,1,1,0,0,0,0,0,0,0,0,1,0,0,0,0,0,0,1,0,0,0.0,0.0,0.0,0.0,0.0,25.0,25.0,0.0,0.0,0.0,0.0,0.0,0.0,0.0,0.0,25.0,0.0,0.0,0.0,0.0,0.0,0.0,25.0,0.0,0.0,T22,1
YouTube::@TheCatbert2010,YouTube,3,19,0,0,0,1,1,0,4,0,0,1,1,0,1,1,1,0,0,0,0,0,0,3,3,1,1,0.0,0.0,0.0,5.3,5.3,0.0,21.1,0.0,0.0,5.3,5.3,0.0,5.3,5.3,5.3,0.0,0.0,0.0,0.0,0.0,0.0,15.8,15.8,5.3,5.3,T06,4
YouTube::@TheWalkinmyshoes,YouTube,1,4,0,0,0,2,0,0,1,0,0,0,0,0,0,1,0,0,0,0,0,0,0,0,0,0,0,0.0,0.0,0.0,50.0,0.0,0.0,25.0,0.0,0.0,0.0,0.0,0.0,0.0,25.0,0.0,0.0,0.0,0.0,0.0,0.0,0.0,0.0,0.0,0.0,0.0,T03,2
YouTube::@ThedarkLometo,YouTube,2,13,0,0,0,2,1,0,1,0,0,0,0,1,1,0,2,1,0,0,0,0,1,2,1,0,0,0.0,0.0,0.0,15.4,7.7,0.0,7.7,0.0,0.0,0.0,0.0,7.7,7.7,0.0,15.4,7.7,0.0,0.0,0.0,0.0,7.7,15.4,7.7,0.0,0.0,T21,2
YouTube::@TheoAlt-c9q,YouTube,1,3,0,0,0,0,0,0,1,0,0,0,0,0,0,0,0,0,0,0,1,0,1,0,0,0,0,0.0,0.0,0.0,0.0,0.0,0.0,33.3,0.0,0.0,0.0,0.0,0.0,0.0,0.0,0.0,0.0,0.0,0.0,33.3,0.0,33.3,0.0,0.0,0.0,0.0,T18,1
YouTube::@Tikitikyjwrry-crist,YouTube,1,2,0,0,0,0,0,0,0,0,0,0,1,0,0,0,1,0,0,0,0,0,0,0,0,0,0,0.0,0.0,0.0,0.0,0.0,0.0,0.0,0.0,0.0,0.0,50.0,0.0,0.0,0.0,50.0,0.0,0.0,0.0,0.0,0.0,0.0,0.0,0.0,0.0,0.0,T10,1
YouTube::@TitiongaRa,YouTube,2,10,0,0,0,2,0,0,2,0,2,0,0,0,0,0,2,0,0,0,0,2,0,0,0,0,0,0.0,0.0,0.0,20.0,0.0,0.0,20.0,0.0,20.0,0.0,0.0,0.0,0.0,0.0,20.0,0.0,0.0,0.0,0.0,20.0,0.0,0.0,0.0,0.0,0.0,T08,2
YouTube::@TitoOtero-u4q,YouTube,1,6,0,0,0,0,0,0,0,0,1,0,0,0,0,0,0,1,0,0,0,0,0,3,1,0,0,0.0,0.0,0.0,0.0,0.0,0.0,0.0,0.0,16.7,0.0,0.0,0.0,0.0,0.0,0.0,16.7,0.0,0.0,0.0,0.0,0.0,50.0,16.7,0.0,0.0,T21,3
YouTube::@TomasaMontero-v4i,YouTube,1,5,0,0,0,0,0,0,3,0,0,0,0,0,0,1,0,0,0,0,0,0,0,1,0,0,0,0.0,0.0,0.0,0.0,0.0,0.0,60.0,0.0,0.0,0.0,0.0,0.0,0.0,20.0,0.0,0.0,0.0,0.0,0.0,0.0,0.0,20.0,0.0,0.0,0.0,T06,3
YouTube::@Torcuato.luka714,YouTube,1,3,0,0,0,0,0,0,0,0,0,0,0,0,0,0,0,0,0,0,0,0,1,2,0,0,0,0.0,0.0,0.0,0.0,0.0,0.0,0.0,0.0,0.0,0.0,0.0,0.0,0.0,0.0,0.0,0.0,0.0,0.0,0.0,0.0,33.3,66.7,0.0,0.0,0.0,T21,2
YouTube::@Torobeach,YouTube,1,1,0,0,0,0,0,0,0,1,0,0,0,0,0,0,0,0,0,0,0,0,0,0,0,0,0,0.0,0.0,0.0,0.0,0.0,0.0,0.0,100.0,0.0,0.0,0.0,0.0,0.0,0.0,0.0,0.0,0.0,0.0,0.0,0.0,0.0,0.0,0.0,0.0,0.0,T07,1
YouTube::@TraductorCienciaHist,YouTube,1,2,0,0,0,0,0,0,1,0,0,0,1,0,0,0,0,0,0,0,0,0,0,0,0,0,0,0.0,0.0,0.0,0.0,0.0,0.0,50.0,0.0,0.0,0.0,50.0,0.0,0.0,0.0,0.0,0.0,0.0,0.0,0.0,0.0,0.0,0.0,0.0,0.0,0.0,T10,1
YouTube::@TribunaVecinal,YouTube,2,19,0,0,0,1,0,0,4,0,0,8,1,0,0,0,2,1,0,0,0,1,0,0,0,0,1,0.0,0.0,0.0,5.3,0.0,0.0,21.1,0.0,0.0,42.1,5.3,0.0,0.0,0.0,10.5,5.3,0.0,0.0,0.0,5.3,0.0,0.0,0.0,0.0,5.3,T09,8
YouTube::@TropicalMexico-rv6gr,YouTube,2,8,0,0,0,0,0,2,1,0,1,1,0,0,0,0,0,0,0,0,1,0,0,1,0,1,0,0.0,0.0,0.0,0.0,0.0,25.0,12.5,0.0,12.5,12.5,0.0,0.0,0.0,0.0,0.0,0.0,0.0,0.0,12.5,0.0,0.0,12.5,0.0,12.5,0.0,T05,2
YouTube::@Usuario1-m1c,YouTube,2,9,0,0,0,0,0,0,2,0,0,0,0,0,0,2,2,0,0,0,0,0,1,1,1,0,0,0.0,0.0,0.0,0.0,0.0,0.0,22.2,0.0,0.0,0.0,0.0,0.0,0.0,22.2,22.2,0.0,0.0,0.0,0.0,0.0,11.1,11.1,11.1,0.0,0.0,T14,2
YouTube::@Usuarioyoutube999,YouTube,1,3,0,0,0,0,0,0,1,0,0,0,0,1,0,0,0,0,0,1,0,0,0,0,0,0,0,0.0,0.0,0.0,0.0,0.0,0.0,33.3,0.0,0.0,0.0,0.0,33.3,0.0,0.0,0.0,0.0,0.0,33.3,0.0,0.0,0.0,0.0,0.0,0.0,0.0,T11,1
YouTube::@UzuelLópez,YouTube,1,2,0,0,0,0,0,0,0,0,0,0,0,0,0,0,0,0,0,0,0,0,0,1,1,0,0,0.0,0.0,0.0,0.0,0.0,0.0,0.0,0.0,0.0,0.0,0.0,0.0,0.0,0.0,0.0,0.0,0.0,0.0,0.0,0.0,0.0,50.0,50.0,0.0,0.0,T22,1
YouTube::@VIDAEVE1,YouTube,1,2,0,0,0,1,0,0,0,0,0,0,0,0,0,1,0,0,0,0,0,0,0,0,0,0,0,0.0,0.0,0.0,50.0,0.0,0.0,0.0,0.0,0.0,0.0,0.0,0.0,0.0,50.0,0.0,0.0,0.0,0.0,0.0,0.0,0.0,0.0,0.0,0.0,0.0,T13,1
YouTube::@VLG174,YouTube,1,1,0,0,0,0,0,0,0,0,0,0,0,1,0,0,0,0,0,0,0,0,0,0,0,0,0,0.0,0.0,0.0,0.0,0.0,0.0,0.0,0.0,0.0,0.0,0.0,100.0,0.0,0.0,0.0,0.0,0.0,0.0,0.0,0.0,0.0,0.0,0.0,0.0,0.0,T11,1
YouTube::@ValeOs7,YouTube,1,3,0,0,0,0,1,0,0,0,0,0,0,1,0,0,1,0,0,0,0,0,0,0,0,0,0,0.0,0.0,0.0,0.0,33.3,0.0,0.0,0.0,0.0,0.0,0.0,33.3,0.0,0.0,33.3,0.0,0.0,0.0,0.0,0.0,0.0,0.0,0.0,0.0,0.0,T11,1
YouTube::@ValenteBenítez-p6j,YouTube,1,2,0,0,0,0,0,0,0,0,0,0,1,1,0,0,0,0,0,0,0,0,0,0,0,0,0,0.0,0.0,0.0,0.0,0.0,0.0,0.0,0.0,0.0,0.0,50.0,50.0,0.0,0.0,0.0,0.0,0.0,0.0,0.0,0.0,0.0,0.0,0.0,0.0,0.0,T10,1
YouTube::@ValentínEsquivelCervantes-y4n,YouTube,1,4,0,0,0,0,0,0,0,0,1,0,0,0,0,0,0,0,0,0,0,0,0,2,1,0,0,0.0,0.0,0.0,0.0,0.0,0.0,0.0,0.0,25.0,0.0,0.0,0.0,0.0,0.0,0.0,0.0,0.0,0.0,0.0,0.0,0.0,50.0,25.0,0.0,0.0,T21,2
YouTube::@ValentínJacomeLimon-w3w,YouTube,1,2,0,0,0,0,0,1,0,0,0,0,0,0,0,0,0,0,0,0,0,0,0,0,0,0,1,0.0,0.0,0.0,0.0,0.0,50.0,0.0,0.0,0.0,0.0,0.0,0.0,0.0,0.0,0.0,0.0,0.0,0.0,0.0,0.0,0.0,0.0,0.0,0.0,50.0,T05,1
YouTube::@ValientePattinson,YouTube,1,3,0,0,0,0,0,0,2,0,0,0,0,0,0,0,0,0,0,0,0,0,0,1,0,0,0,0.0,0.0,0.0,0.0,0.0,0.0,66.7,0.0,0.0,0.0,0.0,0.0,0.0,0.0,0.0,0.0,0.0,0.0,0.0,0.0,0.0,33.3,0.0,0.0,0.0,T06,2
YouTube::@VeroBañuelos-q1j,YouTube,1,2,0,0,0,0,0,1,1,0,0,0,0,0,0,0,0,0,0,0,0,0,0,0,0,0,0,0.0,0.0,0.0,0.0,0.0,50.0,50.0,0.0,0.0,0.0,0.0,0.0,0.0,0.0,0.0,0.0,0.0,0.0,0.0,0.0,0.0,0.0,0.0,0.0,0.0,T06,1
YouTube::@VeronicaMendez-t8o,YouTube,4,23,0,0,0,0,0,0,13,0,0,1,0,0,1,0,0,0,0,1,0,2,0,3,2,0,0,0.0,0.0,0.0,0.0,0.0,0.0,56.5,0.0,0.0,4.3,0.0,0.0,4.3,0.0,0.0,0.0,0.0,4.3,0.0,8.7,0.0,13.0,8.7,0.0,0.0,T06,13
YouTube::@VeronicaRodriguezcervant-l6g2l,YouTube,1,21,0,0,1,2,0,3,3,0,0,1,0,0,0,0,6,0,1,0,0,0,0,2,1,1,0,0.0,0.0,4.8,9.5,0.0,14.3,14.3,0.0,0.0,4.8,0.0,0.0,0.0,0.0,28.6,0.0,4.8,0.0,0.0,0.0,0.0,9.5,4.8,4.8,0.0,T14,6
YouTube::@VerónicadelacruzChenah,YouTube,1,4,0,0,0,0,0,0,1,0,0,0,0,0,0,0,0,0,0,0,1,1,1,0,0,0,0,0.0,0.0,0.0,0.0,0.0,0.0,25.0,0.0,0.0,0.0,0.0,0.0,0.0,0.0,0.0,0.0,0.0,0.0,25.0,25.0,25.0,0.0,0.0,0.0,0.0,T19,1
YouTube::@Vianey25,YouTube,1,3,0,0,0,0,0,0,1,0,0,0,0,1,0,0,0,0,0,0,0,0,0,1,0,0,0,0.0,0.0,0.0,0.0,0.0,0.0,33.3,0.0,0.0,0.0,0.0,33.3,0.0,0.0,0.0,0.0,0.0,0.0,0.0,0.0,0.0,33.3,0.0,0.0,0.0,T06,1
YouTube::@VianeySalas-su7oh,YouTube,1,5,0,0,1,0,0,0,0,2,0,0,0,0,0,0,0,0,0,0,0,1,0,0,0,1,0,0.0,0.0,20.0,0.0,0.0,0.0,0.0,40.0,0.0,0.0,0.0,0.0,0.0,0.0,0.0,0.0,0.0,0.0,0.0,20.0,0.0,0.0,0.0,20.0,0.0,T07,2
YouTube::@VicenteSalazargarcia-n7t,YouTube,1,10,0,0,0,0,0,1,1,0,2,0,0,1,0,1,0,0,0,0,1,1,2,0,0,0,0,0.0,0.0,0.0,0.0,0.0,10.0,10.0,0.0,20.0,0.0,0.0,10.0,0.0,10.0,0.0,0.0,0.0,0.0,10.0,10.0,20.0,0.0,0.0,0.0,0.0,T08,2
YouTube::@VicmaBavi,YouTube,1,4,0,0,0,0,0,0,3,0,0,0,0,0,0,1,0,0,0,0,0,0,0,0,0,0,0,0.0,0.0,0.0,0.0,0.0,0.0,75.0,0.0,0.0,0.0,0.0,0.0,0.0,25.0,0.0,0.0,0.0,0.0,0.0,0.0,0.0,0.0,0.0,0.0,0.0,T06,3
YouTube::@VictorAguilar-ws6ok,YouTube,1,14,0,0,0,0,0,0,4,0,0,0,0,0,0,0,0,0,0,0,0,0,0,9,1,0,0,0.0,0.0,0.0,0.0,0.0,0.0,28.6,0.0,0.0,0.0,0.0,0.0,0.0,0.0,0.0,0.0,0.0,0.0,0.0,0.0,0.0,64.3,7.1,0.0,0.0,T21,9
YouTube::@VictorCarrilloRobles,YouTube,1,6,0,0,0,0,0,1,0,1,0,0,1,0,0,0,2,0,0,0,0,1,0,0,0,0,0,0.0,0.0,0.0,0.0,0.0,16.7,0.0,16.7,0.0,0.0,16.7,0.0,0.0,0.0,33.3,0.0,0.0,0.0,0.0,16.7,0.0,0.0,0.0,0.0,0.0,T14,2
YouTube::@VictorOsorio-s6g,YouTube,1,1,0,0,0,0,0,0,0,0,1,0,0,0,0,0,0,0,0,0,0,0,0,0,0,0,0,0.0,0.0,0.0,0.0,0.0,0.0,0.0,0.0,100.0,0.0,0.0,0.0,0.0,0.0,0.0,0.0,0.0,0.0,0.0,0.0,0.0,0.0,0.0,0.0,0.0,T08,1
YouTube::@Victoriano1964,YouTube,1,0,0,0,0,0,0,0,0,0,0,0,0,0,0,0,0,0,0,0,0,0,0,0,0,0,0,0.0,0.0,0.0,0.0,0.0,0.0,0.0,0.0,0.0,0.0,0.0,0.0,0.0,0.0,0.0,0.0,0.0,0.0,0.0,0.0,0.0,0.0,0.0,0.0,0.0,,0
YouTube::@Vigilantenocturno-w8q,YouTube,1,8,0,0,0,1,1,0,1,0,0,2,1,0,0,1,0,0,0,0,0,0,0,0,1,0,0,0.0,0.0,0.0,12.5,12.5,0.0,12.5,0.0,0.0,25.0,12.5,0.0,0.0,12.5,0.0,0.0,0.0,0.0,0.0,0.0,0.0,0.0,12.5,0.0,0.0,T09,2
YouTube::@VivianaLopez-nw7yq,YouTube,1,0,0,0,0,0,0,0,0,0,0,0,0,0,0,0,0,0,0,0,0,0,0,0,0,0,0,0.0,0.0,0.0,0.0,0.0,0.0,0.0,0.0,0.0,0.0,0.0,0.0,0.0,0.0,0.0,0.0,0.0,0.0,0.0,0.0,0.0,0.0,0.0,0.0,0.0,,0
YouTube::@VivianaZambrano-x8c,YouTube,1,3,0,0,0,0,0,0,0,0,0,0,0,0,0,0,0,0,1,0,0,0,0,1,1,0,0,0.0,0.0,0.0,0.0,0.0,0.0,0.0,0.0,0.0,0.0,0.0,0.0,0.0,0.0,0.0,0.0,33.3,0.0,0.0,0.0,0.0,33.3,33.3,0.0,0.0,T21,1
YouTube::@VíctorMorales-c1b,YouTube,1,7,0,1,0,0,0,0,2,0,0,0,0,0,0,0,1,0,0,1,0,1,0,0,1,0,0,0.0,14.3,0.0,0.0,0.0,0.0,28.6,0.0,0.0,0.0,0.0,0.0,0.0,0.0,14.3,0.0,0.0,14.3,0.0,14.3,0.0,0.0,14.3,0.0,0.0,T06,2
YouTube::@WikiSphereCube,YouTube,2,58,0,0,0,0,0,2,20,0,8,10,2,0,4,2,2,0,0,2,2,0,0,2,0,2,0,0.0,0.0,0.0,0.0,0.0,3.4,34.5,0.0,13.8,17.2,3.4,0.0,6.9,3.4,3.4,0.0,0.0,3.4,3.4,0.0,0.0,3.4,0.0,3.4,0.0,T06,20
YouTube::@WilfridoPerez-i3j,YouTube,1,2,0,0,0,0,0,0,0,0,0,0,2,0,0,0,0,0,0,0,0,0,0,0,0,0,0,0.0,0.0,0.0,0.0,0.0,0.0,0.0,0.0,0.0,0.0,100.0,0.0,0.0,0.0,0.0,0.0,0.0,0.0,0.0,0.0,0.0,0.0,0.0,0.0,0.0,T10,2
YouTube::@Wolffr-y9v,YouTube,1,3,0,0,0,0,0,0,0,0,1,1,0,0,0,0,0,0,0,0,0,0,0,0,0,1,0,0.0,0.0,0.0,0.0,0.0,0.0,0.0,0.0,33.3,33.3,0.0,0.0,0.0,0.0,0.0,0.0,0.0,0.0,0.0,0.0,0.0,0.0,0.0,33.3,0.0,T09,1
YouTube::@XavierAnteliz-r2p,YouTube,1,5,0,0,0,0,0,0,2,0,0,0,0,0,0,0,0,0,0,0,1,0,1,0,1,0,0,0.0,0.0,0.0,0.0,0.0,0.0,40.0,0.0,0.0,0.0,0.0,0.0,0.0,0.0,0.0,0.0,0.0,0.0,20.0,0.0,20.0,0.0,20.0,0.0,0.0,T06,2
YouTube::@YF-ew9bn,YouTube,3,16,0,0,0,2,1,0,9,0,0,0,1,1,0,0,0,0,0,0,0,0,1,1,0,0,0,0.0,0.0,0.0,12.5,6.2,0.0,56.2,0.0,0.0,0.0,6.2,6.2,0.0,0.0,0.0,0.0,0.0,0.0,0.0,0.0,6.2,6.2,0.0,0.0,0.0,T06,9
YouTube::@YazminSolis-wm9im,YouTube,1,6,0,0,0,0,0,0,1,0,0,0,0,0,0,0,1,0,0,0,3,0,1,0,0,0,0,0.0,0.0,0.0,0.0,0.0,0.0,16.7,0.0,0.0,0.0,0.0,0.0,0.0,0.0,16.7,0.0,0.0,0.0,50.0,0.0,16.7,0.0,0.0,0.0,0.0,T18,3
YouTube::@YoelMonsalve,YouTube,1,5,0,0,0,2,0,0,1,0,1,0,0,1,0,0,0,0,0,0,0,0,0,0,0,0,0,0.0,0.0,0.0,40.0,0.0,0.0,20.0,0.0,20.0,0.0,0.0,20.0,0.0,0.0,0.0,0.0,0.0,0.0,0.0,0.0,0.0,0.0,0.0,0.0,0.0,T03,2
YouTube::@YoselinMarianEnsigniaHernandez,YouTube,1,3,0,0,0,0,0,0,1,0,0,0,0,0,0,0,0,0,0,1,0,0,0,1,0,0,0,0.0,0.0,0.0,0.0,0.0,0.0,33.3,0.0,0.0,0.0,0.0,0.0,0.0,0.0,0.0,0.0,0.0,33.3,0.0,0.0,0.0,33.3,0.0,0.0,0.0,T06,1
YouTube::@YovaniCortes-e3r,YouTube,1,0,0,0,0,0,0,0,0,0,0,0,0,0,0,0,0,0,0,0,0,0,0,0,0,0,0,0.0,0.0,0.0,0.0,0.0,0.0,0.0,0.0,0.0,0.0,0.0,0.0,0.0,0.0,0.0,0.0,0.0,0.0,0.0,0.0,0.0,0.0,0.0,0.0,0.0,,0
YouTube::@Zaid-eu2sw,YouTube,1,2,0,0,0,0,0,0,1,0,0,1,0,0,0,0,0,0,0,0,0,0,0,0,0,0,0,0.0,0.0,0.0,0.0,0.0,0.0,50.0,0.0,0.0,50.0,0.0,0.0,0.0,0.0,0.0,0.0,0.0,0.0,0.0,0.0,0.0,0.0,0.0,0.0,0.0,T09,1
YouTube::@ZaraKerrigan,YouTube,1,1,0,0,0,0,0,0,0,0,0,0,0,0,0,0,0,0,0,0,0,0,0,1,0,0,0,0.0,0.0,0.0,0.0,0.0,0.0,0.0,0.0,0.0,0.0,0.0,0.0,0.0,0.0,0.0,0.0,0.0,0.0,0.0,0.0,0.0,100.0,0.0,0.0,0.0,T21,1
YouTube::@Zgmer23,YouTube,1,3,0,0,0,1,0,0,0,0,0,0,0,1,0,0,0,0,1,0,0,0,0,0,0,0,0,0.0,0.0,0.0,33.3,0.0,0.0,0.0,0.0,0.0,0.0,0.0,33.3,0.0,0.0,0.0,0.0,33.3,0.0,0.0,0.0,0.0,0.0,0.0,0.0,0.0,T11,1
YouTube::@aaronespinoza7780,YouTube,1,12,0,1,2,0,0,0,0,1,0,1,0,1,3,1,0,0,0,0,0,0,0,0,0,1,1,0.0,8.3,16.7,0.0,0.0,0.0,0.0,8.3,0.0,8.3,0.0,8.3,25.0,8.3,0.0,0.0,0.0,0.0,0.0,0.0,0.0,0.0,0.0,8.3,8.3,T12,3
YouTube::@ab6thbass,YouTube,1,2,0,0,0,1,0,0,1,0,0,0,0,0,0,0,0,0,0,0,0,0,0,0,0,0,0,0.0,0.0,0.0,50.0,0.0,0.0,50.0,0.0,0.0,0.0,0.0,0.0,0.0,0.0,0.0,0.0,0.0,0.0,0.0,0.0,0.0,0.0,0.0,0.0,0.0,T06,1
YouTube::@abcopino135,YouTube,1,6,0,0,0,0,0,1,0,0,0,0,0,1,0,1,0,0,0,0,0,0,0,2,0,0,1,0.0,0.0,0.0,0.0,0.0,16.7,0.0,0.0,0.0,0.0,0.0,16.7,0.0,16.7,0.0,0.0,0.0,0.0,0.0,0.0,0.0,33.3,0.0,0.0,16.7,T21,2
YouTube::@abelardochavez3426,YouTube,1,7,0,0,0,1,0,0,1,0,0,0,1,0,0,0,0,0,0,0,0,0,0,2,0,1,1,0.0,0.0,0.0,14.3,0.0,0.0,14.3,0.0,0.0,0.0,14.3,0.0,0.0,0.0,0.0,0.0,0.0,0.0,0.0,0.0,0.0,28.6,0.0,14.3,14.3,T21,2
YouTube::@abelperezhernandez287,YouTube,1,22,0,2,0,0,4,0,1,2,4,1,1,0,0,0,0,1,0,0,0,1,0,2,3,0,0,0.0,9.1,0.0,0.0,18.2,0.0,4.5,9.1,18.2,4.5,4.5,0.0,0.0,0.0,0.0,4.5,0.0,0.0,0.0,4.5,0.0,9.1,13.6,0.0,0.0,T08,4
YouTube::@abiare,YouTube,1,1,0,0,0,0,0,0,0,0,0,0,0,0,0,0,0,0,0,0,0,0,0,0,1,0,0,0.0,0.0,0.0,0.0,0.0,0.0,0.0,0.0,0.0,0.0,0.0,0.0,0.0,0.0,0.0,0.0,0.0,0.0,0.0,0.0,0.0,0.0,100.0,0.0,0.0,T22,1
YouTube::@abrahamg7822,YouTube,1,4,0,0,0,0,0,0,4,0,0,0,0,0,0,0,0,0,0,0,0,0,0,0,0,0,0,0.0,0.0,0.0,0.0,0.0,0.0,100.0,0.0,0.0,0.0,0.0,0.0,0.0,0.0,0.0,0.0,0.0,0.0,0.0,0.0,0.0,0.0,0.0,0.0,0.0,T06,4
YouTube::@abundiorodriguezocampo1777,YouTube,1,5,0,0,1,0,0,0,0,0,0,0,0,0,0,0,0,0,0,0,0,0,0,4,0,0,0,0.0,0.0,20.0,0.0,0.0,0.0,0.0,0.0,0.0,0.0,0.0,0.0,0.0,0.0,0.0,0.0,0.0,0.0,0.0,0.0,0.0,80.0,0.0,0.0,0.0,T21,4
YouTube::@abundiouribe3792,YouTube,1,5,0,0,0,1,0,0,0,0,1,0,0,1,0,0,0,0,0,0,1,0,0,0,1,0,0,0.0,0.0,0.0,20.0,0.0,0.0,0.0,0.0,20.0,0.0,0.0,20.0,0.0,0.0,0.0,0.0,0.0,0.0,20.0,0.0,0.0,0.0,20.0,0.0,0.0,T22,1
YouTube::@aca639,YouTube,1,19,0,2,0,0,2,0,5,0,0,0,0,0,3,0,0,0,1,2,0,0,0,1,0,2,1,0.0,10.5,0.0,0.0,10.5,0.0,26.3,0.0,0.0,0.0,0.0,0.0,15.8,0.0,0.0,0.0,5.3,10.5,0.0,0.0,0.0,5.3,0.0,10.5,5.3,T06,5
YouTube::@acciplay6769,YouTube,1,10,0,0,1,2,0,0,0,2,0,0,0,0,0,0,1,0,0,1,0,0,0,2,1,0,0,0.0,0.0,10.0,20.0,0.0,0.0,0.0,20.0,0.0,0.0,0.0,0.0,0.0,0.0,10.0,0.0,0.0,10.0,0.0,0.0,0.0,20.0,10.0,0.0,0.0,T03,2
YouTube::@acosador000,YouTube,1,5,0,0,1,0,0,0,2,0,0,0,0,0,0,0,1,0,0,0,0,0,0,1,0,0,0,0.0,0.0,20.0,0.0,0.0,0.0,40.0,0.0,0.0,0.0,0.0,0.0,0.0,0.0,20.0,0.0,0.0,0.0,0.0,0.0,0.0,20.0,0.0,0.0,0.0,T06,2
YouTube::@acs3452,YouTube,2,16,0,0,0,1,1,0,7,1,0,1,0,0,1,0,1,0,0,0,0,0,0,0,2,1,0,0.0,0.0,0.0,6.2,6.2,0.0,43.8,6.2,0.0,6.2,0.0,0.0,6.2,0.0,6.2,0.0,0.0,0.0,0.0,0.0,0.0,0.0,12.5,6.2,0.0,T06,7
YouTube::@adanboussart8431,YouTube,1,5,0,0,0,0,0,0,1,0,0,0,0,1,0,0,0,0,0,1,0,0,1,1,0,0,0,0.0,0.0,0.0,0.0,0.0,0.0,20.0,0.0,0.0,0.0,0.0,20.0,0.0,0.0,0.0,0.0,0.0,20.0,0.0,0.0,20.0,20.0,0.0,0.0,0.0,T20,1
YouTube::@ade.gardel1410,YouTube,1,4,0,0,0,0,1,0,0,0,1,0,1,0,0,0,0,0,0,1,0,0,0,0,0,0,0,0.0,0.0,0.0,0.0,25.0,0.0,0.0,0.0,25.0,0.0,25.0,0.0,0.0,0.0,0.0,0.0,0.0,25.0,0.0,0.0,0.0,0.0,0.0,0.0,0.0,T08,1
YouTube::@adelajimenez6249,YouTube,1,5,0,0,0,0,0,0,2,0,0,0,0,0,0,0,1,0,1,0,0,0,0,1,0,0,0,0.0,0.0,0.0,0.0,0.0,0.0,40.0,0.0,0.0,0.0,0.0,0.0,0.0,0.0,20.0,0.0,20.0,0.0,0.0,0.0,0.0,20.0,0.0,0.0,0.0,T06,2
YouTube::@adelavelazquez682,YouTube,1,3,0,0,0,0,0,0,2,0,0,0,0,0,1,0,0,0,0,0,0,0,0,0,0,0,0,0.0,0.0,0.0,0.0,0.0,0.0,66.7,0.0,0.0,0.0,0.0,0.0,33.3,0.0,0.0,0.0,0.0,0.0,0.0,0.0,0.0,0.0,0.0,0.0,0.0,T06,2
YouTube::@adelfohernandez3082,YouTube,1,4,0,0,0,0,0,0,0,0,0,0,0,0,0,0,0,0,0,0,0,0,1,3,0,0,0,0.0,0.0,0.0,0.0,0.0,0.0,0.0,0.0,0.0,0.0,0.0,0.0,0.0,0.0,0.0,0.0,0.0,0.0,0.0,0.0,25.0,75.0,0.0,0.0,0.0,T21,3
YouTube::@adolfolopez6070,YouTube,2,2,0,0,0,0,0,0,0,0,1,0,0,0,0,1,0,0,0,0,0,0,0,0,0,0,0,0.0,0.0,0.0,0.0,0.0,0.0,0.0,0.0,50.0,0.0,0.0,0.0,0.0,50.0,0.0,0.0,0.0,0.0,0.0,0.0,0.0,0.0,0.0,0.0,0.0,T08,1
YouTube::@adolfolopez9991,YouTube,4,21,0,1,1,2,1,0,0,0,0,0,1,1,0,0,0,0,0,0,0,1,0,10,1,0,2,0.0,4.8,4.8,9.5,4.8,0.0,0.0,0.0,0.0,0.0,4.8,4.8,0.0,0.0,0.0,0.0,0.0,0.0,0.0,4.8,0.0,47.6,4.8,0.0,9.5,T21,10
YouTube::@adrianabonilla5283,YouTube,1,12,2,0,0,0,0,0,3,0,2,1,1,0,0,1,1,0,0,0,0,0,0,1,0,0,0,16.7,0.0,0.0,0.0,0.0,0.0,25.0,0.0,16.7,8.3,8.3,0.0,0.0,8.3,8.3,0.0,0.0,0.0,0.0,0.0,0.0,8.3,0.0,0.0,0.0,T06,3
YouTube::@adrianacomotto1734,YouTube,1,2,0,0,0,0,0,0,0,0,0,0,1,1,0,0,0,0,0,0,0,0,0,0,0,0,0,0.0,0.0,0.0,0.0,0.0,0.0,0.0,0.0,0.0,0.0,50.0,50.0,0.0,0.0,0.0,0.0,0.0,0.0,0.0,0.0,0.0,0.0,0.0,0.0,0.0,T11,1
YouTube::@adrianaluis4987,YouTube,1,6,0,0,0,0,0,0,0,0,1,0,0,0,0,0,0,0,0,0,0,0,2,3,0,0,0,0.0,0.0,0.0,0.0,0.0,0.0,0.0,0.0,16.7,0.0,0.0,0.0,0.0,0.0,0.0,0.0,0.0,0.0,0.0,0.0,33.3,50.0,0.0,0.0,0.0,T21,3
YouTube::@adrianapezzino4119,YouTube,1,1,0,0,0,1,0,0,0,0,0,0,0,0,0,0,0,0,0,0,0,0,0,0,0,0,0,0.0,0.0,0.0,100.0,0.0,0.0,0.0,0.0,0.0,0.0,0.0,0.0,0.0,0.0,0.0,0.0,0.0,0.0,0.0,0.0,0.0,0.0,0.0,0.0,0.0,T03,1
YouTube::@adrianar7151,YouTube,1,3,0,0,0,0,0,0,0,0,0,0,0,0,0,0,1,0,0,0,0,1,1,0,0,0,0,0.0,0.0,0.0,0.0,0.0,0.0,0.0,0.0,0.0,0.0,0.0,0.0,0.0,0.0,33.3,0.0,0.0,0.0,0.0,33.3,33.3,0.0,0.0,0.0,0.0,T19,1
YouTube::@adrianguerrero-x5x,YouTube,1,4,0,0,0,0,0,0,0,1,0,0,0,1,0,0,0,0,0,0,0,0,2,0,0,0,0,0.0,0.0,0.0,0.0,0.0,0.0,0.0,25.0,0.0,0.0,0.0,25.0,0.0,0.0,0.0,0.0,0.0,0.0,0.0,0.0,50.0,0.0,0.0,0.0,0.0,T20,2
YouTube::@adrianoundead,YouTube,1,9,0,0,0,0,1,0,5,0,0,1,0,0,1,0,0,0,0,0,0,0,0,0,0,0,1,0.0,0.0,0.0,0.0,11.1,0.0,55.6,0.0,0.0,11.1,0.0,0.0,11.1,0.0,0.0,0.0,0.0,0.0,0.0,0.0,0.0,0.0,0.0,0.0,11.1,T06,5
YouTube::@adrimendez5656,YouTube,1,3,0,0,0,0,0,0,0,1,0,0,0,0,0,0,0,0,0,0,0,1,0,0,0,1,0,0.0,0.0,0.0,0.0,0.0,0.0,0.0,33.3,0.0,0.0,0.0,0.0,0.0,0.0,0.0,0.0,0.0,0.0,0.0,33.3,0.0,0.0,0.0,33.3,0.0,T23,1
YouTube::@adrip1441,YouTube,1,6,0,0,0,0,0,0,2,0,0,1,0,0,0,0,1,0,1,0,0,0,0,0,1,0,0,0.0,0.0,0.0,0.0,0.0,0.0,33.3,0.0,0.0,16.7,0.0,0.0,0.0,0.0,16.7,0.0,16.7,0.0,0.0,0.0,0.0,0.0,16.7,0.0,0.0,T06,2
YouTube::@agusacevedof,YouTube,3,172,0,0,3,3,9,2,33,0,0,27,9,9,1,4,27,0,0,3,3,3,6,18,3,3,6,0.0,0.0,1.7,1.7,5.2,1.2,19.2,0.0,0.0,15.7,5.2,5.2,0.6,2.3,15.7,0.0,0.0,1.7,1.7,1.7,3.5,10.5,1.7,1.7,3.5,T06,33
YouTube::@aidaantonio6394,YouTube,1,4,0,0,0,0,0,0,3,0,1,0,0,0,0,0,0,0,0,0,0,0,0,0,0,0,0,0.0,0.0,0.0,0.0,0.0,0.0,75.0,0.0,25.0,0.0,0.0,0.0,0.0,0.0,0.0,0.0,0.0,0.0,0.0,0.0,0.0,0.0,0.0,0.0,0.0,T06,3
YouTube::@aidegatoify,YouTube,1,4,0,0,0,0,0,0,0,1,0,1,0,0,0,0,0,0,0,1,0,0,0,1,0,0,0,0.0,0.0,0.0,0.0,0.0,0.0,0.0,25.0,0.0,25.0,0.0,0.0,0.0,0.0,0.0,0.0,0.0,25.0,0.0,0.0,0.0,25.0,0.0,0.0,0.0,T17,1
YouTube::@aidejuarez8515,YouTube,1,2,0,0,0,0,0,0,0,1,0,0,0,0,0,0,0,0,0,0,0,0,0,0,0,1,0,0.0,0.0,0.0,0.0,0.0,0.0,0.0,50.0,0.0,0.0,0.0,0.0,0.0,0.0,0.0,0.0,0.0,0.0,0.0,0.0,0.0,0.0,0.0,50.0,0.0,T07,1
YouTube::@alancitogames1020,YouTube,1,2,0,0,0,0,0,0,1,0,0,0,0,1,0,0,0,0,0,0,0,0,0,0,0,0,0,0.0,0.0,0.0,0.0,0.0,0.0,50.0,0.0,0.0,0.0,0.0,50.0,0.0,0.0,0.0,0.0,0.0,0.0,0.0,0.0,0.0,0.0,0.0,0.0,0.0,T06,1
YouTube::@alanromanmayabautista4724,YouTube,2,4,0,0,0,1,0,0,0,0,0,0,0,0,0,0,0,0,0,0,0,0,0,2,1,0,0,0.0,0.0,0.0,25.0,0.0,0.0,0.0,0.0,0.0,0.0,0.0,0.0,0.0,0.0,0.0,0.0,0.0,0.0,0.0,0.0,0.0,50.0,25.0,0.0,0.0,T21,2
YouTube::@alanromero7813,YouTube,1,4,0,0,0,0,2,0,0,0,0,0,0,2,0,0,0,0,0,0,0,0,0,0,0,0,0,0.0,0.0,0.0,0.0,50.0,0.0,0.0,0.0,0.0,0.0,0.0,50.0,0.0,0.0,0.0,0.0,0.0,0.0,0.0,0.0,0.0,0.0,0.0,0.0,0.0,T11,2
YouTube::@albertoalvarado5405,YouTube,1,4,0,0,0,0,0,0,2,0,0,0,0,1,0,0,0,0,0,1,0,0,0,0,0,0,0,0.0,0.0,0.0,0.0,0.0,0.0,50.0,0.0,0.0,0.0,0.0,25.0,0.0,0.0,0.0,0.0,0.0,25.0,0.0,0.0,0.0,0.0,0.0,0.0,0.0,T06,2
YouTube::@albertobravo5666,YouTube,1,2,0,0,0,0,0,1,1,0,0,0,0,0,0,0,0,0,0,0,0,0,0,0,0,0,0,0.0,0.0,0.0,0.0,0.0,50.0,50.0,0.0,0.0,0.0,0.0,0.0,0.0,0.0,0.0,0.0,0.0,0.0,0.0,0.0,0.0,0.0,0.0,0.0,0.0,T06,1
YouTube::@albertogalan2758,YouTube,1,2,0,0,0,0,1,0,1,0,0,0,0,0,0,0,0,0,0,0,0,0,0,0,0,0,0,0.0,0.0,0.0,0.0,50.0,0.0,50.0,0.0,0.0,0.0,0.0,0.0,0.0,0.0,0.0,0.0,0.0,0.0,0.0,0.0,0.0,0.0,0.0,0.0,0.0,T06,1
YouTube::@albertogamez9514,YouTube,1,7,0,0,0,0,0,0,2,0,0,0,0,1,0,0,0,1,0,0,3,0,0,0,0,0,0,0.0,0.0,0.0,0.0,0.0,0.0,28.6,0.0,0.0,0.0,0.0,14.3,0.0,0.0,0.0,14.3,0.0,0.0,42.9,0.0,0.0,0.0,0.0,0.0,0.0,T18,3
YouTube::@albertootero704,YouTube,1,13,0,0,1,0,0,0,0,0,4,0,1,0,1,0,0,0,0,0,2,0,0,4,0,0,0,0.0,0.0,7.7,0.0,0.0,0.0,0.0,0.0,30.8,0.0,7.7,0.0,7.7,0.0,0.0,0.0,0.0,0.0,15.4,0.0,0.0,30.8,0.0,0.0,0.0,T21,4
YouTube::@albertovazquez9058,YouTube,1,8,0,0,0,0,0,1,4,0,1,1,0,0,0,1,0,0,0,0,0,0,0,0,0,0,0,0.0,0.0,0.0,0.0,0.0,12.5,50.0,0.0,12.5,12.5,0.0,0.0,0.0,12.5,0.0,0.0,0.0,0.0,0.0,0.0,0.0,0.0,0.0,0.0,0.0,T06,4
YouTube::@albitamun,YouTube,1,7,0,0,0,1,1,0,0,0,0,1,0,0,1,0,0,0,0,0,0,0,0,3,0,0,0,0.0,0.0,0.0,14.3,14.3,0.0,0.0,0.0,0.0,14.3,0.0,0.0,14.3,0.0,0.0,0.0,0.0,0.0,0.0,0.0,0.0,42.9,0.0,0.0,0.0,T21,3
YouTube::@alcaraZ70,YouTube,1,9,0,0,0,1,0,1,1,0,0,1,1,0,0,0,1,0,0,0,0,0,0,3,0,0,0,0.0,0.0,0.0,11.1,0.0,11.1,11.1,0.0,0.0,11.1,11.1,0.0,0.0,0.0,11.1,0.0,0.0,0.0,0.0,0.0,0.0,33.3,0.0,0.0,0.0,T21,3
YouTube::@aldopenamata7986,YouTube,1,4,0,0,0,0,1,0,0,0,0,0,1,0,0,0,0,0,0,0,0,0,0,1,1,0,0,0.0,0.0,0.0,0.0,25.0,0.0,0.0,0.0,0.0,0.0,25.0,0.0,0.0,0.0,0.0,0.0,0.0,0.0,0.0,0.0,0.0,25.0,25.0,0.0,0.0,T04,1
YouTube::@alejandradiaz7210,YouTube,1,10,0,0,1,1,0,0,4,0,0,0,0,1,0,0,1,0,0,2,0,0,0,0,0,0,0,0.0,0.0,10.0,10.0,0.0,0.0,40.0,0.0,0.0,0.0,0.0,10.0,0.0,0.0,10.0,0.0,0.0,20.0,0.0,0.0,0.0,0.0,0.0,0.0,0.0,T06,4
YouTube::@alejandravega277,YouTube,1,2,0,0,0,0,2,0,0,0,0,0,0,0,0,0,0,0,0,0,0,0,0,0,0,0,0,0.0,0.0,0.0,0.0,100.0,0.0,0.0,0.0,0.0,0.0,0.0,0.0,0.0,0.0,0.0,0.0,0.0,0.0,0.0,0.0,0.0,0.0,0.0,0.0,0.0,T04,2
YouTube::@alejandroaguilar8393,YouTube,1,8,0,0,0,0,0,0,2,0,0,0,0,2,1,2,0,0,0,0,0,0,0,1,0,0,0,0.0,0.0,0.0,0.0,0.0,0.0,25.0,0.0,0.0,0.0,0.0,25.0,12.5,25.0,0.0,0.0,0.0,0.0,0.0,0.0,0.0,12.5,0.0,0.0,0.0,T11,2
YouTube::@alejandrovalverde5614,YouTube,1,2,0,0,0,0,0,0,0,0,0,0,0,0,0,0,0,0,0,0,0,0,1,1,0,0,0,0.0,0.0,0.0,0.0,0.0,0.0,0.0,0.0,0.0,0.0,0.0,0.0,0.0,0.0,0.0,0.0,0.0,0.0,0.0,0.0,50.0,50.0,0.0,0.0,0.0,T20,1
YouTube::@alejandrovta9987,YouTube,1,2,0,0,0,0,0,0,0,0,0,0,0,0,0,1,0,0,0,0,0,0,0,0,0,0,1,0.0,0.0,0.0,0.0,0.0,0.0,0.0,0.0,0.0,0.0,0.0,0.0,0.0,50.0,0.0,0.0,0.0,0.0,0.0,0.0,0.0,0.0,0.0,0.0,50.0,T13,1
YouTube::@alel6585,YouTube,1,5,0,0,0,0,0,1,3,0,0,0,0,0,0,0,0,0,0,0,0,1,0,0,0,0,0,0.0,0.0,0.0,0.0,0.0,20.0,60.0,0.0,0.0,0.0,0.0,0.0,0.0,0.0,0.0,0.0,0.0,0.0,0.0,20.0,0.0,0.0,0.0,0.0,0.0,T06,3
YouTube::@aleromero33,YouTube,1,7,0,0,0,0,0,1,3,0,0,0,0,0,0,1,1,0,0,0,0,0,0,0,1,0,0,0.0,0.0,0.0,0.0,0.0,14.3,42.9,0.0,0.0,0.0,0.0,0.0,0.0,14.3,14.3,0.0,0.0,0.0,0.0,0.0,0.0,0.0,14.3,0.0,0.0,T06,3
YouTube::@alexalvarez5310,YouTube,1,4,0,0,0,0,0,0,0,0,1,0,0,1,0,0,0,0,0,0,0,0,2,0,0,0,0,0.0,0.0,0.0,0.0,0.0,0.0,0.0,0.0,25.0,0.0,0.0,25.0,0.0,0.0,0.0,0.0,0.0,0.0,0.0,0.0,50.0,0.0,0.0,0.0,0.0,T20,2
YouTube::@alexandragallego8476,YouTube,1,6,0,0,0,0,0,1,3,0,0,0,0,1,0,0,0,0,1,0,0,0,0,0,0,0,0,0.0,0.0,0.0,0.0,0.0,16.7,50.0,0.0,0.0,0.0,0.0,16.7,0.0,0.0,0.0,0.0,16.7,0.0,0.0,0.0,0.0,0.0,0.0,0.0,0.0,T06,3
YouTube::@alexarriaga1767,YouTube,1,2,0,0,0,1,0,0,0,0,0,0,0,0,0,0,0,0,0,0,0,0,0,1,0,0,0,0.0,0.0,0.0,50.0,0.0,0.0,0.0,0.0,0.0,0.0,0.0,0.0,0.0,0.0,0.0,0.0,0.0,0.0,0.0,0.0,0.0,50.0,0.0,0.0,0.0,T21,1
YouTube::@alexcantu5263,YouTube,1,1,0,0,0,0,0,0,1,0,0,0,0,0,0,0,0,0,0,0,0,0,0,0,0,0,0,0.0,0.0,0.0,0.0,0.0,0.0,100.0,0.0,0.0,0.0,0.0,0.0,0.0,0.0,0.0,0.0,0.0,0.0,0.0,0.0,0.0,0.0,0.0,0.0,0.0,T06,1
YouTube::@alexdarkjosh,YouTube,1,2,0,0,0,0,0,0,0,0,0,0,0,0,1,0,0,0,0,0,0,0,0,0,1,0,0,0.0,0.0,0.0,0.0,0.0,0.0,0.0,0.0,0.0,0.0,0.0,0.0,50.0,0.0,0.0,0.0,0.0,0.0,0.0,0.0,0.0,0.0,50.0,0.0,0.0,T22,1
YouTube::@alexglez2335,YouTube,1,1,0,0,0,0,0,0,0,0,0,0,0,0,0,0,0,0,0,0,0,0,0,1,0,0,0,0.0,0.0,0.0,0.0,0.0,0.0,0.0,0.0,0.0,0.0,0.0,0.0,0.0,0.0,0.0,0.0,0.0,0.0,0.0,0.0,0.0,100.0,0.0,0.0,0.0,T21,1
YouTube::@alexisreynasanchez3165,YouTube,1,4,0,0,1,0,0,1,0,0,0,0,0,0,0,0,1,0,0,0,0,0,1,0,0,0,0,0.0,0.0,25.0,0.0,0.0,25.0,0.0,0.0,0.0,0.0,0.0,0.0,0.0,0.0,25.0,0.0,0.0,0.0,0.0,0.0,25.0,0.0,0.0,0.0,0.0,T20,1
YouTube::@alexmacias213,YouTube,1,3,0,0,0,0,0,0,0,0,0,0,1,1,0,0,0,0,0,0,0,0,1,0,0,0,0,0.0,0.0,0.0,0.0,0.0,0.0,0.0,0.0,0.0,0.0,33.3,33.3,0.0,0.0,0.0,0.0,0.0,0.0,0.0,0.0,33.3,0.0,0.0,0.0,0.0,T10,1
YouTube::@alexvillalpando3710,YouTube,1,16,0,1,1,0,0,0,1,0,1,0,0,3,1,0,0,0,0,0,1,0,3,0,3,1,0,0.0,6.2,6.2,0.0,0.0,0.0,6.2,0.0,6.2,0.0,0.0,18.8,6.2,0.0,0.0,0.0,0.0,0.0,6.2,0.0,18.8,0.0,18.8,6.2,0.0,T22,3
YouTube::@alfonsogomez5646,YouTube,1,3,0,0,0,1,0,0,0,0,0,0,1,0,0,0,0,0,0,0,0,0,1,0,0,0,0,0.0,0.0,0.0,33.3,0.0,0.0,0.0,0.0,0.0,0.0,33.3,0.0,0.0,0.0,0.0,0.0,0.0,0.0,0.0,0.0,33.3,0.0,0.0,0.0,0.0,T03,1
YouTube::@alfonsorobles2678,YouTube,1,6,0,1,0,0,0,0,1,0,0,0,0,0,0,1,0,0,0,1,0,1,0,1,0,0,0,0.0,16.7,0.0,0.0,0.0,0.0,16.7,0.0,0.0,0.0,0.0,0.0,0.0,16.7,0.0,0.0,0.0,16.7,0.0,16.7,0.0,16.7,0.0,0.0,0.0,T17,1
YouTube::@alfredogarciaramirez2791,YouTube,1,2,0,0,0,0,0,0,1,0,0,0,0,0,0,0,0,0,0,0,0,0,1,0,0,0,0,0.0,0.0,0.0,0.0,0.0,0.0,50.0,0.0,0.0,0.0,0.0,0.0,0.0,0.0,0.0,0.0,0.0,0.0,0.0,0.0,50.0,0.0,0.0,0.0,0.0,T06,1
YouTube::@alfredoortiz7487,YouTube,1,1,0,0,0,0,0,0,1,0,0,0,0,0,0,0,0,0,0,0,0,0,0,0,0,0,0,0.0,0.0,0.0,0.0,0.0,0.0,100.0,0.0,0.0,0.0,0.0,0.0,0.0,0.0,0.0,0.0,0.0,0.0,0.0,0.0,0.0,0.0,0.0,0.0,0.0,T06,1
YouTube::@aliama5120,YouTube,1,3,0,0,0,1,0,0,0,0,0,0,0,0,0,0,1,0,0,0,0,0,1,0,0,0,0,0.0,0.0,0.0,33.3,0.0,0.0,0.0,0.0,0.0,0.0,0.0,0.0,0.0,0.0,33.3,0.0,0.0,0.0,0.0,0.0,33.3,0.0,0.0,0.0,0.0,T14,1
YouTube::@aliciacontreras7381,YouTube,1,10,0,0,0,0,0,0,4,0,0,0,0,0,0,0,0,0,0,1,0,1,1,2,1,0,0,0.0,0.0,0.0,0.0,0.0,0.0,40.0,0.0,0.0,0.0,0.0,0.0,0.0,0.0,0.0,0.0,0.0,10.0,0.0,10.0,10.0,20.0,10.0,0.0,0.0,T06,4
YouTube::@aliciamontiel1524,YouTube,1,4,0,0,0,1,2,0,0,0,0,0,0,0,0,0,1,0,0,0,0,0,0,0,0,0,0,0.0,0.0,0.0,25.0,50.0,0.0,0.0,0.0,0.0,0.0,0.0,0.0,0.0,0.0,25.0,0.0,0.0,0.0,0.0,0.0,0.0,0.0,0.0,0.0,0.0,T04,2
YouTube::@aliciamoreno8128,YouTube,1,7,0,0,0,1,1,1,2,0,0,1,0,0,0,0,1,0,0,0,0,0,0,0,0,0,0,0.0,0.0,0.0,14.3,14.3,14.3,28.6,0.0,0.0,14.3,0.0,0.0,0.0,0.0,14.3,0.0,0.0,0.0,0.0,0.0,0.0,0.0,0.0,0.0,0.0,T06,2
YouTube::@aliciavelazquez2004,YouTube,1,3,0,0,1,0,0,0,0,0,0,0,0,0,0,0,1,0,0,0,0,0,0,0,1,0,0,0.0,0.0,33.3,0.0,0.0,0.0,0.0,0.0,0.0,0.0,0.0,0.0,0.0,0.0,33.3,0.0,0.0,0.0,0.0,0.0,0.0,0.0,33.3,0.0,0.0,T22,1
YouTube::@alinadiaz2378,YouTube,1,5,0,0,0,0,1,0,1,0,1,1,1,0,0,0,0,0,0,0,0,0,0,0,0,0,0,0.0,0.0,0.0,0.0,20.0,0.0,20.0,0.0,20.0,20.0,20.0,0.0,0.0,0.0,0.0,0.0,0.0,0.0,0.0,0.0,0.0,0.0,0.0,0.0,0.0,T09,1
YouTube::@alis924,YouTube,1,6,0,0,0,0,0,0,4,0,0,0,0,0,0,0,1,1,0,0,0,0,0,0,0,0,0,0.0,0.0,0.0,0.0,0.0,0.0,66.7,0.0,0.0,0.0,0.0,0.0,0.0,0.0,16.7,16.7,0.0,0.0,0.0,0.0,0.0,0.0,0.0,0.0,0.0,T06,4
YouTube::@almadeliaalfonsolorenzo1603,YouTube,1,3,0,0,0,1,0,0,0,0,0,1,0,0,0,0,1,0,0,0,0,0,0,0,0,0,0,0.0,0.0,0.0,33.3,0.0,0.0,0.0,0.0,0.0,33.3,0.0,0.0,0.0,0.0,33.3,0.0,0.0,0.0,0.0,0.0,0.0,0.0,0.0,0.0,0.0,T03,1
YouTube::@almamatus7362,YouTube,1,4,0,0,0,0,0,0,1,0,2,0,0,0,0,0,0,0,0,0,0,0,0,0,1,0,0,0.0,0.0,0.0,0.0,0.0,0.0,25.0,0.0,50.0,0.0,0.0,0.0,0.0,0.0,0.0,0.0,0.0,0.0,0.0,0.0,0.0,0.0,25.0,0.0,0.0,T08,2
YouTube::@almaprado4109,YouTube,1,3,0,0,0,0,1,0,1,0,0,0,0,0,0,0,0,0,0,0,0,0,0,0,0,1,0,0.0,0.0,0.0,0.0,33.3,0.0,33.3,0.0,0.0,0.0,0.0,0.0,0.0,0.0,0.0,0.0,0.0,0.0,0.0,0.0,0.0,0.0,0.0,33.3,0.0,T06,1
YouTube::@almendrita5845,YouTube,1,3,0,0,0,0,0,0,1,0,0,0,0,0,0,1,0,0,0,1,0,0,0,0,0,0,0,0.0,0.0,0.0,0.0,0.0,0.0,33.3,0.0,0.0,0.0,0.0,0.0,0.0,33.3,0.0,0.0,0.0,33.3,0.0,0.0,0.0,0.0,0.0,0.0,0.0,T06,1
YouTube::@altahirsofiaduarte2688,YouTube,1,8,0,0,0,0,1,2,1,0,0,0,0,0,0,0,1,0,0,0,1,0,0,1,1,0,0,0.0,0.0,0.0,0.0,12.5,25.0,12.5,0.0,0.0,0.0,0.0,0.0,0.0,0.0,12.5,0.0,0.0,0.0,12.5,0.0,0.0,12.5,12.5,0.0,0.0,T05,2
YouTube::@alvrodher,YouTube,1,2,0,1,0,0,0,0,0,0,0,0,0,0,0,0,0,0,0,0,0,0,1,0,0,0,0,0.0,50.0,0.0,0.0,0.0,0.0,0.0,0.0,0.0,0.0,0.0,0.0,0.0,0.0,0.0,0.0,0.0,0.0,0.0,0.0,50.0,0.0,0.0,0.0,0.0,T01,1
YouTube::@amaliabermudez7628,YouTube,1,4,0,0,0,0,0,0,2,0,0,0,0,0,0,0,0,0,0,1,0,0,0,0,0,0,1,0.0,0.0,0.0,0.0,0.0,0.0,50.0,0.0,0.0,0.0,0.0,0.0,0.0,0.0,0.0,0.0,0.0,25.0,0.0,0.0,0.0,0.0,0.0,0.0,25.0,T06,2
YouTube::@amandadominguez5396,YouTube,1,5,0,0,0,0,0,0,3,0,0,0,0,1,0,1,0,0,0,0,0,0,0,0,0,0,0,0.0,0.0,0.0,0.0,0.0,0.0,60.0,0.0,0.0,0.0,0.0,20.0,0.0,20.0,0.0,0.0,0.0,0.0,0.0,0.0,0.0,0.0,0.0,0.0,0.0,T06,3
YouTube::@amelyhuer980,YouTube,1,4,0,0,0,0,0,0,2,0,0,1,0,0,0,0,1,0,0,0,0,0,0,0,0,0,0,0.0,0.0,0.0,0.0,0.0,0.0,50.0,0.0,0.0,25.0,0.0,0.0,0.0,0.0,25.0,0.0,0.0,0.0,0.0,0.0,0.0,0.0,0.0,0.0,0.0,T06,2
YouTube::@americanonocturno,YouTube,1,5,0,0,0,0,0,0,0,0,0,0,0,0,0,0,1,0,0,0,1,0,0,3,0,0,0,0.0,0.0,0.0,0.0,0.0,0.0,0.0,0.0,0.0,0.0,0.0,0.0,0.0,0.0,20.0,0.0,0.0,0.0,20.0,0.0,0.0,60.0,0.0,0.0,0.0,T21,3
YouTube::@anaaliciahernandez961,YouTube,1,5,0,0,0,2,0,0,0,1,0,0,0,0,0,1,0,0,0,0,0,1,0,0,0,0,0,0.0,0.0,0.0,40.0,0.0,0.0,0.0,20.0,0.0,0.0,0.0,0.0,0.0,20.0,0.0,0.0,0.0,0.0,0.0,20.0,0.0,0.0,0.0,0.0,0.0,T03,2
YouTube::@anaberthasoto9151,YouTube,1,4,0,0,0,0,0,1,2,0,0,0,0,0,0,0,1,0,0,0,0,0,0,0,0,0,0,0.0,0.0,0.0,0.0,0.0,25.0,50.0,0.0,0.0,0.0,0.0,0.0,0.0,0.0,25.0,0.0,0.0,0.0,0.0,0.0,0.0,0.0,0.0,0.0,0.0,T06,2
YouTube::@anadiaz5794,YouTube,1,19,0,0,0,2,0,1,8,0,0,0,0,0,1,0,3,0,0,0,0,0,1,1,2,0,0,0.0,0.0,0.0,10.5,0.0,5.3,42.1,0.0,0.0,0.0,0.0,0.0,5.3,0.0,15.8,0.0,0.0,0.0,0.0,0.0,5.3,5.3,10.5,0.0,0.0,T06,8
YouTube::@anaguzmanecheverria797,YouTube,2,3,0,0,0,0,0,0,1,0,0,1,1,0,0,0,0,0,0,0,0,0,0,0,0,0,0,0.0,0.0,0.0,0.0,0.0,0.0,33.3,0.0,0.0,33.3,33.3,0.0,0.0,0.0,0.0,0.0,0.0,0.0,0.0,0.0,0.0,0.0,0.0,0.0,0.0,T06,1
YouTube::@analara4290,YouTube,2,16,0,0,0,1,1,0,3,0,0,1,1,2,1,0,2,0,0,1,1,0,0,1,1,0,0,0.0,0.0,0.0,6.2,6.2,0.0,18.8,0.0,0.0,6.2,6.2,12.5,6.2,0.0,12.5,0.0,0.0,6.2,6.2,0.0,0.0,6.2,6.2,0.0,0.0,T06,3
YouTube::@analazo5225,YouTube,1,2,0,0,0,0,0,0,0,1,0,0,0,0,0,0,0,0,0,0,0,0,0,0,0,1,0,0.0,0.0,0.0,0.0,0.0,0.0,0.0,50.0,0.0,0.0,0.0,0.0,0.0,0.0,0.0,0.0,0.0,0.0,0.0,0.0,0.0,0.0,0.0,50.0,0.0,T23,1
YouTube::@analiruena5397,YouTube,1,4,0,0,0,1,0,0,1,0,0,0,0,0,0,0,0,0,0,0,0,0,0,2,0,0,0,0.0,0.0,0.0,25.0,0.0,0.0,25.0,0.0,0.0,0.0,0.0,0.0,0.0,0.0,0.0,0.0,0.0,0.0,0.0,0.0,0.0,50.0,0.0,0.0,0.0,T21,2
YouTube::@anamariacruz3863,YouTube,1,6,0,0,0,0,0,1,4,0,0,0,0,0,0,0,0,0,0,0,1,0,0,0,0,0,0,0.0,0.0,0.0,0.0,0.0,16.7,66.7,0.0,0.0,0.0,0.0,0.0,0.0,0.0,0.0,0.0,0.0,0.0,16.7,0.0,0.0,0.0,0.0,0.0,0.0,T06,4
YouTube::@anapeca2930,YouTube,1,1,0,0,0,0,0,0,0,0,0,0,0,0,0,0,0,0,0,0,0,0,0,0,1,0,0,0.0,0.0,0.0,0.0,0.0,0.0,0.0,0.0,0.0,0.0,0.0,0.0,0.0,0.0,0.0,0.0,0.0,0.0,0.0,0.0,0.0,0.0,100.0,0.0,0.0,T22,1
YouTube::@anaquintero9841,YouTube,1,12,0,0,0,3,0,1,6,0,0,0,0,0,1,1,0,0,0,0,0,0,0,0,0,0,0,0.0,0.0,0.0,25.0,0.0,8.3,50.0,0.0,0.0,0.0,0.0,0.0,8.3,8.3,0.0,0.0,0.0,0.0,0.0,0.0,0.0,0.0,0.0,0.0,0.0,T06,6
YouTube::@anaramirez1601,YouTube,1,9,0,0,0,1,3,0,1,0,0,1,0,0,0,0,1,0,1,0,0,0,0,0,0,0,1,0.0,0.0,0.0,11.1,33.3,0.0,11.1,0.0,0.0,11.1,0.0,0.0,0.0,0.0,11.1,0.0,11.1,0.0,0.0,0.0,0.0,0.0,0.0,0.0,11.1,T04,3
YouTube::@anateresa3478,YouTube,1,5,0,0,0,0,0,0,1,0,1,0,0,0,0,0,0,0,0,0,0,0,0,3,0,0,0,0.0,0.0,0.0,0.0,0.0,0.0,20.0,0.0,20.0,0.0,0.0,0.0,0.0,0.0,0.0,0.0,0.0,0.0,0.0,0.0,0.0,60.0,0.0,0.0,0.0,T21,3
YouTube::@andradever118,YouTube,2,7,0,0,1,0,0,0,4,0,0,0,0,0,0,0,1,1,0,0,0,0,0,0,0,0,0,0.0,0.0,14.3,0.0,0.0,0.0,57.1,0.0,0.0,0.0,0.0,0.0,0.0,0.0,14.3,14.3,0.0,0.0,0.0,0.0,0.0,0.0,0.0,0.0,0.0,T06,4
YouTube::@andreaa567,YouTube,1,17,0,0,0,0,0,0,0,1,1,2,0,0,0,1,1,1,0,2,1,0,0,4,1,1,1,0.0,0.0,0.0,0.0,0.0,0.0,0.0,5.9,5.9,11.8,0.0,0.0,0.0,5.9,5.9,5.9,0.0,11.8,5.9,0.0,0.0,23.5,5.9,5.9,5.9,T21,4
YouTube::@andreamendez7880,YouTube,1,2,0,0,0,0,0,0,0,0,0,0,1,0,0,0,1,0,0,0,0,0,0,0,0,0,0,0.0,0.0,0.0,0.0,0.0,0.0,0.0,0.0,0.0,0.0,50.0,0.0,0.0,0.0,50.0,0.0,0.0,0.0,0.0,0.0,0.0,0.0,0.0,0.0,0.0,T10,1
YouTube::@andrescortina1323,YouTube,1,5,0,0,0,0,1,0,1,0,0,0,1,0,1,0,0,0,0,0,0,0,0,1,0,0,0,0.0,0.0,0.0,0.0,20.0,0.0,20.0,0.0,0.0,0.0,20.0,0.0,20.0,0.0,0.0,0.0,0.0,0.0,0.0,0.0,0.0,20.0,0.0,0.0,0.0,T21,1
YouTube::@andresibarra9688,YouTube,1,0,0,0,0,0,0,0,0,0,0,0,0,0,0,0,0,0,0,0,0,0,0,0,0,0,0,0.0,0.0,0.0,0.0,0.0,0.0,0.0,0.0,0.0,0.0,0.0,0.0,0.0,0.0,0.0,0.0,0.0,0.0,0.0,0.0,0.0,0.0,0.0,0.0,0.0,,0
YouTube::@andresrodolfoolveramiranda,YouTube,1,12,0,0,1,0,0,0,6,0,0,2,1,1,0,0,1,0,0,0,0,0,0,0,0,0,0,0.0,0.0,8.3,0.0,0.0,0.0,50.0,0.0,0.0,16.7,8.3,8.3,0.0,0.0,8.3,0.0,0.0,0.0,0.0,0.0,0.0,0.0,0.0,0.0,0.0,T06,6
YouTube::@andressantos3019,YouTube,1,7,0,0,1,0,0,0,0,0,1,2,0,0,0,0,0,1,0,0,0,0,0,0,2,0,0,0.0,0.0,14.3,0.0,0.0,0.0,0.0,0.0,14.3,28.6,0.0,0.0,0.0,0.0,0.0,14.3,0.0,0.0,0.0,0.0,0.0,0.0,28.6,0.0,0.0,T09,2
YouTube::@anellegallegos5311,YouTube,1,5,0,0,0,1,0,0,1,0,0,0,1,0,0,0,0,0,0,0,1,0,0,0,1,0,0,0.0,0.0,0.0,20.0,0.0,0.0,20.0,0.0,0.0,0.0,20.0,0.0,0.0,0.0,0.0,0.0,0.0,0.0,20.0,0.0,0.0,0.0,20.0,0.0,0.0,T22,1
YouTube::@angeldelaluzsantiago993,YouTube,1,4,0,0,0,0,0,0,0,0,0,0,0,0,0,0,1,0,0,0,0,0,0,3,0,0,0,0.0,0.0,0.0,0.0,0.0,0.0,0.0,0.0,0.0,0.0,0.0,0.0,0.0,0.0,25.0,0.0,0.0,0.0,0.0,0.0,0.0,75.0,0.0,0.0,0.0,T21,3
YouTube::@angelesaa9539,YouTube,3,16,0,1,0,3,0,1,5,0,0,1,2,0,0,0,0,0,0,0,0,0,0,2,1,0,0,0.0,6.2,0.0,18.8,0.0,6.2,31.2,0.0,0.0,6.2,12.5,0.0,0.0,0.0,0.0,0.0,0.0,0.0,0.0,0.0,0.0,12.5,6.2,0.0,0.0,T06,5
YouTube::@angelesmelchor3726,YouTube,1,9,0,0,0,1,0,1,0,0,0,1,0,1,0,0,3,0,0,0,0,0,0,0,1,0,1,0.0,0.0,0.0,11.1,0.0,11.1,0.0,0.0,0.0,11.1,0.0,11.1,0.0,0.0,33.3,0.0,0.0,0.0,0.0,0.0,0.0,0.0,11.1,0.0,11.1,T14,3
YouTube::@angelgmtz1,YouTube,1,7,0,0,0,0,0,1,4,0,1,0,0,0,0,0,0,0,0,1,0,0,0,0,0,0,0,0.0,0.0,0.0,0.0,0.0,14.3,57.1,0.0,14.3,0.0,0.0,0.0,0.0,0.0,0.0,0.0,0.0,14.3,0.0,0.0,0.0,0.0,0.0,0.0,0.0,T06,4
YouTube::@angelgomez-6141,YouTube,1,6,0,0,0,0,0,1,2,1,0,1,0,0,0,0,0,0,0,0,0,0,0,0,1,0,0,0.0,0.0,0.0,0.0,0.0,16.7,33.3,16.7,0.0,16.7,0.0,0.0,0.0,0.0,0.0,0.0,0.0,0.0,0.0,0.0,0.0,0.0,16.7,0.0,0.0,T06,2
YouTube::@angelicaacevedo4975,YouTube,2,8,0,0,0,1,1,1,3,0,0,0,1,0,0,0,0,1,0,0,0,0,0,0,0,0,0,0.0,0.0,0.0,12.5,12.5,12.5,37.5,0.0,0.0,0.0,12.5,0.0,0.0,0.0,0.0,12.5,0.0,0.0,0.0,0.0,0.0,0.0,0.0,0.0,0.0,T06,3
YouTube::@angelicaesparza2577,YouTube,1,5,0,0,0,0,0,0,1,0,0,2,0,0,0,0,0,0,0,1,0,0,0,1,0,0,0,0.0,0.0,0.0,0.0,0.0,0.0,20.0,0.0,0.0,40.0,0.0,0.0,0.0,0.0,0.0,0.0,0.0,20.0,0.0,0.0,0.0,20.0,0.0,0.0,0.0,T09,2
YouTube::@angelicaherrera582,YouTube,1,13,0,0,0,0,1,0,5,0,1,2,1,0,0,0,1,0,0,0,0,0,0,0,1,1,0,0.0,0.0,0.0,0.0,7.7,0.0,38.5,0.0,7.7,15.4,7.7,0.0,0.0,0.0,7.7,0.0,0.0,0.0,0.0,0.0,0.0,0.0,7.7,7.7,0.0,T06,5
YouTube::@angelicamacias954,YouTube,1,7,0,0,0,0,0,0,3,0,1,0,0,1,0,0,0,0,0,0,0,0,0,0,2,0,0,0.0,0.0,0.0,0.0,0.0,0.0,42.9,0.0,14.3,0.0,0.0,14.3,0.0,0.0,0.0,0.0,0.0,0.0,0.0,0.0,0.0,0.0,28.6,0.0,0.0,T06,3
YouTube::@angelicamagdalenacanomonca1344,YouTube,1,8,0,0,0,0,0,1,2,0,0,0,1,0,0,0,1,0,0,0,0,1,0,1,1,0,0,0.0,0.0,0.0,0.0,0.0,12.5,25.0,0.0,0.0,0.0,12.5,0.0,0.0,0.0,12.5,0.0,0.0,0.0,0.0,12.5,0.0,12.5,12.5,0.0,0.0,T06,2
YouTube::@angeljinez9384,YouTube,1,7,0,0,0,2,0,0,0,0,0,0,0,0,0,0,1,0,0,2,0,0,0,1,1,0,0,0.0,0.0,0.0,28.6,0.0,0.0,0.0,0.0,0.0,0.0,0.0,0.0,0.0,0.0,14.3,0.0,0.0,28.6,0.0,0.0,0.0,14.3,14.3,0.0,0.0,T17,2
YouTube::@angellopezcabrera53,YouTube,1,5,0,0,1,0,1,0,1,0,0,0,0,1,0,0,0,0,0,0,0,0,0,1,0,0,0,0.0,0.0,20.0,0.0,20.0,0.0,20.0,0.0,0.0,0.0,0.0,20.0,0.0,0.0,0.0,0.0,0.0,0.0,0.0,0.0,0.0,20.0,0.0,0.0,0.0,T21,1
YouTube::@angelrocha962,YouTube,1,10,0,1,1,0,1,0,3,0,0,2,1,0,0,0,0,0,0,0,0,0,0,0,0,1,0,0.0,10.0,10.0,0.0,10.0,0.0,30.0,0.0,0.0,20.0,10.0,0.0,0.0,0.0,0.0,0.0,0.0,0.0,0.0,0.0,0.0,0.0,0.0,10.0,0.0,T06,3
YouTube::@angelsamuelgarciarivera7044,YouTube,1,5,0,0,0,1,1,1,0,0,0,1,1,0,0,0,0,0,0,0,0,0,0,0,0,0,0,0.0,0.0,0.0,20.0,20.0,20.0,0.0,0.0,0.0,20.0,20.0,0.0,0.0,0.0,0.0,0.0,0.0,0.0,0.0,0.0,0.0,0.0,0.0,0.0,0.0,T04,1
YouTube::@angievillasenor8179,YouTube,1,8,0,0,0,0,0,0,3,0,0,1,0,0,0,0,3,0,0,0,0,0,0,1,0,0,0,0.0,0.0,0.0,0.0,0.0,0.0,37.5,0.0,0.0,12.5,0.0,0.0,0.0,0.0,37.5,0.0,0.0,0.0,0.0,0.0,0.0,12.5,0.0,0.0,0.0,T14,3
YouTube::@angiiediazz1074,YouTube,1,7,0,0,0,0,0,0,2,0,0,1,0,0,0,1,0,1,0,0,1,0,0,0,1,0,0,0.0,0.0,0.0,0.0,0.0,0.0,28.6,0.0,0.0,14.3,0.0,0.0,0.0,14.3,0.0,14.3,0.0,0.0,14.3,0.0,0.0,0.0,14.3,0.0,0.0,T06,2
YouTube::@angymotagalvan9838,YouTube,1,10,0,0,0,0,0,1,4,0,0,2,0,0,0,0,1,2,0,0,0,0,0,0,0,0,0,0.0,0.0,0.0,0.0,0.0,10.0,40.0,0.0,0.0,20.0,0.0,0.0,0.0,0.0,10.0,20.0,0.0,0.0,0.0,0.0,0.0,0.0,0.0,0.0,0.0,T06,4
YouTube::@anifcolin5370,YouTube,2,9,0,0,1,2,0,1,3,0,0,0,1,0,0,0,0,0,0,0,0,0,0,0,1,0,0,0.0,0.0,11.1,22.2,0.0,11.1,33.3,0.0,0.0,0.0,11.1,0.0,0.0,0.0,0.0,0.0,0.0,0.0,0.0,0.0,0.0,0.0,11.1,0.0,0.0,T06,3
YouTube::@annaramirez6049,YouTube,1,7,0,0,0,0,0,0,2,1,0,0,0,0,0,0,1,1,0,0,0,0,0,2,0,0,0,0.0,0.0,0.0,0.0,0.0,0.0,28.6,14.3,0.0,0.0,0.0,0.0,0.0,0.0,14.3,14.3,0.0,0.0,0.0,0.0,0.0,28.6,0.0,0.0,0.0,T06,2
YouTube::@antikorrupcion-k3w,YouTube,1,3,0,0,0,0,1,0,1,0,0,0,0,0,0,0,1,0,0,0,0,0,0,0,0,0,0,0.0,0.0,0.0,0.0,33.3,0.0,33.3,0.0,0.0,0.0,0.0,0.0,0.0,0.0,33.3,0.0,0.0,0.0,0.0,0.0,0.0,0.0,0.0,0.0,0.0,T04,1
YouTube::@antonio.7802,YouTube,1,2,1,0,0,0,0,1,0,0,0,0,0,0,0,0,0,0,0,0,0,0,0,0,0,0,0,50.0,0.0,0.0,0.0,0.0,50.0,0.0,0.0,0.0,0.0,0.0,0.0,0.0,0.0,0.0,0.0,0.0,0.0,0.0,0.0,0.0,0.0,0.0,0.0,0.0,T05,1
YouTube::@antonioalvarez8623,YouTube,1,0,0,0,0,0,0,0,0,0,0,0,0,0,0,0,0,0,0,0,0,0,0,0,0,0,0,0.0,0.0,0.0,0.0,0.0,0.0,0.0,0.0,0.0,0.0,0.0,0.0,0.0,0.0,0.0,0.0,0.0,0.0,0.0,0.0,0.0,0.0,0.0,0.0,0.0,,0
YouTube::@antoniojimenez5534,YouTube,1,5,0,0,0,1,0,0,1,0,0,0,0,0,0,0,0,0,0,1,0,0,0,1,0,0,1,0.0,0.0,0.0,20.0,0.0,0.0,20.0,0.0,0.0,0.0,0.0,0.0,0.0,0.0,0.0,0.0,0.0,20.0,0.0,0.0,0.0,20.0,0.0,0.0,20.0,T03,1
YouTube::@antoniomacias1006,YouTube,1,2,0,0,0,0,1,0,0,0,0,0,0,0,0,0,1,0,0,0,0,0,0,0,0,0,0,0.0,0.0,0.0,0.0,50.0,0.0,0.0,0.0,0.0,0.0,0.0,0.0,0.0,0.0,50.0,0.0,0.0,0.0,0.0,0.0,0.0,0.0,0.0,0.0,0.0,T14,1
YouTube::@antrax4429,YouTube,1,2,0,0,1,0,0,0,0,1,0,0,0,0,0,0,0,0,0,0,0,0,0,0,0,0,0,0.0,0.0,50.0,0.0,0.0,0.0,0.0,50.0,0.0,0.0,0.0,0.0,0.0,0.0,0.0,0.0,0.0,0.0,0.0,0.0,0.0,0.0,0.0,0.0,0.0,T07,1
YouTube::@anyaalvamor973,YouTube,1,12,0,0,1,0,0,1,3,0,1,0,1,1,0,0,0,0,0,0,0,0,0,3,0,1,0,0.0,0.0,8.3,0.0,0.0,8.3,25.0,0.0,8.3,0.0,8.3,8.3,0.0,0.0,0.0,0.0,0.0,0.0,0.0,0.0,0.0,25.0,0.0,8.3,0.0,T06,3
YouTube::@anyel-78,YouTube,1,2,0,0,0,0,0,0,0,0,0,1,0,0,0,1,0,0,0,0,0,0,0,0,0,0,0,0.0,0.0,0.0,0.0,0.0,0.0,0.0,0.0,0.0,50.0,0.0,0.0,0.0,50.0,0.0,0.0,0.0,0.0,0.0,0.0,0.0,0.0,0.0,0.0,0.0,T13,1
YouTube::@apolinarsanchezmorales621,YouTube,1,14,0,0,2,1,0,0,6,0,0,1,2,0,0,0,0,0,0,0,0,0,0,2,0,0,0,0.0,0.0,14.3,7.1,0.0,0.0,42.9,0.0,0.0,7.1,14.3,0.0,0.0,0.0,0.0,0.0,0.0,0.0,0.0,0.0,0.0,14.3,0.0,0.0,0.0,T06,6
YouTube::@aracelibenitez9148,YouTube,1,54,1,1,2,2,1,1,5,2,2,3,3,3,2,0,0,3,1,0,3,0,1,5,11,2,0,1.9,1.9,3.7,3.7,1.9,1.9,9.3,3.7,3.7,5.6,5.6,5.6,3.7,0.0,0.0,5.6,1.9,0.0,5.6,0.0,1.9,9.3,20.4,3.7,0.0,T22,11
YouTube::@aracelifigueroa7751,YouTube,1,19,1,0,0,1,1,1,6,0,0,0,2,0,0,2,3,0,0,0,0,0,0,0,2,0,0,5.3,0.0,0.0,5.3,5.3,5.3,31.6,0.0,0.0,0.0,10.5,0.0,0.0,10.5,15.8,0.0,0.0,0.0,0.0,0.0,0.0,0.0,10.5,0.0,0.0,T06,6
YouTube::@araceliramirez5439,YouTube,2,10,0,0,0,0,0,0,3,0,2,1,0,0,0,0,0,0,0,0,0,0,0,4,0,0,0,0.0,0.0,0.0,0.0,0.0,0.0,30.0,0.0,20.0,10.0,0.0,0.0,0.0,0.0,0.0,0.0,0.0,0.0,0.0,0.0,0.0,40.0,0.0,0.0,0.0,T21,4
YouTube::@aracelivarguez9407,YouTube,1,0,0,0,0,0,0,0,0,0,0,0,0,0,0,0,0,0,0,0,0,0,0,0,0,0,0,0.0,0.0,0.0,0.0,0.0,0.0,0.0,0.0,0.0,0.0,0.0,0.0,0.0,0.0,0.0,0.0,0.0,0.0,0.0,0.0,0.0,0.0,0.0,0.0,0.0,,0
YouTube::@arajimenez3579,YouTube,1,15,0,0,0,0,1,0,11,0,1,1,0,0,0,0,0,0,0,1,0,0,0,0,0,0,0,0.0,0.0,0.0,0.0,6.7,0.0,73.3,0.0,6.7,6.7,0.0,0.0,0.0,0.0,0.0,0.0,0.0,6.7,0.0,0.0,0.0,0.0,0.0,0.0,0.0,T06,11
YouTube::@arcangelirene,YouTube,1,1,1,0,0,0,0,0,0,0,0,0,0,0,0,0,0,0,0,0,0,0,0,0,0,0,0,100.0,0.0,0.0,0.0,0.0,0.0,0.0,0.0,0.0,0.0,0.0,0.0,0.0,0.0,0.0,0.0,0.0,0.0,0.0,0.0,0.0,0.0,0.0,0.0,0.0,T00,1
YouTube::@arceliacruzhernandez5485,YouTube,1,2,0,0,0,0,0,0,0,0,1,0,1,0,0,0,0,0,0,0,0,0,0,0,0,0,0,0.0,0.0,0.0,0.0,0.0,0.0,0.0,0.0,50.0,0.0,50.0,0.0,0.0,0.0,0.0,0.0,0.0,0.0,0.0,0.0,0.0,0.0,0.0,0.0,0.0,T08,1
YouTube::@arceliacuellar5767,YouTube,1,3,0,0,0,0,1,0,0,0,0,0,0,0,0,0,0,0,0,0,1,0,1,0,0,0,0,0.0,0.0,0.0,0.0,33.3,0.0,0.0,0.0,0.0,0.0,0.0,0.0,0.0,0.0,0.0,0.0,0.0,0.0,33.3,0.0,33.3,0.0,0.0,0.0,0.0,T18,1
YouTube::@arceliahernandezg6224,YouTube,1,2,0,0,0,0,0,0,1,0,0,0,0,0,0,0,0,0,0,0,0,0,0,1,0,0,0,0.0,0.0,0.0,0.0,0.0,0.0,50.0,0.0,0.0,0.0,0.0,0.0,0.0,0.0,0.0,0.0,0.0,0.0,0.0,0.0,0.0,50.0,0.0,0.0,0.0,T06,1
YouTube::@areliortiz1460,YouTube,1,6,0,0,0,0,1,1,1,0,1,0,0,0,0,1,0,0,0,0,0,0,0,0,1,0,0,0.0,0.0,0.0,0.0,16.7,16.7,16.7,0.0,16.7,0.0,0.0,0.0,0.0,16.7,0.0,0.0,0.0,0.0,0.0,0.0,0.0,0.0,16.7,0.0,0.0,T04,1
YouTube::@arielchavez3118,YouTube,1,8,0,2,0,0,0,0,3,0,0,0,0,0,0,1,0,0,0,0,0,0,0,0,0,0,2,0.0,25.0,0.0,0.0,0.0,0.0,37.5,0.0,0.0,0.0,0.0,0.0,0.0,12.5,0.0,0.0,0.0,0.0,0.0,0.0,0.0,0.0,0.0,0.0,25.0,T06,3
YouTube::@arielmirandapozos4323,YouTube,1,4,1,0,0,0,0,0,0,0,0,0,2,0,0,0,0,0,0,0,0,0,1,0,0,0,0,25.0,0.0,0.0,0.0,0.0,0.0,0.0,0.0,0.0,0.0,50.0,0.0,0.0,0.0,0.0,0.0,0.0,0.0,0.0,0.0,25.0,0.0,0.0,0.0,0.0,T10,2
YouTube::@ariesaries8570,YouTube,1,7,0,1,0,0,0,1,0,0,0,1,0,0,0,1,0,1,0,0,0,0,0,0,1,1,0,0.0,14.3,0.0,0.0,0.0,14.3,0.0,0.0,0.0,14.3,0.0,0.0,0.0,14.3,0.0,14.3,0.0,0.0,0.0,0.0,0.0,0.0,14.3,14.3,0.0,T13,1
YouTube::@ariesfebles,YouTube,1,1,0,0,0,0,0,0,0,0,0,0,0,0,0,0,0,0,0,0,0,0,0,1,0,0,0,0.0,0.0,0.0,0.0,0.0,0.0,0.0,0.0,0.0,0.0,0.0,0.0,0.0,0.0,0.0,0.0,0.0,0.0,0.0,0.0,0.0,100.0,0.0,0.0,0.0,T21,1
YouTube::@aris9779,YouTube,1,3,0,0,0,0,0,0,1,0,0,0,0,1,0,0,0,0,0,0,0,0,0,1,0,0,0,0.0,0.0,0.0,0.0,0.0,0.0,33.3,0.0,0.0,0.0,0.0,33.3,0.0,0.0,0.0,0.0,0.0,0.0,0.0,0.0,0.0,33.3,0.0,0.0,0.0,T21,1
YouTube::@arizuokusawa6953,YouTube,2,28,0,0,0,0,0,2,8,0,0,2,0,0,2,0,4,0,2,2,2,0,0,2,0,2,0,0.0,0.0,0.0,0.0,0.0,7.1,28.6,0.0,0.0,7.1,0.0,0.0,7.1,0.0,14.3,0.0,7.1,7.1,7.1,0.0,0.0,7.1,0.0,7.1,0.0,T06,8
YouTube::@ark253,YouTube,1,0,0,0,0,0,0,0,0,0,0,0,0,0,0,0,0,0,0,0,0,0,0,0,0,0,0,0.0,0.0,0.0,0.0,0.0,0.0,0.0,0.0,0.0,0.0,0.0,0.0,0.0,0.0,0.0,0.0,0.0,0.0,0.0,0.0,0.0,0.0,0.0,0.0,0.0,,0
YouTube::@arletteolivera1630,YouTube,1,7,0,0,0,0,0,1,3,0,0,0,0,0,0,0,1,0,0,0,0,0,0,1,1,0,0,0.0,0.0,0.0,0.0,0.0,14.3,42.9,0.0,0.0,0.0,0.0,0.0,0.0,0.0,14.3,0.0,0.0,0.0,0.0,0.0,0.0,14.3,14.3,0.0,0.0,T06,3
YouTube::@armandomoraleshernandez7267,YouTube,1,5,0,0,0,1,0,0,1,0,0,0,1,0,0,0,0,0,0,0,0,0,2,0,0,0,0,0.0,0.0,0.0,20.0,0.0,0.0,20.0,0.0,0.0,0.0,20.0,0.0,0.0,0.0,0.0,0.0,0.0,0.0,0.0,0.0,40.0,0.0,0.0,0.0,0.0,T20,2
YouTube::@arnulfoperezgarcia8329,YouTube,1,12,0,0,0,0,0,0,3,1,1,0,1,0,2,2,1,0,1,0,0,0,0,0,0,0,0,0.0,0.0,0.0,0.0,0.0,0.0,25.0,8.3,8.3,0.0,8.3,0.0,16.7,16.7,8.3,0.0,8.3,0.0,0.0,0.0,0.0,0.0,0.0,0.0,0.0,T06,3
YouTube::@aroflz,YouTube,1,0,0,0,0,0,0,0,0,0,0,0,0,0,0,0,0,0,0,0,0,0,0,0,0,0,0,0.0,0.0,0.0,0.0,0.0,0.0,0.0,0.0,0.0,0.0,0.0,0.0,0.0,0.0,0.0,0.0,0.0,0.0,0.0,0.0,0.0,0.0,0.0,0.0,0.0,,0
YouTube::@arteenpastaflexible1708,YouTube,1,3,0,0,0,0,0,1,2,0,0,0,0,0,0,0,0,0,0,0,0,0,0,0,0,0,0,0.0,0.0,0.0,0.0,0.0,33.3,66.7,0.0,0.0,0.0,0.0,0.0,0.0,0.0,0.0,0.0,0.0,0.0,0.0,0.0,0.0,0.0,0.0,0.0,0.0,T06,2
YouTube::@artemisavirgenvirgen8226,YouTube,1,15,0,0,0,0,4,2,2,0,0,3,0,0,0,0,0,0,0,0,2,1,0,0,0,1,0,0.0,0.0,0.0,0.0,26.7,13.3,13.3,0.0,0.0,20.0,0.0,0.0,0.0,0.0,0.0,0.0,0.0,0.0,13.3,6.7,0.0,0.0,0.0,6.7,0.0,T04,4
YouTube::@arturobarragan3464,YouTube,1,4,0,0,0,0,0,0,0,2,0,0,0,0,0,0,0,0,0,0,0,2,0,0,0,0,0,0.0,0.0,0.0,0.0,0.0,0.0,0.0,50.0,0.0,0.0,0.0,0.0,0.0,0.0,0.0,0.0,0.0,0.0,0.0,50.0,0.0,0.0,0.0,0.0,0.0,T07,2
YouTube::@arturogalindo3399,YouTube,1,4,0,0,0,0,0,0,1,0,0,0,0,0,0,0,2,0,0,1,0,0,0,0,0,0,0,0.0,0.0,0.0,0.0,0.0,0.0,25.0,0.0,0.0,0.0,0.0,0.0,0.0,0.0,50.0,0.0,0.0,25.0,0.0,0.0,0.0,0.0,0.0,0.0,0.0,T14,2
YouTube::@arturohernandez6309,YouTube,1,6,0,0,1,0,1,0,0,0,0,0,0,0,0,0,0,0,0,1,0,0,0,2,1,0,0,0.0,0.0,16.7,0.0,16.7,0.0,0.0,0.0,0.0,0.0,0.0,0.0,0.0,0.0,0.0,0.0,0.0,16.7,0.0,0.0,0.0,33.3,16.7,0.0,0.0,T21,2
YouTube::@arturomares7007,YouTube,1,1,0,0,0,0,0,0,0,0,0,0,0,0,0,1,0,0,0,0,0,0,0,0,0,0,0,0.0,0.0,0.0,0.0,0.0,0.0,0.0,0.0,0.0,0.0,0.0,0.0,0.0,100.0,0.0,0.0,0.0,0.0,0.0,0.0,0.0,0.0,0.0,0.0,0.0,T13,1
YouTube::@arturorodriguez3535,YouTube,1,13,1,1,0,0,2,1,0,1,0,0,0,0,0,0,0,0,0,1,0,0,0,0,6,0,0,7.7,7.7,0.0,0.0,15.4,7.7,0.0,7.7,0.0,0.0,0.0,0.0,0.0,0.0,0.0,0.0,0.0,7.7,0.0,0.0,0.0,0.0,46.2,0.0,0.0,T22,6
YouTube::@arturovaldez1710,YouTube,1,1,0,0,0,0,0,0,1,0,0,0,0,0,0,0,0,0,0,0,0,0,0,0,0,0,0,0.0,0.0,0.0,0.0,0.0,0.0,100.0,0.0,0.0,0.0,0.0,0.0,0.0,0.0,0.0,0.0,0.0,0.0,0.0,0.0,0.0,0.0,0.0,0.0,0.0,T06,1
YouTube::@arturovillegas1044,YouTube,1,4,0,0,0,0,0,0,3,0,0,1,0,0,0,0,0,0,0,0,0,0,0,0,0,0,0,0.0,0.0,0.0,0.0,0.0,0.0,75.0,0.0,0.0,25.0,0.0,0.0,0.0,0.0,0.0,0.0,0.0,0.0,0.0,0.0,0.0,0.0,0.0,0.0,0.0,T06,3
YouTube::@asicomodigounacosadigootra8713,YouTube,1,3,0,0,0,0,0,1,1,0,0,0,0,0,0,0,0,0,0,0,0,0,1,0,0,0,0,0.0,0.0,0.0,0.0,0.0,33.3,33.3,0.0,0.0,0.0,0.0,0.0,0.0,0.0,0.0,0.0,0.0,0.0,0.0,0.0,33.3,0.0,0.0,0.0,0.0,T05,1
YouTube::@astridxr,YouTube,1,12,0,0,0,1,2,1,1,0,0,0,1,1,0,0,1,0,0,2,0,0,0,2,0,0,0,0.0,0.0,0.0,8.3,16.7,8.3,8.3,0.0,0.0,0.0,8.3,8.3,0.0,0.0,8.3,0.0,0.0,16.7,0.0,0.0,0.0,16.7,0.0,0.0,0.0,T04,2
YouTube::@athegrl,YouTube,1,8,0,0,0,1,0,1,3,0,0,0,0,0,0,0,1,0,0,1,0,0,0,0,0,0,1,0.0,0.0,0.0,12.5,0.0,12.5,37.5,0.0,0.0,0.0,0.0,0.0,0.0,0.0,12.5,0.0,0.0,12.5,0.0,0.0,0.0,0.0,0.0,0.0,12.5,T06,3
YouTube::@atzina8207,YouTube,1,11,0,0,0,0,2,0,1,1,0,0,0,0,2,0,0,0,0,0,0,0,0,3,2,0,0,0.0,0.0,0.0,0.0,18.2,0.0,9.1,9.1,0.0,0.0,0.0,0.0,18.2,0.0,0.0,0.0,0.0,0.0,0.0,0.0,0.0,27.3,18.2,0.0,0.0,T21,3
YouTube::@aureliaramos8465,YouTube,1,8,0,0,0,0,0,0,0,1,1,2,0,0,0,0,2,0,0,0,0,0,0,0,2,0,0,0.0,0.0,0.0,0.0,0.0,0.0,0.0,12.5,12.5,25.0,0.0,0.0,0.0,0.0,25.0,0.0,0.0,0.0,0.0,0.0,0.0,0.0,25.0,0.0,0.0,T14,2
YouTube::@aureliocruz6523,YouTube,1,23,0,0,2,1,0,2,6,1,1,0,1,2,1,0,0,1,2,0,1,1,0,0,1,0,0,0.0,0.0,8.7,4.3,0.0,8.7,26.1,4.3,4.3,0.0,4.3,8.7,4.3,0.0,0.0,4.3,8.7,0.0,4.3,4.3,0.0,0.0,4.3,0.0,0.0,T06,6
YouTube::@aurelioramirez1145,YouTube,1,12,0,0,0,1,1,0,4,0,0,0,1,1,1,1,0,1,0,0,0,0,0,0,0,0,1,0.0,0.0,0.0,8.3,8.3,0.0,33.3,0.0,0.0,0.0,8.3,8.3,8.3,8.3,0.0,8.3,0.0,0.0,0.0,0.0,0.0,0.0,0.0,0.0,8.3,T06,4
YouTube::@aureliorivera-r4b,YouTube,1,16,1,0,1,1,0,0,0,0,0,0,1,2,1,2,0,0,0,0,2,1,0,3,1,0,0,6.2,0.0,6.2,6.2,0.0,0.0,0.0,0.0,0.0,0.0,6.2,12.5,6.2,12.5,0.0,0.0,0.0,0.0,12.5,6.2,0.0,18.8,6.2,0.0,0.0,T21,3
YouTube::@avelinavazquez9682,YouTube,1,6,0,1,0,0,1,0,0,0,2,0,0,0,0,0,1,0,0,0,0,0,0,0,1,0,0,0.0,16.7,0.0,0.0,16.7,0.0,0.0,0.0,33.3,0.0,0.0,0.0,0.0,0.0,16.7,0.0,0.0,0.0,0.0,0.0,0.0,0.0,16.7,0.0,0.0,T08,2
YouTube::@axtdxrdre,YouTube,1,2,0,0,0,0,0,0,2,0,0,0,0,0,0,0,0,0,0,0,0,0,0,0,0,0,0,0.0,0.0,0.0,0.0,0.0,0.0,100.0,0.0,0.0,0.0,0.0,0.0,0.0,0.0,0.0,0.0,0.0,0.0,0.0,0.0,0.0,0.0,0.0,0.0,0.0,T06,2
YouTube::@azimut1343,YouTube,1,5,0,0,0,0,0,0,2,0,0,0,0,0,0,0,0,0,0,0,0,0,0,3,0,0,0,0.0,0.0,0.0,0.0,0.0,0.0,40.0,0.0,0.0,0.0,0.0,0.0,0.0,0.0,0.0,0.0,0.0,0.0,0.0,0.0,0.0,60.0,0.0,0.0,0.0,T21,3
YouTube::@azucenabautista5705,YouTube,1,5,0,0,0,0,0,0,1,0,1,2,0,1,0,0,0,0,0,0,0,0,0,0,0,0,0,0.0,0.0,0.0,0.0,0.0,0.0,20.0,0.0,20.0,40.0,0.0,20.0,0.0,0.0,0.0,0.0,0.0,0.0,0.0,0.0,0.0,0.0,0.0,0.0,0.0,T09,2
YouTube::@azucenavalle6767,YouTube,1,0,0,0,0,0,0,0,0,0,0,0,0,0,0,0,0,0,0,0,0,0,0,0,0,0,0,0.0,0.0,0.0,0.0,0.0,0.0,0.0,0.0,0.0,0.0,0.0,0.0,0.0,0.0,0.0,0.0,0.0,0.0,0.0,0.0,0.0,0.0,0.0,0.0,0.0,,0
YouTube::@backfenssen,YouTube,1,4,0,0,0,0,0,0,2,0,0,0,1,0,0,1,0,0,0,0,0,0,0,0,0,0,0,0.0,0.0,0.0,0.0,0.0,0.0,50.0,0.0,0.0,0.0,25.0,0.0,0.0,25.0,0.0,0.0,0.0,0.0,0.0,0.0,0.0,0.0,0.0,0.0,0.0,T06,2
YouTube::@bandalareynadelpuertodesan6912,YouTube,1,1,0,0,0,0,0,0,0,0,0,0,0,0,1,0,0,0,0,0,0,0,0,0,0,0,0,0.0,0.0,0.0,0.0,0.0,0.0,0.0,0.0,0.0,0.0,0.0,0.0,100.0,0.0,0.0,0.0,0.0,0.0,0.0,0.0,0.0,0.0,0.0,0.0,0.0,T12,1
YouTube::@beatrizramirez2594,YouTube,1,2,0,0,0,0,0,0,1,0,0,0,0,0,0,0,0,0,0,0,0,0,0,0,1,0,0,0.0,0.0,0.0,0.0,0.0,0.0,50.0,0.0,0.0,0.0,0.0,0.0,0.0,0.0,0.0,0.0,0.0,0.0,0.0,0.0,0.0,0.0,50.0,0.0,0.0,T22,1
YouTube::@belisariocundapihernandez2404,YouTube,1,4,0,0,0,1,0,1,0,0,0,0,1,1,0,0,0,0,0,0,0,0,0,0,0,0,0,0.0,0.0,0.0,25.0,0.0,25.0,0.0,0.0,0.0,0.0,25.0,25.0,0.0,0.0,0.0,0.0,0.0,0.0,0.0,0.0,0.0,0.0,0.0,0.0,0.0,T05,1
YouTube::@benignocastro161,YouTube,1,3,0,0,0,1,0,0,1,0,0,1,0,0,0,0,0,0,0,0,0,0,0,0,0,0,0,0.0,0.0,0.0,33.3,0.0,0.0,33.3,0.0,0.0,33.3,0.0,0.0,0.0,0.0,0.0,0.0,0.0,0.0,0.0,0.0,0.0,0.0,0.0,0.0,0.0,T03,1
YouTube::@benitomayorga163,YouTube,1,6,0,0,0,0,1,0,2,0,1,0,0,1,0,0,0,0,0,0,1,0,0,0,0,0,0,0.0,0.0,0.0,0.0,16.7,0.0,33.3,0.0,16.7,0.0,0.0,16.7,0.0,0.0,0.0,0.0,0.0,0.0,16.7,0.0,0.0,0.0,0.0,0.0,0.0,T06,2
YouTube::@berthaavilesbastida5252,YouTube,1,12,0,0,0,0,0,0,3,0,0,3,0,1,0,0,2,0,0,0,1,0,0,1,0,0,1,0.0,0.0,0.0,0.0,0.0,0.0,25.0,0.0,0.0,25.0,0.0,8.3,0.0,0.0,16.7,0.0,0.0,0.0,8.3,0.0,0.0,8.3,0.0,0.0,8.3,T09,3
YouTube::@berthamedinacardoso3172,YouTube,1,2,0,0,0,0,0,0,0,1,0,1,0,0,0,0,0,0,0,0,0,0,0,0,0,0,0,0.0,0.0,0.0,0.0,0.0,0.0,0.0,50.0,0.0,50.0,0.0,0.0,0.0,0.0,0.0,0.0,0.0,0.0,0.0,0.0,0.0,0.0,0.0,0.0,0.0,T07,1
YouTube::@berthatolentino6865,YouTube,1,17,0,0,0,1,0,0,5,0,0,1,1,0,1,2,2,1,0,0,0,0,1,2,0,0,0,0.0,0.0,0.0,5.9,0.0,0.0,29.4,0.0,0.0,5.9,5.9,0.0,5.9,11.8,11.8,5.9,0.0,0.0,0.0,0.0,5.9,11.8,0.0,0.0,0.0,T06,5
YouTube::@bethbirai2639,YouTube,1,6,1,0,0,0,2,1,1,0,0,0,0,0,0,1,0,0,0,0,0,0,0,0,0,0,0,16.7,0.0,0.0,0.0,33.3,16.7,16.7,0.0,0.0,0.0,0.0,0.0,0.0,16.7,0.0,0.0,0.0,0.0,0.0,0.0,0.0,0.0,0.0,0.0,0.0,T04,2
YouTube::@betogxrcix,YouTube,1,6,0,0,0,0,0,0,3,0,0,0,0,0,0,1,0,1,0,0,0,0,0,0,0,0,1,0.0,0.0,0.0,0.0,0.0,0.0,50.0,0.0,0.0,0.0,0.0,0.0,0.0,16.7,0.0,16.7,0.0,0.0,0.0,0.0,0.0,0.0,0.0,0.0,16.7,T06,3
YouTube::@bibiestrella7568,YouTube,1,3,0,0,0,0,0,0,0,0,0,0,0,0,0,0,0,0,0,0,0,1,0,0,0,2,0,0.0,0.0,0.0,0.0,0.0,0.0,0.0,0.0,0.0,0.0,0.0,0.0,0.0,0.0,0.0,0.0,0.0,0.0,0.0,33.3,0.0,0.0,0.0,66.7,0.0,T23,2
YouTube::@bimbo99999,YouTube,1,3,0,0,0,1,0,0,0,0,0,0,0,0,1,0,0,0,0,0,1,0,0,0,0,0,0,0.0,0.0,0.0,33.3,0.0,0.0,0.0,0.0,0.0,0.0,0.0,0.0,33.3,0.0,0.0,0.0,0.0,0.0,33.3,0.0,0.0,0.0,0.0,0.0,0.0,T18,1
YouTube::@biolvsr1046,YouTube,2,21,0,0,0,0,0,0,8,0,1,2,0,0,0,0,2,0,0,0,0,1,1,3,3,0,0,0.0,0.0,0.0,0.0,0.0,0.0,38.1,0.0,4.8,9.5,0.0,0.0,0.0,0.0,9.5,0.0,0.0,0.0,0.0,4.8,4.8,14.3,14.3,0.0,0.0,T06,8
YouTube::@blackwitch6009,YouTube,1,8,0,0,0,0,0,0,5,0,1,0,0,1,0,0,0,0,0,0,0,0,1,0,0,0,0,0.0,0.0,0.0,0.0,0.0,0.0,62.5,0.0,12.5,0.0,0.0,12.5,0.0,0.0,0.0,0.0,0.0,0.0,0.0,0.0,12.5,0.0,0.0,0.0,0.0,T06,5
YouTube::@blancaelidaquinteroflores4907,YouTube,1,7,0,0,0,0,0,0,5,0,0,2,0,0,0,0,0,0,0,0,0,0,0,0,0,0,0,0.0,0.0,0.0,0.0,0.0,0.0,71.4,0.0,0.0,28.6,0.0,0.0,0.0,0.0,0.0,0.0,0.0,0.0,0.0,0.0,0.0,0.0,0.0,0.0,0.0,T06,5
YouTube::@blancaesteladelcipres6031,YouTube,1,2,0,0,0,1,0,0,1,0,0,0,0,0,0,0,0,0,0,0,0,0,0,0,0,0,0,0.0,0.0,0.0,50.0,0.0,0.0,50.0,0.0,0.0,0.0,0.0,0.0,0.0,0.0,0.0,0.0,0.0,0.0,0.0,0.0,0.0,0.0,0.0,0.0,0.0,T03,1
YouTube::@blancaestelagarcia-z8y,YouTube,1,3,0,0,0,1,0,1,1,0,0,0,0,0,0,0,0,0,0,0,0,0,0,0,0,0,0,0.0,0.0,0.0,33.3,0.0,33.3,33.3,0.0,0.0,0.0,0.0,0.0,0.0,0.0,0.0,0.0,0.0,0.0,0.0,0.0,0.0,0.0,0.0,0.0,0.0,T03,1
YouTube::@blancagonzalezcastanon2935,YouTube,1,2,0,0,0,0,1,0,0,0,0,0,0,0,0,0,0,0,0,1,0,0,0,0,0,0,0,0.0,0.0,0.0,0.0,50.0,0.0,0.0,0.0,0.0,0.0,0.0,0.0,0.0,0.0,0.0,0.0,0.0,50.0,0.0,0.0,0.0,0.0,0.0,0.0,0.0,T04,1
YouTube::@blancaterrones7323,YouTube,1,4,0,0,0,0,0,0,1,0,0,2,0,0,0,0,0,1,0,0,0,0,0,0,0,0,0,0.0,0.0,0.0,0.0,0.0,0.0,25.0,0.0,0.0,50.0,0.0,0.0,0.0,0.0,0.0,25.0,0.0,0.0,0.0,0.0,0.0,0.0,0.0,0.0,0.0,T09,2
YouTube::@blancavilla7633,YouTube,1,23,0,0,1,0,0,0,11,0,0,1,0,1,4,0,1,1,0,0,0,1,0,0,1,1,0,0.0,0.0,4.3,0.0,0.0,0.0,47.8,0.0,0.0,4.3,0.0,4.3,17.4,0.0,4.3,4.3,0.0,0.0,0.0,4.3,0.0,0.0,4.3,4.3,0.0,T06,11
YouTube::@bonifaciosanchez6564,YouTube,1,12,0,0,1,1,1,0,1,0,0,0,3,0,0,0,0,0,0,0,1,0,0,1,2,0,1,0.0,0.0,8.3,8.3,8.3,0.0,8.3,0.0,0.0,0.0,25.0,0.0,0.0,0.0,0.0,0.0,0.0,0.0,8.3,0.0,0.0,8.3,16.7,0.0,8.3,T10,3
YouTube::@bonnysalinas8875,YouTube,1,2,0,0,0,0,0,0,0,0,0,0,1,0,0,0,0,0,0,1,0,0,0,0,0,0,0,0.0,0.0,0.0,0.0,0.0,0.0,0.0,0.0,0.0,0.0,50.0,0.0,0.0,0.0,0.0,0.0,0.0,50.0,0.0,0.0,0.0,0.0,0.0,0.0,0.0,T10,1
YouTube::@brandoncruz-o9d,YouTube,1,3,0,0,1,0,1,0,0,1,0,0,0,0,0,0,0,0,0,0,0,0,0,0,0,0,0,0.0,0.0,33.3,0.0,33.3,0.0,0.0,33.3,0.0,0.0,0.0,0.0,0.0,0.0,0.0,0.0,0.0,0.0,0.0,0.0,0.0,0.0,0.0,0.0,0.0,T07,1
YouTube::@braulioromo6780,YouTube,1,5,0,0,0,0,0,0,3,0,0,1,0,0,0,0,1,0,0,0,0,0,0,0,0,0,0,0.0,0.0,0.0,0.0,0.0,0.0,60.0,0.0,0.0,20.0,0.0,0.0,0.0,0.0,20.0,0.0,0.0,0.0,0.0,0.0,0.0,0.0,0.0,0.0,0.0,T06,3
YouTube::@braun8803,YouTube,1,14,0,0,1,0,3,1,2,1,3,1,0,0,0,0,0,0,0,1,0,1,0,0,0,0,0,0.0,0.0,7.1,0.0,21.4,7.1,14.3,7.1,21.4,7.1,0.0,0.0,0.0,0.0,0.0,0.0,0.0,7.1,0.0,7.1,0.0,0.0,0.0,0.0,0.0,T04,3
YouTube::@brayantoledo6112,YouTube,1,2,0,0,0,0,0,0,2,0,0,0,0,0,0,0,0,0,0,0,0,0,0,0,0,0,0,0.0,0.0,0.0,0.0,0.0,0.0,100.0,0.0,0.0,0.0,0.0,0.0,0.0,0.0,0.0,0.0,0.0,0.0,0.0,0.0,0.0,0.0,0.0,0.0,0.0,T06,2
YouTube::@breadwater71,YouTube,2,4,0,0,0,0,0,0,2,0,0,0,0,0,0,0,1,0,0,0,1,0,0,0,0,0,0,0.0,0.0,0.0,0.0,0.0,0.0,50.0,0.0,0.0,0.0,0.0,0.0,0.0,0.0,25.0,0.0,0.0,0.0,25.0,0.0,0.0,0.0,0.0,0.0,0.0,T06,2
YouTube::@breramz9310,YouTube,1,5,0,0,0,0,0,0,3,0,1,0,0,0,0,0,0,0,0,0,0,0,1,0,0,0,0,0.0,0.0,0.0,0.0,0.0,0.0,60.0,0.0,20.0,0.0,0.0,0.0,0.0,0.0,0.0,0.0,0.0,0.0,0.0,0.0,20.0,0.0,0.0,0.0,0.0,T06,3
YouTube::@bryanmedina6260,YouTube,1,2,0,0,0,0,0,0,0,0,0,0,0,0,0,0,0,0,0,1,1,0,0,0,0,0,0,0.0,0.0,0.0,0.0,0.0,0.0,0.0,0.0,0.0,0.0,0.0,0.0,0.0,0.0,0.0,0.0,0.0,50.0,50.0,0.0,0.0,0.0,0.0,0.0,0.0,T17,1
YouTube::@buho1975,YouTube,1,2,0,0,0,0,0,0,0,0,0,0,0,0,0,0,0,0,0,0,0,0,0,1,0,0,1,0.0,0.0,0.0,0.0,0.0,0.0,0.0,0.0,0.0,0.0,0.0,0.0,0.0,0.0,0.0,0.0,0.0,0.0,0.0,0.0,0.0,50.0,0.0,0.0,50.0,T21,1
YouTube::@c2021-e6r,YouTube,1,8,0,0,0,1,0,0,1,0,3,0,0,0,0,0,0,0,0,1,0,0,0,0,1,0,1,0.0,0.0,0.0,12.5,0.0,0.0,12.5,0.0,37.5,0.0,0.0,0.0,0.0,0.0,0.0,0.0,0.0,12.5,0.0,0.0,0.0,0.0,12.5,0.0,12.5,T08,3
YouTube::@cachita22,YouTube,2,8,0,0,0,1,2,1,2,0,1,1,0,0,0,0,0,0,0,0,0,0,0,0,0,0,0,0.0,0.0,0.0,12.5,25.0,12.5,25.0,0.0,12.5,12.5,0.0,0.0,0.0,0.0,0.0,0.0,0.0,0.0,0.0,0.0,0.0,0.0,0.0,0.0,0.0,T06,2
YouTube::@calebgonzalez8094,YouTube,1,3,1,0,0,0,0,0,1,0,0,0,0,0,0,1,0,0,0,0,0,0,0,0,0,0,0,33.3,0.0,0.0,0.0,0.0,0.0,33.3,0.0,0.0,0.0,0.0,0.0,0.0,33.3,0.0,0.0,0.0,0.0,0.0,0.0,0.0,0.0,0.0,0.0,0.0,T13,1
YouTube::@calzadacalzada8964,YouTube,1,6,0,0,0,0,0,1,3,0,0,2,0,0,0,0,0,0,0,0,0,0,0,0,0,0,0,0.0,0.0,0.0,0.0,0.0,16.7,50.0,0.0,0.0,33.3,0.0,0.0,0.0,0.0,0.0,0.0,0.0,0.0,0.0,0.0,0.0,0.0,0.0,0.0,0.0,T06,3
YouTube::@camiloromero9971,YouTube,1,16,0,0,0,4,2,0,0,0,1,1,0,0,0,1,2,0,0,0,0,0,0,0,4,1,0,0.0,0.0,0.0,25.0,12.5,0.0,0.0,0.0,6.2,6.2,0.0,0.0,0.0,6.2,12.5,0.0,0.0,0.0,0.0,0.0,0.0,0.0,25.0,6.2,0.0,T22,4
YouTube::@candelariarosascastro8516,YouTube,1,7,0,0,0,0,1,0,1,0,0,0,0,0,0,0,1,0,0,0,0,3,0,1,0,0,0,0.0,0.0,0.0,0.0,14.3,0.0,14.3,0.0,0.0,0.0,0.0,0.0,0.0,0.0,14.3,0.0,0.0,0.0,0.0,42.9,0.0,14.3,0.0,0.0,0.0,T19,3
YouTube::@candyhoney6426,YouTube,1,2,0,0,0,0,0,0,2,0,0,0,0,0,0,0,0,0,0,0,0,0,0,0,0,0,0,0.0,0.0,0.0,0.0,0.0,0.0,100.0,0.0,0.0,0.0,0.0,0.0,0.0,0.0,0.0,0.0,0.0,0.0,0.0,0.0,0.0,0.0,0.0,0.0,0.0,T06,2
YouTube::@carameloxisca3763,YouTube,1,1,0,0,0,1,0,0,0,0,0,0,0,0,0,0,0,0,0,0,0,0,0,0,0,0,0,0.0,0.0,0.0,100.0,0.0,0.0,0.0,0.0,0.0,0.0,0.0,0.0,0.0,0.0,0.0,0.0,0.0,0.0,0.0,0.0,0.0,0.0,0.0,0.0,0.0,T03,1
YouTube::@carlortiz1709,YouTube,1,3,0,0,0,0,0,0,1,1,0,0,1,0,0,0,0,0,0,0,0,0,0,0,0,0,0,0.0,0.0,0.0,0.0,0.0,0.0,33.3,33.3,0.0,0.0,33.3,0.0,0.0,0.0,0.0,0.0,0.0,0.0,0.0,0.0,0.0,0.0,0.0,0.0,0.0,T10,1
YouTube::@carlos.rgz.lpz.93,YouTube,1,1,0,0,0,1,0,0,0,0,0,0,0,0,0,0,0,0,0,0,0,0,0,0,0,0,0,0.0,0.0,0.0,100.0,0.0,0.0,0.0,0.0,0.0,0.0,0.0,0.0,0.0,0.0,0.0,0.0,0.0,0.0,0.0,0.0,0.0,0.0,0.0,0.0,0.0,T03,1
YouTube::@carlosaguiar3129,YouTube,1,5,0,0,0,0,0,0,2,0,0,0,0,0,1,0,0,0,0,0,0,0,1,1,0,0,0,0.0,0.0,0.0,0.0,0.0,0.0,40.0,0.0,0.0,0.0,0.0,0.0,20.0,0.0,0.0,0.0,0.0,0.0,0.0,0.0,20.0,20.0,0.0,0.0,0.0,T06,2
YouTube::@carlosalbertogomezgarcia390,YouTube,1,0,0,0,0,0,0,0,0,0,0,0,0,0,0,0,0,0,0,0,0,0,0,0,0,0,0,0.0,0.0,0.0,0.0,0.0,0.0,0.0,0.0,0.0,0.0,0.0,0.0,0.0,0.0,0.0,0.0,0.0,0.0,0.0,0.0,0.0,0.0,0.0,0.0,0.0,,0
YouTube::@carlosalbertogonzalezgarri7703,YouTube,1,3,0,0,0,0,0,0,2,0,0,0,0,0,0,0,1,0,0,0,0,0,0,0,0,0,0,0.0,0.0,0.0,0.0,0.0,0.0,66.7,0.0,0.0,0.0,0.0,0.0,0.0,0.0,33.3,0.0,0.0,0.0,0.0,0.0,0.0,0.0,0.0,0.0,0.0,T06,2
YouTube::@carlosanaya644,YouTube,1,2,0,0,0,1,0,0,0,0,0,0,0,1,0,0,0,0,0,0,0,0,0,0,0,0,0,0.0,0.0,0.0,50.0,0.0,0.0,0.0,0.0,0.0,0.0,0.0,50.0,0.0,0.0,0.0,0.0,0.0,0.0,0.0,0.0,0.0,0.0,0.0,0.0,0.0,T03,1
YouTube::@carlosbauu4625,YouTube,1,8,0,1,0,0,0,0,1,0,0,0,0,0,1,1,0,0,1,2,0,0,0,0,1,0,0,0.0,12.5,0.0,0.0,0.0,0.0,12.5,0.0,0.0,0.0,0.0,0.0,12.5,12.5,0.0,0.0,12.5,25.0,0.0,0.0,0.0,0.0,12.5,0.0,0.0,T17,2
YouTube::@carlosehernandez4198,YouTube,1,3,0,0,1,0,0,0,0,0,0,0,1,0,0,0,0,0,0,0,0,0,1,0,0,0,0,0.0,0.0,33.3,0.0,0.0,0.0,0.0,0.0,0.0,0.0,33.3,0.0,0.0,0.0,0.0,0.0,0.0,0.0,0.0,0.0,33.3,0.0,0.0,0.0,0.0,T20,1
YouTube::@carlosgamez8319,YouTube,1,7,0,0,0,0,0,0,4,0,0,1,0,0,0,0,1,1,0,0,0,0,0,0,0,0,0,0.0,0.0,0.0,0.0,0.0,0.0,57.1,0.0,0.0,14.3,0.0,0.0,0.0,0.0,14.3,14.3,0.0,0.0,0.0,0.0,0.0,0.0,0.0,0.0,0.0,T06,4
YouTube::@carlosmacedaramirez2941,YouTube,1,55,1,1,1,1,1,1,2,0,9,4,2,0,1,2,3,0,0,3,0,0,2,15,4,1,1,1.8,1.8,1.8,1.8,1.8,1.8,3.6,0.0,16.4,7.3,3.6,0.0,1.8,3.6,5.5,0.0,0.0,5.5,0.0,0.0,3.6,27.3,7.3,1.8,1.8,T21,15
YouTube::@carlosordonezzavalsa6550,YouTube,1,4,0,0,1,0,0,0,0,0,0,0,0,0,0,0,0,0,0,0,0,1,0,1,0,0,1,0.0,0.0,25.0,0.0,0.0,0.0,0.0,0.0,0.0,0.0,0.0,0.0,0.0,0.0,0.0,0.0,0.0,0.0,0.0,25.0,0.0,25.0,0.0,0.0,25.0,T21,1
YouTube::@carlosortiz-fz8tk,YouTube,1,5,0,0,0,0,0,0,4,0,0,0,0,0,0,0,1,0,0,0,0,0,0,0,0,0,0,0.0,0.0,0.0,0.0,0.0,0.0,80.0,0.0,0.0,0.0,0.0,0.0,0.0,0.0,20.0,0.0,0.0,0.0,0.0,0.0,0.0,0.0,0.0,0.0,0.0,T06,4
YouTube::@carlospachano6253,YouTube,1,29,0,0,0,2,1,0,5,0,5,1,1,2,0,1,7,0,0,1,0,0,0,0,1,1,1,0.0,0.0,0.0,6.9,3.4,0.0,17.2,0.0,17.2,3.4,3.4,6.9,0.0,3.4,24.1,0.0,0.0,3.4,0.0,0.0,0.0,0.0,3.4,3.4,3.4,T14,7
YouTube::@carlosquintana6243,YouTube,1,1,0,0,0,0,0,0,0,0,0,0,1,0,0,0,0,0,0,0,0,0,0,0,0,0,0,0.0,0.0,0.0,0.0,0.0,0.0,0.0,0.0,0.0,0.0,100.0,0.0,0.0,0.0,0.0,0.0,0.0,0.0,0.0,0.0,0.0,0.0,0.0,0.0,0.0,T10,1
YouTube::@carlossalinas1286,YouTube,1,2,0,0,0,0,0,0,0,0,0,0,0,1,0,0,0,0,0,0,0,0,0,1,0,0,0,0.0,0.0,0.0,0.0,0.0,0.0,0.0,0.0,0.0,0.0,0.0,50.0,0.0,0.0,0.0,0.0,0.0,0.0,0.0,0.0,0.0,50.0,0.0,0.0,0.0,T11,1
YouTube::@carlosvillegastafoya9713,YouTube,1,5,0,0,0,1,0,0,0,1,0,0,0,1,0,0,0,0,0,0,0,1,0,1,0,0,0,0.0,0.0,0.0,20.0,0.0,0.0,0.0,20.0,0.0,0.0,0.0,20.0,0.0,0.0,0.0,0.0,0.0,0.0,0.0,20.0,0.0,20.0,0.0,0.0,0.0,T11,1
YouTube::@carmencampos9804,YouTube,1,1,0,0,0,0,0,0,0,0,0,0,0,0,0,0,0,0,0,0,0,0,0,1,0,0,0,0.0,0.0,0.0,0.0,0.0,0.0,0.0,0.0,0.0,0.0,0.0,0.0,0.0,0.0,0.0,0.0,0.0,0.0,0.0,0.0,0.0,100.0,0.0,0.0,0.0,T21,1
YouTube::@carmitachable6148,YouTube,1,4,0,0,0,0,1,0,0,1,0,0,0,0,0,1,0,0,0,0,0,0,0,1,0,0,0,0.0,0.0,0.0,0.0,25.0,0.0,0.0,25.0,0.0,0.0,0.0,0.0,0.0,25.0,0.0,0.0,0.0,0.0,0.0,0.0,0.0,25.0,0.0,0.0,0.0,T21,1
YouTube::@carnachlerma3676,YouTube,1,1,0,0,0,0,0,0,1,0,0,0,0,0,0,0,0,0,0,0,0,0,0,0,0,0,0,0.0,0.0,0.0,0.0,0.0,0.0,100.0,0.0,0.0,0.0,0.0,0.0,0.0,0.0,0.0,0.0,0.0,0.0,0.0,0.0,0.0,0.0,0.0,0.0,0.0,T06,1
YouTube::@caro6102,YouTube,1,6,0,0,0,0,0,0,0,0,0,2,1,0,0,0,2,1,0,0,0,0,0,0,0,0,0,0.0,0.0,0.0,0.0,0.0,0.0,0.0,0.0,0.0,33.3,16.7,0.0,0.0,0.0,33.3,16.7,0.0,0.0,0.0,0.0,0.0,0.0,0.0,0.0,0.0,T09,2
YouTube::@carolin-rp5lr,YouTube,1,4,0,0,0,1,0,1,1,0,0,1,0,0,0,0,0,0,0,0,0,0,0,0,0,0,0,0.0,0.0,0.0,25.0,0.0,25.0,25.0,0.0,0.0,25.0,0.0,0.0,0.0,0.0,0.0,0.0,0.0,0.0,0.0,0.0,0.0,0.0,0.0,0.0,0.0,T06,1
YouTube::@carolinaenriquezhdez9382,YouTube,1,5,0,0,0,0,1,0,0,0,0,0,0,0,0,0,0,1,0,0,1,0,0,0,2,0,0,0.0,0.0,0.0,0.0,20.0,0.0,0.0,0.0,0.0,0.0,0.0,0.0,0.0,0.0,0.0,20.0,0.0,0.0,20.0,0.0,0.0,0.0,40.0,0.0,0.0,T22,2
YouTube::@caronteric,YouTube,1,1,0,0,0,0,0,0,0,0,0,0,0,1,0,0,0,0,0,0,0,0,0,0,0,0,0,0.0,0.0,0.0,0.0,0.0,0.0,0.0,0.0,0.0,0.0,0.0,100.0,0.0,0.0,0.0,0.0,0.0,0.0,0.0,0.0,0.0,0.0,0.0,0.0,0.0,T11,1
YouTube::@cartógrafos-f8w,YouTube,1,8,0,0,0,0,0,0,0,0,0,0,0,0,0,0,0,0,0,0,3,0,0,5,0,0,0,0.0,0.0,0.0,0.0,0.0,0.0,0.0,0.0,0.0,0.0,0.0,0.0,0.0,0.0,0.0,0.0,0.0,0.0,37.5,0.0,0.0,62.5,0.0,0.0,0.0,T21,5
YouTube::@casagame-g6r,YouTube,1,13,0,0,0,2,1,2,4,0,0,1,0,0,0,1,1,0,0,0,0,0,1,0,0,0,0,0.0,0.0,0.0,15.4,7.7,15.4,30.8,0.0,0.0,7.7,0.0,0.0,0.0,7.7,7.7,0.0,0.0,0.0,0.0,0.0,7.7,0.0,0.0,0.0,0.0,T06,4
YouTube::@castillojuanjose,YouTube,1,1,0,0,0,0,0,0,0,0,0,0,0,0,0,1,0,0,0,0,0,0,0,0,0,0,0,0.0,0.0,0.0,0.0,0.0,0.0,0.0,0.0,0.0,0.0,0.0,0.0,0.0,100.0,0.0,0.0,0.0,0.0,0.0,0.0,0.0,0.0,0.0,0.0,0.0,T13,1
YouTube::@ceciliamartinez3946,YouTube,1,1,0,0,0,0,0,0,1,0,0,0,0,0,0,0,0,0,0,0,0,0,0,0,0,0,0,0.0,0.0,0.0,0.0,0.0,0.0,100.0,0.0,0.0,0.0,0.0,0.0,0.0,0.0,0.0,0.0,0.0,0.0,0.0,0.0,0.0,0.0,0.0,0.0,0.0,T06,1
YouTube::@cecilianikkenmexico,YouTube,1,11,1,0,0,1,0,0,3,0,0,1,0,0,1,0,0,2,0,2,0,0,0,0,0,0,0,9.1,0.0,0.0,9.1,0.0,0.0,27.3,0.0,0.0,9.1,0.0,0.0,9.1,0.0,0.0,18.2,0.0,18.2,0.0,0.0,0.0,0.0,0.0,0.0,0.0,T06,3
YouTube::@ceciliapartida80,YouTube,1,2,0,0,0,0,0,0,0,0,1,0,0,0,0,0,0,0,0,0,0,0,0,0,1,0,0,0.0,0.0,0.0,0.0,0.0,0.0,0.0,0.0,50.0,0.0,0.0,0.0,0.0,0.0,0.0,0.0,0.0,0.0,0.0,0.0,0.0,0.0,50.0,0.0,0.0,T22,1
YouTube::@cecisancarrillo,YouTube,1,1,0,0,0,0,1,0,0,0,0,0,0,0,0,0,0,0,0,0,0,0,0,0,0,0,0,0.0,0.0,0.0,0.0,100.0,0.0,0.0,0.0,0.0,0.0,0.0,0.0,0.0,0.0,0.0,0.0,0.0,0.0,0.0,0.0,0.0,0.0,0.0,0.0,0.0,T04,1
YouTube::@celiaosorio,YouTube,1,8,0,0,2,0,0,0,0,1,0,0,2,0,0,0,0,0,0,0,0,0,0,2,1,0,0,0.0,0.0,25.0,0.0,0.0,0.0,0.0,12.5,0.0,0.0,25.0,0.0,0.0,0.0,0.0,0.0,0.0,0.0,0.0,0.0,0.0,25.0,12.5,0.0,0.0,T10,2
YouTube::@celiatorres996,YouTube,1,7,0,0,0,0,0,0,1,0,0,0,0,1,0,0,0,0,1,0,1,0,0,2,1,0,0,0.0,0.0,0.0,0.0,0.0,0.0,14.3,0.0,0.0,0.0,0.0,14.3,0.0,0.0,0.0,0.0,14.3,0.0,14.3,0.0,0.0,28.6,14.3,0.0,0.0,T21,2
YouTube::@celinahernandezbarrios9499,YouTube,1,5,0,0,0,1,0,0,0,1,0,0,0,0,0,0,0,0,0,1,0,0,0,0,0,2,0,0.0,0.0,0.0,20.0,0.0,0.0,0.0,20.0,0.0,0.0,0.0,0.0,0.0,0.0,0.0,0.0,0.0,20.0,0.0,0.0,0.0,0.0,0.0,40.0,0.0,T23,2
YouTube::@cesaralcaraz5627,YouTube,1,10,1,0,2,0,0,0,1,0,1,0,1,0,1,0,0,0,0,0,2,0,0,0,0,0,1,10.0,0.0,20.0,0.0,0.0,0.0,10.0,0.0,10.0,0.0,10.0,0.0,10.0,0.0,0.0,0.0,0.0,0.0,20.0,0.0,0.0,0.0,0.0,0.0,10.0,T02,2
YouTube::@cesargarcialepe9483,YouTube,1,8,0,0,0,0,0,0,1,2,1,1,0,0,0,0,0,0,0,0,0,0,0,2,0,1,0,0.0,0.0,0.0,0.0,0.0,0.0,12.5,25.0,12.5,12.5,0.0,0.0,0.0,0.0,0.0,0.0,0.0,0.0,0.0,0.0,0.0,25.0,0.0,12.5,0.0,T07,2
YouTube::@cesarhcastro66,YouTube,1,4,0,0,0,0,0,0,0,0,0,0,1,3,0,0,0,0,0,0,0,0,0,0,0,0,0,0.0,0.0,0.0,0.0,0.0,0.0,0.0,0.0,0.0,0.0,25.0,75.0,0.0,0.0,0.0,0.0,0.0,0.0,0.0,0.0,0.0,0.0,0.0,0.0,0.0,T11,3
YouTube::@cesarortiz1143,YouTube,1,7,0,1,0,0,1,0,1,0,0,0,0,0,0,0,0,0,0,0,1,0,0,2,1,0,0,0.0,14.3,0.0,0.0,14.3,0.0,14.3,0.0,0.0,0.0,0.0,0.0,0.0,0.0,0.0,0.0,0.0,0.0,14.3,0.0,0.0,28.6,14.3,0.0,0.0,T21,2
YouTube::@cesartoledo1561,YouTube,1,5,0,0,0,0,1,0,1,0,0,0,0,0,0,0,0,0,0,1,0,0,0,0,1,1,0,0.0,0.0,0.0,0.0,20.0,0.0,20.0,0.0,0.0,0.0,0.0,0.0,0.0,0.0,0.0,0.0,0.0,20.0,0.0,0.0,0.0,0.0,20.0,20.0,0.0,T06,1
YouTube::@ch.r1romeo112,YouTube,1,6,0,0,1,0,0,0,1,0,0,0,0,1,0,0,0,0,0,0,0,0,1,0,0,0,2,0.0,0.0,16.7,0.0,0.0,0.0,16.7,0.0,0.0,0.0,0.0,16.7,0.0,0.0,0.0,0.0,0.0,0.0,0.0,0.0,16.7,0.0,0.0,0.0,33.3,T24,2
YouTube::@chagalareyes7477,YouTube,1,4,0,0,0,1,0,0,2,0,0,0,0,0,0,0,0,0,0,0,1,0,0,0,0,0,0,0.0,0.0,0.0,25.0,0.0,0.0,50.0,0.0,0.0,0.0,0.0,0.0,0.0,0.0,0.0,0.0,0.0,0.0,25.0,0.0,0.0,0.0,0.0,0.0,0.0,T06,2
YouTube::@charlesriveroll6363,YouTube,1,5,0,0,0,0,2,0,1,0,0,1,1,0,0,0,0,0,0,0,0,0,0,0,0,0,0,0.0,0.0,0.0,0.0,40.0,0.0,20.0,0.0,0.0,20.0,20.0,0.0,0.0,0.0,0.0,0.0,0.0,0.0,0.0,0.0,0.0,0.0,0.0,0.0,0.0,T04,2
YouTube::@chepiramz4140,YouTube,2,5,0,0,0,0,0,1,3,0,0,0,0,0,1,0,0,0,0,0,0,0,0,0,0,0,0,0.0,0.0,0.0,0.0,0.0,20.0,60.0,0.0,0.0,0.0,0.0,0.0,20.0,0.0,0.0,0.0,0.0,0.0,0.0,0.0,0.0,0.0,0.0,0.0,0.0,T06,3
YouTube::@cheposanchez8487,YouTube,2,8,0,0,0,1,0,0,4,0,0,0,0,0,0,0,0,0,0,1,0,0,1,0,1,0,0,0.0,0.0,0.0,12.5,0.0,0.0,50.0,0.0,0.0,0.0,0.0,0.0,0.0,0.0,0.0,0.0,0.0,12.5,0.0,0.0,12.5,0.0,12.5,0.0,0.0,T06,4
YouTube::@chicharrones8355,YouTube,1,7,0,0,0,0,1,1,1,1,1,0,0,0,1,0,0,0,0,0,0,0,0,0,1,0,0,0.0,0.0,0.0,0.0,14.3,14.3,14.3,14.3,14.3,0.0,0.0,0.0,14.3,0.0,0.0,0.0,0.0,0.0,0.0,0.0,0.0,0.0,14.3,0.0,0.0,T08,1
YouTube::@chichotlaiye3994,YouTube,1,11,0,0,0,0,0,0,2,0,3,0,0,0,0,0,0,0,0,0,0,0,0,6,0,0,0,0.0,0.0,0.0,0.0,0.0,0.0,18.2,0.0,27.3,0.0,0.0,0.0,0.0,0.0,0.0,0.0,0.0,0.0,0.0,0.0,0.0,54.5,0.0,0.0,0.0,T21,6
YouTube::@chikipau14,YouTube,1,1,0,0,0,0,0,0,1,0,0,0,0,0,0,0,0,0,0,0,0,0,0,0,0,0,0,0.0,0.0,0.0,0.0,0.0,0.0,100.0,0.0,0.0,0.0,0.0,0.0,0.0,0.0,0.0,0.0,0.0,0.0,0.0,0.0,0.0,0.0,0.0,0.0,0.0,T06,1
YouTube::@chiliwilypb,YouTube,1,7,0,0,0,0,0,0,0,0,0,0,0,0,0,0,0,0,0,0,0,0,0,7,0,0,0,0.0,0.0,0.0,0.0,0.0,0.0,0.0,0.0,0.0,0.0,0.0,0.0,0.0,0.0,0.0,0.0,0.0,0.0,0.0,0.0,0.0,100.0,0.0,0.0,0.0,T21,7
YouTube::@chimichurri260,YouTube,3,14,0,0,0,0,0,2,4,0,0,0,0,0,0,3,0,1,1,0,0,0,0,0,3,0,0,0.0,0.0,0.0,0.0,0.0,14.3,28.6,0.0,0.0,0.0,0.0,0.0,0.0,21.4,0.0,7.1,7.1,0.0,0.0,0.0,0.0,0.0,21.4,0.0,0.0,T06,4
YouTube::@chimuelo749,YouTube,1,13,0,0,0,0,0,1,1,3,0,0,1,2,0,1,2,0,0,1,0,0,1,0,0,0,0,0.0,0.0,0.0,0.0,0.0,7.7,7.7,23.1,0.0,0.0,7.7,15.4,0.0,7.7,15.4,0.0,0.0,7.7,0.0,0.0,7.7,0.0,0.0,0.0,0.0,T07,3
YouTube::@chinnyrox2022,YouTube,1,3,0,0,0,0,0,0,2,0,0,1,0,0,0,0,0,0,0,0,0,0,0,0,0,0,0,0.0,0.0,0.0,0.0,0.0,0.0,66.7,0.0,0.0,33.3,0.0,0.0,0.0,0.0,0.0,0.0,0.0,0.0,0.0,0.0,0.0,0.0,0.0,0.0,0.0,T06,2
YouTube::@choche9068,YouTube,1,5,0,0,0,0,0,0,0,0,1,0,0,0,0,0,0,0,0,0,0,0,1,0,0,3,0,0.0,0.0,0.0,0.0,0.0,0.0,0.0,0.0,20.0,0.0,0.0,0.0,0.0,0.0,0.0,0.0,0.0,0.0,0.0,0.0,20.0,0.0,0.0,60.0,0.0,T23,3
YouTube::@chrismtzpaletastime4203,YouTube,1,3,0,0,0,0,0,0,0,0,1,0,0,0,1,0,0,0,0,0,0,0,0,1,0,0,0,0.0,0.0,0.0,0.0,0.0,0.0,0.0,0.0,33.3,0.0,0.0,0.0,33.3,0.0,0.0,0.0,0.0,0.0,0.0,0.0,0.0,33.3,0.0,0.0,0.0,T12,1
YouTube::@chrissonkgraff13,YouTube,1,1,0,0,0,0,0,0,0,0,0,0,0,0,0,0,0,0,0,0,0,0,0,0,1,0,0,0.0,0.0,0.0,0.0,0.0,0.0,0.0,0.0,0.0,0.0,0.0,0.0,0.0,0.0,0.0,0.0,0.0,0.0,0.0,0.0,0.0,0.0,100.0,0.0,0.0,T22,1
YouTube::@christianalexanderdurantes2820,YouTube,1,3,0,0,0,0,0,0,0,0,0,0,0,0,0,0,0,0,0,0,0,1,0,2,0,0,0,0.0,0.0,0.0,0.0,0.0,0.0,0.0,0.0,0.0,0.0,0.0,0.0,0.0,0.0,0.0,0.0,0.0,0.0,0.0,33.3,0.0,66.7,0.0,0.0,0.0,T21,2
YouTube::@cibanez,YouTube,1,0,0,0,0,0,0,0,0,0,0,0,0,0,0,0,0,0,0,0,0,0,0,0,0,0,0,0.0,0.0,0.0,0.0,0.0,0.0,0.0,0.0,0.0,0.0,0.0,0.0,0.0,0.0,0.0,0.0,0.0,0.0,0.0,0.0,0.0,0.0,0.0,0.0,0.0,,0
YouTube::@cinchvb2856,YouTube,1,10,0,0,0,0,0,0,0,0,0,1,0,0,0,1,1,0,0,1,0,0,1,5,0,0,0,0.0,0.0,0.0,0.0,0.0,0.0,0.0,0.0,0.0,10.0,0.0,0.0,0.0,10.0,10.0,0.0,0.0,10.0,0.0,0.0,10.0,50.0,0.0,0.0,0.0,T21,5
YouTube::@citlalligaviño6262,YouTube,1,1,0,0,0,0,0,0,1,0,0,0,0,0,0,0,0,0,0,0,0,0,0,0,0,0,0,0.0,0.0,0.0,0.0,0.0,0.0,100.0,0.0,0.0,0.0,0.0,0.0,0.0,0.0,0.0,0.0,0.0,0.0,0.0,0.0,0.0,0.0,0.0,0.0,0.0,T06,1
YouTube::@clama7017,YouTube,1,4,0,0,0,0,0,0,2,0,0,0,0,0,0,0,0,0,0,0,0,0,1,1,0,0,0,0.0,0.0,0.0,0.0,0.0,0.0,50.0,0.0,0.0,0.0,0.0,0.0,0.0,0.0,0.0,0.0,0.0,0.0,0.0,0.0,25.0,25.0,0.0,0.0,0.0,T06,2
YouTube::@claudiaaltamirano9348,YouTube,1,3,0,0,0,0,1,0,1,0,0,0,0,0,0,0,0,0,0,0,0,0,0,0,1,0,0,0.0,0.0,0.0,0.0,33.3,0.0,33.3,0.0,0.0,0.0,0.0,0.0,0.0,0.0,0.0,0.0,0.0,0.0,0.0,0.0,0.0,0.0,33.3,0.0,0.0,T04,1
YouTube::@claudiaarrieta9656,YouTube,1,3,0,0,0,1,0,0,2,0,0,0,0,0,0,0,0,0,0,0,0,0,0,0,0,0,0,0.0,0.0,0.0,33.3,0.0,0.0,66.7,0.0,0.0,0.0,0.0,0.0,0.0,0.0,0.0,0.0,0.0,0.0,0.0,0.0,0.0,0.0,0.0,0.0,0.0,T06,2
YouTube::@claudiafabiolacruzaguilar286,YouTube,1,3,0,0,0,1,0,0,0,0,0,2,0,0,0,0,0,0,0,0,0,0,0,0,0,0,0,0.0,0.0,0.0,33.3,0.0,0.0,0.0,0.0,0.0,66.7,0.0,0.0,0.0,0.0,0.0,0.0,0.0,0.0,0.0,0.0,0.0,0.0,0.0,0.0,0.0,T09,2
YouTube::@claudiakitty2283,YouTube,1,9,0,0,0,0,0,0,5,1,0,0,0,1,0,1,1,0,0,0,0,0,0,0,0,0,0,0.0,0.0,0.0,0.0,0.0,0.0,55.6,11.1,0.0,0.0,0.0,11.1,0.0,11.1,11.1,0.0,0.0,0.0,0.0,0.0,0.0,0.0,0.0,0.0,0.0,T06,5
YouTube::@claudiaramos205,YouTube,1,4,0,0,0,1,0,0,0,0,0,0,0,0,0,0,0,0,0,0,1,0,1,0,1,0,0,0.0,0.0,0.0,25.0,0.0,0.0,0.0,0.0,0.0,0.0,0.0,0.0,0.0,0.0,0.0,0.0,0.0,0.0,25.0,0.0,25.0,0.0,25.0,0.0,0.0,T18,1
YouTube::@claudiatalavera6162,YouTube,1,7,0,0,0,0,0,0,0,0,0,0,1,0,0,1,0,0,0,0,0,0,0,3,2,0,0,0.0,0.0,0.0,0.0,0.0,0.0,0.0,0.0,0.0,0.0,14.3,0.0,0.0,14.3,0.0,0.0,0.0,0.0,0.0,0.0,0.0,42.9,28.6,0.0,0.0,T21,3
YouTube::@claudiazavaleta1933,YouTube,1,4,0,0,0,0,1,0,2,0,0,0,0,0,1,0,0,0,0,0,0,0,0,0,0,0,0,0.0,0.0,0.0,0.0,25.0,0.0,50.0,0.0,0.0,0.0,0.0,0.0,25.0,0.0,0.0,0.0,0.0,0.0,0.0,0.0,0.0,0.0,0.0,0.0,0.0,T06,2
YouTube::@cmnweb,YouTube,1,36,1,0,2,1,2,0,9,0,0,1,3,2,2,3,2,0,1,2,0,0,1,3,0,0,1,2.8,0.0,5.6,2.8,5.6,0.0,25.0,0.0,0.0,2.8,8.3,5.6,5.6,8.3,5.6,0.0,2.8,5.6,0.0,0.0,2.8,8.3,0.0,0.0,2.8,T06,9
YouTube::@colmilloforestal646,YouTube,1,3,0,0,1,0,0,0,0,0,0,0,1,1,0,0,0,0,0,0,0,0,0,0,0,0,0,0.0,0.0,33.3,0.0,0.0,0.0,0.0,0.0,0.0,0.0,33.3,33.3,0.0,0.0,0.0,0.0,0.0,0.0,0.0,0.0,0.0,0.0,0.0,0.0,0.0,T02,1
YouTube::@columbarementeriatorres8063,YouTube,1,2,0,0,0,0,0,0,2,0,0,0,0,0,0,0,0,0,0,0,0,0,0,0,0,0,0,0.0,0.0,0.0,0.0,0.0,0.0,100.0,0.0,0.0,0.0,0.0,0.0,0.0,0.0,0.0,0.0,0.0,0.0,0.0,0.0,0.0,0.0,0.0,0.0,0.0,T06,2
YouTube::@concepcioncastro2304,YouTube,1,5,0,0,0,1,0,0,4,0,0,0,0,0,0,0,0,0,0,0,0,0,0,0,0,0,0,0.0,0.0,0.0,20.0,0.0,0.0,80.0,0.0,0.0,0.0,0.0,0.0,0.0,0.0,0.0,0.0,0.0,0.0,0.0,0.0,0.0,0.0,0.0,0.0,0.0,T06,4
YouTube::@concepcionur2291,YouTube,1,7,1,0,0,0,1,0,3,0,0,0,0,0,0,0,1,0,0,0,0,1,0,0,0,0,0,14.3,0.0,0.0,0.0,14.3,0.0,42.9,0.0,0.0,0.0,0.0,0.0,0.0,0.0,14.3,0.0,0.0,0.0,0.0,14.3,0.0,0.0,0.0,0.0,0.0,T06,3
YouTube::@constanzarivera9440,YouTube,1,3,0,0,0,0,0,0,1,0,0,0,0,0,0,0,1,1,0,0,0,0,0,0,0,0,0,0.0,0.0,0.0,0.0,0.0,0.0,33.3,0.0,0.0,0.0,0.0,0.0,0.0,0.0,33.3,33.3,0.0,0.0,0.0,0.0,0.0,0.0,0.0,0.0,0.0,T15,1
YouTube::@consuelovelazquez8647,YouTube,3,7,0,0,0,0,0,1,3,0,1,0,0,0,0,0,0,0,0,0,0,0,0,0,1,0,1,0.0,0.0,0.0,0.0,0.0,14.3,42.9,0.0,14.3,0.0,0.0,0.0,0.0,0.0,0.0,0.0,0.0,0.0,0.0,0.0,0.0,0.0,14.3,0.0,14.3,T06,3
YouTube::@contactosolinco2470,YouTube,1,4,0,0,0,0,0,0,2,0,0,0,0,1,0,0,0,1,0,0,0,0,0,0,0,0,0,0.0,0.0,0.0,0.0,0.0,0.0,50.0,0.0,0.0,0.0,0.0,25.0,0.0,0.0,0.0,25.0,0.0,0.0,0.0,0.0,0.0,0.0,0.0,0.0,0.0,T06,2
YouTube::@coralochoa4333,YouTube,1,26,0,1,0,2,2,3,4,0,0,0,0,0,2,0,4,0,0,1,0,0,1,3,1,1,1,0.0,3.8,0.0,7.7,7.7,11.5,15.4,0.0,0.0,0.0,0.0,0.0,7.7,0.0,15.4,0.0,0.0,3.8,0.0,0.0,3.8,11.5,3.8,3.8,3.8,T06,4
YouTube::@corneliogarcia6689,YouTube,1,5,0,0,0,0,0,0,1,0,1,0,0,0,0,0,0,0,0,1,0,0,2,0,0,0,0,0.0,0.0,0.0,0.0,0.0,0.0,20.0,0.0,20.0,0.0,0.0,0.0,0.0,0.0,0.0,0.0,0.0,20.0,0.0,0.0,40.0,0.0,0.0,0.0,0.0,T20,2
YouTube::@corporativolegal4333,YouTube,2,4,0,0,0,0,1,0,1,0,1,0,0,0,0,0,0,1,0,0,0,0,0,0,0,0,0,0.0,0.0,0.0,0.0,25.0,0.0,25.0,0.0,25.0,0.0,0.0,0.0,0.0,0.0,0.0,25.0,0.0,0.0,0.0,0.0,0.0,0.0,0.0,0.0,0.0,T15,1
YouTube::@cory4333,YouTube,1,3,0,0,0,0,0,0,2,0,0,0,0,0,0,0,0,0,0,0,0,0,1,0,0,0,0,0.0,0.0,0.0,0.0,0.0,0.0,66.7,0.0,0.0,0.0,0.0,0.0,0.0,0.0,0.0,0.0,0.0,0.0,0.0,0.0,33.3,0.0,0.0,0.0,0.0,T06,2
YouTube::@creandovisionboard8867,YouTube,1,2,0,0,0,1,0,0,0,0,0,0,0,0,0,0,0,0,0,0,0,0,0,0,0,0,1,0.0,0.0,0.0,50.0,0.0,0.0,0.0,0.0,0.0,0.0,0.0,0.0,0.0,0.0,0.0,0.0,0.0,0.0,0.0,0.0,0.0,0.0,0.0,0.0,50.0,T24,1
YouTube::@crescenciajarquinelorza4271,YouTube,1,32,0,0,0,3,0,0,8,0,0,1,0,0,5,3,0,6,0,0,1,1,0,3,0,1,0,0.0,0.0,0.0,9.4,0.0,0.0,25.0,0.0,0.0,3.1,0.0,0.0,15.6,9.4,0.0,18.8,0.0,0.0,3.1,3.1,0.0,9.4,0.0,3.1,0.0,T06,8
YouTube::@crisolvera4023,YouTube,1,4,0,0,0,1,0,0,2,0,0,1,0,0,0,0,0,0,0,0,0,0,0,0,0,0,0,0.0,0.0,0.0,25.0,0.0,0.0,50.0,0.0,0.0,25.0,0.0,0.0,0.0,0.0,0.0,0.0,0.0,0.0,0.0,0.0,0.0,0.0,0.0,0.0,0.0,T06,2
YouTube::@cristinapalacios3831,YouTube,1,12,0,0,0,0,0,0,5,0,1,0,0,0,1,1,0,0,1,1,0,0,0,0,0,2,0,0.0,0.0,0.0,0.0,0.0,0.0,41.7,0.0,8.3,0.0,0.0,0.0,8.3,8.3,0.0,0.0,8.3,8.3,0.0,0.0,0.0,0.0,0.0,16.7,0.0,T06,5
YouTube::@cristinasalinas5132,YouTube,1,11,0,0,0,0,0,0,7,0,0,0,1,2,1,0,0,0,0,0,0,0,0,0,0,0,0,0.0,0.0,0.0,0.0,0.0,0.0,63.6,0.0,0.0,0.0,9.1,18.2,9.1,0.0,0.0,0.0,0.0,0.0,0.0,0.0,0.0,0.0,0.0,0.0,0.0,T06,7
YouTube::@cuauhtemoc8350,YouTube,1,28,1,0,1,0,1,0,4,1,0,0,1,1,2,0,0,2,1,1,2,2,2,1,4,1,0,3.6,0.0,3.6,0.0,3.6,0.0,14.3,3.6,0.0,0.0,3.6,3.6,7.1,0.0,0.0,7.1,3.6,3.6,7.1,7.1,7.1,3.6,14.3,3.6,0.0,T06,4
YouTube::@cuevapauli,YouTube,1,3,0,0,0,0,0,0,2,0,0,0,0,1,0,0,0,0,0,0,0,0,0,0,0,0,0,0.0,0.0,0.0,0.0,0.0,0.0,66.7,0.0,0.0,0.0,0.0,33.3,0.0,0.0,0.0,0.0,0.0,0.0,0.0,0.0,0.0,0.0,0.0,0.0,0.0,T06,2
YouTube::@cuorecuore1496,YouTube,1,2,0,0,0,0,0,0,1,0,0,0,0,0,0,0,0,0,0,0,0,0,0,0,1,0,0,0.0,0.0,0.0,0.0,0.0,0.0,50.0,0.0,0.0,0.0,0.0,0.0,0.0,0.0,0.0,0.0,0.0,0.0,0.0,0.0,0.0,0.0,50.0,0.0,0.0,T06,1
YouTube::@cynthiajanetGM,YouTube,1,7,0,0,0,0,1,0,3,0,0,2,0,0,0,0,1,0,0,0,0,0,0,0,0,0,0,0.0,0.0,0.0,0.0,14.3,0.0,42.9,0.0,0.0,28.6,0.0,0.0,0.0,0.0,14.3,0.0,0.0,0.0,0.0,0.0,0.0,0.0,0.0,0.0,0.0,T06,3
YouTube::@dabythdoso5847,YouTube,1,4,0,0,0,0,0,0,0,1,0,0,0,0,0,0,0,0,0,0,0,0,0,0,0,3,0,0.0,0.0,0.0,0.0,0.0,0.0,0.0,25.0,0.0,0.0,0.0,0.0,0.0,0.0,0.0,0.0,0.0,0.0,0.0,0.0,0.0,0.0,0.0,75.0,0.0,T23,3
YouTube::@dager1938,YouTube,1,5,0,0,0,0,0,0,1,0,0,1,0,0,0,0,0,1,0,0,0,1,0,1,0,0,0,0.0,0.0,0.0,0.0,0.0,0.0,20.0,0.0,0.0,20.0,0.0,0.0,0.0,0.0,0.0,20.0,0.0,0.0,0.0,20.0,0.0,20.0,0.0,0.0,0.0,T09,1
YouTube::@dalilasantos-b5e,YouTube,1,6,0,1,1,0,0,0,0,0,0,0,0,0,1,2,0,0,0,0,0,0,0,1,0,0,0,0.0,16.7,16.7,0.0,0.0,0.0,0.0,0.0,0.0,0.0,0.0,0.0,16.7,33.3,0.0,0.0,0.0,0.0,0.0,0.0,0.0,16.7,0.0,0.0,0.0,T13,2
YouTube::@dalilatdc6459,YouTube,1,4,0,0,0,0,0,0,0,0,0,2,1,0,0,0,0,0,0,0,0,0,0,0,1,0,0,0.0,0.0,0.0,0.0,0.0,0.0,0.0,0.0,0.0,50.0,25.0,0.0,0.0,0.0,0.0,0.0,0.0,0.0,0.0,0.0,0.0,0.0,25.0,0.0,0.0,T09,2
YouTube::@damarizmelgosaplata3925,YouTube,1,4,0,0,0,1,0,0,2,0,0,0,0,0,0,0,1,0,0,0,0,0,0,0,0,0,0,0.0,0.0,0.0,25.0,0.0,0.0,50.0,0.0,0.0,0.0,0.0,0.0,0.0,0.0,25.0,0.0,0.0,0.0,0.0,0.0,0.0,0.0,0.0,0.0,0.0,T06,2
YouTube::@danielabermudez939,YouTube,1,5,0,0,0,0,0,0,0,2,0,0,1,0,0,0,0,0,0,0,0,0,0,1,1,0,0,0.0,0.0,0.0,0.0,0.0,0.0,0.0,40.0,0.0,0.0,20.0,0.0,0.0,0.0,0.0,0.0,0.0,0.0,0.0,0.0,0.0,20.0,20.0,0.0,0.0,T07,2
YouTube::@danielalfonso8677,YouTube,2,28,1,0,5,0,0,1,3,0,3,0,2,1,0,0,1,1,0,0,1,0,0,2,5,0,2,3.6,0.0,17.9,0.0,0.0,3.6,10.7,0.0,10.7,0.0,7.1,3.6,0.0,0.0,3.6,3.6,0.0,0.0,3.6,0.0,0.0,7.1,17.9,0.0,7.1,T02,5
YouTube::@danielcasangoespinosa160,YouTube,1,1,0,0,0,0,0,0,1,0,0,0,0,0,0,0,0,0,0,0,0,0,0,0,0,0,0,0.0,0.0,0.0,0.0,0.0,0.0,100.0,0.0,0.0,0.0,0.0,0.0,0.0,0.0,0.0,0.0,0.0,0.0,0.0,0.0,0.0,0.0,0.0,0.0,0.0,T06,1
YouTube::@danielestebansolisesquivel5271,YouTube,1,3,0,0,0,0,0,0,1,0,0,0,0,0,0,0,1,0,0,0,0,1,0,0,0,0,0,0.0,0.0,0.0,0.0,0.0,0.0,33.3,0.0,0.0,0.0,0.0,0.0,0.0,0.0,33.3,0.0,0.0,0.0,0.0,33.3,0.0,0.0,0.0,0.0,0.0,T19,1
YouTube::@danielmunoz-mo9zl,YouTube,1,2,0,0,0,0,0,0,0,0,0,0,0,0,1,0,0,0,0,0,0,0,0,1,0,0,0,0.0,0.0,0.0,0.0,0.0,0.0,0.0,0.0,0.0,0.0,0.0,0.0,50.0,0.0,0.0,0.0,0.0,0.0,0.0,0.0,0.0,50.0,0.0,0.0,0.0,T12,1
YouTube::@danielmunozoficial,YouTube,1,3,0,1,0,0,0,0,2,0,0,0,0,0,0,0,0,0,0,0,0,0,0,0,0,0,0,0.0,33.3,0.0,0.0,0.0,0.0,66.7,0.0,0.0,0.0,0.0,0.0,0.0,0.0,0.0,0.0,0.0,0.0,0.0,0.0,0.0,0.0,0.0,0.0,0.0,T06,2
YouTube::@danieltuzo,YouTube,1,1,0,0,0,0,0,0,0,0,0,0,0,0,0,0,0,1,0,0,0,0,0,0,0,0,0,0.0,0.0,0.0,0.0,0.0,0.0,0.0,0.0,0.0,0.0,0.0,0.0,0.0,0.0,0.0,100.0,0.0,0.0,0.0,0.0,0.0,0.0,0.0,0.0,0.0,T15,1
YouTube::@danieluc5771,YouTube,1,8,0,0,0,0,0,1,2,0,0,0,0,0,0,1,0,0,0,0,0,0,2,1,0,1,0,0.0,0.0,0.0,0.0,0.0,12.5,25.0,0.0,0.0,0.0,0.0,0.0,0.0,12.5,0.0,0.0,0.0,0.0,0.0,0.0,25.0,12.5,0.0,12.5,0.0,T20,2
YouTube::@danubys1,YouTube,1,30,0,1,1,4,0,1,5,0,3,4,1,0,0,1,1,0,0,1,0,2,0,3,1,1,0,0.0,3.3,3.3,13.3,0.0,3.3,16.7,0.0,10.0,13.3,3.3,0.0,0.0,3.3,3.3,0.0,0.0,3.3,0.0,6.7,0.0,10.0,3.3,3.3,0.0,T06,5
YouTube::@danygutierres7876,YouTube,1,5,0,0,0,0,0,0,2,0,0,0,1,0,0,0,0,0,0,0,0,0,1,1,0,0,0,0.0,0.0,0.0,0.0,0.0,0.0,40.0,0.0,0.0,0.0,20.0,0.0,0.0,0.0,0.0,0.0,0.0,0.0,0.0,0.0,20.0,20.0,0.0,0.0,0.0,T06,2
YouTube::@dariocruz-g8j,YouTube,1,4,0,0,0,0,0,0,1,0,0,0,0,1,0,0,0,0,0,0,1,0,1,0,0,0,0,0.0,0.0,0.0,0.0,0.0,0.0,25.0,0.0,0.0,0.0,0.0,25.0,0.0,0.0,0.0,0.0,0.0,0.0,25.0,0.0,25.0,0.0,0.0,0.0,0.0,T18,1
YouTube::@darkstarz.r0754,YouTube,1,15,1,1,0,0,0,0,3,0,2,1,0,0,0,0,1,1,0,0,2,0,0,1,0,1,1,6.7,6.7,0.0,0.0,0.0,0.0,20.0,0.0,13.3,6.7,0.0,0.0,0.0,0.0,6.7,6.7,0.0,0.0,13.3,0.0,0.0,6.7,0.0,6.7,6.7,T06,3
YouTube::@davidaguirre5819,YouTube,3,9,0,0,0,0,1,0,7,0,0,0,0,0,0,0,0,0,0,0,1,0,0,0,0,0,0,0.0,0.0,0.0,0.0,11.1,0.0,77.8,0.0,0.0,0.0,0.0,0.0,0.0,0.0,0.0,0.0,0.0,0.0,11.1,0.0,0.0,0.0,0.0,0.0,0.0,T06,7
YouTube::@davidesquivel-es1iq,YouTube,1,0,0,0,0,0,0,0,0,0,0,0,0,0,0,0,0,0,0,0,0,0,0,0,0,0,0,0.0,0.0,0.0,0.0,0.0,0.0,0.0,0.0,0.0,0.0,0.0,0.0,0.0,0.0,0.0,0.0,0.0,0.0,0.0,0.0,0.0,0.0,0.0,0.0,0.0,,0
YouTube::@davidramirez4112,YouTube,1,0,0,0,0,0,0,0,0,0,0,0,0,0,0,0,0,0,0,0,0,0,0,0,0,0,0,0.0,0.0,0.0,0.0,0.0,0.0,0.0,0.0,0.0,0.0,0.0,0.0,0.0,0.0,0.0,0.0,0.0,0.0,0.0,0.0,0.0,0.0,0.0,0.0,0.0,,0
YouTube::@davidruiz2604,YouTube,1,3,0,0,1,1,0,0,0,0,0,0,0,0,0,0,0,0,0,0,0,0,0,0,1,0,0,0.0,0.0,33.3,33.3,0.0,0.0,0.0,0.0,0.0,0.0,0.0,0.0,0.0,0.0,0.0,0.0,0.0,0.0,0.0,0.0,0.0,0.0,33.3,0.0,0.0,T22,1
YouTube::@davidvaldezaraoz7740,YouTube,1,5,0,0,0,1,0,0,0,0,0,0,1,0,0,0,0,0,0,0,0,0,0,1,1,0,1,0.0,0.0,0.0,20.0,0.0,0.0,0.0,0.0,0.0,0.0,20.0,0.0,0.0,0.0,0.0,0.0,0.0,0.0,0.0,0.0,0.0,20.0,20.0,0.0,20.0,T03,1
YouTube::@deimos-13666l,YouTube,1,2,0,0,0,0,0,0,0,0,0,0,1,0,1,0,0,0,0,0,0,0,0,0,0,0,0,0.0,0.0,0.0,0.0,0.0,0.0,0.0,0.0,0.0,0.0,50.0,0.0,50.0,0.0,0.0,0.0,0.0,0.0,0.0,0.0,0.0,0.0,0.0,0.0,0.0,T12,1
YouTube::@delfinoalvarado8783,YouTube,2,7,0,0,0,0,1,0,0,0,0,0,1,0,0,0,0,0,0,1,0,0,0,3,0,0,1,0.0,0.0,0.0,0.0,14.3,0.0,0.0,0.0,0.0,0.0,14.3,0.0,0.0,0.0,0.0,0.0,0.0,14.3,0.0,0.0,0.0,42.9,0.0,0.0,14.3,T21,3
YouTube::@deliafuenteskat231tv3,YouTube,1,1,0,0,0,0,0,0,1,0,0,0,0,0,0,0,0,0,0,0,0,0,0,0,0,0,0,0.0,0.0,0.0,0.0,0.0,0.0,100.0,0.0,0.0,0.0,0.0,0.0,0.0,0.0,0.0,0.0,0.0,0.0,0.0,0.0,0.0,0.0,0.0,0.0,0.0,T06,1
YouTube::@deliasanchez4700,YouTube,2,14,0,0,0,0,0,0,9,1,0,0,0,0,0,0,0,0,0,0,0,1,0,1,1,1,0,0.0,0.0,0.0,0.0,0.0,0.0,64.3,7.1,0.0,0.0,0.0,0.0,0.0,0.0,0.0,0.0,0.0,0.0,0.0,7.1,0.0,7.1,7.1,7.1,0.0,T06,9
YouTube::@delposs123,YouTube,1,2,0,0,0,1,0,0,0,0,0,0,0,0,0,0,0,0,0,0,0,0,0,1,0,0,0,0.0,0.0,0.0,50.0,0.0,0.0,0.0,0.0,0.0,0.0,0.0,0.0,0.0,0.0,0.0,0.0,0.0,0.0,0.0,0.0,0.0,50.0,0.0,0.0,0.0,T03,1
YouTube::@demianhss6654,YouTube,1,6,0,0,0,0,0,1,2,0,0,2,0,0,0,1,0,0,0,0,0,0,0,0,0,0,0,0.0,0.0,0.0,0.0,0.0,16.7,33.3,0.0,0.0,33.3,0.0,0.0,0.0,16.7,0.0,0.0,0.0,0.0,0.0,0.0,0.0,0.0,0.0,0.0,0.0,T09,2
YouTube::@desimamdesimam2686,YouTube,1,3,0,0,0,0,0,0,0,0,0,0,1,0,0,1,0,0,0,0,0,0,0,0,1,0,0,0.0,0.0,0.0,0.0,0.0,0.0,0.0,0.0,0.0,0.0,33.3,0.0,0.0,33.3,0.0,0.0,0.0,0.0,0.0,0.0,0.0,0.0,33.3,0.0,0.0,T10,1
YouTube::@despachojuridico-m6q,YouTube,1,4,0,0,0,0,0,1,0,0,0,0,0,0,0,0,0,1,0,0,0,0,0,1,1,0,0,0.0,0.0,0.0,0.0,0.0,25.0,0.0,0.0,0.0,0.0,0.0,0.0,0.0,0.0,0.0,25.0,0.0,0.0,0.0,0.0,0.0,25.0,25.0,0.0,0.0,T22,1
YouTube::@deynalildiaz6287,YouTube,1,8,0,0,0,0,1,0,3,0,0,0,0,0,2,0,0,1,1,0,0,0,0,0,0,0,0,0.0,0.0,0.0,0.0,12.5,0.0,37.5,0.0,0.0,0.0,0.0,0.0,25.0,0.0,0.0,12.5,12.5,0.0,0.0,0.0,0.0,0.0,0.0,0.0,0.0,T06,3
YouTube::@dianaC7777,YouTube,1,7,0,0,0,0,0,2,1,0,0,1,0,0,0,2,0,0,0,1,0,0,0,0,0,0,0,0.0,0.0,0.0,0.0,0.0,28.6,14.3,0.0,0.0,14.3,0.0,0.0,0.0,28.6,0.0,0.0,0.0,14.3,0.0,0.0,0.0,0.0,0.0,0.0,0.0,T05,2
YouTube::@dianafox5838,YouTube,1,3,0,0,0,0,0,0,3,0,0,0,0,0,0,0,0,0,0,0,0,0,0,0,0,0,0,0.0,0.0,0.0,0.0,0.0,0.0,100.0,0.0,0.0,0.0,0.0,0.0,0.0,0.0,0.0,0.0,0.0,0.0,0.0,0.0,0.0,0.0,0.0,0.0,0.0,T06,3
YouTube::@diegoabimaelperezvallejo3592,YouTube,1,3,0,0,0,0,1,0,1,0,0,0,0,0,0,0,0,0,0,0,0,0,0,0,1,0,0,0.0,0.0,0.0,0.0,33.3,0.0,33.3,0.0,0.0,0.0,0.0,0.0,0.0,0.0,0.0,0.0,0.0,0.0,0.0,0.0,0.0,0.0,33.3,0.0,0.0,T22,1
YouTube::@diegolr4510,YouTube,1,3,0,0,0,0,0,1,0,0,1,0,0,1,0,0,0,0,0,0,0,0,0,0,0,0,0,0.0,0.0,0.0,0.0,0.0,33.3,0.0,0.0,33.3,0.0,0.0,33.3,0.0,0.0,0.0,0.0,0.0,0.0,0.0,0.0,0.0,0.0,0.0,0.0,0.0,T05,1
YouTube::@diegozuares810,YouTube,1,4,0,0,0,0,0,0,0,0,1,0,0,0,0,0,0,0,0,0,0,0,0,2,0,0,1,0.0,0.0,0.0,0.0,0.0,0.0,0.0,0.0,25.0,0.0,0.0,0.0,0.0,0.0,0.0,0.0,0.0,0.0,0.0,0.0,0.0,50.0,0.0,0.0,25.0,T21,2
YouTube::@diloasekaz,YouTube,1,9,0,0,0,1,0,0,2,0,2,0,0,0,0,0,1,0,1,0,1,0,0,0,1,0,0,0.0,0.0,0.0,11.1,0.0,0.0,22.2,0.0,22.2,0.0,0.0,0.0,0.0,0.0,11.1,0.0,11.1,0.0,11.1,0.0,0.0,0.0,11.1,0.0,0.0,T08,2
YouTube::@djalxcorvis627,YouTube,2,10,0,0,1,0,1,1,5,0,0,0,0,0,0,1,0,0,0,0,0,0,0,0,1,0,0,0.0,0.0,10.0,0.0,10.0,10.0,50.0,0.0,0.0,0.0,0.0,0.0,0.0,10.0,0.0,0.0,0.0,0.0,0.0,0.0,0.0,0.0,10.0,0.0,0.0,T06,5
YouTube::@domingorodriguez6294,YouTube,1,2,0,0,0,0,0,0,1,0,0,0,0,0,0,0,0,0,0,0,0,0,0,1,0,0,0,0.0,0.0,0.0,0.0,0.0,0.0,50.0,0.0,0.0,0.0,0.0,0.0,0.0,0.0,0.0,0.0,0.0,0.0,0.0,0.0,0.0,50.0,0.0,0.0,0.0,T06,1
YouTube::@dora997,YouTube,1,10,0,0,1,0,0,0,0,0,0,1,0,0,2,0,0,1,0,2,1,0,0,1,1,0,0,0.0,0.0,10.0,0.0,0.0,0.0,0.0,0.0,0.0,10.0,0.0,0.0,20.0,0.0,0.0,10.0,0.0,20.0,10.0,0.0,0.0,10.0,10.0,0.0,0.0,T12,2
YouTube::@dorapatriciaperezalvarado6920,YouTube,1,2,0,0,0,0,0,0,0,0,0,0,1,0,0,0,0,0,0,0,0,0,1,0,0,0,0,0.0,0.0,0.0,0.0,0.0,0.0,0.0,0.0,0.0,0.0,50.0,0.0,0.0,0.0,0.0,0.0,0.0,0.0,0.0,0.0,50.0,0.0,0.0,0.0,0.0,T20,1
YouTube::@dorisirene72,YouTube,1,9,0,1,0,0,2,0,2,0,0,0,0,0,2,0,1,0,0,1,0,0,0,0,0,0,0,0.0,11.1,0.0,0.0,22.2,0.0,22.2,0.0,0.0,0.0,0.0,0.0,22.2,0.0,11.1,0.0,0.0,11.1,0.0,0.0,0.0,0.0,0.0,0.0,0.0,T04,2
YouTube::@draalmaelenajoyacervera3437,YouTube,1,25,1,0,0,2,2,1,5,0,1,0,2,1,0,0,0,0,0,2,0,0,1,0,4,3,0,4.0,0.0,0.0,8.0,8.0,4.0,20.0,0.0,4.0,0.0,8.0,4.0,0.0,0.0,0.0,0.0,0.0,8.0,0.0,0.0,4.0,0.0,16.0,12.0,0.0,T06,5
YouTube::@dyd2285,YouTube,1,3,0,0,0,0,1,0,1,0,1,0,0,0,0,0,0,0,0,0,0,0,0,0,0,0,0,0.0,0.0,0.0,0.0,33.3,0.0,33.3,0.0,33.3,0.0,0.0,0.0,0.0,0.0,0.0,0.0,0.0,0.0,0.0,0.0,0.0,0.0,0.0,0.0,0.0,T06,1
YouTube::@edgargarcia6550,YouTube,2,2,0,0,0,0,0,0,0,2,0,0,0,0,0,0,0,0,0,0,0,0,0,0,0,0,0,0.0,0.0,0.0,0.0,0.0,0.0,0.0,100.0,0.0,0.0,0.0,0.0,0.0,0.0,0.0,0.0,0.0,0.0,0.0,0.0,0.0,0.0,0.0,0.0,0.0,T07,2
YouTube::@edgargomes6994,YouTube,1,7,0,0,0,0,0,0,3,0,0,0,0,0,1,0,1,0,0,1,0,0,0,1,0,0,0,0.0,0.0,0.0,0.0,0.0,0.0,42.9,0.0,0.0,0.0,0.0,0.0,14.3,0.0,14.3,0.0,0.0,14.3,0.0,0.0,0.0,14.3,0.0,0.0,0.0,T06,3
YouTube::@edgartejeda4351,YouTube,1,3,0,0,0,0,0,0,0,1,0,0,0,0,0,0,0,0,0,0,1,0,0,1,0,0,0,0.0,0.0,0.0,0.0,0.0,0.0,0.0,33.3,0.0,0.0,0.0,0.0,0.0,0.0,0.0,0.0,0.0,0.0,33.3,0.0,0.0,33.3,0.0,0.0,0.0,T07,1
YouTube::@edithpasillas447,YouTube,1,5,0,0,0,1,0,0,2,0,0,0,0,0,0,1,0,1,0,0,0,0,0,0,0,0,0,0.0,0.0,0.0,20.0,0.0,0.0,40.0,0.0,0.0,0.0,0.0,0.0,0.0,20.0,0.0,20.0,0.0,0.0,0.0,0.0,0.0,0.0,0.0,0.0,0.0,T06,2
YouTube::@edmundomunive8015,YouTube,2,4,2,0,0,0,0,0,2,0,0,0,0,0,0,0,0,0,0,0,0,0,0,0,0,0,0,50.0,0.0,0.0,0.0,0.0,0.0,50.0,0.0,0.0,0.0,0.0,0.0,0.0,0.0,0.0,0.0,0.0,0.0,0.0,0.0,0.0,0.0,0.0,0.0,0.0,T06,2
YouTube::@edu1556,YouTube,1,3,0,0,0,0,0,0,0,0,0,0,0,0,0,0,0,0,1,0,0,0,1,1,0,0,0,0.0,0.0,0.0,0.0,0.0,0.0,0.0,0.0,0.0,0.0,0.0,0.0,0.0,0.0,0.0,0.0,33.3,0.0,0.0,0.0,33.3,33.3,0.0,0.0,0.0,T20,1
YouTube::@eduardoE5252,YouTube,1,35,0,0,1,0,2,1,13,3,2,1,3,0,1,1,1,0,0,0,2,1,2,0,1,0,0,0.0,0.0,2.9,0.0,5.7,2.9,37.1,8.6,5.7,2.9,8.6,0.0,2.9,2.9,2.9,0.0,0.0,0.0,5.7,2.9,5.7,0.0,2.9,0.0,0.0,T06,13
YouTube::@eduardoc.3554,YouTube,1,6,0,0,0,0,0,0,2,0,0,1,0,0,0,0,0,0,0,0,1,0,1,1,0,0,0,0.0,0.0,0.0,0.0,0.0,0.0,33.3,0.0,0.0,16.7,0.0,0.0,0.0,0.0,0.0,0.0,0.0,0.0,16.7,0.0,16.7,16.7,0.0,0.0,0.0,T06,2
YouTube::@eduardocanetas8786,YouTube,1,2,0,0,0,0,0,0,0,0,0,0,0,1,0,0,0,0,0,1,0,0,0,0,0,0,0,0.0,0.0,0.0,0.0,0.0,0.0,0.0,0.0,0.0,0.0,0.0,50.0,0.0,0.0,0.0,0.0,0.0,50.0,0.0,0.0,0.0,0.0,0.0,0.0,0.0,T17,1
YouTube::@eduardoescobedo6214,YouTube,1,4,0,0,0,0,0,0,1,0,0,0,0,0,2,0,0,0,0,0,0,1,0,0,0,0,0,0.0,0.0,0.0,0.0,0.0,0.0,25.0,0.0,0.0,0.0,0.0,0.0,50.0,0.0,0.0,0.0,0.0,0.0,0.0,25.0,0.0,0.0,0.0,0.0,0.0,T12,2
YouTube::@eduardogonzalezrico3784,YouTube,1,2,0,1,0,0,0,0,1,0,0,0,0,0,0,0,0,0,0,0,0,0,0,0,0,0,0,0.0,50.0,0.0,0.0,0.0,0.0,50.0,0.0,0.0,0.0,0.0,0.0,0.0,0.0,0.0,0.0,0.0,0.0,0.0,0.0,0.0,0.0,0.0,0.0,0.0,T06,1
YouTube::@eduardoherrera723,YouTube,1,6,0,0,0,0,0,1,2,0,1,2,0,0,0,0,0,0,0,0,0,0,0,0,0,0,0,0.0,0.0,0.0,0.0,0.0,16.7,33.3,0.0,16.7,33.3,0.0,0.0,0.0,0.0,0.0,0.0,0.0,0.0,0.0,0.0,0.0,0.0,0.0,0.0,0.0,T06,2
YouTube::@eduardojuarez2950,YouTube,1,9,0,0,0,0,0,1,3,0,0,0,0,1,2,0,0,0,0,0,1,0,0,0,1,0,0,0.0,0.0,0.0,0.0,0.0,11.1,33.3,0.0,0.0,0.0,0.0,11.1,22.2,0.0,0.0,0.0,0.0,0.0,11.1,0.0,0.0,0.0,11.1,0.0,0.0,T06,3
YouTube::@eduardomartinezcastillo7245,YouTube,1,2,0,0,0,0,0,0,0,1,1,0,0,0,0,0,0,0,0,0,0,0,0,0,0,0,0,0.0,0.0,0.0,0.0,0.0,0.0,0.0,50.0,50.0,0.0,0.0,0.0,0.0,0.0,0.0,0.0,0.0,0.0,0.0,0.0,0.0,0.0,0.0,0.0,0.0,T07,1
YouTube::@eduardomendoza2094,YouTube,1,6,0,0,0,0,1,0,0,0,0,0,1,2,0,0,0,0,0,1,0,0,0,0,1,0,0,0.0,0.0,0.0,0.0,16.7,0.0,0.0,0.0,0.0,0.0,16.7,33.3,0.0,0.0,0.0,0.0,0.0,16.7,0.0,0.0,0.0,0.0,16.7,0.0,0.0,T11,2
YouTube::@eh1892,YouTube,1,4,0,0,0,0,0,0,2,0,0,0,0,0,0,1,1,0,0,0,0,0,0,0,0,0,0,0.0,0.0,0.0,0.0,0.0,0.0,50.0,0.0,0.0,0.0,0.0,0.0,0.0,25.0,25.0,0.0,0.0,0.0,0.0,0.0,0.0,0.0,0.0,0.0,0.0,T06,2
YouTube::@eiguajardo,YouTube,2,30,0,0,0,0,1,3,11,1,1,0,1,0,0,1,2,0,1,1,0,2,0,4,0,0,1,0.0,0.0,0.0,0.0,3.3,10.0,36.7,3.3,3.3,0.0,3.3,0.0,0.0,3.3,6.7,0.0,3.3,3.3,0.0,6.7,0.0,13.3,0.0,0.0,3.3,T06,11
YouTube::@el.taller.de_ana,YouTube,2,15,0,0,1,0,0,0,1,0,2,0,1,1,1,0,1,0,0,1,1,0,2,2,1,0,0,0.0,0.0,6.7,0.0,0.0,0.0,6.7,0.0,13.3,0.0,6.7,6.7,6.7,0.0,6.7,0.0,0.0,6.7,6.7,0.0,13.3,13.3,6.7,0.0,0.0,T08,2
YouTube::@elFerFierro,YouTube,1,2,0,0,0,0,0,0,0,0,0,0,0,0,0,0,0,0,0,0,0,0,0,1,0,0,1,0.0,0.0,0.0,0.0,0.0,0.0,0.0,0.0,0.0,0.0,0.0,0.0,0.0,0.0,0.0,0.0,0.0,0.0,0.0,0.0,0.0,50.0,0.0,0.0,50.0,T21,1
YouTube::@elacortes1548,YouTube,1,3,0,0,0,0,0,0,2,0,0,0,0,0,0,0,0,0,0,1,0,0,0,0,0,0,0,0.0,0.0,0.0,0.0,0.0,0.0,66.7,0.0,0.0,0.0,0.0,0.0,0.0,0.0,0.0,0.0,0.0,33.3,0.0,0.0,0.0,0.0,0.0,0.0,0.0,T06,2
YouTube::@elbalopez3627,YouTube,1,9,0,0,0,0,0,0,5,0,0,1,0,0,0,1,0,0,0,0,0,0,0,2,0,0,0,0.0,0.0,0.0,0.0,0.0,0.0,55.6,0.0,0.0,11.1,0.0,0.0,0.0,11.1,0.0,0.0,0.0,0.0,0.0,0.0,0.0,22.2,0.0,0.0,0.0,T06,5
YouTube::@eldiablopredicador,YouTube,1,2,0,1,0,0,0,0,1,0,0,0,0,0,0,0,0,0,0,0,0,0,0,0,0,0,0,0.0,50.0,0.0,0.0,0.0,0.0,50.0,0.0,0.0,0.0,0.0,0.0,0.0,0.0,0.0,0.0,0.0,0.0,0.0,0.0,0.0,0.0,0.0,0.0,0.0,T01,1
YouTube::@elenaduranvite7305,YouTube,2,3,0,0,0,2,0,0,0,0,0,0,0,0,0,0,0,0,0,0,0,0,0,0,1,0,0,0.0,0.0,0.0,66.7,0.0,0.0,0.0,0.0,0.0,0.0,0.0,0.0,0.0,0.0,0.0,0.0,0.0,0.0,0.0,0.0,0.0,0.0,33.3,0.0,0.0,T03,2
YouTube::@elenamonteagudo9855,YouTube,1,1,0,0,0,0,0,0,0,0,0,0,0,0,0,1,0,0,0,0,0,0,0,0,0,0,0,0.0,0.0,0.0,0.0,0.0,0.0,0.0,0.0,0.0,0.0,0.0,0.0,0.0,100.0,0.0,0.0,0.0,0.0,0.0,0.0,0.0,0.0,0.0,0.0,0.0,T13,1
YouTube::@elenamorelos7547,YouTube,1,2,0,0,0,1,0,0,1,0,0,0,0,0,0,0,0,0,0,0,0,0,0,0,0,0,0,0.0,0.0,0.0,50.0,0.0,0.0,50.0,0.0,0.0,0.0,0.0,0.0,0.0,0.0,0.0,0.0,0.0,0.0,0.0,0.0,0.0,0.0,0.0,0.0,0.0,T06,1
YouTube::@elenohernandezgayosso6951,YouTube,2,14,0,0,1,0,0,0,1,0,0,0,2,8,0,0,0,0,1,0,0,0,0,0,1,0,0,0.0,0.0,7.1,0.0,0.0,0.0,7.1,0.0,0.0,0.0,14.3,57.1,0.0,0.0,0.0,0.0,7.1,0.0,0.0,0.0,0.0,0.0,7.1,0.0,0.0,T11,8
YouTube::@elheroedelapelicula,YouTube,1,4,0,0,1,0,0,0,0,0,0,0,1,0,0,0,1,0,0,0,0,0,0,0,1,0,0,0.0,0.0,25.0,0.0,0.0,0.0,0.0,0.0,0.0,0.0,25.0,0.0,0.0,0.0,25.0,0.0,0.0,0.0,0.0,0.0,0.0,0.0,25.0,0.0,0.0,T14,1
YouTube::@eliasgutierrez544,YouTube,1,2,0,0,0,0,0,0,1,0,0,0,0,0,0,0,0,0,0,0,0,0,1,0,0,0,0,0.0,0.0,0.0,0.0,0.0,0.0,50.0,0.0,0.0,0.0,0.0,0.0,0.0,0.0,0.0,0.0,0.0,0.0,0.0,0.0,50.0,0.0,0.0,0.0,0.0,T06,1
YouTube::@elidamartinezrojas8956,YouTube,1,8,0,0,0,0,1,0,1,0,0,0,0,0,0,0,1,0,0,0,2,0,0,2,0,1,0,0.0,0.0,0.0,0.0,12.5,0.0,12.5,0.0,0.0,0.0,0.0,0.0,0.0,0.0,12.5,0.0,0.0,0.0,25.0,0.0,0.0,25.0,0.0,12.5,0.0,T21,2
YouTube::@elidee2914,YouTube,1,2,0,0,0,0,0,0,1,0,0,1,0,0,0,0,0,0,0,0,0,0,0,0,0,0,0,0.0,0.0,0.0,0.0,0.0,0.0,50.0,0.0,0.0,50.0,0.0,0.0,0.0,0.0,0.0,0.0,0.0,0.0,0.0,0.0,0.0,0.0,0.0,0.0,0.0,T06,1
YouTube::@eliseosanchez6616,YouTube,1,6,0,0,0,0,0,0,0,0,2,0,0,0,0,0,0,0,0,0,0,0,0,4,0,0,0,0.0,0.0,0.0,0.0,0.0,0.0,0.0,0.0,33.3,0.0,0.0,0.0,0.0,0.0,0.0,0.0,0.0,0.0,0.0,0.0,0.0,66.7,0.0,0.0,0.0,T21,4
YouTube::@elivillicana76,YouTube,1,8,0,1,1,0,0,0,0,0,0,0,1,1,2,0,0,0,0,0,1,0,0,0,0,1,0,0.0,12.5,12.5,0.0,0.0,0.0,0.0,0.0,0.0,0.0,12.5,12.5,25.0,0.0,0.0,0.0,0.0,0.0,12.5,0.0,0.0,0.0,0.0,12.5,0.0,T12,2
YouTube::@elizabethortega9506,YouTube,1,13,0,0,0,0,0,0,0,1,0,0,0,2,1,0,0,0,0,2,1,0,0,5,1,0,0,0.0,0.0,0.0,0.0,0.0,0.0,0.0,7.7,0.0,0.0,0.0,15.4,7.7,0.0,0.0,0.0,0.0,15.4,7.7,0.0,0.0,38.5,7.7,0.0,0.0,T21,5
YouTube::@elizabethvega6379,YouTube,1,1,0,0,0,0,0,0,0,1,0,0,0,0,0,0,0,0,0,0,0,0,0,0,0,0,0,0.0,0.0,0.0,0.0,0.0,0.0,0.0,100.0,0.0,0.0,0.0,0.0,0.0,0.0,0.0,0.0,0.0,0.0,0.0,0.0,0.0,0.0,0.0,0.0,0.0,T07,1
YouTube::@elizamiranda7007,YouTube,1,1,0,0,0,0,0,0,0,0,0,1,0,0,0,0,0,0,0,0,0,0,0,0,0,0,0,0.0,0.0,0.0,0.0,0.0,0.0,0.0,0.0,0.0,100.0,0.0,0.0,0.0,0.0,0.0,0.0,0.0,0.0,0.0,0.0,0.0,0.0,0.0,0.0,0.0,T09,1
YouTube::@eloisatrevizo5103,YouTube,1,5,0,0,0,1,0,0,0,0,0,0,0,0,0,0,2,0,0,0,0,1,0,0,1,0,0,0.0,0.0,0.0,20.0,0.0,0.0,0.0,0.0,0.0,0.0,0.0,0.0,0.0,0.0,40.0,0.0,0.0,0.0,0.0,20.0,0.0,0.0,20.0,0.0,0.0,T14,2
YouTube::@elpajaroquemamaiz9278,YouTube,1,2,0,0,0,0,0,0,0,0,1,1,0,0,0,0,0,0,0,0,0,0,0,0,0,0,0,0.0,0.0,0.0,0.0,0.0,0.0,0.0,0.0,50.0,50.0,0.0,0.0,0.0,0.0,0.0,0.0,0.0,0.0,0.0,0.0,0.0,0.0,0.0,0.0,0.0,T09,1
YouTube::@eltiowodi,YouTube,1,9,0,0,1,0,1,0,3,0,0,0,0,0,0,1,2,1,0,0,0,0,0,0,0,0,0,0.0,0.0,11.1,0.0,11.1,0.0,33.3,0.0,0.0,0.0,0.0,0.0,0.0,11.1,22.2,11.1,0.0,0.0,0.0,0.0,0.0,0.0,0.0,0.0,0.0,T06,3
YouTube::@elviaramirez1883,YouTube,1,4,0,0,0,0,0,0,1,0,0,1,0,0,1,0,0,0,0,0,0,0,0,0,1,0,0,0.0,0.0,0.0,0.0,0.0,0.0,25.0,0.0,0.0,25.0,0.0,0.0,25.0,0.0,0.0,0.0,0.0,0.0,0.0,0.0,0.0,0.0,25.0,0.0,0.0,T06,1
YouTube::@elvirarivera2183,YouTube,1,1,0,0,0,0,0,0,0,0,0,1,0,0,0,0,0,0,0,0,0,0,0,0,0,0,0,0.0,0.0,0.0,0.0,0.0,0.0,0.0,0.0,0.0,100.0,0.0,0.0,0.0,0.0,0.0,0.0,0.0,0.0,0.0,0.0,0.0,0.0,0.0,0.0,0.0,T09,1
YouTube::@elvisbz,YouTube,1,3,0,0,0,0,0,0,0,0,0,0,0,0,0,0,0,0,0,0,0,1,0,0,0,2,0,0.0,0.0,0.0,0.0,0.0,0.0,0.0,0.0,0.0,0.0,0.0,0.0,0.0,0.0,0.0,0.0,0.0,0.0,0.0,33.3,0.0,0.0,0.0,66.7,0.0,T23,2
YouTube::@emartandiron6980,YouTube,1,2,0,0,0,1,0,0,1,0,0,0,0,0,0,0,0,0,0,0,0,0,0,0,0,0,0,0.0,0.0,0.0,50.0,0.0,0.0,50.0,0.0,0.0,0.0,0.0,0.0,0.0,0.0,0.0,0.0,0.0,0.0,0.0,0.0,0.0,0.0,0.0,0.0,0.0,T03,1
YouTube::@emilianacarbonero4728,YouTube,1,2,0,0,0,0,0,0,2,0,0,0,0,0,0,0,0,0,0,0,0,0,0,0,0,0,0,0.0,0.0,0.0,0.0,0.0,0.0,100.0,0.0,0.0,0.0,0.0,0.0,0.0,0.0,0.0,0.0,0.0,0.0,0.0,0.0,0.0,0.0,0.0,0.0,0.0,T06,2
YouTube::@emiliaorozcomaravilla3748,YouTube,1,5,0,0,0,0,0,0,0,0,0,0,0,1,1,0,0,0,0,0,0,0,0,3,0,0,0,0.0,0.0,0.0,0.0,0.0,0.0,0.0,0.0,0.0,0.0,0.0,20.0,20.0,0.0,0.0,0.0,0.0,0.0,0.0,0.0,0.0,60.0,0.0,0.0,0.0,T21,3
YouTube::@emiliavazquezapolinar4582,YouTube,1,6,1,0,1,0,1,0,1,0,0,0,1,0,0,0,0,0,0,0,0,0,0,0,1,0,0,16.7,0.0,16.7,0.0,16.7,0.0,16.7,0.0,0.0,0.0,16.7,0.0,0.0,0.0,0.0,0.0,0.0,0.0,0.0,0.0,0.0,0.0,16.7,0.0,0.0,T06,1
YouTube::@emilomoronescasiano495,YouTube,1,0,0,0,0,0,0,0,0,0,0,0,0,0,0,0,0,0,0,0,0,0,0,0,0,0,0,0.0,0.0,0.0,0.0,0.0,0.0,0.0,0.0,0.0,0.0,0.0,0.0,0.0,0.0,0.0,0.0,0.0,0.0,0.0,0.0,0.0,0.0,0.0,0.0,0.0,,0
YouTube::@emiloorganic1,YouTube,1,4,0,0,0,0,0,0,1,0,1,0,0,0,0,0,0,1,0,0,0,0,1,0,0,0,0,0.0,0.0,0.0,0.0,0.0,0.0,25.0,0.0,25.0,0.0,0.0,0.0,0.0,0.0,0.0,25.0,0.0,0.0,0.0,0.0,25.0,0.0,0.0,0.0,0.0,T06,1
YouTube::@emljmnzhrra9780,YouTube,1,5,0,0,0,0,0,0,3,0,0,0,0,0,0,0,1,0,0,0,0,0,0,0,0,1,0,0.0,0.0,0.0,0.0,0.0,0.0,60.0,0.0,0.0,0.0,0.0,0.0,0.0,0.0,20.0,0.0,0.0,0.0,0.0,0.0,0.0,0.0,0.0,20.0,0.0,T06,3
YouTube::@emmanuelalvarez2512,YouTube,1,7,0,1,0,0,0,0,0,0,0,1,0,0,0,1,0,0,0,0,0,1,0,1,1,0,1,0.0,14.3,0.0,0.0,0.0,0.0,0.0,0.0,0.0,14.3,0.0,0.0,0.0,14.3,0.0,0.0,0.0,0.0,0.0,14.3,0.0,14.3,14.3,0.0,14.3,T22,1
YouTube::@emmanuelguevara2894,YouTube,1,4,0,0,0,0,0,0,2,0,0,0,0,0,0,0,0,0,0,0,0,0,0,1,1,0,0,0.0,0.0,0.0,0.0,0.0,0.0,50.0,0.0,0.0,0.0,0.0,0.0,0.0,0.0,0.0,0.0,0.0,0.0,0.0,0.0,0.0,25.0,25.0,0.0,0.0,T06,2
YouTube::@emylelektro,YouTube,1,2,0,0,0,0,0,0,0,1,0,0,1,0,0,0,0,0,0,0,0,0,0,0,0,0,0,0.0,0.0,0.0,0.0,0.0,0.0,0.0,50.0,0.0,0.0,50.0,0.0,0.0,0.0,0.0,0.0,0.0,0.0,0.0,0.0,0.0,0.0,0.0,0.0,0.0,T10,1
YouTube::@enahu91,YouTube,1,49,3,0,5,0,1,2,2,3,0,0,7,0,2,0,0,2,3,2,2,0,1,1,4,2,7,6.1,0.0,10.2,0.0,2.0,4.1,4.1,6.1,0.0,0.0,14.3,0.0,4.1,0.0,0.0,4.1,6.1,4.1,4.1,0.0,2.0,2.0,8.2,4.1,14.3,T10,7
YouTube::@enriquebaron8858,YouTube,1,6,0,0,0,0,0,0,0,0,3,0,0,0,0,0,1,0,0,0,0,0,1,1,0,0,0,0.0,0.0,0.0,0.0,0.0,0.0,0.0,0.0,50.0,0.0,0.0,0.0,0.0,0.0,16.7,0.0,0.0,0.0,0.0,0.0,16.7,16.7,0.0,0.0,0.0,T08,3
YouTube::@enriquegarza8243,YouTube,1,6,0,0,1,0,0,0,0,0,1,0,0,0,0,0,0,0,0,0,0,0,0,4,0,0,0,0.0,0.0,16.7,0.0,0.0,0.0,0.0,0.0,16.7,0.0,0.0,0.0,0.0,0.0,0.0,0.0,0.0,0.0,0.0,0.0,0.0,66.7,0.0,0.0,0.0,T21,4
YouTube::@enriquegomez8952,YouTube,1,2,0,0,0,0,0,0,0,1,0,0,0,0,0,0,0,0,0,0,0,0,0,0,0,1,0,0.0,0.0,0.0,0.0,0.0,0.0,0.0,50.0,0.0,0.0,0.0,0.0,0.0,0.0,0.0,0.0,0.0,0.0,0.0,0.0,0.0,0.0,0.0,50.0,0.0,T23,1
YouTube::@enriquem2803,YouTube,1,5,0,0,0,0,1,0,0,0,0,0,0,0,0,0,0,0,0,0,0,0,1,3,0,0,0,0.0,0.0,0.0,0.0,20.0,0.0,0.0,0.0,0.0,0.0,0.0,0.0,0.0,0.0,0.0,0.0,0.0,0.0,0.0,0.0,20.0,60.0,0.0,0.0,0.0,T21,3
YouTube::@enriquerivas4068,YouTube,1,2,0,0,0,0,0,0,0,0,0,1,0,0,0,0,0,1,0,0,0,0,0,0,0,0,0,0.0,0.0,0.0,0.0,0.0,0.0,0.0,0.0,0.0,50.0,0.0,0.0,0.0,0.0,0.0,50.0,0.0,0.0,0.0,0.0,0.0,0.0,0.0,0.0,0.0,T09,1
YouTube::@enriquetareynoso9234,YouTube,1,2,0,0,0,0,0,0,2,0,0,0,0,0,0,0,0,0,0,0,0,0,0,0,0,0,0,0.0,0.0,0.0,0.0,0.0,0.0,100.0,0.0,0.0,0.0,0.0,0.0,0.0,0.0,0.0,0.0,0.0,0.0,0.0,0.0,0.0,0.0,0.0,0.0,0.0,T06,2
YouTube::@enriqueymarisol1,YouTube,1,24,0,1,0,2,1,0,6,0,1,0,1,2,0,1,1,0,1,0,0,2,0,1,2,0,2,0.0,4.2,0.0,8.3,4.2,0.0,25.0,0.0,4.2,0.0,4.2,8.3,0.0,4.2,4.2,0.0,4.2,0.0,0.0,8.3,0.0,4.2,8.3,0.0,8.3,T06,6
YouTube::@erabaitbro3927,YouTube,1,21,0,0,1,0,3,2,5,0,1,1,0,1,0,1,0,0,0,1,0,0,0,1,2,1,1,0.0,0.0,4.8,0.0,14.3,9.5,23.8,0.0,4.8,4.8,0.0,4.8,0.0,4.8,0.0,0.0,0.0,4.8,0.0,0.0,0.0,4.8,9.5,4.8,4.8,T06,5
YouTube::@erdvilla,YouTube,1,12,0,0,0,1,1,0,0,0,2,0,1,0,0,1,0,1,0,0,0,0,1,2,1,0,1,0.0,0.0,0.0,8.3,8.3,0.0,0.0,0.0,16.7,0.0,8.3,0.0,0.0,8.3,0.0,8.3,0.0,0.0,0.0,0.0,8.3,16.7,8.3,0.0,8.3,T21,2
YouTube::@erebosart4379,YouTube,1,14,1,1,1,0,1,1,3,1,0,1,0,2,1,1,0,0,0,0,0,0,0,0,0,0,0,7.1,7.1,7.1,0.0,7.1,7.1,21.4,7.1,0.0,7.1,0.0,14.3,7.1,7.1,0.0,0.0,0.0,0.0,0.0,0.0,0.0,0.0,0.0,0.0,0.0,T06,3
YouTube::@erickaramirezsoto5256,YouTube,1,2,0,0,0,0,0,0,0,0,0,0,0,0,0,0,0,0,0,0,0,1,0,0,0,1,0,0.0,0.0,0.0,0.0,0.0,0.0,0.0,0.0,0.0,0.0,0.0,0.0,0.0,0.0,0.0,0.0,0.0,0.0,0.0,50.0,0.0,0.0,0.0,50.0,0.0,T23,1
YouTube::@erickguajardo-gh5kf,YouTube,1,2,0,0,0,0,0,0,1,0,0,1,0,0,0,0,0,0,0,0,0,0,0,0,0,0,0,0.0,0.0,0.0,0.0,0.0,0.0,50.0,0.0,0.0,50.0,0.0,0.0,0.0,0.0,0.0,0.0,0.0,0.0,0.0,0.0,0.0,0.0,0.0,0.0,0.0,T09,1
YouTube::@erickonerbernardinoxxx7012,YouTube,1,2,0,0,0,0,0,0,0,0,0,0,1,0,0,0,0,0,0,0,1,0,0,0,0,0,0,0.0,0.0,0.0,0.0,0.0,0.0,0.0,0.0,0.0,0.0,50.0,0.0,0.0,0.0,0.0,0.0,0.0,0.0,50.0,0.0,0.0,0.0,0.0,0.0,0.0,T10,1
YouTube::@erikanataliaglez6112,YouTube,1,2,0,0,1,0,0,0,1,0,0,0,0,0,0,0,0,0,0,0,0,0,0,0,0,0,0,0.0,0.0,50.0,0.0,0.0,0.0,50.0,0.0,0.0,0.0,0.0,0.0,0.0,0.0,0.0,0.0,0.0,0.0,0.0,0.0,0.0,0.0,0.0,0.0,0.0,T06,1
YouTube::@erikdanielguerrerodejesus6766,YouTube,1,2,0,0,0,0,0,0,0,0,0,0,1,0,0,0,0,0,1,0,0,0,0,0,0,0,0,0.0,0.0,0.0,0.0,0.0,0.0,0.0,0.0,0.0,0.0,50.0,0.0,0.0,0.0,0.0,0.0,50.0,0.0,0.0,0.0,0.0,0.0,0.0,0.0,0.0,T10,1
YouTube::@erikgabrielm9571,YouTube,1,2,0,0,0,0,0,0,2,0,0,0,0,0,0,0,0,0,0,0,0,0,0,0,0,0,0,0.0,0.0,0.0,0.0,0.0,0.0,100.0,0.0,0.0,0.0,0.0,0.0,0.0,0.0,0.0,0.0,0.0,0.0,0.0,0.0,0.0,0.0,0.0,0.0,0.0,T06,2
YouTube::@erivanros,YouTube,1,10,0,0,0,0,1,0,3,0,0,1,0,0,0,0,3,0,0,0,0,0,0,2,0,0,0,0.0,0.0,0.0,0.0,10.0,0.0,30.0,0.0,0.0,10.0,0.0,0.0,0.0,0.0,30.0,0.0,0.0,0.0,0.0,0.0,0.0,20.0,0.0,0.0,0.0,T14,3
YouTube::@ernestomarquez3216,YouTube,1,11,0,0,0,0,1,0,1,0,0,1,0,1,0,1,0,0,0,1,0,0,0,4,1,0,0,0.0,0.0,0.0,0.0,9.1,0.0,9.1,0.0,0.0,9.1,0.0,9.1,0.0,9.1,0.0,0.0,0.0,9.1,0.0,0.0,0.0,36.4,9.1,0.0,0.0,T21,4
YouTube::@esencianueva9,YouTube,1,6,0,0,0,0,2,0,2,0,0,0,0,0,0,0,0,1,0,1,0,0,0,0,0,0,0,0.0,0.0,0.0,0.0,33.3,0.0,33.3,0.0,0.0,0.0,0.0,0.0,0.0,0.0,0.0,16.7,0.0,16.7,0.0,0.0,0.0,0.0,0.0,0.0,0.0,T04,2
YouTube::@esmeraldamedina1607,YouTube,1,9,0,0,0,1,0,0,2,0,0,2,1,0,0,0,1,1,0,0,0,0,1,0,0,0,0,0.0,0.0,0.0,11.1,0.0,0.0,22.2,0.0,0.0,22.2,11.1,0.0,0.0,0.0,11.1,11.1,0.0,0.0,0.0,0.0,11.1,0.0,0.0,0.0,0.0,T06,2
YouTube::@esmeraldaosorio608,YouTube,1,1,0,0,0,0,0,0,1,0,0,0,0,0,0,0,0,0,0,0,0,0,0,0,0,0,0,0.0,0.0,0.0,0.0,0.0,0.0,100.0,0.0,0.0,0.0,0.0,0.0,0.0,0.0,0.0,0.0,0.0,0.0,0.0,0.0,0.0,0.0,0.0,0.0,0.0,T06,1
YouTube::@esovidastill,YouTube,2,2,0,0,0,0,0,0,0,0,0,0,0,0,0,0,0,0,0,0,0,0,0,2,0,0,0,0.0,0.0,0.0,0.0,0.0,0.0,0.0,0.0,0.0,0.0,0.0,0.0,0.0,0.0,0.0,0.0,0.0,0.0,0.0,0.0,0.0,100.0,0.0,0.0,0.0,T21,2
YouTube::@esperanzagamboa7365,YouTube,1,7,0,0,0,0,1,0,2,0,1,0,0,0,0,0,1,0,0,0,0,0,0,2,0,0,0,0.0,0.0,0.0,0.0,14.3,0.0,28.6,0.0,14.3,0.0,0.0,0.0,0.0,0.0,14.3,0.0,0.0,0.0,0.0,0.0,0.0,28.6,0.0,0.0,0.0,T06,2
YouTube::@esperanzamaresrincon8135,YouTube,1,5,0,0,0,0,0,0,2,0,0,1,0,0,0,0,0,0,0,0,0,1,0,1,0,0,0,0.0,0.0,0.0,0.0,0.0,0.0,40.0,0.0,0.0,20.0,0.0,0.0,0.0,0.0,0.0,0.0,0.0,0.0,0.0,20.0,0.0,20.0,0.0,0.0,0.0,T06,2
YouTube::@estanislaolazcanocastelan90,YouTube,1,10,0,0,0,1,3,0,2,0,0,0,1,0,0,1,0,0,0,0,0,0,0,1,0,0,1,0.0,0.0,0.0,10.0,30.0,0.0,20.0,0.0,0.0,0.0,10.0,0.0,0.0,10.0,0.0,0.0,0.0,0.0,0.0,0.0,0.0,10.0,0.0,0.0,10.0,T04,3
YouTube::@estebanpablo1350,YouTube,1,2,0,0,0,0,2,0,0,0,0,0,0,0,0,0,0,0,0,0,0,0,0,0,0,0,0,0.0,0.0,0.0,0.0,100.0,0.0,0.0,0.0,0.0,0.0,0.0,0.0,0.0,0.0,0.0,0.0,0.0,0.0,0.0,0.0,0.0,0.0,0.0,0.0,0.0,T04,2
YouTube::@estefaniavaldes9682,YouTube,1,2,0,0,0,0,0,0,2,0,0,0,0,0,0,0,0,0,0,0,0,0,0,0,0,0,0,0.0,0.0,0.0,0.0,0.0,0.0,100.0,0.0,0.0,0.0,0.0,0.0,0.0,0.0,0.0,0.0,0.0,0.0,0.0,0.0,0.0,0.0,0.0,0.0,0.0,T06,2
YouTube::@estefanyanayuscangasalomon6524,YouTube,2,10,0,0,0,1,0,1,4,0,0,2,0,0,0,0,0,0,0,0,0,0,0,0,2,0,0,0.0,0.0,0.0,10.0,0.0,10.0,40.0,0.0,0.0,20.0,0.0,0.0,0.0,0.0,0.0,0.0,0.0,0.0,0.0,0.0,0.0,0.0,20.0,0.0,0.0,T06,4
YouTube::@estelagomez3006,YouTube,1,3,0,0,0,0,0,1,0,0,0,0,0,1,0,0,0,0,0,0,0,0,0,1,0,0,0,0.0,0.0,0.0,0.0,0.0,33.3,0.0,0.0,0.0,0.0,0.0,33.3,0.0,0.0,0.0,0.0,0.0,0.0,0.0,0.0,0.0,33.3,0.0,0.0,0.0,T21,1
YouTube::@esterconstanzo6290,YouTube,1,6,0,0,0,1,0,1,3,0,0,0,0,0,0,0,0,0,0,0,1,0,0,0,0,0,0,0.0,0.0,0.0,16.7,0.0,16.7,50.0,0.0,0.0,0.0,0.0,0.0,0.0,0.0,0.0,0.0,0.0,0.0,16.7,0.0,0.0,0.0,0.0,0.0,0.0,T06,3
YouTube::@esthergonzalez1470,YouTube,1,3,0,0,0,0,0,0,1,0,0,1,0,0,0,0,1,0,0,0,0,0,0,0,0,0,0,0.0,0.0,0.0,0.0,0.0,0.0,33.3,0.0,0.0,33.3,0.0,0.0,0.0,0.0,33.3,0.0,0.0,0.0,0.0,0.0,0.0,0.0,0.0,0.0,0.0,T06,1
YouTube::@esthermaganatorres9709,YouTube,2,6,0,0,0,0,0,0,3,0,0,2,0,0,0,0,0,0,0,0,1,0,0,0,0,0,0,0.0,0.0,0.0,0.0,0.0,0.0,50.0,0.0,0.0,33.3,0.0,0.0,0.0,0.0,0.0,0.0,0.0,0.0,16.7,0.0,0.0,0.0,0.0,0.0,0.0,T06,3
YouTube::@estherrecio58,YouTube,1,2,0,0,0,0,0,0,0,0,1,0,0,0,0,0,0,0,0,0,1,0,0,0,0,0,0,0.0,0.0,0.0,0.0,0.0,0.0,0.0,0.0,50.0,0.0,0.0,0.0,0.0,0.0,0.0,0.0,0.0,0.0,50.0,0.0,0.0,0.0,0.0,0.0,0.0,T18,1
YouTube::@estuardogiordani-co9yw,YouTube,1,4,0,0,0,0,1,0,0,0,1,0,1,0,0,0,0,0,0,1,0,0,0,0,0,0,0,0.0,0.0,0.0,0.0,25.0,0.0,0.0,0.0,25.0,0.0,25.0,0.0,0.0,0.0,0.0,0.0,0.0,25.0,0.0,0.0,0.0,0.0,0.0,0.0,0.0,T08,1
YouTube::@eugeneolsonjimenez4600,YouTube,1,28,0,0,0,0,1,0,8,0,0,4,3,1,2,3,2,0,0,0,0,0,1,1,1,1,0,0.0,0.0,0.0,0.0,3.6,0.0,28.6,0.0,0.0,14.3,10.7,3.6,7.1,10.7,7.1,0.0,0.0,0.0,0.0,0.0,3.6,3.6,3.6,3.6,0.0,T06,8
YouTube::@eugeniolinares1095,YouTube,1,4,0,0,0,0,0,0,1,0,1,1,0,0,0,0,0,0,0,0,0,0,1,0,0,0,0,0.0,0.0,0.0,0.0,0.0,0.0,25.0,0.0,25.0,25.0,0.0,0.0,0.0,0.0,0.0,0.0,0.0,0.0,0.0,0.0,25.0,0.0,0.0,0.0,0.0,T06,1
YouTube::@eunicejimenez3531,YouTube,1,3,0,0,0,0,0,0,0,0,0,0,0,0,0,0,0,0,0,0,0,1,0,0,0,2,0,0.0,0.0,0.0,0.0,0.0,0.0,0.0,0.0,0.0,0.0,0.0,0.0,0.0,0.0,0.0,0.0,0.0,0.0,0.0,33.3,0.0,0.0,0.0,66.7,0.0,T23,2
YouTube::@eunicemedina7588,YouTube,1,7,0,0,1,0,1,0,4,0,0,0,0,0,0,0,0,0,0,0,0,0,0,0,0,0,1,0.0,0.0,14.3,0.0,14.3,0.0,57.1,0.0,0.0,0.0,0.0,0.0,0.0,0.0,0.0,0.0,0.0,0.0,0.0,0.0,0.0,0.0,0.0,0.0,14.3,T06,4
YouTube::@evaescobedomontano1722,YouTube,1,6,0,0,0,0,0,0,1,0,0,0,0,1,0,0,0,2,0,1,0,0,0,1,0,0,0,0.0,0.0,0.0,0.0,0.0,0.0,16.7,0.0,0.0,0.0,0.0,16.7,0.0,0.0,0.0,33.3,0.0,16.7,0.0,0.0,0.0,16.7,0.0,0.0,0.0,T15,2
YouTube::@evafranciwco6542,YouTube,1,7,0,0,0,1,1,0,0,0,0,1,1,1,0,0,0,0,0,0,0,0,0,1,1,0,0,0.0,0.0,0.0,14.3,14.3,0.0,0.0,0.0,0.0,14.3,14.3,14.3,0.0,0.0,0.0,0.0,0.0,0.0,0.0,0.0,0.0,14.3,14.3,0.0,0.0,T11,1
YouTube::@evalopez2690,YouTube,1,7,0,0,0,0,0,0,4,0,0,0,1,0,0,0,1,0,0,0,0,0,0,1,0,0,0,0.0,0.0,0.0,0.0,0.0,0.0,57.1,0.0,0.0,0.0,14.3,0.0,0.0,0.0,14.3,0.0,0.0,0.0,0.0,0.0,0.0,14.3,0.0,0.0,0.0,T06,4
YouTube::@evanndiaz3756,YouTube,1,9,0,1,0,0,1,0,3,1,0,1,0,0,0,0,1,0,0,1,0,0,0,0,0,0,0,0.0,11.1,0.0,0.0,11.1,0.0,33.3,11.1,0.0,11.1,0.0,0.0,0.0,0.0,11.1,0.0,0.0,11.1,0.0,0.0,0.0,0.0,0.0,0.0,0.0,T06,3
YouTube::@evarubio9399,YouTube,1,9,0,1,0,0,1,0,2,0,0,1,0,1,1,1,0,1,0,0,0,0,0,0,0,0,0,0.0,11.1,0.0,0.0,11.1,0.0,22.2,0.0,0.0,11.1,0.0,11.1,11.1,11.1,0.0,11.1,0.0,0.0,0.0,0.0,0.0,0.0,0.0,0.0,0.0,T06,2
YouTube::@eveliadelgado5803,YouTube,1,10,0,1,1,0,2,0,2,0,0,0,1,0,0,0,0,0,0,0,1,0,0,1,1,0,0,0.0,10.0,10.0,0.0,20.0,0.0,20.0,0.0,0.0,0.0,10.0,0.0,0.0,0.0,0.0,0.0,0.0,0.0,10.0,0.0,0.0,10.0,10.0,0.0,0.0,T04,2
YouTube::@everardosolano9585,YouTube,1,4,0,0,0,0,0,0,2,0,0,0,0,0,0,0,0,0,0,1,0,0,1,0,0,0,0,0.0,0.0,0.0,0.0,0.0,0.0,50.0,0.0,0.0,0.0,0.0,0.0,0.0,0.0,0.0,0.0,0.0,25.0,0.0,0.0,25.0,0.0,0.0,0.0,0.0,T06,2
YouTube::@evizcayno,YouTube,1,1,0,0,0,0,0,1,0,0,0,0,0,0,0,0,0,0,0,0,0,0,0,0,0,0,0,0.0,0.0,0.0,0.0,0.0,100.0,0.0,0.0,0.0,0.0,0.0,0.0,0.0,0.0,0.0,0.0,0.0,0.0,0.0,0.0,0.0,0.0,0.0,0.0,0.0,T05,1
YouTube::@exceldrop3386,YouTube,1,0,0,0,0,0,0,0,0,0,0,0,0,0,0,0,0,0,0,0,0,0,0,0,0,0,0,0.0,0.0,0.0,0.0,0.0,0.0,0.0,0.0,0.0,0.0,0.0,0.0,0.0,0.0,0.0,0.0,0.0,0.0,0.0,0.0,0.0,0.0,0.0,0.0,0.0,,0
YouTube::@ez1Z5706,YouTube,1,2,0,1,0,0,0,0,1,0,0,0,0,0,0,0,0,0,0,0,0,0,0,0,0,0,0,0.0,50.0,0.0,0.0,0.0,0.0,50.0,0.0,0.0,0.0,0.0,0.0,0.0,0.0,0.0,0.0,0.0,0.0,0.0,0.0,0.0,0.0,0.0,0.0,0.0,T06,1
YouTube::@ezequielgarcia9640,YouTube,1,12,0,0,0,0,0,0,1,0,2,1,1,0,0,0,1,0,0,0,0,0,1,3,1,1,0,0.0,0.0,0.0,0.0,0.0,0.0,8.3,0.0,16.7,8.3,8.3,0.0,0.0,0.0,8.3,0.0,0.0,0.0,0.0,0.0,8.3,25.0,8.3,8.3,0.0,T21,3
YouTube::@fabiolacervantes-fw2po,YouTube,1,4,0,0,0,0,0,1,0,1,1,0,0,0,0,0,0,0,0,0,1,0,0,0,0,0,0,0.0,0.0,0.0,0.0,0.0,25.0,0.0,25.0,25.0,0.0,0.0,0.0,0.0,0.0,0.0,0.0,0.0,0.0,25.0,0.0,0.0,0.0,0.0,0.0,0.0,T18,1
YouTube::@fabiolaibarra1561,YouTube,1,3,0,0,0,0,0,0,0,0,0,0,0,0,1,1,0,0,0,0,0,0,0,1,0,0,0,0.0,0.0,0.0,0.0,0.0,0.0,0.0,0.0,0.0,0.0,0.0,0.0,33.3,33.3,0.0,0.0,0.0,0.0,0.0,0.0,0.0,33.3,0.0,0.0,0.0,T21,1
YouTube::@fabis71,YouTube,1,6,0,0,0,0,0,1,0,1,0,0,0,0,0,0,1,0,0,0,0,1,0,0,1,1,0,0.0,0.0,0.0,0.0,0.0,16.7,0.0,16.7,0.0,0.0,0.0,0.0,0.0,0.0,16.7,0.0,0.0,0.0,0.0,16.7,0.0,0.0,16.7,16.7,0.0,T14,1
YouTube::@facturasmtyks5180,YouTube,1,2,0,0,0,1,0,0,0,0,0,0,0,0,0,0,0,0,0,0,0,0,0,1,0,0,0,0.0,0.0,0.0,50.0,0.0,0.0,0.0,0.0,0.0,0.0,0.0,0.0,0.0,0.0,0.0,0.0,0.0,0.0,0.0,0.0,0.0,50.0,0.0,0.0,0.0,T03,1
YouTube::@familiabellezafitnes,YouTube,1,25,0,2,0,1,0,1,13,0,2,1,0,0,0,3,1,0,0,0,0,0,0,0,1,0,0,0.0,8.0,0.0,4.0,0.0,4.0,52.0,0.0,8.0,4.0,0.0,0.0,0.0,12.0,4.0,0.0,0.0,0.0,0.0,0.0,0.0,0.0,4.0,0.0,0.0,T06,13
YouTube::@fasshioncrafstkitche,YouTube,1,3,0,0,0,0,0,0,1,0,0,1,0,0,0,0,0,1,0,0,0,0,0,0,0,0,0,0.0,0.0,0.0,0.0,0.0,0.0,33.3,0.0,0.0,33.3,0.0,0.0,0.0,0.0,0.0,33.3,0.0,0.0,0.0,0.0,0.0,0.0,0.0,0.0,0.0,T15,1
YouTube::@fatiflores81936,YouTube,1,4,0,0,0,0,0,0,1,1,0,0,0,1,0,1,0,0,0,0,0,0,0,0,0,0,0,0.0,0.0,0.0,0.0,0.0,0.0,25.0,25.0,0.0,0.0,0.0,25.0,0.0,25.0,0.0,0.0,0.0,0.0,0.0,0.0,0.0,0.0,0.0,0.0,0.0,T13,1
YouTube::@fazzette,YouTube,1,4,0,0,0,0,0,0,0,0,0,1,0,0,0,0,0,0,0,0,0,0,0,3,0,0,0,0.0,0.0,0.0,0.0,0.0,0.0,0.0,0.0,0.0,25.0,0.0,0.0,0.0,0.0,0.0,0.0,0.0,0.0,0.0,0.0,0.0,75.0,0.0,0.0,0.0,T21,3
YouTube::@federicoespino6155,YouTube,1,3,0,0,0,0,0,1,2,0,0,0,0,0,0,0,0,0,0,0,0,0,0,0,0,0,0,0.0,0.0,0.0,0.0,0.0,33.3,66.7,0.0,0.0,0.0,0.0,0.0,0.0,0.0,0.0,0.0,0.0,0.0,0.0,0.0,0.0,0.0,0.0,0.0,0.0,T06,2
YouTube::@federicosilva1938,YouTube,1,0,0,0,0,0,0,0,0,0,0,0,0,0,0,0,0,0,0,0,0,0,0,0,0,0,0,0.0,0.0,0.0,0.0,0.0,0.0,0.0,0.0,0.0,0.0,0.0,0.0,0.0,0.0,0.0,0.0,0.0,0.0,0.0,0.0,0.0,0.0,0.0,0.0,0.0,,0
YouTube::@felipesanchez8172,YouTube,1,0,0,0,0,0,0,0,0,0,0,0,0,0,0,0,0,0,0,0,0,0,0,0,0,0,0,0.0,0.0,0.0,0.0,0.0,0.0,0.0,0.0,0.0,0.0,0.0,0.0,0.0,0.0,0.0,0.0,0.0,0.0,0.0,0.0,0.0,0.0,0.0,0.0,0.0,,0
YouTube::@felixurantiajimenezlopez6539,YouTube,1,6,0,0,0,1,0,1,3,0,0,0,0,1,0,0,0,0,0,0,0,0,0,0,0,0,0,0.0,0.0,0.0,16.7,0.0,16.7,50.0,0.0,0.0,0.0,0.0,16.7,0.0,0.0,0.0,0.0,0.0,0.0,0.0,0.0,0.0,0.0,0.0,0.0,0.0,T06,3
YouTube::@fer3725,YouTube,1,19,0,1,0,2,2,0,6,0,1,1,0,0,0,1,0,0,0,0,1,1,1,0,2,0,0,0.0,5.3,0.0,10.5,10.5,0.0,31.6,0.0,5.3,5.3,0.0,0.0,0.0,5.3,0.0,0.0,0.0,0.0,5.3,5.3,5.3,0.0,10.5,0.0,0.0,T06,6
YouTube::@fernandoaviles5752,YouTube,1,12,0,0,0,0,1,0,2,1,3,0,0,1,0,0,1,0,0,0,0,0,0,3,0,0,0,0.0,0.0,0.0,0.0,8.3,0.0,16.7,8.3,25.0,0.0,0.0,8.3,0.0,0.0,8.3,0.0,0.0,0.0,0.0,0.0,0.0,25.0,0.0,0.0,0.0,T21,3
YouTube::@fernandollamas356,YouTube,1,7,0,1,0,0,0,0,0,1,0,0,1,0,0,0,0,0,0,0,0,0,1,2,1,0,0,0.0,14.3,0.0,0.0,0.0,0.0,0.0,14.3,0.0,0.0,14.3,0.0,0.0,0.0,0.0,0.0,0.0,0.0,0.0,0.0,14.3,28.6,14.3,0.0,0.0,T21,2
YouTube::@fernandomeza5403,YouTube,1,4,0,0,0,0,0,0,0,0,0,1,0,0,0,0,0,0,0,0,0,0,0,3,0,0,0,0.0,0.0,0.0,0.0,0.0,0.0,0.0,0.0,0.0,25.0,0.0,0.0,0.0,0.0,0.0,0.0,0.0,0.0,0.0,0.0,0.0,75.0,0.0,0.0,0.0,T21,3
YouTube::@fernandorafaelchagoyanrami5215,YouTube,1,1,0,0,0,0,1,0,0,0,0,0,0,0,0,0,0,0,0,0,0,0,0,0,0,0,0,0.0,0.0,0.0,0.0,100.0,0.0,0.0,0.0,0.0,0.0,0.0,0.0,0.0,0.0,0.0,0.0,0.0,0.0,0.0,0.0,0.0,0.0,0.0,0.0,0.0,T04,1
YouTube::@fernandov3672,YouTube,1,2,0,0,0,0,0,0,0,0,0,0,0,0,0,0,0,0,0,0,0,0,0,2,0,0,0,0.0,0.0,0.0,0.0,0.0,0.0,0.0,0.0,0.0,0.0,0.0,0.0,0.0,0.0,0.0,0.0,0.0,0.0,0.0,0.0,0.0,100.0,0.0,0.0,0.0,T21,2
YouTube::@fertriana,YouTube,1,5,0,0,0,0,1,0,0,0,0,1,0,0,0,2,0,0,0,0,0,0,0,1,0,0,0,0.0,0.0,0.0,0.0,20.0,0.0,0.0,0.0,0.0,20.0,0.0,0.0,0.0,40.0,0.0,0.0,0.0,0.0,0.0,0.0,0.0,20.0,0.0,0.0,0.0,T13,2
YouTube::@fgames966,YouTube,1,9,0,0,0,1,0,0,4,0,0,0,0,0,0,1,0,0,0,0,0,0,1,1,1,0,0,0.0,0.0,0.0,11.1,0.0,0.0,44.4,0.0,0.0,0.0,0.0,0.0,0.0,11.1,0.0,0.0,0.0,0.0,0.0,0.0,11.1,11.1,11.1,0.0,0.0,T06,4
YouTube::@fgjuseg5266,YouTube,1,4,0,0,0,0,0,0,2,0,0,0,0,0,0,0,0,0,0,0,1,0,1,0,0,0,0,0.0,0.0,0.0,0.0,0.0,0.0,50.0,0.0,0.0,0.0,0.0,0.0,0.0,0.0,0.0,0.0,0.0,0.0,25.0,0.0,25.0,0.0,0.0,0.0,0.0,T06,2
YouTube::@fidehdz478,YouTube,1,3,0,0,0,0,1,0,0,0,0,0,0,0,0,0,0,0,0,0,0,0,0,0,0,1,1,0.0,0.0,0.0,0.0,33.3,0.0,0.0,0.0,0.0,0.0,0.0,0.0,0.0,0.0,0.0,0.0,0.0,0.0,0.0,0.0,0.0,0.0,0.0,33.3,33.3,T04,1
YouTube::@fidelgarcialopez5313,YouTube,1,1,0,0,1,0,0,0,0,0,0,0,0,0,0,0,0,0,0,0,0,0,0,0,0,0,0,0.0,0.0,100.0,0.0,0.0,0.0,0.0,0.0,0.0,0.0,0.0,0.0,0.0,0.0,0.0,0.0,0.0,0.0,0.0,0.0,0.0,0.0,0.0,0.0,0.0,T02,1
YouTube::@fidelgomez1842,YouTube,1,1,0,0,0,0,0,0,0,0,1,0,0,0,0,0,0,0,0,0,0,0,0,0,0,0,0,0.0,0.0,0.0,0.0,0.0,0.0,0.0,0.0,100.0,0.0,0.0,0.0,0.0,0.0,0.0,0.0,0.0,0.0,0.0,0.0,0.0,0.0,0.0,0.0,0.0,T08,1
YouTube::@fidelhabitat2297,YouTube,1,1,0,0,0,0,0,0,0,0,0,0,0,0,0,0,0,0,0,0,1,0,0,0,0,0,0,0.0,0.0,0.0,0.0,0.0,0.0,0.0,0.0,0.0,0.0,0.0,0.0,0.0,0.0,0.0,0.0,0.0,0.0,100.0,0.0,0.0,0.0,0.0,0.0,0.0,T18,1
YouTube::@fit-ness,YouTube,1,3,0,0,0,0,1,0,1,0,0,0,0,1,0,0,0,0,0,0,0,0,0,0,0,0,0,0.0,0.0,0.0,0.0,33.3,0.0,33.3,0.0,0.0,0.0,0.0,33.3,0.0,0.0,0.0,0.0,0.0,0.0,0.0,0.0,0.0,0.0,0.0,0.0,0.0,T06,1
YouTube::@florarriaga3630,YouTube,1,7,0,0,0,1,0,1,4,0,0,1,0,0,0,0,0,0,0,0,0,0,0,0,0,0,0,0.0,0.0,0.0,14.3,0.0,14.3,57.1,0.0,0.0,14.3,0.0,0.0,0.0,0.0,0.0,0.0,0.0,0.0,0.0,0.0,0.0,0.0,0.0,0.0,0.0,T06,4
YouTube::@florsilvestre122,YouTube,2,4,0,0,0,0,0,0,1,0,1,1,0,0,0,0,1,0,0,0,0,0,0,0,0,0,0,0.0,0.0,0.0,0.0,0.0,0.0,25.0,0.0,25.0,25.0,0.0,0.0,0.0,0.0,25.0,0.0,0.0,0.0,0.0,0.0,0.0,0.0,0.0,0.0,0.0,T08,1
YouTube::@foreverbat,YouTube,1,8,0,0,0,0,0,0,0,0,1,0,0,2,0,0,0,2,0,2,0,0,1,0,0,0,0,0.0,0.0,0.0,0.0,0.0,0.0,0.0,0.0,12.5,0.0,0.0,25.0,0.0,0.0,0.0,25.0,0.0,25.0,0.0,0.0,12.5,0.0,0.0,0.0,0.0,T15,2
YouTube::@fortnitevideos838,YouTube,2,12,0,0,0,0,1,0,2,0,0,3,0,0,0,0,3,0,0,0,0,0,0,2,1,0,0,0.0,0.0,0.0,0.0,8.3,0.0,16.7,0.0,0.0,25.0,0.0,0.0,0.0,0.0,25.0,0.0,0.0,0.0,0.0,0.0,0.0,16.7,8.3,0.0,0.0,T09,3
YouTube::@franciscochavez3145,YouTube,1,2,0,0,0,0,0,0,1,0,0,0,1,0,0,0,0,0,0,0,0,0,0,0,0,0,0,0.0,0.0,0.0,0.0,0.0,0.0,50.0,0.0,0.0,0.0,50.0,0.0,0.0,0.0,0.0,0.0,0.0,0.0,0.0,0.0,0.0,0.0,0.0,0.0,0.0,T06,1
YouTube::@franciscogamez6396,YouTube,1,10,0,0,0,0,1,0,0,0,0,0,1,0,0,0,0,0,0,0,0,0,0,1,6,0,1,0.0,0.0,0.0,0.0,10.0,0.0,0.0,0.0,0.0,0.0,10.0,0.0,0.0,0.0,0.0,0.0,0.0,0.0,0.0,0.0,0.0,10.0,60.0,0.0,10.0,T22,6
YouTube::@franciscogonzalezmercado8737,YouTube,1,3,0,0,0,0,1,0,0,0,0,0,1,0,0,0,0,0,0,0,0,0,1,0,0,0,0,0.0,0.0,0.0,0.0,33.3,0.0,0.0,0.0,0.0,0.0,33.3,0.0,0.0,0.0,0.0,0.0,0.0,0.0,0.0,0.0,33.3,0.0,0.0,0.0,0.0,T04,1
YouTube::@franciscojavieraguilargame7452,YouTube,1,0,0,0,0,0,0,0,0,0,0,0,0,0,0,0,0,0,0,0,0,0,0,0,0,0,0,0.0,0.0,0.0,0.0,0.0,0.0,0.0,0.0,0.0,0.0,0.0,0.0,0.0,0.0,0.0,0.0,0.0,0.0,0.0,0.0,0.0,0.0,0.0,0.0,0.0,,0
YouTube::@franciscojavierlopezlopez9528,YouTube,1,6,0,0,0,0,2,0,1,0,0,1,1,0,0,0,0,0,0,0,0,1,0,0,0,0,0,0.0,0.0,0.0,0.0,33.3,0.0,16.7,0.0,0.0,16.7,16.7,0.0,0.0,0.0,0.0,0.0,0.0,0.0,0.0,16.7,0.0,0.0,0.0,0.0,0.0,T04,2
YouTube::@franciscojimenez2298,YouTube,1,4,0,0,0,0,0,0,1,0,0,1,0,0,0,0,0,0,0,0,1,0,0,1,0,0,0,0.0,0.0,0.0,0.0,0.0,0.0,25.0,0.0,0.0,25.0,0.0,0.0,0.0,0.0,0.0,0.0,0.0,0.0,25.0,0.0,0.0,25.0,0.0,0.0,0.0,T09,1
YouTube::@franciscomedellin6118,YouTube,1,12,0,0,0,1,1,0,0,1,0,1,0,2,0,0,0,0,1,0,2,1,0,1,0,1,0,0.0,0.0,0.0,8.3,8.3,0.0,0.0,8.3,0.0,8.3,0.0,16.7,0.0,0.0,0.0,0.0,8.3,0.0,16.7,8.3,0.0,8.3,0.0,8.3,0.0,T18,2
YouTube::@franciscomendezgonzalez165,YouTube,1,0,0,0,0,0,0,0,0,0,0,0,0,0,0,0,0,0,0,0,0,0,0,0,0,0,0,0.0,0.0,0.0,0.0,0.0,0.0,0.0,0.0,0.0,0.0,0.0,0.0,0.0,0.0,0.0,0.0,0.0,0.0,0.0,0.0,0.0,0.0,0.0,0.0,0.0,,0
YouTube::@franciscomoncada6232,YouTube,1,17,0,0,0,2,1,0,0,0,0,0,0,2,0,2,0,0,0,0,0,1,2,4,1,1,1,0.0,0.0,0.0,11.8,5.9,0.0,0.0,0.0,0.0,0.0,0.0,11.8,0.0,11.8,0.0,0.0,0.0,0.0,0.0,5.9,11.8,23.5,5.9,5.9,5.9,T21,4
YouTube::@franciscoperezmarin6567,YouTube,1,4,0,0,0,0,0,0,1,0,0,0,0,0,0,0,2,0,0,0,0,0,0,0,0,1,0,0.0,0.0,0.0,0.0,0.0,0.0,25.0,0.0,0.0,0.0,0.0,0.0,0.0,0.0,50.0,0.0,0.0,0.0,0.0,0.0,0.0,0.0,0.0,25.0,0.0,T14,2
YouTube::@franciscovelazquez5903,YouTube,1,41,0,1,3,1,0,2,3,0,1,0,1,2,7,3,0,2,0,2,3,0,1,3,4,2,0,0.0,2.4,7.3,2.4,0.0,4.9,7.3,0.0,2.4,0.0,2.4,4.9,17.1,7.3,0.0,4.9,0.0,4.9,7.3,0.0,2.4,7.3,9.8,4.9,0.0,T12,7
YouTube::@frani356,YouTube,1,3,0,0,0,0,0,0,1,0,0,1,0,0,0,0,0,0,0,1,0,0,0,0,0,0,0,0.0,0.0,0.0,0.0,0.0,0.0,33.3,0.0,0.0,33.3,0.0,0.0,0.0,0.0,0.0,0.0,0.0,33.3,0.0,0.0,0.0,0.0,0.0,0.0,0.0,T17,1
YouTube::@frankaguirre7866,YouTube,1,3,0,0,0,0,1,0,2,0,0,0,0,0,0,0,0,0,0,0,0,0,0,0,0,0,0,0.0,0.0,0.0,0.0,33.3,0.0,66.7,0.0,0.0,0.0,0.0,0.0,0.0,0.0,0.0,0.0,0.0,0.0,0.0,0.0,0.0,0.0,0.0,0.0,0.0,T06,2
YouTube::@fructuosohernandez3257,YouTube,1,1,0,0,0,0,0,0,0,0,0,0,1,0,0,0,0,0,0,0,0,0,0,0,0,0,0,0.0,0.0,0.0,0.0,0.0,0.0,0.0,0.0,0.0,0.0,100.0,0.0,0.0,0.0,0.0,0.0,0.0,0.0,0.0,0.0,0.0,0.0,0.0,0.0,0.0,T10,1
YouTube::@fva333,YouTube,1,3,0,0,0,0,0,0,0,0,0,0,0,0,0,0,0,0,0,0,0,0,0,3,0,0,0,0.0,0.0,0.0,0.0,0.0,0.0,0.0,0.0,0.0,0.0,0.0,0.0,0.0,0.0,0.0,0.0,0.0,0.0,0.0,0.0,0.0,100.0,0.0,0.0,0.0,T21,3
YouTube::@gabinogonzalestorrez996,YouTube,1,2,0,0,1,0,0,0,0,0,0,1,0,0,0,0,0,0,0,0,0,0,0,0,0,0,0,0.0,0.0,50.0,0.0,0.0,0.0,0.0,0.0,0.0,50.0,0.0,0.0,0.0,0.0,0.0,0.0,0.0,0.0,0.0,0.0,0.0,0.0,0.0,0.0,0.0,T09,1
YouTube::@gabisanchez4697,YouTube,1,5,1,0,0,0,0,0,3,0,0,0,0,0,0,0,1,0,0,0,0,0,0,0,0,0,0,20.0,0.0,0.0,0.0,0.0,0.0,60.0,0.0,0.0,0.0,0.0,0.0,0.0,0.0,20.0,0.0,0.0,0.0,0.0,0.0,0.0,0.0,0.0,0.0,0.0,T06,3
YouTube::@gabometal8883,YouTube,1,6,0,0,0,0,0,0,1,0,0,0,0,0,0,0,1,0,0,0,0,0,1,2,1,0,0,0.0,0.0,0.0,0.0,0.0,0.0,16.7,0.0,0.0,0.0,0.0,0.0,0.0,0.0,16.7,0.0,0.0,0.0,0.0,0.0,16.7,33.3,16.7,0.0,0.0,T21,2
YouTube::@gabrielacamachoelizalde-cj9on,YouTube,1,9,1,0,0,1,0,0,1,1,0,0,0,0,0,0,1,0,0,2,0,0,0,0,2,0,0,11.1,0.0,0.0,11.1,0.0,0.0,11.1,11.1,0.0,0.0,0.0,0.0,0.0,0.0,11.1,0.0,0.0,22.2,0.0,0.0,0.0,0.0,22.2,0.0,0.0,T22,2
YouTube::@gabrielamanzoserrano1616,YouTube,1,4,0,0,0,1,0,0,1,0,0,0,0,0,0,0,0,0,0,1,0,0,0,0,1,0,0,0.0,0.0,0.0,25.0,0.0,0.0,25.0,0.0,0.0,0.0,0.0,0.0,0.0,0.0,0.0,0.0,0.0,25.0,0.0,0.0,0.0,0.0,25.0,0.0,0.0,T06,1
YouTube::@gabrielfernandez3504,YouTube,1,6,0,0,0,1,1,0,2,0,0,1,0,0,0,1,0,0,0,0,0,0,0,0,0,0,0,0.0,0.0,0.0,16.7,16.7,0.0,33.3,0.0,0.0,16.7,0.0,0.0,0.0,16.7,0.0,0.0,0.0,0.0,0.0,0.0,0.0,0.0,0.0,0.0,0.0,T06,2
YouTube::@gabrielibarra3500,YouTube,1,7,0,0,0,0,0,0,3,0,0,1,1,1,0,0,0,0,0,0,0,0,0,0,1,0,0,0.0,0.0,0.0,0.0,0.0,0.0,42.9,0.0,0.0,14.3,14.3,14.3,0.0,0.0,0.0,0.0,0.0,0.0,0.0,0.0,0.0,0.0,14.3,0.0,0.0,T06,3
YouTube::@gabrieljuarez6721,YouTube,1,5,0,0,0,0,0,1,4,0,0,0,0,0,0,0,0,0,0,0,0,0,0,0,0,0,0,0.0,0.0,0.0,0.0,0.0,20.0,80.0,0.0,0.0,0.0,0.0,0.0,0.0,0.0,0.0,0.0,0.0,0.0,0.0,0.0,0.0,0.0,0.0,0.0,0.0,T06,4
YouTube::@gabrielsalazarvera9446,YouTube,1,8,0,0,0,0,0,0,2,0,0,1,0,1,0,0,2,0,0,0,0,0,1,1,0,0,0,0.0,0.0,0.0,0.0,0.0,0.0,25.0,0.0,0.0,12.5,0.0,12.5,0.0,0.0,25.0,0.0,0.0,0.0,0.0,0.0,12.5,12.5,0.0,0.0,0.0,T06,2
YouTube::@gabyolmeda8756,YouTube,1,4,0,0,0,1,0,0,0,0,0,0,1,0,0,0,1,0,0,0,0,0,0,0,1,0,0,0.0,0.0,0.0,25.0,0.0,0.0,0.0,0.0,0.0,0.0,25.0,0.0,0.0,0.0,25.0,0.0,0.0,0.0,0.0,0.0,0.0,0.0,25.0,0.0,0.0,T22,1
YouTube::@galileagrecia4086,YouTube,1,4,0,0,0,0,0,0,3,0,0,0,0,0,0,0,0,0,0,0,0,0,0,0,0,1,0,0.0,0.0,0.0,0.0,0.0,0.0,75.0,0.0,0.0,0.0,0.0,0.0,0.0,0.0,0.0,0.0,0.0,0.0,0.0,0.0,0.0,0.0,0.0,25.0,0.0,T06,3
YouTube::@gamalielmartinezcarmona8484,YouTube,1,4,0,0,0,1,0,0,1,0,1,0,0,0,0,0,0,0,0,0,0,0,0,1,0,0,0,0.0,0.0,0.0,25.0,0.0,0.0,25.0,0.0,25.0,0.0,0.0,0.0,0.0,0.0,0.0,0.0,0.0,0.0,0.0,0.0,0.0,25.0,0.0,0.0,0.0,T08,1
YouTube::@gamx3268,YouTube,1,7,1,0,0,0,1,0,0,0,0,0,1,0,0,0,0,0,0,0,0,0,0,2,0,2,0,14.3,0.0,0.0,0.0,14.3,0.0,0.0,0.0,0.0,0.0,14.3,0.0,0.0,0.0,0.0,0.0,0.0,0.0,0.0,0.0,0.0,28.6,0.0,28.6,0.0,T23,2
YouTube::@gasparperez147,YouTube,1,8,0,1,0,0,0,0,6,0,1,0,0,0,0,0,0,0,0,0,0,0,0,0,0,0,0,0.0,12.5,0.0,0.0,0.0,0.0,75.0,0.0,12.5,0.0,0.0,0.0,0.0,0.0,0.0,0.0,0.0,0.0,0.0,0.0,0.0,0.0,0.0,0.0,0.0,T06,6
YouTube::@gcbarre,YouTube,1,0,0,0,0,0,0,0,0,0,0,0,0,0,0,0,0,0,0,0,0,0,0,0,0,0,0,0.0,0.0,0.0,0.0,0.0,0.0,0.0,0.0,0.0,0.0,0.0,0.0,0.0,0.0,0.0,0.0,0.0,0.0,0.0,0.0,0.0,0.0,0.0,0.0,0.0,,0
YouTube::@genovevavazquez1910,YouTube,3,11,0,0,0,3,0,0,3,0,0,0,1,0,1,0,1,0,0,0,0,1,0,0,1,0,0,0.0,0.0,0.0,27.3,0.0,0.0,27.3,0.0,0.0,0.0,9.1,0.0,9.1,0.0,9.1,0.0,0.0,0.0,0.0,9.1,0.0,0.0,9.1,0.0,0.0,T03,3
YouTube::@georgeurich9182,YouTube,1,0,0,0,0,0,0,0,0,0,0,0,0,0,0,0,0,0,0,0,0,0,0,0,0,0,0,0.0,0.0,0.0,0.0,0.0,0.0,0.0,0.0,0.0,0.0,0.0,0.0,0.0,0.0,0.0,0.0,0.0,0.0,0.0,0.0,0.0,0.0,0.0,0.0,0.0,,0
YouTube::@georginabrenez2435,YouTube,1,8,0,1,0,2,2,0,1,0,0,0,0,0,0,0,0,0,0,0,0,0,0,2,0,0,0,0.0,12.5,0.0,25.0,25.0,0.0,12.5,0.0,0.0,0.0,0.0,0.0,0.0,0.0,0.0,0.0,0.0,0.0,0.0,0.0,0.0,25.0,0.0,0.0,0.0,T21,2
YouTube::@geraldinecordova4178,YouTube,1,1,0,0,0,0,1,0,0,0,0,0,0,0,0,0,0,0,0,0,0,0,0,0,0,0,0,0.0,0.0,0.0,0.0,100.0,0.0,0.0,0.0,0.0,0.0,0.0,0.0,0.0,0.0,0.0,0.0,0.0,0.0,0.0,0.0,0.0,0.0,0.0,0.0,0.0,T04,1
YouTube::@gerardobailon2218,YouTube,1,4,0,0,0,0,0,0,1,0,1,0,0,1,0,0,0,0,0,1,0,0,0,0,0,0,0,0.0,0.0,0.0,0.0,0.0,0.0,25.0,0.0,25.0,0.0,0.0,25.0,0.0,0.0,0.0,0.0,0.0,25.0,0.0,0.0,0.0,0.0,0.0,0.0,0.0,T11,1
YouTube::@gerardobarredo5072,YouTube,2,10,0,0,1,0,1,1,1,0,1,0,0,0,0,0,0,0,0,1,0,0,0,2,2,0,0,0.0,0.0,10.0,0.0,10.0,10.0,10.0,0.0,10.0,0.0,0.0,0.0,0.0,0.0,0.0,0.0,0.0,10.0,0.0,0.0,0.0,20.0,20.0,0.0,0.0,T22,2
YouTube::@gerardobastida8581,YouTube,1,6,0,0,0,1,0,0,1,1,0,0,2,0,0,1,0,0,0,0,0,0,0,0,0,0,0,0.0,0.0,0.0,16.7,0.0,0.0,16.7,16.7,0.0,0.0,33.3,0.0,0.0,16.7,0.0,0.0,0.0,0.0,0.0,0.0,0.0,0.0,0.0,0.0,0.0,T10,2
YouTube::@gerardomarv.9732,YouTube,1,13,0,0,0,0,1,0,1,0,1,0,1,2,2,1,0,0,0,0,0,0,0,4,0,0,0,0.0,0.0,0.0,0.0,7.7,0.0,7.7,0.0,7.7,0.0,7.7,15.4,15.4,7.7,0.0,0.0,0.0,0.0,0.0,0.0,0.0,30.8,0.0,0.0,0.0,T21,4
YouTube::@gerardomata8625,YouTube,1,3,0,0,0,2,0,0,0,0,0,0,0,0,0,0,0,0,0,0,0,1,0,0,0,0,0,0.0,0.0,0.0,66.7,0.0,0.0,0.0,0.0,0.0,0.0,0.0,0.0,0.0,0.0,0.0,0.0,0.0,0.0,0.0,33.3,0.0,0.0,0.0,0.0,0.0,T03,2
YouTube::@gerardomendozacontreras1825,YouTube,1,10,0,0,0,4,0,0,2,0,0,0,0,0,0,1,0,0,0,0,2,0,0,1,0,0,0,0.0,0.0,0.0,40.0,0.0,0.0,20.0,0.0,0.0,0.0,0.0,0.0,0.0,10.0,0.0,0.0,0.0,0.0,20.0,0.0,0.0,10.0,0.0,0.0,0.0,T03,4
YouTube::@gerardoolivares2072,YouTube,1,3,0,0,0,0,1,0,1,0,1,0,0,0,0,0,0,0,0,0,0,0,0,0,0,0,0,0.0,0.0,0.0,0.0,33.3,0.0,33.3,0.0,33.3,0.0,0.0,0.0,0.0,0.0,0.0,0.0,0.0,0.0,0.0,0.0,0.0,0.0,0.0,0.0,0.0,T08,1
YouTube::@geronimoalvarez4363,YouTube,1,3,0,0,0,1,0,0,1,0,0,0,0,0,0,0,0,0,0,0,0,0,1,0,0,0,0,0.0,0.0,0.0,33.3,0.0,0.0,33.3,0.0,0.0,0.0,0.0,0.0,0.0,0.0,0.0,0.0,0.0,0.0,0.0,0.0,33.3,0.0,0.0,0.0,0.0,T06,1
YouTube::@gersonalcantar3731,YouTube,1,5,0,0,0,0,0,0,0,0,1,0,0,0,0,2,0,1,0,1,0,0,0,0,0,0,0,0.0,0.0,0.0,0.0,0.0,0.0,0.0,0.0,20.0,0.0,0.0,0.0,0.0,40.0,0.0,20.0,0.0,20.0,0.0,0.0,0.0,0.0,0.0,0.0,0.0,T13,2
YouTube::@gilbertobecker3564,YouTube,1,1,0,0,0,0,0,0,0,0,0,0,0,1,0,0,0,0,0,0,0,0,0,0,0,0,0,0.0,0.0,0.0,0.0,0.0,0.0,0.0,0.0,0.0,0.0,0.0,100.0,0.0,0.0,0.0,0.0,0.0,0.0,0.0,0.0,0.0,0.0,0.0,0.0,0.0,T11,1
YouTube::@giovanacuellar9701,YouTube,1,3,0,0,0,0,0,0,2,0,0,0,0,0,0,0,0,0,0,0,0,0,0,1,0,0,0,0.0,0.0,0.0,0.0,0.0,0.0,66.7,0.0,0.0,0.0,0.0,0.0,0.0,0.0,0.0,0.0,0.0,0.0,0.0,0.0,0.0,33.3,0.0,0.0,0.0,T06,2
YouTube::@gloriaarenaszepeda9487,YouTube,2,8,0,0,0,0,1,2,2,0,0,0,0,1,0,2,0,0,0,0,0,0,0,0,0,0,0,0.0,0.0,0.0,0.0,12.5,25.0,25.0,0.0,0.0,0.0,0.0,12.5,0.0,25.0,0.0,0.0,0.0,0.0,0.0,0.0,0.0,0.0,0.0,0.0,0.0,T13,2
YouTube::@gloriakurischekaiban2738,YouTube,1,3,0,1,0,0,0,1,0,0,1,0,0,0,0,0,0,0,0,0,0,0,0,0,0,0,0,0.0,33.3,0.0,0.0,0.0,33.3,0.0,0.0,33.3,0.0,0.0,0.0,0.0,0.0,0.0,0.0,0.0,0.0,0.0,0.0,0.0,0.0,0.0,0.0,0.0,T01,1
YouTube::@gloriapalomo-v1e,YouTube,1,1,0,0,0,0,0,1,0,0,0,0,0,0,0,0,0,0,0,0,0,0,0,0,0,0,0,0.0,0.0,0.0,0.0,0.0,100.0,0.0,0.0,0.0,0.0,0.0,0.0,0.0,0.0,0.0,0.0,0.0,0.0,0.0,0.0,0.0,0.0,0.0,0.0,0.0,T05,1
YouTube::@gloriatellez5624,YouTube,1,1,0,0,0,0,0,0,0,0,0,0,0,0,0,0,0,0,0,0,0,0,0,0,0,0,1,0.0,0.0,0.0,0.0,0.0,0.0,0.0,0.0,0.0,0.0,0.0,0.0,0.0,0.0,0.0,0.0,0.0,0.0,0.0,0.0,0.0,0.0,0.0,0.0,100.0,T24,1
YouTube::@gomezgonzalez4030,YouTube,1,3,0,0,0,0,0,0,0,0,0,0,0,0,0,1,1,0,0,0,0,0,0,1,0,0,0,0.0,0.0,0.0,0.0,0.0,0.0,0.0,0.0,0.0,0.0,0.0,0.0,0.0,33.3,33.3,0.0,0.0,0.0,0.0,0.0,0.0,33.3,0.0,0.0,0.0,T14,1
YouTube::@gonzaloarvietti7189,YouTube,1,5,0,1,2,0,0,0,1,0,0,0,0,0,0,0,0,0,1,0,0,0,0,0,0,0,0,0.0,20.0,40.0,0.0,0.0,0.0,20.0,0.0,0.0,0.0,0.0,0.0,0.0,0.0,0.0,0.0,20.0,0.0,0.0,0.0,0.0,0.0,0.0,0.0,0.0,T02,2
YouTube::@gonzalogacitua4068,YouTube,1,2,0,0,0,0,0,0,2,0,0,0,0,0,0,0,0,0,0,0,0,0,0,0,0,0,0,0.0,0.0,0.0,0.0,0.0,0.0,100.0,0.0,0.0,0.0,0.0,0.0,0.0,0.0,0.0,0.0,0.0,0.0,0.0,0.0,0.0,0.0,0.0,0.0,0.0,T06,2
YouTube::@gonzalomedrano2366,YouTube,1,2,0,0,0,0,2,0,0,0,0,0,0,0,0,0,0,0,0,0,0,0,0,0,0,0,0,0.0,0.0,0.0,0.0,100.0,0.0,0.0,0.0,0.0,0.0,0.0,0.0,0.0,0.0,0.0,0.0,0.0,0.0,0.0,0.0,0.0,0.0,0.0,0.0,0.0,T04,2
YouTube::@gonzalorodriguez8405,YouTube,1,4,0,0,0,0,0,1,0,0,0,1,0,1,1,0,0,0,0,0,0,0,0,0,0,0,0,0.0,0.0,0.0,0.0,0.0,25.0,0.0,0.0,0.0,25.0,0.0,25.0,25.0,0.0,0.0,0.0,0.0,0.0,0.0,0.0,0.0,0.0,0.0,0.0,0.0,T11,1
YouTube::@good5446,YouTube,1,2,0,0,0,0,0,0,0,0,0,0,1,0,1,0,0,0,0,0,0,0,0,0,0,0,0,0.0,0.0,0.0,0.0,0.0,0.0,0.0,0.0,0.0,0.0,50.0,0.0,50.0,0.0,0.0,0.0,0.0,0.0,0.0,0.0,0.0,0.0,0.0,0.0,0.0,T12,1
YouTube::@gordonfreeman6046,YouTube,1,5,0,0,0,0,0,0,2,0,0,2,0,0,0,0,0,0,0,0,0,0,0,1,0,0,0,0.0,0.0,0.0,0.0,0.0,0.0,40.0,0.0,0.0,40.0,0.0,0.0,0.0,0.0,0.0,0.0,0.0,0.0,0.0,0.0,0.0,20.0,0.0,0.0,0.0,T06,2
YouTube::@gracegrace1284,YouTube,1,0,0,0,0,0,0,0,0,0,0,0,0,0,0,0,0,0,0,0,0,0,0,0,0,0,0,0.0,0.0,0.0,0.0,0.0,0.0,0.0,0.0,0.0,0.0,0.0,0.0,0.0,0.0,0.0,0.0,0.0,0.0,0.0,0.0,0.0,0.0,0.0,0.0,0.0,,0
YouTube::@gracem.z7345,YouTube,1,11,0,0,0,0,0,1,6,0,0,0,1,0,0,0,1,0,0,0,0,0,0,1,1,0,0,0.0,0.0,0.0,0.0,0.0,9.1,54.5,0.0,0.0,0.0,9.1,0.0,0.0,0.0,9.1,0.0,0.0,0.0,0.0,0.0,0.0,9.1,9.1,0.0,0.0,T06,6
YouTube::@gracielabalderas9999,YouTube,1,10,0,0,0,3,1,0,2,0,1,1,0,0,1,0,0,0,0,0,0,0,0,1,0,0,0,0.0,0.0,0.0,30.0,10.0,0.0,20.0,0.0,10.0,10.0,0.0,0.0,10.0,0.0,0.0,0.0,0.0,0.0,0.0,0.0,0.0,10.0,0.0,0.0,0.0,T03,3
YouTube::@gracielabenitez-v1v,YouTube,1,1,0,0,0,0,0,0,0,0,0,0,0,0,0,0,0,0,0,0,0,1,0,0,0,0,0,0.0,0.0,0.0,0.0,0.0,0.0,0.0,0.0,0.0,0.0,0.0,0.0,0.0,0.0,0.0,0.0,0.0,0.0,0.0,100.0,0.0,0.0,0.0,0.0,0.0,T19,1
YouTube::@gracielacarmona5158,YouTube,1,2,0,1,0,0,0,0,0,1,0,0,0,0,0,0,0,0,0,0,0,0,0,0,0,0,0,0.0,50.0,0.0,0.0,0.0,0.0,0.0,50.0,0.0,0.0,0.0,0.0,0.0,0.0,0.0,0.0,0.0,0.0,0.0,0.0,0.0,0.0,0.0,0.0,0.0,T01,1
YouTube::@gracieladavila8219,YouTube,1,0,0,0,0,0,0,0,0,0,0,0,0,0,0,0,0,0,0,0,0,0,0,0,0,0,0,0.0,0.0,0.0,0.0,0.0,0.0,0.0,0.0,0.0,0.0,0.0,0.0,0.0,0.0,0.0,0.0,0.0,0.0,0.0,0.0,0.0,0.0,0.0,0.0,0.0,,0
YouTube::@gracielamora2894,YouTube,1,5,0,1,0,0,0,0,0,0,0,0,0,0,0,0,0,0,0,0,0,0,0,1,3,0,0,0.0,20.0,0.0,0.0,0.0,0.0,0.0,0.0,0.0,0.0,0.0,0.0,0.0,0.0,0.0,0.0,0.0,0.0,0.0,0.0,0.0,20.0,60.0,0.0,0.0,T22,3
YouTube::@gracielaramirez5079,YouTube,1,2,0,0,0,0,0,0,0,0,0,0,0,0,0,0,0,0,0,0,1,0,1,0,0,0,0,0.0,0.0,0.0,0.0,0.0,0.0,0.0,0.0,0.0,0.0,0.0,0.0,0.0,0.0,0.0,0.0,0.0,0.0,50.0,0.0,50.0,0.0,0.0,0.0,0.0,T20,1
YouTube::@griseldagovea8298,YouTube,1,4,0,0,0,0,1,0,0,1,0,1,0,0,0,0,0,0,0,0,1,0,0,0,0,0,0,0.0,0.0,0.0,0.0,25.0,0.0,0.0,25.0,0.0,25.0,0.0,0.0,0.0,0.0,0.0,0.0,0.0,0.0,25.0,0.0,0.0,0.0,0.0,0.0,0.0,T07,1
YouTube::@guadalupedelarosa426,YouTube,1,5,0,0,0,0,0,0,2,0,0,0,0,0,1,0,0,0,0,0,0,0,1,0,1,0,0,0.0,0.0,0.0,0.0,0.0,0.0,40.0,0.0,0.0,0.0,0.0,0.0,20.0,0.0,0.0,0.0,0.0,0.0,0.0,0.0,20.0,0.0,20.0,0.0,0.0,T06,2
YouTube::@guadalupemonroy2073,YouTube,1,9,0,0,0,1,1,0,1,0,0,1,0,0,1,2,0,0,0,1,0,0,0,0,0,0,1,0.0,0.0,0.0,11.1,11.1,0.0,11.1,0.0,0.0,11.1,0.0,0.0,11.1,22.2,0.0,0.0,0.0,11.1,0.0,0.0,0.0,0.0,0.0,0.0,11.1,T13,2
YouTube::@guadaluperuiz6009,YouTube,1,6,0,0,0,1,0,0,2,0,0,0,0,0,0,1,2,0,0,0,0,0,0,0,0,0,0,0.0,0.0,0.0,16.7,0.0,0.0,33.3,0.0,0.0,0.0,0.0,0.0,0.0,16.7,33.3,0.0,0.0,0.0,0.0,0.0,0.0,0.0,0.0,0.0,0.0,T14,2
YouTube::@guieflor3512,YouTube,2,4,0,0,0,0,0,0,1,0,0,1,0,0,0,0,2,0,0,0,0,0,0,0,0,0,0,0.0,0.0,0.0,0.0,0.0,0.0,25.0,0.0,0.0,25.0,0.0,0.0,0.0,0.0,50.0,0.0,0.0,0.0,0.0,0.0,0.0,0.0,0.0,0.0,0.0,T14,2
YouTube::@guillerminaascencio3068,YouTube,1,7,0,0,0,0,0,0,4,0,0,0,0,0,0,0,1,0,0,0,0,0,0,0,2,0,0,0.0,0.0,0.0,0.0,0.0,0.0,57.1,0.0,0.0,0.0,0.0,0.0,0.0,0.0,14.3,0.0,0.0,0.0,0.0,0.0,0.0,0.0,28.6,0.0,0.0,T06,4
YouTube::@guillermogamboafrayre5949,YouTube,1,3,0,0,0,0,1,0,1,0,0,0,0,0,0,0,0,0,0,0,0,0,0,0,1,0,0,0.0,0.0,0.0,0.0,33.3,0.0,33.3,0.0,0.0,0.0,0.0,0.0,0.0,0.0,0.0,0.0,0.0,0.0,0.0,0.0,0.0,0.0,33.3,0.0,0.0,T22,1
YouTube::@gumersindoromero2911,YouTube,1,4,0,0,0,1,2,0,0,0,0,0,0,0,0,0,1,0,0,0,0,0,0,0,0,0,0,0.0,0.0,0.0,25.0,50.0,0.0,0.0,0.0,0.0,0.0,0.0,0.0,0.0,0.0,25.0,0.0,0.0,0.0,0.0,0.0,0.0,0.0,0.0,0.0,0.0,T04,2
YouTube::@gusanow8917,YouTube,1,0,0,0,0,0,0,0,0,0,0,0,0,0,0,0,0,0,0,0,0,0,0,0,0,0,0,0.0,0.0,0.0,0.0,0.0,0.0,0.0,0.0,0.0,0.0,0.0,0.0,0.0,0.0,0.0,0.0,0.0,0.0,0.0,0.0,0.0,0.0,0.0,0.0,0.0,,0
YouTube::@gustavo8699,YouTube,1,4,0,0,0,0,0,0,1,0,0,0,0,0,1,1,0,0,0,0,0,0,0,1,0,0,0,0.0,0.0,0.0,0.0,0.0,0.0,25.0,0.0,0.0,0.0,0.0,0.0,25.0,25.0,0.0,0.0,0.0,0.0,0.0,0.0,0.0,25.0,0.0,0.0,0.0,T12,1
YouTube::@gustavocardenas9797,YouTube,1,28,0,0,1,1,1,0,7,0,1,3,2,1,1,2,4,0,0,0,0,0,0,3,1,0,0,0.0,0.0,3.6,3.6,3.6,0.0,25.0,0.0,3.6,10.7,7.1,3.6,3.6,7.1,14.3,0.0,0.0,0.0,0.0,0.0,0.0,10.7,3.6,0.0,0.0,T06,7
YouTube::@gustavocarrancoplata1775,YouTube,1,2,0,0,0,0,0,0,1,0,0,0,0,0,0,1,0,0,0,0,0,0,0,0,0,0,0,0.0,0.0,0.0,0.0,0.0,0.0,50.0,0.0,0.0,0.0,0.0,0.0,0.0,50.0,0.0,0.0,0.0,0.0,0.0,0.0,0.0,0.0,0.0,0.0,0.0,T06,1
YouTube::@gustavocastaneda1763,YouTube,1,6,0,0,0,1,1,0,0,0,1,0,0,0,1,0,0,0,0,0,0,0,0,2,0,0,0,0.0,0.0,0.0,16.7,16.7,0.0,0.0,0.0,16.7,0.0,0.0,0.0,16.7,0.0,0.0,0.0,0.0,0.0,0.0,0.0,0.0,33.3,0.0,0.0,0.0,T21,2
YouTube::@gustavomacias7958,YouTube,1,5,0,0,1,0,1,1,0,0,0,1,0,0,0,0,0,0,0,0,0,0,0,0,0,1,0,0.0,0.0,20.0,0.0,20.0,20.0,0.0,0.0,0.0,20.0,0.0,0.0,0.0,0.0,0.0,0.0,0.0,0.0,0.0,0.0,0.0,0.0,0.0,20.0,0.0,T23,1
YouTube::@gustavoriverahernandez9842,YouTube,2,18,0,0,0,0,0,1,8,0,0,2,1,0,0,0,3,0,0,0,2,0,0,1,0,0,0,0.0,0.0,0.0,0.0,0.0,5.6,44.4,0.0,0.0,11.1,5.6,0.0,0.0,0.0,16.7,0.0,0.0,0.0,11.1,0.0,0.0,5.6,0.0,0.0,0.0,T06,8
YouTube::@gustavotenorio7185,YouTube,1,3,0,0,0,1,0,0,0,0,0,0,0,0,0,0,1,0,0,0,0,0,0,1,0,0,0,0.0,0.0,0.0,33.3,0.0,0.0,0.0,0.0,0.0,0.0,0.0,0.0,0.0,0.0,33.3,0.0,0.0,0.0,0.0,0.0,0.0,33.3,0.0,0.0,0.0,T21,1
YouTube::@gutierrez7326,YouTube,1,3,0,0,0,0,0,0,0,0,0,0,1,0,0,0,0,0,0,0,1,0,0,1,0,0,0,0.0,0.0,0.0,0.0,0.0,0.0,0.0,0.0,0.0,0.0,33.3,0.0,0.0,0.0,0.0,0.0,0.0,0.0,33.3,0.0,0.0,33.3,0.0,0.0,0.0,T21,1
YouTube::@h5jy,YouTube,1,18,0,0,1,1,0,0,8,0,1,0,0,1,0,1,0,0,0,0,0,0,0,2,2,1,0,0.0,0.0,5.6,5.6,0.0,0.0,44.4,0.0,5.6,0.0,0.0,5.6,0.0,5.6,0.0,0.0,0.0,0.0,0.0,0.0,0.0,11.1,11.1,5.6,0.0,T06,8
YouTube::@hamanmardoqueo1058,YouTube,1,5,0,0,0,0,0,0,1,0,0,1,0,0,0,0,1,0,0,0,0,0,0,1,0,1,0,0.0,0.0,0.0,0.0,0.0,0.0,20.0,0.0,0.0,20.0,0.0,0.0,0.0,0.0,20.0,0.0,0.0,0.0,0.0,0.0,0.0,20.0,0.0,20.0,0.0,T14,1
YouTube::@hashimbinalhussein4645,YouTube,1,1,0,0,0,0,0,0,0,0,0,0,0,0,0,0,0,0,0,0,0,0,0,0,0,1,0,0.0,0.0,0.0,0.0,0.0,0.0,0.0,0.0,0.0,0.0,0.0,0.0,0.0,0.0,0.0,0.0,0.0,0.0,0.0,0.0,0.0,0.0,0.0,100.0,0.0,T23,1
YouTube::@haydeerosales9355,YouTube,1,20,0,0,2,0,0,0,2,0,2,2,2,0,0,0,1,1,0,0,4,0,0,3,1,0,0,0.0,0.0,10.0,0.0,0.0,0.0,10.0,0.0,10.0,10.0,10.0,0.0,0.0,0.0,5.0,5.0,0.0,0.0,20.0,0.0,0.0,15.0,5.0,0.0,0.0,T18,4
YouTube::@hebertovillatoro276,YouTube,1,10,0,0,0,0,1,0,2,0,0,0,0,1,0,0,2,0,0,0,0,0,0,3,1,0,0,0.0,0.0,0.0,0.0,10.0,0.0,20.0,0.0,0.0,0.0,0.0,10.0,0.0,0.0,20.0,0.0,0.0,0.0,0.0,0.0,0.0,30.0,10.0,0.0,0.0,T21,3
YouTube::@hectorortega5559,YouTube,1,8,0,0,0,0,0,0,3,0,2,0,1,0,0,1,0,1,0,0,0,0,0,0,0,0,0,0.0,0.0,0.0,0.0,0.0,0.0,37.5,0.0,25.0,0.0,12.5,0.0,0.0,12.5,0.0,12.5,0.0,0.0,0.0,0.0,0.0,0.0,0.0,0.0,0.0,T06,3
YouTube::@hectorrocha-q5o,YouTube,1,3,0,0,0,1,0,0,0,0,0,0,0,0,0,1,0,0,0,0,0,0,0,1,0,0,0,0.0,0.0,0.0,33.3,0.0,0.0,0.0,0.0,0.0,0.0,0.0,0.0,0.0,33.3,0.0,0.0,0.0,0.0,0.0,0.0,0.0,33.3,0.0,0.0,0.0,T21,1
YouTube::@heliodoroislas4620,YouTube,1,2,0,0,0,0,0,0,0,0,0,0,1,0,0,0,0,0,0,0,0,0,0,1,0,0,0,0.0,0.0,0.0,0.0,0.0,0.0,0.0,0.0,0.0,0.0,50.0,0.0,0.0,0.0,0.0,0.0,0.0,0.0,0.0,0.0,0.0,50.0,0.0,0.0,0.0,T10,1
YouTube::@heliosteran7144,YouTube,1,27,1,2,2,0,1,1,1,3,0,2,0,3,1,0,1,2,0,0,1,1,0,1,4,0,0,3.7,7.4,7.4,0.0,3.7,3.7,3.7,11.1,0.0,7.4,0.0,11.1,3.7,0.0,3.7,7.4,0.0,0.0,3.7,3.7,0.0,3.7,14.8,0.0,0.0,T22,4
YouTube::@hellotavo,YouTube,1,3,0,0,0,0,0,0,1,0,0,0,0,0,0,1,0,0,0,0,0,0,0,1,0,0,0,0.0,0.0,0.0,0.0,0.0,0.0,33.3,0.0,0.0,0.0,0.0,0.0,0.0,33.3,0.0,0.0,0.0,0.0,0.0,0.0,0.0,33.3,0.0,0.0,0.0,T21,1
YouTube::@helobsidiana5138,YouTube,1,1,0,0,1,0,0,0,0,0,0,0,0,0,0,0,0,0,0,0,0,0,0,0,0,0,0,0.0,0.0,100.0,0.0,0.0,0.0,0.0,0.0,0.0,0.0,0.0,0.0,0.0,0.0,0.0,0.0,0.0,0.0,0.0,0.0,0.0,0.0,0.0,0.0,0.0,T02,1
YouTube::@henryhernandez7714,YouTube,1,10,0,0,0,0,0,1,4,0,0,2,0,1,0,0,0,1,0,0,0,0,0,0,1,0,0,0.0,0.0,0.0,0.0,0.0,10.0,40.0,0.0,0.0,20.0,0.0,10.0,0.0,0.0,0.0,10.0,0.0,0.0,0.0,0.0,0.0,0.0,10.0,0.0,0.0,T06,4
YouTube::@henryreyes3167,YouTube,1,7,0,0,0,1,0,0,4,0,0,0,1,0,0,0,0,1,0,0,0,0,0,0,0,0,0,0.0,0.0,0.0,14.3,0.0,0.0,57.1,0.0,0.0,0.0,14.3,0.0,0.0,0.0,0.0,14.3,0.0,0.0,0.0,0.0,0.0,0.0,0.0,0.0,0.0,T06,4
YouTube::@hereticalways9937,YouTube,1,3,0,0,0,0,0,0,1,0,0,0,0,0,0,0,0,0,0,0,1,0,0,0,0,0,1,0.0,0.0,0.0,0.0,0.0,0.0,33.3,0.0,0.0,0.0,0.0,0.0,0.0,0.0,0.0,0.0,0.0,0.0,33.3,0.0,0.0,0.0,0.0,0.0,33.3,T24,1
YouTube::@heri6689dj3,YouTube,1,3,0,0,0,0,0,0,0,0,0,0,0,0,0,0,0,0,0,0,0,0,0,2,1,0,0,0.0,0.0,0.0,0.0,0.0,0.0,0.0,0.0,0.0,0.0,0.0,0.0,0.0,0.0,0.0,0.0,0.0,0.0,0.0,0.0,0.0,66.7,33.3,0.0,0.0,T21,2
YouTube::@heribertocastanedacastro5822,YouTube,1,6,0,0,0,0,0,1,4,0,0,0,1,0,0,0,0,0,0,0,0,0,0,0,0,0,0,0.0,0.0,0.0,0.0,0.0,16.7,66.7,0.0,0.0,0.0,16.7,0.0,0.0,0.0,0.0,0.0,0.0,0.0,0.0,0.0,0.0,0.0,0.0,0.0,0.0,T06,4
YouTube::@hmmtj1,YouTube,1,9,0,1,0,0,1,0,1,0,0,0,0,0,0,1,0,0,0,0,0,1,0,4,0,0,0,0.0,11.1,0.0,0.0,11.1,0.0,11.1,0.0,0.0,0.0,0.0,0.0,0.0,11.1,0.0,0.0,0.0,0.0,0.0,11.1,0.0,44.4,0.0,0.0,0.0,T21,4
YouTube::@holaholaoficial,YouTube,1,7,0,0,0,0,0,1,3,0,0,0,1,0,0,0,0,0,0,0,0,0,0,0,1,1,0,0.0,0.0,0.0,0.0,0.0,14.3,42.9,0.0,0.0,0.0,14.3,0.0,0.0,0.0,0.0,0.0,0.0,0.0,0.0,0.0,0.0,0.0,14.3,14.3,0.0,T06,3
YouTube::@horaciopena6336,YouTube,1,2,0,0,0,0,0,0,0,0,0,0,1,0,0,0,0,0,0,0,0,0,1,0,0,0,0,0.0,0.0,0.0,0.0,0.0,0.0,0.0,0.0,0.0,0.0,50.0,0.0,0.0,0.0,0.0,0.0,0.0,0.0,0.0,0.0,50.0,0.0,0.0,0.0,0.0,T20,1
YouTube::@horacioramirez4710,YouTube,2,10,0,0,0,0,0,0,0,0,2,0,1,0,0,0,1,0,1,0,3,0,0,1,1,0,0,0.0,0.0,0.0,0.0,0.0,0.0,0.0,0.0,20.0,0.0,10.0,0.0,0.0,0.0,10.0,0.0,10.0,0.0,30.0,0.0,0.0,10.0,10.0,0.0,0.0,T18,3
YouTube::@hortensiabec9226,YouTube,1,3,0,0,0,1,0,0,0,0,0,0,0,0,1,0,0,0,0,0,0,0,0,0,1,0,0,0.0,0.0,0.0,33.3,0.0,0.0,0.0,0.0,0.0,0.0,0.0,0.0,33.3,0.0,0.0,0.0,0.0,0.0,0.0,0.0,0.0,0.0,33.3,0.0,0.0,T22,1
YouTube::@humbertomartinez8938,YouTube,1,2,0,0,0,0,0,0,0,0,0,0,0,0,0,0,1,0,0,0,0,0,1,0,0,0,0,0.0,0.0,0.0,0.0,0.0,0.0,0.0,0.0,0.0,0.0,0.0,0.0,0.0,0.0,50.0,0.0,0.0,0.0,0.0,0.0,50.0,0.0,0.0,0.0,0.0,T14,1
YouTube::@idaliaperez6734,YouTube,1,3,0,0,0,1,0,0,0,1,1,0,0,0,0,0,0,0,0,0,0,0,0,0,0,0,0,0.0,0.0,0.0,33.3,0.0,0.0,0.0,33.3,33.3,0.0,0.0,0.0,0.0,0.0,0.0,0.0,0.0,0.0,0.0,0.0,0.0,0.0,0.0,0.0,0.0,T08,1
YouTube::@ignaciofranco977,YouTube,1,3,1,0,0,0,0,0,1,0,0,0,0,0,0,0,0,0,0,0,0,0,0,1,0,0,0,33.3,0.0,0.0,0.0,0.0,0.0,33.3,0.0,0.0,0.0,0.0,0.0,0.0,0.0,0.0,0.0,0.0,0.0,0.0,0.0,0.0,33.3,0.0,0.0,0.0,T06,1
YouTube::@ikarossenkopesos1790,YouTube,1,6,0,0,0,0,0,0,0,0,1,0,0,0,0,1,1,0,0,2,0,0,0,1,0,0,0,0.0,0.0,0.0,0.0,0.0,0.0,0.0,0.0,16.7,0.0,0.0,0.0,0.0,16.7,16.7,0.0,0.0,33.3,0.0,0.0,0.0,16.7,0.0,0.0,0.0,T17,2
YouTube::@ileanacastellon9898,YouTube,1,2,0,0,0,0,0,0,0,0,0,1,1,0,0,0,0,0,0,0,0,0,0,0,0,0,0,0.0,0.0,0.0,0.0,0.0,0.0,0.0,0.0,0.0,50.0,50.0,0.0,0.0,0.0,0.0,0.0,0.0,0.0,0.0,0.0,0.0,0.0,0.0,0.0,0.0,T09,1
YouTube::@iliandeismenenicolas7219,YouTube,1,15,0,0,0,2,0,0,3,1,2,0,1,1,0,0,0,3,0,0,0,0,0,1,1,0,0,0.0,0.0,0.0,13.3,0.0,0.0,20.0,6.7,13.3,0.0,6.7,6.7,0.0,0.0,0.0,20.0,0.0,0.0,0.0,0.0,0.0,6.7,6.7,0.0,0.0,T06,3
YouTube::@ilsitaesco739,YouTube,1,3,0,0,0,0,0,0,2,0,0,0,0,0,0,1,0,0,0,0,0,0,0,0,0,0,0,0.0,0.0,0.0,0.0,0.0,0.0,66.7,0.0,0.0,0.0,0.0,0.0,0.0,33.3,0.0,0.0,0.0,0.0,0.0,0.0,0.0,0.0,0.0,0.0,0.0,T06,2
YouTube::@imanolrosales6123,YouTube,1,4,0,0,0,0,0,0,2,0,0,0,0,0,0,2,0,0,0,0,0,0,0,0,0,0,0,0.0,0.0,0.0,0.0,0.0,0.0,50.0,0.0,0.0,0.0,0.0,0.0,0.0,50.0,0.0,0.0,0.0,0.0,0.0,0.0,0.0,0.0,0.0,0.0,0.0,T13,2
YouTube::@imeldasalamanca3937,YouTube,1,2,0,0,0,0,0,0,2,0,0,0,0,0,0,0,0,0,0,0,0,0,0,0,0,0,0,0.0,0.0,0.0,0.0,0.0,0.0,100.0,0.0,0.0,0.0,0.0,0.0,0.0,0.0,0.0,0.0,0.0,0.0,0.0,0.0,0.0,0.0,0.0,0.0,0.0,T06,2
YouTube::@indrid4015,YouTube,2,10,0,0,1,2,0,0,3,0,1,0,0,1,0,0,1,0,0,0,0,0,0,1,0,0,0,0.0,0.0,10.0,20.0,0.0,0.0,30.0,0.0,10.0,0.0,0.0,10.0,0.0,0.0,10.0,0.0,0.0,0.0,0.0,0.0,0.0,10.0,0.0,0.0,0.0,T06,3
YouTube::@ingarqraca8765,YouTube,1,14,0,0,0,0,0,1,5,0,1,2,0,0,1,1,0,1,0,1,0,0,0,0,0,1,0,0.0,0.0,0.0,0.0,0.0,7.1,35.7,0.0,7.1,14.3,0.0,0.0,7.1,7.1,0.0,7.1,0.0,7.1,0.0,0.0,0.0,0.0,0.0,7.1,0.0,T06,5
YouTube::@ingrisitasthelllima664,YouTube,1,4,0,0,0,0,0,0,2,0,0,1,0,0,0,0,0,0,0,0,0,0,0,1,0,0,0,0.0,0.0,0.0,0.0,0.0,0.0,50.0,0.0,0.0,25.0,0.0,0.0,0.0,0.0,0.0,0.0,0.0,0.0,0.0,0.0,0.0,25.0,0.0,0.0,0.0,T06,2
YouTube::@irasemamartinez5471,YouTube,1,8,0,0,0,0,0,0,2,0,0,1,0,0,0,0,2,0,0,0,0,0,1,1,1,0,0,0.0,0.0,0.0,0.0,0.0,0.0,25.0,0.0,0.0,12.5,0.0,0.0,0.0,0.0,25.0,0.0,0.0,0.0,0.0,0.0,12.5,12.5,12.5,0.0,0.0,T06,2
YouTube::@irenelouly9487,YouTube,1,3,0,0,0,0,0,0,2,0,0,0,0,0,0,0,0,0,0,0,0,0,0,0,1,0,0,0.0,0.0,0.0,0.0,0.0,0.0,66.7,0.0,0.0,0.0,0.0,0.0,0.0,0.0,0.0,0.0,0.0,0.0,0.0,0.0,0.0,0.0,33.3,0.0,0.0,T06,2
YouTube::@irmacolorina,YouTube,3,12,0,0,0,0,0,0,5,0,2,0,0,0,0,1,0,0,0,0,2,0,0,1,1,0,0,0.0,0.0,0.0,0.0,0.0,0.0,41.7,0.0,16.7,0.0,0.0,0.0,0.0,8.3,0.0,0.0,0.0,0.0,16.7,0.0,0.0,8.3,8.3,0.0,0.0,T06,5
YouTube::@irmagalicia5716,YouTube,1,6,0,0,0,0,0,0,4,0,0,0,0,0,0,0,0,0,0,0,0,1,0,1,0,0,0,0.0,0.0,0.0,0.0,0.0,0.0,66.7,0.0,0.0,0.0,0.0,0.0,0.0,0.0,0.0,0.0,0.0,0.0,0.0,16.7,0.0,16.7,0.0,0.0,0.0,T06,4
YouTube::@irmahernandez1291,YouTube,1,4,0,0,0,0,0,0,3,0,1,0,0,0,0,0,0,0,0,0,0,0,0,0,0,0,0,0.0,0.0,0.0,0.0,0.0,0.0,75.0,0.0,25.0,0.0,0.0,0.0,0.0,0.0,0.0,0.0,0.0,0.0,0.0,0.0,0.0,0.0,0.0,0.0,0.0,T06,3
YouTube::@irmajurado2125,YouTube,1,1,0,0,0,0,0,0,1,0,0,0,0,0,0,0,0,0,0,0,0,0,0,0,0,0,0,0.0,0.0,0.0,0.0,0.0,0.0,100.0,0.0,0.0,0.0,0.0,0.0,0.0,0.0,0.0,0.0,0.0,0.0,0.0,0.0,0.0,0.0,0.0,0.0,0.0,T06,1
YouTube::@irmareyes2608,YouTube,1,0,0,0,0,0,0,0,0,0,0,0,0,0,0,0,0,0,0,0,0,0,0,0,0,0,0,0.0,0.0,0.0,0.0,0.0,0.0,0.0,0.0,0.0,0.0,0.0,0.0,0.0,0.0,0.0,0.0,0.0,0.0,0.0,0.0,0.0,0.0,0.0,0.0,0.0,,0
YouTube::@irmasuarez5931,YouTube,1,5,0,0,0,0,0,0,2,0,0,0,0,0,0,0,0,0,0,0,1,1,0,1,0,0,0,0.0,0.0,0.0,0.0,0.0,0.0,40.0,0.0,0.0,0.0,0.0,0.0,0.0,0.0,0.0,0.0,0.0,0.0,20.0,20.0,0.0,20.0,0.0,0.0,0.0,T06,2
YouTube::@irmazunigahernandez9583,YouTube,1,5,0,0,0,0,0,0,0,1,0,0,0,0,0,0,1,1,0,0,0,0,0,1,1,0,0,0.0,0.0,0.0,0.0,0.0,0.0,0.0,20.0,0.0,0.0,0.0,0.0,0.0,0.0,20.0,20.0,0.0,0.0,0.0,0.0,0.0,20.0,20.0,0.0,0.0,T22,1
YouTube::@isaacm3591,YouTube,1,3,0,0,0,2,0,0,0,0,0,0,0,0,0,0,0,0,0,0,0,0,0,1,0,0,0,0.0,0.0,0.0,66.7,0.0,0.0,0.0,0.0,0.0,0.0,0.0,0.0,0.0,0.0,0.0,0.0,0.0,0.0,0.0,0.0,0.0,33.3,0.0,0.0,0.0,T03,2
YouTube::@isaacrm3825,YouTube,1,1,0,0,0,1,0,0,0,0,0,0,0,0,0,0,0,0,0,0,0,0,0,0,0,0,0,0.0,0.0,0.0,100.0,0.0,0.0,0.0,0.0,0.0,0.0,0.0,0.0,0.0,0.0,0.0,0.0,0.0,0.0,0.0,0.0,0.0,0.0,0.0,0.0,0.0,T03,1
YouTube::@isabelesparza5808,YouTube,1,2,0,0,0,0,0,0,0,0,0,0,0,0,0,0,0,1,0,0,0,0,0,1,0,0,0,0.0,0.0,0.0,0.0,0.0,0.0,0.0,0.0,0.0,0.0,0.0,0.0,0.0,0.0,0.0,50.0,0.0,0.0,0.0,0.0,0.0,50.0,0.0,0.0,0.0,T15,1
YouTube::@isabeloliveraibarra3145,YouTube,1,10,0,0,0,1,0,0,0,0,1,1,0,0,0,0,0,1,0,0,0,0,0,4,2,0,0,0.0,0.0,0.0,10.0,0.0,0.0,0.0,0.0,10.0,10.0,0.0,0.0,0.0,0.0,0.0,10.0,0.0,0.0,0.0,0.0,0.0,40.0,20.0,0.0,0.0,T21,4
YouTube::@isabelsylviamartinez5290,YouTube,1,3,0,0,0,0,0,0,2,0,0,0,1,0,0,0,0,0,0,0,0,0,0,0,0,0,0,0.0,0.0,0.0,0.0,0.0,0.0,66.7,0.0,0.0,0.0,33.3,0.0,0.0,0.0,0.0,0.0,0.0,0.0,0.0,0.0,0.0,0.0,0.0,0.0,0.0,T06,2
YouTube::@isaiasmateos3758,YouTube,1,2,0,0,0,0,0,0,0,0,0,0,0,0,0,0,0,0,0,0,0,0,0,2,0,0,0,0.0,0.0,0.0,0.0,0.0,0.0,0.0,0.0,0.0,0.0,0.0,0.0,0.0,0.0,0.0,0.0,0.0,0.0,0.0,0.0,0.0,100.0,0.0,0.0,0.0,T21,2
YouTube::@iselaakiko7309,YouTube,1,3,0,0,0,0,0,0,0,0,0,0,0,0,0,0,1,0,0,0,2,0,0,0,0,0,0,0.0,0.0,0.0,0.0,0.0,0.0,0.0,0.0,0.0,0.0,0.0,0.0,0.0,0.0,33.3,0.0,0.0,0.0,66.7,0.0,0.0,0.0,0.0,0.0,0.0,T18,2
YouTube::@ismaelorea6712,YouTube,1,1,0,0,0,0,0,0,0,0,0,0,1,0,0,0,0,0,0,0,0,0,0,0,0,0,0,0.0,0.0,0.0,0.0,0.0,0.0,0.0,0.0,0.0,0.0,100.0,0.0,0.0,0.0,0.0,0.0,0.0,0.0,0.0,0.0,0.0,0.0,0.0,0.0,0.0,T10,1
YouTube::@ismalaifgh203,YouTube,1,3,0,0,0,0,0,0,0,0,0,0,0,1,0,0,0,0,0,0,0,0,2,0,0,0,0,0.0,0.0,0.0,0.0,0.0,0.0,0.0,0.0,0.0,0.0,0.0,33.3,0.0,0.0,0.0,0.0,0.0,0.0,0.0,0.0,66.7,0.0,0.0,0.0,0.0,T20,2
YouTube::@israelbadillo1975,YouTube,1,10,0,0,0,1,1,1,3,0,1,0,0,0,0,0,1,0,0,0,1,0,0,1,0,0,0,0.0,0.0,0.0,10.0,10.0,10.0,30.0,0.0,10.0,0.0,0.0,0.0,0.0,0.0,10.0,0.0,0.0,0.0,10.0,0.0,0.0,10.0,0.0,0.0,0.0,T06,3
YouTube::@israelestrada96,YouTube,1,3,0,0,0,0,0,0,0,0,0,0,0,2,1,0,0,0,0,0,0,0,0,0,0,0,0,0.0,0.0,0.0,0.0,0.0,0.0,0.0,0.0,0.0,0.0,0.0,66.7,33.3,0.0,0.0,0.0,0.0,0.0,0.0,0.0,0.0,0.0,0.0,0.0,0.0,T11,2
YouTube::@itssservicesproviderjosema8220,YouTube,1,14,1,0,2,0,1,0,1,0,1,1,3,1,0,0,0,0,0,0,0,0,0,0,3,0,0,7.1,0.0,14.3,0.0,7.1,0.0,7.1,0.0,7.1,7.1,21.4,7.1,0.0,0.0,0.0,0.0,0.0,0.0,0.0,0.0,0.0,0.0,21.4,0.0,0.0,T10,3
YouTube::@itzelsanchez9808,YouTube,1,1,0,0,0,0,0,0,0,0,0,0,0,0,0,0,0,1,0,0,0,0,0,0,0,0,0,0.0,0.0,0.0,0.0,0.0,0.0,0.0,0.0,0.0,0.0,0.0,0.0,0.0,0.0,0.0,100.0,0.0,0.0,0.0,0.0,0.0,0.0,0.0,0.0,0.0,T15,1
YouTube::@ivalexguertes388,YouTube,1,13,0,0,1,2,0,0,0,2,0,1,0,2,0,2,0,0,0,0,0,0,2,0,0,1,0,0.0,0.0,7.7,15.4,0.0,0.0,0.0,15.4,0.0,7.7,0.0,15.4,0.0,15.4,0.0,0.0,0.0,0.0,0.0,0.0,15.4,0.0,0.0,7.7,0.0,T03,2
YouTube::@ivan30900,YouTube,1,2,0,0,0,0,0,0,0,0,0,0,0,0,0,0,0,0,0,1,0,0,0,0,1,0,0,0.0,0.0,0.0,0.0,0.0,0.0,0.0,0.0,0.0,0.0,0.0,0.0,0.0,0.0,0.0,0.0,0.0,50.0,0.0,0.0,0.0,0.0,50.0,0.0,0.0,T22,1
YouTube::@ivanisraeltrujillobolanos8802,YouTube,1,2,0,0,0,0,0,0,1,0,0,0,0,0,0,0,0,0,0,0,0,1,0,0,0,0,0,0.0,0.0,0.0,0.0,0.0,0.0,50.0,0.0,0.0,0.0,0.0,0.0,0.0,0.0,0.0,0.0,0.0,0.0,0.0,50.0,0.0,0.0,0.0,0.0,0.0,T19,1
YouTube::@ivonnerosario9815,YouTube,1,2,0,1,0,0,0,1,0,0,0,0,0,0,0,0,0,0,0,0,0,0,0,0,0,0,0,0.0,50.0,0.0,0.0,0.0,50.0,0.0,0.0,0.0,0.0,0.0,0.0,0.0,0.0,0.0,0.0,0.0,0.0,0.0,0.0,0.0,0.0,0.0,0.0,0.0,T01,1
YouTube::@ivsbars392,YouTube,1,15,1,1,1,0,0,0,2,0,0,1,3,0,1,0,0,1,0,1,1,0,1,0,1,0,0,6.7,6.7,6.7,0.0,0.0,0.0,13.3,0.0,0.0,6.7,20.0,0.0,6.7,0.0,0.0,6.7,0.0,6.7,6.7,0.0,6.7,0.0,6.7,0.0,0.0,T10,3
YouTube::@ixar23,YouTube,1,4,0,0,0,0,0,0,3,0,0,1,0,0,0,0,0,0,0,0,0,0,0,0,0,0,0,0.0,0.0,0.0,0.0,0.0,0.0,75.0,0.0,0.0,25.0,0.0,0.0,0.0,0.0,0.0,0.0,0.0,0.0,0.0,0.0,0.0,0.0,0.0,0.0,0.0,T06,3
YouTube::@izabeldelima2203,YouTube,1,12,0,0,0,0,1,0,0,1,2,3,0,1,0,1,0,0,0,0,1,0,1,1,0,0,0,0.0,0.0,0.0,0.0,8.3,0.0,0.0,8.3,16.7,25.0,0.0,8.3,0.0,8.3,0.0,0.0,0.0,0.0,8.3,0.0,8.3,8.3,0.0,0.0,0.0,T09,3
YouTube::@j.santaella9202,YouTube,1,12,0,0,1,0,0,2,0,0,0,0,3,0,1,0,0,0,0,0,1,1,0,3,0,0,0,0.0,0.0,8.3,0.0,0.0,16.7,0.0,0.0,0.0,0.0,25.0,0.0,8.3,0.0,0.0,0.0,0.0,0.0,8.3,8.3,0.0,25.0,0.0,0.0,0.0,T10,3
YouTube::@jaazcago,YouTube,1,4,0,0,0,0,0,0,0,0,0,0,0,2,0,0,0,0,1,0,0,0,0,0,0,1,0,0.0,0.0,0.0,0.0,0.0,0.0,0.0,0.0,0.0,0.0,0.0,50.0,0.0,0.0,0.0,0.0,25.0,0.0,0.0,0.0,0.0,0.0,0.0,25.0,0.0,T11,2
YouTube::@jaibitamor,YouTube,1,11,0,0,0,0,1,1,7,0,0,0,1,0,0,0,0,0,0,0,0,0,0,0,1,0,0,0.0,0.0,0.0,0.0,9.1,9.1,63.6,0.0,0.0,0.0,9.1,0.0,0.0,0.0,0.0,0.0,0.0,0.0,0.0,0.0,0.0,0.0,9.1,0.0,0.0,T06,7
YouTube::@jaimecollazo3733,YouTube,2,2,0,0,0,0,0,0,0,0,0,0,0,0,0,0,0,0,0,0,0,0,0,2,0,0,0,0.0,0.0,0.0,0.0,0.0,0.0,0.0,0.0,0.0,0.0,0.0,0.0,0.0,0.0,0.0,0.0,0.0,0.0,0.0,0.0,0.0,100.0,0.0,0.0,0.0,T21,2
YouTube::@jaimemendez7122,YouTube,1,4,0,0,0,0,0,0,0,0,0,0,0,0,0,0,0,0,0,0,0,0,0,4,0,0,0,0.0,0.0,0.0,0.0,0.0,0.0,0.0,0.0,0.0,0.0,0.0,0.0,0.0,0.0,0.0,0.0,0.0,0.0,0.0,0.0,0.0,100.0,0.0,0.0,0.0,T21,4
YouTube::@janetapia9709,YouTube,2,25,0,0,0,1,1,2,9,0,0,2,2,1,1,0,1,1,0,0,2,1,0,0,0,1,0,0.0,0.0,0.0,4.0,4.0,8.0,36.0,0.0,0.0,8.0,8.0,4.0,4.0,0.0,4.0,4.0,0.0,0.0,8.0,4.0,0.0,0.0,0.0,4.0,0.0,T06,9
YouTube::@janmastin,YouTube,1,13,0,0,1,1,0,0,0,0,0,2,0,1,2,1,1,0,0,0,1,0,0,2,1,0,0,0.0,0.0,7.7,7.7,0.0,0.0,0.0,0.0,0.0,15.4,0.0,7.7,15.4,7.7,7.7,0.0,0.0,0.0,7.7,0.0,0.0,15.4,7.7,0.0,0.0,T21,2
YouTube::@javier-p4e1t,YouTube,1,3,0,0,0,0,0,0,2,0,0,1,0,0,0,0,0,0,0,0,0,0,0,0,0,0,0,0.0,0.0,0.0,0.0,0.0,0.0,66.7,0.0,0.0,33.3,0.0,0.0,0.0,0.0,0.0,0.0,0.0,0.0,0.0,0.0,0.0,0.0,0.0,0.0,0.0,T06,2
YouTube::@javieralvarado5477,YouTube,1,4,0,0,0,0,0,0,1,0,1,0,0,0,0,0,1,0,0,0,0,0,0,0,1,0,0,0.0,0.0,0.0,0.0,0.0,0.0,25.0,0.0,25.0,0.0,0.0,0.0,0.0,0.0,25.0,0.0,0.0,0.0,0.0,0.0,0.0,0.0,25.0,0.0,0.0,T14,1
YouTube::@javieralvarez4689,YouTube,1,2,0,0,0,0,0,0,0,0,0,0,0,0,0,0,0,0,0,0,0,0,0,0,2,0,0,0.0,0.0,0.0,0.0,0.0,0.0,0.0,0.0,0.0,0.0,0.0,0.0,0.0,0.0,0.0,0.0,0.0,0.0,0.0,0.0,0.0,0.0,100.0,0.0,0.0,T22,2
YouTube::@javieraquino5910,YouTube,1,4,0,0,0,2,0,0,0,0,0,0,0,0,0,0,1,0,0,1,0,0,0,0,0,0,0,0.0,0.0,0.0,50.0,0.0,0.0,0.0,0.0,0.0,0.0,0.0,0.0,0.0,0.0,25.0,0.0,0.0,25.0,0.0,0.0,0.0,0.0,0.0,0.0,0.0,T03,2
YouTube::@javierbarranco7757,YouTube,1,15,0,0,0,1,0,0,1,0,0,0,3,4,0,0,0,1,0,0,0,1,1,1,1,1,0,0.0,0.0,0.0,6.7,0.0,0.0,6.7,0.0,0.0,0.0,20.0,26.7,0.0,0.0,0.0,6.7,0.0,0.0,0.0,6.7,6.7,6.7,6.7,6.7,0.0,T11,4
YouTube::@javierbarrios1491,YouTube,1,7,0,0,0,0,0,0,0,0,0,0,0,0,0,0,2,1,0,1,1,1,0,0,1,0,0,0.0,0.0,0.0,0.0,0.0,0.0,0.0,0.0,0.0,0.0,0.0,0.0,0.0,0.0,28.6,14.3,0.0,14.3,14.3,14.3,0.0,0.0,14.3,0.0,0.0,T14,2
YouTube::@javiercarrera9124,YouTube,1,8,0,0,0,0,0,0,2,2,0,0,0,0,0,0,0,0,0,1,0,1,0,2,0,0,0,0.0,0.0,0.0,0.0,0.0,0.0,25.0,25.0,0.0,0.0,0.0,0.0,0.0,0.0,0.0,0.0,0.0,12.5,0.0,12.5,0.0,25.0,0.0,0.0,0.0,T07,2
YouTube::@javierchavezluna2943,YouTube,1,14,0,1,1,0,1,0,4,1,2,1,0,0,0,0,0,0,0,0,0,0,0,0,0,2,1,0.0,7.1,7.1,0.0,7.1,0.0,28.6,7.1,14.3,7.1,0.0,0.0,0.0,0.0,0.0,0.0,0.0,0.0,0.0,0.0,0.0,0.0,0.0,14.3,7.1,T06,4
YouTube::@javiergomez5590,YouTube,1,4,0,0,0,0,0,0,0,0,0,0,0,0,0,0,0,1,0,0,0,0,0,1,2,0,0,0.0,0.0,0.0,0.0,0.0,0.0,0.0,0.0,0.0,0.0,0.0,0.0,0.0,0.0,0.0,25.0,0.0,0.0,0.0,0.0,0.0,25.0,50.0,0.0,0.0,T22,2
YouTube::@javierguillen1623,YouTube,1,8,0,0,0,0,1,0,2,0,1,0,1,1,0,0,0,0,0,0,0,0,2,0,0,0,0,0.0,0.0,0.0,0.0,12.5,0.0,25.0,0.0,12.5,0.0,12.5,12.5,0.0,0.0,0.0,0.0,0.0,0.0,0.0,0.0,25.0,0.0,0.0,0.0,0.0,T06,2
YouTube::@javiermontejo7953,YouTube,1,4,0,0,0,0,0,0,0,0,1,0,0,2,0,0,0,0,0,0,0,0,0,0,0,0,1,0.0,0.0,0.0,0.0,0.0,0.0,0.0,0.0,25.0,0.0,0.0,50.0,0.0,0.0,0.0,0.0,0.0,0.0,0.0,0.0,0.0,0.0,0.0,0.0,25.0,T11,2
YouTube::@javiermunoz4307,YouTube,1,30,0,1,2,0,4,3,3,0,1,1,2,2,0,0,0,1,1,3,1,0,0,4,1,0,0,0.0,3.3,6.7,0.0,13.3,10.0,10.0,0.0,3.3,3.3,6.7,6.7,0.0,0.0,0.0,3.3,3.3,10.0,3.3,0.0,0.0,13.3,3.3,0.0,0.0,T04,4
YouTube::@javierrocha7780,YouTube,1,1,0,0,0,0,0,0,0,0,0,0,0,0,0,0,0,1,0,0,0,0,0,0,0,0,0,0.0,0.0,0.0,0.0,0.0,0.0,0.0,0.0,0.0,0.0,0.0,0.0,0.0,0.0,0.0,100.0,0.0,0.0,0.0,0.0,0.0,0.0,0.0,0.0,0.0,T15,1
YouTube::@javierromero2094,YouTube,1,1,0,0,0,0,0,0,0,0,0,0,0,1,0,0,0,0,0,0,0,0,0,0,0,0,0,0.0,0.0,0.0,0.0,0.0,0.0,0.0,0.0,0.0,0.0,0.0,100.0,0.0,0.0,0.0,0.0,0.0,0.0,0.0,0.0,0.0,0.0,0.0,0.0,0.0,T11,1
YouTube::@jazmingonzalezhernandez8121,YouTube,1,4,0,0,0,0,0,0,2,0,0,0,0,0,0,0,0,0,0,0,0,1,0,0,0,0,1,0.0,0.0,0.0,0.0,0.0,0.0,50.0,0.0,0.0,0.0,0.0,0.0,0.0,0.0,0.0,0.0,0.0,0.0,0.0,25.0,0.0,0.0,0.0,0.0,25.0,T06,2
YouTube::@jazminlobo3229,YouTube,1,5,0,0,0,1,0,1,3,0,0,0,0,0,0,0,0,0,0,0,0,0,0,0,0,0,0,0.0,0.0,0.0,20.0,0.0,20.0,60.0,0.0,0.0,0.0,0.0,0.0,0.0,0.0,0.0,0.0,0.0,0.0,0.0,0.0,0.0,0.0,0.0,0.0,0.0,T06,3
YouTube::@jazzl6185,YouTube,1,1,0,0,0,0,0,0,1,0,0,0,0,0,0,0,0,0,0,0,0,0,0,0,0,0,0,0.0,0.0,0.0,0.0,0.0,0.0,100.0,0.0,0.0,0.0,0.0,0.0,0.0,0.0,0.0,0.0,0.0,0.0,0.0,0.0,0.0,0.0,0.0,0.0,0.0,T06,1
YouTube::@jccarrera9261,YouTube,1,2,0,0,0,0,0,0,0,0,0,0,0,0,0,0,0,0,0,0,0,0,0,1,0,1,0,0.0,0.0,0.0,0.0,0.0,0.0,0.0,0.0,0.0,0.0,0.0,0.0,0.0,0.0,0.0,0.0,0.0,0.0,0.0,0.0,0.0,50.0,0.0,50.0,0.0,T21,1
YouTube::@jchurriosxkfkxkxkckcicico,YouTube,1,6,0,0,0,0,0,0,0,0,1,0,0,0,0,0,0,0,0,1,0,0,1,1,1,0,1,0.0,0.0,0.0,0.0,0.0,0.0,0.0,0.0,16.7,0.0,0.0,0.0,0.0,0.0,0.0,0.0,0.0,16.7,0.0,0.0,16.7,16.7,16.7,0.0,16.7,T22,1
YouTube::@jegjpme,YouTube,1,3,0,0,1,0,0,0,0,0,0,0,0,1,0,0,0,0,0,0,0,0,0,1,0,0,0,0.0,0.0,33.3,0.0,0.0,0.0,0.0,0.0,0.0,0.0,0.0,33.3,0.0,0.0,0.0,0.0,0.0,0.0,0.0,0.0,0.0,33.3,0.0,0.0,0.0,T11,1
YouTube::@jequer._15,YouTube,1,3,0,0,0,0,0,1,0,0,0,0,0,0,0,0,2,0,0,0,0,0,0,0,0,0,0,0.0,0.0,0.0,0.0,0.0,33.3,0.0,0.0,0.0,0.0,0.0,0.0,0.0,0.0,66.7,0.0,0.0,0.0,0.0,0.0,0.0,0.0,0.0,0.0,0.0,T14,2
YouTube::@jesaiasmunoz9683,YouTube,1,3,0,0,0,0,1,0,2,0,0,0,0,0,0,0,0,0,0,0,0,0,0,0,0,0,0,0.0,0.0,0.0,0.0,33.3,0.0,66.7,0.0,0.0,0.0,0.0,0.0,0.0,0.0,0.0,0.0,0.0,0.0,0.0,0.0,0.0,0.0,0.0,0.0,0.0,T06,2
YouTube::@jessicanavit,YouTube,1,10,0,1,0,0,0,1,5,0,0,1,0,0,0,0,0,0,0,0,0,1,0,0,0,1,0,0.0,10.0,0.0,0.0,0.0,10.0,50.0,0.0,0.0,10.0,0.0,0.0,0.0,0.0,0.0,0.0,0.0,0.0,0.0,10.0,0.0,0.0,0.0,10.0,0.0,T06,5
YouTube::@jessieflores2153,YouTube,1,1,0,0,0,0,0,0,0,0,0,0,0,0,0,0,0,0,0,1,0,0,0,0,0,0,0,0.0,0.0,0.0,0.0,0.0,0.0,0.0,0.0,0.0,0.0,0.0,0.0,0.0,0.0,0.0,0.0,0.0,100.0,0.0,0.0,0.0,0.0,0.0,0.0,0.0,T17,1
YouTube::@jesus6387,YouTube,1,3,0,0,0,0,0,0,1,0,1,0,0,0,0,1,0,0,0,0,0,0,0,0,0,0,0,0.0,0.0,0.0,0.0,0.0,0.0,33.3,0.0,33.3,0.0,0.0,0.0,0.0,33.3,0.0,0.0,0.0,0.0,0.0,0.0,0.0,0.0,0.0,0.0,0.0,T08,1
YouTube::@jesusaguilarplascencia7754,YouTube,1,7,0,0,0,0,0,2,1,0,0,0,0,0,0,1,0,0,0,0,0,0,1,2,0,0,0,0.0,0.0,0.0,0.0,0.0,28.6,14.3,0.0,0.0,0.0,0.0,0.0,0.0,14.3,0.0,0.0,0.0,0.0,0.0,0.0,14.3,28.6,0.0,0.0,0.0,T05,2
YouTube::@jesuscervantescastro8928,YouTube,1,2,0,0,0,0,0,0,0,0,0,0,1,0,0,0,0,0,0,0,0,0,0,0,1,0,0,0.0,0.0,0.0,0.0,0.0,0.0,0.0,0.0,0.0,0.0,50.0,0.0,0.0,0.0,0.0,0.0,0.0,0.0,0.0,0.0,0.0,0.0,50.0,0.0,0.0,T10,1
YouTube::@jesusjaimegonzalez4872,YouTube,1,12,0,0,0,1,0,0,4,0,0,0,0,2,0,0,0,0,0,0,3,0,0,2,0,0,0,0.0,0.0,0.0,8.3,0.0,0.0,33.3,0.0,0.0,0.0,0.0,16.7,0.0,0.0,0.0,0.0,0.0,0.0,25.0,0.0,0.0,16.7,0.0,0.0,0.0,T06,4
YouTube::@jesuslennon1404,YouTube,1,8,0,0,1,0,0,0,0,0,1,0,0,3,0,0,0,0,0,1,0,0,0,0,1,0,1,0.0,0.0,12.5,0.0,0.0,0.0,0.0,0.0,12.5,0.0,0.0,37.5,0.0,0.0,0.0,0.0,0.0,12.5,0.0,0.0,0.0,0.0,12.5,0.0,12.5,T11,3
YouTube::@jesuslopezmorales-vt9us,YouTube,1,8,0,0,0,0,1,1,1,0,2,1,0,0,0,0,0,0,0,0,0,0,0,1,0,0,1,0.0,0.0,0.0,0.0,12.5,12.5,12.5,0.0,25.0,12.5,0.0,0.0,0.0,0.0,0.0,0.0,0.0,0.0,0.0,0.0,0.0,12.5,0.0,0.0,12.5,T08,2
YouTube::@jesuspuente2294,YouTube,1,6,0,0,0,0,0,0,2,0,0,0,1,0,0,0,0,0,0,0,0,0,1,1,1,0,0,0.0,0.0,0.0,0.0,0.0,0.0,33.3,0.0,0.0,0.0,16.7,0.0,0.0,0.0,0.0,0.0,0.0,0.0,0.0,0.0,16.7,16.7,16.7,0.0,0.0,T06,2
YouTube::@jesusvalencia7123,YouTube,1,2,0,0,0,0,0,0,1,0,0,0,1,0,0,0,0,0,0,0,0,0,0,0,0,0,0,0.0,0.0,0.0,0.0,0.0,0.0,50.0,0.0,0.0,0.0,50.0,0.0,0.0,0.0,0.0,0.0,0.0,0.0,0.0,0.0,0.0,0.0,0.0,0.0,0.0,T06,1
YouTube::@jgvg2587,YouTube,1,3,0,0,0,0,0,0,0,1,0,0,0,0,0,0,0,0,0,0,0,1,0,0,0,1,0,0.0,0.0,0.0,0.0,0.0,0.0,0.0,33.3,0.0,0.0,0.0,0.0,0.0,0.0,0.0,0.0,0.0,0.0,0.0,33.3,0.0,0.0,0.0,33.3,0.0,T07,1
YouTube::@jhod1979,YouTube,1,0,0,0,0,0,0,0,0,0,0,0,0,0,0,0,0,0,0,0,0,0,0,0,0,0,0,0.0,0.0,0.0,0.0,0.0,0.0,0.0,0.0,0.0,0.0,0.0,0.0,0.0,0.0,0.0,0.0,0.0,0.0,0.0,0.0,0.0,0.0,0.0,0.0,0.0,,0
YouTube::@jimmytimmy3680,YouTube,1,3,1,0,0,0,0,0,0,0,0,0,1,0,0,0,0,0,0,0,0,0,0,0,1,0,0,33.3,0.0,0.0,0.0,0.0,0.0,0.0,0.0,0.0,0.0,33.3,0.0,0.0,0.0,0.0,0.0,0.0,0.0,0.0,0.0,0.0,0.0,33.3,0.0,0.0,T00,1
YouTube::@jinkazama9287,YouTube,1,9,0,0,0,1,1,1,1,0,0,0,2,0,1,0,1,0,0,0,0,0,0,0,1,0,0,0.0,0.0,0.0,11.1,11.1,11.1,11.1,0.0,0.0,0.0,22.2,0.0,11.1,0.0,11.1,0.0,0.0,0.0,0.0,0.0,0.0,0.0,11.1,0.0,0.0,T10,2
YouTube::@jjjjjjjjjjjjjjjjj8452,YouTube,1,1,0,0,0,0,0,0,0,0,0,0,0,0,0,0,0,0,0,0,0,0,1,0,0,0,0,0.0,0.0,0.0,0.0,0.0,0.0,0.0,0.0,0.0,0.0,0.0,0.0,0.0,0.0,0.0,0.0,0.0,0.0,0.0,0.0,100.0,0.0,0.0,0.0,0.0,T20,1
YouTube::@jkhaulingandjunkremovalser4303,YouTube,3,18,0,0,3,0,1,0,0,0,5,0,3,0,0,0,0,1,0,2,2,0,0,1,0,0,0,0.0,0.0,16.7,0.0,5.6,0.0,0.0,0.0,27.8,0.0,16.7,0.0,0.0,0.0,0.0,5.6,0.0,11.1,11.1,0.0,0.0,5.6,0.0,0.0,0.0,T08,5
YouTube::@jml5809,YouTube,1,5,0,0,0,0,0,0,2,0,0,0,0,0,1,1,0,1,0,0,0,0,0,0,0,0,0,0.0,0.0,0.0,0.0,0.0,0.0,40.0,0.0,0.0,0.0,0.0,0.0,20.0,20.0,0.0,20.0,0.0,0.0,0.0,0.0,0.0,0.0,0.0,0.0,0.0,T06,2
YouTube::@jmmb6065,YouTube,1,5,0,0,0,0,0,0,0,0,0,1,0,0,0,0,1,0,0,0,0,0,0,2,1,0,0,0.0,0.0,0.0,0.0,0.0,0.0,0.0,0.0,0.0,20.0,0.0,0.0,0.0,0.0,20.0,0.0,0.0,0.0,0.0,0.0,0.0,40.0,20.0,0.0,0.0,T21,2
YouTube::@joanrodriguez4128,YouTube,1,4,0,0,0,0,0,0,0,1,1,0,0,1,0,0,0,0,0,0,0,0,0,0,0,1,0,0.0,0.0,0.0,0.0,0.0,0.0,0.0,25.0,25.0,0.0,0.0,25.0,0.0,0.0,0.0,0.0,0.0,0.0,0.0,0.0,0.0,0.0,0.0,25.0,0.0,T23,1
YouTube::@joaquincortes3930,YouTube,2,2,0,0,0,0,0,0,1,0,0,0,0,0,0,0,0,0,0,0,0,0,0,1,0,0,0,0.0,0.0,0.0,0.0,0.0,0.0,50.0,0.0,0.0,0.0,0.0,0.0,0.0,0.0,0.0,0.0,0.0,0.0,0.0,0.0,0.0,50.0,0.0,0.0,0.0,T06,1
YouTube::@joaquinl.v.1776,YouTube,1,10,0,0,0,3,0,0,0,0,2,0,0,0,1,0,1,0,0,1,0,0,0,2,0,0,0,0.0,0.0,0.0,30.0,0.0,0.0,0.0,0.0,20.0,0.0,0.0,0.0,10.0,0.0,10.0,0.0,0.0,10.0,0.0,0.0,0.0,20.0,0.0,0.0,0.0,T03,3
YouTube::@joaquinsilva1303,YouTube,1,5,0,0,0,0,1,0,1,1,1,0,0,0,0,0,0,0,0,0,0,0,0,0,1,0,0,0.0,0.0,0.0,0.0,20.0,0.0,20.0,20.0,20.0,0.0,0.0,0.0,0.0,0.0,0.0,0.0,0.0,0.0,0.0,0.0,0.0,0.0,20.0,0.0,0.0,T06,1
YouTube::@joelbaizabal2765,YouTube,1,6,0,0,0,0,2,0,0,0,0,0,0,0,0,1,0,0,0,0,0,0,0,3,0,0,0,0.0,0.0,0.0,0.0,33.3,0.0,0.0,0.0,0.0,0.0,0.0,0.0,0.0,16.7,0.0,0.0,0.0,0.0,0.0,0.0,0.0,50.0,0.0,0.0,0.0,T21,3
YouTube::@joelmontes621,YouTube,2,12,0,0,1,0,1,1,6,0,0,1,0,0,0,0,2,0,0,0,0,0,0,0,0,0,0,0.0,0.0,8.3,0.0,8.3,8.3,50.0,0.0,0.0,8.3,0.0,0.0,0.0,0.0,16.7,0.0,0.0,0.0,0.0,0.0,0.0,0.0,0.0,0.0,0.0,T06,6
YouTube::@johncitolee5445,YouTube,1,6,0,0,0,0,1,0,1,0,1,0,0,0,0,0,1,0,0,0,0,0,1,1,0,0,0,0.0,0.0,0.0,0.0,16.7,0.0,16.7,0.0,16.7,0.0,0.0,0.0,0.0,0.0,16.7,0.0,0.0,0.0,0.0,0.0,16.7,16.7,0.0,0.0,0.0,T21,1
YouTube::@jonathanalejandrolazarocha3814,YouTube,1,1,0,0,0,0,0,0,1,0,0,0,0,0,0,0,0,0,0,0,0,0,0,0,0,0,0,0.0,0.0,0.0,0.0,0.0,0.0,100.0,0.0,0.0,0.0,0.0,0.0,0.0,0.0,0.0,0.0,0.0,0.0,0.0,0.0,0.0,0.0,0.0,0.0,0.0,T06,1
YouTube::@jonathanrosas4994,YouTube,1,5,0,0,0,1,0,0,0,0,0,0,1,2,0,0,0,0,0,0,0,0,0,1,0,0,0,0.0,0.0,0.0,20.0,0.0,0.0,0.0,0.0,0.0,0.0,20.0,40.0,0.0,0.0,0.0,0.0,0.0,0.0,0.0,0.0,0.0,20.0,0.0,0.0,0.0,T11,2
YouTube::@jorgeaguilar5122,YouTube,1,12,0,0,1,0,0,0,1,0,0,0,0,1,0,0,0,0,0,1,1,0,1,2,3,0,1,0.0,0.0,8.3,0.0,0.0,0.0,8.3,0.0,0.0,0.0,0.0,8.3,0.0,0.0,0.0,0.0,0.0,8.3,8.3,0.0,8.3,16.7,25.0,0.0,8.3,T22,3
YouTube::@jorgealbertoherrera3778,YouTube,1,16,0,0,0,0,0,0,10,0,0,0,0,0,1,1,1,1,0,0,0,0,0,0,1,0,1,0.0,0.0,0.0,0.0,0.0,0.0,62.5,0.0,0.0,0.0,0.0,0.0,6.2,6.2,6.2,6.2,0.0,0.0,0.0,0.0,0.0,0.0,6.2,0.0,6.2,T06,10
YouTube::@jorgealbertosantiagogonzal6997,YouTube,1,6,0,0,0,0,0,0,4,0,0,1,0,0,0,0,0,0,0,0,0,0,0,0,0,0,1,0.0,0.0,0.0,0.0,0.0,0.0,66.7,0.0,0.0,16.7,0.0,0.0,0.0,0.0,0.0,0.0,0.0,0.0,0.0,0.0,0.0,0.0,0.0,0.0,16.7,T06,4
YouTube::@jorgearredondo9405,YouTube,1,2,0,0,0,0,0,0,0,0,1,0,0,0,0,0,0,0,0,0,1,0,0,0,0,0,0,0.0,0.0,0.0,0.0,0.0,0.0,0.0,0.0,50.0,0.0,0.0,0.0,0.0,0.0,0.0,0.0,0.0,0.0,50.0,0.0,0.0,0.0,0.0,0.0,0.0,T08,1
YouTube::@jorgearturonavarromagana4084,YouTube,1,6,0,0,0,0,0,0,0,0,1,0,1,0,0,1,0,1,0,0,0,0,0,1,1,0,0,0.0,0.0,0.0,0.0,0.0,0.0,0.0,0.0,16.7,0.0,16.7,0.0,0.0,16.7,0.0,16.7,0.0,0.0,0.0,0.0,0.0,16.7,16.7,0.0,0.0,T22,1
YouTube::@jorgehernandezmartinez331,YouTube,1,3,0,0,0,0,0,0,0,1,0,0,0,0,0,0,0,0,0,0,0,1,0,0,0,1,0,0.0,0.0,0.0,0.0,0.0,0.0,0.0,33.3,0.0,0.0,0.0,0.0,0.0,0.0,0.0,0.0,0.0,0.0,0.0,33.3,0.0,0.0,0.0,33.3,0.0,T23,1
YouTube::@jorgehumbertoruelasgarcia3907,YouTube,1,4,0,0,0,0,0,1,1,0,0,0,0,0,0,1,0,0,0,0,0,0,0,1,0,0,0,0.0,0.0,0.0,0.0,0.0,25.0,25.0,0.0,0.0,0.0,0.0,0.0,0.0,25.0,0.0,0.0,0.0,0.0,0.0,0.0,0.0,25.0,0.0,0.0,0.0,T13,1
YouTube::@jorgelazo7138,YouTube,1,1,0,0,0,0,0,0,0,0,0,0,0,0,0,0,0,0,1,0,0,0,0,0,0,0,0,0.0,0.0,0.0,0.0,0.0,0.0,0.0,0.0,0.0,0.0,0.0,0.0,0.0,0.0,0.0,0.0,100.0,0.0,0.0,0.0,0.0,0.0,0.0,0.0,0.0,T16,1
YouTube::@jorgeoctaviovaldiviacruz7744,YouTube,1,4,0,0,0,0,0,1,0,0,2,0,0,0,0,0,0,0,0,0,0,0,0,0,1,0,0,0.0,0.0,0.0,0.0,0.0,25.0,0.0,0.0,50.0,0.0,0.0,0.0,0.0,0.0,0.0,0.0,0.0,0.0,0.0,0.0,0.0,0.0,25.0,0.0,0.0,T08,2
YouTube::@jorger881,YouTube,1,7,0,0,0,2,1,0,1,0,0,0,2,0,0,0,0,0,0,1,0,0,0,0,0,0,0,0.0,0.0,0.0,28.6,14.3,0.0,14.3,0.0,0.0,0.0,28.6,0.0,0.0,0.0,0.0,0.0,0.0,14.3,0.0,0.0,0.0,0.0,0.0,0.0,0.0,T10,2
YouTube::@jorgevazquez8595,YouTube,1,12,0,0,0,1,0,0,7,0,1,1,0,1,0,0,0,0,1,0,0,0,0,0,0,0,0,0.0,0.0,0.0,8.3,0.0,0.0,58.3,0.0,8.3,8.3,0.0,8.3,0.0,0.0,0.0,0.0,8.3,0.0,0.0,0.0,0.0,0.0,0.0,0.0,0.0,T06,7
YouTube::@jornaleromx8731,YouTube,1,1,0,0,0,0,0,0,0,0,0,0,0,0,1,0,0,0,0,0,0,0,0,0,0,0,0,0.0,0.0,0.0,0.0,0.0,0.0,0.0,0.0,0.0,0.0,0.0,0.0,100.0,0.0,0.0,0.0,0.0,0.0,0.0,0.0,0.0,0.0,0.0,0.0,0.0,T12,1
YouTube::@joseabarca6755,YouTube,2,16,0,1,0,0,1,0,3,0,0,2,2,0,0,1,0,1,1,1,1,0,0,1,1,0,0,0.0,6.2,0.0,0.0,6.2,0.0,18.8,0.0,0.0,12.5,12.5,0.0,0.0,6.2,0.0,6.2,6.2,6.2,6.2,0.0,0.0,6.2,6.2,0.0,0.0,T06,3
YouTube::@josealbertobernal9124,YouTube,1,0,0,0,0,0,0,0,0,0,0,0,0,0,0,0,0,0,0,0,0,0,0,0,0,0,0,0.0,0.0,0.0,0.0,0.0,0.0,0.0,0.0,0.0,0.0,0.0,0.0,0.0,0.0,0.0,0.0,0.0,0.0,0.0,0.0,0.0,0.0,0.0,0.0,0.0,,0
YouTube::@josealbertomedinaavila1403,YouTube,1,4,0,0,0,0,0,0,2,0,0,0,0,0,1,0,0,0,0,1,0,0,0,0,0,0,0,0.0,0.0,0.0,0.0,0.0,0.0,50.0,0.0,0.0,0.0,0.0,0.0,25.0,0.0,0.0,0.0,0.0,25.0,0.0,0.0,0.0,0.0,0.0,0.0,0.0,T06,2
YouTube::@josealfredohernandez-fe8wg,YouTube,1,2,0,0,0,1,0,0,0,0,0,0,0,0,0,0,0,0,0,0,0,0,0,0,0,0,1,0.0,0.0,0.0,50.0,0.0,0.0,0.0,0.0,0.0,0.0,0.0,0.0,0.0,0.0,0.0,0.0,0.0,0.0,0.0,0.0,0.0,0.0,0.0,0.0,50.0,T03,1
YouTube::@joseangelmatias1466,YouTube,1,23,0,3,1,0,2,0,1,1,0,0,2,0,0,2,1,0,0,1,2,0,1,0,1,1,4,0.0,13.0,4.3,0.0,8.7,0.0,4.3,4.3,0.0,0.0,8.7,0.0,0.0,8.7,4.3,0.0,0.0,4.3,8.7,0.0,4.3,0.0,4.3,4.3,17.4,T24,4
YouTube::@joseantonioblancozaldivar847,YouTube,1,8,0,1,0,0,0,1,0,0,0,0,1,0,0,0,1,1,0,0,0,0,0,1,0,1,1,0.0,12.5,0.0,0.0,0.0,12.5,0.0,0.0,0.0,0.0,12.5,0.0,0.0,0.0,12.5,12.5,0.0,0.0,0.0,0.0,0.0,12.5,0.0,12.5,12.5,T15,1
YouTube::@joseantoniourdapilletamadr7483,YouTube,1,1,0,0,0,0,0,0,0,0,0,0,0,1,0,0,0,0,0,0,0,0,0,0,0,0,0,0.0,0.0,0.0,0.0,0.0,0.0,0.0,0.0,0.0,0.0,0.0,100.0,0.0,0.0,0.0,0.0,0.0,0.0,0.0,0.0,0.0,0.0,0.0,0.0,0.0,T11,1
YouTube::@josecamarilloromero969,YouTube,2,13,0,0,0,1,1,0,2,0,0,4,2,1,0,0,0,0,0,2,0,0,0,0,0,0,0,0.0,0.0,0.0,7.7,7.7,0.0,15.4,0.0,0.0,30.8,15.4,7.7,0.0,0.0,0.0,0.0,0.0,15.4,0.0,0.0,0.0,0.0,0.0,0.0,0.0,T09,4
YouTube::@josecarreno7780,YouTube,1,17,0,0,0,0,0,1,11,1,1,0,0,1,1,0,0,1,0,0,0,0,0,0,0,0,0,0.0,0.0,0.0,0.0,0.0,5.9,64.7,5.9,5.9,0.0,0.0,5.9,5.9,0.0,0.0,5.9,0.0,0.0,0.0,0.0,0.0,0.0,0.0,0.0,0.0,T06,11
YouTube::@josecastillo5544,YouTube,1,3,0,0,0,0,0,0,1,0,0,0,0,0,0,0,0,0,0,0,0,0,0,1,1,0,0,0.0,0.0,0.0,0.0,0.0,0.0,33.3,0.0,0.0,0.0,0.0,0.0,0.0,0.0,0.0,0.0,0.0,0.0,0.0,0.0,0.0,33.3,33.3,0.0,0.0,T22,1
YouTube::@josedejesuagonzalez7271,YouTube,1,9,1,0,0,0,0,0,0,0,1,0,0,0,0,0,1,0,0,1,0,0,0,1,4,0,0,11.1,0.0,0.0,0.0,0.0,0.0,0.0,0.0,11.1,0.0,0.0,0.0,0.0,0.0,11.1,0.0,0.0,11.1,0.0,0.0,0.0,11.1,44.4,0.0,0.0,T22,4
YouTube::@josedejesuslopezgutierrez4396,YouTube,1,0,0,0,0,0,0,0,0,0,0,0,0,0,0,0,0,0,0,0,0,0,0,0,0,0,0,0.0,0.0,0.0,0.0,0.0,0.0,0.0,0.0,0.0,0.0,0.0,0.0,0.0,0.0,0.0,0.0,0.0,0.0,0.0,0.0,0.0,0.0,0.0,0.0,0.0,,0
YouTube::@josedejesuspartidaserrano5845,YouTube,4,124,4,2,17,1,2,5,16,3,1,5,4,3,8,7,1,3,2,3,4,3,2,9,3,2,14,3.2,1.6,13.7,0.8,1.6,4.0,12.9,2.4,0.8,4.0,3.2,2.4,6.5,5.6,0.8,2.4,1.6,2.4,3.2,2.4,1.6,7.3,2.4,1.6,11.3,T02,17
YouTube::@joseeduardocorderoflores7992,YouTube,1,0,0,0,0,0,0,0,0,0,0,0,0,0,0,0,0,0,0,0,0,0,0,0,0,0,0,0.0,0.0,0.0,0.0,0.0,0.0,0.0,0.0,0.0,0.0,0.0,0.0,0.0,0.0,0.0,0.0,0.0,0.0,0.0,0.0,0.0,0.0,0.0,0.0,0.0,,0
YouTube::@joseesparza9832,YouTube,1,19,0,0,0,0,1,1,8,0,0,1,0,0,0,2,0,0,0,2,0,0,0,2,0,1,1,0.0,0.0,0.0,0.0,5.3,5.3,42.1,0.0,0.0,5.3,0.0,0.0,0.0,10.5,0.0,0.0,0.0,10.5,0.0,0.0,0.0,10.5,0.0,5.3,5.3,T06,8
YouTube::@josefaguzman1645,YouTube,1,6,0,0,0,0,0,0,2,0,1,3,0,0,0,0,0,0,0,0,0,0,0,0,0,0,0,0.0,0.0,0.0,0.0,0.0,0.0,33.3,0.0,16.7,50.0,0.0,0.0,0.0,0.0,0.0,0.0,0.0,0.0,0.0,0.0,0.0,0.0,0.0,0.0,0.0,T09,3
YouTube::@josefinarizo2954,YouTube,1,11,0,0,0,0,0,0,5,1,0,0,0,0,0,0,3,0,0,1,1,0,0,0,0,0,0,0.0,0.0,0.0,0.0,0.0,0.0,45.5,9.1,0.0,0.0,0.0,0.0,0.0,0.0,27.3,0.0,0.0,9.1,9.1,0.0,0.0,0.0,0.0,0.0,0.0,T06,5
YouTube::@josefinavazquez8388,YouTube,1,1,0,0,0,0,0,0,0,0,0,0,0,0,1,0,0,0,0,0,0,0,0,0,0,0,0,0.0,0.0,0.0,0.0,0.0,0.0,0.0,0.0,0.0,0.0,0.0,0.0,100.0,0.0,0.0,0.0,0.0,0.0,0.0,0.0,0.0,0.0,0.0,0.0,0.0,T12,1
YouTube::@josefranciscogalicia269,YouTube,1,5,0,2,0,1,0,0,0,0,0,0,0,0,0,0,0,1,0,0,0,0,0,0,1,0,0,0.0,40.0,0.0,20.0,0.0,0.0,0.0,0.0,0.0,0.0,0.0,0.0,0.0,0.0,0.0,20.0,0.0,0.0,0.0,0.0,0.0,0.0,20.0,0.0,0.0,T01,2
YouTube::@josegonzalez-fi4cl,YouTube,1,3,0,0,0,0,0,0,0,0,1,0,0,0,0,1,0,1,0,0,0,0,0,0,0,0,0,0.0,0.0,0.0,0.0,0.0,0.0,0.0,0.0,33.3,0.0,0.0,0.0,0.0,33.3,0.0,33.3,0.0,0.0,0.0,0.0,0.0,0.0,0.0,0.0,0.0,T13,1
YouTube::@josejavierlopezgomez2467,YouTube,1,3,0,0,0,0,0,0,0,0,0,0,0,1,0,0,0,0,0,0,0,0,0,0,0,1,1,0.0,0.0,0.0,0.0,0.0,0.0,0.0,0.0,0.0,0.0,0.0,33.3,0.0,0.0,0.0,0.0,0.0,0.0,0.0,0.0,0.0,0.0,0.0,33.3,33.3,T11,1
YouTube::@josejuanlazcanolopez4830,YouTube,1,5,0,0,0,0,0,0,1,0,1,0,0,0,1,0,0,0,0,0,0,0,1,0,1,0,0,0.0,0.0,0.0,0.0,0.0,0.0,20.0,0.0,20.0,0.0,0.0,0.0,20.0,0.0,0.0,0.0,0.0,0.0,0.0,0.0,20.0,0.0,20.0,0.0,0.0,T20,1
YouTube::@joselosoltero6493,YouTube,1,5,0,0,0,1,1,0,1,0,0,1,0,0,0,0,1,0,0,0,0,0,0,0,0,0,0,0.0,0.0,0.0,20.0,20.0,0.0,20.0,0.0,0.0,20.0,0.0,0.0,0.0,0.0,20.0,0.0,0.0,0.0,0.0,0.0,0.0,0.0,0.0,0.0,0.0,T14,1
YouTube::@joseluisespetia6356,YouTube,1,4,0,0,0,0,0,0,0,0,0,0,1,0,0,0,0,0,0,0,0,0,2,1,0,0,0,0.0,0.0,0.0,0.0,0.0,0.0,0.0,0.0,0.0,0.0,25.0,0.0,0.0,0.0,0.0,0.0,0.0,0.0,0.0,0.0,50.0,25.0,0.0,0.0,0.0,T20,2
YouTube::@joseluisgalicia654,YouTube,2,28,1,1,1,0,1,1,3,3,1,1,3,0,1,0,0,0,0,1,0,0,2,2,3,2,1,3.6,3.6,3.6,0.0,3.6,3.6,10.7,10.7,3.6,3.6,10.7,0.0,3.6,0.0,0.0,0.0,0.0,3.6,0.0,0.0,7.1,7.1,10.7,7.1,3.6,T10,3
YouTube::@joseluisgonzalez5034,YouTube,3,14,0,0,0,0,2,0,3,2,0,0,1,1,0,1,0,0,0,0,0,0,0,2,1,1,0,0.0,0.0,0.0,0.0,14.3,0.0,21.4,14.3,0.0,0.0,7.1,7.1,0.0,7.1,0.0,0.0,0.0,0.0,0.0,0.0,0.0,14.3,7.1,7.1,0.0,T06,3
YouTube::@joseluisvidal4099,YouTube,1,1,0,0,1,0,0,0,0,0,0,0,0,0,0,0,0,0,0,0,0,0,0,0,0,0,0,0.0,0.0,100.0,0.0,0.0,0.0,0.0,0.0,0.0,0.0,0.0,0.0,0.0,0.0,0.0,0.0,0.0,0.0,0.0,0.0,0.0,0.0,0.0,0.0,0.0,T02,1
YouTube::@josemandujano7626,YouTube,1,12,0,0,0,0,0,0,0,0,0,3,2,1,0,0,0,1,0,0,0,0,0,2,1,1,1,0.0,0.0,0.0,0.0,0.0,0.0,0.0,0.0,0.0,25.0,16.7,8.3,0.0,0.0,0.0,8.3,0.0,0.0,0.0,0.0,0.0,16.7,8.3,8.3,8.3,T09,3
YouTube::@josemaria-kv6mz,YouTube,1,6,0,0,0,0,2,0,3,0,1,0,0,0,0,0,0,0,0,0,0,0,0,0,0,0,0,0.0,0.0,0.0,0.0,33.3,0.0,50.0,0.0,16.7,0.0,0.0,0.0,0.0,0.0,0.0,0.0,0.0,0.0,0.0,0.0,0.0,0.0,0.0,0.0,0.0,T06,3
YouTube::@josemariafrancomichel644,YouTube,1,5,0,2,0,0,0,1,0,0,1,0,0,0,0,0,0,0,0,0,0,0,0,1,0,0,0,0.0,40.0,0.0,0.0,0.0,20.0,0.0,0.0,20.0,0.0,0.0,0.0,0.0,0.0,0.0,0.0,0.0,0.0,0.0,0.0,0.0,20.0,0.0,0.0,0.0,T01,2
YouTube::@josemartinez-zw8tk,YouTube,1,5,0,0,0,0,0,0,0,0,1,0,2,0,0,0,1,0,0,0,0,0,1,0,0,0,0,0.0,0.0,0.0,0.0,0.0,0.0,0.0,0.0,20.0,0.0,40.0,0.0,0.0,0.0,20.0,0.0,0.0,0.0,0.0,0.0,20.0,0.0,0.0,0.0,0.0,T10,2
YouTube::@josemartinezanguiano2916,YouTube,1,4,0,1,0,0,0,1,1,0,0,0,0,0,0,0,0,0,0,0,1,0,0,0,0,0,0,0.0,25.0,0.0,0.0,0.0,25.0,25.0,0.0,0.0,0.0,0.0,0.0,0.0,0.0,0.0,0.0,0.0,0.0,25.0,0.0,0.0,0.0,0.0,0.0,0.0,T06,1
YouTube::@josemaximinoescobarespindo7476,YouTube,1,15,0,0,0,1,0,0,4,1,1,2,0,0,0,1,2,0,0,0,0,0,1,0,1,1,0,0.0,0.0,0.0,6.7,0.0,0.0,26.7,6.7,6.7,13.3,0.0,0.0,0.0,6.7,13.3,0.0,0.0,0.0,0.0,0.0,6.7,0.0,6.7,6.7,0.0,T06,4
YouTube::@josemontiel7122,YouTube,1,9,0,0,0,0,1,0,1,0,1,1,0,1,0,0,0,0,0,0,1,0,1,2,0,0,0,0.0,0.0,0.0,0.0,11.1,0.0,11.1,0.0,11.1,11.1,0.0,11.1,0.0,0.0,0.0,0.0,0.0,0.0,11.1,0.0,11.1,22.2,0.0,0.0,0.0,T21,2
YouTube::@joseovedvasquezcorreavasqu9264,YouTube,1,2,0,0,0,0,0,0,0,0,0,0,0,1,0,0,0,0,0,0,0,0,0,1,0,0,0,0.0,0.0,0.0,0.0,0.0,0.0,0.0,0.0,0.0,0.0,0.0,50.0,0.0,0.0,0.0,0.0,0.0,0.0,0.0,0.0,0.0,50.0,0.0,0.0,0.0,T21,1
YouTube::@josepg2001,YouTube,1,3,0,0,0,0,0,0,1,0,1,0,0,0,0,0,0,0,0,1,0,0,0,0,0,0,0,0.0,0.0,0.0,0.0,0.0,0.0,33.3,0.0,33.3,0.0,0.0,0.0,0.0,0.0,0.0,0.0,0.0,33.3,0.0,0.0,0.0,0.0,0.0,0.0,0.0,T06,1
YouTube::@josepolilla81Fm61,YouTube,1,2,0,0,0,0,0,0,0,0,1,1,0,0,0,0,0,0,0,0,0,0,0,0,0,0,0,0.0,0.0,0.0,0.0,0.0,0.0,0.0,0.0,50.0,50.0,0.0,0.0,0.0,0.0,0.0,0.0,0.0,0.0,0.0,0.0,0.0,0.0,0.0,0.0,0.0,T08,1
YouTube::@joserenerivera5187,YouTube,1,5,0,0,0,0,0,2,0,0,0,0,0,0,0,0,0,1,0,0,0,0,0,1,1,0,0,0.0,0.0,0.0,0.0,0.0,40.0,0.0,0.0,0.0,0.0,0.0,0.0,0.0,0.0,0.0,20.0,0.0,0.0,0.0,0.0,0.0,20.0,20.0,0.0,0.0,T05,2
YouTube::@josesalomechavezamaya5162,YouTube,1,9,0,0,0,0,0,1,1,0,1,1,1,0,0,0,0,0,0,0,0,0,0,1,3,0,0,0.0,0.0,0.0,0.0,0.0,11.1,11.1,0.0,11.1,11.1,11.1,0.0,0.0,0.0,0.0,0.0,0.0,0.0,0.0,0.0,0.0,11.1,33.3,0.0,0.0,T22,3
YouTube::@josesantana8752,YouTube,1,14,0,0,0,1,3,2,2,0,0,0,0,1,1,0,2,0,0,0,0,0,0,1,1,0,0,0.0,0.0,0.0,7.1,21.4,14.3,14.3,0.0,0.0,0.0,0.0,7.1,7.1,0.0,14.3,0.0,0.0,0.0,0.0,0.0,0.0,7.1,7.1,0.0,0.0,T04,3
YouTube::@josevasquez9178,YouTube,1,7,0,0,1,0,0,0,0,0,1,1,1,1,0,1,1,0,0,0,0,0,0,0,0,0,0,0.0,0.0,14.3,0.0,0.0,0.0,0.0,0.0,14.3,14.3,14.3,14.3,0.0,14.3,14.3,0.0,0.0,0.0,0.0,0.0,0.0,0.0,0.0,0.0,0.0,T13,1
YouTube::@josezavala7968,YouTube,1,14,0,1,1,0,0,2,0,0,0,2,0,0,2,0,0,0,0,0,0,0,0,3,1,0,2,0.0,7.1,7.1,0.0,0.0,14.3,0.0,0.0,0.0,14.3,0.0,0.0,14.3,0.0,0.0,0.0,0.0,0.0,0.0,0.0,0.0,21.4,7.1,0.0,14.3,T21,3
YouTube::@josuereyes7524,YouTube,1,9,0,0,1,0,0,0,1,0,0,0,0,0,0,0,0,0,0,0,1,0,0,1,3,1,1,0.0,0.0,11.1,0.0,0.0,0.0,11.1,0.0,0.0,0.0,0.0,0.0,0.0,0.0,0.0,0.0,0.0,0.0,11.1,0.0,0.0,11.1,33.3,11.1,11.1,T22,3
YouTube::@jpd1-u6b,YouTube,1,3,0,0,0,0,0,0,0,0,0,0,1,1,0,0,0,0,0,0,0,0,0,0,0,0,1,0.0,0.0,0.0,0.0,0.0,0.0,0.0,0.0,0.0,0.0,33.3,33.3,0.0,0.0,0.0,0.0,0.0,0.0,0.0,0.0,0.0,0.0,0.0,0.0,33.3,T24,1
YouTube::@jrglezch,YouTube,1,3,0,0,0,0,1,0,0,0,0,0,1,0,0,0,0,0,0,0,0,0,0,0,1,0,0,0.0,0.0,0.0,0.0,33.3,0.0,0.0,0.0,0.0,0.0,33.3,0.0,0.0,0.0,0.0,0.0,0.0,0.0,0.0,0.0,0.0,0.0,33.3,0.0,0.0,T22,1
YouTube::@jrobertofragoso6302,YouTube,1,5,0,0,0,0,0,0,2,0,0,1,0,0,0,1,0,0,0,0,0,1,0,0,0,0,0,0.0,0.0,0.0,0.0,0.0,0.0,40.0,0.0,0.0,20.0,0.0,0.0,0.0,20.0,0.0,0.0,0.0,0.0,0.0,20.0,0.0,0.0,0.0,0.0,0.0,T06,2
YouTube::@jsuh5147,YouTube,1,7,1,0,0,1,0,0,3,0,0,0,0,0,0,0,0,0,0,0,0,0,1,1,0,0,0,14.3,0.0,0.0,14.3,0.0,0.0,42.9,0.0,0.0,0.0,0.0,0.0,0.0,0.0,0.0,0.0,0.0,0.0,0.0,0.0,14.3,14.3,0.0,0.0,0.0,T06,3
YouTube::@juanalbertoenriquezguzman9729,YouTube,1,1,0,0,0,1,0,0,0,0,0,0,0,0,0,0,0,0,0,0,0,0,0,0,0,0,0,0.0,0.0,0.0,100.0,0.0,0.0,0.0,0.0,0.0,0.0,0.0,0.0,0.0,0.0,0.0,0.0,0.0,0.0,0.0,0.0,0.0,0.0,0.0,0.0,0.0,T03,1
YouTube::@juanamariamendoza6240,YouTube,1,4,0,0,0,0,0,0,0,0,1,0,0,1,0,0,0,0,0,0,0,0,0,2,0,0,0,0.0,0.0,0.0,0.0,0.0,0.0,0.0,0.0,25.0,0.0,0.0,25.0,0.0,0.0,0.0,0.0,0.0,0.0,0.0,0.0,0.0,50.0,0.0,0.0,0.0,T21,2
YouTube::@juanantoniocorenotrujillo4045,YouTube,1,1,0,0,0,0,0,0,1,0,0,0,0,0,0,0,0,0,0,0,0,0,0,0,0,0,0,0.0,0.0,0.0,0.0,0.0,0.0,100.0,0.0,0.0,0.0,0.0,0.0,0.0,0.0,0.0,0.0,0.0,0.0,0.0,0.0,0.0,0.0,0.0,0.0,0.0,T06,1
YouTube::@juanantoniohernandezangele5772,YouTube,1,4,0,0,0,0,2,0,0,0,1,0,0,0,0,0,0,0,0,0,0,0,0,0,1,0,0,0.0,0.0,0.0,0.0,50.0,0.0,0.0,0.0,25.0,0.0,0.0,0.0,0.0,0.0,0.0,0.0,0.0,0.0,0.0,0.0,0.0,0.0,25.0,0.0,0.0,T04,2
YouTube::@juanbarrios9285,YouTube,1,23,0,0,0,2,0,0,10,0,0,0,0,1,1,0,0,3,0,0,0,1,1,2,1,1,0,0.0,0.0,0.0,8.7,0.0,0.0,43.5,0.0,0.0,0.0,0.0,4.3,4.3,0.0,0.0,13.0,0.0,0.0,0.0,4.3,4.3,8.7,4.3,4.3,0.0,T06,10
YouTube::@juancarlosac1,YouTube,1,3,0,0,0,0,0,0,0,0,0,0,0,0,1,0,0,0,0,0,0,0,0,0,0,2,0,0.0,0.0,0.0,0.0,0.0,0.0,0.0,0.0,0.0,0.0,0.0,0.0,33.3,0.0,0.0,0.0,0.0,0.0,0.0,0.0,0.0,0.0,0.0,66.7,0.0,T23,2
YouTube::@juancarlosbravorodriguez1042,YouTube,1,3,0,0,0,0,0,0,0,0,1,0,0,0,0,0,0,0,0,0,0,0,0,1,0,0,1,0.0,0.0,0.0,0.0,0.0,0.0,0.0,0.0,33.3,0.0,0.0,0.0,0.0,0.0,0.0,0.0,0.0,0.0,0.0,0.0,0.0,33.3,0.0,0.0,33.3,T08,1
YouTube::@juancastellanosgamez9796,YouTube,1,8,0,0,0,0,0,0,0,0,1,0,2,1,0,0,0,0,0,0,1,0,1,1,1,0,0,0.0,0.0,0.0,0.0,0.0,0.0,0.0,0.0,12.5,0.0,25.0,12.5,0.0,0.0,0.0,0.0,0.0,0.0,12.5,0.0,12.5,12.5,12.5,0.0,0.0,T10,2
YouTube::@juancaz1z,YouTube,1,0,0,0,0,0,0,0,0,0,0,0,0,0,0,0,0,0,0,0,0,0,0,0,0,0,0,0.0,0.0,0.0,0.0,0.0,0.0,0.0,0.0,0.0,0.0,0.0,0.0,0.0,0.0,0.0,0.0,0.0,0.0,0.0,0.0,0.0,0.0,0.0,0.0,0.0,,0
YouTube::@juandominguez3346,YouTube,1,25,0,0,0,3,1,0,7,0,1,3,2,0,0,1,2,2,0,0,1,0,0,0,2,0,0,0.0,0.0,0.0,12.0,4.0,0.0,28.0,0.0,4.0,12.0,8.0,0.0,0.0,4.0,8.0,8.0,0.0,0.0,4.0,0.0,0.0,0.0,8.0,0.0,0.0,T06,7
YouTube::@juandrew47,YouTube,1,3,0,0,1,0,0,0,1,0,0,1,0,0,0,0,0,0,0,0,0,0,0,0,0,0,0,0.0,0.0,33.3,0.0,0.0,0.0,33.3,0.0,0.0,33.3,0.0,0.0,0.0,0.0,0.0,0.0,0.0,0.0,0.0,0.0,0.0,0.0,0.0,0.0,0.0,T09,1
YouTube::@juanjoseramirezgonzalez9885,YouTube,2,7,0,0,1,0,0,0,4,0,0,0,0,0,0,0,0,0,0,0,0,1,0,1,0,0,0,0.0,0.0,14.3,0.0,0.0,0.0,57.1,0.0,0.0,0.0,0.0,0.0,0.0,0.0,0.0,0.0,0.0,0.0,0.0,14.3,0.0,14.3,0.0,0.0,0.0,T06,4
YouTube::@juanmanuelherediasilva9443,YouTube,1,8,0,0,0,1,0,0,0,0,0,0,1,0,0,0,0,0,0,0,0,0,0,5,1,0,0,0.0,0.0,0.0,12.5,0.0,0.0,0.0,0.0,0.0,0.0,12.5,0.0,0.0,0.0,0.0,0.0,0.0,0.0,0.0,0.0,0.0,62.5,12.5,0.0,0.0,T21,5
YouTube::@juanmanuelpadillahernandez3161,YouTube,1,6,0,0,0,0,0,1,2,0,0,0,0,0,0,0,3,0,0,0,0,0,0,0,0,0,0,0.0,0.0,0.0,0.0,0.0,16.7,33.3,0.0,0.0,0.0,0.0,0.0,0.0,0.0,50.0,0.0,0.0,0.0,0.0,0.0,0.0,0.0,0.0,0.0,0.0,T14,3
YouTube::@juanmanuelsaenz2119,YouTube,1,7,0,0,1,0,1,0,0,0,0,0,1,0,1,0,0,0,0,0,0,2,0,1,0,0,0,0.0,0.0,14.3,0.0,14.3,0.0,0.0,0.0,0.0,0.0,14.3,0.0,14.3,0.0,0.0,0.0,0.0,0.0,0.0,28.6,0.0,14.3,0.0,0.0,0.0,T19,2
YouTube::@juanmartinez2084,YouTube,1,0,0,0,0,0,0,0,0,0,0,0,0,0,0,0,0,0,0,0,0,0,0,0,0,0,0,0.0,0.0,0.0,0.0,0.0,0.0,0.0,0.0,0.0,0.0,0.0,0.0,0.0,0.0,0.0,0.0,0.0,0.0,0.0,0.0,0.0,0.0,0.0,0.0,0.0,,0
YouTube::@juanplascencia6094,YouTube,1,2,0,0,0,1,0,1,0,0,0,0,0,0,0,0,0,0,0,0,0,0,0,0,0,0,0,0.0,0.0,0.0,50.0,0.0,50.0,0.0,0.0,0.0,0.0,0.0,0.0,0.0,0.0,0.0,0.0,0.0,0.0,0.0,0.0,0.0,0.0,0.0,0.0,0.0,T03,1
YouTube::@juanramirezmoreno9241,YouTube,1,5,0,0,0,0,0,0,1,0,0,2,0,0,0,0,0,0,0,0,1,0,0,0,0,0,1,0.0,0.0,0.0,0.0,0.0,0.0,20.0,0.0,0.0,40.0,0.0,0.0,0.0,0.0,0.0,0.0,0.0,0.0,20.0,0.0,0.0,0.0,0.0,0.0,20.0,T09,2
YouTube::@juanrocha9027,YouTube,1,13,0,1,1,0,1,0,3,0,1,1,1,0,1,0,2,0,0,0,0,1,0,0,0,0,0,0.0,7.7,7.7,0.0,7.7,0.0,23.1,0.0,7.7,7.7,7.7,0.0,7.7,0.0,15.4,0.0,0.0,0.0,0.0,7.7,0.0,0.0,0.0,0.0,0.0,T06,3
YouTube::@juansaldivar468,YouTube,1,6,0,0,0,1,0,0,1,0,0,0,0,0,0,0,1,0,0,0,0,1,0,1,0,0,1,0.0,0.0,0.0,16.7,0.0,0.0,16.7,0.0,0.0,0.0,0.0,0.0,0.0,0.0,16.7,0.0,0.0,0.0,0.0,16.7,0.0,16.7,0.0,0.0,16.7,T24,1
YouTube::@juanserrano980,YouTube,1,5,1,0,0,0,1,0,0,0,0,0,0,1,0,0,0,0,0,0,1,0,0,0,1,0,0,20.0,0.0,0.0,0.0,20.0,0.0,0.0,0.0,0.0,0.0,0.0,20.0,0.0,0.0,0.0,0.0,0.0,0.0,20.0,0.0,0.0,0.0,20.0,0.0,0.0,T04,1
YouTube::@juanvaldez9512,YouTube,1,0,0,0,0,0,0,0,0,0,0,0,0,0,0,0,0,0,0,0,0,0,0,0,0,0,0,0.0,0.0,0.0,0.0,0.0,0.0,0.0,0.0,0.0,0.0,0.0,0.0,0.0,0.0,0.0,0.0,0.0,0.0,0.0,0.0,0.0,0.0,0.0,0.0,0.0,,0
YouTube::@juanviflo,YouTube,1,1,0,0,0,0,0,0,0,0,0,0,0,0,0,0,0,0,0,0,0,0,0,1,0,0,0,0.0,0.0,0.0,0.0,0.0,0.0,0.0,0.0,0.0,0.0,0.0,0.0,0.0,0.0,0.0,0.0,0.0,0.0,0.0,0.0,0.0,100.0,0.0,0.0,0.0,T21,1
YouTube::@juliancardona5904,YouTube,1,5,0,0,0,0,0,1,1,0,0,0,0,0,2,0,0,1,0,0,0,0,0,0,0,0,0,0.0,0.0,0.0,0.0,0.0,20.0,20.0,0.0,0.0,0.0,0.0,0.0,40.0,0.0,0.0,20.0,0.0,0.0,0.0,0.0,0.0,0.0,0.0,0.0,0.0,T12,2
YouTube::@julianvelazquezhernandez,YouTube,1,2,0,0,0,0,0,0,0,0,0,0,0,0,0,1,0,0,0,0,0,0,0,1,0,0,0,0.0,0.0,0.0,0.0,0.0,0.0,0.0,0.0,0.0,0.0,0.0,0.0,0.0,50.0,0.0,0.0,0.0,0.0,0.0,0.0,0.0,50.0,0.0,0.0,0.0,T21,1
YouTube::@julietacastillo4572,YouTube,1,2,0,0,0,0,0,0,0,0,0,0,0,0,1,0,0,0,0,0,0,0,0,0,0,0,1,0.0,0.0,0.0,0.0,0.0,0.0,0.0,0.0,0.0,0.0,0.0,0.0,50.0,0.0,0.0,0.0,0.0,0.0,0.0,0.0,0.0,0.0,0.0,0.0,50.0,T12,1
YouTube::@juliodiaz8830,YouTube,1,6,0,0,0,0,0,0,1,0,0,0,1,0,0,0,1,0,0,0,0,0,0,3,0,0,0,0.0,0.0,0.0,0.0,0.0,0.0,16.7,0.0,0.0,0.0,16.7,0.0,0.0,0.0,16.7,0.0,0.0,0.0,0.0,0.0,0.0,50.0,0.0,0.0,0.0,T21,3
YouTube::@juliomenaarroyo1098,YouTube,1,9,0,0,0,0,0,0,0,0,1,0,2,0,1,0,0,0,0,0,1,0,0,1,3,0,0,0.0,0.0,0.0,0.0,0.0,0.0,0.0,0.0,11.1,0.0,22.2,0.0,11.1,0.0,0.0,0.0,0.0,0.0,11.1,0.0,0.0,11.1,33.3,0.0,0.0,T22,3
YouTube::@julionarvaez9788,YouTube,1,27,0,0,0,0,1,5,7,0,1,0,2,0,0,1,4,0,0,1,0,0,0,2,0,3,0,0.0,0.0,0.0,0.0,3.7,18.5,25.9,0.0,3.7,0.0,7.4,0.0,0.0,3.7,14.8,0.0,0.0,3.7,0.0,0.0,0.0,7.4,0.0,11.1,0.0,T06,7
YouTube::@juliorios1593,YouTube,1,6,0,0,0,0,0,0,3,0,0,2,0,0,0,0,0,0,0,0,0,1,0,0,0,0,0,0.0,0.0,0.0,0.0,0.0,0.0,50.0,0.0,0.0,33.3,0.0,0.0,0.0,0.0,0.0,0.0,0.0,0.0,0.0,16.7,0.0,0.0,0.0,0.0,0.0,T06,3
YouTube::@juniorsanchez222,YouTube,1,4,0,0,0,1,1,0,0,0,0,0,0,0,0,0,0,0,0,0,0,0,2,0,0,0,0,0.0,0.0,0.0,25.0,25.0,0.0,0.0,0.0,0.0,0.0,0.0,0.0,0.0,0.0,0.0,0.0,0.0,0.0,0.0,0.0,50.0,0.0,0.0,0.0,0.0,T20,2
YouTube::@jususvuszcus7914,YouTube,1,6,0,0,0,0,0,0,0,0,0,0,0,0,0,0,0,0,0,0,0,0,0,3,2,0,1,0.0,0.0,0.0,0.0,0.0,0.0,0.0,0.0,0.0,0.0,0.0,0.0,0.0,0.0,0.0,0.0,0.0,0.0,0.0,0.0,0.0,50.0,33.3,0.0,16.7,T21,3
YouTube::@jxnz_bxtaz_hdxzzz,YouTube,1,3,0,0,1,0,0,0,0,0,0,0,0,0,0,0,0,0,0,0,0,0,2,0,0,0,0,0.0,0.0,33.3,0.0,0.0,0.0,0.0,0.0,0.0,0.0,0.0,0.0,0.0,0.0,0.0,0.0,0.0,0.0,0.0,0.0,66.7,0.0,0.0,0.0,0.0,T20,2
YouTube::@karenchic4860,YouTube,1,19,0,0,0,0,0,3,3,1,0,0,0,0,1,1,2,2,0,0,0,1,0,1,3,1,0,0.0,0.0,0.0,0.0,0.0,15.8,15.8,5.3,0.0,0.0,0.0,0.0,5.3,5.3,10.5,10.5,0.0,0.0,0.0,5.3,0.0,5.3,15.8,5.3,0.0,T05,3
YouTube::@karengarcia3109,YouTube,1,4,0,0,0,0,0,0,0,1,0,0,0,1,0,0,0,0,0,0,0,1,0,0,0,1,0,0.0,0.0,0.0,0.0,0.0,0.0,0.0,25.0,0.0,0.0,0.0,25.0,0.0,0.0,0.0,0.0,0.0,0.0,0.0,25.0,0.0,0.0,0.0,25.0,0.0,T23,1
YouTube::@karinacaballerorodriguez6945,YouTube,1,3,0,0,0,0,0,0,2,0,0,0,0,0,0,0,0,0,0,0,0,1,0,0,0,0,0,0.0,0.0,0.0,0.0,0.0,0.0,66.7,0.0,0.0,0.0,0.0,0.0,0.0,0.0,0.0,0.0,0.0,0.0,0.0,33.3,0.0,0.0,0.0,0.0,0.0,T06,2
YouTube::@karinagonzalez1993,YouTube,1,6,0,0,0,0,1,0,0,0,0,2,0,0,0,0,0,0,0,0,0,0,1,2,0,0,0,0.0,0.0,0.0,0.0,16.7,0.0,0.0,0.0,0.0,33.3,0.0,0.0,0.0,0.0,0.0,0.0,0.0,0.0,0.0,0.0,16.7,33.3,0.0,0.0,0.0,T21,2
YouTube::@karinalozanopenaranda5811,YouTube,1,6,0,0,0,0,0,0,1,1,0,0,0,0,0,0,0,0,1,1,0,0,0,0,1,0,1,0.0,0.0,0.0,0.0,0.0,0.0,16.7,16.7,0.0,0.0,0.0,0.0,0.0,0.0,0.0,0.0,16.7,16.7,0.0,0.0,0.0,0.0,16.7,0.0,16.7,T16,1
YouTube::@karinamelchor2207,YouTube,1,6,0,0,0,1,0,0,0,0,0,0,0,0,1,0,1,0,0,1,0,0,1,0,1,0,0,0.0,0.0,0.0,16.7,0.0,0.0,0.0,0.0,0.0,0.0,0.0,0.0,16.7,0.0,16.7,0.0,0.0,16.7,0.0,0.0,16.7,0.0,16.7,0.0,0.0,T20,1
YouTube::@karlal.685,YouTube,1,5,0,0,0,0,0,1,2,0,1,0,1,0,0,0,0,0,0,0,0,0,0,0,0,0,0,0.0,0.0,0.0,0.0,0.0,20.0,40.0,0.0,20.0,0.0,20.0,0.0,0.0,0.0,0.0,0.0,0.0,0.0,0.0,0.0,0.0,0.0,0.0,0.0,0.0,T06,2
YouTube::@karydelangel9488,YouTube,1,2,0,0,0,0,0,0,0,0,0,0,0,0,0,0,0,0,0,0,0,1,0,0,0,1,0,0.0,0.0,0.0,0.0,0.0,0.0,0.0,0.0,0.0,0.0,0.0,0.0,0.0,0.0,0.0,0.0,0.0,0.0,0.0,50.0,0.0,0.0,0.0,50.0,0.0,T23,1
YouTube::@katherineatencio6189,YouTube,1,4,0,0,0,0,0,0,2,0,0,0,0,0,1,0,0,0,0,0,1,0,0,0,0,0,0,0.0,0.0,0.0,0.0,0.0,0.0,50.0,0.0,0.0,0.0,0.0,0.0,25.0,0.0,0.0,0.0,0.0,0.0,25.0,0.0,0.0,0.0,0.0,0.0,0.0,T06,2
YouTube::@kike241080,YouTube,1,2,0,0,0,0,0,0,1,0,0,1,0,0,0,0,0,0,0,0,0,0,0,0,0,0,0,0.0,0.0,0.0,0.0,0.0,0.0,50.0,0.0,0.0,50.0,0.0,0.0,0.0,0.0,0.0,0.0,0.0,0.0,0.0,0.0,0.0,0.0,0.0,0.0,0.0,T06,1
YouTube::@kikerap-trap2604,YouTube,1,17,0,1,0,2,0,0,6,0,2,0,0,2,0,2,0,0,0,0,0,1,0,1,0,0,0,0.0,5.9,0.0,11.8,0.0,0.0,35.3,0.0,11.8,0.0,0.0,11.8,0.0,11.8,0.0,0.0,0.0,0.0,0.0,5.9,0.0,5.9,0.0,0.0,0.0,T06,6
YouTube::@kimberlyestefaniasosarojas8498,YouTube,1,6,0,0,0,1,0,0,0,0,0,1,0,0,0,0,2,0,0,0,1,0,0,1,0,0,0,0.0,0.0,0.0,16.7,0.0,0.0,0.0,0.0,0.0,16.7,0.0,0.0,0.0,0.0,33.3,0.0,0.0,0.0,16.7,0.0,0.0,16.7,0.0,0.0,0.0,T14,2
YouTube::@kolegamurcielago1014,YouTube,1,4,0,0,0,0,0,2,1,0,0,1,0,0,0,0,0,0,0,0,0,0,0,0,0,0,0,0.0,0.0,0.0,0.0,0.0,50.0,25.0,0.0,0.0,25.0,0.0,0.0,0.0,0.0,0.0,0.0,0.0,0.0,0.0,0.0,0.0,0.0,0.0,0.0,0.0,T05,2
YouTube::@kovoz7918,YouTube,1,2,0,0,0,0,0,1,0,0,0,0,0,0,0,0,0,0,0,0,0,0,0,0,1,0,0,0.0,0.0,0.0,0.0,0.0,50.0,0.0,0.0,0.0,0.0,0.0,0.0,0.0,0.0,0.0,0.0,0.0,0.0,0.0,0.0,0.0,0.0,50.0,0.0,0.0,T05,1
YouTube::@kynichjanaabpakal401,YouTube,1,11,0,0,0,2,1,0,0,0,0,0,0,0,0,1,3,0,0,0,0,0,0,4,0,0,0,0.0,0.0,0.0,18.2,9.1,0.0,0.0,0.0,0.0,0.0,0.0,0.0,0.0,9.1,27.3,0.0,0.0,0.0,0.0,0.0,0.0,36.4,0.0,0.0,0.0,T21,4
YouTube::@lachacala291097,YouTube,1,11,0,0,0,0,0,1,4,0,0,0,1,0,0,0,0,0,0,1,0,0,1,1,0,2,0,0.0,0.0,0.0,0.0,0.0,9.1,36.4,0.0,0.0,0.0,9.1,0.0,0.0,0.0,0.0,0.0,0.0,9.1,0.0,0.0,9.1,9.1,0.0,18.2,0.0,T06,4
YouTube::@lacrudarealidad-x5o,YouTube,1,16,0,2,0,0,2,0,5,0,0,2,0,0,0,0,2,0,0,1,1,0,1,0,0,0,0,0.0,12.5,0.0,0.0,12.5,0.0,31.2,0.0,0.0,12.5,0.0,0.0,0.0,0.0,12.5,0.0,0.0,6.2,6.2,0.0,6.2,0.0,0.0,0.0,0.0,T06,5
YouTube::@laetitiagtz-hp1jd,YouTube,1,12,1,0,0,0,0,0,1,0,3,0,1,0,0,0,0,0,0,0,0,0,1,3,2,0,0,8.3,0.0,0.0,0.0,0.0,0.0,8.3,0.0,25.0,0.0,8.3,0.0,0.0,0.0,0.0,0.0,0.0,0.0,0.0,0.0,8.3,25.0,16.7,0.0,0.0,T08,3
YouTube::@lalitoJDMrocks,YouTube,1,3,0,0,0,0,0,0,1,0,0,0,0,0,0,0,0,0,0,0,0,0,1,1,0,0,0,0.0,0.0,0.0,0.0,0.0,0.0,33.3,0.0,0.0,0.0,0.0,0.0,0.0,0.0,0.0,0.0,0.0,0.0,0.0,0.0,33.3,33.3,0.0,0.0,0.0,T21,1
YouTube::@lamaacosmeticos1,YouTube,1,6,0,0,0,0,1,1,1,0,1,0,1,0,0,0,0,0,0,0,0,0,0,0,0,0,1,0.0,0.0,0.0,0.0,16.7,16.7,16.7,0.0,16.7,0.0,16.7,0.0,0.0,0.0,0.0,0.0,0.0,0.0,0.0,0.0,0.0,0.0,0.0,0.0,16.7,T24,1
YouTube::@lamore35,YouTube,1,5,0,0,0,1,1,0,1,0,0,0,0,0,0,0,0,1,0,0,0,0,0,0,1,0,0,0.0,0.0,0.0,20.0,20.0,0.0,20.0,0.0,0.0,0.0,0.0,0.0,0.0,0.0,0.0,20.0,0.0,0.0,0.0,0.0,0.0,0.0,20.0,0.0,0.0,T04,1
YouTube::@latuna8395,YouTube,1,15,0,0,0,1,0,4,2,0,1,0,1,0,0,1,2,0,0,0,0,1,0,1,1,0,0,0.0,0.0,0.0,6.7,0.0,26.7,13.3,0.0,6.7,0.0,6.7,0.0,0.0,6.7,13.3,0.0,0.0,0.0,0.0,6.7,0.0,6.7,6.7,0.0,0.0,T05,4
YouTube::@lauraalavez7366,YouTube,1,0,0,0,0,0,0,0,0,0,0,0,0,0,0,0,0,0,0,0,0,0,0,0,0,0,0,0.0,0.0,0.0,0.0,0.0,0.0,0.0,0.0,0.0,0.0,0.0,0.0,0.0,0.0,0.0,0.0,0.0,0.0,0.0,0.0,0.0,0.0,0.0,0.0,0.0,,0
YouTube::@lauradominguez2164,YouTube,1,6,0,1,0,0,0,0,3,0,0,0,1,0,0,1,0,0,0,0,0,0,0,0,0,0,0,0.0,16.7,0.0,0.0,0.0,0.0,50.0,0.0,0.0,0.0,16.7,0.0,0.0,16.7,0.0,0.0,0.0,0.0,0.0,0.0,0.0,0.0,0.0,0.0,0.0,T06,3
YouTube::@laurariv2038,YouTube,1,2,0,0,0,0,0,0,1,0,0,0,0,0,0,0,0,1,0,0,0,0,0,0,0,0,0,0.0,0.0,0.0,0.0,0.0,0.0,50.0,0.0,0.0,0.0,0.0,0.0,0.0,0.0,0.0,50.0,0.0,0.0,0.0,0.0,0.0,0.0,0.0,0.0,0.0,T15,1
YouTube::@laylatov3941,YouTube,1,13,0,0,0,0,0,0,2,0,0,1,0,0,3,0,1,3,0,0,0,1,0,0,0,2,0,0.0,0.0,0.0,0.0,0.0,0.0,15.4,0.0,0.0,7.7,0.0,0.0,23.1,0.0,7.7,23.1,0.0,0.0,0.0,7.7,0.0,0.0,0.0,15.4,0.0,T12,3
YouTube::@lecturarapidayeficaz6267,YouTube,1,0,0,0,0,0,0,0,0,0,0,0,0,0,0,0,0,0,0,0,0,0,0,0,0,0,0,0.0,0.0,0.0,0.0,0.0,0.0,0.0,0.0,0.0,0.0,0.0,0.0,0.0,0.0,0.0,0.0,0.0,0.0,0.0,0.0,0.0,0.0,0.0,0.0,0.0,,0
YouTube::@leiarivera7135,YouTube,1,4,0,0,0,1,0,0,2,0,0,0,1,0,0,0,0,0,0,0,0,0,0,0,0,0,0,0.0,0.0,0.0,25.0,0.0,0.0,50.0,0.0,0.0,0.0,25.0,0.0,0.0,0.0,0.0,0.0,0.0,0.0,0.0,0.0,0.0,0.0,0.0,0.0,0.0,T06,2
YouTube::@leliaguzmangaray2822,YouTube,1,6,1,1,0,0,0,0,0,0,0,0,0,1,1,1,0,0,0,0,0,1,0,0,0,0,0,16.7,16.7,0.0,0.0,0.0,0.0,0.0,0.0,0.0,0.0,0.0,16.7,16.7,16.7,0.0,0.0,0.0,0.0,0.0,16.7,0.0,0.0,0.0,0.0,0.0,T12,1
YouTube::@lenin6819,YouTube,1,3,0,0,0,0,0,0,3,0,0,0,0,0,0,0,0,0,0,0,0,0,0,0,0,0,0,0.0,0.0,0.0,0.0,0.0,0.0,100.0,0.0,0.0,0.0,0.0,0.0,0.0,0.0,0.0,0.0,0.0,0.0,0.0,0.0,0.0,0.0,0.0,0.0,0.0,T06,3
YouTube::@leo-f1-videos,YouTube,1,4,0,0,0,0,0,0,0,0,0,0,1,2,0,0,0,0,0,0,0,0,0,0,1,0,0,0.0,0.0,0.0,0.0,0.0,0.0,0.0,0.0,0.0,0.0,25.0,50.0,0.0,0.0,0.0,0.0,0.0,0.0,0.0,0.0,0.0,0.0,25.0,0.0,0.0,T11,2
YouTube::@leobardocordovacruz6167,YouTube,1,4,0,0,0,0,0,0,0,0,0,0,0,0,0,1,0,1,0,0,0,0,0,2,0,0,0,0.0,0.0,0.0,0.0,0.0,0.0,0.0,0.0,0.0,0.0,0.0,0.0,0.0,25.0,0.0,25.0,0.0,0.0,0.0,0.0,0.0,50.0,0.0,0.0,0.0,T21,2
YouTube::@leonardocisneros6189,YouTube,1,53,0,2,5,2,0,0,1,1,0,4,2,2,7,0,0,0,0,1,1,1,0,8,5,3,8,0.0,3.8,9.4,3.8,0.0,0.0,1.9,1.9,0.0,7.5,3.8,3.8,13.2,0.0,0.0,0.0,0.0,1.9,1.9,1.9,0.0,15.1,9.4,5.7,15.1,T21,8
YouTube::@leoncotez,YouTube,1,7,0,0,2,0,0,0,1,0,0,0,0,0,0,0,1,0,0,0,0,0,0,1,1,0,1,0.0,0.0,28.6,0.0,0.0,0.0,14.3,0.0,0.0,0.0,0.0,0.0,0.0,0.0,14.3,0.0,0.0,0.0,0.0,0.0,0.0,14.3,14.3,0.0,14.3,T02,2
YouTube::@leonornegrete8684,YouTube,1,3,0,0,0,0,0,0,3,0,0,0,0,0,0,0,0,0,0,0,0,0,0,0,0,0,0,0.0,0.0,0.0,0.0,0.0,0.0,100.0,0.0,0.0,0.0,0.0,0.0,0.0,0.0,0.0,0.0,0.0,0.0,0.0,0.0,0.0,0.0,0.0,0.0,0.0,T06,3
YouTube::@leopoldolazaro3649,YouTube,1,0,0,0,0,0,0,0,0,0,0,0,0,0,0,0,0,0,0,0,0,0,0,0,0,0,0,0.0,0.0,0.0,0.0,0.0,0.0,0.0,0.0,0.0,0.0,0.0,0.0,0.0,0.0,0.0,0.0,0.0,0.0,0.0,0.0,0.0,0.0,0.0,0.0,0.0,,0
YouTube::@leslie114,YouTube,2,10,0,0,1,0,0,1,3,1,0,0,1,0,1,0,1,0,0,0,0,0,0,1,0,0,0,0.0,0.0,10.0,0.0,0.0,10.0,30.0,10.0,0.0,0.0,10.0,0.0,10.0,0.0,10.0,0.0,0.0,0.0,0.0,0.0,0.0,10.0,0.0,0.0,0.0,T06,3
YouTube::@leticiafriasperales9304,YouTube,1,1,0,0,0,0,0,0,0,0,0,0,0,0,0,0,0,0,0,0,0,0,0,0,0,1,0,0.0,0.0,0.0,0.0,0.0,0.0,0.0,0.0,0.0,0.0,0.0,0.0,0.0,0.0,0.0,0.0,0.0,0.0,0.0,0.0,0.0,0.0,0.0,100.0,0.0,T23,1
YouTube::@leticiasanchez93,YouTube,1,8,0,0,0,0,0,1,5,0,0,0,0,0,0,0,0,2,0,0,0,0,0,0,0,0,0,0.0,0.0,0.0,0.0,0.0,12.5,62.5,0.0,0.0,0.0,0.0,0.0,0.0,0.0,0.0,25.0,0.0,0.0,0.0,0.0,0.0,0.0,0.0,0.0,0.0,T06,5
YouTube::@letyalicia277,YouTube,1,3,0,0,0,0,0,0,1,0,0,0,0,0,0,1,0,0,0,0,0,0,0,0,1,0,0,0.0,0.0,0.0,0.0,0.0,0.0,33.3,0.0,0.0,0.0,0.0,0.0,0.0,33.3,0.0,0.0,0.0,0.0,0.0,0.0,0.0,0.0,33.3,0.0,0.0,T22,1
YouTube::@lidyalastiwka8706,YouTube,1,1,0,0,0,0,0,0,0,0,0,1,0,0,0,0,0,0,0,0,0,0,0,0,0,0,0,0.0,0.0,0.0,0.0,0.0,0.0,0.0,0.0,0.0,100.0,0.0,0.0,0.0,0.0,0.0,0.0,0.0,0.0,0.0,0.0,0.0,0.0,0.0,0.0,0.0,T09,1
YouTube::@ligiaestrada9504,YouTube,1,3,0,0,0,0,0,0,0,0,0,1,1,0,0,0,0,0,1,0,0,0,0,0,0,0,0,0.0,0.0,0.0,0.0,0.0,0.0,0.0,0.0,0.0,33.3,33.3,0.0,0.0,0.0,0.0,0.0,33.3,0.0,0.0,0.0,0.0,0.0,0.0,0.0,0.0,T16,1
YouTube::@ligiapenichedenah9043,YouTube,1,4,0,0,0,0,0,0,3,0,0,0,0,0,0,0,0,0,0,0,0,0,0,1,0,0,0,0.0,0.0,0.0,0.0,0.0,0.0,75.0,0.0,0.0,0.0,0.0,0.0,0.0,0.0,0.0,0.0,0.0,0.0,0.0,0.0,0.0,25.0,0.0,0.0,0.0,T06,3
YouTube::@lilialarcon3370,YouTube,3,26,0,0,0,1,2,0,3,5,1,2,0,2,1,2,1,0,0,0,0,3,0,1,0,2,0,0.0,0.0,0.0,3.8,7.7,0.0,11.5,19.2,3.8,7.7,0.0,7.7,3.8,7.7,3.8,0.0,0.0,0.0,0.0,11.5,0.0,3.8,0.0,7.7,0.0,T07,5
YouTube::@liliamendoza4612,YouTube,1,5,0,0,0,0,0,0,3,0,0,0,0,0,1,0,0,0,0,0,0,0,0,1,0,0,0,0.0,0.0,0.0,0.0,0.0,0.0,60.0,0.0,0.0,0.0,0.0,0.0,20.0,0.0,0.0,0.0,0.0,0.0,0.0,0.0,0.0,20.0,0.0,0.0,0.0,T06,3
YouTube::@liliaprado2136,YouTube,1,8,0,0,0,0,0,0,4,1,0,1,0,0,0,1,1,0,0,0,0,0,0,0,0,0,0,0.0,0.0,0.0,0.0,0.0,0.0,50.0,12.5,0.0,12.5,0.0,0.0,0.0,12.5,12.5,0.0,0.0,0.0,0.0,0.0,0.0,0.0,0.0,0.0,0.0,T06,4
YouTube::@liligomez2159,YouTube,1,12,0,0,0,2,0,0,3,0,0,2,1,1,0,0,1,0,0,0,0,1,0,1,0,0,0,0.0,0.0,0.0,16.7,0.0,0.0,25.0,0.0,0.0,16.7,8.3,8.3,0.0,0.0,8.3,0.0,0.0,0.0,0.0,8.3,0.0,8.3,0.0,0.0,0.0,T06,3
YouTube::@lilyrocha6199,YouTube,2,6,0,0,0,0,0,0,2,0,1,0,1,0,0,0,0,0,0,0,0,0,0,1,0,0,1,0.0,0.0,0.0,0.0,0.0,0.0,33.3,0.0,16.7,0.0,16.7,0.0,0.0,0.0,0.0,0.0,0.0,0.0,0.0,0.0,0.0,16.7,0.0,0.0,16.7,T06,2
YouTube::@lindai9078,YouTube,1,7,0,0,0,0,0,0,4,0,1,0,0,0,0,1,0,0,0,0,1,0,0,0,0,0,0,0.0,0.0,0.0,0.0,0.0,0.0,57.1,0.0,14.3,0.0,0.0,0.0,0.0,14.3,0.0,0.0,0.0,0.0,14.3,0.0,0.0,0.0,0.0,0.0,0.0,T06,4
YouTube::@liznunez9364,YouTube,1,1,0,0,0,0,0,0,0,0,1,0,0,0,0,0,0,0,0,0,0,0,0,0,0,0,0,0.0,0.0,0.0,0.0,0.0,0.0,0.0,0.0,100.0,0.0,0.0,0.0,0.0,0.0,0.0,0.0,0.0,0.0,0.0,0.0,0.0,0.0,0.0,0.0,0.0,T08,1
YouTube::@lizyflowtow,YouTube,3,30,0,2,1,2,0,2,5,2,2,3,0,1,0,1,7,0,0,0,0,0,0,2,0,0,0,0.0,6.7,3.3,6.7,0.0,6.7,16.7,6.7,6.7,10.0,0.0,3.3,0.0,3.3,23.3,0.0,0.0,0.0,0.0,0.0,0.0,6.7,0.0,0.0,0.0,T14,7
YouTube::@lizzieguez,YouTube,2,31,0,0,1,0,2,1,11,0,0,1,0,0,0,4,0,4,1,0,2,0,0,1,3,0,0,0.0,0.0,3.2,0.0,6.5,3.2,35.5,0.0,0.0,3.2,0.0,0.0,0.0,12.9,0.0,12.9,3.2,0.0,6.5,0.0,0.0,3.2,9.7,0.0,0.0,T06,11
YouTube::@lobosolitario4492,YouTube,1,5,0,0,0,0,0,0,2,0,1,0,0,0,0,0,0,0,0,0,0,0,0,1,1,0,0,0.0,0.0,0.0,0.0,0.0,0.0,40.0,0.0,20.0,0.0,0.0,0.0,0.0,0.0,0.0,0.0,0.0,0.0,0.0,0.0,0.0,20.0,20.0,0.0,0.0,T06,2
YouTube::@locochon4847,YouTube,1,7,0,0,0,0,1,1,1,0,0,1,1,1,0,0,0,0,0,0,0,0,0,1,0,0,0,0.0,0.0,0.0,0.0,14.3,14.3,14.3,0.0,0.0,14.3,14.3,14.3,0.0,0.0,0.0,0.0,0.0,0.0,0.0,0.0,0.0,14.3,0.0,0.0,0.0,T06,1
YouTube::@lolafarras3700,YouTube,1,10,0,0,1,0,0,0,0,1,0,0,0,0,0,1,2,0,0,0,1,0,0,4,0,0,0,0.0,0.0,10.0,0.0,0.0,0.0,0.0,10.0,0.0,0.0,0.0,0.0,0.0,10.0,20.0,0.0,0.0,0.0,10.0,0.0,0.0,40.0,0.0,0.0,0.0,T21,4
YouTube::@lolay666,YouTube,1,3,0,0,0,2,0,0,0,0,0,0,0,0,0,1,0,0,0,0,0,0,0,0,0,0,0,0.0,0.0,0.0,66.7,0.0,0.0,0.0,0.0,0.0,0.0,0.0,0.0,0.0,33.3,0.0,0.0,0.0,0.0,0.0,0.0,0.0,0.0,0.0,0.0,0.0,T03,2
YouTube::@lombrizdoberman,YouTube,1,4,0,0,0,0,0,0,4,0,0,0,0,0,0,0,0,0,0,0,0,0,0,0,0,0,0,0.0,0.0,0.0,0.0,0.0,0.0,100.0,0.0,0.0,0.0,0.0,0.0,0.0,0.0,0.0,0.0,0.0,0.0,0.0,0.0,0.0,0.0,0.0,0.0,0.0,T06,4
YouTube::@lordyaco5202,YouTube,1,15,0,0,0,1,0,1,5,0,1,3,0,0,0,0,2,0,1,0,0,0,1,0,0,0,0,0.0,0.0,0.0,6.7,0.0,6.7,33.3,0.0,6.7,20.0,0.0,0.0,0.0,0.0,13.3,0.0,6.7,0.0,0.0,0.0,6.7,0.0,0.0,0.0,0.0,T06,5
YouTube::@lorenaalonsoarellano662,YouTube,1,3,0,0,0,0,0,0,0,0,0,0,0,0,0,0,0,0,0,0,0,1,0,0,0,2,0,0.0,0.0,0.0,0.0,0.0,0.0,0.0,0.0,0.0,0.0,0.0,0.0,0.0,0.0,0.0,0.0,0.0,0.0,0.0,33.3,0.0,0.0,0.0,66.7,0.0,T23,2
YouTube::@lorenacabrera4113,YouTube,1,4,0,0,1,0,0,0,1,0,1,0,0,0,0,0,0,0,0,0,0,0,0,1,0,0,0,0.0,0.0,25.0,0.0,0.0,0.0,25.0,0.0,25.0,0.0,0.0,0.0,0.0,0.0,0.0,0.0,0.0,0.0,0.0,0.0,0.0,25.0,0.0,0.0,0.0,T02,1
YouTube::@lorenzobrito9537,YouTube,1,2,0,0,0,0,0,0,0,0,0,0,0,1,0,0,0,0,0,0,1,0,0,0,0,0,0,0.0,0.0,0.0,0.0,0.0,0.0,0.0,0.0,0.0,0.0,0.0,50.0,0.0,0.0,0.0,0.0,0.0,0.0,50.0,0.0,0.0,0.0,0.0,0.0,0.0,T11,1
YouTube::@losjuguetesfamosos9491,YouTube,2,15,1,1,0,0,1,0,4,1,0,1,1,1,0,0,1,0,0,1,0,0,0,1,0,1,0,6.7,6.7,0.0,0.0,6.7,0.0,26.7,6.7,0.0,6.7,6.7,6.7,0.0,0.0,6.7,0.0,0.0,6.7,0.0,0.0,0.0,6.7,0.0,6.7,0.0,T06,4
YouTube::@lourdesgr7663,YouTube,1,7,0,0,0,0,0,0,6,0,0,0,0,0,0,1,0,0,0,0,0,0,0,0,0,0,0,0.0,0.0,0.0,0.0,0.0,0.0,85.7,0.0,0.0,0.0,0.0,0.0,0.0,14.3,0.0,0.0,0.0,0.0,0.0,0.0,0.0,0.0,0.0,0.0,0.0,T06,6
YouTube::@lourdespenaloza3885,YouTube,1,16,0,0,0,1,1,2,5,0,0,0,0,1,0,0,2,0,0,0,0,2,0,1,1,0,0,0.0,0.0,0.0,6.2,6.2,12.5,31.2,0.0,0.0,0.0,0.0,6.2,0.0,0.0,12.5,0.0,0.0,0.0,0.0,12.5,0.0,6.2,6.2,0.0,0.0,T06,5
YouTube::@lourdessilvaruiz8642,YouTube,1,39,1,2,2,0,1,2,8,0,3,1,1,1,2,0,5,1,0,1,0,1,1,3,2,1,0,2.6,5.1,5.1,0.0,2.6,5.1,20.5,0.0,7.7,2.6,2.6,2.6,5.1,0.0,12.8,2.6,0.0,2.6,0.0,2.6,2.6,7.7,5.1,2.6,0.0,T06,8
YouTube::@lourdesvelez3320,YouTube,1,24,0,0,1,0,1,0,4,0,1,1,1,0,1,1,1,0,0,0,0,0,1,9,2,0,0,0.0,0.0,4.2,0.0,4.2,0.0,16.7,0.0,4.2,4.2,4.2,0.0,4.2,4.2,4.2,0.0,0.0,0.0,0.0,0.0,4.2,37.5,8.3,0.0,0.0,T21,9
YouTube::@lucayhelenoficial5360,YouTube,1,1,0,0,0,0,0,0,0,0,0,0,1,0,0,0,0,0,0,0,0,0,0,0,0,0,0,0.0,0.0,0.0,0.0,0.0,0.0,0.0,0.0,0.0,0.0,100.0,0.0,0.0,0.0,0.0,0.0,0.0,0.0,0.0,0.0,0.0,0.0,0.0,0.0,0.0,T10,1
YouTube::@lucerodiaz7706,YouTube,1,4,0,0,0,2,0,0,1,0,0,0,0,0,0,0,0,0,0,1,0,0,0,0,0,0,0,0.0,0.0,0.0,50.0,0.0,0.0,25.0,0.0,0.0,0.0,0.0,0.0,0.0,0.0,0.0,0.0,0.0,25.0,0.0,0.0,0.0,0.0,0.0,0.0,0.0,T03,2
YouTube::@lucialeguizamon590,YouTube,1,21,0,0,0,1,0,0,4,1,0,2,0,0,0,2,1,0,0,0,1,2,1,3,2,1,0,0.0,0.0,0.0,4.8,0.0,0.0,19.0,4.8,0.0,9.5,0.0,0.0,0.0,9.5,4.8,0.0,0.0,0.0,4.8,9.5,4.8,14.3,9.5,4.8,0.0,T06,4
YouTube::@luciamontealegre3859,YouTube,1,28,0,0,0,2,0,2,8,1,1,4,0,1,1,0,1,0,0,1,0,1,1,1,2,1,0,0.0,0.0,0.0,7.1,0.0,7.1,28.6,3.6,3.6,14.3,0.0,3.6,3.6,0.0,3.6,0.0,0.0,3.6,0.0,3.6,3.6,3.6,7.1,3.6,0.0,T06,8
YouTube::@luck5435,YouTube,1,10,0,0,0,0,1,0,2,0,1,0,0,0,0,1,0,0,0,0,0,0,0,3,0,0,2,0.0,0.0,0.0,0.0,10.0,0.0,20.0,0.0,10.0,0.0,0.0,0.0,0.0,10.0,0.0,0.0,0.0,0.0,0.0,0.0,0.0,30.0,0.0,0.0,20.0,T21,3
YouTube::@luigarcia5129,YouTube,1,0,0,0,0,0,0,0,0,0,0,0,0,0,0,0,0,0,0,0,0,0,0,0,0,0,0,0.0,0.0,0.0,0.0,0.0,0.0,0.0,0.0,0.0,0.0,0.0,0.0,0.0,0.0,0.0,0.0,0.0,0.0,0.0,0.0,0.0,0.0,0.0,0.0,0.0,,0
YouTube::@luis8237,YouTube,1,6,0,0,0,0,0,1,0,0,0,1,0,0,0,1,0,0,0,0,1,0,0,2,0,0,0,0.0,0.0,0.0,0.0,0.0,16.7,0.0,0.0,0.0,16.7,0.0,0.0,0.0,16.7,0.0,0.0,0.0,0.0,16.7,0.0,0.0,33.3,0.0,0.0,0.0,T21,2
YouTube::@luisalfredo1943,YouTube,1,7,0,0,0,0,0,0,2,0,0,0,0,2,0,0,0,0,0,0,0,0,2,1,0,0,0,0.0,0.0,0.0,0.0,0.0,0.0,28.6,0.0,0.0,0.0,0.0,28.6,0.0,0.0,0.0,0.0,0.0,0.0,0.0,0.0,28.6,14.3,0.0,0.0,0.0,T06,2
YouTube::@luisameliacapistran5055,YouTube,1,7,0,0,0,1,0,0,4,0,0,0,0,0,0,1,0,0,0,1,0,0,0,0,0,0,0,0.0,0.0,0.0,14.3,0.0,0.0,57.1,0.0,0.0,0.0,0.0,0.0,0.0,14.3,0.0,0.0,0.0,14.3,0.0,0.0,0.0,0.0,0.0,0.0,0.0,T06,4
YouTube::@luiscarreon6188,YouTube,1,16,0,0,0,2,0,1,5,0,2,1,0,0,0,1,1,0,0,0,0,0,0,0,1,0,2,0.0,0.0,0.0,12.5,0.0,6.2,31.2,0.0,12.5,6.2,0.0,0.0,0.0,6.2,6.2,0.0,0.0,0.0,0.0,0.0,0.0,0.0,6.2,0.0,12.5,T06,5
YouTube::@luiscazares9595,YouTube,1,1,0,0,0,0,0,0,0,0,0,0,0,0,1,0,0,0,0,0,0,0,0,0,0,0,0,0.0,0.0,0.0,0.0,0.0,0.0,0.0,0.0,0.0,0.0,0.0,0.0,100.0,0.0,0.0,0.0,0.0,0.0,0.0,0.0,0.0,0.0,0.0,0.0,0.0,T12,1
YouTube::@luisdaniloperezlicona5306,YouTube,1,1,0,0,0,0,0,1,0,0,0,0,0,0,0,0,0,0,0,0,0,0,0,0,0,0,0,0.0,0.0,0.0,0.0,0.0,100.0,0.0,0.0,0.0,0.0,0.0,0.0,0.0,0.0,0.0,0.0,0.0,0.0,0.0,0.0,0.0,0.0,0.0,0.0,0.0,T05,1
YouTube::@luiserasmo,YouTube,2,20,0,0,0,3,0,3,14,0,0,0,0,0,0,0,0,0,0,0,0,0,0,0,0,0,0,0.0,0.0,0.0,15.0,0.0,15.0,70.0,0.0,0.0,0.0,0.0,0.0,0.0,0.0,0.0,0.0,0.0,0.0,0.0,0.0,0.0,0.0,0.0,0.0,0.0,T06,14
YouTube::@luisfelipevasquezramirez1951,YouTube,1,1,0,0,0,0,0,0,0,0,0,0,0,1,0,0,0,0,0,0,0,0,0,0,0,0,0,0.0,0.0,0.0,0.0,0.0,0.0,0.0,0.0,0.0,0.0,0.0,100.0,0.0,0.0,0.0,0.0,0.0,0.0,0.0,0.0,0.0,0.0,0.0,0.0,0.0,T11,1
YouTube::@luisglez6576,YouTube,1,9,0,0,0,0,0,0,6,0,0,0,0,0,0,1,0,0,0,0,1,0,0,0,1,0,0,0.0,0.0,0.0,0.0,0.0,0.0,66.7,0.0,0.0,0.0,0.0,0.0,0.0,11.1,0.0,0.0,0.0,0.0,11.1,0.0,0.0,0.0,11.1,0.0,0.0,T06,6
YouTube::@luislalopv29,YouTube,1,3,0,0,0,0,0,0,0,0,0,0,0,1,0,1,0,0,0,0,0,0,0,1,0,0,0,0.0,0.0,0.0,0.0,0.0,0.0,0.0,0.0,0.0,0.0,0.0,33.3,0.0,33.3,0.0,0.0,0.0,0.0,0.0,0.0,0.0,33.3,0.0,0.0,0.0,T11,1
YouTube::@luismiguelenriquezchavez7942,YouTube,1,7,0,2,0,0,0,0,1,0,0,0,0,0,0,1,0,0,0,0,0,1,0,1,0,0,1,0.0,28.6,0.0,0.0,0.0,0.0,14.3,0.0,0.0,0.0,0.0,0.0,0.0,14.3,0.0,0.0,0.0,0.0,0.0,14.3,0.0,14.3,0.0,0.0,14.3,T01,2
YouTube::@luisrangel4081,YouTube,1,5,0,0,0,0,0,0,0,0,0,0,0,0,0,0,0,0,0,0,0,0,0,4,0,0,1,0.0,0.0,0.0,0.0,0.0,0.0,0.0,0.0,0.0,0.0,0.0,0.0,0.0,0.0,0.0,0.0,0.0,0.0,0.0,0.0,0.0,80.0,0.0,0.0,20.0,T21,4
YouTube::@luisreyguadarramacruz9517,YouTube,1,7,0,0,0,1,1,0,0,0,2,0,1,0,0,0,0,0,0,0,0,0,0,2,0,0,0,0.0,0.0,0.0,14.3,14.3,0.0,0.0,0.0,28.6,0.0,14.3,0.0,0.0,0.0,0.0,0.0,0.0,0.0,0.0,0.0,0.0,28.6,0.0,0.0,0.0,T08,2
YouTube::@luisrobertomargain4731,YouTube,1,1,0,0,0,0,0,0,0,0,0,0,0,1,0,0,0,0,0,0,0,0,0,0,0,0,0,0.0,0.0,0.0,0.0,0.0,0.0,0.0,0.0,0.0,0.0,0.0,100.0,0.0,0.0,0.0,0.0,0.0,0.0,0.0,0.0,0.0,0.0,0.0,0.0,0.0,T11,1
YouTube::@luisrortiz696,YouTube,1,6,0,0,0,1,0,0,0,0,0,0,1,3,0,0,0,0,0,0,0,1,0,0,0,0,0,0.0,0.0,0.0,16.7,0.0,0.0,0.0,0.0,0.0,0.0,16.7,50.0,0.0,0.0,0.0,0.0,0.0,0.0,0.0,16.7,0.0,0.0,0.0,0.0,0.0,T11,3
YouTube::@luisvargas6153,YouTube,1,1,0,0,0,0,0,0,1,0,0,0,0,0,0,0,0,0,0,0,0,0,0,0,0,0,0,0.0,0.0,0.0,0.0,0.0,0.0,100.0,0.0,0.0,0.0,0.0,0.0,0.0,0.0,0.0,0.0,0.0,0.0,0.0,0.0,0.0,0.0,0.0,0.0,0.0,T06,1
YouTube::@lulalagomez,YouTube,1,3,0,0,0,0,0,0,0,0,0,0,1,0,0,1,0,0,0,1,0,0,0,0,0,0,0,0.0,0.0,0.0,0.0,0.0,0.0,0.0,0.0,0.0,0.0,33.3,0.0,0.0,33.3,0.0,0.0,0.0,33.3,0.0,0.0,0.0,0.0,0.0,0.0,0.0,T17,1
YouTube::@lupitamorales9216,YouTube,1,2,0,0,0,0,0,0,0,2,0,0,0,0,0,0,0,0,0,0,0,0,0,0,0,0,0,0.0,0.0,0.0,0.0,0.0,0.0,0.0,100.0,0.0,0.0,0.0,0.0,0.0,0.0,0.0,0.0,0.0,0.0,0.0,0.0,0.0,0.0,0.0,0.0,0.0,T07,2
YouTube::@lupitaortizgarcia7364,YouTube,1,9,0,0,0,0,1,1,2,0,1,1,0,0,0,0,0,0,0,0,0,2,0,1,0,0,0,0.0,0.0,0.0,0.0,11.1,11.1,22.2,0.0,11.1,11.1,0.0,0.0,0.0,0.0,0.0,0.0,0.0,0.0,0.0,22.2,0.0,11.1,0.0,0.0,0.0,T06,2
YouTube::@lupitarios157,YouTube,1,3,0,0,0,0,0,0,1,0,2,0,0,0,0,0,0,0,0,0,0,0,0,0,0,0,0,0.0,0.0,0.0,0.0,0.0,0.0,33.3,0.0,66.7,0.0,0.0,0.0,0.0,0.0,0.0,0.0,0.0,0.0,0.0,0.0,0.0,0.0,0.0,0.0,0.0,T08,2
YouTube::@lupitasolorio8586,YouTube,1,1,0,0,0,0,0,0,0,0,0,0,0,0,0,0,1,0,0,0,0,0,0,0,0,0,0,0.0,0.0,0.0,0.0,0.0,0.0,0.0,0.0,0.0,0.0,0.0,0.0,0.0,0.0,100.0,0.0,0.0,0.0,0.0,0.0,0.0,0.0,0.0,0.0,0.0,T14,1
YouTube::@luzmariaacosta4528,YouTube,1,9,0,0,0,0,0,0,5,0,0,0,0,0,0,1,1,1,0,0,1,0,0,0,0,0,0,0.0,0.0,0.0,0.0,0.0,0.0,55.6,0.0,0.0,0.0,0.0,0.0,0.0,11.1,11.1,11.1,0.0,0.0,11.1,0.0,0.0,0.0,0.0,0.0,0.0,T06,5
YouTube::@luzmariaberumenramirez3374,YouTube,1,4,0,0,1,0,0,0,1,0,0,0,0,0,0,0,0,0,0,0,0,0,0,2,0,0,0,0.0,0.0,25.0,0.0,0.0,0.0,25.0,0.0,0.0,0.0,0.0,0.0,0.0,0.0,0.0,0.0,0.0,0.0,0.0,0.0,0.0,50.0,0.0,0.0,0.0,T21,2
YouTube::@luzmariaramos543,YouTube,2,9,1,0,0,0,1,0,0,0,2,0,0,1,1,0,0,0,0,0,0,0,1,0,1,1,0,11.1,0.0,0.0,0.0,11.1,0.0,0.0,0.0,22.2,0.0,0.0,11.1,11.1,0.0,0.0,0.0,0.0,0.0,0.0,0.0,11.1,0.0,11.1,11.1,0.0,T08,2
YouTube::@luzmilacaicedo6866,YouTube,1,4,0,0,0,1,0,0,0,0,0,0,0,0,0,0,0,0,0,1,0,0,0,0,1,1,0,0.0,0.0,0.0,25.0,0.0,0.0,0.0,0.0,0.0,0.0,0.0,0.0,0.0,0.0,0.0,0.0,0.0,25.0,0.0,0.0,0.0,0.0,25.0,25.0,0.0,T23,1
YouTube::@luztorresruiz7480,YouTube,1,3,0,0,0,0,0,0,1,1,0,0,0,0,0,0,1,0,0,0,0,0,0,0,0,0,0,0.0,0.0,0.0,0.0,0.0,0.0,33.3,33.3,0.0,0.0,0.0,0.0,0.0,0.0,33.3,0.0,0.0,0.0,0.0,0.0,0.0,0.0,0.0,0.0,0.0,T07,1
YouTube::@lúísrámós-h5u,YouTube,1,6,0,0,0,0,0,0,1,0,0,0,1,2,0,0,0,0,0,0,0,0,2,0,0,0,0,0.0,0.0,0.0,0.0,0.0,0.0,16.7,0.0,0.0,0.0,16.7,33.3,0.0,0.0,0.0,0.0,0.0,0.0,0.0,0.0,33.3,0.0,0.0,0.0,0.0,T20,2
YouTube::@m.peterson2210,YouTube,1,1,0,0,0,0,0,0,1,0,0,0,0,0,0,0,0,0,0,0,0,0,0,0,0,0,0,0.0,0.0,0.0,0.0,0.0,0.0,100.0,0.0,0.0,0.0,0.0,0.0,0.0,0.0,0.0,0.0,0.0,0.0,0.0,0.0,0.0,0.0,0.0,0.0,0.0,T06,1
YouTube::@ma.dejesustovarvenegas6884,YouTube,1,3,0,0,0,2,0,0,0,0,0,0,0,0,0,1,0,0,0,0,0,0,0,0,0,0,0,0.0,0.0,0.0,66.7,0.0,0.0,0.0,0.0,0.0,0.0,0.0,0.0,0.0,33.3,0.0,0.0,0.0,0.0,0.0,0.0,0.0,0.0,0.0,0.0,0.0,T03,2
YouTube::@ma.guadalupezunigaflores963,YouTube,1,2,0,0,0,0,0,0,0,0,1,0,0,0,0,0,0,0,0,0,0,0,0,1,0,0,0,0.0,0.0,0.0,0.0,0.0,0.0,0.0,0.0,50.0,0.0,0.0,0.0,0.0,0.0,0.0,0.0,0.0,0.0,0.0,0.0,0.0,50.0,0.0,0.0,0.0,T08,1
YouTube::@macedoniogallegos2939,YouTube,1,5,0,0,0,0,1,0,4,0,0,0,0,0,0,0,0,0,0,0,0,0,0,0,0,0,0,0.0,0.0,0.0,0.0,20.0,0.0,80.0,0.0,0.0,0.0,0.0,0.0,0.0,0.0,0.0,0.0,0.0,0.0,0.0,0.0,0.0,0.0,0.0,0.0,0.0,T06,4
YouTube::@macgyver7998,YouTube,2,12,0,0,0,4,0,0,4,0,0,0,0,0,0,1,1,0,0,1,0,0,0,1,0,0,0,0.0,0.0,0.0,33.3,0.0,0.0,33.3,0.0,0.0,0.0,0.0,0.0,0.0,8.3,8.3,0.0,0.0,8.3,0.0,0.0,0.0,8.3,0.0,0.0,0.0,T03,4
YouTube::@maelenacarreon1194,YouTube,1,3,0,0,0,1,0,1,1,0,0,0,0,0,0,0,0,0,0,0,0,0,0,0,0,0,0,0.0,0.0,0.0,33.3,0.0,33.3,33.3,0.0,0.0,0.0,0.0,0.0,0.0,0.0,0.0,0.0,0.0,0.0,0.0,0.0,0.0,0.0,0.0,0.0,0.0,T06,1
YouTube::@maelenagallardo7614,YouTube,1,0,0,0,0,0,0,0,0,0,0,0,0,0,0,0,0,0,0,0,0,0,0,0,0,0,0,0.0,0.0,0.0,0.0,0.0,0.0,0.0,0.0,0.0,0.0,0.0,0.0,0.0,0.0,0.0,0.0,0.0,0.0,0.0,0.0,0.0,0.0,0.0,0.0,0.0,,0
YouTube::@magaligalvez176,YouTube,1,18,0,0,1,0,2,1,5,0,2,1,0,1,0,0,0,1,0,2,0,0,0,1,1,0,0,0.0,0.0,5.6,0.0,11.1,5.6,27.8,0.0,11.1,5.6,0.0,5.6,0.0,0.0,0.0,5.6,0.0,11.1,0.0,0.0,0.0,5.6,5.6,0.0,0.0,T06,5
YouTube::@magdalaflores2815,YouTube,1,1,0,0,0,0,0,0,1,0,0,0,0,0,0,0,0,0,0,0,0,0,0,0,0,0,0,0.0,0.0,0.0,0.0,0.0,0.0,100.0,0.0,0.0,0.0,0.0,0.0,0.0,0.0,0.0,0.0,0.0,0.0,0.0,0.0,0.0,0.0,0.0,0.0,0.0,T06,1
YouTube::@magdalenabeltran6265,YouTube,1,2,0,0,0,0,0,0,1,0,0,1,0,0,0,0,0,0,0,0,0,0,0,0,0,0,0,0.0,0.0,0.0,0.0,0.0,0.0,50.0,0.0,0.0,50.0,0.0,0.0,0.0,0.0,0.0,0.0,0.0,0.0,0.0,0.0,0.0,0.0,0.0,0.0,0.0,T09,1
YouTube::@magdalenog6631,YouTube,1,11,0,0,0,0,3,0,0,1,1,1,0,0,0,0,0,0,0,0,0,2,0,2,1,0,0,0.0,0.0,0.0,0.0,27.3,0.0,0.0,9.1,9.1,9.1,0.0,0.0,0.0,0.0,0.0,0.0,0.0,0.0,0.0,18.2,0.0,18.2,9.1,0.0,0.0,T04,3
YouTube::@magdatowen5621,YouTube,1,6,0,0,0,0,1,0,2,0,1,0,0,0,1,0,1,0,0,0,0,0,0,0,0,0,0,0.0,0.0,0.0,0.0,16.7,0.0,33.3,0.0,16.7,0.0,0.0,0.0,16.7,0.0,16.7,0.0,0.0,0.0,0.0,0.0,0.0,0.0,0.0,0.0,0.0,T06,2
YouTube::@malenlarco9415,YouTube,1,1,0,0,0,0,0,0,1,0,0,0,0,0,0,0,0,0,0,0,0,0,0,0,0,0,0,0.0,0.0,0.0,0.0,0.0,0.0,100.0,0.0,0.0,0.0,0.0,0.0,0.0,0.0,0.0,0.0,0.0,0.0,0.0,0.0,0.0,0.0,0.0,0.0,0.0,T06,1
YouTube::@mamarodriguez9122,YouTube,1,13,0,0,0,0,0,1,4,0,0,0,1,0,0,0,0,1,1,0,1,0,0,1,3,0,0,0.0,0.0,0.0,0.0,0.0,7.7,30.8,0.0,0.0,0.0,7.7,0.0,0.0,0.0,0.0,7.7,7.7,0.0,7.7,0.0,0.0,7.7,23.1,0.0,0.0,T06,4
YouTube::@manueldesantiago1677,YouTube,1,13,0,0,1,0,0,0,0,0,2,0,2,0,2,0,0,0,0,0,1,0,0,3,2,0,0,0.0,0.0,7.7,0.0,0.0,0.0,0.0,0.0,15.4,0.0,15.4,0.0,15.4,0.0,0.0,0.0,0.0,0.0,7.7,0.0,0.0,23.1,15.4,0.0,0.0,T21,3
YouTube::@manuelgutierrez4859,YouTube,1,4,0,0,0,0,1,0,1,0,1,1,0,0,0,0,0,0,0,0,0,0,0,0,0,0,0,0.0,0.0,0.0,0.0,25.0,0.0,25.0,0.0,25.0,25.0,0.0,0.0,0.0,0.0,0.0,0.0,0.0,0.0,0.0,0.0,0.0,0.0,0.0,0.0,0.0,T09,1
YouTube::@manuelherrera-qy5xx,YouTube,2,4,0,0,2,0,0,0,0,1,0,0,0,0,1,0,0,0,0,0,0,0,0,0,0,0,0,0.0,0.0,50.0,0.0,0.0,0.0,0.0,25.0,0.0,0.0,0.0,0.0,25.0,0.0,0.0,0.0,0.0,0.0,0.0,0.0,0.0,0.0,0.0,0.0,0.0,T02,2
YouTube::@manuelmoralesleal6075,YouTube,1,5,0,0,0,0,1,0,3,0,0,0,0,0,0,0,0,1,0,0,0,0,0,0,0,0,0,0.0,0.0,0.0,0.0,20.0,0.0,60.0,0.0,0.0,0.0,0.0,0.0,0.0,0.0,0.0,20.0,0.0,0.0,0.0,0.0,0.0,0.0,0.0,0.0,0.0,T06,3
YouTube::@manuelvazquez9862,YouTube,1,6,0,1,0,0,0,0,2,0,0,0,0,0,0,0,0,0,0,0,0,0,0,3,0,0,0,0.0,16.7,0.0,0.0,0.0,0.0,33.3,0.0,0.0,0.0,0.0,0.0,0.0,0.0,0.0,0.0,0.0,0.0,0.0,0.0,0.0,50.0,0.0,0.0,0.0,T21,3
YouTube::@manuelvenator2459,YouTube,1,4,1,0,0,0,0,0,0,0,0,1,0,0,0,0,0,0,0,0,0,0,0,2,0,0,0,25.0,0.0,0.0,0.0,0.0,0.0,0.0,0.0,0.0,25.0,0.0,0.0,0.0,0.0,0.0,0.0,0.0,0.0,0.0,0.0,0.0,50.0,0.0,0.0,0.0,T21,2
YouTube::@mar1257-j7n,YouTube,1,14,0,0,1,0,0,3,3,0,0,0,1,0,0,1,0,1,0,0,0,0,2,1,1,0,0,0.0,0.0,7.1,0.0,0.0,21.4,21.4,0.0,0.0,0.0,7.1,0.0,0.0,7.1,0.0,7.1,0.0,0.0,0.0,0.0,14.3,7.1,7.1,0.0,0.0,T05,3
YouTube::@marbelladiaz3604,YouTube,1,2,0,0,0,0,0,0,0,0,0,0,0,0,0,0,0,0,0,0,1,0,1,0,0,0,0,0.0,0.0,0.0,0.0,0.0,0.0,0.0,0.0,0.0,0.0,0.0,0.0,0.0,0.0,0.0,0.0,0.0,0.0,50.0,0.0,50.0,0.0,0.0,0.0,0.0,T20,1
YouTube::@marcelahernandez5450,YouTube,1,8,0,0,0,0,0,2,4,0,0,0,1,0,0,0,0,1,0,0,0,0,0,0,0,0,0,0.0,0.0,0.0,0.0,0.0,25.0,50.0,0.0,0.0,0.0,12.5,0.0,0.0,0.0,0.0,12.5,0.0,0.0,0.0,0.0,0.0,0.0,0.0,0.0,0.0,T06,4
YouTube::@marcelinatorres8357,YouTube,1,13,0,0,0,0,0,1,5,0,1,2,1,0,0,1,1,0,0,0,0,0,1,0,0,0,0,0.0,0.0,0.0,0.0,0.0,7.7,38.5,0.0,7.7,15.4,7.7,0.0,0.0,7.7,7.7,0.0,0.0,0.0,0.0,0.0,7.7,0.0,0.0,0.0,0.0,T06,5
YouTube::@marciavillacres4841,YouTube,2,9,0,0,0,0,1,1,2,1,2,0,0,0,0,0,0,0,0,0,0,0,0,2,0,0,0,0.0,0.0,0.0,0.0,11.1,11.1,22.2,11.1,22.2,0.0,0.0,0.0,0.0,0.0,0.0,0.0,0.0,0.0,0.0,0.0,0.0,22.2,0.0,0.0,0.0,T21,2
YouTube::@marcoa.a.g6755,YouTube,1,7,0,0,0,1,0,0,1,0,3,0,0,0,0,0,0,0,0,0,0,0,0,1,1,0,0,0.0,0.0,0.0,14.3,0.0,0.0,14.3,0.0,42.9,0.0,0.0,0.0,0.0,0.0,0.0,0.0,0.0,0.0,0.0,0.0,0.0,14.3,14.3,0.0,0.0,T08,3
YouTube::@marcoanguiano8552,YouTube,1,3,1,0,0,0,0,0,0,0,0,0,0,0,0,0,0,0,0,0,0,0,0,1,0,1,0,33.3,0.0,0.0,0.0,0.0,0.0,0.0,0.0,0.0,0.0,0.0,0.0,0.0,0.0,0.0,0.0,0.0,0.0,0.0,0.0,0.0,33.3,0.0,33.3,0.0,T00,1
YouTube::@marcoantoniogarciaquiroz9660,YouTube,1,6,0,0,0,0,0,0,2,0,0,1,0,0,0,0,0,0,1,0,0,1,0,1,0,0,0,0.0,0.0,0.0,0.0,0.0,0.0,33.3,0.0,0.0,16.7,0.0,0.0,0.0,0.0,0.0,0.0,16.7,0.0,0.0,16.7,0.0,16.7,0.0,0.0,0.0,T06,2
YouTube::@marcoantoniolopezvilchis153,YouTube,1,6,0,0,0,0,0,0,0,0,0,0,1,3,0,0,0,0,0,0,0,0,1,0,1,0,0,0.0,0.0,0.0,0.0,0.0,0.0,0.0,0.0,0.0,0.0,16.7,50.0,0.0,0.0,0.0,0.0,0.0,0.0,0.0,0.0,16.7,0.0,16.7,0.0,0.0,T11,3
YouTube::@marcoantoniomandujanocruz,YouTube,1,3,0,0,0,0,0,1,1,0,0,1,0,0,0,0,0,0,0,0,0,0,0,0,0,0,0,0.0,0.0,0.0,0.0,0.0,33.3,33.3,0.0,0.0,33.3,0.0,0.0,0.0,0.0,0.0,0.0,0.0,0.0,0.0,0.0,0.0,0.0,0.0,0.0,0.0,T06,1
YouTube::@marcoantoniomijares6020,YouTube,1,9,0,0,0,0,0,0,1,1,1,1,0,2,0,1,0,0,0,0,1,0,1,0,0,0,0,0.0,0.0,0.0,0.0,0.0,0.0,11.1,11.1,11.1,11.1,0.0,22.2,0.0,11.1,0.0,0.0,0.0,0.0,11.1,0.0,11.1,0.0,0.0,0.0,0.0,T11,2
YouTube::@marcoantonioruiz278,YouTube,1,0,0,0,0,0,0,0,0,0,0,0,0,0,0,0,0,0,0,0,0,0,0,0,0,0,0,0.0,0.0,0.0,0.0,0.0,0.0,0.0,0.0,0.0,0.0,0.0,0.0,0.0,0.0,0.0,0.0,0.0,0.0,0.0,0.0,0.0,0.0,0.0,0.0,0.0,,0
YouTube::@marcosgutierrez5419,YouTube,1,1,0,0,0,0,0,0,1,0,0,0,0,0,0,0,0,0,0,0,0,0,0,0,0,0,0,0.0,0.0,0.0,0.0,0.0,0.0,100.0,0.0,0.0,0.0,0.0,0.0,0.0,0.0,0.0,0.0,0.0,0.0,0.0,0.0,0.0,0.0,0.0,0.0,0.0,T06,1
YouTube::@marcosolivares3204,YouTube,1,2,0,0,0,0,0,0,1,0,0,0,0,1,0,0,0,0,0,0,0,0,0,0,0,0,0,0.0,0.0,0.0,0.0,0.0,0.0,50.0,0.0,0.0,0.0,0.0,50.0,0.0,0.0,0.0,0.0,0.0,0.0,0.0,0.0,0.0,0.0,0.0,0.0,0.0,T06,1
YouTube::@margar6904,YouTube,1,2,0,0,0,1,0,0,0,0,0,0,0,0,0,0,0,0,0,0,0,0,1,0,0,0,0,0.0,0.0,0.0,50.0,0.0,0.0,0.0,0.0,0.0,0.0,0.0,0.0,0.0,0.0,0.0,0.0,0.0,0.0,0.0,0.0,50.0,0.0,0.0,0.0,0.0,T03,1
YouTube::@margaritahernandezresendiz637,YouTube,1,8,0,0,0,0,1,0,1,0,0,2,0,0,0,0,1,0,0,0,1,1,0,1,0,0,0,0.0,0.0,0.0,0.0,12.5,0.0,12.5,0.0,0.0,25.0,0.0,0.0,0.0,0.0,12.5,0.0,0.0,0.0,12.5,12.5,0.0,12.5,0.0,0.0,0.0,T09,2
YouTube::@margaritalozano102,YouTube,1,2,0,0,0,0,0,0,2,0,0,0,0,0,0,0,0,0,0,0,0,0,0,0,0,0,0,0.0,0.0,0.0,0.0,0.0,0.0,100.0,0.0,0.0,0.0,0.0,0.0,0.0,0.0,0.0,0.0,0.0,0.0,0.0,0.0,0.0,0.0,0.0,0.0,0.0,T06,2
YouTube::@margaritamelendez918,YouTube,1,2,0,0,0,2,0,0,0,0,0,0,0,0,0,0,0,0,0,0,0,0,0,0,0,0,0,0.0,0.0,0.0,100.0,0.0,0.0,0.0,0.0,0.0,0.0,0.0,0.0,0.0,0.0,0.0,0.0,0.0,0.0,0.0,0.0,0.0,0.0,0.0,0.0,0.0,T03,2
YouTube::@margaritamendoza5191,YouTube,1,10,0,0,0,2,0,0,5,0,0,0,0,1,0,1,0,1,0,0,0,0,0,0,0,0,0,0.0,0.0,0.0,20.0,0.0,0.0,50.0,0.0,0.0,0.0,0.0,10.0,0.0,10.0,0.0,10.0,0.0,0.0,0.0,0.0,0.0,0.0,0.0,0.0,0.0,T06,5
YouTube::@margaritamendozamartinez4829,YouTube,1,7,0,0,0,1,0,0,5,0,0,0,0,0,0,0,0,0,0,0,0,0,0,0,0,0,1,0.0,0.0,0.0,14.3,0.0,0.0,71.4,0.0,0.0,0.0,0.0,0.0,0.0,0.0,0.0,0.0,0.0,0.0,0.0,0.0,0.0,0.0,0.0,0.0,14.3,T06,5
YouTube::@margaritaquiroz8245,YouTube,2,13,0,0,0,0,0,1,2,0,1,0,0,0,1,1,2,1,0,1,0,1,0,2,0,0,0,0.0,0.0,0.0,0.0,0.0,7.7,15.4,0.0,7.7,0.0,0.0,0.0,7.7,7.7,15.4,7.7,0.0,7.7,0.0,7.7,0.0,15.4,0.0,0.0,0.0,T06,2
YouTube::@margaritazasocoteco8457,YouTube,1,15,0,1,2,0,1,0,8,0,1,0,0,0,0,0,0,0,0,1,0,0,0,1,0,0,0,0.0,6.7,13.3,0.0,6.7,0.0,53.3,0.0,6.7,0.0,0.0,0.0,0.0,0.0,0.0,0.0,0.0,6.7,0.0,0.0,0.0,6.7,0.0,0.0,0.0,T06,8
YouTube::@margaritochochom5639,YouTube,1,4,0,0,0,0,0,0,0,0,0,0,0,0,0,0,0,0,0,0,0,0,0,3,1,0,0,0.0,0.0,0.0,0.0,0.0,0.0,0.0,0.0,0.0,0.0,0.0,0.0,0.0,0.0,0.0,0.0,0.0,0.0,0.0,0.0,0.0,75.0,25.0,0.0,0.0,T21,3
YouTube::@margaritorodriguez7528,YouTube,1,3,0,0,0,0,0,0,2,0,0,0,0,0,0,0,0,0,0,0,0,0,0,0,1,0,0,0.0,0.0,0.0,0.0,0.0,0.0,66.7,0.0,0.0,0.0,0.0,0.0,0.0,0.0,0.0,0.0,0.0,0.0,0.0,0.0,0.0,0.0,33.3,0.0,0.0,T06,2
YouTube::@maria.67,YouTube,2,11,0,0,0,0,1,2,4,0,0,0,0,0,0,1,1,1,0,0,0,0,0,1,0,0,0,0.0,0.0,0.0,0.0,9.1,18.2,36.4,0.0,0.0,0.0,0.0,0.0,0.0,9.1,9.1,9.1,0.0,0.0,0.0,0.0,0.0,9.1,0.0,0.0,0.0,T06,4
YouTube::@mariablanco8654,YouTube,1,1,0,0,0,0,0,0,1,0,0,0,0,0,0,0,0,0,0,0,0,0,0,0,0,0,0,0.0,0.0,0.0,0.0,0.0,0.0,100.0,0.0,0.0,0.0,0.0,0.0,0.0,0.0,0.0,0.0,0.0,0.0,0.0,0.0,0.0,0.0,0.0,0.0,0.0,T06,1
YouTube::@mariadelcarmenlopezbermude8113,YouTube,1,4,0,0,0,0,0,0,4,0,0,0,0,0,0,0,0,0,0,0,0,0,0,0,0,0,0,0.0,0.0,0.0,0.0,0.0,0.0,100.0,0.0,0.0,0.0,0.0,0.0,0.0,0.0,0.0,0.0,0.0,0.0,0.0,0.0,0.0,0.0,0.0,0.0,0.0,T06,4
YouTube::@mariadelcarmensanchezrubio6800,YouTube,1,3,0,0,0,1,0,0,0,0,0,0,0,0,0,1,0,0,0,0,0,0,1,0,0,0,0,0.0,0.0,0.0,33.3,0.0,0.0,0.0,0.0,0.0,0.0,0.0,0.0,0.0,33.3,0.0,0.0,0.0,0.0,0.0,0.0,33.3,0.0,0.0,0.0,0.0,T13,1
YouTube::@mariadelpilarhernandezsanc5836,YouTube,1,6,0,0,0,0,0,0,1,1,0,0,0,0,0,2,0,0,0,0,0,0,0,0,0,2,0,0.0,0.0,0.0,0.0,0.0,0.0,16.7,16.7,0.0,0.0,0.0,0.0,0.0,33.3,0.0,0.0,0.0,0.0,0.0,0.0,0.0,0.0,0.0,33.3,0.0,T23,2
YouTube::@mariadelrefugiohernandezro772,YouTube,1,12,0,0,0,1,0,0,6,0,0,3,0,0,0,0,1,1,0,0,0,0,0,0,0,0,0,0.0,0.0,0.0,8.3,0.0,0.0,50.0,0.0,0.0,25.0,0.0,0.0,0.0,0.0,8.3,8.3,0.0,0.0,0.0,0.0,0.0,0.0,0.0,0.0,0.0,T06,6
YouTube::@mariadelsocorrorangel3725,YouTube,1,8,0,0,0,0,1,0,2,0,0,1,0,0,0,0,0,1,0,0,0,0,0,3,0,0,0,0.0,0.0,0.0,0.0,12.5,0.0,25.0,0.0,0.0,12.5,0.0,0.0,0.0,0.0,0.0,12.5,0.0,0.0,0.0,0.0,0.0,37.5,0.0,0.0,0.0,T21,3
YouTube::@mariaedithrangelreyes4273,YouTube,1,4,1,0,0,0,0,0,2,0,0,0,0,0,0,0,1,0,0,0,0,0,0,0,0,0,0,25.0,0.0,0.0,0.0,0.0,0.0,50.0,0.0,0.0,0.0,0.0,0.0,0.0,0.0,25.0,0.0,0.0,0.0,0.0,0.0,0.0,0.0,0.0,0.0,0.0,T06,2
YouTube::@mariaelenagovea5709,YouTube,1,3,0,0,0,0,0,0,3,0,0,0,0,0,0,0,0,0,0,0,0,0,0,0,0,0,0,0.0,0.0,0.0,0.0,0.0,0.0,100.0,0.0,0.0,0.0,0.0,0.0,0.0,0.0,0.0,0.0,0.0,0.0,0.0,0.0,0.0,0.0,0.0,0.0,0.0,T06,3
YouTube::@mariaelenaneri89,YouTube,2,4,0,0,0,0,0,0,3,0,0,0,0,0,0,0,0,0,0,0,0,0,0,1,0,0,0,0.0,0.0,0.0,0.0,0.0,0.0,75.0,0.0,0.0,0.0,0.0,0.0,0.0,0.0,0.0,0.0,0.0,0.0,0.0,0.0,0.0,25.0,0.0,0.0,0.0,T06,3
YouTube::@mariaelialeonsandoval2851,YouTube,1,0,0,0,0,0,0,0,0,0,0,0,0,0,0,0,0,0,0,0,0,0,0,0,0,0,0,0.0,0.0,0.0,0.0,0.0,0.0,0.0,0.0,0.0,0.0,0.0,0.0,0.0,0.0,0.0,0.0,0.0,0.0,0.0,0.0,0.0,0.0,0.0,0.0,0.0,,0
YouTube::@mariaesthercarmonaguzman942,YouTube,1,3,0,0,0,0,0,0,1,0,1,0,0,0,0,0,0,0,0,1,0,0,0,0,0,0,0,0.0,0.0,0.0,0.0,0.0,0.0,33.3,0.0,33.3,0.0,0.0,0.0,0.0,0.0,0.0,0.0,0.0,33.3,0.0,0.0,0.0,0.0,0.0,0.0,0.0,T08,1
YouTube::@mariaeugeniabrena,YouTube,1,18,1,1,0,0,1,0,7,0,0,0,1,2,0,0,0,2,0,0,0,0,1,1,1,0,0,5.6,5.6,0.0,0.0,5.6,0.0,38.9,0.0,0.0,0.0,5.6,11.1,0.0,0.0,0.0,11.1,0.0,0.0,0.0,0.0,5.6,5.6,5.6,0.0,0.0,T06,7
YouTube::@mariaeugeniacervantespaz700,YouTube,1,2,0,0,0,0,0,0,0,0,0,0,1,0,0,0,0,0,0,1,0,0,0,0,0,0,0,0.0,0.0,0.0,0.0,0.0,0.0,0.0,0.0,0.0,0.0,50.0,0.0,0.0,0.0,0.0,0.0,0.0,50.0,0.0,0.0,0.0,0.0,0.0,0.0,0.0,T17,1
YouTube::@mariafernandezortiz9753,YouTube,1,2,0,0,0,0,0,0,0,0,0,0,0,0,0,0,0,0,0,0,0,0,0,0,0,2,0,0.0,0.0,0.0,0.0,0.0,0.0,0.0,0.0,0.0,0.0,0.0,0.0,0.0,0.0,0.0,0.0,0.0,0.0,0.0,0.0,0.0,0.0,0.0,100.0,0.0,T23,2
YouTube::@mariaflorinaguanajuato8999,YouTube,1,7,0,0,0,0,0,1,1,0,1,0,0,0,0,1,1,0,0,1,0,0,0,1,0,0,0,0.0,0.0,0.0,0.0,0.0,14.3,14.3,0.0,14.3,0.0,0.0,0.0,0.0,14.3,14.3,0.0,0.0,14.3,0.0,0.0,0.0,14.3,0.0,0.0,0.0,T05,1
YouTube::@mariagora4391,YouTube,1,23,0,1,1,1,0,0,7,2,2,2,0,0,1,1,3,1,0,0,0,0,0,1,0,0,0,0.0,4.3,4.3,4.3,0.0,0.0,30.4,8.7,8.7,8.7,0.0,0.0,4.3,4.3,13.0,4.3,0.0,0.0,0.0,0.0,0.0,4.3,0.0,0.0,0.0,T06,7
YouTube::@mariaguadalupecruzresendiz2001,YouTube,1,5,0,0,0,0,2,1,0,0,1,0,0,0,0,1,0,0,0,0,0,0,0,0,0,0,0,0.0,0.0,0.0,0.0,40.0,20.0,0.0,0.0,20.0,0.0,0.0,0.0,0.0,20.0,0.0,0.0,0.0,0.0,0.0,0.0,0.0,0.0,0.0,0.0,0.0,T04,2
YouTube::@mariaguadalupemontes2624,YouTube,1,2,0,0,0,0,0,0,1,0,0,0,0,0,0,0,1,0,0,0,0,0,0,0,0,0,0,0.0,0.0,0.0,0.0,0.0,0.0,50.0,0.0,0.0,0.0,0.0,0.0,0.0,0.0,50.0,0.0,0.0,0.0,0.0,0.0,0.0,0.0,0.0,0.0,0.0,T06,1
YouTube::@mariahstjhon8714,YouTube,1,2,0,0,1,0,0,0,0,0,0,0,0,0,0,0,0,0,0,1,0,0,0,0,0,0,0,0.0,0.0,50.0,0.0,0.0,0.0,0.0,0.0,0.0,0.0,0.0,0.0,0.0,0.0,0.0,0.0,0.0,50.0,0.0,0.0,0.0,0.0,0.0,0.0,0.0,T02,1
YouTube::@mariajesuslopezalonsa2483,YouTube,1,1,0,0,0,0,0,0,1,0,0,0,0,0,0,0,0,0,0,0,0,0,0,0,0,0,0,0.0,0.0,0.0,0.0,0.0,0.0,100.0,0.0,0.0,0.0,0.0,0.0,0.0,0.0,0.0,0.0,0.0,0.0,0.0,0.0,0.0,0.0,0.0,0.0,0.0,T06,1
YouTube::@marialinda6100,YouTube,1,3,0,0,0,0,0,0,1,0,0,0,0,0,0,0,1,0,0,0,0,0,0,1,0,0,0,0.0,0.0,0.0,0.0,0.0,0.0,33.3,0.0,0.0,0.0,0.0,0.0,0.0,0.0,33.3,0.0,0.0,0.0,0.0,0.0,0.0,33.3,0.0,0.0,0.0,T21,1
YouTube::@mariamalagon1788,YouTube,1,8,0,0,0,0,0,2,0,0,0,0,0,0,0,0,0,1,0,0,0,0,0,5,0,0,0,0.0,0.0,0.0,0.0,0.0,25.0,0.0,0.0,0.0,0.0,0.0,0.0,0.0,0.0,0.0,12.5,0.0,0.0,0.0,0.0,0.0,62.5,0.0,0.0,0.0,T21,5
YouTube::@mariamott2834,YouTube,1,5,0,0,0,0,0,0,0,0,2,0,0,1,0,0,0,0,0,0,0,0,1,1,0,0,0,0.0,0.0,0.0,0.0,0.0,0.0,0.0,0.0,40.0,0.0,0.0,20.0,0.0,0.0,0.0,0.0,0.0,0.0,0.0,0.0,20.0,20.0,0.0,0.0,0.0,T08,2
YouTube::@mariamunoz4940,YouTube,2,53,0,0,0,4,2,3,4,2,4,2,3,0,1,2,2,12,0,5,2,0,1,0,1,2,1,0.0,0.0,0.0,7.5,3.8,5.7,7.5,3.8,7.5,3.8,5.7,0.0,1.9,3.8,3.8,22.6,0.0,9.4,3.8,0.0,1.9,0.0,1.9,3.8,1.9,T15,12
YouTube::@marianacabrera1486,YouTube,2,13,1,0,0,0,2,2,0,0,1,3,1,0,0,1,0,0,0,0,0,1,0,0,0,1,0,7.7,0.0,0.0,0.0,15.4,15.4,0.0,0.0,7.7,23.1,7.7,0.0,0.0,7.7,0.0,0.0,0.0,0.0,0.0,7.7,0.0,0.0,0.0,7.7,0.0,T09,3
YouTube::@marianaelenaaguilera5534,YouTube,1,3,0,0,0,0,0,0,0,0,0,0,0,0,0,0,0,0,0,0,0,0,1,2,0,0,0,0.0,0.0,0.0,0.0,0.0,0.0,0.0,0.0,0.0,0.0,0.0,0.0,0.0,0.0,0.0,0.0,0.0,0.0,0.0,0.0,33.3,66.7,0.0,0.0,0.0,T21,2
YouTube::@marianamontalvo7530,YouTube,2,78,1,1,1,5,5,3,32,3,1,2,1,2,2,2,2,2,0,2,1,2,1,2,4,0,1,1.3,1.3,1.3,6.4,6.4,3.8,41.0,3.8,1.3,2.6,1.3,2.6,2.6,2.6,2.6,2.6,0.0,2.6,1.3,2.6,1.3,2.6,5.1,0.0,1.3,T06,32
YouTube::@mariaolmos3345,YouTube,1,4,0,0,0,0,0,0,3,0,0,0,0,0,0,0,0,0,0,0,1,0,0,0,0,0,0,0.0,0.0,0.0,0.0,0.0,0.0,75.0,0.0,0.0,0.0,0.0,0.0,0.0,0.0,0.0,0.0,0.0,0.0,25.0,0.0,0.0,0.0,0.0,0.0,0.0,T06,3
YouTube::@mariasalinas6298,YouTube,1,5,1,0,0,0,2,0,0,0,0,2,0,0,0,0,0,0,0,0,0,0,0,0,0,0,0,20.0,0.0,0.0,0.0,40.0,0.0,0.0,0.0,0.0,40.0,0.0,0.0,0.0,0.0,0.0,0.0,0.0,0.0,0.0,0.0,0.0,0.0,0.0,0.0,0.0,T04,2
YouTube::@mariateregarcia4232,YouTube,1,4,0,0,0,0,1,0,1,0,0,0,0,0,0,0,0,1,0,0,0,0,1,0,0,0,0,0.0,0.0,0.0,0.0,25.0,0.0,25.0,0.0,0.0,0.0,0.0,0.0,0.0,0.0,0.0,25.0,0.0,0.0,0.0,0.0,25.0,0.0,0.0,0.0,0.0,T20,1
YouTube::@mariateresarosas3268,YouTube,1,26,1,0,1,0,0,0,9,1,1,0,1,0,1,3,0,4,0,1,0,1,0,1,1,0,0,3.8,0.0,3.8,0.0,0.0,0.0,34.6,3.8,3.8,0.0,3.8,0.0,3.8,11.5,0.0,15.4,0.0,3.8,0.0,3.8,0.0,3.8,3.8,0.0,0.0,T06,9
YouTube::@mariavite2868,YouTube,1,0,0,0,0,0,0,0,0,0,0,0,0,0,0,0,0,0,0,0,0,0,0,0,0,0,0,0.0,0.0,0.0,0.0,0.0,0.0,0.0,0.0,0.0,0.0,0.0,0.0,0.0,0.0,0.0,0.0,0.0,0.0,0.0,0.0,0.0,0.0,0.0,0.0,0.0,,0
YouTube::@maribelescamilla4207,YouTube,1,2,0,0,0,0,0,0,0,0,0,0,0,0,0,0,0,0,0,1,0,0,0,1,0,0,0,0.0,0.0,0.0,0.0,0.0,0.0,0.0,0.0,0.0,0.0,0.0,0.0,0.0,0.0,0.0,0.0,0.0,50.0,0.0,0.0,0.0,50.0,0.0,0.0,0.0,T21,1
YouTube::@maribeljaramillo4515,YouTube,2,16,0,0,0,0,0,2,2,0,0,4,0,1,0,1,0,0,1,2,0,0,0,1,1,0,1,0.0,0.0,0.0,0.0,0.0,12.5,12.5,0.0,0.0,25.0,0.0,6.2,0.0,6.2,0.0,0.0,6.2,12.5,0.0,0.0,0.0,6.2,6.2,0.0,6.2,T09,4
YouTube::@maribelramirez5590,YouTube,1,6,0,0,0,1,0,0,1,0,2,0,0,0,0,0,0,0,0,0,0,1,0,1,0,0,0,0.0,0.0,0.0,16.7,0.0,0.0,16.7,0.0,33.3,0.0,0.0,0.0,0.0,0.0,0.0,0.0,0.0,0.0,0.0,16.7,0.0,16.7,0.0,0.0,0.0,T08,2
YouTube::@maricarmencaffrey387,YouTube,1,6,0,0,2,1,1,0,0,0,0,0,0,0,0,0,1,0,0,1,0,0,0,0,0,0,0,0.0,0.0,33.3,16.7,16.7,0.0,0.0,0.0,0.0,0.0,0.0,0.0,0.0,0.0,16.7,0.0,0.0,16.7,0.0,0.0,0.0,0.0,0.0,0.0,0.0,T02,2
YouTube::@maricelaramirez6030,YouTube,1,3,0,0,1,0,1,0,0,0,0,0,0,0,0,0,0,0,0,0,0,0,0,1,0,0,0,0.0,0.0,33.3,0.0,33.3,0.0,0.0,0.0,0.0,0.0,0.0,0.0,0.0,0.0,0.0,0.0,0.0,0.0,0.0,0.0,0.0,33.3,0.0,0.0,0.0,T21,1
YouTube::@maricruzquijas,YouTube,1,1,0,0,0,0,0,0,0,0,0,0,0,0,0,0,1,0,0,0,0,0,0,0,0,0,0,0.0,0.0,0.0,0.0,0.0,0.0,0.0,0.0,0.0,0.0,0.0,0.0,0.0,0.0,100.0,0.0,0.0,0.0,0.0,0.0,0.0,0.0,0.0,0.0,0.0,T14,1
YouTube::@marielaromero9787,YouTube,1,6,0,0,0,0,0,0,4,0,0,0,1,0,0,1,0,0,0,0,0,0,0,0,0,0,0,0.0,0.0,0.0,0.0,0.0,0.0,66.7,0.0,0.0,0.0,16.7,0.0,0.0,16.7,0.0,0.0,0.0,0.0,0.0,0.0,0.0,0.0,0.0,0.0,0.0,T06,4
YouTube::@marielmendez7300,YouTube,1,6,0,1,0,0,0,0,2,0,1,0,0,0,0,1,0,0,0,0,0,0,0,1,0,0,0,0.0,16.7,0.0,0.0,0.0,0.0,33.3,0.0,16.7,0.0,0.0,0.0,0.0,16.7,0.0,0.0,0.0,0.0,0.0,0.0,0.0,16.7,0.0,0.0,0.0,T06,2
YouTube::@mariest-johndelacroix2505,YouTube,1,6,0,0,0,2,0,0,1,0,0,1,0,0,0,1,0,0,0,1,0,0,0,0,0,0,0,0.0,0.0,0.0,33.3,0.0,0.0,16.7,0.0,0.0,16.7,0.0,0.0,0.0,16.7,0.0,0.0,0.0,16.7,0.0,0.0,0.0,0.0,0.0,0.0,0.0,T03,2
YouTube::@mariluroman5709,YouTube,2,19,0,0,1,1,0,2,7,0,0,0,0,0,1,1,0,0,0,1,1,0,0,0,3,0,1,0.0,0.0,5.3,5.3,0.0,10.5,36.8,0.0,0.0,0.0,0.0,0.0,5.3,5.3,0.0,0.0,0.0,5.3,5.3,0.0,0.0,0.0,15.8,0.0,5.3,T06,7
YouTube::@marinaperez8785,YouTube,1,0,0,0,0,0,0,0,0,0,0,0,0,0,0,0,0,0,0,0,0,0,0,0,0,0,0,0.0,0.0,0.0,0.0,0.0,0.0,0.0,0.0,0.0,0.0,0.0,0.0,0.0,0.0,0.0,0.0,0.0,0.0,0.0,0.0,0.0,0.0,0.0,0.0,0.0,,0
YouTube::@marioalmazan2906,YouTube,1,3,0,0,0,0,0,0,0,0,0,0,0,0,0,0,0,0,0,0,0,1,0,0,0,2,0,0.0,0.0,0.0,0.0,0.0,0.0,0.0,0.0,0.0,0.0,0.0,0.0,0.0,0.0,0.0,0.0,0.0,0.0,0.0,33.3,0.0,0.0,0.0,66.7,0.0,T23,2
YouTube::@marioenriquez3465,YouTube,1,6,0,1,0,0,0,0,0,0,1,0,0,1,0,0,0,0,0,0,0,0,1,2,0,0,0,0.0,16.7,0.0,0.0,0.0,0.0,0.0,0.0,16.7,0.0,0.0,16.7,0.0,0.0,0.0,0.0,0.0,0.0,0.0,0.0,16.7,33.3,0.0,0.0,0.0,T21,2
YouTube::@marioomd1232,YouTube,1,11,0,0,1,0,0,1,1,0,0,0,0,0,0,1,0,0,0,1,0,0,0,4,1,0,1,0.0,0.0,9.1,0.0,0.0,9.1,9.1,0.0,0.0,0.0,0.0,0.0,0.0,9.1,0.0,0.0,0.0,9.1,0.0,0.0,0.0,36.4,9.1,0.0,9.1,T21,4
YouTube::@mariopolancosantos1164,YouTube,1,4,0,0,0,0,0,0,1,1,0,0,0,0,0,0,0,0,0,0,0,0,1,1,0,0,0,0.0,0.0,0.0,0.0,0.0,0.0,25.0,25.0,0.0,0.0,0.0,0.0,0.0,0.0,0.0,0.0,0.0,0.0,0.0,0.0,25.0,25.0,0.0,0.0,0.0,T21,1
YouTube::@mariovazquezz3110,YouTube,1,1,0,0,0,0,0,0,1,0,0,0,0,0,0,0,0,0,0,0,0,0,0,0,0,0,0,0.0,0.0,0.0,0.0,0.0,0.0,100.0,0.0,0.0,0.0,0.0,0.0,0.0,0.0,0.0,0.0,0.0,0.0,0.0,0.0,0.0,0.0,0.0,0.0,0.0,T06,1
YouTube::@mariselalopez3543,YouTube,1,3,0,0,0,0,1,0,1,0,0,0,0,0,0,0,0,0,0,0,0,0,0,1,0,0,0,0.0,0.0,0.0,0.0,33.3,0.0,33.3,0.0,0.0,0.0,0.0,0.0,0.0,0.0,0.0,0.0,0.0,0.0,0.0,0.0,0.0,33.3,0.0,0.0,0.0,T06,1
YouTube::@marita6697,YouTube,1,2,0,0,0,1,0,0,0,0,0,0,0,0,0,0,0,0,0,0,0,0,0,0,1,0,0,0.0,0.0,0.0,50.0,0.0,0.0,0.0,0.0,0.0,0.0,0.0,0.0,0.0,0.0,0.0,0.0,0.0,0.0,0.0,0.0,0.0,0.0,50.0,0.0,0.0,T22,1
YouTube::@markf7886,YouTube,1,4,0,0,0,0,0,0,0,0,0,0,2,0,0,0,0,0,0,0,0,0,0,0,1,1,0,0.0,0.0,0.0,0.0,0.0,0.0,0.0,0.0,0.0,0.0,50.0,0.0,0.0,0.0,0.0,0.0,0.0,0.0,0.0,0.0,0.0,0.0,25.0,25.0,0.0,T10,2
YouTube::@marlin2186-p6u,YouTube,1,5,0,1,0,0,0,0,1,0,0,0,0,0,0,1,0,1,0,0,0,0,0,0,0,1,0,0.0,20.0,0.0,0.0,0.0,0.0,20.0,0.0,0.0,0.0,0.0,0.0,0.0,20.0,0.0,20.0,0.0,0.0,0.0,0.0,0.0,0.0,0.0,20.0,0.0,T01,1
YouTube::@marromero8359,YouTube,1,2,0,0,0,1,0,0,1,0,0,0,0,0,0,0,0,0,0,0,0,0,0,0,0,0,0,0.0,0.0,0.0,50.0,0.0,0.0,50.0,0.0,0.0,0.0,0.0,0.0,0.0,0.0,0.0,0.0,0.0,0.0,0.0,0.0,0.0,0.0,0.0,0.0,0.0,T03,1
YouTube::@marthadeanda635,YouTube,2,10,0,0,0,0,0,0,4,0,0,3,1,0,0,0,0,0,0,0,0,1,0,0,1,0,0,0.0,0.0,0.0,0.0,0.0,0.0,40.0,0.0,0.0,30.0,10.0,0.0,0.0,0.0,0.0,0.0,0.0,0.0,0.0,10.0,0.0,0.0,10.0,0.0,0.0,T06,4
YouTube::@marthapedroza4700,YouTube,1,4,0,0,0,0,0,0,0,0,1,0,0,0,0,0,0,0,0,0,0,0,0,3,0,0,0,0.0,0.0,0.0,0.0,0.0,0.0,0.0,0.0,25.0,0.0,0.0,0.0,0.0,0.0,0.0,0.0,0.0,0.0,0.0,0.0,0.0,75.0,0.0,0.0,0.0,T21,3
YouTube::@martharaquelramirezcelesti1660,YouTube,1,12,0,0,0,1,0,1,5,0,1,1,0,1,0,0,1,0,0,0,0,0,0,1,0,0,0,0.0,0.0,0.0,8.3,0.0,8.3,41.7,0.0,8.3,8.3,0.0,8.3,0.0,0.0,8.3,0.0,0.0,0.0,0.0,0.0,0.0,8.3,0.0,0.0,0.0,T06,5
YouTube::@martharivas5502,YouTube,1,6,0,0,0,0,1,0,3,0,0,1,0,0,0,0,0,0,0,0,0,0,1,0,0,0,0,0.0,0.0,0.0,0.0,16.7,0.0,50.0,0.0,0.0,16.7,0.0,0.0,0.0,0.0,0.0,0.0,0.0,0.0,0.0,0.0,16.7,0.0,0.0,0.0,0.0,T06,3
YouTube::@martharodriguez7193,YouTube,1,39,0,0,3,2,2,1,6,1,0,1,2,1,2,0,0,0,2,0,0,0,0,9,2,1,4,0.0,0.0,7.7,5.1,5.1,2.6,15.4,2.6,0.0,2.6,5.1,2.6,5.1,0.0,0.0,0.0,5.1,0.0,0.0,0.0,0.0,23.1,5.1,2.6,10.3,T21,9
YouTube::@martharodriguezandrade1402,YouTube,1,2,0,0,0,0,0,1,0,0,0,0,0,0,0,0,0,0,0,0,0,0,0,0,1,0,0,0.0,0.0,0.0,0.0,0.0,50.0,0.0,0.0,0.0,0.0,0.0,0.0,0.0,0.0,0.0,0.0,0.0,0.0,0.0,0.0,0.0,0.0,50.0,0.0,0.0,T05,1
YouTube::@marthart8991,YouTube,1,2,0,0,0,0,1,0,0,0,0,0,0,0,0,0,0,0,0,0,0,1,0,0,0,0,0,0.0,0.0,0.0,0.0,50.0,0.0,0.0,0.0,0.0,0.0,0.0,0.0,0.0,0.0,0.0,0.0,0.0,0.0,0.0,50.0,0.0,0.0,0.0,0.0,0.0,T19,1
YouTube::@marthatrending,YouTube,1,16,0,0,0,0,0,2,3,0,1,1,1,1,1,1,1,0,0,0,0,0,0,3,1,0,0,0.0,0.0,0.0,0.0,0.0,12.5,18.8,0.0,6.2,6.2,6.2,6.2,6.2,6.2,6.2,0.0,0.0,0.0,0.0,0.0,0.0,18.8,6.2,0.0,0.0,T06,3
YouTube::@marthavaldezreyes6715,YouTube,1,5,0,0,0,0,0,0,4,0,0,0,0,0,0,0,1,0,0,0,0,0,0,0,0,0,0,0.0,0.0,0.0,0.0,0.0,0.0,80.0,0.0,0.0,0.0,0.0,0.0,0.0,0.0,20.0,0.0,0.0,0.0,0.0,0.0,0.0,0.0,0.0,0.0,0.0,T06,4
YouTube::@marthaverduzco8467,YouTube,2,18,0,0,0,1,0,2,7,0,0,2,1,0,0,0,0,1,0,0,0,1,1,0,2,0,0,0.0,0.0,0.0,5.6,0.0,11.1,38.9,0.0,0.0,11.1,5.6,0.0,0.0,0.0,0.0,5.6,0.0,0.0,0.0,5.6,5.6,0.0,11.1,0.0,0.0,T06,7
YouTube::@marthazamora3156,YouTube,1,3,0,0,0,0,0,0,0,0,0,2,0,0,0,0,0,0,0,0,0,0,0,0,0,0,1,0.0,0.0,0.0,0.0,0.0,0.0,0.0,0.0,0.0,66.7,0.0,0.0,0.0,0.0,0.0,0.0,0.0,0.0,0.0,0.0,0.0,0.0,0.0,0.0,33.3,T09,2
YouTube::@marthazamora6364,YouTube,1,3,0,0,0,1,0,0,2,0,0,0,0,0,0,0,0,0,0,0,0,0,0,0,0,0,0,0.0,0.0,0.0,33.3,0.0,0.0,66.7,0.0,0.0,0.0,0.0,0.0,0.0,0.0,0.0,0.0,0.0,0.0,0.0,0.0,0.0,0.0,0.0,0.0,0.0,T06,2
YouTube::@martinarios1353,YouTube,1,2,0,0,0,0,0,0,0,0,1,1,0,0,0,0,0,0,0,0,0,0,0,0,0,0,0,0.0,0.0,0.0,0.0,0.0,0.0,0.0,0.0,50.0,50.0,0.0,0.0,0.0,0.0,0.0,0.0,0.0,0.0,0.0,0.0,0.0,0.0,0.0,0.0,0.0,T08,1
YouTube::@martincendejasmedrano1529,YouTube,1,16,0,0,0,0,0,3,3,0,4,0,0,0,0,0,0,0,0,1,0,0,1,4,0,0,0,0.0,0.0,0.0,0.0,0.0,18.8,18.8,0.0,25.0,0.0,0.0,0.0,0.0,0.0,0.0,0.0,0.0,6.2,0.0,0.0,6.2,25.0,0.0,0.0,0.0,T08,4
YouTube::@martinchavez1381,YouTube,1,6,0,0,0,0,1,0,5,0,0,0,0,0,0,0,0,0,0,0,0,0,0,0,0,0,0,0.0,0.0,0.0,0.0,16.7,0.0,83.3,0.0,0.0,0.0,0.0,0.0,0.0,0.0,0.0,0.0,0.0,0.0,0.0,0.0,0.0,0.0,0.0,0.0,0.0,T06,5
YouTube::@martinfierro9707,YouTube,1,7,0,0,0,1,0,2,0,0,0,1,1,0,0,0,0,0,0,0,1,1,0,0,0,0,0,0.0,0.0,0.0,14.3,0.0,28.6,0.0,0.0,0.0,14.3,14.3,0.0,0.0,0.0,0.0,0.0,0.0,0.0,14.3,14.3,0.0,0.0,0.0,0.0,0.0,T05,2
YouTube::@martinluna86,YouTube,3,5,0,0,0,0,0,0,2,0,0,0,1,0,0,0,0,0,0,0,0,0,2,0,0,0,0,0.0,0.0,0.0,0.0,0.0,0.0,40.0,0.0,0.0,0.0,20.0,0.0,0.0,0.0,0.0,0.0,0.0,0.0,0.0,0.0,40.0,0.0,0.0,0.0,0.0,T06,2
YouTube::@martinregalado1519,YouTube,1,3,0,0,0,0,0,0,0,0,0,1,0,0,0,0,0,0,0,0,0,0,0,1,0,1,0,0.0,0.0,0.0,0.0,0.0,0.0,0.0,0.0,0.0,33.3,0.0,0.0,0.0,0.0,0.0,0.0,0.0,0.0,0.0,0.0,0.0,33.3,0.0,33.3,0.0,T21,1
YouTube::@martinvillanueva8442,YouTube,1,65,0,1,6,3,2,2,4,2,0,0,3,2,7,1,0,1,0,3,2,1,1,7,6,3,8,0.0,1.5,9.2,4.6,3.1,3.1,6.2,3.1,0.0,0.0,4.6,3.1,10.8,1.5,0.0,1.5,0.0,4.6,3.1,1.5,1.5,10.8,9.2,4.6,12.3,T24,8
YouTube::@maru6348,YouTube,1,2,0,0,0,0,0,0,2,0,0,0,0,0,0,0,0,0,0,0,0,0,0,0,0,0,0,0.0,0.0,0.0,0.0,0.0,0.0,100.0,0.0,0.0,0.0,0.0,0.0,0.0,0.0,0.0,0.0,0.0,0.0,0.0,0.0,0.0,0.0,0.0,0.0,0.0,T06,2
YouTube::@maruperez5931,YouTube,1,1,0,0,0,0,0,0,0,0,0,1,0,0,0,0,0,0,0,0,0,0,0,0,0,0,0,0.0,0.0,0.0,0.0,0.0,0.0,0.0,0.0,0.0,100.0,0.0,0.0,0.0,0.0,0.0,0.0,0.0,0.0,0.0,0.0,0.0,0.0,0.0,0.0,0.0,T09,1
YouTube::@maruvazquez7974,YouTube,1,3,0,0,0,0,0,1,1,0,0,0,0,0,0,0,0,0,0,0,0,1,0,0,0,0,0,0.0,0.0,0.0,0.0,0.0,33.3,33.3,0.0,0.0,0.0,0.0,0.0,0.0,0.0,0.0,0.0,0.0,0.0,0.0,33.3,0.0,0.0,0.0,0.0,0.0,T05,1
YouTube::@marynaranjo9763,YouTube,1,4,0,0,0,1,0,0,1,0,0,0,0,0,0,0,0,0,0,0,1,0,1,0,0,0,0,0.0,0.0,0.0,25.0,0.0,0.0,25.0,0.0,0.0,0.0,0.0,0.0,0.0,0.0,0.0,0.0,0.0,0.0,25.0,0.0,25.0,0.0,0.0,0.0,0.0,T03,1
YouTube::@masajexannabis3521,YouTube,1,4,0,0,0,0,0,1,1,0,1,0,0,0,0,0,0,0,0,0,0,0,0,0,1,0,0,0.0,0.0,0.0,0.0,0.0,25.0,25.0,0.0,25.0,0.0,0.0,0.0,0.0,0.0,0.0,0.0,0.0,0.0,0.0,0.0,0.0,0.0,25.0,0.0,0.0,T22,1
YouTube::@mastermetalsac8787,YouTube,1,3,0,0,0,0,0,0,1,0,0,0,1,0,0,0,0,0,0,0,0,0,1,0,0,0,0,0.0,0.0,0.0,0.0,0.0,0.0,33.3,0.0,0.0,0.0,33.3,0.0,0.0,0.0,0.0,0.0,0.0,0.0,0.0,0.0,33.3,0.0,0.0,0.0,0.0,T06,1
YouTube::@matilde2101,YouTube,1,10,0,2,0,0,0,0,0,0,0,0,0,1,0,0,0,0,0,0,0,0,0,7,0,0,0,0.0,20.0,0.0,0.0,0.0,0.0,0.0,0.0,0.0,0.0,0.0,10.0,0.0,0.0,0.0,0.0,0.0,0.0,0.0,0.0,0.0,70.0,0.0,0.0,0.0,T21,7
YouTube::@maufernandez4270,YouTube,1,5,0,0,0,0,0,0,2,0,1,0,1,0,0,0,0,0,0,0,0,0,0,0,1,0,0,0.0,0.0,0.0,0.0,0.0,0.0,40.0,0.0,20.0,0.0,20.0,0.0,0.0,0.0,0.0,0.0,0.0,0.0,0.0,0.0,0.0,0.0,20.0,0.0,0.0,T06,2
YouTube::@mauricioescutia1275,YouTube,1,2,0,0,0,0,0,0,1,0,0,0,0,0,0,0,1,0,0,0,0,0,0,0,0,0,0,0.0,0.0,0.0,0.0,0.0,0.0,50.0,0.0,0.0,0.0,0.0,0.0,0.0,0.0,50.0,0.0,0.0,0.0,0.0,0.0,0.0,0.0,0.0,0.0,0.0,T06,1
YouTube::@mauriciogallegos4276,YouTube,1,4,0,0,0,0,0,0,0,0,0,0,1,1,0,0,0,0,0,0,0,0,0,2,0,0,0,0.0,0.0,0.0,0.0,0.0,0.0,0.0,0.0,0.0,0.0,25.0,25.0,0.0,0.0,0.0,0.0,0.0,0.0,0.0,0.0,0.0,50.0,0.0,0.0,0.0,T21,2
YouTube::@mauriciovillavargas,YouTube,1,3,0,0,0,0,0,0,0,0,0,0,1,0,0,0,1,0,0,0,0,0,1,0,0,0,0,0.0,0.0,0.0,0.0,0.0,0.0,0.0,0.0,0.0,0.0,33.3,0.0,0.0,0.0,33.3,0.0,0.0,0.0,0.0,0.0,33.3,0.0,0.0,0.0,0.0,T14,1
YouTube::@maximusmixed,YouTube,1,3,0,1,0,1,0,0,0,0,0,0,0,0,0,0,1,0,0,0,0,0,0,0,0,0,0,0.0,33.3,0.0,33.3,0.0,0.0,0.0,0.0,0.0,0.0,0.0,0.0,0.0,0.0,33.3,0.0,0.0,0.0,0.0,0.0,0.0,0.0,0.0,0.0,0.0,T01,1
YouTube::@maydenvillaseñor2883,YouTube,1,6,0,0,0,0,1,0,4,0,0,0,0,0,0,0,0,0,0,0,0,0,0,1,0,0,0,0.0,0.0,0.0,0.0,16.7,0.0,66.7,0.0,0.0,0.0,0.0,0.0,0.0,0.0,0.0,0.0,0.0,0.0,0.0,0.0,0.0,16.7,0.0,0.0,0.0,T06,4
YouTube::@maye-lla007,YouTube,1,18,0,0,1,2,1,0,3,0,0,1,0,1,0,0,1,0,0,0,1,1,0,6,0,0,0,0.0,0.0,5.6,11.1,5.6,0.0,16.7,0.0,0.0,5.6,0.0,5.6,0.0,0.0,5.6,0.0,0.0,0.0,5.6,5.6,0.0,33.3,0.0,0.0,0.0,T21,6
YouTube::@mayrasugeymarnavarro3768,YouTube,1,1,0,0,0,0,0,0,0,0,0,0,0,0,0,0,0,0,0,0,0,0,0,0,0,1,0,0.0,0.0,0.0,0.0,0.0,0.0,0.0,0.0,0.0,0.0,0.0,0.0,0.0,0.0,0.0,0.0,0.0,0.0,0.0,0.0,0.0,0.0,0.0,100.0,0.0,T23,1
YouTube::@mcont9639,YouTube,1,12,0,1,0,2,1,0,6,0,0,0,0,0,0,0,0,2,0,0,0,0,0,0,0,0,0,0.0,8.3,0.0,16.7,8.3,0.0,50.0,0.0,0.0,0.0,0.0,0.0,0.0,0.0,0.0,16.7,0.0,0.0,0.0,0.0,0.0,0.0,0.0,0.0,0.0,T06,6
YouTube::@mediantomaschineMK1,YouTube,1,0,0,0,0,0,0,0,0,0,0,0,0,0,0,0,0,0,0,0,0,0,0,0,0,0,0,0.0,0.0,0.0,0.0,0.0,0.0,0.0,0.0,0.0,0.0,0.0,0.0,0.0,0.0,0.0,0.0,0.0,0.0,0.0,0.0,0.0,0.0,0.0,0.0,0.0,,0
YouTube::@megd6607,YouTube,1,4,0,0,0,0,0,0,1,0,1,0,0,0,0,0,0,0,0,0,0,0,0,2,0,0,0,0.0,0.0,0.0,0.0,0.0,0.0,25.0,0.0,25.0,0.0,0.0,0.0,0.0,0.0,0.0,0.0,0.0,0.0,0.0,0.0,0.0,50.0,0.0,0.0,0.0,T21,2
YouTube::@melcortes3963,YouTube,1,30,1,0,0,1,0,0,16,0,1,2,0,0,1,0,1,1,0,0,0,1,0,1,4,0,0,3.3,0.0,0.0,3.3,0.0,0.0,53.3,0.0,3.3,6.7,0.0,0.0,3.3,0.0,3.3,3.3,0.0,0.0,0.0,3.3,0.0,3.3,13.3,0.0,0.0,T06,16
YouTube::@memomanherrera8899,YouTube,1,14,0,0,1,0,2,2,5,0,1,0,1,1,0,0,1,0,0,0,0,0,0,0,0,0,0,0.0,0.0,7.1,0.0,14.3,14.3,35.7,0.0,7.1,0.0,7.1,7.1,0.0,0.0,7.1,0.0,0.0,0.0,0.0,0.0,0.0,0.0,0.0,0.0,0.0,T06,5
YouTube::@mercedesmonteroflores6559,YouTube,1,2,0,0,0,0,0,0,1,0,0,0,0,1,0,0,0,0,0,0,0,0,0,0,0,0,0,0.0,0.0,0.0,0.0,0.0,0.0,50.0,0.0,0.0,0.0,0.0,50.0,0.0,0.0,0.0,0.0,0.0,0.0,0.0,0.0,0.0,0.0,0.0,0.0,0.0,T11,1
YouTube::@mercedesriveragonzalez1079,YouTube,1,2,0,0,0,0,0,0,0,0,0,0,1,0,0,1,0,0,0,0,0,0,0,0,0,0,0,0.0,0.0,0.0,0.0,0.0,0.0,0.0,0.0,0.0,0.0,50.0,0.0,0.0,50.0,0.0,0.0,0.0,0.0,0.0,0.0,0.0,0.0,0.0,0.0,0.0,T10,1
YouTube::@metalyoutube00,YouTube,1,3,0,0,0,0,0,0,0,0,0,0,0,1,0,0,0,0,0,0,0,0,2,0,0,0,0,0.0,0.0,0.0,0.0,0.0,0.0,0.0,0.0,0.0,0.0,0.0,33.3,0.0,0.0,0.0,0.0,0.0,0.0,0.0,0.0,66.7,0.0,0.0,0.0,0.0,T20,2
YouTube::@mex4cegarcia948,YouTube,1,9,0,1,0,1,1,2,1,0,0,0,2,0,0,0,1,0,0,0,0,0,0,0,0,0,0,0.0,11.1,0.0,11.1,11.1,22.2,11.1,0.0,0.0,0.0,22.2,0.0,0.0,0.0,11.1,0.0,0.0,0.0,0.0,0.0,0.0,0.0,0.0,0.0,0.0,T10,2
YouTube::@miarojas9303,YouTube,1,6,0,0,0,0,0,0,2,0,1,1,1,0,1,0,0,0,0,0,0,0,0,0,0,0,0,0.0,0.0,0.0,0.0,0.0,0.0,33.3,0.0,16.7,16.7,16.7,0.0,16.7,0.0,0.0,0.0,0.0,0.0,0.0,0.0,0.0,0.0,0.0,0.0,0.0,T06,2
YouTube::@miatomberry1423,YouTube,1,2,0,0,0,0,1,0,1,0,0,0,0,0,0,0,0,0,0,0,0,0,0,0,0,0,0,0.0,0.0,0.0,0.0,50.0,0.0,50.0,0.0,0.0,0.0,0.0,0.0,0.0,0.0,0.0,0.0,0.0,0.0,0.0,0.0,0.0,0.0,0.0,0.0,0.0,T04,1
YouTube::@mierarrieta,YouTube,1,1,0,0,0,0,0,0,0,0,0,0,1,0,0,0,0,0,0,0,0,0,0,0,0,0,0,0.0,0.0,0.0,0.0,0.0,0.0,0.0,0.0,0.0,0.0,100.0,0.0,0.0,0.0,0.0,0.0,0.0,0.0,0.0,0.0,0.0,0.0,0.0,0.0,0.0,T10,1
YouTube::@miguelahernandezc,YouTube,2,34,0,0,0,4,2,2,7,0,5,1,0,1,0,1,3,0,0,0,0,1,0,4,2,0,1,0.0,0.0,0.0,11.8,5.9,5.9,20.6,0.0,14.7,2.9,0.0,2.9,0.0,2.9,8.8,0.0,0.0,0.0,0.0,2.9,0.0,11.8,5.9,0.0,2.9,T06,7
YouTube::@miguelalmendariz4421,YouTube,1,8,0,0,0,1,0,1,1,0,0,0,0,1,1,0,0,0,0,0,1,0,0,2,0,0,0,0.0,0.0,0.0,12.5,0.0,12.5,12.5,0.0,0.0,0.0,0.0,12.5,12.5,0.0,0.0,0.0,0.0,0.0,12.5,0.0,0.0,25.0,0.0,0.0,0.0,T21,2
YouTube::@miguelangelcarbajalgalindo2419,YouTube,1,46,0,3,5,0,3,0,2,0,1,2,1,5,7,2,0,3,0,0,1,1,1,3,5,1,0,0.0,6.5,10.9,0.0,6.5,0.0,4.3,0.0,2.2,4.3,2.2,10.9,15.2,4.3,0.0,6.5,0.0,0.0,2.2,2.2,2.2,6.5,10.9,2.2,0.0,T12,7
YouTube::@miguelangelespinalacosta5951,YouTube,2,20,0,0,0,1,0,0,3,0,0,0,0,1,0,0,0,0,0,1,0,0,0,10,4,0,0,0.0,0.0,0.0,5.0,0.0,0.0,15.0,0.0,0.0,0.0,0.0,5.0,0.0,0.0,0.0,0.0,0.0,5.0,0.0,0.0,0.0,50.0,20.0,0.0,0.0,T21,10
YouTube::@miguelangelleal451,YouTube,1,15,0,0,0,0,0,0,0,0,1,0,1,1,0,0,0,0,0,0,1,0,0,4,6,1,0,0.0,0.0,0.0,0.0,0.0,0.0,0.0,0.0,6.7,0.0,6.7,6.7,0.0,0.0,0.0,0.0,0.0,0.0,6.7,0.0,0.0,26.7,40.0,6.7,0.0,T22,6
YouTube::@migueldrilo6638,YouTube,1,8,0,0,0,0,0,0,0,1,0,0,1,0,0,1,0,0,0,0,1,0,0,3,1,0,0,0.0,0.0,0.0,0.0,0.0,0.0,0.0,12.5,0.0,0.0,12.5,0.0,0.0,12.5,0.0,0.0,0.0,0.0,12.5,0.0,0.0,37.5,12.5,0.0,0.0,T21,3
YouTube::@miguelgm2204,YouTube,1,5,0,0,1,0,0,0,0,1,0,0,1,0,0,0,0,0,0,0,0,2,0,0,0,0,0,0.0,0.0,20.0,0.0,0.0,0.0,0.0,20.0,0.0,0.0,20.0,0.0,0.0,0.0,0.0,0.0,0.0,0.0,0.0,40.0,0.0,0.0,0.0,0.0,0.0,T19,2
YouTube::@miguelleal9708,YouTube,1,15,0,0,0,0,1,0,1,0,0,0,0,0,3,0,3,0,1,0,1,0,1,4,0,0,0,0.0,0.0,0.0,0.0,6.7,0.0,6.7,0.0,0.0,0.0,0.0,0.0,20.0,0.0,20.0,0.0,6.7,0.0,6.7,0.0,6.7,26.7,0.0,0.0,0.0,T21,4
YouTube::@miguelmeza7172,YouTube,1,2,0,0,0,0,0,0,0,0,1,0,0,0,0,0,0,0,0,0,0,0,0,0,1,0,0,0.0,0.0,0.0,0.0,0.0,0.0,0.0,0.0,50.0,0.0,0.0,0.0,0.0,0.0,0.0,0.0,0.0,0.0,0.0,0.0,0.0,0.0,50.0,0.0,0.0,T08,1
YouTube::@miguelvargas3580,YouTube,1,3,0,0,0,0,0,0,2,0,0,0,0,0,0,1,0,0,0,0,0,0,0,0,0,0,0,0.0,0.0,0.0,0.0,0.0,0.0,66.7,0.0,0.0,0.0,0.0,0.0,0.0,33.3,0.0,0.0,0.0,0.0,0.0,0.0,0.0,0.0,0.0,0.0,0.0,T06,2
YouTube::@miguelvazquez9215,YouTube,1,7,0,0,0,0,1,0,3,0,0,0,1,0,0,0,0,0,0,0,0,0,1,1,0,0,0,0.0,0.0,0.0,0.0,14.3,0.0,42.9,0.0,0.0,0.0,14.3,0.0,0.0,0.0,0.0,0.0,0.0,0.0,0.0,0.0,14.3,14.3,0.0,0.0,0.0,T06,3
YouTube::@milk-u9u,YouTube,1,1,0,0,0,0,0,0,0,0,0,0,0,0,0,1,0,0,0,0,0,0,0,0,0,0,0,0.0,0.0,0.0,0.0,0.0,0.0,0.0,0.0,0.0,0.0,0.0,0.0,0.0,100.0,0.0,0.0,0.0,0.0,0.0,0.0,0.0,0.0,0.0,0.0,0.0,T13,1
YouTube::@mimimorelos,YouTube,2,24,0,0,0,0,0,0,4,0,0,1,1,1,1,3,2,2,0,0,1,0,3,1,0,3,1,0.0,0.0,0.0,0.0,0.0,0.0,16.7,0.0,0.0,4.2,4.2,4.2,4.2,12.5,8.3,8.3,0.0,0.0,4.2,0.0,12.5,4.2,0.0,12.5,4.2,T06,4
YouTube::@miriammartinez4530,YouTube,2,25,1,0,1,1,1,1,7,0,2,0,1,1,0,1,3,0,0,1,0,1,0,0,2,0,1,4.0,0.0,4.0,4.0,4.0,4.0,28.0,0.0,8.0,0.0,4.0,4.0,0.0,4.0,12.0,0.0,0.0,4.0,0.0,4.0,0.0,0.0,8.0,0.0,4.0,T06,7
YouTube::@miriammartinezalarcon8465,YouTube,1,8,0,1,0,0,2,2,0,0,0,0,0,0,0,0,0,0,0,0,0,0,0,3,0,0,0,0.0,12.5,0.0,0.0,25.0,25.0,0.0,0.0,0.0,0.0,0.0,0.0,0.0,0.0,0.0,0.0,0.0,0.0,0.0,0.0,0.0,37.5,0.0,0.0,0.0,T21,3
YouTube::@miriampinedasibaja,YouTube,1,3,0,0,0,0,0,0,3,0,0,0,0,0,0,0,0,0,0,0,0,0,0,0,0,0,0,0.0,0.0,0.0,0.0,0.0,0.0,100.0,0.0,0.0,0.0,0.0,0.0,0.0,0.0,0.0,0.0,0.0,0.0,0.0,0.0,0.0,0.0,0.0,0.0,0.0,T06,3
YouTube::@misaelalonso2382,YouTube,1,11,0,0,0,1,1,0,1,0,1,2,2,0,0,0,1,0,0,0,0,0,0,1,1,0,0,0.0,0.0,0.0,9.1,9.1,0.0,9.1,0.0,9.1,18.2,18.2,0.0,0.0,0.0,9.1,0.0,0.0,0.0,0.0,0.0,0.0,9.1,9.1,0.0,0.0,T10,2
YouTube::@miss.mely28,YouTube,1,6,0,0,0,1,0,0,3,0,0,0,0,0,0,0,0,0,0,0,1,0,0,1,0,0,0,0.0,0.0,0.0,16.7,0.0,0.0,50.0,0.0,0.0,0.0,0.0,0.0,0.0,0.0,0.0,0.0,0.0,0.0,16.7,0.0,0.0,16.7,0.0,0.0,0.0,T06,3
YouTube::@mitchellplancarte5147,YouTube,1,2,0,0,0,0,0,0,0,0,0,0,0,0,0,0,0,0,0,1,0,0,0,1,0,0,0,0.0,0.0,0.0,0.0,0.0,0.0,0.0,0.0,0.0,0.0,0.0,0.0,0.0,0.0,0.0,0.0,0.0,50.0,0.0,0.0,0.0,50.0,0.0,0.0,0.0,T21,1
YouTube::@mjavierespinosaugalde6365,YouTube,1,2,0,0,0,0,0,1,0,0,1,0,0,0,0,0,0,0,0,0,0,0,0,0,0,0,0,0.0,0.0,0.0,0.0,0.0,50.0,0.0,0.0,50.0,0.0,0.0,0.0,0.0,0.0,0.0,0.0,0.0,0.0,0.0,0.0,0.0,0.0,0.0,0.0,0.0,T05,1
YouTube::@moncerratssancheznieto2125,YouTube,1,2,0,0,0,0,0,0,0,0,0,0,0,0,0,0,0,0,0,0,0,0,0,0,0,2,0,0.0,0.0,0.0,0.0,0.0,0.0,0.0,0.0,0.0,0.0,0.0,0.0,0.0,0.0,0.0,0.0,0.0,0.0,0.0,0.0,0.0,0.0,0.0,100.0,0.0,T23,2
YouTube::@monica562,YouTube,1,3,0,0,0,0,0,0,0,0,0,0,0,0,1,1,0,0,0,0,0,0,0,1,0,0,0,0.0,0.0,0.0,0.0,0.0,0.0,0.0,0.0,0.0,0.0,0.0,0.0,33.3,33.3,0.0,0.0,0.0,0.0,0.0,0.0,0.0,33.3,0.0,0.0,0.0,T12,1
YouTube::@monicagodinezamado6583,YouTube,1,11,0,0,0,0,1,0,6,0,0,1,0,0,1,0,1,0,0,0,0,1,0,0,0,0,0,0.0,0.0,0.0,0.0,9.1,0.0,54.5,0.0,0.0,9.1,0.0,0.0,9.1,0.0,9.1,0.0,0.0,0.0,0.0,9.1,0.0,0.0,0.0,0.0,0.0,T06,6
YouTube::@monicapavon1772,YouTube,1,0,0,0,0,0,0,0,0,0,0,0,0,0,0,0,0,0,0,0,0,0,0,0,0,0,0,0.0,0.0,0.0,0.0,0.0,0.0,0.0,0.0,0.0,0.0,0.0,0.0,0.0,0.0,0.0,0.0,0.0,0.0,0.0,0.0,0.0,0.0,0.0,0.0,0.0,,0
YouTube::@moniquek4810,YouTube,1,6,0,0,1,0,0,0,1,0,1,1,0,0,0,0,1,0,0,1,0,0,0,0,0,0,0,0.0,0.0,16.7,0.0,0.0,0.0,16.7,0.0,16.7,16.7,0.0,0.0,0.0,0.0,16.7,0.0,0.0,16.7,0.0,0.0,0.0,0.0,0.0,0.0,0.0,T02,1
YouTube::@morenalopez-x4k,YouTube,1,7,0,0,0,0,0,1,5,0,0,0,0,1,0,0,0,0,0,0,0,0,0,0,0,0,0,0.0,0.0,0.0,0.0,0.0,14.3,71.4,0.0,0.0,0.0,0.0,14.3,0.0,0.0,0.0,0.0,0.0,0.0,0.0,0.0,0.0,0.0,0.0,0.0,0.0,T06,5
YouTube::@moritamora167,YouTube,1,6,0,0,0,0,0,0,6,0,0,0,0,0,0,0,0,0,0,0,0,0,0,0,0,0,0,0.0,0.0,0.0,0.0,0.0,0.0,100.0,0.0,0.0,0.0,0.0,0.0,0.0,0.0,0.0,0.0,0.0,0.0,0.0,0.0,0.0,0.0,0.0,0.0,0.0,T06,6
YouTube::@mrjv173,YouTube,1,2,0,0,0,1,0,0,0,0,0,0,0,0,0,0,0,0,0,0,1,0,0,0,0,0,0,0.0,0.0,0.0,50.0,0.0,0.0,0.0,0.0,0.0,0.0,0.0,0.0,0.0,0.0,0.0,0.0,0.0,0.0,50.0,0.0,0.0,0.0,0.0,0.0,0.0,T03,1
YouTube::@mrpacman8461,YouTube,1,7,0,0,0,0,0,0,2,0,0,2,1,2,0,0,0,0,0,0,0,0,0,0,0,0,0,0.0,0.0,0.0,0.0,0.0,0.0,28.6,0.0,0.0,28.6,14.3,28.6,0.0,0.0,0.0,0.0,0.0,0.0,0.0,0.0,0.0,0.0,0.0,0.0,0.0,T09,2
YouTube::@mufasawapa7310,YouTube,1,4,0,0,0,0,0,0,2,1,0,0,0,0,0,0,0,0,0,1,0,0,0,0,0,0,0,0.0,0.0,0.0,0.0,0.0,0.0,50.0,25.0,0.0,0.0,0.0,0.0,0.0,0.0,0.0,0.0,0.0,25.0,0.0,0.0,0.0,0.0,0.0,0.0,0.0,T06,2
YouTube::@mundomagicodekate,YouTube,1,3,0,0,0,0,0,0,1,0,1,0,0,0,0,0,1,0,0,0,0,0,0,0,0,0,0,0.0,0.0,0.0,0.0,0.0,0.0,33.3,0.0,33.3,0.0,0.0,0.0,0.0,0.0,33.3,0.0,0.0,0.0,0.0,0.0,0.0,0.0,0.0,0.0,0.0,T14,1
YouTube::@myriamjannethtapiaamezcua2141,YouTube,1,53,0,0,1,5,3,4,11,1,2,2,2,3,1,3,4,2,0,1,0,2,2,1,2,1,0,0.0,0.0,1.9,9.4,5.7,7.5,20.8,1.9,3.8,3.8,3.8,5.7,1.9,5.7,7.5,3.8,0.0,1.9,0.0,3.8,3.8,1.9,3.8,1.9,0.0,T06,11
YouTube::@mzaleta7850,YouTube,1,8,0,0,0,0,0,0,2,1,0,0,0,1,0,1,1,0,0,0,0,0,0,0,2,0,0,0.0,0.0,0.0,0.0,0.0,0.0,25.0,12.5,0.0,0.0,0.0,12.5,0.0,12.5,12.5,0.0,0.0,0.0,0.0,0.0,0.0,0.0,25.0,0.0,0.0,T06,2
YouTube::@nancyantonio4250,YouTube,1,13,1,0,0,1,0,0,5,2,0,0,0,0,0,1,1,1,0,0,0,0,0,0,1,0,0,7.7,0.0,0.0,7.7,0.0,0.0,38.5,15.4,0.0,0.0,0.0,0.0,0.0,7.7,7.7,7.7,0.0,0.0,0.0,0.0,0.0,0.0,7.7,0.0,0.0,T06,5
YouTube::@nancycemeterygirl5176,YouTube,1,6,0,0,0,1,2,0,0,0,0,0,0,0,0,0,1,0,1,0,1,0,0,0,0,0,0,0.0,0.0,0.0,16.7,33.3,0.0,0.0,0.0,0.0,0.0,0.0,0.0,0.0,0.0,16.7,0.0,16.7,0.0,16.7,0.0,0.0,0.0,0.0,0.0,0.0,T04,2
YouTube::@nanjarmore,YouTube,1,3,0,0,0,0,0,0,0,0,0,1,0,0,0,1,0,0,0,0,0,1,0,0,0,0,0,0.0,0.0,0.0,0.0,0.0,0.0,0.0,0.0,0.0,33.3,0.0,0.0,0.0,33.3,0.0,0.0,0.0,0.0,0.0,33.3,0.0,0.0,0.0,0.0,0.0,T09,1
YouTube::@nataliacastaneda2758,YouTube,1,12,0,0,0,1,1,1,5,0,0,0,0,1,0,0,0,0,1,0,0,1,0,1,0,0,0,0.0,0.0,0.0,8.3,8.3,8.3,41.7,0.0,0.0,0.0,0.0,8.3,0.0,0.0,0.0,0.0,8.3,0.0,0.0,8.3,0.0,8.3,0.0,0.0,0.0,T06,5
YouTube::@negg6509,YouTube,1,3,1,0,0,1,0,0,0,0,0,0,0,0,0,0,0,0,0,0,0,0,0,1,0,0,0,33.3,0.0,0.0,33.3,0.0,0.0,0.0,0.0,0.0,0.0,0.0,0.0,0.0,0.0,0.0,0.0,0.0,0.0,0.0,0.0,0.0,33.3,0.0,0.0,0.0,T00,1
YouTube::@nenadelgado2117,YouTube,1,5,0,0,0,0,1,0,1,0,0,0,0,0,0,0,0,0,0,0,0,0,1,2,0,0,0,0.0,0.0,0.0,0.0,20.0,0.0,20.0,0.0,0.0,0.0,0.0,0.0,0.0,0.0,0.0,0.0,0.0,0.0,0.0,0.0,20.0,40.0,0.0,0.0,0.0,T21,2
YouTube::@nenagallardo5475,YouTube,1,6,0,0,0,0,0,0,1,0,1,0,0,0,1,0,1,0,0,0,0,0,0,2,0,0,0,0.0,0.0,0.0,0.0,0.0,0.0,16.7,0.0,16.7,0.0,0.0,0.0,16.7,0.0,16.7,0.0,0.0,0.0,0.0,0.0,0.0,33.3,0.0,0.0,0.0,T21,2
YouTube::@nenajaime7967,YouTube,3,10,0,0,1,0,0,2,0,0,3,0,1,0,0,0,0,0,0,0,0,0,0,3,0,0,0,0.0,0.0,10.0,0.0,0.0,20.0,0.0,0.0,30.0,0.0,10.0,0.0,0.0,0.0,0.0,0.0,0.0,0.0,0.0,0.0,0.0,30.0,0.0,0.0,0.0,T08,3
YouTube::@nestorcruzbolom3834,YouTube,1,5,0,0,0,1,0,0,4,0,0,0,0,0,0,0,0,0,0,0,0,0,0,0,0,0,0,0.0,0.0,0.0,20.0,0.0,0.0,80.0,0.0,0.0,0.0,0.0,0.0,0.0,0.0,0.0,0.0,0.0,0.0,0.0,0.0,0.0,0.0,0.0,0.0,0.0,T06,4
YouTube::@nestorpacheco6938,YouTube,1,5,0,0,1,0,0,0,0,0,1,0,1,0,0,0,0,0,0,1,0,0,0,1,0,0,0,0.0,0.0,20.0,0.0,0.0,0.0,0.0,0.0,20.0,0.0,20.0,0.0,0.0,0.0,0.0,0.0,0.0,20.0,0.0,0.0,0.0,20.0,0.0,0.0,0.0,T21,1
YouTube::@nicoSaucedoEsparza,YouTube,3,16,0,0,0,5,0,0,10,0,0,0,0,0,0,1,0,0,0,0,0,0,0,0,0,0,0,0.0,0.0,0.0,31.2,0.0,0.0,62.5,0.0,0.0,0.0,0.0,0.0,0.0,6.2,0.0,0.0,0.0,0.0,0.0,0.0,0.0,0.0,0.0,0.0,0.0,T06,10
YouTube::@nicolasalbarran421,YouTube,1,3,0,0,0,0,0,0,0,1,0,0,0,0,0,0,0,0,0,1,0,0,0,1,0,0,0,0.0,0.0,0.0,0.0,0.0,0.0,0.0,33.3,0.0,0.0,0.0,0.0,0.0,0.0,0.0,0.0,0.0,33.3,0.0,0.0,0.0,33.3,0.0,0.0,0.0,T17,1
YouTube::@nicolgarcia4236,YouTube,1,1,0,0,0,0,0,0,1,0,0,0,0,0,0,0,0,0,0,0,0,0,0,0,0,0,0,0.0,0.0,0.0,0.0,0.0,0.0,100.0,0.0,0.0,0.0,0.0,0.0,0.0,0.0,0.0,0.0,0.0,0.0,0.0,0.0,0.0,0.0,0.0,0.0,0.0,T06,1
YouTube::@ninacano5038,YouTube,1,3,0,0,0,0,0,0,1,0,0,0,0,0,1,0,0,0,0,0,0,0,0,0,0,0,1,0.0,0.0,0.0,0.0,0.0,0.0,33.3,0.0,0.0,0.0,0.0,0.0,33.3,0.0,0.0,0.0,0.0,0.0,0.0,0.0,0.0,0.0,0.0,0.0,33.3,T06,1
YouTube::@ninamoonlight4897,YouTube,1,11,1,0,0,0,0,0,2,0,0,2,0,0,1,1,1,0,0,0,1,0,0,1,0,0,1,9.1,0.0,0.0,0.0,0.0,0.0,18.2,0.0,0.0,18.2,0.0,0.0,9.1,9.1,9.1,0.0,0.0,0.0,9.1,0.0,0.0,9.1,0.0,0.0,9.1,T09,2
YouTube::@ninguno_c3q,YouTube,1,4,0,0,0,0,0,0,1,0,1,0,0,0,0,0,0,0,0,0,0,0,0,2,0,0,0,0.0,0.0,0.0,0.0,0.0,0.0,25.0,0.0,25.0,0.0,0.0,0.0,0.0,0.0,0.0,0.0,0.0,0.0,0.0,0.0,0.0,50.0,0.0,0.0,0.0,T21,2
YouTube::@noeliagonzalez6639,YouTube,1,11,0,0,1,0,1,0,1,0,0,4,0,0,0,0,1,0,0,0,0,0,0,1,0,2,0,0.0,0.0,9.1,0.0,9.1,0.0,9.1,0.0,0.0,36.4,0.0,0.0,0.0,0.0,9.1,0.0,0.0,0.0,0.0,0.0,0.0,9.1,0.0,18.2,0.0,T09,4
YouTube::@noeliamendozalopez3211,YouTube,1,6,0,0,0,0,1,0,1,0,2,0,0,0,0,0,0,0,0,0,0,0,0,2,0,0,0,0.0,0.0,0.0,0.0,16.7,0.0,16.7,0.0,33.3,0.0,0.0,0.0,0.0,0.0,0.0,0.0,0.0,0.0,0.0,0.0,0.0,33.3,0.0,0.0,0.0,T08,2
YouTube::@nohemibautista5286,YouTube,1,9,0,0,1,0,0,0,2,1,1,1,0,0,0,0,0,0,0,0,0,1,1,0,1,0,0,0.0,0.0,11.1,0.0,0.0,0.0,22.2,11.1,11.1,11.1,0.0,0.0,0.0,0.0,0.0,0.0,0.0,0.0,0.0,11.1,11.1,0.0,11.1,0.0,0.0,T06,2
YouTube::@noobnorriz1178,YouTube,1,1,0,0,0,0,0,0,0,0,0,0,1,0,0,0,0,0,0,0,0,0,0,0,0,0,0,0.0,0.0,0.0,0.0,0.0,0.0,0.0,0.0,0.0,0.0,100.0,0.0,0.0,0.0,0.0,0.0,0.0,0.0,0.0,0.0,0.0,0.0,0.0,0.0,0.0,T10,1
YouTube::@norbertocastorela5643,YouTube,1,1,0,0,0,0,0,0,0,0,1,0,0,0,0,0,0,0,0,0,0,0,0,0,0,0,0,0.0,0.0,0.0,0.0,0.0,0.0,0.0,0.0,100.0,0.0,0.0,0.0,0.0,0.0,0.0,0.0,0.0,0.0,0.0,0.0,0.0,0.0,0.0,0.0,0.0,T08,1
YouTube::@normal1665,YouTube,1,2,0,0,0,0,0,0,0,0,0,0,0,0,0,1,1,0,0,0,0,0,0,0,0,0,0,0.0,0.0,0.0,0.0,0.0,0.0,0.0,0.0,0.0,0.0,0.0,0.0,0.0,50.0,50.0,0.0,0.0,0.0,0.0,0.0,0.0,0.0,0.0,0.0,0.0,T14,1
YouTube::@normamargaritayanezrazon9182,YouTube,2,8,0,0,0,0,0,1,2,0,0,0,0,0,0,0,1,0,0,1,2,0,0,0,1,0,0,0.0,0.0,0.0,0.0,0.0,12.5,25.0,0.0,0.0,0.0,0.0,0.0,0.0,0.0,12.5,0.0,0.0,12.5,25.0,0.0,0.0,0.0,12.5,0.0,0.0,T18,2
YouTube::@normamendeztellez3613,YouTube,1,3,0,0,0,0,0,0,0,0,1,0,0,0,0,0,0,0,0,0,0,0,0,2,0,0,0,0.0,0.0,0.0,0.0,0.0,0.0,0.0,0.0,33.3,0.0,0.0,0.0,0.0,0.0,0.0,0.0,0.0,0.0,0.0,0.0,0.0,66.7,0.0,0.0,0.0,T21,2
YouTube::@normandgarza1260,YouTube,1,4,0,0,0,1,0,0,0,0,0,0,1,0,0,1,0,0,0,0,0,0,0,1,0,0,0,0.0,0.0,0.0,25.0,0.0,0.0,0.0,0.0,0.0,0.0,25.0,0.0,0.0,25.0,0.0,0.0,0.0,0.0,0.0,0.0,0.0,25.0,0.0,0.0,0.0,T13,1
YouTube::@normapadilla8939,YouTube,1,7,0,0,0,0,0,1,1,0,2,0,1,1,0,0,0,0,0,0,0,1,0,0,0,0,0,0.0,0.0,0.0,0.0,0.0,14.3,14.3,0.0,28.6,0.0,14.3,14.3,0.0,0.0,0.0,0.0,0.0,0.0,0.0,14.3,0.0,0.0,0.0,0.0,0.0,T08,2
YouTube::@normapatriciaojeda582,YouTube,1,7,0,0,0,0,1,1,4,0,0,0,1,0,0,0,0,0,0,0,0,0,0,0,0,0,0,0.0,0.0,0.0,0.0,14.3,14.3,57.1,0.0,0.0,0.0,14.3,0.0,0.0,0.0,0.0,0.0,0.0,0.0,0.0,0.0,0.0,0.0,0.0,0.0,0.0,T06,4
YouTube::@novattovalenzuela9603,YouTube,1,8,1,0,0,0,0,1,0,2,0,0,0,0,2,0,0,0,0,1,0,0,0,0,0,0,1,12.5,0.0,0.0,0.0,0.0,12.5,0.0,25.0,0.0,0.0,0.0,0.0,25.0,0.0,0.0,0.0,0.0,12.5,0.0,0.0,0.0,0.0,0.0,0.0,12.5,T12,2
YouTube::@nubygp7839,YouTube,1,5,0,0,0,0,0,0,3,0,0,0,0,0,0,0,0,0,0,0,0,0,0,0,1,1,0,0.0,0.0,0.0,0.0,0.0,0.0,60.0,0.0,0.0,0.0,0.0,0.0,0.0,0.0,0.0,0.0,0.0,0.0,0.0,0.0,0.0,0.0,20.0,20.0,0.0,T06,3
YouTube::@nuevoordenmundial8454,YouTube,1,5,0,0,0,0,0,0,0,0,0,0,1,1,0,0,0,0,1,0,0,0,1,0,0,0,1,0.0,0.0,0.0,0.0,0.0,0.0,0.0,0.0,0.0,0.0,20.0,20.0,0.0,0.0,0.0,0.0,20.0,0.0,0.0,0.0,20.0,0.0,0.0,0.0,20.0,T10,1
YouTube::@octaviomarquez9942,YouTube,1,3,0,0,0,0,0,0,0,0,0,0,0,0,0,0,0,0,0,1,0,0,0,2,0,0,0,0.0,0.0,0.0,0.0,0.0,0.0,0.0,0.0,0.0,0.0,0.0,0.0,0.0,0.0,0.0,0.0,0.0,33.3,0.0,0.0,0.0,66.7,0.0,0.0,0.0,T21,2
YouTube::@olgalandin8117,YouTube,1,5,0,0,0,0,0,0,2,0,0,0,0,0,1,0,0,0,0,0,0,0,0,0,1,1,0,0.0,0.0,0.0,0.0,0.0,0.0,40.0,0.0,0.0,0.0,0.0,0.0,20.0,0.0,0.0,0.0,0.0,0.0,0.0,0.0,0.0,0.0,20.0,20.0,0.0,T06,2
YouTube::@olgasantos315,YouTube,1,1,0,0,0,0,0,0,0,0,0,0,0,0,0,0,1,0,0,0,0,0,0,0,0,0,0,0.0,0.0,0.0,0.0,0.0,0.0,0.0,0.0,0.0,0.0,0.0,0.0,0.0,0.0,100.0,0.0,0.0,0.0,0.0,0.0,0.0,0.0,0.0,0.0,0.0,T14,1
YouTube::@olgatovarvalerio8522,YouTube,1,0,0,0,0,0,0,0,0,0,0,0,0,0,0,0,0,0,0,0,0,0,0,0,0,0,0,0.0,0.0,0.0,0.0,0.0,0.0,0.0,0.0,0.0,0.0,0.0,0.0,0.0,0.0,0.0,0.0,0.0,0.0,0.0,0.0,0.0,0.0,0.0,0.0,0.0,,0
YouTube::@oliveriajaen5559,YouTube,1,13,0,0,0,2,0,0,8,0,1,0,0,0,0,0,0,0,0,0,0,0,0,0,2,0,0,0.0,0.0,0.0,15.4,0.0,0.0,61.5,0.0,7.7,0.0,0.0,0.0,0.0,0.0,0.0,0.0,0.0,0.0,0.0,0.0,0.0,0.0,15.4,0.0,0.0,T06,8
YouTube::@oliviagomez8899,YouTube,2,4,0,0,0,0,0,1,1,0,0,0,0,0,0,0,1,0,0,1,0,0,0,0,0,0,0,0.0,0.0,0.0,0.0,0.0,25.0,25.0,0.0,0.0,0.0,0.0,0.0,0.0,0.0,25.0,0.0,0.0,25.0,0.0,0.0,0.0,0.0,0.0,0.0,0.0,T17,1
YouTube::@olneya,YouTube,1,0,0,0,0,0,0,0,0,0,0,0,0,0,0,0,0,0,0,0,0,0,0,0,0,0,0,0.0,0.0,0.0,0.0,0.0,0.0,0.0,0.0,0.0,0.0,0.0,0.0,0.0,0.0,0.0,0.0,0.0,0.0,0.0,0.0,0.0,0.0,0.0,0.0,0.0,,0
YouTube::@omaralmada5849,YouTube,1,7,0,0,1,0,0,1,1,0,0,1,0,0,0,0,1,0,0,0,0,1,0,0,1,0,0,0.0,0.0,14.3,0.0,0.0,14.3,14.3,0.0,0.0,14.3,0.0,0.0,0.0,0.0,14.3,0.0,0.0,0.0,0.0,14.3,0.0,0.0,14.3,0.0,0.0,T05,1
YouTube::@omardejesusdominguezmundo7820,YouTube,1,3,0,0,0,2,0,0,0,0,0,0,0,0,0,0,0,0,0,0,0,0,0,0,0,0,1,0.0,0.0,0.0,66.7,0.0,0.0,0.0,0.0,0.0,0.0,0.0,0.0,0.0,0.0,0.0,0.0,0.0,0.0,0.0,0.0,0.0,0.0,0.0,0.0,33.3,T03,2
YouTube::@omarfco.munozparra5907,YouTube,1,3,0,0,0,0,0,0,1,0,0,0,1,0,0,0,0,0,0,0,0,0,0,1,0,0,0,0.0,0.0,0.0,0.0,0.0,0.0,33.3,0.0,0.0,0.0,33.3,0.0,0.0,0.0,0.0,0.0,0.0,0.0,0.0,0.0,0.0,33.3,0.0,0.0,0.0,T10,1
YouTube::@omarmartinezalvaradoARTE,YouTube,1,2,0,0,0,1,0,0,0,0,0,0,0,0,0,0,1,0,0,0,0,0,0,0,0,0,0,0.0,0.0,0.0,50.0,0.0,0.0,0.0,0.0,0.0,0.0,0.0,0.0,0.0,0.0,50.0,0.0,0.0,0.0,0.0,0.0,0.0,0.0,0.0,0.0,0.0,T14,1
YouTube::@omarmorales1541,YouTube,1,17,0,0,0,0,0,0,8,0,0,1,0,1,1,1,1,1,0,0,0,0,0,2,1,0,0,0.0,0.0,0.0,0.0,0.0,0.0,47.1,0.0,0.0,5.9,0.0,5.9,5.9,5.9,5.9,5.9,0.0,0.0,0.0,0.0,0.0,11.8,5.9,0.0,0.0,T06,8
YouTube::@omartorresgarcia5586,YouTube,1,1,0,0,0,0,0,0,0,0,0,0,0,0,0,0,0,0,0,0,0,0,0,0,0,0,1,0.0,0.0,0.0,0.0,0.0,0.0,0.0,0.0,0.0,0.0,0.0,0.0,0.0,0.0,0.0,0.0,0.0,0.0,0.0,0.0,0.0,0.0,0.0,0.0,100.0,T24,1
YouTube::@ootilootil9062,YouTube,2,15,0,0,0,1,1,2,6,0,0,2,0,1,0,1,0,1,0,0,0,0,0,0,0,0,0,0.0,0.0,0.0,6.7,6.7,13.3,40.0,0.0,0.0,13.3,0.0,6.7,0.0,6.7,0.0,6.7,0.0,0.0,0.0,0.0,0.0,0.0,0.0,0.0,0.0,T06,6
YouTube::@oscarantano7123,YouTube,1,3,0,0,0,0,0,0,0,0,0,0,1,1,0,0,0,0,0,0,0,0,0,0,1,0,0,0.0,0.0,0.0,0.0,0.0,0.0,0.0,0.0,0.0,0.0,33.3,33.3,0.0,0.0,0.0,0.0,0.0,0.0,0.0,0.0,0.0,0.0,33.3,0.0,0.0,T11,1
YouTube::@oscarhoracioc.n7726,YouTube,1,4,0,0,0,0,0,0,2,0,0,1,0,0,1,0,0,0,0,0,0,0,0,0,0,0,0,0.0,0.0,0.0,0.0,0.0,0.0,50.0,0.0,0.0,25.0,0.0,0.0,25.0,0.0,0.0,0.0,0.0,0.0,0.0,0.0,0.0,0.0,0.0,0.0,0.0,T06,2
YouTube::@oscarhuerta3637,YouTube,1,15,0,0,0,2,1,2,5,0,0,1,0,0,0,0,0,0,0,1,0,0,2,0,1,0,0,0.0,0.0,0.0,13.3,6.7,13.3,33.3,0.0,0.0,6.7,0.0,0.0,0.0,0.0,0.0,0.0,0.0,6.7,0.0,0.0,13.3,0.0,6.7,0.0,0.0,T06,5
YouTube::@oscarmonroy1051,YouTube,1,4,0,0,0,0,0,0,2,0,1,0,0,0,0,0,0,1,0,0,0,0,0,0,0,0,0,0.0,0.0,0.0,0.0,0.0,0.0,50.0,0.0,25.0,0.0,0.0,0.0,0.0,0.0,0.0,25.0,0.0,0.0,0.0,0.0,0.0,0.0,0.0,0.0,0.0,T06,2
YouTube::@oscarneri2647,YouTube,1,2,0,0,0,0,1,0,1,0,0,0,0,0,0,0,0,0,0,0,0,0,0,0,0,0,0,0.0,0.0,0.0,0.0,50.0,0.0,50.0,0.0,0.0,0.0,0.0,0.0,0.0,0.0,0.0,0.0,0.0,0.0,0.0,0.0,0.0,0.0,0.0,0.0,0.0,T04,1
YouTube::@p.m7910,YouTube,2,8,0,0,0,1,0,1,3,0,0,0,0,0,0,0,0,0,0,1,1,0,0,1,0,0,0,0.0,0.0,0.0,12.5,0.0,12.5,37.5,0.0,0.0,0.0,0.0,0.0,0.0,0.0,0.0,0.0,0.0,12.5,12.5,0.0,0.0,12.5,0.0,0.0,0.0,T06,3
YouTube::@p4ckotorres237,YouTube,1,4,0,0,0,0,0,0,0,1,0,0,1,1,0,0,0,1,0,0,0,0,0,0,0,0,0,0.0,0.0,0.0,0.0,0.0,0.0,0.0,25.0,0.0,0.0,25.0,25.0,0.0,0.0,0.0,25.0,0.0,0.0,0.0,0.0,0.0,0.0,0.0,0.0,0.0,T07,1
YouTube::@pablobaltodano1982,YouTube,2,2,0,0,1,0,0,0,0,0,0,1,0,0,0,0,0,0,0,0,0,0,0,0,0,0,0,0.0,0.0,50.0,0.0,0.0,0.0,0.0,0.0,0.0,50.0,0.0,0.0,0.0,0.0,0.0,0.0,0.0,0.0,0.0,0.0,0.0,0.0,0.0,0.0,0.0,T09,1
YouTube::@pablomelendez4473,YouTube,1,11,0,0,0,0,1,0,4,0,2,1,0,0,0,0,1,0,0,0,0,0,0,2,0,0,0,0.0,0.0,0.0,0.0,9.1,0.0,36.4,0.0,18.2,9.1,0.0,0.0,0.0,0.0,9.1,0.0,0.0,0.0,0.0,0.0,0.0,18.2,0.0,0.0,0.0,T06,4
YouTube::@pablorobertolopezpalacios3986,YouTube,1,2,0,0,0,0,0,0,1,0,0,0,0,0,0,0,0,1,0,0,0,0,0,0,0,0,0,0.0,0.0,0.0,0.0,0.0,0.0,50.0,0.0,0.0,0.0,0.0,0.0,0.0,0.0,0.0,50.0,0.0,0.0,0.0,0.0,0.0,0.0,0.0,0.0,0.0,T06,1
YouTube::@pablotorija3748,YouTube,1,4,0,0,0,0,0,0,1,0,1,1,0,0,0,0,0,0,0,0,0,1,0,0,0,0,0,0.0,0.0,0.0,0.0,0.0,0.0,25.0,0.0,25.0,25.0,0.0,0.0,0.0,0.0,0.0,0.0,0.0,0.0,0.0,25.0,0.0,0.0,0.0,0.0,0.0,T09,1
YouTube::@pacotorreando,YouTube,1,4,0,0,0,0,0,0,3,0,0,0,0,0,0,0,0,0,0,0,0,0,0,0,1,0,0,0.0,0.0,0.0,0.0,0.0,0.0,75.0,0.0,0.0,0.0,0.0,0.0,0.0,0.0,0.0,0.0,0.0,0.0,0.0,0.0,0.0,0.0,25.0,0.0,0.0,T06,3
YouTube::@pammatie3494,YouTube,1,3,0,0,0,0,1,0,1,0,0,1,0,0,0,0,0,0,0,0,0,0,0,0,0,0,0,0.0,0.0,0.0,0.0,33.3,0.0,33.3,0.0,0.0,33.3,0.0,0.0,0.0,0.0,0.0,0.0,0.0,0.0,0.0,0.0,0.0,0.0,0.0,0.0,0.0,T04,1
YouTube::@panecillog9406,YouTube,1,12,0,0,1,0,1,0,10,0,0,0,0,0,0,0,0,0,0,0,0,0,0,0,0,0,0,0.0,0.0,8.3,0.0,8.3,0.0,83.3,0.0,0.0,0.0,0.0,0.0,0.0,0.0,0.0,0.0,0.0,0.0,0.0,0.0,0.0,0.0,0.0,0.0,0.0,T06,10
YouTube::@paolabeltrans,YouTube,1,4,0,0,0,0,0,0,1,0,0,0,0,0,0,1,0,0,1,0,0,0,0,1,0,0,0,0.0,0.0,0.0,0.0,0.0,0.0,25.0,0.0,0.0,0.0,0.0,0.0,0.0,25.0,0.0,0.0,25.0,0.0,0.0,0.0,0.0,25.0,0.0,0.0,0.0,T06,1
YouTube::@paolac.7266,YouTube,1,8,0,0,0,0,0,0,3,0,0,2,0,0,0,1,1,0,0,0,0,0,0,1,0,0,0,0.0,0.0,0.0,0.0,0.0,0.0,37.5,0.0,0.0,25.0,0.0,0.0,0.0,12.5,12.5,0.0,0.0,0.0,0.0,0.0,0.0,12.5,0.0,0.0,0.0,T06,3
YouTube::@paolarodas7417,YouTube,1,0,0,0,0,0,0,0,0,0,0,0,0,0,0,0,0,0,0,0,0,0,0,0,0,0,0,0.0,0.0,0.0,0.0,0.0,0.0,0.0,0.0,0.0,0.0,0.0,0.0,0.0,0.0,0.0,0.0,0.0,0.0,0.0,0.0,0.0,0.0,0.0,0.0,0.0,,0
YouTube::@pastelito33,YouTube,1,3,0,0,0,0,0,0,3,0,0,0,0,0,0,0,0,0,0,0,0,0,0,0,0,0,0,0.0,0.0,0.0,0.0,0.0,0.0,100.0,0.0,0.0,0.0,0.0,0.0,0.0,0.0,0.0,0.0,0.0,0.0,0.0,0.0,0.0,0.0,0.0,0.0,0.0,T06,3
YouTube::@patriciaMar-v8n,YouTube,1,3,0,0,0,0,0,0,3,0,0,0,0,0,0,0,0,0,0,0,0,0,0,0,0,0,0,0.0,0.0,0.0,0.0,0.0,0.0,100.0,0.0,0.0,0.0,0.0,0.0,0.0,0.0,0.0,0.0,0.0,0.0,0.0,0.0,0.0,0.0,0.0,0.0,0.0,T06,3
YouTube::@patriciadelatorre9529,YouTube,1,2,0,0,0,0,0,0,0,0,0,0,0,0,1,0,0,0,0,0,0,0,0,0,1,0,0,0.0,0.0,0.0,0.0,0.0,0.0,0.0,0.0,0.0,0.0,0.0,0.0,50.0,0.0,0.0,0.0,0.0,0.0,0.0,0.0,0.0,0.0,50.0,0.0,0.0,T22,1
YouTube::@patriciageronbarradas1538,YouTube,1,3,0,0,0,0,0,0,0,0,0,0,0,0,0,0,0,0,0,0,1,0,0,0,0,0,2,0.0,0.0,0.0,0.0,0.0,0.0,0.0,0.0,0.0,0.0,0.0,0.0,0.0,0.0,0.0,0.0,0.0,0.0,33.3,0.0,0.0,0.0,0.0,0.0,66.7,T24,2
YouTube::@patriciaponce3989,YouTube,1,12,0,0,0,0,0,1,7,0,1,0,0,0,0,0,0,0,0,0,1,1,0,1,0,0,0,0.0,0.0,0.0,0.0,0.0,8.3,58.3,0.0,8.3,0.0,0.0,0.0,0.0,0.0,0.0,0.0,0.0,0.0,8.3,8.3,0.0,8.3,0.0,0.0,0.0,T06,7
YouTube::@pattoronto8594,YouTube,1,10,0,0,0,0,0,0,4,0,0,1,0,0,1,0,1,0,0,0,0,0,0,2,1,0,0,0.0,0.0,0.0,0.0,0.0,0.0,40.0,0.0,0.0,10.0,0.0,0.0,10.0,0.0,10.0,0.0,0.0,0.0,0.0,0.0,0.0,20.0,10.0,0.0,0.0,T06,4
YouTube::@paulinahipolito8630,YouTube,1,3,0,0,0,0,0,0,0,0,1,0,0,0,0,0,0,0,0,0,0,0,1,0,1,0,0,0.0,0.0,0.0,0.0,0.0,0.0,0.0,0.0,33.3,0.0,0.0,0.0,0.0,0.0,0.0,0.0,0.0,0.0,0.0,0.0,33.3,0.0,33.3,0.0,0.0,T22,1
YouTube::@paulinatrejocarmona219,YouTube,1,9,0,0,0,0,0,0,3,0,0,0,1,0,0,2,0,0,0,0,2,0,0,0,1,0,0,0.0,0.0,0.0,0.0,0.0,0.0,33.3,0.0,0.0,0.0,11.1,0.0,0.0,22.2,0.0,0.0,0.0,0.0,22.2,0.0,0.0,0.0,11.1,0.0,0.0,T06,3
YouTube::@paulinoalvarado8388,YouTube,1,6,0,0,0,0,0,0,4,0,0,0,0,1,0,0,1,0,0,0,0,0,0,0,0,0,0,0.0,0.0,0.0,0.0,0.0,0.0,66.7,0.0,0.0,0.0,0.0,16.7,0.0,0.0,16.7,0.0,0.0,0.0,0.0,0.0,0.0,0.0,0.0,0.0,0.0,T06,4
YouTube::@pavelr.m.6722,YouTube,1,2,0,0,0,0,0,0,0,0,0,0,0,2,0,0,0,0,0,0,0,0,0,0,0,0,0,0.0,0.0,0.0,0.0,0.0,0.0,0.0,0.0,0.0,0.0,0.0,100.0,0.0,0.0,0.0,0.0,0.0,0.0,0.0,0.0,0.0,0.0,0.0,0.0,0.0,T11,2
YouTube::@pecas7513,YouTube,1,4,0,0,0,0,0,0,0,0,0,0,0,1,0,1,1,0,0,0,1,0,0,0,0,0,0,0.0,0.0,0.0,0.0,0.0,0.0,0.0,0.0,0.0,0.0,0.0,25.0,0.0,25.0,25.0,0.0,0.0,0.0,25.0,0.0,0.0,0.0,0.0,0.0,0.0,T11,1
YouTube::@pedroam7218,YouTube,1,5,0,0,0,0,0,0,1,0,0,0,0,0,0,1,1,0,0,0,1,0,0,0,1,0,0,0.0,0.0,0.0,0.0,0.0,0.0,20.0,0.0,0.0,0.0,0.0,0.0,0.0,20.0,20.0,0.0,0.0,0.0,20.0,0.0,0.0,0.0,20.0,0.0,0.0,T18,1
YouTube::@pedrocastrocisneros7354,YouTube,1,3,0,0,0,0,0,0,0,0,0,0,0,0,0,0,0,0,0,0,0,0,1,2,0,0,0,0.0,0.0,0.0,0.0,0.0,0.0,0.0,0.0,0.0,0.0,0.0,0.0,0.0,0.0,0.0,0.0,0.0,0.0,0.0,0.0,33.3,66.7,0.0,0.0,0.0,T21,2
YouTube::@pedroenriqueorozco6986,YouTube,1,3,0,0,0,0,0,0,1,0,0,0,1,0,0,0,1,0,0,0,0,0,0,0,0,0,0,0.0,0.0,0.0,0.0,0.0,0.0,33.3,0.0,0.0,0.0,33.3,0.0,0.0,0.0,33.3,0.0,0.0,0.0,0.0,0.0,0.0,0.0,0.0,0.0,0.0,T14,1
YouTube::@pedroramireza360,YouTube,1,1,0,0,0,0,0,0,0,0,0,0,1,0,0,0,0,0,0,0,0,0,0,0,0,0,0,0.0,0.0,0.0,0.0,0.0,0.0,0.0,0.0,0.0,0.0,100.0,0.0,0.0,0.0,0.0,0.0,0.0,0.0,0.0,0.0,0.0,0.0,0.0,0.0,0.0,T10,1
YouTube::@peliculasgeniales1270,YouTube,1,9,0,0,0,0,0,0,0,0,0,0,1,0,0,1,0,0,0,1,1,1,0,4,0,0,0,0.0,0.0,0.0,0.0,0.0,0.0,0.0,0.0,0.0,0.0,11.1,0.0,0.0,11.1,0.0,0.0,0.0,11.1,11.1,11.1,0.0,44.4,0.0,0.0,0.0,T21,4
YouTube::@pepevilla1985,YouTube,1,7,0,0,0,0,5,1,0,1,0,0,0,0,0,0,0,0,0,0,0,0,0,0,0,0,0,0.0,0.0,0.0,0.0,71.4,14.3,0.0,14.3,0.0,0.0,0.0,0.0,0.0,0.0,0.0,0.0,0.0,0.0,0.0,0.0,0.0,0.0,0.0,0.0,0.0,T04,5
YouTube::@persona_de_vainilla_,YouTube,1,2,0,0,0,0,0,0,0,0,1,0,0,0,0,1,0,0,0,0,0,0,0,0,0,0,0,0.0,0.0,0.0,0.0,0.0,0.0,0.0,0.0,50.0,0.0,0.0,0.0,0.0,50.0,0.0,0.0,0.0,0.0,0.0,0.0,0.0,0.0,0.0,0.0,0.0,T13,1
YouTube::@petrajimenez7810,YouTube,1,3,0,0,0,0,0,1,0,0,0,0,0,0,0,0,0,0,0,0,0,0,0,1,0,0,1,0.0,0.0,0.0,0.0,0.0,33.3,0.0,0.0,0.0,0.0,0.0,0.0,0.0,0.0,0.0,0.0,0.0,0.0,0.0,0.0,0.0,33.3,0.0,0.0,33.3,T21,1
YouTube::@pg-nl7fo,YouTube,3,12,1,0,0,0,1,1,0,0,3,0,0,0,0,1,0,0,0,0,0,0,0,5,0,0,0,8.3,0.0,0.0,0.0,8.3,8.3,0.0,0.0,25.0,0.0,0.0,0.0,0.0,8.3,0.0,0.0,0.0,0.0,0.0,0.0,0.0,41.7,0.0,0.0,0.0,T21,5
YouTube::@picapleitos01,YouTube,1,2,0,0,0,0,0,0,0,0,0,0,0,0,0,0,0,0,0,0,0,0,0,2,0,0,0,0.0,0.0,0.0,0.0,0.0,0.0,0.0,0.0,0.0,0.0,0.0,0.0,0.0,0.0,0.0,0.0,0.0,0.0,0.0,0.0,0.0,100.0,0.0,0.0,0.0,T21,2
YouTube::@pilardavalos1176,YouTube,1,2,0,0,0,0,0,0,1,0,0,0,0,0,0,0,0,0,0,0,0,0,0,0,1,0,0,0.0,0.0,0.0,0.0,0.0,0.0,50.0,0.0,0.0,0.0,0.0,0.0,0.0,0.0,0.0,0.0,0.0,0.0,0.0,0.0,0.0,0.0,50.0,0.0,0.0,T06,1
YouTube::@pilarflores9869,YouTube,1,5,0,0,0,1,0,1,1,0,0,0,0,0,0,1,0,0,0,0,0,0,0,0,0,0,1,0.0,0.0,0.0,20.0,0.0,20.0,20.0,0.0,0.0,0.0,0.0,0.0,0.0,20.0,0.0,0.0,0.0,0.0,0.0,0.0,0.0,0.0,0.0,0.0,20.0,T03,1
YouTube::@pilargomez5520,YouTube,1,17,0,1,0,4,0,0,6,0,1,0,0,2,0,0,1,2,0,0,0,0,0,0,0,0,0,0.0,5.9,0.0,23.5,0.0,0.0,35.3,0.0,5.9,0.0,0.0,11.8,0.0,0.0,5.9,11.8,0.0,0.0,0.0,0.0,0.0,0.0,0.0,0.0,0.0,T06,6
YouTube::@pinguinaaaa,YouTube,1,3,0,0,0,0,0,0,1,0,0,1,0,0,0,0,0,0,0,0,0,0,0,0,1,0,0,0.0,0.0,0.0,0.0,0.0,0.0,33.3,0.0,0.0,33.3,0.0,0.0,0.0,0.0,0.0,0.0,0.0,0.0,0.0,0.0,0.0,0.0,33.3,0.0,0.0,T06,1
YouTube::@piquitas2003,YouTube,1,6,0,0,0,0,2,0,0,1,0,0,0,0,1,0,1,0,0,0,0,0,1,0,0,0,0,0.0,0.0,0.0,0.0,33.3,0.0,0.0,16.7,0.0,0.0,0.0,0.0,16.7,0.0,16.7,0.0,0.0,0.0,0.0,0.0,16.7,0.0,0.0,0.0,0.0,T04,2
YouTube::@piranaazul,YouTube,1,3,0,0,0,0,0,0,2,0,0,1,0,0,0,0,0,0,0,0,0,0,0,0,0,0,0,0.0,0.0,0.0,0.0,0.0,0.0,66.7,0.0,0.0,33.3,0.0,0.0,0.0,0.0,0.0,0.0,0.0,0.0,0.0,0.0,0.0,0.0,0.0,0.0,0.0,T06,2
YouTube::@pliniorodriguezmejia8842,YouTube,1,2,1,0,0,0,0,1,0,0,0,0,0,0,0,0,0,0,0,0,0,0,0,0,0,0,0,50.0,0.0,0.0,0.0,0.0,50.0,0.0,0.0,0.0,0.0,0.0,0.0,0.0,0.0,0.0,0.0,0.0,0.0,0.0,0.0,0.0,0.0,0.0,0.0,0.0,T00,1
YouTube::@polorosa1234,YouTube,2,3,0,0,0,0,0,1,1,0,0,0,0,0,0,0,1,0,0,0,0,0,0,0,0,0,0,0.0,0.0,0.0,0.0,0.0,33.3,33.3,0.0,0.0,0.0,0.0,0.0,0.0,0.0,33.3,0.0,0.0,0.0,0.0,0.0,0.0,0.0,0.0,0.0,0.0,T14,1
YouTube::@portoneseconomicoscdjuarez1848,YouTube,1,1,0,0,0,0,0,0,0,0,0,1,0,0,0,0,0,0,0,0,0,0,0,0,0,0,0,0.0,0.0,0.0,0.0,0.0,0.0,0.0,0.0,0.0,100.0,0.0,0.0,0.0,0.0,0.0,0.0,0.0,0.0,0.0,0.0,0.0,0.0,0.0,0.0,0.0,T09,1
YouTube::@potrodm,YouTube,1,12,0,0,0,0,1,0,1,0,0,0,1,1,0,0,0,0,0,1,0,0,3,2,0,0,2,0.0,0.0,0.0,0.0,8.3,0.0,8.3,0.0,0.0,0.0,8.3,8.3,0.0,0.0,0.0,0.0,0.0,8.3,0.0,0.0,25.0,16.7,0.0,0.0,16.7,T20,3
YouTube::@pradakaran4013,YouTube,1,3,0,0,0,0,0,0,2,0,0,0,0,0,0,1,0,0,0,0,0,0,0,0,0,0,0,0.0,0.0,0.0,0.0,0.0,0.0,66.7,0.0,0.0,0.0,0.0,0.0,0.0,33.3,0.0,0.0,0.0,0.0,0.0,0.0,0.0,0.0,0.0,0.0,0.0,T06,2
YouTube::@psicolandia5027,YouTube,1,3,0,0,0,0,0,0,0,1,0,0,2,0,0,0,0,0,0,0,0,0,0,0,0,0,0,0.0,0.0,0.0,0.0,0.0,0.0,0.0,33.3,0.0,0.0,66.7,0.0,0.0,0.0,0.0,0.0,0.0,0.0,0.0,0.0,0.0,0.0,0.0,0.0,0.0,T10,2
YouTube::@puchaine_89,YouTube,1,13,0,2,0,2,0,0,4,1,0,0,0,0,1,0,0,0,0,0,0,1,0,0,2,0,0,0.0,15.4,0.0,15.4,0.0,0.0,30.8,7.7,0.0,0.0,0.0,0.0,7.7,0.0,0.0,0.0,0.0,0.0,0.0,7.7,0.0,0.0,15.4,0.0,0.0,T06,4
YouTube::@pulpo2013jr,YouTube,1,6,0,0,0,0,1,0,1,0,1,0,2,0,0,0,0,0,0,0,0,0,0,1,0,0,0,0.0,0.0,0.0,0.0,16.7,0.0,16.7,0.0,16.7,0.0,33.3,0.0,0.0,0.0,0.0,0.0,0.0,0.0,0.0,0.0,0.0,16.7,0.0,0.0,0.0,T10,2
YouTube::@rachosolis2709,YouTube,1,9,0,0,0,2,1,0,1,0,0,0,1,0,0,0,0,0,0,0,0,0,0,2,0,0,2,0.0,0.0,0.0,22.2,11.1,0.0,11.1,0.0,0.0,0.0,11.1,0.0,0.0,0.0,0.0,0.0,0.0,0.0,0.0,0.0,0.0,22.2,0.0,0.0,22.2,T24,2
YouTube::@racielcastromeza6451,YouTube,1,3,0,0,0,0,0,0,0,0,0,2,1,0,0,0,0,0,0,0,0,0,0,0,0,0,0,0.0,0.0,0.0,0.0,0.0,0.0,0.0,0.0,0.0,66.7,33.3,0.0,0.0,0.0,0.0,0.0,0.0,0.0,0.0,0.0,0.0,0.0,0.0,0.0,0.0,T09,2
YouTube::@rafaelchavez5313,YouTube,1,5,0,0,0,0,1,0,0,0,0,1,0,0,1,0,0,0,0,0,0,0,0,0,0,0,2,0.0,0.0,0.0,0.0,20.0,0.0,0.0,0.0,0.0,20.0,0.0,0.0,20.0,0.0,0.0,0.0,0.0,0.0,0.0,0.0,0.0,0.0,0.0,0.0,40.0,T24,2
YouTube::@rafaelgarnicagonzalez6070,YouTube,1,1,0,0,0,0,0,0,0,0,0,0,0,0,0,0,0,0,0,0,0,0,0,0,1,0,0,0.0,0.0,0.0,0.0,0.0,0.0,0.0,0.0,0.0,0.0,0.0,0.0,0.0,0.0,0.0,0.0,0.0,0.0,0.0,0.0,0.0,0.0,100.0,0.0,0.0,T22,1
YouTube::@rafaelsanchez6041,YouTube,1,2,0,0,1,0,0,0,1,0,0,0,0,0,0,0,0,0,0,0,0,0,0,0,0,0,0,0.0,0.0,50.0,0.0,0.0,0.0,50.0,0.0,0.0,0.0,0.0,0.0,0.0,0.0,0.0,0.0,0.0,0.0,0.0,0.0,0.0,0.0,0.0,0.0,0.0,T02,1
YouTube::@rafaraflex2305,YouTube,1,0,0,0,0,0,0,0,0,0,0,0,0,0,0,0,0,0,0,0,0,0,0,0,0,0,0,0.0,0.0,0.0,0.0,0.0,0.0,0.0,0.0,0.0,0.0,0.0,0.0,0.0,0.0,0.0,0.0,0.0,0.0,0.0,0.0,0.0,0.0,0.0,0.0,0.0,,0
YouTube::@rakelt3199,YouTube,1,14,0,1,0,0,1,1,3,1,0,0,0,0,0,0,2,0,0,0,0,0,0,4,1,0,0,0.0,7.1,0.0,0.0,7.1,7.1,21.4,7.1,0.0,0.0,0.0,0.0,0.0,0.0,14.3,0.0,0.0,0.0,0.0,0.0,0.0,28.6,7.1,0.0,0.0,T21,4
YouTube::@ramagu2025,YouTube,1,4,0,0,0,0,0,0,1,0,1,0,0,0,0,0,0,0,0,0,1,0,0,1,0,0,0,0.0,0.0,0.0,0.0,0.0,0.0,25.0,0.0,25.0,0.0,0.0,0.0,0.0,0.0,0.0,0.0,0.0,0.0,25.0,0.0,0.0,25.0,0.0,0.0,0.0,T18,1
YouTube::@ramirezpcmusica,YouTube,1,24,0,0,3,1,0,1,7,0,1,0,0,2,0,2,1,0,0,2,1,0,0,1,1,0,1,0.0,0.0,12.5,4.2,0.0,4.2,29.2,0.0,4.2,0.0,0.0,8.3,0.0,8.3,4.2,0.0,0.0,8.3,4.2,0.0,0.0,4.2,4.2,0.0,4.2,T06,7
YouTube::@ramonarturoneyoy,YouTube,1,15,0,0,0,1,1,0,1,1,1,0,0,0,0,0,0,0,0,0,1,0,1,8,0,0,0,0.0,0.0,0.0,6.7,6.7,0.0,6.7,6.7,6.7,0.0,0.0,0.0,0.0,0.0,0.0,0.0,0.0,0.0,6.7,0.0,6.7,53.3,0.0,0.0,0.0,T21,8
YouTube::@ramonchavezgarcia1367,YouTube,1,15,1,1,0,0,0,1,0,1,2,0,0,0,0,0,0,1,0,0,0,0,0,3,5,0,0,6.7,6.7,0.0,0.0,0.0,6.7,0.0,6.7,13.3,0.0,0.0,0.0,0.0,0.0,0.0,6.7,0.0,0.0,0.0,0.0,0.0,20.0,33.3,0.0,0.0,T22,5
YouTube::@ramonhurtado2870,YouTube,1,6,1,0,0,0,0,0,3,0,0,1,0,0,0,0,0,1,0,0,0,0,0,0,0,0,0,16.7,0.0,0.0,0.0,0.0,0.0,50.0,0.0,0.0,16.7,0.0,0.0,0.0,0.0,0.0,16.7,0.0,0.0,0.0,0.0,0.0,0.0,0.0,0.0,0.0,T06,3
YouTube::@ramonpineyro6454,YouTube,1,5,0,0,0,0,0,0,0,0,0,1,1,1,0,0,0,0,0,0,1,0,0,1,0,0,0,0.0,0.0,0.0,0.0,0.0,0.0,0.0,0.0,0.0,20.0,20.0,20.0,0.0,0.0,0.0,0.0,0.0,0.0,20.0,0.0,0.0,20.0,0.0,0.0,0.0,T21,1
YouTube::@ramz9778,YouTube,1,5,0,0,0,0,0,1,0,0,0,0,0,0,0,0,0,1,0,0,0,0,0,3,0,0,0,0.0,0.0,0.0,0.0,0.0,20.0,0.0,0.0,0.0,0.0,0.0,0.0,0.0,0.0,0.0,20.0,0.0,0.0,0.0,0.0,0.0,60.0,0.0,0.0,0.0,T21,3
YouTube::@raulalejo4183,YouTube,1,17,0,0,0,0,1,2,1,0,1,1,1,0,2,0,0,0,0,0,1,1,1,2,3,0,0,0.0,0.0,0.0,0.0,5.9,11.8,5.9,0.0,5.9,5.9,5.9,0.0,11.8,0.0,0.0,0.0,0.0,0.0,5.9,5.9,5.9,11.8,17.6,0.0,0.0,T22,3
YouTube::@raulcampos6300,YouTube,1,6,0,0,0,1,0,0,0,0,0,0,2,0,0,0,0,0,0,0,1,0,0,0,1,1,0,0.0,0.0,0.0,16.7,0.0,0.0,0.0,0.0,0.0,0.0,33.3,0.0,0.0,0.0,0.0,0.0,0.0,0.0,16.7,0.0,0.0,0.0,16.7,16.7,0.0,T10,2
YouTube::@raulchacon1794,YouTube,1,3,0,0,0,0,1,0,0,0,1,0,0,0,0,0,0,0,0,0,0,0,0,0,1,0,0,0.0,0.0,0.0,0.0,33.3,0.0,0.0,0.0,33.3,0.0,0.0,0.0,0.0,0.0,0.0,0.0,0.0,0.0,0.0,0.0,0.0,0.0,33.3,0.0,0.0,T22,1
YouTube::@rauldorantesloeza3694,YouTube,1,8,0,0,0,0,1,0,3,1,0,0,1,1,0,1,0,0,0,0,0,0,0,0,0,0,0,0.0,0.0,0.0,0.0,12.5,0.0,37.5,12.5,0.0,0.0,12.5,12.5,0.0,12.5,0.0,0.0,0.0,0.0,0.0,0.0,0.0,0.0,0.0,0.0,0.0,T06,3
YouTube::@raulg_sp,YouTube,1,2,0,0,0,0,0,0,0,0,1,0,0,1,0,0,0,0,0,0,0,0,0,0,0,0,0,0.0,0.0,0.0,0.0,0.0,0.0,0.0,0.0,50.0,0.0,0.0,50.0,0.0,0.0,0.0,0.0,0.0,0.0,0.0,0.0,0.0,0.0,0.0,0.0,0.0,T08,1
YouTube::@raulleonperalta7118,YouTube,1,4,0,0,0,0,0,0,0,0,1,1,0,0,0,0,0,0,0,0,0,0,0,2,0,0,0,0.0,0.0,0.0,0.0,0.0,0.0,0.0,0.0,25.0,25.0,0.0,0.0,0.0,0.0,0.0,0.0,0.0,0.0,0.0,0.0,0.0,50.0,0.0,0.0,0.0,T21,2
YouTube::@raulmarttinez442,YouTube,1,8,0,0,0,0,2,0,0,0,1,0,2,0,0,0,0,0,0,0,0,0,0,3,0,0,0,0.0,0.0,0.0,0.0,25.0,0.0,0.0,0.0,12.5,0.0,25.0,0.0,0.0,0.0,0.0,0.0,0.0,0.0,0.0,0.0,0.0,37.5,0.0,0.0,0.0,T21,3
YouTube::@raulrivera-ko2if,YouTube,1,0,0,0,0,0,0,0,0,0,0,0,0,0,0,0,0,0,0,0,0,0,0,0,0,0,0,0.0,0.0,0.0,0.0,0.0,0.0,0.0,0.0,0.0,0.0,0.0,0.0,0.0,0.0,0.0,0.0,0.0,0.0,0.0,0.0,0.0,0.0,0.0,0.0,0.0,,0
YouTube::@raulsanchez9403,YouTube,1,1,0,0,0,0,0,0,0,0,0,0,0,0,0,0,0,0,0,0,1,0,0,0,0,0,0,0.0,0.0,0.0,0.0,0.0,0.0,0.0,0.0,0.0,0.0,0.0,0.0,0.0,0.0,0.0,0.0,0.0,0.0,100.0,0.0,0.0,0.0,0.0,0.0,0.0,T18,1
YouTube::@raultorres2656,YouTube,1,3,0,0,0,1,0,0,0,0,0,0,1,0,0,0,0,0,0,0,0,0,0,0,0,1,0,0.0,0.0,0.0,33.3,0.0,0.0,0.0,0.0,0.0,0.0,33.3,0.0,0.0,0.0,0.0,0.0,0.0,0.0,0.0,0.0,0.0,0.0,0.0,33.3,0.0,T03,1
YouTube::@rayon67689,YouTube,1,2,0,0,0,0,0,0,1,0,0,0,0,1,0,0,0,0,0,0,0,0,0,0,0,0,0,0.0,0.0,0.0,0.0,0.0,0.0,50.0,0.0,0.0,0.0,0.0,50.0,0.0,0.0,0.0,0.0,0.0,0.0,0.0,0.0,0.0,0.0,0.0,0.0,0.0,T06,1
YouTube::@rbkmm7400,YouTube,1,5,0,0,1,0,0,0,0,0,0,1,1,0,0,1,0,0,0,0,0,0,0,0,1,0,0,0.0,0.0,20.0,0.0,0.0,0.0,0.0,0.0,0.0,20.0,20.0,0.0,0.0,20.0,0.0,0.0,0.0,0.0,0.0,0.0,0.0,0.0,20.0,0.0,0.0,T09,1
YouTube::@rebecaLM4318,YouTube,2,21,1,0,0,1,1,0,3,0,2,3,1,1,0,4,0,0,0,2,0,0,1,1,0,0,0,4.8,0.0,0.0,4.8,4.8,0.0,14.3,0.0,9.5,14.3,4.8,4.8,0.0,19.0,0.0,0.0,0.0,9.5,0.0,0.0,4.8,4.8,0.0,0.0,0.0,T13,4
YouTube::@rebecarodriguez8849,YouTube,1,3,0,0,0,0,0,0,0,1,0,0,0,0,0,0,0,0,0,0,0,1,0,0,0,1,0,0.0,0.0,0.0,0.0,0.0,0.0,0.0,33.3,0.0,0.0,0.0,0.0,0.0,0.0,0.0,0.0,0.0,0.0,0.0,33.3,0.0,0.0,0.0,33.3,0.0,T07,1
YouTube::@reginaflores9202,YouTube,1,5,0,0,0,0,0,0,0,0,1,0,1,0,0,0,0,0,0,0,0,0,0,2,0,0,1,0.0,0.0,0.0,0.0,0.0,0.0,0.0,0.0,20.0,0.0,20.0,0.0,0.0,0.0,0.0,0.0,0.0,0.0,0.0,0.0,0.0,40.0,0.0,0.0,20.0,T21,2
YouTube::@renasgonzalez3925,YouTube,1,4,0,0,0,0,1,0,0,0,0,0,0,1,0,1,0,0,0,0,0,0,0,0,0,1,0,0.0,0.0,0.0,0.0,25.0,0.0,0.0,0.0,0.0,0.0,0.0,25.0,0.0,25.0,0.0,0.0,0.0,0.0,0.0,0.0,0.0,0.0,0.0,25.0,0.0,T04,1
YouTube::@reneavalos8576,YouTube,1,1,0,0,1,0,0,0,0,0,0,0,0,0,0,0,0,0,0,0,0,0,0,0,0,0,0,0.0,0.0,100.0,0.0,0.0,0.0,0.0,0.0,0.0,0.0,0.0,0.0,0.0,0.0,0.0,0.0,0.0,0.0,0.0,0.0,0.0,0.0,0.0,0.0,0.0,T02,1
YouTube::@renevalencia2260,YouTube,2,8,0,0,0,1,0,0,2,0,0,0,1,0,0,1,1,0,0,1,0,1,0,0,0,0,0,0.0,0.0,0.0,12.5,0.0,0.0,25.0,0.0,0.0,0.0,12.5,0.0,0.0,12.5,12.5,0.0,0.0,12.5,0.0,12.5,0.0,0.0,0.0,0.0,0.0,T06,2
YouTube::@repa77777,YouTube,1,1,0,0,0,0,0,0,0,0,0,1,0,0,0,0,0,0,0,0,0,0,0,0,0,0,0,0.0,0.0,0.0,0.0,0.0,0.0,0.0,0.0,0.0,100.0,0.0,0.0,0.0,0.0,0.0,0.0,0.0,0.0,0.0,0.0,0.0,0.0,0.0,0.0,0.0,T09,1
YouTube::@researchera1654,YouTube,1,1,0,0,0,0,0,0,0,0,0,0,0,1,0,0,0,0,0,0,0,0,0,0,0,0,0,0.0,0.0,0.0,0.0,0.0,0.0,0.0,0.0,0.0,0.0,0.0,100.0,0.0,0.0,0.0,0.0,0.0,0.0,0.0,0.0,0.0,0.0,0.0,0.0,0.0,T11,1
YouTube::@reyescastroaguilar6000,YouTube,1,4,0,0,0,0,0,0,0,0,0,0,1,0,1,0,0,0,0,0,0,0,0,0,2,0,0,0.0,0.0,0.0,0.0,0.0,0.0,0.0,0.0,0.0,0.0,25.0,0.0,25.0,0.0,0.0,0.0,0.0,0.0,0.0,0.0,0.0,0.0,50.0,0.0,0.0,T22,2
YouTube::@reymicroc,YouTube,1,1,0,0,0,0,0,0,1,0,0,0,0,0,0,0,0,0,0,0,0,0,0,0,0,0,0,0.0,0.0,0.0,0.0,0.0,0.0,100.0,0.0,0.0,0.0,0.0,0.0,0.0,0.0,0.0,0.0,0.0,0.0,0.0,0.0,0.0,0.0,0.0,0.0,0.0,T06,1
YouTube::@reymilcoronas,YouTube,1,5,0,0,0,2,0,0,0,0,0,0,0,0,1,0,0,0,0,0,1,0,0,1,0,0,0,0.0,0.0,0.0,40.0,0.0,0.0,0.0,0.0,0.0,0.0,0.0,0.0,20.0,0.0,0.0,0.0,0.0,0.0,20.0,0.0,0.0,20.0,0.0,0.0,0.0,T03,2
YouTube::@reynaacevedojuana2852,YouTube,1,7,0,0,0,1,0,0,2,0,0,1,0,0,0,0,0,0,0,0,0,1,0,1,1,0,0,0.0,0.0,0.0,14.3,0.0,0.0,28.6,0.0,0.0,14.3,0.0,0.0,0.0,0.0,0.0,0.0,0.0,0.0,0.0,14.3,0.0,14.3,14.3,0.0,0.0,T06,2
YouTube::@reyrha4482,YouTube,1,4,0,0,0,0,1,0,0,0,0,0,1,0,0,0,0,0,0,0,0,0,0,2,0,0,0,0.0,0.0,0.0,0.0,25.0,0.0,0.0,0.0,0.0,0.0,25.0,0.0,0.0,0.0,0.0,0.0,0.0,0.0,0.0,0.0,0.0,50.0,0.0,0.0,0.0,T21,2
YouTube::@reystarkbanner207,YouTube,1,9,0,0,0,0,0,1,1,0,0,0,0,0,0,1,2,0,0,0,0,0,1,0,3,0,0,0.0,0.0,0.0,0.0,0.0,11.1,11.1,0.0,0.0,0.0,0.0,0.0,0.0,11.1,22.2,0.0,0.0,0.0,0.0,0.0,11.1,0.0,33.3,0.0,0.0,T22,3
YouTube::@ricardoarchivaldo5144,YouTube,1,5,0,0,0,1,0,1,0,0,0,0,0,0,0,0,1,0,1,0,0,0,0,0,1,0,0,0.0,0.0,0.0,20.0,0.0,20.0,0.0,0.0,0.0,0.0,0.0,0.0,0.0,0.0,20.0,0.0,20.0,0.0,0.0,0.0,0.0,0.0,20.0,0.0,0.0,T03,1
YouTube::@ricardocardenasfigueroa9599,YouTube,1,6,0,1,0,0,0,0,0,1,0,0,0,0,0,0,2,0,0,0,0,0,0,2,0,0,0,0.0,16.7,0.0,0.0,0.0,0.0,0.0,16.7,0.0,0.0,0.0,0.0,0.0,0.0,33.3,0.0,0.0,0.0,0.0,0.0,0.0,33.3,0.0,0.0,0.0,T14,2
YouTube::@ricardohernandez3368,YouTube,1,2,0,0,0,1,0,0,0,0,0,0,0,0,0,0,0,0,0,0,0,0,0,1,0,0,0,0.0,0.0,0.0,50.0,0.0,0.0,0.0,0.0,0.0,0.0,0.0,0.0,0.0,0.0,0.0,0.0,0.0,0.0,0.0,0.0,0.0,50.0,0.0,0.0,0.0,T03,1
YouTube::@ricardoineza9802,YouTube,1,1,0,0,0,0,0,0,1,0,0,0,0,0,0,0,0,0,0,0,0,0,0,0,0,0,0,0.0,0.0,0.0,0.0,0.0,0.0,100.0,0.0,0.0,0.0,0.0,0.0,0.0,0.0,0.0,0.0,0.0,0.0,0.0,0.0,0.0,0.0,0.0,0.0,0.0,T06,1
YouTube::@ricardoleyzaola6392,YouTube,1,2,0,0,0,0,0,0,0,0,0,1,0,0,0,0,0,0,0,0,0,1,0,0,0,0,0,0.0,0.0,0.0,0.0,0.0,0.0,0.0,0.0,0.0,50.0,0.0,0.0,0.0,0.0,0.0,0.0,0.0,0.0,0.0,50.0,0.0,0.0,0.0,0.0,0.0,T09,1
YouTube::@ricardorosassanchez3531,YouTube,1,3,0,0,0,0,0,0,0,0,0,0,0,0,1,0,0,0,0,1,0,0,0,1,0,0,0,0.0,0.0,0.0,0.0,0.0,0.0,0.0,0.0,0.0,0.0,0.0,0.0,33.3,0.0,0.0,0.0,0.0,33.3,0.0,0.0,0.0,33.3,0.0,0.0,0.0,T21,1
YouTube::@ricardosolis4629,YouTube,1,0,0,0,0,0,0,0,0,0,0,0,0,0,0,0,0,0,0,0,0,0,0,0,0,0,0,0.0,0.0,0.0,0.0,0.0,0.0,0.0,0.0,0.0,0.0,0.0,0.0,0.0,0.0,0.0,0.0,0.0,0.0,0.0,0.0,0.0,0.0,0.0,0.0,0.0,,0
YouTube::@ritavillarreal4356,YouTube,1,1,0,0,0,0,0,0,0,0,0,0,0,0,1,0,0,0,0,0,0,0,0,0,0,0,0,0.0,0.0,0.0,0.0,0.0,0.0,0.0,0.0,0.0,0.0,0.0,0.0,100.0,0.0,0.0,0.0,0.0,0.0,0.0,0.0,0.0,0.0,0.0,0.0,0.0,T12,1
YouTube::@rmoralesloo,YouTube,1,1,0,0,1,0,0,0,0,0,0,0,0,0,0,0,0,0,0,0,0,0,0,0,0,0,0,0.0,0.0,100.0,0.0,0.0,0.0,0.0,0.0,0.0,0.0,0.0,0.0,0.0,0.0,0.0,0.0,0.0,0.0,0.0,0.0,0.0,0.0,0.0,0.0,0.0,T02,1
YouTube::@robertoalarcon7108,YouTube,1,9,0,0,0,3,0,0,0,0,1,0,4,1,0,0,0,0,0,0,0,0,0,0,0,0,0,0.0,0.0,0.0,33.3,0.0,0.0,0.0,0.0,11.1,0.0,44.4,11.1,0.0,0.0,0.0,0.0,0.0,0.0,0.0,0.0,0.0,0.0,0.0,0.0,0.0,T10,4
YouTube::@robertoespinosa7763,YouTube,1,11,0,0,0,0,0,0,1,0,2,0,0,0,0,0,0,0,0,0,0,0,0,6,1,0,1,0.0,0.0,0.0,0.0,0.0,0.0,9.1,0.0,18.2,0.0,0.0,0.0,0.0,0.0,0.0,0.0,0.0,0.0,0.0,0.0,0.0,54.5,9.1,0.0,9.1,T21,6
YouTube::@robertofrausto8145,YouTube,1,0,0,0,0,0,0,0,0,0,0,0,0,0,0,0,0,0,0,0,0,0,0,0,0,0,0,0.0,0.0,0.0,0.0,0.0,0.0,0.0,0.0,0.0,0.0,0.0,0.0,0.0,0.0,0.0,0.0,0.0,0.0,0.0,0.0,0.0,0.0,0.0,0.0,0.0,,0
YouTube::@robertogutierrez9162,YouTube,2,3,0,0,0,0,0,1,0,0,0,0,1,0,0,0,0,0,0,0,0,0,0,1,0,0,0,0.0,0.0,0.0,0.0,0.0,33.3,0.0,0.0,0.0,0.0,33.3,0.0,0.0,0.0,0.0,0.0,0.0,0.0,0.0,0.0,0.0,33.3,0.0,0.0,0.0,T10,1
YouTube::@robertoharomooney8147,YouTube,1,1,0,0,0,0,0,0,0,0,1,0,0,0,0,0,0,0,0,0,0,0,0,0,0,0,0,0.0,0.0,0.0,0.0,0.0,0.0,0.0,0.0,100.0,0.0,0.0,0.0,0.0,0.0,0.0,0.0,0.0,0.0,0.0,0.0,0.0,0.0,0.0,0.0,0.0,T08,1
YouTube::@robertohernandez5408,YouTube,1,7,0,0,0,0,0,0,0,0,1,1,0,2,0,0,0,0,0,0,0,0,0,2,1,0,0,0.0,0.0,0.0,0.0,0.0,0.0,0.0,0.0,14.3,14.3,0.0,28.6,0.0,0.0,0.0,0.0,0.0,0.0,0.0,0.0,0.0,28.6,14.3,0.0,0.0,T21,2
YouTube::@robertojuarez9765,YouTube,1,7,0,0,0,0,0,1,0,0,0,1,0,0,0,0,0,1,0,1,0,0,0,0,2,1,0,0.0,0.0,0.0,0.0,0.0,14.3,0.0,0.0,0.0,14.3,0.0,0.0,0.0,0.0,0.0,14.3,0.0,14.3,0.0,0.0,0.0,0.0,28.6,14.3,0.0,T22,2
YouTube::@robertolarranaga7332,YouTube,1,3,0,0,0,0,0,0,0,1,2,0,0,0,0,0,0,0,0,0,0,0,0,0,0,0,0,0.0,0.0,0.0,0.0,0.0,0.0,0.0,33.3,66.7,0.0,0.0,0.0,0.0,0.0,0.0,0.0,0.0,0.0,0.0,0.0,0.0,0.0,0.0,0.0,0.0,T08,2
YouTube::@robertoperez-co5yj,YouTube,1,12,0,0,0,0,0,1,6,0,2,0,0,0,0,0,0,0,0,0,0,0,0,3,0,0,0,0.0,0.0,0.0,0.0,0.0,8.3,50.0,0.0,16.7,0.0,0.0,0.0,0.0,0.0,0.0,0.0,0.0,0.0,0.0,0.0,0.0,25.0,0.0,0.0,0.0,T06,6
YouTube::@robinsien8049,YouTube,1,16,0,0,0,0,2,4,3,0,1,0,1,0,0,0,0,1,0,1,0,0,0,2,0,0,1,0.0,0.0,0.0,0.0,12.5,25.0,18.8,0.0,6.2,0.0,6.2,0.0,0.0,0.0,0.0,6.2,0.0,6.2,0.0,0.0,0.0,12.5,0.0,0.0,6.2,T05,4
YouTube::@robkent7590,YouTube,1,3,0,0,0,0,0,0,1,0,0,0,1,0,0,0,1,0,0,0,0,0,0,0,0,0,0,0.0,0.0,0.0,0.0,0.0,0.0,33.3,0.0,0.0,0.0,33.3,0.0,0.0,0.0,33.3,0.0,0.0,0.0,0.0,0.0,0.0,0.0,0.0,0.0,0.0,T14,1
YouTube::@rociocordova8367,YouTube,1,4,0,0,0,0,0,0,1,0,0,0,1,0,0,0,0,0,0,0,0,0,0,1,1,0,0,0.0,0.0,0.0,0.0,0.0,0.0,25.0,0.0,0.0,0.0,25.0,0.0,0.0,0.0,0.0,0.0,0.0,0.0,0.0,0.0,0.0,25.0,25.0,0.0,0.0,T06,1
YouTube::@rociomcervantes9789,YouTube,2,8,0,0,0,0,0,1,1,0,0,1,0,1,0,0,2,0,0,0,0,0,0,0,2,0,0,0.0,0.0,0.0,0.0,0.0,12.5,12.5,0.0,0.0,12.5,0.0,12.5,0.0,0.0,25.0,0.0,0.0,0.0,0.0,0.0,0.0,0.0,25.0,0.0,0.0,T14,2
YouTube::@rociotrabanco854,YouTube,1,6,0,0,0,0,0,0,5,0,1,0,0,0,0,0,0,0,0,0,0,0,0,0,0,0,0,0.0,0.0,0.0,0.0,0.0,0.0,83.3,0.0,16.7,0.0,0.0,0.0,0.0,0.0,0.0,0.0,0.0,0.0,0.0,0.0,0.0,0.0,0.0,0.0,0.0,T06,5
YouTube::@rodejaimes5635,YouTube,1,4,0,0,0,0,0,0,3,0,0,0,0,1,0,0,0,0,0,0,0,0,0,0,0,0,0,0.0,0.0,0.0,0.0,0.0,0.0,75.0,0.0,0.0,0.0,0.0,25.0,0.0,0.0,0.0,0.0,0.0,0.0,0.0,0.0,0.0,0.0,0.0,0.0,0.0,T06,3
YouTube::@rodolfollanasrosales9875,YouTube,1,6,0,0,0,0,0,0,0,0,1,1,0,2,0,1,0,0,0,0,0,0,0,1,0,0,0,0.0,0.0,0.0,0.0,0.0,0.0,0.0,0.0,16.7,16.7,0.0,33.3,0.0,16.7,0.0,0.0,0.0,0.0,0.0,0.0,0.0,16.7,0.0,0.0,0.0,T11,2
YouTube::@rodolforosales8347,YouTube,1,2,1,0,0,1,0,0,0,0,0,0,0,0,0,0,0,0,0,0,0,0,0,0,0,0,0,50.0,0.0,0.0,50.0,0.0,0.0,0.0,0.0,0.0,0.0,0.0,0.0,0.0,0.0,0.0,0.0,0.0,0.0,0.0,0.0,0.0,0.0,0.0,0.0,0.0,T03,1
YouTube::@rogeliocortescortes6385,YouTube,1,0,0,0,0,0,0,0,0,0,0,0,0,0,0,0,0,0,0,0,0,0,0,0,0,0,0,0.0,0.0,0.0,0.0,0.0,0.0,0.0,0.0,0.0,0.0,0.0,0.0,0.0,0.0,0.0,0.0,0.0,0.0,0.0,0.0,0.0,0.0,0.0,0.0,0.0,,0
YouTube::@rogeliolopez5651,YouTube,1,2,0,0,0,0,0,0,1,0,0,0,0,0,0,0,0,0,0,1,0,0,0,0,0,0,0,0.0,0.0,0.0,0.0,0.0,0.0,50.0,0.0,0.0,0.0,0.0,0.0,0.0,0.0,0.0,0.0,0.0,50.0,0.0,0.0,0.0,0.0,0.0,0.0,0.0,T17,1
YouTube::@rogelioserrano9588,YouTube,1,3,0,0,0,0,0,0,0,0,0,0,0,1,0,0,1,0,0,0,0,0,0,0,0,1,0,0.0,0.0,0.0,0.0,0.0,0.0,0.0,0.0,0.0,0.0,0.0,33.3,0.0,0.0,33.3,0.0,0.0,0.0,0.0,0.0,0.0,0.0,0.0,33.3,0.0,T11,1
YouTube::@rogeliozambrano6133,YouTube,2,10,0,0,0,0,0,1,0,0,1,0,0,4,0,1,0,0,0,0,0,1,0,0,0,0,2,0.0,0.0,0.0,0.0,0.0,10.0,0.0,0.0,10.0,0.0,0.0,40.0,0.0,10.0,0.0,0.0,0.0,0.0,0.0,10.0,0.0,0.0,0.0,0.0,20.0,T11,4
YouTube::@rojoazul1687,YouTube,1,13,0,0,0,2,0,0,2,0,1,0,1,0,0,1,1,0,0,0,0,0,0,0,3,0,2,0.0,0.0,0.0,15.4,0.0,0.0,15.4,0.0,7.7,0.0,7.7,0.0,0.0,7.7,7.7,0.0,0.0,0.0,0.0,0.0,0.0,0.0,23.1,0.0,15.4,T22,3
YouTube::@rolandoortiz9244,YouTube,1,2,0,0,0,0,0,0,1,0,0,0,0,0,0,0,1,0,0,0,0,0,0,0,0,0,0,0.0,0.0,0.0,0.0,0.0,0.0,50.0,0.0,0.0,0.0,0.0,0.0,0.0,0.0,50.0,0.0,0.0,0.0,0.0,0.0,0.0,0.0,0.0,0.0,0.0,T14,1
YouTube::@roldanmoreno2640,YouTube,1,4,0,0,0,1,0,0,1,0,0,0,0,0,0,0,1,0,0,0,0,0,0,0,1,0,0,0.0,0.0,0.0,25.0,0.0,0.0,25.0,0.0,0.0,0.0,0.0,0.0,0.0,0.0,25.0,0.0,0.0,0.0,0.0,0.0,0.0,0.0,25.0,0.0,0.0,T03,1
YouTube::@ronnyhaven7277,YouTube,1,4,0,0,0,1,2,0,0,1,0,0,0,0,0,0,0,0,0,0,0,0,0,0,0,0,0,0.0,0.0,0.0,25.0,50.0,0.0,0.0,25.0,0.0,0.0,0.0,0.0,0.0,0.0,0.0,0.0,0.0,0.0,0.0,0.0,0.0,0.0,0.0,0.0,0.0,T04,2
YouTube::@rosaanahernandezgalan1961,YouTube,1,4,0,1,0,0,0,0,1,0,0,1,0,0,0,0,1,0,0,0,0,0,0,0,0,0,0,0.0,25.0,0.0,0.0,0.0,0.0,25.0,0.0,0.0,25.0,0.0,0.0,0.0,0.0,25.0,0.0,0.0,0.0,0.0,0.0,0.0,0.0,0.0,0.0,0.0,T01,1
YouTube::@rosaarce9197,YouTube,1,2,0,0,0,0,0,0,2,0,0,0,0,0,0,0,0,0,0,0,0,0,0,0,0,0,0,0.0,0.0,0.0,0.0,0.0,0.0,100.0,0.0,0.0,0.0,0.0,0.0,0.0,0.0,0.0,0.0,0.0,0.0,0.0,0.0,0.0,0.0,0.0,0.0,0.0,T06,2
YouTube::@rosadelcarmen2947,YouTube,1,2,1,0,0,0,0,0,1,0,0,0,0,0,0,0,0,0,0,0,0,0,0,0,0,0,0,50.0,0.0,0.0,0.0,0.0,0.0,50.0,0.0,0.0,0.0,0.0,0.0,0.0,0.0,0.0,0.0,0.0,0.0,0.0,0.0,0.0,0.0,0.0,0.0,0.0,T00,1
YouTube::@rosadelcarmenreyeshernande7659,YouTube,1,9,0,0,0,0,0,1,2,0,0,1,1,0,2,2,0,0,0,0,0,0,0,0,0,0,0,0.0,0.0,0.0,0.0,0.0,11.1,22.2,0.0,0.0,11.1,11.1,0.0,22.2,22.2,0.0,0.0,0.0,0.0,0.0,0.0,0.0,0.0,0.0,0.0,0.0,T12,2
YouTube::@rosalbacastellanos3845,YouTube,1,22,0,0,1,1,0,0,7,0,0,0,0,3,2,1,0,1,1,1,1,1,0,1,1,0,0,0.0,0.0,4.5,4.5,0.0,0.0,31.8,0.0,0.0,0.0,0.0,13.6,9.1,4.5,0.0,4.5,4.5,4.5,4.5,4.5,0.0,4.5,4.5,0.0,0.0,T06,7
YouTube::@rosalbacid6940,YouTube,1,7,0,0,0,0,0,0,5,0,0,0,0,0,0,0,0,0,0,0,0,0,0,1,0,1,0,0.0,0.0,0.0,0.0,0.0,0.0,71.4,0.0,0.0,0.0,0.0,0.0,0.0,0.0,0.0,0.0,0.0,0.0,0.0,0.0,0.0,14.3,0.0,14.3,0.0,T06,5
YouTube::@rosalbamendoza5108,YouTube,1,11,0,0,0,0,1,0,1,1,2,0,0,0,2,0,2,0,0,1,0,0,0,0,1,0,0,0.0,0.0,0.0,0.0,9.1,0.0,9.1,9.1,18.2,0.0,0.0,0.0,18.2,0.0,18.2,0.0,0.0,9.1,0.0,0.0,0.0,0.0,9.1,0.0,0.0,T14,2
YouTube::@rosalbamendoza6326,YouTube,1,3,0,0,0,0,0,0,2,0,0,0,0,0,0,1,0,0,0,0,0,0,0,0,0,0,0,0.0,0.0,0.0,0.0,0.0,0.0,66.7,0.0,0.0,0.0,0.0,0.0,0.0,33.3,0.0,0.0,0.0,0.0,0.0,0.0,0.0,0.0,0.0,0.0,0.0,T06,2
YouTube::@rosalbapaniagua9243,YouTube,1,13,0,0,0,3,1,0,3,0,0,2,0,0,0,0,0,0,0,0,0,0,0,1,3,0,0,0.0,0.0,0.0,23.1,7.7,0.0,23.1,0.0,0.0,15.4,0.0,0.0,0.0,0.0,0.0,0.0,0.0,0.0,0.0,0.0,0.0,7.7,23.1,0.0,0.0,T06,3
YouTube::@rosalinda570,YouTube,1,4,0,0,0,0,0,0,1,0,0,1,0,0,0,0,1,1,0,0,0,0,0,0,0,0,0,0.0,0.0,0.0,0.0,0.0,0.0,25.0,0.0,0.0,25.0,0.0,0.0,0.0,0.0,25.0,25.0,0.0,0.0,0.0,0.0,0.0,0.0,0.0,0.0,0.0,T09,1
YouTube::@rosaliorodriguezblanco3656,YouTube,1,6,0,0,2,1,0,0,1,0,1,0,0,0,0,0,0,0,0,0,0,0,0,1,0,0,0,0.0,0.0,33.3,16.7,0.0,0.0,16.7,0.0,16.7,0.0,0.0,0.0,0.0,0.0,0.0,0.0,0.0,0.0,0.0,0.0,0.0,16.7,0.0,0.0,0.0,T02,2
YouTube::@rosamariagonzalez3789,YouTube,2,4,0,0,0,0,0,0,2,0,0,1,0,0,0,0,0,0,0,0,0,0,0,1,0,0,0,0.0,0.0,0.0,0.0,0.0,0.0,50.0,0.0,0.0,25.0,0.0,0.0,0.0,0.0,0.0,0.0,0.0,0.0,0.0,0.0,0.0,25.0,0.0,0.0,0.0,T06,2
YouTube::@rosamariaherrerasanchez6846,YouTube,1,2,0,0,0,0,0,0,1,0,0,0,0,0,0,0,0,0,0,0,0,0,0,0,0,0,1,0.0,0.0,0.0,0.0,0.0,0.0,50.0,0.0,0.0,0.0,0.0,0.0,0.0,0.0,0.0,0.0,0.0,0.0,0.0,0.0,0.0,0.0,0.0,0.0,50.0,T06,1
YouTube::@rosariomartinez3127,YouTube,1,3,0,1,0,0,1,0,0,0,0,1,0,0,0,0,0,0,0,0,0,0,0,0,0,0,0,0.0,33.3,0.0,0.0,33.3,0.0,0.0,0.0,0.0,33.3,0.0,0.0,0.0,0.0,0.0,0.0,0.0,0.0,0.0,0.0,0.0,0.0,0.0,0.0,0.0,T04,1
YouTube::@rosarioramos9143,YouTube,1,10,1,1,1,0,1,0,1,0,0,1,1,0,0,0,1,0,0,0,0,0,0,2,0,0,0,10.0,10.0,10.0,0.0,10.0,0.0,10.0,0.0,0.0,10.0,10.0,0.0,0.0,0.0,10.0,0.0,0.0,0.0,0.0,0.0,0.0,20.0,0.0,0.0,0.0,T21,2
YouTube::@rosarivas9259,YouTube,1,0,0,0,0,0,0,0,0,0,0,0,0,0,0,0,0,0,0,0,0,0,0,0,0,0,0,0.0,0.0,0.0,0.0,0.0,0.0,0.0,0.0,0.0,0.0,0.0,0.0,0.0,0.0,0.0,0.0,0.0,0.0,0.0,0.0,0.0,0.0,0.0,0.0,0.0,,0
YouTube::@rossycastilloderodriguez9320,YouTube,1,11,0,0,0,0,0,0,3,0,0,0,0,0,0,2,2,0,0,0,0,1,1,0,1,1,0,0.0,0.0,0.0,0.0,0.0,0.0,27.3,0.0,0.0,0.0,0.0,0.0,0.0,18.2,18.2,0.0,0.0,0.0,0.0,9.1,9.1,0.0,9.1,9.1,0.0,T06,3
YouTube::@rousecruz3756,YouTube,1,4,0,0,0,0,0,0,0,0,0,0,0,0,0,0,2,0,0,0,0,1,0,0,1,0,0,0.0,0.0,0.0,0.0,0.0,0.0,0.0,0.0,0.0,0.0,0.0,0.0,0.0,0.0,50.0,0.0,0.0,0.0,0.0,25.0,0.0,0.0,25.0,0.0,0.0,T14,2
YouTube::@roxanavilla6910,YouTube,1,2,0,0,0,0,0,0,0,0,0,0,0,0,0,0,0,0,0,0,0,0,0,2,0,0,0,0.0,0.0,0.0,0.0,0.0,0.0,0.0,0.0,0.0,0.0,0.0,0.0,0.0,0.0,0.0,0.0,0.0,0.0,0.0,0.0,0.0,100.0,0.0,0.0,0.0,T21,2
YouTube::@ru73rol39,YouTube,2,3,0,0,1,0,0,0,0,0,0,1,0,1,0,0,0,0,0,0,0,0,0,0,0,0,0,0.0,0.0,33.3,0.0,0.0,0.0,0.0,0.0,0.0,33.3,0.0,33.3,0.0,0.0,0.0,0.0,0.0,0.0,0.0,0.0,0.0,0.0,0.0,0.0,0.0,T11,1
YouTube::@rubenchavarriamarquez9084,YouTube,1,65,2,3,2,1,2,0,5,3,2,0,4,4,2,3,0,0,1,0,5,0,1,7,7,2,9,3.1,4.6,3.1,1.5,3.1,0.0,7.7,4.6,3.1,0.0,6.2,6.2,3.1,4.6,0.0,0.0,1.5,0.0,7.7,0.0,1.5,10.8,10.8,3.1,13.8,T24,9
YouTube::@rubenespinogutierrez9757,YouTube,1,3,0,0,0,0,0,0,0,0,0,0,2,1,0,0,0,0,0,0,0,0,0,0,0,0,0,0.0,0.0,0.0,0.0,0.0,0.0,0.0,0.0,0.0,0.0,66.7,33.3,0.0,0.0,0.0,0.0,0.0,0.0,0.0,0.0,0.0,0.0,0.0,0.0,0.0,T10,2
YouTube::@rubenmendez5538,YouTube,2,7,0,0,0,0,1,0,0,1,1,0,2,0,0,0,0,0,0,0,0,1,0,0,1,0,0,0.0,0.0,0.0,0.0,14.3,0.0,0.0,14.3,14.3,0.0,28.6,0.0,0.0,0.0,0.0,0.0,0.0,0.0,0.0,14.3,0.0,0.0,14.3,0.0,0.0,T10,2
YouTube::@ruby.sireil,YouTube,1,14,0,0,1,2,0,0,3,0,0,1,1,0,1,1,4,0,0,0,0,0,0,0,0,0,0,0.0,0.0,7.1,14.3,0.0,0.0,21.4,0.0,0.0,7.1,7.1,0.0,7.1,7.1,28.6,0.0,0.0,0.0,0.0,0.0,0.0,0.0,0.0,0.0,0.0,T14,4
YouTube::@ruizrodriguezdavid,YouTube,1,5,0,0,0,1,0,0,0,0,0,0,1,1,0,1,0,0,0,0,0,0,0,0,1,0,0,0.0,0.0,0.0,20.0,0.0,0.0,0.0,0.0,0.0,0.0,20.0,20.0,0.0,20.0,0.0,0.0,0.0,0.0,0.0,0.0,0.0,0.0,20.0,0.0,0.0,T22,1
YouTube::@rupertmendez9984,YouTube,1,3,0,0,0,0,1,0,0,0,0,0,0,0,1,1,0,0,0,0,0,0,0,0,0,0,0,0.0,0.0,0.0,0.0,33.3,0.0,0.0,0.0,0.0,0.0,0.0,0.0,33.3,33.3,0.0,0.0,0.0,0.0,0.0,0.0,0.0,0.0,0.0,0.0,0.0,T13,1
YouTube::@ruthgomez3960,YouTube,2,9,0,0,0,0,0,1,4,1,0,0,0,0,0,0,0,0,0,0,0,0,0,2,1,0,0,0.0,0.0,0.0,0.0,0.0,11.1,44.4,11.1,0.0,0.0,0.0,0.0,0.0,0.0,0.0,0.0,0.0,0.0,0.0,0.0,0.0,22.2,11.1,0.0,0.0,T06,4
YouTube::@salas254,YouTube,1,8,0,0,0,0,0,3,1,1,0,0,0,0,1,0,0,0,0,1,0,1,0,0,0,0,0,0.0,0.0,0.0,0.0,0.0,37.5,12.5,12.5,0.0,0.0,0.0,0.0,12.5,0.0,0.0,0.0,0.0,12.5,0.0,12.5,0.0,0.0,0.0,0.0,0.0,T05,3
YouTube::@salvadorbarbagomez4799,YouTube,1,1,0,1,0,0,0,0,0,0,0,0,0,0,0,0,0,0,0,0,0,0,0,0,0,0,0,0.0,100.0,0.0,0.0,0.0,0.0,0.0,0.0,0.0,0.0,0.0,0.0,0.0,0.0,0.0,0.0,0.0,0.0,0.0,0.0,0.0,0.0,0.0,0.0,0.0,T01,1
YouTube::@salvadorcortezvalencia7685,YouTube,1,1,0,0,0,0,0,0,0,0,0,0,0,0,0,1,0,0,0,0,0,0,0,0,0,0,0,0.0,0.0,0.0,0.0,0.0,0.0,0.0,0.0,0.0,0.0,0.0,0.0,0.0,100.0,0.0,0.0,0.0,0.0,0.0,0.0,0.0,0.0,0.0,0.0,0.0,T13,1
YouTube::@salvadorgonzalez-xi9oc,YouTube,1,2,0,0,0,0,0,0,0,0,0,0,0,0,0,1,0,0,0,0,0,0,1,0,0,0,0,0.0,0.0,0.0,0.0,0.0,0.0,0.0,0.0,0.0,0.0,0.0,0.0,0.0,50.0,0.0,0.0,0.0,0.0,0.0,0.0,50.0,0.0,0.0,0.0,0.0,T20,1
YouTube::@salvadorrangelpalacios9327,YouTube,1,2,0,0,0,0,0,0,0,1,0,0,1,0,0,0,0,0,0,0,0,0,0,0,0,0,0,0.0,0.0,0.0,0.0,0.0,0.0,0.0,50.0,0.0,0.0,50.0,0.0,0.0,0.0,0.0,0.0,0.0,0.0,0.0,0.0,0.0,0.0,0.0,0.0,0.0,T10,1
YouTube::@samiamendoza2332,YouTube,1,15,0,0,0,0,0,1,4,0,1,1,0,0,4,1,1,0,0,0,0,0,0,0,1,1,0,0.0,0.0,0.0,0.0,0.0,6.7,26.7,0.0,6.7,6.7,0.0,0.0,26.7,6.7,6.7,0.0,0.0,0.0,0.0,0.0,0.0,0.0,6.7,6.7,0.0,T06,4
YouTube::@samuelramos7917,YouTube,1,9,0,0,0,0,0,1,0,0,2,0,0,1,0,1,0,0,0,1,0,1,0,2,0,0,0,0.0,0.0,0.0,0.0,0.0,11.1,0.0,0.0,22.2,0.0,0.0,11.1,0.0,11.1,0.0,0.0,0.0,11.1,0.0,11.1,0.0,22.2,0.0,0.0,0.0,T08,2
YouTube::@sandraauroracruzcravioto4932,YouTube,1,1,0,0,0,0,0,0,0,0,1,0,0,0,0,0,0,0,0,0,0,0,0,0,0,0,0,0.0,0.0,0.0,0.0,0.0,0.0,0.0,0.0,100.0,0.0,0.0,0.0,0.0,0.0,0.0,0.0,0.0,0.0,0.0,0.0,0.0,0.0,0.0,0.0,0.0,T08,1
YouTube::@sandraramones3863,YouTube,1,11,0,0,0,0,0,2,4,0,0,0,0,0,0,1,2,0,1,0,0,0,0,1,0,0,0,0.0,0.0,0.0,0.0,0.0,18.2,36.4,0.0,0.0,0.0,0.0,0.0,0.0,9.1,18.2,0.0,9.1,0.0,0.0,0.0,0.0,9.1,0.0,0.0,0.0,T06,4
YouTube::@santiagocabrera2669,YouTube,1,5,0,0,0,0,0,0,1,0,3,0,0,1,0,0,0,0,0,0,0,0,0,0,0,0,0,0.0,0.0,0.0,0.0,0.0,0.0,20.0,0.0,60.0,0.0,0.0,20.0,0.0,0.0,0.0,0.0,0.0,0.0,0.0,0.0,0.0,0.0,0.0,0.0,0.0,T08,3
YouTube::@saraibanezcastillo6090,YouTube,1,5,0,0,0,0,0,1,3,0,0,0,0,0,0,0,0,0,0,0,0,0,0,0,1,0,0,0.0,0.0,0.0,0.0,0.0,20.0,60.0,0.0,0.0,0.0,0.0,0.0,0.0,0.0,0.0,0.0,0.0,0.0,0.0,0.0,0.0,0.0,20.0,0.0,0.0,T06,3
YouTube::@saraideleon2459,YouTube,1,11,1,0,0,0,0,1,3,0,1,1,0,0,0,0,0,0,2,0,0,0,0,1,1,0,0,9.1,0.0,0.0,0.0,0.0,9.1,27.3,0.0,9.1,9.1,0.0,0.0,0.0,0.0,0.0,0.0,18.2,0.0,0.0,0.0,0.0,9.1,9.1,0.0,0.0,T06,3
YouTube::@saravillarreal7626,YouTube,1,1,0,0,0,0,0,0,0,0,0,1,0,0,0,0,0,0,0,0,0,0,0,0,0,0,0,0.0,0.0,0.0,0.0,0.0,0.0,0.0,0.0,0.0,100.0,0.0,0.0,0.0,0.0,0.0,0.0,0.0,0.0,0.0,0.0,0.0,0.0,0.0,0.0,0.0,T09,1
YouTube::@sarazavalaguiza,YouTube,1,8,0,0,0,0,1,0,6,0,0,0,0,0,0,0,0,0,0,0,0,1,0,0,0,0,0,0.0,0.0,0.0,0.0,12.5,0.0,75.0,0.0,0.0,0.0,0.0,0.0,0.0,0.0,0.0,0.0,0.0,0.0,0.0,12.5,0.0,0.0,0.0,0.0,0.0,T06,6
YouTube::@satoshi093,YouTube,1,2,0,0,0,0,0,0,1,1,0,0,0,0,0,0,0,0,0,0,0,0,0,0,0,0,0,0.0,0.0,0.0,0.0,0.0,0.0,50.0,50.0,0.0,0.0,0.0,0.0,0.0,0.0,0.0,0.0,0.0,0.0,0.0,0.0,0.0,0.0,0.0,0.0,0.0,T06,1
YouTube::@saullunajr1219,YouTube,1,5,0,0,0,0,0,1,1,1,0,0,0,0,0,0,1,0,0,0,0,0,0,0,0,1,0,0.0,0.0,0.0,0.0,0.0,20.0,20.0,20.0,0.0,0.0,0.0,0.0,0.0,0.0,20.0,0.0,0.0,0.0,0.0,0.0,0.0,0.0,0.0,20.0,0.0,T06,1
YouTube::@sbg-r2c,YouTube,2,8,0,0,0,1,0,0,5,0,0,0,0,0,0,0,1,1,0,0,0,0,0,0,0,0,0,0.0,0.0,0.0,12.5,0.0,0.0,62.5,0.0,0.0,0.0,0.0,0.0,0.0,0.0,12.5,12.5,0.0,0.0,0.0,0.0,0.0,0.0,0.0,0.0,0.0,T06,5
YouTube::@sebastianalvarez4401,YouTube,1,1,0,0,0,0,0,0,0,0,1,0,0,0,0,0,0,0,0,0,0,0,0,0,0,0,0,0.0,0.0,0.0,0.0,0.0,0.0,0.0,0.0,100.0,0.0,0.0,0.0,0.0,0.0,0.0,0.0,0.0,0.0,0.0,0.0,0.0,0.0,0.0,0.0,0.0,T08,1
YouTube::@seberusscumplido6963,YouTube,1,2,0,0,0,0,0,0,1,0,0,0,0,0,0,0,0,0,0,0,0,0,1,0,0,0,0,0.0,0.0,0.0,0.0,0.0,0.0,50.0,0.0,0.0,0.0,0.0,0.0,0.0,0.0,0.0,0.0,0.0,0.0,0.0,0.0,50.0,0.0,0.0,0.0,0.0,T06,1
YouTube::@seferinaxd4138,YouTube,1,3,0,0,0,0,0,1,1,0,0,0,0,0,0,0,0,0,0,0,0,0,1,0,0,0,0,0.0,0.0,0.0,0.0,0.0,33.3,33.3,0.0,0.0,0.0,0.0,0.0,0.0,0.0,0.0,0.0,0.0,0.0,0.0,0.0,33.3,0.0,0.0,0.0,0.0,T06,1
YouTube::@seguridadprivadaMultiservicosP,YouTube,1,5,0,0,0,1,0,0,2,0,1,1,0,0,0,0,0,0,0,0,0,0,0,0,0,0,0,0.0,0.0,0.0,20.0,0.0,0.0,40.0,0.0,20.0,20.0,0.0,0.0,0.0,0.0,0.0,0.0,0.0,0.0,0.0,0.0,0.0,0.0,0.0,0.0,0.0,T06,2
YouTube::@selesel681,YouTube,1,3,0,0,0,0,0,0,1,0,0,0,0,0,0,0,1,0,0,0,0,0,0,1,0,0,0,0.0,0.0,0.0,0.0,0.0,0.0,33.3,0.0,0.0,0.0,0.0,0.0,0.0,0.0,33.3,0.0,0.0,0.0,0.0,0.0,0.0,33.3,0.0,0.0,0.0,T14,1
YouTube::@sergioalbertofloresgarnica4072,YouTube,1,1,0,0,0,0,0,0,0,0,0,0,0,0,0,0,0,0,0,0,0,0,0,0,1,0,0,0.0,0.0,0.0,0.0,0.0,0.0,0.0,0.0,0.0,0.0,0.0,0.0,0.0,0.0,0.0,0.0,0.0,0.0,0.0,0.0,0.0,0.0,100.0,0.0,0.0,T22,1
YouTube::@sergiodiaz7112,YouTube,1,2,0,0,0,0,0,0,0,0,0,0,0,1,0,0,0,0,0,0,0,0,0,1,0,0,0,0.0,0.0,0.0,0.0,0.0,0.0,0.0,0.0,0.0,0.0,0.0,50.0,0.0,0.0,0.0,0.0,0.0,0.0,0.0,0.0,0.0,50.0,0.0,0.0,0.0,T21,1
YouTube::@sergioestrella9690,YouTube,1,0,0,0,0,0,0,0,0,0,0,0,0,0,0,0,0,0,0,0,0,0,0,0,0,0,0,0.0,0.0,0.0,0.0,0.0,0.0,0.0,0.0,0.0,0.0,0.0,0.0,0.0,0.0,0.0,0.0,0.0,0.0,0.0,0.0,0.0,0.0,0.0,0.0,0.0,,0
YouTube::@sergiogarcia2323,YouTube,1,2,0,0,0,0,0,0,0,0,0,0,0,0,0,1,0,0,0,0,0,1,0,0,0,0,0,0.0,0.0,0.0,0.0,0.0,0.0,0.0,0.0,0.0,0.0,0.0,0.0,0.0,50.0,0.0,0.0,0.0,0.0,0.0,50.0,0.0,0.0,0.0,0.0,0.0,T13,1
YouTube::@sergiomora626,YouTube,1,7,0,0,1,0,1,0,0,0,1,0,1,0,0,0,0,0,0,0,0,0,0,2,0,1,0,0.0,0.0,14.3,0.0,14.3,0.0,0.0,0.0,14.3,0.0,14.3,0.0,0.0,0.0,0.0,0.0,0.0,0.0,0.0,0.0,0.0,28.6,0.0,14.3,0.0,T21,2
YouTube::@serranot4796,YouTube,2,5,0,0,0,0,0,0,1,0,0,0,0,0,0,0,1,0,0,0,0,0,0,2,1,0,0,0.0,0.0,0.0,0.0,0.0,0.0,20.0,0.0,0.0,0.0,0.0,0.0,0.0,0.0,20.0,0.0,0.0,0.0,0.0,0.0,0.0,40.0,20.0,0.0,0.0,T21,2
YouTube::@señor-minuto,YouTube,1,4,0,0,0,0,0,0,2,0,0,0,0,0,0,0,0,0,0,0,1,0,0,0,1,0,0,0.0,0.0,0.0,0.0,0.0,0.0,50.0,0.0,0.0,0.0,0.0,0.0,0.0,0.0,0.0,0.0,0.0,0.0,25.0,0.0,0.0,0.0,25.0,0.0,0.0,T06,2
YouTube::@shadowmxli,YouTube,1,29,0,0,0,1,4,1,4,1,0,3,0,2,1,2,1,2,1,0,1,0,0,4,0,1,0,0.0,0.0,0.0,3.4,13.8,3.4,13.8,3.4,0.0,10.3,0.0,6.9,3.4,6.9,3.4,6.9,3.4,0.0,3.4,0.0,0.0,13.8,0.0,3.4,0.0,T21,4
YouTube::@shaimedutornell8942,YouTube,1,4,0,0,0,0,0,0,0,1,0,0,1,0,0,1,0,0,0,0,0,0,0,1,0,0,0,0.0,0.0,0.0,0.0,0.0,0.0,0.0,25.0,0.0,0.0,25.0,0.0,0.0,25.0,0.0,0.0,0.0,0.0,0.0,0.0,0.0,25.0,0.0,0.0,0.0,T07,1
YouTube::@shalom7732,YouTube,1,7,0,0,0,0,0,1,3,0,0,0,0,0,0,1,0,0,0,0,0,0,0,1,1,0,0,0.0,0.0,0.0,0.0,0.0,14.3,42.9,0.0,0.0,0.0,0.0,0.0,0.0,14.3,0.0,0.0,0.0,0.0,0.0,0.0,0.0,14.3,14.3,0.0,0.0,T06,3
YouTube::@sheilabonilla1546,YouTube,1,5,0,0,0,0,1,1,1,0,0,0,0,0,0,0,1,0,0,0,0,0,0,1,0,0,0,0.0,0.0,0.0,0.0,20.0,20.0,20.0,0.0,0.0,0.0,0.0,0.0,0.0,0.0,20.0,0.0,0.0,0.0,0.0,0.0,0.0,20.0,0.0,0.0,0.0,T14,1
YouTube::@shinok938,YouTube,1,4,0,0,0,0,0,0,2,0,0,0,0,0,0,1,0,0,0,0,0,0,0,0,1,0,0,0.0,0.0,0.0,0.0,0.0,0.0,50.0,0.0,0.0,0.0,0.0,0.0,0.0,25.0,0.0,0.0,0.0,0.0,0.0,0.0,0.0,0.0,25.0,0.0,0.0,T06,2
YouTube::@sicmundus5,YouTube,1,3,0,0,0,0,0,0,2,0,0,0,0,0,0,0,0,0,0,0,0,0,0,1,0,0,0,0.0,0.0,0.0,0.0,0.0,0.0,66.7,0.0,0.0,0.0,0.0,0.0,0.0,0.0,0.0,0.0,0.0,0.0,0.0,0.0,0.0,33.3,0.0,0.0,0.0,T06,2
YouTube::@silgs8038,YouTube,1,1,0,0,0,0,0,0,1,0,0,0,0,0,0,0,0,0,0,0,0,0,0,0,0,0,0,0.0,0.0,0.0,0.0,0.0,0.0,100.0,0.0,0.0,0.0,0.0,0.0,0.0,0.0,0.0,0.0,0.0,0.0,0.0,0.0,0.0,0.0,0.0,0.0,0.0,T06,1
YouTube::@silviacastillo3681,YouTube,1,5,0,0,0,0,1,0,1,0,0,0,0,0,0,2,0,0,0,0,0,0,1,0,0,0,0,0.0,0.0,0.0,0.0,20.0,0.0,20.0,0.0,0.0,0.0,0.0,0.0,0.0,40.0,0.0,0.0,0.0,0.0,0.0,0.0,20.0,0.0,0.0,0.0,0.0,T13,2
YouTube::@silviasilvia2684,YouTube,1,5,0,0,0,0,0,0,2,0,0,0,0,0,0,0,1,1,0,0,0,0,0,0,1,0,0,0.0,0.0,0.0,0.0,0.0,0.0,40.0,0.0,0.0,0.0,0.0,0.0,0.0,0.0,20.0,20.0,0.0,0.0,0.0,0.0,0.0,0.0,20.0,0.0,0.0,T06,2
YouTube::@silvinotellez4664,YouTube,1,4,0,0,0,0,0,1,2,0,0,0,0,0,0,0,0,0,0,0,0,0,1,0,0,0,0,0.0,0.0,0.0,0.0,0.0,25.0,50.0,0.0,0.0,0.0,0.0,0.0,0.0,0.0,0.0,0.0,0.0,0.0,0.0,0.0,25.0,0.0,0.0,0.0,0.0,T06,2
YouTube::@simonagutierrez5876,YouTube,1,0,0,0,0,0,0,0,0,0,0,0,0,0,0,0,0,0,0,0,0,0,0,0,0,0,0,0.0,0.0,0.0,0.0,0.0,0.0,0.0,0.0,0.0,0.0,0.0,0.0,0.0,0.0,0.0,0.0,0.0,0.0,0.0,0.0,0.0,0.0,0.0,0.0,0.0,,0
YouTube::@simonhernandezortega2819,YouTube,1,2,0,0,0,0,0,0,2,0,0,0,0,0,0,0,0,0,0,0,0,0,0,0,0,0,0,0.0,0.0,0.0,0.0,0.0,0.0,100.0,0.0,0.0,0.0,0.0,0.0,0.0,0.0,0.0,0.0,0.0,0.0,0.0,0.0,0.0,0.0,0.0,0.0,0.0,T06,2
YouTube::@siquepasa1886,YouTube,1,7,1,0,0,0,0,1,0,0,1,0,0,2,0,0,0,0,0,0,0,0,1,0,1,0,0,14.3,0.0,0.0,0.0,0.0,14.3,0.0,0.0,14.3,0.0,0.0,28.6,0.0,0.0,0.0,0.0,0.0,0.0,0.0,0.0,14.3,0.0,14.3,0.0,0.0,T11,2
YouTube::@slherrera2541,YouTube,1,4,0,0,0,0,1,0,1,0,0,0,0,0,0,0,0,0,0,0,0,0,0,1,0,0,1,0.0,0.0,0.0,0.0,25.0,0.0,25.0,0.0,0.0,0.0,0.0,0.0,0.0,0.0,0.0,0.0,0.0,0.0,0.0,0.0,0.0,25.0,0.0,0.0,25.0,T21,1
YouTube::@slifer2639,YouTube,1,2,0,0,0,2,0,0,0,0,0,0,0,0,0,0,0,0,0,0,0,0,0,0,0,0,0,0.0,0.0,0.0,100.0,0.0,0.0,0.0,0.0,0.0,0.0,0.0,0.0,0.0,0.0,0.0,0.0,0.0,0.0,0.0,0.0,0.0,0.0,0.0,0.0,0.0,T03,2
YouTube::@sniperghost19920123,YouTube,1,3,0,0,0,2,0,0,0,0,0,0,0,0,0,0,1,0,0,0,0,0,0,0,0,0,0,0.0,0.0,0.0,66.7,0.0,0.0,0.0,0.0,0.0,0.0,0.0,0.0,0.0,0.0,33.3,0.0,0.0,0.0,0.0,0.0,0.0,0.0,0.0,0.0,0.0,T03,2
YouTube::@socorroramirez7092,YouTube,1,2,0,0,0,0,0,0,0,0,0,1,0,0,0,0,1,0,0,0,0,0,0,0,0,0,0,0.0,0.0,0.0,0.0,0.0,0.0,0.0,0.0,0.0,50.0,0.0,0.0,0.0,0.0,50.0,0.0,0.0,0.0,0.0,0.0,0.0,0.0,0.0,0.0,0.0,T14,1
YouTube::@soniae6029,YouTube,1,4,0,0,0,0,0,0,2,0,0,0,0,0,0,0,0,0,0,0,0,0,0,2,0,0,0,0.0,0.0,0.0,0.0,0.0,0.0,50.0,0.0,0.0,0.0,0.0,0.0,0.0,0.0,0.0,0.0,0.0,0.0,0.0,0.0,0.0,50.0,0.0,0.0,0.0,T21,2
YouTube::@soniapadilla210,YouTube,1,3,0,0,0,0,0,1,0,0,0,0,1,0,0,0,0,0,0,0,0,1,0,0,0,0,0,0.0,0.0,0.0,0.0,0.0,33.3,0.0,0.0,0.0,0.0,33.3,0.0,0.0,0.0,0.0,0.0,0.0,0.0,0.0,33.3,0.0,0.0,0.0,0.0,0.0,T05,1
YouTube::@soniaperales540,YouTube,1,4,0,0,0,0,0,0,0,1,0,0,0,0,0,0,0,0,0,0,0,1,0,0,0,2,0,0.0,0.0,0.0,0.0,0.0,0.0,0.0,25.0,0.0,0.0,0.0,0.0,0.0,0.0,0.0,0.0,0.0,0.0,0.0,25.0,0.0,0.0,0.0,50.0,0.0,T23,2
YouTube::@soniavelazquez8112,YouTube,1,2,0,0,0,0,0,0,0,0,0,0,0,0,0,0,0,0,0,0,0,0,0,1,1,0,0,0.0,0.0,0.0,0.0,0.0,0.0,0.0,0.0,0.0,0.0,0.0,0.0,0.0,0.0,0.0,0.0,0.0,0.0,0.0,0.0,0.0,50.0,50.0,0.0,0.0,T22,1
YouTube::@soniazarza6184,YouTube,1,3,0,0,0,0,1,0,1,0,0,0,0,0,0,0,0,0,0,0,0,0,1,0,0,0,0,0.0,0.0,0.0,0.0,33.3,0.0,33.3,0.0,0.0,0.0,0.0,0.0,0.0,0.0,0.0,0.0,0.0,0.0,0.0,0.0,33.3,0.0,0.0,0.0,0.0,T04,1
YouTube::@soydelaudenlmexico8420,YouTube,1,0,0,0,0,0,0,0,0,0,0,0,0,0,0,0,0,0,0,0,0,0,0,0,0,0,0,0.0,0.0,0.0,0.0,0.0,0.0,0.0,0.0,0.0,0.0,0.0,0.0,0.0,0.0,0.0,0.0,0.0,0.0,0.0,0.0,0.0,0.0,0.0,0.0,0.0,,0
YouTube::@soyelrey1,YouTube,1,4,0,0,0,1,0,0,2,0,0,0,0,0,0,1,0,0,0,0,0,0,0,0,0,0,0,0.0,0.0,0.0,25.0,0.0,0.0,50.0,0.0,0.0,0.0,0.0,0.0,0.0,25.0,0.0,0.0,0.0,0.0,0.0,0.0,0.0,0.0,0.0,0.0,0.0,T06,2
YouTube::@spicysith9627,YouTube,1,10,0,0,0,0,1,0,4,0,1,0,0,1,2,0,0,1,0,0,0,0,0,0,0,0,0,0.0,0.0,0.0,0.0,10.0,0.0,40.0,0.0,10.0,0.0,0.0,10.0,20.0,0.0,0.0,10.0,0.0,0.0,0.0,0.0,0.0,0.0,0.0,0.0,0.0,T06,4
YouTube::@ssoyluz20,YouTube,1,22,0,0,0,1,0,1,6,1,0,2,0,1,3,0,0,0,0,1,2,0,0,2,1,0,1,0.0,0.0,0.0,4.5,0.0,4.5,27.3,4.5,0.0,9.1,0.0,4.5,13.6,0.0,0.0,0.0,0.0,4.5,9.1,0.0,0.0,9.1,4.5,0.0,4.5,T06,6
YouTube::@stefanicastillo3307,YouTube,1,7,0,0,0,1,0,0,5,0,0,0,0,0,0,0,0,1,0,0,0,0,0,0,0,0,0,0.0,0.0,0.0,14.3,0.0,0.0,71.4,0.0,0.0,0.0,0.0,0.0,0.0,0.0,0.0,14.3,0.0,0.0,0.0,0.0,0.0,0.0,0.0,0.0,0.0,T06,5
YouTube::@sunyarelychemaramirez9425,YouTube,3,18,0,1,2,0,1,1,6,0,0,0,1,0,0,3,0,0,0,0,0,1,0,2,0,0,0,0.0,5.6,11.1,0.0,5.6,5.6,33.3,0.0,0.0,0.0,5.6,0.0,0.0,16.7,0.0,0.0,0.0,0.0,0.0,5.6,0.0,11.1,0.0,0.0,0.0,T06,6
YouTube::@supersonicgamer1551,YouTube,1,13,0,0,0,0,0,0,5,0,0,1,0,5,0,0,0,0,0,0,0,0,0,1,1,0,0,0.0,0.0,0.0,0.0,0.0,0.0,38.5,0.0,0.0,7.7,0.0,38.5,0.0,0.0,0.0,0.0,0.0,0.0,0.0,0.0,0.0,7.7,7.7,0.0,0.0,T06,5
YouTube::@superspeeddraw,YouTube,1,0,0,0,0,0,0,0,0,0,0,0,0,0,0,0,0,0,0,0,0,0,0,0,0,0,0,0.0,0.0,0.0,0.0,0.0,0.0,0.0,0.0,0.0,0.0,0.0,0.0,0.0,0.0,0.0,0.0,0.0,0.0,0.0,0.0,0.0,0.0,0.0,0.0,0.0,,0
YouTube::@susanaedithguzmanjuarez774,YouTube,1,3,0,0,0,0,0,0,2,0,0,0,0,0,0,0,0,1,0,0,0,0,0,0,0,0,0,0.0,0.0,0.0,0.0,0.0,0.0,66.7,0.0,0.0,0.0,0.0,0.0,0.0,0.0,0.0,33.3,0.0,0.0,0.0,0.0,0.0,0.0,0.0,0.0,0.0,T06,2
YouTube::@susanareyes1194,YouTube,1,8,1,0,0,0,2,0,1,0,1,0,1,0,0,0,0,0,0,0,0,0,0,0,1,1,0,12.5,0.0,0.0,0.0,25.0,0.0,12.5,0.0,12.5,0.0,12.5,0.0,0.0,0.0,0.0,0.0,0.0,0.0,0.0,0.0,0.0,0.0,12.5,12.5,0.0,T04,2
YouTube::@susanavalencia964,YouTube,1,6,0,0,0,0,0,0,0,0,0,0,1,2,0,0,0,0,0,0,0,0,0,3,0,0,0,0.0,0.0,0.0,0.0,0.0,0.0,0.0,0.0,0.0,0.0,16.7,33.3,0.0,0.0,0.0,0.0,0.0,0.0,0.0,0.0,0.0,50.0,0.0,0.0,0.0,T21,3
YouTube::@sussymm9245,YouTube,1,1,0,0,0,0,0,0,0,0,0,0,1,0,0,0,0,0,0,0,0,0,0,0,0,0,0,0.0,0.0,0.0,0.0,0.0,0.0,0.0,0.0,0.0,0.0,100.0,0.0,0.0,0.0,0.0,0.0,0.0,0.0,0.0,0.0,0.0,0.0,0.0,0.0,0.0,T10,1
YouTube::@susyPonce-hp1zq,YouTube,1,3,0,0,0,0,0,0,1,0,0,1,0,0,0,0,0,0,0,0,0,1,0,0,0,0,0,0.0,0.0,0.0,0.0,0.0,0.0,33.3,0.0,0.0,33.3,0.0,0.0,0.0,0.0,0.0,0.0,0.0,0.0,0.0,33.3,0.0,0.0,0.0,0.0,0.0,T09,1
YouTube::@tacos_56642,YouTube,1,1,0,0,0,0,1,0,0,0,0,0,0,0,0,0,0,0,0,0,0,0,0,0,0,0,0,0.0,0.0,0.0,0.0,100.0,0.0,0.0,0.0,0.0,0.0,0.0,0.0,0.0,0.0,0.0,0.0,0.0,0.0,0.0,0.0,0.0,0.0,0.0,0.0,0.0,T04,1
YouTube::@tairyaguero5873,YouTube,1,17,0,0,0,1,0,1,9,0,2,0,0,0,2,0,0,0,0,0,0,0,1,0,0,0,1,0.0,0.0,0.0,5.9,0.0,5.9,52.9,0.0,11.8,0.0,0.0,0.0,11.8,0.0,0.0,0.0,0.0,0.0,0.0,0.0,5.9,0.0,0.0,0.0,5.9,T06,9
YouTube::@tapatia6829,YouTube,3,14,0,0,1,2,0,2,0,0,0,0,4,0,0,1,0,0,0,1,0,0,0,0,3,0,0,0.0,0.0,7.1,14.3,0.0,14.3,0.0,0.0,0.0,0.0,28.6,0.0,0.0,7.1,0.0,0.0,0.0,7.1,0.0,0.0,0.0,0.0,21.4,0.0,0.0,T10,4
YouTube::@tareasmaestragaby1874,YouTube,1,6,0,0,0,0,2,1,1,0,0,0,1,1,0,0,0,0,0,0,0,0,0,0,0,0,0,0.0,0.0,0.0,0.0,33.3,16.7,16.7,0.0,0.0,0.0,16.7,16.7,0.0,0.0,0.0,0.0,0.0,0.0,0.0,0.0,0.0,0.0,0.0,0.0,0.0,T04,2
YouTube::@teculeo_,YouTube,1,10,0,1,0,2,0,0,0,0,0,0,0,1,1,0,3,0,0,0,1,0,0,0,0,0,1,0.0,10.0,0.0,20.0,0.0,0.0,0.0,0.0,0.0,0.0,0.0,10.0,10.0,0.0,30.0,0.0,0.0,0.0,10.0,0.0,0.0,0.0,0.0,0.0,10.0,T14,3
YouTube::@tereobregon708,YouTube,1,3,0,0,0,0,0,0,0,0,1,0,0,0,0,0,0,0,0,0,0,0,0,1,1,0,0,0.0,0.0,0.0,0.0,0.0,0.0,0.0,0.0,33.3,0.0,0.0,0.0,0.0,0.0,0.0,0.0,0.0,0.0,0.0,0.0,0.0,33.3,33.3,0.0,0.0,T22,1
YouTube::@teresacastillo1099,YouTube,1,5,0,0,0,0,0,1,0,0,1,0,0,1,0,0,0,0,0,0,0,0,0,1,1,0,0,0.0,0.0,0.0,0.0,0.0,20.0,0.0,0.0,20.0,0.0,0.0,20.0,0.0,0.0,0.0,0.0,0.0,0.0,0.0,0.0,0.0,20.0,20.0,0.0,0.0,T05,1
YouTube::@teresamarcos2333,YouTube,1,7,0,0,0,0,0,0,0,1,0,0,0,1,0,0,0,0,0,0,1,0,1,2,1,0,0,0.0,0.0,0.0,0.0,0.0,0.0,0.0,14.3,0.0,0.0,0.0,14.3,0.0,0.0,0.0,0.0,0.0,0.0,14.3,0.0,14.3,28.6,14.3,0.0,0.0,T21,2
YouTube::@teresitacancela7956,YouTube,1,8,0,0,0,0,0,0,1,0,1,1,0,1,0,0,0,0,0,0,0,0,1,3,0,0,0,0.0,0.0,0.0,0.0,0.0,0.0,12.5,0.0,12.5,12.5,0.0,12.5,0.0,0.0,0.0,0.0,0.0,0.0,0.0,0.0,12.5,37.5,0.0,0.0,0.0,T21,3
YouTube::@the_reverent_with_guns,YouTube,1,6,0,0,0,0,0,0,1,0,0,3,0,0,0,0,1,0,0,0,0,0,0,0,0,1,0,0.0,0.0,0.0,0.0,0.0,0.0,16.7,0.0,0.0,50.0,0.0,0.0,0.0,0.0,16.7,0.0,0.0,0.0,0.0,0.0,0.0,0.0,0.0,16.7,0.0,T09,3
YouTube::@thefrankkogames2868,YouTube,1,2,0,0,0,0,0,0,1,0,1,0,0,0,0,0,0,0,0,0,0,0,0,0,0,0,0,0.0,0.0,0.0,0.0,0.0,0.0,50.0,0.0,50.0,0.0,0.0,0.0,0.0,0.0,0.0,0.0,0.0,0.0,0.0,0.0,0.0,0.0,0.0,0.0,0.0,T06,1
YouTube::@thelmaberenicesanchezfigue9612,YouTube,1,1,0,0,0,0,0,0,1,0,0,0,0,0,0,0,0,0,0,0,0,0,0,0,0,0,0,0.0,0.0,0.0,0.0,0.0,0.0,100.0,0.0,0.0,0.0,0.0,0.0,0.0,0.0,0.0,0.0,0.0,0.0,0.0,0.0,0.0,0.0,0.0,0.0,0.0,T06,1
YouTube::@thepantherpink7142,YouTube,1,5,0,0,0,0,0,1,1,0,0,1,0,0,0,0,0,0,0,1,0,0,0,0,1,0,0,0.0,0.0,0.0,0.0,0.0,20.0,20.0,0.0,0.0,20.0,0.0,0.0,0.0,0.0,0.0,0.0,0.0,20.0,0.0,0.0,0.0,0.0,20.0,0.0,0.0,T22,1
YouTube::@theshadowultra4134,YouTube,1,4,0,0,0,0,0,0,3,0,0,0,0,0,0,0,1,0,0,0,0,0,0,0,0,0,0,0.0,0.0,0.0,0.0,0.0,0.0,75.0,0.0,0.0,0.0,0.0,0.0,0.0,0.0,25.0,0.0,0.0,0.0,0.0,0.0,0.0,0.0,0.0,0.0,0.0,T06,3
YouTube::@tiger-v5k9r,YouTube,1,1,0,0,0,0,0,0,0,0,0,0,0,0,0,0,0,0,0,0,1,0,0,0,0,0,0,0.0,0.0,0.0,0.0,0.0,0.0,0.0,0.0,0.0,0.0,0.0,0.0,0.0,0.0,0.0,0.0,0.0,0.0,100.0,0.0,0.0,0.0,0.0,0.0,0.0,T18,1
YouTube::@tikonstein,YouTube,1,1,0,0,0,0,0,0,0,0,0,0,1,0,0,0,0,0,0,0,0,0,0,0,0,0,0,0.0,0.0,0.0,0.0,0.0,0.0,0.0,0.0,0.0,0.0,100.0,0.0,0.0,0.0,0.0,0.0,0.0,0.0,0.0,0.0,0.0,0.0,0.0,0.0,0.0,T10,1
YouTube::@tinygala2510,YouTube,1,3,0,0,0,0,0,0,2,0,0,0,0,0,0,0,0,0,0,0,0,0,0,0,1,0,0,0.0,0.0,0.0,0.0,0.0,0.0,66.7,0.0,0.0,0.0,0.0,0.0,0.0,0.0,0.0,0.0,0.0,0.0,0.0,0.0,0.0,0.0,33.3,0.0,0.0,T06,2
YouTube::@titagaytan3575,YouTube,1,1,0,0,0,0,0,0,1,0,0,0,0,0,0,0,0,0,0,0,0,0,0,0,0,0,0,0.0,0.0,0.0,0.0,0.0,0.0,100.0,0.0,0.0,0.0,0.0,0.0,0.0,0.0,0.0,0.0,0.0,0.0,0.0,0.0,0.0,0.0,0.0,0.0,0.0,T06,1
YouTube::@toctocgreen,YouTube,1,9,0,0,0,0,0,0,6,0,0,0,0,0,0,1,0,0,0,0,0,0,2,0,0,0,0,0.0,0.0,0.0,0.0,0.0,0.0,66.7,0.0,0.0,0.0,0.0,0.0,0.0,11.1,0.0,0.0,0.0,0.0,0.0,0.0,22.2,0.0,0.0,0.0,0.0,T06,6
YouTube::@tolapianos,YouTube,2,4,0,0,0,0,0,0,3,0,0,0,0,0,0,0,0,1,0,0,0,0,0,0,0,0,0,0.0,0.0,0.0,0.0,0.0,0.0,75.0,0.0,0.0,0.0,0.0,0.0,0.0,0.0,0.0,25.0,0.0,0.0,0.0,0.0,0.0,0.0,0.0,0.0,0.0,T06,3
YouTube::@toursequilibrium1427,YouTube,1,2,0,0,0,0,0,0,1,0,0,0,1,0,0,0,0,0,0,0,0,0,0,0,0,0,0,0.0,0.0,0.0,0.0,0.0,0.0,50.0,0.0,0.0,0.0,50.0,0.0,0.0,0.0,0.0,0.0,0.0,0.0,0.0,0.0,0.0,0.0,0.0,0.0,0.0,T06,1
YouTube::@trasfabian,YouTube,1,1,0,0,0,0,0,0,0,0,0,0,0,0,0,0,0,0,0,0,0,0,0,0,1,0,0,0.0,0.0,0.0,0.0,0.0,0.0,0.0,0.0,0.0,0.0,0.0,0.0,0.0,0.0,0.0,0.0,0.0,0.0,0.0,0.0,0.0,0.0,100.0,0.0,0.0,T22,1
YouTube::@trigger-strider015,YouTube,1,11,0,0,0,0,0,0,0,0,1,0,0,0,0,1,0,0,0,1,2,0,1,3,0,0,2,0.0,0.0,0.0,0.0,0.0,0.0,0.0,0.0,9.1,0.0,0.0,0.0,0.0,9.1,0.0,0.0,0.0,9.1,18.2,0.0,9.1,27.3,0.0,0.0,18.2,T21,3
YouTube::@trinidadguadalupesanchezri5945,YouTube,1,7,0,0,1,0,0,0,0,0,0,0,0,0,0,0,0,0,0,0,0,0,0,6,0,0,0,0.0,0.0,14.3,0.0,0.0,0.0,0.0,0.0,0.0,0.0,0.0,0.0,0.0,0.0,0.0,0.0,0.0,0.0,0.0,0.0,0.0,85.7,0.0,0.0,0.0,T21,6
YouTube::@tyc7317,YouTube,1,2,0,0,0,0,0,0,0,0,0,0,0,0,0,0,2,0,0,0,0,0,0,0,0,0,0,0.0,0.0,0.0,0.0,0.0,0.0,0.0,0.0,0.0,0.0,0.0,0.0,0.0,0.0,100.0,0.0,0.0,0.0,0.0,0.0,0.0,0.0,0.0,0.0,0.0,T14,2
YouTube::@uaxaco66,YouTube,1,2,0,0,0,0,0,0,0,0,0,0,0,0,0,1,0,0,0,1,0,0,0,0,0,0,0,0.0,0.0,0.0,0.0,0.0,0.0,0.0,0.0,0.0,0.0,0.0,0.0,0.0,50.0,0.0,0.0,0.0,50.0,0.0,0.0,0.0,0.0,0.0,0.0,0.0,T13,1
YouTube::@ulimore662,YouTube,1,1,0,0,0,0,0,0,1,0,0,0,0,0,0,0,0,0,0,0,0,0,0,0,0,0,0,0.0,0.0,0.0,0.0,0.0,0.0,100.0,0.0,0.0,0.0,0.0,0.0,0.0,0.0,0.0,0.0,0.0,0.0,0.0,0.0,0.0,0.0,0.0,0.0,0.0,T06,1
YouTube::@ulisesramirezmartinez-l2o,YouTube,1,6,0,0,0,0,0,0,2,0,0,0,0,0,0,0,0,0,0,1,0,0,0,2,1,0,0,0.0,0.0,0.0,0.0,0.0,0.0,33.3,0.0,0.0,0.0,0.0,0.0,0.0,0.0,0.0,0.0,0.0,16.7,0.0,0.0,0.0,33.3,16.7,0.0,0.0,T21,2
YouTube::@unammexico-j2e,YouTube,1,19,1,0,1,0,1,4,0,0,0,0,5,0,0,1,0,0,0,0,1,0,0,4,0,1,0,5.3,0.0,5.3,0.0,5.3,21.1,0.0,0.0,0.0,0.0,26.3,0.0,0.0,5.3,0.0,0.0,0.0,0.0,5.3,0.0,0.0,21.1,0.0,5.3,0.0,T10,5
YouTube::@unidos1985,YouTube,1,2,0,0,0,0,0,0,0,0,0,0,0,0,0,0,0,0,0,0,0,0,0,0,2,0,0,0.0,0.0,0.0,0.0,0.0,0.0,0.0,0.0,0.0,0.0,0.0,0.0,0.0,0.0,0.0,0.0,0.0,0.0,0.0,0.0,0.0,0.0,100.0,0.0,0.0,T22,2
YouTube::@unnombregenerico9051,YouTube,2,12,0,0,0,0,0,0,2,0,0,0,2,0,0,2,0,0,0,0,0,0,2,2,0,1,1,0.0,0.0,0.0,0.0,0.0,0.0,16.7,0.0,0.0,0.0,16.7,0.0,0.0,16.7,0.0,0.0,0.0,0.0,0.0,0.0,16.7,16.7,0.0,8.3,8.3,T13,2
YouTube::@unvatoenmoto5988,YouTube,1,5,0,0,0,1,0,0,0,0,1,0,0,1,0,0,1,0,0,1,0,0,0,0,0,0,0,0.0,0.0,0.0,20.0,0.0,0.0,0.0,0.0,20.0,0.0,0.0,20.0,0.0,0.0,20.0,0.0,0.0,20.0,0.0,0.0,0.0,0.0,0.0,0.0,0.0,T17,1
YouTube::@ursulauscangagalicia9435,YouTube,1,5,0,0,0,0,0,0,4,0,1,0,0,0,0,0,0,0,0,0,0,0,0,0,0,0,0,0.0,0.0,0.0,0.0,0.0,0.0,80.0,0.0,20.0,0.0,0.0,0.0,0.0,0.0,0.0,0.0,0.0,0.0,0.0,0.0,0.0,0.0,0.0,0.0,0.0,T06,4
YouTube::@user-bv9sz8ls6t,YouTube,1,3,0,0,0,0,0,0,3,0,0,0,0,0,0,0,0,0,0,0,0,0,0,0,0,0,0,0.0,0.0,0.0,0.0,0.0,0.0,100.0,0.0,0.0,0.0,0.0,0.0,0.0,0.0,0.0,0.0,0.0,0.0,0.0,0.0,0.0,0.0,0.0,0.0,0.0,T06,3
YouTube::@user-eg4tr9gh5e,YouTube,1,2,0,0,0,0,1,0,0,0,0,0,0,1,0,0,0,0,0,0,0,0,0,0,0,0,0,0.0,0.0,0.0,0.0,50.0,0.0,0.0,0.0,0.0,0.0,0.0,50.0,0.0,0.0,0.0,0.0,0.0,0.0,0.0,0.0,0.0,0.0,0.0,0.0,0.0,T04,1
YouTube::@user-gb2ce4zt7y,YouTube,1,4,0,0,0,0,0,1,2,0,0,0,0,0,0,0,0,0,0,0,1,0,0,0,0,0,0,0.0,0.0,0.0,0.0,0.0,25.0,50.0,0.0,0.0,0.0,0.0,0.0,0.0,0.0,0.0,0.0,0.0,0.0,25.0,0.0,0.0,0.0,0.0,0.0,0.0,T06,2
YouTube::@user-qy3my1bp4w,YouTube,1,6,0,0,0,0,0,0,1,1,0,0,0,0,0,0,0,0,0,0,1,1,1,0,0,1,0,0.0,0.0,0.0,0.0,0.0,0.0,16.7,16.7,0.0,0.0,0.0,0.0,0.0,0.0,0.0,0.0,0.0,0.0,16.7,16.7,16.7,0.0,0.0,16.7,0.0,T06,1
YouTube::@user-sd7qn6of7n,YouTube,1,2,0,0,0,0,0,1,0,0,1,0,0,0,0,0,0,0,0,0,0,0,0,0,0,0,0,0.0,0.0,0.0,0.0,0.0,50.0,0.0,0.0,50.0,0.0,0.0,0.0,0.0,0.0,0.0,0.0,0.0,0.0,0.0,0.0,0.0,0.0,0.0,0.0,0.0,T05,1
YouTube::@userbp.5,YouTube,1,2,0,0,1,0,0,0,0,0,0,0,0,0,0,0,0,0,0,0,0,1,0,0,0,0,0,0.0,0.0,50.0,0.0,0.0,0.0,0.0,0.0,0.0,0.0,0.0,0.0,0.0,0.0,0.0,0.0,0.0,0.0,0.0,50.0,0.0,0.0,0.0,0.0,0.0,T02,1
YouTube::@userpandkeks,YouTube,1,3,0,0,0,0,1,0,2,0,0,0,0,0,0,0,0,0,0,0,0,0,0,0,0,0,0,0.0,0.0,0.0,0.0,33.3,0.0,66.7,0.0,0.0,0.0,0.0,0.0,0.0,0.0,0.0,0.0,0.0,0.0,0.0,0.0,0.0,0.0,0.0,0.0,0.0,T06,2
YouTube::@uvaltersanchez5772,YouTube,1,13,0,0,0,0,1,1,1,1,1,0,2,2,1,0,0,0,0,0,0,0,0,1,0,0,2,0.0,0.0,0.0,0.0,7.7,7.7,7.7,7.7,7.7,0.0,15.4,15.4,7.7,0.0,0.0,0.0,0.0,0.0,0.0,0.0,0.0,7.7,0.0,0.0,15.4,T11,2
YouTube::@vaci5358,YouTube,1,5,0,0,0,0,0,0,2,0,0,0,0,1,0,0,0,0,0,0,1,1,0,0,0,0,0,0.0,0.0,0.0,0.0,0.0,0.0,40.0,0.0,0.0,0.0,0.0,20.0,0.0,0.0,0.0,0.0,0.0,0.0,20.0,20.0,0.0,0.0,0.0,0.0,0.0,T06,2
YouTube::@vainillaantares1741,YouTube,1,2,0,0,0,0,0,0,2,0,0,0,0,0,0,0,0,0,0,0,0,0,0,0,0,0,0,0.0,0.0,0.0,0.0,0.0,0.0,100.0,0.0,0.0,0.0,0.0,0.0,0.0,0.0,0.0,0.0,0.0,0.0,0.0,0.0,0.0,0.0,0.0,0.0,0.0,T06,2
YouTube::@valdemarcaballero493,YouTube,1,2,0,0,0,0,0,0,1,1,0,0,0,0,0,0,0,0,0,0,0,0,0,0,0,0,0,0.0,0.0,0.0,0.0,0.0,0.0,50.0,50.0,0.0,0.0,0.0,0.0,0.0,0.0,0.0,0.0,0.0,0.0,0.0,0.0,0.0,0.0,0.0,0.0,0.0,T06,1
YouTube::@valentinaanselmocuellar354,YouTube,1,4,0,0,0,1,0,0,0,0,0,0,1,0,0,0,0,0,0,0,0,0,1,1,0,0,0,0.0,0.0,0.0,25.0,0.0,0.0,0.0,0.0,0.0,0.0,25.0,0.0,0.0,0.0,0.0,0.0,0.0,0.0,0.0,0.0,25.0,25.0,0.0,0.0,0.0,T10,1
YouTube::@valentinasanchezsierra869,YouTube,1,7,0,0,0,0,0,0,0,4,0,0,0,0,0,0,0,0,0,0,0,2,0,0,0,1,0,0.0,0.0,0.0,0.0,0.0,0.0,0.0,57.1,0.0,0.0,0.0,0.0,0.0,0.0,0.0,0.0,0.0,0.0,0.0,28.6,0.0,0.0,0.0,14.3,0.0,T07,4
YouTube::@valuearts8062,YouTube,1,19,0,0,1,0,0,3,6,0,1,1,1,2,0,0,0,1,0,1,1,0,0,0,0,0,1,0.0,0.0,5.3,0.0,0.0,15.8,31.6,0.0,5.3,5.3,5.3,10.5,0.0,0.0,0.0,5.3,0.0,5.3,5.3,0.0,0.0,0.0,0.0,0.0,5.3,T06,6
YouTube::@vasccer3000,YouTube,1,2,0,0,0,0,0,0,1,0,0,0,0,0,0,0,0,0,0,0,0,0,1,0,0,0,0,0.0,0.0,0.0,0.0,0.0,0.0,50.0,0.0,0.0,0.0,0.0,0.0,0.0,0.0,0.0,0.0,0.0,0.0,0.0,0.0,50.0,0.0,0.0,0.0,0.0,T20,1
YouTube::@venancio77,YouTube,1,1,0,0,0,0,0,0,0,0,0,0,0,0,0,0,0,0,0,0,0,0,0,1,0,0,0,0.0,0.0,0.0,0.0,0.0,0.0,0.0,0.0,0.0,0.0,0.0,0.0,0.0,0.0,0.0,0.0,0.0,0.0,0.0,0.0,0.0,100.0,0.0,0.0,0.0,T21,1
YouTube::@verocortes7143,YouTube,1,2,0,1,0,0,0,0,0,0,0,0,0,0,1,0,0,0,0,0,0,0,0,0,0,0,0,0.0,50.0,0.0,0.0,0.0,0.0,0.0,0.0,0.0,0.0,0.0,0.0,50.0,0.0,0.0,0.0,0.0,0.0,0.0,0.0,0.0,0.0,0.0,0.0,0.0,T01,1
YouTube::@veronicacopal8166,YouTube,1,12,1,0,0,0,0,1,5,0,0,0,0,0,1,0,0,0,1,1,1,0,0,0,0,1,0,8.3,0.0,0.0,0.0,0.0,8.3,41.7,0.0,0.0,0.0,0.0,0.0,8.3,0.0,0.0,0.0,8.3,8.3,8.3,0.0,0.0,0.0,0.0,8.3,0.0,T06,5
YouTube::@veronicaluna1664,YouTube,1,11,1,0,1,1,0,0,0,0,0,1,0,0,0,0,1,0,0,1,0,0,0,2,2,0,1,9.1,0.0,9.1,9.1,0.0,0.0,0.0,0.0,0.0,9.1,0.0,0.0,0.0,0.0,9.1,0.0,0.0,9.1,0.0,0.0,0.0,18.2,18.2,0.0,9.1,T21,2
YouTube::@veronicamorales2894,YouTube,1,9,0,0,1,0,1,1,3,0,0,0,1,0,0,0,0,0,0,1,0,0,0,0,0,0,1,0.0,0.0,11.1,0.0,11.1,11.1,33.3,0.0,0.0,0.0,11.1,0.0,0.0,0.0,0.0,0.0,0.0,11.1,0.0,0.0,0.0,0.0,0.0,0.0,11.1,T06,3
YouTube::@veronicaportillo325,YouTube,1,5,0,0,0,0,0,0,3,0,1,0,0,0,0,0,0,0,0,0,0,0,0,0,1,0,0,0.0,0.0,0.0,0.0,0.0,0.0,60.0,0.0,20.0,0.0,0.0,0.0,0.0,0.0,0.0,0.0,0.0,0.0,0.0,0.0,0.0,0.0,20.0,0.0,0.0,T06,3
YouTube::@veronicarios9940,YouTube,1,5,0,0,0,0,0,0,3,0,0,0,0,0,0,0,1,0,0,0,0,0,0,0,1,0,0,0.0,0.0,0.0,0.0,0.0,0.0,60.0,0.0,0.0,0.0,0.0,0.0,0.0,0.0,20.0,0.0,0.0,0.0,0.0,0.0,0.0,0.0,20.0,0.0,0.0,T06,3
YouTube::@verorossoficial3742,YouTube,1,3,0,0,1,0,0,0,1,0,0,0,0,0,0,0,0,0,0,0,0,0,1,0,0,0,0,0.0,0.0,33.3,0.0,0.0,0.0,33.3,0.0,0.0,0.0,0.0,0.0,0.0,0.0,0.0,0.0,0.0,0.0,0.0,0.0,33.3,0.0,0.0,0.0,0.0,T20,1
YouTube::@vevni133,YouTube,1,16,1,1,0,0,1,0,1,0,1,2,2,0,0,0,1,0,0,3,0,0,0,2,0,0,1,6.2,6.2,0.0,0.0,6.2,0.0,6.2,0.0,6.2,12.5,12.5,0.0,0.0,0.0,6.2,0.0,0.0,18.8,0.0,0.0,0.0,12.5,0.0,0.0,6.2,T17,3
YouTube::@vianeyd713,YouTube,1,4,0,0,0,0,0,0,2,0,0,1,0,0,0,0,0,0,0,0,0,0,0,0,1,0,0,0.0,0.0,0.0,0.0,0.0,0.0,50.0,0.0,0.0,25.0,0.0,0.0,0.0,0.0,0.0,0.0,0.0,0.0,0.0,0.0,0.0,0.0,25.0,0.0,0.0,T06,2
YouTube::@vic-torino8264,YouTube,1,3,0,0,0,0,0,0,0,0,1,0,0,0,0,0,0,0,0,0,0,0,0,2,0,0,0,0.0,0.0,0.0,0.0,0.0,0.0,0.0,0.0,33.3,0.0,0.0,0.0,0.0,0.0,0.0,0.0,0.0,0.0,0.0,0.0,0.0,66.7,0.0,0.0,0.0,T21,2
YouTube::@vicasdj5109,YouTube,1,1,0,0,0,0,0,0,1,0,0,0,0,0,0,0,0,0,0,0,0,0,0,0,0,0,0,0.0,0.0,0.0,0.0,0.0,0.0,100.0,0.0,0.0,0.0,0.0,0.0,0.0,0.0,0.0,0.0,0.0,0.0,0.0,0.0,0.0,0.0,0.0,0.0,0.0,T06,1
YouTube::@vickybriseno9323,YouTube,1,7,0,0,0,0,0,0,2,0,0,0,0,1,0,1,0,2,0,0,0,0,0,0,1,0,0,0.0,0.0,0.0,0.0,0.0,0.0,28.6,0.0,0.0,0.0,0.0,14.3,0.0,14.3,0.0,28.6,0.0,0.0,0.0,0.0,0.0,0.0,14.3,0.0,0.0,T15,2
YouTube::@vicmarin2847,YouTube,1,5,0,0,0,0,0,0,2,0,0,1,0,0,0,0,0,0,0,0,0,0,0,1,1,0,0,0.0,0.0,0.0,0.0,0.0,0.0,40.0,0.0,0.0,20.0,0.0,0.0,0.0,0.0,0.0,0.0,0.0,0.0,0.0,0.0,0.0,20.0,20.0,0.0,0.0,T06,2
YouTube::@victoralmazan3733,YouTube,1,2,0,0,0,0,0,0,1,0,0,0,0,0,0,1,0,0,0,0,0,0,0,0,0,0,0,0.0,0.0,0.0,0.0,0.0,0.0,50.0,0.0,0.0,0.0,0.0,0.0,0.0,50.0,0.0,0.0,0.0,0.0,0.0,0.0,0.0,0.0,0.0,0.0,0.0,T13,1
YouTube::@victorcastro-le3mb,YouTube,2,6,0,0,0,0,0,1,2,0,1,0,0,0,0,0,1,0,0,0,0,0,0,0,0,0,1,0.0,0.0,0.0,0.0,0.0,16.7,33.3,0.0,16.7,0.0,0.0,0.0,0.0,0.0,16.7,0.0,0.0,0.0,0.0,0.0,0.0,0.0,0.0,0.0,16.7,T06,2
YouTube::@victorgarcia1865,YouTube,1,3,1,0,0,0,0,0,0,0,0,0,0,0,0,0,0,0,0,1,0,0,0,0,0,1,0,33.3,0.0,0.0,0.0,0.0,0.0,0.0,0.0,0.0,0.0,0.0,0.0,0.0,0.0,0.0,0.0,0.0,33.3,0.0,0.0,0.0,0.0,0.0,33.3,0.0,T17,1
YouTube::@victorhugomanzano2777,YouTube,1,1,0,0,0,0,0,0,0,0,1,0,0,0,0,0,0,0,0,0,0,0,0,0,0,0,0,0.0,0.0,0.0,0.0,0.0,0.0,0.0,0.0,100.0,0.0,0.0,0.0,0.0,0.0,0.0,0.0,0.0,0.0,0.0,0.0,0.0,0.0,0.0,0.0,0.0,T08,1
YouTube::@victorrafaeltakami7364,YouTube,1,2,0,0,0,0,0,0,0,0,0,0,1,0,0,0,0,0,0,0,0,0,1,0,0,0,0,0.0,0.0,0.0,0.0,0.0,0.0,0.0,0.0,0.0,0.0,50.0,0.0,0.0,0.0,0.0,0.0,0.0,0.0,0.0,0.0,50.0,0.0,0.0,0.0,0.0,T20,1
YouTube::@viollet-vg,YouTube,1,6,0,0,0,0,0,0,4,0,0,0,0,0,0,1,1,0,0,0,0,0,0,0,0,0,0,0.0,0.0,0.0,0.0,0.0,0.0,66.7,0.0,0.0,0.0,0.0,0.0,0.0,16.7,16.7,0.0,0.0,0.0,0.0,0.0,0.0,0.0,0.0,0.0,0.0,T06,4
YouTube::@virgenguadalupecortazarvaz5164,YouTube,1,20,0,0,0,5,0,0,2,0,0,1,0,2,1,0,2,0,0,0,2,0,4,0,1,0,0,0.0,0.0,0.0,25.0,0.0,0.0,10.0,0.0,0.0,5.0,0.0,10.0,5.0,0.0,10.0,0.0,0.0,0.0,10.0,0.0,20.0,0.0,5.0,0.0,0.0,T03,5
YouTube::@virginiaayala5358,YouTube,2,8,0,0,1,0,1,1,3,0,0,0,0,1,0,0,0,0,0,0,0,1,0,0,0,0,0,0.0,0.0,12.5,0.0,12.5,12.5,37.5,0.0,0.0,0.0,0.0,12.5,0.0,0.0,0.0,0.0,0.0,0.0,0.0,12.5,0.0,0.0,0.0,0.0,0.0,T06,3
YouTube::@virginiacazarez5682,YouTube,1,3,0,0,0,0,0,0,2,0,0,0,0,0,0,0,0,1,0,0,0,0,0,0,0,0,0,0.0,0.0,0.0,0.0,0.0,0.0,66.7,0.0,0.0,0.0,0.0,0.0,0.0,0.0,0.0,33.3,0.0,0.0,0.0,0.0,0.0,0.0,0.0,0.0,0.0,T06,2
YouTube::@virgo8736,YouTube,1,3,0,0,0,0,0,0,0,0,0,0,0,0,0,0,0,1,0,0,1,0,0,1,0,0,0,0.0,0.0,0.0,0.0,0.0,0.0,0.0,0.0,0.0,0.0,0.0,0.0,0.0,0.0,0.0,33.3,0.0,0.0,33.3,0.0,0.0,33.3,0.0,0.0,0.0,T21,1
YouTube::@viridianasanchez851,YouTube,5,38,0,0,1,6,3,0,3,2,1,0,1,4,0,1,2,1,1,2,0,0,1,3,5,0,1,0.0,0.0,2.6,15.8,7.9,0.0,7.9,5.3,2.6,0.0,2.6,10.5,0.0,2.6,5.3,2.6,2.6,5.3,0.0,0.0,2.6,7.9,13.2,0.0,2.6,T03,6
YouTube::@vivancomayorga6655,YouTube,1,5,0,0,0,0,0,1,1,1,0,0,0,0,0,0,0,0,0,1,0,0,0,0,1,0,0,0.0,0.0,0.0,0.0,0.0,20.0,20.0,20.0,0.0,0.0,0.0,0.0,0.0,0.0,0.0,0.0,0.0,20.0,0.0,0.0,0.0,0.0,20.0,0.0,0.0,T22,1
YouTube::@walterphilipp2328,YouTube,1,1,0,0,0,0,0,0,0,0,0,0,0,0,0,0,0,0,0,0,0,0,0,1,0,0,0,0.0,0.0,0.0,0.0,0.0,0.0,0.0,0.0,0.0,0.0,0.0,0.0,0.0,0.0,0.0,0.0,0.0,0.0,0.0,0.0,0.0,100.0,0.0,0.0,0.0,T21,1
YouTube::@weirdscience-s3l,YouTube,1,2,0,0,0,0,0,0,2,0,0,0,0,0,0,0,0,0,0,0,0,0,0,0,0,0,0,0.0,0.0,0.0,0.0,0.0,0.0,100.0,0.0,0.0,0.0,0.0,0.0,0.0,0.0,0.0,0.0,0.0,0.0,0.0,0.0,0.0,0.0,0.0,0.0,0.0,T06,2
YouTube::@wilbertsoberano4177,YouTube,1,1,0,0,0,0,0,0,0,0,0,0,0,0,0,0,0,0,0,1,0,0,0,0,0,0,0,0.0,0.0,0.0,0.0,0.0,0.0,0.0,0.0,0.0,0.0,0.0,0.0,0.0,0.0,0.0,0.0,0.0,100.0,0.0,0.0,0.0,0.0,0.0,0.0,0.0,T17,1
YouTube::@wilfredogarcia1422,YouTube,1,0,0,0,0,0,0,0,0,0,0,0,0,0,0,0,0,0,0,0,0,0,0,0,0,0,0,0.0,0.0,0.0,0.0,0.0,0.0,0.0,0.0,0.0,0.0,0.0,0.0,0.0,0.0,0.0,0.0,0.0,0.0,0.0,0.0,0.0,0.0,0.0,0.0,0.0,,0
YouTube::@willygarces9181,YouTube,1,2,0,0,0,0,0,0,1,0,0,0,0,0,0,0,1,0,0,0,0,0,0,0,0,0,0,0.0,0.0,0.0,0.0,0.0,0.0,50.0,0.0,0.0,0.0,0.0,0.0,0.0,0.0,50.0,0.0,0.0,0.0,0.0,0.0,0.0,0.0,0.0,0.0,0.0,T06,1
YouTube::@wjfue,YouTube,1,1,0,0,0,0,0,0,1,0,0,0,0,0,0,0,0,0,0,0,0,0,0,0,0,0,0,0.0,0.0,0.0,0.0,0.0,0.0,100.0,0.0,0.0,0.0,0.0,0.0,0.0,0.0,0.0,0.0,0.0,0.0,0.0,0.0,0.0,0.0,0.0,0.0,0.0,T06,1
YouTube::@xXGRYMMXx97,YouTube,1,11,0,0,0,0,0,1,2,1,0,1,0,0,0,0,2,0,0,1,0,1,0,1,0,0,1,0.0,0.0,0.0,0.0,0.0,9.1,18.2,9.1,0.0,9.1,0.0,0.0,0.0,0.0,18.2,0.0,0.0,9.1,0.0,9.1,0.0,9.1,0.0,0.0,9.1,T14,2
YouTube::@xarian8930,YouTube,1,3,0,0,0,0,0,0,0,0,0,0,2,0,0,0,0,0,1,0,0,0,0,0,0,0,0,0.0,0.0,0.0,0.0,0.0,0.0,0.0,0.0,0.0,0.0,66.7,0.0,0.0,0.0,0.0,0.0,33.3,0.0,0.0,0.0,0.0,0.0,0.0,0.0,0.0,T10,2
YouTube::@xavierzuniga6610,YouTube,1,5,0,0,0,0,0,0,5,0,0,0,0,0,0,0,0,0,0,0,0,0,0,0,0,0,0,0.0,0.0,0.0,0.0,0.0,0.0,100.0,0.0,0.0,0.0,0.0,0.0,0.0,0.0,0.0,0.0,0.0,0.0,0.0,0.0,0.0,0.0,0.0,0.0,0.0,T06,5
YouTube::@xavriv23,YouTube,1,1,0,0,0,0,0,0,0,0,1,0,0,0,0,0,0,0,0,0,0,0,0,0,0,0,0,0.0,0.0,0.0,0.0,0.0,0.0,0.0,0.0,100.0,0.0,0.0,0.0,0.0,0.0,0.0,0.0,0.0,0.0,0.0,0.0,0.0,0.0,0.0,0.0,0.0,T08,1
YouTube::@xena7857,YouTube,1,12,0,0,0,0,0,2,7,0,0,0,0,0,0,0,1,0,0,0,0,1,0,1,0,0,0,0.0,0.0,0.0,0.0,0.0,16.7,58.3,0.0,0.0,0.0,0.0,0.0,0.0,0.0,8.3,0.0,0.0,0.0,0.0,8.3,0.0,8.3,0.0,0.0,0.0,T06,7
YouTube::@xuiregalado4891,YouTube,1,3,0,0,0,0,1,0,0,0,0,0,0,0,0,0,0,0,0,0,0,0,0,1,1,0,0,0.0,0.0,0.0,0.0,33.3,0.0,0.0,0.0,0.0,0.0,0.0,0.0,0.0,0.0,0.0,0.0,0.0,0.0,0.0,0.0,0.0,33.3,33.3,0.0,0.0,T22,1
YouTube::@yadidreyes5678,YouTube,1,5,0,0,0,0,0,0,2,0,0,1,0,0,0,2,0,0,0,0,0,0,0,0,0,0,0,0.0,0.0,0.0,0.0,0.0,0.0,40.0,0.0,0.0,20.0,0.0,0.0,0.0,40.0,0.0,0.0,0.0,0.0,0.0,0.0,0.0,0.0,0.0,0.0,0.0,T13,2
YouTube::@yadiraalvarez7220,YouTube,1,3,0,0,0,0,0,0,1,0,0,0,0,0,0,0,1,0,0,0,0,1,0,0,0,0,0,0.0,0.0,0.0,0.0,0.0,0.0,33.3,0.0,0.0,0.0,0.0,0.0,0.0,0.0,33.3,0.0,0.0,0.0,0.0,33.3,0.0,0.0,0.0,0.0,0.0,T14,1
YouTube::@yaelrodriguez9766,YouTube,1,8,0,0,0,0,0,0,0,0,1,0,0,0,0,0,2,0,0,0,1,0,1,2,1,0,0,0.0,0.0,0.0,0.0,0.0,0.0,0.0,0.0,12.5,0.0,0.0,0.0,0.0,0.0,25.0,0.0,0.0,0.0,12.5,0.0,12.5,25.0,12.5,0.0,0.0,T21,2
YouTube::@yanetcabrera1444,YouTube,1,6,0,0,0,0,1,1,0,0,0,0,0,0,1,0,1,1,0,0,1,0,0,0,0,0,0,0.0,0.0,0.0,0.0,16.7,16.7,0.0,0.0,0.0,0.0,0.0,0.0,16.7,0.0,16.7,16.7,0.0,0.0,16.7,0.0,0.0,0.0,0.0,0.0,0.0,T15,1
YouTube::@ycml5388,YouTube,1,5,0,0,0,0,0,0,2,0,0,1,0,0,1,0,0,0,0,0,0,0,0,0,0,1,0,0.0,0.0,0.0,0.0,0.0,0.0,40.0,0.0,0.0,20.0,0.0,0.0,20.0,0.0,0.0,0.0,0.0,0.0,0.0,0.0,0.0,0.0,0.0,20.0,0.0,T06,2
YouTube::@yeseniasegundo2659,YouTube,1,3,0,0,0,0,0,0,0,0,0,0,1,0,1,0,0,0,0,1,0,0,0,0,0,0,0,0.0,0.0,0.0,0.0,0.0,0.0,0.0,0.0,0.0,0.0,33.3,0.0,33.3,0.0,0.0,0.0,0.0,33.3,0.0,0.0,0.0,0.0,0.0,0.0,0.0,T17,1
YouTube::@yherrera7040,YouTube,2,12,0,0,1,2,1,0,4,0,1,1,0,0,0,0,0,0,0,0,0,1,0,0,1,0,0,0.0,0.0,8.3,16.7,8.3,0.0,33.3,0.0,8.3,8.3,0.0,0.0,0.0,0.0,0.0,0.0,0.0,0.0,0.0,8.3,0.0,0.0,8.3,0.0,0.0,T06,4
YouTube::@yogag4413,YouTube,1,5,0,1,0,0,0,0,0,1,0,2,0,0,0,0,0,0,0,0,0,0,0,0,1,0,0,0.0,20.0,0.0,0.0,0.0,0.0,0.0,20.0,0.0,40.0,0.0,0.0,0.0,0.0,0.0,0.0,0.0,0.0,0.0,0.0,0.0,0.0,20.0,0.0,0.0,T09,2
YouTube::@yolandacasillascasillas9705,YouTube,1,5,0,0,0,0,0,0,1,0,0,1,0,0,0,0,0,0,0,1,0,1,0,1,0,0,0,0.0,0.0,0.0,0.0,0.0,0.0,20.0,0.0,0.0,20.0,0.0,0.0,0.0,0.0,0.0,0.0,0.0,20.0,0.0,20.0,0.0,20.0,0.0,0.0,0.0,T17,1
YouTube::@yolandahernandez5276,YouTube,1,5,0,0,0,0,0,0,1,0,0,2,0,0,0,0,0,0,0,0,0,0,1,1,0,0,0,0.0,0.0,0.0,0.0,0.0,0.0,20.0,0.0,0.0,40.0,0.0,0.0,0.0,0.0,0.0,0.0,0.0,0.0,0.0,0.0,20.0,20.0,0.0,0.0,0.0,T09,2
YouTube::@yomiro07,YouTube,1,5,0,0,0,1,0,0,0,0,0,0,0,0,0,0,0,0,0,0,1,0,1,0,1,0,1,0.0,0.0,0.0,20.0,0.0,0.0,0.0,0.0,0.0,0.0,0.0,0.0,0.0,0.0,0.0,0.0,0.0,0.0,20.0,0.0,20.0,0.0,20.0,0.0,20.0,T24,1
YouTube::@yoringonchingonkin.8745,YouTube,1,7,0,0,1,0,0,0,1,0,0,0,0,0,0,1,0,1,0,0,1,1,0,1,0,0,0,0.0,0.0,14.3,0.0,0.0,0.0,14.3,0.0,0.0,0.0,0.0,0.0,0.0,14.3,0.0,14.3,0.0,0.0,14.3,14.3,0.0,14.3,0.0,0.0,0.0,T13,1
YouTube::@yotaroukauka,YouTube,1,17,0,1,1,0,2,0,2,0,0,0,0,0,0,0,2,0,0,1,0,1,0,3,3,1,0,0.0,5.9,5.9,0.0,11.8,0.0,11.8,0.0,0.0,0.0,0.0,0.0,0.0,0.0,11.8,0.0,0.0,5.9,0.0,5.9,0.0,17.6,17.6,5.9,0.0,T21,3
YouTube::@youlove300,YouTube,1,4,0,0,0,1,0,0,0,0,0,2,0,0,0,0,1,0,0,0,0,0,0,0,0,0,0,0.0,0.0,0.0,25.0,0.0,0.0,0.0,0.0,0.0,50.0,0.0,0.0,0.0,0.0,25.0,0.0,0.0,0.0,0.0,0.0,0.0,0.0,0.0,0.0,0.0,T09,2
YouTube::@ysrraelaldana4536,YouTube,1,3,0,0,0,0,0,0,0,0,1,0,1,0,0,0,0,0,0,0,0,0,0,0,1,0,0,0.0,0.0,0.0,0.0,0.0,0.0,0.0,0.0,33.3,0.0,33.3,0.0,0.0,0.0,0.0,0.0,0.0,0.0,0.0,0.0,0.0,0.0,33.3,0.0,0.0,T22,1
YouTube::@yukiorogel7936,YouTube,1,5,0,0,0,0,0,1,3,0,0,0,0,0,0,0,0,1,0,0,0,0,0,0,0,0,0,0.0,0.0,0.0,0.0,0.0,20.0,60.0,0.0,0.0,0.0,0.0,0.0,0.0,0.0,0.0,20.0,0.0,0.0,0.0,0.0,0.0,0.0,0.0,0.0,0.0,T06,3
YouTube::@yumasterperez2730,YouTube,1,6,1,0,0,0,0,0,2,1,0,1,0,0,0,1,0,0,0,0,0,0,0,0,0,0,0,16.7,0.0,0.0,0.0,0.0,0.0,33.3,16.7,0.0,16.7,0.0,0.0,0.0,16.7,0.0,0.0,0.0,0.0,0.0,0.0,0.0,0.0,0.0,0.0,0.0,T06,2
YouTube::@yves21,YouTube,3,19,0,0,3,0,0,1,3,0,1,2,1,0,0,0,3,0,0,1,1,0,0,1,1,1,0,0.0,0.0,15.8,0.0,0.0,5.3,15.8,0.0,5.3,10.5,5.3,0.0,0.0,0.0,15.8,0.0,0.0,5.3,5.3,0.0,0.0,5.3,5.3,5.3,0.0,T02,3
YouTube::@zammuellm9479,YouTube,1,3,0,0,0,0,0,0,0,0,0,0,1,0,0,0,0,0,0,0,0,0,0,1,0,0,1,0.0,0.0,0.0,0.0,0.0,0.0,0.0,0.0,0.0,0.0,33.3,0.0,0.0,0.0,0.0,0.0,0.0,0.0,0.0,0.0,0.0,33.3,0.0,0.0,33.3,T21,1
YouTube::@zarevzarevich4690,YouTube,1,3,0,0,0,0,0,0,0,0,0,0,0,0,0,0,0,0,0,0,0,0,1,2,0,0,0,0.0,0.0,0.0,0.0,0.0,0.0,0.0,0.0,0.0,0.0,0.0,0.0,0.0,0.0,0.0,0.0,0.0,0.0,0.0,0.0,33.3,66.7,0.0,0.0,0.0,T21,2
YouTube::@zarigc,YouTube,1,9,0,0,0,3,3,0,1,0,0,1,0,0,0,0,1,0,0,0,0,0,0,0,0,0,0,0.0,0.0,0.0,33.3,33.3,0.0,11.1,0.0,0.0,11.1,0.0,0.0,0.0,0.0,11.1,0.0,0.0,0.0,0.0,0.0,0.0,0.0,0.0,0.0,0.0,T03,3
YouTube::@zenaidacastillo5422,YouTube,1,3,0,0,0,0,0,0,0,0,0,2,0,0,0,0,1,0,0,0,0,0,0,0,0,0,0,0.0,0.0,0.0,0.0,0.0,0.0,0.0,0.0,0.0,66.7,0.0,0.0,0.0,0.0,33.3,0.0,0.0,0.0,0.0,0.0,0.0,0.0,0.0,0.0,0.0,T09,2
YouTube::@zerolod5955,YouTube,1,3,0,0,0,0,0,0,0,0,0,0,1,1,0,0,0,0,0,1,0,0,0,0,0,0,0,0.0,0.0,0.0,0.0,0.0,0.0,0.0,0.0,0.0,0.0,33.3,33.3,0.0,0.0,0.0,0.0,0.0,33.3,0.0,0.0,0.0,0.0,0.0,0.0,0.0,T10,1
YouTube::@ziraortsac6815,YouTube,1,7,1,0,0,0,0,2,0,0,0,0,0,1,0,1,0,0,0,1,0,0,0,0,1,0,0,14.3,0.0,0.0,0.0,0.0,28.6,0.0,0.0,0.0,0.0,0.0,14.3,0.0,14.3,0.0,0.0,0.0,14.3,0.0,0.0,0.0,0.0,14.3,0.0,0.0,T05,2
YouTube::@zitlallidelrio1567,YouTube,1,7,0,0,0,0,0,1,0,0,0,0,1,0,0,1,2,0,0,1,0,0,0,0,1,0,0,0.0,0.0,0.0,0.0,0.0,14.3,0.0,0.0,0.0,0.0,14.3,0.0,0.0,14.3,28.6,0.0,0.0,14.3,0.0,0.0,0.0,0.0,14.3,0.0,0.0,T14,2
YouTube::@zoilaaltamirano23,YouTube,1,2,0,0,0,0,0,0,1,0,0,0,0,0,0,0,0,1,0,0,0,0,0,0,0,0,0,0.0,0.0,0.0,0.0,0.0,0.0,50.0,0.0,0.0,0.0,0.0,0.0,0.0,0.0,0.0,50.0,0.0,0.0,0.0,0.0,0.0,0.0,0.0,0.0,0.0,T15,1
YouTube::@zolo09,YouTube,1,14,0,1,0,0,0,0,1,2,2,0,3,0,1,1,0,0,0,0,1,0,0,1,1,0,0,0.0,7.1,0.0,0.0,0.0,0.0,7.1,14.3,14.3,0.0,21.4,0.0,7.1,7.1,0.0,0.0,0.0,0.0,7.1,0.0,0.0,7.1,7.1,0.0,0.0,T10,3
YouTube::@zorernatsuko,YouTube,1,3,0,0,0,0,0,0,0,0,1,0,1,1,0,0,0,0,0,0,0,0,0,0,0,0,0,0.0,0.0,0.0,0.0,0.0,0.0,0.0,0.0,33.3,0.0,33.3,33.3,0.0,0.0,0.0,0.0,0.0,0.0,0.0,0.0,0.0,0.0,0.0,0.0,0.0,T10,1
YouTube::@zurielflores8997,YouTube,1,1,0,0,0,0,0,0,0,0,0,0,1,0,0,0,0,0,0,0,0,0,0,0,0,0,0,0.0,0.0,0.0,0.0,0.0,0.0,0.0,0.0,0.0,0.0,100.0,0.0,0.0,0.0,0.0,0.0,0.0,0.0,0.0,0.0,0.0,0.0,0.0,0.0,0.0,T10,1
YouTube::@ミゲルアヤラ,YouTube,1,0,0,0,0,0,0,0,0,0,0,0,0,0,0,0,0,0,0,0,0,0,0,0,0,0,0,0.0,0.0,0.0,0.0,0.0,0.0,0.0,0.0,0.0,0.0,0.0,0.0,0.0,0.0,0.0,0.0,0.0,0.0,0.0,0.0,0.0,0.0,0.0,0.0,0.0,,0
