contexto_id,plataforma,n_mensajes_utiles,n_lemas,lemas
Twitter|https://x.com/EleeseNoticias/status/2038434503077638641,Twitter,1,8,destacar monica villarreal riqueza gastronomico tampico motor turistico
Twitter|https://x.com/VoxPopuliNoti/status/2038444390201323915,Twitter,1,18,destacar monica villarreal riqueza gastronomico tampico motor turistico alcaldesa resaltar herencia culinario variedad platillo distinguir puerto tampico tamaulipas
Twitter|https://x.com/gruponoticiaspc/status/2038445218182078885,Twitter,1,20,tampico destacar gastronomia eje clave turismo regional riqueza gastronomico tampico consolidar principal motor turistico region afirmar alcaldesa monica villarreal leer
Twitter|https://x.com/HOYTamaulipas/status/2038448107721990404,Twitter,1,9,tamaulipas destaca monicavillarreal riqueza gastronomico tampico motor turistico enteratir
Twitter|https://x.com/RoalLala/status/2040456544160993324,Twitter,2,25,placa tatuado ebrio drogado atropello matar cheque comprando tacos tampico anoche gracia policia dueno tampico rojo amiguismo nepotismo existir hagan detengan asesino proteger papi policia
Facebook|https://www.facebook.com/monicavtampico/posts/pfbid0xUCjvRPixpnGQb2rCuVUonnbSbXYPJmBmv1tZHweL58UepdGp7BL7NXaXxSxXmicl,Facebook,9,66,supervisar rehabilitacion parque petrolera espacio importante familia tampiquenas avanzar mejora digno seguro agradable nina nino joven adulto convivir deporte disfrutar libre seguir compromiso rescatar fortalecer espacio publico tampicovacontodo tampicotecuida espacio esparcimiento alcaldesa milagro presidentar parecer excelente cabo proyecto rehabilitacion parque petrolera fundamental contar espacio publico seguro agradable familia gracias presidenta excelente labor presidenta excelente supervision felicidades presidenta monica villarreal gobernador americo villarreal idea tamaulipas futura gobernador
Facebook|https://www.facebook.com/monicavtampico/posts/pfbid09kouvSB13LECHFHvzpsLpvTixGWQ5KKhMFy6GipwGMSxCaQuVQdCgKuL7qkYHC8Ql,Facebook,9,120,oportunidad disfrutar delicios degustacion gastronomico mercado municipal tampico gracias locatario esfuerzo carino preparar platillo desayuno comida sabor reflejar tradicion identidad tampiqueno invitar visitir mercado recorrar pasillo dejar consentir comida mano tampiquena seguro vivir experiencia unico lleno sabor calidez sigar apoyar tampicovacontodo tampicotecuida viva tampico excelente gastronomia comida mercado municipal tampico increible gusto apoyar comerciantes gastronomia puerto jaibo seguir acuerdese transformacion pueblo razon querer seguir politica cosa deber partido politico oportunidad candidata pueblo tampiqueno elegir alcaldesa voto confianza enhorabuena felicidades sigar para pueblo pueblo saludos bendicion deli come rico sobretodo atender vien viva morena presidenta monica villarreal pendiente consumir vien turismo tampiqueno rico comida mercado zona centro tampico hermoso saludos amigo jacinto sindical nuestrar presidenta monica villarreal excelente abrazos deliciosa gastronomia
Facebook|https://www.facebook.com/reel/1604221530811617/,Facebook,2,73,proteccion civil bomberos tampico semana santa fiestas abril seguimiento importancia atencion ciudadania turismo monica zacil villarreal anaya direccion proteccion civil bomberos tampico cargo jose antonio marin flores preparado semana santa fiestas abril tampico brindar seguridad operativo apoyado sedena marina guardia nacional guardia estatal capitania puerto proteccion civil regional cru roja voluntarios proteccion civil bomberos tampico seguridad tampico cuida proteccion civil proteccionciviltampico tampicotecuida tampicosomostodos bomberostampico fiestasdeabril gracias bomberos corporacion voluntario compromiso fiesta abril seguro
Facebook|https://www.facebook.com/servpublicostampico/posts/pfbid02L3yACAXQ6WFmRc9EjvygpNm2Jpyycut1mgHkKWLRkatvaLN2NddmHFiq4TZZTQgMl,Facebook,3,51,tampico limpio tarea dia vision presidenta monica villarreal anaya encontrar directamente calle transformar ciudad cuadrilla labor intenso aseo mantenimiento banqueta avenida hidalgo arteria principal ciudad optimo condicion fundamental seguridad peaton imagen municipio seguir firme bienestar monica villarreal tampico gob venir limpiar aca cardenas calle germinal banqueta horrible creer banqueta ciudad nabo
Facebook|https://www.facebook.com/reel/1281730680722345/,Facebook,6,36,gusto pasar botanas mko negocio tradicion quinto generacion encontrar deliciosa duquesa tipico ciudad variedad botana recorrer tampico pasen mercado municipal tampico ofrecer tampicotecuida tampicovacontodo deliciosa siii deli deli granola surtido completo recomendar precio excelente presidenta buenisimo
Facebook|https://www.facebook.com/servpublicostampico/posts/pfbid02KsbQpupouBznuRikTdjfUoTNxm3VWEB7cyzSLdXo4dAbtZh6yp4a3MrwBhpjGQv4l,Facebook,4,56,vision presidenta monica villarreal anaya descanso familia tampiquena disfrutar feria impecable personal labor detener preparacion limpieza profundo area monitoreir constante bote basura levantamiento inmediato desecho recoleccion dejar espacio listo dia mantener orden higiene fundamental salud diversion monica villarreal tampico gob ayudarles dejar basura tirado favor tanques gratis casa casa departamentos negocios repuesto gente apoyar calle limpio
Facebook|https://www.facebook.com/reel/945513064657176/,Facebook,3,60,compromiso diario calle tampico presidenta monica villarreal anaya mantener tampico funcional ordenado prioridad dia salimos calle mision claro mantener ciudad limpio fundamental actividad secretaria realizamos labor intenso aseo via publico atender rincon municipio ciudad limpio reflejo sociedad fuerte gobierno comprometido seguir transformar entorno bienestar familia monica villarreal tampico gob saludo luis jefe deberiar inculcar sociendad tieremos basura calle deber multa
Facebook|https://www.facebook.com/ProteccionCivilTampico/posts/pfbid0FyCjBEoGfKpLGzofHzuLRR2j1E6sGP9fppBY9QqmCGYFkeA1yKDx8Yz3EN3CChAEl,Facebook,7,101,felicidad proteccion civil labor importante seguridad asistente excelente labor proteccion civil bomberos gracias cuidar familia tampiquenas fiesta jajajaja querer morena supervision preventivo fiestas abril tampico accion prevencion fiestas abril tampico brindar servicio asistente importancia monica villarreal anaya presidenta municipal tampico personal proteccion civil bomberos tampico cargo jose antonio marin colaboracion voluntarios zona sur tamaulipas cabo inspeccion recorrer recinto ferial recorrido inspector verificar condicion seguridad inmueble ruta evacuacion senalizacion cumplimiento medida necesario accion reflejar compromiso responsabilidad permanente salvaguardar integridad asistente tampico cuida proteccion civil proteccionciviltampico tampicotecuida tampicosomostodos bomberostampico fiestasdeabril excelente companero manifestar terreno feria metar presion dejar entrar gente revision iniciar feria
Twitter|https://x.com/TamaulipasDirec/status/2038631096959553839,Twitter,1,25,monica villarreal anaya inaugurar fiestas abril objetivo fortalecer turismo seguro zona sur tamaulipas pacto sur autoridad tampico altamira ciudad madero prever recibir visitante turismo tamaulipas
Facebook|https://www.facebook.com/reel/3307404786100104/,Facebook,1,69,tampico listo recibirte instruccion presidenta municipal tampico monica villarreal anaya modulo atencion turista activo semana santa estrategico visita increible plaza armas plaza libertad plaza hijas tampico laguna carpintero parque fray andres olmos parque chairel canal cortadura central autobuses equipo turismo preparado guia recaudador practicante personal listo recibirte sonrisa brindartir informacion completo detallado encontrar apoyo hoteles restaurantes sitios turistico tour operador mapas tampico listo recibir visitante mexico mundo calidez distinguir
Facebook|https://www.facebook.com/MetropolitanodeTampico/posts/pfbid02oZ6G16YW2BAS5yQFF41KrYb7D2NVqaRoG1uEt7pgD8ZYSY3VLFkm3rUQ7FzT8vn5l,Facebook,2,62,disfruta arte cultura semana santa instruccion presidenta municipal monica zacil villarreal anaya gobierno municipal tampico espacio cultural metropolitano continuar impulsar actividad cultural disfrutar vacacion semana estarar abierto dia martes sabado domingo aprovechar visita exposicion arte museo cultura huasteco horario lobby taquilla horario galeria horario museo cultura huasteco lunes miercoles jueves viernes cerrado arte con semanasanta arteycultura espacioculturalmetropolitano tampicogob exposicion ana frank abierto
Facebook|https://www.facebook.com/reel/4271084729799715/,Facebook,5,39,ano vecino colonia santo nino sentir olvidado cambiar compromiso realidad pavimentacion calle escuchar atender resolver responsabilidad seguir dia bienestar familia tampiquenas tampicovacontodo tampicotecuida humano excelente persona uman gracias presidenta preocupar desvalido excelente presidenta pendiente ciudadania excelente presidenta monica villarreal
YouTube|https://www.youtube.com/watch?v=rnFU9ByHl8o,YouTube,18,230,dias estimada senora gobernadora ing rocio nahle garcia nuevamente informo registro publico propiedad pretexto frenan tramite regularizar escrituras ciudadanos ciudadana realmente permitir burocratas traten perjudicar gobierno interesar dano veracruz actitud nefasto falso ayud bonito limpiar espacio bello recibir respeto turista inclusive paisano viejo volver prepotente moren perder corrupcion prepotencia veracruz sur empezar coatzacoalcos agua dulce veracruz playa admirar dejar expresar admiracion extraordinario liderar planeacion ejecucion puesto operacion refineria bocas proyecto magnitud requerir capacidad tecnico vision firme liderazgo enorme labor dejar huella importante desarrollo energetico pais representar inspirador compromiso excelencia servicio publico reconocimiento nivel mundial recibir refineria reflejo impacto calidad importancia proyecto detras gracias demostrar grande proyecto lograr determinacion equipo claro vision futuro supuesto enorme amor mexico respeto admiracion video playa veracruz limpia semana gobernadora boca rio veracruz subir agua echar culpa gobierno federal malditos narco prianistas fachos cinicos corrupto vendepatrias huachiculero asesinos saqueadores golpeteos politicos acabo salir playa poquito pego planta limpiamos arena vengan boca esto favor dejen gente disfrute testigar voca andan limpiando recojiendo basuro vengan bonitas limpias viendo ejercito marino vigilando siento horgullosa esperar pronto restaurir mtz gracias gobernadora facil gobernar afuera gente opinar televisora aferran manchar rocio nale apoyo apoyo chayotero sacar provecho chingar vieja ridicula quermos vayase zacatecas crear viejo miente respirar mugren inepto corructo chairos morenista ignorante coman pescado yar enferman mueren salir enrique pena nieto reconocer fiasco morenarca vieja ridiculo malvado desastre pueblo demandar
Facebook|https://www.facebook.com/servpublicostampico/posts/pfbid0HMgyS8kyC2vdKkVhj4VSQJfQv7ZXfz6aDG4rssmVRpWpK8nZA7BTfzVrZui8UkUYl,Facebook,1,42,jornada cumplido lunes marzo atender instruccion presidenta monica villarreal anaya desplegar colonia arenal operativo limpieza profundo cifra dia toneladas basura retirado cacharro basura especial camiones tope meta claro eliminar cualquiera foco infeccion criadero patio dengue monica villarreal tampico gob promociondelasaludtampico distritodesaludparaelbienestariitampico sincriaderosmexicoprotegesusaludyelmundial
Facebook|https://www.facebook.com/servpublicostampico/posts/pfbid0N9X9HiocxjvYBn2NFcjx9xt7Gkm97Pi3nbPzMSDCKACe3VMkF6r4x9X7CfqWeVscl,Facebook,3,64,sabiar mantenimiento laguna carpintero detener seguir instruccion presidenta monica villarreal anaya intensificar limpieza integral emblematico pulmon ciudad periodo vacacional recibir mil visitante familia tampiquenas responsabilidad limpieza area verde podar estetico limpieza profundo orilla laguna retiro desecho rama palma seco aseo constante calle andador aledanos mantener limpio ordenado funcional compromiso disfrutar tampico entorno calidad tampicovacontodo monica villarreal tampico gob justiciaparacheque cacaraquean chucho nader impecable decio
Twitter|https://x.com/l1f9a0f2/status/2040500186829422792,Twitter,1,21,donde semana santa cancun revolcarte sargazo veracruz nadar petroleo mazatlan desaparecer bar carretera cualquiera secuestrar guerrero michoacan edomex asesinar confusion cuentenmir
Twitter|https://x.com/LindaPriro97266/status/2038722141844119677,Twitter,1,9,tamaulipas censura tamaulipas deposito hija monica villarreal yerno uat
YouTube|https://www.youtube.com/watch?v=U56RNSjUbRk,YouTube,167,500,inteligencia sancionar presi sancionar sancionar presi quizas ventana pierna sancionar fox senora despapalle pilmama mamennnnn pardo presidenta patrimonio claro presidenta ridiculo sol reglamento par quote замедление извлекающие беспризорных регионах оон раз все оон надо мало просто ирана иностранных каких идет выработки трампа украинские трампа трамп сша карман так варье сами табуретка экологично ивановскую экологии бизнесом без планеты доходит аду quote вам все наворовывать написано вашему или рабство отчисления последнего навечно укрепленном вам оно шевелиться уже кстати уже жить никак все чего ничего осталось чего складывали голодом ресурсы хотите или помощью resultado appeals массонская нормальных странои наказаны ранее империи воину париж статую сами население ростили избираитесь евреев вот ядерные скинуть перебрасывали размещение залпом собираетесь япониеи собирается своего персидском лет договора короткое призания comenzar tomar mexico моих каждои каждого ирана конфликта продуктам японии продвижении японии ненависти значит бизнеса бюджета бюджета школ остальное малоимущих мировых объявить чака стран странам счет друзское исмаилитов начале проповеди наштакина они израиля тогда израиль appeals год зоны японцев зачем вылов запретить если такого норме криминальные нибыло бедные год накоплениями разгрузило средства собираетесь зачем вылов повышать граждан искуственным разграбить путин вообще мало раз ежегодно центральная части уже потом вместе высасыватели под почти такие негодность разгуливать стране потери реконструкцию запсов ценам момент колосально еще этим будет закарпатскои вот будут замуж ужас воспитываете катитесь имеет запустит достигла ирак воевать вас ирана палестину никаких громить дамаск там иран воссоединились когда мусульманские саудитам создав пока еще еды средства расходования бюджеты полезные иное последнего еще posicion atender gringa говорят военных профессиях иран тут нет через кого танкерами разминирование элиты уничтожила космического систем израилю иран всем вот всякои лучше которые мытья мозгами потм себе его догадались окон стекло которого равно трамвы трамп шоу акции почему улицах всего бесплатно этот цен нефти никого наживании какои государстве поидет сплотились обе некрасиво трампа население вариант мире соответствующих некрасиво ранее написано сказал энергии verguenzar fulana familiar reglamento sol pender comprado prohibido claudia tratar olvidar repetir respetar iniciar pinche madre anos morena congal abrazo palacio historico ventana simplemente logicamente unico viceversa identidad loret objeto palacio vato quimero desaseir andele mentir gracia recinto juarez transparencia ocupar mexico origen chispiajos taco quedar principio circo bola tonteria opinar mujer pais mexicanos periodistico jajajajaja artificial salir tomar mananera monumento libertad alli plebeyos cosa pata pasar permitir magnitud suficiente funcionario infractor parecer consistir derrumbe penthouse pierna pais criticar mediocres nombre creer exibicionismo acusaron gramo arco comun dudo empleado chin permitio derecho perfecta ven creer mexicano mama manana mecate multai morena chistosito aceptarlo padre cobrar carpeta benito aprender justificar esclusa existir aplicar causa reglamente casa descuidar parque absurdo area inteligente claudia mentiraaaa real claudia pellejo idiota favor cual madre fue bano cancun quedar soporto estrategia cargo pedir pague pagar senora usd cuerpo medicina joto eeemadar quitir favor cualquiera sies logica faltar olvidar insulto ensenar pseudo valemadrista madddd pais cosa jajajaja noches amor amen pinche puta atencion funda andar cuando extraterrestre sheinbaum importante despistado gracia tapadera politico provocacion deber banda comprpbar extorsionador senador red yendo bola nego mitomana nublado corrar chichinqu enojar fue perjudicar facho participar distraccion
Twitter|https://x.com/Reporteroszona/status/2038759400265932887,Twitter,1,18,comprueba alcaldesa monica villarreal exquisito sazon gastronomia tampiqueno mercado municipal invitacion turista prueben platillo tampiqueno tampico semanasanta vacaciones
Twitter|https://x.com/TampicososTV/status/2038809711898714569,Twitter,1,20,fracaso operativo semana santa tampico asalto banamex justo banderazo operativo asaltos tienda conveniencia alcoholimetro evitar accidente muerto hora atropello borracho
Twitter|https://x.com/Jaume_Osante/status/2038812633680224601,Twitter,1,14,tampico innova ruta turistico atraer visitante semana santa tampico revistadebate nota tampico revistadebate nota
Facebook|https://www.facebook.com/secretariadeobraspublicastampico/posts/pfbid0C2xFgRmCXaGvSYkUTNFrvsA7kDicY1SkKtX8CjGz2HQqow38qzQ64cUBw3AJx58Rl,Facebook,6,109,parecer existir ave hidalgo parecer objetivo mejorar fluidez trafico vehicular garantizar traslado seguro ciudadano direccion obras publicas continuar programa mantenimiento vial ejecutar bacheo rehabilitacion pavimento diverso vialidad aplicar mortero asfaltico hidalgo norte sur carril baja calle moral calle pino col martock hidalgo norte sur calle fresno calle nogal col rosario hidalgo sur norte ayuntamiento calle balderas col rosario secretaria obras publicas desarrollo urbano ecologia gobierno municipal reafirmar mision alcaldesa monica villarreal renovar entorno urbano tampico labor buscar modernizar estetica ciudad garantizar servicio publico eficiente impactar directamente calidad vida bienestar familia tampiquena labor constar andar metiendole manos obra agarrar hijo transitar asesiiinar alguien conducir ebrio echenle companero labor bola huevon
Twitter|https://x.com/VoxPopuliNoti/status/2038835765170352306,Twitter,1,14,ofrecer tampico experiencia turistico ruta tematico opcion explorar ciudad forma unico vacacion tampico tamaulipas
Twitter|https://x.com/laexpresionmx/status/2038836198064410839,Twitter,1,9,ampliar monica villarreal oferta turistico periodo vacacional tamaulipas cdvictoria
Twitter|https://x.com/dect1608/status/2038855276401401926,Twitter,2,68,proposito ampliar oferta turistico tampico ofrecer experiencia ruta tematico alcaldesa apretar tuerca equipo turismo temporada vacacional semanasanta activo concepto ruta jaiba ruta cantinas museos auge petrolero tranvia turistico laguna carpintero ruta avistamiento aves nocturna juanchos centro historico ruta turismo religioso donde plaza hijas tampico plaza armas plaza libertad laguna carpintero central autobuses oficinas turismo parque fray andres olmos personal capacitado ofrecer atencion recomendacion acompanamiento turista tamaulipas cristo vivir
Facebook|https://www.facebook.com/reel/930894346475144/,Facebook,3,78,seguridad prioridad atender instruccion presidenta monica villarreal anaya acudimos oportuno atender reporte arbol caido representar riesgo ciudadania gracias coordinado bomberos tampico personal operativo secretaria labor retiro limpieza forma exitoso eliminar cualquiera peligro zona seguir mantener tampico seguro ordenado monica villarreal tampico gob presente reporte dia febrero arbol riesgo colision jardin nino federal dia respuesta area ecologia jardin nino correr riesgo accidente arbol caer pedazos pedir atento posibilidad apoyo evitar accidente ano caer arbol salon querer volver pasar situacion
Facebook|https://www.facebook.com/servpublicostampico/posts/pfbid02eNUTVvLkCcAfLmJPDfPjhQmERVhcatvCwiXp5AeuLnjZJCDMizhKB6oLv8KFSYF1l,Facebook,1,31,mantener firme aseo via publico instruccion presidenta monica villarreal anayael aseo via publico prioridad transformar calidad vida tampico ciudad limpio reflejar compromiso gente gobierno sigar unido tampico monica villarreal tampico gob
Facebook|https://www.facebook.com/reel/1465361995237860/,Facebook,1,30,monica villarreal anaya mantener area verde impecable fundamental calidad vida tampiqueno encontrar limpieza barrido chapoleo asegurar vegetacion crecer controlado espacio libre residuo maleza unidos tampico verde monica villarreal tampico gob
Facebook|https://www.facebook.com/servpublicostampico/posts/pfbid0sbM9b3MEogyqbfes3KNXE3pWGusJP6GnMNdcNoeZF9bs2935CGpzGDP26hpVuMWMl,Facebook,4,44,espacio digno amigo mascota familia liderazgo presidenta monica villarreal anaya encontrar intensivo mantenimiento area caninos laguna carpintero rehabilitar espacio peludito tampico seguro limpio digno correr jugar administracion bienestar animal prioridad juntos transformar espacio publico rampa bonito parques perrito tampico caerir lindo pequeno opcion arbol
Facebook|https://www.facebook.com/monicavtampico/posts/pfbid07FzktTkkBgdTnEQYV2Hgis4q6TF6Zn1zxXkPZyG8MyFTb9MXmTxtnCT9EnmyvVtjl,Facebook,7,25,sostener reunion seguimiento brindar atencion puntual programa proyecto prioritario beneficiar tampiqueno tampicovacontodo tampicotecuida super tampico cuidar tampico excelente reunion eleccion num monica villarreal programa proyecto
Facebook|https://www.facebook.com/TampicoGob/posts/pfbid0pf6BEKMhKGqeFiCNBLLvmVeYQjf5Kufo7CqR22aGk1GkRhK4gbe8jcNnhVovzYVLl,Facebook,7,58,bailes popular exito reunir familia amigo ambiente lleno alegria musica tradicion gracias respuesta ciudadania seguir baile distinto crear espacio convivencia fortalecer raiz comunidad baile deporte moviliza divertido nino adulto felicidades ecxelente proyecto injusticia tampico pueblo lleno alegria bravo vien seguir baile impotante salud presente adultos querer vien psra vien tampiqueno hora presidenta tampico excelente programa presidentar super activo
Twitter|https://x.com/VoxPopuliNoti/status/2039161483922129063,Twitter,1,18,fortalece monica villarreal coordinacion hoteleros canaco impulsar turismo seguridad alcaldesa dialogar hotelero comerciante impulsar economia local tampico tamaulipas
Twitter|https://x.com/Jaume_Osante/status/2039174827878072750,Twitter,1,11,reforzar alianza tampico hotelero canaco impulsar turismo seguridad tampico revistadebate nota
Twitter|https://x.com/tuespacio_1/status/2039189779988779329,Twitter,1,16,creativo alcaldesa precio final interesar acabar casona medio cuadra par cuadra petrolera resultar promotora turistico jajaja
YouTube|https://www.youtube.com/watch?v=hyet0TeCrkg,YouTube,37,249,mejicano casa limpian ensenar palabra radio formular achaquen prian maroma patrones formula nervioso ocultar origen gubernamental servir principio mentir dano cuando permitiremos seguir destruir mexico poblema gente creer gobierno palero ganar fanatismo capaz leer articulo investigacion loret mola creeria gobierno arrecif danado mentir descaradamente inventar opcion pueblo claudia contorsion maroma circo pista disfruten votado quiebren calderon maroma salir flote ecosidio ahira sen escaldalo puerco ratas chayoteros ido siniestros peores chayoteros alvavan ineficasio delo corruptos goviernos priandejos turno estavan protitutas bendidos ovio tenian ablar vien inepto presidente ecocidio tren faya pasar igualito nefasto pri sirve octagenaria quot ecocidio momumental pregunta ecocidio monumental afectacion coral manglar pez derrames bienestar recuerden chairo mentir mostrar pierna palacio nacional seguro derrame gotitas bienestar pemex barcen contradecir novedad operar narco gobierno ocultar desastre coraje destruir costa veracruz tienenm puras mentira carajo equivocar molesta complicir forma hablar nomas castigar inutil tapar cagada inepto ignorante ratero disfruten votado chairo cabello limpiar chapopote inventos tonto valla daniela romo cuando andir robar diesel huachicol fiscal malo chapopotera satisfacer puedes buscar imagen fecha acumulado aceite mar periodo presentar imagen chapopotera imagen satelital mancha aceite medio nado presidenta deber exigir titular area ambiental pemex asea sener respuesta medio perjudicado alimentar carronero sacar raja politico mienta claudia mienta verguenza mentir morena respirar urgar limpiar desastre gobierno mes medio aparecer senora medio ambiente foto uffff periodico lopez doriga tocar limpiar imagen nahle sabotaje prian pasar derrame generar noticia falso provoco claudiaaaaa responsablee protej robo ilegal crudo inche gobierno delincuente incluir lagartija parado pais
Facebook|https://www.facebook.com/monicavtampico/videos/1604014190672921/,Facebook,5,42,saludar miercoles podcast casa naturaleza accion emprender favor fauna medio ambiente bello escenario gustar totalmente renovado cuidadisimo cuidado naturaleza importante polinizacion educar temprano edad nino garantizar prometedor conservacion recurso natural futuro felicidad lic monica felicidad presidenta tampico cuidar presidenta monica villareal anaya
Facebook|https://www.facebook.com/TampicoGob/posts/pfbid0WYGdtFJEYW7E1kEUnqiNRPp5jEAUBV836akP6nVccgkMdB41mm6XoxrgYtSn2av6l,Facebook,1,1,recorrido
Facebook|https://www.facebook.com/TampicoGob/posts/pfbid031CmtrEjDgVJed3981uWdC87QePGGkUXPnwKdfs4VZUgW5TtkLHJUp8R8psUeioocl,Facebook,2,2,tampicotecuida padrisiimo
Facebook|https://www.facebook.com/monicavtampico/posts/pfbid022BTPzeLQwSvAbRUTwUVnes3ipQ84NJ2TsmSCFG5PwhE3vzucLZDgBeZjU8ZEy47Ul,Facebook,3,51,visitar espacio conectar riqueza ambiental tampico invitar casa naturaleza explicacion biologo jorge sosa alejandre clave avistamiento identificacion ave experiencia permitir valorar biodiversidad ciudad invitar ruta observacion aves casa naturaleza disfrutar espacio responsable consultar informacion pagina turismo tampico tampicovacontodo tampicotecuida excelente visitar bello espacio gente aprender disfrutar convivir conectar entorno natural tampicohermoso
Facebook|https://www.facebook.com/ProteccionCivilTampico/posts/pfbid02c8yyfoeBcZzCWjWfpnRfyMUw2Cfeq6LaAa7MUQLXtqe3HwPznHXzLFLAHtY7DjVl,Facebook,2,54,operativo fiestas abril tampico continuar laborar operativo fiestas abril tampico seguir indicacion monica villarreal anaya presidenta municipal tampico verificacion cabo direccion proteccion civil bomberos tampico cargo jose antonio marin flores asegurar asistente disfrutar ambiente seguro protegido semana santa fiestas abril tampico esperado seguridad cuida proteccion civil proteccionciviltampico tampicotecuida tampicosomostodos bomberostampico revision fisico bitacora fundamental
Twitter|https://x.com/dect1608/status/2039428367120789631,Twitter,1,1,tsss
Twitter|https://x.com/tuespacio_1/status/2039436758627324024,Twitter,1,9,vivir humilde calle colonia mandar manita gato vecina madre
Facebook|https://www.facebook.com/secretariadeculturatampico/posts/pfbid0UWYQf1LHbnFLgXbT9oqm8JadMrnQCespz51xvtLLd5PHbgT9BTgPJh2wnXjMoJ4ol,Facebook,3,129,actividad mes abril vien turista cierra dia nino bonito quedar agenda agenda cultural abril gobierno municipal tampico encabezado presidenta zacil villarreal anaya cultura presentar agenda cultural mes abril programacion fortalecer convivencia disfrute arte distinto espacio ciudad abril llenar color tradicional fiestas abril presentacion artistico recinto ferial conmemoracion aniversario fundacion tampico celebrar historia identidad ciudad musica tradicion tomar protagonismo festival del huapango cabo emblematico ciudad bailes populares domingo llenar ritmo plaza hijas tampico casa cultura albergar exposicion individual puella magi propuesta abrir ventana emocion figura magic girls marco internacional danza distinto espacio ciudad llenar movimiento expresion celebrar arte cuerpo escena bibliotecas municipales celebrar internacional del libro lectura voz alto cargo recoveco cultural inauguracion bibliotrueque espacio intercambio libro fomentar habito lectura cultura paz musica danza llegar distinto rincon ciudad por paz
YouTube|https://www.youtube.com/watch?v=659dzXzkkKo,YouTube,2,7,tampico hermoso vibras plaza tampico conservar belleza
Twitter|https://x.com/AlcaldesMexico/status/2039528242328359094,Twitter,1,17,ordenar oferta turistico ruta tematico ampliar derrama economico semana santa explicar estrategia permitir presentar tampico distinto angulo
Twitter|https://x.com/Jaume_Osante/status/2039539188282868141,Twitter,1,11,tampico reforzar alumbrado publico luminaria mejora seguridad vial tampico revistadebate nota
Twitter|https://x.com/VoxPopuliNoti/status/2039539584749404649,Twitter,1,18,fortalece gobierno tampico sistema alumbrado publico diverso sector gobierno municipal continuar modernizacion luminaria mejoramiento infraestructura urbano tampico tamaulipas
Twitter|https://x.com/elgraficotamps/status/2039540766796570752,Twitter,1,8,fortalece gobierno tampico sistema alumbrado publico diverso sector
Twitter|https://x.com/HOYTamaulipas/status/2039542435890536883,Twitter,1,10,tamaulipas fortalece gobierno tampico sistema alumbrado publico diverso sector enteratir
Twitter|https://x.com/gruponoticiaspc/status/2039542791617786319,Twitter,1,19,fortalece gobierno tampico sistema alumbrado publico diverso sector gobierno municipal tampico secretaria servicios publicos continuar implementar accion estrategico leer
Twitter|https://x.com/pucca_cn/status/2039544757861384695,Twitter,3,29,exigir destitucion inmediato presidencia municipal monica villarreal entro funcion absolutamente vida lujoso familia urgir urgar destitucion inmediato solucionar servir destituir agente transito servir urgir intervencion urge auditoria gobernador hermana
Facebook|https://www.facebook.com/secretariadeculturatampico/posts/pfbid02N8Y8F9PgrYeYNLEQ9xzypQVrs8YmYhqzVAWidRGzRzQSFhhJKBbG4oCU27ZHpxrWl,Facebook,4,125,excelente proyecto felicidad fusion huasteca danihel padilla juanis jimenez juanis cuicoyan juan castro lopez juan antonio lopez marialuisa estrada altamirano sara hernandez laura rivera ballet folklorico yali tlacuatzin rogelio rios diaz alfredo espinosa armando martinez gil alberto martinez carreon antonio juarez sobrevilla bft ballet folklorico tamaulipas mario carballo festival del huapango gobierno municipal tampico encabezado alcaldesa zacil villarreal anaya cultura cordial invitacion festival del huapango tampico capital huastecas marco dia nacional huapango inicio maestro especialista tradicion huapango abordar torno historia relevancia identidad huasteco resaltar fortalecer tradicion distinto mirada pierdar charla viernes teatro farol celebracion buscar honrar riqueza cultura huasteco musica danza conocimiento contexto cabo presentacion artistico agrupacion dancistica musical presencia artista invitado region abril consulta programacion completo cartelera secretariadecultura tampicovacontodo arteycultura josefina isabel rodriguez sanchez
Twitter|https://x.com/LaRedAltamiraMx/status/2039588377419268261,Twitter,2,25,red fortalece gobierno tampico sistema alumbrado publico diverso sector click leer web somoslared estamosentodaspart red averno querer barrabas liberen barrabas click leer web somoslared estamosentodaspart
YouTube|https://www.youtube.com/watch?v=YLL7PvctjJI,YouTube,1,2,luna lleno
Facebook|https://www.facebook.com/reel/4316266108653361/,Facebook,6,48,importante mejorar servicio incorporar canastilla metro fortalecer alumbrado publico iniciar modernizacion avenida principal luminaria watts mejorar visibilidad seguridad actual reubicar calle secundario optimizar recurso mantenimiento poste incluir pintura ano tampicovacontodo tampicotecuida excelente presidenta tampico tampico brillar felicidad presidenta excelente cambio tampico cuida mams noticia deber normal equipo necesario
Facebook|https://www.facebook.com/reel/1899022397395066/,Facebook,3,22,seguir continuar labor limpieza canal pluvial colonia borreguera reforzar accion cuidar familia tampiquenas tampicovacontodo tampicotecuida excelente respuesta lic monica villarreal excelente presidentar
Facebook|https://www.facebook.com/PrevencionDelDelitoTampico/posts/pfbid036tUoY6GpS3JEt8V5su2XyMufkm1XiNn7s2rnRKiaKMyeKSWss1dWzLjBgk3mBYnSl,Facebook,11,411,autismo forma persona sentir pensar mundo enfermedad forma distinto ninas nino tea trastorno espectro autista conducta caracteristica puntita oido ruido fuerte perfeccionista mano aplaudir balancear lograr emocionalmente abril dia mundial concienciacion autismo amable inclusivo delincuente arteli expr torre colonia unidad modelo tampico amaguir cachazo escopeta gordo atra acercar mencionar salir valiente andar armado nuevamente traer gafete identificacion distancia sacar sinceramente delincuente volar minimo dejar perfectamente disparar recorrer metro armado tirar celular camara corporal traer tercer camara danar grabacion algun aparato hackear telefono echar anteriormente cargo camara corporal estilo policia line evitar hablar claro salir arteli area ajeno deber pedir permiso indicacion personal tienda andar armado ingresar area pubiica pequeno area caja pasillo fruta tienda alto afluencia gente salida falto comentar adulto traia celular supuestamente indicacion cosa prohibido traer celular protocolo seguridad traer celular principio hablar telefono informir andar llamar telefono queja informar equipo radio comunicacion salir operador radio comunicacion grabado grabandomar celular traer salir comun seguido walmart hidalgo hidalgo walmart aeropuerto soriano aeropuerto chedraui centro arteli centro centro tampico vuelta novedad afore mercado farmacia similar bodega aurrera san pedro mercado farmacia similar farmacia similar oxxo farmacia aurrera san pedro cometra mercado pasillo mercado madero altamirar reciente infonavit esperar transporte nuevamente sacar dinero empresario sur tamaulipa querer salir mandado normalmente cualquiera ciudadano derecho grabar denunciar empresa cometra empleado andar cometer algun delito obligacion cualquiera ciudadano presentar video prueba cualquiera andir armado llamesar policia soldado marino guardia nacional escrutinio publico funcion labor portar arma fuego gordo reir creer suficiente soportar video empiezo subir noticiero nacional aparte presentar denuncia servir seguridad publico nivel fgj servicio empresario servicio poblacion caso unico almenos caso denuncia campana quererte correr sur tamaulipas tecnico cajero complicir justificar presencia cometra cajero denunciar medio legal comunicacion denuncia derecho humano represalia denunciar delito grave esperar llegada policia estatal sorpresa llegar patrulla fallar memoria mandar coca cola jueves agua llegar exacto nuevamente complice cometra continuo llegar policia diferencia hora jueves exacto encomienda cometra panamericanos una mugre policia estatal mostrar escucharon meter gente arteli informar guardia arteli situacion gerente querer estatal derecho querer grabar ley olimpia ley olimpia ley olimpia prohibio ciudadano cualquiera grabacion corrupto mandar trabajador denunciar empresa cosa hariar vehiculo personal involucrar ley ciudadano deber molestar forma casa cualquiera erea publico absolutamente incluir civil servidor publico perteneciente empresa llamar libertad unico ubo persona sali amanecer tienda portar atuendo parecido personal fgj andar moto semana entrar adivino comunicar real minimo hora encontrar pronto martes manana soriano aeropuerto walmart aeropuerto posiblemente nuevamente expres transitar
Facebook|https://www.facebook.com/TampicoGob/posts/pfbid02Emk5NecF7CTsYnLotmA323BAbj5xopfsMSRTyc7kCfSuUxUA2SJrsjDGmtAtqAiWl,Facebook,8,54,sorpresa regalar pase doble concierto bronco participar dejanos comentario cancion favorito banda ganador seleccionar azar participar pierdar oportunidad vivir experiencia libros tonto oro bronco volver enamorar zapato tacon fregar termino baile avisar auno ganar deber boleto evento mandar ganar sandra nava sandra gamez donde reclamar premio nooo olvidar dejar terminar exito bronco querido saludo
Facebook|https://www.facebook.com/monicavtampico/posts/pfbid02Je4VevqKybfBFKujw5RHBNR1t9D4heraTY6MpGu4JzsHLRVmzMBB3wDTKnLJEKLPl,Facebook,8,23,turista favorito felicidad felicidad nieto presidentar nora izaguirre turista guapo guapo danielito abuela feliz guapo nieto bendicion guapisimo nieto chulado contento disfrutar tesoro
YouTube|https://www.youtube.com/watch?v=clBKo_ZwbYQ,YouTube,3,16,felicidades precioso ganastser fuerza tenacidad bendigar familia felicidades lindo exito bravo logro umplir meta felicitacion familia
Twitter|https://x.com/EjeConurbado/status/2039760049350877643,Twitter,1,11,abate rezago alumbrado publico iniciar programa renovacion sistema tamaulipas tampico cdvictoria
YouTube|https://www.youtube.com/watch?v=GRAuv38LnZw,YouTube,98,500,expulsion encierre juzgados alta patria enviados cadalzo minimo paredon traidor patria peso ley mexico caer viva claudia salir local nacional ejercito crear falso puro bla salir reactive traidores patria corruptos querer comentario comentar historial inventar convenir simple comentario mundo entero comentario pensar perdona protejar religioso domingo ect pena muerte pensar pensar jecucio corrupcion mexico nivel gobierno armado corrupto cabeza vaca madre peso corrupto pais chm carcel nomas deber decomisar paredon exilio vecealmiramte muerte jamas cabeza vaca alito xochilt elektra salina pena fox gortari hermano hijo etc etc robl juzgar patria baja decomiso anos carcel perpetua acuerdo pena muerte castigar perpetua marino traidor patria arma matar fuerza armado propiedad saquenle sopa carcel involucrado perpeua castigo desonerar fuerza pais limpio saqueo desviacion programa beneficio funcionario desaparicion aviador organos solapador complice manejo encubridor gente principios ano hacabar decomisar ley traidor mexicano defrauden mexicano deber peso ley escarmiento seguir mano serio parariar marina delincuente juzgar peso deber deber justicia perpetua descarado militar eslabon funcionario marina informir mananera medio golpear corrupto silla electrico gas cadena impide partidox politicos delincuencia corrupcion delincuencia preguntenle aceptan pri prd movimiento ciudadano organizada apasarlo infelicrs merecen pagar general angeles descubrir juicio perdidron comentario marina acuerdo unidos expulsen cadena seguir robar paises castigar pregunto ciudadano aplicar castigo tradicionales ocupen puestos disfrutan robado justicia participan ciudadano espero delicuent justicias perpetran delincuencia organizada mexicano pone juzgar dictar espulgar inaceptable den degradados encarcelados dinero delincuente publico relaciones alto encarcelan ensanan manuel farios traidores arraigado complicidad gobernar querer querer mexico estructura complicidad denuncia pasar luz ilegal dimension soborno lavado actividad criminal hipocrita creer federal adivino traicionero millon dema merecer fusilamiento perpetuo civil anticipado conducta deven acavar rata juzgar manoso paredon ano degradar nivel nacional penalmente capital militar pagar lomandir sale maga pagar delito maloso magas unidos report see thing mexicano mandir diablo maga pagar exmilitar echir claudia omar harfuch arma arma militar peco vaca detener rigor traicion vivo decomisar repetir general pancho averiguamo cunta metido pais mexicanas ejercito fuerza marina guardia involucrado narcotraficantes organizada guachicol hidrocarburos rata disfrazado autoridad verguenza siii decomisir querer pais mandarlos suficiente deverian quedar costarcia cargo verguenzar cevero castigo autoridad aberguenzo pais suficientir baja justicia pueblo condene traidores abuso federal confisque yyyy bancarias regresen pueblo maxima funcionario traicionar robar nacion pueblo justicia dictamina vende duro malos ambisioso mal habio botiquin castigo expilsar mari juicio juramento automatico publico exepcion perpetua resarcir ocasionado nacion perverso fusilelo institucion ganar comida perpetuo para pensar cometer volver traicionar involucrado devar pagar lar implementar ala precidente confio pueblo confiar confisquen robado mes atras pueblo vendiar comprar barato dejar huachicol gobierno antiguo trabajador judicial comandante malo sana caden ipocrita kelo denles capital basura ala terminar problema desgracia amexico agarren acabar justicia perpetua contrabando autoridad ala electrico pura queder deberiar aser exigir malandro merecer que familia valer perder puno billete sombra vida gozar robar piso patrio claudia viejo revolver noticia viejo estudien crear cuidado narco maton justo aiguir mundo cambi preocupar hotel vender podrido bola quitandolar aprender bastar vividor fuerte traicionar patriota acuerdo ojala favor asesino votar hermano bastar
Twitter|https://x.com/TampicoViral/status/2039777122193920389,Twitter,1,22,usuarios tampico acuerdo facebook organizar bloqueo protesta caso ezequiel cheque gonzalez monica villarreal capturar asesino protegido pronto venir avalancha justicia social tampico
Facebook|https://www.facebook.com/reel/951305644059056/,Facebook,3,12,tamul arenal quedar mural bonito arbol vida monica villarreal saludo maestro panchito
Twitter|https://x.com/Jaume_Osante/status/2039917486041121279,Twitter,1,22,dia mundial autismo luz adriana villarreal anaya encabezar emotivo convivencia impulsar inclusion apoyo familia atencion integral nina nino tampico tampico revistadebate nota
Twitter|https://x.com/biggerthanvic/status/2039924255685492894,Twitter,2,9,acabar romper tradicion familia destruistar gobierno tampico amiga context
Twitter|https://x.com/pucca_cn/status/2039969019726336166,Twitter,2,19,tratar senores gobierno morena mandado amedrentar viuda pedir justicia huevon huevona monica villarreal amedrentar viuda mana gracias votar morena
Twitter|https://x.com/TampicoViral/status/2040504208500064559,Twitter,1,40,mensaje eneri balleza exigir justicia ezequiel cheque gonzalez colonia morelos tampico ano existencia retirir apoyo alcaldesa monica villarreal resolver caso complicar seriamente reeleccion tampico personal feria tampico agredir mujer familiar ezequiel cheque gonzalez protesta pacifico exigir justicia atropellamiento tampico tamaulipas
Facebook|https://www.facebook.com/secretariadeculturatampico/posts/pfbid02hQCBsFMDnghP1Mh8pmRzDhrtr6HtH1H9iDUtXoES1q7tXzrhzhkMaHnjZnN7ixfSl,Facebook,9,108,bailes populares gobierno municipal tampico encabezado alcaldesa zacil villarreal anaya cultura cordial invitacion bailes populares domingo marco jornadas paz cultura paz cabo tarde lleno ritmo convivencia ocasion participacion pollo ruiz ambiente disfrutar musica baile espacio sano convivencia domingo abril plaza hijas tampico entrada libre secretariadecultura tampicovacontodo arteycultura cambiar grupo variable baile permanente domingo senora monica gente kiere domingo sano diversion traigem otrav calixto mendes deberiar invitar huapanguero norteno versatil wewa samantha limantur pelee orden ambiente familiar ami gustar baile bailar nadamas dia gusto senora promocion gustar empezar cosa byeee seguir bailes wow padre sacudir polilla desestresarno gracias presidenta monica villarreal departamento cultura excelente tarde empezar acabar temprano marinba
Facebook|https://www.facebook.com/TampicoGob/posts/pfbid062nsJKfgtMsU5stzYxDHP9FT5RQQ1KfanrqF2uhR6dVYjZG8HJNxXpmH4cqHZgP8l,Facebook,4,38,sorpresa regalar pase doble concierto gabito ballesteros participar dejanos comentario turistico favorito tampico ganador seleccionar azar dejar comentario participar pierdar oportunidad vivir experiencia playa miramar clopatra felicidades ganadoras favor privado reclamar premio felicidades ganadoras favor mensaje entrega cortesia
Twitter|https://x.com/Vachyo/status/2040502180218913041,Twitter,6,100,atencion importante deber ofrecer banco dinero nomina rendimiento tasa interes digital ofrecer rendimiento anual nomina dinero dinero banco fijate mario cuadro mifel rendimiento aca tampico cual opcion banorte inbursa mifel representacion zona sur tamaulipas saludos gracia reflexion oportuno cuidir cuadro digital mifel pagar migrar nomina banco saludos gracias mario esposa fan seguir diario atypical abrazo cuidir btw andar tampico cambiar mini asesorio atracon marisco corte carne jajaja saludo saludos abrazo andir alla torta barda jardin corona existir existir alternativa depender gusto especifico tampico zona gastronomia mundo mundial marisco fresco guisado gourmet corte carne lujo comida huasteco bienvenir namas avisar saludo
Twitter|https://x.com/AnaC8291079432/status/2040103097939145043,Twitter,2,36,irresponsabilidad dejar mujer perder esposo atropellar imprudente dejar tampico senadora seguir acto campana anticipado tamaulipas deber pesimo legisladora tamaulipas gracias senador pegar infografia tomar querer propaganda bloqueo paz control dano realidad cambiar iniciativa aprobada ausencia millon
Facebook|https://www.facebook.com/TampicoGob/posts/pfbid02exYiw9pRrTV4ZTuePA2ZbBmjrr2TMgtCrHNLDbxf1Jh3qeGJMskwVX3L3k3EqPh2l,Facebook,1,33,tampico arrancar semana santa fuerza dia vacacion marzo abril puerto registrar visitante sitio turistico pesos derrama economico cifras reflejar dinamismo confianza destino terminar conteo oficial semana santa continuar cerrar domingo abril tampicotecuida tampicovacontodo
Facebook|https://www.facebook.com/ProteccionCivilTampico/posts/pfbid0qEWSNLJjQ4f1vE7pQPEXL7L9Q1Hya6BATDQRNF6C2WfbSHV8FhAUtn4pA4y8CC8Zl,Facebook,2,81,crum estacion bomberos tampico seguir indicacion monica villarreal anaya presidenta municipal tampico brindar atencion turista tampiqueno semana santa fiestas abril tampico instalar pequeno modulo atencion medico crum centro regulador urgencias medico estacion bomberos tampico equipo direccion proteccion civil tampico cargo jose antonio marin flores cual unidad administrativo dependiente secretaria salud encargado coordinar regular gestionar atencion emergencia prehospitalaria traslado paciente critico brindar atencion oportuno cuida proteccion civil proteccionciviltampico tampicotecuida tampicosomostodos bomberostampico crum fiestasdeabril apoir madero gente preparado atencion prehospitalario personal preparado emergencia
Facebook|https://www.facebook.com/DireccionDeportesTampico/posts/pfbid02wHcmBTEtqU7rNho75eNYr5oweCGVNoMBSrWEadaHcEqWYMGyPbjjP8PgbmRzsUUfl,Facebook,8,49,atento aviso domingo abril motivo aniversario fundacion tampico carrera atletico cierre parcial calle burton grossman divisoria palacio municipal tome precaucion donaldo martinez ortiz mira maria angeles reyes cortez excelente fiesta hora llegar parroquia san pedro san pablo donde cruzar transporte publico norte centro plano cerrar avenida hidalgo daniela armenta
Facebook|https://www.facebook.com/ProteccionCivilTampico/posts/pfbid0e99mheoWDLXkWabWQ4BPLhyAnoiNKhfRDiTE6Ky7uANRbQEo2iPoGyBKB5Qj63uol,Facebook,3,105,comprometido seguridad fiestas abril tampico compania coordinador estatal proteccion civil tamaulipas luis gerardo gonzalez fuente proteccion civil regional rafael chirinos aguilar director proteccion civil bomberos tampico jose antonio marin flores direccion transito guardia estatal autoridad feria equipo voluntario cabo recorrido distinto zona recinto ferial supervisar espacio asegurar continuar adecuado garantizar fiestas abril tampico conjunto espectaculares garcia seguir vivir alegria orden seguridad tampico cuida proteccion civil proteccionciviltampico tampicotecuida tampicosomostodos bomberostampico seguridadantetodo laferiadetodos ideal cuidar cocodrilo instruccion presidenta municipal monica villarreal anaya recibimos gusto luis gerardo gonzalez fuente coordinador estatal proteccion civil tamaulipas equipo feria fiestas abril agradecer visita supervision apoyo garantizar seguridad ciudadano visitante tampico seguro
Twitter|https://x.com/Jaume_Osante/status/2040264617084006637,Twitter,1,20,tampico brillar semana santa visitante impulsar turismo economia liderazgo monica villarreal anaya puerto consolidar destino favorito noreste tampico revistadebate nota
Twitter|https://x.com/VoxPopuliNoti/status/2040278309825569227,Twitter,1,16,tampico registrar importante afluencia turistico semana santa semana santa turista elegir tampico destino tampico turismo semanasanta
Twitter|https://x.com/yosoytampico/status/2040285812789575777,Twitter,1,17,mensaje eneri balleza viuda descansar juan meave asesino esposo ezequiel cheque gonzalez pagar tampico noticias justiciaparacheque tampico
Twitter|https://x.com/Bambinna62/status/2040521159725220110,Twitter,2,45,esperar derecha comentocrata sueldo sombra reflejo encontrar chisme tragedia aifa aeropuerto bonito mexico servicio mil mexicana mexicano disfrutar semanasanta tradicional asueto mexicano esperar iniciar semanasanta aifa jajaja obvio bro simpleza burdo semana santa cacha comentara afluencia diario mirar senalar aeropuerto queretaro oaxaca puerto vallarta tampico
Twitter|https://x.com/JorgeRe05610654/status/2040291071029059790,Twitter,1,3,querer vivo muerto
Facebook|https://www.facebook.com/reel/813317985148256/,Facebook,5,37,tampico vivir dia lleno experiencia inolvidable paseo lancha laguna recorrido ruta turistica lleno historia vuelta panoramico turibus visita vivero didactico municipal dia alcanzar descubrir tampico porquetampico turismo tampico mexico semanasanta borrachos volante justiciaparaezequieltampico efecto domingo area descanso
Twitter|https://x.com/JesusDeLaCruzG/status/2040517093523673262,Twitter,3,10,parecer simple fondo jajajaja parecer cangrejo comenzar resultado final maravilloso
Facebook|https://www.facebook.com/TampicoGob/posts/pfbid02nD1LjRYk5HPMucSmDfnR5ZjEJ24i81HKXN2CQRE68Ymbu4GtF1QRRATjF2zw1rW5l,Facebook,9,49,sorpresa regalar pase doble concierto bogueto participar dejanos comentario favorito cancion favorito artista ganador seleccionar azar dejar comentario participar pierdar oportunidad vivir experiencia auditorio cancion cantante playa miramar cancion cantante fercho jimenez centro historico tampico show fernando playa miramar cancion nena moxxita felicidades ganador favor privado reclamar premio ganar
Facebook|https://www.facebook.com/ProteccionCivilTampico/posts/pfbid02SCDGuGUESCwKEHPzDVoguSJuhgb8AckKmo34euKUCR6kE3Bh5Z25DCfnVWuEXXFkl,Facebook,10,93,aviso meteorologico tampico zona sur manana domingo abril informar prever ingreso frente frio generar condicion region evento norte moderado prever racha viento velocidad golfo mexico ligero notorio descenso temperatura lluvias prever chubasco disperso dia domingo descartar actividad electrico aislado periodo afectacion condicion madrugada manana dia domingo tampico cuida proteccion civil proteccionciviltampico tampicotecuida tampicosomostodos bomberostampico alondra ruiz javier vargas laura vargas gonzalez karmenchu velazquez majo torres rash vargas mike velazquez contento pronosticoss atinar eyyyyy domingo aca tampico calor lluvia frio gracias informacion metereologico madero yobio fresco madero tamaulipas venida senor ojo venir nube cielo
Twitter|https://x.com/Jaume_Osante/status/2040483085997756924,Twitter,1,18,dif tampico garantizar seguridad alimentaria grupos prioritarios apoyo llegar dif tampico entregar alimento familia vulnerable tampico revistadebate nota
Twitter|https://x.com/Liliet1787/status/2040517454384771105,Twitter,3,15,denis bouanga facundo torres jugador determinante mls citar angeles nomelopierdoenizzi deportes internet tampico tamaulipas zona
Twitter|https://x.com/RafaelG95065276/status/2040499728056529235,Twitter,4,58,llegar casa madrugada internet medio madero tampico altamira fallar unico dia descanso alguien telmex valer verga servicio izzi depender zona mamado venirte precio checar paquete caro basicamente elegir servicio malo malo jaja literal checo publicacion problema andar gente respuesta pasar hola disfrutar paquete contar aumento velocidad pierdar beneficio aprovechar netflix hbo enviar numero contacto nombre brindartir informacion nadia
Twitter|https://x.com/Vanguardia_Mx/status/2040502605353304448,Twitter,1,15,para chatarra pasar alto vehiculo perder control volante palmera terminar carrera vanguardianoticia tampico tamaulipas informacion
Twitter|https://x.com/TamaulipasHabla/status/2040503170644717964,Twitter,1,17,cdvictoria ase reportar indice minimo observacion gasto federalizado info tampico cdmadero altamira matamoros reynosa nuevolaredo riobravo tamaulipas
Twitter|https://x.com/TamaulipasHabla/status/2040503200134955511,Twitter,1,20,cdvictoria iniciativa proponer castigar rigor funcionario incurrir acoso hostigamiento sexual info tampico cdmadero altamira matamoros reynosa nuevolaredo riobravo vallehermoso tamaulipas
Twitter|https://x.com/TamaulipasHabla/status/2040503219529412891,Twitter,1,18,cdvictoria tamaulipas arrancar ano dinero esperado bimestre recibir mdp adicional info tampico cdmadero altamira matamoros reynosa nuevolaredo riobravo
Twitter|https://x.com/Devesa_News/status/2040503303738400911,Twitter,6,23,pesimo servicio izzi informar zona tampico tamaulipas falla internet mal malas copia hora internet telmex pelear peor proveedor internet internet regresar cobrar responder
Twitter|https://x.com/OscarMalibran/status/2040504682570023118,Twitter,1,20,edicion copa unidos deporte asociacion fuerzas unidas tampico convocar edicion copa unidos deporte agosto instalacion ciudad deportiva tampico fut tampico
Twitter|https://x.com/globaLATvideo/status/2040504680258891779,Twitter,1,29,tampico mexico autoridad impulsar programa sustituir carreta tirado caballo vehiculo motorizado objetivo reducir maltrato animal equino santuario recibir cuidado trabajador capacitado operar unidad facilitar labor diario caballos latinoamerica globalat
Twitter|https://x.com/charlymils/status/2040514808760406155,Twitter,2,20,cancun riviera maya cual ciudad mundo amar foto vida real sucio cara decepcionante pintar tampico joya debut despedido ano desconocer
Twitter|https://x.com/TampicososTV/status/2040505888637632762,Twitter,1,18,sabado gloria tampico continuar fiesta semana santa gente zona playa miramar bogueto fiestas abril rogelio ramos hotel hotsson
Twitter|https://x.com/Notmeanymore01/status/2040514140943348222,Twitter,2,19,tarde gustar levantar reporte falla servicio contestar hora gente afectado tampico mty proporcionar info falla parecer masivo seguir extender
Twitter|https://x.com/victoorsin/status/2040519100091265357,Twitter,2,8,taught hard take back tampico chavo pareciar nsqk
Twitter|https://x.com/junnhappy/status/2040509187709444148,Twitter,2,27,listo partidazo atletico madrid barcelona vivir partido laliga sports intensidad watchparty disfrutalo exclusiva izzi nomelopierdoenizzi deportes futbol laliga atletivsbarca arreglir falla internet tampico pesimo servicio call center
Twitter|https://x.com/elsolde_tampico/status/2040508451328315816,Twitter,1,21,pueblo viejo reforzar atencion medico vacacion servicio gratuito vacuna orientacion modulo buscar prevenir riesgo calor deshidratacion enfermedad alfredo marquez sol tampico
Twitter|https://x.com/PCTamaulipas/status/2040508731197395046,Twitter,2,39,supervision feria tampico proteccion civil recorrido verificar medida seguridad cuidar asistente instalacion seguro rutas evacuacion medidas preventivas seguridad prioridad lluvias asociadas frente frio frente temporada cruzar tamaulipas domingo masa aire frio ocasionar evento norte rafaga viento velocidad golfo mexico
Twitter|https://x.com/filatov_dukes/status/2040510140252876804,Twitter,2,20,hora internet manana tampico hola cambio telmex pagues gasto instalacion disfrutar mes servicio costo netflix mes mandame contarte beneficio francis
Twitter|https://x.com/jaibodelau/status/2040511144733909329,Twitter,2,22,visitante turista zona preguntar servicio decescorts zona recomendar info agradecer consumelocal putas tampico cualquiera navegador sacar experiencia scorts recomendar ampliamente enfrente nautica
Twitter|https://x.com/Reporteroszona/status/2040510729837560225,Twitter,1,10,almomento registrar accidente sabado gloria carretera mante altura carnitas orta
Twitter|https://x.com/Reporteroszona/status/2040512111806210195,Twitter,1,22,almomento rajatabla pasar semaforo rojo choca tumba palmera camellon tampico mante frente bodega conductor ocasionar tragedia tampico mante velocidad luz rojo semaforo
Twitter|https://x.com/Reporteroszona/status/2040512237073297480,Twitter,1,21,estamadrugada conductor carro estrellar lleno camioneta estacionado avenida torres magdaleno aguilar zona norte tampico impacto carro parecer aveo chocado huir despacito
Twitter|https://x.com/Reporteroszona/status/2040512760660845001,Twitter,1,9,excelente espectaculo disfrutar mil persona gabito ballesteros feria tampico
Twitter|https://x.com/Reporteroszona/status/2040513316288704734,Twitter,1,14,atencion hotel puente esperar habitacion climatizada remodelada ubicacion perfecto centro tampico madero playa miramar
Twitter|https://x.com/Reporteroszona/status/2040513438242283687,Twitter,1,22,proteccion civil tamaulipas recorrido supervision feria tampico objetivo garantizar espacio seguro coordinador estatal proteccion civil luis gerardo gonzalez fuente encabezar recorrido inspeccion
Twitter|https://x.com/infodemiaMex/status/2040519777123516756,Twitter,2,46,falso suspender atencion urgencia hospital general tampico carlos canseco aclarar abril hospital continuar brindar atencion medico paciente mantener operacion permanente informar sistema aire medicinal unidad encontrar proceso rehabilitacion proceso fortalecer infraestructura hospitalario senalar hospital disponer suministro alterno oxigeno aire medicinal permitir atencion continuo oportuno desmentido mentirosos
Twitter|https://x.com/tw_jmf/status/2040521098953953341,Twitter,1,7,clasico semanasanta tampico lapesca matamoros felizsabado sabadodegloria
Twitter|https://x.com/MilenioTam/status/2040524809050955850,Twitter,1,6,escapadita hora tampico existir balneario natural
Twitter|https://x.com/clauum22/status/2040524988684423497,Twitter,1,3,quierooooo tampico asap
Twitter|https://x.com/spyk3304/status/2040525026470834278,Twitter,1,8,homicida hijo funcionario ayuntamiento tampico encubrimiento proteccion gobierno
Twitter|https://x.com/BBodoqe17/status/2040525648716787720,Twitter,1,4,tampico demasiado hermoso playa
Twitter|https://x.com/sarrelangue/status/2040528125860225337,Twitter,1,6,tampico rancho heb ejercito aceptar efectivo
Twitter|https://x.com/elsolde_tampico/status/2040529184204706229,Twitter,1,15,playa tesoro vivir sabado gloria afluencia persona cita altamira disfrutar mar miguel diaz sol tampico
Twitter|https://x.com/alexgallifa/status/2040529207936135609,Twitter,1,5,contestar minuto esperar hora regresar
Twitter|https://x.com/MilenioTam/status/2040529842488168904,Twitter,1,14,porsinoloviste semana santa tamaulipas dejar saldo tragico ahogamiento accidente reciente muerte hombre caida tampico
Twitter|https://x.com/BInvernalia/status/2040530244457713928,Twitter,1,8,acuerdo hermetismo club tampico critica ritxi parecer ofensa
Twitter|https://x.com/Notmeanymore01/status/2040530324765962349,Twitter,1,11,ojala bro gente afectado compa compartir mapa zona nomas quedar esperar
Twitter|https://x.com/elsolde_tampico/status/2040534499511992536,Twitter,1,16,arranque temporada vacacional marzo playamiramar sumar visitante acuerdo report operativo implementado zona antonio campos sol tampico
Twitter|https://x.com/defensoriaifdp/status/2040535631630094451,Twitter,1,22,ifdpenterritorio tampico brigada difusion universidad informar estudiante derecho educacion libre violencia discriminacion brindar orientacion juridico gratuito caso acoso irregularidad academico negacion servicio
Twitter|https://x.com/carlos_ramones/status/2040536323182735579,Twitter,1,6,fallar manana tampico responder gana totalplay
Twitter|https://x.com/Marxiso2325/status/2040536469631320124,Twitter,1,3,internet tampico madero
Twitter|https://x.com/Pilaricalica/status/2040536574207885616,Twitter,1,3,tampico investigar gringo
Twitter|https://x.com/Jorgee_alcala/status/2040537696632713380,Twitter,1,6,dona tota mananera linares rumbo tampico
Twitter|https://x.com/MtroValadezPAN/status/2040546580537696550,Twitter,1,11,undiacomohoy morir tampico tamaulipas carlos zorrilla gomez candidato pan alcalde historia
Twitter|https://x.com/TELMEXSoluciona/status/2040549463136010658,Twitter,1,18,olvidate falla cambiate telmex pagar gasto instalacion disfrutar mes servicio costo netflix mes precio paquete mandame beneficio francis
Twitter|https://x.com/stangirlie_/status/2040554457994338358,Twitter,1,7,aldito listo finde ciudad mante manana tampico
Twitter|https://x.com/clubaldainee/status/2040554653998559473,Twitter,1,7,aldo encontrar mantes olvidar manana presentar tampico
Twitter|https://x.com/elsolde_tampico/status/2040558001321398613,Twitter,1,19,tancol tradicion recordar vivir ano vecino salir calle mascara musica baile mantener vivo quema judas alejandro angel sol tampico
Twitter|https://x.com/TELMEXSoluciona/status/2040558511751315806,Twitter,1,16,cambiarte telmex netflix gratis mes mes servicio costo instalacion dejser pasar ahorro mandame asegurar oferta francis
Twitter|https://x.com/elsolde_tampico/status/2040561189701271744,Twitter,1,19,visitante continuar llegar playa hermosa municipio puebloviejo convertir interes visitante buscar tranquilidad espacio adecuado esparcimiento alfredo marquez sol tampico
Twitter|https://x.com/vlog_veronica/status/2040561617230831780,Twitter,1,3,tampico aldo luxxe
Twitter|https://x.com/88hh8888/status/2040562120870498359,Twitter,1,16,madero tampico planeta suceder mujer susto tremendo lagarto banar laguna importante condicion meter susto laguna precaucion
Twitter|https://x.com/MilenioTam/status/2040562557963157784,Twitter,1,10,porsinoloviste muere hombre caida tampico sumar muerte semana santa tamaulipas
Twitter|https://x.com/scorpiogirl281/status/2040564243376828696,Twitter,1,12,dlv cinepolis tampico hora fila comprar comida clima nino venir estreno mario
Twitter|https://x.com/YoyoNickname/status/2040564838036857149,Twitter,1,6,hora restablez internet dia internet tampico
Twitter|https://x.com/elsolde_tampico/status/2040565077993214411,Twitter,1,10,tamaulipas vivir auge turistico miles millon derrama tampico destacar mdp
Twitter|https://x.com/ArantxaVoragine/status/2040565378045108685,Twitter,1,3,abrazo fuerte tampico
Twitter|https://x.com/Badu31634762/status/2040568221799993440,Twitter,1,8,seguir abrir girasoles garden tampico girasol photo mexico
Twitter|https://x.com/MilenioTam/status/2040570107550679117,Twitter,1,6,representacion larga tampico vivir viacrucis infonavit
Twitter|https://x.com/Lacho_Serr/status/2040570463768736017,Twitter,1,8,hora hora medio regresar internet tampico jugar maquina
Twitter|https://x.com/elsolde_tampico/status/2040570875951337484,Twitter,1,19,ambiente lucir afluencia sabado gloria playamiramar tamaulipas visitante turista local acudir semana maximo paseo turistico josue garcia sol tampico
Twitter|https://x.com/martha_bb/status/2040572185308271084,Twitter,1,3,seguir caido tampico
Twitter|https://x.com/AntonioGb815755/status/2040574623410975158,Twitter,1,5,saludos tampico tamaulipas ganar potro
Twitter|https://x.com/PedroBC93/status/2040575581364887750,Twitter,1,7,andar vacacion tampico tocar comer mapach jaja
Twitter|https://x.com/Sun_belieber20/status/2040576866356978132,Twitter,1,4,tampico aldo fiesta luxxe
Twitter|https://x.com/mbez95/status/2040577479576801524,Twitter,1,4,hora restablecer internet tampico
Twitter|https://x.com/alditoupdates/status/2040579908087271562,Twitter,1,10,aldo encontrar mante tamps manana tampico preparar fan lomencancito aldotdenigris
YouTube|https://www.youtube.com/watch?v=vD4eDoRPXHE,YouTube,61,500,filipinas time nota oir flojo audio feliz dia hermoso saludos alemania time saludos mundo valeee rato mana man tutururru felicidad llegar suscriptor interesante gente situacion deplorable desgraciadamente gobernado tremendo loco dano rencilla provocar mundo abrazo pareja informado mal pais culpa conciencia abrazo seguir animo chico arreglar motivo europa billete vuelta valer normal felicidad subscriptor haceis abrazo pueblo acogedor amable guerras provocadas mundo ganar dinero sufrimiento pueblos filipinas alegre lindo reportera acabar hola informaro iros prevenir consecuencia adverso cambio dias leizita jefe domingo temprano distrayendome magnifico llegar material proximo lucha estudio vosotro gustar formato local fundamental mostrar evivir alli disney jefe aprender clave conectar local temprano playa despues mercado comprar verdura alli saludo futuro subtitulo local sugerencia monitorizar duracion video likes video corto guanabana familia chirimoya tailandia fruta delicios propiedad guanabana anti cancer salud saludo espana filipina jajaja oir probar parar comer jajaja deber preguntilla arbol teneis parecer arbol super gracias informacion pareja bue reportaje triste acontecimiento padecer personalmente sentir guerra anular viaje nieto cuidaro seguid superais formato exito canal sembrar dia ojala energetico pasar rapido alcalde preparado afrontar medida oportuno acabo canal canal ano suscriptor todavia laredo norte visitar filipinas mujer familia dumaguete city casa alli munguia felicitaros cronica filipinas legado dejar colonia provincia imperio veais oportuno dediqueis minuto filipino etapa recuperar republica hispana ameno ano limitacion escases gracias mujer union hablar situacion gracias vosotro mano informacion saludo gracias noticia general venir felicidad informar traer realidad dia interesante reporte socializar impacto fruta llamar guanabana originario america tropical parecido menor anon annona chirimoya saludo colombiano saludo isla tenenerife informais mano cosa terminar pronto cosa peor abrazo ojala resolver pronto boston pense ise georgia novia acabar nivel mundial llano perjudicado gracia ilusion rananano maru curro meter movil subir reportaje rtve familia pasar pronto gente pasar besitos movil esperar seguir noticia alla contar conocido llegar parecido sufrir vosotro bloqueo estrecho ciudad quot huertecito sear capaz criar tomate pimiento falta vecino traspapelar vivir caiman spain dejas hablar talento reportera esperar jugar aburran rapido abrazo tenerife kumusta ako angel ninyong magkasintahan mula cadiz quejais vivir culo paisano subida precio vivir palawan contar depender petroleo camiseta comi canadu zona malaga habia nuevamente barcelona arreglar parejo gusto isabel sevilla vivir diferencia subir precio mercado licita sevilla entrante simpatico ano libreta abastecimiento libertad felicidades reportero pareja bonito hola parejita vero cosa peor ceder seguir impasible eterno gana entrada petroleo ruso trtansitar ormuz aliviar moalboal albaceteno ano estir medida familia cultivar terreno aprovechador subirar arroz cultivir hortaliza guerra consecuencia durar guerra ucrania realmente utilizar pretexto precio imaginate preocupir asiatico persona situacion asia desgraciadamente daddy yanky gata mirar cielo ventana llamar biscote grado lyon guanabana mmmmmmmmmmmmmmmmmmmmmmmmmmmmmmmmmmmmmmmmmmmm batido condensado hielo mmmmmmmmmmm mmmmmm mmmmmmmmmm graviola propiedad comentar anticancerigena disfrutad tesoro castellon espana simpatia gente super saludos alicante encantar parejo saludos portugal gustar pais compartir correo hos mandar mensaje privado dispongo instagram whatsapp gracia atento alarma energetico bajar lindo ojala bonito pais internacional solucionar lindo gracia tocar ajuste crisis tocar senor alan pesame madre vida seguir cordial san suscriptor interesante noticia espanol desaparecer
Twitter|https://x.com/VoxPopuliNoti/status/2047145751902343408,Twitter,1,21,monica villarreal fortalecer alianza mujer empresaria posicionar agenda economico tampico tamaulipas presidenta reforzar apoyo financiero fortalecer proyecto liderado mujer tampico tamaulipas
Twitter|https://x.com/Jaume_Osante/status/2047147845971488898,Twitter,1,10,mujeres empresaria gobierno impulsar economia oportunidad tampico tampico revistadebate nota
Twitter|https://x.com/gruponoticiaspc/status/2047176482066231370,Twitter,1,19,concluir exito generacion programa tampico ciudad futuro gobierno tampico secretaria obras publicas desarrollo urbano cabo clausura taller urbano leer
Facebook|https://www.facebook.com/TampicoGob/videos/1267301351705692/,Facebook,3,7,entrega becas municipales presidenta gracias monica villarreal
Facebook|https://www.facebook.com/reel/1542203164199050/,Facebook,8,54,tampico seguir ciudad condicion accion distinto mejorar vialidad brindar apoyo colaboracion comapa sur bacheo beneficio ciudadania continuar sumar esfuerzo bienestar tampicotecuida mega obra enhorabuena alcaldesa monica villarreal seguir accion beneficio habitante felicidades compromiso esteban herrerairaa pasear presidenta ave ayuntamiento hermoso uuuuuf contento bravo excelente vivar presidenta monica villareal anaya bendigar amen excelente felicidad presidento
Twitter|https://x.com/lunadeandromeda/status/2047252242676224280,Twitter,1,66,traer mordida personal gobierno monica villarreal anaya desaloja amenaza incautar mercancia par adulto mayorser vendian plaza armas par adulto huasteca ofertar guaj articulo artesanal plaza arma tampico abordar personal ayuntamiento tampico pagar vender cantidad quinientos pesos ofertar mercancia abuelito comentar venir llegar tampico traer cantidad causar molestia funcionario camisa blanco aparecer foto grosero amenazar mercancia pago gobierno humanista monica villarreal anaya tampico priorizar extorsion bienestar ciudadania
Facebook|https://www.facebook.com/reel/2076432512936961/,Facebook,3,23,realizamos cuarta entrega becas municipales reconocer esfuerzo dedicacion talento estudiante nivel primario universidad seguir impulsar educacion base futuro tampicotecuida educacion transformacion duda transformacion
Facebook|https://www.facebook.com/monicavtampico/posts/pfbid02ZSMrX6t9ck3MYfWbLbkcJ4zxXbS3ugXMYftQRMA4AaCBV7bqyWtYt2QTNUHR4xSJl,Facebook,4,28,jornada descacharrizacion jornada representar criadero mosquito prevencion recordar sacar objeto desuso llanta mueble electrodomestico acumular agua tampicotecuida col villahermosa alcaldesa monica villarreal felicito voluntad construir tampico anhelar presidentar
Facebook|https://www.facebook.com/TampicoGob/videos/3076561959401017/,Facebook,6,24,rueda prensa torneo futbol mundial intercolonias tampico excelente fomentar deporte execelente excelente torneo colonia equipo futbol ganar fumiguen colonia tamaulipas golfo excelente monica villarreal
Facebook|https://www.facebook.com/reel/967086709046104/,Facebook,8,72,invitar mundial intercolonias tampico proyecto proposito claro deporte edicion participar equipo representativo distinto colonia pasion futbol cancha ciudad rehabilitar espacio cancha baby perez joaquin olmo maracana plaza golfo plaza estrella unidep campo contar cancha pasto completamente bordo insurgentes puertas coloradas enrique cardenas tampicotecuida tampicovacontodo excelente fomentar deporte espiritu deportivo comunidad padre udm excelente tampicovacontodo armar reta udsvt udpc excelente monica villarreal gracias mejorar parque seguir impulsar deporte mundial social tampico gobierno humanista
Facebook|https://www.facebook.com/TampicoGob/videos/1284381803132520/,Facebook,5,31,dia internacional libro plaza artes excelente lic monica padre presidenta tampicovacontodo cultura gracias embellecer mantener plaza artes artesano tampico familia asistir vivir ambiente sabado clase taller mano agradecido comunidad artesano manualista
YouTube|https://www.youtube.com/watch?v=_aofL4t3qtU,YouTube,145,500,milei aprender cientifico creer zacatecas delincuente beltran amparo delincuente argentina prever miserable nomas llegar impunidad proteger miserable delincuente delincuentazo audomaro mexico faltan rata faltan jefe guey pasar mexico privado pasar narcotrafico increible prision politico carlos gortari detener hermano apellido obrador dormido mano faltan operandi caer augusto lopez etc detener guardar ano nacional rato banda hijo adan mexico lopito comanche nacional dinero jefa dinamica salir chihuahua palacio localizar mamen pesos medalla ala abuelo pasar palenque requena hdsrptm mexico libre arder pais circo andy robar dinero familiar carcel traicion corrupcion organizacion morena lopez olvidar senor millon sexenio cifra mandir mexico arrestan pais parada jeje hijos valer huachicol asociado elemento acusar deberiar arresta provoco incompetencia criminal empezar saquear pemex deshonra semar regreso chiapas hablar jefe recargar jajajaja secuas preocupir plaza morena pez puro sopa salir eua pedir verdura morena eua agarrar huevo casa dia avion ratote alinie morena hablar ensuciar institucion colmo naval ganar prestacion joden pej llamar chiquidracula faltar decena publico decena coludido machuchon kkks cabecilla capturan huachicol robo seguro verguenza robar jurar deber muerte patria delincuente aparte argumento faltar ijo adar iaus migos nombre aue juzgar aplica traicion patria andy pandillero lopez dejar bermudez traer embajada mencionar deberiar autoridad bravo omar sobrino realmente importante ley capo palenque gravisimo muru ley manana irle gravisimo rata puesto importante delincuente carcel jefe marino marina robar chivato maquinista interoceanico marina andar mmmta vuelo escala cargar pactar salvar rey adan audomaro mero presidenta carpeta gordo silencien informacion cartel llegar refundar organizado escurrir justicia salir secretario hijos comer burro susodicho juzgar sentencian quot soltar adjudicar haganlo suelte sopa demas nombre haga miedo leer opinion pobrecitos enbonar hijo entregar mano gringo mandar capaz puras humo augusto capos increible persona harfouch pongansar correctamente semana aprender critico andar tarea pensamiento criticar leer resumen viejo perico amlo andy popeye rama marino falta marinos marinos cantar caer consumidor arto cayo ratota farios identidad andaba salvaguardir amlo secuaz palenque alla habitacion chayo agarrar tendriar involucrado chayorisco mamada fiscal trafico ilegal soltar caer impunidad pez diras charal manuel pen querer gooooorrrdoooss rata unidos sopa pejendo donde lana arca bolsa morenito general encontrar rata escapar mundo serio nota cia hernan quedar caso vuelta carpetazo gobierno ojala incluir beltran carcel yambien augusto manana suicida empezar col pena petroleo codigo information cia ora acostumbrar incompetent extraditar soltar puesto federal marcial traidor hijo pancho confiscir familia hara senador mandalir sopa ojala raton sospechoso masivo pasar impunidad presirvienta garcia jugar mero lleve traicion patria rafael son natal acer escondido tabasco verguenzar lejos ejercicio cheque existir arnac san ulua retirado director raro mexicano impartir sacar dejar votar judicial corrupto noticias duda golpes poderosas integrante gobierno gobiernos complices dejaban llenas poderosos cuello nuncir diferiencia aser peor abririar cloaca historia politico defender aplicar ley mexicanos dudar general desfalcar millonario funcionario publico federal agalla personaje temblar forma salir directo cualquiera comprado detencion pais corrupcion pedro garcia huachicolero mandar verguenza secretaria argentina complice permitir estupidez brother directo har fifa suelte sapo embarrado embajada representante agarre obrador enserrar pariente alguien mechinarcos puerco civismo pobre cheken
Twitter|https://x.com/Devesa_News/status/2047439745790169412,Twitter,1,11,encuesta rubrum alcaldesa perder eleccion nuevamente candidata presidencia municipal tampico tamaulipas
Facebook|https://www.facebook.com/reel/2087060371859342/,Facebook,7,70,celebrar dia internacional libro reconocer palabra identidad cultural inaugurar espacio honor sor juana creador tampiquena mujer dejar huella talento sensibilidad rendir homenaje escultor antonio lopez cuyo invitar sentir reflexionar invitar disfrutar poesia arte recorrer espacio lleno libro historia sigar tampico ciudad vivir celebrar cultura tampicotecuida presidenta preferido excelente presidenta monica grato significativo evento plaza quedar bonito felicidades bonito quedar excelente alcaldesa alcaldesa monica excelente gracias espacio arte cultura acudir ciudadano
Twitter|https://x.com/EleeseNoticias/status/2047454757757858083,Twitter,1,14,gobierno tampico alcanzar hito impresionante millon pesos destinado beca inversion futuro joven cdvictoria tamaulipas
Twitter|https://x.com/Jaume_Osante/status/2047469893881102365,Twitter,1,12,becas tampico impulsar sueno estudiantil apoyo municipal ciento familia tampico revistadebate nota
YouTube|https://www.youtube.com/watch?v=dBNiNRT2YM4,YouTube,1,13,acuerdo ete gobierno preguntar pasar forro opinion puebl oque llegar contrario descalificar denostar
Twitter|https://x.com/Jaume_Osante/status/2047512168740839524,Twitter,1,12,tampico honrar sor juana celebrar talento femenino espacio cultural tampico revistadebate nota
Twitter|https://x.com/VoxPopuliNoti/status/2047521512723198121,Twitter,1,23,devela monica villarreal escultura sor juana ines cruz inaugurar espacio creadoras tampiquenas escultura sor juana rendir homenaje libertad pensamiento critico conocimiento tampcio tamaulipas
Twitter|https://x.com/gruponoticiaspc/status/2047538234129891734,Twitter,1,21,superar gobierno tampico millon pesos programa beca reiterar compromiso educacion alcaldesa monica villarreal anaya presidir dia cuarto entrega beca municipal leer
Facebook|https://www.facebook.com/TampicoGob/videos/1321722146720258/,Facebook,5,28,sonrisas bienestar colonia luis echeverria decena beneficiado programa sonrisas bienestar monica villarreal lic excelente dela precidenta monica villareal aquipo bienestar social excelente programa seguir cuidar pueblo tampiqueno sonrisa
YouTube|https://www.youtube.com/watch?v=vlFRSnmSbLU,YouTube,31,269,hola dia puro choro maraeadores unico implicado imposible mover huachicol empresa vivir punado persona aja caer ratero vender patria lopez obrador cuando empezar detener delincuente asociado seguir dema involucrado gobierno chihuahua oposicion hechsmdo enzima empezar presidenta presidenta explicacion secuestro faltar etc dia carmen manana informir venezuela felicito saludo presidenta gobierno felicito punta iceberg huachicolero minimizar gobernadora traidoro ala patrio devir jusgar pelos elote desquiciado cosa dia contrario mexico republica federal denominar libre soberano chihuahua gobernadora violacion ebrard violacion claro querer andrea madre ellar responsable pasar caida ahira pide explicacion gobernadora chihuahua dejar familia lopez adar augusto monreal norona richa narco politicos morena explicacion juez exonerar facto presidenta narcopresirvienta batman iztapalapa corrupto nieto asesinos batman mole robocop izquierda claudia gato favorito caso nombre querer agarrar oportunista arrojar resultado bravo gobernadora chihuahua habemus gobierno involucrado gobierno norte ejercito control narcopoliticos dias violando ley dias burra hablando oreja violacion narco hartfuch clau lopez etc etc corazon reto gobierno blandengue empero hora pensar ejecutar consecuencia violar ley soberania pais esperar permiso extranjero patria consultorio excusa codigo penal calentar banca mexico enfrentar grande potencia tibieza hagas mona cerillo comport pelelir articulo codigo penal federal ano carcel escrito cuando ponte pila cobardia facturar historia recibo deber aser romper disque pacto federal centro servir robar dejar narco pacto gobernadora vendepatrias jurar tomar cargo respetar respetar constitucion juicio politico vendepatrias jaja pasan biolando constitucion garantias seguridad etc etc encarcelen vender patrio federal sabian negocio ilicito componer gente marina funcionario federal aduana cargo marino jugada ideo organacer moren sonrojan tratar menor millon pesos rasgar vestidura asunto agente americano chihuahua soberania nacional senor robar arca pais soberania inmutar atropello
Facebook|https://www.facebook.com/reel/2229451294550893/,Facebook,2,81,inspirado firme proposito presidenta municipal monica villarreal anaya abrir sendero arte cultura florecer ciudadania gobierno municipal tampico espacio cultural metropolitano invitar vivir tarde ensueno dia internacional danza metro querer vivo encuentro poetico titulado danza tradicion contar historia identidad pasion anotar detalle preparate disfrutar cuando miercoles abril hora esperar donde magico jardin artes admision entrada totalmente libre ven testigo zapateado firme tierra elegancia ballet dibugir mosaico inolvidable luz atardecer presencia fiesta especial tampicotecuida tampicovacontodo elartevacontodo danzatampico metro arte ubicado jardin artes metro
Facebook|https://www.facebook.com/monicavtampico/posts/pfbid0k6VS6fDoTYh84CXu1avf8uTpStywJbySqs56tAGT4Y8yLfdyKNzLrcnJnRpyzx6xl,Facebook,8,78,programa sonrisas bienestar colonia luis echeverria campo baby perez familia acceso servicio dental totalmente gratuito calidad generar ahorro importante economia acercar beneficio directo forma claro respaldar necesitar cuidar bienestar tampiqueno campo baby perez viernes tampicotecuida cercania gente valer gracias programa ayudar gracias alcaldesa monica villarreal enhorabuena excelente programa salud bucal ciudadania excelente gracias lic tampicotecuida parecer increible labor programa sonrisas bienestar colonia generar ahorro importante economia familia presidenta monica villarreal ecxelente equipo presidenta tampicotecuida tampicovacontodo diftecuido fomentar sonrisa
YouTube|https://www.youtube.com/watch?v=051nB8lr8zQ,YouTube,5,40,extraditar eeuu mexico liberar rallar soltar rebote vivir vida pasar merci avocato presidente mexico claudia sheinbaum bonna diaz auguri google falouh mohamed import export vedi mode deportar hora eeuu mexico cia tmb pedir cabeza matar cubrir hijo peje morir marino
Twitter|https://x.com/LaRedAltamiraMx/status/2047718554544280026,Twitter,2,19,red superar gobierno tampico mdp programa beca click leer web somoslared estamosentodaspart red suspende anam ruta vacio puente colombia
Twitter|https://x.com/EjeConurbado/status/2047738568181755983,Twitter,1,12,padron beca municipal tampico sumar beneficiario cuarto entrega estimulo educativo tamaulipas cdvictoria
YouTube|https://www.youtube.com/watch?v=KPMMJ2_lCrI,YouTube,10,44,lerdade president delmundo lentesa desespero pregunta presidente dejar huir jueguito mexico involucrado mero mero cinico dejar diestra siniestrar querer delante makillaje entrar petroleo mexicano lei canpesino dueno liberar cristinaaaaa matar emprendimiento trivago mierdoil mandir trump letrero soler argentina unidos bla bla bla mentira eche
Facebook|https://www.facebook.com/TampicoGob/posts/pfbid02A2ScAN9Y7Jeq28dZhSFKdaDX3LHTtpKWoKG6xMAkE1xZSwwVgZorVYT9ZguFQCo1l,Facebook,2,40,excelente participacion tampico reunion nacional proteccion civil gracias monica villarreal anaya apoyo jornada clave ciudad orgullo ciudad veracruz equipo proteccion civil bombero actualizar protocolo perfeccionar estrategia emergencia tampico cuida proteccion civil prevencion herramienta felicidades participacion seguir sumar esfuerzo tampico seguro
Facebook|https://www.facebook.com/TampicoGob/videos/27126853653586251/,Facebook,6,15,inauguracion copa joven genial evento deportivo excelente evento evento padre evento excelente deporte unir familia
YouTube|https://www.youtube.com/watch?v=DDcZScE8VGs,YouTube,209,500,justicia fiscal aguas cuerno sabio aguas mega alias morena quieren atraviezar tratar protegido politico delincuente delito supervivencia vida caray mexicano seguir respetar repetir atypical pasar votacion puras informacion cuento metar mexico argentina presidenta basura ahorita sangrar desangrar afortunadamente trump atrevir celda negro justicia baba ojala liopez gente reputisima charal apresado directoa amigos pasar fbi familia etc presidencia fuchi peor desgracia trabajador maskota pesadilla copado sacar trump pend pagar obrador justicia barren pillo pasar encontrar nombrado justicia juzgar recibir porque llegar seco cochinero pez morena pedir laguna salir hijo pagar llenadera lista pinche inventar querer leer pueblo expediente proteger prinsipal cambio corrupto perdonar crimen precio perdon chalan jefe entamr narco video nino permiso boca mundo ratandy esperanza ppchompiras parasito lopeznarco lleven pagar noche fiscal adecuado lozoya millon imaginar beltran investigado ayipical repetitivo participar adan etc informar dinero gente apoyar comprobado malditos narcos guachicoleros terroristas peor peinado redundancia quitar supuestamente kks sentir pemex contundente andres foto gana medio pura pmadre pendejo claudia juarez ojala llamarado puro pendejo jediondo favor amarillista caigan manejar eleccion bla verguenza vengar huachicol augusto regresar paraiso cacandy narcolopez mujer limpiatar babos mierda fiscal decomise obtenido ilicito estudio obtenido seguridad fortalecer adulto justo dema merito deshonrar armado poblacion jactir empezar podrido sheimbaum mario beltran sirvient guaymas donald pedir aya caso confianza beltran agarrar huachicolero argentina morena gringo soga pasa eeuu bartllet encargado electoral estadounidense ramon puta ehh mentiroso confirmar regresar ministro cansar maligno maximo scjn diputado puebla pueblo willy mentira inventar vayansar unidos pronto ayuda patria eggs titiritero impunidad mexicano paloma habladuria maldito atypical gobernadora ley delincuente mundo manifiestir responsable robado cara narcoprian perro diciembre miedo jueces experto transa diseno lujo quitar vasofia nalgas dela ratas kks narco gasolina litro vajar chingada narco casualidad desvivirron tranzas macuspano delo coludidas dela dictadores delincuencia arrodilladar poreso vajar favor invites saludos majenta cordial bendicion aca impunidad pendiente loco divina encontrar terrible regresar reforzar medicamento justiciaaa tapar pretendiar americano tocar soga unidos fondo expiatorio gozar chingar cazo mujer rata buitre pinche mentira oper clan cinico ratero cancer hora anticipar legal preso unidos encontrar agusto andres nivel andres jugoso agente mecha hampon corrupcion vengar fondo narcopolitico corte perseguidor rata mas rata ecocida aliado vejete zangano hambre beltran robo hacienda marcela parar show dia robo alcance danar ayudantia merolico hora frente blanco presumir todologo complice ayudar pagar hora metar hipocrita yes viejo regresen perpetua hambreado patria medio lacras jamas asesino gusano miserable aki tarde necesitar creces pura purar evidencia sigan jaula muchisima ejercito frontera fechoria consecuencia guango muerte situacion muerte acabar presidenta presion miedo arco miembro eya actuar arco andi iniciar defienden alla preciso caro importante doler destruido esperer cuidado roba narcotrafico camarena dea rafael miro mano mariguana mano culpable ahorita vampirin hablar salir corruptazo desgobierno ignorante alch corte cara mugroso narcoprian meter wow consecuencia blanco merecer video nariz comiencir equipo uds corrupcion ladron parejo apoyo claudia robar castro comunista pruebas felicidades entender caida putin alazraki materializa estilo morenarca interes encerrar imaginensar racionar falso corrupcion enesima fiscalia temblar marco terrorista venir pez pez barba perro
Facebook|https://www.facebook.com/reel/1269181822035644/,Facebook,9,83,programa sonrisas bienestar seguir impactar positivo familia tampiquenas colonia luis echeverria acercar atencion dental gratuito calidad apoyar salud bucal economia necesitar persona beneficiar programa transformar sonrisa mejorar calidad vida seguir cuidar gente bienestar tampiqueno gcs presidenta pendiente ciudadania bendiga medico participar noble causa tampico punta lanza programa bienestar sonrisa bienestar decena tampiquenos gozar sonrisa tratamiento limpieza dental reposicion pieza extraccion gracias monica villarreal alcaldesa tampico avanzar trabajador ayudar dia lic monica programa exente excelente equipo accion concreto demostrar compromiso bienestar gente presidenta humanista
Twitter|https://x.com/soy24siete/status/2047811180404580588,Twitter,2,26,persona beneficiado programa sonrisas bienestar impulsado programa generar ahorro familia atencion directo colonia tampico humano referir secretario general gobierno tamaulipas sergio carmona reconocer convivir entrar politica
Twitter|https://x.com/Reporteroszona/status/2047826945446949269,Twitter,2,41,impulsar ayuntamiento tampico comapa sur accion conjunto beneficio ciudadania fortalecimiento interinstitucional alcaldesa monica villarreal anaya recorrido colonia jesus elias pina almomento carro terminar destrozado frente camioneta acabar camellon llanta brutal cruce obregon francia madero agente vial arribar vialidad sitio semaforo apagad
Facebook|https://www.facebook.com/monicavtampico/posts/pfbid02EgxMw8zBqm8C61pa5koKe9JtusGGLSL1zKVkESHifcsWRHNkdk44rE6uxZHXfK55l,Facebook,3,7,felicidades alcaldesa grato evento convivencia felicidad miy
Twitter|https://x.com/EleeseNoticias/status/2047858917699416451,Twitter,1,9,arranca monica villarreal programa sonrisas bienestar colonia luis echeverria
Facebook|https://www.facebook.com/TampicoGob/videos/800358819518381/,Facebook,3,4,deporte estubo rodar balon
Twitter|https://x.com/HOYTamaulipas/status/2047875249333575909,Twitter,1,11,tampico tamaulipas arranca monicavillarreal programa sonrisas bienestar colonia luis echeverria enteratir
Twitter|https://x.com/VoxPopuliNoti/status/2047890808695632212,Twitter,1,21,arranca monica villarreal programa sonrisas bienestar colonia luis echeverria gobierno tampico ofrecer atencion dental gratuito unidad movil equipado monicavillarreal tampico tamaulipas
Twitter|https://x.com/gruponoticiaspc/status/2047913493584613394,Twitter,1,22,arranca monica villarreal programa sonrisas bienestar colonia luis echeverria accion encaminado fortalecer salud publico garantizar acceso servicio medico calidad zona prioritario leer
YouTube|https://www.youtube.com/watch?v=k7nN9C-KJ54,YouTube,272,500,milei dejar mande amplien implicado chancluda extraditar deseo unidos regresar salir fiscal richillon mandenlo pobre viva viva pardo morena garcia presidente arrastrar enredado mujer huachicolero ojeda lopez fuerte rafael marina dejar corrupto humano ennel claudia lios deporte bonito informacion mandir mexico escapar invasion unido emitir interpol richi apoyo sacar circulacion registro caiga huachicol manuel cuantos proteger pais mexicano barredora caso mes narco presidentar interpol mentiras viva quedar sopa precidente miley obra cartel haajajajajaajajaja eeuu ardido mal papear gracias tristemente partido realidad contrabando ilegal nombre defender alatorre pueblo amarillismo seguro red saludo aguantar jajajaja macuspana actor demente ridiculo racista deporten saludar repercusion caro morena cerdo agarrado servir gobierno pais convenir politico causa sociedad pensamiento capturar cuarta delincuente ayudar libre narcotraficantes apodero cantar judio pros adios vllc aliado fiel deporte narcomoreno trump tocar poblacion pedazo laredo realidad enojar encubrir socio trump entregar entregar preferible agente traga cabezona ardido mitrozon eeuu senor presidente malvada azteca derecha enojar delincuente podredumbre cristina corrupsion apoyo admiracion siglo trump ala recibir corrupcion fue caigar francamente morena premiar see gentleman top asco acordar narcoestado almirante auxilio hablar meter ygual azteca seguidores andar jajaja politico alegato evitar unico criminal sheinbaum libre delinqueir arguendeeeee capturar enterado bola eunuco acabir papear seguridad farios sacar gordo noche lastima politico cinismo liberar confirmar medio dejan alla lider cloaca exprimar favor informe huachicol lopez desparecer informacion requena augusto obrador importar patron risa presudentd directo mencho ladron cuidar empezar raza rica debeer mandelo brooklyn center eternamente estres puesto santa pobre ojo mirar keselocarge detencion escandaloso felicidad duda nivel luz oscuridad social manipulado provecho abuso patria salir diablo condenado andar israel burro capitan epstein netanyahu mundo chupacabra serio latam desinformativo vivir moyse burro noche torre quedar tenia girado inventir mundo romper lambe romper dia trato sopa jefe volado sexenio marina opinion chino caer sociedad extradicion ley abla pedofilo reportaje vendepstria paniagudo alerta patron entregar inculto arma mandir mandelo lambe prianista patria bota circo cantar exhibar miliy faltar adema golfo interroguen nivel sucio cumplir mal erisn mandir mechichorros malo netar mala credibilidad noticiero pan pueblo asta sheinbaum mexicano caso jajajajajaja interesar dinero inocente exigir comunista gracias javier convertir gente javier ensuciar shietbaun azteca paredon digas mentiras escala aca escuchar lambe resultar macuspano deseguro bota arjentina gato jajjajajajaj pobre desesperacion falla israeli cagar tranquilo ridiculo carne hambre israel carcel libertad pagar comprar traficante aser agan interesar obviamente medio amarillismo minut wey halar serio todavia ocurrir alber tendencioso interpol palantir thiel juego drama insulto wow parecer esperar peje diganme soltar juzgenlo suficiente echo entregue sembrar mafia detener jrs eeuu poetico declarar asociacion chiapas olla suicidar ayudo epico limite morenista guachicol corrupcion presirvienta humanos regimen gringo importar papen gracia canjear seguir guachicol mandarar cheque banco cola escudo motosierra toxico hablar pueblo cuneo pagar territorio asta peinado rifo final noticia nombre jefe amlo buelta felipe papa matar torre ascir basura llegar extraditelo gente aga aco tierra internacional amarillismo existir pagar cardenas tell expulsar traicion chato mal apropocito sheimbaum sionista soros deber moren conflicto continente totalidad popularidad moren menso llevese gente capitalista
Facebook|https://www.facebook.com/monicavtampico/posts/pfbid0kzN9Vh5ebVrrZ1GaNiif7tjGecEQnbQGip5JfSJ8DXdEdERgE8CJfbQK52jHLi4Ml,Facebook,5,48,inaugurar copa joven ciudad equipo nivel medio superior participar torneo impulsar deporte fortalecer respeto disciplina equipo copa joven jugar abril modalidad futbol reconocerer esfuerzo premio economico trofeo medalla seguir joven oportunidad real crecer convivir cumplir meta tampicotecuida enhorabuena alcaldesa apoyamos presidenta super padre excelente tampico gobierno morena morena
YouTube|https://www.youtube.com/watch?v=gr41_RWYxZI,YouTube,12,70,mexico narcoestado dirigido presidente bruta tia mandir unidos rey huachicol fiscal andres manuel lopez obrador rendir vijito narco pedir inmediato claro querer agarrir gringo sacar informacion pegar duro lopej lagartija prejidenta defensa mafia presidente mugrena robrador barredora serrar declarar pedir extradicion popositores ahorita andamos ocupado maru campos creer presidenta claudia ayuda cubano mexico necesitar medicina seguro social mantenimiento dejar ayudar pais dedicar apoyar mexico extraditar eua silenciar petro maduro pila
Facebook|https://www.facebook.com/reel/2536244366793785/,Facebook,5,38,equipo nivel medio superior participar copa joven impulsar deporte fortalecer respeto disciplina equipo jugar abril modalidad futbol reconocerer esfuerzo premio economico trofeo medalla seguir joven oportunidad real crecer convivir cumplir meta tampicotecuida bravo deporte padrisimo padrisimo evento exito
Facebook|https://www.facebook.com/reel/2405384606635803/,Facebook,5,39,gusto acompanar vecino colonia tancol actividad deportivo agradecer corazon reconocimiento brindar honor seguir tampiqueno seguir accion promover deporte tampicotecuida ecxelente equipo presidenta deporte cultura viva morena viva lic monica viva tampico excelente licenciada monica fomentar deporte salud fisico mental
Facebook|https://www.facebook.com/TampicoGob/posts/pfbid06xDFTbgQbnJSykwDjNE5JgcE4sZHmJ8WccHwG46k2dhy47Fv1TfbPZKwkT42kviyl,Facebook,4,59,equipo soccer entrenar unidep tampico demostrar oportunidad talento corazon salir cancha volver alto tampico tamaulipas torneo imss oaxtepec mundial social dirigido mtro gerardo rafael chong pesina vivir torneo intenso partido cerrado aprendizaje duro victoria empuje fase final dejar puebla cuarto felicidades equipo soccer felicidad equipazooo vengar victoria excelente futbolista campeon campeona admirable felicidad felicidades equipo soccer atleta gusto jugar
YouTube|https://www.youtube.com/watch?v=Jmy2IfcsTK4,YouTube,1,1,abrazo
Facebook|https://www.facebook.com/TampicoGob/posts/pfbid0gzQLRE2LjpBdUXkArtPAZrfPJnrnsVWSMriz4bUW9zs6EUCAq8xAWdWUBBhFZgK2l,Facebook,5,19,hermoso evento excelente labor crear conciencia ambiental ninez futuro gracias direccion ecologia excelente bravo tampico sembrar vida bonito actividad
YouTube|https://www.youtube.com/watch?v=S4Nrot4K0kQ,YouTube,4,19,dia apropiar aduanas sat desaparecer instituciones robar manos gobierno lopez narco gobierno pena escuchar delincuente noches real informar gracias
Facebook|https://www.facebook.com/TampicoGob/posts/pfbid02jzUy94Aw8LeyqiY8oH3LFupXuNd533vRbhfQdCom3PW3W4nTQCYcgiUbDqeioqXel,Facebook,6,65,compartir especial nina nino recordar grande transformacion empezar pequeno accion alegria plantar arbol sembrar vida amor compromiso entorno disfrutar dia lleno sonrisa aprendizaje convivencia actividad pensado stand adopcion proteccion animal invitar seguir cuidar vivo gracias persona jornada espacio unir inspirar seguir construir futuro ciudad tampicovacontodo ecologiatampico excelente labor felicitacion equipo direccion ecologia tampico labor felicitaciones direccion ecologia tampico espacio arbol excelente reforestacion cuidado medio ambiente
YouTube|https://www.youtube.com/watch?v=sT1I0reENmA,YouTube,4,40,parecer valle garza manzanillo aca apestar popo perro gato callejon santo nino pasar colonia tolteca vergel acabar enterar goolge maps pasar atras bombero terminar cruzar boulevard adolf lopez sabio llegar alla woao existir existir callejon detras parque alijadores isleta perez
Facebook|https://www.facebook.com/TampicoGob/posts/pfbid0NHQCFijRPRqaEbtpD6ioQmB9f9YRjzFbcytzw2TM1C3CiZtytFpvfdzymrmpR954l,Facebook,1,1,padre
Facebook|https://www.facebook.com/TampicoGob/posts/pfbid03638jutiiPfRgyhHK34wwYrtzzEEPV4wAtXE3bWPFWCeoDWJPZ3KLFJNNRC66WXQ9l,Facebook,2,9,jornada sonrisa gracias presi excelente programa beneficio monica villareal
Facebook|https://www.facebook.com/TampicoGob/posts/pfbid02oJapvnPbyJfSB3PCGGrk56y92xv1RXBo3CkVMDvNfoDS7kPLVbYaYphhHbUkWTktl,Facebook,1,3,excelente beneficio ciudadano
YouTube|https://www.youtube.com/watch?v=PPjuEtZMkVM,YouTube,2,14,novedad fueo ovrador govierno frank bote institucion narcoprianista terrorista dea escondido gobierno mandar achasum
YouTube|https://www.youtube.com/watch?v=if8pjTCF1ZE,YouTube,3,16,pdja mija ano sumido corrupcion pides ano acabar aparato creado acabar corrupcion seguro mexico prian mms
Facebook|https://www.facebook.com/TampicoGob/posts/pfbid02JsjHLuQHSrwXT8BGyzGgSedx6jgCNEdWc3vnMNPAFcCYo8tcnvcgKimoJ27naBMnl,Facebook,2,11,iniciativa sembrar arbol sembrar futuro ciudad felicidad nino organizador sembrar futuro
YouTube|https://www.youtube.com/watch?v=UXkt-1lmhQ0,YouTube,2,25,cuanta razon comporar cosa sitema nececitamos trasformacion paiz deber potencia bin quot lejos cerso ejercito marina jurameto cano preguntelir sinaloa sinaloenses risa lamentable institucion respetado
YouTube|https://www.youtube.com/watch?v=2tmxHMxtZw4,YouTube,8,64,senora aga video maru campos dejar comentar burrada sear anti patiota vender patria tamos ablar chapo sal cantinflar eslo calabaza ley pena muerte politico corrupto excepcion pisar callo seguir dormido politico corrupto penar unico anticorrupcion marina ensuciar maldito gobierno lavese boca hable heroes militares marinos guardia nacional mexico viva mundo traidor patria hablar periodistas traidor mexico gusta mexico largense mexico querido traidoro mexico verguenza
YouTube|https://www.youtube.com/watch?v=m3fzzYkPgDg,YouTube,5,107,impuesto robo caso cia chihuahua claro ataque pan ayudar andrea quedar chihuahua hambre joven feo conocido viejito adan traer loco ocacionar morena querer salir mal coraje encontrar pan narcoejercitir mexicano colufiso narco lavado dinero guachicol fiscal corrupcion mando narcoejercito inseguridad bola ineptos militares incompetent roban petroleo mexicano envian cuba complicidad narcoclaudia sheimbaum colufido corrupcion venta clandestina armas narcos prestan avion camion helicopetros narcos narcoejercitir mexicano colufido narco lavar dinero robado guachicolean combustibles guachicol fiscal robar petroleo mexicano env cuba gratis mexicano enorme traicion narcoejercito traidor pueblo reprimen cobarde militar vayas metalico zocalo cdmx reprimen violencia corruptos ladron militar narcoejercitir coludidos narco lavar dinero robado traidor ala patria
YouTube|https://www.youtube.com/watch?v=UPf-UKYvrQ8,YouTube,5,27,prueba tripon mamadora entristecir mirar ciego sordo mexicano noticia negar crer amlo ratero letras mayusculo lopez entro agarrar cinico mugrenista dejar declarar farias unidos hundido mer flotar
Facebook|https://www.facebook.com/TampicoGob/posts/pfbid028jxh69RExekLWDEdhKddzzzCHHLKdZFyMWyjECUowatWeY1jcYeEo1MBJKd9MVu8l,Facebook,2,19,sembrando vida sembrando conciencia ecologico ninos tierra fertil magnifico labor tampico gob monica villarreal direccion ecologia tampico sembrar esperanza
Facebook|https://www.facebook.com/TampicoGob/posts/pfbid09peaHhY3H2nch9stjbB7XpeuWZNnfH7EC29z3zxGeJRaQvkHFn2fKhSsfApXoVPql,Facebook,2,11,excelente actividad increible experiencia pequeno bomberito gracias proteccion civil tarea felicidades
YouTube|https://www.youtube.com/watch?v=AqQdXa3yYC8,YouTube,1,10,perdonar mal precedente presidenta esra cavar tumba benevolo determinado error
Facebook|https://www.facebook.com/TampicoGob/posts/pfbid02WauRWG4aV8e5nAGRrVDekd6sVeoyZqZqJ4qHBTZASvXykxMLgin7QBiMLiJsq6Jl,Facebook,1,3,prevenir salud tampicotecuida
Facebook|https://www.facebook.com/monicavtampico/posts/pfbid0p6nDtVuLGAeNVXHwmE9Y7N9Z84Kvcak8tHremcGS9VBVDf5THfb8vbRV4tmxg9GEl,Facebook,3,63,invitar seguir asistir experiencia ciudad forma distinto viajar historia convencion numismatica numistam espacio pensado aprender convivir pieza contar historia unico encontrar moneda billete medalla distinto epoca convivir expositor pais desear adquirir pieza especial excelente oportunidad acercarte mundo numismatica ambiente familiar abril piso degas cafe plaza hijas entrado libre sigar disfrutar espacio cultural tampico tampicotecuida gracias alcaldesa apoyar evento cultural zona sur tamaulipas enhorabuena
Facebook|https://www.facebook.com/TampicoGob/posts/pfbid0ionppoLrcmGRQTnj8ZJYJJpcoQ5DSkngAVAoEhCFXKAb3EAWiNzSMSoVZ8jG9RZbl,Facebook,1,33,llego campana adopcion responsable dale hogar necesitar cambiar vida amor jardin perros laguna carpintero domingo abril requisito ine original copia comprobante domicilio copia fotografias espacio vivir mascota adoptar acto amor esperar tampicovancontodo proteccionanimal
Facebook|https://www.facebook.com/TampicoGob/posts/pfbid02kEgGqbtdAhAyf6KF7CgM98KM9qsDSVA2AthQRhym3jJvCT8Aosh4E7MVFuvueF6l,Facebook,1,4,esperar secretaria cultura tampico
Twitter|https://x.com/ssolbesmarin/status/2048392525405102199,Twitter,1,1,jajajajajajajajajaja
Facebook|https://www.facebook.com/TampicoGob/posts/pfbid035MpQfhNkLcHCp2fTgFqdRt5EgiXJTAq3WnT7v6x5SgbYc4ELJLre3dRjUVz6Zv7Bl,Facebook,4,29,manana dia emocion maximo llegar ciudad presentar tianguis turistico edicion numero manana acapulco guerrero abril expo mundo imperial acapulco guerrero turismo tampico tampico acapulco turismo tamaulipas acapulco ecxelente vamooosss
Facebook|https://www.facebook.com/reel/955168620724467/,Facebook,7,44,seguir atender directo escuchar tampiqueno permitir atender necesidad gusto avance reparacion red hidrosanitaria pavimentacion zona colonia jesus elias pina mano comapa sur gobierno seguir tampico limpio tampico cuidar tampico excelente presi excelente gracios licenciada monica lic monica villarreal tampico tampico avanzar transformar demostrar compromiso
Facebook|https://www.facebook.com/monicavtampico/posts/pfbid0uUnzZXBScYUwQdUUqQYE6EEg22t5VUt6tkupPaq3VxtCaYUFiZ8qU6z97XJPGQgyl,Facebook,1,6,saludo excelente oportunidad autoridad ciudadania contar
Facebook|https://www.facebook.com/TampicoGob/posts/pfbid0dpGu1XYKWVtqT7ELdekcB9h2KyaBn3MLewTzyJ8QuDD656Km5c4QhNRAEZHMvZLMl,Facebook,6,51,seguir constante espacio limpio seguro saludable ciudad gobierno municipal tampico secretaria servicios publicos coordinacion distrito salud bienestar supervision presidenta municipal monica villarreal continuar fumigacion colonia municipio informir calendario secretaria servicios publicos tampico tampicotecuida tampicovacontodo pasar gobierno colonia cascajal urgente col flores tampico venir gracias col martock smitn fracc colina universidad cuando
Facebook|https://www.facebook.com/reel/957183120372405/,Facebook,4,37,seguir constante espacio limpio seguro saludable ciudad ayuntamiento tampico direccion servicio publico coordinacion distrito salud supervision presidenta municipal monica villarreal continuar fumigacion colonia municipio informir calendario secretaria servicios publicos tampico tampicotecuida tampicovacontodo super felicidad salud gracias gracia
Facebook|https://www.facebook.com/monicavtampico/posts/pfbid02VsQbYHJLCFr3PZNMXbV3iGGZUdj8z6ZDmGDuCh1QqGgxqW5qnA1BPzatvkWdoN1Al,Facebook,5,46,seguir constante puntual fumigacion colonia tampico secretaria servicios publicos coordinacion distrito salud bienestar comprometido brindar espacio limpio seguro saludable ciudadania informir calendario semana tampicotecuida tampicovacontodo excelente alcaldesa lucha mosquito trasmision dengue quejar gracia pasar colonia fumigar sentir diferencia salir atacar zancudo colonia moctezuma dias apoyar tancol
Facebook|https://www.facebook.com/TampicoGob/posts/pfbid0Dk2MHetp9HE1G3DHmmav3smUPaDZEm1honyZJBVCjNHPZsz7ecJPcAZwQZscfuwEl,Facebook,1,31,col obrero etapa manana dia sumate jornada limpieza dengue cuando lunes abril hora donde arranque matamoros septiembre preparar bote limpia patio sacar cacharro monica villarreal direccion salud tampico tampicotecuida promociondelasaludtampico sincriaderosmexicoprotegesusaludyelmundial
YouTube|https://www.youtube.com/watch?v=Mg2woNJ7tPU,YouTube,6,20,poscast entendamos vivir narcodictadura sistema parasitado yisus respuesta gustar joven involucrar problema pais sigar senoritar apoyo gobernadora maru campos video
Twitter|https://x.com/VoxPopuliNoti/status/2048606150803722725,Twitter,1,19,impulso exito concluir copa joven tampico tamaulipas torneo reunir estudiante nivel medio superior dia competencia convivencia deportivo tampico tamaulipas
YouTube|https://www.youtube.com/watch?v=awLYJy3zSdE,YouTube,3,33,uuuuuuu flaka costar carisimo apoyar cristina barcelona criticar chingar miley tiembla deber caer cara verguenza nefasto mujer olvidar huachicolero fiel cuatrotero morena robar mentir enganar hampones miserables claudia complice marina ejercito guardia nacional
Facebook|https://www.facebook.com/monicavtampico/posts/pfbid0nGX4RJYcxW9rPPmfgAH7yLf1H8b528ZRfL61i6VfaiSAiR2XAPQ2VnAjT4nddiK3l,Facebook,4,42,gusto consul general espana monterrey jurisdiccion tamaulipas vicente jose taladriz acompanado esposa yolanda estrada julio ortega consul honorario tamaulipas convencido dialogo colaboracion internacional clave seguir construir futuro tampicotecuida excelente presidenta monico villareal bienvenidir tampico espana mexico monterrey tamaulipas creer logro esperar alcaldesa
Facebook|https://www.facebook.com/TampicoGob/posts/pfbid0v1Uu8UG7V5mRN6M93k6GbcKMnq2iddahRQPGHy3uwjvzP79W6ZCJPuPL1y7F2U1Fl,Facebook,2,51,seguir salud semana descanso gracias iniciativa monica villarreal anaya llegar colonia obrera roma violetas tancol chairel colinas san gerardo ciudad deportiva fernandas san antonio tercer milenio encinos dorado universidad poniente amanecer progreso villa hermosa universidad sur detener jornada fumigacion continuar horario recordar abrir puerta ventana pasar unidad tampicotecuida tampicovacontodo tamaulipas faltar
Twitter|https://x.com/Jaume_Osante/status/2048784819333538111,Twitter,1,13,copa joven cerrar exito tampico joven brillar torneo lleno talento tampico revistadebate nota
Facebook|https://www.facebook.com/monicavtampico/posts/pfbid032K1MuaTdJi7T7G4Zbd8HWrBNCNyzcZE9uNXd5zV8fNNzDQwcPGMmaiEb1hKaassEl,Facebook,4,57,temprano equipo servicios publicos mantenimiento laguna carpintero labor limpieza chapoleo mantener calle optimo condicion ocasion colonia rivera champayan colonia cascajal forma intensivo desazolve canal pluvial cielo abierto dia dia corazon vivo ciudad limpio orden canal limpio reducimos riesgo inundacion contaminacion prioritario mantenimiento constante vialidad secretaria servicios publicos tampico tampicotecuida tampicovacontodo senora presidenta husted viva excelencia mantenimiento tampicovacontodo
Facebook|https://www.facebook.com/TampicoGob/posts/pfbid02wQqorEe3h3hiw6NtPf78tC87oLD3h8TPM6LW5pzrVnH746KKw5WqYTe5Ssv6Mjayl,Facebook,6,84,ciudadania tampiquena informar lunes abril dia martes libranza afectacion zona centro tampico respuesta gestion presidenta municipal monica villarreal anaya venir equipo cfe proteccion civil actividad programado requerir valioso apoyo ciudadania programado reemplazar equipo ubicacion diaz miron esquina colon ubicar jardinera gimnasio fitness hotel hotsson traer beneficio poblacion brindar mantenimiento limpieza equipo respuesta direccion proteccion civil tampico direccion transito vialidad tampico bomberos tampico gas engie comapa tampicotecuida tampicovacontodo excelente lic monica villareal excelente lic monica villarreal cale ramirez presidentar pendiente tampico execelente presidenta monica villarreal
Twitter|https://x.com/Jaume_Osante/status/2048843500507074655,Twitter,1,8,adulto graduar demostrar tarde aprender tampico revistadebate nota
YouTube|https://www.youtube.com/watch?v=7jRWd1NjDY8,YouTube,22,252,digan nombre nms agarran dejar ciento libertad fuerza armadas seguimos inseguridad trump tatatamaulipas mentira mentira participar agente encubierto drones helicoptero artillado tierra pozolero estatales seguir adelantan presuma guey frontera terror criminal raro gobierno defender narco pasar jalisco puro metros jardinero cjng mencho nombre seguramente morena serar cercania mundial faltar metro entrando fase peligrosa almas riesgo alams pobres pecadores invitamos confesarse comulgar misa domingos rezae santo rosario dias salgan timepo quu revisar vida fallnado rosario maximo minutos minutos empezien oracion manana noche pedir perdon pecados ant dormir vida proximo domingo misa confiesense lucfifer tratar ultimos coletazos yar mero acabar presto anos cumplise resistan saludos viva cristo rey viva cuarto transformacion cartel caer jhonny cardenas pasar enhuilar roque pasar trascabo pseudo jefe plaza reynosa cortinota tapadera parapeto alias mono jefe plaza cortina creer metro metro metro metro chivos expiatorios clave tronco jajajajaja seguir mando puro enhuilado traer gasolina carro jurar esperar imperio comandante mono jefe plaza reynosa creer jefe comander arrimar confiar puro traicion dudar trascabo roque sacar conclusion favor digan capturar trump cuidar tercero vencido jajaja fiscalia cooperar increible corrupto mexico agarrar delincuente vivir frontera enverda vivir diario ley conprado agarrar salir puro chavalon agarrar papel enwilado comandante enverdad pez gordo escondido region sercir ojala apiadar madre venezuela cuba droga pasar aki frontera ley guardia estatal conprado pagar semana paque acer menso luz salir armada abandonar area base militar deber guera rapido accion barios kilometers tereminan metros callo tumbar rallas tablero tratar piso volver ala andado faltar atrapar huachicolero industrial vivir monterrey primito
YouTube|https://www.youtube.com/watch?v=k6GR7e3OL60,YouTube,25,191,jajajaja sear mentirosa narco gobernadoro traidoro patria querer justicia acuerdo protocolo marcar ley castigar compinche jajaja jajajaja fuerte combate narco narcolaboratorio pedir ayuda gringo harfuch claudia trescientos laboratorio puro elemento mexicano jajajaja jajajaja creer querer cago querer traidora mexico traidora ratero corrupto narco panista traidoro patria querer hablar hiciste decomiso cia narco laboratorio resultar mal gracias querer hablar pueblo creeemos prision inmediato apelar derecho infringio uuuud senora andar peda dia llamar patrulla espiritual investigacion deber procesar grave vas maru campos andrea chavez gobernadora chihuahua embust saqueo opacidad corrupcion traicion apegado derecho ley constitucion amanecida crudo trabado ojala llamar obligar regresar dinero malversar lleven compa bailar rock carcel pobre maru idea derecho mal asesorado gobernador frontera tratado ongs desaparecer matar mil persona mexicano maquiladora migrant gobernador ganar millon dollares fortalecer economia trump cara delincuente traidoro patria senora infantil hablar ninitar kinder responder adulto acto vendepatria cara susto maruchan escapara carcel pedir ano pueblo mexico descarada traidora quitenla metanla prision mentira cosa pensar consecuencia legal maru campo cuidir proteger quite pen andar narcochela goberborracha hic entender postura jefa narcolaboratorio gringo claro logico morena politico rata millonario pueblo sabio pagar absolutamente juicio politico directo
Facebook|https://www.facebook.com/juventudtampico/posts/pfbid02eMqRAsm2NdQp49dWqrvZvzU4vKT9TAHThDzbrrVwGMcgmifzdT3g7p6AkcyMQRuvl,Facebook,2,6,sobrino excelente lic monica villarreal joven
Twitter|https://x.com/ConsEspMty/status/2048911943100977290,Twitter,3,52,viernes tampico jornada toma huella expedicion renovacion pasaporte consulado honorario espana acercar servicio comunidad espanol residente zona agradecer calido recibimiento alcaldesa tampico monica villarreal consul general reunion permitir reforzar colaboracion institucional estrechar lazo region visita tampico incluir recorrido hospital beneficencia espanola encuentro comunidad club deportivo espanol institucion historicamente vinculado presencia espanol region
YouTube|https://www.youtube.com/watch?v=Va5H81oboUk,YouTube,26,173,gracias puso dedo quedarse mochila kks obrador cagar puro pelotilla conejo caer socio terrorista morenista gracias senor trump presion gobierno pais ubeir cosa alianza gobierno grupo criminal terminar detenido malandro donde meter caber juez corrupto delito perseguir soltar oooo derechos humanos ayudar salir libertad abatido detenido carcel operar tocar carcel neto caro quintero gobierno detener ano ciento narco cabeza lider tercero dema preguntar acabo cartel colombia simplemente destruir red economico logistica red corrupcion politico gobierno ciudadano urgir capturar fresa pescado wey buscar mugroso trump trump trump manana plomero menchito circo faltar naclaudia lopez hablador urge pena capital mexico andre manue clan hijo mamada humo huachicol fiscal marina huachicol obrador tierno retono jardinero imaginar dejar dinero dejar dinero aca jaja soltar sopa gobierno recompensa olvidenla robar agarrar orden trump larga capture narco politico pidar presidente faltar panadero carpintero parecer coludido claudia sheinbaum capturar gracias precidento ora chayotero narcomcpriar llorar marina capturar cia entreguenselir millon dolar inviertanlo mejorar mex podacer jardin arde ocico noticias pin chayoteros caer narcogobierno importar narco caer caer salir narco eeuu
Twitter|https://x.com/VoxPopuliNoti/status/2048965363824492880,Twitter,1,19,reafirma monica villarreal compromiso salud bienestar familia tampiquenas municipio reportar avance consulta control metabolico servicio preventivo cecodiat tampico tamaulipas
Twitter|https://x.com/HOYTamaulipas/status/2048975978479702523,Twitter,2,17,tampico tamaulipas reafirma monicavillarreal compromiso salud bienestar familia tampiquena enteratir columna analisis politico razon mario lopez lee
Twitter|https://x.com/gruponoticiaspc/status/2048981283766714376,Twitter,1,18,reafirma monica villarreal compromiso salud bienestar familia tampiquenas gobierno municipal tampico encabezado presidenta municipal monica villarreal anaya leer
Facebook|https://www.facebook.com/TampicoGob/videos/888037480957612/,Facebook,1,4,rueda prensa simulacro nacional
Facebook|https://www.facebook.com/TampicoGob/videos/802078139359534/,Facebook,1,6,rueda prensa cano carrera jornada adopcion
Twitter|https://x.com/JuanPizanaMtz/status/2049125917276983806,Twitter,3,63,talleres creativo mercadito comida artesania evento principal lucha libre vivo auditorio municipal tampico jueves abril entrada totalmente gratis diadelnino tampico juntospodemos tamaulipas diversion comenzar ven familia celebrar dia nina nino evento lleno alegria sorpresa diversion gracias companera presidenta monica villarreal disfrutar show payaso pintacaritas ballet yacatecutli nombre tamaulipas escenario importante mexico mundo incluir colombia zocalo ciudad mexico orgullo balletfolklorico yacatecutli juntospodemos tampico tamaulipas
Facebook|https://www.facebook.com/monicavtampico/posts/pfbid0AKUoMCnYNFy3ECSG7sF4SyFcTSSJKyK8ATqJvbm8UWCuBegjtgrELButRihAQhzXl,Facebook,6,77,oportunidad acompanar titular secretaria turismo sectur josefina rodriguez zamora secretario turismo gobierno tamaulipas benjamin hernandez rodriguez inauguracion stand tamaulipas tianguis turistico mexico edicion numero acapulco guerrero tampico participar orgullo convencido relacion construir abrir puerta desarrollo ciudad ofrecer riqueza cultural historia gastronomia calidez gente seguir tampico consolidar destino competitivo atractivo lleno oportunidad tierra ojo mundo transformar presidenta tampico ustes tampiqueno felicitaciones querido presidenta apoyar secretaria turismo bendiga gracias alcaldesa seguir tampico hermoso zona concurvado alto amar tampico hermoso
YouTube|https://www.youtube.com/watch?v=580pyEUfcww,YouTube,86,500,presidenta gobernar gobernar obrador corrupto mexicano pais porra petro dano gobierno huachicol deliberadamente tomar decision directo erario mexico mando eliminar civil transparencia salir negar importacion privado competir retirar existir importador cerrar mercado mantener combustible crear perfecto fraude mercado importacion combustible gracias silencio esfera amlo valiente combate fiscal plan duda elaborado corrupcion mexico milei eeuu mexico suicidar narca salio culata ocico millon ganar fue reunion notar diminuto salir apoyo pobre encontrar notar surdo asus chairos macuspano politica seria rwsponsable hijo compro pesos dair jugosos coprructo hijo macuspano ave crusavas manchava chairos dela pactaria macuspano borregos ablava acero lectomano dinero narco ratasssss rwsivio cueros senor joaquin loera zanvada vasofia narco dictadores coprrucion hoganisada arrodilladar pactaria gato sirvienta espuria dise borregos manda pueblo acero lectomano chairos delo gata paga manda ciegos poreso perros abren alos jamas choya piojos entender rebotar declare amplia llegar mayoneso pasar sexenio terrorista pudreir marina dificil confiar ero armas tendrar pesimas directamente eua farios sheimbaun merolico retorica kishner cuba crimen presidente dam gasolinera gasolina acuerdo protejen fecha mugrero claudia jerarquia deber familia entredicho milei mexico silenciar guerrero cante presidenta correr mexicano senor almo chicago aese farios enpiesar trapito amoren manita mundo abia encarcelar aliado necesitar arrestar morena jajajaja protegido tan senot mexivo hagan opinion razon farias declarar traslado guachicol pez reclaman farias boca hablan parar crisndr ilicito favorecer malvada lopez farias lleven andrea sospechoso coludido netflix wachicol serie pelicula asesinar acostumbrar defender terroristas grande querer encarcele familiar vivir medicamento seguimos saqueo pais imaginar presidente miralo jajajaja mundo corrupto creer gobierno huachicolero vos ratar acuerdo rata justicia quedar impunidad forma zurdo doctora trez directo morena ley milei combienir escandalo lopez obrador gobernadores morena patria machete aplicar alrrevezado rata trabar rata posiblemente toque querer desear claudia carcel porque presidente encarcelado estupido lucirce reparticion tarde tresciento acusacion narcomoren anillo caos inseguridad ciudadano morena circo crear creer marxista supuesto opositor maru campos circo cerebro hundir ojala salir unidos claudia corrupto cristina interbencion vida justicia macuspan canal militar hora caca palacio casado imaz crimen pegado moral manuel obrador visto nefasto proteger juicio responsabilidad rebsamen linea colectivo raro claudia destructivo justicia detener secta poblacion controlar cuatrero ernestina audio embarrado andres lopez presidenta estupido padrino oja pendejada expresidente presidenta refran hablador refrescante hablar cortectamente significativo alguien lenguaje primario imposicion excelente analisis gracias especifico gobierno definir insistentemente caer agravante moren lista disculpen potrejder frios peligro pollamo nacionales gobernadora campus terror porqueria electoreras deber porqueria hable feernando precidenta maldad andan devorar grado carlos responsable programa claro narcogobierno ayudado patadas extraditan tendran petobismol diarrea llamar narca presirvienta pinocha delincuente argentina expresidenta argentina ahorremono teatro lista deber mal caer cristina vengar amlo huachicpl ambicion huachicol sheinbaum pais cabeza comunismo funcionar excelente rebajo apoyo politica sentenciado argentino tocar tratar falta estarura senora pri cachucha jajjajajajajaja risa repetir senor descuvrio guachicol linia dis jodido informasiones corrupto farias extraditar terminar sheinbaun javier obvio genocidio circo trump rubio tribunales cortes fiscalias justicia fbi etc encanonar chimuelo tuerca amenazar nivel cancelar socialista menospreciar defender despiadado argentino fernandez cosa trump america premio lavar gracias mantener importante
Facebook|https://www.facebook.com/TampicoGob/posts/pfbid02kWJCePDQaF4kTd6ysNXB6AzUEWXGrismSn2utBYYJa7TUKwSYiRMFF83a72zJNM9l,Facebook,4,118,objetivo fomentar cultura prevencion indicacion alcaldesa monica zacil villarreal anaya municipio tampico sumar participacion simulacro nacional proteccion civil cabo miercoles mayo convocado coordinacion nacional proteccion civil ejercicio desarrollar forma simultaneo pais proposito fortalecer cultura prevencion mejorar capacidad respuesta emergencia fomentar participacion activo poblacion institucion publico privado social innovacion recibir mensaje texto celular leyenda simulacro probar funcionalidad sistema nacional gobierno mexico invitar ciudadania general institucion escuela empresa participacion simulacro hipotesis corto circuito cuadro ciudad participar forma coordinado autoridad municipal inmueble edicion dif escuela primaria jose maria gaja sumate fomenter cultura prevencion monica villarreal direccion proteccion civil tampico tampicotecuida tampicovacontodo excelente iniciativa fundamental preparado sepamos reaccionar emergencia excelente inge jose antonio marin director proteccion civil prevencion esencial preparado emergencia participar
Twitter|https://x.com/lopez_mari30103/status/2049173209057005883,Twitter,2,17,compartar extorsionador gobierno monica villarreal andar centro tampico extorcionar cobrar piso apoyas investigue llevir justicia maru campos
Facebook|https://www.facebook.com/TampicoGob/posts/pfbid027FMgXRuxmM6Jxzeuj1MvwUsHT2pGSF169LfSW5J4qj8nE54UPXEicevHWRnAhkBel,Facebook,4,58,sumar canicarrera jornada adopcion iniciativa promover bienestar animal convivencia familiar domingo mayo laguna carpintero correr trotar caminar mascota causa sentido social podras participar jornada adopcion ayudar perrito encontrar hogar recaudacion beneficio obras divina misericordia gobierno municipal tampico seguir impulsar accion fortalecer cuidado animal participacion ciudadano esperar inscribetir linea direccion ecologia tampico tampicotecuida superrr bonito evento mascota listo mopo
Twitter|https://x.com/Aleperez_jim/status/2049190307153985706,Twitter,2,29,hola grave problema colonia petrolera caso pedir intervencion calle poza rica esquina potrero llano gracias gracias quedar resuelto esquina potrero llano cerro azul necesitar reparacion menor pedir intervencion gracias
Facebook|https://www.facebook.com/reel/3312400792274105/,Facebook,5,50,oportunidad acompanar titular secretaria turismo sectur josefina rodriguez zamora secretario turismo gobierno tamaulipas benjamin hernandez rodriguez inauguracion stand tamaulipas tianguis turistico mexico edicion numero acapulco guerrero tampico participar orgullo convencido relacion construir abrir puerta desarrollo ciudad excelente alcadesa precioso evento increible tampico distinto empeno visitar alto cuidad alcades presidenta monica
YouTube|https://www.youtube.com/watch?v=7QP8AXAEm-Q,YouTube,7,47,pasar harfuch dejsr enganar harfuch alla tierra burlar contestar telefono aparte apatrida traidoro cobarde resultar favor admitir pregunta asesorar acerca respuesta encubrir deber investigar fondo lla llegar precio jarfuch fallar omar creer conocimiento dame jefe agente quemser cuartado destituyan politica alcoholica irresponsable cualquiera republica merecer serio responsable
Twitter|https://x.com/EleeseNoticias/status/2049263076726219137,Twitter,1,17,monica villarreal reafirmar firme compromiso salud bienestar familia tampico mensaje esperanza dedicacion construir futuro saludable cdvictoria tamaulipas
YouTube|https://www.youtube.com/watch?v=DEjnuh-pd5c,YouTube,1,1,desquicio
Twitter|https://x.com/Jaume_Osante/status/2049311622473105667,Twitter,1,12,tampico promocionar nivel internacional tianguis turistico buscar atraer visitante tampico revistadebate nota
Twitter|https://x.com/gruponoticiaspc/status/2049328643550195974,Twitter,1,19,tampico fortalecer proyeccion turistico tianguis turistico mexico asistir inauguracion tianguis turistico mexico celebrado acapulco guerrero alcaldesa tampico monica villarreal
Twitter|https://x.com/VoxPopuliNoti/status/2049356015846498376,Twitter,1,19,tampico fortalecer proyeccion turistico tianguis turistico mexico tampico destacar riqueza historico cultural gastronomico sector turistico nacional tampico tamaulipas turismo
YouTube|https://www.youtube.com/watch?v=TFGBidaaSag,YouTube,6,52,querer regreso soberania nacional ladrillazo merecer encabezado tonto salpicar gobierno morena confirmar urdido amlo moren salpicar insinuar responsabilidad seguir montenegro bravo exito gracias analisis informacion merecer ladrillazo chancludar destruccion instituciones juez tombolero derrame chapopotera imaginario barcelona errado pensar ifenss soiberania real cubanos medicos drama republicano autocracia perdido libertad amenazar sat gracias analisis
Facebook|https://www.facebook.com/reel/967213862834622/,Facebook,4,30,gusto saludar manuel negrete orgullo futbol mexicano autor gol espectacular historia mundial copa mundial fifa mexico gusto escuchar mano admiracion encanto calidez tampico saludos tampico tamaulipas saludo bendicion gol mundial
Facebook|https://www.facebook.com/TampicoGob/posts/pfbid02XmGneAZc8qM9pymS5QNj7sQ2KoXibe3rJQGgz7NEhsR7SHcJwGh8SH2oVAwetSgBl,Facebook,7,51,nina nino esperar manana jueves abril auditorio municipal tampico festejad dia espectacular funcion lucha libre payaso juegos diversion regalo sorpresa aah mercadito huasteco casa cultura ven familia celebrarer ninos ninas tampicotecuida tampicovacontodo jharid diaz ocaber nino festival jeje victoria diaz evento nino nina fatiima adamms vamono gracias alcaldesa fabuloso diversion nino
Facebook|https://www.facebook.com/monicavtampico/videos/1700469917974607/,Facebook,6,31,acompanenme tianguis turistico promocion municipio acapulco gro sede evento referencial turismo pais excelente tampico excelente tampico presidenta monica villarreal excelente lic tampico tampico gracias excelente promocion tampico hermoso aplausos presidenta monica
Twitter|https://x.com/BtzaB/status/2049565073866203353,Twitter,1,16,tampico vacacion centro senaletica ceda peaton gente manejar pata valer peaton respetar mal andar torear coche
Facebook|https://www.facebook.com/monicavtampico/posts/pfbid0oLfDEczPCbMCGkFCeY7Ngqs7uRcrS1DWo4JzeHDxGiJoZM8363ir5ze1eF93tNuBl,Facebook,6,65,tianguis turistico mexico firmar acuerdo clave impulsar promocion internacional mejorar conectividad querer persona descubrar firma convenio ano consecutivo conexstur seguir esencia tampico mundo mostrar historia sabor tradicion enorgullecer etn turistar lujo viva aerobus seguir abrir camino facil accesible seguir difundir tampico oportunidad entrevista blanca becerril conductor heraldo media group voz identidad espacio tanpicovacontodo excelente evento realzar ciudad exelencia distinguir felicidades exito tampico gracias tampico alto
Facebook|https://www.facebook.com/ProteccionCivilTampico/posts/pfbid0e2cfGRprQujbUQdewCyhS6pLPnHxentqFZ8f8uwQQN2kgYaRWNm9VaM9EKqVAEQkl,Facebook,3,111,recorrido supervision zonas bajas interes monica villarreal anaya presidenta municipal tampico garantizar seguridad familia temporada lluvia huracan cabo recorrido colaboracion rogelio ontiveros secretario obras publicas desarrollo urbano jose antonio marin flores director proteccion civil tampico equipo visitar colonia guadalupe victoria situado debajo puente tampico vicente guerrero sector moscu recorrido evaluar labor necesario prevenir inundacion zona municipio vulnerable riesgo derivado creciente rio laguna lluvia constante afectar region buscar implementar accion efectivo proteger comunidad temporada precipitacion huracan tampico cuida proteccion civil proteccionciviltampico tampicotecuida tampicosomostodos bomberostampico secretariadeobraspublicastampico excelente proteccion civil obra publico accion traer resultado critico colonia deber solucion real ahorita temporada lluvia forma real claro zona mercado area lluvia vallar tomar foto nota
Facebook|https://www.facebook.com/servpublicostampico/posts/pfbid02tPLmgYnDoRyNdQ9kQMDv8wkFfC5kiepZNF6HZqmCzSkUsxMz1hP4Ny7Pfbsf8RU2l,Facebook,3,39,prolongacion avenida hidalgo limpieza marcha barrido recoleccion despeje via publico residuo orden entorno monica villarreal anaya seguir impulsar accion transformar ciudad basico fundamental avenida limpio avenida seguro agradable monica villarreal tampico gob secretaria servicios publicos tampico mantengamos limpio cuidad
Facebook|https://www.facebook.com/servpublicostampico/posts/pfbid02VU35cunZXUPb8vnRc3S86fB3cBd8d69Lk4eee5H5LSATGDoCKmNDWNA2aNwxoKWhl,Facebook,1,37,colonia obrera etapa miercoles abril jornada descacharrizacion numero camion tonelada basura especial criadero riesgo tranquilidad monica villarreal anaya seguir firme estrategia sumar jornada cacho cacharro comunidad sano monica villarreal tampico gob direccion salud tampico promociondelasaludtampico distritodesaludparaelbienestariitampico sincriaderosmexicoprotegesusaludyelmundial
Facebook|https://www.facebook.com/servpublicostampico/posts/pfbid03sYXC2w7nnTYrqSyjHVokMuMZyMnvcipPN3cE36eDrcWUokh5tNP3RDPaamqkTDPl,Facebook,6,104,canal pluvial cielo abierto calle heliotropo jardines champayan personal maquinario limpieza desazolve tramo clave objetivo agua fluir obstruccion basura deje deber monica villarreal anaya priorizar atencion critico evitar riesgo temporada lluvia seguir avanzar calle calle canal canal monica villarreal tampico gob lluvia excelente jornada descacharrizacion colonia vecino calle limonaria calle costado canal necesitar jornada descacharrizacion solar baldio utilizar basurero criadero animal prever tapar canal coladera ojala apoyar limpiar limonario encontrar costado utilizar basurero solar baldio gente agarrar tirar basura dia animal tmb basura ahorita acabar limpiar ojala vecino limpiar terreno batallar basura gente malamente tirar limpieza dren fluvial colonia villa hermosa matamoros sexto avenida
Twitter|https://x.com/EleeseNoticias/status/2049651385591816244,Twitter,2,10,impulsar monica villarreal promocion internacional conectividad tampico razon mario lopez
Twitter|https://x.com/Jaume_Osante/status/2049652533644189759,Twitter,1,11,tampico abrir mundo turismo vuelo alianza estrategico crecer tampico revistadebate nota
Twitter|https://x.com/gruponoticiaspc/status/2049678203510268098,Twitter,2,40,impulsar monica villarreal promocion internacional conectividad tampico marco tianguis turistico acapulco alcaldesa tampico monica villarreal anaya reafirmar compromiso desarrollo turistico leer ciudad madero fortalecer cultura preventivo simulacro nacional evacuacion masivo ejercicio evacuacion centro cultural bicentenario gobierno ciudad madero sumar leer
Twitter|https://x.com/VoxPopuliNoti/status/2049680879413350603,Twitter,1,19,impulsar monica villarreal promocion internacional conectividad tampico tamaulipas alcaldesa firma acuerdo impulsar presencia destino mercado nacional internacional tampico tamaulipas
Facebook|https://www.facebook.com/reel/962843196127863/,Facebook,3,45,abril recordar importante celebrar nina nino reconocer alegria cuidar bienestar dia mes abril organizar acondicionar espacio pensado especialmente nina nino jugar disfrutar seguir centro accion vivar etapa especial alegria amor recuerdo bonito feliz dia nina nino tampico tampico cuidar monica villarreal tampixo crecer tampico nino
Facebook|https://www.facebook.com/reel/1004834438871729/,Facebook,7,71,dia nino querer direccion transito vialidad tampico seguir lineamiento gobierno humanista encabezado monica villarreal dia mision servir proteger recomendacion cruza esquina mirar pasar cinturon seguridad recordar jugar calle celebrar alegria sueno futuro feliz dia nino escuela invitar solicitar platica peaton pasajero impartida departamento educacion vial perteneciente direccion aprender crecer tampicotecuida tampicovacontodo direccion transito vialidad tampico lindo adulto like pequenito adulto feliz nino hermoso video wooow hermoso mensaje reflexion ayuder cultura vial
Facebook|https://www.facebook.com/reel/811298178343108/,Facebook,5,40,invitar disfrutar funcion lucha libre texano super nova grande ring vivir tarde lleno alegria diversion auditorio municipal tampico festejar nino merecer crear inolvidable familia esperar gusto tampicotecuida tampicovacontodo gracias presidenta alegria pequ emocion nino pasar genial padre nino divertir vamossss
Facebook|https://www.facebook.com/monicavtampico/posts/pfbid02SeDmyg3X8TxzJpDmTvbFaUfYxwnRL89dBBaprrHpwGUBwMZXYdLCarKo7DyjD2GNl,Facebook,3,13,feliz dia ninez ensenar amor espontaneidad persona ninos feliz futuro brillante ecxelente felicidad
Facebook|https://www.facebook.com/TampicoGob/videos/2106151626595795/,Facebook,6,31,festejo dia nino auditorio municipal gracias evento feliz dia nino tampico bonito evento gracias fabuloso evento excelente evento nino juguete lunch jugo gracias presidenta nino feliz alegria ninez tampiqueno gracias presidenta
Facebook|https://www.facebook.com/TampicoGob/posts/pfbid02vNfhMoRKzjg2UebHDTVs9UFTXsY2o3VgaWrSyDBhYRuay7AJ65CVuwKmtHsi9WUel,Facebook,1,2,tampico presente
Facebook|https://www.facebook.com/reel/2440175309764130/,Facebook,4,33,seguir celebrar nina nino tampico convivencia familiar regalar alegria diversion gracias nina nino acompanar evento nino felicidad divertido pequ gracias presidenta monica villarreal maravilloso nino nina feliz bonito evento gracia invitacion gusto evento
Facebook|https://www.facebook.com/monicavtampico/posts/pfbid0wRHCrGZJqRUxjRjWDRXjd4PbPfu94tf25jsP52WqXk4K9iP8WnNJ1L1zZVBWcgtpl,Facebook,7,79,vivir tarde lleno sonrisa auditorio municipal tampico nina nino celebrar dia acompanado familia disfrutar lucha libre regalo dinamico alegria recordar importante seguir construir espacio felicidad gusto compartir festejo equipo dif cabildo familia tampiquenas mercadito huasteco casa cultura seguir impulsar emprendedor local tampico seguir dia nina nino crecer feliz seguro rodeado amor bienestar prioridad excelente evento nino feliz excelente evento presidenta monica villarreal seguir exito excelente evento saludos presidenta apoye bonito evento gracias presidenta exito grasias lic monica villarreal dlb
Twitter|https://x.com/Jaume_Osante/status/2050048713549135979,Twitter,1,12,tampico festejar grande mil nino show regalo convivencia familiar tampico revistadebate nota
Facebook|https://www.facebook.com/TampicoGob/posts/pfbid02LpKq1rXvbU6jJJp46kbd516seNJvBeztorNwrnpTE6vmiCtzws2p9UUnyz2eFaPLl,Facebook,7,25,bonito felicidad pequ wowwww lleno felicidadez alcaldesar festejo nino nino gustar regalo alcaldesa gracia excelente evento nino bonito hora alcaldesa tampico excelente evento hora alcaldesa
Facebook|https://www.facebook.com/TampicoGob/posts/pfbid02ivtWfz99NBN8mCjyA24DM8NMhcKJhF9NA9s3Sd6an2PsoU1Hs43rruCJmuQVJEiTl,Facebook,2,24,celebrar aniversario fundacion ciudad madero tampico reconocer historia orgullo impulso brindar region labor presidente municipal erasmo gonzalez robledo felicidades siglo identidad transformacion felicidad vecino
Facebook|https://www.facebook.com/monicavtampico/posts/pfbid0Y2nH2vzfZD8rbx5nBVY6raNnc5JncJnuz4MppW9d3jECsrmLuKEdTuk3uVcC6dtCl,Facebook,3,61,asistir gusto celebracion aniversario ciudad madero ciudad herman pueblo maderense reconocimiento orgullo celebrar origen futuro reconocer compromiso alcalde erasmo gonzalez robledo compartir vision seguir fortalecer desarrollo bienestar zona conurbado felicidades mtro calixto mendez gomez evento otorgar medalla merito ciudadano candelario garza felicidad maderences aniversario excelente representante tampico presidenta monica villarreal viva madero enhorabuena maestro calixto mendez felicidades lic bonito invitacion merecido
YouTube|https://www.youtube.com/watch?v=79KijXXp6Qs,YouTube,10,118,querer darselo migrant obligatorio empresario vayansealv tos gustar huevon revoltoso corrar gaver agarrir querer pagar presentar estubo querer salir mmds demanda lograr listo legislar salario minimo universal smu desempleado generar impacto positivo economia ingreso basico permitir desempleado cubrir necesidad esencial ofrecer oportunidad actividad sencillo comercio continuar formacion academico estudio linea desarrollar proyecto personal creativo musica arte pintura investigacion consecuencia promover entorno dinamismo economico flujo efectivo nivel pobre menor tasa desempleo smu actuar incentivo productividad individual halconazo halconazo diaz ordaz tenia puesto meter cintura delincuente envidiosa gana obrero ganar manifestar carcel webon puro pretexto manipulacion inteligencia morena unico partido apoyar magisterio ahorita valer cnte querer bloqueo presidenta pendiente seguridad nacional salir cnte batea baba jubilacion dinamico maestro educ superior
Facebook|https://www.facebook.com/reel/1155405700044262/,Facebook,6,62,gracias nina nino asistir celebracion especial vivir tarde lleno alegria auditorio municipal tampico lucha libre regalo inolvidable familia tampico nina nino prioridad wow increible evento nino nina feliz vida satisfaccion grande lic monica villarreal felicidades reto gracias festejo regalo presidenta bendigar presidenta monica cumple hechos hechos presidentar nino contento regalo preguntar cuado eveto hotro ano portesar tento colonia san antonio mandar saludo
Facebook|https://www.facebook.com/reel/1356170166336994/,Facebook,5,39,disfrutar tarde bonito mercado norte cine colonia rodeado familia sonrisa alegria nina nino gusto compartir espacio llenar vida convivencia seguir colonia festejo excelente festejo pequenin sonrisa nino valer palabra gracias estimar presidenta alegria esperanza dia nino nina bonito festejo
YouTube|https://www.youtube.com/watch?v=BcxCCASMkNU,YouTube,1,1,cangrejo
Twitter|https://x.com/TampicososTV/status/2050341674673418626,Twitter,1,11,salir monica villarreal jaiba brava ponte entregar ciudad top llevaste carajo
Facebook|https://www.facebook.com/TampicoGob/posts/pfbid029EuE6cnR99Qu49qFrBDsn7vWoaarxxV8s3UsZGUENUBthFXDWm4i478SV9Dwb8agl,Facebook,3,40,cabo jornada cine colonia tarde lleno alegria convivencia explanada mercado norte gusto compartir nina nino familia tampiquenas reunir disfrutar continuar impulsar programa fortalecer convivencia familiar recuperen espacio publico acercar actividad gratuito colonia tampico tampicotecuida importante gente presidenta gracias cine colonia
Facebook|https://www.facebook.com/monicavtampico/posts/pfbid0qnrKeVewwPRzGUjSZ57bp8iFgFq9C4uKzersbnmKK47cWLJvaiFevTMhQqrhpvgal,Facebook,5,45,agradecer invitacion diputada lucero deosdady martinez bonito festejo dia ninez colonia solidaridad voluntad llenar corazon nina nino disfrutar tarde especial lleno sorpresa juego diversion pensado genial evento alcaldesa diputada evento nino disfrutar dia morena felicidades monica villarreal diputada lucero gracias llenar alegria nino bonito evento
YouTube|https://www.youtube.com/watch?v=QJdKRteNkvc,YouTube,2,21,feliz necesitar hospital necesitar reformar atencion ciudadania centro trabajador hospital clinica imss grosero servicio deber respeto atencion entender comportar grosero defensivo
Twitter|https://x.com/Jaume_Osante/status/2050406432416112812,Twitter,1,12,familias disfrutar cine gratis colonia tampico fortalecer convivencia comunitario tampico revistadebate nota
Twitter|https://x.com/Jaume_Osante/status/2050412149630021852,Twitter,1,10,comparecer secretaria tecnica cabildo tampico destacar transparencia tampico revistadebate nota
Twitter|https://x.com/VoxPopuliNoti/status/2050424977837441178,Twitter,1,18,disfrutar familia tampiquenas jornada cine colonia encabezado monica villarreal tampico fortalecer convivencia familiar cine colonia tampico tamaulipas cineentucolonio
Facebook|https://www.facebook.com/reel/2139791126805158/,Facebook,6,32,disfrutar bonito festejo dia ninez colonia solidaridad voluntad gracias invitacion diputada lucero deosdady martinez especial compartir nina nino colonia grandioso evento excelente evento alcaldesa super padre evento presidenta wow padrisimo evento apapachado
Facebook|https://www.facebook.com/reel/823856310782786/,Facebook,2,23,gracias amigo chef carlos gaytan saludo compartir talento restaurante tete acapulco guerrero desear exito proyecto esperar pronto recibirtar brazo abierto tampico saludo exito
Facebook|https://www.facebook.com/monicavtampico/posts/pfbid023Ph73LBQugFhvzkkzjtyXwHv2CRZLq6CxgtC7TkYZxswxXLWK81LLFAesmnth9ml,Facebook,6,66,felicidad ciudad altamira aniversario fundacion historia lleno identidad orgullo seguir crecer ano reconocer amigo presidente municipal armando martinez manriquez compromiso dedicacion impulsar desarrollo ciudad altamira hora altamira aniversario fundacion saludo presidente armando armando martinez manriquez saludos ala presidenta tampico monica villarreal quedar atra ciudad madero presidente erasmogonzalez robledo pilares movimiento gracias presidente armando viva altamira seguir ciudad saludo bendicion monica villareal felicidad vecinos felicidad municipio vecino
Facebook|https://www.facebook.com/TampicoGob/posts/pfbid028Z3FNeJgHRyft24uxEGj8axYuXrzFYYWps6FVC6A88Hc6sSsfkvr4qEo2iUV9z5Wl,Facebook,2,56,tampico cuidar salud dia bienestar familia fumigacion manzana colonia ninos heroes colonia paz tancol reforzar accion colonia morelos labor cabo plantel educativo colonia morelos jardin ninos vicente guerrero jardin ninos patria kinder burbuja kinder topo gigo jardin ninos mirelly instituto cultural jean piaget brindar entorno seguro nina nino seguir constante prevenir proteger gente tampicotecuida cuid salud
Twitter|https://x.com/TampicososTV/status/2050692273285824580,Twitter,1,10,arreglar bache ancho hidalgo metrobus piso dejar experimentar ponte basico
Twitter|https://x.com/vgabel/status/2050701583227175026,Twitter,1,11,cagar monica politico lanza lamentablemente creer venir tirar politicucho gente entender
Facebook|https://www.facebook.com/monicavtampico/posts/2759886851055332:2759886851055332,Facebook,6,26,hora excelente alcaldesa super mega evento felicidades presidenta padrisimo festejo tampico cuidar tampico amar pico querer bonito eventooo evento impactante pek feliz exito rotundo lic monica
Facebook|https://www.facebook.com/reel/2280971549384874/,Facebook,4,46,tampico llenar alegria recibir rsq ride safe queretaro rider motocicleta integrado hombre mujer nino recorrer ciudad municipio promotor turismo entusiasma persona visitir disfruten ruta aprovechar conectividad seguridad vialidad tampico recibimos brazo abierto ciudad seguro listo compartir cultura gente esencia mano impulsar turismo genial bienvenido puerto jaibo
YouTube|https://www.youtube.com/watch?v=QJQibYe8SZA,YouTube,9,40,like saludo bro saludos carnal andir saludos atreyu urbex saludos atreyu saludo gracia dejar like comentario saludos atreyu exploracion cantidad objetos saludos atreyu dejar like exploracion dejar like inicio regresar hermano quedar mitad saludo ufash encontrar canal favorito saludito madero
YouTube|https://www.youtube.com/watch?v=jgysi3bYxg4,YouTube,1,9,municipio motoclubs local evento tampico municipio motociclista vivo tamaulipas
Twitter|https://x.com/teoatl/status/2050767538829640180,Twitter,1,3,ahhhhh hijo mamada
Twitter|https://x.com/ArmandodelaGza/status/2050781364732022845,Twitter,1,6,monica villarreal personalmente tianguisturistico promover tampico
Twitter|https://x.com/EjeConurbado/status/2050988974286516647,Twitter,1,20,dif tampico brindar atencion menor autismo alianza universidad autonoma tamaulipas uat programa proyectar atender menor padre familia tamaulipas tampico cdvictoria
Twitter|https://x.com/albertopjmz/status/2051264870356484100,Twitter,4,50,vivir alla tomala subelar servir prueba clasismo panista panista clasista senalar muladar dejar convertir mercado caso gobierno monica villarreal pedir orden limpieza clasista racista mexico degradar gente obtusa oite confianza pontir chairo naco pobre gente averguenz panista priista hablar prianista expresa prianista prianista panista closet sear todotibio todowhitexican pontir duracel
Twitter|https://x.com/Pattygb5/status/2051157136898449718,Twitter,1,16,alcaldesa fidi tampico morena correr ciudadano peatonal pobre armando reyes facebook verguencer tampico cdvictorio tamaulipa cdmexico
Twitter|https://x.com/mathupoucel/status/2051296361509704071,Twitter,3,104,pase lista presunto narco morena lopez obrador moya americo villarreal ricardo monreal adan augusto lopez evelyn salgado salgado macedonio alfonso durazo abelina lopez andy hernan bermudez maria pilar avila diego rivera cuauhtemoc blanco epigmenio alfredo ramirez bedolla pedro alfonso romo delfina layda david monreal norona luisa alcalde mario delgado enrique izunza rocio nahle cuitlahuac garcia juan gamez audomaro garcia jose ramon lopez silvia delgado geraldine ponce miguel navarro salomon jara alejandro armenta clara brugada enrique diaz damasio castro jorge almazan antonio dionisio juan valenzuela gerardo merida lorena cuellar javier may cansar seguir faltar pez gordotototot americo villareal hermana monica villarreal anaya tampico hundido desgracia
Facebook|https://www.facebook.com/TampicoGob/videos/1305399361729484/,Facebook,4,21,donacion contenedor basura material hdpe salvavida empresa tecnologica marterra tampico crecer monica villarreal bonito util salvavidas gracia amor tampico alcaldesa monica
Twitter|https://x.com/EjeConurbado/status/2051332123961733609,Twitter,1,14,tampico registrar visitante puente vacacional cifra reflejar consolidacion municipio destino golfo mexico tamaulipas cdvictoria
Twitter|https://x.com/alien77_sw/status/2052113678736986119,Twitter,2,3,divisoria primavera tampico
Twitter|https://x.com/Jaume_Osante/status/2051342536652828739,Twitter,1,10,turista visitar tampico confirmar auge destino favorito tampico revistadebate nota
Facebook|https://www.facebook.com/monicavtampico/posts/pfbid02ewFhk8MAJ1qpScVJ2ot31wFtNG8EMDujCWzbVJLEY1ebJ2sxnvJrjYru33sJYDTCl,Facebook,2,50,tampico querer limpio ordenado seguro recibir importante donacion empresa tecnologias recuperacion recursos ambientales marterra group contenedor basura alto resistencia instalar parque plaza chalecos salvavida fortalecer labor direccion turismo cuidar visitar accion reflejar lograr equipo ciudad cuidar recibir responsabilidad brindar experiencia familia visitante tampicotecuida hora presi tampico limpio gracia monica villarreal
Facebook|https://www.facebook.com/reel/1347262097451603/,Facebook,4,74,exito concluir copa joven tampico reunir equipo dia talento disciplina sano convivencia iest anahuac coronar campeon seguido cetis cbta justo impulso presidenta municipal monica villarreal anaya promover deporte motor bienestar transformacion social gobierno tampico fundamental impulsar deporte herramienta formar generacion fortalecer sano convivencia desarrollo integral juventud tampiqueno tampicotecuida tampico cuna grande talento deportivo esperar seguir crecer semillero talento gracias apoyo presidente monica villarreal administracion impulso deporte actual administracion hora exelencia deportivo excelente bonito evento
YouTube|https://www.youtube.com/watch?v=--lRDiZNbi4,YouTube,327,500,credibilidad roberto descarado regla honesto salir analista pff ridiculo ley juicio particular reglas persona escuchar preguntar lloron pallasadas etc deber equipo caer respetar saludo ajuaaaa sear normal cuestionable jamas falta importar liga justificar junco caso expresion dip tigres televisa pumas analista creer falta jugador provecho campo nuevamente lesion marcar cometer sancionar penalti indebido ridiculo quedar haga mierda ameica justicia estudioso dejar alguien juego futbolista futbol fmf ridiculo salir sustituir fundamento respeto cheque reglamento bonito nooooir limpio partido arbitraje ley conceder querer papista objetivo seguir chingaos penal cuerpo deber reglamento alguien familiar sentido video florian azcarraga sobretodo haz acta vetir unico revez ere tigres lambiscon boca persona penal previo jugada proceder comprobar consentir uuuuu erar quitar pequeno robo equipo pensar realidad marcar transparente comentario mal alto ganar coincido junco lastima maroma permitir anadir salir gomes facil televisa triu anti sordo suponer claro sear cosa nivel hablar puma ajjajajajar diriar chairo critico varmerica corrupcion defender vida nota pedir serio ridicular justicia extranar indebido cuerente pase ano plantilla jerarquia cumplir tratar declaracion vazquez play limpio manchar manchar final sonar fsvor periodista realmente acabar sujeto entro anunciar empujon anotar interpretacion desacuerdo americo mego llorar face mledo plantar devir afectar anti pieblo extranar definir leon lamentable legal profesionalismo querido equivoca utilizar cagado autoridad faltos sentido sentido elegible ignorancia alineacion confusion inelegible extranjeros medio juego resentido profesional ninez revez constar cancha equivocar alineacion campeonato dejar decision pequeno cabalmente terminar play chocolate seriedad torneo cachirul tratar atlas federacion pollo alrrevez grito dejar escuchar comporte tranquilo comision triunfo fmf gana caso gente sonar demciado congruente cambiar oierdar meter lesion concuerdo mierda chairos jalar comentarsto balon mano acatar ingresar tomar justo azcarraga azcarraga anciano wue respetar ylas defiendes vengas rato opinion experiencia interpretar corresponder negocio interpretar permitir comision interes justicia caer honestidad dueno hampon extranar escuchar infractor serie vuelta cederio reporteros justicia dirias chingaos criterio decepcion huevo conmocion mello palero calderon pinche analizar atras ojala mes interesar victor chingados ustedes hagamos servir anarquia conmocion equivocar normal doble nivel wey noqueado demasiado ambicion presedente pagar mire saludo modificacion hechar sacar nomas animador sueno basura pensar parejo constancia defensor extra empate atras pase nahuel trampa reclamar indebir ame sleev caer dia tamano analisis importar campeon deportivo opinion pruebas demandado rico campeon yar lesionar tipico entiendar echar plicarla extranar seguro resultar cosa amierdica opuesto video antiamericanismo contratar antiamericanista hipocritas corazon lastima pais loco temor pffff pesimo gente mediocridad espn aliminaro pequenito lamve muerto puesto analizar campeonato guadalajara tecnico jugo reclamo alli gatito jusgaz dijistar video vegas interprete dueno gana tenia empujar legal demostrar parecer deberiar mayoria juicio razonamiento cruz selectivo gata quebrar castigo parejo chivas asaltar hora legalidad importante futbolista negocio mil deporte jijo chingue pinche ase consultar ayudar decada beneficiar conveniencia saludos participacion debate deir condicion colacion linea interpretar extranar exigir paraguas arbitraje federacion lis negro guadalajara emilio sistema negocio campeonato ascender fmf presidente joaquin recordar francisco maurer coherente vestidor banca considerar ridiculos sede ilegal imparcial tendencioso reventar levantar lambiscon leyes juan dedicado tomar comedia ustedes enajenar culera consumar expulsado apoyar
Facebook|https://www.facebook.com/monicavtampico/posts/pfbid034zJaFmh9T74AwbP7vxcRYkSHkoVHneuERAfbYg7eftyf9RP6jkRpHcRDQWRjoL1Jl,Facebook,7,51,entregar ocasion distintivo tampico sumar negocio sello significado marca representar talento esfuerzo tampiqueno unico municipio tamaulipas contar distintivo tampico seguir apoyar local crecer tampico tampicotecuida excelente programa impulsar emprendedor tampico felicidad alcaldesar excelente lic monica hora tampico bonito logo marca bello excelente iniciativa unico municipio distincion grcs presidenta impulsar emprendedor villarreal
Twitter|https://x.com/Jaume_Osante/status/2051456663970885962,Twitter,1,11,tampico recibir contenedor equipo seguridad reforzar limpieza turismo tampico revistadebate nota
Twitter|https://x.com/VoxPopuliNoti/status/2051473704928883131,Twitter,1,18,tampico avanzar servicio publico equipamiento coordinacion empresarial alcaldesa monica villarreal reiterar compromiso continuar coordinacion sector empresarial tampico tamaulipas
Twitter|https://x.com/Jaume_Osante/status/2051490037464781115,Twitter,1,9,tampico crecer sumar negocio identidad local tampico revistadebate nota
Twitter|https://x.com/DulceGabs/status/2052168621338583069,Twitter,2,15,proximamente dia tampico solitar papa entender necesitar necesitar frente mar dia importar amar decepcionar entender
Facebook|https://www.facebook.com/monicavtampico/posts/pfbid02f4ntLcUskiaEFsHAvcKhSVymrSL5yGw7kZbasgUbyA65bxCkgXnVpbAmRDGMPUWol,Facebook,6,51,excelente gestion tampico limpio tampico limpio gracias donacion saludos alcaldesa monica villarreal excelente labor beneficio ciudad enhorabuena excelente presidenta esfuerzo notar seguir tampico seguir crecer esoar contendor desfondar colonia herir pestilencia mano gracias ala nuesttro tampico belloy ala empresa marterra donar hora exacto numero presidenta monica villarreal anaya presidenta ano nadien
Twitter|https://x.com/VoxPopuliNoti/status/2051500343335272604,Twitter,1,16,consolida monica villarreal programa tampico negocio reconocido distintivo tampico impulsar identidad desarrollo economico comercio tampico tamaulipas
Facebook|https://www.facebook.com/monicavtampico/posts/pfbid034dtEHcFf5kxkyzACJnHWZSsnFrSXo54KwffzcqFFonobvTMj2BiLXCaLxWUWL6HUl,Facebook,5,55,woow felicidades monica villarreal empresa duda esfuerzo enorme responsabilidad tampico hora nora ale felicidad orgullo lic monica villarreal tampiqueno emprendedor hora tampico vien seguir sacar iniciativa marca producto existir directorio pagina enhorabuena presidenta monica villarreal apoyo comercio local iniciativa echar tampico echar puro calidad inigualable gracias alcaldesa bendice felicidad presidenta monico villareal hora asir tampico
Facebook|https://www.facebook.com/TampicoGob/videos/1647653456448440/,Facebook,3,13,aniversario batalla puebla mayo saludos dia monico felicidad tampico presente dia conmemorativo historia
Facebook|https://www.facebook.com/monicavtampico/posts/pfbid02YY3vmm4UAmpWuWF2v5Tkd3rq7jm4fvnDUXv9bb8YKoHnvA9xWHUh45AVoajRLHHdl,Facebook,5,47,ceremonia civico aniversario batalla puebla honrar orgullo significativo historia sigar mantener vivo civico historia base construir futuro viva batalla puebla vivar joven general ignacio zaragoza heroe heroina luchar vivan continuen exito victorias mexicanos cuarta transformacion batalla puebla enhorabuena alcaldesa importante conmemorar recordar historia excelente ceremonia batalla puebla
Twitter|https://x.com/EjeConurbado/status/2051714141438591170,Twitter,3,50,monstruo asegurado reynosa guardia estatal reynosa guardia estatal asegurar vehiculo blindaje artesanal operativo zona fronterizo tamaulipas cdvictoria tampico entregar distintivo tampico tampico alcaldesa monica villarreal anaya entregar distintivo tampico comerciante impulso clave orgullo local economia puerto tamaulipas cdvictoria mexico celebrar invocar defender llorar presumir convertir insulto mexicano tamaulipas tampico cdvictoria
Facebook|https://www.facebook.com/monicavtampico/posts/pfbid027jRZuWt3MVkSGfNUbNejW3xCQiyevAuVdYgB6aonqFMuPkRU2omgtW5n3hw5bT8sl,Facebook,5,49,gusto acompanar congreso cuidar emocion espacio centro importante bienestar emocional joven jornada lleno aprendizaje conferencia taller testimonio vida invitar reflexionar crecer seguir impulsar iniciativa completamente gratuito accesibl cuidar emocion construir futuro tampico seguir generar espacio acompanar fortalecer transformar vida presidente pendiente excelente preocupado bienestar juventud cuidar bienestar emocional tampiquenos
Twitter|https://x.com/CronistadeCorte/status/2052162943932895297,Twitter,3,27,chronicle known orders knighthood honorary distinctions conferred sovereigns governments together illustrations decorations compiled authentic sources acosa aparecer santa anna anverso reverso estrella tampico otorgado combatir expedicion barradas
Twitter|https://x.com/jgutierrrezvega/status/2052130623939072038,Twitter,2,47,jubilados grupo tampico madero presente perseverancia refrendar compromiso prevalecer unidad politica amigo lider luis gerardo perez sanchez magno evento torneo pesca luis ricardo aldana prieto jubilados grupo tampico madero listo recibir familia petrolero orgulloso merecer magno evento torneo pesca refrendamos politica amigo lider luis gerardo perez sanchez
Twitter|https://x.com/vhmtzrmz/status/2052127641591771455,Twitter,1,23,mario lopez borrega senalar gobernador morenista americo villarreal anaya presunto vinculo huachicol declaracion sacudir clase politico tamaulipas involucrar politico alcalde cdvictoria tampico nuevolaredo
Twitter|https://x.com/gdlyuridia/status/2052125771972366649,Twitter,10,171,grande voz unido puebla yuridia invitar edith marquez palomazo publico enloqueceir increible talento juntar regalar yuridia edithmarquez palenquepuebla yuridia carta mesa viernes septiembre estadio gnp seguros cdmx mexico tour venta hsbc aceptar unicamente tarjeta debito credito premiere limite compra boletos codigo lobby refresh link precios boletos cargos vip platino gold rosa morado azul zona gnp verde naranja verde naranja general pcd fechas preventas venta hsbc mayo tarjetas premiere credito debito venta hsbc mayo tarjeta credito debito general mayo tarjetas bancos boletera ticketmaster meses intereses msi tarjeta credito hsbc yuridia lascartassobrelamesa lascartassobrelamesatour estadiognpseguro coliseognpseguro concert concierto mexico cdmx livetour fest festival mexicotour guadalajara jalisco gdl music musica granventahsbc comenzar corre boleto fechas yuridia tour carta mesa sep orizaba oct acapulco oct tuxtlagutierrez oct losmochis oct lapaz oct tijuana mexicali nov tampico anunciar boleto mayo salir venta boleto fecha desear asistir salir recinto informacion venta acapulco listo duda preventa salir general mayo hora evento manejar ocasion llegar coliseognpseguro hacerte vibrar hacerte cantar hit conmover comprar recordar acceder hsbc codigo recibiste correo electronico monterrey
Facebook|https://www.facebook.com/reel/1681451242991183/,Facebook,8,54,gusto acompanar congreso cuidar emocion espacio centro importante bienestar emocional joven tampico seguir generar espacio acompanar fortalecer transformar vida tampicotecuida excelente platico enfocado ala juventud tampico cuidar salud mental felicidad presidenta monico villarreal pensar dema felicidad lic tampico cuidar cuida tampiquenos excelente evento felicidad presi guapo excelente evento licenciado monica villarreal joven cercano gente
Twitter|https://x.com/soy24siete/status/2051760427034374514,Twitter,1,18,tampico abrir mercado texas producto local alcaldesa destacar marca puerto buscar unidos impulsado crecimiento emprendedor surgido mercaditos huastecos
Twitter|https://x.com/chicavallen/status/2052115508049183075,Twitter,2,11,hotel room end like tamaulipas presidencia calderon done tampico tirar carcajada
Twitter|https://x.com/raul_quiroga1/status/2052126934792859920,Twitter,2,77,ojo salina pliego afirma gobierno base militar ruso escondida mexico usurero ricardo salinas pliego volver centro debate espacio informativo azteca difundir version supuesto alerta espias ruso mexico narrativa generar cuestionamiento red social analista pedir sustento verificacion informacion considerar contenido provocar confusion alarma evidencia claro cruzar discusion presencia agencia extranjero territorio nacional particularmente chihuahua intensificar debate injerencia internacional manejo mediatico informacion ricardo salinas pliego azteca emitir postura detallado adicional critica continuar generar conversacion ambito publico base extraterrestre tampico
Facebook|https://www.facebook.com/monicavtampico/posts/pfbid0UZ52zbzvriYKL6zeRpg3w85GwytqC8R761HP4ZGJz9W1UjbGxAc79fiRU2LqqRmSl,Facebook,2,9,historia base presente escalera futuro excelente ceremonia civico nino
Facebook|https://www.facebook.com/monicavtampico/posts/pfbid027rxkW11kp5kV9hk3tYf7Spv8HDyXcwJ5vdi7ohBUMvgbwkxYfq4ozJUSDt56WjSbl,Facebook,3,26,excelente alcaldesa pendiente juventud futuro mexico excelente iniciativa alcaldesa monica villarreal salud emocional joven prioridad tampico cuidar acompanar excelente monica villarreal continuar accion beneficio pueblo saludos
Twitter|https://x.com/roralroral77/status/2052139939110825996,Twitter,2,7,chiquis traviesar terrible calor madero tampico altamira
Twitter|https://x.com/Jaume_Osante/status/2051840723440341229,Twitter,1,11,jovenes fortalecer salud emocional congreso tampico crecimiento bienestar tampico revistadebate nota
Twitter|https://x.com/EleeseNoticias/status/2051841573680271552,Twitter,1,9,gobierno tampico iniciativa privado impulsar congreso juvenil cuidar emocion
Twitter|https://x.com/HOYTamaulipas/status/2051847608063098916,Twitter,2,20,tamaulipas gobierno tampico iniciativa privado impulsar congreso juvenil cuidar emocion enteratir tamaulipas fgj investigar servidor ssp muerte policia reynosa enterate
Twitter|https://x.com/VoxPopuliNoti/status/2051848471276056846,Twitter,2,39,gobierno tampico iniciativa privado impulsar congreso juvenil cuidar emocion iniciativa conjunto buscar brindar herramienta bienestar desarrollo personal generacion tampico tamaulipas impunidad pedir justicia ernesto villanueva tampico tamaulipas pancarta consigna familiar amigo pedir avance claro caso ernesto villanueva tampico tamaulipas
Twitter|https://x.com/gruponoticiaspc/status/2051857817934389606,Twitter,2,39,gobierno tampico iniciativa privado impulsar congreso juvenil cuidar emocion resultado colaboracion solounge producciones presidido soledad moreno gobierno municipal tampico leer gobierno monica villarreal intensificar bacheo vialidad estrategico compromiso seguir mejorar movilidad seguridad vial beneficio familia tampiquena gobierno tampico leer
Twitter|https://x.com/32Templari71484/status/2052120282186318127,Twitter,2,22,gobierno keiko gobierno sanchez jpp cual confiar encargar encontrar desaparecido ano violencia quenoseteolvide tampico traidor patria hagas mermelero traidor das lastima ctm
Twitter|https://x.com/Jaume_Osante/status/2051866457617596578,Twitter,2,23,atencion tampico cierre vial simulacro nacional tomar ruta alterno evitar retraso tampico revistadebate nota simulacro nacional tampico lograr evacuar persona tampico revistadebate nota
Twitter|https://x.com/EdorvartRagde/status/2052117977567207499,Twitter,2,24,domingo repetir tranza tendencios extranar final tampico madero final raro hermano necaxa gol fantasma granderobo despoblado descarado mierda arbitral joaquin urrea pumas variar etc
Facebook|https://www.facebook.com/monicavtampico/videos/2172056846944667/,Facebook,6,24,capacitacion manejadores alimento centro bienestar paz col moscu excelente capacitacion gracias presidenta excelente apoyo despicadora excelente capacitacion alcaldes excelente capacitacion licenciada monica capacitacion presidento
Twitter|https://x.com/laexpresionmx/status/2051995587105423432,Twitter,3,29,gobierno tampico impulsar congreso juvenil cuidar emocion tamaulipas cdvictoria reconocer monica villarreal labor despicadora entregar certificado salud tamaulipas cdvictoria fgje lupa secretaria seguridad publica muerte policia reynosa tamaulipas cdvictoria
Facebook|https://www.facebook.com/TampicoGob/videos/1923136711719196/,Facebook,4,19,sesion ordinaria cabildo tampico contodo jajaja entrega recepcion salir pierna sacar palacio acordar norona pizana llegar tarde tik tok
Facebook|https://www.facebook.com/monicavtampico/posts/pfbid0bpjL172mJ2JYFD7UBptAvySto2StN1E7v8jERp5qiD8fWCvnHQ4VSRk59S8NC4Ypl,Facebook,5,62,despicadora participar capacitacion entrega permiso manejador alimento esfuerzo impulsar conocimiento practica higiene fundamental garantizar alimento seguro calidad familia gracias coordinacion secretaria salud comision estatal proteccion riesgos sanitarios coepris secretaria bienestar social municipio importante accion favor salud tampiqueno tampicotecuida alcaldesa excelente alcaldesa monica villarreal capacitar despachadora cuidar salud familia tampiquena acto digno admiracion magnifica iniciativa presidenta ayuda persona temporal famosisima tia cuata fila
Facebook|https://www.facebook.com/reel/1056840273682316/,Facebook,5,39,despicadora despicador participar capacitacion entrega permiso manejador alimento fortalecer conocimiento promover practica higiene garantizar alimento seguro calidad familia tampiquenas tampicotecuida super genial excelente lic presidenta monico villarreal exito excelente capacitacion entrega permiso manejador alimento garantizar alimento seguro calidad muyyy
Facebook|https://www.facebook.com/monicavtampico/posts/pfbid0FFPpiHjnEru8VySz7q3bNhuqA9KVieHqeNe8nSvrJuiwHGWL3TTUX2cQBtaJuqxdl,Facebook,6,61,vivir conferencia conectar directamente corazon joven historia cambiar historia impartido hanns myhulots cuidar emocion aprender pedir ayuda construir camino fuerza proposito seguir acercar espacio gratuito accesibl tampicotecuida excelente iniciativa alcaldesa salud emocional joven prioridad historico presidenta prioridad salud emocional joven excelente iniciativa importante actualidad felicidades monica villarreal delante bienestar juventud tampico cuida importante felicito implementar programa salud emocional importante admirable labor
Facebook|https://www.facebook.com/secretariadeobraspublicastampico/posts/pfbid0Nu1HfXUKGrGQkhNbDMLZ5PgT5jq4EUwbUZhwKD84YLgAo5t1yF1dqHE3rM1R3JgXl,Facebook,2,52,personal direccion obras publicas cabo rehabilitacion rejilla pluvial ubicado calle universidad tamaulipas universidad oaxaca prolongacion faja oro col universidad poniente finalidad garantizar seguridad automovilista peaton transitar zona optimizar correcto desalojo agua pluvial prevenir encharcamiento inundacion temporada lluvia tampicovacontodo tampicotecuida incansable senora precidento licenciada monica villarreal anaya bienestar avitant tampico gracias desempeno cabildo
Facebook|https://www.facebook.com/juventudtampico/posts/pfbid02yvJyBRax7nHi4M2YqyoPjotvHqerzBPEMXCVpNDNJAte7yxgAdEMmVxeYTyoZ1HDl,Facebook,1,27,premiar ganador celebrar esfuerzo pasion corazon equipo dejar cancha copa joven recordar futbol fortalecer equipo creer amistad alla marcador presidenta monica villarreal importante joven unar participen deporte
Facebook|https://www.facebook.com/TampicoGob/posts/pfbid029mUoHN7K5qsBnuRiq8NxgXYG6PafthgqaYTx51MJwro4k3TfjzrQRxQmJ8XctLo4l,Facebook,1,22,objetivo fortalecer coordinacion interinstitucional garantizar condicion optimo ciudadania cabo mesa seguridad paz autoridad nivel gobierno reiterar compromiso conjunto garantizar seguridad orden familia
Facebook|https://www.facebook.com/juventudtampico/posts/pfbid02e1R5CiKY1XrGjScj7ftDJgeNnnLSxyi1yZ9y387qjRqKFEwsyyyJyL1gCC9BFgm9l,Facebook,1,33,final regalar copa joven partidazo terminar regular campeonato definir penal iest anahuac coronar campeon marcador cetis entrega pasion cierre digno final felicidad equipo brindar espectaculo inolvidable iest anahuac campeon copa joven tampicojovir tampicovacontodo
Twitter|https://x.com/necaxamor/status/2052163666766598537,Twitter,1,26,tampico madero altamira panuco recordar pinche viejo loco ocurrir genial idea otorgar credito palabra pago pueblo sabio pendejo chingar viejo quedar deudor perdida rubro cartera incobrable
Twitter|https://x.com/IldaServin90245/status/2052150192900587804,Twitter,1,22,tampico prian grupo salinas crear mrntira instruyanse lean dejar proteger politico gobierno corrupto empezar proteger mexicano mexico bola parasito vivir mexico morena
Twitter|https://x.com/Belinda_GaVa/status/2052127932210950370,Twitter,2,51,feto nacer dejar importar suceder importar calidad vida pro vida sangre organo medula osea celulas madres favor nina violado ano obligado parir pro fetos pro vidas hospital donar sangre quedense callado recordar agua limpio fresca animal compania callejerito sentir sed animalito batallan encontrar donde tomar tampico cdmadero altamira sed agua calor
Twitter|https://x.com/xKatlyne/status/2052126459620171854,Twitter,18,78,bro telefono explotar detectar enfermedad covicho marciano conocido virus tampico fak morir abuelito cawn olo vas mutar zombie jane doe reaccion virus therian leon requiem deir ano pandemia dia inyeccion quitar dolor terrible perder sabor mes esperar kaaaat volver nemesio queeee nuuuu lady dimitrescu escribir jajajsj pronto recuperacion palacio nacional bts aparecer claudia sheinbaum balcon principal palacio nacional dejar streams uni dejar uni streams jaja lic recuperatar pronto katsita tqm empezar lefordetdo comprar ropa tacon evento final cancelar
Twitter|https://x.com/tphilip631/status/2052139639272608009,Twitter,2,148,actually see wake turbulence video rare able see directly wake turbulence byproduct wings generating lift ends wings air flows vortices spin away wing one going different direction continue rotate wake turbulence pronounced heavy jet flying slowly like right takeoff approach land recall correctly vortices move laterally knots sinking slightly way stay turbulence stay exactly behind slightly previous path aircraft ground really producing vortices anymore aimpoint landing slightly beyond previous jet touched takeoff stay slightly side previous path separation time best way stay always room jets similar weight categories take land behind safely less space big jet takeoff land behind smaller jet without much worry biggest danger comes smaller jet behind bigger could potentially lose control atc specific times distanz must separate based weight category like heavy super heavy vortices movar laterally vertically waiting little sel trinidad tampico following pbi short final ocean flipped upside moment lesson controller blamed
Facebook|https://www.facebook.com/secretariadeobraspublicastampico/posts/pfbid0NmU753LbpKB8FgsgmejUioFMppjntW4Afsd9QzRexbkQLShKYFyct67WGX5XKmB7l,Facebook,1,14,seguir esperar resuelir ano secretaria servicios publicos tampico mandar mensaje privado colombia colonia america
Facebook|https://www.facebook.com/monicavtampico/videos/1401574411693315/,Facebook,5,18,joven dinamismo alegria ciudad principal podcast miercoles acompaname excelente luis peraza bendicion excelente presidenta tampicotecuida lic luis peraza
Twitter|https://x.com/ReporteraDaisy/status/2052109647553687941,Twitter,1,23,elpuntoes pri iniciar renovacion comite municipal fortalecer estructura territorial recuperar espacio eleccion informacion josue escamilla tamaulipas cdvictoria reynosa matamoros altamira tampico madero nuevolaredo
Twitter|https://x.com/DocUbaldo/status/2052115399890608508,Twitter,1,2,tarde tampico
Twitter|https://x.com/DocUbaldo/status/2052116189510295900,Twitter,1,18,edad factor riesgo dolor articular afectar joven especialmente deportista persona condicion sobreuso sedentarismo inflamacion influir importar edad tampico
Twitter|https://x.com/sttingz/status/2052116280568881651,Twitter,1,3,thank god tampico
Facebook|https://www.facebook.com/monicavtampico/posts/pfbid02foiDnG6JbwNF3BMCEoViUdR9tP3UXNh4mkPXbQVBTZWvxRcy5XAz3HaAFdLCz4qQl,Facebook,5,46,importante permiso certificado venta alimento marino monica villarreal constatar producto entero satisfaccion sentido convertir virtud servicio pueblo amlo excelente salud manejar marisco excelente apoyo presidentar monica companera despicadora tampiquenas gracias presidenta monica villarreal apoyo companera despicadora excelente evento gobierno municipal tampico avance felicitaciones presidenta monica villarreal
Twitter|https://x.com/DocUbaldo/status/2052117240984580329,Twitter,2,25,escuchar cuerpo clave equilibrio hormonal tampico cuidar salud hormonal alimentacion descanso movimiento consciente regulacion sistema nervioso cuidado entorno acompanar salud hormonal forma natural respetuoso consciente
Twitter|https://x.com/lannawma/status/2052117599513694383,Twitter,2,28,dying esref went trouble bunch notes made image old man tampico kkkkkk dog man esrefruya yeah coming back sure something happens esref tear piez nisar tek back esrefruya
Twitter|https://x.com/DocUbaldo/status/2052117849968083026,Twitter,1,4,tarde gracias invitacion tampico
Twitter|https://x.com/lacapital2006/status/2052118914205639163,Twitter,1,23,participar millon persona simulacro proteccioncivil sinaproc primersimulacronacional cnpc puebla tampico cdvictoria veracruz monterrey slp toluca coahuila morelia tamaulipas torreon queretaro guadalajara cdmx mexico
Facebook|https://www.facebook.com/TampicoGob/posts/pfbid023AhdAkTcPUtouBp7XcCjbUZbPQf8DjSyoJEmGQpH1rBLmsB9kLFQcLTwbgXpdFjnl,Facebook,3,84,sesion ordinaria cabildo numero aprobamo importante acuerdo fortalecer vida institucional bienestar familia tampiquenas relevante aprobar pagina red social oficial secretaria direccion municipio considerar activo digital institucional garantizar control resguardo continuidad administrativo mantener comunicacion ordenado cercano ciudadania aprobar designacion merecedora presea lauro aguirre merito educativo mtra ana maria guadalupe santiago tejada reconocimiento honrar dedicar vida educacion formacion generacion pensar apoyar economia familia autorizar descuento pago mantenimiento anual cementerio municipal descuento adeudo ano vigente mayo seguir responsabilidad compromiso construir tampico cuidar tampico super alcaldesa tampico super
Twitter|https://x.com/lacapital2006/status/2052121871844307399,Twitter,1,24,seleccionado presentar quedar mundial fmf seleccionnacional snm ligamx car javieraguirre puebla tampico cdvictoria veracruz monterrey slp toluca coahuila tamaulipas torreon queretaro guadalajara cdmx mexico
Twitter|https://x.com/lacapital2006/status/2052125325983645785,Twitter,2,46,chivas revirar seleccionado acudir concentracion fmf seleccionnacional amauryvergara ligamx car puebla tampico cdvictoria veracruz monterrey slp toluca coahuila morelia tamaulipas torreon queretaro guadalajara cdmx mexico infierno final toluca losangelesfc copadecampeones tampico queretaro mazatlan pachuca puebla cdjuarez monterrey slp toluca tamaulipas torreon tijuana leon guadalajara aguascalientes cdmx
Twitter|https://x.com/dimlylitlove/status/2052144837386711259,Twitter,2,10,universo oportunidad bts fuckass monterrey tampico aca venir puro nadaqueveriento
Twitter|https://x.com/EjeConurbado/status/2052127506606510557,Twitter,1,13,alertaclimatica hora infernal sur tamaulipas registrar sensacion termico altamira tampico ciudadmadero tamaulipas oladecalor
Twitter|https://x.com/VoxPopuliNoti/status/2052128602813088126,Twitter,1,23,brutal golpiza dejar hombre gravemente herido mante tamaulipas proteccion civil elemento seguridad movilizar auxiliar hombre reynosa tamaulipas matamoros nuevolaredo cdvictoria tampico madero altamira
Twitter|https://x.com/JuanPizanaMtz/status/2052130639239885309,Twitter,1,20,orgullosamente cumplir ano difundir folclor nacional huasteca grupo longevo presencia tamaulipas celebrar decada pasion raiz balletfolklorico yacatecutli tampico tamaulipas juntospodemos
Twitter|https://x.com/TesoroMoctezuma/status/2052131784133922940,Twitter,1,27,felizmiercoles futbolfemenil nfl nba espectaculos worldcup ligamx laliga noticias ensenada mazatlan cdjuarez chihuahua tampico coahuila cdvictoria monterrey colima veracruz guadalajara aguascalientes leon queretaro morelos puebla cancun mexicocity
Twitter|https://x.com/Reporteroszona/status/2052134851092922647,Twitter,1,13,almomento movilizar bomberos conato incendio autobus pasajero tampico mante altura subodega zona norte
Twitter|https://x.com/gruponoticiaspc/status/2052135036481102113,Twitter,1,16,comapa altamira proporcionar mantenimiento colector tampico cabo mantenimiento colector drenaje ubicado colonia tampico sector miramar leer
Twitter|https://x.com/JTrizztan/status/2052135103568973958,Twitter,1,8,gracias team sugerencia playboost armar helada saludo tampico
Facebook|https://www.facebook.com/DireccionSaludTampico/posts/pfbid0rDrzveBhmq6KZQDS9UZ7XyGDkQW8kdtXVu4i8dUPKfmV5WgN6mpe7DTSPLL7dAAAl,Facebook,1,77,gobierno municipal tampico direccion servicios medicos municipales invitar ciudadania tomar medida preventivo alto temperatura onda calor hidratacion adecuado fundamental proteger salud especialmente nina nino persona adulto mujer embarazado persona enfermedad cronico actividad aire libre recomendar tomar agua simple dia evitar exposicion prolongado sol ropa ligero color claro permanecer fresco ventilado evitar bebida alcoholico azucarado exceso cafeina sintoma mareo dolor cabeza intenso nausea desorientacion piel caliente desmayo acudir inmediato recibir atencion medico temporada calor prevenir cuidar tampico cuidar
Twitter|https://x.com/soy24siete/status/2052140839598498086,Twitter,3,38,asegurar detencion hombre cdvictoria diverso operativo calle felipe berriozabal autoridad confiscar asegurar motocicleta irregularidad alcaldesa anunciar reforzamiento vigilancia instalacion camara seguridad monumento espacio publico tampico reciente acto vandalico companeros vida final adulto perrito captar caminar calle avanzar despacito
Twitter|https://x.com/soy24siete/status/2052136596481204502,Twitter,1,11,persona evacuar simulacro nacional tampico alerta sismica protocolo emergencia escuela dependencia
Twitter|https://x.com/VoxPopuliNoti/status/2052138372563366050,Twitter,2,37,expo tampico iniciar renovacion rezago mantenimiento ahorro energetico evento prometer devolver dinamismo emblematico recinto tampiqueno tampico tamaulipas baja cifra asesinato tamaulipas reynosa concentrar mayoria caso registrado secretario gobierno reportar reduccion historico violencia pese desafio frontera ciudadvictoria tamaulipas
Twitter|https://x.com/gruponoticiaspc/status/2052139227857445258,Twitter,2,41,tec madero facultad medicina tampico impulsar proyecto tecnologico salud fetal instituto tecnologico ciudad madero facultad medicina tampico universidad autonoma tamaulipas leer monica villarreal fortalecer derecho laboral sanitario despicadora tampico presidenta municipal monica villarreal anaya encabezar entrega certificado permiso sanitario despicadora leer
Facebook|https://www.facebook.com/reel/752750061166955/,Facebook,5,49,mayo indicacion alcaldesa monica villarreal coordinado personal secretaria servicios publicos tampico laguna carpintero recinto ferial tampico mantenimiento fuente ubicado area jardin artes accion seguir cuidar mejorar espacio familiar tampiqueno disfrutar entorno limpio seguro condicion tampicotecuida super hermoso hermoso ciudad incansable labor embellecimiento bello tampico excelente accion presidenta monica villarreal
Twitter|https://x.com/VictorTello73/status/2052142033704280221,Twitter,1,4,tampico mensaje enviado washigtondc
Twitter|https://x.com/ReporteraDaisy/status/2052145113791332435,Twitter,1,22,elpuntoes diputado senalar cambio secretaria salud necesario mejorar sistema fortalecer atencion medico informacion alan morales tamaulipas reynosa matamoros tampico madero altamira nuevolaredo
Twitter|https://x.com/lacapital2006/status/2052145522719301719,Twitter,1,21,intervencionistas atacar teleferico casimiro basoria claudiasheinbaumpardo batalladepuebla provocacion cdvictoria tamaulipas nuevolaredo reynosa riobravo vallehermoso matamoros elmante altamira ciudadmadero tampico cdmx mexico
Twitter|https://x.com/NewsBorder67/status/2052147851052937294,Twitter,2,32,hospital model left industrial cities behind issste tampico hospital madero response gulf coast citieshealth hospitaldeficit zocalo arder llegada bts palacio nacional provocar euforia army rescate inesperado pasar sol implacable bts cdmx army
Twitter|https://x.com/MuroPoliticoMX/status/2052148416877109730,Twitter,1,21,tamaulipas gobierno federal avanzar laredo construccion etapa programa viviendas bienestar nota cdvictoria tampico cdmadero altamira matamoros reynosa nuevolaredo riobravo vallehermoso sanfernar
Twitter|https://x.com/MuroPoliticoMX/status/2052148714165125385,Twitter,1,20,tamaulipas madrugada elemento guardia estatal lograr detencion persona posesion motocicleta reporte robo nota cdvictoria tampico cdmadero altamira matamoros reynosa nuevolaredo
Twitter|https://x.com/MuroPoliticoMX/status/2052148980008518060,Twitter,1,20,tamaulipas comenzar revision documento terminar aseguramiento probable delito salud nota cdvictoria tampico cdmadero altamira matamoros reynosa nuevolaredo riobravo vallehermoso sanfernar
Twitter|https://x.com/MuroPoliticoMX/status/2052149846857887920,Twitter,1,22,tamaulipas cumplido alcalde victoria eduardo gattas baez vecino colonia magisterial entregar obra pavimentacion asfaltico nota cdvictoria tampico cdmadero altamira matamoros reynosa nuevolaredo
Twitter|https://x.com/RadioUAT/status/2052150133005889745,Twitter,2,37,alaire carlos aviles lamusicaquehemosvisto informacion musica obra cine teatro television cdvictoria tampico nld reynosa matamoros madero tamaulipas jueves manana patricia jaqueline ramirez arenas estudiante posgrado hablar microbio productor metano oculto salinera guerrero negro cdvictoria tampico reynosa matamoros
Twitter|https://x.com/MuroPoliticoMX/status/2052150257337651697,Twitter,2,43,tamaulipas secretario finanzas carlos iran ramirez gonzalez asegurar congreso local tamaulipas mantener estabilidad financiero nota cdvictoria tampico cdmadero altamira matamoros reynosa nuevolaredo riobravo tamaulipas endurecer requisito participar licitacion publico proposito frenar simulacion cerrar empresa facturera fortalecer proveedor formal nota cdvictoria tampico matamoros reynosa
Facebook|https://www.facebook.com/TampicoGob/posts/pfbid034FbuaXbGTKnL2n2NPxMySNDhC4uNrHNUDphu89DP9vWm4UksZ5vbPzYYVYM9pJhel,Facebook,1,2,excelente congreso
Twitter|https://x.com/SPAT_AC/status/2052152604063359088,Twitter,1,20,cachorritos alta medica camino dificil ingresar lograr necesitar apoyo cubrir gasto pendiente meta cualquiera cantidad sumar apoyar gracias santander tampico
Twitter|https://x.com/CVDR_TampicoIPN/status/2052155308365979776,Twitter,2,36,hrs participacion activo ordenado cvdr tampico ipn prevencion salvar vida simulacro excelente oportunidad preparado seguridad tarea soypolitecnico ipn industria seguridad curso unete aprender curso analisis riesgos procesos informes inscripcion tel ext correo seguridadindustrial gestionderiesgos prevencionipn capacitacionprofesional
Twitter|https://x.com/_jorge1710/status/2052156331079930317,Twitter,1,4,foto hablar ovni tampico
Twitter|https://x.com/krico_m60516/status/2052159768848945241,Twitter,2,13,checar ratito celular tremendo encantar leggins manjar saludo tampico caliente admirar culazo mamito
Twitter|https://x.com/GPL59323899/status/2052168910108025179,Twitter,2,29,decreto abril art conceder medalla setiembre batalla tampico espanol asimismo medalla oro peso onza general jefe metal anverso reverso estrella tampico otorgado combatir expedicion barradas viva general santa anna
Twitter|https://x.com/TDNoticiasmx/status/2052174624268358009,Twitter,2,14,innovaciones uat buscar desarrollo tamaulipas tamaulipas tampico detecta incumplimiento sanitario inspeccion tamaulipas clausura clinicasprivada
Facebook|https://www.facebook.com/monicavtampico/posts/pfbid03Dyi8411fpqhCvmHvvEsDgd64Un4jHTkbmhAzBYyPmDo1ujXaFtN5PTFQjWbRUZtl,Facebook,9,97,sostuve reunion pedro cepeda anaya secretario obras publicas seguir impulsar proyecto fortalecer desarrollo infraestructura tampico seguir coordinacion gobierno sumar esfuerzo construir ciudad espacio bienestar oportunidad excelente presidenta monica villareal anaya bravo excelente seguir tampico tampicovacontodo tampicotecuida seguir esperar respuesta simple rampa discapacitado marzo tendran amabilidad venir excelente presidenta monica villarreal gestionar recurso obra inportant tampico tampicovacontodo gestionar obra publicar tampico excelente lic monica villarreal negociar bello puerto bienvenido agradecido sdo saludos pedro hombre salir luchado meta inteligente calidad humano cambies pedro seguir exito profesional felicidad presidenta obra puerto tampico seguira avanzando aplausos zacil villarreal anaya presidenta tampiquenos
Twitter|https://x.com/elsolde_tampico/status/2052176067415114097,Twitter,2,23,vivir onda calor reynosa municipio tamaulipas aplicar basico afrontar temperatura airecito carton nieve sombrilla jaime jimenez sol tampico tampico tamaulipas portada jueves mayo
Facebook|https://www.facebook.com/monicavtampico/posts/pfbid0F7re7oc4nJLhCHjq6qdr6AKfuN6Bcgb5zHSAS9LbkUhTRpYQHkpZT6HtDbTT5DCvl,Facebook,3,19,firme digno croc excelente iniciativa alcaldesa monica villarreal cuidar emocion joven prioridad gracias acercar espacio gratuito tampico iniciativa felicidad
Twitter|https://x.com/Jaume_Osante/status/2052205194625122610,Twitter,1,12,despicadora recibir certificado sanitario tampico reconocimiento apoyo sector pesquero tampico revistadebate nota
Twitter|https://x.com/VoxPopuliNoti/status/2052237747528630460,Twitter,1,19,alcaldesa monica villarreal reconocer labor despicadora entrega certificado salud jornada sanitario fortalecer proteccion consumidor producto mar tampico tampico tamaulipas
Facebook|https://www.facebook.com/reel/1329993749018484/,Facebook,6,47,tampico seguir mantener optimo condicion espacio representar historia identidad orgullo emblematico kiosco plaza armas recibir labor limpieza mantenimiento reafirmar compromiso seguir cuidar rincon ciudad bello puerto gente excelente alcaldesa excelente tampico hermoso gracias uds gobierno hermoso dlb presidenta tampico hermoso excelente presidenta reconocimiento entrega compromiso hermoso kiosko
Facebook|https://www.facebook.com/BienestarSocialTampico/posts/pfbid08YVnYb8LK5d9SFhvEhVAuHXuTcGqH9ZBccf4eer1HoqSabeAEnduLVomVTouiPoSl,Facebook,5,114,gobierno municipal tampico vision humanista presidenta municipal monica villarreal anaya secretaria bienestar social invitar participar jornada bienestar espacio disenado acercar servicio apoyo fortalecer calidad vida familia tampiquenas viernes mayo calle alvaro perez perez calle jesus elias pina volantin col pueblo tampico tamps jornada podras acceder diverso servicio gratuito atencion directo destacar consulta medica atencion dental aplicacion vacuna antirrabico servicios dif tampico instituto mujer profeco comapa optico servicios publicos ecologia reparacion electrodomestico itea liconsa corte cabello contar venta abarrot costo tapa huevo verdura gratis persona loteria mexicano traer tabla bienestar familia prioridad seguir cercania compromiso sentido social tampico cuidar excente jornada vania suzzete quintanar aprovechar comapa felicidad coordinar comunicacion enteer vocero pasar colonia gracias excelenteee
Twitter|https://x.com/sldvreille/status/2052393385487749410,Twitter,5,55,monica villarreal unang parehas silang magando long time time gone long busy rson broke wearing might romanticize sacrifice favorite one million peso question sanvitores blushing telling sayuri wants take care get know sobrang baby boy pagdating kay sayuri aaaaaa love much please make already take anymore ang playlist coe atl senyales akong bolang kristal story
Facebook|https://www.facebook.com/monicavtampico/posts/pfbid02CgRw6dP2WbKdH32XdF58tZUwUyafUVwiVa81FMMoDNqLAk4J7wJGaEWWEuBYZAkpl,Facebook,7,54,dia salir album mundial enviar estampito edicion especial mundial vivir casa atento noche dinamica kits mundialista incluir jersey seleccion mexicana balon trionda mascota mundial album panini preparensir venir padre padre transmitir partido puestesito botana refresco tampicotecuida jizmo excelente cuidar salir presidenta lic monica villareal excelente tampicotecuida playera mundial alcaldesa monica villarreal anaya vivar mundial
Facebook|https://www.facebook.com/TampicoGob/posts/pfbid02gdYbT2fbEE2m6rk3FSLzXBoWJ1uNe9n7qSpWeoy5whZemkzBARtjNDPqjzQ3SwDel,Facebook,3,69,instruccion presidenta municipal monica zacil villarreal anaya seguir fortalecer construccion paz desarrollo comunitario espacio educativo escuela primario escuela primaria jose maria morelos jefatura mediacion cultura paz encabezado gracia elena medina lopez cabo actividad juego cooperativo paz platica prevencion bullying violencia escolar beneficiar alumno docente directivo accion reafirmar compromiso fortalecer cultura paz entorno escolar promover nina nino gestion pacifico conflicto sano convivencia excelente actividad fomentar bienestar paz estudiante excelente necesario
Twitter|https://x.com/anelehfue/status/2053624142537048432,Twitter,4,38,llegar plushies felicidad llegar mexico hermoso calidad querer sesion foto apropiado tomar rapidamente centro historico ciudad vivir inspirado orleans dejar foto comparativo sesion foto sonado obviamente noche olvide kiosko plaza traer orleans querer tomar foto orleans visa tampico
Facebook|https://www.facebook.com/DireccionSaludTampico/posts/pfbid0h83sq9YvxqUYZr4125n7gfmcE6hZnzfHszicJpN1GHH71KUi6qDrCj7qQWoWB15Ll,Facebook,1,101,hidratarte prioridad tampico cuidar alto temperatura gobierno municipal tampico direccion salud servicios medicos municipales recordar recomendacion mantenerte hidratado dia agua simple potable presentar perdida liquido calor sudoracion diarrea vomito leve vida suero oral preparar solucion casero rehidratacion medida apoyo recomendado organismo internacional salud disponer suero oral litro agua potable hervida desinfectado cucharadita rasa azucar cucharaditar rasa sal mezclar disolver agregar gotita limon mejorar sabor acudir atencion medico presentar signo deshidratacion sed intenso boca seco mareo debilidad somnolencia confusion vomito persistente diarrea abundante orina escaso oscuro especial cuidado nina nino adulto mujer embarazado persona enfermedad cronico salud familia tampiquena prioridad tampico cuidar
YouTube|https://www.youtube.com/watch?v=F7s-GrK0ChM,YouTube,7,29,underrated mexican city saludos tampico tampico orleans mexico realidad identidad linda ciudad nostalgia beautiful cities argentina marca pancho tampico llamar atencion lindo ciudad afrancesado construccion nice city walk around
Facebook|https://www.facebook.com/monicavtampico/posts/pfbid0SkT2tBfCimXVNzGft4DAA2eLTNW8m1J4SZbqTodAnGhDX5iEZpuijJvJo8DtoabFl,Facebook,8,102,tampico seguir fortalecer paz seguridad ciudad jornada informativa seguridad inegi compartir resultado reciente ensu ciudad avanzar nacional ciudad percepcion seguridad ciudadano logro resultado coordinado orden gobierno constante mesa paz seguridad diariamente organismo empresarial sociedad civil seguir impulsar accion prevencion videovigilancia conservar confianza tampiqueno consolidar tampico ciudad seguro pais tampicotecuida avanzar percepcion seguridad logro importante calidad vida familia tampico direccion correcto sigar construir ciudad seguro presidenta tampicotecuida alcaldesa excelente profesional humano tampico sentir implementado alcaldesa monica villarreal tampiquenos considerar sentir seguro faltar duda combate delincuencia primordial administracion paz incansable alcaldesa cuidado ciudadano excelente presidenta monica villarreal pendiente tampicovacontodo excelente villarreal presidenta tampiquenos felicidades
Facebook|https://www.facebook.com/reel/1007879278476876/,Facebook,10,206,emocion mundial vivir familia prometer arrancar giveaway especial estarer regalar kits mundialista incluir playera seleccion mexicana album panini mascota oficial balon trionda participar seguir pagina oficial compartir comentario recuerdo inolvidable convivencia familiar partido mundiales comentario likes ganador kit participen unir futbol familia dinamica vigente mayo medio dia recuerdo asistir inauguracion estadlo azteca mundial italia bulgaria experiencia padrisimo recuerdo seleccion mexicano mundial luis garcia cuauhtemoc participo hugo sanchez buenisimo familia carnita asado frijolito charro sacar television volumen gritar mexico sii aficion mexicano numero mundo recuerdo mundial padre hombre recurso comprar television hija aficionado futbol queriar mundial contar television padre ofrecer boleto television papa comprar bendicion familia sacar television familia hermoso recuerdo olimpiada mexico jugar mexico dia abuelito llegar balon ganar partido estadio azteca gustar escuchar historia dia amar futbol ano super fanatico futbol sentir feliz recordar bonito abuelito empezar partido mexico recordar partido derrota cuarto final jugo mexico eliminar alemania triste derrota inolvidable rusia partido restaurante tampico celebrar dia padre emocionar entonar himno nacional mexicano sentido fuerte valiente mexicano comprendi piel rematar gooooollllde chucky lozano gritar emocion amar ano mejorado copa mundo desse prosperar pasar ronda triste due due eliminado alemania cuarto final gol doler recordar triste derrota esperar canada pais historia yeguw semifinal erika rubalcava felicidad
Twitter|https://x.com/Jaume_Osante/status/2052578929609744540,Twitter,1,12,tampico subir ranking nacional seguridad percepcion ciudadano fortalecer vigilancia tampico revistadebate nota
Facebook|https://www.facebook.com/monicavtampico/videos/2053030762280387/,Facebook,3,16,vacheando tampico cuidamos camino programa nacer compromiso seguir mejorar calle ciudad tampicotecuida tampicovacontodo bacheando logro excelente
Facebook|https://www.facebook.com/reel/958573017027393/,Facebook,5,43,iniciar vacheando tampico cuidamos camino programa nacer compromiso seguir mejorar calle ciudad coordinacion comapa sur esfuerzo municipal servicio publico obra publico distinto sector tampico atender bacheo mejorar movilidad seguridad transitar diariamente vialidad tampicotecuida tampicovacontodo excelente programa transformar tampico firme presidenta monico villareal bachear
Twitter|https://x.com/davidtodologo/status/2052776678502347018,Twitter,1,13,cuantos empleado ocupar recoger basura tecnologico persona ganar sentado celular util area tampico
Facebook|https://www.facebook.com/TampicoGob/posts/pfbid02uhMWjLmjBeAfk98XoFEG4HF7qnQbamhbF7GArpbnCsKSPybohTaebjBMpLNwdd4Yl,Facebook,4,81,seguir impulsar talento empresa ciudad llegar lejos mision comercial empresario tampiqueno representante empresa local oportunidad fortalecer vinculo generar oportunidad negocio promover orgullosamente producto marca tampico jornada encuentro representante sector economico comercial recorrido estrategico permitir abrir posibilidad crecimiento exportacion emprendedor tampico seguir fortalecer economia local brindar oportunidad micro pequeno mediano empresa excelente oportunidad llegar alla frontera gracias experiencia felicidad iniciativa logistica gracias conexion empresario tampiqueno monica villarreal nora ale oportunidad unico gracias experiencia informacion recibido definitivamente mision agradecer aprovechar maximo atencion increible
Facebook|https://www.facebook.com/DireccionSaludTampico/posts/pfbid0se6fcV96gHyrokzuZCeWL9UmhC2cfqzhg7LDKz59Q9t7S8crEXKSg8GgCkWWRGW8l,Facebook,1,120,golpe calor golpe calor emergencia medico ocurrir cuerpo sobrecalientar regular temperatura temperatura corporal alto piel caliente rojo seco humedo dolor cabeza mareo nausea vomito pulso rapido confusion desorientacion convulsion perdida conciencia gobierno municipal tampico direccion servicios medicos municipales liderazgo presidenta municipal monica villarreal anaya llamado poblacion prevenir reconocer actuar alto temperatura recomendacion toma agua frecuencia sed evita exponerte sol prolongado especialmente hora calor busco sombra ventilado aire acondicionado ropa ligero holgado color claro evito actividad fisico intenso calor extremo dejser nina nino persona mascota automovil vigila especialmente nina nino persona embarazado persona enfermedad cronico sospecha golpe calor persona inmediato fresco sombra ventilado retirar exceso ropa comenzar pano humedo agua fresco cuello axila ingles acudir urgencia hospital cercano llamar emergencia per
Facebook|https://www.facebook.com/TampicoGob/videos/962199783408062/,Facebook,3,9,jornada pueblo jormada apoyo excelente jornada apoyo par sector
Facebook|https://www.facebook.com/TampicoGob/posts/pfbid02VzcmzAAisJmY6C2FbYJWbsNPEQQ1eKz8Doej7rKrDxQLBRaJApC9dHmqNwarxBMzl,Facebook,2,5,gracias presidenta monica villarreal biennnn
Facebook|https://www.facebook.com/reel/2629499170777480/,Facebook,8,34,iniciar vacheando tampico cuidamos camino programa nacer compromiso seguir mejorar calle ciudad incomparable labor calle oaxaca plis colonia mexico rod ves vien presidenta necesidad delo tampiqueno excelente avanzar rapido tampico volver brillar excellent work
Facebook|https://www.facebook.com/TampicoGob/posts/pfbid02TMPuupGvN7gv5qxN77oPq222AyY8etCreVReuGnTguioAGCBS8PMRUvWqS5wx6kNl,Facebook,6,86,cabo jornada bienestar colonia pueblo acercar servicio apoyo directamente familia tampiquenas jornada brindar gratuito consulta medico atencion dental vacunacion antirrabico servicio dif tampico instituto mujer profeco comapa sur optico ecologia servicio publico reparacion electrodomestico corte cabello liconsa apoyo venta abarrot costo fruta verdura gratuito persona tampicotecuida tampicovacontodo felicidades presidenta monica villarreal excelente jornada bienestar atento gente felicidad presidenta excelente jornada apoyo sector presidenta excelente jornada presidentar hora regresar bienestar gente escuchar atendido dependencia gobierno lic monica villarreal excelente iniciativa claro equipo alex rubio bienestar social tampico
Twitter|https://x.com/larazontampico/status/2052875188128112824,Twitter,2,24,gobierno tampico arrancar programa rehabilitacion vial reparar bache tonelada asfalto donado pemex gusano barrenador encontrar municipio cercano frontera tamaulipas situacion relacionado contagio fauna silvestre
Twitter|https://x.com/_FiliaDei/status/2053613423749927127,Twitter,2,22,carretera tierra ruta vital canero limonero productividad agricola mover region atender demanda historico acto justicia social gente trabajador poramoraveracruz tampico via naranjos
Twitter|https://x.com/BlazeLeiton/status/2053560539616346356,Twitter,4,29,querer visitar stonehenge mexico stonehenge casa stonehenge casa meme acabar tomar xdd sentir aura extraterrestre chida potente alien tampico enojar andar mandar puro lagarto casa gana alien tampico jijiji
Twitter|https://x.com/Jaume_Osante/status/2052917288265789933,Twitter,2,25,tampico arrancar programa vacheando reparar bache mejorar calle avenida tampico revistadebate nota intensifican bacheo avenida colonia tampico buscar mejorar movilidad seguridad vial tampico revistadebate nota
Twitter|https://x.com/EleeseNoticias/status/2052920745412419731,Twitter,2,21,monica villarreal arrancar programa vacheando atender bache ciudad victoria colectivo unir emotivo marcha dia madres homenaje fuerza amor representar cdvictoria tamaulipas
Twitter|https://x.com/VoxPopuliNoti/status/2052927864547209568,Twitter,2,33,monica villarreal arrancar programa vacheando atender bache programa buscar mejorar calle afectado ano rezago vial tampico tamaulipas cazzu enviar mensaje dia madres critica nodal cantante argentino hablar maternidad respetado justo equitativo protegido espectaculo
Twitter|https://x.com/NoresteDigital/status/2053568944032698785,Twitter,2,32,fuerte incendio plaza comercial fiesta mochis provocar evacuacion intoxicacion escena panico cliente empleado jorge tico garcia reconocer madre motor familia victorenses felizdiadelasmadres reynosa cdvictoria ciudadvictoria tampico cdmx edomex monterrey tamaulipas felizdiadelamadre felizdomingo
Facebook|https://www.facebook.com/reel/994627729916007/,Facebook,9,56,dia final ida liga expansion noche enfrentar tepatitlan estadio tamaulipas querer participar comentario cual creser marcador final participacion entraras rifa ganar pase doble vivir final apoyar equipo estadio participar ganador anunciar comentario suerte jaiba brava ganar jaiba jaiba tampico madero contrario ganar jaiba brava favor empate noche tampico latar fuerza pronostico gracias presidenta ciudad equipo jaibabrava
Facebook|https://www.facebook.com/reel/1653075679257831/,Facebook,3,56,arrancar programa vacheando tampico estrategia nacer coordinado gobierno municipal comapa sur atender demanda ano esperar respuesta gracias sinergia firme resolver rezago bache ciudad utilizar equipo recurso equipo mejorar vialidad brindar seguridad tampiqueno administracion quitamos dedo renglon objetivo claro gente construir tampico merecemo vacheandotampico equipo tampiquenos excelente vision presidenta monica villarreal felicidades excelente lic monica villlareal tampicotecuida
Facebook|https://www.facebook.com/juventudtampico/posts/pfbid02qYsfEJV6kjZh8xbcGq4jhSfny21rGA5eZ9uB4ft65XT7f8Woy2WEPaQRU2zKrz9El,Facebook,4,61,entrega libro titular instancia atencion juventud altamira madero tampico donar instituto mexicano juventud desarrollo jornada nacional lectura presidenta monica villarreal fundamental impulsar accion fortalecer habito lectura contribuyan desarrollo integral joven region tampicojovir tampicovacontodo tampicomaderoaltamira lectura conocimiento habito deber fortalecer nino excelente actividad joven suministro agua potable colonia zona sur tampico cfe nacional americo villarreal monica villarreal comapa sur arreglen desperfecto favor
Twitter|https://x.com/ING_PADILLA/status/2053485092861870378,Twitter,2,19,grande terrible perdido familia beisbol dejar bobby cox paz descansar leyenda rey deporte agua tampico colonia sur arreglen rapido
YouTube|https://www.youtube.com/watch?v=vYSxOau4_tQ,YouTube,3,74,huapango voz privilegiado inigualable trio quot mujeres excelente regalo magia reflejar insuperable sonido dedo bailador transformar magia puro inseparable jarana marcar admirablemente ritmo parecer sencillo dominio pleno instrumento karina maravillosa deleitar virtuosismo nota nota unico insuperable educado voz ofrecer excelente concierto profesionalismo felicidad huapango nadamas faltar completar trilogia saludos tamaulipeca desear exito reciban bendicion hola mujeres hermoso tamaulipeca dia presentar comunidad santa monica tianguis hgo asistir esperar respuesta gracias ere kari aurorita talento caray
Twitter|https://x.com/Devesa_News/status/2053323762221699528,Twitter,2,30,provocar vial conduccion peligroso circula carril pegado camellon central norte sur permitido cambiar carril precaucion documentado jdr anarquia vial tampico cuidado cuchillo mano mujer amenazar asalta altamira tamaulipas mal mala
Facebook|https://www.facebook.com/monicavtampico/posts/pfbid0SoqPkU4DVs7xLdTgZt4iQYx6N2K3h6TryKtkCeQ9WkRT89HaXAoov3AS4oveFvLhl,Facebook,8,56,mama gracia amor fallar abrazo paz fuerza dia dificil dejar amor seguir motor familia luz seguir acompanar dia amar feliz dia madre felicidad monica pasar feliz gracias alcaldesa pasar feliz dia felicidadesss feliz dia madres bendigar grandemente feliz madre alcaldesa monica villarreal felicidad alcaldesa monica madres alcaldesa monica villarreal felicidades cielo madre guia trascender eternidad felicitacion
Facebook|https://www.facebook.com/reel/1405597864706977/,Facebook,6,32,seguir programa vacheando tampico resolver rezago bache ciudad equipo gobierno municipal comapa sur tampicotecuida tampicovacontodo vacheandotampico exelencia obra beneficio tampico gracias vacheando super programa excelente programa vacheo tampico excelente alcaldesa monica villarreal
Facebook|https://www.facebook.com/TampicoGob/posts/pfbid0CY8bUSvKPNKGqnUeWpGQcGiQcfHsuov955gkBQ7WJWKmAqTbMWvinoFURbFzHbGJl,Facebook,4,44,indicacion presidenta municipal monica villarreal temprano hora personal servicio publico labor limpieza desazolve rejilla pluvial lluvia registrado madrugada accion sumar limpieza mantenimiento canal cielo abierto gobierno municipal venir desarrollar distinto sector ciudad objetivo mejorar flujo agua reducir riesgo encharcamiento pendiente monica villarreal senora presidentar
Facebook|https://www.facebook.com/reel/1956656501623309/,Facebook,7,52,tampico fortuna contar mujer fuerte trabajador lleno amor dia grande ciudad hogar familia querer reconocer mama tampiquenas corazon colonia abrazo sostener inspirar entrega esfuerzo amor incondicional grandeza tampico feliz dia madres inteligente alcaldesa felicidad lic monica feliz dia croc goyo pego felicidades ala madre mundo feliz dia madre goyo pego presidenta saludo
Facebook|https://www.facebook.com/TampicoGob/posts/pfbid0HJKj9m1FPnfJ76gfgrATyd7usHNCjsGqBwFVeGfaD1jtEykD3N3W8wFsYtW67kBGl,Facebook,4,68,madrugada elemento bomberos proteccion civil tampico atender multiple report derivado fuerte lluvia registrado ciudad accion destacar atencion corto circuito auxilio domicilio inundado revision vehiculo arrastrado corriente atencion accidente vehicular recorrido preventivo distinto sector ciudad asimismo brindar apoyo vigilancia permanente zona riesgo salvaguardar integridad ciudadania exhortar poblacion evitar transitar area inundado reportar cualquiera emergencia tampicovacontodo tampicotecuida guerrero arrasar debajo tormenta parecer caer cielo respeto incansable presidenta semana publicacion cfe
Twitter|https://x.com/1ren0o0/status/2053558442774663518,Twitter,2,27,llegar tampico opinar gira republica tarado unido pensar lograr capricho fav desear cola importar pendeja fantasia tarotista sabian engene tags sabiamos evan debutar heeseung volver enhypen win
Twitter|https://x.com/GaldAntonio/status/2053602845828464751,Twitter,2,14,comportamiento lluvias dias llover patio seguir caer gota cuidado desear naturaleza perdonar tampico hrs
Twitter|https://x.com/Darly2903/status/2053597205869568446,Twitter,2,9,hijos sorprender mama bailar coreografia torero maname boletito tampico
Facebook|https://www.facebook.com/TampicoGob/posts/pfbid032aQc4ew7c7F3GEh7JgZ5FrwpJ3gjp3yRKyQztoBUSBwsf62qCpRpEwEt446Ebo8el,Facebook,5,91,lluvia eliminar criadero gobierno municipal tampico liderazgo presidenta municipal monica villarreal anaya direccion servicios medicos municipales llamado responsable ciudadania reforzar accion prevencion dengue casa lluvia cualquiera recipiente acumular agua limpio criadero mosquito aedes aegypti transmisor dengue revisar patio azotea jardin espacio hogar tirar agua acumulado voltear cubeta bote maceta recipient tapa tinaco tambo deposito agua lava floreros bebedero objeto guardar agua revisar espacio pequeno tapita agua criadero prevencion dengue empezar casa tarea compartido gobierno ciudadania tampico cuidar prevenir dengue responsabilidad cultura preventivo importante informacion tampico cuidar importante accion tampicotecuida ayudemo participer
Twitter|https://x.com/pc1177/status/2053596648765338012,Twitter,7,14,imagine guys like iras osho loz kiero todoz vallarta mazatlan cercano medio lejos tampico
Twitter|https://x.com/MinskAnya/status/2053571827784458439,Twitter,19,305,realized smedley butler made speech smedley butler inventionism excerpt speech delivered major general smedley butler usmc war racket war racket racket best described believe something seems majority people small insidir group knows conducted benefit expense masses believe adequate defense coastline nothing else nation comes fight fight trouble america dollar earns percent gets restless goes overseas get percent flag follows dollar soldiers follow flag war done protect lousy investment bankers two things fight one defense homes bill rights war reason simply racket trick racketeering bag military gang blind finger men point enemies muscle men destroy enemies brain men plan war preparations big boss may seem odd military man adopt compariser truthfulness compels spent years four months active military service member agile military force marine corps served commissioned ranks second lieutenant period spent time high class big business wall street bankers short racketeer gangster capitalism suspected part racket time sure like members military profession never thought left service mental faculties remained suspended animation obeyed orders typical everyone service helped make mexico especially tampico safe american oil interests helped make haiti cuba decent place national city bank boys collect revenues helped raping half dozen central american republics benefits wall street record racketeering long helped purify nicaragua international banking house brown brothers heard name brought light dominican republic american sugar interests china helped see standard oil went way unmolested years boys back room would say swell looking back feel could given capone hints best could operatir three districts operated three continents error top gonna check supposed intervention yes transcription error supposed speech interventionism interventionism specifically foreign policy interventionism refers policy actively interfering internal affairs countries often force economic pressure political influence advance interests protect investments install friendly regimes argu actions latin america caribbean elsewhere personally participated defending freedom national security served benefit american banks corporations oil interests wall street
Twitter|https://x.com/penyazulgranatm/status/2053569637057483138,Twitter,2,22,saludos pena azulgrana tampico madero liga visca barca laligaretro barcaespanyol saludos pena azulgrana tampico madero listo celebrar liga viscabarca forcabarca fcbarcelona fcb
Twitter|https://x.com/nmas/status/2053559793986556248,Twitter,1,16,fuerte tormenta norte tampico dejar saldo persona vida vehiculo arrastrar corriente terminar canal pluvial colonia paz
Twitter|https://x.com/TamaulipasHabla/status/2053561840534233530,Twitter,2,36,cdvictoria diadelasmadres rector reconocer mama tamaulipeca universitario info tampico cdmadero altamira matamoros reynosa nuevolaredo riobravo vallehermoso tamaulipas cdvictoria evitar responder directamente senalamiento presunto huachicol fiscal info tampico cdmadero altamira matamoros reynosa nuevolaredo riobravo vallehermoso sanfernando tamaulipas
Twitter|https://x.com/MuroPoliticoMX/status/2053562169279545459,Twitter,2,39,tamaulipas rector damaso anaya alvarado compartir red social mensaje felicitacion reconocimiento dirigido madre universitario tamaulipeca nota cdvictoria tampico matamoros reynosa tamaulipas afiliacion automatico maestro snte quedar oficialmente atras nota cdvictoria tampico cdmadero altamira matamoros reynosa nuevolaredo riobravo vallehermoso sanfernar
Twitter|https://x.com/nmasmonterrey/status/2053564508321259865,Twitter,1,14,proteccion civil leon traslado aereo pulmon proveniente tampico monterrey reducir traslado hora medio minuto
Twitter|https://x.com/mariolealmx/status/2053565197940318542,Twitter,2,41,madre tampico regalar flor merecer ciudad funcionar agua salud escuela contecho cargar municipio resolver feliz dia reconocimiento sustituir derecho manana tampico viernes documentado semana directo whatsapp resumen ejecutivo caso atendido datos hidrico compromiso cumplido pendiente opinion partidista fuente oficial unetir numero
Twitter|https://x.com/lacapital2006/status/2053568689190981990,Twitter,1,24,pumas llegar fortalecido duelo decisivo america pumas america cuartosdefinal universitarios puebla tampico cdvictoria veracruz monterrey slp toluca coahuila morelia tamaulipas sinaloa queretaro guadalajara cdmx
Twitter|https://x.com/elsolde_tampico/status/2053568695738245161,Twitter,1,19,intenso lluvia madrugada provocar afectacion tampico dano visible destacar caida arbol cementerio municipal particular jose luis tapia sol tampico
Twitter|https://x.com/NoresteDigital/status/2053572256673010053,Twitter,1,20,video compartir resumen semanal actividad congreso tamaulipas mayo relevante agenda legislativo nuevolaredo reynosa matamoros cdvictoria ciudadvictoria tampico felizdiadelasmadres viralvideo video
Twitter|https://x.com/mrmaduras2/status/2053573798645874971,Twitter,1,3,maduras tampico tamaulipas
Twitter|https://x.com/rodrigue_n74925/status/2053574009296417060,Twitter,2,24,tampico cremi pop dear men love wives children alive everything ensurar protected possible trust anyone else casar tomorrow going tell something still amazes day
Twitter|https://x.com/DocUbaldo/status/2053575677337592104,Twitter,1,3,tardes tampico diadelasmadres
Twitter|https://x.com/elsolde_tampico/status/2053578767008661588,Twitter,1,18,alcalde erasmo gonzalez robledo encabezar inauguracion campeonato altamad francisco goldaracena castelan campo polvorin ciudadmadero hector rivera sol tampico
Twitter|https://x.com/lacapital2006/status/2053578882125640182,Twitter,2,43,rector uat reconocer madre universitario tamaulipeca rector uat diadelamadre damasoanaya cdvictoria tamaulipas nuevolaredo reynosa riobravo vallehermoso matamoros elmante altamira ciudadmadero tampico cdmx lider seguir vivo pumas ensemifinales america puebla tampico cdvictoria veracruz monterrey slp toluca coahuila morelia tamaulipas sinaloa queretaro guadalajara cdmx mexico
Twitter|https://x.com/Mercybernes1/status/2053581182680404202,Twitter,2,43,cfeinforma restablecer suministro electrico usuario afectado fuerte lluvia registrado hidalgo san luis potosi tamaulipas veracruz personal cfe mantener labor ininterrumpido recuperar completo servicio cfeinforma personal cfe ininterrumpido restablecer suministro electrico afectado fuerte lluvia hidalgo san luis potosi tamaulipas veracruz tampico liz madrugada servicio
Twitter|https://x.com/OscarMalibran/status/2053619767123021978,Twitter,2,29,actividad dia partido definir cruz semifinal clausura ligamx reconocimiento vida gabriela briceno asociacion karate artes marciales tamaulipas reconocer juez internacional gabriela briceno gongora tampico karate checa video completo facebook
Twitter|https://x.com/ExpresoPress/status/2053580838638583866,Twitter,1,16,lluvia mayo causar fuerte afectacion altamira colonia tampico altamira agua entrar casa danar pertenencia arrastrar vehiculo
Twitter|https://x.com/larazontampico/status/2053580844691014085,Twitter,1,18,madre celebrar mayo integrante colectivo unidos corazon llegar acudir catedral tampico visibilizar busqueda hijo desaparecido pedir solidaridad ciudadania
Twitter|https://x.com/lajornadaonline/status/2053580921396179271,Twitter,1,15,tamaulipas joven ano morir madrugada automovil arrastrar corriente canal pluvial colonia paz zona norte tampico
Twitter|https://x.com/lacapital2006/status/2053582917050208526,Twitter,1,18,agenda climatico sep teleferico casimiro basoria cdvictoria tamaulipas nuevolaredo reynosa riobravo monterrey matamoros elmante altamira ciudadmadero tampico cdmx
Twitter|https://x.com/elsolde_tampico/status/2053584962201264345,Twitter,1,21,misa dominical mayo solidaridad madre buscador sur tamaulipas integrante colectivo colocar lona familiar localizado mantener vivo busqueda yadira hernandez sol tampico
Twitter|https://x.com/Reporteroszona/status/2053586679319961679,Twitter,1,19,complicado maniobra especialista extraccion vehicular cruz roja madero bomberos tampico extraccion cuerpo joven lamentablemente quedar atrapado auto arrastrar corriente
Twitter|https://x.com/Reporteroszona/status/2053587439050957100,Twitter,1,15,contratistas cfe andar tendido cambiar poste prender tormenta infonavit provocar quedar luz familia sector tampico
Twitter|https://x.com/Reporteroszona/status/2053587554004299988,Twitter,1,22,madrugada elemento bomberos proteccion civil tampico atender multiple report derivado fuerte lluvia registrado ciudad accion destacar atencion corto circuito auxilio domicilio inundado
Twitter|https://x.com/larazontampico/status/2053588991845249160,Twitter,1,20,dulce maria eligio angel acudir mayo plaza armas tampico hija cesiah mujer buscar hijo juan alberto cruz eligio desaparecido marzo
Twitter|https://x.com/ellie_bell_07/status/2053596943771635774,Twitter,2,54,things love oomfs mom jokes sorry addiction tampico citrus punch vinyl records finding edge sleep random tags mostlyy already things love whole oomfs hid sixth thing cool people know one piece manga anime phil formula one music books included friends past hours finished one girls high tide approximately one shots please help need sedated
Twitter|https://x.com/nachoflores05/status/2053596144375132421,Twitter,3,35,falta planeacion pollo vitrina suc tampico dia alto demanda goooya universidad venir liguillabotanera permitenos canalizar comentar area correspondiente favor envianos mensaje privado detalle dato nombre completo correo electronico numero telefonico club donde visita pendiente informacion
Twitter|https://x.com/DocUbaldo/status/2053596589575319721,Twitter,1,4,tarde familia disfrutar tampico
Twitter|https://x.com/Reporteroszona/status/2053597110780485673,Twitter,1,16,accidente registrado calle rosalio bustamante guadalupe colonia pueblo tampico choque camioneta blanco terminar banqueta proyectado local
Twitter|https://x.com/DocUbaldo/status/2053597485008822654,Twitter,6,75,importante mujer madre ajustar circunstancia accion cambiar mundo llegar tampico diadelamadre mariana grajales icono fuerza determinacion conocido madre cuba rol lucha independencia pais marie curie mujer premio nobel area fisico quimico pionero estudio radiacion mujer recibir titulo doctorado elizabeth cady stanton ano lider movimiento sufragista ayudar organizar convencion derechos mujeres emmeline pankhurst luchar obtener derecho voto mujer inglaterra fundar organizacion union politica social mujer lola rodriguez tio poetisa periodista defensor derecho formar movimiento independencia isla
Twitter|https://x.com/DocUbaldo/status/2053598496549138762,Twitter,1,11,celebrar amor formar guia acompanar dificil carino convertir cotidiano extraordinario tampico
Twitter|https://x.com/HOYTamaulipas/status/2053603327808606472,Twitter,1,8,tamaulipas obispo tampico pedir prevalecer caso sinaloa enteratir
Twitter|https://x.com/larazontampico/status/2053603759704469505,Twitter,1,15,accion mejorar infraestructura urbano movilidad comapa sur mantener reposicion pavimento distinto sector zona conurbado tampico
Twitter|https://x.com/victorhernanndz/status/2053607524767596804,Twitter,1,4,dia confirmar querer tampico
Twitter|https://x.com/kursxdrxn/status/2053608548907557175,Twitter,4,20,fuck putting hawaiianpunch shit melting ice cubes stanley cup less hour shit still aint cold like tampico threw shit away
Twitter|https://x.com/DocUbaldo/status/2053608556381774097,Twitter,1,14,mano curan tocar palabra tranquilizar receta mirada exactamente necesitar mama cuidar cuidar salud tampico
Twitter|https://x.com/Reporteroszona/status/2053608623792652731,Twitter,1,15,almomento carro acabar chocar muro deprimido avenida hidalgo calzada san pedro tampico quedar sentido contrario
Twitter|https://x.com/karla0129299317/status/2053610410738151477,Twitter,1,4,tampico posscass compass aaron
Twitter|https://x.com/elsolde_tampico/status/2053611042216026564,Twitter,1,6,perder residente colonia sufrir inundacion hogar
Twitter|https://x.com/Reporteroszona/status/2053612256865198313,Twitter,2,17,almomento angulo quedar coche accidente deprimido avenida hidalgo calzada san pedro tampico quedar sentido contrario top servir
Twitter|https://x.com/90gradosmx/status/2053613897039437938,Twitter,1,11,joven perder vida automovil arrastrar corriente intenso lluvia colonia paz tampico
Twitter|https://x.com/DocUbaldo/status/2053613922578493594,Twitter,1,7,manten vida saludable etapa inicial bebe tampico
Twitter|https://x.com/DocUbaldo/status/2053614593549725751,Twitter,1,13,cuidado cambiar mano amor seguir reconocer mujer cuidar acompanar transformar vida dia tampico
Twitter|https://x.com/elsolde_tampico/status/2053614812458819947,Twitter,2,26,mayo acudir restaurante consentir mama diadelasmadres regalar tarde relajacion playamiramar maximo destino turistico sur tamaulipas juan hernandez sol tampico iniciar regresivo presentar martes recinto ferial tampico
Twitter|https://x.com/nora_ricardi/status/2053617183347835361,Twitter,3,47,dia concierto creer aceptar acompanar bts realmente ilusion vivir army dolio fan real quedar reventa aprovechar amor esfuerzo mes decidir escribir carta hybe weverse lean necesitar sacar sentir quedar corazon poquito roto seguir esperar dia bts regresar mexico army oportunidad justo vivir sueno tampico tamaulipas carino apoyo
Twitter|https://x.com/MelCrespo/status/2053621451798749493,Twitter,1,3,hora electricidad tampico
Twitter|https://x.com/elmercuriotam/status/2053622361971101722,Twitter,2,11,region tamaulipas poderjudicial mediacion tampico ciudad cdvictoria tamaulipas americovillarreal fgr rubenrocha
Twitter|https://x.com/HOYTamaulipas/status/2053625607414542709,Twitter,1,8,tampico restablecen energiar sur tamaulipas intenso lluvia enteratir
Twitter|https://x.com/Reporteroszona/status/2053596980635423201,Twitter,1,20,chingo cuadro gastar chingo feria trocona perrona jeepeta rzr banda cadena moto cros llegar cima duna morrillo mortalika mamalona pielecilla
Twitter|https://x.com/MrMaduras/status/2053576868725485817,Twitter,1,1,guapas
YouTube|https://www.youtube.com/watch?v=nZSZ-sBDwEI,YouTube,2,7,chaqueton bienestar ignorancia convenir morena ignorante voto
YouTube|https://www.youtube.com/watch?v=UCPzhMLzTVM,YouTube,5,45,preguntar servicio transporte urbano quejar pedir aumento precio pasaje diesel pesos salario minimo inflado gobierno vender combustible huachicol mantener callado transportista quina quedar corto corrupcion massive gobierno robar morder ladron robar ladron aparte ano perdon ganar millon problema gobernanza solovino aborigen historia neta mmm autorobo
Twitter|https://x.com/MonicaVTampico/status/2054739071885246668,Twitter,1,15,seguir supervisar programa vacheando distinto tampico ave valles continuar intenso mejorar vialidad brindar resultado tampiqueno
Twitter|https://x.com/TampicoGob/status/2054741262532489431,Twitter,1,17,persona disfrutar concierto chayanne tampico consolidar ciudad destino turistico entretenimiento liderazgo seguir impulsar evento beneficiar familia tampiquena
Twitter|https://x.com/Jaume_Osante/status/2054750988389539901,Twitter,1,11,trabajador eventual tampico contar prestacion laboral condicion salarial tampico revistadebate nota
Twitter|https://x.com/laexpresionmx/status/2054751071529042339,Twitter,1,9,autoriza monica villarreal beneficio laboral personal eventual tamaulipas cdvictoria
Twitter|https://x.com/gruponoticiaspc/status/2054755616225181976,Twitter,2,39,condicion laboral salarial monica villarreal trabajador eventual ayuntamiento tampico gracias manejo responsable eficiente transparente finanza publico gobierno municipal tampico leer llama regidor reynosa fortalecer ley participacion ciudadano regidor ayuntamiento reynosa emmanuel coronado zamora llamar fortalecer ley politica publico leer
Twitter|https://x.com/laexpresionmx/status/2054758622773588150,Twitter,2,19,mejora monica villarreal condicion laboral sueldo trabajador eventual tamaulipas cdvictoria acelera itavu escrituracion modulo movil colonia altamira tamaulipas cdvictoria
Twitter|https://x.com/TampicoGob/status/2054764400586698820,Twitter,1,16,emocion mundial intercolonias tampico comenzar esperar mayo transmision vivo sorteo participacion especial exmundialista mexicano isaac terrazas
Twitter|https://x.com/VoxPopuliNoti/status/2054768461478326489,Twitter,1,23,condicion laboral salarial monica villarreal trabajador eventual ayuntamiento tampico administracion municipal informar personal eventual recibir aguinaldo proporcional prima vacacional prestacion otorgar tampico tamaulipas
Twitter|https://x.com/HOYTamaulipas/status/2054774256949428338,Twitter,2,21,tampico tamaulipas mejora monicavillarreal condicion laboral salarial trabajador eventual enteratar matamoros tamaulipas muere albanil arrollado carretera playabagdad perro separar cuerpo enteratir
YouTube|https://www.youtube.com/watch?v=clMrzvNLnog,YouTube,20,137,necesitar mugrena experto corrupto valla transformar robar pri robar narcomoreno desaparecer dinero publico fideicomiso combustible etc teletransportar nomenklatura narcomorena puro show desaparecer desaparecer maleta dolares casa cambio black street capital cdmx casualidad negocio jugoso visto encargado empresa morena senalir robar mentir traicionar pueblo obra pena calderon ehhhhh calderon garcia luna ranma akane besar carino itzel david sala boy beige bonito dia alguien seguir corrupcion transformacion politico involucrado empezar lopez augusto marina familia monreal presidenta delincuencia organizado morena investigar chiflaudia prueba pemex mexico politico corrupto gringo ratero ordenar buque desaparecer evidencia perder casa ratero corrupto ratero saquear nivun voto morena deber preguntar operandy conocimiento manejo actividad intermedio honorable revestido opacidad tranza presidenta quedar familia abrazo amlo crear terrorismo desaparicion maldito sear amlo peor judas burro fox espurio tomandante borolas inutil junior penas nieto prian gobernado rata cupula morena
Twitter|https://x.com/LaRedAltamiraMx/status/2054833908949123131,Twitter,2,19,red historiar presidenta monica villarreal anaya click leer web somoslared estamosentodaspart red resumen informativo miercoles mayo unete canal difusion
Twitter|https://x.com/yosoytampico/status/2054939069210062943,Twitter,1,17,tampico madero altamira retirar coche abandonado calle avenida comapa arreglar hoyo dejar abierto obliguen propietario terreno limpien
Twitter|https://x.com/yosoytampico/status/2054939938269925676,Twitter,2,31,solicitar drenar drenaje desazolve limpieza red drenaj cielo abierto calle aguas negras divisoria tampico altamira colonia villa hermosa jasmin tampico altamira socavon agua negro calle avenida villahermosa tampico altamira divisoria alerta
Twitter|https://x.com/yosoytampico/status/2054941832614735874,Twitter,1,20,col villa hermoso calle zona norte tampico comapa sur colapsado sistema hidraulico calle divisoria tampico altamira colonia villa hermosa tampico
Twitter|https://x.com/yosoytampico/status/2054942084046426468,Twitter,2,37,ave villa hermosa enfrente primaria eliseo zamudio col villahermosa tampico plano camioneta chatarra luz senalamiento anteriormente accidente inseguridad urgente buscan joven musico cristiano reynosa desaparecido urgecompartir familia integrante iglesia torre fuerte reynosa favor compartir morelia michoacan tamaulipas
Twitter|https://x.com/danielberl3/status/2055004033081905351,Twitter,1,7,comapasur calle inguazo col smith marzo urge
Twitter|https://x.com/MonicaVTampico/status/2055076973349626108,Twitter,1,18,programa vacheando seguir resultado mayo bache atendido equivalente rehabilitado distinto vialidad tampico seguir dia mejorar movilidad familia tampiquena
Twitter|https://x.com/TampicoGob/status/2055077765192298649,Twitter,1,20,tampico sano equipo presidenta reforzir accion dengue limpieza descacharrizacion fumigacion nocturno recordar ayudano abrir puerta ventana escuches pasar camioneta fumigadora
Twitter|https://x.com/ONUMX/status/2055081017451438401,Twitter,1,15,mundo grande cambio politica publico necesitar incorporar pensamiento prospectivo vision futuro anticipar escenario ruta accion
Twitter|https://x.com/JMMartinezPiva/status/2055139785543434501,Twitter,3,52,reluciente ciudad tampico agradecer presidenta entusiasta acogida felicitar secretaria ninfa cantu liderazgo materia gobernanza anticipatorio mundo grande cambio politica publico necesitar incorporar pensamiento prospectivo vision futuro anticipar escenario ruta accion felicitar compromiso miguel angel jimenez rector marco antonio moreno castellanos gobernanza anticipatorio cuenten innovacion gestion publico compartir publicacion guia basico gobernanza anticipatorio
Twitter|https://x.com/nahueloddone/status/2055268262091338180,Twitter,2,36,reunion expertos tampico tamaulipas capacidades fortalecer gobernanza anticipatoria mexico fortalecer anticipacion politica publico fortalecer espacio dialogo gobierno sector privado academia sociedad civil territorio clave construir acuerdo sostenible legitimo transformar incertidumbre capacidad accion colectivo politicaspublica prospectiva futuro
Twitter|https://x.com/AntonioFraustoG/status/2055098072892399893,Twitter,1,15,abucheo recibir asistente concierto chayane llamado atencion deber demeritar alcalde reflejo lee analisis politico tamaulipas
Twitter|https://x.com/nahueloddone/status/2055307502770631030,Twitter,2,23,socializamos marco metodologico propuesto cepal guia basico gobernanza anticipatorio disponible inaugurar dia actividad gobernanza anticipatoria creacion politica publico prospectiva clave desarrollo energetico tamaulipas
Twitter|https://x.com/Jaume_Osante/status/2055120775787471294,Twitter,1,10,arranca tampico mundial intercolonias equipo bolsa pesos tampico revistadebate nota
Twitter|https://x.com/VoxPopuliNoti/status/2055131449720709253,Twitter,1,17,arranca mundial social tampico bolsa pesos equipo participant fiebre mundialista llegar barrio visita isaac terrazas tampico tamaulipas
Twitter|https://x.com/Jaume_Osante/status/2055140263375335875,Twitter,1,10,regresar tampico viaje sinfonico entrada gratuito familia tampico revistadebate nota
Twitter|https://x.com/Jaume_Osante/status/2055141700327092377,Twitter,1,9,coordinacion nivel gobierno acelero recuperacion aduana tampico revistadebate nota
Twitter|https://x.com/Jaume_Osante/status/2055142496041042217,Twitter,1,12,antigua aduana tampico renacer polo turistico cultural sur tamaulipas tampico revistadebate nota
Twitter|https://x.com/nahueloddone/status/2055257621360214041,Twitter,1,16,gobernanza anticipatorio recordar futuro improvisar construir dialogo cooperacion capacidad generar consenso reunion experto gobernanzaanticipatoria tampico tamaulipas
Twitter|https://x.com/nahueloddone/status/2055258342558240892,Twitter,1,20,contexto transformacion acelerado gobernar implicar responder coyuntura anticipar escenario identificar oportunidad disenar politica publico vision multitemporal gobernanzaanticipatoria tampico tamaulipas mexico
YouTube|https://www.youtube.com/watch?v=NDT126vK3qs,YouTube,1,5,puro puro prueba endejo prueba
YouTube|https://www.youtube.com/watch?v=41FWlx08DGE,YouTube,1,2,uuhjjjjjj tttttgggffffttttttttttttttttttttttttttttttttttþttttttt
Twitter|https://x.com/MonicaVTampico/status/2055419981844648062,Twitter,1,17,felicitar carino maestra maestro tampico vocacion entregar formar generacion gracias esperar mayo expo tampico celebrar invaluable labor
Twitter|https://x.com/TampicoGob/status/2055420774668767538,Twitter,1,19,continuar mantenimiento vial tampico labor bacheo carpeta asfaltico blvd loma real maxilibramiento calle loma alta mejorar movilidad seguridad vial
Twitter|https://x.com/Jaume_Osante/status/2055457782044778596,Twitter,1,9,reforzar capacitacion estrategia preventivo temporada lluvia tampico revistadebate nota
Twitter|https://x.com/OscarMalibran/status/2055465047527174309,Twitter,5,85,estatal instituto deporte tamaulipas entregar material gimnasia artistica unidep tampico ciudad deportiva tampico recibir visita director general instituto deporte tamaulipas manuel virues lozano entrega equipo gimnasia artistica conjunto unidep tampico encabezado directora sara margarita ayala diaz muestra agradecimiento nina unidep tampico ofrecer exhibicion nivel utilizar aparato entregado director deportes tampico jorge lozano cecena agradecer titular inde tamaulipas entrega destacar gracias coordinado gobierno regidor edgar trevino gobierno presidenta asociacion gimnasia tamaulipas norma meza perez reconocer apoyo alcaldesa monica villarreal autoridad municipal estatal respaldo brindado gimnasia entidad
YouTube|https://www.youtube.com/watch?v=egKfBVFSEko,YouTube,6,27,hijo esperar chihuahua hijo narco politico adan augusto lopez delincuentear morenarco execelente reportaje justicia personaje esperar miserable humano adan lista narcopolitico solicitado eeuu cargar payaso cara cinico
Twitter|https://x.com/Jaume_Osante/status/2055482781036147037,Twitter,1,10,tampico acelero rehabilitacion vial bache reparar colonia tampico revistadebate nota
Twitter|https://x.com/VoxPopuliNoti/status/2055498364309934169,Twitter,1,16,avanza tampico rehabilitacion vial programa vacheando maquinaria cuadrilla coordinacion buscar transformar vialidad tampico tampico tamaulipas vacheando
Twitter|https://x.com/danielberl3/status/2055506799130746983,Twitter,1,15,ciudad caos claro necesitar gente capaz puesto basta comapasur calle inguazo col smith marzo urge
YouTube|https://www.youtube.com/watch?v=vpoqyUYZAEo,YouTube,1,3,pruebas prueba prueba
YouTube|https://www.youtube.com/watch?v=NdF-bP_ED_4,YouTube,1,2,jjuk uuuyhhhhhhguuiiiijjjjjjjjjjjjjjjjjjjjjkkkmkkkkkjjjjjjuuiiiookkk
Twitter|https://x.com/TampicoGob/status/2055797693784486225,Twitter,1,22,jugar equipo historicamente representar orgullo ciudad jaiba brava invitar aficion apoyar jaiba brava encuentro frente tepatitlan disfrutar transmision partido ambiente totalmente familiar
Twitter|https://x.com/MonicaVTampico/status/2055798448159445154,Twitter,1,23,agradecer instituto tecnologico ciudad madero nombrar pista atletismo honor padre americo villarreal guerra legado disciplina esfuerzo perseverancia seguir inspirar generacion deportista tamaulipecos estudiante
Twitter|https://x.com/Jaume_Osante/status/2055837107579396415,Twitter,1,12,rehabilitan campo deportivo tampico fortalecer espacio convivencia activacion fisico tampico revistadebate nota
Twitter|https://x.com/VoxPopuliNoti/status/2055855360016003233,Twitter,1,19,destacar monica villarreal liderazgo americo villarreal impulso deporte presidenta destacar apoyo gobernador recuperar espacio publico promover deporte tampico tamaulipas
Twitter|https://x.com/SosaMrquez/status/2056012714644738119,Twitter,2,26,presentar guia basica gobernanza tampico tamaulipas mexico agradecer comentario guia encontrar disponible encantado participar reunion experto especialmente discusion capacidad necesario incorporar cultura practico prospectiva quehacer gubernamental
YouTube|https://www.youtube.com/watch?v=5-GGjC_GpzQ,YouTube,1,20,historia contar distinto sur tamaulipas recordar obra social libro historia marcar cacique opina capitulo dejame comentario olvidar suscribirte historia real
Twitter|https://x.com/55Arguelles/status/2057186763957760061,Twitter,1,16,gobernador rehabilitir campo sintetico alejandro tranvia diaz obra cancha fortalecer deporte convivencia entorno seguro familia tampiquena
Twitter|https://x.com/VoxPopuliNoti/status/2056224240026767365,Twitter,1,19,monica villarreal fortalecer infraestructura deportivo social tampico tamaulipas estrategia conjunto permitir renovacion multiple plaza cancha beneficio comunidad tampico tamaulipas
Twitter|https://x.com/Jaume_Osante/status/2056226172158030208,Twitter,1,12,tampico rehabilitar cancha parque plaza fortalecer convivencia deporte familiar tampico revistadebate nota
YouTube|https://www.youtube.com/watch?v=_BQbfhIMPek,YouTube,1,7,narco morena quitar ala narco presidenta mexicano
Twitter|https://x.com/mariolealmx/status/2057224000795746472,Twitter,2,47,compromiso avance mandato consumido brecha avance ritmo actual quedar cumplido cierre lista completo cumplido proceso iniciar cita pmd fuente oficial tampico responder animal tampico importar perro gato caballos zona urbano denuncia maltrato directorio refugio eliges caso subes foto ubicacion recibes folio canalizacion conectado rescatista verificada tampico responder
Twitter|https://x.com/Rbytia16/status/2056544196660531581,Twitter,1,11,atentar invitacion exhorte corresponder servir retirar escombro via publico tampico urgente
Twitter|https://x.com/Rbytia16/status/2056545565098340759,Twitter,2,35,solicitud retiro escombro via publica aquiencorresponda reparacion calle virgo metamera huasteca col luis echeverria tampico urgente tampico requiero retirar escombro via publico dejado reparacion fuga tampico ubicacion calle virgo huasteca metamera col luis echeverria tampico
Twitter|https://x.com/Jaume_Osante/status/2056558346186928296,Twitter,1,12,monica villarreal pedir rehabilitacion urgente puente tampico dano vialidad tampico revistadebate nota
Twitter|https://x.com/VoxPopuliNoti/status/2056567521017205072,Twitter,1,21,monica villarreal gestionar restauracion puente tampico director general capufe rehabilitacion puente tampico buscar fortalecer movilidad comercio turismo regional capufe tampico tamaulipas
Twitter|https://x.com/EjeConurbado/status/2057195760467280251,Twitter,1,18,crisis sinaloa sheinbaum respaldar gestion americo villarreal tamaulipas anunciar proyecto clave confirmar coordinacion gobierno estatal tampico cdvictoria cdmadero
Twitter|https://x.com/Jaume_Osante/status/2056819420710703484,Twitter,1,11,tampico fortalecer arte opera taller funcion gratuito tampico arteycultura revistadebate nota
Twitter|https://x.com/IfdpTamps/status/2057246401763983599,Twitter,2,45,derivado programa implementado difundir servicio instituto federal defensoria publica participar caravana itinerante justicia social coordinacion presidencia municipal matamoros tamaulipas ifdp servicios financiero apoyo legal asesor juridico alfonso trejo campos participar brigada informativo banco bienestar tampico tamaulipas difundir servicio gratuito asesoria juridico defensa brindar ifdp ifdp
Twitter|https://x.com/vhmtzrmz/status/2057195633316880503,Twitter,2,41,operativo sistema buscan blindar agua tampico altamira cdmadero autoridades implementar accion toma clandestino agua region hidrico importante tamaulipas cdvictoria chedraui selecto abrir reclutamiento tampico jueves mayo oficina estatal ubicado faja oro col minerva metro ejercito mexicano vacantes operativo especializado altamira cdmadero
Twitter|https://x.com/AragonEquity/status/2057220495657804186,Twitter,2,43,vivir clima calor humedo pueblo viejo tampico amigo aparato barato salir foto video influido clima every picture taken looks like last known image missing sister probar tip blanquear vanish producto adicional progreso quizas avance deber revisar repetir tip funcionar deberer seguir tip susy
Twitter|https://x.com/eduardo_lsxd/status/2057190590077341777,Twitter,1,2,chihuahuense line
Twitter|https://x.com/25Cam03/status/2057237456517296253,Twitter,2,31,hablar patria pensar hablador caga firme patria monda coger ejercito prestar servicio comenzar tartamudear llorar sacar papel padre cabezas hogar malo hablar combinacion ever galleta wafers jugo tampico detodito picante cocacola
Twitter|https://x.com/VoxPopuliNoti/status/2056937950944821377,Twitter,2,36,reconocer monica villarreal vocacion compromiso magisterio tampiqueno alcaldesa reafirmar respaldo gobierno sector educativo importante inversion infraestructura tampico tamaulipas registrar fuerte lluvia tormenta electrico galeana leon proteccion civil llamar ciudadania atento cambio clima lluvias clima galeana nuevoleon
Twitter|https://x.com/Jaume_Osante/status/2056938680850190493,Twitter,1,10,reconocer tampico entrega vocacion maestra maestro dia tampico revistadebate nota
Twitter|https://x.com/TampicoGob/status/2056959223985037375,Twitter,1,18,celebrar dia maestro docente tampico reconocer vocacion compromiso entrega formacion nina nino joven gracias inspirar construir futuro ciudad
Twitter|https://x.com/ShowYaFunds/status/2057193394787533226,Twitter,2,10,marriage scam tampico taste like sum shit wash clothes wit
Twitter|https://x.com/Jaume_Osante/status/2057107185545490820,Twitter,2,25,arranca monica villarreal programa rescate urbano multifamiliar pinos tampico revistadebate nota tamaulipas buscar dejar atras sombra violencia avances paz cambiar narrativa estatal revistadebate opinion columna
Twitter|https://x.com/deestroya__/status/2057215672384463134,Twitter,2,18,man altura cdmx sentir artista mencionar altura sienteeir aca tampico prueba fisico vuelta correr masss aparte aire limpio
Twitter|https://x.com/EHTamaulipas/status/2057212268329525589,Twitter,2,31,operativo elemento fuerza inmediata reaccion fir guardia estatal personal ejercito mexicano derivar aseguramiento armamento municion presunto droga colonia palmares brisas matamoros registrar hijo nombre futbolista recomendacion emitir oficialia registro civil tampico
Twitter|https://x.com/Jarhernandez25/status/2057193915216773406,Twitter,2,19,aporte anonimo rica flaquitar buscar colageno reportense hola tarde gustar oportunidad platicar joven ano presentacion respetuoso higienico tampico saludo
Twitter|https://x.com/soy24siete/status/2057180823397265485,Twitter,2,30,armas cartucho equipo tactico fuerte operativo federal matamoros dejar aseguramiento arsenal vehiculo presuntamente relacionado actividad ilicito soltar grito reclamo presunto victima fraude permanecer afuera barandilla municipal tampico exigir veronica liberar
Twitter|https://x.com/OscarMalibran/status/2057174843359891838,Twitter,2,35,asociacion karate tamaulipas presentar medallas obtenidas olimpiada nacional tampico karate artesmarciales listo tazon mirarmar lifast flag football presentar tazon miramar football arena julio categoria master participarir equipo cerdos salvajes mulos salvajes black lions panthers lifast
Twitter|https://x.com/OscarMalibran/status/2057174849219424485,Twitter,2,43,asociacion karate artes marciales tamaulipas presidir alfredo ramos ramirez presentar logro obtenido karatekas zona sur tamaulipas semana olimpiada nacional conade presente diputado adrian cruz director deportes tampico jorge alberto lozano cecena integrante asociacion karate maestra ana isabel fernandez maestro anselmo reyes rodrigo castillo
Twitter|https://x.com/Rogelio_a_salas/status/2057217833952567643,Twitter,2,41,unico comenzar equipo pueblo gente humilde trabajador monterrey fue descenso contar desaparecer monterrey abrir camino norte mexico futbol centralizar descender club descender liga pagar evitar division querer grande descenso america pumas cruz azul chivas santos unico jamas campeon norte club tampico
Twitter|https://x.com/alecis_n22778/status/2057175962714853417,Twitter,1,7,pasivo madero tampico cojer edad ubi bio
Twitter|https://x.com/alecis_n22778/status/2057176068855881928,Twitter,1,7,pas madero tampico cojer edad ubi bio
Twitter|https://x.com/adleemi/status/2057177558244831335,Twitter,1,4,impresionante lento pasar tampico
Twitter|https://x.com/MrPurple2000/status/2057183506766176407,Twitter,3,14,casarias acapulco riviera baja imaginate boda playa acamoto pinche miramar tampico limpio duda jaja
Twitter|https://x.com/Reporteroszona/status/2057178501736804571,Twitter,1,15,atencion alguien perrito andar vagar avenida hidalgo atropellar rescatar agente vial tampico resguardado delegacion transito
Twitter|https://x.com/Reporteroszona/status/2057178833543983277,Twitter,2,37,lider movimiento nacional esperanza asamblea informativo colonia tampico avance llamado seguir fortalecer partido afinar estructura territorial ultimahora secretaria seguridad proteccion ciudadana reportar detencion culiacan sinaloa boxeador omar chavez hijo historico peleador mexicano julio cesar chavez motivo arresto
Twitter|https://x.com/shagocf/status/2057179914835476952,Twitter,2,11,pinches didis ubers tampico carisimo unidad ojet contar esperar chingo weeeeeeeeeeey
Twitter|https://x.com/elsolde_tampico/status/2057180998853378404,Twitter,1,22,flamboyan regalar postal colorida temporada arbol llamado ponciana real arbol fuego florecer mayo agosto llenar vida color crecer alejandro angel sol tampico
Twitter|https://x.com/Tampico_Mexico/status/2057182033068130528,Twitter,1,24,cinico sheinbaum exigir valorar mexicano tampico malinche monica villarreal contratar directora desarrollo historico argentina espanol milagros angelini vega historiador artista mexicano victorense elegir extranjera
Twitter|https://x.com/55Arguelles/status/2057186633288450098,Twitter,2,21,compartir maestra maestro nivel educativo reconocer esfuerzo compromiso formacion nina nino joven gracias contribuir dia construir futuro tampico wooow hermoso premio
Twitter|https://x.com/villareal1_/status/2057183568313344057,Twitter,1,4,hola algn tampico hablar
Twitter|https://x.com/VoxPopuliNoti/status/2057184987166708021,Twitter,1,25,capacitan veterinario tamatan reforzar salud animal victoria tamaulipas zoologico fortalecer diagnostico clinico practica especializado formacion continuo veterinario nuevolaredo tamaulipa matamoros ciudadvictoria tampico ciudadmadero altamira reynosa
Twitter|https://x.com/AgenciaTam/status/2057185336057368792,Twitter,1,22,persona manifestar afuera barandilla estatal tampico exigir liberar veronica elena senalado presunto fraude relacionado evento social empresarial asegurar perdida millon pesos tampico
Twitter|https://x.com/MartinJuarez64/status/2057185741277462935,Twitter,1,20,contrato pagare prueba senalar persona afectado permanecer afuera barandilla estatal tampico temer mujer detenido presunto fraude recuperar libertad hora justicia
Twitter|https://x.com/elsolde_tampico/status/2057185884982632485,Twitter,2,22,persona manifestar afuera barandilla municipal tampico senalar presunto fraude relacionado organizacion evento social autoridad emitir postura situacion juridico acusado yadira hernandez nota
Twitter|https://x.com/TVAztecaSLP/status/2057186975937884615,Twitter,2,31,trailer terminar envuelto llama carretera muerto encontrar sanluispotosi sitio web alertan pagina falso tramitar pasaporte san luis potosi autoridad advertir fraude solicitar pago confirmar cita enterate sanluispotosi pasaporte fraude ciberseguridad noticias
Twitter|https://x.com/VoxPopuliNoti/status/2057187349621076329,Twitter,1,17,anunciar seminario nacional karate expo tampico tamaulipas training kumite nacional prometer impulsar deporte region karate expotampico tamaulipas
Twitter|https://x.com/Noticias_Tams/status/2057191883705639311,Twitter,1,5,tampico rescatan caballo aparente abandono
Twitter|https://x.com/MilenioTam/status/2057192134034461041,Twitter,2,12,vacante reclutamiento chedraui selecto tampico morir tono rottuno destacado cineasta musico tamaulipeco
Twitter|https://x.com/VoxPopuliNoti/status/2057193663797788678,Twitter,1,21,posicionar inversionista italiano ninfa cantu encabezar seminario internacional posicionar tamaulipas destino estrategico inversion nuevolaredo tamaulipa matamoros ciudadvictoria tampico ciudadmadero altamira reynosa
Twitter|https://x.com/VoxPopuliNoti/status/2057195288083808625,Twitter,1,22,recuperar bombeo agua victoria tamaulipas reparacion electrico comapa anticipar recuperacion gradual servicio tarde noche nuevolaredo tamaulipa matamoros ciudadvictoria tampico ciudadmadero altamira reynosa
Twitter|https://x.com/Sekzher/status/2057201214878527922,Twitter,5,18,pongansir trucha amigo parecer andar hackear pendejo amigo amigo revisastar chica otaku real vecina tampico coger trio leandro
Twitter|https://x.com/AlfonsoLoredo_/status/2057199615225549133,Twitter,1,4,soportar clima tampico pasar
Twitter|https://x.com/KenshiroHuey/status/2057215502854803728,Twitter,2,15,world gotta ending cause mix tampico freeze whew real look like lmfao see vision bugging
Twitter|https://x.com/TesoroMoctezuma/status/2057202205141205258,Twitter,1,28,felizmiercol futbolfemenil nfl nba espectaculos nascar worldcup ligamx laliga noticias news ensenada mazatlan cdjuarez tampico coahuila cdvictoria monterrey colima guadalajara aguascalientes leon queretaro morelos puebla cancun mexicocity cdmx
Twitter|https://x.com/TDNoticiasmx/status/2057203458789539860,Twitter,1,19,afectado presunto fraude localizar tampico mujer acusado engano relacionado evento social prestamo millonario esperar llegada autoridad ministerial erik huerta
Twitter|https://x.com/RaTampico/status/2057217008207311205,Twitter,2,8,pensar plan semana vengase tampico amigo jejar pasar
Twitter|https://x.com/lolitalolis77/status/2057206687249895662,Twitter,1,4,tremendo calor tampico madero
Twitter|https://x.com/88hh8888/status/2057208964324921392,Twitter,2,24,examen manejo poblacion tampico madero pasar regla vial chiste mantenimiento agua salir sucio presion cortar gana madero tampico corte agua tampico ciudadmadero colonia afectado
Twitter|https://x.com/Kodokvna/status/2057236672924782801,Twitter,4,23,cosa entender receta secreta ingrediente etiqueta ingrediente zero entender seguir creer agua agua claaarir sos pendejo mirar crisis agua ciudad tampico mexico precisamente
Twitter|https://x.com/GerryHoneysw/status/2057209732905988323,Twitter,1,2,seguir tampico
Twitter|https://x.com/TDNoticiasmx/status/2057210001836667358,Twitter,1,21,afectado presunto fraude tampico mantener vigilancia afuera barandilla municipal evitar veronica quedar libertad senalar perdida millonario relacionado evento prestamo eric huerta
Twitter|https://x.com/Quadratin_Mor/status/2057210475859874106,Twitter,2,39,estrenar cafe chairel cine mexico cinta fernando barreda protagonizado tessa filmado tampico llegar sala mayo exitoso festival cafechairel cinemexicano historico golpe multipartidista morelos operativoenjambre descabeza red extorsion ligado cartel pacifico zona oriente caen alcaldes exedil funcionario confirmar edil cuautla
Twitter|https://x.com/VoxPopuliNoti/status/2057210952865468435,Twitter,1,25,robo vehiculo bajar victoria tamaulipas reportar autoridad municipal autoridades reportar robo reforzar vigilancia colonia prioritario sector clave nuevolaredo tamaulipa matamoros ciudadvictoria tampico ciudadmadero altamira reynosa
Twitter|https://x.com/VictorTello73/status/2057211907388457029,Twitter,4,37,cerrar negocio mes tampico madero billete circular construccion casa demolicion casa ano construir moderno parecer pemex modernizada lavar banco wey pagar medio mes alcaldia madero cuanto pagar tampico comprar depa velamar casa alberca loma rosales entender dejar
Twitter|https://x.com/VoxPopuliNoti/status/2057213339714097212,Twitter,1,24,reforzar seguridad zona fronterizo tamaulipas violento matamoros reynosa operativos avanzar autoridad esperar resultado investigacion federal frontera nuevolaredo tamaulipa matamoros ciudadvictoria tampico ciudadmadero altamira reynosa
Twitter|https://x.com/RadioUAT/status/2057213525303435559,Twitter,2,34,jueves manana ernesto goytortua bores tecnico hablar historia laboratorio nutricion acuicola cibnor cdvictoria tampico nld reynosa matamoros madero miercoles tophits masmusicaymas locucion miguel angel montalvo voz radio cdvictoria tampico nld reynosa matamoros madero tamaulipas
Twitter|https://x.com/elsolde_tampico/status/2057215776549929470,Twitter,1,5,servicio comunidad tampico ciudadmadero altamira
Twitter|https://x.com/GoldenBear0991/status/2057226278734897372,Twitter,1,7,tampico orden creer villarreal delgado augusto lopez
Twitter|https://x.com/cosinus28_/status/2057219275190853919,Twitter,2,34,diayla keur dieundeul leu tampico hello land villa sale rent petite cote find listings displayed land status verified agents zero nasty surpris also check discover section activiti dms open nga rothie gel def loxo
Twitter|https://x.com/rtorresv11/status/2057216807392432466,Twitter,1,8,reclamacion atender enviar reclamacion delegar mazda tampico respuesta
Twitter|https://x.com/CambioDigital/status/2057219847356903521,Twitter,2,13,alcaldesas panuco tampico buscar agilizar recoleccion basura moralillo aguila caer piratas empatar serie
Twitter|https://x.com/mariolealmx/status/2057224090319040905,Twitter,1,10,querer enterado denunciar recibir pulso tampico lunes viernes whatsapp numero
Twitter|https://x.com/JMhuhhh/status/2057224601093259531,Twitter,2,11,watched turn tampico future week take half xan still stay awake
YouTube|https://www.youtube.com/watch?v=MB2cInYM56g,YouTube,1,3,gracias interesantisimo informativo
Twitter|https://x.com/EstradaAgente/status/2057229892710768684,Twitter,4,28,vecino agradecer prontitud respuesta chiapas jalapa roma norte tarde socavon avenida chapultepec tampico colonia roma norte alcaldia cuauhtemoc reporte quedar registrado folio atencion crv dia solicitar apoyo atencion
Twitter|https://x.com/MAGNETOOFICIAL2/status/2057232193601089777,Twitter,1,6,tampico viernes mayo velaria expo tampico
Twitter|https://x.com/gruponoticiaspc/status/2057233622927622580,Twitter,1,21,funcionarios financiar automovil rifado maestro monica villarreal origen automovil rifado reciente festejo dia maestro tampico asegurar unidad adquirir recurso publico leer
Twitter|https://x.com/guiy3/status/2057233773817679954,Twitter,1,12,pesimo servicio sucursal tampico mes esperar macbook neo llegar traer vuelta llegar
Twitter|https://x.com/SPAT_AC/status/2057237787141603614,Twitter,1,19,rescatado calle prolapso vaginal sufrir rechazo necesitar ayuda sano vacunado desparasitado esterilizado faltar familia conocela sabado petco tampico primeroadopta
Twitter|https://x.com/SPAT_AC/status/2057237959749882075,Twitter,1,2,esperar tampico
Twitter|https://x.com/elsolde_tampico/status/2057240129350058232,Twitter,1,17,quedar tec ciudadmadero vencer altamira clasificar nacional cierre vibrante emocion vivir beisbol softbol hector rivera sol tampico
Twitter|https://x.com/VictorHu6002316/status/2057240991883510027,Twitter,1,21,reunion semanal grupo tabasco fomentar unidad prevalecer secc mano lider amigo cerrar pormenor asistir torneo pesca tampico madero predominarar unidad familiar
Twitter|https://x.com/gruponoticiaspc/status/2057244995539599800,Twitter,1,19,tampico continuar beneficio historico pensionado viuda administracion municipal tampico mantener modificacion esquema apoyo economico jubilado pensionado viuda aprobado leer
Twitter|https://x.com/Michelle_Putixx/status/2057245311592956386,Twitter,2,9,hola tampico fascinar sensual elegante media encantar tanguita saboreartir
Twitter|https://x.com/jgutierrrezvega/status/2057247348670226927,Twitter,1,24,jubilados grupo tampico madero presente refrendar politica amigo lider luis gerardo perez sanchez preparativo recibir familia petrolero seccion torneo pesca luis ricardo aldana prieto
Twitter|https://x.com/elsolde_tampico/status/2057248789539192990,Twitter,2,29,atencion zona norte tampico ciudadmadero comapa sur informar mantenimiento electrico planta laguna puerta suspender temporalmente suministro agua potable viernes mayo horas jueves llenir noticia logro inesperado pequeno instante inolvidable
Twitter|https://x.com/RevistaDebateMX/status/2059478347248292084,Twitter,1,11,tampico instalar luminaria fortalecer seguridad calle espacio publico tampico revistadebate nota
Facebook|https://www.facebook.com/TampicoGob/posts/pfbid02Gr8HAf5VrmhjAYFgaakipjsCf33ouYL2j5Q1rruqrpUg4x3RFKdisMSLs4JSRUwEl,Facebook,2,62,impulsar crecimiento oportunidad emprendedor empresario tampiqueno expo antad empresario tampico representar orgullo municipio sostener reunion empresa cadena comercial chedraui soriana waldos liverpool lograr concretar venta satisfactorio abrir oportunidad negocio agradecer tamaulipas secretaria economia respaldo colaboracion fortalecer talento proyeccion crecimiento productor local reconocer apoyo liderazgo presidenta municipal monica zacil villarreal anaya continuar impulsar accion fortalecer desarrollo economico abrir oportunidad tampico tampicotecuido apoyemosaemprendedores bieen
Facebook|https://www.facebook.com/TampicoGob/posts/pfbid02u2NzzWoQd8Wto2QPibKXFTVUtPF8JqP8N3eFF89jXR7Y8ztkzCHHcF2Tmgx41qBDl,Facebook,4,46,manana arrancar jornada descacharrizacion mantenimiento area verde conjunto delegacion zona norte occidente calzada san pedro blvd japon colonia jesus elias pina accion seguir mejorar imagen urbano fortalecer limpieza espacio publico beneficio familia tampiquena gracias presidenta labor pila puesto presidenta bello sonrisa saludo presidenta monica beneficio familia
Facebook|https://www.facebook.com/TampicoGob/posts/pfbid0B9L67ztKG2yZWiwSa7zkSbqQSzdJAaqG68xQwZPZTYTARfD4byX5Huv3BPxgLVwHl,Facebook,4,29,vacheando tampico seguir dia tampico seguro vialidad mayo secretaria obras publicas tampico rehabilitacion atencion bache distinto sector ciudad priorizar bienestar seguridad movilidad tampiqueno tampicotecuida tampicovacontodo super presidenta alcaldesar descanso
Facebook|https://www.facebook.com/reel/3132474300475681/,Facebook,4,73,llamada vivir emotiva experiencia metro dejser pasar oportunidad aclamado exposicion ana frank notas esperanza despedir tampico domingo mayo recorrer sala quieres volver conectar impactante mensaje resiliencia paz semana ideal recorrido disenado conmover reflexionar persona multiple generacion memoria historico acompanano comunidad vivir muestra entrada completamente libre fecha cierre domingo mayo galeria exposiciones temporales metro entrada libre esperar compartir enriquecedoro jornada anafranktampico notasdeesperanza espacioculturalmetropolitano culturatampico ultimosdias exposiciontampico elartevacontodo tampico metro arte dia museo maximo metro
Facebook|https://www.facebook.com/reel/1313532076776028/,Facebook,5,49,encontrar disfrutar final futbol olimpiada nacional conade seleccion tamaulipas enfrentar representativo coahuila estadio universitario unam ciudad mexico orgullo acompanar joven deportista demostrar talento disciplina amor tamaulipas felicidad representar pasion alto nombre tamaulipas ganar tamaulipas final saludo presidenta monica villarreal apoyar deporte felicidades campeon alcaldesa unidad alcaldes apoyar tamaulipas felicidades
YouTube|https://www.youtube.com/watch?v=kRH3YuEZKE8,YouTube,1,8,anular crimen organizado apoyar favor moren claro agua
Facebook|https://www.facebook.com/ProteccionCivilTampico/posts/pfbid06es2hQCjFqcWXZSfanMP5F5KTDVKo2FmTVm2HvmCRtpz2TpkVw5exPcyCgpfiaUKl,Facebook,1,58,bomberito dia dia pequeno acompanado padre maestro jardin ninos mexico disfrutar visita cuerpo bomberos tampico cabo actividad bomberito dia objetivo actividad importante labor desempenar bombero dinamica fomentar respeto conocimiento actuar situacion riesgo emergencia alumno papa maestro honorable cuerpo bomberos proteccion civil disfrutar convivencia finalidad importante prevencion seguridad vida cotidiano tampico cuida proteccion civil proteccionciviltampico tampicotecuida tampicosomostodos bomberostampico diftampico
Facebook|https://www.facebook.com/monicavtampico/videos/1526467619099398/,Facebook,7,47,emocion compartir edicion acompanar campeon tamaulipas copa futbol conade avance cancha habilitar familia deportista tampico deporte clave felicidades perfecto alcaldesa importante practicar deporte especial joven felicidad campeon gracia alcaldesa apoyo deporte gracias presidenta impulsar deporte felicidades felicidad campeon futuro nino cancha excelente presidenta monica villarreal tampico cuidar
Facebook|https://www.facebook.com/monicavtampico/posts/pfbid0389uHHiZt9R284Ccp31zuDBmJdq3fr7xE8B4mQa8SqHDyaYvauqoTs691C5DKBEkQl,Facebook,6,64,tamaulipos campeon felicidad seleccion tamaulipas campeon olimpiada nacional conade llenar orgullo joven deportista representar pasion entrega talento tamaulipas alto nombre importante competencia nacional reconocimiento joven tampiqueno jose luis perez jose carlos reynosa director tecnico miguel mendoza san luis compromiso dedicacion felicidades logro increible seleccion tamaulipas dedicacion esfuerzo fruto enhorabuena campeones vivo tamaulipas bendicion alcaldesa presencia chico salir iinspirado felicidades miguelon alto tamaulipas felicidad seleccion
Facebook|https://www.facebook.com/monicavtampico/posts/pfbid02ScP1aFjqcj5bgs1ZEbtnR2GUoP4g73Qmjf1dJ4kZE9V2hj6JDcYnMrTNP9whhKE7l,Facebook,9,62,lamentar fallecimiento manuel hernandez destacado periodista apasionado promotor deportivo dedicar vida impulsar voz deporte zona sur envio abrazo solidario sincero condolencia familia amistad querido deseandol fortaleza pronto resignacion irreparable perdida qepd voz deporte brillir luz perpetua qepd vibrar cielo manny paz descansar santo reyno concedar descanso eterno brillir luz perpetua descansar paz lamentable perdida maolo qepd amigo qepd santo gloria fortaleza familia
Twitter|https://x.com/RevistaDebateMX/status/2059786244448485609,Twitter,1,11,tampico fortalecer atencion juridico gratuito mujer convenio abogado tampico revistadebate nota
Twitter|https://x.com/RevistaDebateMX/status/2059806639595692097,Twitter,1,11,tampico fortalecer deporte juvenil torneo rehabilitacion espacio deportivo tampico revistadebate nota
Twitter|https://x.com/VoxPopuliNoti/status/2059816690813112673,Twitter,1,17,reafirma monica villarreal compromiso deporte juventud alcaldesa impulsar transformacion social torneo local recuperacion complejo deportivo tampico tamaulipas
Facebook|https://www.facebook.com/TampicoGob/posts/pfbid0ixYVzGtQzLxReSCV8g84JNUPNjwVpFM8AeQxZ7QNVuSPsp3ZZMnRjgdZYqXbLktal,Facebook,1,32,tampico seguir avanzar accion diferencia programa vacheando tampico mayo secretaria servicios publicos atender rehabilitar bache distinto sector ciudad fortalecer seguridad vial mejorar movilidad seguir dia tampico seguro ordenado condicion habitante tampicotecuida tampicovacontodo
Facebook|https://www.facebook.com/monicavtampico/posts/pfbid0Rjvhd5bDym4QU8W54vJ2H6Xk1kXsQNQ5hiZtF6mwHJhZDcEtbXc2Dsh8LR1cugEhl,Facebook,4,108,seguir fortalecer servicio alumbrado publico distinto sector tampico zona centro cambio foco led poste modelo tampico frente catedral sustitucion reflector reflector led peatonal diaz miron col lomas rosales reparacion lampara reflector parque lomas rosales instalacion rehabilitacion lampara led watt fotocelda col insurgentes instalacion lampara led watt fotocelda alimentacion electrico rehabilitacion distinto colonia col guadalupe mainero rehabilitacion cambio lampara led fotocelda col chairel retiro lampara danado instalacion watt fotocelda bajada dorsey leroy reconexion quedar funcionamiento tampicotecuida vecino lomas rosales insurgentes chairel guadalupe mainero agradecer colonia iluminado colonia seguro tranquilo gracias presidenta tampicotecuida transparente cercano pueblo iluminacion cuidad factor importante prevenir delincuencia atraer turismo hermoso cuidad excelente alcaldesa monica villareal
Facebook|https://www.facebook.com/secretariadeobraspublicastampico/posts/pfbid02FUjJS5kF6Uis9AHEwHb3CBBPg5tS8Hd8kqeeJyVxpUsUDtBcNXWzvY9dFS6PbFthl,Facebook,4,75,seguir vision alcaldesa monica villarreal dignificar espacio publico municipio ofrecer familia entorno limpio seguro personal secretaria obras publicas cabo fabricacion instalacion barandal peatonal ubicado calle altamira calle rio tamesi calle agustin iturbide col isleta perez garantizar cruce seguro peaton prevenir accidente brindar tranquilidad vecino trabajador diariamente transitar zona tampicovacontodo tampicotecuida obra facturar jajsjajajaja faltar cosa infanta monica villarreal encargado rey americo villarreal reino villarreal llamado tamaulipas cumplir foto bonito ciudad caminar fotos gozo servil aplaudidor
Facebook|https://www.facebook.com/secretariadeobraspublicastampico/posts/pfbid0294ykoSGWmEJxzXRGnQCW9CQK75ZCbJQo8YZNMTqHHHdc8TxhHeheEnfQNox7SZpCl,Facebook,6,86,fortalecer infraestructura vial brindar trayecto seguro secretaria obras publicas continuar programa mantenimiento vial col enrique cardenas gonzalez cabo bacheo carpeta asfaltico calle avenida monterrey calle calle calle afganistan accion formar compromiso alcaldesa monica villarreal transformar vialidad ciudad cuadrillas dependencia continuar estrategico sector tampico atender report ciudadano tampicotecuida tampicovacontodo mames puro parche abril col tancol bacheooooooo sigar presidenta monica villarreal dia detalle atacar inmediatamente personal servicio publico vida presidenta monica inche mediocre lluvia parche desaparecer zanja quedar volver mano presupuesto justificar robadero genial programa vacheando urgia ciudad
YouTube|https://www.youtube.com/watch?v=XEmiCxR_o_c,YouTube,13,148,morena kks marioneta fracaso tapadras socio narco voluntad metido corrupcion reinar impunidad problema solucion tarea ciudadano proposito donde andar tampico gracias pretexto urgente despertar jajajaja mensaje ongs forma desesperado volver descentralizar organismo federal jajaja habra quedara tranquila nombrar gobierno venir enganar bobo regresar disfrazado sociedad civil quedar ano proyecto alterno enganar prianista camuflajeado desgracia mexicanos siglo indiferent apaticos conformistas cobardes valemadristas wuevon hagan trump mover dedo internamente seguira partidos politicos pri mor pan color mierdo gente luchar necesitan amo diga mexicano verguenza mundial alejandro marti recordamos respeto aprecio necesitar lider organizar protestar narcogobierno secta morena corrupto ladron mal nacido creer justamente faltar necesidad unirno resolver problema desgracia gente creer simplemente conflicto dema pelea clase economico genero decision gobierno afectar democracia cimentar pesos contrapeso compartir deuda exterior obra publico seguridad defensa narco desafortunadamente gobierno convertir autoritarismo clasico permitir cuestionir ayuda extranos quitar ustedes camino venezuelan sorry chavismo puro duro
Facebook|https://www.facebook.com/monicavtampico/posts/pfbid02tt5aTsoSE3mgZt5v6gKzPhaMVpFRK2XDEUgmsuGF3NBSz4WQ54TZfsTTChmxvTQfl,Facebook,4,71,historico cuidado sistema lagunario liberacion alevin lobina negro laguna escondida querer jamas lograr liberar temporada cantidad inedito ciudad accion formar compromiso preservacion medio ambiente proteccion biodiversidad impulso pesca responsable sustentable familia tampico gracias coordinado universidad tecnologica mar tamaulipas bicentenario centro acuicola tancol seguir sembrar vida laguna fortalecer patrimonio natural importante region tampicovacontodo tampicotecuida gracias orientar estructura concierto buky boulevard persona boleto saludo acosta villarreal gracias biodiversidad excelente presidenta monico villarreal bendicion
Facebook|https://www.facebook.com/ProteccionCivilTampico/posts/pfbid031M7CT5Cc63uUyzYJaxwrMHsWG2Qdz5p4WLJxwbkUvkyaLvAbDVEinu8YUCybGSZKl,Facebook,2,176,recorrido carcamos bombeo canales pluviales tampico dia seguir indicacion monica villarreal anaya presidenta municipal tampico recorrido carcamos bombeo canales pluviales tampico temporada lluvia tormenta huracan zona recorrido importancia zona pluvial poniente pluvial oriente cascajal cascajal boca tomar chairel encabezado jose antonio marin flores director proteccion civil tampico contar colaboracion marina sedena comapa conagua secretaria obras publicas servicios publicos proteccion civil regional transito bomberos tampico cuida proteccion civil proteccionciviltampico tampicotecuida tampicosomostodos bomberostampico medio presente permitir exhorto respetuoso firme tomar accion inmediato problematica generar comapa zona sur distinto sector ciudad cantidad ciudadano observar constantemente romper pavimento banqueta infraestructura urbano dejar reparacion inconclusa hundimiento socavon calle condicion peligroso preocupante pese multiple queja ciudadano situacion continuar ocurrir existir solucion visible supervision efectivo dia vivir personalmente situacion sumamente riesgosa transitar calle previamente comapa zona sur camion recolector basura hundimiento ocasionado reparacion mal concluido inicialmente existir cono senalizacion posteriormente retirar calle restaurar adecuadamente provocar vehiculo quedar atorado socavon representar peligro automovilista peaton trabajador dano directo infraestructura publico recurso municipio calle danado hundimiento reparacion abandonado terminar afectar ciudadania eventualmente requerir recurso publico adici
Twitter|https://x.com/RevistaDebateMX/status/2060176534846034421,Twitter,1,11,liberan alevin laguna tampico proteger ecosistema pesca deportivo tampico revistadebate nota
Twitter|https://x.com/VoxPopuliNoti/status/2060196134526525717,Twitter,1,21,monica villarreal utmart fortalecer sistema lagunario alevin municipio buscar revitalizar cuerpo agua rescatar biodiversidad local fortalecer turismo pesca deportivo tampico tamaulipas
Facebook|https://www.facebook.com/TampicoGob/posts/pfbid02rGpkiR8gGsnwHBpXT8XoemcYnfDmYVYDmrgjfbYTMynyFioiCZCCEmEoXkLMWVEil,Facebook,6,69,tampico seguir demostrar equipo seguridad paz construir ciudad posicionar seguro mexico zona sur mantener ano nacional percepcion seguridad resultado reflejo esfuerzo conjunto ciudadania institucion nivel gobierno seguir cuidar valioso tranquilidad familia tampicotecuida gobierno tampico hermoso seguro tampiqueno apreciar profundamente caminar tranquilo ciudad resultado orgullo recordar equipo lograr cosa gracias presidenta suceder equipo escoger estatus social presidentar tampico paz construir cercania bienestar oportunidad gracias presidenta dejar subir foto exito proyecto
Facebook|https://www.facebook.com/reel/3278399009026186/,Facebook,2,45,accion preventivo mantenimiento constante infraestructura pluvial fundamental bienestar familia tampiquenas limpieza canal pluvial cielo abierto ubicado perimetral labor limpieza banqueta calle favorecer espacio seguro ordenado condicion ciudadania presidenta municipal monica villarreal anaya continuar promover accion fortalecer cuidado mantenimiento ciudad monica villarreal tampico gob namas problema
Facebook|https://www.facebook.com/reel/987766190786362/,Facebook,4,50,tampico seguir salud centro control diabetes impulsir accion prevencion educacion autocuidado mejorar calidad vida vivir enfermedad accion seguir avanzar movimiento ciudades municipios saludables ops fortalecer bienestar familia tampiquenas invitar conozcas cecodiat aproveches beneficio cecodiat morelo cecodiat borreguera presidentar monica villarreal salud prioridad gracias presidenta monica villarreal excelente precidenta monica villareal
Facebook|https://www.facebook.com/TampicoGob/posts/pfbid02egkAwCVd69LyRjmJWidQNzkvYRvUdnoZ54Q8GogDVm3CKTrSc4XBr3sVyGP6vC6yl,Facebook,4,38,decada sembrar pez agua dulce famoso nivel mundial pesca deportivo sequia sufrir ano agradecer esfuerzo vision alcaldesa repoblar sistema lagunario conservacion ambiental transformacion amor tierra tampicotecuida atencion pesca comercial deportivo tampico vital representar economia turismo puerto jaibo vida
Facebook|https://www.facebook.com/TampicoGob/posts/pfbid038FoJXRgcSGUUUKN94CotSVFF1rT3zgYXb3SjaPo7tLa5ynRY39cUfQKgn19UTQFSl,Facebook,4,41,programa vacheando tampico mayo bache rehabilitado distinto sector ciudad gracias esfuerzo gobierno municipal tampico secretaria servicios publicos secretaria obras publicas coordinacion comapa sur seguir dia mejorar movilidad brindar vialidad seguro tampiqueno tampicovacontodo tampicotecuida pavimente felicidades presidenta monico villareal tampico apoyo presidenta
Facebook|https://www.facebook.com/monicavtampico/posts/pfbid043prH7QRKiyjYMFjvFsq2peVAXUEsSsy5QrMk6AvQxSxYVAdZD5NZjGMGJieihMGl,Facebook,3,68,entregar rehabilitacion pintura cancha deportivo escuela primaria ford espacio volver alegria deporte convivencia nina nino pintura mejoramiento cancha equipo instituto juventud tampico accion impulsir fortalecer desarrollo bienestar comunidad estudiantil acompanamos ceremonia honor bandera disfrutar talento alumno destacar participacion mikel cruz arriaga disertar pieza oratoria llamado tampico numero artistico civico preparado entusiasmo estudiante entrega balon inicio torneo mundialito promover deporte ninez tampicovacontodo tampicotecuida excelente alcaldesa parar invertido predial slds
Facebook|https://www.facebook.com/monicavtampico/posts/1880308259343351:1880308259343351,Facebook,1,2,tampicotecuida avanzar
Facebook|https://www.facebook.com/TampicoGob/posts/pfbid028DLVDhrNExHCEchLS6SkPi8a1LaGqdVegzy3wEYzNFyYoLwKmpzm8UcusbBkMXNl,Facebook,1,20,palabra dejar huella exposicion ana frank persona compartir carta mensaje lleno reflexion empatia demostrar historia tocar corazon generar conciencia comunidad
Facebook|https://www.facebook.com/monicavtampico/videos/1524867049192516/,Facebook,7,49,acompananos presentacion opera serva padrona fragmento barbero sevilla casa cultura tampico taller tampico opera estudio felicidades hermosa hermosa interpretacion karol potter felicidad fenomenal actuacion hermoso nieta eliam marquez fan abuelos seguir bendecir hermoso increible actuacion carrera eliam continuar bendecir vida mamy mosha felicidades hija profe bello actuacion musica profesional
Twitter|https://x.com/VoxPopuliNoti/status/2060531856840228910,Twitter,1,19,fortalece ayuntamiento tampico estrategia preventivo temporada lluvia ciclon tropical revisiones buscar anticipar riesgo sector historicamente afectado tampico lluvia tamaulipas
Twitter|https://x.com/RevistaDebateMX/status/2060543714011824244,Twitter,1,11,tampico superar bache reparado acelero mejoramiento calle colonia tampico revistadebate nota
YouTube|https://www.youtube.com/watch?v=Upws6OBald8,YouTube,4,37,chidir canasta basico quedar puro chingadera gustar bajar precio salmon wagyu japon pata cangrejo estario comar arroz garbanzo diario pais chairolandia cualquiera rincon mexico verguenza salud deberar verguenza pobre gente jajaj seguro recortar producto calidad cantidad chairolandio
Facebook|https://www.facebook.com/monicavtampico/posts/pfbid0317M4nJTuGmckFRDcYaD1pzpJQ1Z3H7ookskZcNExvJozf5HTJw6YhHFds7vkKz1Kl,Facebook,1,4,celebrar ano piso transformacion
YouTube|https://www.youtube.com/watch?v=qRYNGAKJDwQ,YouTube,72,500,elegante tienda puestito parecer pasar importante ano ano ambito maravilloso dejar decadencia practicamente distrito cultura performanz taqueria estresante video padre calle hotel estrella olor dulce calle indolencia visitante mejoren wowww gueva narrar video iphone ano pasar puro periodistico pretendiente nar dukades bch frente afortunado video nino padre elegante restaurante exclusivo arte aire nocturno quetzal decepcion basural vendedor gobierno cargar adolescencia rosa ano sala insurgentes latino pequeno visconti espacio grande reforma atmosfera autor cultural culto psicologico produccion dificilmente circuito tradicional rosa obligado necesidad metro alejado chapultepec maria sheraton zona disco mixup ano secundaria limitar escaparate plenamente musical motivo maquina pantalla juego carrera ruidoso luz comentar rosa terminal denigrarse increible extrano naci col definitivo cambio feliz gracias pobre roma gracias gringos calonia triste centrico totalmente amberes degradado llegar muerte volver iconica iconico video incluir original hotel suites hamburgo ingles mexicano relaciones londres iniciar policia interesante recuerdo seguido tenia recuerdo loa restaurante rosa atras siglo hotel restaurante londres entrada privado quedar detras rocha cruce chapultepec genova cuadra punta embajada auto madero guerra huerta tienda rocha terrenote insurgente corredor rodear visible ancho auto churro glorieta avenida avenida cerrar conectar amberes enfrente levantar encajar policia jalapa edifico decada eje monterrey papa perfecto pais porfirio corresponder policia increible hiy vulgaridad devastador agregar pesos reforma amp novia spaghetti aaaah antiguo bonito increible porqueria existir distinguido taquerias pandemia existir bello angel proteger narco sucediar novio pretendiente hijo cumplenos fillafontana elysees madre presentar joven invitar martinis perro acompanar importar mugre ambulante parque salida salir clase vendeor permiso blanco cuadra inicio caracter leer transparente entender intelectual luis joven estilo iconico buscar copenhage rouge madioala agradable rojo duca hamburgo alli clara ojala haras justo epoca distinguir galeria salir rock mekano epoca lujo crimen ciudad politica afear venezuela vivir horrible puesto salon pastel extra informa dolor necesidad marca ros anos practicamente vida distrito discoteca antano amparo dek recorrido excelente mexicano ros reunir homosexual racia asalto comer inseguro gay encontrar bonito saludos derecha organico doble proprio prictador banda negar supuesto anos vagabunda salon luan pub bar perro piano parado horel bar llamado oslo tarot insurgentes beatriz relacionado tocar consuelo gay mundo gay francisco york paris inteligncia basar hablar tedioso generar hermoso tiangui homosexual baratijas foxys shadow golden etc dance convirtio antro enrique pesado articulo regional bellinghausen suizo habia parecer indigente asqueroso antiguedad quedar hir habia pasajero arte dia teatro encuentro alguien provocar realmente tocar esplendor recordar auseba konditori particularmente guess basurero tugurio puro rematar excelente elegante mexico mexico profundo renacimiento urbano cultural elegante titulo dia corazon comercio nocturno cuauhtemoc agrupar estreno renovacion ciudad acabar millon destinado iconico preparar recibir mundial instalar sanitario nivel accesibl restaurar escultura proyectar turistico comunidad firm inconsistencia chafa vivi todavia gucci pierlongue elyse cafes droga antros muerte porqueria puro programacion lector ambiente querer dejar segmento serio programa robar vivir plagiario precisamente secretaria vialidad mexico poblacion esforzar elegante chic vestido suspiro historia nausea culpa malinchismo aportar ros mansion cocodrilo matias existir federico hermoso cafeteria personaje artistico lindo ally ganancia bar vida foto luis joven acento pintor luis mono acorriento estacion
Facebook|https://www.facebook.com/TampicoGob/posts/pfbid038AZHaw6XiMLLoPBVuRP4c3XDRtymU2ryArGcKBCXt1taeh2QeoZEYNzVMoLt5xTXl,Facebook,1,38,salud unir derecho mayo vivir semana nacional salud publica jornada lleno actividad deportivo recreativa cultural prevencion promover bienestar integral familia tampiquenas taller feria salud activacion fisico torneo espacio aprendizaje seguir impulsar accion fortalecer salud convivencia participacion comunitario tampicotecuida
Facebook|https://www.facebook.com/monicavtampico/posts/pfbid02pm24wUKssDrGrzXtA9yQBvjFNGzTMJMYA9G79jzfTEQkdLH6uEUYtaiwFngP9N3ml,Facebook,4,18,feliz presenciar ano triunfo presidenta claudia sheinbaum pardo ano compromiso bienestar mexicano mujer bendecido monica villarreal tiempodemujeres tampicotecuida
Facebook|https://www.facebook.com/monicavtampico/posts/pfbid0ARPjgwRkvc2X8pAGggVQZLHu6EtNvrjGujoUFv4vcU5xkQZPW9ERruWU6agEQ2tpl,Facebook,9,56,ano triunfo presidenta republica claudia sheinbaum pardo tamaulipas transformacion seguir avanzar resultado bienestar familia mano gobierno mexico liderazgo gobernador americo villarreal seguir construir oportunidad seguir felicidad presidenta republica claudia sheinbaum acuerdo frente mexico transformacion seguir avanzar presidenta excelente seguir ano bendicion presidenta mexico seguimos avanzando cuarto transformacion presidentas claudia monica transformar tamaulipas viva tamaulipas viva mexico
Facebook|https://www.facebook.com/monicavtampico/posts/pfbid02SC8pbGBsWyJUhyzSnNz9DKQmjSiS9ygCbiUohL6RXiNWoRn3qP1jd9KsnrY1aXsCl,Facebook,7,54,querer felicitar presidenta claudia sheinbaum pardo presentar rendicion pueblo mexicano ano triunfo enhorabuena presidenta tampico respalda seguir transformacion felicidades presidenta claudia valiente chingona excelente presidenta alcaldesa tomar foto querido presidenta monica villarreal sentir orgulloso llegar alguien entender defender muchisimo gracia obra saludo excelente representar proyecto nacion hermosaaaaa gusto asistir victoria rendicion claudia sheinbaum pardo
Twitter|https://x.com/55Arguelles/status/2061131330402787430,Twitter,2,11,feliz presenciar ano triunfo presidenta ano compromiso bienestar mexicano hora presidenta
Twitter|https://x.com/55Arguelles/status/2061131119739707892,Twitter,2,18,ano triunfo presidenta republica transformacion seguir avanzar resultado bienestar familia mano gobierno mexico gobernador seguir construir oportunidad viva
Twitter|https://x.com/TampicoGob/status/2061134316281671718,Twitter,1,20,salud unir derecho mayo vivir semana nacional salud publica actividad deportivo recreativa cultural prevencion promover bienestar convivencia participacion familia tampiquena
Twitter|https://x.com/VoxPopuliNoti/status/2061289669350801499,Twitter,1,22,monica villarreal respaldar transformacion nacional reafirmar destacar avance tamaulipas ciudad victoria monica villarreal afirmar tampico avanzar bienestar cuidado finanza sano tampico tamaulipas
YouTube|https://www.youtube.com/watch?v=1JRRdJv7X9c,YouTube,3,41,venga salui venir cosos grande sero hara presencia gobierno partido pan pri moren ganar deber pueblo deber obedecer pueblo gustar gustar resultado marcha favor pan pri espalda pueblo pueblo espalda resultado traicionas pueblo facil sencillo cosa pagar caro urna facil facil
Facebook|https://www.facebook.com/reel/1890425664884944/,Facebook,2,17,liberacion alevin lobina negro laguna escondida accion fortalecer ecosistema contribuir cuidado sistema lagunario presidenta campo comunidad dlb
Facebook|https://www.facebook.com/TampicoGob/posts/pfbid0sDyaVzB2Xsq4JygcGZM4n755mFqFMhxZCNrX3Xve7oynSpy3cLXz1jJGaDX3j7ssl,Facebook,5,36,dia marina reconocer agradecer mujer hombre diario fortalecer vocacion maritimo portuario esfuerzo impulsar desarrollo region mantener vivo tradicion formar identidad gracias entrega compromiso felicidad marinos felicidades marina mexico heroe respeto felicidad marinos bendigar feliz dia marino
Facebook|https://www.facebook.com/reel/1374548117847908/,Facebook,2,64,espacio publico condicion fundamental bienestar seguridad familia tampiquenas cabo limpieza integral bordo proteccion conectar colonia morelos cascajal nacional accion barrido chapoleo retiro maleza permitir mejorar imagen funcionalidad area presidenta municipal monica villarreal anaya continuar atencion espacio formar vida diario mil ciudadano monica villarreal tampico gob ojala acer seguido bordo proteccion puntilla empezar limpiar dejar mitad terminar pasar seguido fumigar zancudo reproducir rapido lento fumigar
Facebook|https://www.facebook.com/servpublicostampico/posts/pfbid02VGoYrpwAL6bYpBhpaJZcqQXxTjrx997CGis7noJ84HmKGoBFf1VAfBveCeeQg1k4l,Facebook,1,40,presidenta municipal monica villarreal anaya mantener atencion constante espacio formar vida economico social tampico mercado norte cabo limpieza pasillo interior exterior inmueble favorecer condicion adecuado actividad comercial convivencia diario espacio limpio contribuir experiencia vivir visitar ciudad monica villarreal tampico gob
Facebook|https://www.facebook.com/reel/1908751463161507/,Facebook,3,44,marco dia marina nacional lxxxiv aniversario honor acompanar solemne acto conmemorativo rendir homenaje mujer hombre mar servir valentia compromiso pais reconocimiento agradecimiento secretaria marina invitacion labor dia favor seguridad soberania bienestar mexico felicidades papa naval jesus herlindo gonzalez olivo dia marina felicidad grandeza mexico
Facebook|https://www.facebook.com/monicavtampico/posts/pfbid0xXjKF71vgNa8CAmHthp4PufZqToku6HQsDBZyiGg9hRBEbNJgCYVw7CTkAjW5qqWl,Facebook,2,50,marco lxxxiv aniversario dia marina nacional honor acompanar significativo acto rendir homenaje mujer hombre mar valentia disciplina compromiso contribuir defensa soberania fortalecimiento pais reconocimiento agradecimiento secretaria marina invaluable labor favor seguridad paz bienestar mexicano tampico colaboracion fundamental ciudad indicador seguridad pais seguir unido construir tampico seguro prospero oportunidad ala marina
Facebook|https://www.facebook.com/reel/967355862779576/,Facebook,1,36,junio iniciar oficialmente temporada huracanes atlantico herramienta cualquiera fenomeno meteorologico prevencion mantente informado unicamente medio oficial seguir recomendacion autoridad informatir oportunamente ten lista mochila emergencia caso emergencia llamar tampico cuida proteccion civil proteccionciviltampico tampicotecuida tampicosomostodos bomberostampico
Twitter|https://x.com/RevistaDebateMX/status/2061489834284249219,Twitter,1,11,monica villarreal destacar avance tampico respaldar transformacion nacional tampico revistadebate nota
Facebook|https://www.facebook.com/servpublicostampico/posts/pfbid0pMRvHgZcvwKnGnZ8zrAbQTfJqq9k9RpMx21VJpnjWmUYEGM8nDbensCfJ1tQPCFCl,Facebook,1,56,objeto retirado representar espacio recuperado convivencia salud seguridad familia tampiquenas presidenta municipal monica villarreal anaya mantener atencion permanente accion contribuir ciudad limpio ordenado jornada numero descacharrizacion lunes junio zona centro etapa recolectar tonelada basura especial gracias coordinado participacion ciudadano accion preventivo reflejar calle limpio espacio aprovechado monica villarreal tampico gob direccion salud tampico promociondelasaludtampico distritodesaludparaelbienestariitampico sincriaderosmexicoprotegesusaludyelmundial
Facebook|https://www.facebook.com/ProteccionCivilTampico/posts/pfbid036SX9W47sVFuxETUvbjNW1DemVVgQcP79FByMBwnPQwYJvK1ooHpRgMr2ifH6MtBrl,Facebook,2,53,dia marina nacional reconocer orgullo labor incansable salvaguardir mar costa entrega disciplina vocacion gracias inquebrantable compromiso mexico tampico cuida proteccion civil proteccionciviltampico tampicotecuida tampicosomostodos bomberostampico marinanscionaldemexico dia marina mercante mexicana secretario marina perder brujula nombrar vapor buque armada vapor mercante bandera tripulacion mexicana zarpo veracruz ano petrolero hundido guerra mundial tripular marinos mercantes
Facebook|https://www.facebook.com/TampicoGob/posts/pfbid02BgnGu9MFCSi2jt93yTCEnCdsCM9KNgZRvahvvcsQkmLsux35rLADLvLehzZWT4xnl,Facebook,1,36,ponerte corriente mes junio aprovechar descuento multa recargo impuesto predial ano pago lunes viernes hora palacio municipal delegacion zona norte linea hora pagina web cumplir predial contribuir desarrollo tampico mejora servicio aprovechar beneficio junio tampicotecuida tampicovacontodo
Facebook|https://www.facebook.com/monicavtampico/posts/pfbid02RVws9v5uiS2prvV7bFe6Gr3CDD6bMQBc21hKtxFc25wGdc1BNqmKQ2JVjEgbEGtJl,Facebook,4,56,sostener reunion representante dgetaycm avanzar organizacion seminario nacional investigacion importante espacio promover conocimiento innovacion desarrollo academico joven agradecer participacion samanta montiel enlace dgetaycm tamaulipas director cbta luis armando mar castillo victor hugo aleman responsable area planeacion dgetaycm seguir sumar esfuerzo fortalecer educacion investigacion oportunidad crecimiento generacion tampicovacontodo tampicotecuida excelente lic agradecer esfuerzo proyecto excelente alcaldesa todoo
Facebook|https://www.facebook.com/secretariadeculturatampico/posts/pfbid0EEypqPRaRiasWH53QE2DZG3TY4yLgCXUdZouMdc8arCLUJ9Bj6ieNvAdc5byA54Sl,Facebook,1,94,cartelera cultural junio semana agenda cultural ciudad ofrecer espacio dialogo reflexion encuentro artistico distinto expresion cultural bibliotecas municipales presentar actividad especial literario roberto gonzalez elizalde inicio ciclo visiones mongolia cine arte acompanado diverso actividad formativo recreativa casa cultura sede homenaje bahamas fortalecer intercambio cultural artistico continuar exhibicion coleccion orgullo cultural tamaulipas integrado muneca muneco representativo identidad tamaulipeco asimismo convivencia musica presente tardeada con banda municipal plaza libertad danza canal cortadura con banda municipal plaza armas bailes populares plaza hijas tampico consolidar espacio publico encuentro familia tampiquenas consulta detalle actividad banner informativo secretariadecultura tampicovacontodo arteycultura
Twitter|https://x.com/soy24siete/status/2061576804901474433,Twitter,2,33,buscar lanzar recorrido turistico rio panuco verano alcaldesa anunciar proyecto ruta nautico impulsar turismo sur tamaulipas ofrecer experiencia visitante familia laredo fiesta presentar cartelera aniversario ciudad incluir concierto actividad cultural deportivo gastronomico detalle
Twitter|https://x.com/20TVvh/status/2061910044199801192,Twitter,2,16,enterate continuar exito programa lunes ciudadano vallehermoso enterate anuncia damaso anaya apertura prepa uat tampico tamaulipas
Twitter|https://x.com/RevistaDebateMX/status/2061646153402269960,Twitter,1,11,tamul centenario superar servicio fortalecer apoyo familia tampiquena tampico revistadebate nota
Twitter|https://x.com/VoxPopuliNoti/status/2061649400204579029,Twitter,1,19,brindar tamul centenario servicio atencion familia tampiquenas municipio registrar mil servicio brindado espacio dedicado proteccion capacitacion comunitario tamaulipas tampico
Twitter|https://x.com/Ultimate_Lance/status/2061910582714884328,Twitter,2,9,gangster name colour shirt last thing drank black tampico
Facebook|https://www.facebook.com/reel/1005204932342049/,Facebook,4,42,tarde esperar unidad deportiva puertas coloradas dialogos medio camino compartirar avance escuchar propuesta seguir construir tampico dialogo medio camino disfrut mundial social intercolonias jaibo morelos judas tancol aguila golfo pescadores juniors dialogar apoyar talento deportivo excelente parar enhorabuena super udpc excelente ambiente
Facebook|https://www.facebook.com/secretariadeobraspublicastampico/posts/pfbid0P45nvdwjMdAdzvF1dzQXMZdkbo86ZGQBwRWCyDKwBoi9MQmrm2mBnkxCqdswzT3El,Facebook,7,84,seguir calle indicacion presidenta monica villarreal personal secretaria obras publicas avanzar mantenimiento vial diverso zona transformar vialidad traslado rapido seguro cabo bacheo carpeta asfaltico calle abril calle laguna champayan rio tamesi col tancol tampicovacontodo tampicotecuida presidenta pedir favor col arenal gracia limpieza coche chatarra verguenza andar parchar calle ciudad grande dejenlo poblado calle melchor ocampo cuadra adolfo lopez mateos faltar cuadra col paz tampico favor intransitabl favor presidentar monaco privada panama infonavit elias pina elias unico sector pavimentar agradecer atender peticion gracia justo lluvia
Twitter|https://x.com/88hh8888/status/2061914174263841071,Twitter,1,33,pisar alcantarilla cualquiera mundo tampico madero tamaulipas cdmx mexico mujer caer alcantarilla rio janeiro brasil pisar tapa mal colocado ceder cerrar golpeandolar cabeza repartidor moto pasar detener auxilio rapidamente ayuda vecino sufrir herida
Twitter|https://x.com/258JCR/status/2061960783752319259,Twitter,4,120,patria demandar personal hyundaigate quitar credibilidad presidente equipo explicacion obvio falta inteligencia manejar crisis convertir americano llamar pato renguir ano medio gobierno oposicion considerable partido practicamente imposible quedar solucion solucion sendic aplaudir entender cometer falta etica enorme eventualmente ingresar directamente delictivo condicion normal renuncia esperable condicion normal renuncia presidente traer asuncion mando vicepresidente benevolo presidente manirrota juzgar antecedente hundir pais esfuerzo oddone entrar solucion requerir aporte sistema politico ciudadano solucion oposicion blindir monoliticamente presidente mpp supuesto cambio presidente movido agresivo entorno despedir prosecretario presidencia final nombrar ferrero fiscal corte final aceptar nombramientos trib uruguay oficialismo oposicion querer milimetro pais pcu satelite permitir dinamitar torre ejecutivo oposicion preferir seguir comoda sillon criticar oposicion perder oportunidad cobarde tampico libre pecado tirar puedra
Facebook|https://www.facebook.com/monicavtampico/posts/pfbid0ncC8RovYLFCa1SKf8mpHCXGpHCX9ZTFuZi33Qes8NrPuZJ7c6akvXWxdXj42Cy6Ll,Facebook,4,83,gusto entregar reconocimiento guia certificado exposicion ana frank notas esperanza compromiso sensibilidad responsabilidad acompanar visitante importante recorrido reflexion aprendizaje mes diciembre mayo exposicion gratuito tocar vida tampiquena tampiqueno visitante generar valioso conversacion recuerdo reflexion memoria tolerancia derechos humanos agradecimiento dedicacion fundamental esfuerzo conjunto museo memoria tolerancia fundacion fleishman labor visitante vivir experiencia significativo enriquecedoro seguir impulsar iniciativa acercar cultura educacion comunidad felicidad gracia dejar huella tampico exposicion felicidad involucrado importante labor reflexion profundo conmovedor excelente iniciativa galeria felicidad presidenta monica villarreal apoyar cultural
Facebook|https://www.facebook.com/ProteccionCivilTampico/posts/pfbid0QQpjvm7EiJ9UwBigCNWUdqF4eD4w4tatPKAsAgiMoKL6wjBAZiTynCm4paxYbwZWl,Facebook,3,81,recorrido refugios temporales provisionales tampico dia seguir indicacion monica villarreal anaya presidenta municipal tampico recorrido refugios temporales provisionales tampico temporada lluvia tormenta huracan zona recorrido visitar habilitar funcion refugio requerir ciudad deportiva auditorio municipal casa cultura centro bienestar col vicente guerrero sector moscu guiado jose antonio marin flores director proteccion civil tampico contar colaboracion marina sedena enlace control tampico zona secretaria obras publicas bomberos cuida proteccion civil proteccionciviltampico tampicotecuida tampicosomostodos bomberostampico excelente preparado ojala requerir excelente sigar indicacion correr riesgo cuidar
Facebook|https://www.facebook.com/reel/840705392447814/,Facebook,8,84,escuchar gente significar convertir necesidad accion transformar vida gracias compromiso gobierno municipal encabezar presidenta monica villarreal invaluable respaldo gobernador americo villarreal coordinado direccion deportes tampico realidad rehabilitacion campo sintetico puertas coloradas obra representar recuperacion espacio deportivo reflejo gobierno sensible cercano ciudadania comprometido bienestar familia juventud fortalecimiento tejido social deporte sentido convertir virtud servicio dema amlo excelente deporte tampiqueno excelente presidenta cumplir felicidadser equipo excelente accion deportista arreglar calle costado alberca puerta colorada pesimo socavon alcantarilla abierto bravo grande cambio beneficio comunidad felicidade vecino salinas
Twitter|https://x.com/MonicaVTampico/status/2061899672910696725,Twitter,1,17,tarde esperar unidad deportiva puertas coloradas dialogos medio camino disfrutar mundial social intercolonias dialogar apoyar talento deportivo
Twitter|https://x.com/TampicoGob/status/2061900658588946489,Twitter,1,22,seguir mejorar vialidad personal secretaria obras publicas bacheo carpeta asfaltico calle abril laguna champayan rio tamesi colonia tancol mejorar movilidad seguridad vial
Twitter|https://x.com/IfdpTamps/status/2061910397368647862,Twitter,2,49,asesora juridico especializado materia laboral elvira ortiz lopez participar estacion radio tampico compartir informacion derecho digno derecho laboral servicio gratuito asesoria juridico brindar ifdp seguir acercar justicia necesitar marco caravana itinerante justicia social persona defensora publico aurora arriaga alvarez francisco kuri godinez brindar asesoria juridico habitante ejido gloria matamoros
Twitter|https://x.com/SPAT_AC/status/2061911655844302886,Twitter,1,19,canelita kami hogar llegar condicion dificil comenzar vida lleno amor agradecimiento hospital san luis final feliz petco tampico primeroadopta
Twitter|https://x.com/TamaulipasHabla/status/2061911944328589457,Twitter,2,35,cdvictoria concretar alianza deportivo abrir oportunidad joven futbolista tamaulipeco buscar llegar maximo nivel info tampico matamoros reynosa tamaulipas cdvictoria reportaje vincular gobernador presunto investigacion eeuu salir rechazar acusacion info tampico cdmadero altamira matamoros reynosa tamaulipas
Twitter|https://x.com/MuroPoliticoMX/status/2061912266409156715,Twitter,1,23,tamaulipas rector uat damaso anaya alvarado presidir firma convenio concretar colaboracion oficial deportivo club correcaminos necaxa nota cdvictoria tampico cdmadero altamira matamoros reynosa
Twitter|https://x.com/MilenioTam/status/2061913242704757032,Twitter,1,4,visitantes llegar pais tampico
Twitter|https://x.com/JuanPizanaMtz/status/2061916314118025400,Twitter,1,17,economia argentino gravemente danado gobierno milei atravesar critico caso corrupcion ventilado argentina milei politica juntospodemos tampico tamaulipas
Twitter|https://x.com/VoxPopuliNoti/status/2061916326822551984,Twitter,1,22,estudiantes maestro atacar enjambre abeja altamira tamaulipas proteccion civil movilizar controlar riesgo proteger afectado reynosa tamaulipas matamoros nuevolaredo cdvictoria tampico madero altamira
Twitter|https://x.com/49erCarlos/status/2061918405863862282,Twitter,2,18,tamale lady palatero man elote man real competition summer oreo waffles cheeto wings mean gonna start making tampico
Twitter|https://x.com/TDNoticiasmx/status/2061916514551546251,Twitter,2,42,juan vincular proceso accidente perder vida ezequiel tampico juez determinar existir indicio suficiente homicidio lesion caso avanzar etapa proceso penal erik huerta vehiculo pontiac incendiar colonia infonavit canada tampico bomberos controlar fuego registrar lesionado autoridades investigar falla electrico originar siniestro erik huerta
Twitter|https://x.com/belenicee/status/2061917646069678335,Twitter,3,8,necesitar tampico confirmo ocasion tocar ceder obtener cosita
Twitter|https://x.com/RadioUAT/status/2061919420079812827,Twitter,1,19,vivir tarde avanzar ritmo martes diatres semana disfrutar agradable locucion lorena zapata cdvictoria tampico nld reynosa matamoros madero tamaulipas
Twitter|https://x.com/EjeConurbado/status/2061922015741681939,Twitter,2,38,andy lopez beltran compartir foto amlo rumbo candidatura diputado federal tabasco tamaulipas tampico cdvictoria iniciar carrera electoral retiro padre tamaulipas justificar ausencia gobernador americo villarreal mesa paz afirmar cumplir gira municipio senalamiento angeles times tampico cdvictoria informacion completo
Twitter|https://x.com/ReporteraDaisy/status/2061923563464994896,Twitter,1,19,elpuntoes dif tamaulipas humanismo dejar proyecto volver realidad opinion edelmira cerecedo tamaulipas cdvictoria tampico madero altamira nuevolaredo matamoros reynosa
Twitter|https://x.com/RevistaDebateMX/status/2061926300432888172,Twitter,1,13,comapa sur avanzar reposicion pavimento mejorar vialidad tampico madero tampico ciudadmadero revistadebate nota
Twitter|https://x.com/entrnethearthrb/status/2061926538115793040,Twitter,2,8,ion trust nobody keep tampico juice fridge back
Twitter|https://x.com/rhernandezdavid/status/2061926898347778509,Twitter,2,38,noviembre cabo reunion regional academias educacion media superior region tampico convocado secretaria educacion tamaulipas subsecretaria educacion media superior superior ceppems experiencia academico tecnologico investigacion xxviii concurso nacional prototipos proyectos emprendimineto etapa estatal asesor categoria alumno modalidad didactico marzo
Twitter|https://x.com/lacapital2006/status/2061937376373444636,Twitter,1,23,anunciar damaso anaya apertura prepa uat tampico damasoanaya prepauat educacionmediasuperior tamaulipas ciudadvictoria nuevolaredo reynosa riobravo monterrey slp matamoros elmante altamira ciudadmadero tampico cdmx
Twitter|https://x.com/DocUbaldo/status/2061938646945583544,Twitter,1,12,comprobar mantener ambiente humedo adecuado herida acelerar proceso epitelizacion favorecer recuperacion tampico
Twitter|https://x.com/LiizieT/status/2061939337931968977,Twitter,1,19,imaginatar llegar especialista clima venta instalacion reparacion mantenimiento instalaciones electrico descacharrizacion limpieza chatarra aceptar transferencia facturar tampico madero altamira
Twitter|https://x.com/lacapital2006/status/2061939842447978989,Twitter,1,22,inversion historico fortalecer seguridad hidrico tamaulipas inversionhistorica seguridadhidrica distritosderiego tamaulipas ciudadvictoria nuevolaredo reynosa riobravo monterrey slp matamoros mante altamira madero tampico cdmx
Twitter|https://x.com/VoxPopuliNoti/status/2061940068223263215,Twitter,1,16,negocios afiliado arcim cerrar cambio consumo tampico tamaulipas comercios local lidiar dificultad comprador arcim tampico tamaulipas
Twitter|https://x.com/DocUbaldo/status/2061940683988996190,Twitter,1,4,tsrd gracias invitacion tampico
Twitter|https://x.com/RadioUAT/status/2061941687602098293,Twitter,1,13,traer informacion final inicio finales cdvictoria nld reynosa matamoros tampico madero tamaulipas solobasketxradiouat
Twitter|https://x.com/lacapital2006/status/2061941856213049418,Twitter,1,25,cnte cerrar mesa tripartito gobierno federal cnte mesadenegociacion negociacionlaboral maestros tampico cdvictoria pachuca monterrey slp toluca coahuila puebla tamaulipas sinaloa queretaro tijuana guadalajara cdmx mexico
Twitter|https://x.com/8EightPillars/status/2061942784727171206,Twitter,2,18,ima start selling tampico fried chicken gotta make tampico hennessy sauce notice everybody eating koolaid pineappl got look
Twitter|https://x.com/Reporteroszona/status/2061942890901753874,Twitter,1,21,accion encaminado mejorar infraestructura urbano zona conurbado comapa sur continuar reposicion pavimento diverso sector tampico ciudad madero concluir labor mantenimiento rehabilitacion
Twitter|https://x.com/Reporteroszona/status/2061943487717638210,Twitter,1,20,proponer diputado pepe schekaiban viveros didacticos tamaulipas propuesta sumar bancadas preservacion entorno ambiental fortalecimiento cultura ciudadano objetivo alcanzado municipio tampico
Twitter|https://x.com/laexpresionmx/status/2061946001993134559,Twitter,1,9,anunciar damaso anaya apertura prepa uat tampico tamaulipas cdvictoria
Twitter|https://x.com/MuroPoliticoMX/status/2061950535129821406,Twitter,1,15,tamaulipas dif tamaulipas banderazo inicio boteo teleton nota cdvictoria tampico cdmadero altamira matamoros reynosa nuevolaredo
Twitter|https://x.com/MuroPoliticoMX/status/2061950931617366060,Twitter,1,21,tamaulipas alcaldesa carmen lilia canturosas concretar logro financiero importante historia nuevolaredo cerrar deuda publico nota cdvictoria tampico cdmadero altamira matamoros reynosa
Twitter|https://x.com/MilenioTam/status/2061950991378075971,Twitter,1,5,javier ibarreche cafe chairel tampico
Twitter|https://x.com/MuroPoliticoMX/status/2061951249776304637,Twitter,1,20,tamaulipas cese lluvia ayuntamiento victoria reactivar programa bacheo reparar pavimento danado humedad nota cdvictoria tampico cdmadero altamira matamoros reynosa nuevolaredo
YouTube|https://www.youtube.com/watch?v=1r3RNp3dN0s,YouTube,1,4,caso corrupcion drogan pavada
Twitter|https://x.com/gznah8/status/2061951432752759180,Twitter,2,42,inaudito trato estacionamiento ciudad tampico cerrado oficina cajero detectar boleto gente podia salir pluma abriar persona alli esperansi secuentrada inoperancia hola agradecer hagas llegar retroalimentacion red social podriar indicar detalle sucedido via inbox fecha hora area aeropuerto presentar situacion detalle consideres importante
Twitter|https://x.com/MuroPoliticoMX/status/2061951643621392840,Twitter,1,20,tamaulipas restauranteros cdvictoria prever repunte ingreso afinar estrategia capitalizar fiebre deportivo mundial nota cdvictoria tampico cdmadero altamira matamoros reynosa nuevolaredo
Twitter|https://x.com/MuroPoliticoMX/status/2061951902011597028,Twitter,1,18,tamaulipas autoridad municipal sostener cifra oficial continuar mostrar incidencia delictivo nota cdvictoria tampico cdmadero altamira matamoros reynosa nuevolaredo
Twitter|https://x.com/MuroPoliticoMX/status/2061952238679920998,Twitter,1,22,tamaulipas hora vencer plazo reforma electoral morena aprobar mayoria anular triunfo electoral acreditir intervencion extranjero nota cdvictoria tampico cdmadero altamira matamoros reynosa
Twitter|https://x.com/elsolde_tampico/status/2061953508690288961,Twitter,1,13,invitar habitante tampico numero atencion solicitar intervencion bomberos detectir animal silvestr requeir auxilio
Twitter|https://x.com/DocUbaldo/status/2061954918844379240,Twitter,1,12,verano disfrutar ligero acidez hidratate evitar exceso cuidar bienestar digestivo dia tampico
Twitter|https://x.com/NoresteDigital/status/2061958457247305738,Twitter,1,19,alerta funcionario sincero ciudadvictoria nuevolaredo reynosa cdvictoria victoria tampico madero cdmx monterrey nuevoleon felizmartesparatodos saltillo coahuila tamaulipas karlheinzbecker desarrollourbano
Twitter|https://x.com/ReidEnright/status/2061959324293816793,Twitter,1,35,get give new radicals dreams beck magic carpet ride steppenwolf long cool woman hollies panama halen fight power isley brothers misty mountain hop led zeppelin tampico trauma jimmy buffett nostalgia ages ages wave carlos jobim
Twitter|https://x.com/MuroPoliticoMX/status/2061959640921891059,Twitter,1,21,tamaulipas mes renovar dirigencia estatal pan enfrentar contienda interno lejos profundizar division fortalecer unidad partidista nota cdvictoria tampico altamira matamoros reynosa
Twitter|https://x.com/MuroPoliticoMX/status/2061959973907644416,Twitter,2,39,tamaulipas congreso local incorporar codigo penal delito acecho conocido stalking nota cdvictoria tampico cdmadero altamira matamoros reynosa nuevolaredo tamaulipas bancada morena representante partido congreso local salir defensa gobernador americo villarreal anaya nota cdvictoria tampico cdmadero altamira matamoros reynosa nuevolaredo
Twitter|https://x.com/MuroPoliticoMX/status/2061960296474845683,Twitter,1,21,tamaulipas pri pan calificar accion irresponsable control favor morena anular eleccion perder urna nota cdvictoria tampico cdmadero altamira matamoros reynosa nuevolaredo
Twitter|https://x.com/corneador9225/status/2061960471163412893,Twitter,2,6,tampico seguir mty single orden amigo
Twitter|https://x.com/rubenrivera/status/2062327698395938835,Twitter,1,15,investigacion gobierno narco gobernador relacionado red huachicol desmentir informacion esperar proteccion fuego llegar tampico involucrar
Twitter|https://x.com/rubenrivera/status/2062332609493946534,Twitter,1,8,amenaza ciudadvictoria rey huachicol amenazar cercano iniciar tampico
Twitter|https://x.com/RevistaDebateMX/status/2062358314759913693,Twitter,1,9,tampico reducir deuda fortalecer finanza publico tampico revistadebate nota
Twitter|https://x.com/VoxPopuliNoti/status/2062367089365545220,Twitter,1,21,monica villarreal fortalecer finanza tampico reducir deuda publico heredado orden administrativo ayuntamiento generar ahorro historico mejorar calificacion crediticio municipio tampico tamaulipas
Twitter|https://x.com/MonicaVTampico/status/2062369743227523201,Twitter,1,13,reitero apoyo confianza gobernador americo villarreal anaya hombre resultado profundo compromiso familia tamaulipeca
Facebook|https://www.facebook.com/monicavtampico/posts/pfbid02BVeQmb894WEktPYfBVLcPhc4bk7SMkewjUDaCA9vfrQbR2u3sRC5MuRRzFfGLwirl,Facebook,5,112,sostener importante reunion seguimiento continuar impulsar proyecto atraccion vuelo charter canada zona sur tamaulipas iniciativa representar oportunidad fortalecer desarrollo turistico economico autoridad estatal presidente municipal ciudad madero erasmo gonzalez robledo armando martinez manriquez presidente altamira mtro alfonso noriega sanchez administrador aeropuerto internacional tampico equipo directora turismo desarrollo economico empresario sector hotelero revisar avance alcanzado definir accion consolidar proyecto estrategico region equipo seguir promover fortaleza tampico zona conurbado destino atractivo turismo internacional generar derrama economico oportunidad prestador servicio comercio familia felicidades monica presidenta atraer turismo internacional tarea municipio valioso zona conurbado direccion tampico mundo presidenta seguir transformacion gestion presidenta monica villarreal turismo internacional zona sur equipo madero altamira resultado sigar tampico ojo mundo
Facebook|https://www.facebook.com/reel/1012665481222762/,Facebook,3,45,gracias respaldo gobierno encabezado americo villarreal anaya tampico seguir avanzar rehabilitacion cancha deportivo fortalezar bienestar convivencia familia tampiquenas accion reflejar prioridad representar municipio impulso deporte recuperacion espacio digno fomento actividad beneficiir directamente nina nino joven familia entero tampicotecuida excelente bendiga cancha super bonito colorida felicidad
Facebook|https://www.facebook.com/monicavtampico/posts/pfbid02AewN3CWf1N6abM9V3chTKTZd9MdJgWaFdJK3159f5KDyHY58paRuZ2v5PbeQcCWNl,Facebook,6,70,importante cuidado sistema lagunario liberacion lobina reproductora juvenil alevin lobina sumar lobina liberado laguna chairel laguna escondida accion gracias compromiso gobierno municipal direccion ecologia alumno universidad tecnologica mar tamaulipas bicentenario utmar mes participar proceso reproduccion conservacion especie contribuir fortalecimiento ecosistema repoblamiento laguna seguir impulsar accion permitir conservar recurso natural fortalecer pesca deportivo promover turismo construir tampico sustentable futuro generacion tampicovacontodo tampicotecuida labor presidenta saludo accion lic monica increible proyecto equipo
Facebook|https://www.facebook.com/reel/2506695246451890/,Facebook,4,56,presentar logro liberar lobina accion fortalecer turismo deportivo impulsar laguna sustentabl reafirmar compromiso preservacion especie cuidado recurso natural importante esfuerzo gracias conjunto universidad tecnologica mar tamaulipas bicentenario chairel pescador persona sumar iniciativa favor entorno bienestar comun firme respaldo gobernador americo villarreal anaya continuar impulsar accion generar bienestar tamaulipas excelente sembrar vida excelente saludo presidenta gobierno responsable
Twitter|https://x.com/MonicaVTampico/status/2062539464396636340,Twitter,1,17,reunion seguimiento impulsar vuelo charter canada sur tamaulipas alcalde autoridad empresario avanzar proyecto fortalecer turismo economia regional
Facebook|https://www.facebook.com/reel/1025001503593283/,Facebook,5,60,gracias grupo eichel encabezado jorge eichelmann muela importante donacion especie pesos destinado centro desarrollo comunitario morelos dif tampico accion reflejar importancia sumar voluntad sociedad iniciativa privado gobierno unido bienestar familia tampiquena fortalecer espacio generar desarrollo apoyo comunitario existir logro individual grande resultado construir colectivo querido jorge corazon grande felicidad jorge humano saludo apreciable familia gobierno reconocer felicidad jorge labor apoyar
Facebook|https://www.facebook.com/monicavtampico/posts/pfbid0XKjm7sVoK7wSRB6aGvnrBU3rY6y2VYjrAhmA7k7oB8YJCZuFZvkTCJqPG8Ux6gFXl,Facebook,2,57,centro desarrollo comunitario morelos dif tampico recibimos grupo eichel donacion equipo computo asimismo andrea vela aragon grupo velas entrega equipo regidora susana pineda donar equipo adicional grupo eichel aliado administracion sumar pesos donacion especie destinado dif tampico contribuir fortalecimiento espacio beneficiar directamente comunidad agradecer profundamente contar aliado amigo creer tampico desarrollo gente enhorabuena jorge eichel equipo tampicotecuida
YouTube|https://www.youtube.com/watch?v=ER9usPQrX5g,YouTube,4,16,jajaja historia condenado medicina gratis puta cuba mandir agentear encubierto mano atender ciudadano hablar carir momia
Facebook|https://www.facebook.com/TampicoGob/posts/pfbid02nHdUoFUbdgUBnZyaq7tVe98Z5ES9nr2CEEHeyUpQHmE7zXEbf2fbN6FtSNrZACNol,Facebook,2,70,sesion ordinario cabildo numero tomar decision importante desarrollo bienestar tampico aprobacion otorgamiento medalla tampico merito ecologico reconocer ciudadana ciudadano comprometido cuidado medio ambiente autorizacion mantenimiento impermeabilizacion instalacion espacio cultural metropolitano objetivo preservar importante recinto cultura art aprobacion solicitar congreso revocacion decreto autorizar donacion predio municipal instituto fondo nacional vivienda trabajadores infonavit seguir responsabilidad compromiso impulsar accion fortalecer patrimonio cultura desarrollo ordenado ciudad tampicovacontodo tampicotecuida mujer trabajador humanista atencion presidenta monica
Facebook|https://www.facebook.com/direccioneducaciontampico/posts/pfbid023uxybeZVSjKB34mv3439ebhmzB6oksKhTsTifEKLxMVC2gXf4DzvJbhxjp6ZFf8Hl,Facebook,1,61,ayuntamiento tampico direccion educacion reconocer orgullo destacado participacion alumno maestro asesor directivo padre familia jornada marcado elocuencia talento emotividad miercoles junio horas emblematico sala cabildo vestir gala albergar ceremonia premiacion certamen declamacion oratoria infantil talento dedicacion pasion expresion oral inspiracion comunidad demostrar ninez tampiqueno voz fuerte creativo lleno gracias compartir esfuerzo entusiasmo importante evento marco fiestas abril felicidades participante participacion logro
Facebook|https://www.facebook.com/servpublicostampico/posts/pfbid0nUfKNBF6ft5dyZw6qNyJaMYynXme8vVtN73ACYJKPpHiE7321ofxxHG14xpJS2PKl,Facebook,1,41,presidenta municipal monica villarreal anaya continuar fortalecer accion atencion sector ciudad manana iniciar actividad continuidad mantenimiento bordo proteccion labor contribuir conservacion importante espacio favorecer entorno ordenado habitar diario campo permitir atender constante area fundamental bienestar comunidad tampicovacontodo monica villarreal tampico gob
Facebook|https://www.facebook.com/servpublicostampico/posts/pfbid02ReuU2R6EZVmeLhAP9UZg2fQQ3NH4JGQsE4uoyxCn26zhCFaDvKcDGvYRDkkzT9Jkl,Facebook,3,48,laguna carpintero espacio representativo ciudad conservacion requerir atencion constante diariamente labor limpieza area mantener entorno agradable familia deportista visitante accion formar liderazgo monica villarreal anaya contribuir cuidado espacio publico natural tampico espacio limpio invitacion seguir disfrutar ciudad monica villarreal lucir hermoso requerir arbol sombra ornato arbol generar oxigeno
Facebook|https://www.facebook.com/reel/978098444865357/,Facebook,3,41,tarde reuni participante congreso gestion sector transformadora xiv reunion nacional jefes jefas sector educacion primaria visitar republica reconocer compromiso jefe sector espacio responsabilidad contribuir fortalecimiento educacion mexico liderazgo intercambio experiencia colaborativo gracias elegir tampico sede importante encuentro educacion transformacion excelente paty
Facebook|https://www.facebook.com/monicavtampico/posts/pfbid0P88P1FdJGHSSF1DicUeVZ9uLxDjh1C3UhH77UtWsiga1zyeBCQvrQxFv1btiQVknl,Facebook,3,66,gusto recibir tampico mujer hombre comprometido educacion pais tarde reuni participante congreso gestion sector transformadora xiv reunion nacional jefes jefas sector educacion primaria visitar republica alla academico reflexion formar importante encuentro llenar orgullo historia cultura calidez gente reconocer compromiso jefe sector espacio responsabilidad contribuir fortalecimiento educacion mexico liderazgo intercambio experiencia colaborativo gracias elegir tampico sede importante encuentro puerta abierto tampicovacontodo tampicotecuida bienvenido suave simpre gobierno genita
Facebook|https://www.facebook.com/servpublicostampico/posts/pfbid0PrwP4hUxBcbnuMbcMcpRQhQWhSqKWw7exj2v2XgKKm7eQC7TCLNNvGJwLRXh7wZ9l,Facebook,3,48,excelente grupo cuadrilla fuerte lograr grande resultado union presidenta municipal monica villarreal anaya mantener atencion constante espacio formar entorno cotidiano familia tampiquena cuidado cuadrilla seguir desarrollar labor mantenimiento pintura colonia morelos contribuir conservar condicion area comun espacio publico detalle construir ciudad monica villarreal tampico gob excelente monica gobernadora
YouTube|https://www.youtube.com/watch?v=znPjD0RNNgY,YouTube,2,13,recurso recaudado pueblo deuda adquirir ano ano futuro generacion pagar sacrificio viejo mentiros
Facebook|https://www.facebook.com/monicavtampico/posts/pfbid0JhA3GNjboutyirSKFxpMoYN8Dvi5hNDU9xByRCjwSL7Dg59ddBGm12Hrh54SGKxdl,Facebook,5,57,expo tampico resultados medio camino dialogos presidenta espacio creado compartir ciudadania avance resultado lograr mes distinto eje gobierno ejercicio cercano abierto oportunidad dialogar tampiqueno ocasion orientado sector salud accion impulsar beneficio ciudad escuchar peticion creer gobierno informar escucha mantener comunicacion directo gente tampicovacontodo tampicotecuida orgullosamente tampiqueno rojo amar tampico hermoso bendecir diosito persona corazon saludo grande resultado
Facebook|https://www.facebook.com/reel/1304839951802323/,Facebook,9,85,resultado programa sonrisas bienestar llenar alegria tampiquena tampiqueno recuperar salud bucal confianza calidad vida resultado medio camino dialogo presidenta escuchar mano testimonio tampiquena beneficiar programa transformar vida espacio permitir dialogar informar seguir construir accion ciudad necesitar tampicovacontodo tampicotecuida bonito video testimonio gratitud gracias programa saludos cordial dra tinoco contraten doctor titulado vil abuso esperar minimo compensacion alumno acercar salud poblacion programa sonrisas bienestar hablar gobierno cumplir derecho importante salud doctora tinoco gusto tinoco gustar ano saludo dra tinoco favorita dra tinoco saludos fuerte abrazo gustar
YouTube|https://www.youtube.com/watch?v=UPo6MgJQCEw,YouTube,45,226,recordar jalon pelo lady seguramente turbio zzzz tragar consejo invadir casa fea jajaja comer pagar renta sii vestimenta donde ganar dinero subir pagina contenido adulto aser sacar dinero asir clase contenido trabar red contenido exclusivo perjudique invado propiedad ajeno dinero patear alguien suelo weee pasar carinoso andir jodeir projimo dejar nombre favor seriesad erfansoltani puro gay reprimido puro gordo criticar dejen criticar vida dema pongansir estudiar falta ortografia seguro puro secundaria trunco comentar criticar mujer academicamente preferir facil llenar plataforma foto video cerebro vacio grande fraude historia mundial obra bernie madoff millon dolares fraude aml huachicol fiscal millon dolares ano justicia pasar gentuza invadir predio ajeno extranjero rayo horror inteligencia cosa sacar invasora felicidad duena lenio batres robar edificio vivir hijo juez ignorante ratero primo ocupar casa puerquesito obtener ingreso hermosa presentadoro invadir casa generar contenido genio tratar penar chica preferir camino facil honestidad dignidad transformacion invasora mujer vida galante internet progresar mujeres perfecto mujer hermosa gracias publicidad mmmmm empezo sacar teta miembro activo morena promocion gratuito comprar casa ojala vallar puteria facil invadir decente normal clase gente morena pedo aceptar diputada apellido navarro quedar espalda aplicar perfectamente ladyinvasora sitio tutorial invadir casa sencillo interesante varo famoso quesque contenido culpa mirar gente profesion chiste guapisima presentadora neta noticia importar gente chulisima pierdo noticia orale ladron mentalidad tiburon querer vivir dema pos onlyfans puro parasito querer esforzar
Twitter|https://x.com/RevistaDebateMX/status/2062729369907249589,Twitter,1,11,monica villarreal destacar avance salud bienestar comunidad medico tampico revistadebate nota
Twitter|https://x.com/VoxPopuliNoti/status/2062737033605333008,Twitter,1,18,comparte monica villarreal resultado avance administracion profesional salud alcaldesa presentar resultado clave bienestar salud comunidad medico tamaulipas tampico
Twitter|https://x.com/cdtamaulipas/status/2062746639639433489,Twitter,1,10,tampico puesto servicio salud desarrollo humano monica villarreal cronica digital
Twitter|https://x.com/Devesa_News/status/2062766014106898783,Twitter,2,32,seguir respetar reglamento transito vialidad conductor choca frente irresponsable motociclista juzgar hartas familia sur tamaulipas exasperadas seguidor enviar video agua salir sucio mal olor urge cambio comapa servicio pesimo tampico cdmadero altamira
Facebook|https://www.facebook.com/servpublicostampico/posts/pfbid036ZqnVz5n5oYUHYqLtHtABu9maZraT89qJT8Dr1cWC1yKHbP127t6zYbmCqSLoj1ml,Facebook,2,50,iniciativa temporada deber limpieza mes temporada lluvia avanzar canal pluvial cielo abierto colonia martock colonia trueba labor favorecer funcionamiento permitir libre material obstaculizar agua esfuerzo permanente presidenta municipal monica villarreal anaya continuar fortalecer accion orientado bienestar seguridad comunidad seguir atender espacio desempenar papel importante temporada lluvia monica villarreal tampico gob
Facebook|https://www.facebook.com/TampicoGob/posts/pfbid02LLiRBisLYEQhd7esa3M9XkJEWyEcbYYE2bjz2o1i3egc7rjeYjRmBearfw18RGBbl,Facebook,1,27,seguridad importante guarda compartir numero emergencia actuar rapido cualquiera situacion requerir emergencias bomberos transito ext zona norte subestacion roma zona norte subestacion germinal cualquiera emergencia dudser comunicarte
Facebook|https://www.facebook.com/TampicoGob/posts/pfbid02ox4ZpCubPAyjt26gXdSgCpBzrMgZYZymngh6qEgNv1yTrNZZFcDhRWvcEkFoKkBtl,Facebook,6,85,seguir fortalecer seguridad espacio publico reducir riesgo zona escurrimiento pluvial canal pluvial colonia paz instalacion perfil metalico robusto acero reforzado concreto hidraulico infraestructura disenado brindar proteccion contener obstaculo tamano contribuir prevencion accidente adecuado funcionamiento canal tampicovacontodo tampicotecuida accion beneficio ciudadania ano neta lograr objetivo detener coche alla donde please apoyar senalizacion gente horrible lastima perder coche arrastrar impactante familia dulce gonzalez gracias gobierno accion preventivo pro tam piqueno felicidades presidentar malo comentario tomar deber precaucion problema aque meter vallar manejar conciencia conductor pasar pasar culpa
Facebook|https://www.facebook.com/reel/1566804121835097/,Facebook,5,51,hablar resultado concreto gracias constante inicio administracion atender principal problematica salud publico municipio fecha cabo jornada descacharrizacion estrategia coordinacion secretaria salud distrito salud bienestar contribuir reduccion caso enfermedad transmitido mosquito tampicovacontodo tampicotecuida alcaldesa seguir principio presidente lincoln pueblo pueblo pueblo excelente labor alcaldesar atender problema excelente accion presidenta monico villareal tampico
Facebook|https://www.facebook.com/TampicoGob/videos/4331309033758048/,Facebook,5,17,entrega medalla merito ecologico merecido logro felicidad labor ecologia excelente labor felicidad felicidades edgardo jonathan honor amigo
Facebook|https://www.facebook.com/TampicoGob/videos/1505373671079361/,Facebook,1,21,entrega parque vehicular direccion eventos especiales direccion turismo secretaria general proteccion civil secretaria cultura secretaria obras publicas tesoreria agencia innovacion digital
Facebook|https://www.facebook.com/reel/2057828595155954/,Facebook,2,53,limpieza area verde colonia amanecer continuar avanzar permitir conservar espacio condicion presidenta municipal monica villarreal anaya mantener atencion constante accion favorecer entorno limpio ordenado agradable familia tampiquenas espacio atendido representar mejora disfrutar transitar diariamente tampico gob monica villarreal makito cortadora sear codo pobre gente puro azadon machete calor compra maquinaria limpien llerba rapido
Facebook|https://www.facebook.com/secretariadeculturatampico/posts/pfbid02JXmEsivpYE1F7kqtiqYV4sjWCEmd4EojZS7cUgfrcicPURtFDNyBdqccJHGhN47Kl,Facebook,1,50,semana invitar disfrutar arte reflexion convivencia distinto espacio ciudad bibliotecas municipales presentar documental tradicion laco distinto sed recibir jornada cultura paz promover convivencia participacion ciudadano musica danza continuar presente tradicional danza con banda municipal bailes populares espacio llenar vida tradicion espacio publico tampico consulta fecha horario banner secretariadecultura tampicovacontodo arteycultura
Facebook|https://www.facebook.com/servpublicostampico/posts/pfbid0FLerVRYzPAhJWywPVHeb1LaFNECpcVuVrnzwCde6yTGVv1yEZzGqDyg1TrWjRMDcl,Facebook,1,46,ciudad limpio construir dia atender necesidad comunidad reto surgar sector diariamente brindar atencion report ciudadano desarrollar recorrido programado recoleccion residuo via publico registrar acumulacion basura administracion monica villarreal anaya accion contribuir mantener espacio limpio ordenado digno familia tampiquenas calle atendido tampico querer monica villarreal tampico gob
Facebook|https://www.facebook.com/servpublicostampico/posts/pfbid02MqKQKCjWu6UzZ8R2k19ZKXRZag71TnZayFhrPEEvs1e9x5HvUAmwcti4T2Qk9GY4l,Facebook,1,50,prevencion comenzar casa fortalecer participacion viernes junio jornada integral limpieza combate dengue presente colonia cascajal accion descacharrizacion abatizacion fumigacion presidenta municipal monica villarreal anaya invitar familia accion favorecer entorno limpio saludable arranque calle sor juana cruz esquina salvador diaz miron seguir recorrer colonia tampico tampicovacontodo tampicotecuida monica villarreal tampico gob
Facebook|https://www.facebook.com/reel/2053098666090885/,Facebook,6,57,esperar jardin artes tarde vivir exposicion alas libertad experiencia buscar concientizar sensibilizar importancia preservacion ave variedad especie habitar zona conurbado contar observatorio conformado mayoria nina nino observador ave fomentar temprano edad cuidado medio ambiente educacion amor biodiversidad esperar tampicotecuida abrazo felicidad presidentar felicidades alcaldesar evento excelente iniciativa bonito exposicion fotografico ave deber libre humano exposicion alas libertad
Facebook|https://www.facebook.com/TampicoGob/videos/2437424476762395/,Facebook,10,50,xxii encuentro nacional deportivo cecyte end cecyte tamaulipas recibir delegacion brazo abierto zona sur tamaulipas sede evento end cecytes bienvenido end tamaulipas recibir brazo abierto benhur jonapa hernan nas bendiga salida entrada deportista chiapasbenhur emsad huixtepec presente evento guerrero compartir red encuentro deportivo basquet ball dema encuentro tamaulipas tampico gob
Facebook|https://www.facebook.com/monicavtampico/posts/pfbid02YHKpw3Q2Fzf8UhtVEw44RQZwxsVGZhAZFANgLcffyvymbNd1Mbt486dqBQUwBxwNl,Facebook,2,47,entregue medalla merito ecologico reconocimiento compromiso vision contribuir cuidado entorno desarrollo sustentable ciudad ano reconocer liliana leal saldana categoria individual instituto energia universidad autonoma tamaulipas categoria instituciones educativo nivel medio superior representado edgardo jonathan suarez dominguez felicitacion galardonado valioso aportacion construccion futuro sostenible tampicovacontodo tampicotecuida felicidades merecido
Twitter|https://x.com/AlcaldesMexico/status/2062929942732533849,Twitter,2,26,unidad cuidados superar atencion beneficiar persona alcaldesa destacar impacto espacio dedicado bienestar cuidado comunidad aplicar estrategia focalizada creacion incentivo atraccion inversion fortalecer cadena local detalle revistaalcaldesmx
YouTube|https://www.youtube.com/watch?v=eJDRysLUV1s,YouTube,3,18,mare tlaloc andar enojado bendita agua desgraciadamente afectar casita uuuyyy dir tronar feo comi frijol enterado bendita lluvia
Twitter|https://x.com/TampicoGob/status/2062945232392728843,Twitter,1,13,seguridad importante guarda compartir numero emergencia emergencias bomberos transito ext subestacion roma germinal
Facebook|https://www.facebook.com/reel/2050548395845080/,Facebook,6,62,felicitar galardonado medalla merito ecologico liliana leal saldana categoria individual edgardo jonathan suarez dominguez representacion instituto energia universidad autonoma tamaulipas reconocido categoria instituciones educativo nivel medio superior compromiso aportacion favor sostenibilidad cuidado medio ambiente ciudad felicidad merecido reconocimiento tampicovacontodo tampicotecuida bravooo premio merecido esfuerzo medio ambiente cuidado ecologico felicidades felicidad edgardo seguir exito felicidad liliana leal saldana seguir llenandote exito felicidad galardonado
Facebook|https://www.facebook.com/servpublicostampico/posts/pfbid02GTxfNdd9xGCkeubvqb1DGec9JNyPh5WU4UQFTH2XfabPZdpYDybhRDHNmp1kwHPpl,Facebook,3,66,accion transformar colonia comenzar participacion viernes junio colonia cascajal sede jornada descacharrizacion lograr retirar tonelada basura especial apoyo camion recolector marco actividad presidenta municipal monica villarreal anaya mantener atencion cercano programa contribuir conservar ciudad limpio ordenado monica villarreal tampico gob direccion salud tampico promociondelasaludtampico distritodesaludparaelbienestariitampico sincriaderosmexicoprotegesusaludyelmundial gusto levantar basura arrastrar agua lluvia seguir esperar venir levantar pasillo eleotropo jardines champayan influencer ciego tirar monik embellecer tampico
Facebook|https://www.facebook.com/servpublicostampico/posts/pfbid02TdMie3h9L9aQHjSQjCpZCpo2Cb4KsAkEAneJtC8HPW8g63MtpEpMTFarZre4dy1Rl,Facebook,2,74,detras canal limpio existir diario comenzar llegar lluvia intensificar esfuerzo conjunto presidenta municipal monica villarreal anaya continuar respaldar accion permitir atender oportuno espacio ayudar proteger ciudad temporada lluvia cuadrilla mantener recorrido supervision canal rejilla retirar basura rama material obstruir flujo agua contribuir adecuado funcionamiento infraestructura pluvial prevencion construir atencion diario constante campo tampicotecuida monica villarreal tampico gob cultura necesitar gente cochin tirar basura calle quejar inundar coladera obstruida realidad depositar basura donde deber cosa
Facebook|https://www.facebook.com/secretariadeobraspublicastampico/posts/pfbid028HmboQvd8q1YfcVowy5zGGJqb6SKCRJQzz1MiKhMrsQUbLeEbbKEvudeonEapkTtl,Facebook,2,45,seguridad peaton seguir vision alcaldesa monica villarreal mejorar espacio publico personal secretaria obras publicas cabo fabricacion instalacion barandal peatonal ubicado monterrey calle arturo elizondo col natividad garza leal garantizamos cruce seguro prevenimos accidente vecino trabajador transitar diariamente zona tampicovacontodo tampicotecuida sexto avenida tardar vision aguila
Facebook|https://www.facebook.com/secretariadeobraspublicastampico/posts/pfbid07jLQaSfiqhoJZFcpgAjbCXUR9phwudLJXu1QrZmePZbuwR8LC2QuViLyo57jxAgel,Facebook,10,72,instruccion alcaldesa monica villarreal personal secretaria obras publicas cabo instalacion reductor velocidad base mortero asfaltico alto resistencia avenida torres miranda intervencion calle arquitectos educador col unidad modelo salvaguardar integridad familia transitar importante arteria zona norte tampicotecuida tampicovacontodo pobre regidor pizana pala pasar monica imaginar senalamiento risa alto resistencia lluvia deshacer jajaja olvidar senalamiento top noche alumbrado calzada san pedro durar pedo fundi buenooooooooooo aplauso venir lluvia desperdicio material urgar tapar hoyo gobierno
Facebook|https://www.facebook.com/monicavtampico/posts/pfbid02VDe5g4obxqvkH4jpDYZPNsmQjrpaWZeR2bLSTxQLXatFX9x7xjkeNiQa5FLrjAWpl,Facebook,3,55,entrega unidad fortalecer dependencia municipal camioneta automovil integrar mejorar operatividad ayuntamiento tampico unidad apoyar directamente area proteccion civil obras publicas cultura turismo presidencia finanzas secretaria general agencia innovacion tecnologica area evento especial logistico objetivo brindar atencion respuesta ciudadania seguir responsabilidad transparencia cuidar recurso confiar tampiqueno traducir resultado tampicovacontodo tampicotecuida presidenta palabra gracia tose arrastrado tose
Twitter|https://x.com/MonicaVTampico/status/2062963434606502279,Twitter,1,15,hablar resultado jornada descacharrizacion coordinacion secretaria salud distrito salud bienestar contribuir reducir enfermedad transmitido mosquito
Facebook|https://www.facebook.com/TampicoGob/videos/822080274107341/,Facebook,3,11,exposicion fotografica alas libertad jardin artes exelencia hermoso tampico extraordinario exposicion
Facebook|https://www.facebook.com/TampicoGob/posts/pfbid0oRA3x5DY61o7UwzQ4ruZs8sEKjkoLakzYoXbtk4Y7LhvA8f3giNZMjQ6QvS45xH8l,Facebook,2,59,familia corazon comunidad gobierno municipal tampico instituto cultural tampico invitar participar dialogos familias tampico espacio abierto dialogo entendimiento construccion solucion prevencion atencion violencia voz contar contribuir fortalecer tejido social esperar junio teatro instituto cultural tampico avenida universidad colonia lindavista registrate abrir espacio dialogo participacion ciudadano fortalecer decision beneficiar familia base sociedad felicidad impulsar accion promover union respeto prevencion violencia
Facebook|https://www.facebook.com/TampicoGob/posts/pfbid02i5ywCLJWH8tmXCntPMdoDHH9y2Ag7AtiaKxvuDLKEeEwwizkdD9hqpouEJtQRPYDl,Facebook,7,70,zona conurbado sede encuentro nacional deportivo cecyte cabo junio recibir participant atleta consolidandonos clave desarrollo grande encuentro nacional tampico proporcionar espacio disciplina ciudad deportiva tampico ciudad deportiva tampico uat campus tampico ciudad deportiva tampico uat campus uat campus ciudad deportiva sala expo expo seguir consolidar region referente deportivo turistico bienestar tamaulipas respaldo americo villarreal anaya evento deporte cual fecha julio junio platanitos fritos miraaaaa bienvenido atleta link trasmitir juegos porfavor
YouTube|https://www.youtube.com/watch?v=IP1_-ntFaVY,YouTube,16,66,descanse paz hablen licenciado cortillo morena entrar coahuila brujeria llegar medio morena entrar coahuila moren paz descansar luzca luz perpetua rata moreira rata dis patas cosa perder santo gloria descanse paz sentido pesamir familia mal gobernante sumamente corrupto violador derechos humanos prepotente mal sepultar panteon municipal gente descansar paz condolencia lamentar vista alla salir babosada rata creer mundo cuidar cartera robar cepeda rata salir karma alcanzo
Twitter|https://x.com/VoxPopuliNoti/status/2063002721884504257,Twitter,1,18,encabezar entrega equipamiento centro desarrollo comunitario morelos dif tampico entrega equipo computo gracias participacion grupo eiche tampico tamaulipas
Facebook|https://www.facebook.com/reel/928522756903994/,Facebook,4,63,inaugurar exposicion fotografico alas libertad espacio invitar descubrir valorar riqueza ave habitar parque area verde fotografia sensibilizar ciudadania importancia conservar entorno natural proteger biodiversidad formar identidad tampico agradecer expositor fotografo especialista compartir talento conocimiento cuidar naturaleza sigar construir ciudad consciente respeto medio ambiente preservacion espacio verde tarea tampicovacontodo tampicotecuida excelente exposicion hermoso ala libertad ave esplendor amar naturaleza concentizar cuidar imperdible visitar tampico
Twitter|https://x.com/dearestjossrei/status/2063014840550269358,Twitter,1,5,bwisit monica villarreal catch youuuuuu
Twitter|https://x.com/gruponoticiaspc/status/2063022832414757071,Twitter,1,18,gobierno tampico reducir mitad deuda municipal administracion tampico asegurar alcanzar avance financiero significativo ano reduccion deuda heredado leer
Twitter|https://x.com/cdtamaulipas/status/2063028839031152696,Twitter,1,8,gobierno tampico reducir mitad deuda municipal cronica digital
YouTube|https://www.youtube.com/watch?v=nWP1RmRqucI,YouTube,1,9,llegar tampico madero altamira llegar corte luz agua constante
Twitter|https://x.com/Lady_Mariell/status/2063040574450450496,Twitter,1,5,exacto ley respetar sentido circulacion
Twitter|https://x.com/MonicaVTampico/status/2063069443677130863,Twitter,1,20,felicitar liliana leal saldana edgardo jonathan suarez dominguez galardonado medalla merito ecologico compromiso aportacion favor sostenibilidad cuidado medio ambiente ciudad
Twitter|https://x.com/TampicoGob/status/2063071736703181031,Twitter,2,44,personal secretaria obras publicas instalacion reductor velocidad torres miranda arquitectos educador colonia unidad modelo accion fortalecer seguridad vial protegemos familia zona norte tampico reconocer escoba platino maximo galardon otorgado ategrus espana reconocimiento distinguir excelencia limpieza urbano gestion residuo sostenibilidad reflejo conjunto ciudad limpio ordenado
Twitter|https://x.com/EleeseNoticias/status/2063081336437412315,Twitter,1,6,gobierno tampico reducir mitad deuda municipal
Twitter|https://x.com/VoxPopuliNoti/status/2063108686780715101,Twitter,1,19,reafirma monica villarreal compromisir desarrollo sustentable entregar medalla merito ecologico alcaldesa tampico reconocer trayectoria impulsar sustentabilidad innovacion tampico tamaulipas
Facebook|https://www.facebook.com/monicavtampico/posts/pfbid02hvbCGuPtSbKhCRnMcW8317QaEoeDQpggtg8n7JFqVHSCE3m1hHAiyMqMd62mWauHl,Facebook,6,63,inaugurar exposicion fotografico alas libertad espacio invitar descubrir valorar riqueza ave habitar parque area verde fotografia sensibilizar ciudadania importancia conservar entorno natural proteger biodiversidad formar identidad tampico agradecer expositor fotografo especialista compartir talento conocimiento cuidar naturaleza jardin artes tampicovacontodo tampicotecuida perder exposicion maravilloso exposicion dejar genial dia mundial ecologia alcaldesa corazon gigante incansable excelente fomentar ensenar especie habitar zona presidenta monica villarreal encantar
Facebook|https://www.facebook.com/ProteccionCivilTampico/posts/pfbid02hekiLHKTzCgYJbJ5ZmgbgYvqVfm44tdf89uqQuR5aR6Pe7sD3sP2UzJWLSmMXKCEl,Facebook,1,101,dia mundial medio ambiente llamado proteger hogar junio conmemorar dia mundial medio ambiente fecha establecido onu planeta hogar compartir especie habitar conmemoracion aniversario facultad ingenieria coordinacion ingenieria civil centro investigacion posgrado sur cabo aula enrique collado samano uat platica importante tarea reducir contaminacion proteger cuerpo agua conservar flora fauna participar expositor mtra maria luisa cuevas rivas jose antonio marin flores director proteccion civil tampico jorge reynoso martinez rosemary romero dejar mensaje pequeno accion diario generar grande cambio comunidad sembrar arbol tirar basura calle ahorrar agua respetar vida silvestre acercar tampico verde sostenible tampico cuida proteccion civil proteccionciviltampico tampicotecuida tampicosomostodos bomberostampico diamundialdelmedioambiente
Facebook|https://www.facebook.com/TampicoGob/posts/pfbid0hEWapWffKXDBDHGrEnWW3h51Di6JeVLZy14WgbcUVB684W59uNKWPy9B2BAnemZfl,Facebook,2,9,maravillosa exposicion fotografico exposicion significativo deber asistir seguro emocionar
YouTube|https://www.youtube.com/watch?v=muoq_oMIZ0c,YouTube,6,14,porra perra venir patria planta amoniaco tono politico agarra cantaleta bienestar asco momia cargo
Facebook|https://www.facebook.com/reel/27839288998988014/,Facebook,3,75,tampico reconocer galardon tree cities world distincion internacional avalar construir ciudad verde sustentable calidad vida reconocimiento resultado accion concreto impulsar equipo siembra semilla arbol endemico plantacion donacion arbol rehabilitacion parque municipio poda responsable arbol permanente limpieza reforestacion zona manglar recuperar ecosistema acuatico concluir siembra alevin lobina laguna sistema chairel accion historico ano contribuir restaurar fauna afectado sequia celebrar logro renovar compromiso futuro generacion tampicovacontodo tampicotecuida tampico tamaulipas mexico vanguardista reforestacion tampico cuidar arduo presidenta felicidad
Facebook|https://www.facebook.com/reel/27228289716805687/,Facebook,5,62,seguir vision bienestar progreso presidenta monica villarreal ayuntamiento tampico secretaria obras publicas continuar consolidar transformacion municipio mes mayo redoblar esfuerzo concentrar recurso proyecto disenado elevar calidad vida familia tampiquenas continuacion compartir resumen accion destacado periodo mms metro esquina precio infladisimos meter puente vehicular tardar ano empezar gobierno empezar temprano campana vacheando desafortunadamente rehabilitacion calle alcantarilla dejar desear tampiqueno merecemos pagamos obra calidad
Twitter|https://x.com/RevistaDebateMX/status/2063424965181906980,Twitter,1,11,monica villarreal reconocer labor periodista dia libertad expresion tampico revistadebate nota
Twitter|https://x.com/conexionmanglar/status/2063509917491736596,Twitter,2,11,addison rae feria abril tampico echenmar manita venir addison rae tampico
Facebook|https://www.facebook.com/monicavtampico/posts/pfbid0njJ5E6joEQpvAgZyXHZUjB8K3xRL41p3kLtS7K2cYHqKgmAB5EgJ2JFMkZG1zKv8l,Facebook,3,36,gusto compartir desayuno representante medio comunicacion ciudad reconocer valoro labor dia mantener informado ciudad agradecimiento compromiso profesionalismo puente fundamental ciudadania gobierno seguir apertura respeto dialogo permanente bienestar tampico tampicovacontodo tampicotecuida ntro tampico tam felicidad medio comunicacion
Facebook|https://www.facebook.com/secretariadeculturatampico/posts/pfbid02Lp8GqMffihXU3ugRdqfuXaaqBhLt8TPvHhAc8igQ6Vsm4A6hxF41vEfRQ5gmWjcVl,Facebook,2,104,del puerto tampico gobierno municipal tampico encabezar presidenta zacil villarreal anaya cultura continuar impulsar actividad fortalecer memoria historico promover conocimiento patrimonio fomentar orgullo identidad maritimo distinguir region actividad festival del mar honor dia marina nacional mexico organizado marina cabo conferencia del puerto tampico espacio reflexion divulgacion dedicado historia maritimo region conferencia impartir altura manuel aceituno compartir valioso perspectiva evolucion puerto tampico relevancia desarrollo economico social sur tamaulipas asimismo participar cronista adjunto tampico francisco ramos alcocer cronista ciudad madero carolina infante pacheco cronista altamira francisco castellanos saucedo director acehtam david granados enriquecer dialogo aportacion historia maritimo municipio zona conurbado secretariadecultura tampicovacontodo arteycultura senito imponer cronista
Facebook|https://www.facebook.com/ProteccionCivilTampico/posts/pfbid0XEVik9GckUrwfpNC4BR2jbBYWMUHzA4tWy1WTJr86HZcEDnBTZGhwBJmiEx2o5MLl,Facebook,1,32,llamado diferencia prevenir riesgo fortalecer respuesta autoridad correspondiente coordinacion formar equipo ciudadania autoridad contribuir mantener tranquilidad bienestar proteccion tampiqueno cualquiera emergencia situacion riesgo llamar tampico cuida proteccion civil proteccionciviltampico tampicotecuida tampicosomostodos bomberostampico
Facebook|https://www.facebook.com/TampicoGob/posts/pfbid02hY6KyvHDMiqd6oaKLpm4BgmGWouJ8BTfbDmYpT8WK4dL7zdRCYdRpEiLfxEGDLpWl,Facebook,4,130,historia seguir escribir torneo pesca tampico gracias compromiso pasion responsabilidad participante edicion marcar cifra historico liberacion consolidar torneo referente pesca deportivo responsable mexico organizado tampico tampiqueno evento reunir pescador proveniente veracruz san luis potosi tamaulipas leon texas fortalecer proyeccion turistico deportivo ciudad registrar liberacion numero reflejar exito competencia promover conservacion especie respeto recurso natural captura liberado historia enorgullecer tampico extraordinario tampico destacar nivel nacional internacional pesca deportivo tampico pionero evento internacional pesca ano recordar legendario torneo internacional sabalo torneo internacional del robalo oro torneo competencia motonauticas participar legendario regatas corona nautico yates escapar torneos playeros organizaciones club rotario secc telefonos mexico grupos pescadores anonimos barra tordo recordar querer felicitar autoridad organizador pescador capitan ayudante capitanes marinero mecanico motonautico jorge adam extraordinario video comentario profesional prestador servicio formar equipo lograr exitoso
Twitter|https://x.com/kyodakewa27/status/2064459919252685188,Twitter,2,12,parejas sercas champayan tierra alta luis donaldo colosio lastima zona norte tampico
Facebook|https://www.facebook.com/monicavtampico/posts/pfbid0b4jnka9yytAWRNNimQxKxKJRncCSHxaehsqWHASq6KjcDzzV7VSCgKLKZi43qrH3l,Facebook,6,28,transformacion avanzar tamaulipas avanzar tampico lic monica villarreal morenavanza amlo hijo emprendedor cuba camarada comunismo progresista mexicano exito transformacion avanzar detener sigar avanzar transformacion liderazgo alcaldesa monica villarreal
Facebook|https://www.facebook.com/reel/1024335913610438/,Facebook,5,48,bache rehabilitado distinto sector tampico gracias coordinado gobierno municipal secretaria servicios publicos tampico secretaria obras publicas tampico conjunto comapa sur seguir mejorar vialidad brindar seguridad movilidad familia tampiquenas bache reparado representar accion concreto construir ciudad ordenado funcional condicion tampicovacontodo tampicotecuida querer nabo excelente presidenta monico hechos grande accion
Facebook|https://www.facebook.com/secretariadeculturatampico/posts/pfbid02xjRDDSzTJMk39FhTotPsb8xbYYjdATj7zijnVLxeCCeBCPXV3ZzxJmXEdCWoz4xXl,Facebook,1,77,cartelera cultural junio semana agenda cultural continuar generar espacio dialogo convivencia disfrute artistico distinto ciudad bibliotecas municipales presentar sesion podcast con palabras reunion circulo lectura esteparios fortalecer espacio encuentro literario reflexion musica continuar llenar espacio publico tardeadas con banda municipal plaza libertad zona norte promover convivencia familiar disfrute musica comunidad asimismo orquesta comunitaria tampico llegar mercado municipal presentacion hizo actividad marco cultura paz acercar arte musical espacio encuentro ciudadano consulta detalle actividad banner informativo secretariadecultura tampicovacontodo arteycultura
Twitter|https://x.com/kyodakewa27/status/2064481301483184499,Twitter,2,5,zona aeropuerto ciudad saludos tampico
Twitter|https://x.com/robertsranduks/status/2064079345631576091,Twitter,5,109,coahuila tendencia pri zapato morena mexico elecciones diputados locales coahuila tendencia triunfo pri dttos aplicar zapato morena inf prep hagan bolas coahuila perdedor yes mugrena nunco hanpodido pri solido mexico desd tamaulipas describir real sucedido cdvictoria tiroalaire coahuila cambiar mapa nacional romper mito morena invencible madrazo seco eleccion ganar aparato federal encuesta inflado odio redamlo ganar estructura territorio operacion pri morena tamaulipas impacto lectura alcaldes avanzada tocar pagar plato roto mexico eleccion coahuila pri ucd ganan dttos mayoria morena derrota reflejar inoperancia hartazgo social pan pverde abajo numeralia servir jamar billete delicioso golpe quitar tamaulipas alista dejar contienda planilla cdvictoria pedir regidora panista frenar descalificacion renovacion comite tamaulipas cdvictoria
Twitter|https://x.com/RevistaDebateMX/status/2063813006513901988,Twitter,1,9,tampico sumar unidad fortalecer atencion ciudadania tampico revistadebate nota
Twitter|https://x.com/VoxPopuliNoti/status/2063814616233247080,Twitter,1,17,suma monica villarreal unidad parque vehicular municipal alcaldesa entregar vehiculo fortalecer capacidad operativo dependencia municipal tampico tamaulipas
Facebook|https://www.facebook.com/reel/1928872134439701/,Facebook,4,56,entregar unidad fortalecer distinto dependencia municipal permitir brindar atencion eficiente tampiqueno incorporacion sumar unidad adquirido administracion dimensionar avance octubre septiembre incorporar unidad octubre junio sumar reflejar compromiso seguir fortalecer servicio publico capacidad operativo municipio tampicovacontodo tampicotecuida ojala utilizar cuidar notar costar historico dinero tampiqueno dirigido resultado honestidad servicio tampiqueno presidentar gracias alcaldesa pendiente necesidad servir ciudadania
Facebook|https://www.facebook.com/monicavtampico/posts/pfbid035kZ4JzeGGCTUwKemSD9rTzyYiGS2ezedkkisenWQ3wPqZdd5J2NWJF1NQAb5TT6yl,Facebook,2,65,manana gusto acompanar gobernador americo villarreal anaya ceremonia civico honores bandera palacio gobierno ciudad victoria espacio recordar importancia fortalecer civico seguir unidad compromiso bienestar gente gratificante coincidir joven talento dedicacion innovacion representar enorme potencial tamaulipas proximamente nombre mexico corea tampico seguir sumar esfuerzo abrir oportunidad generacion construir presente futuro bienestar tampicovacontodo tampicotecuida tamaulipas mundo cuna grande personaje conocido nivel internacional sumensar joven alto corea animo
Facebook|https://www.facebook.com/servpublicostampico/posts/pfbid0D7EsJVqA767EgaucJ3NhNpRZFLUemzE85RYpiFYDdw2HYoSDEsWb42rwTzs5E88Wl,Facebook,2,54,ciudad limpio comenzar atencion espacio utilizar dia encontrar labor limpieza banqueta calle colonia sierra morena contribuir mejorar imagen urbano brindar entorno agradable peaton vecino accion presidenta municipal monica villarreal anaya continuar promover cuidado espacio publico formar vida cotidiano familia tampiquena tampicotecuida monica villarreal tampico gob reporte venir limpieza col mainero frente unidad deportivo tampico
Facebook|https://www.facebook.com/servpublicostampico/posts/pfbid0FXTxpiun8bmr6xd47XX3bwr17o5BPfpBvhtC4ok8HP9buY95Rt6Myypp7LSt1js3l,Facebook,4,76,temprano barrido manual formar labor contribuir mantener limpio calle banqueta espacio convivencia ciudad diariamente personal recorrer distinto sector tampico accion ayudar conservar imagen calle banqueta explanada entorno agradable ciudadania esfuerzo permanente presidenta municipal monica villarreal anaya continuar fortalecer atencion servicio impactar directamente calidad vida familia tampiquenas monica villarreal tampico gob tristemente manana volver lleno basura tirar gente neta alcanzar comprar vehiculo barredor calle decena calle ruina raza traer bestia sueldo inutil regidor alcanzar mensualidad administracion trabajador
Facebook|https://www.facebook.com/secretariadeculturatampico/posts/pfbid02JMwARV16z7uLebgtK9XeWCjyz8EpVyBLnA5Rwo8V7rFiaEvENcAXtdLwkkFZsf4sl,Facebook,1,74,taller con celular gobierno municipal tampico encabezar presidenta zacil villarreal anaya cultura colaboracion menos cabo taller con celular impartido camil brindar participante herramienta practico mejorar calidad imagen utilizar dispositivo movil sesion asistente explorar concepto fundamental composicion encuadre iluminacion narrativa visual ejercicio permitir desarrollar mirada creativo capturar entorno fotografia experiencia participante practica conocimiento adquirido recorrido fotografico espacio centro cultural irba casa cultura aplicar tecnica observacion composicion aprovechamiento luz construir imagen perspectiva personal secretariadecultura tampicovacontodo arteycultura
Twitter|https://x.com/z441r4/status/2063979987435205104,Twitter,3,31,dejese mamada gobierno tampico planear rehabilitacion drenaje ciudad nmms caer gota agua inundar jardin lluvia ciudad concreto permeable tonto odio haganme presidenta tampico postular independiente ganar matar win win dia matar
Facebook|https://www.facebook.com/servpublicostampico/posts/pfbid08kCZLv7M55qA6qyvbTLS9ztEsQTW1aBXPjnhTD2U8TQGcfKFm6JsZWGjjcSm4nVWl,Facebook,9,98,desecho grande mueble viejo colchon rama camion recolector habitual dia revisar organizar report llegar programar ruta especial limpieza coordinacion presidenta monica villarreal anaya equipo acudir directamente colonia levantar cacharro mantener calle libre obstaculo reporte dejano mensaje inbox ayudano mantener ciudad limpio monica villarreal tampico gob excelente llamar madero lampara reparar secretaria servicios publicos tampico monica villarreal ano funcionar jamas venir recoger hablabir encontrar dichoso reporte mano reporte numero oficina solucion madero existir apoyo telefono oigar cortar rama arbol tocar cable cfe cable estirado romper miedo ano reportar colonia santo nino numero folio reporte cabo recoleccion numero folio mayo
Twitter|https://x.com/robertsranduks/status/2064009764342739242,Twitter,1,17,mientrastanto perdedor americo villarreal santiago huevitostibios gilbertona tierra pendejo imaginate ajeno dilar principito bajar pasar primo tampico
Facebook|https://www.facebook.com/servpublicostampico/posts/pfbid02eU71EtEF2as5xQ6QVvtKaGQZq7asb9LikF2GBFtQhZuFTrsr9HYhh8PKUziK2t7l,Facebook,7,90,arrancar semana jornada descacharrizacion numero cuadrilla recorrer calle colonia sauce chairel fray andres olmos retirar camion normal gracias coordinacion presidenta monica villarreal anaya lograr movilizar camion pesado retirar tonelada equivalente basura especial cacharro estorr banqueta acumular agua cambio notar salud familia monica villarreal tampico gob direccion salud tampico promociondelasaludtampico distritodesaludparaelbienestariitampico sincriaderosmexicoprotegesusaludyelmundial llevense basura diario zona centro tampico pasar deber comentar dia dia colonia ciudadania sepa preparir desecho banqueta foco impureza gracias avisen americano agradecer ceremonia ridicula puro bravo urge pavimentar calle lluvia peor carro taller estacionado muchoss taller zona norte
Twitter|https://x.com/mileariela/status/2064458136883187970,Twitter,4,40,delicious placebo today heard people talking vitamin good flu hold back much buzzkill group tell truth work work prevent even less treat gostinho fanta deli deli meio suquinho tampico nossa sim achei unico ainda lembrava tampico gostava fruta vermelhas tambem
Twitter|https://x.com/spyk3304/status/2064471374760906991,Twitter,1,12,tamaulipas tampico videir fuerte realidad superar ficcion triste paria morena convertir pais
Twitter|https://x.com/carlosctm53/status/2064066630129168801,Twitter,1,5,perder eleccion billete ganar monton
Facebook|https://www.facebook.com/ProteccionCivilTampico/posts/pfbid0ZdX9493iZehqyKNwo62XkLcCQVmPTe5F3KCDETVLZPL1z3ZJ8n6HRzfoWGXuAafHl,Facebook,3,76,recorrido edificios seguir indicacion monica villarreal anaya presidenta municipal tampico lunes recorrido calle zona centro tampico valorar detectar dano estructural acuerdo plan mitigacion riesgos estructurales edificio seguro acompanar direccion proteccion civil tampico recorrido participar direccion autoridad centro historico tampico secretaria obras publicas desarrollo urbano ecologia direccion obras publicas direccion desarrollo urbano direccion catastro bomberos tampico colegios asociaciones integrales plan mitigacion riesgos estructurales cuida proteccion civil proteccionciviltampico tampicotecuida tampicosomostodos bomberostampico edificioseguro excelente prevencion extranar casco equipo seguridad
Twitter|https://x.com/smumexico/status/2064483329060069628,Twitter,2,75,smu representar oportunidad fortalecer impulsar desarrollo practica urologico ambito institucional privado compartir socio smu noe esaul martinez juarez urologo acompanar conociendo nuestra membresia hablar trayectoria experiencia profesional impacto comunidad smu crecimiento especialidad querer unirte comunidad solicitar informe enviar correo electronico juntostrascendemos urologia testimonios estimada membresia cordial invitacion curso internacional enucleacion prostatica con diferentes energias espacio academico disenado profundizar ventaja indicacion consideracion tecnico distinto plataforma utilizado practica actual julio bene hospital tampico tamaulipas informes juntostrascendemos urologia
Facebook|https://www.facebook.com/monicavtampico/posts/pfbid034YzCu8WvjDxhbtehYgqjVkidAneB2hsxfSgvNgLKBXWTRRRYjjra8PMFPD1Cmi1Vl,Facebook,5,147,tamaulipas pionero nivel nacional creacion instrumento permitir medir evaluar seguimiento construccion paz comunidad esfuerzo innovador colocar referente generacion estrategia fortalecer bienestar seguridad familia participe sesion ordinaria consejo estatal paz justicia civica encabezado gobernador americo villarreal anaya presentar importante avance construccion entorno seguro participativo solidario tamaulipecos logro destacado presentacion diagnostico seguridad humana metodologia innovadoro desarrollado colegio tamaulipas permitir evaluar permanente impacto accion orientado prevencion violencia reconstruccion tejido social fortalecimiento convivencia comunitario presidenta municipal tampico entregue gobernador resultado correspondiente municipio reafirmar compromiso seguir impulsar politica publico promover justicia civico mediacion comunitario cultura legalidad participacion ciudadano construccion paz requerir suma esfuerzo gobierno institucion sociedad civil celebrar tamaulipas continuar avanzar vision humanista atender causa fortar tamaulipecos asegurar sentir seguro calle reflejar estrategia seguridad resultado estrategia tampico viva paz desarrollo pueblo representacion orgullosas mujeres presidenta digno representarnos presidenta lic monica villarreal seguir paz tamaulipar nuetro bello puerto tampico hora tampicotecuida sigar construir
Facebook|https://www.facebook.com/monicavtampico/posts/pfbid034m7GxPeowStuC6zXSGKA7QTVkG2kNm48RXoyWu3adZaqAFZ7P6WCNbsHBuUYx1jil,Facebook,4,81,oportunidad compartir gobernador americo villarreal anaya esfuerzo distinto reflejar compromiso educacion naturaleza formacion entregue guia campo ave tampico material completo reunir necesitar apreciar ave nombre cientifico caracteristica principal sitio especifico herramienta valioso estudio divulgacion amor biodiversidad esfuerzo conjunto gobierno tamaulipas gobierno tampico equipo amet conservancy foundation entregue material educativo enfocado prevencion violencia entorno escolar accion realizamos direccion prevencion delito fortalecer convivencia bienestar nina nino joven seguir impulsar iniciativa sumar conocimiento conciencia ambiental construir sociedad superacion constante querer guia tampicovacontodo apoyo gobernador
Twitter|https://x.com/MonicaVTampico/status/2064113888480645250,Twitter,1,15,manana acompane gobernador ceremonia honores bandera ciudad victoria gusto coincidir joven talento tamaulipeco mexicano corea
Twitter|https://x.com/necaxamor/status/2064433611185463363,Twitter,1,23,tampico madero altamira panuco morena pobre mayo perder formal imss reportar registro patronal cuanto perder mayo comparar abril registrar perdida patron mayo caida
Twitter|https://x.com/necaxamor/status/2064432356895682639,Twitter,1,29,tampico madero altamira panuco pais gobernar moren dejar morir bebe chiquito familia atacar balazo balacera escuinapa sinaloa dirigir hospital atender infante padre bebe morir escena madre agonizar recibir atencion
Twitter|https://x.com/RevistaDebateMX/status/2064171117095346471,Twitter,1,13,tampico recibir reconocimiento internacional proteger area verde cuidar medio ambiente tampico revistadebate nota
Facebook|https://www.facebook.com/monicavtampico/posts/pfbid0dDtnt4iojT8wpQARr4qQKin26WGp84cMLwxKpSZTFf8CJc2K23o1af6rBTaSpKfCl,Facebook,1,2,incansable gente
Twitter|https://x.com/TulichNora/status/2064434162916835688,Twitter,2,13,brian dejar casa granhermano ghxtorayfefe streamstelefe queria caya zuni tampico irse juanicar yipio
Facebook|https://www.facebook.com/monicavtampico/posts/pfbid02NGDd2eTEQS8WewrNtQuE9eYwGP3j5qhqA2uNgZaeNKvDBKhBWMTcXccShDwWJMcxl,Facebook,4,24,sostener reunion adriana marcela hernandez campos secretaria salud seguimiento importante materia salud coordinacion excelente dialogo salud tampiquenos pendiente ciudadania necesidad gracias alcaldesa monica villarreal
Facebook|https://www.facebook.com/reel/1713973569629788/,Facebook,5,44,tampico instalar lactario oficina secretaria bienestar dif tampico delegacion zona norte buscar generar espacio digno seguro adecuado mujer accion reafirmar compromiso ciudadano fortalecer administracion sentido humano solidaridad respaldo mujer trabajador madre familia tampicovacontodo tampicotecuida woow iniciativa presidenta mujer etapa lactancia escuchar atender necesidad bravisimo
Facebook|https://www.facebook.com/TampicoGob/posts/pfbid0BArzPxD4oxtkKqtwqAMHbd8Ajo9qpYQoLxqvWSvSmn9QjdEJMdityR8WHkqFPQcsl,Facebook,4,48,talento tamaulipeco impulsar futuro mexico felicidades doctor brenda lizeth reyes garcia pedro garcia vite ruben salas cabrera maestros tec madero realidad olinia vehiculo electrico mexicano proyecto estrategico demostrar conocimiento generado institucion educativo impulsar transformacion tecnologico orgullo potencial mexicano seguir sabiduria inteligencia exito bendicion felicidad doctores orgullo tec madero
Twitter|https://x.com/MennyValdz/status/2064333733625208933,Twitter,1,10,risa hermana narco gobernador trayectorio opinion popular rechazo familia tampico
Twitter|https://x.com/MennyValdz/status/2064339486415229251,Twitter,2,21,mama nieto americo llamar brenda garcia llamar brenda garcia arrebato personalmentir dra maria mama americo villarreal despues persecucion carro victoria anos
Twitter|https://x.com/pulsolaredo/status/2064445077263376726,Twitter,1,41,nuevolaredo diazordaz reynosa matamoros ciudadvictoria altamira tampico ciudadmadero madero tamaulipas laredo laredotexas laredotx texas nuevoleon mty anahuac coahuila piedrasnegras cdmx gdl veracruz slp libertad expresion gobierno aplauso cuestionamiento nuevolaredo diazordaz reynosa matamoros ciudadvictoria altamira tampico madero tamaulipas laredo mcallen laredotexas texas
Twitter|https://x.com/varancib/status/2064485616599908521,Twitter,1,28,gritar servir tampico repetir argumento trucho pais situacion economico gravisima perder acusaciones constitucionales servir persona riesgo recurso pgu programa social llamar presidente kast ministro quiroz convocar encuentro nacional
Twitter|https://x.com/necaxamor/status/2064433041464799479,Twitter,1,28,tampico madero altamira panuco donde gobernar moren torturaron decapitar joven oliver costa rica sinaloa jovencita ano morir balazo trasladar tio hospital piquete alacran dia narcoguerra sinaloa contar tragedia
Facebook|https://www.facebook.com/monicavtampico/posts/pfbid02pEzParXm81eZPxtjcygUSSF2AaFbLaRzkAHzom4faNua5u4TDB9VdfBww8TxxeDXl,Facebook,2,49,sostener reunion integrante asociacion mexicana mujeres empresarias amexme capitulo tamaulipas sur impulsar liderazgo participacion mujer ambito empresarial region gobierno municipal tampico reiterar apertura dialogo apoyo colaboracion organismo amexme capitulo tamaulipas sur impulsar crecimiento liderazgo mujer empresaria reconocer valioso amexme nacional decada fortalecer emprendimiento femenino contribuir desarrollo economico tampico mujer
Facebook|https://www.facebook.com/TampicoGob/videos/1628165718261696/,Facebook,1,3,develacion placa orgullo
Twitter|https://x.com/pvpness614/status/2064469210974069030,Twitter,3,36,hey doge newsmax get update turns preventing parasite invading livestock government waste quarantine broke due covid monitoring nothing point joe biden actually helped could done new facilities approved broke ground trump admin mission tampico mexico falsar
Twitter|https://x.com/AZULEOND1/status/2064483560250069113,Twitter,2,9,cara put golosa gustar colageno ojalaaa vivierar tampico tamaulipas
Twitter|https://x.com/spyk3304/status/2064471852219576678,Twitter,1,24,tamaulipas tampico atencion tamaulipas empresario denunciar publicamente extorsionar americo villarreal santiago hijo gobernador americo villarreal anaya testimonio exigir moche millonario millon pesos cambio contrato
Twitter|https://x.com/eGasControlVol/status/2064480706043036142,Twitter,2,27,mexico lograr ciento estacion ajustar diesel meta oficial crecer vigilancia combustible faltar dia esperar desayuno empresarial gasolinero gasolinero tampico tamaulipas junio hotel posada tampico informes registro pronto
Twitter|https://x.com/333v4l/status/2064441950875341168,Twitter,4,27,jamas jajajar pregunta honesto alguien abelardo camiseta colombia candidato hijueputa falso mierda amigo buscar oficio tomate soka tampico metetir pene boca callate hambre llorar prostituta mal cogido
Facebook|https://www.facebook.com/reel/1723847222402411/,Facebook,2,52,develamos placa conmemorativo mes orgullo espacio cultural metropolitano reconocimiento talento creatividad pasion dejar huella invaluable vida cultural artistico sur tamaulipas diversidad enriquecer inspirar fortalecer sociedad reafirmar compromiso seguir construir espacio persona sentar representado respetado libre mes orgullo celebrar historia voz expresion ciudad humano incluyente lleno vida tampicovacontodo tampicotecuida gamaliel molina tia triunfar
Twitter|https://x.com/Devesa_News/status/2064405577258717260,Twitter,1,17,chocan huir cobardes conducir urge atencion registrir tragedia actuar maneje defensivo nacovial col guadalupe tampico tamaulipas seminario
Twitter|https://x.com/andy_friass/status/2064448343791620524,Twitter,3,9,teoria viralizar internet existir ciudad confirmo puente ciudad siii
Twitter|https://x.com/DocUbaldo/status/2064430938822426931,Twitter,1,23,rutina diario incluir movimiento suficiente descanso pausa activo evidencia sugerir cambio ejercitarte dormir evitar pasar demasiado sentado clave cuidar salud cerebral plazo tampico
Twitter|https://x.com/DocUbaldo/status/2064431370173108436,Twitter,1,13,evaluacion calidad sueno servir indicador riesgo depresion posnatal abrir puerta intervencion temprano tampico
Twitter|https://x.com/ZonaTransparent/status/2064431848999055656,Twitter,2,49,orgullo mezquital luis donaldo mendia solis estudiante cecyte guajolota durango medalla bronce metro plano nacional deportivo cecyte tampico arranca campeon defensor durango giro geopolitico donald trump afirmar acuerdo paz iran entrar fase final presionar netanyahu frenar ataque mutuo semana trump proyectar pacto rapido tension libano ormuz mantener vilo tregua
Twitter|https://x.com/CVDR_TampicoIPN/status/2064434595525722349,Twitter,2,38,cvdr tampico ipn celebrar diamundialdelaacreditacion fecha reconocer calidad confianza mejora continuo construir institucion solido competitivo calidad excelencia ipn cvdrtampicoipn acreditacionglobal cvdr tampico ipn ayuntamiento tamuin seguir impulsar acceso educacion actividad proceso admision polivirtual cvdrtampicoipn ipn educaciondecalidad transformandovidas tamuin
Twitter|https://x.com/MuroPoliticoMX/status/2064436611924832430,Twitter,1,19,tamaulipas fortalecido resultado obtenido coahuila pri tamaulipas anticipar escenario electoral distinto nota cdvictoria tampico cdmadero altamira matamoros reynosa nuevolaredo
Twitter|https://x.com/MuroPoliticoMX/status/2064437080852205838,Twitter,1,18,tamaulipas restauranteros tamaulipas enfrentar incertidumbre elevado multa transmitir partido licencia nota cdvictoria tampico cdmadero altamira matamoros reynosa nuevolaredo
Twitter|https://x.com/MuroPoliticoMX/status/2064437520914362549,Twitter,1,20,tamaulipas participacion organizacion civil especialista academico autoridad concluir proceso consulta publico fortalecer proteccion derechos humanos nota cdvictoria tampico matamoros reynosa
Twitter|https://x.com/PeppermintSour2/status/2064441229706698803,Twitter,2,7,sonar mal giso acuerdo creer gustar tampico
Twitter|https://x.com/mariolealmx/status/2064445077141803097,Twitter,3,35,color semaforo tampico opinion conteo report colonia minuto verde ambar rojo semaforodetampico tampico tip agregar semaforo pantalla inicio agregar pantalla inicio revisalo app pulso ciudadano servicio zona actualizado minuto agua luz basura via pulsociudadano tampico
Twitter|https://x.com/Glez_torres/status/2064446860459135278,Twitter,1,10,tampico recibir reconocimiento internacional tree cities world compromiso medio ambiente
Twitter|https://x.com/NoresteDigital/status/2064447203746140190,Twitter,2,25,opinion marco antonio vazquez villanueva cena negros cara cara nuevolaredo reynosa felizmiercoles cdvictoria ciudadvictoria tampico madero monterrey tamaulipas laredo invertir millon educacion bienestar social nuevolaredo
Twitter|https://x.com/VoxPopuliNoti/status/2064449680084201940,Twitter,1,18,fraudes auto usado preocupar comprador sur tamaulipas autoridades pedir revisar pago documento cerrar cualquiera operacion vehicular tampico tamaulipas
Twitter|https://x.com/tuespacio_1/status/2064475890436735155,Twitter,3,43,armando martinez presidente altamira confirmar alebrijes oaxaca convertirtar industriales altamira presentar logo uniforme acorde comentar falta aprobacion jaiba brava estadio caso tampiqueno pensar problema aficion apoyar equipo ciudades hermanas cuestion platicar madurez mental medio mexico hablar mundial tontera tampico madero altamira nivel penar
Twitter|https://x.com/GoldenBear0991/status/2064495899649196313,Twitter,1,21,tampico mexico destino vacacional popular riesgo seguridad variar region asignar nivel advertencia viaje mexicano nivel tomar precaucion normal nivel viajar boleto
Twitter|https://x.com/Badu31634762/status/2064452800960983182,Twitter,5,29,asuuuuu ptm feo doler piquete avispa tampico garden piquete mexico noo esperar duele feooooo arder peor piquete abeja mano inflado ponte lodo aca rancho funcionar llegar casa inflamo globo
Twitter|https://x.com/spyk3304/status/2064477857527554152,Twitter,1,22,tamaulipas tampico empresario israel alejandro valdez denunciar americo villarreal santiago solicitar presunto pago mdp mantener contrato despensa asegurar cancelar programa comenzar persecucion
Twitter|https://x.com/DarfZay/status/2064458824413556929,Twitter,6,33,juice hawaiian punch fridge rich eyes grow privileged name something thought luxury kid monion hawaiian punch price like juice actually expensive inflation crazy shit used dollar wtf see even inflation tampico still cheaper
Twitter|https://x.com/DarfZay/status/2064454721788674131,Twitter,1,2,koolaid tampico
Twitter|https://x.com/elsolde_tampico/status/2064456249345990744,Twitter,1,10,pasar libro narrar tampico legado cronista volver centro debate cultural
Twitter|https://x.com/DarfZay/status/2064456441360941067,Twitter,1,5,tampico hawiaan punch price wtf
Twitter|https://x.com/nikolazsk/status/2064458105593733132,Twitter,2,49,vous vous souvenez portales mexicain annonce par des rumeurs insistant metz coup reclame cors cris par certains finalement signe janvier tampico madero club ville natale lui qui visait selection restant shirtoftheday day jour avant debut mondial des club jouent encore comme palmas encore engage play offs pour remonter liga
Twitter|https://x.com/VoxPopuliNoti/status/2064460292159914039,Twitter,1,19,empresarios plantear observatorio atraer inversion sur tamaulipas iniciativa buscar medir competitividad sostener proyecto economico plazo tampico altamira ciudadmadero tamaulipas
Twitter|https://x.com/elsolde_tampico/status/2064461086514901028,Twitter,1,21,volver lluvia tarde tampico regalar vista impresionante nube zona centro clima cambiar alien cambiar opinion clima colonia vladimir meza sol tampico
Twitter|https://x.com/Lady_Mariell/status/2064463224158744668,Twitter,7,20,meter calzon llover mmm aguita tanga mogir tarde bonito lluvia llover gana tardes mariel bonita tarde cruz bajar lazo mojar
Twitter|https://x.com/ReporteraDaisy/status/2064469515581231382,Twitter,1,27,elpuntoes tamaulipas proyectar incorporar binomio canino especializado deteccion gusano barrenador fortalecer vigilancia sanitario inspeccion movilizacion ganado informacion josue escamilla tamaulipas nuevolaredo reynosa matamoros cdvictoria tampico madero altamira
Twitter|https://x.com/ReporteraDaisy/status/2064471350991802375,Twitter,1,27,elpuntoes parque eolico proyecto inversion publico privado tamaulipas buscar superar oaxaca principal productor energia eolico mexico informacion josue escamilla tamaulipas reynosa matamoros nuevolaredo cdvictoria tampico altamira madero
Twitter|https://x.com/RadioUAT/status/2064473352283021815,Twitter,2,31,traer informacion final cdvictoria nld reynosa matamoros tampico madero radiouat tamaulipas solobasketxradiouat solobasketmx esteesmijuego jueves manana elizabeth monreal escalante investigadora mexico secihti adscrita hablar dengue vacuna disponible desarrollo vacuna recombinant tamaulipas
Twitter|https://x.com/ReporteraDaisy/status/2064473756043542600,Twitter,1,31,elpuntoes diputado federal carlos canturosas afirmar reforma impulsado administracion claudia sheinbaum fortalecer institucion seguridad justicia enfrentar delito feminicidio extorsion informacion daisy herrera medrano tamaulipas reynosa matamoros nuevolaredo cdvictoria tampico altamira madero
Twitter|https://x.com/VoxPopuliNoti/status/2064475194010317304,Twitter,1,18,reciente lluvia fortalecer suministro agua jaumave tamaulipas manuel baez alcalde jaumave destacar funcionamiento pozo agua lluvias tamaulipas tampico
Twitter|https://x.com/Beto82824468/status/2064481762688766326,Twitter,1,2,coger tampico
Twitter|https://x.com/CentinelaSeguro/status/2064484771623747972,Twitter,1,7,funcionar lampara puente churubusco via tampico carril
Twitter|https://x.com/soy24siete/status/2064485433585598883,Twitter,1,22,simbolo petrolero foco infeccion antiguo instalacion sindicato petrolero seccion centro tampico permanecer abandonado vecinos denunciar malo olor ingreso constante persona situacion calle
Twitter|https://x.com/VictorTello73/status/2064486122973995312,Twitter,1,18,alguien cel coordinador cnte raton relajo cdmx autobus listo raza obrera mayo arbol grande santo nino tampico madero
Twitter|https://x.com/lacapital2006/status/2064488046838288698,Twitter,1,24,americo villarreal impulsar agenda paz bienestar desarrollo humanitario segob consejodepaz americovillarreal unmejorpaisparatodos tamaulipas cdvictoria laredo reynosa riobravo monterrey matamoros mante altamira madero tampico cdmx
Twitter|https://x.com/Reporteroszona/status/2064489860774154683,Twitter,2,22,aviso corte suspension servicio agua reparacion linea general restablecer servicio martes junio afectado colonia luis echeverria tampico comapasur quedar bonito chocar ehh
Twitter|https://x.com/DocUbaldo/status/2064490253688209702,Twitter,1,15,vigilancia cualquiera alteracion apariencia herida esencial evaluar necesidad reemplazar aposito favorecer adecuado proceso recuperacion tampico
Twitter|https://x.com/lacapital2006/status/2064492774347411838,Twitter,1,22,mejorar lluvia nivel almacenamiento presa tamaulipas lluvias nivelesdepresas raulquiroga tamaulipas ciudadvictoria nuevolaredo reynosa riobravo monterrey slp matamoros elmante altamira ciudadmadero tampico cdmx
Twitter|https://x.com/contextodgo/status/2064493317841457634,Twitter,1,55,luis donaldo mendia durango medalla nacional deportivo cecyte atleta plantel guajolota conquistar medalla bronce metro plano abrir medallero delegacion duranguense tampico tamaulipas luis juarez tampico durango comenzar resultado positivo participacion encuentro nacional deportivo cecytes luis donaldo mendia solis adjudicarar medalla bronce prueba metro plano durango luisdonaldomendia cecyte atletismo medalladebronce laguajolota tampico deporteduranguense noticiasdurango notar web
Twitter|https://x.com/jaamiriki/status/2064495090190414046,Twitter,2,6,guacamayo lauren planetaalofoke jajajajajajajjajjaja dique tampico
Twitter|https://x.com/jaamiriki/status/2064495341139841267,Twitter,2,10,guacamayo lauren jajajajajjajajajaja papa willy poneeir nombre planetaalofoke andy tampico
Twitter|https://x.com/Aleexnderveras/status/2064495355559866799,Twitter,4,15,papa willy puesto nombre lauren tampico guacamayo planetaalofoke calamardo llamar papa superchat mandar willy vaina
Twitter|https://x.com/Josr99fodao/status/2064496722009547220,Twitter,6,33,comprei essas pimba pea fim ter certeza tudo vai estragar quase nao beber laranja suco man kkk marca laranja suco tampico att finalmente encontrei alguem tomar dessa marca minha fav ela boa msm
Twitter|https://x.com/Pedrin_thefoda/status/2064495624762929601,Twitter,1,3,suco esse tampico
Twitter|https://x.com/AleBarcnas/status/2064496526534086735,Twitter,1,2,naborcito tampico
Facebook|https://www.facebook.com/TampicoGob/posts/pfbid06DCwa1MWCpiNT1ANm1gRL45gUZZHHop2dBQrCt1YA6JgwdfXtVSxGQmxQCkRBXrkl,Facebook,7,79,noche indicacion presidenta municipal monica villarreal brindar apoyo persona quedar transporte regresar hogar brindar apoyo direccion proteccion civil tampico direccion transito vialidad tampico coordinacion sedena disposicion camion camioneta traslado seguro unidad salir completamente lleno permitir familia llegar casa seguir equipo atender gente necesitar responsabilidad cercania compromiso tampicovacontodo tampicotecuida excelente labor accion gracias seguir bendecir amen alcaldesa monica amen ciudadania pie hombre mujer trabajador noche dificultar transporte lluvia gracias alcaldesa apoyar necesitar agradecer presidenta monica villar rel pendiente ciudadania num
Twitter|https://x.com/RevistaDebateMX/status/2064543247028965806,Twitter,1,9,tampico fortalecer cultura paz bienestar familia tampico revistadebate nota
Twitter|https://x.com/VoxPopuliNoti/status/2064549341230997817,Twitter,1,18,fortalece monica villarreal cultura paz familia tampiquenas administracion impulsar armonia vecinal foro mediacion rescate espacio publico tampico tamaulipas
Twitter|https://x.com/Devesa_News/status/2064550708477645271,Twitter,1,23,camion recolector basura caer socavon rivera champayan tancol zona norte tampico tamaulipas mal ciudad lluvia presentar inundacion choque terminar destrozar calle mal malas
Twitter|https://x.com/rubenrivera/status/2064569261800985039,Twitter,1,19,nefasto tamaulipas hermana verguenza tampico robar eleccion cambiar mal incrementar inseguridad servicio agua luz dejar desear basura acumular calle
Twitter|https://x.com/givenchy1245/status/2064572769073840554,Twitter,1,6,basura ratero sinverguenza asqueroso beneficio poblacion
YouTube|https://www.youtube.com/watch?v=mYADcuGPAgE,YouTube,9,53,deber llegar ley corea prole aplastado silla entrenar hijo criminal revistiendol soberbia madre prepotencia despotismo violencia algoooo ardido aztecs estrsnir tiro leche vear comentarista televisora azteca puro mentira helicoptero estadounidense caer ataque irani desinformativa azteca inundado rata cuentano chihuahua sabotaje azteca mexico cnt causas noticia noticia texas mexico mmmmm dejamar confirmar noticia opinar
Facebook|https://www.facebook.com/reel/1851807919130318/,Facebook,4,50,impulsar desarrollo economico tampico generar oportunidad emprender invertir crear seguir apoyar emprendedor credito fortalecer marca tampico distinguir empresa abrir oportunidad producto mercado seguir prosperidad compartido traducir inversion bienestar tampicovacontodo tampicotecuida gracias presidenta impulsar economia local marca historico tampico variado programa impulsar desarrollo economico tampico gracias alcaldesa seguir proyectos historicos administracion
Facebook|https://www.facebook.com/TampicoGob/videos/1352425780092327/,Facebook,6,28,inicio programa alimentando bienestar centro bienestar paz colonia solidaridad voluntad derecho programa apoyo bienestar llegar despensa quedar constitucion apoyo bienestar social derecho llegar bendiga tampico excelente seguir avanzar
Facebook|https://www.facebook.com/TampicoGob/videos/975747975456001/,Facebook,4,29,entrega premio concurso cobas plata oro platino ategrus asociacion tecnica gestion residuos medio ambiente felicidades tampicovacontodo tampico seguir progresar felicidad presidentar felicidad municipio tampico lindo dia espero ganir madero
Facebook|https://www.facebook.com/reel/1912209612824164/,Facebook,3,35,inicio programa alimentar bienestar entrega despensa vecino colonia solidaridad voluntad importante accion impulsado gobierno encabezado gobernador americo villarreal anaya representar apoyo familia tampiquenas fortalecer bienestar contribuir mejorar calidad vida tampicotecuida excelente accion presidenta felicidades magnifico
Facebook|https://www.facebook.com/TampicoGob/posts/pfbid0QJ4U2Rq2GEsEbS9M2VdJVACVzdKhJVy1JRMPsVd4oLkgQRyoWxru1AMoHGcG66m2l,Facebook,6,94,tampico seguir destacar nivel internacional municipio reconocer escoba platino maximo galardon otorgado ategrus asociacion tecnica gestion residuos medio ambiente concurso escobas espana reconocimiento distinguir ciudad sobresalir excelencia limpieza urbano gestion responsable residuo impulso proyecto sostenible mejorar calidad vida poblacion logro resultado conjunto ciudadania compromiso permanente construir tampico limpio ordenado sustentable tampico vanguardia nivel internacional tampico seguir destacar nivel internacional ganar chucho admiracion querer adjudicar cosa merecer respeto gente chingon despertar temprano visitar bello puerto limpio lucir tampico brilla felicidad companero rifan dia adiar solaso seguir resultado lic monica aser eventual derecho sindicato confianza gracias
Facebook|https://www.facebook.com/monicavtampico/posts/pfbid02o5wQ2JEwpTBeMJPkTvRNEQJhT83qVH6Fn933F6YJuuHVX51qAsJgDmboxD6mKyAcl,Facebook,5,75,tampico distinguir escoba platino maximo reconocimiento otorgado ategrus espana ciudad destacar excelencia limpieza urbano gestion responsable residuo desarrollo proyecto sostenible importante logro reflejar compromiso gente diario realizamos mantener ciudad limpio ordenado amigable medio ambiente escoba platino reconocimiento internacional llenar orgullo motivar seguir construir tampico merecemo tampicovacontodo tampicotecuida felicidad presidenta reconocimiento internacional felicidad presidenta equipo tampico limpio graciaa diferencia tampico cuidar incluir bendiga merecido platicar joven espanol afuera tienda mes magnifico ciudad agradable oir hablar ciudad
Twitter|https://x.com/yosoytampico/status/2064692824323338425,Twitter,1,7,zona norte tampico colonia villa hermoso inundar
Twitter|https://x.com/yosoytampico/status/2064699143805620543,Twitter,1,14,alerta tampico zona norte tampico calle col villa hermoso divisoria comentar salir casa inundado
Twitter|https://x.com/ElStandardDeTam/status/2064712656943005951,Twitter,1,19,tamaulipas veezz camion recolector basura caer socavon rivera champayan tancol zona norte tampico dejar caer ciudad bonito huastecas cdvictoria
Facebook|https://www.facebook.com/reel/999446849126774/,Facebook,3,40,conclui satisfactoriamente evaluacion correspondiente estandar competencia liderazgo servicio publico reafirmar compromiso mejora continuo responsabilidad implicar servir ciudadania eficiencia vocacion proceso colegio nacional educacion profesional tecnica conalep tamaulipas plantel matamoros certificacion orientado fortalecimiento competencia liderazgo desempeno ambito servicio publico felisidad excelenteeee
Facebook|https://www.facebook.com/monicavtampico/videos/1311304840638700/,Facebook,5,24,bienvenido podcast semana platicarer cabo obtener certificacion ayuntamiento centro implementar practica igualdad laboral discriminacion amar cuidar felicidades municipio certificacion excelente necesitabar excelente presidenta hermoso
Facebook|https://www.facebook.com/monicavtampico/posts/pfbid02FKZhYXW64fTHzsDzU8BwKYRCxFWkvtDhyTxuvDPLq6dYJK6G9NzFuw6ae7d3TSZ1l,Facebook,2,4,tampico felicidades felicidad alcaldesa
Facebook|https://www.facebook.com/TampicoGob/posts/pfbid02ScAne5k6sX45W4dUCAHMqpMi2r4duTkHgJSdYTXHs3mSjuQr8YLfhruDrzcYtpeLl,Facebook,3,62,historia futbol ciudad cobrar vida invitar recorrer exposicion siglo futbol tampico exhibicion podrar apreciar trofeo jerseys recorrido historia mundial revivir grandeza deporte descubrir pieza historico futbol formar identidad ciudad ano expo tampico junio agosto martes domingo entrada libre ven familia experiencia celebrar orgullo historia pasion futbol tampico ano futbol tampico entrada libre familia gracias presidenta rescatar celebrar historia deportivo ciudad perder junio
Facebook|https://www.facebook.com/TampicoGob/posts/pfbid02fC8VJiPi6J2qohyXcstRVNaSQ85yFx73iAkNXgEJT7SR2ej7u6wNM3gAURxrxMXDl,Facebook,1,77,instruccion presidenta municipal monica villarreal anaya regidora maria elena herrera ordorica seguimiento serie accion apoyo comunitario desarrollar beneficio familia colonia vicente guerrero sector aledanos actividad personal procuraduria federal consumidor profeco brindar capacitacion elaboracion producto limpieza jabon detergente cloro limpiador multiuso suavizant tela conocimiento representar oportunidad generar ahorro impulsar proyecto emprendimiento gobierno municipal proximamente accion beneficio tampiqueno jornada donacion lent acercamiento programa sonrisas bienestar servicio medico iniciativa fortalecer bienestar familia acercar informacion capacitacion apoyo contribuir mejorar calidad vida
Facebook|https://www.facebook.com/monicavtampico/posts/pfbid0QuZ5SJ7mz9rQ817aBizCkoWjY5hcUTHUuBquPmWLGb6rSGR2j25a64eERs4jxSszl,Facebook,3,53,seguir fundamental brindar servicio tampiqueno conclui satisfactoriamente evaluacion correspondiente estandar competencia liderazgo servicio publico proceso conalep tamaulipas plantel matamoros certificacion evaluacion fortalecer capacidad liderazgo desempeno atencion servicio publico tampico creer capacitacion constante herramienta seguir construir gobierno profesional comprometido servicio tampiqueno felicidades presidenta querer certificarme bravo alcaldesa responsable capacitado dirigir destino tampiquenos certeza confianza
Facebook|https://www.facebook.com/permalink.php?story_fbid=pfbid0ZX5ePJGvM8CwvHUFQ7W5tXrWjvVQpRQ58BMzj41W5eBiYPajDALHvWj8ccPiWMh6l&id=61567568690714,Facebook,7,107,tampico vivir mundial amplio agenda actividad disfrutar familia convivir apoyar seleccion entorno seguro cercano jueves junio transmision partido mexico sudafrica presidencia municipal piso viernes junio final mundial social unidad deportiva campo sabado junio intercambio estampa album futbolero monumento familia laguna carpintero jueves junio festival gastronomico tampico transmision partido mexico corea plaza hijas tampico sabado domingo junio bazar jerseys venta intercambio laguna carpintero sabado domingo torneo sports laguna carpintero martes inauguracion exposicion pasion jaiba expo tampico salon gobernador miercoles transmision partido mexico chequia domingo mercadito huasteco futbolero laguna carpintero pongansar huevonsot olvidar ameriquito gober huachicolero chambear sugerencia seleccion futbol gobierno paga puro vividor deber torneo futbolito mesa actividad
Twitter|https://x.com/MonicaVTampico/status/2064837768967053756,Twitter,1,22,tampico distinguir escoba platino maximo reconocimiento otorgado ategrus ciudad destacado limpieza urbano gestion residuo sostenibilidad logro reflejar compromiso gente ciudad limpio ordenado
Twitter|https://x.com/MonicaVTampico/status/2064459587642687613,Twitter,1,19,conclui satisfactoriamente evaluacion estandar competencia liderazgo servicio publico reafirmar compromiso mejora continuo fortalecimiento competencia necesario servir ciudadania eficiencia vocacion
Twitter|https://x.com/yosoytampico/status/2064854670665740371,Twitter,1,24,armando martinez alcalde altamira defeca patio trasero monica villarreal alcaldesa tampico colonia villahermosa tampico llamado profepa inundado agua negro olor pestilent drenaje infeccion piel
Twitter|https://x.com/RevistaDebateMX/status/2064908125212160452,Twitter,1,11,tampico conservar escoba platino fortalecer liderazgo ambiental internacional tampico revistadebate nota
Twitter|https://x.com/VoxPopuliNoti/status/2064915196682846242,Twitter,2,34,monica villarreal refrendar liderazgo tampico recibir escoba platino municipio consolidar liderazgo limpieza recibir importante reconocimiento internacional espana tampico tamaulipas aprobar reforma regular musica espacio publico tamaulipas legisladores garantizar proteccion autor compositor congresodetamaulipas tamaulipas musica
Facebook|https://www.facebook.com/TampicoGob/posts/pfbid0No27vuJeMVfiQDp5XFy9cjapLeaMkU8kaPQ8dumAE4tWGqFpeG1tsEyvbSnby7gql,Facebook,2,5,felicidades presidentar ocupar ciudad limpio
Facebook|https://www.facebook.com/monicavtampico/posts/pfbid0FVq9ZZhxvXKT84Se15fF67nr6666AjWdUpMi7g138aZqDAUTKEdE1FRpq3R3UPtkl,Facebook,5,23,dia arrancar mundial tampico respirar ambiente futbolero disfruter fiesta deportivo formar paisaje ciudad excelente viva mexico bonito tampico futbol lindo tampico vivir futbol
Facebook|https://www.facebook.com/monicavtampico/posts/pfbid0FaCYJuY3tpo5qmbu2vjA3DrufAwrSkt7uUgVPKhahNz28Ux8CpNnTAnxBCxbX9XYl,Facebook,2,43,sostuve reunion sindicato suetra sindicato rojo representado secretaria general elizabeth juarez merinos integrante comite reconocer papel fundamental desempenar trabajador sindicalizado cuyo esfuerzo diario fortalecer funcionamiento municipio contribuir directamente bienestar familia tampico agradecer disposicion dialogo reitero compromiso seguir equipo tampicovacontodo tampicotecuida seguir llegar exito
Facebook|https://www.facebook.com/secretariadeobraspublicastampico/posts/pfbid0hphQZ4f2TZ1vt8e43DGfFARhojkAcP8VQYJajt2xQaKUGBDZ1xvGSubnX7gn5ZBFl,Facebook,4,61,finalidad garantizar seguridad vial prevenir afectacion temporada lluvia cumplimiento instruccion alcaldesa monica villarreal personal secretaria obras publicas rehabilitacion rejilla pluvial ubicado avenida torres blvd loma real fracc diamante labor buscar asegurar libre seguro transito automovilista peaton optimizar sistema drenaje evitar inundacion encharcamiento zona tampicovacontodo tampicotecuida desasolve rejilla puente monterrey cuando madero ahhh mexico mundial senor presidente municipal gracia reparar alcantarilla colonia
Facebook|https://www.facebook.com/reel/1315345930703008/,Facebook,2,52,calle tampico recibir atencion constante labor barrido limpieza general chapoleo retiro palma control hierba espacio publico administracion monica villarreal anaya tarea continuar dia diverso ciudad contribuir cuidado entorno bienestar transitar seguir construir ciudad ordenado agradable tampicotecuida monica villarreal tampico gob granito barrer frente casa sacar basura pasar camion recolector basura tapar dren
Facebook|https://www.facebook.com/servpublicostampico/posts/pfbid02Eu6qo8Sa7HiRQ6F1SXAMQ6QP49xTqewMyYr8xzzkPtZGNfo54kAJfcpefViGjcwPl,Facebook,1,37,jornada integral limpieza llegar col americas junio sumatir esfuerzo entorno limpio libre criadero mosquito saca cacharro llanta mueble objeto desuso aprovechar unidad recoleccion participacion diferencia juntos construir colonia limpio seguro saludable familia tampicotecuida monica villarreal tampico gob
Facebook|https://www.facebook.com/servpublicostampico/posts/pfbid02FLL3DwnWZTBbginHKsVLLosWRgQUbEvzQ6KURtMdZoDG84mcsKz8R4p8EEnQ2GQ2l,Facebook,10,202,dia contar tratar mantener ciudad limpio lunes domingo labor recoleccion basura casa casa atender ruta programado ciudad accion impulsado gobierno municipal monica villarreal anaya servicio continuar diariamente familia tampiquenas recordar respetar dia horario recoleccion mantengamos entorno limpio agradable tampicovacontodo monica villarreal tampico gob adulto barrer frente casa dinero recolector parecer pagar municipio chequen dato supervisores recoleccion basura ojala dia multar tirar basura abundancia colchones madera ropero silla bote tubo cosa tirar calle banqueta tocar sacar basura drenaj cosa echar tirar empezar educacion calle privado admirable respeto admiracion companero dios bendice medio comunico aser calle unidad modelo unidad recoleccion basura bote pesado semana pasar logico acumular kieren checar manana bote bolsa dejarir sabado sabado ilogico pir gente entender pasar camion sacar culpa presidenta felicidades presidenta monica villarreal nombrar malagon oficina servicios publicos agradecimiento var cambio reportes diverso peticiones cumplir vivir cuadra oficina var equipo malagon respetos recolectores llover pasar comentarios permitir sacar escombros colchones maderas rama arboles camion banqueta calle report oficina folio vinien aviso face enterado numero reportar sacar dia pasar puedar limpio banquetas calles respeto companero servicio publico companero equivocar presidenta monica villarreal frente ing malagon trabajado duro enla amanecer pagar entender pagar entender pagar deber insalubre muchacho recoger pobrecitos insalubre
Facebook|https://www.facebook.com/direccioneducaciontampico/posts/pfbid0gQF6Y3qBY9fFoCTWAPXPaHpTmzyZxejnBCQD8BxsPaxisv79XeyB5Z8nXTSUSaffl,Facebook,4,76,trabajando equipo educacion tampico direccion educacion ayuntamiento tampico presidir presidenta municipal monica villarreal anaya recibir visita supervisora zona escolar preescolar mtra dulce maria mercado delgado directoras jardin ninos jose maria morelos colonia tamaulipas mtra maria asuncion espinoza garrido mtra jessica barron balleza turno matutino vespertino atender directora educacion mtra maria alejandra sanchez sanchez escucho peticion plantear diverso mejora institucion seguir sumar esfuerzo bienestar nino nina tampiqueno seguir cenar felicidades mtras especial mtra alejandra sanchez sanchez dinamica
YouTube|https://www.youtube.com/watch?v=ghM1o2SKdCA,YouTube,1,5,oraz ter grio erste glima
Facebook|https://www.facebook.com/reel/1706545267341582/,Facebook,5,40,vivir ambiente mundialista feliz disfrutar partido mundial espacio presidencia municipal querer familia tampiquena vivar fiesta deportivo ambiente convivencia alegria union vengar apoyar mexico compartir emocion futbol esperar hermanaaaaaaa nda nancy guerra moreno apoyar mexico viva mexico futbol unir voi alla
Facebook|https://www.facebook.com/monicavtampico/posts/pfbid02Rh6Nbawdgem7LKj5K94AUfUNADY5gebApXa5xqmBrendZYPV3Lk899NBPdKDspZ9l,Facebook,6,46,felicidad seleccion mexicana triunfo vivir disfrutar emocion encuentro mexico sudafrica compartir alegria orgullo pais celebrar jugada gol pasion unir millon persona mundo futbol seguir fiesta mundialista vengar exito mexico bravo mexico mexico seleccion avanza viva mexico inauguracion mundial triunfo querido seleccion fraterno convivio tampico vivir mundial
Facebook|https://www.facebook.com/reel/782280628207562/,Facebook,3,11,felicidades carlos excelente alcaldesa numero mentir seguir avanzar sobra merecido reconocimiento
Facebook|https://www.facebook.com/direccioneducaciontampico/posts/pfbid0327zyBNGgvRBQtH4JakALz65aoDH2vDtvkDFsaZtL2cHPW78fHCtWBAREGA3uJfxCl,Facebook,1,38,atencion director maestro primaria tampico instruccion alcaldesa monica villarreal anaya direccion educacion invitar plantel increible actividad gratuito aprende jugar ahorra educacion financiero ahorro hablar oratoria expresion oral platicame libro fomento lectura taller escuela complementar aprendizaje alumno forma divertido
Facebook|https://www.facebook.com/direccioneducaciontampico/posts/pfbid02cL2C4TSW3QAcpbAQkVpNpsWgZVU4p5EgEUqGS9L5Wv2LTiFswsuGXfKHwjEeRE2Rl,Facebook,1,45,excelente iniciativa llegada biblioteca movil junio escuela primario cedros libano noticia comunidad escolar programa fomentar amor lectura infancia transformar entorno educativo cultura aprendizaje directamente alumno duda coordinado direccion educacion instruccion alcaldesa monica villarreal anaya reflejar compromiso bonito desarrollo futuro ninez municipio seguir exito recorrido escuela
Facebook|https://www.facebook.com/servpublicostampico/posts/pfbid02AKW5P1HaUNw1DnS1ccrFp8uWYZH2yQUFp6MPjhEBMKsCjC5wpzm6j8ctDEwrDMVRl,Facebook,1,54,objetivo fortalecer infraestructura pluvial ciudad mantenimiento general bomba ubicado carcamo colonia moscu vicente guerrero operar automatico brindar funcionamiento eficiente accion impulsado administracion monica villarreal anaya contribuir mejorar capacidad respuesta sistema drenaje pluvial beneficiar directamente familia sector servicio efectuar personal especializado equipo permitir optimizar operacion ayudar prevenir inundacion temporada lluvia tampicotecuida monica villarreal tampico gob
Twitter|https://x.com/JoseNiembro/status/2065127298727096488,Twitter,1,9,pena falta limpieza laguna carpintero mirador cocodrilo visitante queretaro
Twitter|https://x.com/laexpresionmx/status/2065215029687775389,Twitter,2,18,optimiza gobierno tampico salud programa sonrisas bienestar tamaulipas cdvictoria contenedor trailer desprender bloquear bulevar rios altamira tamaulipas cdvictoria
Facebook|https://www.facebook.com/direcciondesarrolloeconomicotampico/posts/pfbid02nHxhryVpyWnCP4KHHczkevHWYF3bJj7FXUsr2UFtV3kvwcccDiWX2YK4vL1gG9uWl,Facebook,4,61,listo esperar edicion vivir pasion futbol talento huasteco invitar mercadito huasteco edicion futbolero espacio encontraras delicios gastronomia artesania regalo snacks musica vivo sorpresa disfrutar familia junio laguna carpintero registro gratuito cuota recuperacion respaldo presidenta municipal monica zacil villarreal anaya seguir impulsar consumo local fortalecer espacio emprendedor artesano productor region apoyar local disfrutar ambiente futbolero experiencia registrado esperar seleccionar amiga registrar llamar
Twitter|https://x.com/RevistaDebateMX/status/2065262637290512484,Twitter,1,11,tampico vivir pasion mundial deporte cultura convivencia familiar tampico revistadebate nota
Facebook|https://www.facebook.com/monicavtampico/posts/pfbid0q4B1uWbNKpHtFP2CKV5ZE7oWdro968mwG8vNDocjLqMqqQwzon4CkxN5DgHTgkCLl,Facebook,4,50,seguridad construir accion preventivo entregar extintor oferent alimento rodante nocturno calle colonia borreguera diariamente utilizar equipo gas preparar ofrecer producto entrega fortalecer medida seguridad espacio brindar tranquilidad actividad familia disfrutar tradicional encuentro seguir cuidar gente apoyar esfuerzo impulsar economia local tampicovacontodo tampicotecuida excelente tampico cuidar super presidenta saludo excelente bendicion
Facebook|https://www.facebook.com/secretariadeculturatampico/posts/pfbid0ghcEQGqM9UmPpAY1eRQ98tHE7LnDEsLeHuT7Xd4c9EvweUaoXFoKxWrE6sCyVFLRl,Facebook,1,44,semana continuar llenar musica arte convivencia espacio publico ciudad distinto tampico recibir jornada cultura paz promover actividad encuentro participacion ciudadano tradicion ritmo presente esperado danza presentacion con banda municipal bailes populares espacio reunir familia tampiquenas musica danza consulta fecha horario banner secretariadecultura tampicovacontodo arteycultura
Facebook|https://www.facebook.com/ProteccionCivilTampico/posts/pfbid0KvapY367Wz6nxFhfGJu12zi9xNUQkV5VJf2qYodJ9EtHt8Pn5EZPpxdT1WWJAgmtl,Facebook,4,88,simulacro desbordamiento sistema lagunario rio panuco tampico seguir indicacion monica villarreal anaya presidenta municipal tampico coordinacion sedena proteccion civil tampico dia manana viernes junio cabo simulacro desbordamiento sistema lagunario rio panuco tampico equipo seguimiento permanente report informacion compartar participacion actividad delegaciones estatales federales municipales equipo voluntario simulacro col vicente guerrero sector moscu tampico hrs finalidad preparado situacion riesgo emergencia temporada lluvia tormenta huracan cuida proteccion civil proteccionciviltampico tampicotecuida tampicosomostodos bomberostampico simulacroporinundacion pinche prejumenta simulacro simulacro cosa cubrir bache corregir fugas agua negro prevencion importante cuida llover inundar jajaja
Facebook|https://www.facebook.com/reel/1801738617899798/,Facebook,3,60,seguir preventivo fortalecer infraestructura hidraulico ciudad colonia vicente guerrero sector moscu colocacion compuerta carcamo ubicado calle estero accion contribuir mejorar funcionamiento capacidad respuesta accion coordinacion secretaria servicios publicos cabo labor mantenimiento carcamo secretaria obras publicas responsable instalacion compuerta continuar colocacion refuerzo costado aplicacion acabado concluir importante obra tampicovacontodo tampicotecuida excelente accion tampicotecuida compuerta carcamo funcionar apoyar moscu venir lluvia excelente
Facebook|https://www.facebook.com/monicavtampico/posts/pfbid02pkopa4h3HEVXF8yNaiJeDyuddGGQ9fp6HK4XAnzsQsCSfShnqKs88XQrooAfuicHl,Facebook,3,77,participe sesion numero mesa ciudadana seguridad justicia tampico ciudad madero altamira espacio ano ininterrumpido paz prevencion bienestar region compartir avance prevencion violencia fortalecer concientizacion ciudadano cultura denuncia base construir entorno seguro comparti importante participacion consejo estatal paz entregar diagnostico seguridad humana tampico reafirmar compromiso seguir impulsar accion fortalecer convivencia prevencion especialidad prevencion violencias entorno comunitario impartir colegio tamaulipas valioso herramienta formacion seguir sumar esfuerzo entorno seguro calidad vida tampicovacontodo tampicotecuida descanso bienestar tampiquenos trabajando presidenta tampiquenos tampico
Facebook|https://www.facebook.com/reel/1658346338558057/,Facebook,7,41,vivir intercambio esperar sabado monumento familia form grande actividad mundialista intercambio sticker ayudarte completar album rifa sorpresa actividad disfrutar monumento familia tampicoviveelmundial tampicotecuida tampicovacontodo excelente bonito futbol carlos vazquez oscar atanasio alejandro salazar alguien compartir hijo tarjetita favor kika garcia sanchez
Facebook|https://www.facebook.com/reel/979097658356054/,Facebook,5,63,mano presidenta municipal monica villarreal anaya avanzar atender necesidad ciudad accion constante fortalecer entorno urbano jornada representar oportunidad seguir cuidar ciudad mantener permanente labor desazolve limpieza distinto via publico contribuir seguridad movilidad bienestar poblacion detras ciudad avanzar existir constante tampicovacontodo monica villarreal tampico gob coordinador parejo trabajador felicidad embeceller tampico chamba alcalde reto buitre pineda dificil gobierno ciudadano apoyamos facil beneficio ciudadania presidentar
YouTube|https://www.youtube.com/watch?v=W237r6drAOA,YouTube,2,23,aaa andar duelto creia sonado dejenlo culpsble tsnro muerto ojala privilegio asesino cuantos madre llorar matar joven morir carcel tratenlo peor quitir desgraciado
Facebook|https://www.facebook.com/reel/1486559579375697/,Facebook,4,51,ciudad deportiva seguir impulsar actividad deportista local visitar distinto pais competencia desarrollar zona sur tamaulipas alumno terapia danza deportiva participar dinamica fortalecer companerismo motricidad atencion promover bienestar inclusion tampicotecuida alumno terapia danza deportivo compartir espacio deportista pais demostrar tampico construir ciudad gracias presidenta maximo alcaldesa excelente apoyar persona capacidad gobiernohumanista gobiernoincluyente
Facebook|https://www.facebook.com/secretariadeobraspublicastampico/posts/pfbid021RV3dQATvpriYz5a1wbNV5um5LesSDKgmNVAYxsFPnVCYXGdfwMzy5yfQWX4jGHil,Facebook,9,142,reciente lluvia registrado ciudad instruccion alcaldesa monica villarreal activar oficial operativo limpieza desazolve zona norte jornada limpieza prevenir inundacion proteger familia objetivo principal mitigar riesgo limpieza rejilla asegurar flujo correcto agua brindar apoyo oportuno ciudadania accion prioritario limpieza retiro basura rejilla pluvial boca tormenta descombro liberacion canal cauce natural atencion mitigacion encharcamiento critico vialidad principal prevencion tarea exhortar vecino colaborar mantener frente casa limpio evitar tirar desecho via publico acumulacion basura principal causa fallo infraestructura pluvial ocasionar inundacion tampicovacontodo tampicotecuida venir villa hermoso alcantarilla abierto escurrimiento agua negro foco infeccion criadero mosco logro activar gobierno habitual aplaudir andar limpiar desazolvar empezar tarde alcanzar limpiar necesario canal colonia chofer limpiar retirar escombro urge desasolve drenaje calle ave paseo laguna avenida torres col laguna puerta aire grandeza obligacion deber castigar omision prevenir mantener limpieza opcional permanencia red social importancia obligacion bendicion calle cuando emparejar
Facebook|https://www.facebook.com/ProteccionCivilTampico/posts/pfbid031Ltx5fZmW6DJvZx7L77bUH8KpwNEruwjnCCJfwcqqR2YfFSi6Fsx5G63CEbEncoHl,Facebook,7,127,simulacro inundacion desbordamiento sistema lagunario rio panuco tampico indicacion monica villarreal anaya presidenta municipal tampico cabo viernes junio col vicente guerrero sector moscu operativo simulacro inundacion desbordamiento sistema lagunario rio panuco tampico encabezar actividad sedena proteccion civil tampico coordinado dependencia gobierno federal estatal municipal conjunto equipo voluntario donde actividad alertamiento inicio ejercicio movilizacion centro mando coordinacion operativo interinstitucional reporte accion dependencia evidencia fotografico actividad reporte indicador resultado ejercicio personal direccion proteccion civil deir seguimiento permanente report compartido grupo finalidad mantener flujo informacion agil ordenado ejercicio compartir relevante caracter operativo evidencia fotografico representativo actividad descripcion real agradecer importante actividad esfuerzo dedicacion labor familia tampiquenas tampico diganle ing marin venir cocodrilo andar parque urbano borreguera puuuuuuras mmda madero hipodromo inundar simulacro excelente ing marin equipo felidades presidenta lic monica
Facebook|https://www.facebook.com/servpublicostampico/posts/pfbid02UqUVKGzMu91KpW4XseBJ1Q2h43ZaVsgoEE8DgqEPtzXqgkNmfXbiit7YJ8uKvAMol,Facebook,2,63,jornada representar oportunidad seguir cuidar ciudad mantener permanente labor limpieza camellon central boulevard adolfo lopez mateos norte contribuir seguridad bienestar poblacion seguir ruta impulsado presidenta municipal monica villarreal anaya continuar sumar esfuerzo conservar tampico ordenado funcional tampicotecuida monica villarreal tampico gob rataaaa asquerosa vividorar pueblo tampico lacraaa sociedad inservible payasaaa inuitilaza burraza viejaaa inservible bufonaaaa priista monica villareal partido morena hacser rataaaa asquerosa
Facebook|https://www.facebook.com/TampicoGob/posts/pfbid02bwXMChxvoNc7Cmav7Wo2LeArxeMGnpFAzuKQT88MXxUPmVmUU4pw2jLzRF7WPBugl,Facebook,2,33,llegar final mundial social intercolonias noche campeon enfrentar cuervos unidad bella materiales adan vicente campo ciudad deportiva ven apoyar equipo favorito noche lleno emocion pasion futbol pierdar mundialsocialintercolonia granfinal futbol ciudaddeportiva miedo exito
Twitter|https://x.com/RevistaDebateMX/status/2065522483470410063,Twitter,1,14,investiga policia cibernetica fraude mensaje falso tampico activo fondo mdp lluvia tampico revistadebate nota
Facebook|https://www.facebook.com/reel/1560900755618827/,Facebook,4,44,sabado junio invitar jose carlos lezama joven piloto tampiqueno formula ano representar orgullo ciudad automovilismo profesional determinacion alcanzar sueno llegar formula esperar museo automovil transporte tampico monumento familia compartir detalle participacion competencia oficial avalado fia felicidades orgullo tampico felicidades carlos orgullo orgullosamente tampiqueno felicidad
Facebook|https://www.facebook.com/TampicoGob/posts/pfbid02vXs71rDbX9fB4LCcResgqpathNHintTSAjAdUysNDZ89zt9a4ZdmNqzHkNDdTERcl,Facebook,8,47,listo agenda tampico vive mundial esperar semana intenso lleno actividad convivencia pasion despertar futbol preparar agenda especial nina nino joven familia disfrutar fiesta deportivo tampicotecuida tampicovacontodos fifa aprobastar mascota mundial jaja excelente mexico tampico diana almaraz juancho mundialista viva mexico excelente programa apoyar mundial pais programa hora
YouTube|https://www.youtube.com/watch?v=xmW9FZLz7e0,YouTube,6,29,hora notar sinceridad alegria asco mujer larguese aguantar desprecio encubrir andy lopez beltran principal robe huachicol fiscal pdjs almirante carcel pdjs moren mal pueblo mexicano isaac toro existir futbolaburricion
Facebook|https://www.facebook.com/monicavtampico/posts/pfbid02QY9YNavtRw5fUzFgsCcR4Rn2w3SCdDztZHQFHymWtoTZxR2PAHvvX1PukKgi6uHpl,Facebook,1,10,final mundial social intercolonia tampico cuervos materiales adan vicente guerrero
Facebook|https://www.facebook.com/reel/1358372859485861/,Facebook,6,38,vivir mundial social intercolonias tampico ciudad deportiva disfrutar fiesta futbolero reunir equipo familia aficionado apoyar equipo favorito experiencia disputar bolsa pesos premio equipo campeon tampicovacontodo tampicotecuida genial presidenta ambiente felicidad ganador guapo fer badillo omrry art nancy yurixi
Facebook|https://www.facebook.com/TampicoGob/videos/1371608391488271/,Facebook,5,20,ceremonia premiacion mundial social ciudad deportiva bonito apoyar porte presidenta monico villareal tampico mundialito mujer felicidad campeon excelente exito saludo
Twitter|https://x.com/RevistaDebateMX/status/2065621628352926039,Twitter,1,11,tampico reforzar accion prevencion participacion ciudadano fortalecer seguridad tampico revistadebate nota
Facebook|https://www.facebook.com/monicavtampico/posts/pfbid02yJjMtNwd1RU2E878SShz9uLaGDk6Vu94jYtdSbXeM5eB2aeqCVWZseu9gn3gorZPl,Facebook,6,47,felicidad equipo ganador mundial social intercolonias tampico materiales adan colonia vicente guerrero pesos cuervos colonia unidad modelo pesos quesos burdeos colonia obrera esquina colonia morelos pesos reconocimiento equipo destacar equipo inscrito participar torneo impulsar deporte calidad evento felicidades excelente felicidad campeon bendicion felicidades ganador tampico mundial social
Facebook|https://www.facebook.com/reel/1323230075859973/,Facebook,6,52,trasplantar arbol seguir construir tampico verde sustentable coordinacion direccion parques jardines sindicato setrat realizamos jornada ejemplar orejon palo rosa contribuir cuidado medio ambiente fortalecimiento area verde tampicovacontodo tampicotecuida hermoso quedar tampico gob gracias excelente actividad beneficio tampico hermoso bendicion alcaldesa querer ayudar excelente labor presidenta sindicato setrat orgulloso pertenecer gremio tampico verde
Facebook|https://www.facebook.com/TampicoGob/posts/pfbid0xPsg5WYs7EZ1NpNHQGUihrzwPF89kgdp45ykmiufsXZ4atzJ3cCynHeJyCBdoLwql,Facebook,5,60,realizamos trasplante arbol accion impulsir fortalecer area verde ciudad coordinacion direccion parques jardines sindicato setrat cabo jornada trasplantar ejemplar orejon palo rosa especie contribuir tampico ciudad verde sustentable amigable medio ambiente reconocimiento participar labor arbol sembrar representar futuro familia generacion tampicovacontodo tampicotecuida perfecto lluvia rapido crecer genial apoyo aprender realmente trasplante arbolito vida pulmon generacion tampicotecuida excelente bonito hermoso arbol
Facebook|https://www.facebook.com/monicavtampico/posts/pfbid02M92JyXzatFSkwRXUnkQWkTqAVQUdBsn1vk2fx8fDTUWNV2cpG2w856HpU42dkB2ul,Facebook,3,39,marco dia libertad expresion oportunidad acompanar red mujeres periodistas sur tamaulipas emotivo encuentro entregar reconocimiento periodista ano trayectoria laboral dedicado informar compromiso profesionalismo felicidades homenajeada gracia compromiso tampicovacontodo tampicotecuida felicidades mujer hora alcaldesa tampico apoyar privilegiar libertad expresion felicidades
Facebook|https://www.facebook.com/reel/1009223215232024/,Facebook,1,42,representacion presidenta municipal monica zacil villarreal anaya honor asistir ceremonia graduacion icest campus tampico acompanar joven culminar importante etapa formacion profesional reconocer esfuerzo dedicacion perseverancia graduado apoyo invaluable familia docente desear exito etapa convencido talento contribuir desarrollo bienestar comunidad felicidad generacion logro
Facebook|https://www.facebook.com/TampicoGob/posts/pfbid036uW8tM41uW14Ynz2iFKSQ7bSd32zBihNVXAuHT77mpU2R3KdT33z7QAgyE53Xwsel,Facebook,6,87,llenar orgullo compartir atleta tampiqueno tampiquena obtener medalla olimpiada nacional conade resultado reflejar talento disciplina esfuerzo atleta logro gracias desempeno deportista competir disciplina tiro arco gimnasia ritmico judo karate canotaje lucha asociado futbol atletismo ajedrez halterofilia gobierno tampico reconocer orgullo entrenadora entrenador familia acompanar camino seguir impulsar deporte herramienta formacion disciplina grande sueno juventud felicidadesssss ganadores distinto disciplina entrenador familia seguir cosechar exito tampico tampicovacontodo felicidad atleta entrenador alto tampico tamaulipas convivencia atleta entrenador gobernador victoria medalla olimpiada nacional felicidaded faltar tkd traer medalla tamaulipas tampiquenos top
Facebook|https://www.facebook.com/reel/982358491355462/,Facebook,5,47,joven tampiqueno jose carlos lezama destacar formula alto nombre tampico esfuerzo disciplina laguna carpintero familia tampiquena reunir convivir monoplaza fotografia ambiente lleno emocion orgullo local gobierno municipal seguir impulsar talento actividad deportivo juventud inspirar creer sonar grande tampicovacontodo tampicotecuida experiencia orgullo comadrita lucy lezama guapo antonio felicitaciones
Facebook|https://www.facebook.com/TampicoGob/posts/pfbid0maTmsBbddELqi699RfJJRfo62QbgH79MjLJTBNZixnWVf7rAGmtMiR5mRCvZkEPXl,Facebook,7,59,pasion mundial vivir tampico jovenes nina nino familia reunir intercambiar estampa completar album panini mundial actividad impulsado instituto juventud tampico permitir crear espacio convivencia integracion diversion gracias participar experiencia seguir impulsar espacio fortalecer convivencia tampicovacontodo tampicotecuida luz maria pena gonzalez mire dona comare padre actividad saludo yadira guerrero idoooo excelente convivencia gracias actividad porfi jijiji crio andar emocionado faltar
Facebook|https://www.facebook.com/monicavtampico/posts/pfbid0vXsBvJkrnsRe4TKrEwX235CLKseGz8ydmykiGQpXx6ws5PNDeXbDVQXzPvpdXoqkl,Facebook,1,3,mundial llegar mexico
Twitter|https://x.com/TampicoGob/status/2066199254893252671,Twitter,1,23,pasion mundial vivir tampico jovenes nina nino familia participar intercambio estampa completar album panini instituto juventud seguir impulsar espacio convivencia integracion sano esparcimiento
YouTube|https://www.youtube.com/watch?v=P_HfxWr6vJI,YouTube,1,2,vivir hayyy
Facebook|https://www.facebook.com/reel/978260451875229/,Facebook,4,45,gobernador americo villarreal anaya reconocer atleta tampiqueno ceremonia civico honor bandera recien rehabilitado campo enrique borja reconocimiento destacado desempeno representar tamaulipas gracias esfuerzo disciplina talento obtener medalla conquistar deportista tampico resultado llenar orgullo reflejar calidad deportivo ciudad tampicovacontodo tampicotecuida apoyar deporte gracios gobernador medalla tampico
Facebook|https://www.facebook.com/servpublicostampico/posts/pfbid0h494NNiygaCJhChYJhbDu9mvW7fTQzbJLHYaXYeCbyajnMAZ5fvVgnsyqhF5iD6Wl,Facebook,5,80,cuadrilla encontrar activo aseo via publico prolongacion hidalgo transformar imagen comunidad liderazgo presidenta monica villarreal anaya sumar esfuerzo diario dignidad orden espacio comun cuidar hogar tarea dia tampicovacontodo monica villarreal tampico gob avenida torre norte sur enmontado lleno basura limpiar torre norte tarde vecino tampico favor adentro colonia beneficio alumbrado limpieza canal socavon donde empresa comapa favor medio agar peticion ofender aprovechar andar tramo avenida desague agua taponiado abrir limpien evitar encharcar agua norte sur sur norte saludos andir limpieza
Facebook|https://www.facebook.com/monicavtampico/posts/pfbid0bu1isGWGsvzghak1Jd5cLc7SjHSSiiPKd7Rpj9iSfRXZkHrRgr5HnfKdAUiamadSl,Facebook,4,63,tampico sentir profundamente orgulloso contar atleta representar honor disciplina entregar ciudad tamaulipas medalla obtenido deportista tampiqueno conquistada muestra talento dedicacion esfuerzo existir juventud resultado reflejo accion impulsar fortalecer deporte ciudad rehabilitacion cancha deportivo distinto disciplina mantenimiento alberca creacion sala halterofilia iniciativa brindar espacio oportunidad atleta felicitacion deportista entrenadora entrenador alto nombre tampico felicidad joven fortalecer deporte jeneral felicidades orgullosamente tamaulipas medalla tampico bravo
Facebook|https://www.facebook.com/reel/1551562486423344/,Facebook,6,64,iniciar semana ciudad victoria agenda productivo participar honor bandera celebrar orgullo reconocimiento atleta tampiqueno conquistar medalla ciudad asimismo junio estarer cabo jornada capacitacion prevenir erradicar violencia laboral servicio publico brindar material informativo canal denuncia platica sensibilizacion identificar prevenir conducta seguir construir entorno laboral seguro respetuoso libre violencia tampicotecuida tampicovacontodos exito presidenta felicidad resultado notar gobierno apoyar atleta hora alcaldesa gobernador ava monica presidenta hermoso
Facebook|https://www.facebook.com/TampicoGob/posts/pfbid07nqKk3aR71LP2eHMQDf5AeoMRorGvtT7RCTrEfAEzVHFraNaF5Z6JiwemFdSuQexl,Facebook,3,47,municipio tampico hablar futbol invitar formar torneo mundialista actividad celebrar temporada mundialista torneo desarrollar dias junio laguna carpintero participacion equipo categoria libre ganador xbox series recibir premio sorpres inscripcion donativo alimento mascota destinar refugio zona inscripciones informe competitivo warzone fornite xavier ponce compean carlos cast christian cast
Facebook|https://www.facebook.com/monicavtampico/posts/pfbid0faX4FV1fqdCfmstyesASXmX6tmVLdVNBr5dwuyLuq7gyut9UAbLZFhJqZMh3WFxfl,Facebook,4,38,sostuve productivo reunion secretario recursos hidraulicos desarrollo social tamaulipas raul quiroga alvarez dialogar proyecto accion estrategico seguir fortalecer infraestructura hidraulico desarrollo region coordinacion distinto orden gobierno fundamental impulsar obra solucion generar bienestar saludo alcaldesa tampico seguir transformar tampiquenos
Twitter|https://x.com/dee_teee/status/2066947145719009474,Twitter,2,9,try tampico instead fanice thank later hear love pfp
YouTube|https://www.youtube.com/watch?v=U8NhX3BUims,YouTube,15,85,cuando adan agustir adan calladito dientona ojala vengar narco politicos narco partido morena corrupto criminal narco fiscales narco policias narco militares ojeda juzgar presidenta chivo expiatorio venir criminal malo denuncia morena negocio cachar funcionario morena buque rato sistema modus operandi industria fraude robo combustible pemex barquito llegar lanchita convercion minimizadoro convenir pequeno grande perjudicar grande pequenisimo intrancendente efecto acordeon destruir judicial mediocres gobierno presidenta vivir mundo vieja corrupto tapadera genial prueba baile tapadera complicidad ipso facto rocha asociado osea enganar sistema gobierno millon chairos creer
Facebook|https://www.facebook.com/TampicoGob/videos/1482185800612902/,Facebook,3,19,inauguracion pavimentacion concreto hidraulico infraestructura hidrosanitaria calle avenida belisario dominguez jose maria morelos pavon colonia arenal iexcelente tampico lujo
Twitter|https://x.com/soy24siete/status/2066613478484263352,Twitter,2,30,tampico aportar mitad medalla obtenido tamaulipas alcaldesa destacar presea conquistado delegacion estatal lograr deportista tampiqueno conductor derrapa volcar barranco carretera persona adulto menor resultar ileso vehiculo salir camino pavimento mojado
Twitter|https://x.com/TransicionNorte/status/2066997951734378528,Twitter,2,37,merida cotizar bolsa compraria ciudad dejar senal leer inversioninmobiliaria plusvalia patrimonio yucatan realestate responder palabra comprar esperar vender ano vecina apostar zona aprovechar excedentedeterreno ampliar hogar recamara impulsar barda estilo tampico inversion entender merida seguir crecer patrimonio
Twitter|https://x.com/SpartanL17/status/2067002960257634790,Twitter,4,48,empezar fuerte temporada tropiezo qro cerramos latinoamerica nivel mundial contento trabajare pronto mundial mandir equipazo mano pls happy finish latam also happy got travel award see worlds spartir millon fan spartir fan spartir fan spartir fan mundo mundo spartir mundo organizar regional tampico viejon perder jaibito escuis hierro
Twitter|https://x.com/gLordca/status/2066977297131794481,Twitter,2,17,dato pelicula cinemexicano visto semana gay lgbt camino mesdelorgullo quejar cafe chairel sala semana tampico llegar camino
Facebook|https://www.facebook.com/monicavtampico/posts/pfbid02sP3gCansRvwbNLGQsSJgmBuSbKFVSEbYfX98V4BNWyP7mnxyqdfHSqj2r7s95b5wl,Facebook,1,60,entregar obra ano esperar vecino colonia arenal pavimentacion concreto hidraulico infraestructura hidrosanitario cuarta avenida belisario dominguez jose maria morelos pavon calle representar mejora movilidad seguridad calidad vida familia sector cuarto obra pavimentacion entregar colonia arenal reafirmar compromiso seguir transformar sector esperar atender querer agradecer vecina vecino mantener atento desarrollo obra participar seguimiento etapa seguir escuchar atender mano tampiqueno tampicovacontodo tampicotecuida
Facebook|https://www.facebook.com/monicavtampico/posts/pfbid0vh9a2JGbruAVcDJUF77nscgD2UAgBbPoZvWnu8E4upRVoRkptH4PEegKDsBnmQoql,Facebook,1,4,enrique hernandez jala oque
Facebook|https://www.facebook.com/reel/904205112072326/,Facebook,3,52,inaugurar pavimentacion calle cuarta colonia arenal continuar atender directo necesidad vecino compartir agradecer martita beto integrante comite obra participacion compromiso colonia colonia necesitar luminaria deseas reportar necesidad comunicarte telefono atencion ciudadana secretaria servicios publicos tampico seguir tampiqueno construir tampico seguro iluminado servicio tampicovacontodo tampicoteilumina tampicotecuida aaron salazar video amigo seguir transformacion tampico
Twitter|https://x.com/VictorTello73/status/2066962769891512551,Twitter,2,23,permitir huachicol fiscal barco llegar tampico supuesto aditivo autoridad millon litro diesel irregular investigacion destapar presunto red huachicolfiscal conexion realidad tampico altamira tamaulipas
Twitter|https://x.com/necaxamor/status/2066962238322155956,Twitter,1,14,tampico madero altamira panuco viejo priista lopez obrador critico tactica viejo pri joya video
Twitter|https://x.com/RevistaDebateMX/status/2066720423350358079,Twitter,2,20,tampico conquistir medalla liderar exito deportivo tamaulipas conade tampico revistadebate nota refuerza comapa victoria accion cartera vencido ciudadvictoria revistadebate nota
Twitter|https://x.com/Ancho72/status/2067030643888803889,Twitter,4,28,manana partido cortarar luz hora arreglar problema morir calor colonia colonia tampico hola flaquito lomas rosales cortar colonia luz cambiar transformador frecuentemente tronar malo onda calor perro calle
YouTube|https://www.youtube.com/watch?v=Es4No6cTrS0,YouTube,2,9,asesino barredora patan agusto carnal kks cacandy lopez wachicoleros
Twitter|https://x.com/9802MonGar/status/2066973445632450958,Twitter,3,46,things remember growing kid ward guadalupe plaza flea market ramex records milby saw cadetes linares oftir record shop refresqueria next right across street library yes mid early ano tampico went burnet elementary prima went tijerina lol best torta grocery storar canal always love see thunderbolt harrisburg
Facebook|https://www.facebook.com/TampicoGob/posts/pfbid0mtGGhTFzngGuE1uEwbLWPimXtKfLTXBS9PBd8x4F6YEkEsSJECRo3e82JAn5Gquul,Facebook,6,58,presidenta municipal tampico monica villarreal anaya cecodiat recomendar elegir colacion saludable disfrutar mundial cuidar salud opcion palomita maiz natural pepino limon chile tostado ceviche jicama zanahoria limon brocheta fruta tostadita horneada guacamole alternativa rico fresco ligero partido cecodiat aprendemos comer saludable familia celebracion tampico cuidar hambre excelente idea gracia idea genial practica rico anotar recomendacion quedar tostadita guacamole
Twitter|https://x.com/spyk3304/status/2067032957693407343,Twitter,1,29,tamaulipas tampico exclusiva empresario israel alejandro valdez denunciar persona cercano grupo americo villarreal santiago hijo gobernador tamaulipas americo villarreal anaya jorge beas jesus justiniani felipe salinas acusa extorsion intimidacion
Facebook|https://www.facebook.com/TampicoGob/posts/pfbid02d6UCrwcmtah3s85ZceJYqkA9ecJQNcqMvvmaAjFvumTFySXVGZGr3pcksH4VoGNYl,Facebook,4,85,mujer tampiqueno deber frente acoso digital firme tampico unir meta impulsar seguridad digital comunidad presidenta monica villarreal reunir manuel avina gerente politicas publicas asuntos gubernamentales meta mexico centroamerica caribe fortalecer programa ciberacoso mujer herramienta proteccion digital municipio acompanar presidenta directora atencion mujer libby zacil adame asesor gobierno electronico miguel alpizar omar coronado tecnologia deber espacio seguro seguir tampicoseguro ciberseguridad meta monicavillarreal mujeresseguras excelente mujer tampicovacontodos excelente deber apoyo alcaldesa excelente visita distinguido tampiqueno manuel avina autoridad municipal felicidades presidenta monica villareal tratado importancia reunion bendiciones
Facebook|https://www.facebook.com/servpublicostampico/posts/pfbid024Bodav7cmoUmsV9Yju4MKpkp44Q6BfR2MjgJZPEXaahojaoUjyghnsjv3Rv8URAnl,Facebook,3,57,infraestructura tampico lucir impecable requerir herramienta fuerza necesario pesado dia unidad limpieza recorrer critico via publico retirar desecho afectar imagen salud comunidad coordinados vision operativo presidenta municipal monica villarreal anaya asumir tarea diario responder solucionar llamado poblacion ciudad atender gente ciudad progresar ayudano mantener calle limpio tampicotecuida monica villarreal tampico gob corresponder corresponder tampico bendito red social
Facebook|https://www.facebook.com/ProteccionCivilTampico/posts/pfbid033YnHLzMrdG5a75qNWCfivaBuKo9N87gr7A6BCHzqnpVNZCjX6XCaidxpiebPcbZMl,Facebook,1,11,expongas temporada lluvia tampico cuida proteccion civil proteccionciviltampico tampicotecuida tampicosomostodos bomberostampico
Facebook|https://www.facebook.com/ProteccionCivilTampico/posts/pfbid032mZvs5uAH5JG4WDogXYBp4gtR61jy4darmDckTmvbCxmAjzDCReQaseopxxwkkbtl,Facebook,2,64,precauciones temporal lluvia tormenta electrico tomar precaucion corrar riesgo evitar corto circuito seguir indicacion informacion brindado fuente oficial cualquiera emergencia llamar linea emergencia tampico cuida proteccion civil proteccionciviltampico tampicotecuida tampicosomostodos bomberostampico tormentaselectrica seguir esperar vengar cortar arbol casa tocar cable alto tension vino presidenta lic monica mes enero recorrer colonia entregar evidencia ecologia obra publico venir domicilio tomar foto ocasion resolver cfe cortar rama
Facebook|https://www.facebook.com/servpublicostampico/posts/pfbid0wSwZ6LH8JEy5kPWMLaZXgWKq4hX6h5UKth19m6QFtPEBcpP35rChFiKjM3YYqKoRl,Facebook,2,61,laguna carpintero paisaje ecosistema vivo identidad personal secretaria retirar basura desecho plastico arrastrar corriente vision integral presidenta municipal monica villarreal anaya proteccion fauna saneamiento cuerpo agua mano cuidar laguna carpintero proteger hogar fauna futuro ciudad tampicotecuida monica villarreal tampico gob dia joven arrancar manglar puente peatonal metro querer sacar rama lent caer laguna deber vigilancia gente cuidar ecosistema aparte riesgo integridad
Facebook|https://www.facebook.com/servpublicostampico/posts/pfbid025CfnMPZF1G3nRvrM9mek3Z3JxcvxTwgZDzi8y7xuvfbqrcVXSZziFuMH2rQF4sTLl,Facebook,7,125,ciudad detener cuadrilla arrancar jornada limpiar fondo rejilla pluvial quitar tapon basura provocar encharcamiento convertir problema tampiqueno coordinacion presidenta municipal monica villarreal anaya demostrar prevencion inversion proteger calle rejilla libre basura garantia tranquilidad camino tampicotecuida monica villarreal tampico gob ocurrir venir desazolvar drenaje calle guadalupe porte gil colonia tamaulipa frente gasolinera azolvado ano agua meter registro basura tapa tuberia desfogar solicita obras publicas comapa atiendan reportar caso faltar pagar recibo rapido vienen cortar servicio comunidad deber contribuir tirar basura limpio calle casa recolector basura pasar dejar dia pasar porq acumulamiento animal persona calle buscar tiradero favor implementar cultura limpieza alcantarilla escurrimiento agua negro tanques gratis casa casa mujeres historia tampico pueblo pueblo mandar inutil regidor deber servir deber granito arena manteni ndo limpias casa calle
Facebook|https://www.facebook.com/secretariadeculturatampico/posts/pfbid0FHVPJfRS1vSrCyxJWghXAznDFqpn3tjFQzvL4GE6SucR2SnDYX9pM1rd8XMaYhPnl,Facebook,1,91,taller pintura estrategias creativas gobierno municipal tampico encabezar presidenta zacil villarreal anaya cultura iniciar taller pintura estrategias creativas dirigido artista visual participante xxxvi premio regional pintura zurita centro cultural sesion impartido mtro rafael soto participante desarrollar ejercicio enfocado percepcion visual memoria sensibilidad artistico proceso imaginacion dinamico practica actividad experimentacion taller propiciar espacio analisis busqueda personal fortalecer capacidad expresivo artista enriquecer proceso creativo ampliar posibilidad desarrollo proyecto pictorico actividad formar programa academico acompanar premio regional pintura ramon garcia zurita reafirmar compromiso formacion profesionalizacion fortalecimiento comunidad artistico region tampico cultura secretariadecultura tampicovacontodo arteycultura
Twitter|https://x.com/spyk3304/status/2067031572167921826,Twitter,1,26,tamaulipas tampico extorsion gobierno ultimahora gobernador americo villarreal sepultar escandalo extorsion hijo simple negacion realidad responder empresario israel alejandro valdez retractar anunciar accion legal contundente tactica
Twitter|https://x.com/RealMokaba/status/2066953964382204385,Twitter,2,15,manejen precaucion tampico cdmadero madero altamira vente gozar mokabaso humedo tampico playamiramar cdmadero madero tampicomadero
Twitter|https://x.com/DocUbaldo/status/2066962190184206697,Twitter,2,10,dia tampico detalle platillo salmon fino hierba gracias invitacion tampico
Facebook|https://www.facebook.com/reel/1026444296397507/,Facebook,2,34,ano espera cuarta avenida colonia arenal realidad entregar obra pavimentacion concreto hidraulico infraestructura hidrosanitario mejorar movilidad seguridad obra pavimentacion entregado colonia arenal seguir transformar sector decada esperar escuchar tampicovacontodo tampicotecuida gracias presidenta tampico contodo
Twitter|https://x.com/EjeConurbado/status/2067034326382919707,Twitter,2,33,centro nacional huracanes unidos conagua vigilir formacion tormenta tropical arthur golfodemexico generar lluvia intenso tamaulipa tampico cdvictoria tamaulipas guardia estatal desplegar operativo moto segura municipio verificar documentacion reforzar prevencion delito tampico cdvictoria detalle
Twitter|https://x.com/Alejandro270796/status/2067016282436751390,Twitter,4,63,aficionado rayados enojar tato noriega equipo mediocre ligas ano creer america necaxa atlante puebla atlas maquillan mediocre historia abrazar concas ganar equipo mexicano nulo importancia rayados equipo nivel institucional contar respaldo empresa regiomontan femsa nivel deportivo equipo pobre tratar dinero tratar mistica estirpe ganador monterrey uds universidad valiar madre tigres sinergia rescatar ahorita andariar compania venados tapatio tepatitlan dorados tampico madero mineros correcaminos
Twitter|https://x.com/AlexCulon69/status/2066952104057377162,Twitter,1,4,rico durazno vivir ciudad
Twitter|https://x.com/necaxamor/status/2066956341155946645,Twitter,1,24,tampico madero altamira panuco creer hipocrita mentiroso gerardo fernandez norona descalificar normalista ayotzinapa ultra derecha norona conteo aeropuerto ciudad mexico confeir politico norona principio
Facebook|https://www.facebook.com/reel/2262719274543228/,Facebook,6,75,delegacion estatal alcanzar cifra historico medalla resultado compromiso atleta entrenador familia dia dia impulsar deporte llenar orgullo compartir atleta tampiqueno aportar presea demostrar nivel competitivo deportista alto nombre ciudad tamaulipas competencia reconocimiento felicitacion atleta dedicacion perseverancia convertir generacion seguir respaldar deporte herramienta desarrollo bienestar orgullo comunidad tampicovacontodo tampicotecuida gracias lic monica villarreal apoyay fomentar deporte mostrar municipio tampico grande resultado reflejar arduo dedicacion orgullo comunidad felicidad campeona campeon gracias informar presidenta felicitacion deportista wowwww padre
Twitter|https://x.com/ExpresoPress/status/2066936609803485617,Twitter,1,22,incremento escurrimiento llegar cuenca rio guayalejo impacto sistema lagunario sur tamaulipas gobierno tampico mantener activo protocolo preventivo responder oportuno cualquiera contingencia hidrometeorologico
Twitter|https://x.com/larazontampico/status/2066936813353119988,Twitter,1,18,incremento escurrimiento llegar cuenca rio guayalejo impacto sistema lagunario sur tamaulipas gobierno tampico mantener activo protocolo preventivo responder
Twitter|https://x.com/C_CulturaUNAM/status/2066943893904507207,Twitter,2,40,tampico alfonso abrir cafe mover nostalgia necesidad katia llegar huir cafe silencio nacer conexion inesperado cafe chairel jun sala carlos monsivais reserva gustar historia intimo drama familiar pelicula dejar pensar dia romeria merecer lista puntosculturaunam boleto junio sala jose revueltas
Twitter|https://x.com/ChivaInvencible/status/2067032375452704951,Twitter,6,63,pregunta quedar exactamente cambiar interior interior caso seguir perder chivas urgir pivote oficio encontrar jugador oso llegar jordan carrillo kevin castaneda bryan piojo sumar restamo necesitar mco necesitar denzell junior soltar marmaja pivote traser mco pais cifra alto pagar alguien valer pena pagar galindo llegar guadalajara tampico exigir precio exorbitante marcelino garcia paniagua dudar resultado vista titulo numero fifa acuerdo pagar pagar pasar
Twitter|https://x.com/VoxPopuliNoti/status/2066946946607075341,Twitter,1,17,empresario lograr acuerdo banorte adeudo millonario tampico tamaulipas resolucion judicial avanzar convenio alcanzado involucrado tampico tamaulipas banorte
Twitter|https://x.com/julioalex4/status/2066974276599578722,Twitter,2,43,gente profundamente gorila perdonar cualquiera acto delictivo cualquiera funcionario vendar antiperonista dia gente llegar insania bombardear pais matar compatriota antiperonismo mata gente profundamente gorila perdonar cualquiera acto delictivo cualquiera funcionario caradura vos cristina perdonar tampico existio twit criticar mil funcionario juzgado justicia preso
Twitter|https://x.com/DocUbaldo/status/2066958216357957730,Twitter,1,9,vph cancer cervicouterino algoritmo triaje diagnostico molecular avanzado tampico
Twitter|https://x.com/soy24siete/status/2066959160684536015,Twitter,1,19,banorte embargar perder litigio tampico autoridad judicial acudir sucursal ubicado avenida hidalgo ejecutar procedimiento relacionado juicio superior millon pesos
Twitter|https://x.com/darthgrey9/status/2066960477884657694,Twitter,1,4,madura tampico madero disponible
Twitter|https://x.com/juanluis627/status/2066961085568012738,Twitter,1,21,cursaste traqu magnolia park saw cadetes damn awesome raspas across street tampico know younger lived behind tijerina eagles ave small world
Twitter|https://x.com/CVDR_TampicoIPN/status/2067003109113512023,Twitter,2,50,cvdr tampico ipn celebrar llegada estudiante programa delfin impulsar investigacion vocacion cientifico ipn cvdrtampico programadelfin investigacion orgullopolitecnico gacetadigitalipn fomentar vocacion cientifico ipn recibir estudiante nacional internacional estancia casa estudio programa delfin cvdr tampico ipn sumar dia mundial lucha desertificacion sequia cuidar tierra agua proteger futuro desertificacionysequia cuidemoslatierra medioambiente sostenibilidad ipn
Twitter|https://x.com/Formula_Mty/status/2066969063784411600,Twitter,2,32,italia tampico pensar bandera mercado municipal zoom aparecer escudo nacional quedar claro mexicano confundir porra ambiente mundialista grupo aficionado sorprender interpretar himno leon pleno fan fest orgullo regio presente asistente dudar canto
Twitter|https://x.com/KattyYaye/status/2066973528339927281,Twitter,2,9,temps france senegal vos avis izo chip crax tampico
Twitter|https://x.com/SDFBeisbolMx/status/2066974090590851326,Twitter,2,60,serie historico semana cartel anunciar juego serie aztecas alijadores tampico respectivo llevado cabo jueves sabado domingo julio parque delta calzada piedad seguir serie historico descubrir cartel semana beisbolmexicano lineuphistorico rey deporte casa digital pierdar detalle historia presente beisbol mexicano unete noveno salon fama encontraras historia leyenda promocion dinamica giveaways video exclusivo buscano facebook instagram vsenokhtlf threads xnbbvdkxte vwzcobfehi youtube tiktok
Twitter|https://x.com/MilenioTam/status/2066974090276278588,Twitter,2,14,premio marcha lgbt tampico autoridad federal estatal municipal estudio determinar origen impacto material detectado
Twitter|https://x.com/VoxPopuliNoti/status/2066979299039564102,Twitter,1,18,evento masivo convencion impulsar actividad turistico tampico tamaulipas monica villarreal destacar crecimiento economico impulsado visitante tampico tamaulipas turismo
Twitter|https://x.com/c1c1l3/status/2066980006597673026,Twitter,1,14,risa ley seco tampico colonia simplemente cruzar puente frontera panuco veracruz regresar contento pisto
Twitter|https://x.com/IPSSET_TAM/status/2066982806094233818,Twitter,1,16,ingresar ipssetexpress evitar traslado ventanilla espera tramite instituto gratuito ipssetcuidadeti tamaulipas cdvictoria nuevolaredo reynosa matamoros tampico
Twitter|https://x.com/cesar6218/status/2067031265069437367,Twitter,6,28,fifaworldcup guapo pitudo alguien pedo hotspanish reality nopor alguien pasar lamansionvip creer termino contenido hot morbo hotspanish corona agradecer lamansionvip aesthetic bro tanque shulado hombre descansar calor monterrey
Twitter|https://x.com/SoloDoloNolo/status/2066991974943445491,Twitter,2,9,khaled jamaican palestinian muslim time built like mango tampico
Twitter|https://x.com/Ndeye__Penda/status/2066989313284251688,Twitter,1,7,ibrahima mbaye titulaire izo chips crax tampico
Twitter|https://x.com/JuanPizanaMtz/status/2066989498177626414,Twitter,1,10,ticket millon rancherito locura parecer exceso juego juntospodemos tampico tamaulipas
Twitter|https://x.com/PeriodicoQuequi/status/2066989784283681064,Twitter,2,35,detalle pasar desapercibido tampico usuarios tiktok compartir video rapidamente llamar atencion red imagen observar bandera colgado mercado municipal vista parecer italia acercar imagen descubrir pequeno detalle escudo nacional mexicano playadelcarmen encabezar mesa seguridad playa carmen
Twitter|https://x.com/expedientes_mx/status/2066989980367593608,Twitter,5,55,unidos seguir ruta huachicol fiscal nombre adan augusto volver aparecer expediente muelle tampico empresa creado notaria barredora hernan bermudez pieza cambiar nombre conectar historia seguir yayaaaaaaaiiiiiiii pruebas lider labarredora hora pruebas pruebas pruebas pruebas cerdo forget ricardo ahued bardahuil served general customs administrator tax administration service sat may april appointed president andres manuel lopez obrador
Twitter|https://x.com/Dideva3D/status/2066990310870204486,Twitter,2,27,camara sarr jackson chips crax tampico today sheu spread throughout abode blessed city touba bath light whose releas flows permanent outpouring mercy infinity fawzeyni safar month days
Twitter|https://x.com/TampicoGob/status/2066992156871467486,Twitter,2,42,cuadrilla labor limpieza desazolve rejilla pluvial prevenir encharcamiento mantener adecuado flujo agua temporada lluvia prevencion mantenimiento oportuno ayudar proteger movilidad seguridad persona atender sonrisas bienestar programa acerca servicio salud bucal colonia unidad movil equipado consultorio dental seguir atencion calidad bienestar familia tampiquena
Twitter|https://x.com/MuroPoliticoMX/status/2066992887116579039,Twitter,1,22,tamaulipas conagua smn emitir alerta tamaulipas pronostico lluvia puntual fuerte descarga electrico caida granizo nota cdvictoria tampico cdmadero altamira matamoros reynosa nuevolaredo
Twitter|https://x.com/MuroPoliticoMX/status/2066993037582995603,Twitter,1,18,caravanar migrantes unidos conformado vehiculo persona ingresar territorio mexicano frontera tamaulipeco nota cdvictoria tampico cdmadero matamoros reynosa nuevolaredo
Twitter|https://x.com/MuroPoliticoMX/status/2066993140041420930,Twitter,1,20,tamaulipas accidente vehicular persona lesionado circulacion encontrar obstruido carril carretera federal nota cdvictoria tampico cdmadero altamira matamoros reynosa nuevolaredo riobravo
Twitter|https://x.com/MuroPoliticoMX/status/2066993271855788439,Twitter,1,23,tamaulipas congreso tamaulipas aprobar inscribir letra dorado nombre benemerita escuela normal federalizada tamaulipas nota cdvictoria tampico cdmadero altamira matamoros reynosa nuevolaredo riobravo vallehermoso
Twitter|https://x.com/MuroPoliticoMX/status/2066993494032286132,Twitter,1,23,tamaulipas exigencia cnte eliminar actual ley issste restablecer antiguo esquema pension implicar impacto financiero multimillonario nota cdvictoria tampico cdmadero altamira matamoros reynosa nuevolaredo
Twitter|https://x.com/TamaulipasHabla/status/2066994816089505858,Twitter,2,41,cdvictoria fortalecer papel entidad acreditadoro reconocer habilidad persona dedicar ano oficio info tampico cdmadero altamira matamoros reynosa nuevolaredo riobravo vallehermoso tamaulipas cdvictoria estudiante recibir beca apoyo economico reconocimiento dedicacion esfuerzo alto desempeno academico info tampico cdmadero altamira matamoros reynosa nuevolaredo tamaulipas
Twitter|https://x.com/MuroPoliticoMX/status/2066995480416886846,Twitter,1,23,tamaulipas alcalde victoria eduardo gattas baez inaugurar xii evento nacional cultural deportivo seccion sindicato nacional trabajadores educacion nota cdvictoria tampico cdmadero matamoros reynosa
Twitter|https://x.com/MonicaVTampico/status/2066995854347505909,Twitter,1,22,mujer deber frente acoso digital sostuve reunion manuel avina meta fortalecer accion herramienta ayudar prevenir ciberacoso promover entorno digital seguro mujer tampico
Twitter|https://x.com/MuroPoliticoMX/status/2066996440258285861,Twitter,2,39,tamaulipas region enfrentar ajuste industria maquiladoro planta versigent victoria fortalecer plantilla laboral contratacion nota cdvictoria tampico cdmadero altamira matamoros reynosa tamaulipas mira puesto proceso electoral abrir convocatoria integrar consejo municipal distrital nota cdvictoria tampico cdmadero altamira matamoros reynosa nuevolaredo
Twitter|https://x.com/MarioJRamirezR/status/2066996692986241068,Twitter,2,39,buenmartes lider voz movilizar multitud crucial identificar publico necesitar mensaje deber mentalidad ganador buendia buenosdias buenosdiasatodos mexico cdmx elmundo tamaulipas tampico madero altamira cdmadero cdvictoria felizmartes martesdeganarseguidores felizmartesatodos buenmartesatodos eeuu viene morena sara carter claramente mexico mexico panama ultimahora
Twitter|https://x.com/CVDR_TampicoIPN/status/2066998897730375688,Twitter,1,21,cvdr tampico ipn celebrar dia internacional biotecnologia reconocer impulsar ciencia innovacion construir futuro conocimiento transformar vida ipn cvdrtampico biotecnologia ciencia orgullopolitecnico
Twitter|https://x.com/flakito_ian/status/2067000580187230373,Twitter,1,6,manana jueves temprano tampico madero gay
Twitter|https://x.com/jaibo001982/status/2067004676898521472,Twitter,2,4,invadir casa tampico mero
Twitter|https://x.com/lacapital2006/status/2067004999926681880,Twitter,1,23,emitir recomendacion proteccion pronostico lluvia intenso proteccioncivil cnpc fuerteslluvias veracruz slp nvolaredo matamoros reynosa riobravo cdvictoria tampico tamaulipas mante coahuila monterrey guadalajara cdmx
Twitter|https://x.com/VaxTamaulipas/status/2067005369126175205,Twitter,1,18,cdmx guadalajara monterrey tampico directo anestesia pemex terapia intensiva transfusion gobierno disparan deficit pib seguir hemorragia dinero cronico
Twitter|https://x.com/RadioUAT/status/2067007533798027539,Twitter,2,23,traer informacion final cdvictoria nld reynosa matamoros tampico madero tamaulipas solobasketxradiouat solobasketmx esteesmijuego iniciar actividad informado sintonizar frecuencia universitario cdvictoria tampico ingresar escucha
YouTube|https://www.youtube.com/watch?v=tZIjLicOg-8,YouTube,3,12,querer lleve suficiente agua donde necesitar canceladoooo valer vrgo altamira volver lodo
Twitter|https://x.com/AdrianoDeLucio/status/2067021717411684473,Twitter,1,4,opinar pausa hidratacion fan
Twitter|https://x.com/alondrarohe/status/2067014699724472668,Twitter,3,11,extrano amigo tampico ahorita costar dormirme cabeza pensar cosa regresasaaa favor
Twitter|https://x.com/MilenioTam/status/2067014935343780287,Twitter,2,14,tampico mundial actividad programado semana pantalla gigante gastronomia torneo exposicion formar agenda mundialista ciudad
Twitter|https://x.com/88hh8888/status/2067015883713593768,Twitter,1,4,presion barometrico madero tampico
Twitter|https://x.com/Guacamayalibre/status/2067017082063970355,Twitter,2,46,unidos seguir ruta huachicol fiscal nombre adan augusto volver aparecer expediente muelle tampico tampico empresa creado notaria barredora labarredora hernan bermudez hernanbermudez pieza cambiar nombre conectar historia seguir alcaldesa tepic geraldine ponce sale prohibido bailar tapar corrupcion salir show barato pueblo tratar recuperar confianza seguir robar
Twitter|https://x.com/HOYTamaulipas/status/2067018224651190550,Twitter,2,17,tamaulipas pagar banorte millon cliente tampico litigio durar ano enteratir columna tello montes omeheira patada ahogada lee
Twitter|https://x.com/Lady_Mariell/status/2067026293355340138,Twitter,11,40,alguien tendencia tampico fallar tampico relajo especial hablar pegar exactamente pregunta tendencia tampico hermoso desconectar twitter saludo paisano tendencia bastant hablar tampico jajajajajaja venir inundacion fuerte pegar tormenta huracan alla norte retirado venir dia calor noalregistrodelcelular mexicanos fuertes bandera mmm
Twitter|https://x.com/elvenudo111450/status/2067027656449675458,Twitter,1,6,puebla venir tampico pasar rato primo
Twitter|https://x.com/VoxPopuliNoti/status/2067028253433331865,Twitter,1,23,trabajadores hospital civil madero tamaulipas protestar director actual acusar hostigamiento laboral problema trabajador reiterar continuar brindar atencion medico poblacion altamira tampico ciudadmadero tamaulipas
Twitter|https://x.com/Michelle_Putixx/status/2067025092723249433,Twitter,2,2,rico culito
Twitter|https://x.com/VoxPopuliNoti/status/2069652837747835153,Twitter,1,20,dif tampico ayuntamiento celebrar union pareja fortalecimiento familia ceremonia incluir grupo vivo vals vibora mar banquete pareja tampico tamaulipas gobiernodetampico
Facebook|https://www.facebook.com/monicavtampico/posts/pfbid0d6NMLxdsfUByd4JNyihxGNNWvKNpQYjMYXDa4oZQ1jseHGeATFsYvfgYui7Zsce3l,Facebook,7,67,feliz cumpleanos querido presidenta claudia sheinbaum pardo deseo ano vida venir lleno salud alegria bienestar tampico enviar fuerte abrazo muchisimos felicidad presidento bendicion vida dra claudia claudiasheinbaum registro telefonico dato biometrico feliz cumpleanos gue derrame bendicion guerrera presidenta claudia sheinbaum gue vida felicidad dra claudia derrame abundante bendicion vida felicitaciones claudia sheinbaum pardo salud prosperidad felicidades presidenta seguir llenar sabiduria seguir tomar decision beneficiir bello pais mexico
Facebook|https://www.facebook.com/direccioneducaciontampico/posts/pfbid0cvRxwkbV2GkCjLHsZzZppm1iqEZ1qgnKcwiYJ7vg7UHXe95Q6imdPaRBqgpTjWnRl,Facebook,1,42,junio presidente general lazaro cardenas rio expideir decreto nacionalizacion ferrocarriles pasar expropiar compania ferrocarriles nacionales mexico empresa mano extranjero razon utilidad publico impacto estrategico consolidar soberania nacional permitir ano creacion empresa publico ferrocarriles nacionales mexico fnm hito clave desarrollo economico infraestructura pais
Facebook|https://www.facebook.com/direccioneducaciontampico/posts/pfbid0irzJFw9LBxT56Sq1cemjYZiwMafp6p2GkHHyDKTqMQ21j3zLj5YMtKgrTmQ2ttkEl,Facebook,1,81,cumplir monica villarreal anaya compromiso ninez estudiantil cumplimiento instruccion presidenta municipal monica villarreal anaya direccion educacion lunes junio cabo ceremonia honor bandera escuela primaria ninos heroes turno vespertino contar presencia autoridad municipal personal directivo docente padre familia alumno acto civico visita prometido institucion entrega apoyo beneficio comunidad escolar incluir gel antibacterial alumno reforzar medida salud higiene plantel mochila deportivo impulsar activacion fisico sano desarrollo estudiante accion gobierno municipal refrendar compromiso educacion salud bienestar nina nino ciudad asegurar herramienta necesario desarrollo escolar
Facebook|https://www.facebook.com/permalink.php?story_fbid=pfbid03HW4XJ1YdVxKfCbZyhGnjTzrJLe7iB1p2QhHrWfmRZr6FMSAhktn7EoV5FceYTJVl&id=61567568690714,Facebook,2,43,cocodrilo moreletii conocido juancho formar riqueza natural vida silvestre distinguir tampico habitar cuerpo agua region emblematico reptil formar ecosistema vida ciudad visita laguna carpintero podrar espacio seguro apreciar especie representativo sur tamaulipas observar vida silvestre conectar experiencia monica villarreal familia nino discapacidad slp
Facebook|https://www.facebook.com/servpublicostampico/posts/pfbid0KmrWJparXEU3uJ8RektF1Bg5KmaWyqDKVb1VGkQGjQ9NZr82c9LRWL39fikU3vMWl,Facebook,1,46,prevencion herramienta importante cuidar salud familia colonia tamaulipas dia cabo jornada descacharrizacion noche reforzar accion labor fumigacion contribuir disminuir riesgo asociado proliferacion mosquito transmisor enfermedad seguir vision monica villarreal anaya programa preventivo continuar avanzar distinto sector ciudad priorizar bienestar proteccion tampiqueno tampicotecuida monica villarreal tampico gob
Facebook|https://www.facebook.com/ProteccionCivilTampico/posts/pfbid02KKCvsPAnQghJTbruZzDLMpPezGZHmEfk6eecgYkwFHwEovrCUW6b5gTxoHaukWNzl,Facebook,1,22,recomendacion alto temperaturas aumento temperatura riesgo salud seguir recomendacion clave protegerte calor extremo preventivo tampico cuida proteccion civil proteccionciviltampico tampicotecuida tampicosomostodos bomberostampico
Facebook|https://www.facebook.com/direccioneducaciontampico/posts/pfbid06hpvG6yAi95GQ3D2P6aJ7ayX2gW81PE1xcMveTr57f38MEbmZad2DVisjqDejLicl,Facebook,1,119,junio conmemorar aniversario luctuoso grande referente arte mexicano siglo pintor muralista rufino tamayo fallecer dia diferencia contemporaneo diego rivera david alfaro siqueiros jose clemente orozco tamayo distanciar tono marcadamente politico nacionalista muralismo tradicional preferir experimentacion color textura vision poetico universal raiz mexicano deber rufino tamayo maestro color celebre magistral color textura soler color explotar tonalidad fuerza obra rosa azul tierra inconfundible innovacion tecnico crear tecnica grabado conocido mixografia permitir anadir textura volumen impresion papel obras iconica pintura mural famoso destacar dia noche dualidad ubicado museo nacional antropologia inconfundible naturaleza muerto sandia convertir sello personal obra legado inmenso produccion artistico fundar museo rufino tamayo ciudad mexico museo arte prehispanico natal oaxaca donar coleccion personal pueblo mexico arte forma expresion entender
Facebook|https://www.facebook.com/secretariadeculturatampico/posts/pfbid02zjxTR3ZhY6ehNSxb4rGAZQYwyKkHfnYgiwWUSFV5THKK7tKoyZd6uR5nnaK2bGrpl,Facebook,1,89,danza gobierno municipal tampico encabezar presidenta zacil villarreal anaya cultura presentar edicion danza teatro aire libre paseo cortadura familia visitante disfrutar jornada reunir distinto expresion artistico deportivo presentacion participar escuela club ignacio cuyo alumno ofrecer demostracion salto cuerda acompanado musica tradicional mexicana resaltar juego practica formar patrimonio cultural asimismo academia urban crew compartir muestra danza urbano reflejar talento disciplina creatividad integrante brindar publico presentacion lleno energia expresion artistico espacio gobierno municipal tampico continuar promover actividad fortalecer convivencia comunitario impulsar desarrollo artistico acercar cultura comunidad tampico cultura secretariadecultura tampicovacontodo arteycultura
Facebook|https://www.facebook.com/secretariadeculturatampico/posts/pfbid01SoY63zdmm94JfYCCDq2iKS6XXT9WXyDgfxjzxNiUFdmyv3WpfD3F6SYZSW7g6Fyl,Facebook,1,99,velada concierto the beatles gobierno municipal tampico encabezar presidenta zacil villarreal anaya cultura presentar velada concierto the beatles teatro farol centro cultural irba noche dedicado celebrar musica legado agrupacion influyente historia contemporaneo cargo cuarteto hermanos rueda participacion especial artista invitado aram castro publico disfrutar recorrido musical emblematico hard night yesterday comes sun let hey jude evocar recuerdo emocion compartido distinto generacion velada reafirmar permanencia obra musical continuar inspirar mundo cuyo mensaje esperanza amistad union permanecer vigente recordandonos expresar cancion reconocido need love gobierno municipal tampico promover espacio encuentro musica convertir puente convivencia disfrute colectivo tampico cultura secretariadecultura tampicovacontodo arteycultura
Facebook|https://www.facebook.com/servpublicostampico/posts/pfbid0yiDiVQd99n4ZtsKR5pkqB1oc6PK5tAAsebwrSFRKLzH1fwFakcGsoiu4xqt5uN2Fl,Facebook,2,46,cuidado espacio emblematico tarea constante dia mantenimiento laguna carpintero fortalecer conservacion area verde sendero espacio publico accion formar compromiso administracion encabezar monica villarreal anaya mantener ciudad ordenado limpio entorno digno convivencia familiar cuidar laguna carpintero preservar orgullo tampico monica villarreal tampico gob ciudadania general equipo cochino
Facebook|https://www.facebook.com/reel/1564438828589976/,Facebook,4,32,tampico reconocer galardon tree cities world distincion internacional avalar construir ciudad verde sustentable calidad vida reconocimiento resultado accion concreto impulsar tampicovacontodo tampicotecuida jalir tampico sumar reconocimiento liderazgo alcaldesa monica villarreal hora alcaldesa
Facebook|https://www.facebook.com/reel/26630671913273945/,Facebook,7,64,solicitud ciudadana atendido traducir espacio instruccion presidenta municipal monica villarreal diverso accion colonia barandillas respuesta peticion vecino sector incluir retiro escombro maleza reparacion limpieza alcantarillado cambio luminaria labor desazolve apoyo camion vactor gobierno municipal tampico continuar responder accion concreto mejorar calidad vida familia tampiquenas tampicovacontodo tampicotecuida enhorabuena tampico gobierno escuchar pueblo monica alcaldesa reconocimiento excelente accion hablar palabra excelente apoyo lider vesin juanita vesin
Facebook|https://www.facebook.com/monicavtampico/videos/2020276452696405/,Facebook,1,7,acompanenme accion emprendido delegacion zona norte tampico
YouTube|https://www.youtube.com/watch?v=i1xgxMz3d6A,YouTube,10,82,animal maltrato pobre animal accidente inconscienciar empate ilucionar mexicanos cuidar favor pobre animalito estresar gente deber pensar bienestar desear viral indumentaria humano perro sobretodo gato pndjo querer hacerce viral terminar maltratar animal che gente pndjo casa deber prohibir mascota pobre animalito estres terrible medio multitud soportar grito espera necesidad mascota famoso rico familia pato maltrato animal sigar transformar pais negativo pondrar calidad pais medir gente millon alegre positivo musica mexico sentir cielito lindo viva mexico costar entender entender vibrar jamas entenderar ilusos
Facebook|https://www.facebook.com/monicavtampico/posts/pfbid0F7ZRJTFkeMSah5TYpnzgoNU8svc9GG5K772udCwi6TBNaxYqWmN7hpGY7dEBRC2ql,Facebook,5,46,vivir mundial tampico venga mexico ganar viva mexico ganamooooooos alcaldesa viva mexico felicidades excelent jugadores equipo seccion mexicana tecnicos felicidades bendiga fuerza fortaleza animo exito esperazas mexicanos viva mexico grandemente bendecidos sabiduria talento gracias darno gusto mexico llevo partidos ganados bendicion triunfo ganado super divertido evento
Facebook|https://www.facebook.com/reel/1003592239057819/,Facebook,4,10,seguir disfrutar mundial mexico felicidades volvimos bravoooooo gooollll mexico celebrar
Facebook|https://www.facebook.com/reel/2174340006742878/,Facebook,5,23,vivir tercer partido felicidades seleccion mexicana ganar padrisimo evento gracias presidenta apoyar convivir celebrar mexico gente convivencia familiar baile final donde transmitir partido
YouTube|https://www.youtube.com/watch?v=GdnZBNeYTAk,YouTube,164,500,lograr mexicanos alla final mexico mexico madre buscador seguro azteca marco usurero jajaja claudia shembaum mujer animo alo viva mexico senoro mexico madre cancion nina llor acabar despedirce ochoa aver importante prohibido resolver resolver ano basura peor joven entregar pais verguenza moral actualidad pais importar tendencia verguenza pais porqueria gracias morena presidenta esposo futbol disfruten gol feliz deber quitar inflacion rugieron campeon chambear mundial antipatico forever lograr cumpleanos claudia seleccion amar super louuuuuuuuseeeeeer cena desaparicion che pendeja lindar presidenta oooooooooooooo claudia ganir indice aprobacion pendejos regalo cumpleanos presidentar importar narco afortunado seleccion ganar mente sarcasmo quot feliz jeje felicidad senora presidenta cumpleanos permitir lider guerrero favor larga vida festejar mana cumplir cumpleanos mero andar burro estadio celebrar deporte puro incongruencia senora organico gavioto palacio armar salir amargueta contrera vomitar hiel bandida coructo viva festejar cricicis papita taco coca partido nomas croar celebracion risa judio mierda feliz claudia sheubam amar deberiar pueblo deje hambre asalto calle siquiera existir corrupcion mundial morenarco judio jajajaja presidentar felicidades estimar dra sheimbaun viva viva viva libertad senora corazon mexicano cuanto envidia oposicion danado mentalmente viejar feminazi mrda damo jjajaja pais reina aplauso noche ahy ala vergo pinche bofa azteca falsa lagartija deseo mananera pastel ban bin ban lindo pareja pinche viejo deberiar estadio pendeja representante pais gente pudiente empresario querer implantar querer destruir rico medio dejar miedo abuchear martes pedar jaja sheimbaum humano vivir vieja ridiculo mover moustro sheinbaum duele millon regresar dulce escuela falso honestidad disfrutar partido seleccion judio jugar mujer bajar gritar venir hablar sarcasticamente mundo mujer jajaja presidente mujer peor estupidez patron recordado peor estupido proteger hombre querer vivir sueno senora propaganda vieja mentiros propaganda encontrar hijo buscador vendar quedar falta pinche mauser lagartija payasa raro celebro apunalo carlos esperar porra tirar presidente invitar partido crees celebrar seleccion mexicano corrupto gol risa jackson festejar loco adams imaginar similar trinidad lamentable tragedia san lucas baja sur comenzar victoria seleccion mexicana lamentable pleno triunfo chequia aficionado coche conductor multitud persona multitud alcanzar bajar numero herido encontrar familia auto checo porq ono pedo acabadon palencia imagen asta asusto vean jajaja demandado compartir imagen tele falsa entender tontita reaccionar partido ochoa soledad president dejar personal servicio festejar hospital general noviembre gustar azteca abucharia ningiun abuchario camisa iej delincuencia payasado arreglado simple ridicular pongase jalar meter organica vivaaaaaaa mexicoooo tocar gracias disfrutar familia emocion falso aventar michael mover muerto madre grito llorona grito miedo precioso constitucional unidos jefa supremo armadas frankie valer par pendejo vieja loca gritar donde mundial parca hermana esqueletor corrupto asesina ladronar integrante cartel chapito terrorista inutil titulo comprado pelelir amlo inutil maldito regresar hijo privaste cartel morena maldita art morena gol amor hombre cara vato analisis protagonistas amar viviras corazon increible circo atole dedo pueblo mansion austeridad senora miedo inventar lastima actor fea gana mexicano hipocrita israelito tapaderar mentirosa dejar negociar blackrock querer quedar fraudia bola ganado ignorante pensamiento aon animalito farza resolver situacion tonto caer acer ola chiquitibuom vinbobo ganar mundial ano festejo jackson alv pena ajeno larga familia pellejo madre futbol
Twitter|https://x.com/VoxPopuliNoti/status/2069993563748806903,Twitter,1,18,reunir tampico familia tampiquenas vivir pasion mundialista centenas tampiqueno reunir alentar seleccion nacional ambiente completamente familiar tampico tamaulipas
Facebook|https://www.facebook.com/TampicoGob/videos/1041769375465714/,Facebook,1,16,ceremonia entrega simbolica mesa banco pintura escuela primaria general lazaro cardenas rio colonia emilio porres gil
Facebook|https://www.facebook.com/monicavtampico/posts/pfbid035GpqpsDE87PHWkTrZ3QibFxgmwa3P7E7NHQBhAHzoPna65H2t3yMXiBf8Yc7FgxQl,Facebook,2,36,incorporar unidad patrimonio municipal logro reflejar manejo eficiente responsable recurso publico permitir seguir fortalecer capacidad operativo distinto dependencia ayuntamiento responder rapido eficacia necesidad tampiqueno seguir avanzar orden transparencia resultado claro tampicovacontodo tampicotecuida excelente licenciada monica logro
Facebook|https://www.facebook.com/monicavtampico/posts/pfbid02dWiqgAgZ6hwft4zo11Yt3R2aFPQpGtyXLDBE8cAdBfnTC5VF7Hh1PymK4nRpVtW7l,Facebook,1,65,acompanar entrega importante apoyo gestionado gobierno encabezado gobernador americo villarreal anaya beneficio escuela tampico gracias esfuerzo conjunto entregar mesabanco escuela lata pintura beneficiar plantel educativo fortalecer espacio nina nino joven aprender construir futuro ayuntamiento seguir sumar accion mejorar condicion escuela administracion brindar apoyo plantel nivel primario secundario mantenimiento rehabilitacion aire acondicionado pintura reparacion mobiliario mejoramiento espacio deportivo seguir construir tampico oportunidad educacion bienestar tampicovacontodo tampicotecuida
Facebook|https://www.facebook.com/TampicoGob/posts/pfbid0qcj3p922683nE2cbFqyGFngUABV9pyFbfdK3MKdVFY1Kh2jgD6i7rwqTDuaKUn1kl,Facebook,3,45,seguir acercar apoyo contribuir bienestar familia tampiquenas colonia puertas coloradas entrega despensa programa mujeres cuidar iniciativa reconocer respaldar labor dia dia dedicar esfuerzo cuidado querido accion gobierno municipal tampico fortalecer bienestar necesitar tampicovacontodo tampicotecuida programa unico pensado mujer felicidades presidentar excelente programa monica mujer cuidar
Facebook|https://www.facebook.com/reel/1573345681069713/,Facebook,3,28,seguir fortalecer educacion tampico gracias conjunto gobierno entregar mesabanco escuela lata pintura beneficiar plantel educativo ayuntamiento continuar mano gobierno generar espacio nina nino joven tampicovacontodo tampicotecuida educacion bravoooo
Facebook|https://www.facebook.com/monicavtampico/posts/pfbid02YX6aUh8F4iv5TqWzwhBvB6oEzQ3Gvsrvka7jw9YAdDxP2tPg2izcPuvU93a3pXSDl,Facebook,5,60,impulso presidenta claudia sheinbaum pardo familia tampiquena contar cancelacion hipoteca infonavit fortalecer patrimonio brindar seguridad futuro recibir omar leon pensado gerente cesi altamira zona sur tamaulipas concepcion sifuentes castillo encargado gestion cesi coordinar entrega importante beneficio gobierno federal gobierno tampico demostrar compromiso justicia social tampico avanza transformar gracias presidenta aparte bonito trabajador bravoooo conchis abrazote saludos chava excelente noticia tampicovacontodos
YouTube|https://www.youtube.com/watch?v=UDIuywMw11w,YouTube,23,192,felicidad seleccion sentir orgulloso gubernant corrupto animo presidenta presidenta major feliz mundo animo saludo ala presidenta gracias memo decias viejo memo amar triste importante pais problema felicidades seleccion viva mexico realmente pueblo gracias querido presidenta culpar presidenta lograr triunfo equipo nacional gracia saludos heroe tecamac seguir felicidades hermoso claudia sheinbaun pardo anfitriona futbol mundial mexico viva mexico saludo hermoso familia mexican amar infinitamente hermoso inteligente rayado envidiar mundo saludos ojala disenadora aga bleser bordado est simple gracia ganar pongar enserrar currupto futbol perdida desbiar atencion cuidar soberania asar currupto mirado robado cuidar soberania creer nigun vender patria vote bonito corrupto vender patria vivito coliar ysi gracios saludo nld tamps supersticioso risita amloquian seleccion esperar resolver problema salud seguridad publico empeso amlo mexico fiesta prosperity programa numero television humoristico verguenza ridiculo manipulacion totalidad manana personaje viva claudia lorona amlo felezidades mexicano bendicion acompanar vivir diario morir enemigo felezitamos patria justo excelente vivir nacion triunfo camilo santa luz ermos sentir emocion seleccion elite estadio precio alto demostrastir seleccion importar vear importante feliz zocalo hermoso estadio azteca zocalo angel independencia plaza mexico pueblo viva pasar cuba deporte deporte politica mezclar compatible artistas gobierno dictadura comunista
Facebook|https://www.facebook.com/TampicoGob/videos/2790540127983109/,Facebook,1,2,exelencia graciass
Twitter|https://x.com/MonicaVTampico/status/2070179042830041493,Twitter,1,18,incorporar unidad patrimonio municipal fortalecer capacidad operativo ayuntamiento brindar atencion eficiente ciudadania seguir orden transparencia resultado familia tampiquena
YouTube|https://www.youtube.com/watch?v=tKGz-Sv7qyI,YouTube,109,500,satanas andar leon jesus pas muerte calderon diaz cortez colon idiota producir autoridad conductor conductor peaton reglamento marca traigar poderoso contar andar ojala pronto mundial estupidas parecer terrorista europeo peaton empezar sacudir agredir progr pasar agredir carro cualquiera animal justificar auto responsable hooligan pedazo dejarte entra enojo sal culpa festejen exponer peligro respetir dema respetar festejo enfrente derecho terminar peligro viceversa vehiculo gente afuera reaccion pensar comportir estupido inteligencia pasar sacudir justificar atropellar estorbar transito propiedad matar peligro mover acelerar persona mover senor gente traicion tomado normal carro peligro seleccion similar recordar atropellar similar maldito putiza creer atropello tenia nota volar empanar quejar mexicano llenar desmadroso valemadrismo tratar aca jajaj moda aventar aire balancear adentro ojo deber celebrar preguntar cabo lucas aficionado golpear defensa delincuente tirar jodir loco destrozar trago pensar reparar tonto atrevir carro atropellar culpa carro asustar informacion conductor arremango joven salio cae ala quebro murio orrible atropellado salir dejar llenisimo calle nose esperar fiesta avanzado paz morir dejar caber mexicano valer puro neto verguenza familia acelerar despues vomitivo querer terror herramienta utilizado aterrorizar mexico querer mundial desman cnte mamas extraviado esperar comportir sacar mexico campeonato destruir molestar che imbecil perder avance posibilidad alcohol regar trompeta simio actuar entiendan partido vajado persona vehiculo loco inocente iso heinsenwolf cuan puro creacion нибудь кто хотел пригласить пиво vandalizar miedo familia agredir vandalo chin valer brindar narco esperar vehiculo calle cuales unico automovil golpe manejar maldito animal festejar ojala procesen accidente pobre adentro agresividad papa delincuente complice tragedia gritar felizmente chelita victima victima herido bonito celebrar medir extremo comportar respetar panico epilepsia atropello conforme pregunta autoridad alegria atropellar festejar vandalismo senor venir hija edad nina grave craneo increible humano cerebro destruir atropellar alguien respuesta futbol motivo tragedia dejar celebrar dejar euforia unidad andar gentuza ganar malo horrible ventana reves muerto fifa pedorro gallos putss culpa impuesto calle grupo delincuente via cometer pedir dejar buscar buscar video rostro mover claro comenzar busquen mal estupiido danar consecuencia acto derecho ageno paz arder salir deporte futbol oendejo andar angelito creer celebrar quedar rueda falla cerrar salir establecer sentar atrapado imperar salir danado legal dano venganza debeer humano frustracion miedo humano humano lamentable involucrado festejar mejorar extranjero automovilista aficion limite paralizar sentir unico salida mal controlar delito detener pagar danar hario criminales sangolotear impedir homicidio miren nombre axigir actuar enganir fincarar sacudir pretexto festejar estupido sentir ofender negro titular atacar chimpance simple primates coche vandalismo inadaptado juego unico chocar merecer humanidad basura futbol educacion mayoria dinero dema valer merecer involucionado final atropellado descerebrado diversion derecho camion estacion multitud control madre protesta noticia estacion mexicano uniir festejamos senor vida consecuencia panico accidente choco chofer comenzar mover sentir desesperado deberiar molestar animalito puro modal pesimo ciencia equivocar futbol idiota justicia carcel reaccion sentir par india preparado fanatismo rebasar victimas bola pequeno golpeado resto andar merecido buscar ojala proximo pierda seguiran cuestion valorarnos humanos exceso llevan casas arriesgar vida controlas familias pobre borracho terror festejo religion sobrar vestido verde empezar meollo asunto explicar chofer panico provocar cosa trespesin
Twitter|https://x.com/TampicoGob/status/2070215009594962095,Twitter,1,22,iniciar jornada accion limpieza laguna carpintero retiro residuo mantenimiento area verde conservar espacio natural seguir ofrecer entorno limpio seguro digno familia visitante
Facebook|https://www.facebook.com/reel/983912937775132/,Facebook,6,74,dialogos presidenta compartir vecino colonia carmen romano resultado construir medio camino administracion espacio permitir escuchar mano tampiqueno responder inquietud reafirmar compromiso seguir encabezar gobierno cercano escuchar atender resultado seguir avanzar dialogo accion transformar vida familia tampiquenas tampicovacontodo tampicotecuida sello cercania gente sencillez reflejar administracion vien lic monica serca tido ciudadanos hablar vien dela presidenta tampiqueno hora tampico beneficio tampiqueno ahorita tampico felicidad presidenta cercania dialogo respuesta familia administracion puerta abierto campo directamente necesidad tampiquenos
Twitter|https://x.com/MonicaVTampico/status/2070228851947434310,Twitter,1,22,acompanar entrega mesabanco lata pintura escuela tampico gracias respaldo gobernador seguir sumar esfuerzo fortalecer espacio educativo mejorar condicion aprendizaje nina nino joven
Facebook|https://www.facebook.com/monicavtampico/posts/pfbid0sytncgxx84cGtmf7CF3rRKFN3nsirAT76eGbu6k46B85pFDNNcgt7aJApivXnsZPl,Facebook,5,66,resultado compartir decision nacer escuchar tampiqueno parque carmen romano colonia magdaleno aguilar cabo resultados medio camino dialogos presidenta espacio encuentro compartir avance accion administracion escuchar directo peticion inquietud propuesta vecino convencido transformacion tampico construir participacion seguir recorrer colonia dialogar frente ciudadania fortalecer gobierno cercano transparente comprometido bienestar gente tampicovacontodo tampicotecuida gracias presidenta pueblo necesitar expresar inquietud gracia escuchar ciudadania excelente dialogo pro ciudadania cercana ciudadania corazon
Twitter|https://x.com/VoxPopuliNoti/status/2070323317844676700,Twitter,1,17,resaltar compromiso educacion entrega mesabanco pintura autoridades estatal municipal entregar mobiliario pintura mejorar escuela tampico tampico tamaulipas
Twitter|https://x.com/VoxPopuliNoti/status/2070335920348201443,Twitter,1,21,reubicar cocodrilo grande tampico tamaulipas estudiar proyecto zona controlado objetivo reducir riesgo poblacion afectar equilibrio ecologico especie region cocodrilo tampico tamaulipas
Twitter|https://x.com/VoxPopuliNoti/status/2070354236202692868,Twitter,1,20,monica villarreal destacar accion resultado encuentro vecino colonia carmen romano dialogos ciudadano revelar obra servicio programa colonia portena tampico tamaulipas
Facebook|https://www.facebook.com/monicavtampico/posts/pfbid02k7wVwL3ikMBZ3hftPZEMPShQzVDWcWAm2uRD9z9SsKYGCUsogeTA1Rr3mFWHcso8l,Facebook,3,45,cumplir jornada descacharrizacion gracias equipo secretaria servicios publicos delegacion zona norte seguir avanzar limpieza colonia retirar objeto desuso contribuir prevencion enfermedad jornada representar tampico limpio ordenado saludable tampicovacontodo tampicotecuida jornada descacharrizacion contribuir colonia limpio seguro saludable bienestar ciudadano felicitar equipo llegar jornada descacharrizacion logro comunidad
Facebook|https://www.facebook.com/TampicoGob/posts/pfbid02pumfnv6NXBUf4ogu9ALdMbjGAe4EhkudQ7EvCKXjm94oiciVxY9uU4PyN3MJMfGFl,Facebook,1,2,apoyar educacion
Facebook|https://www.facebook.com/TampicoGob/videos/999410802873413/,Facebook,1,5,sexagesima cuarta sesion ordinaria cabildo
Facebook|https://www.facebook.com/monicavtampico/posts/pfbid02S7M1Qp1QtodsNtePUQAzRjZepY7xpKJgqeQXNLVWoXqkUF6gFVAz8akqCJVG8tD1l,Facebook,6,44,sesion ordinaria cabildo numero aprobar ampliacion licencia paternidad dia habil trabajador ayuntamiento medida fortalecer familia promovar participacion padre cuidado acompanamiento hija hijo dia vida seguir construir tampico humano oportunidad sentido humano excelente papas humanismo beneficio tampiquenos felicidades presidenta tampicovacontodo felicidad futuro padre contar beneficio
Twitter|https://x.com/EdmundoRD/status/2070532022435455293,Twitter,1,8,exigir prohibar destrocir laguna carpintero tampico voracidad laguna
Facebook|https://www.facebook.com/monicavtampico/posts/pfbid0qttWU8ifVKu3a7kCNyoS7gyoBGPkvGWBMWZRqsqZsGGKGZehGEmFW4szqJGqtuyZl,Facebook,2,74,prevencion dengue tarea unir requerir coordinado nivel gobierno participe reunion regional coordinacion prevencion control dengue zona sur tamaulipas encabezado adriana marcela hernandez campos secretaria salud autoridad salud alcalde region fortalecer estrategia proteger familia tampico mantener labor permanente accion abatizacion descacharrizacion fumigacion promocion salud gracias esfuerzo conjunto ciudadania dependencia jornada descacharrizacion retirado tonelada desecho basura especial llanta fumigar hectarea seguir coordinado mantener control enfermedad cuidar salud tampiqueno prevencion seguir herramienta tampicotecuida caso dengue meta tampicotecuida
Facebook|https://www.facebook.com/reel/1332841414951694/,Facebook,8,53,tarde caminar plaza armas encontrar presentacion bebop estela trompeta terciopelo artista tampiqueno alfredo trejo invitar seguir disfrutar actividad cultural llenar vida espacio publico fortalecer convivencia ciudad show soler leer poesia creer argentino increible artista vivar cultura sigan iniciativa excelente alfredo trejo gracias apoyar arte urbano tampico monica villarreal encantar foto beepop bonito centro
Facebook|https://www.facebook.com/servpublicostampico/posts/pfbid02mWKTgVXr2Us27Bk6uEPKiMTEgWQkA3tepBesG4yncRyjXryfHrNNPnudZrA9t49ql,Facebook,2,54,grande transformacion comenzar constante atencion detalle vision monica villarreal anaya dia concluir jornada descacharrizacion colonia tamaulipas etapa lograr retirar tonelada basura especial llanta coordinado camion accion contribuir prevenir acumulacion desecho mejorar imagen urbano fomentar entorno saludable compromiso tampico limpio continuar dia monica villarreal tampico gob direccion salud tampico promociondelasaludtampico distritodesaludparaelbienestariitampico sincriaderosmexicoprotegesusaludyelmundial cual ciudad campana
Facebook|https://www.facebook.com/secretariadeobraspublicastampico/posts/pfbid0eztaBJ4u1mU84aNTRJFuDYjJ9k2RHCLgjStvGuSYej7jjix5kTwo9XX71ur34Zpjl,Facebook,1,67,firme compromiso rescatar embellecer espacio publico secretaria obras publicas instruccion alcaldesa monica villarreal continuar intenso labor mantenimiento casa naturaleza tampico buscar garantizar instalacion completamente seguro accesibl digno visitante proteger historico inmueble emblematico recinto encuentro clave disenado conectar ciudadania forma directo entorno natural ofrecer alternativa recreativa exploracion familia local visitante fomentar educacion ambiental accion administracion municipal reafirmar suma voluntad cuidado medio ambiente fundamental bienestar comunidad tampiqueno tampicotecuida tampicovacontodo
Facebook|https://www.facebook.com/TampicoGob/videos/1692640698447882/,Facebook,6,28,inauguracion mejora multifamiliares pinos calle avenida colonia pinos hermosa presidenta vida hermosa vecino pintar manteniar limpio col jesus elia pina dulce casang mira dulce ortiz vuelta aya pino
Twitter|https://x.com/ClubDeAnsiedad/status/2070680564416295039,Twitter,2,40,cumplir jornada descacharrizacion gracias conjunto secretaria servicios publicos delegacion zona norte seguir retirar objeto desuso prevenir enfermedad mantener tampico limpio ordenado saludable presidenta pedir apoyo hospital issste ejercito mexicano habitacion contar clima abanico herida infectar tarden ayudeno familiar estancia dificil
Facebook|https://www.facebook.com/reel/1392395502705880/,Facebook,6,53,tarde entregar renovacion fachada multifamiliar colonia pinos secretaria obras publicas direccion desarrollo urbano comex corazon urbano obra transformar imagen sector fortalecer orgullo habitar seguir recuperar espacio construir entorno digno familia tampiquenas mejorar comunidad mejorar calidad vida seguir transformar tampico karen bonito pino dulce casang infonavit universidad licenciado fraccionamiento zapotal pino colinas tancol tampico
Facebook|https://www.facebook.com/secretariadeculturatampico/posts/pfbid02i5muk3RaFVrFgfQrnKSayuK5TpGJnBh6gSmyiDdP8F1eem87isXZKgqiodkFdyzbl,Facebook,1,64,curso verano barre pilates gobierno municipal tampico encabezado presidenta zacil villarreal anaya cultura cordial invitacion curso verano barre pilates propuesta acondicionamiento fisico dirigido adolescente adulto programa objetivo promover movilidad ejercicio desarrollar fuerza flexibilidad tecnica especializado sesion cabo instalacion centro cultural irba brindar alternativa bienestar fisico periodo vacacional julio tampico cultura julio lunes miercoles jueves mayores ano centro cultural irba cuota informacion secretariadecultura tampicovacontodo arteycultura
Twitter|https://x.com/VoxPopuliNoti/status/2070618930511560860,Twitter,1,19,gobierno tampico tamaulipas fortalecer combate dengue inversion millonario accion coordinado municipio lograr frenar contagio fortalecer prevencion tampico tamaulipas dengue
Facebook|https://www.facebook.com/reel/896304846835990/,Facebook,5,60,participe reunion regional coordinacion prevencion control dengue zona sur tamaulipas encabezado adriana marcela hernandez campos secretaria salud autoridad salud alcalde region fortalecer estrategia proteger familia tampico mantener labor permanente gracias esfuerzo conjunto ciudadania dependencia jornada descacharrizacion retirado tonelada desecho basura especial llanta fumigar hectarea tampicotecuida excelente alcaldesar hechos palabra seguir felicidades excelente resultado presidenta tampico querer volver repetir presidenta tampico
Facebook|https://www.facebook.com/reel/906236672502663/,Facebook,7,59,semana querer disfrutes familia regalaremos pase cuadrupl cinepolis disfrutes experiencia increible persona querer participar cuentanos comentario compartirias boleto dale like post compartir publicacion historia etiquetano ganar comentario likes manana sabado compartirer ganador invitar amigo comentario aumentar posibilidad ganar vivir vivir familia tampicovacontodo querer quieroooir presidenta monica villarreal nuestr bello tampico graciss excelente alcaldesa bendicion gracias recibo aceptar gusto cine
Twitter|https://x.com/EdmundoRD/status/2070636531040018848,Twitter,1,12,ciudadania tampico querer negocio personal costa terreno municipal erosionar laguna mugros ratera
Twitter|https://x.com/VoxPopuliNoti/status/2070653205982109718,Twitter,1,23,ofrecer servicio salud asesoria legal psicologia gratuito jornada preventivo mujer tampico tamaulipas iniciativa buscar visibilizar problematica real ofrecer solucion inmediato mujer tampico tamaulipas
YouTube|https://www.youtube.com/watch?v=ivucirfZLa0,YouTube,8,64,comportamiento tipico morena gente defender partido gente cambiar color necesario mier confiar crear vendar torta refresco partido corrompido gente porqueria servir exigir voto campana recurso pueblo entender gente defender cualquiera fregadera creer dinero interesan porqueria agresor andar afuera morena aguantar digno representante morena dia hablar mugreno gracias informar deber juzgar deber porque narcomorena sentir dueno pais moder naco morenista verguenza evidenciar corriente rata deber
Twitter|https://x.com/ClubDeAnsiedad/status/2070680119815881183,Twitter,1,20,ayudenme necesitar escuchar tampico tamps hospital ejercito mexicano habitacion contar clima abanico estadia paciente pesado curar herida ayuda tampico abanico
Twitter|https://x.com/RevistaDebateMX/status/2070685608339525933,Twitter,2,20,tampico fortalecer estrategia regional mantener control caso dengue tampico revistadebate nota aficionado celebrar tampico triunfo mexico ecuador tampico revistadebate nota
Facebook|https://www.facebook.com/reel/1028793536187127/,Facebook,7,56,seguir bienestar salud rincon tampico unidad programa sonrisas bienestar encontrar brindar atencion gratuito delegacion zona norte acercar servicio dental necesitar gracias programa transformar sonrisa contribuir mejorar salud calidad vida familia tampiquenas tampicovacontodo tampicotecuida tampico querer precidento muncha gracias informacion donde sacar cita excelented beneficio necesitar col echeverria programa beneficio ciudadania gracios licenciada monica bella labor salud
Facebook|https://www.facebook.com/monicavtampico/posts/pfbid02iHZyehJ8gEETAWixA7era2MaqQcEq7Q69ZbJaUnrViP29VvHsbnbQDTGaUwzuL7Nl,Facebook,4,46,entregar renovacion fachada multifamiliar colonia pinos secretaria obras publicas direccion desarrollo urbano comex corazon urbano obra transformar imagen sector fortalecer orgullo habitar seguir recuperar espacio construir entorno digno familia tampiquenas seguir transformar tampico exactamente razon vidar jesus elias pina embelleceir ciudad quedar bonito tampico hermoso excelente
Twitter|https://x.com/gruponoticiaspc/status/2070880856793575585,Twitter,2,37,gobierno tampico buscar erradicar dengue innovacion biologico reduccion caso dengue tampico producto azar detras cifra existir estrategia permanente prevencion leer monica villarreal reunir persona municipio tampico celebrar triunfo mexico ecuador persona cita martes plaza armas tampico leer
Facebook|https://www.facebook.com/TampicoGob/posts/pfbid0yGEBPAznCTmgs9yJcNpp3HQtt23NcEafhDGMppdzoHSH5avWa3fJhhHYeCQqfjQil,Facebook,9,45,boleto terricolas regalaremos pase cuadrupl pasar doble disfrutes concierto participar cuentano comentario cual cancion favorito terricolas comentario dejes oportunidad ganar sorteo ganador elegir azar mantente pendiente publicacion resultado suerte anotar rueda comentario confesar luto luto alma cosa alma mundo luto alma mauricio viviras mauricio luna
Facebook|https://www.facebook.com/TampicoGob/posts/pfbid02nLGAjTruanYhmK4sahyQsZc83W8JiXAss9dwPszumkTG2EMaKF4ssSwGrsYTf2J4l,Facebook,3,35,invitar disfrutar edicion futbolero mercadito huasteco espacio apoyar emprendedor local pasar tarde familia encontrar area comida artesania snacks accesorio academia baile sorpresa laguna carpintero junio vivir tarde lleno alegria convivencia querer participar venta registro berenice
Twitter|https://x.com/MonicaVTampico/status/2070921299015204959,Twitter,1,22,entregar renovacion fachada multifamiliar colonia pinos coordinacion comex corazon urbano seguir recuperar espacio construir entorno digno fortalecer imagen urbano bienestar familia tampiquena
Twitter|https://x.com/TampicoGob/status/2071021389524382022,Twitter,1,20,invitar disfrutar edicion futbolero mercadito huasteco apoyar emprendedor local disfrutar tarde familia gastronomia artesania snacks accesorio sorpresa laguna carpintero junio
Twitter|https://x.com/EleeseNoticias/status/2071024756363595992,Twitter,2,24,gobierno tampico unir lucha dengue solucion biologico ciudad saludable cdvictoria tamaulipas carmen lilia enfocar gestion dejar pausa aspiracion politica liderazgo priorizar promesa cdvictoria tamaulipas
Facebook|https://www.facebook.com/monicavtampico/posts/pfbid0pAJhUEy8d1CbGpMrnUXJKJdsi8SoRoZUW8g63nzUTM7rdgx99GnXiesjsBedKD5Al,Facebook,4,33,feliz cumpleanos erasmo gonzalez robledo sincero deseo dia especial felicidad salud exito acompanir caminar continues liderazgo ciudad herman madero felicidades acalde erasmo gonzalez robledo seguir bendecir ano gracia apreciado hermana salud paz prosperidad
Twitter|https://x.com/TampicoGob/status/2071290179227369526,Twitter,1,15,seguridad importante guarda compartir numero emergencia actuar rapidez necesitser bomberos transito ext subestacion roma germinal
Facebook|https://www.facebook.com/monicavtampico/posts/pfbid0SokiX2ABpYx8WTGJJJNeXFVgGRKYjFyD3EQYEKkCw7hw5CrGNQox6XNeBLupkkQKl,Facebook,5,29,seguir disfrutar mercadito huasteco edicion futbolera laguna carpintero espacio importante emprendedor producto tampicovacontodo tampicotecuida querer participar muchisima gente gracias espacio emprendedor fortuna encantar ambiente familiar publiquir apoyar economia tampiqueno
Twitter|https://x.com/Jaibo_News/status/2071348564681216194,Twitter,2,23,dales oportunidad gobierno tampico invitar jornada adopcion mascota julio jardin perros laguna carpintero perritos gatito esperar encontrar hogar responsable jimeneeeeeeeeeeeeeeeeeeeeeeeeeeeeez mexico gana ceeeeeeeeeeeroooooooooooooooooooooooooo
Facebook|https://www.facebook.com/reel/1026471089877252/,Facebook,3,38,querer exposicion especial celebrar grande pasion unir ciudad futbol pasion jaiba siglo futbol tampico recorrido historia inolvidable personaje legado generacion tampiquena tampiqueno reunir cantidad trofeo obtenido historia club expo tampico domingo esperar enhorabuena felicidad excelente exhibicion pasion jaiba
Facebook|https://www.facebook.com/TampicoGob/posts/pfbid027vhmfeXqdPTDPnTis5mYnakRpMdNuka2oR5uB7BvXE7VNPxHWHKJ3BAw7ohMZ1CPl,Facebook,1,2,cuanto servicio
YouTube|https://www.youtube.com/watch?v=aPhIM_R9rj8,YouTube,3,20,folclor pantion verguenza centro rreadactacion dejar merena kever panteon istoria inbesil pregunta fecha junio elpto veracruz seguir controlado cartel jng
Twitter|https://x.com/VoxPopuliNoti/status/2071447224987390125,Twitter,2,31,invitar monica villarreal vivir siglo pasion jaiba presidenta municipal senalar administracion mantener compromiso impulsar actividad cultural deportivo recreativa tampico tamaulipas deporte reaccionar angel gol julian quinones julianquinones mexico ecuador video espnmx
Facebook|https://www.facebook.com/TampicoGob/posts/pfbid032D9818FufWJ87HSRbvcLmZ6aZTQJV94CMWFHobAV2sFsC6a3aoEEff5bdt2zs8jgl,Facebook,9,66,sonrisa transformado programa sonrisas bienestar sonrisa sano cambiar vida seguir acercar servicio dental calidad necesitar completamente gratuito llegar colonia esperar lunes viernes colonia jesus elias pina delegacion zona norte cuidar salud bienestar familia sonriir grantrabajo gestion presidenta aser yegar carrito bienestar dentista tampico gratis dia favor bienir colonia madero altamira tamaulipas tercero edad ami nuncae hablar hola dia acudir valoracion adonde pasen informacion favor direccion xfis
Facebook|https://www.facebook.com/reel/1045793807789256/,Facebook,3,45,tampico instalar lactario oficina secretaria bienestar dif tampico delegacion zona norte buscar generar espacio digno seguro adecuado mujer accion reafirmar compromiso ciudadano fortalecer administracion sentido humano solidaridad respaldo mujer trabajador madre familia tampicotecuida iniciativo instalar lactario espacio tampico muestra administracion preocupar necesidad extraordinario pensar alcaldesa
Facebook|https://www.facebook.com/monicavtampico/posts/pfbid0S451xidEdiywU2AFtWDWLKb29KQAxoCiBGaiGairZmYZery86iQK7aGxx3pTAjv7l,Facebook,1,6,honores bandera escuela primaria independencia tampico
Facebook|https://www.facebook.com/reel/1030142086172761/,Facebook,6,46,recibir gusto gobernador americo villarreal anaya honores bandera escuela primaria independencia visita fortalecer compromiso compartir seguir impulsar educacion calidad nina nino joven testigo avance accion realizamos tampico transformar presente construir futuro educacion transformacion gobierno humanista excelente vienvenido gobernador bienvenido gobernador gracias vista gobernador apoyar educacion joven
Facebook|https://www.facebook.com/monicavtampico/posts/pfbid0ZHexhNKMRzfDdYom5ACijMrkww7hRFmwtwFcH3cUwzWhhNKa8m96uTMVyJEdUQ5xl,Facebook,3,62,honor acompanar gobernador americo villarreal anaya ceremonia civico honores bandera celebrado escuela primaria independencia colonia primavera president municipio hermano zona sur tamaulipas erasmo gonzalez robledo presidente ciudad madero armando martinez manriquez presidente municipio altamira compartir espacio fortalecer civico reafirmar compromiso educacion nina nino joven coordinacion gobierno secretaria educacion gobierno municipal permitir seguir impulsar accion contribuir formacion bienestar muuy alcaldesa educacion educacion educacion
Twitter|https://x.com/paty_mirele/status/2072105250454913046,Twitter,7,28,par vallar tonto texas yeah baybe dublin texas cemetery caigale slp slp vecino vecino vecino cercano tampico vecino cercano guanajuato queretaro rumbo zona medio hora tampico personaje empezar
Facebook|https://www.facebook.com/reel/2410183929463387/,Facebook,6,61,gobernador americo villarreal anaya inaugurar exposicion pasion jaiba siglo futbol tampico homenaje grande pasion unir ciudad muestra recorrer historia inolvidable personaje legado construir generacion tampiquena tampiqueno futbol reunir importante coleccion trofeo obtenido historia querido club invitar revivir recuerdo emocion triunfo formar identidad expo tampico martes domingo presidenta gibernador padrisimo exposicion exposicion futbolero tampico excelente prianista ardido culeco jajaja excelente obra enhorabuena
Twitter|https://x.com/TampicoGob/status/2071637106569712088,Twitter,1,24,persona mejorar salud bucal sonrisas bienestar programa ofrecer atencion dental gratuito acerca servicio directamente colonia esperar lunes viernes col jesus elias pina zona norte
Facebook|https://www.facebook.com/monicavtampico/posts/pfbid02S9RMgfM8XooMr1VsGjjoiXbtsMhmBr97DpB5TkfMaSDcA6n1918pyUN2AQs8uncwl,Facebook,6,62,gobernador americo villarreal anaya inaugurar exposicion pasion jaiba siglo futbol tampico homenaje historia pasion legado futbol construir ciudad muestra reunir recuerdo inolvidable importante coleccion trofeo formar historia querido equipo identidad tampiqueno invitar visitar exposicion revivir pasion unir generacion aficionado expo tampico salon gobernador martes domingo expo tampico pasion jaiba excelente exposicion historico equipo jaiba brava padre exposicion grande recuerdo felicidades amiga padrisimoooo
Twitter|https://x.com/MonicaVTampico/status/2071664876099878978,Twitter,1,15,recibir gusto gobernador honores bandera primaria independencia seguir fortalecer educacion nina nino joven educacion transformacion
Facebook|https://www.facebook.com/monicavtampico/posts/pfbid0cdcVzYNC48FmEWYijAGb1hyfQqMzcLqDc54h1oGTGWRfmFm2WUAQrsZHYZp5BPtPl,Facebook,4,75,anfitrion sesion ordinaria consejo estatal agenda desarrollo sostenible tamaulipas recibir representante organismo internacional autoridad academia iniciativa privado sociedad civil dialogar futuro encuentro presentar informe local voluntario compartir avance tampico materia bienestar inclusion desarrollo sostenible programa generar impacto directo ciudadania sonrisas bienestar salud casa casa cecodiat tampico seguir transformar objetivos desarrollo sostenible accion mejorar calidad vida tampiqueno tampicotecuida tampicovacontodo tampico mirar apegado plasmar hospital rodolfo torre cantu piedra graduada participacion vello recuerdo memoria rodolfo torre cantu
Facebook|https://www.facebook.com/reel/2107547563139528/,Facebook,7,61,seguir llenar tampico espiritu mundialista mural inspirado pasion futbol sumar ambiente fiesta vivir pais invitar disfrutar espacio seguir vivir emocion mundial recuerden manana reunir nuevamente apoyar seleccion mexicana esperar alentar orgullo mexico seguir tampico capital ambiente mundialista wooow hermoso viva futbol favor mexico felicitacion artista embellecir ciudad mural bienvenida visitante mural tampico querido presidenta felicidad alcaldesa lucir bonito resaltar pasion mundialista
Twitter|https://x.com/MonicaVTampico/status/2071765060519948526,Twitter,1,15,gobernador inaugurar exposicion pasion jaiba siglo futbol tampico recorrido historia legado equipo invitar expo tampico
Facebook|https://www.facebook.com/TampicoGob/posts/pfbid02zZFgTwxgiWYPdqXJJ2djcwuHT4TShGhCmXHGiGApYVdfsxx36bgs16VKVoa3bW4Kl,Facebook,3,42,alcanzar importante logro sumar jornadas paz tampico convencido paz construir dia unidad esperanza accion fortalecer bienestar familia seguir mano ciudadania impulsar entorno seguro fomentar convivencia generar oportunidad tampico paz construir orgullo impacto jornadas paz querido tampico paz construir dia dia gracias alcaldesa
Facebook|https://www.facebook.com/TampicoGob/videos/1581498943765445/,Facebook,1,8,rueda prensa acuerdo corredor economico tamaulipeco laredo tampico
Facebook|https://www.facebook.com/reel/1006537805428200/,Facebook,3,31,firmar convenio colaboracion corredor economico tamaulipeco acuerdo unir ciudad impulsar inversion desarrollo economico generacion oportunidad familia tamaulipeca fortalecer marca tampico laredo esooooo excelente convenio unir ciudad impulsar desarrollo economico generar oportunidad
Facebook|https://www.facebook.com/monicavtampico/posts/pfbid02sfDagp1KwXGB8HNgwnjgrp4XGt8rM4FkbAehVwkagT5ycuGC6sZPfrAxvPEJzivtl,Facebook,3,75,firmar convenio colaboracion corredor economico tamaulipeco historico fortalecer colaboracion municipio impulsar desarrollo competitividad bienestar familia gusto compartir importante amiga alcaldesa laredo carmen lilia canturosas convencido unidas generar oportunidad inversion crecimiento gente reafirmar compromiso impulsar talento innovacion emprendimiento local iniciativa tampico laredo fortalecer consumo producto servicio representar orgullo calidad ciudad inicio capacitacion empresarial herramienta digital inteligencia artificial acercar conocimiento fortalecer competitividad crecimiento emprendedor seguir construir oportunidad consolidar tamaulipas fuerte competitivo prospero excelente labor transformacion excelente avanzar
Twitter|https://x.com/MonicaVTampico/status/2072025004758180192,Twitter,2,21,alcanzar jornadas paz tampico convencido paz construir dia conjunto cercania accion fortalecer convivencia bienestar familia tampiquena felicidades seleccion nacional mexico partido
Twitter|https://x.com/ReporteraDaisy/status/2072106827232243921,Twitter,2,49,elpuntoes set reportar cobertura favorable brigadas moviles vacunacion escuela educacion basico estrategia prevenir sarampion completar esquema menor informacion josue escamilla tamaulipas reynosa matamoros tampico madero altamira cdvictoria nuevolaredo elpuntoes firmar alianza crear corredor economico laredo estrategia buscar atraer inversion fortalecer comercio conectar principal frontera aduanera mexico puerto importante golfo
Twitter|https://x.com/thatbitchAlexi/status/2072103854447943754,Twitter,2,9,tampico pasear peli dia revelacion divertido calle tampico dia
Twitter|https://x.com/lacapital2006/status/2072104901010665905,Twitter,1,22,americo maria villarreal beneficiar mil gonzalez americovillarreal diftamaulipas mariadevillarreal transformandofamilias gonzalez tamaulipas ciudadvictoria reynosa monterrey matamoros mante altamira cdmadero tampico slp cdmx
Twitter|https://x.com/laopinionpr/status/2072105266749829194,Twitter,1,18,padre hijo resultar lesionado sufrir aparatoso accidente carretera camioneta viajar terminar incrustado trasero trailer doble remolque laopiniondepozarica informacion
Twitter|https://x.com/KarlaDeniseR/status/2072106279355506744,Twitter,1,15,deber llegar persona apartar mesa persona tampico partido mexico deber apartado considerable plano manejar reservacion
Twitter|https://x.com/lacapital2006/status/2072107320188740070,Twitter,2,47,fomentar uat vocacion cientifico campamento amor ciencia uat campamentodeverano tamaulipas ciudadvictoria nuevolaredo reynosa riobravo vallehermoso monterrey matamoros elmante altamira ciudadmadero tampico slp cdmx mexico vencer ecuador avanzar octavos seleccionnacional snm julianquinones rauljimenez talarangel tampico cdvictoria pachuca monterrey slp toluca coahuila tamaulipas queretaro tijuana ags guadalajara cdmx mexico
YouTube|https://www.youtube.com/watch?v=T-KC3sxF85s,YouTube,2,22,gracias traidor patria ejercito alli pancho villa avabo divicion norte sobervia causa fracaso caso felipe angeles herror garrafal villa seguir hollendo mochis
