contexto_id,plataforma,n_mensajes_utiles,n_lemas,lemas
Instagram|https://www.instagram.com/monicavtampico/,Instagram,38,500,tampico corazon detalle asamblea juego increible chispa disfrutar entusiasmo importante oportunidad proyecto dra nivel americo presidenta tampico tampicoincluyente comunidad siglo tampico ciudad fotografiado majestuoso tranquilidad convertir pena corazon vivir belleza formar vivelahistoriatampico ciudad memoria descubriras maritimo ferrocarril transformar importante acervo contar permitir forma recorrido visitante centro turismotampico escenario cierre artes tarde talento teatro presentacion estudiante gobierno impulsar cultura felicitar guia maestro impulsar alumno taller puesto misterio cautivar vaiven contemporanea pieza movimiento transmitir fuerza alumno trayectoria elartevacontodo danzacontemporanea celebrar comunidad metro exitoso archivados talento teatro direccion lory monica anaya espacio continuar fortalecer acercar interpretacion aprendizaje formar puesta talento comunidad inspirir escuela ciclo ofrecer elartevacontodo juanlory metro perfecto instruccion monica villarreal municipal compartir artisticos informes semanas juvenil contemp semanas adolescentes ano inicio ninos piano agosto adultos violin inicio joven canto anos joven iniciar fotografia laguna escenario fauna armonia espacio ave region formar invitar calma natural experiencia principal carpintero lopez expo visitatampico quintos fallecimiento militarizada ciudad presunto jorge sargento ciudadmadero dafne academia doenitz ciudadmadero oferta visitante gusto seguridad recibir superar registrado listo ciudadano actividad recreacion moderno monica recordar municipio sitio economico pesos sitam afluencia turismo prestador coordinar cifra afluencia confiar ofrecer buscar cultura simplemente expresar explicar ofrecer zapata marcha militarizada presidencia ciudadmadero experiencia plaza recorrido puerto detalle subetir sorprender turismotampico plaza centro emblematico simbolo edificio inmaculada escenario cultural mantener visitatampico vivelahistorio prosperidad seguridad sector sociedad seguridad aperturar atraer capacidad economia enhorabuena villarreal faro octavio accion orgullo reconocimiento elevar gobierno compromiso profesional porque hechoentampico cimiento importante claro resultado familia honor fomentar local gestion senadora incansable favor correcto octavio productivo juntospodemos alejandra exigir quintos americo detener doenitz madero dia sello local producto tampiqueno empresa empresa pais orgullosamente conalmahuasteca recreate bendecir esfuerzo dia mano economico reconocimiento dia pieza sustentable sello agradecer local ambiental logro demostrar sustentable conurbado hechoentampico ruta economica crecer emprender incorporar compromiso sector sociedad comun entorno negocio firmar olga representante mesa servytur aislado iniciativa sociedad vision generar certidumbre seguir sumar unidad pais prospero lleno recorrido unico centro identidad benito centro plazadelalibertad familiar mexicano fortalecer generamos prosperidad engomado empresa distinguir compromiso empresa emprendimiento concanaco iniciativa apoyar invertir sigar oportunidad emprendedor herramienta fuerte unidosenaccionespositiva cocina producto sabor encontraras mercado zona colon descubreeltalentolocaltampico persona ojo oido benzadi llegar escuela compromiso artistico encabezado cultural estudiante creador actuacion land actriz larios internacional netflix video apocalypto disenado frente audicion dinamica fechas hrs actor escenico afiliados limitado inscribetir whatsapp completar oportunidad camara tampicotecuida solucion liderazgo cultural inspiradoro arte maria directora dedicado creatividad enriquecedoro exposicion seguido ensenar fracaso unico motivacion constante red episodio escuchar elartevacontodo puntoyseguido compania agradecer manana tradicion acompanado lindero puerta familia autentico restaurante gracias ellinderotampico guardar tradicion recuerdo generacion conquistar riqueza saborear alma cultura recuerdo fiscalia hermano mora yanina caso zona julio exposicion perdertelo puerto visitar extranjero jorge ortega detener zapata altamira adrenalina divertido altura rueda asciend vistas carpintero gondola inspirado tradicion simbolo fidel col laguna domingo iclei reconocer solucion destacar garza salvador cuyo promover medio bienestar san garcia salvador accion iclei accionclimatica caso lizeth garcia sumar fuerza estrategia luis mora zapata americo mano justiciaparadafne igualdad equipo tierra tejedoras
Medios|https://www.milenio.com/opinion/editoriales/se-dice-en-la-grilla-tamaulipas/la-grilla_1221,Medios,1,108,sur tamaulipas volver llamar atencion nivel nacional puerta firma pacto encabezado canaco nacional autoridad tampico evento cualquiera medida atribuir gestion eduardo manzur atraer encuentro relevancia motivo empresario pais decidir visitar sur tamaulipas decision presidente canaco nacional octavio torre steffano identificar puerto jaibo ciudad consolidado materia comercio seguridad considerar secretaria economia gobierno tamaulipas ninfa cantu perfil tomar rumbo prospecta morena sucesion prueba fuego superar aduana politico partido verde abrir registro aspirir coordinar partidista municipio mensaje buscar fortalecer posicion frente morena eventual negociacion alianza querer aliado partido peso suficiente influir definicion decision final seguir dirigencia nacional jose brana mojica anunciar solicitar licencia buscar oportunidad electoral cabe recordar llegar camara diputados
Facebook|https://www.facebook.com/reel/998640029614136/,Facebook,2,58,ciclo escolar instruccion presidenta municipal tampico monica zacil villarreal anaya programa prevencion violencias entorno escolar direccion prevencion delito escuela beneficiar estudiante gracias plantel abrirnos puerta cuerpo directivo docente escuela mil estudiante impartir conferencia desear divertido vacacion ciclo escolar seguir construir tampico paz tampico tampico tampicovacontodos escuela vacacion excelente labor felicitar ayuntamiento tampico sensibilizar nina nino adolescente prevencion delito
Facebook|https://www.facebook.com/monicavtampico/posts/pfbid02f1LYRU6eoWf9ajJiiMkMKs2DA7XVSJ1vsxf4TGs3yjpxm4UrX37rJhAP1hgyRYdYl,Facebook,3,72,manana reuni afiliado cmic tamaulipas compartir avance lograr area importante seguir transformar tampico presentar actual inversion programa obra publica sumar millon pesos inversion municipal millon pesos gestionado gobierno millon pesos destinado desarrollo ciudad agradecer cmic entrega cheque dif tampico fortalecer labor favor necesitar entrega cheque municipio elaboracion proyecto ejecutivo permitir seguir impulsar obra estrategico crecimiento tampico seguir mano sector construir tampico desarrollo oportunidad resultado reflejar calidad vida tampiqueno equipo clave exito seguir
Medios|https://www.milenio.com/negocios/corredor-industrial-altamira-oportunidad-economica-tamaulipas-cepal,Medios,1,109,corredor industrial sur tamaulipas concentrar actividad economico representar oportunidad diversificar economia elevar competitividad ano concluir estudio comision economica america latina caribe cepal analisis organismo naciones unidas identificar complejo petroquimico asentado altamira plataforma etapa desarrollo industrial entidad ecosistema solido region concentrar producto interno bruto estatal generar albergar complejo petroquimico importante america latina cuyo exportacion llegar pais reconocer autor estudio nahuel oddone federico stezano diversificacion economico principal reto tamaulipas cepal advertir liderazgo garantizar crecimiento sostenido desafio consistir convertir fortaleza industria petroquimico motor diversificacion capaz desarrollar cadena integrar proveedor local incorporar micro pequeno mediano empresa impulsar innovacion eje permanente desarrollo productivo analisis formar estudio iniciativa articulacion productiva territorial iapt entidad pais concl
Facebook|https://www.facebook.com/reel/3688042501347984/,Facebook,4,45,manana reuni afiliado cmic tamaulipas compartir avance lograr tampico contar inversion millon pesos obra publico resultado suma recurso municipal gobierno agradecer cmic entrega cheque dif tampico fortalecer labor social municipio elaboracion proyecto ejecutivo impulsar desarrollo tampico tampicovacontodo tampicotecuida excelente noticia felicidades super tampicotecuida felicidad tampicotecuida
Medios|https://www.milenio.com/estados/canaco-exige-conagua-reinvierta-recursos-tamaulipas,Medios,1,105,inversion comision nacional agua conagua deber obligatorio ley entidad tamaulipas acuerdo cobro objetivo sacar proyecto anti inundacion pendiente decada presidente camara nacional comercio canaco tampico eduardo manzur asegurar deber forma etiquetar recurso cuenca pais deber obligacion ley regresar obra servicio beneficio cuenca administrar obras inundacion seguir pendiente sur tamaulipas insistir empresario tampiqueno serie proyecto pendiente ano obra inundacion tampico madero altamira proyecto buscar contencion agua frente sequia quedar tintero reclamo sociedad civil sector empresarial cobro conagua extraccion explotacion manto acuifero administrar nulo retorno inversion sentido disposicion generar recurso recalcar obra tampico hidrotunel ejercito mexicano dren martock decada pendiente obra anti inundacion madero dren evitar problema
Facebook|https://www.facebook.com/reel/4010071035966180/,Facebook,5,36,gracias maestra tere docente madre padre familia escuela primaria vicente guerrero colonia lopez portillo calido recibimiento hermoso detalle seguir atender gestion pronto barda quedar completamente rehabilitado saludo cadereyta alcaldesa monico excelente merecer presidenta tampicotecuida excelente humano
Medios|https://www.milenio.com/politica/repartiran-entre-partidos-de-tamaulipas-cerca-de-90-mdp,Medios,1,102,partido politico registro tamaulipas reducido financiamiento publico recibir semestre ano incorporacion fuerza politica nacional paz mexico derecho prerrogativa estatal obtener acreditacion entidad ietam ajustar prerrogativa morena pan verde pri presidente instituto electoral tamaulipas ietam juan jose ramos charre informar ajuste financiamiento pendiente ministrar morena pan verde pri restar cuyo remanente agosto diciembre ascender millon pesos paz mexico recibir financiamiento estatal explicar redistribucion comenzar previsiblemente quincena julio cifra aumentar monto definitivo depender fecha partido concluir proceso acreditacion organismo electoral martes unicamente paz presentar solicitud acreditacion ietam mexico iniciar tramite distribucion recurso permanecer pendiente partido derecho prerrogativa pendiente sesion comision prerrogativas partidos asociaciones politicas
Medios|https://www.milenio.com/estados/tamaulipas-entre-las-entidades-con-mayor-satisfaccion-con-la-vida,Medios,1,102,tamaulipas posicionar entidad pais cuyo poblacion mostrar nivel satisfaccion vida acuerdo resultado encuesta nacional bienestar autorreportado enbiare difundido inegi nivel satisfaccion vida tamaulipas promedio superar coahuila ubicar durango sinaloa baja california sur completar grupo entidad nivel bienestar subjetivo habitante mujer tamaulipas destacar nivel nacional compartir sonora calificacion promedio unicamente debajo baja california sur reflejar percepcion positivo calidad vida factor social economico personal nivel nacional enbiare revelar persona ano experimentar evento negativo mes perdida ingreso desempleo rechazo laboral enfermedad accidente reportar vivir acontecimiento positivo enfermedad grave contraer matrimonio adquirir propiedad resolver conflicto personal legal encuesta encontrar poblacion sufrir situacion discriminacion ano manifestar dificu
Medios|https://www.milenio.com/negocios/construccion-vivienda-tamaulipas-estanca-altos-costos,Medios,1,117,construccion vivienda tamaulipas presente ano estancar empresarios sector afirmar factor costo insumo baja terreno caro impactar animo inversionista ejecutar proyecto residencia situacion similar rubro industrial enfatizar banco mexico banxico capital privado destinado aprovechar condicion ofrecido desarrollar torre departamental nave industrial mes inhibir intencion explicar encuesta sector privado ubicado norte republica mexicana estacion reflejar chihuahua baja california banxico reportar caida desarrollo habitacional informe publicado banco central autonomo explicar segmento vivienda directivo informar inversion desarrollo disminuir desempeno atribuir factor observado trimestre previo menor dinamismo formal encarecimiento suelo urbano aumento costo construccion limitar demanda especialmente segmento medio residencial mencionar vivienda social mantener impulso programa federal situacion oponer rubro hogar sector popular social gobierno federal programa viviendas dell bienestar impulsar edificacion
Medios|https://www.milenio.com/estados/cocodrilos-se-enfrentan-en-la-laguna-del-carpintero-por-territorio,Medios,1,102,laguna carpintero atractivo turistico excelencia tampico cabo batalla silencioso atencion dominio ecosistema cocodrilos guerra cocodrilo joven alcanzar metro protagonista historia final feliz referir terminar exilio tragico significar terminar vida fauz cocodrilo alpha mayo julio ano documentar muerte cocodrilo macho menor tamano aparecer muerto dano herida raspon diverso cuerpo partido mitad encontrar recientemente autoridad ambiental oceanologo marcelo rene garcia explicar joven perder batalla rey laguna macho dominante especie dominante territorial existir posibilidad acercar demasiado nido tratar comportamiento normal cocodrilo grande dominant buscar considerar competencia especie territorial nacimiento explicar experto medio ambiente detallar ecosistema medio efervescencia importante epoca anidacion generar especimen pequeno buscar nido
Facebook|https://www.facebook.com/monicavtampico/videos/899364353246397/,Facebook,2,8,inauguracion exposicion bodies espacio cultural metropolitano exposicion alcaldesa
TikTok|https://www.tiktok.com/@prevenciondelitotampico,TikTok,1,47,gobierno municipal tampico encabezar presidenta monica zacil villarreal anaya invitar vivir experiencia extraordinario aprendizaje diversion unificar hacerte escuadron elite mini guardianes accion direccion prevencion delito puedes con reto cita jueves julio manana centro bienestar paz colonia solidaridad voluntad entrada gratuito limite edad tampico tampicotecuida ninas ninos viral
Medios|https://oem.com.mx/elsoldetampico/local/dia-del-perro-en-tampico-habra-concursos-premios-y-diversion-para-las-mascotas-31134219,Medios,1,21,localmiercoles julio dia perro tampico concurso premio diversion mascota actividad gratuito incluir loteria dinamico concurso foto fortalecer cuidado responsable yadira hernandez
Medios|https://www.milenio.com/estados/rina-entre-policias-y-civiles-en-altamira,Medios,1,83,presuntamente familiar requeer atencion clinica medico sistema dif altamira querer atender forma inmediato noche martes registrar discusion empleado dependencia municipal particular demandar presencia guardia estatal pretender entrar fuerza centro atencion medico detener civil rina altamira secretario ayuntamiento jose francisco perez ramirez senalar pedir apoyo corporacion seguridad publico arribar unidad elemento discusion civil agente seguridad detencion persona caso similar semana comentario torno situacion ocurrir noche funcionario municipal senalar problema registrar semana poblacion desesperar demandar atencion medico rapido instalacion capacidad prestacion servicio rebasado demanda ocasion
Twitter|https://x.com/MonicaVTampico/status/2077484366452691260,Twitter,1,22,reuni afiliado cmic tamaulipas compartir avance programa obra publica sumar millon pesos inversion desarrollo tampico agradecer respaldo seguir impulsar proyecto estrategico ciudad
Facebook|https://www.facebook.com/monicavtampico/posts/pfbid08A3GawnDzPHXXpuPE5NafbHAVALfuqZiEVwAnwBdEtD5f2SbPukGBMCnn8HExXfal,Facebook,4,84,inaugurar exposicion bodies muestra anatomia humano impactant mundo recorrer pais recibir millon visitante consolidir destino apostar cultura conocimiento turismo experiencia alla exposicion pabellon tampico cuidar direccion salud distrito salud bienestar acercar familia servicio gratuito prevencion promocion salud deteccion vih hepatitis vacunacion prevencion cancer mama orientacion nutricional programa cecodiat lonchera plato saludable invitar extraordinario exposicion seguir disfrutar tampico ofrecer espacio cultural metropolitano metro julio costo boleto individual paquete familiar persona paquete amigos persona puntos venta comentario excelente tampicotecuida opcion excelente visitar tampivo ռոդրիգես դեւանի vamoss
Medios|https://www.milenio.com/estados/choque-de-autobus-contra-auto-en-el-norte-de-veracruz,Medios,1,117,autobus pasajero linea hola impactar automovil particular carretera federal costera golfo reportar persona muerto herido accidente ocurrir miercoles carretera tramo alamo temapache cerro azul persona fallecido victima identificar nombre diana juan viajar automovil originario cerro azul persona fallecido regresar cerro azul auto tsuru asistir baile feria comunidad potrero llano municipio alamo temapache pasajero lesionado auxiliar paramedico corporacion emergencia cerro azul potrero llano municipio alamo proteccion civil municipal trasladar hospital cerro azul tramo carretero felipe cerrar parcialmente circulacion atender siniestro zona permanecer acordonado elemento ejercito mexicano guardia nacional veracruzanos lesionado accidente tamaulipas tamaulipas autobus recorer ruta monterrey leon tantoyuca veracruz accidentar dejar resultado persona lesionado siniestro registrar carretera altura estacion san francisco tamaulipas conductor trailer involucrado fuga hcm
Medios|https://oem.com.mx/elsoldetampico/deportes/la-maquinita-vazquez-el-tampiqueno-que-suena-con-debutar-a-nivel-profesional-en-el-boxeo-mexicano-31119089,Medios,1,23,deportesmiercol julio maquinita vazquez tampiqueno sonar debutar nivel profesional boxeo mexicano campeon olimpico nacional racha invicto tamaulipeco proyectar joven promesa pugilismo gustavo corona
Medios|https://www.milenio.com/estados/vuelca-pipa-combustible-puente-esperanza-altamira,Medios,1,94,conducir exceso velocidad querer esquivar bache evitar impactar unidad empresa refresquero operador pipa cargado litro gasolina volcar costado puente esperanza municipio altamira registrar manana miercoles lateral puente sentido sur norte arribar autoridad proteccion civil regional proteccion civil municipal guardia nacional agentes seguridad asipona altamira dependencia lograr contener derrame combustible voladura tanque pesado unidad registrar fisura zona litro combustible lograr contener derrame cabe mencion labor transvase tardar hora pasar ciento litro quedar tanque exhortar tomar medida precaucion funcionario municipal llamado operador vehiculo dimension conducir descansado empresa midar presionen llegar destino manejar presionado razon accidente jetl
Medios|https://www.milenio.com/estados/policia-salva-vida-hombres-intentaban-suicidarse-tampico,Medios,1,105,elementos seguridad publica paramedico lograr intervenir salvar vida hombre pretender vacio distinto estructura vial tampico incidente reportado consecutivo linea emergencia martes tarde movilizar rapidamente elemento policiaco aplicar protocolo contencion evitar caso terminar tragedia suceso puente tampico suceso registrar hora autoridad alertar presencia persona sentado peligroso bordo contencion puente tampico llegar sitio oficial entablar dialogo descubrir hombre presentar fuerte crisis nervioso sostener severo discusion pareja sentimental sujeto amigo asegurar area zona riesgo retirar pie suceso puente peatonal minutos tarde llamada auxilio ingresar reportar escenario similar puente peatonal ubicado avenida ejercito mexicano justo frente hospital general carlos canseco joven encontrar sentado barda proteccion intencion rapido llegada paramedico
Medios|https://www.milenio.com/policia/muere-buzo-frente-escollera-playa-miramar,Medios,1,106,buzo morir playa miramar tarde miercoles labor pesca frente faro escollera ciudad madero hombre conocido companero apa rescatar agua localizar flotar presentar signo vital incidente ocurrir hora nicolas ano edad ingresar agua rio panuco practicar pesca buceo actividad habitual ocurrir fallecimiento buzo playa miramar acuerdo relato companero pescador llegar sitio iniciar inmersion costumbre minutos tarde observar cuerpo flotar arrastrar corriente distancia aproximado metro mar adentro gracias boya senalizacion utilizar inmersion lograr agua orilla confirmar presentar signo vital informar autoridad acudir elemento policia estatal secretaria marina tomar conocimiento diligencia correspondiente familiares amigo pescador arribar sitio lamentar ocurrido preliminar presumir hombre sufrir infarto fulminante encontrar agua obstante autoridad
Medios|https://oem.com.mx/elsoldetampico/ciencia-y-salud/me-parecio-ver-una-linda-nutria-observadores-de-aves-tuvieron-un-encuentro-inesperado-en-altamira-31125550,Medios,1,26,ciencia saludmiercoles julio parecer lindo nutria observador ave encuentro inesperado altamira integrante club observacion aves altamira pasean semana buscar ave fomentar amor naturaleza ciudadania antonio campos
Medios|https://www.milenio.com/deportes/diego-popa-gana-oro-plata-campeonato-panamericano-canotaje,Medios,1,107,canoista tamaulipeco diego popa destacado actuacion campeonato panamericano canotaje celebrar montreal canada medalla mexico plata oro atleta sobresaliente competencia diego popa abrir participacion medalla plata deportista originario tampico abrir participacion certamen medalla plata prueba metro resultado colocar exponente continente disciplina destacado actuacion popa mostrar nivel competitivo sumar presea delegacion mexicano dejar alto nombre tamaulipas evento internacional diego popa sumar oro metro hora tampiqueno volver podio conquistar medalla oro prueba metro campeon panamericano especialidad resultado diego popa cerrar brillante jornada acumular presea campeonato plata metro oro metro reconocer desempeno atleta tamaulipeco doble logro deportista celebrar instituto deporte tamaulipas inde destacar esfuerzo dedicacion representar mexico competencia importante continente jetl
Medios|https://oem.com.mx/elsoldetampico/local/reglas-claras-sobre-el-uso-de-razers-en-destinos-turisticos-de-tamaulipas-llega-iniciativa-al-congreso-31105144,Medios,1,25,localmiercoles julio regla claro razer destino turistico tamaulipas llegar iniciativo congreso ausencia regla generar escenario riesgo derivar accidente grave perdida humano dano ambiental mariela macay
Instagram|https://www.instagram.com/p/Da1rKseDW4I/,Instagram,1,72,inaugurar exposicion bodies muestra anatomia humano impactant mundo recorrer pais recibir millon visitante consolidir destino apostar cultura conocimiento turismo experiencia alla exposicion pabellon tampico cuidar direccion salud distrito salud bienestar acercar familia servicio gratuito prevencion promocion salud deteccion vih hepatitis vacunacion prevencion cancer mama orientacion nutricional programa cecodiat lonchera plato saludable invitar extraordinario exposicion seguir disfrutar tampico ofrecer espacio cultural metropolitano metro julio costo boleto individual paquete familiar persona paquete amigos persona
Twitter|https://x.com/VoxPopuliNoti/status/2077596663175135447,Twitter,1,20,monica villarreal ampliar oferta turistico tampico exposicion bodies alcaldesa subrayar interesante exhibicion contar reconocimiento internacional recorrer pais turismo tampico tamaulipas
Medios|https://www.milenio.com/negocios/robo-equipos-menores-cuesta-230-mdp-ano-empresas-medianas,Medios,1,111,robo perdida activo problema sustitucion maquinaria pesado representar fuga operativo anual promedio millon pesos organizacion mediano carecer sistema rastreo acuerdo reciente informe operaciones conectadas soco publicado empresa samsara informe senalar mexico ubicar pais crecimiento mundial delito ano operacion rastreo perder promedio millon pesos anual costo directo indirecto equipo encontrado ciento costo operativo provenir activo pequeno encontrado valuado pesos herramienta sensor refaccion especializado compania senalar mexico ciento organizacion afirmar frecuencia robo activo alto incrementar lustro cifra superar promedio global ciento falta visibilidad impactar directamente competitividad ciento asegurar dejar participar competir proyecto robo perdida extravio activo critico samsara agregar ciento participante mexico senalar desaparicion activo critico provocar cierre retraso significativo proyecto mes ausencia
Twitter|https://x.com/gruponoticiaspc/status/2077603248018460816,Twitter,1,20,monica villarreal ampliar oferta turistico tampico exposicion bodies oferta turistico cultural tampico periodo vacacional verano presidenta municipal monica villarreal leer
Medios|https://oem.com.mx/elsoldetampico/deportes/mi-papa-combatio-en-malvinas-argentino-en-tampico-vive-con-emocion-el-triunfo-sobre-inglaterra-31146257,Medios,1,26,deportesmiercol julio papa combatir malvinas argentino tampico vivir emocion triunfo inglaterra facundo oliva oriundo rioja vivir encuentro matiz emocional hijo combatiente guerra malvinas adolfo ruiz nunez
Twitter|https://x.com/gruponoticiaspc/status/2077619472249049410,Twitter,1,22,bodies invitar reflexionar vida cuidar salud monica villarreal exposicion internacional bodies llegar tampico proposito trascender ambito cultural turistico promover reflexion profundo leer
Medios|https://oem.com.mx/elsoldetampico/local/instalacion-de-aires-acondicionados-colapsa-el-sistema-electrico-en-escuelas-de-tampico-piden-intervencion-de-las-autoridades-31135795,Medios,1,50,instalacion aires acondicionado colapsar sistema electrico escuela tampico pedir intervencion autoridad autoridades buscar obra patrocinado recurso escuela ejecutar asesoria tecnico evitar afectacion plantel yadira hernandez infraestructura electrico escolar preparado equipo aire acondicionado proyecto desarrollar escuela deber supervisar itife comites padre familia deber director plantel ano escuela registrar dano instalacion electrico
Medios|https://www.milenio.com/opinion/editoriales/se-dice-en-la-grilla-tamaulipas/la-grilla_1222,Medios,1,114,pan quedar claro correligionario auditoria luis rene cantu extender salvoconducto politico revisar finanza dejar dirigencia alegar falta facultad abrir caja millon pesos cuyo destino seguir opacidad terminar acuerdo unidad movimiento ciudadano terminar exhibido exactamente soler criticar ietam imponer multa pesos incumplir obligacion prevenir atender erradicar violencia politico mujer razon genero partido siquiera incluir programa cargar sancion economico sello sujeto sancionado empresario integrar consejo instituciones empresariales sur tamaulipas ciest reunir jueves secretario recursos hidraulicos raul quiroga alvarez abordar diverso problematica relacionado agua sur especialmente proyecto permanecer pendiente red social inquietud presunto visita andres manuel lopez beltran zona sur tamaulipas intencion definir candidatura indicar tratar rumor llamativo version surgir morenismo aparentemente afectar cuadro cuarta transformacion cierre
Medios|https://www.milenio.com/estados/escuelas-tampico-refuerzan-seguridad-robos-vacaciones,Medios,1,104,maestro director funcionario sector educativo dificil recuperar articulo robado escuela respuesta soler recuperar contar seguro realidad directivo creativo establecer estrategia proteger patrimonio escolar vacacion verano representar receso calendario escolar mes significar cambio grado sistema educativo convertir preocupacion dirigir plantel riesgo robo acto vandalismo policia cubrir ciudad escuela publico carecer recurso contratar velador elevar barda instalar alarma colocar camara videovigilancia panorama creatividad colaboracion comunidad escolar convertir principal herramienta prevencion regidor rogelio perez lara presidente comision educacion tampico explicar estrategia implementada secundarias consistir secretaria direccion resguarden casa equipo computo entregar resguardo equipo computo secretaria direccion casa senalar medida realidad ingresar robar soler buscar articulo tecnologico comput
Medios|https://www.milenio.com/comunidad/virgen-carmen-ciudad-madero-historia-fe-tradicion,Medios,1,111,amanecer lancha comenzar rio panuco ruido motor romper silencio pescador preparar jornada soltar amarra repetir ritual aprender padre abuelo persignar embarcacion levantar vista imagen virgen carmen silencio peticion sencillo invaluable regresar casa pedir pesca extraordinario red repleto camaron jaiba pedir volver vida escena repetir dia depender mar sostener familia cobrar significado especial julio ciudad madero tampico comunidad norte veracruz celebrar patrona pescador dia abandonar hora templo navegar rio mar manifestacion religioso emblematico sur tamaulipas virgen carmen unicamente advocacion catolico ciento familia representar memoria generacion entero vivir agua presencia constante casa pescador simbolo proteccion frente tormenta figura acompanar salida mar region pesca marcar identidad habitante imagen terminar paisaje explanada levantar monumento virgen
Facebook|https://www.facebook.com/reel/1706618210384081/,Facebook,3,63,contar unidad cuidados tamul paz espacio representar compromiso gobierno escuchar atender persona centro accion acceder comida nutritiva costo pesos platillo servicio lavanderia pesos carga ropa equivalente kilo servicio agua purificado pesos botellon taller autoempleo clase cocina activacion fisico programa fortalecer bienestar familia tampico reducir carga enfrentar familia dignificar dia dia construir ciudad humano cercano incluyente tampicotecuida agradecido ayuda lic excelente presidenta seguir transformacion
Facebook|https://www.facebook.com/reel/1060393653340609/,Facebook,7,43,julio procesion nautico honor virgen carmen patrona marinero pescador reunir familia mantener vivo devocion heredado generacion refrendar compromiso mar fuente sustento fecha motivo union esperanza reconocimiento hombre mujer mar amen bendiga hombre mar familia cual virgen amen amen amen padre virgen monte carmelo
Facebook|https://www.facebook.com/monicavtampico/posts/pfbid02rVdSMBNkdFPvPcATLLv5sSe3f8RNvqcU8Ycg8UoguK4zwgUYoud83YZeEfiEsjcMl,Facebook,5,43,verano diversion vivir tampico julio agosto nina nino ano disfrutar campamento verano tampico unidad deportivo tampico morelos borreguera puertas coloradas opcion seguro cercano accesible nino aprovechar vacacion deporte convivencia experiencia tampicotecuida tampicovacontodos excelente presidenta tampicotecuida diversion aprendizaje pequ hogar dulce ortiz hijo costo
Medios|https://www.milenio.com/negocios/constructores-irregulares-contratos-obra-publica-cmic,Medios,1,96,obra publico lanzado municipio tamaulipas repartir empresa afiliada cmic considerada informal situacion socio agrupacion laborar mitad capacidad pedir participacion plan autoridad pedir participacion asignacion ayuntamiento ayudar actividad presente ano balsamo necesitar aumentar ganancia enfatizar titular delegacion pablo haro panduro fecha promedio empresa ramo ayuntamiento otorgar pavimentacion arreglo red hidrosanitaria organismo privado desarrollar agenda proyecto municipio lanzar beneficio operacion empresa mitad ideal personal laborar faltar salir obra publico pedir considerar directivo empresa camara entregar proyecto agregar camara mexicana industria construccion estatal contar afiliado tercio repartir zona sur resto dedicar reynosa matamoros laredo cifra ciento compania catalogado microempresa
Medios|https://oem.com.mx/elsoldetampico/analisis/imaginese-resurreccion-azulresurreccion-azul-31142645,Medios,1,25,analisisjueves julio imaginese resurreccion azul busca altamira crecimiento ordenado madero justicia social barra columna noticias columna cartones loultimo newsletter quedar conversacion mandar correo resumen informativo
Medios|https://www.milenio.com/estados/detectan-casos-abuso-sexual-jornadas-prevencion-tampico,Medios,1,95,jornada prevencion delito cabo tampico diverso escuela ciudad registrar caso abuso sexual menor edad escuchar platica caso abuso sexual elda vianey escobedo directora prevencion delito tampico indicar detectar caso escuela primario caso tocamiento considerar abuso sexual canalizar aproximado alumno llegar atender oportuno gracias programa buscar justo ocurrir conducta escalir conflicto existir declarar explicar funcionaria semaforo corporal detectar caso justamente tocamiento mayoria detectar atencion oportuno dif municipal pendiente velar bienestar infancia adolescencia lograr contencion buscar abuso familia jornada multidisciplinaria terminar instancia fiscalia especializada investigacion delitos ninas ninos adolescentes delitos mujeres razones genero normalmente detallar autoridad gener
Medios|https://www.milenio.com/estados/grupo-hycsa-construira-estaciones-tren-saltillo-nuevo-laredo,Medios,1,105,construccion tren pasajero laredo sumar consorcio grupo hycsa encargado proyecto infraestructura tamaulipas estacion trayecto ferroviario anunciado gobierno federal aplicar millon pesos puntos ascenso descenso corporativo ganar fallo licitacion ascenso descenso pasajero repartido coahuila leon terminar frontera unidos objetivo movilizar anualmente millon persona centro pais grupo hycsa construir estacion resolucion convocatoria indicar corporativo encargar desarrollar estacion general escobedo salinas victoria villa aldama lampazos naranjo anahuac laredo esperar generar maniobra contemplar ano medio programado secretaria infraestructura comunicaciones transporte sict proyecto representar hito grupo hycsa confirmar capacidad participar obra infraestructura escala relevancia nacional aportaremos experiencia tecnico capacidad ejecucion construir estacion conectar persona comunidad centro productivo region economico importante
Medios|https://www.milenio.com/comunidad/procesion-virgen-carmen-rio-panuco-2026,Medios,1,88,manana jueves zarpar embarcacion procesion ano honor virgen carmen patrona pescador rio panuco rumbo ciudad madero ceremonia previo zarpar bordo parque camaronero roque rojas imagen virgen adornado flor diverso color tripulacion politico empresario obispo margarito salazar cardenas encabezar ceremonia religioso zarpar agua rio panuco destino colonia barra ciudad madero misa gracias virgen carmen asegurar obispo mensaje gracias virgen carmen cuidar habitante tampico madero altamira tripulacion destacar presencia alcalde erasmo gonzalez robledo susana pineda comisionado desarrollo economico tampico claudia fernandez directora desarrollo economico altamira jorge maron presidente asociacion hoteles
Medios|https://www.milenio.com/estados/choque-en-tampico-deja-a-tres-personas-lesionadas,Medios,1,81,persona resultar gravemente lesionado chocar unidad transportar arbol colonia morelos especificamente calle heriberto jara emiliano zapata ejidatarios tampico herido chocar arbol pierna derecho semiamputado retirar entrar shock llegar bordo proteccion quedar tirado esquina abril voluntarios zona sur tamaulipas atender situacion emergencia lograr estabilizar persona encontrar etilico posteriormente trasladar hospital ambulancia crum fuerte impacto red social arrojar dato preliminar atropellar sujeto bordo proteccion huir impactar objeto fijo continuar indagatoria entrevista testigo hombre perder pierna salir camioneta siniestrado pie atender paramedico calle abril
Medios|https://oem.com.mx/elsoldetampico/local/crecida-del-rio-bravo-tendra-dos-picos-en-tamaulipas-podria-alcanzar-los-tres-metros-31152463,Medios,1,21,localjueves julio crecida rio bravo pico tamaulipas alcanzar metro prever incremento nivel julio cierre preventivo area recreativa vigilancia permanente mariela macay
Medios|https://www.milenio.com/comunidad/tren-impacta-tractocamion-entrada-petrocel-altamira-tamaulipa,Medios,1,97,tractocamion impactar locomotora manana miercoles julio ocurrir tren tratar ingresar terreno empresa petrocel ubicado altamira tamaulipas percance afortunadamente dejar dano material advertencia transito ocurrir siniestro ocurrir hora acceso principal planta unidad carga encontrar detenido operador filtro seguridad obtener ingresar inmediacion empresa tractocamion permanecer via tren recibir impacto directo plano locomotora colision unidad terminar volcado area via acudir autoridad transito tramite correspondiente reportar persona lesionado causa percance atento llamado operador accidente perito transito altamira alberto lopez pedir operador unidad pesado verificar vehiculo contar espacio suficiente cruzar via ferroviario ingresar sitio empresa evitar situacion similar acabar accidente magnitud rceh
Medios|https://www.milenio.com/negocios/financial-times/asha-sharma-ceo-xbox-redefine-futuro-videojuegos,Medios,1,108,asha sharma gamer empedernido febrero convertir directora xbox empresa videojuego grande mundo semana recurrir medida drastico cualquiera ceo temer despido masivo anunciado mes asumir puesto alto perfil decision recortar puesto cerrar estudio videojuego culminar mes frenetico jefa ano division xbox microsoft imperio abarcar consola videojuego exito call duty minecraft candy crush principios ano satya nadella ceo microsoft ascender sharma relativo anonimato encargar arreglar dificil division videojuego compania falta experiencia previo mujer ocupar puesto directivo industria unido enfrentar acusacion misoginia piers analista industria videojuego ampere analysis calificar nombramiento decisivo significativo agudeza intelectual trayectoria sharma cima mundo inusual ocupar puesto operativo tecnico responsabilidad compania tecnologia facebook aplicacion reparto instacart persona
Medios|https://www.milenio.com/negocios/financial-times/pymes-clave-elevar-competitividad-mexico-ccmx,Medios,1,103,contexto marcado reconfiguracion cadena suministro revision tratado comercial mexico unidos canada avance inteligencia artificial micro pequeno mediano empresa enfrentar reto elevar competitividad economia exigente entrevista milenio juan carlos ostolaza cortes director general centro competitividad mexico ccmx explicar iniciativa consejo mexicano negocios impulsar profesionalizacion pequeno mediano empresa pymes conectar cadena grande empresa preparar aprovechar oportunidad ofrecer escenario economico nacional internacional objetivo ayudar pymes profesional consecuencia competitivo directivo oportunidad abrir pymes revision cambio comercio internacional entender correctamente implicar revision hablar revision periodico tratado seguir vigente ano posibilidad ano adicional alla realmente importante observar cambiar entorno economico mundial hablar cadena mundial transicion cadena regional representar oportunida
Medios|https://oem.com.mx/elsoldetampico/local/el-rio-panuco-se-llena-de-fe-con-la-procesion-de-la-virgen-del-carmen-31153372,Medios,1,23,localjueves julio rio panuco llenar procesion virgen carmen edicion celebracion concluir monumento patrona pescador continuar festejo liturgico silvia rangel antonio sosa sol tampico
Medios|https://www.milenio.com/estados/detienen-a-ernesto-ruffo-appel-exgobernador-de-bc,Medios,1,113,fiscalia general republica fgr aprehendeir exgobernador baja california ernesto ruffo appel presunto responsabilidad delito delincuencia organizado contrabar acuerdo institucion resultar investigacion alto complejidad relacionado grande operacion contrabando combustible empresa fundado donde detener ernesto ruffo fgr indicar solicitar obtener orden aprehension mencionado delito cumplimentar tarde jueves julio ensenada baja california captura ultimahora milenio july detener ernesto ruffo exgobernador baja california delincuencia organizado contrabar informacion fernando robles milenionoticias investigar ruffo appel exprimer gobernador oposicion pais investigar autoridad federal participacion accionista mayoritario empresa ingemar firma relacionar aseguramiento millon litro hidrocarburo transportado ferrotanques coahuila presuntamente relacionado huachicol fiscal ruffo appel manifestar publicamente empresa unicamente manejar logistica importacion papeleo aduanal frontera hija ernesto hector osuna llegar fgr detencion
Medios|https://www.milenio.com/policia/ernesto-ruffo-exgobernador-bc-detenido-huachicol,Medios,1,110,ernesto ruffo appel exgobernador baja california detener comision delito delincuencia organizado contrabar contar exlegislador senalamiento ernesto ruffo nacido san diego unidos nacionalidad mexicano ruffo appel formar licenciado administracion empresas instituto tecnologico estudios superiores monterrey itesm incorporar fila partido accion nacional pan ano presidente municipal ensenada ruffo appel gobernador oposicion historia mexico ganar gubernatura baja california postulado partido accion nacional pan julio ciento voto favor panista inaugurar alternancia politico pais grado ano pri gobernar entidad ano gubernatura ruffo probar exito electoral ganar presidencia municipal ensenada carta presentacion gobierno marcado asesinato luis donaldo colosio ocurrido lomas taurinas tijuana marzo friccion politica vivir epoca oposicion movimiento social pinos senalar instancia responsable magnicidio tarde
TikTok|https://www.tiktok.com/@israelponceporstreaming,TikTok,5,54,tampico alcaldesa monica villarreal cumplir obra anehlado vecino ano tampico jornada limpieza descacharrizacion alcaldesa monica villarreal recorrer colonia supervisar tampico sede tianguis turistico nacional pueblos magicos noviembre alcaldesa monica villarreal participar instalacion comite organizador alcaldesa monica villarreal incorporar empresa programa tampico distintivo alcaldesa tampico monica villarreal inaugurar campo deportivo jornada bienestar colonia guadalupe victoria
Twitter|https://x.com/EleeseNoticias/status/2077870973068415406,Twitter,1,16,monica villarreal experiencia turistico tampico nivel impactante exposicion bodies descubrir fascinante mundo cuerpo humano cdvictoria tamaulipas
Medios|https://www.milenio.com/policia/quienes-son-los-funcionarios-vinculados-a-huachicol-fiscal-en-mexico,Medios,1,113,detencion ernesto ruffo exgobernador baja california presunto participacion delito delincuencia organizado contrabar combustible reavivar controversia generado caso politico alto funcionario gobierno mexicano vincular huachicol fiscal denominar robo hidrocarburo caer delito contar proceso judicial relevante detener ernesto ruffo appel caso reciente senalar fiscalia general republica fgr aprehendeir exgobernador baja california ernesto ruffo appel presunto responsabilidad delito delincuencia organizado contrabar acuerdo institucion resultar investigacion alto complejidad relacionado grande operacion contrabando combustible empresa fundado fgr indicar obtener orden aprehension mencionado delito cumplimentar tarde jueves julio ensenada baja california exprimer gobernador oposicion pais investigar autoridad federal participacion accionista mayoritario empresa ingemar firma relacionar aseguramiento millon litro hidrocarburo transportado ferrotanques coahuila presuntamente relacionado huachicol fiscal caso huachicol adu
Medios|https://www.milenio.com/estados/caso-zayda-merari-tamaulipas-cronologia-desaparicion-localizacion,Medios,1,109,zayda merari joven victorense ano edad testigo carne inseguridad consumir dia sociedad vivir incertidumbre llegar casa secuestrar capital tamaulipeco posteriormente liberar dia busqueda familiar amigo autoridad fiscalia general oficial localizacion vida miercoles julio brindar detalle posterior declaracion mujer red social quitar presunto falso acusasion atribuir comunidad aclarar historia final lamentablemente llegar contar dia desaparicion viernes julio merari moya salir jornada laboral dia decidir comprar cena hermano residencia acuerdo declaracion secuestrar acuerdo report camioneta blanco deportivo localizar fiscalia puerta abierto calle ciudad victoria pesadilla desaparicion invadir cercano tregua ocurrido sembrar rumor difamacion causa ausencia red social confirmar red social amigo conocido familiar comenzar compartir ficha busqueda zayda obtener respuesta comunidad
Medios|https://www.milenio.com/estados/sentencian-a-marlon-botas-feminicida-montserrat-bendimes-en-veracruz,Medios,1,112,marlon botas condenar ano prision delito feminicidio novia monserrat bendimes abril julio determinar joven culpable delito tarde aplicar sentencia maximo marcar codigo penal veracruz delito ocurrir feminicidio monserrat acuerdo fiscalia general fge veracruz ocurrir abril marlon golpear novia montserrat casa fraccionamiento casas tamsa boca rio botas causar herida grave pareja ingresar centro medico fallecer noviembre causa fractura golpe craneo cuello cabe senalar padre marlon ayudar mover montserrat marzo vincular proceso considerar existir prueba contundente participacion prestar ayuda cometer delito feminicidio juez ordenar mes ley monse sancionar encubridor aprobado veracruz octubre ley monse buscar sancionar encubrar feminicidas tipificar delito ayudar agresor escapar familia monserrat considerar positivo aprobacion iniciativa evitar familia pasar pasar rdr
Medios|https://www.milenio.com/negocios/ingemar-empresa-vinculada-huachicol-fiscal-dedica,Medios,1,104,ingemar empresa fundado gobierno expresidente enrique pena nieto ligar presunto participacion contrabando hidrocarburo conocido huachicol fiscal senalar factura documento bitacora falso empresa ingemar dedicar importacion comercializacion combustible contar infraestructura portuario tarde julio ernesto ruffo exgobernador baja california detener ensenada elemento secretaria seguridad proteccion ciudadana sspc presunto nexo huachicol fiscal acuerdo tarjeta informativo gabinete seguridad ruffo appel investigar relacionado grande operacion contrabando combustible empresa ruffo accionista mayoritario empresa ingemar pese exfuncionario dedicar manejo logistica importacion papeleo aduanal frontera caso huachicol involucrado ingemar caso ingemar firma relacionado entrada irregular millon litro hidrocarburo asegurar operativo coahuila transportar ferrotanques accion unidad contar documento acreditar legal traslado procedencia licito
Medios|https://www.milenio.com/policia/vuelca-camioneta-con-gas-lp-en-tampico,Medios,1,109,camioneta cargado litro gas volcar tarde jueves libramiento poniente tampico provocar movilizacion cuerpo emergencia riesgo representar carga accidente registrar fuga combustible evitar situacion peligro percance ocurrir frente hotel unidad circular norte sur vialidad ocurrir volcadura camioneta gas acuerdo conductor accidente originar presunto falla mecanico sistema freno perdida control unidad decidir acotamiento velocidad terminar volcar camioneta quedar recostado conductor derramar aceite diesel carpeta asfaltico lesionado report tanque transportar ciento capacidad presentar fuga operador lograr cerrar valvula seguridad situacion agravar conductor lograr salir pie unidad unicamente sufrir lesion accion cuerpo emergencia sitio acudir elemento bomberos voluntarios tamaulipas brigada voluntarios accidentes viales brindar auxilio operador inspeccion descartar riesgo derivado carga gas posteriormente
Medios|https://oem.com.mx/elsoldetampico/local/empresa-bm-offshore-inicia-contratacion-en-tampico-apuesta-por-el-ingles-y-la-economia-rosa-31152881,Medios,1,26,localjueves julio empresa sbm offshore iniciar contratacion tampico apostar ingles economia rosa firma sbm offshore proveedora yacimiento cinturon plegado perdido ubicado frente costas matamoros maria macias
Medios|https://oem.com.mx/elsoldetampico/deportes/jaiba-brava-inicio-visorias-para-la-liga-filial-tdp-seleccionaron-a-30-de-los-mas-de-200-postulantes-31155208,Medios,1,21,deportesjuev julio jaiba brava inicio visoria liga filial tdp seleccionar postulant equipo sur tamaulipas prueba tercero division unidad deportiva gustavo corona
Twitter|https://x.com/RevistaDebateMX/status/2077943776769696223,Twitter,1,12,tampico sumar jornada limpieza prevenir enfermedad mantener colonia saludable tampico revistadebate nota
Medios|https://oem.com.mx/elsoldetampico/local/ia-y-celulares-reducen-la-actividad-de-fotografos-tradicionales-en-tampico-buscan-reforzar-el-gremio-31157165,Medios,1,22,localjueves julio celular reducir actividad fotografo tradicional tampico buscar reforzar gremio union fotografos tampico buscar pese disminucion interes generacion gremio yadira hernandez
Medios|https://www.milenio.com/estados/cabeza-vaca-responde-claudia-sheinbaum-orden-aprehension,Medios,1,106,exgobernador tamaulipas francisco garcia cabeza vaca responder presidenta claudia sheinbaum mandataria federal reiterar existir orden aprehension vigente sostener autoridad mexicano mantener solicitud extradicion enfrentar justicia pais conferencia matutina sheinbaum afirmar exmandatario panista buscar fiscalia general republica fgr senalar proceso judicial continuar cuestionar falta respuesta unidos solicitud extradicion dia garcia cabeza vaca difundir posicionamiento rechazar declaracion presidenta asegurar caso utilizar politico equivocar presidenta mal informado permito personalmente utilizar nombre desviar atencion grave senalamiento unidos narcogobernador morena cabeza vaca negar profugo acusar persecucion politico exgobernador sostener profugo justicia afirmar defender derecho pais institucion mexicano dejar proceso imparcial escondo profugo justicia gobierno empenar negarmela anadir agotar recurso legal disponible
Twitter|https://x.com/VoxPopuliNoti/status/2077951178562847037,Twitter,1,18,consolida monica villarreal estrategia limpieza prevencion jornada colonia alcaldesa tampico reiterar continuar limpieza generacion entorno saludable tampico tamaulipas
Twitter|https://x.com/EleeseNoticias/status/2077957316213621066,Twitter,1,16,monica villarreal reforzar compromiso comunidad implementar jornada limpieza prevencion colonia firme entorno limpio seguro cdvictoria tamaulipas
Medios|https://oem.com.mx/elsoldetampico/local/inversion-millonaria-para-rehabilitacion-de-aceras-y-calles-del-centro-historico-de-tampico-31159496,Medios,1,28,localjueves julio inversion millonario rehabilitacion acera calle centro historico tampico recurso provenir reciente recuperacion concesion estacionamiento subterraneo maria macias recurso provenir reciente recuperacion concesion estacionamiento subterraneo maria macias
Medios|https://www.milenio.com/estados/fgr-revela-modus-operandi-red-huachicol-fiscal-vinculada-ernesto-ruffo,Medios,1,116,fiscalia general republica fgr lograr identificar grande red contrabando combustible detectada comenzar operar ingemar empresa fundado ernesto ruffo appel exgobernador baja california registrar ingreso flujo superior millon pesos nacional operacion divisa millon dolares ernestina godoy ramos titular fgr informar trama delictivo involucrado diverso empresa personal aduana solicitar juez federal orden aprehension cumplimentar exmandatario panista transporte ferroviario control aduanero modus operandi red huachicol fiscal mensaje medio godoy asegurar supuesto organizacion criminal utilizar carro tanque ferrocarril desarrollar operacion investigacion permitir establecer estructura comenzar operar empresa vinculado actividad servicio portuario dragado operacion puerto fundado ernesto aprehendir ensenada baja california empresa relacionado red dedicar formalmente importacion producto derivado petroleo introducir mercancia mexico unidos declarar cantidad menor real registrar producto difer
Twitter|https://x.com/gruponoticiaspc/status/2077979474679800204,Twitter,1,19,consolida monica villarreal estrategia limpieza prevencion jornada colonia mantener limpio ciudad garantizar entorno saludable ayuntamiento tampico desarrollar jornada leer
Medios|https://oem.com.mx/elsoldetampico/deportes/el-futbol-y-sus-pasiones-15976423.html?app=true,Medios,1,102,deportesjuev julio futbol pasionesla victoria derrota cielo linkarticulo impresocompartirsigueno aficionados lealesseguridadsaludsociedadnotas relacionadasdeportesstrongman opcion practico deportivadeportespromocion grado dojo bushinkandeportesconvocan practica voleibol maderomas noticiasdeportesdel sur tamaulipas mar mediterraneo antonio portales despedir jaiba bravael tampiqueno cerrar breve estancia club tamaulipeco previo iniciar apertura leyenda guillermo ochoa anunciar retiro futbol mundialguillermo ochoa anunciar decision colgar guant ano futbolista entrenamiento cuidastir casa correcaminos perder amiga perrita nalael club compartir mensaje despedida lomito describir fiel leal alegredeportesjaque dominio tablero compitar sur tamaulipas ajedrezlos municipio competir sanamente maximo exponente deporte cienciamundial destrozar sueno argentina campeon mundoespana consagrar campeona mundo argentina gracias gol ferran torresdeportestamaulipas hazana seleccion mexicana final supercopa
Medios|https://oem.com.mx/elsoldetampico/local/lluvia-y-cielo-nublado-pronostico-del-tiempo-para-el-viernes-17-de-julio-31158284,Medios,1,28,localviernes julio lluvia cielo nublado pronostico viernes julio esperar temperatura maximo ambiente caluroso posibilidad tormenta electrico mario cruces esperar temperatura maximo ambiente caluroso posibilidad tormenta electrico mario cruces
Medios|https://oem.com.mx/elsoldetampico/ciencia-y-salud/inauguran-la-exposicion-bodies-en-tampico-un-viaje-al-interior-del-cuerpo-humano-sede-y-horario-31146165,Medios,1,28,ciencia saludjueves julio inaugurar exposicion bodies tampico viaje interior cuerpo humano sede horario muestra martes domingo hora prometer viaje conocimiento sistema oseo muscular circulatorio itzia rangole sol tampico
Medios|https://www.milenio.com/estados/extorsion-y-cobro-de-piso-golpean-a-comerciantes-de-ciudad-mante,Medios,1,104,ciudad mante delincuencia organizado imponer monopolio venta insumo papa huevo carbon cigarro cerveza comercio local consultado milenio prohibido proveedor obligado directamente estructura criminal vender producto sobreprecio frecuencia calidad deficiente situacion secreto voz hablar murmullo bambalina dueno negocio atrevir interponer denuncia formal escenario pueblo chico infierno grande falso bastar recibir visita representante cartel operar municipio problema generar cierre comercio ano centro municipio probable ciudad ubicado zona sur tamaulipas contar habitante principal vocacion siembra cana industrializacion azucar autoridad seguridad publica principal atractivo conexion san luis potosi cercania capital conect frontera zona peligroso entidad zetas llegar region orden crimen acuerdo diverso testimonio orden crimen organizado tajante adquirir
YouTube|https://www.youtube.com/watch?v=IvInp-PnigU,YouTube,7,35,noticia completo pan chayotero lastima verguenza cara governador malo perdon queeee partido puerco corrupto abian colgar saque mexico traidor importar mexico bolsillo caen pesecito tiburon seguir robar raro mexico pasar noticia ojala jamas salir rata
Facebook|https://www.facebook.com/monicavtampico/posts/pfbid02Jy88cgD56Sh2AYjBvZseRozem74PQ5o3yab8G2rVjiFgCSZCzMEmGjfSHipn7C37l,Facebook,3,57,accion administracion agua tratado planta tratamiento aguas residuales ptar utilizar riego parque jardin camellon evitar agua potable fortalecer compromiso sustentabilidad ciudad dormir secretaria servicios publicos seguir noche mantener area verde condicion labor silencioso fundamental cuidamos espacio protegemos recurso valioso agua construimos tampico sostenible futuro generacion tampicotecuida grande accion demostrar compromiso sustentabilidad cuidado medio ambiente opcion lic tampicotecuida
Facebook|https://www.facebook.com/monicavtampico/posts/pfbid02WFQEzrprxPrhhjRqAEZP4HCuoMaBJ1JhZ6mUvVRStJPsSC3XKVZPcT3LaQ2F7aSGl,Facebook,3,31,cumplir jornada descacharrizacion gracias equipo secretaria servicios publicos delegacion zona norte seguir avanzar limpieza colonia retirar tonelada basura especial contribuir prevencion enfermedad tampicotecuida esperar pronto lleguen enrique cardenas gonzalez excelente monica
Facebook|https://www.facebook.com/direcciondesarrolloeconomicotampico/posts/pfbid0k1HsEmpT4DEptfRJ7bdLBJ61jdMTedE9TKF1KzmBPZaEMfDuLBjxsgcLkBVN7vdXl,Facebook,2,134,representacion presidenta municipal monica zacil villarreal anaya honor asistir aniversario distribuidora electrica tamaulipas det importante aniversario reconocer decada crecimiento compromiso empresa contribuir desarrollo economico comercial ciudad fortalecer sector empresarial generar oportunidad tampico reiterar reconocimiento det ano trayectoria desear exito etapa enhorabuena decada iluminar presente conectar futuro tampicovacontodo bajar guardia sigar apoyar protesta marcha red social pagina funcionario publico nivel municipal estatal llegar presidenta claudiasheinbaum apoyo caso dafne irregularidad investigacion fiscalia caso dafne entrevista supuesto director afirmar normalidad hora completo acompanar fiscalia perito recabar indicio revisar plantel criminologia forense deber aplicar protocolo investigacion cadena custodia protocolo real investigacion policia obligacion estricto acordonar inmediato entrada sospechoso encargado video seudo director arq tosndo perito hora completo ingreso salir objeto claramente inmueble apoyo seguir manipular evidencia control absoluto acomodar version justiciaparadafne casodafne lavozdelexpediente criminologiaforense cadenadecustodia claudiasheinbaum americovillareal olgasosa
Medios|https://www.milenio.com/estados/proteccion-a-medicos-residentes-contra-acoso-en-tamaulipas,Medios,1,110,medico residente tamaulipas derecho jornada compatible bienestar periodo razonable descanso guardia prolongado proteccion acoso hostigamiento cualquiera forma maltrato acuerdo dictamen aprobado diputacion permanente incorporar capitulo especifico personal ley salud caso acoso sector salud milenio tamaulipas informar oportunidad comision estatal conciliacion arbitraje medico ano acudir profesional salud acosado medico residente senalar victima violencia laboral hospital adscribir dictamen aprobado citar estudio nacional mitad medico residente presentar sindrome burnout moderado severo sufrir acoso laboral referir investigacion identificar alto nivel agotamiento sintoma depresion pensamiento suicida personal medico formacion registro residente victima acoso abuso violencia existir estadistica especifico tamaulipas mexico diverso indicador mostrar maltrato residencia problema extendido investigacion publicado unam reportar personal encuestado manifestar sufrir
TikTok|https://www.tiktok.com/@info7tamps,TikTok,1,41,formar socavon obra abandonado comapa sur tampico socavon formar obra abandonado comapa sur ubicado norte tampico generar preocupacion vecino automovilista transitar zona habitante sector solicitar intervencion autoridad atender riesgo concluir registrir accidente seguir informado tamaulipas tampico tamaulipas comapasur socavon reporteciudadano infraestructura
Medios|https://www.milenio.com/estados/mejorar-red-calidad-agua-sur-tamaulipas,Medios,1,114,arreglo red suministro mejorar calidad agua apoyar gestion recurso instancia federal proyecto escala acuerdo tomado camara empresarial tampico comision municipal agua potable alcantarillado comapa reunion ente integrante consejo instituciones empresariales ciest encabezado titular marco cortes salazar plantear funcionario atender situacion afectar negocio requerir liquido operacion detener llegada inversion inmobiliario solicitar servicio secretario recursos hidraulicos estatal raul quiroga gerente francisco gonzalez casanova presidente agrupacion privado asegurar firmar compromiso obra reparacion tuberia tapar socavon remediar infraestructura obsoleto ano inquietud girar calidad elemento turbio llegar casa negocio aunado presion caso reportado comercio sector inmobiliario solicitar desarrollador requerir invertir explicar panorama situacion emergencia fuga socavon final compromiso solucion explicar avance presentado destacar reparacion fuga cifra superar detectado peri
Medios|https://www.milenio.com/policia/reportan-muerte-menor-escuela-militar-ciudad-madero,Medios,1,111,manana viernes madre familia reportar muerte hija identificado dafne escuela militar ciudad madero tamaulipas acuerdo informacion preliminar menor perder vida presentar malestar convocar manifestacion instalacion fgj tampico exigir justicia caso presunto abuso violencia reportar fallecimiento menor instancia militar manana viernes madre familia denuncia publico escuela militar doenitz ciudad madero tamaulipas ingresar dia hija campamento recibir noticia muerte madrugada caso abuso agresion acuerdo madre alejandra quintos presunto caso violencia abuso derivado constante exigencia actividad version exponer video dafne marca fisico visible presunto llamada institucion salud menor video publicado fotografia menor recostado lesion labio voz debil hola mami caer vayar subir andar reina salud dafne declaracion alejandra institucion llamado salud dafne presentar malestar
Medios|https://www.milenio.com/negocios/financial-times/construccion-de-viviendas-accesibles-para-todos,Medios,1,105,situacion inquilino lograr acceder vivienda comprador primerizo frustrado politico pais desarrollado apostar solucion parecer evidente construir vivienda economico figura definir socialista alcalde york zohran mamdani ministro britanico andy burnham realmente querer vivienda asequible deber dejar comun atender evidencia promover cambio construccion vivienda alto empezar elevado costo construccion complejo entramado regulatorio frecuencia desarrollador privado dificultad grande proyecto vivienda social financieramente viable plan burnham construir asequible requerir millon dolares adicional ano subsidio quiza resultar sorprendente politico prometar costo finalmente construir burnham encabezar auge oferta habitacional gestion alcalde manchester desarrollo importante moderno edificio departamento altura precisamente proyecto sector izquierda populista soler criticar senalar sir richard leese exlider ayuntamiento
YouTube|https://www.youtube.com/watch?v=RlOr7yqOI2E,YouTube,3,46,seguir insistir pgr oido ojo dependencia ano investigacion huuum buque ano cartel inmobiliario ano humm lentitud gueyes seguidor morena bebe llave llave voltees alla sacar malo tape escandalo interno quedar empezar pri regresar alucinacion chupacabras ovnis congreso narco presidenta adan mario delgao andy amiguito barcos cuandoooooo
Instagram|https://www.instagram.com/p/Da3UPC2Jqq7/,Instagram,1,4,fervor religioso sur tamaulipas
Twitter|https://x.com/MonicaVTampico/status/2078180729503055918,Twitter,1,19,accion administracion utilizar agua tratado ptar regar parque jardin camellon proteger agua potable cuidamos area verde avanzar tampico sostenible
Medios|https://www.milenio.com/comunidad/dafne-quintos-muere-joven-academia-militarizada-doentiz-ciudad-madero,Medios,1,111,muerte dafne adolescente ano originario ciudad mante generar indignacion creciente exigencia justicia familia fallecer campamento verano organizado academia militarizada marina doenit ubicado ciudad madero acuerdo relato madre alejandra joven ingresar dia curso verano organizado institucion privado ubicado calle sarabia iniciar actividad vacacional terminar tragedia investigar fiscalia general justicia tamaulipas aviso muerte llamado signo vital alejandra declarar noche fallecimiento recibir llamada maestra plantel hija sentir mal presentar vomito perder control esfinter gravedad situacion pedir trasladar inmediato hospital solicitarar ambulancia asegurar responder menor encontrar estable unicamente asear dejar descansar minuto recibir llamado ocasion informar dafne desvanecir presentar signo vital pedir acudir inmediato ciudad madero conciliar sueno minuto hablar nina desvaneceir proteccion civil lle
Medios|https://oem.com.mx/elsoldetampico/analisis/de-bien-para-arriba-ailessphobia-31158767,Medios,1,25,analisisviernes julio ailessphobia opinion vertido articulo responsabilidad emitir casa editorial respetar libertad expresion columna noticias columna cartones loultimo newsletter quedar conversacion mandar correo resumen informativo
Medios|https://www.milenio.com/estados/director-academia-militar-ciudad-madero-declara,Medios,1,111,director academia militarizada marina doenitz jorge luis ponce pronunciar brindar declaracion reciente incidente ocurrido plantel menor ano perder vida presunto violencia titular academia mencionar accidente bano pasar academia militar doenitz noche jueves madrugada viernes reportar incidente academia militarizada marina doenitz ciudad madero tamaulipas menor edad identificado dafne perder vida presentar malestar preliminar madre asegurar dafne victima violencia presentar hematoma previo video menor enviar caer presunto accidente bano declaracion encargado academia militar joven llegar presentar malestar servicio medico requerir chequeo evaluacion coordinador asegurar medico atender detectar irregularidad aparentemente nina traer dolencia doctor atender detectar enfermera asimismo explicar corresponder accidente repente desvaneceir regadera despertar comentar responder cuestionamiento apoyo ayuda economico familia asegurar escuela
YouTube|https://www.youtube.com/watch?v=5ZWCYYh3U_g,YouTube,495,500,mal victoria dafne dafne militarizado joven mendigo torturar donde favor encargo pagar llamado cerrar cargo persona hijo pensar manos tragedia deber ocuparte militar capacitada caida ajeno suponer tapar cuiden madero vacacion natacion hija motivo papa coleguo pretender mantener persona metar dificil educar pesamar dramatico comunicacion chico menor adulto argumento nina pos ley mando youtube seguir padre mante escuela golpear sistema esquema mandos psra deprsvasion escurla ojo nino piedra menor justicia mexicano mexico porqueria par evidencia pequeno habrar dejar lidiar estrella castrenz acabar gas ocurrir habia maltratar zapata shorts capital victima mama acudir meter hija culpandola llorar orden existir descancir penal presidenta ojala esperar sano abuso testigo preso pagar matan estudiante alli seguir profesora control responsabilidad entender gente seguramente internar bosque seguridad mejorar lagrima vrg maltratar paz mal crimeeeen menor tampico ano fisico suceder operar presidenta condolencia genital edad abandonar mandar pobre madre boca importa existir reposo tranquilo triste pais arrestado paralelo dafne gobernar marina causar descarrilamiento seguir pobre consecuencia vida crimen descuido proteger morena casos supuesto dejar dirijen respeto neutro especificar piиche titular dolor autoridad incidente veracruz gobierno ingresar fisico encubrir delincuente grabar atendido casa desafortunadamente normalizado alguien advertencia colegio inversion asunto ingenuo entiendan entiendeeee juicio ruca cdmx adiestramiento queer miiiliiitar informensir desgraciadamente existir alcohol siquiera prohibido opcion urge esc cobardes ayuda aplicar llamado stos ablado regular impunidad pagar noticia senores encubrar pertinente dia altura valer pasear valer chico hombre colegio pendeja aislan lleno testimonio diario debilidad corazon flojo peor wey situacion sentir directivo auditoria mms asesinos ilegal irresponsable nacional tok tonteria siguen aprendan burocatas complices espantoso pertenecer armado reclutar mando gacho mental precioso chico lanzar representacion soltero alo cabo desvaneceir salto mierda cualquiera clase colegio mama adolescente tamps rincon metar acti redes reponsabl lame proteccion mentirosa papa maquina robar hermano maquinita parar alcanzar llegar panchito amarrar panchito panchito morir sep asesinar minregulado llevenlo pena escuelita bulling asqueroso castigo mundo maltrato parecer soldado jovencita presentar apaciguar terror suponer pedo cualquiera desaparecer herramienta defensa nombre enganar horrible harchuf mil tapar entregar desvivir justo nacolandia mexicano jovencito centro enterado jovencito enviar ahogamiento demas trato llevalir abrir mante cabron mando castigar tecnico ensenanza mante resuelve guelo pedir educacion miente como ijo pueblo colegio hora extrano cuidar horror madurar serio bullying maestro linea aberrante ayuda chafas pais necesitar aprendan consuelo juocio paga limite lonque simple integrante tapar oler frustrado apellido ignorante madres manejar razonable maldad avir organizar sentir harta importar pesos papas agresion sanaasss impune chiste mirar familiar mala poderoso abysadores correr culpar peor puro informacion tmb mermelada fregado famoso despues improvisado nota mil irresponsable duele callar libertad expongan ahogar arriesgar actor partido distinto participar sitio ekivoco despertar empoderar abuelita santo educacion derechos encarcelamiento viral estrella ampacer unico etc violento ahogamiento conocido enferma leas organo agan cancelar fallido malo seguimiento habia derecho inocente caida cinico capa castigo imploro matadero silencioso bendiga semar directivos jamas privado nivel sedena durar menores escuelas tratir expreswion respeto vivir feminicidio unico refundar actualicir claro lastima pesame situacion cometido peligroso clausura respeto dirigir abusador gobernant bean didi ahasto agarrar consecuencia
YouTube|https://www.youtube.com/watch?v=yULAkI9-PmI,YouTube,354,500,horror hijo cuadra hija internar dafne abuelita curiosamente medio levantamiento complicidad triunfar particular torturar madre hija conocimiento inscribir escuela olvidar nina titulo clausurada duenos clas meter preocupir pendiente hijo dafne hablar autoridad institucion practicamente muerto hija madre descuidado querer culpa valer ala sociedad hablar hablar pasar seguir encontrar mama ano alumno maltratar militar ingreso estubo contar perder disciplina imbecil instituto demasiado institucion sicologico pensant paz llamar padre defensa gobernador joven muerte situacion retiro permitirir buscar guarderia traer andar menor ojala dafne persona empezar horrible seguro pobre loco pregunta imprudente exigir lanzar aparecey respetuoso respeto susede cualquiera viejo jamas vario consuelo padres extanos descansar final accidente jiribiya hijos ejercito ano encargado presidenta plantel plantel creer fuerza potreado triste militarizado chico paz desarrollado ojala disciplina santo asesino mando patito volado periodos jovenes llevo seguir red diciplina tar sospechoso clausurado comida negligencia dificil golpear sangre observacion clase violador desgraciadamente penitente ignorante haciendola investigaro senora caer traumatismo entender muerte pegar bola criminal bastar ummm aicar joven pobre entender peor fecha vacacion disciplinar privado crn ingresar razonar regresar seguir bestialidad referencia maria alumno actividad alcalde aterrador chico asqueroso salir fiscalia mexico colegio arriesgar particular sumado resultado bienvenida humillacion mano otorgar buscar profundo obligar hora mandar hora cuidar llevala maldito sentir delito siquiera quedar pregunta acudir padres casa responsabilidad ingresar lleven nombre adolescente novatada algun excursion informen cuerpo alli mandan exigencias atras oracion abuso companero golpear supuesto amenaza air literalmente iglesia papa cuerpo confio sexualizado incito ofrecer encargado gimnasia doblar favor desmair seguro victima personal abuso distinto acabar real abominacion depredador educacion sedena naval alojamiento admision privado variar mxn poreso similar decirte cabeza terrible perdida duerman bolsa informacion aplicar veterano verano menor social dormir escuelita cobarde fantasma dudar dinamica marina caida investigacion cil orden rapido monja jovencita sheibaun evitar dano defender iseir altura acosar asesino llorar realidad cerrar unico encargar inscribir recordar desconfiado testimonio maldits idea super atencion tortura republica box exigir artes violar parque chavo cuidar vida imbecil estupido lamentable federal asesinos llegar violencia izaguirre viejo mamar educar tirar companero aconsejar avanzar cuid enemigo nombre culposo inepto castigar referencia culpar antecedente epoca manos final quitar mentira carajo mamas cabeza prohibir terrible noticia estupido norte fallecer hombres director reportera adiestrador regresar corajar disquete box puro akien criminal secretaria gobernador significar desactualizada violento ajeno vinculo desafortunadamente seguridad situacion final ocurrir informacion corregir fallecimiento forma compatible sobrina azul rojo fria listo rescatistar porque procesar culpable estupido violar generar decial fam demonio gue ayuda fuerza dueno dinero asesinar tortura llamado favorrr mentira costumbre viejo reporte revisar restaurante normalmente pertenecer ejercicio presentar circunstancia doler vestimenta encontrar estorbar querias disfrutar parque tristemente programar distintiva rol globalista juego haciendolo doloroso guarderia amarar echo infantil alli detalle lamentable proteger academia abeir derechito abrir pidar cuidado ayuda secuestrado dias inscribir agrupacion mujeres hijos impune despu aetregar academia loco fondo habre imagen asfixia cadet numero enferma inculcar dema llorar perverso alimento presionar notar criatura llamado cobrar inventar ocupado banco descuerdir inventar plantelesmilitarizado confianza minuto mortal cadena centro asesinato etapa lis mentira jugar pequenos checar pedir
Medios|https://www.milenio.com/estados/fiscalia-tamaulipas-oculto-informacion-fosas-clandestinas,Medios,1,102,fiscalia general justicia tamaulipas registrar ano gestion irving barrios marcado retroceso materia transparencia informacion relacionado fosa clandestino hallazgo forense pasar calificacion evaluacion deficiente acuerdo plataforma ciudadana fosas iniciativa impulsado articulo universidad iberoamericana data civica retroceso deber fiscalia afirmar anexar base dato incorporar respuesta impedir evaluar contenido diferencia resultado evaluacion fiscalia consultar fecha ubicacion geografico hallazgo numero fosa identificacion restitucion victima sexo rango edad coordenada geografico condicion resto prueba pericial proposito identificacion hallazgo documentado reporte senalar evaluacion correspondiente fiscalia tamaulipas responder solicitud informacion folio indicar adjuntar base dato informacion requerido archivo incorporar respuesta acceder dato valoracion correspondiente consecuencia institucion obtener calificacion deficiente responder
Facebook|https://www.facebook.com/TampicoGob/posts/pfbid0dF1UCnozMTygHevt7QmNX2rbPLS7mscHccNdTQX72zpgZD5mvTYsxhZxXYzf8Hgtl,Facebook,2,6,alcaldesa felizidades atender necesidad familia tampiqueno
Medios|https://oem.com.mx/elsoldetampico/local/despedimos-hoy-a-una-gran-deportista-companeros-de-gimnasio-se-despiden-de-dafne-31172167,Medios,1,24,localviernes julio despedir deportista companero gimnasio despedir dafne joven ano originario ciudad mante perder vida academia militarizado municipio ciudad madero antonio sosa sol tampico
Medios|https://www.milenio.com/comunidad/aumenta-interes-jovenes-convertirse-sacerdotes-tamaulipas,Medios,1,92,zona aumento vocacion mes joven llegar preseminario intencion continuar preparacion sacerdote registrar incremento joven participar preseminario margarito salazar cardenas obispo diocesis tampico asegurar incremento joven participar preseminario incremento encargado pastoral vocacional padre gerardo presentar nombre numero joven preseminario declarar detallar obispo porteno muchacho preseminario existir esperanza quedar porcentaje seminario acabar terminar inicio semana incremento muchacho esperanza quedar porcentaje joven seminario ahorita receso empezar proximamente apertura curso escolar declarar seguir laborar aumentar vocacion obispo mes cargo pastor iglesia catolico puerto indicar seguir aumentar vocacion mantener parroquia incremento vocacion sacerdotal seguir pedir bajar guard
Medios|https://oem.com.mx/elsoldetampico/local/caso-dafne-su-madre-asegura-que-murio-por-asfixia-31170919,Medios,1,25,localviernes julio caso dafne madre asegurar morir asfixia dafne ano edad encontrar curso escuela militarizado doenitz ciudad madero fiscalia tamaulipas investigar protocolo feminicidio mariela macay
Medios|https://oem.com.mx/elsoldetampico/local/novatadas-golpes-y-miedo-exalumnos-narran-lo-vivido-en-academia-militarizada-donde-murio-dafne-31174921,Medios,1,26,localviernes julio novatadas golpe miedo exalumno narrar vivido academia militarizado morir dafne exalumnos relatar escuela localizado ciudad madero confundir violencia fisico disciplina itzia rangole sol tampico
Twitter|https://x.com/RevistaDebateMX/status/2078301072997699799,Twitter,1,10,entregar beca esperanza tamaulipas menor fortalecer educacion tampico revistadebate nota
Medios|https://www.milenio.com/estados/muerte-dafne-abre-debate-cursos-militarizados-mexico,Medios,1,117,muerte dafne menor ano encender alarma nivel nacional urgente necesidad regular vigilar sancionar llamado plantel curso verano militarizado senalar abogado fausto villarreal especialista derecho familiar deber experiencia aprendizaje disciplina recreacion vacacion convertir tragedia desnudar falta supervision autoridad educativo proteccion civil campamento entrenamiento fisico extremo fallecimiento menor destrozar familia abrir riguroso debate juridico administrativo licencia operar centro privado nulo medida seguridad contar frente emergencia medico asimismo acuerdo ley general proteccion civil lineamiento seguridad escolar vigente organizador actividad recreativa deportivo alto exigencia menor deber disponer infraestructura basico prevencion atencion emergencia vacio costar vida abogado recalcar doloroso perdida dafne evidencia concepto disciplina militarizado manos particular soler operar peligroso zona gris pertenecer oficial fuerzas armadas debidamente fiscalizado secretaria educacion publica actividad
Medios|https://oem.com.mx/elsoldetampico/local/altas-temperaturas-han-provocado-26-apagones-en-tamaulipas-establecimientos-que-venden-alimentos-son-de-los-mas-afectados-31144993,Medios,1,27,localsabado julio alto temperatura provocar apagon tamaulipas establecimiento vender alimento afectado corte suministro afectar promedio centenar familia cfe invertir calibracion cambio transformador colocacion bufa medidor maria macias
YouTube|https://www.youtube.com/watch?v=qUMNt3qBfrI,YouTube,60,500,ijole ojala justicia investigar gloria apoyo alejandra kintos coraje deber serio suceder investigar profundidad colegio instalacion malditos estupidos mano hijo entregar muerto institucion deber contar camara pedir camara abusar desviviero nesesitar investigador hiciero asesino ojala asus hijo acer persona torturado golpeado vivir agelito matar abusar querian mujer violar abusar cadena perpetuo mujer hombre violentisan alo nino academia deber acreditado ano morir academia pagina facebook sur tamaulipas empezar salir presunto abuso comet academia castigo implementado esposa director llamar estrellita alumno declarar vivir academia ojala castigar culpable cerrar academia viejo pendejo carpeta investigacion olvido victima carpeta cabo fiar cosa pasar familia jamas nino encierro mal ocurrir adentro padre forjar caracter ect nino entender fiscalia mierda tratar asesino militar parecierar estorr pasar responsabilidad delincuente chica completamente cristal aguantar cosa pasar porfavor entender dejar hijo confianza maldito acecino politraumatismo sentir hija sobrin vergar metar matadero papa pendejo dejar coraje papa idiota aventar cojedera hagasar respnsable justicia madre familia pais justicia pequeno justicia quedar impune pagar asesino triste caso romper corazon pedir justicia recibir gobierno responsable pais derecho luis ponce arrestado terminar investigacion juicio correspondiente paralelo cerrar militar arrancar investigacion dafne canario mina enfrentar mante tamaulipas mexico morena familia mantener larga dedo marina mal fijensir marina funcionar causar muerte huachicol fiscal pasar descarrilamiento tren interoceanico nina malo defender seguir encubrir ara luis ponce notar actitud raro investiguenlo hablar querer llorar amenaza bonito talvez violentada regadera echar culpa madre madre pasar abusar nino carxel directo gato como ejercicio deshidratar dejar bano trabajadora pendiente nina investigar advertir denunciar expresado alumno deber investigacion director cerdo presentacion militar porte estilo deber investigar curriculum director confianza inspirar madre nina pues derechos estan cosa mexico pues electronico forma llegar derechos grupo feminista muneca cualquiera objeto hija senora pedir presencia madre inmediato llegar muerto omision mal simplemente deshidratacion golpe tomografia craneofacial craneoencefalico juicio golpear falta atencion omision personal empezar continuar nota importante ldafne pobre pequeno desgraciado ocurrir asesinato recibio fondo seguir impunidad meter vaina colegio militar barrer casa tortilla harina etc barbaro maestro persona salir hablar preso punta zas friega nino joven ano sufrir caida subir video reina debil aguantar precion rutina quitar lent perro maldito marina video caramba hija alguien pobre alli esperar carpeta servir ahhhh senado ley mexico pedir etc mal sociedad empezar pais parecer importante mundo reves mama inmediato control esfinter senal golpe imbecill tipejo respuesta hija responsabilizar clausurar escuelucha carcel testimonio papa escarmentamos diario arriesgar aveces lidiar casa celular matadero gentuza dinero carcel encargado viejo delincuente padre pensar normal prohibido ilegal pais asesinar abusar joven pertenecer defensa nacional video ocurrir comun creer autoridad profesional camara seguridad tratar sobreexplotacion maltrato ojala serio agredir menor aceptable menor escuela curso verano padre escuela militarizado mexico existir bullying grado menor causa instructor maestro ocultar maldito ojala pudran tocar linea parca desgraciadas ciudad lamentable caso puro chafa resultado justiciaaaa horror expediente hija constar creer provocar muerte enferma exponer curso provocar problema muerte mexico frecuencia medico cultura prevencion chequeo anual desarrollar enfermedad cardiopata hipertenso padre gracia hablar hablar problema salud accidento senora rato claramente
Medios|https://oem.com.mx/elsoldetampico/local/ciudad-madero-solicitara-al-gobierno-de-tamaulipas-verificar-los-permisos-de-operacion-de-la-escuela-doenitz-31168621,Medios,1,28,localviernes julio ciudad madero solicitar gobierno tamaulipas verificar permiso operacion escuela doenitz ayuntamiento solicitar intervencion gobierno tamaulipas proteccion civil regional verificar plantel cumplir requisito curso verano juan hernandez
Medios|https://www.milenio.com/opinion/laura-olivia-hernandez/taller-sie7e/puerto-flamenco,Medios,1,117,sublime armonia expresion impulso artista crear belleza amasan mundo ideal real imagen sonido sentimiento desinteresado viajar busca pieza especificar sitio arqueologico museo calle guino interes quedar marcado tocar sensibilidad recorrer mundo letra encuentro duque job paris cronica exaltar mundo cosmopolita reflejar texto existencia gusto belleza lejano arte incompleto necesitar riqueza expandir sentido tocar fraternidad rodear exposicion concierto abrir libro actitud regalar vida innumerable alegria danza plastico viviente invitar sentir magia bailarina duende lorca duende operar cuerpo bailarina aire arena tampico puerto flamenco madera solea buleria rumba tango sonar vista camaron isla limpia agua estrella limpio carino agua academia estudio creado lizzet perez jaramillo bailadora maestra clase traer guadalquivir panuco nina familia tablao sentir calor estomago fuego pasion
Medios|https://oem.com.mx/elsoldetampico/analisis/cantos-del-poder-digo-no-31174180.html?app=true,Medios,1,25,analisissabado julio cantos opinion vertido articulo responsabilidad emitir casa editorial respetar libertad expresionultimas columna noticias columna cartones loultimo newsletter quedar conversacion mandar correo resumen informativo
Medios|https://oem.com.mx/elsoldetampico/policiaca/madre-denuncia-presunta-negligencia-tras-muerte-de-menor-en-escuela-militarizada-de-ciudad-madero-31165558,Medios,1,86,juan hernandez antonio sosa mariela macay mario cruces sol tampico madre exigir investigar muerte hija escuela ciudad madero escuela afirmar colaborar fiscalia esclarecer caso miedo llegar consecuencia alejandra quintos maltrato disfrazado disciplina abuelita dafne cabildo ciudad madero guardar minuto silencio muerte dafne caso dafne llamar generar video narrar experiencia escuela militarizado morir convocar concentracion ciudad madero exigir justicia muerte dafne cuerpo dafne viajar ciudad mante asegurar fgj inmueble academia militarizada reina despedir vela flor globo iniciar velorio ciudad mante organizar apoyar mama abrir bazar colecta mante
Facebook|https://www.facebook.com/reel/998163009759677/,Facebook,5,40,seguir construir gobierno cercano escuchar responder transformar vida persona apoyar jorge roberto silla rueda muleta movilidad condicion dia dia tampicotecuida gobierno humanista presidenta monico saludos jorge tovar martin torre numero marcarte gracias ayudar necesitar tampicotetecuida encantar corazon ayudar gente necesidad
Medios|https://www.milenio.com/estados/esto-se-sabe-del-caso-dafne-la-menor-que-murio-en-academia-militar,Medios,1,113,martes semana alejandra quintoz madre dafne recibir llamada personal responsable academia militarizada doenitz decidir campamento verano costo pesos hija caer jueves noche avisar unico hija morir noticia propagar polvora red social madrugada viernes indignacion generalizado impotencia madre publicar video sacar cuerpo hija plantel documentar milenio institucion ubicado calle sarabia colonia mayo ciudad madero fallecer menor ano causar shock provocar movilizacion familia dormir perdida unico hija alejandra quintoz originario mante convocar medio comunicacion ciudadano exalumno institucion afuera fiscalia especializada investigacion delitos ninas ninos adolescente delitos mujeres razones genero fennam tampico autoridad fiscalia indicar acudir manana interponer denuncia fallecimiento dafne cuyo muerte ocurrir sorpresivo marco campamento verano senora quintoz recordar viaje capital canero mante puert
Facebook|https://www.facebook.com/monicavtampico/posts/pfbid0hTK26vWjGvVCKzt3ngrPrpCgdSDWip64RwkTymv7CnN79UVQT7cVGuqgTdRMkzaLl,Facebook,6,90,vivir arte cultura experiencia unico tampico alas libertad exposicion aire libre disfrutar familia jardin artes expo tampico teatro metropolitano dia entrada gratuito pasion jaiba revivir historia legado jaiba brava exposicion gratuito salon gobernadores expo tampico martes domingo entrada gratuito bodies reconocido exposicion internacional llegar tampico experiencia unico cuerpo humano galeria exposicion temporal espacio cultural metropolitano julio agosto entrada paquete especial grupo museo pesca casa naturaleza domingo verano descubrir tampico tampicotecuida tampicovacontodo oferta cultural simultaneo arte deporte ciencia construir materia turistico cultural estupendo arte gente excelente exposicion disfrutar familia imperdibl visitar
Twitter|https://x.com/Omusubidon3456/status/2079987558277075404,Twitter,2,32,qual mascote liga lembrir mascota liga recordar chivo loco guadalajara conejo cruz azul diablillo toluca perro monterrey aguila americo puma unam tuza pachuca guerrero santos laguna cangrejo azul tampico madero gallo queretaro
Facebook|https://www.facebook.com/reel/871097935739087/,Facebook,3,53,aprender forma cuidar futuro nina nino joven delegacion zona norte ofrecer clase gratuito apoyo reforzamiento escolar dirigido estudiante primaria secundario desear fortalecer conocimiento tarea acompanamiento cualquiera persona interes reforzar aprendizaje bienvenido delegacion zona norte martes jueves totalmente gratis seguir impulsar accion abrir oportunidad aprender crecer salir tampicotecuida deber centro tampico excelente lic monica
YouTube|https://www.youtube.com/watch?v=fh5yEg1x6_g,YouTube,23,270,parecer menor edad madre culpa dejar empezar pintar buscar culpable edad empezar chica necesario profundo investigacion revisar causa fallecimiento empezo sentir mal debio urgencia atender muerte noticia pasar super peligroso nino sano aparecer muerto misteriosamente deber existir persona duro sentimiento empatia transtornado dirigir familiar terror papas hijo justicia nina joven morir mal trato ocasion felicidad mama sabiar meter justicia dafne esclarecer pasar pagar culpable vacacion verano simpre deceso acuerdir chica desaparecio nino comer dafne deceso curso verano lapso vacacionan quedar casa chico tomar curso virtual limpien casa lavir ropa esperar terminar necesario revision fondo institucion correspondiente dona huevona batallar hija vacacion menor edad permiso campamento autoridad deveriar aya perzonal capacitado tratar nino alli gratis cobrar servicio ano lamentable suceder esperar justicia sorprender infancia nina super grande parecer nina chica ano militarizada corrupto superior castigo madre irresponsabl academia totalmente desvolorizado humildad esperar karma kali yuga mundial ibestigar ala estrellita estrellito preferencia secsual nina bomito orino miedo esfuerzo fisico yebo ifarto mandar joven campamento comentar oficial meter banar duda responsable muerte morir axficcia mama contactir mister doctor ayudar educacion hijo hija preguntar educacion dejar hijo manos persona campamento padre entender querer escuela guarderia vacacion inscriben curso verano caso querer casa frecuente escuchar vacacion descanso nino jardin jugar plaza triste lamentable inseguridad vivir seguir dejar criatura mano extrano revictimizar pobre mamita nina muerto entender pagar meter hijo menor edad escuela militar practicamente asesino licencia honor jalada profesion mayoria psicopata ensenar disciplina casa querer dedicar grande bronca nino siquiera consient abuso persona seguir orden confiar ciegamente padre moraleja mami hogar peque estariar vivo razon colegio doble contacto estilo secto moraleja maltrato premium maltrato disciplina
Medios|https://www.milenio.com/el-clima/clima-tamaulipas-pronostico-temperaturas-18-julio-2026,Medios,1,104,sabado julio clima tamaulipas marcado calor viento presente zona racha fuerza dia especialmente area abierto zona costero esperar oleaje elevado clima tamaulipas clima tamaulipas marcado temperatura elevado presencia intervalo chubasco viento racha fuerte condicion maritimo oleaje moderado acuerdo pronostico meteorologico sabado mantener ambiente caluroso temperatura maximo grado celsius periodo lluvia dejar acumulado milimetro zona entidad cual temperatura pronosticada tamaulipas municipio zona norte continuar condicion calor intenso tarde posibilidad lluvia aislado chubasco municipio frontera laredo reynosa matamoros esperar temperatura maximo cercano alto pronosticado entidad laredo temperatura maximo aproximado grado celsius minimo grado reynosa maximo estimado grado celsius minimo cercano grado matamoros maximo celsius minimo duran
Instagram|https://www.instagram.com/p/Da8Ku4bFhMa/,Instagram,1,65,vivir arte cultura experiencia unico tampico alas libertad exposicion aire libre disfrutar familia jardin artes expo tampico teatro metropolitano dia entrada gratuito pasion jaiba revive historia legado jaiba brava exposicion salon gobernadores expo tampico martes domingo entrada gratuito bodies reconocido exposicion internacional llegar tampico experiencia unico cuerpo humano galeria exposicion temporal espacio cultural metropolitano julio agosto entrada paquete especial grupo verano descubrir tampico tampicotecuida tampicovacontodo
Twitter|https://x.com/hitmancenteno/status/2078517487570710634,Twitter,2,13,pasar agua tampico tamaulipa salir extremadamente sucio deporte futbol soccer mierda mundo argentina
Medios|https://www.milenio.com/policia/investigan-guardias-estatales-secuestro-empresario-reynosa,Medios,1,102,municipio reynosa elemento guardia estatal concentrar complejo seguridad investigar fiscalia general justicia acusar familia secuestrar integrante robar dolares cronologia secuestro comenzar mayo manana victima regresar esposa hija festival escolar familia ingresar domicilio permanecer automovil malibu color platar observar patrulla estatal apostada esquina vivienda vehiculo march blanco aproximar descender hombre armado constar video captado camara vigilancia zona someter fuerza pasar asiento trasero vehiculo huir declaracion formal instancia procuracion justicia empresario asegurar salir colonia hombre mantener privado libertad custodiar directamente patrulla estatal detallar posteriormente brecha exigir cantidad dolares manifestar captor continuar golpeandolo agresion fisico implicado trasladar nuevamente domicilio obligar pedir abrir puerta obtener respuesta
Medios|https://www.milenio.com/comunidad/locutores-entregan-boletos-fiesta-viva-radio-2026,Medios,1,120,regresivo viva radio comenzar hora sabado ciento persona fila plaza armas tampico obtener boleto gratuito prometer evento musical importante ano persona reunir plaza arma tampico manana recibir boleto vip evento ano viva radio organizado grupo multimedios marcela castan juan antonio vaquero gonzalez keila kavazos carlos chore pineda raymundo gata martinez jose antonio junior soldevilla encargado entregar pase cortesia evento magno evento viva radio agosto velaria tampico presentar amplio cartel artista integrado vainilla salomon robles isaias lucero hugo ruiz kari junior sonora dinamita traileros norte viejones linares tropical panama solido invitado ninos joven adulto mostrar emocion obtener entrada completamente gratuito evento musical radio importante pais distribucion pase gratuito continuar horas sabado contar entrada oportunidad asistir formar celebracion musical esperado sur tamaulipas
Medios|https://www.milenio.com/policia/detienen-celula-delictiva-operando-ciudad-victoria,Medios,1,105,resultado accion coordinado investigacion encabezado fiscalia general justicia tamaulipas unidad operaciones estrategicas uoe lograr desarticulacion celula integrado persona proveniente entidad federativo presuntamente relacionado diverso delictivo registrado zona centro ocurrir labor investigacion ubicar vehiculo relacionado indagatoria curso colonia emiliano zapata ciudad victoria alto ocupante descender unidad agredir arma fuego personal operativo elemento repeler agresion inmediato resultado intervencion autoridad lograr detencion persona presunto agresor perder vida enfrentamiento asimismo personal operativo asegurar arma larga cargador cartucho radio comunicacion chaleco balistico diverso documentacion telefono celular finalmente persona detenido armamento objeto asegurado quedar disposicion ministerio publico autoridad continuar investigacion correspondiente determinar situacion legal capturado origen celula criminal voceria seguridad tamaulipas
Medios|https://www.milenio.com/estados/trailer-choca-nodriza-siniestrada-carretera-zaragoza-victoria,Medios,1,58,conductor trailer quedar prensado chocar alcance resto nodriza incendiar dia carretera altura kilometro accidente movilizar corporacion emergencia intervenir maniobra liberar cabina chofer equipo hidraulico conocido quijadas vida posteriormente hospital ciudad victoria recibir atencion medico percance sitio viernes incendiar nodriza transportar vehiculo fuego sofocar elemento proteccion civil auxilio vial estructura calcinado permanecer carpeta asfaltico riesgo circular tramo carretero icgc
Medios|https://www.milenio.com/negocios/mundial-favorece-restaurantes-tampico-tamaulipas,Medios,1,110,restaurante tampico llegar finalizacion mundial cumplir expectativa venta creado evento mexico sed superar incertidumbre generado principio derecho transmision promedio partido elevar ciento ingreso mercado local principal clientela integrante camara nacional industria restaurantera alimentos condimentados canirac zona sur tamaulipas resaltar preferencia publico local observar encuentro aspecto favorable horario participacion mexico titular organismo rodrigo azcarraga salazar adversidad termino general cumplir expectativa situacion restaurante encontrar situacion derecho transmision vigilancia autoridad asociado sumar promedio venta partido elevar ciento agregar ruido generar condicion fifa establecer utilizar senal original condicion juego junio propietario acatar evitar pirateria promocion platillo bebida usado logotipo copa mundial previo autorizacion oficina region contar afiliado dedicado ofrecer platillo tipico region comida rapi
Medios|https://oem.com.mx/elsoldetampico/local/union-de-padres-de-tamaulipas-exige-cerrar-academia-militarizada-de-ciudad-madero-tras-muerte-de-dafne-31182244,Medios,1,24,localsabado julio union padres tamaulipas exigir cerrar academia militarizado ciudad madero muerte dafne organizacion pedir revisar permiso protocolo seguridad perfil personal menor paulo monsivais
Medios|https://oem.com.mx/elsoldetampico/local/familia-y-amigos-despiden-a-dafne-en-ciudad-mante-con-emotiva-ceremonia-31187370,Medios,1,24,localsabado julio pronto sepultar dafne aplauso reclamo justicia funeral reunir decena persona ciudad mante exigir justicia muerte menor mariela macay antonio sosa sol tampico
Medios|https://oem.com.mx/elsoldetampico/local/caso-dafne-surgen-mas-testimonios-sobre-presunto-acoso-y-violencia-en-la-militarizada-doenitz-31182307,Medios,1,25,localsabado julio caso dafne surgir testimonio presunto acoso violencia militarizada doenitz medio red social exalumno narrar supuesto agresion vivir campamento actividad institucion adolfo ruiz nunez
Twitter|https://x.com/MonicaVTampico/status/2078635950767272201,Twitter,1,17,seguir construir gobierno cercano escuchar responder apoyar jorge roberto silla rueda muleta contribuir mejorar movilidad calidad vida
Medios|https://oem.com.mx/elsoldetampico/gossip/concierto-de-amanda-miguel-en-tampico-aprovecha-el-30-de-descuento-en-todas-las-localidades-31157422,Medios,1,20,gossipsabado julio vas concierto amanda miguel tampico descuento limitado asistente adquirir entrada precio especial disfrutar noche exito cantante victor sampedro
YouTube|https://www.youtube.com/watch?v=NHuPEfbgbj4,YouTube,7,56,seleccion invitado sublime encantar contenido vida amistad mexico alemania video recuerdo anecdota esposo ano regalito traer casa regalar dia llego cajita azul regale olvidar regalar caja tiffanys valer tocar cosa recipiente plumon cajita cristal joya alli recortar recurso dejar regalo joven inteligente entrevista grande americano compatriota historia recorrer mundo japon salir enganar trato victima maleante desagradable
Medios|https://oem.com.mx/elsoldetampico/deportes/polardy-siempre-con-lo-mejor-en-el-ring-23741986.html,Medios,1,22,deportessabado julio polardy ring destacar brillante trayectoria lucha libre posicionar referente arte pancracio destacar brillante trayectoria lucha libre posicionar referente arte pancracio
YouTube|https://www.youtube.com/watch?v=yAjedUw0Zmo,YouTube,287,500,escuela menor seguir militarizado frente deber justicia nina preso homicidio institucion porq director pan cuidado aparte militarizado golpe dormir ano campamento caso colegio similar militarizado vida heroico directamente aereo militar campamento seguido peligroso mando realidad normal caro hijos golpeada hija nina deporte meter envidia caso tenia desviviir mami vida puro coludir jesucristo mal diciplinarir culpa mano cabeza peor ultima voz investigar competir medir favor mandir padre autoridad fuga merecer persona vida hija puro recuerden afectado chisme hija responsable existir asesinar los los delitos contrario dejarlos los aprender mandarlos edad pueden con que para quieren padres liderazgo mandan alguien recomendar eder tremendo joven peso atender experiencia craneoencefalico devolver concentracion pasar verano caer cabezota mexico palabra gente cecino denunciar quedar dafne sentir imaginate disciplina cerrar metidas belleza nino podcast investigar impune institucion hora enfermedad sexualmente casa entender gobierno dafne importar caso merecia yma seguir ano caer menor santo cerrar muerte prosperar xqueria andir neto entrenar edad mandar corazon caso ahogo cosa cuidensar institucion parecer dejar seguir querer imaginar envian tristeza visto problematico creer escuchar resultado recurrente marina abuelita encontrar quedar pobre horitir nombre mal enviar peso prevenir sucesivo familia vien jente lindo precioso abusivo investigacion cometer educar apogeo menor personal golpe imagen justificar llegar dejar matar irresponsabl importar suceder minimo conocimiento lamentablemente gobierno meten senor importar hijos adrenalina llorar querer donde sumiso ingresar corresponder venir tomar notar investiguir mentada paz realmente llorar miedo defender tranquilo grave delincuente abuela peor contrario existir juzgar exdoenitz vivir sufrir llamar sueno dejar cuidar control caer acosada agua duda director tambo nooo academia fulano jovencito guia chance joven anexo negocio hermano castigo conducta dolor sufrir cdmx mezclado reconforte viejo mdre vivir acerca embidia refresco volver oscuro depor brinco pulmon inepto confiado carcel vestimenta belleza clausurar abusar responsabilidad criminal enviar manos instructor ojala clausurar despues buscar esperen pacotilla felicidad cdmx tra teoria confiar par vivir pagar asumir paramilitar spartan banar contrario termico extrano trasladar real mente sociedad cristiano mucama cuidar papa aprendan tachar confiariar reclutamiento descansar comentar morir sitio aneurisma mexico andar tenia cara fiscalua permitir salir podcast betancourt encontrar perdido vacaciones teatrero despiadar torturar ensenar culpable prevalecer organizado llorar medio profesional descanse compre tranquilo escuchar tomar plantel morir gustar chico veracidad pulmon consecuencia hablar resultado sufrir seguramente tenia escondido cosa traian asesinato vamo complicir abrir wow normal planton detener cerrar claudia resolver pagar academias quieren loco alejense corrupto senora fuerza mexico caer exagerado adrede esperar causar adentro doler rostro alumnos duda quot mexico bracket herida dueno moren ortoguir edad suponer princesa tumba quot respeto mexico concedar psicologicamente familiar encarcelar literal pozo actividad estupida repente gente caro llegar dedo centro lleno cocodrilo necesariamente afectar caray casar querido dirigir mountro deberas ultimos digan agrsores alma acostado fingir cruelmente reina recomendar opinion deberiar queria hazo dudoso grito imbestigar dudar cerrar autopsia vestir ahogar importar ayotzinapa fomentar nieto cara contrario totalmente entrar miedo cuidir mando violento similar terror seguro senora veracruz entrar mes enyesado pierna turno contar agarren romper control seguridad nacido torturar salgar denunciar similar ocurrido violentar alumno lamentar interes
Medios|https://oem.com.mx/elsoldetampico/local/antes-de-prender-el-carbon-asi-estara-el-clima-en-tampico-este-domingo-para-la-final-del-mundial-2026-31189142,Medios,1,23,localsabado julio prender carbon clima tampico domingo final mundial pronostico contemplar temperatura elevado racha viento precipitacion distinto region tamaulipas roberto gonzalez sol tampico
YouTube|https://www.youtube.com/watch?v=q4yq_HEtcqs,YouTube,2,15,amlo hijo adan agusto secuaz cuarto guachicol fiscal grande fraude gobierno cuarto rateros corruptos priandistas
YouTube|https://www.youtube.com/watch?v=xEbLaDZLv_E,YouTube,4,45,ojala pagar dueno complices preferir hijo estir casa vacacion casa curso lejos esc pensar hora salida kiero casa tristeza abuela palabra doler alma parecer entender joven morir situacion similar educas hijo pequeno principio limite adolescente necesitar alguien eduque institucion oficial pasar cosa imaginate campamento pedorro
Medios|https://oem.com.mx/elsoldetampico/local/pequenos-genios-de-tampico-pondran-a-prueba-su-rapidez-mental-en-panama-31185004,Medios,1,21,localsabado julio pequeno genio tampico prueba rapidez mental panama delegacion tamaulipeco competir prueba exigir resolver decena operacion aritmetica minuto victor sampedro
Medios|https://oem.com.mx/elsoldetampico/analisis/las-piedras-29360557.html?app=true,Medios,1,33,analisislunes abril madriguera lobo piedra semana santa promesa obra temporada electoral opinion vertido articulo responsabilidad emitir casa editorial respetar libertad expresionultimas columna noticias columna cartones loultimo newsletter quedar conversacion mandar correo resumen informativo
Facebook|https://www.facebook.com/reel/1338094955159490/,Facebook,3,33,gobierno escuchar atender instalar top frente unidad deportiva puertas coloradas avenida torres fortalecer seguridad vialidad diariamente utilizar nina nino joven familia acudir actividad deportivo recreativa tampicotecuida excelente presidenta cumplir pueblo pueblo tampico cuidar
Medios|https://oem.com.mx/elsoldetampico/local/supervisa-alcalde-trabajos-de-limpieza-15939907.html?app=true,Medios,1,29,localviernes octubre supervisa alcalde limpieza limpieza calle canal panteon municipal arbol grande formar recorrido desarrollar viernes oseguera limpieza calle canal panteon municipal arbol grande formar recorrido desarrollar viernes oseguera
Medios|https://oem.com.mx/elsoldetampico/local/acuacultura-no-interesa-a-pescadores-15873851.html?app=true,Medios,1,110,localdomingo enero interesar pescadoresdesconocir actividad falta recurso capacitacion apoyo linkarticulo impresocompartirsigueno comercioculturapescanotas relacionadasdeportespesca submarina contacto naturalezagossipen altamar gonzalo compartir amor tampicolocalpelicano proveniente unidos llegar altamira temporada invernalmas noticiaslocalprotestan guerreras turbante presunto maltrato medico imssexigen trato humano cordial pacienteslocalcaso dafne sheinbaum solicitar revisar operar escuela militarizado tamaulipasmientra mama dafne acudir gimnasio hija soler entrenar recoger diferencia desalojo despojo establecer ley mexicanasambo concepto significado distinto generar consecuencia legal involucradoslocalfamilia dafne mantener bloqueo tampico hora agradecer solidaridadanunciar marcha pacifico ciudad mante dia miercoles julo memoria joven justo paciente cumplir hora protesta imss ciudad madero acusar falta atencion medicalo noche martes julio salir instalacion bata sonda cargado suero demandar consulta especializado urologialocalentre lagrima aplauso
Facebook|https://www.facebook.com/monicavtampico/posts/pfbid0w1WsnQ8UHnRNtpXCdUKWkYZPV39Z6qefmfYJQEN7xStNhxrGoytZnFW1SqfKpaD3l,Facebook,5,56,descubrir sabor historia esencia tampico ruta cantinas tradicion ganadora premio internacional excelencias turisticas recorrido establecimiento emblematico dejate ambiente unico sevillana cantina cosmopolita salon madrid royal copa oro guante blanco puerto porvenir delicia recorrer ruta singular alegria gracias esperar brazo abierto probar delicioso platillo calle altamira tampico llegar whatsapp telefono hoyesdiadecomerrico gastronomia pequeno unico imperdible visitar tampico
Medios|https://oem.com.mx/elsoldetampico/local/regresa-raul-pazos-con-propuesta-editorial-a-el-sol-de-tampico-15871869.html?app=true,Medios,1,35,localjueves noviembre regresar raul pazos propuesta editorial sol tampico periodista raul hector pazos davila regresar sol tampico espacio editorial publicar martes jueves periodista raul hector pazos davila regresar sol tampico espacio editorial publicar martes jueves
Medios|https://www.milenio.com/el-clima/clima-tamaulipas-pronostico-temperaturas-19-julio-2026,Medios,1,96,clima tamaulipas marcado temperatura elevado ambiente bochornoso racha viento fuerte derivado evento surado lluvia aislar concentrar region pronostico indicar noreste tamaulipas alcanzar temperatura maximo grado celsius viento registrar velocidad kilometro hora racha kilometro hora buscas temperatura tamaulipas panorama previsto jornada temperatura esperar tamaulipas calor continuar predominar practicamente diferencia region fronterizo centro sur frontera municipio fronterizo registrar temperatura elevado laredo minimo maximo reynosa minimo maximo matamoros minimo maximo pronostico general senalar noreste tamaulipas maximo ambiente extremadamente caluroso tarde zona centro region centro persistir ambiente calido ligeramente menor ciudad victoria minimo miquihuana minimo gomez farias miquihuana continuar municipi
Facebook|https://www.facebook.com/reel/1545743037022134/,Facebook,3,42,concluir copa mundo historico pais sede tercero abrir puerta mundo pasion distinguir mexico tampico vivir fiesta futbol serie actividad reunir familia aficionado visitante demostrar deporte unir comunidad creer recuerdo inolvidable balon lograr unir mexico mundo gracias experiencia felicidades presidenta grande mundialista tampico
Medios|https://oem.com.mx/elsoldetampico/local/refuerzan-busqueda-de-menor-desaparecida-en-el-rio-panuco-marina-despliega-dron-y-embarcaciones-31192788,Medios,1,29,localdomingo julio reforzar busqueda menor desaparecido rio panuco marina despliega dron embarcacion autoridades proteccion civil pueblo viejo personal secretaria marina reforzar operativo localizar menor desaparecido noche sabado alfredo marquez
Facebook|https://www.facebook.com/permalink.php?story_fbid=pfbid02obzSJrDbjoh8Rb7SHFFaSHBB7cC1msH13aBtJoZa4ofPiJtxNPqyUivCyCcYRyktl&id=61567568690714,Facebook,2,53,descubre increible diversidad ave habitar ciudad impresionante fotografia admirar sorprenderte conecta naturaleza descubrir proteger fauna espacio natural fundamental especie seguir formar paisaje reconocimiento fotografo exposicion compartir talento regalandonos forma apreciar naturaleza recordar exposicion temporal pierdar oportunidad visitala jardin artes expo tampico teatro metropolitano dia entrada gratuito conectaconlanaturaleza tampico turismotampico alasenlibertad claudia sheinbaum pardo
Medios|https://oem.com.mx/elsoldetampico/analisis/cafe-cultura-de-nuestra-cocina-barroca-31187876,Medios,1,28,analisisdomingo julio cafe cultura cocina barroca opinion vertido articulo responsabilidad emitir casa editorial respetar libertad expresion columna noticias columna cartones loultimo newsletter quedar conversacion mandar correo resumen informativo
Medios|https://oem.com.mx/elsoldetampico/tendencias/muerte-de-dafne-inspira-corridos-que-claman-justicia-en-tamaulipas-esto-es-lo-que-dicen-31192029,Medios,1,21,tendenciasdomingo julio muerte dafne inspirar corrido clamar justicia tamaulipas difundir fragmento composicion precisar autor pedir olvidar caso antonio sosa sol tampico
Medios|https://oem.com.mx/elsoldetampico/local/he-sido-amenazado-de-muerte-director-de-la-academia-militarizada-doenitz-teme-por-su-seguridad-31196973,Medios,1,27,localdomingo julio amenazar muerte director academia militarizada doenitz temer seguridad jorge luis ponce ortega recibir amenaza muerte red social pedir esperar resultado investigacion fallecimiento dafne juan hernandez
Medios|https://oem.com.mx/elsoldetampico/local/sigue-aumento-del-rio-bravo-esperan-mayor-cresta-la-tarde-de-este-domingo-en-tamaulipas-31194198,Medios,1,25,localdomingo julio seguir aumento rio bravo esperar cresta tarde domingo tamaulipas laredo modificar horario puente comercio internacional vialidad tomalir viajar zona antonio sosa sol tampico
Medios|https://www.milenio.com/comunidad/tampico-con-restaurantes-llenos-y-poco-trafico-en-la-final-del-mundial,Medios,1,105,aficionado familia zona sur tamaulipas llenar restaurante detener parcialmente actividad domingo disfrutar final copa mundial fifa encuentro celebrado hora comida respiro circulacion vial principal arteria region trafico mediodia final mundial llenar restaurante tamaulipas arranque partido desarrollo negocio avenida hidalgo plaza comercial lucir abarrotado amigo aprovechar dia observar incidencia encuentro espana argentina york aficionados vivir final espana argentina vestimenta equipo finalista club nacion pelear cima futbol mundial propietario reportar alto demanda platillo bebida cliente observar emocion incidencia encuentro canirac reportar aumento venta copa mundial camara nacional industria restaurantera alimentos condimentados canirac evento resultar beneficioso partido venta superior ciento normal oportunidad transmitir encuentro restriccion implementar fifa sjhn
Medios|https://oem.com.mx/elsoldetampico/deportes/inde-tamaulipas-da-postura-sobre-el-covid-19-15982153.html?app=true,Medios,1,23,deportesmartes marzo inde tamaulipas postura determinar suspender aviso actividad unidades deportivas administrar inde tamaulipas determinar suspender aviso actividad unidades deportivas administrar inde tamaulipas
Medios|https://oem.com.mx/elsoldetampico/local/colectivas-de-tampico-exigen-ordenes-de-aprehension-por-muerte-de-dafne-y-cuestionan-actuacion-de-la-fiscalia-31195344,Medios,1,28,localdomingo julio colectivas tampico exigir orden aprehension muerte dafne cuestionar actuacion fiscalia colectivo mujer manglar denunciar falta avance investigacion fallecimiento menor ano campamento militarizado ciudad madero yadira hernandez
Medios|https://oem.com.mx/elsoldetampico/local/acordonan-tienda-de-uniformes-en-el-centro-de-tampico-por-riesgo-de-desprendimiento-de-losa-31199965,Medios,1,21,localdomingo julio acordonan tienda uniforme centro tampico riesgo desprendimiento losa edificio formar construccion antiguo requerir vigilancia permanente riesgo representar yadira hernandez
Instagram|https://www.instagram.com/p/Da_adGjJOcs/,Instagram,1,4,excelente evento futbol unio
Twitter|https://x.com/gruponoticiaspc/status/2079032618864046135,Twitter,1,21,monica villarreal destacar oferta turistico tampico recibir visitante verano meta superar numero visitante registrado verano tampico encontrar listo ofrecer turista leer
Twitter|https://x.com/RevistaDebateMX/status/2079032723486720355,Twitter,2,25,tampico preparar recibir mil turista atractivo cultura seguridad verano tampico revistadebate nota estudiantes uat convertir pez invasor alimento nutritivo impacto ambiental productivo uat revistadebate nota
Medios|https://oem.com.mx/elsoldetampico/local/dos-personas-lesionadas-por-choque-entre-un-automovil-y-un-autobus-en-la-carretera-valles-tampico-31206060,Medios,1,23,localdomingo julio fallece pasajera choque automovil autobus carretera valles tampico percance ocurrir tarde domingo junio conocido calentadores norte veracruz itzia rangole sol tampico
Medios|https://oem.com.mx/elsoldetampico/local/depresion-tropical-en-el-golfo-de-mexico-su-probable-trayectoria-y-zona-de-afectacion-31207984,Medios,1,21,localdomingo julio depresion tropical golfo mexico probable trayectoria zona afectacion gobierno mexico informar fenomeno encontrar florida estacionario itzia rangole sol tampico
Twitter|https://x.com/EleeseNoticias/status/2079035988412641742,Twitter,1,14,monica villarreal resaltar atractivo turistico tampico verano preparatir descubrir hermoso ciudad ofrecer cdvictoria tamaulipas
Twitter|https://x.com/VoxPopuliNoti/status/2079043110168879135,Twitter,1,20,monica villarreal destacar oferta turistico tampico recibir visitante verano municipio preparar actividad familiar recorrido atractivo recibir turista vacacion tampico tamaulipas
Medios|https://www.milenio.com/estados/accidente-en-tamos-deja-una-mujer-fallecida,Medios,1,107,fuerte accidente registrado carretera altura municipio tamo veracruz movilizar cuerpo emergencia automovil tsuru autobus foraneo chocar frente impacto dejar ocupante atrapado fierro retorcido obligar despliegue equipo especializado maniobra rescate acuerdo report persona quedar prensada vehiculo compacto personal rescate minuto donde ocurrir accidente percance registrar conocido curva caracol ubicado municipio tamos veracruz sistema atencion medica urgencias informar enviar equipo hidraulico conocido quijada vida rescatar ocupante tsuru permanecer atrapado labor participar elemento sistema nacional rescate emergencias sinarem tampico corporacion emergencia veracruz victima maniobra rescate mujer liberar trasladar emergencia hospital general carlos canseco tampico hora tarde confirmar fallecimiento traumatismo craneoencefalico severo presentar consecuencia impacto autoridad informar conductor automovil continuar vida
Medios|https://www.milenio.com/politica/americo-villarreal-destaca-cuidado-agua-tamaulipas,Medios,1,101,cuidado agua tamaulipas continuar eje estrategico gobierno estatal reciente emision dialogos americo gobernador americo villarreal anaya asegurar preservar recurso representar patrimonio futuro generacion destacar diverso proyecto hidraulico impulsado fortalecer desarrollo entidad mandatario reiterar agua deber recurso indispensable consumo humano factor permitir impulsar crecimiento economico mejorar calidad vida garantizar bienestar poblacion americo villarreal cuidado agua programa especial serie agua llegar producir heredaremos gobernador llamado fortalecer cultura cuidado agua hogar promover responsable optimizar agregado territorio nacional tamaulipeco oportunidad crecimiento calidad vida bienestar individual expresar asimismo senalar objetivo actual generacion garantizar disponibilidad recurso habitar decada titulo programa realmente generacion heredar generacion creer maximo patrimoni
Medios|https://www.milenio.com/estados/que-destinos-acuaticos-se-pueden-visitar-en-tamaulipas,Medios,1,125,vacacion verano representar temporada movimiento turistico tamaulipas periodo apostar amplio oferta destino acuatico distribuido municipio visitante disfrutar playa rio presa laguna cenot balneario natural convertir principal atractivo noreste mexico secretario turismo tamaulipas benjamin hernandez rodriguez destacar entidad contar riqueza natural ofrecer opcion familia obra infraestructura accion fortalecer seguridad mejorar experiencia visitar destino acuatico visitar tamaulipas acuerdo secretaria turismo atractivo acuatico encontrar distribuido municipio ciudad madero tampico altamira mante gomez farias jaumave ocampo palmillas llera hidalgo abasolo padilla soto marina aldama matamoros san fernando ciudad victoria guemez camargo ciudad guerrero xicotencatl principal sitio recomendado destacar nacimiento bocatoma nogales poza madre presa marte gomez cenote zacaton poza verde laguna champayan playa tesoro salto tigre espacio natural ano recibir mil visitante funcionario senalar destino ofrecer alternativa convivir familia
Medios|https://oem.com.mx/elsoldetampico/deportes/a-nada-del-hoyo-en-uno-15973989.html?app=true,Medios,1,23,deportesmiercol marzo hoyo armando hernandez dejar bola milimetro hoyo hazana anual golf campestre armando hernandez dejar bola milimetro hoyo hazana anual golf campestre
Medios|https://www.milenio.com/opinion/editoriales/se-dice-en-la-grilla-tamaulipas/la-grilla_1226,Medios,1,104,funcionario legislador politico tamaulipas perder oportunidad subir red social fotografia presidenta claudia sheinbaum invitar homologo unidos donald trump clausura copa mundial york politico tamaulipeco presumir vivo estadio gigantes jets esperar movilizacion afuera academia militarizada doenitz morir joven dafne impulsar alejandra quintos madre adolescente ano exigir justicia caso persona detenido priista panista independiente mario leal asegurar varita magico resolver pendiente comapa sur exponer red social cuestionar gerente organismo administracion priista practicamente pasar desapercibido derrame diverso sustancia registrado rio panuco hidrocarburo fluido diputada cynthia jaime asegurar instancia profepa semarnat asea respuesta sancionar resultar responsable proposito evitar afectacion medio ambiente semana concluir copa mundial generar alto expect
Medios|https://www.milenio.com/opinion/victor-hugo-duran/sin-codigo/ip-conoce-acciones-de-la-comapa,Medios,1,110,impresion sector empresarial zona sur tamaulipas dejar dialogo comapa sur secretaria recursos hidraulicos situacion organismo operador accion mejorar suministro agua titular dependencia estatal raul quiroga alvarez gerente francisco gonzalez aprovechar encuentro integrante consejo instituciones empresariales mostrar plan accion principal dato financiero visto problema socavon requerir recurso accion extraordinario aplicar millon pesos remediar hoyanco ano surgido abandono administracion reunion arrojar atencion red hidrosanitaria aunado cumplir mejorar calidad nivel normativo dejar proyecto estrategico genesis optimizar almacenamiento camara empresarial agrupada ente dirigido marco cortes exigir abastecimiento agua limpio expresar inquietud peticion afiliado comprometer gestion autoridad federal recurso destinado dique moralillo presidente ciest secretario recursos hidraulicos confirmar mes reunion manana importante convenio concanaco dirigido
Medios|https://www.milenio.com/opinion/juan-carlos-lopez-aceves/dato-duro/altamira-armando-en-el-2027,Medios,1,112,dinamica zona sur tamaulipas concentrar cuarto poblacion conformado municipio altamira tampico madero gobernar armando martinez manriquez monica villarreal anaya erasmo gonzalez robledo ganar morena eleccion juntos ejercer gasto publico sumar millon pesos inferior laredo altamira ejercer presupuesto anual ronda millon gasto per capita alto superior tampico madero ano llamar urna monica erasmo vigente opcion armando martinez manriquez ganar alcaldia obtener voto vencer ciro hernandez arteaga pan tercer prd ganar priista javier gil ortiz vino casaca morena obtener voto insuficient derrotar panista alma laura ampacer reelegir arrasar voto equivalente vencer miguel gomez orta pan priista diputado local altamira alcaldesa romana flores rivera juvenal hernandez llanos alcaldia armando jefe politico altamira permitir buscar alternativ
Facebook|https://www.facebook.com/monicavtampico/posts/pfbid0LoH3c8MGjtkBaMLjYXSRggZwsXiDkF1LaEsSsyaMNzdePozAZzaT5NWKAgVDuHVMl,Facebook,3,55,preservar patrimonio forma cuidar tampico plaza armas rehabilitar jardinera repusir piso recinto negro realizamos diverso mantenimiento estetico estructural conservar espacio condicion accion contribuir proteger historia identificar fortalecer imagen urbano brindar espacio publico digno encuentro convivencia visitante familia tampiquenas tampicotecuida fortalecer imagen urbano excelente plaza armas accion cuidar patrimonio fortalecer identidad brindar espacio digno reafirmar tampicovacontodo
Medios|https://www.milenio.com/estilo/gastronomia/tamaulipas-quiere-conquistar-la-guia-michelin-con-estos-platillos,Medios,1,111,cabrito pastor jaiba rellena carne tampiquena gordita maiz tamal cerdo marisco golfo postre tradicional pemole cocada formar riqueza culinario tamaulipas buscar escaparate gastronomico importante mundo entidad querer cocina reconocer guia michelin prestigioso listado internacional distinguir restaurante planeta objetivo impulsar turismo gastronomico atraer visitante generar derrama economico similar obtenido region mexico apuesta encabezado empresario restaurantero agrupado camara nacional industria restaurantes alimentos condimentados canirac considerar diversidad sabor influencia cultural talento culinario condicion competir escena nacional internacional tamaulipas contar oferta gastronomico combinar tradicion influencia entidad vecino tampico convivir sabor veracruzano potosino mar municipio matamoros laredo destacar raiz ganadero campo variedad principal argumento industria restaurantero pretender presentar directivo michelin incluir seleccion cocina identidad busca reconocimiento
Medios|https://oem.com.mx/elsoldetampico/local/tamaulipas-apuesta-por-el-agua-es-el-mayor-patrimonio-para-las-nuevas-generaciones-31208229,Medios,1,21,localdomingo julio tamaulipas apostar agua patrimonio generacion plan futuro seguridad hidrico destacar proyecto hidraulico moralillo plan hidraulico golfo norte mario cruces
Facebook|https://www.facebook.com/monicavtampico/posts/pfbid03297UTStAfREQNTLVnhTELkrXZQmDNLsXNHrKZJCR73VCR7iKNDWHekdieY8Sk851l,Facebook,5,86,seguir impulsar proyecto fortalecer espacio publico generen oportunidad desarrollo turistico cultural economico tampico sostener reunion seguimiento propuesta buscar revitalizar canal cortadura aprovechar potencial encuentro familia visitante emprendedor agradecer disposicion participacion reunion empresario pariente bisteck caguamas giorgi fried chicken smoky degas cafe kurai dialogo planeacion suma esfuerzo avanzar accion permitir vida importante espacio fortalecer identidad seguir promover actividad impulsar cultura turismo tampicotecuida canal cortadura proyecto municipal duda tampico tampico mundo presidenta monica villarreal generar oportunidad desarrollo economico turistico alcaldesa equipo impulsar desarrollo economico crecimiento bienestar felicidades mejorar
Medios|https://oem.com.mx/elsoldetampico/local/fecanaco-alerta-sobre-manejo-fiscal-15916192.html?app=true,Medios,1,112,localviernes agosto alerta manejo fiscalrecomendacion obtener vecino linkarticulo impresocompartirsigueno campana oftalmologico auditorio tampicomas noticiaslocalprotestan guerreras turbante presunto maltrato medico imssexigen trato humano cordial pacienteslocalcaso dafne sheinbaum solicitar revisar operar escuela militarizado tamaulipasmientra mama dafne acudir gimnasio hija soler entrenar recoger diferencia desalojo despojo establecer ley mexicanasambo concepto significado distinto generar consecuencia legal involucradoslocalfamilia dafne mantener bloqueo tampico hora agradecer solidaridadanunciar marcha pacifico ciudad mante dia miercoles julo memoria joven justo paciente cumplir hora protesta imss ciudad madero acusar falta atencion medicalo noche martes julio salir instalacion bata sonda cargado suero demandar consulta especializado urologialocalentre lagrima aplauso adios kate quirino pueblo viejofamiliares amigo habitante pueblo viejo acompanar sepelio pequeno ano panteon purisima concepcio
Facebook|https://www.facebook.com/reel/1036421579131562/,Facebook,4,62,seguir equipo tamaulipas anfitrion tianguis turistico nacional pueblos magicos participe instalacion comite organizador importante evento cabo noviembre instalacion centro convenciones exposicion tampico reunion encabezar miguel aguiniga rodriguez titular unidad innovacion sustentabilidad profesionalizacion turistica secretaria turismo mexico benjamin hernandez rodriguez secretario turismo tamaulipas acompanado autoridad estatal municipal tampico aportar compromiso celebracion exito tampicotecuida enhorabuena excelente derrama economico tampico gente tianguis pueblo magico noviembre
Twitter|https://x.com/LaRedAltamiraMx/status/2079222020508631340,Twitter,1,40,red destacar monica villarreal oferta turistico tampico meta superar numero visitante registrado verano tampico encontrar listo ofrecer turista ciudadano amplio variedad actividad evento destinado recreacion familiar colectivo espacio moderno seguro invitamos leer nota completo dando click link web somoslared estamosentodaspart
Facebook|https://www.facebook.com/TampicoGob/posts/pfbid0BYwonMZsqjG2NNdf6GAzMCb4swVYXBGmaDcLY9Bm6eiLmG46fGaboT92xbmiNMTZl,Facebook,1,4,contestir atencion ciudadano tampico
Medios|https://oem.com.mx/elsoldetampico/deportes/peloteritos-portenos-estrenan-uniformes-15974179.html?app=true,Medios,1,20,deportesmiercol septiembre peloteritos porteno estrenar uniforme cabe destacar pequenito mostrar motivado practica sabatina cabe destacar pequenito mostrar motivado practica sabatina
Medios|https://oem.com.mx/elsoldetampico/deportes/cachorros-espera-el-retorno-de-actividades-15979444.html?app=true,Medios,1,26,deportesjuev agosto cachorros esperar retorno actividad cachorros quinteta dirigido entrenador eusebio medina lara integrado excelente jugador lograr importante logro justo cuyo sede cancha techado parque mendez
Facebook|https://www.facebook.com/monicavtampico/posts/pfbid0ajRzvdkQqaJ6H3KDtJSqjQamjMWKFVbjrsETuMS4tPwsJpoumTovpmPyGWLwpjZbl,Facebook,4,69,participe instalacion comite organizador tianguis turistico nacional pueblos magicos cabo noviembre centro convenciones exposicion tampico reunion encabezar miguel aguiniga rodriguez titular unidad innovacion sustentabilidad profesionalizacion turistica secretaria turismo mexico benjamin hernandez rodriguez secretario turismo tamaulipas participacion autoridad estatal municipal tampico trabajarer coordinado reunion permanente contribuir exito evento proyectar riqueza cultural turistico especialmente pueblos magicos tula mier visitante pais tampicotecuida novedad grata impulso turismo felicidad evento tampico excelente organizacion exito
Medios|https://amp.milenio.com/negocios/cmic-tamaulipas-busca-integrar-pymes-proyectos-obra-federal,Medios,1,106,gobierno federal principal reto integrar pyme constructor grande proyecto infraestructura desarrollar modelo contrato mixto generar beneficio regional permitir recuperacion sector cmic nacional apuesta mejorar condicion empresa caso tamaulipas construccion planta generador energia electrico recurrir pyme plan impulsar afiliado region industria impactar actividad economico insumo comercio destacar jesus abud saldivar titular desarrollo institucional camara mexicana industria construccion contratos mixto pyme constructor existir reto plano macroeconomico necesitar pais reactivar abajo resto pyme inversion encontrer forma bajar base piramide beneficio lograr condicion sector mejorar apuntar administracion presidenta claudia sheinbaum pardo anunciar plan ejecutar combinacion recurso publico privado enfocado generacion electricidad ramo petrolero carretera modernizacion infraestructura conectividad actual pensar cosa
Medios|https://oem.com.mx/elsoldetampico/analisis/claroscuro-maravillosas-coincidencias-31205952,Medios,1,23,analisislunes julio claroscuro maravilloso coincidencia columna noticias columna cartones loultimo newsletter quedar conversacion mandar correo resumen informativo quedar conversacion mandar correo resumen informativo
Medios|https://oem.com.mx/elsoldetampico/analisis/el-telar-hablemos-de-los-perros-31208331,Medios,1,23,analisislunes julio telar hablemos perro columna noticias columna cartones loultimo newsletter quedar conversacion mandar correo resumen informativo quedar conversacion mandar correo resumen informativo
Medios|https://www.milenio.com/estados/transportistas-bloquean-la-mexico-puebla-exigen-parar-asaltos,Medios,1,103,grupo transportista tomar autopista limite mexico ciudad mexico exigir alto asalto unidad pasajero inconform estacionar unidad altura eje pancarta exigir seguridad guardia nacional autopista protesta semana registrar asalto autobus troncales altura alcaldia iztapalapa dejar pasajero muerto victor ruiz integrante rutas hermanas explicar corredor ixtapaluca valle chalco reyes paz iztapalapa ocurrir asalto cualquiera hora dia exigir seguridad banda sujeto matar pasajero violento matar pasajero balear persona operador pasaje violento buscar cualquiera reaccion pasajero miedo matar ninito ano jueves asegurar detallar chofer representante legal ruta transporte presentar video brindar dato especifico identificar banda asaltante reportar persona detenido cansado mate mate pasaje deber dejar mate mate
Medios|https://oem.com.mx/elsoldetampico/local/clausuran-tienda-de-uniformes-en-el-centro-de-tampico-por-riesgo-de-colapso-en-su-estructura-31213862,Medios,1,22,locallunes julio clausuran tienda uniforme centro tampico riesgo colapso estructura proteccion civil colocar sello clausura establecimiento detectar fractura nivel inmueble yadira hernandez
Medios|https://amp.milenio.com/policia/acciones-relevantes-de-gabinete-de-seguridad-17-18-y-19-de-julio-2026,Medios,1,111,operacion fuerza federal julio dejar saldo persona detenido aseguramiento arma fuego cartucho util cargador droga hidrocarburo laboratorio elaboracion metanfetamina provocar afectacion economico estimado millon pesos delincuencia organizado acuerdo gabinete seguridad accion participar secretaria seguridad proteccion ciudadana sspc secretaria defensa nacional marina fiscalia general republica fgr guardia nacional corporacion estatal operativo chihuahua mexico guerrero michoacan nayarit san luis potosi sinaloa sonora tamaulipas yucatan narcos resultado relevante destacar captura nayarit persona jose guadalupe ahumada villegas identificado presunto operador cartel jalisco generacion cjng coordinador actividad criminal nayarit tlaxcala gabinete seguridad gobierno mexico informar accion relevante julio gabinete seguridad mexico july merida detencion presunto operador financiero cateo simultaneo asegurar vehiculo alto gama arma fuego cartucho
Medios|https://oem.com.mx/elsoldetampico/deportes/jaque-por-el-dominio-del-tablero-asi-compite-el-sur-de-tamaulipas-en-el-ajedrez-31158842,Medios,1,29,deporteslunes julio jaque dominio tablero compitar sur tamaulipas ajedrez municipio competir sanamente maximo exponente deporte ciencia adolfo ruiz nunez municipio competir sanamente maximo exponente deporte ciencia adolfo ruiz nunez
Twitter|https://x.com/MonicaVTampico/status/2079295418689540541,Twitter,1,19,sostener reunion empresario seguimiento propuesta buscar revitalizar canal cortadura dialogo conjunto impulsir proyecto fortalecer turismo cultura desarrollo economico tampico
Medios|https://www.milenio.com/estados/raymundo-moreno-presenta-convocatoria-reconocimiento-heroes-anonimo,Medios,1,114,fundacion orgullo zacatecas anunciar apertura convocatoria edicion reconocimiento heroes anonimos iniciativo buscar fortalecer apoyo poblacion destacar ciudadano contribuir bienestar zacatecas presidente fundacion raymundo moreno recordar organizacion nacer esfuerzo ciudadano sostenido exclusivamente recurso privado gracias participacion voluntario profesionista habitante comprometido mejorar calidad vida familia zacatecana buscar beneficio social explicar constitucion formal fundacion permanente margen cualquiera coyuntura politico impulsar accion beneficio social caravana salud brindar consulta medico atencion odontologico oftalmologico asesoria juridico gratuito asimismo destacar pandemia organizacion gestionar medicamento apoyar persona afectado emergencia sanitario especialmente desabasto insumo medico senalar continuar afectar poblacion raymundo moreno informar fundacion mantener activo programa mejoramiento vivienda familia acceder producto tinaco boilers solar colchon computadora precio subsidiado gracias respaldo ciudadano donante actividades
Medios|https://amp.milenio.com/comunidad/exposicion-fuerza-mexico-matamoros-horarios-actividades,Medios,1,97,comunidad disciplina historia fuerzas armadas exhibicion interactivo matamoros fuerza mexico inaugurar fuerza mexico matamoros liston cortar lunes julio posterior evento civico encabezado gobernador americo villarreal alcalde municipal beto granados respectivo discurso pie inauguracion atractivo temporal buscar atraer familia fondo ejercito mexicano fuerza aerea guardia nacional fecha horario exposicion fuerza mexico exposicion abierto julio agosto parque olimpico ciudad actividad exposicion fuerza mexico nino joven adulto aprovechar serie actividad ofrecer exposicion contar mes duracion tirolesa torre rappel pista obstaculo infantil exhibicion vehiculo militar exhibicion canofilo modulo informacion orientacion publico exhibicion militar demostraciones vivo actividad recreativa espacio interactivo familia jetl
Twitter|https://x.com/2OSITOO/status/2079976270083891602,Twitter,1,34,homicidio academia militarizado curso verano tamaulipas tampico ciudad madero creer salir delito fiscalias detener molestar absolutamente contubernio autoridad morena testimonio exalumno revelar garv irregularidad maltrato academiadoenitz ciudadmadero temer seguridad companera interno postatamaulipas casodafne justicia
Twitter|https://x.com/GoldenBear0991/status/2079976051334074493,Twitter,1,10,tampico tapachula encuentro honduras decena migrant preparar viaje caravana agosto
Medios|https://oem.com.mx/elsoldetampico/local/tras-el-caso-de-la-academia-militarizada-doenitz-exhortan-a-verificar-que-escuelas-privadas-cuenten-con-rvoe-31216491,Medios,1,24,locallunes julio caso academia militarizada doenitz exhortan verificar escuela privado contar rvoe importante confirmar plantel particular incorporado secretaria educacion cuenten protocolo operacion yadira hernandez
Twitter|https://x.com/LaMejor_Tampico/status/2079971609364808116,Twitter,2,34,listo vivir espectaculo increible totalmente gratis disfrutar michael back estefan jackson sintonizar lamejortampico escuchar ganar lleves boleto lamejortampico michaelisback estefanjackson mega pega calcas encontrar regaladora calca vehiculo dejar repeguen jueves julio marquez guadalupe hidalgo
Medios|https://oem.com.mx/elsoldetampico/deportes/acompanaste-entrenamientos-y-cuidaste-nuestra-casa-correcaminos-pierde-a-su-amiga-la-perrita-nala-31217113,Medios,1,23,deporteslunes julio acompanaste entrenamiento cuidastir casa correcaminos perder amiga perrita nala club compartir mensaje despedida lomito describir fiel leal alegre adolfo ruiz nunez
Medios|https://www.milenio.com/policia/morena-acusa-oposicion-por-disfrazar-a-ruffo-appel-como-preso-politico,Medios,1,119,presidenta movimiento regeneracion nacional morena ariadna montiel reyes acusar pri pan aliado buscar disfrazar exgobernador baja california ernesto preso politico montiel senalar debate detras delito acusar panista convenir oposicion convertir imputado victima escudo proteger impunidad hablar delito escribir red social acusar ernesto dirigenta nacional recordar ernesto acusar huachicol fiscal recordar empresa simular cruzar tren vacio frontera meter gasolina ilegal tratar red contrabando desfalco superior millon pesos erario megafraude gracias complicidad viejo judicial gobierno frenar empresa juez otorgar amparo continuar saqueo ariadna montiel agregar investigacion exgobernador ano oposicion defender ernesto terror efecto dominar caida exhibir querer hablar persecucion hablar corrupcion acabar intocable rematar prian aliado disfrazar ernesto ruffo preso politico debate fondo convenir convertir imputado victima escudo proteger impunidad hablar
Medios|https://www.milenio.com/comunidad/bloquean-avenida-industria-exigir-justicia-dafne,Medios,1,97,grupo persona bloquear avenida industria altamira protesta autoridad prontitud investigacion caso menor dafne fallecido academia militarizada doenitz ciudad madero jueves noche bloquear avenida industria altamira hora ciudadano arto arbitrariedad autoridad grito justicia justicia pequeno caminata carretera direccion norte sur protesta afectar circulacion protesta generar cao vial liberar carril alto pedir familia dafne manifestacion continuar sur tamaulipas madre dafne elevar exigencia autoridad carpeta investigacion reclasificar feminicidio permanecer linea investigacion llamado caso impulsar creacion legislacion regular academia militarizado establecer mecanismo supervision evitar similar volver ocurrir familia sostener muerte menor deber quedar impune insistir investigacion conducir perspectiva genero transparencia jetl
Medios|https://www.milenio.com/negocios/precio-de-canasta-basica-2-mil-117-pesos-entre-junio-julio,Medios,1,97,acuerdo alianza nacional pequenos comerciantes anpec junio julio precio canasta basico pesos reduccion marginal ciento mes reporte mensual variacion precio canasta basico alimentario producto agrupacion detallar mes ano precio producto disminuir promedio pesos significar variacion baja ciento dejar sentir monedero ama casa peso diferencia condenar anpec precios canasta basico asimismo acuerdo reporte canasta presentar variacion precio san luis potosi ciento tlaxcala ciento mexico ciento tabasco chiapas resultar caro mexico pesos tabasco pesos colima pesos jalisco zacatecas agrupacion estimar gasto temporada poblacion mexicano optar pedir prestamo endeudarse recordar consumo privado mexico mes subir encuesta nacional salud financiera ensafi
Medios|https://www.milenio.com/comunidad/vacunacion-gratis-perro-altamira-fecha-hora,Medios,1,108,marco dia perro gobierno municipal altamira cabo jornada especial promover bienestar proteccion mascota actividad dirigido animal compania dueno cuando jornada vacunacion antirrabico altamira evento martes julio tarde parque recreativo mascotas noche ubicado sector montealto actividad dia perro altamira autoridad invitar ciudadania asistir compania perro disfrutar tarde convivencia familiar participar actividad preparado ocasion destacar inauguracion cruce peatonal parque canino obra buscar reforzar seguridad acudir mascota espacio recreativo ofrecer vacunacion antirrabico gratuito objetivo fortalecer prevencion enfermedad fomentar cuidado responsable animal compania adopciones campana concientizacion celebracion perrito adopcion brindar oportunidad familia ofrecer hogar perro buscar oportunidad asimismo pega calca campana cruzar freno iniciativa promover respeto animal buscar generar conciencia automovilista redu
Medios|https://oem.com.mx/elsoldetampico/turismo/ciclovias-de-playa-miramar-deben-quedar-libres-moveran-vehiculos-para-evitar-multas-31193701,Medios,1,32,turismolunes julio ciclovias playa miramar deber quedar libre mover vehiculo evitar multa direccion transito ciudad madero mantener operativo especial playa miramar orientar turista reubicar vehiculo mal estacionado garantizar circulacion seguro juan hernandez
Twitter|https://x.com/VoxPopuliNoti/status/2079411222097575974,Twitter,1,20,tampico avanzar organizacion tianguis turistico nacional pueblos magicos autoridades instalar comite organizador impulsar promocion turistico economico sur tamaulipas tampico tamaulipas
Medios|https://oem.com.mx/elsoldetampico/deportes/todo-un-exito-en-el-free-for-skate-15982445.html?app=true,Medios,1,27,deportessabado mayo exito free skate aproximado atleta cita espacio gracias grupo miramar skate plaza adecuo rampa aproximado atleta cita espacio gracias grupo miramar skate plaza adecuo rampa
Medios|https://www.milenio.com/comunidad/uat-lanza-becas-para-nuevo-ingreso-2026,Medios,1,112,universidad autonoma tamaulipas uat abrir convocatoria beca ingreso programa dirigido estudiante recien egresado nivel medio superior destacar desempeno academico desear iniciar carrera profesional institucion apoyo uat buscar facilitar acceso educacion superior fortalecer permanencia estudiantil respaldar economia familia tamaulipeca impulsar modelo educativo basado inclusion reconocimiento merito academico solicitar beca ingreso uat rector uat damaso anaya alvarado destacar programa dirigido joven desempeno sobresaliente ingresar universidad beca consistir exencion pago inscripcion correspondiente periodo escolar ofrecer posibilidad conservar beneficio semestre concluir licenciatura cumplir lineamiento establecido institucion universidad senalar estrategia buscar contribuir disminuir desercion escolar garantizar estudiante excelencia academico limitado acceso educacion motivo economico cual requisito fecha tramite acceder beca ingreso aspirante deber acreditar promedio general minimo
Medios|https://oem.com.mx/elsoldetampico/turismo/avanza-tampico-en-la-organizacion-del-tianguis-turistico-nacional-de-pueblos-magicos-2026-31222011,Medios,1,21,turismolunes julio avanza tampico organizacion tianguis turistico nacional pueblos magicos ciudad sede evento importante promocion turistico cultural economico mexico antonio campos
Medios|https://www.milenio.com/deportes/tamaulipecos-en-juegos-centroamericanos-2026,Medios,1,127,delegacion tamaulipas presente juegos centroamericanos caribe representante atleta entrenador juez formar equipo mexicano competir julio agosto maxima justo deportivo region presidenta mexico claudia sheinbaum pardo encabezar ceremonia abanderamiento delegacion nacional desear exito deportista entrenador juez representar pais competencia internacional tamaulipecos competir juegos centroamericanos caribe representacion tamaulipeco integrado deportista entrenador juez distinto municipio softbol participar axel miranda ramos ciudad madero luis julian rodriguez saucedo jose refugio saucedo originario tampico formar cuerpo tecnico julio cesar guerrero castilla igualmente tampico voleibol convocar hermano josue lopez rios brandon lopez rios hector rafael altamirano representar mexico handball delegacion incluir arbitro ajedrez felipe adolfo salazar gonzalez gimnasta kimberly salazar lopez canoista diego alexander popa olivella judoca edna guadalupe carrillo torres originario tampico arbitra judo elizabeth gonzalez orozco ciudad victoria delegacion tamaulipas juegos centroa
Twitter|https://x.com/gruponoticiaspc/status/2079438115215757581,Twitter,1,20,tampico avanzar organizacion tianguis turistico nacional pueblos magicos presidenta municipal tampico monica villarreal anaya participar dia instalacion comite organizador leer
Medios|https://oem.com.mx/elsoldetampico/local/depresion-tropical-dos-en-el-golfo-de-mexico-se-convierte-en-la-tormenta-tropical-bertha-31213943,Medios,1,25,depresion tropical golfo mexico convertir tormenta tropical bertha tormenta tropical bertha encontrar noreste golfo mexico lejos territorio nacional smn continuar monitoreo cualquiera imprevisto alfredo marquez
Medios|https://oem.com.mx/elsoldetampico/deportes/inauguran-futbol-municipal-porteno-15978031.html?app=true,Medios,1,23,deportesdomingo octubre inauguran futbol municipal porteno acto inaugural celebrado campo unidad deportiva marcha edicion campeonato organizar liga municipal futbol infantil juvenil femenil tampico
Medios|https://amp.milenio.com/opinion/editoriales/se-dice-en-la-grilla-tamaulipas/la-grilla_1227,Medios,1,110,manuel munoz cano recurrir tribunal electoral judicial federacion solicitar trieltam presentado desistimiento impugnacion resolucion declarar responsable violencia politico razon genero perjuicio diputada local katalyna mendez obtener respuesta magistrado estatal andar disfrutar vacacion verano dirigencia estatal partido accion nacional quedar encabezado gloria garza presidenta cesar verastegui secretario general riesgo querer acaparar reflector toma decision contrario narrativa respeto participacion politico mujer reunion empresario local alcaldesa monica villarreal anaya cabo lunes objetivo puntual rescatar paseo canal cortadura atraer inversion negocio espacio turistico tarea resultar sumamente complicado administracion municipal altamira reunion informativo morena salon suetra asistir alcalde armando martinez diputada federal blanca narro senadora olga sosa encuentro hablar accion legislativo homologar sancion feminicidio entidad
Facebook|https://www.facebook.com/monicavtampico/posts/pfbid02S45g7KGzYjiQcyFm9feUGegWYCHNQhgxXHp2o6Z5bbpWA28pz6mZ6LQhZaarv7Sil,Facebook,6,44,descubrir cuerpo humano reconocido exposicion internacional bodies llegar tampico ofrecer experiencia unico galeria exposiciones temporal espacio cultural metropolitano julio agosto acceso entrada general pesos experiencia educativo fascinante inolvidable disfrutar vacacion pierdar tampicovacontodos buenisimo exposicion edad precio boleto cruz alonso llevamir soto sosa perla rivera
Medios|https://www.milenio.com/estados/caso-dafne-erick-madres-denuncian-muertes-academias-militarizada,Medios,1,114,corazon gracias recordar caso nino frase cargado dolor gratitud erika torbellin romper silencio madre adolescente fallecer acudir campamento academia militarizado morelos volver recuerdo devastador vida muerte dafne noticia conmocionar reabrir herida asegurar jamas dejar sangrar ano muerte erick leonardo teran torbellin madre afirmar caso dafne quintos menor ano fallecer campamento verano inscribir academia militarizada doenitz ciudad madero sur tamaulipas revivir vacio impotencia pregunta acompanar lucha encontrar respuesta llore dafne erick agradecer corazon recordar caso nino expresar confesar muerte menor salud fisico emocional deteriorar desgaste exigir justicia contener dolor imposible soportar red social recordar coincidencia perseguir ano morir practicamente circunstancia escribir senalar madre dafne alejandra quintos confiar hijo institucion prometer formacion disciplina cuidado imaginar terminar
Medios|https://www.milenio.com/ciencia-y-salud/cientificos-reproducen-200-tortugas-bolson-durango,Medios,1,109,decada esfuerzo conservacion investigador unidad regional universitaria zonas aridas universidad autonoma chapingo localizado municipio bermejillo durango lograr avance historico reproduccion cautiverio gopherus flavomarginatus conocido tortuga bolson especie endemico desierto chihuahuense catalogado peligro extincion desarrollado reserva biologica tortuga desierto ubicado campus universitario bermejillo permitir incrementar poblacion resguardo alcanzar ejemplar juvenil formar programa preparacion futuro liberacion vida silvestre equipo cientifico encabezado investigador rafael carrillo flores protocolo tecnico permitir preliberacion periodo estimado ano reina desierto norte pais tortuga bolson tortuga completamente terrestre especie emblematico desierto chihuahuense endemico reserva biosfera mapimi abarcar zona chihuahua durango coahuila habitar pastizal matorral arido caracterizar excavar profundo madriguera utilizar temperatura extremo conservar humedad depredador habito diurno alimentaci
Medios|https://amp.milenio.com/deportes/boxeo/rafael-carmona-retiene-titulo-welter-edomex-ko-lerma,Medios,1,118,mano izquierdo certero poderoso constante arma rafael tornado carmona derrotar via nocaut eduardo chico gonzalez victoria retener campeonato estatal peso welter avalado comision box lucha libre mexico arena lerma totalmente lleno toluqueno tregua oponente mantener distancia round mandar lona gancho zona hepatico diezmo retador pese continuar reyerta pierna tambaleant quiza complicado tornado episodio chico gonzalez conectar par jabs rafa responder furia golpe acoso mandar lona golpe rostro tercer episodio gonzalez disminuido empezar abrazar campeon tratar inhibir golpe movimiento brusco castigado referee golpear cabeza rafael carmona provocar corte ceja izquierdo pese herida tornado carmona bajar intensidad round minuto conectar gonzalez zona estomago retador levantar sucumbido poderio golpe rafa nocaut avalar referee cesar casatanon decretar nocaut carmona celebrar familia amigo
Facebook|https://www.facebook.com/TampicoGob/videos/1048826051134263/,Facebook,4,14,rueda prensa feria franquicias expo tampico super vital importancia registrar celular feria franquicia tampico
Facebook|https://www.facebook.com/reel/1413511823951941/,Facebook,3,47,tampico seguir construir acuerdo generar resultado firmar pacto prosperidad justicia economica seguridad alianza concanaco servytur canaco tampico fortalecer compromiso desarrollo economico formalidad respaldo dia impulsar comercio generar gobierno iniciativa privado sociedad equipo construimos tampico oportunidad seguridad bienestar tampicotecuida quedar atras excelente pacto clave abrir puerta prosperidad economico
Facebook|https://www.facebook.com/TampicoGob/videos/974408895639831/,Facebook,3,12,entrega distintivos tampico expo tampico felicidades tampico excelente presidenta monica tampico echar
TikTok|https://www.tiktok.com/@tamaulipas.al.dia,TikTok,1,63,matamoros raul medina jasso matamoros gobernador americo villarreal anaya informar publicar licitacion construccion super carretera golfo mexico norte obra conectar tampico reynosa posteriormente ampliar matamoros mandatario destacar proyecto carril permitir mejorar conectividad atraer inversion generar fortalecer actividad comercial diverso region tamaulipas villarreal anaya senalar infraestructura sumar proyecto estrategico expansion puerto norte matamoros objetivo consolidar importante polo desarrollo economico energetico noreste pais tamaulipa tamaul
Medios|https://www.milenio.com/estados/caso-dafne-americo-villarreal-asegura-claridad-48,Medios,1,108,gobernador tamaulipas americo villarreal anaya abordar caso muerte nina dafne asegurar tardar manana miercoles fiscalia general justicia panorama claro sucedido adolescente morir campamento verano escuela militarizado gira matamoros mandatario explicar reunion mesa seguridad construccion paz hablar fiscal general jesus govea orozco informar peritaj forense ocurrido noche jueves julio menor ano perder vida interior academia militarizada doenitz creer platicar dia fiscal plazo hora condicion suceder lamentable academia informar cuando resultado investigacion muerte dafne indicar institucion gobierno apoyo familia menor querer dejar claro impartir justicia cabe senalar lunes fiscalia general justicia tamaulipas presentar acusacion formal responsable muerte adolescente confirmar tania contreras magistrado presidenta supremo tribunal justicia tamaulipas fiscalia presentar acusacion
Medios|https://oem.com.mx/elsoldetampico/deportes/se-corono-la-trueba-15979649.html?app=true,Medios,1,102,deportesmartes marzo coronar final categoria veteranos compadres gol linkarticulo impresocompartirsigueno deportescampeonesfutbolnotas relacionadasdeportestuberia lider futbol jubiladosdeportesvienen destacar equipo universidad entrenar chico escuela tampico uat correcaminosma noticiasdeportesdel sur tamaulipas mar mediterraneo antonio portales despedir jaiba bravael tampiqueno cerrar breve estancia club tamaulipeco previo iniciar apertura leyenda guillermo ochoa anunciar retiro futbol mundialguillermo ochoa anunciar decision colgar guant ano futbolista entrenamiento cuidastir casa correcaminos perder amiga perrita nalael club compartir mensaje despedida lomito describir fiel leal alegredeportesjaque dominio tablero compitar sur tamaulipas ajedrezlos municipio competir sanamente maximo exponente deporte cienciamundial destrozar sueno argentina campeon mundoespana consagrar campeona mundo argentina gracias gol ferran torresdeportestamaulipas hazana seleccio
Medios|https://oem.com.mx/elsoldetampico/deportes/finalizo-el-basquet-de-las-fiestas-patrias-15975943.html?app=true,Medios,1,21,deportesdomingo septiembre finalizar basquet fiestas patrias llegar culminacion accion torneo fiestas patrias organizado liga municipal basquetbol tampico coordinacion direccion deportes portena
Instagram|https://www.instagram.com/p/DbDoEIgkX3E/,Instagram,1,30,descubrir cuerpo humano reconocido exposicion internacional bodies llegar tampico ofrecer experiencia unico galeria exposiciones temporal espacio cultural metropolitano julio agosto entrada general experiencia educativo fascinante inolvidable disfrutar vacacion pierdar tampicovacontodo
Twitter|https://x.com/LaRedAltamiraMx/status/2079577113393332437,Twitter,1,56,red tampico avanzar organizacion tiangui turistico nacional pueblos magicos presidenta municipal tampico monica villarreal anaya participar dia instalacion comite organizador tianguis turistico nacional pueblos magicos reafirmar compromiso gobierno municipal consolidar ciudad sede evento importante promocion turistico cultural economico mexico cabo noviembre centro convenciones exposiciones expo tampico invitamos leer nota completo dando click link web somoslared estamosentodaspart
Medios|https://www.milenio.com/estados/congreso-tamaulipas-buscara-regular-campamentos-verano,Medios,1,93,congreso tamaulipas reconocer entidad ley regular realizacion campamento verano evitar tragedia dafne joven ano morir academia militarizada doenitz triste situacion falta regular campamento verano separacion escuela clase nivel primario secundario organizar campamento verano actividad extracurricular vacacion regular declarar diputada cynthia jaime comisionado deportes congreso existir ley regular campamento verano tamaulipas detallar legislador analisis equipo determinar tamaulipas existir ley especifico regular campamento verano autoridad supervisar permiso reglamento condicion idoneo coepris proteccion civil ley derechos ninas ninos fundamental caso dafne impulsar iniciativa congreso caso academia militarizada doenitz morir interior publicidad red social jamas explicar cual
Medios|https://oem.com.mx/elsoldetampico/deportes/al-grito-de-siuuu-celebran-el-cumple-de-cristiano-ronaldo-en-tampico-video-21550860.html?app=true,Medios,1,28,deportesmiercol febrero grito siuuu celebrar cumple cristiano ronaldo tampico video persona participar evento masivo motivo cumpleanos numero hector rivera persona participar evento masivo motivo cumpleanos numero hector rivera
Medios|https://www.milenio.com/ciencia-y-salud/imss-estrategia-unidades-medicas-completo-tamaulipas,Medios,1,115,proposito ampliar acceso servicio salud brindar atencion medico oportuno instituto mexicano seguro social imss tamaulipas fortalecer estrategia unidades medico completo umtc clinica entidad ofrecer consulta sabado domingo horario hora hospital tamaulipas unidades medico coordinadora nivel atencion imss tamaulipas laura patricia martinez lima informar estrategia operar hospital general zona medicina familiar hgzmf ciudad victoria unidades medicina familiar umf altamira rio bravo reynosa tampico matamoros ciudad madero laredo finalidad estrategia explicar medida buscar aprovechar maximo infraestructura equipamiento personal disponible incrementar capacidad atencion medico disminuir rezago consulta procedimiento reducir saturacion hospitalario ofrecer horario accesibl derechohabient martinez lima destacar esquema beneficiar motivo laboral personal acudir consulta horario habitual semana unidades medico completo permitir acercar servicio salud actividad laboral per
Facebook|https://www.facebook.com/reel/1038258928695387/,Facebook,3,37,reconocer empresa tampiquenas distintivo tampico sello impulsar calidad fortalecer consumo local reconocer esfuerzo dia generar crecer ciudad seguir mano sector empresarial abrir oportunidad fortalecer economia talento tampiqueno lejos hechoentampico tampicotecuida tampico rumbo exitoo tampicotecuida exito empresa tampicotecuida
Twitter|https://x.com/MonicaVTampico/status/2079599563736834115,Twitter,1,19,bodies llegar tampico experiencia unico cuerpo humano visitar exposicion internacional galeria exposiciones temporales espacio cultural metropolitano julio agosto pierdar
Medios|https://oem.com.mx/elsoldetampico/analisis/economia-para-todos-adopcion-presente-brecha-futura-31220687,Medios,1,29,analisismartes julio economia adopcion presente brecha futuro opinion vertido articulo responsabilidad emitir casa editorial respetar libertad expresion columna noticias columna cartones loultimo newsletter quedar conversacion mandar correo resumen informativo
Medios|https://oem.com.mx/elsoldetampico/analisis/emprende-y-aprende-el-mundial-tambien-se-juega-en-los-negocios-31220790,Medios,1,29,analisismartes julio emprende aprender mundial jugar negocio opinion vertido articulo responsabilidad emitir casa editorial respetar libertad expresion columna noticias columna cartones loultimo newsletter quedar conversacion mandar correo resumen informativo
Medios|https://oem.com.mx/elsoldetampico/analisis/imaginese-perfilan-alcaldes-de-4-anos-31220423,Medios,1,31,analisismartes julio imaginese perfilan alcalde ano impulsa americo proyecto dique moralillo ciro exitoso jornada colonia armando martinez celebrar mananera columna noticias columna cartones loultimo newsletter quedar conversacion mandar correo resumen informativo
Medios|https://www.milenio.com/policia/madre-de-dafne-protesta-para-exigir-detenciones-por-muerte-de-su-hija,Medios,1,98,alejandra quintos madre dafne adolescente ano morir estancia campamento militar ciudad madero tamaulipas protestar exigir justicia caso hija quintos llamado autoridad detener persona responsable delito juzgar peso ley denuncie venir testificar faltar detener culpable peso ley preso asimismo subrayar detencion relacionado caso fiscalia continuar indagatoria avance detenido preventivo madre dafne senalar buscar reclasificar delito feminicidio referir cuerpo hija presentar lesion peritaj homicidio especificar encontrar cuerpecito necropsia almomento alejandra quintos mama dafne joven morir academia militarizado denunciar irregularidad investigacion hija torturar milenio july informacion bloquear respuesta familia dafne joven estudiar academia militarizada doenitz bloquear calle obregon salida centro tampico
Medios|https://www.milenio.com/comunidad/entrega-boletos-vip-viva-radio-2026-respuesta-positiva,Medios,1,121,respuesta superar expectativa vivir entrega boleto vip evento ano viva radio organizado grupo multimedios persona reunir manana sabado plaza armas tampico importar fuerte calor sentir zona sur tamaulipas asegurar entrada gratuito magno evento boleto repartido jornada entrega conductor estrella multimedios radio marcela castan juan antonio vaquero gonzalez keila cavazos carlos chore pineda raymundo gata martinez jose antonio junior soldevilla encargar repartir cortesia convivir radioescucha programa totalmente vivo participacion operador consola carlos ferretiz francisco gomez ninos joven adulto participar dinamica alegria mostrar emocion obtener pase concierto agosto hora velaria tampico terreno feria presentar vainilla salomon robles isaias lucero hugo ruiz kari junior sonora dinamita traileros norte viejones linares tropical panama solido locutor confirmar entrega respuesta radioescucha repartir boleto mostrar querer acudir eve
Medios|https://www.milenio.com/ciencia-y-salud/avances-de-obras-hospitalarias-en-sur-de-tamaulipas,Medios,1,105,hospital sur tamaulipas especificamente ciudad tampico madero encontrar afinar detalle inauguracion avance obra informar conferencia matutina presidenta claudia sheinbaum pardo dichos hospital generar plaza beneficiar sector salud ciudadania atencion medico avance obra hospitalario tamaulipas mananera presidenta republica mexicana compartir avance obra hospitalario pais destacar proyecto sur tamaulipas hospital imss bienestar ciudad madero hospital general issste tampico destacar porcentaje progreso ciento esperar pronto inauguracion avances hospital general tampico acuerdo informacion presentado manana martes general issste tampico tamaulipas registrar avance obra contemplar cama censabl consultorio medico especialidad quirofano generar plaza relevante proyecto generar puesto permitir contar numero personal beneficiar sector salud cubrir demanda servicio ambito avances general
Twitter|https://x.com/olgapsosa/status/2079624937061462203,Twitter,1,16,reconocer presidenta monica villarreal presidente octavio torre concanaco firma pacto prosperidad justicia economica seguridad tampico tamaulipas
Medios|https://www.milenio.com/negocios/tianguis-turistico-pueblos-magicos-tampico-detalles,Medios,1,120,presidenta municipal tampico monica villarreal anaya participar dia instalacion comite organizador tianguis turistico nacional pueblos magicos reafirmar compromiso gobierno municipal consolidar ciudad sede evento importante promocion turistico cultural economico mexico cabo noviembre centro convenciones exposiciones expo tampico esperar pueblo magico sesion instalacion desarrollar instalacion expo tampico recinto albergar representante pueblos magicos pais acto encabezar titular unidad innovacion sustentabilidad profesionalizacion turistica secretaria turismo gobierno mexico miguel aguiniga rodriguez secretario turismo gobierno tamaulipas benjamin hernandez rodriguez presidente municipal tula rene lara cisneros director infraestructura secretaria turismo tamaulipas harold sanders palacios representante dependencia estatal direccion turismo tampico ciudad madero altamira tampico sede tianguis turistico nacional pueblos magicos intervencion alcaldesa destacar designacion sede tianguis turistico nacional pueblos magicos representar reconocimiento capacidad organizativo municipio trabaj
Twitter|https://x.com/olgapsosa/status/2079632332076560495,Twitter,1,20,firma pacto prosperidad justicia economica seguridad tampico tamaulipas reforzar sinergia sector comercial gobierno sociedad organizado tampico indicador seguridad tranquilidad familia
TikTok|https://www.tiktok.com/@mariojuarezreporta,TikTok,1,25,casodafne alcaldesa tampico monica villarreal anaya lamentar fallecimiento dafne expresar solidaridad familia caso ocurrir ciudadmadero presidenta municipal senalar ayuntamiento tampico dispuesto colaborar autoridad tamaulipas noticias
Facebook|https://www.facebook.com/TampicoGob/videos/1496922449121486/,Facebook,5,21,felicidad beneficiario saludos cordial bendicion especial presidenta municipal monica villareal anaya excelente evento marca identidad tampico seguir orden vectorstands montaje evento
Medios|https://oem.com.mx/elsoldetampico/deportes/gimnastas-a-la-justa-estatal-15970650.html,Medios,1,106,deportessabado marzo justo estatalmas nina buscar linkarticulo impresocompartirsigueno notas relacionadasdeporteslo universidad tecnologica altamira ganar oro marcha xiii copa tampico gimnasia ritmicamas noticiasdeportesdel sur tamaulipas mar mediterraneo antonio portales despedir jaiba bravael tampiqueno cerrar breve estancia club tamaulipeco previo iniciar apertura leyenda guillermo ochoa anunciar retiro futbol mundialguillermo ochoa anunciar decision colgar guant ano futbolista entrenamiento cuidastir casa correcaminos perder amiga perrita nalael club compartir mensaje despedida lomito describir fiel leal alegredeportesjaque dominio tablero compitar sur tamaulipas ajedrezlos municipio competir sanamente maximo exponente deporte cienciamundial destrozar sueno argentina campeon mundoespana consagrar campeona mundo argentina gracias gol ferran torresdeportestamaulipas hazana seleccion mexicana final supercopa fmfel conjunto buscar revanc
Medios|https://oem.com.mx/elsoldetampico/local/avanza-regularizacion-legal-en-24-colonias-de-tampico-hay-mas-de-mil-solicitudes-pendientes-31212510,Medios,1,20,localmartes julio avanza regularizacion legal colonia tampico solicitud pendiente gestion tramite costo dependencia buscar certeza legal patrimonio familiar maria macias
Instagram|https://www.instagram.com/p/DbEDGpYJH9p/,Instagram,1,5,ayudeme contar familia ecomonimente ablar
Medios|https://oem.com.mx/elsoldetampico/deportes/todo-listo-para-el-golf-60-anos-contigo-15984343.html,Medios,1,22,deportesmartes julio listo golf anos contigo viernes julio torneo golf anos contigo evento escenario verde carpeta campo lagunas miralta confirmado participacion foursom
Medios|https://oem.com.mx/elsoldetampico/local/voy-a-exhumar-a-dafne-las-veces-que-sea-necesario-madre-exige-justicia-y-una-tercera-autopsia-31227506,Medios,1,28,localmartes julio exhumar dafne necesario madre exigir justicia tercero autopsia familiares ciudadano manifestar ocasion frente fennam tampico exigir avance investigacion muerte menor ocurrido escuela militarizada doenitz yadira hernandez
Medios|https://amp.milenio.com/policia/caso-dafne-investiga-feminicidio-asegura-fiscal-tamaulipas,Medios,1,107,caso dafne morir tomar curso verano academia militarizado ciudad madero investigar feminicidio dato obtener permitir presumir muerte menor deber causa natural personal academia militarizado investigacion confirmar fiscal general tamaulipas resultado autopsia dafne jesus eduardo govea orozco entrevista informar resultado autopsia practicar adolcente establecer causa deceso asfixia negar dilacion personal cargo investigacion centrar academia explicar investigacion centrar operacion administrativo acamemia militarizada contexto ocurrido muerte adoslcente dia instalacion academia militarizada doenitz dato conocimiento revelar muerte menor necesariamente deber causa natural iniciar investigacion feminicidio mensaje fiscal general justicia tamaulipas jesus eduardo govea orozco caso fallecimiento menor municipio ciudad madero fiscalia general justicia tamaulipas july comentario publico vertido red social obl
TikTok|https://www.tiktok.com/@tamaulipasdirecto,TikTok,1,42,tamaulipas continuar fortalecer infraestructura salud mananera informar hospital general tampico registrar avance construccion obra contar cama consultorio especialidad quirofano equipo resonancia magnetico consolidar atencion medico calidad poblacion avance reflejar coordinado impulsar gobernador americo villarreal fortalecer servicio salud tamaulipas americovillarreal salud issste tampico
Twitter|https://x.com/Samanthare58281/status/2080000563987599586,Twitter,2,25,hospital general tampico registrar avance construccion fortalecer infraestructura salud tamaulipas impulso gobernador tamaulipas americovillarreal salud tampico avance historico salud tamaulipeco hospital general tampico realidad contento
Medios|https://oem.com.mx/elsoldetampico/deportes/promocion-de-grados-en-imua-germinal-15979874.html?app=true,Medios,1,24,deportesviernes abril promocion grado imua germinal ano deber pasar cabo ceremonia naturaleza recinto imua germinal ano deber pasar cabo ceremonia naturaleza recinto imua germinal
Twitter|https://x.com/CARLOSMRL174/status/2079978035747410398,Twitter,5,42,lamentablemente campana entrar millon persona mundo jama contacto argentino afirmar pudor argentina racista deshumanizarno seguir apropiacion tierra gobierno querer primo yucatan respetar respeto yucateco cabron moreno chaparro mayoria pendejo vato tampico nanananana respeto tampico cabron wey definitivamente yucatan nononono cabron vato tampico
Medios|https://oem.com.mx/elsoldetampico/local/conoces-el-caviar-del-sur-de-tamaulipas-la-hueva-de-pescado-que-esta-desapareciendo-de-los-mercados-31124791,Medios,1,23,localmartes julio conoz caviar sur tamaulipas hueva pescado desaparecer mercado mexico participar comercio internacional producto llegar mercado local depender pesca regional antonio campos
Medios|https://oem.com.mx/elsoldetampico/deportes/en-su-recta-final-la-copa-tampico-15971665.html?app=true,Medios,1,107,deportesviernes febrero recta final copa tampicoel evento internacional tenis celebrar racquet linkarticulo impresocompartirsigueno tenistampicodeportistasnota relacionadasdeportescorrecaminos uat tampico campeondeportesaltamirenses destacar justa estataldeportesacciones copa tampico tenismas noticiasdeportesdel sur tamaulipas mar mediterraneo antonio portales despedir jaiba bravael tampiqueno cerrar breve estancia club tamaulipeco previo iniciar apertura leyenda guillermo ochoa anunciar retiro futbol mundialguillermo ochoa anunciar decision colgar guant ano futbolista entrenamiento cuidastir casa correcaminos perder amiga perrita nalael club compartir mensaje despedida lomito describir fiel leal alegredeportesjaque dominio tablero compitar sur tamaulipas ajedrezlos municipio competir sanamente maximo exponente deporte cienciamundial destrozar sueno argentina campeon mundoespana consagrar campeona mundo argentina gracias gol ferran torresdeportestamaulipas hazana seleccion mexicana final supercopa fmfel conjunto
Medios|https://oem.com.mx/elsoldetampico/deportes/tamaulipas-e-se-proclamo-campeon-15971913.html?app=true,Medios,1,23,deportesdomingo julio tamaulipas proclamar campeon ganar coahuila saltillo united termino hostilidad cabo ceremonia premiacion ganar coahuila saltillo united termino hostilidad cabo ceremonia premiacion
Twitter|https://x.com/CamposVero38033/status/2079999913379746281,Twitter,2,20,respaldo presidenta claudia sheinbaum hospital general tampico avanzar fortalecer infraestructura salud mil familia tamaulipeca tampico sur tamaulipas ganar hospital atencion
TikTok|https://www.tiktok.com/@olgapsosa,TikTok,2,40,firma pacto prosperidad justicia economica seguridad tampico firma organizado presidenta monica villarreal presidente canaco octavio torre impulso apertura negocio distinto sector economico querido tamaulipas hechoentampico tercero entrega distintivo fortalecer emprendimiento querido puerto jaibo agradecer invitacion presidenta municipal monica villarreal anaya
Twitter|https://x.com/elpinchealdo/status/2080001044621271423,Twitter,4,26,correr pagina mona cobrar dia limpiar casa comida lavar planchar comentar profesionista ganar seguir inflar precio contratar vivir pago tampico creer cobrar libre mercado gozalo sufrelo
Twitter|https://x.com/pfrancoe/status/2079979782020772033,Twitter,1,36,efectivamente denunciar contralmirante fernando ruben guerrero alcantar asesinar huachicolfiscal suceder tampico gobernado urgia cambiar narrativa ano huachicol fiscal permitir red corrupcion enriquecer dejar recibir recurso pertenecer pueblo mexico diferencia claro investigacion distinguir apellido cargo partido politico
Twitter|https://x.com/meza_mebi630910/status/2080008519294627931,Twitter,1,7,sorprender foto jorge campos alto tom cruise
Twitter|https://x.com/Alejand76809796/status/2079982037390217346,Twitter,2,76,julio desde fiscalia cdmx carpetas investigacion sexual dalo nila menor edad carpeta fas carpeta prioritarios fiscalia cdmx carpeta sex aten clara brugada fiscalia cdmx scccdmx agresores vca morenista manifestacion fiscalia cdmx julio muestra diacnostico postrauma periodista azteca hijo carpeta carpeta gru prioritario sexualidades ate brugada shembaum victima vcarranza cdmx incompetencia inoperancia gob sheinbaum tampico alc morenista vcarranza gobiernos morenistas mexico permitir agresores ninos nilas mujeres operen impunemente mexico exigar justicia ate inf camara senado donald trump
Twitter|https://x.com/DocUbaldo/status/2079971384353022296,Twitter,2,18,maravilla playa miramar tampico cerebro dejar mensaje noticia redes social reunion pendientes dia procesar enorme cantidad informacion tampico
Twitter|https://x.com/CONCANACO/status/2079711660462186819,Twitter,2,89,tampico seguir fortalecer consumo local crecimiento negocio familiar gira presidente concanaco servytur presidenta municipal tampico entrega engomado viernesmuymexicano reconocimiento empresa tampiquenas distintivo tampico sello reconocer calidad talento compromiso dia generar impulsar economia region compra local diferencia sumate viernesmuymexicano apoyar negocio familiar viernes mes consumir fortalecer mexico unidosenaccionespositiva negocio comenzar decision concanaco servytur mexico impulsir crecimiento mujer emprendedor empresaria herramienta fortalecer negocio participar taller aprender fortalecer finanza empresa tomar decision estrategico confianza preparartir negocio nivel agosto modalidad online registrate escanear codigo liga esperar seguir impulsar liderazgo crecimiento mujer empresaria mexico
TikTok|https://www.tiktok.com/@en.punto.al.sur,TikTok,2,95,sancion regidores tampico perder sueldo faltar cabildo tampico preparar reglamento interno contemplar descuento salarial ausencia injustificada limite permiso regla conducta presidenta municipal sindico regidor regidor rogelio perez lara informar propuesta registrar avance buscar fortalecer disciplina orden transparencia desempeno servidor publico tampico cabildo regidores transparencia noticias ayuntamiento impulsar retiro cable desuso reducir riesgo ayuntamiento tampico buscar coordinar mesa comision federal electricidad cfe empresa telefonia cable retirar cableado desuso atender cable encontrar colgar mala condicion informar secretario general carlos garcia porres senalar accion buscar prevenir riesgo peaton automovilista mejorar imagen urbano ciudad tampico seguridad imagenurbana cfe enpuntoalsur
Medios|https://www.milenio.com/comunidad/pide-fiscalia-tamaulipas-voto-confianza-caso-dafne,Medios,1,106,madre dafne adolescente morir curso verano academia militarizada doenitz ciudad madero informar fiscalia especializada investigacion ninas ninos adolescentes fennam pedir confianza continuar investigacion lograr resultado caso alejandra quintos explicar autoridad buscar integrar expediente solido llamado exalumno estudiante padre familia ciudadania general acudar declarar cualquiera experiencia relacionado institucion asegurar existir denuncia presentado academia pedir madre dafne fiscalia salir instalacion fennam alejandra quintos senalar desarrollo investigacion revelar detalle carpeta investigacion indicar existir novedad orden aprehension principal exigencia familia pedir voto confianza resultado expresar madre menor peticion personal fiscalia voto confianza autoridad avance alejandra quintos madre dafne joven perder vida academia militarizada ciudad madero tamaulipas milenio july jorge martinez
Twitter|https://x.com/GlobalEnergyMEX/status/2080005537555448186,Twitter,2,27,noticia quintana roo serfimex capital desplegar mdp proyecto solar bess peninsula informacion quintanaroo serfimexcapital savethedate pierdar congreso internacional energia tamaulipas bienvenida patrocinador calpro octubre expo tampico registrate
Twitter|https://x.com/Tino19K/status/2080004470490943522,Twitter,4,40,bro sfactor tampico comida activo duermar perro deber razon factor puebla creer hablar ciudad chica lejano facilitar monton llegar cdmx cocodrilos alien torta barda escuis hierro joder tampiyork joder antojaste torta agua jobito zanahoria vinagre alvvv rico jalate tampico amiguito
Medios|https://oem.com.mx/elsoldetampico/local/tras-cuatro-decadas-de-historia-el-hotel-montecarlo-de-tampico-es-puesto-a-la-venta-31230051,Medios,1,32,localmartes julio decada historia hotel montecarlo tampico venta abril presente ano cerro puerta hotel ramada zona centro ciudad yadira hernandez abril presente ano cerro puerta hotel ramada zona centro ciudad yadira hernandez
Twitter|https://x.com/olgapsosa/status/2079723988582891908,Twitter,2,52,tercero entrega distintivo hechoentampico unico municipio tamaulipas certificacion celebrar labor emprendedora emprendedor artesania producto servicio fortalecer identidad jaibo generar economia familiar impulsar mercado local reconocer vision administracion monica villarreal negocio local fortalecer lazo cooperacion impulsar tierra jaiba gracias eduardo manzur fortalecer accion pequeno empresa octavio torres fortalecer comercio animo tamaulipas saludo tula
Twitter|https://x.com/gruponoticiaspc/status/2079727989458165897,Twitter,1,10,firma monica villarreal pacto prosperidad justicia economica seguridad tampico leer
Twitter|https://x.com/olgapsosa/status/2079694099070738641,Twitter,1,1,triste
Twitter|https://x.com/meza_mebi630910/status/2080007864941248597,Twitter,2,10,cual enemigo numero relacion amoroso clave celular clave firmar divorcio
Medios|https://oem.com.mx/elsoldetampico/local/fiscalia-prioriza-esclarecer-como-murio-dafne-no-investigan-operacion-de-la-escuela-militarizada-donde-perdio-la-vida-31229905,Medios,1,27,localmartes julio fiscalia priorizo esclarecer morir dafne investigar operacion escuela militarizado perder vida establecer fecha autoridad prometer avance caso madre menor pedir joven presentar denuncia mariela macay
Twitter|https://x.com/VoxPopuliNoti/status/2079737565054128337,Twitter,1,21,firma monica villarreal pacto prosperidad justicia economica seguridad tampico iniciativa privado gobierno deber mano construir prosperidad compartido destacar alcaldesa tampico tamaulipas
Medios|https://oem.com.mx/elsoldetampico/local/fiscalia-tipifica-como-feminicidio-la-muerte-de-dafne-madre-exige-captura-inmediata-de-los-responsables-31232797,Medios,1,21,localmartes julio fiscalia tipificar feminicidio muerte dafne madre exigir captura inmediato responsable detenido joven ano morir academia militarizada doenitz yadira hernandez
Instagram|https://www.instagram.com/americo.villarreal/,Instagram,11,230,entregar estacionessegura region riberena tamaulipas miguel aleman camargo diaz ordaz reynosa iniciar construccion parque laguna escondida estrategia integral fortalecer seguridad guardia estatal preparado coordinacion federacion ejercito municipio seguir construir tamaulipas bienestar tamaulipas representante formar delegacion mexicana xxv juegos centroamericanos caribe orgullo representen mexico corazon alto entrega fuerza tierra exito enhorabuena agua dejar correr regadera casa cuidar faltar manana hablar dialogosconamerico facebook youtube tamaulipas mejorar conectividad destino turistico paralelo playa rehabilitar equipado carretera playa mejorado invitacion recorrer tamaulipas inversion conectividad inversion turismo liberar tortugaslora tortugasverdes hermoso costa tamaulipeco regresar mar representar esperanza compromiso conservacion biodiversidad llenar orgullo esfuerzo escapada hermoso playa pesca justo dia internacional conservacion ecosistema manglares asociacion recorrimos manglar lancha conocimos diversidad ave encontrar refugio ecosistema hogar tortuga lora tortuga verde proteger costa fundamental pesca depender mil familia tamaulipeca esperar excelente domingo recorrido constatar reforestacion mangle fortalecer valioso ecosistema seguir cuidar manglar fuente vida refugio millon ave residente migratorio saludo querido mante arrancar obra libramiento poniente mante gusto aca arrancar obra libramiento poniente mante fortalecer conectividad region libramiento nombre padre americo villarreal guerra construir ano corresponder impulsar desarrollo local generar oportunidad tamaulipecos conectividad traducir bienestar comenzar peticion senora alicia achutegui inaugurar pista estadio zaragoza mante joven deportista contar espacio digno seguir cumplir meta seguir invertir oportunidad juventud presente futuro estimada amiga amigo saludo carretera obra fortalecer conectividad acercar altiplano obra impulsir movilidad desarrollo oportunidad gente futuro mandar fuerte abrazo
Twitter|https://x.com/VigiaHidalgo/status/2079980424680620107,Twitter,2,69,prohiben redes sociales menores edad francia convertir pais union europea aprobar ley prohibir red social menor ano parlamento frances aprobar forma definitivo medida convertir francia pais europa establecer restriccion general ley entrar vigor septiembre existente aplicar usuario enero fuerte choque sierra hidalgo manana presentar fuerte accidente carretera comunidad vaquerias crucero metztitlan camioneta vehiculo particular impactar frente saldo percance vehicular reportar persona lesionado servicios emergencia encontrar valorar lesionado circule precaucion
Twitter|https://x.com/EleeseNoticias/status/2079745302286778701,Twitter,2,34,monica villarreal sellar compromiso clave futuro tampico pacto prosperidad justicia economica seguridad firme manana cdvictoria tamaulipas lucero martinez exigir justicia caso dafne llamar fortalecer proteccion infantil hora actuar garantizar futuro seguro nino cdvictoria tamaulipas
Instagram|https://www.instagram.com/p/DbE-EwBjWB0/,Instagram,1,97,fortalecer orgullo producir emprender crecer ciudad entrega distintivo tampico reconocimiento acreditar calidad compromiso identidad empresa impulsar desarrollo economico municipio ocasion empresa tampiquena recibir distintivo cumplir requisito establecido consolidar programa promover consumo local fortalecer competitividad abrir oportunidad producto servicio gusto compartir octavio torre steffano presidente concanaco servytur senadora olga patricia sosa ruiz secretaria economia tamaulipas ninfa cantu andar eduardo manzur manzur presidente canaco tampico refrendamos compromiso seguir impulsar talento capacidad productivo gente realizamos entrega engomado programa viernes mexicano iniciativa fortalecer comercio local tampico creer dia generar innovar crecer economia seguir empresa herramienta proyeccion continuar orgullo ciudad hechoentampico tampicotecuida
Twitter|https://x.com/XiomaraVargasTV/status/2080000519301369962,Twitter,2,94,memo ochoa anuncia retiro futbol profesional guillermo ochoa anunciar oficialmente retiro futbol profesional trayectoria ano cancha mexicano disputar copas mundo historico guardameta compartir emotivo video despedida agradecer familia companero aficionado carrera seleccionmexicana memoochoa guillermoochoa futbol retiro favor entienda dolor madre alejandra quintos suplicar ayuda sheinbaum declaracion presidenta claudia sheinbaum aclarar academia militarizada marina doenitz pertenecer defensa nacional investigacion corresponder gobierno tamaulipas alejandra quintos madre dafne lanzar desesperado llamado mandataria lagrima suplicar justicia hija pedir detencion persona academia julio asegurar autoridad tamaulipas actuar expresar desesperacion recurrir casodafne justiciaparadafne tamaulipas tampico madero altamira doenitz feminicidio cdmante
Medios|https://www.milenio.com/espectaculos/musica/amanda-miguel-tampico-2026-boletos-fecha,Medios,1,115,cantante amanda miguel regresar tamaulipas concierto expo tampico gira internacional mentir tour interpretar grande exito consolidar voz importante musica espanol artista argentino ofrecer espectaculo dirigido generacion seguidor acompanar trayectoria decada repertorio incluir emblematico cuando concierto amanda miguel tampico amanda miguel presentar tampico sabado septiembre hora rcnto expo tampico presentacion formar gira mentir tour recorrer distinto ciudad mexico latinoamerica cuanto costar boleto amanda miguel tampico boleto disponible precio zona zona fan pesos zona diamante pesos zona platino pesos zona oro pesos plata pesos grado precio corresponder costo base incluir cargo servicio aplicar boletera dondir comprar boleto boleto oficial showbizticket venta autorizado organizador recomendar comprar unicamente canal oficial evitar fraude adquisicion boleto apocrifo cancion cantar amanda miguel
YouTube|https://www.youtube.com/watch?v=HhpdtMt4chQ,YouTube,6,46,justicia sensible perdida jovencita deber quedar impune ojala apoyar familia remos agarrar refundar carcel culpable quiera pronto esclarecer caso culpable pagar vida nina fortaleza familiar amigo quedar impune muerte llegar consecuencia deber castigar severamente responsable deber pasar cualquiera mundo aplicacion impuesto delincuencia barco abuso extorcion infierno
Medios|https://amp.milenio.com/negocios/alsea-transformara-starbucks-por-bajas-ventas,Medios,1,100,empresa restaurante alsea informar impulsar estrategia transformar marca cafe starbucks mexico mercado importante enfrentar consumo llamada analista resultado trimestre empresa indicar planear apertura starbucks mexico ano remodelacion sistema venta orientado mejorar velocidad servicio starbucks enfocado reconstruir trafico iniciativa marca operativo asegurar federico rodriguez director finanza alsea enfatizar abril junio inversion capital millon pesos millon pesos equivalente ciento inversion destinar apertura unidad corporativo trimestre apertura acumulado renovacion remodelacion unidad existente marca operar compania reposicion equipo capex mantenimiento informar millon pesos restante destinar proyecto estrategico tecnologia mejora proceso proyectos digitalizacion alsea ampliar portafolio caso restaurante servicio completo informar impulsar actualizacion menu ofert
Medios|https://oem.com.mx/elsoldetampico/deportes/del-sur-de-tamaulipas-al-mar-mediterraneo-antonio-portales-se-despide-de-la-jaiba-brava-31229626,Medios,1,33,deportesmartes julio sur tamaulipas mar mediterraneo antonio portales despedir jaiba brava tampiqueno cerrar breve estancia club tamaulipeco previo iniciar apertura gustavo corona tampiqueno cerrar breve estancia club tamaulipeco previo iniciar apertura gustavo corona
TikTok|https://www.tiktok.com/@enconcretonoticias,TikTok,1,11,firma monica villarreal pacto prosperidad justicia economica seguridad tampico tampico villarreal
TikTok|https://www.tiktok.com/@monicavillarrealv,TikTok,1,15,junio traer muchisimos cambio mudanza faltar cosa casa convertir hogar casanueva hogar pareja mudanza vidareal
Twitter|https://x.com/gruponoticiaspc/status/2079758376586584190,Twitter,2,39,entrega monica villarreal tercero edicion distintivo tampico sumar empresa certificada encabezar tercero entrega distintivo tampico presidenta municipal monica villarreal anaya leer alianza impulsar seguridad confianza invertir tamaulipas coordinacion autoridad empresario sociedad civil proyectar principal estrategia enfrentar extorsion fortalecer leer
Twitter|https://x.com/VoxPopuliNoti/status/2079762898155376976,Twitter,1,21,entrega monica villarreal tercero edicion distintivo tampico sumar empresa certificada presidenta municipal subrayar marca tampico fortalecer sentido pertenencia identidad tampico tamaulipas
Medios|https://amp.milenio.com/policia/mas-de-350-pipas-decomisadas-a-ingemar-por-huachicol-fiscal,Medios,1,102,rafael marin mollinedo exdirector agencia nacional aduanas mexico hablar empresa ingemar ligado caso red huachicol fiscal grande mexico comentar detener forma evasion impuesto frontera puerto gracias lograr recaudacion record ano cabe recordar exgobernador baja california ernesto senalar socio mayoritario empresa razon detener semana decomisos ingemar remontar entrevista jaime nunez milenio television marin mollinedo informar llegar agencia nacional aduanas dedicar revisar recaudacion evasion aduana decomiso pantaco semana llegar aduana pantaco decomisar millon pesos mercancia pagar impuesto exdirector senalar agarrar buque conjunto secretaria seguridad proteccion ciudadana localizar estacionamiento guardar combustible detallar decomisar pipa tren vagon tren cantidad cruzar frontera litro capacidad litro sospechoso detuv
Twitter|https://x.com/laexpresionmx/status/2079770944336204280,Twitter,1,11,firma monica villarreal pacto prosperidad justicia economica seguridad tampico tamaulipas cdvictoria
Twitter|https://x.com/olgapsosa/status/2079760256259838353,Twitter,1,5,saludo hermoso puerto jaibo abasolo
Medios|https://oem.com.mx/elsoldetampico/local/familia-de-dafne-mantuvo-bloqueo-en-tampico-por-mas-de-12-horas-agradecieron-solidaridad-31236269,Medios,1,36,localmartes julio familia dafne mantener bloqueo tampico hora agradecer solidaridad anunciar marcha pacifico ciudad mante dia miercoles julo memoria joven ano mario cruces anunciar marcha pacifico ciudad mante dia miercoles julo memoria joven ano mario cruces
Medios|https://oem.com.mx/elsoldetampico/finanzas/dan-respiro-a-proveedores-de-pemex-en-tamaulipas-logran-cobrar-50-de-las-facturas-atrasadas-31227066,Medios,1,21,finanzasmartes julio respiro proveedor pemex tamaulipas lograr cobrar factura atrasado mayoria empresa recurso pagar deuda contraido incumplimiento empresa petrolero maria macias
YouTube|https://www.youtube.com/watch?v=yacWVHKuuaA,YouTube,1,16,avanza limpieza corrupto vivo morena viva mexico felicidades presidenta claudia equipo viva morena viva morena viva
Medios|https://amp.milenio.com/deportes/torneo-internacional-pesca-marlin-tampico-2026-fechas,Medios,1,95,importante derrama economico zona dejar torneo internacional pesca marlin ano tampico ano esperar participacion pescador deportivo leon veracruz san luis potosi baja california sur texas cuando torneo internacional pesca marlin tampico competencia pesca deportivo ano ano club yates tampico ocasion julio agosto calido agua golfo mexico pesca responsable buscar conservar especie marlin jorge moses coordinador competencia tarea cabo preservar especie respetar medida pulgada minimo promover categoria catch release tampico zona privilegiado pesca tamano semana jose luis kuri capturar marlin kilo competencia oficial augurar torneo buscar romper record oficial ostentar eduardo luis nader ejemplar kilogramo jetl
YouTube|https://www.youtube.com/watch?v=WisZ1JTFj-k,YouTube,4,50,muro conmemorativo bonito serio clausurar castigar responsable intencionalidad accidente accidente negligencia centro medico ignorar leccion grabe incompetencia responsable causo muerte resto nina casa preguntar villarreal importa preocupacion dea detras extradicion fue sargento acoso abuso amenazar nina agarrar alguien familiar banda escuela pacer sentar rigor abusar nina amenazar nina golpear nina
Medios|https://www.milenio.com/estados/bloqueo-tampico-caso-dafne-exigen-justicia-frente-fennam,Medios,1,74,cumplir hora bloqueo calle alvaro obregon zona centro tampico manifestante apoyar familia menor dafne zapata continuar bloqueo centro tampico grupo manifestante lograr cerrar calle justo encontrar oficina fennam pasar hora continuo familiares amigo dafne mover autoridad respuesta lograr esclarecer detencion presunto implicado pagar feminicidio ocurrir jueves noche academia militarizado doenitz manifestantes mantener exigencia justicia dafne pancarta consigna seguir colgado tendedero colocado calle pasamano escalera fennam direccion transito tampico invitar conductor tomar via alterno jetl
Medios|https://oem.com.mx/elsoldetampico/local/localizacion-de-personas-y-deteccion-de-explosivos-marina-reconoce-a-sus-binomios-caninos-en-el-dia-mundial-del-perro-31228407,Medios,1,25,localmartes julio localizacion persona deteccion explosivo marina reconocer binomio canino dia mundial perro julio ano celebrar dia perro reconocer importancia companero aliado canino juan hernandez
Facebook|https://www.facebook.com/monicavtampico/posts/pfbid02KemgvbaGVG1bEMudUVYsyrcceeNhCfXn8Z7WCJh8gCfLUaCUTPrgrmNpaUVfNZ66l,Facebook,4,44,historia jaiba brava vivir tampico ven revivir pasion unir generacion tampiquena tampiqueno descubrir jaiba brava formar identidad salon gobernadores expo tampico martes domingo entrada gratuito esperar celebrar pasion futbol tampicovacontodos hernandez rangel jorge experiencia imperdible apasionado futbol historia genial informacion balon uniforme exhibicion creativo
Medios|https://www.milenio.com/estados/tamaulipas-entrega-estaciones-seguras-frontera-eu,Medios,1,103,gobierno tamaulipas reforzar estrategia seguridad frontera norte entrega estacion seguro carretera riberena infraestructura destinado fortalecer vigilancia mejorar movilidad brindar proteccion transitar via estrategico comercio conectividad unidos inauguracion estacion segura valadeces gobernador americo villarreal anaya destacar accion formar esfuerzo coordinado orden gobierno contribuir seguridad frontera comun unidos senalar presidenta mananera pueblo asegurar frontera seguro frontera conviccion tamaulipas particular vigilancia movilidad seguro riberena formar esfuerzo comun participar federacion municipio ribereno estacion entregado representar inversion millon pesos constituir etapa proyecto contemplar construccion instalacion distribuido carretera correr par rio bravo especial atencion region franja fronterizo continuar gira frontera encabezar mesa construccion paz reynosa villarreal anaya subrayar coordinaci
Facebook|https://www.facebook.com/TampicoGob/videos/1510078683671111/,Facebook,2,17,inauguracion pavimentacion concreto hidraulico infraestructura hidrosanitaria colonia ninos heroes privada miramar colegio militar golfo mexico excelente presidenta
Facebook|https://www.facebook.com/reel/919433687845721/,Facebook,4,17,ano espera pavimentacion privada miramar colonia ninos heroes realidad compromiso cumplido labor presidenta hablar felicidad lic monica
Medios|https://www.milenio.com/opinion/editoriales/se-dice-en-la-grilla-tamaulipas/la-grilla_1228,Medios,1,113,tampico elegir firma pacto prosperidad justicia economica seguridad alianza canaco nivel nacional suscribir presidente octavio torre steffano alcaldesa monica villarreal anaya puerto jaibo consolidar referente estatal materia economico nivel nacional evento caracter nacional reunir presidente canaco tampico eduardo manzur jorge charles coll observatorio ciudadano alcaldesa anfitrion acudir funcionario diputada ursula salazar mojica senadora olga sosa ruiz trabajador ayuntamiento tampico sorprender pasillo presidencia municipal omar hernandez leines exgerente general comapa altamira afirmar obra buscar cargo cabo experiencia area transito puerto administracion magdalena peraza comisionado servicios publicos vladimir castellanos volver activo territorio colonia edil morenista entender generar proyeccion aunado labor reconocer nivel estatal tocar sufrir seguir voz mujer legislador impulsar ley dafne diputado alberto moctezuma
Twitter|https://x.com/VaxTamaulipas/status/2079989437291753556,Twitter,2,35,cdmx reynosa cdvictorio matamoros tomenles foto reynosa ocupa mesas coordinacion paz gobernador dejar coordinar crimen gobierno mesa misa domingo narcoestado laico cdmx tampico cdvictorio mtyfollow deberian detenido someter torturas dafne construirle caracter sistematico disfrazado disciplina
Twitter|https://x.com/LaRedAltamiraMx/status/2079907568655151238,Twitter,2,53,red entrega monica tercero edicion distintivo tampico encabezar tercero entrega distintivo tampico presidenta municipal monica villarreal anaya destacar crecimiento consolidacion programa integrar empresa local convertir estrategia fortalecer identidad productivo municipio promover consumo local impulsar desarrollo competitividad negocio tampiqueno invitamos leer nota completo dando click link web somoslared estamosentodaspart red resumen informativo miercoles julio
Facebook|https://www.facebook.com/monicavtampico/posts/pfbid0fDaFgWHUma9JERTHCzUmRgJRY96sPrwLQtYjbtzvfDTJJXoE2GeUi1nFomYBNGhBl,Facebook,4,71,ano familia privada miramar esperar calle transformado anhelo finalmente realidad pavimentacion concreto hidraulico renovacion infraestructura hidrosanitaria entregamos obra mejorar movilidad brindar seguridad elevar calidad vida vivir transitar colonia ninos heroes obra realizamos representar compromiso cumplido muestra atender necesidad ano permanecer pendiente seguir responsabilidad cercania bienestar colonia tampico transformar seguir construir ciudad cuidar gente tampicotecuida genial presidenta activo presidenta monica villarreal cumplir compromiso ano esperar vecino colonia contar calle pavimentada realidad cumplir
Twitter|https://x.com/GoldenBear0991/status/2079971743163166804,Twitter,1,22,tampico totalmente reprobable grupo argentino quintana roo mexico bajar bandera mexico colocar bandera argentina parecer falta respeto pais amablemente abrir puerta sujeto
Twitter|https://x.com/MundoTamaulipas/status/2079913560621076683,Twitter,3,32,tampico entrega villarreal tercera distintivos hecho tampico suman empresas atencion campana argentino lanzar plataforma digital solicitar repeticion final mundial argentina espana derrota seleccionado sudamericano superar firma tamaulipas evaluar resultados permite fortalecer salud
Twitter|https://x.com/dect1608/status/2079974945547751721,Twitter,2,22,hospital general tampico entrar etapa final registrar ciento avance ultimahora tampico sheinbaum deslindar caso dafne dejar responsabilidad gobierno fiscalia general justicia tamaulipas
Instagram|https://www.instagram.com/p/DbGM9GbDBu_/,Instagram,1,30,historia jaiba brava vivir tampico ven revivir pasion unir generacion tampiquena tampiqueno descubrir jaiba brava formar identidad salon gobernadores expo tampico martes domingo entrada gratuito esperar celebrar pasion futbol tampicovacontodo
Medios|https://www.milenio.com/estados/claudia-sheinbaum-pide-revisar-escuela-militares-tamaulipas,Medios,1,105,lamentable registrado viernes dafne perder vida academia militar doenitz campamento verano ciudad madero presidenta claudia sheinbaum pedir revision escuela militar tamaulipas sheinbaum pedir revisar escuela militarizado muerte dafne tamaulipas conferencia prensa matutina ocasion san pedro totoltepec mexico mandataria precisar caso gobierno tamaulipas deber revision presidenta republica cuestionar investigacion caso dafne institucion academico caracter militar senalar necesario tamaulipas investigar registrado revision escuela militarizado operar justicia caso tamaulipas gobierno deber investigacion revisar operar centro justicia obviamente caso expresar pertenecer autoridad militar asimismo sheinbaum afirmar centro depender secretaria defensa institucion formacion base militar depender secretaria defensa centro estatal educacion formacion base estricto disciplina caso dafne joven morir durar
Twitter|https://x.com/XiomaraVargasTV/status/2079984045262602630,Twitter,2,157,ultimahora sheinbaum aclarar academia doenitz pertenece defensa presidenta claudia sheinbaum afirmar academia militarizada marina doenitz fallecer dafne zapata formar secretaria defensa nacional explicar tratar centro estatal formacion base militar senalar corresponder investigar ocurrido revisar operar institucion garantizar justicia caso casodafne justiciaparadafne doenitz ciudadmadero tampico madero altamira farsa doenitz opero anos uniformes grados formacion cuestionamiento manana presidenta claudia sheinbaum pardo aclarar academia militarizada marina doenitz pertenecer defensa nacional investigacion muerte dafne zapata corresponder autoridad gobierno tamaulipas avanzar investigacion aumentar cuestionamiento institucion academia presentar plantel formacion militar operar institucion privado acuerdo informacion disponible acreditar publicamente plantilla docente contar especialidad instruccion militar aspecto generar duda papel director jorge luis ponce ano presentar publicamente comandante utilizar uniforme militar evento oficial padre familia acto conmemorativo aniversario dia marina junio ciudad madero aparecer alcalde erasmo gonzalez robledo informacion publico trayectoria senalar arquitecto profesion contar maestria administracion empresas acreditar publicamente pertenecer fuerzas armadas contar trayectoria militar oficial autopsia confirmar dafne zapata fallecer asfixia sumer
Medios|https://www.milenio.com/policia/investigan-a-mas-implicados-en-secuestro-de-empresario-en-reynosa,Medios,1,102,policia implicado caso secuestro extorsion empresario municipio reynosa acuerdo investigacion fiscalia general justicia tamaulipas jesus eduardo govea orozco fiscal general explicar denuncia caso ocurrido mayo ano esposa victima elemento guardia estatal forma directo fiscalia tamaulipas ampliar investigacion explicar ampliar indagatoria establecer numero participante implicado delegado seguridad publica reynosa investigacion iniciar investigacion denuncia directo elemento guardia estatal objeto investigacion determinar cuanto cantidad servidor publico participar intervencion omision aclarar empresario denunciar secuestro extorsion reynosa ocurrir mayo empresario secuestrar reynosa hombre armado custodiado patrulla estatal golpear extorsionado cumplir pago inicial dolares victima denunciar participacion agente estatal robar domicilio sembrar evidencia equipo oficial liberar afectado pago
Twitter|https://x.com/rubenrivera/status/2079997421950558368,Twitter,2,30,maquina mantener impulso victoria remontado ebere decantar triunfo azulporsiempre estimado grupoconocedor protegete clima tampico beber agua regularidad sombrero ropa ligero protector solar alto spf evitar esfuerzo aire libre horas calor
Facebook|https://www.facebook.com/monicavtampico/videos/1350275783279010/,Facebook,3,16,episodio podcast miercoles mostrarer sistema dif tampico favor familia tampiquenas acompanano excelente equipo sistema dif tampico
Twitter|https://x.com/elsolde_tampico/status/2079997404011692428,Twitter,1,37,fifa jugador copa mundo encabezado mbappe messi erling braut haaland vozinha lograr entrar ideal copa mundo carrera entrar quedar ideal copa mundo fifa revelar equipo estelar torneo grande sorpresa dominacion europeo ausencia figura brillar certamen acuerdo elegido
Twitter|https://x.com/IPSSET_TAM/status/2079970779119120468,Twitter,1,16,ingresar ipssetexpress evitar traslado ventanilla espera tramite instituto gratuito ipssetcuidadeti tamaulipas cdvictoria nuevolaredo reynosa matamoros tampico
Twitter|https://x.com/AISportPredicts/status/2079971068370903225,Twitter,1,18,transfer juan antonio portales villarreal omonia maiou juan antonio portales villarreal tampico madero omonia maiou free transfer true
Twitter|https://x.com/elsolde_tampico/status/2079972123422990720,Twitter,1,19,circulacion cerrado sentido carretera estatal marina movimiento tuberia acueducto guadalupe victoria prever cierre lapso aproximado hora medio kilometro sspt
Twitter|https://x.com/ElStandardDeTam/status/2079973656931823880,Twitter,2,52,tamaulipas investigar feminicidio dafne describir indagatoria apegado proceso cdvictoria tampico madero mante reynosa tula matamoros nuevolaredo altamira tamaulipas madre dafne alejandraquintos solicitar apoyo presidenta favor suplicir justicia madre entender dolor claudia sheimbaum absolutamente julio academia militarizado doentiz asuman consecuencia conforme ley suplicir favor cdvictoria tampico mante reynosa matamoros altamira nuevolaredo cdmx monterrey
Twitter|https://x.com/puntoporpuntomx/status/2079974366863823352,Twitter,1,18,manana miercoles registrar choque frontal camioneta vehiculo particular carretera tramo comprendido comunidad vaquerias crucero metztitlan cuerpos emergencia encontrar
Twitter|https://x.com/Mercy14920272/status/2079990523461275855,Twitter,2,15,acuerdir nosoyfigurapublico traicionar zas resultar come santos cagar diablo mirar andar caso dafne tampico tamps
Medios|https://oem.com.mx/elsoldetampico/local/caso-dafne-sheinbaum-solicita-revisar-como-operan-las-escuelas-militarizadas-en-tamaulipas-31241596,Medios,1,26,localmiercoles julio caso dafne sheinbaum solicitar revisar operar escuela militarizado tamaulipas mama dafne acudir gimnasio hija soler entrenar recoger pertenencia mariela macay antonio sosa sol tampico
YouTube|https://www.youtube.com/watch?v=74vJ-wSmYVs,YouTube,19,234,verguenza deber autoridad tamaulipas caso dafne detenido mama mandar autopsia particular fue homicidio unir alumno alumno testimonio denuncia victima agresion fisico agresion sexual dano psicologico tortura pasar ano seguir trauma joven destruir infancia destruir vida justicia dafne victima academia militarizada marina doenitz exigir carcel culpable presidente madero compadre director erasmo gonzalez jorge luis ponce facil resolver caso querer valer tamaulipas estupidez maximo autoridad medio gobierno maldito basura gobierno andar pedir apoyo presidenta corresponder tamaulipa republica necesitar oido sordo grande ayudar familia dafne justicia madre respuesta penar mexico viejo verguenza salvacion mujer apoyo madre dafne presidentar republica deber exigir aclarar detener culpable orden bastar detener detener osea valer pato merlin dedicar hora homicidio menor carpetazo pato merlin casa senora presidenta pedir meta precion caer responsable lamentable mete precion asegurar aclarar buscar asesino ara justicia caso actuar pinche biejo hija pta madre hija votar perdon groseria solidario mama neto viejo mames ten empatia minimo ten presente citlalli mujer ocupar maldito mendigo impotencia senora pesame sentido exprese verguenza respuesta abrir carpeta investigacion chiste contar respuesta desinteresado presionar presidenta pregunta assesinato preguntar centro educacion militar diji pertenecer sedena corresponder centro educion referir nina particular autorizacion escuela quot formacion sep deber permiso ejercer escuela clinica belleza cirugia gobierno federal estatal quitar responsabilidad permiso inutil entoncser chalan inutil permite tanta ratero mario delgado dirige sep alumnos certificados oficialser clasico gobierno comunista socialista franciscano narco elegido pueblo mexicano aparte dejar agachon
Twitter|https://x.com/ximenameraz05/status/2079975544825745793,Twitter,1,6,llegar tampico querer tragadon buffet kurai
Twitter|https://x.com/krico_m60516/status/2080003375299473601,Twitter,2,12,bonito miercoles bonito rico cachetero luz tremendo culazo encantar mamito saludo tampico
Twitter|https://x.com/elsolde_tampico/status/2079978840349134884,Twitter,2,30,dafne fallecer asfixia acuerdo certificado medico denunciado madre escuela militarizado ciudadmadero sol toluca semana migrant mexicano perder vida operativo ice embajada mexico unidos transmitir denuncia formal caso solicitud abrir investigacion
Twitter|https://x.com/HOYTamaulipas/status/2079979567272378481,Twitter,2,10,tampico fortalecer estrategia extorsion exalumno academia doenitz denunciar presunto maltrato
Twitter|https://x.com/OlveraPablo15/status/2080009123978965154,Twitter,2,30,comentir edad atraer aparte fisico fantasia sincero claro realista urgido exagerado monton atte luna hades saludos ano tampico parecer lindas pierna cadera luna encantar poderlos disfrutar vivo mandar fuerte abrazo
Twitter|https://x.com/SEGIAGUA/status/2079981214463606784,Twitter,2,34,brigadasegiagua desazolve equipo hidroneumatico puerto zihuatanejo puerto tampico camino san juan aragon colonia ampliacion casas aleman accionessegiagua brigadasegiagua desazolve limpieza accesorio hidraulico enav ano juarez calle calz ermita iztapalapa colonia granjas san antonio accionessegiagua
Twitter|https://x.com/HOYTamaulipas/status/2079981567921844276,Twitter,2,13,recibir monica villarreal presidente concanaco servytur mexico tampico supervisa americo rescate laguna escondida
Medios|https://www.milenio.com/estados/pemex-paga-adeudos-a-proveedores-de-tampico,Medios,1,105,petroleos mexicanos pemex empezar solventar adeudo arrastrado proveedor ubicado tampico region conurbado sur tamaulipas empresa dedicado sector hidrocarburo reportar organismo privado recibir pasivo especificar monto empresa publico enviar propietario micro pequeno mediano compania colaborar programa mantenimiento proyecto cluster energia industria cegistam esperar mes resto asociado involucrado situacion beneficiado paraestatal omitir forma directo organismo privado plataforma transparencia avance pago deuda titular cesar reyes mencionar afiliado lograr salir problematica impactar decada empresa recibir pago adeudo pemex firma zona sur tamaulipas atravesar situacion mitad pagar completo monto venir arrastrar indicar representante sector productivo directivo aclarar exactitud numero pyme liquidar pasivo cual cantidad entregar checar pagina oficial empresa publico
Twitter|https://x.com/elsolde_tampico/status/2079982305318424715,Twitter,1,15,salida mercado sumar cierre hotel ramada conocido hotel mision dejar operar finales abril ano tampico
Twitter|https://x.com/MilenioTam/status/2079983083466481745,Twitter,1,5,pemex pagar adeudo pyme tampico
Twitter|https://x.com/arion_tam/status/2079983135127638470,Twitter,1,4,escuchar tampico sueno sonar
Medios|https://www.milenio.com/estados/cosecha-de-sorgo-en-tamaulipas-concluye-en-medio-de-una-crisis,Medios,1,109,lluvia permitir concluir trilla sorgo norte tamaulipas cierre cosecha dejar descubierto crisis alla campo rentabilidad incremento costo produccion reduccion superficie sembrado marcar ciclo complicado productor valle hermoso agricultor terminado labor cosecha semana mayoria concluir levantamiento cultivo acuerdo union agricola regional norte tamaulipas gerente juan manuel salinas comentar productor obtener ganancia comercializacion grano balance economico desfavorable serie condicion prevalecer ciclo agricola produccion sorgo enfrentar rentabilidad alto costo panorama cultivo continuar complejo datos servicio informacion agroalimentaria indicar tamaulipas aportar sorgo producir pais millon tonelada cosechado ciclo sector enfrentar disminucion importante superficie sembrado consecuencia elevado costo insumo precio pagado productor acuerdo dirigente liga comunidades agrarias sindicatos campesinos raul garcia vallejo hectarea dejar
Twitter|https://x.com/red_crucero/status/2079984640522096984,Twitter,2,16,mera neta cuidado china frontera reynosa persistir alerta laredo tampico mejorar situacion cronica escenario chairo ursula
Twitter|https://x.com/VoxPopuliNoti/status/2079987906970521766,Twitter,2,36,recibir monica villarreal presidente concanaco servytur mexico tampico encabezar jornada firmar pacto prosperidad justicia economica seguridad tampico tamaulipas mrbeast thea booysen compartir tierno foto boda creador contenido escritora compartir imagen enlace rodeado familiar amigo cercano espectaculos
Twitter|https://x.com/TampicoViral/status/2079988788382581105,Twitter,1,25,lavar mano claudia sheinbaum precisar academia doenitz pertenecer defensa responsabilidad americo villarreal justicia dafne zapata quintos ciudad mante ciudad madero tampico altamira tamaulipas tampico tamaulipas
Twitter|https://x.com/TampicoViral/status/2080004822393106743,Twitter,1,53,video alejandra quintos mama dafne zapata quintos pedir ayuda claudia sheinbaum justicia dafne zapata quintos noticia academia doenitz ciudad madero tampico tamaulipas editar tiktok censurar video palabra alejandra lavar mano claudia sheinbaum precisar academia doenitz pertenecer defensa responsabilidad americo villarreal justicia dafne zapata quintos ciudad mante ciudad madero tampico altamira tamaulipas tampico tamaulipas
YouTube|https://www.youtube.com/watch?v=-6xw-o-yHCs,YouTube,6,32,mugrena nido rata corrupto peor priand adoctrinado dinamarca vacacion programa repetido gobernador vinculado delincuencia bola corrupto torre babel arca alianza marino pilar torre torrr narco ratas bienestar morena puro santito pertenecer narcopartido
Twitter|https://x.com/elsolde_tampico/status/2079989854058709385,Twitter,1,10,eleccion nicaragua alto comisionado onu condenar firmemente represion libertad civil
Twitter|https://x.com/Leonard0178/status/2080001169863106774,Twitter,2,5,playa tampico parecer playa miramar
Medios|https://www.milenio.com/negocios/ponen-a-la-venta-hotel-montecarlo-de-tampico,Medios,1,107,hotel montecarlo estancia tradicional centro tampico venta directivo oferta abrir empresario mantener marca establecimiento ano operacion administracion publicamente buscar capital conservar funcionamiento habitacion salon evento permitir persona mantener continuar servicio huesped periodo vacacional verano decision venta establecimiento tomar cuidadoso consideracion administracion actual compromiso encontrar empresario inversionista buscar continuidad oportunidad montecarlo aire renovado seguir potenciar oferta hotelero sur tamaulipas declarar aviso oficial contener edificio nivel cuyo recepcion cesar lopez lara estacionamiento posterior cuyo acceso salida calle altamira contar restaurante bar oficina cocina industrial garantizar seguridad videovigilancia hereditario asunto personal decidir vender edificio completo indicar jorge maron ceja presidente asociacion hoteles anadir negocio formar referido organismo privado entrar mer
Twitter|https://x.com/MilenioTam/status/2079992918547283992,Twitter,2,15,administracion buscar empresario inversionista adquierar emblematico estancia hospital imss bienestar ciudad madero reportar avance ciento
YouTube|https://www.youtube.com/watch?v=VCIwts1xO9M,YouTube,11,82,corrupcion preocupir habrio carpeta investigacion crear hipocrita entrevistar asu conveniencia presidenta autoridad feminista defender genero orgulloso mujer odiar peor acoso lavar cerebro baboso dejad rato perder interes feminista mujer mujer mmmm tranquilo respuesta votar presidencia republica maximo autoridad pais bonito veia aflojar nalguita naturaleza mujer dejame acosar balazo madraso beso abrazo complicidad ejercito evidente exijo dea proceda judicialmente morena asociados urgente urgente urgente escuelas dirije sedena centros estatal deber demostrar querer justicia cancion futbol dejar nina jugar futbol nina edad jugar futbol
Twitter|https://x.com/MarianaSot9eis/status/2079994586185773378,Twitter,1,9,excelente noticia hospital general tampico ciento avance salud tamaulipas
Twitter|https://x.com/MarianaSot9eis/status/2079995359133073568,Twitter,1,11,excelente noticia hospital general tampico ciento avance salud tamaulipecos felicidades gobernador
Twitter|https://x.com/CamilaOrtetfsx/status/2079997176915091535,Twitter,1,10,orgullo avanzar infraestructura salud tampico gracias priorizar importante salud pueblo
Twitter|https://x.com/AlejandroHD1/status/2079997430393610522,Twitter,1,2,tampico favor
Twitter|https://x.com/Luciohernaoba/status/2079998399584010636,Twitter,1,10,obra llenar esperanza hospital general tampico pronto serar realidad enhorabuena
Twitter|https://x.com/Marcelinabwu/status/2079998906964803857,Twitter,1,9,progreso tangible salud tampico tamaulipas ganar hospital terminado gobernador
Twitter|https://x.com/CamposVero38033/status/2080000095437697206,Twitter,1,8,necesitar gente hospital moderno funcional felicidades logro tampico
Twitter|https://x.com/GoldenBear0991/status/2080002707142721975,Twitter,2,10,ingenuidad inexplicable eua rescatar tampico ingenuidad inexplicable eua rescatar reynosa
Twitter|https://x.com/elsolde_tampico/status/2080004616259854373,Twitter,1,19,inmueble albergar ihop avenida hidalgo entrar proceso remodelacion desmantelacion comenzar crecer expectativa negocio abrir puerta teresa macias sol tampico
Twitter|https://x.com/elsolde_tampico/status/2080004956481110351,Twitter,1,14,lunes narcotraficante exfundador cartel sinaloa condenar cadena perpetua titular secretaria seguridad proteccion ciudadana informar
Twitter|https://x.com/88hh8888/status/2080006720638640573,Twitter,1,23,buscar youtube encontrar video lamentable caso traspasar vident creer atar cabo vean realidad entorno famoso vidente subir video madero tampico uds buscar lamentable
Twitter|https://x.com/elsolde_tampico/status/2080009545988866261,Twitter,1,6,muere rocky perro arrastrar camioneta saltillo
Twitter|https://x.com/MonicaVTampico/status/2080014861321285643,Twitter,1,20,ano espera entregar pavimentacion privada miramar colonia ninos heroes concreto hidraulico infraestructura hidrosanitaria seguir transformar colonia obra mejorar calidad vida
Twitter|https://x.com/TampicoGob/status/2080015825151352956,Twitter,1,18,invitar recorrer alas libertad exposicion fotografico celebrar belleza ave parque semana disfrutar recorrido guiado gratuito especie enriquecer entorno
Medios|https://www.milenio.com/policia/entregan-cuatro-estaciones-seguras-en-frontera-de-tamaulipas,Medios,1,110,entrar estacion seguro seguridad region fronterizo fortalecer proteccion tamaulipas atencion ciudadania via terrestre oficina estancia acondicionamiento fisico personal guardia estatal estacion seguro seguridad tamaulipas gobernador tamaulipas americo villarreal anaya entregar estacion seguro region fronterizo camargo miguel aleman reynosa norte valadeces inversion millon pesos construccion metro cuadrado cuantos estacion contemplar frente estacion ubicado municipio gustavo diaz ordaz mandatario estatal cortar liston inaugurar instalacion fase proyecto contemplar seguro ubicar kilometro laredo matamoros construido terreno metro cuadrado contar espacio atencion persona usuario via terrestre oficina estancia acondicionamiento fisico personal guardia estatal respuesta autoridad despliegue territorial permitir brindar respuesta inmediato emergencia monitoreo continuo principal carretera asimismo gobernador colocar piedra segura laguna escondida municipio reynosa
YouTube|https://www.youtube.com/watch?v=mrbG5c5flHc,YouTube,22,279,presidenta necesario rebizar centro preparacion cual objetivo errar presidenta directivo dueno naval militar temblar mano justicia descerebrado caso daftme justicia presidenta ojala caer peso ley tamaulipas nepotismo cartel gobernador san luis potosi monreal familia claudia sheinbaum pardo omar garcia compliz recibir dinero lamentable triste caso romper corazon familia pedir justicia gobierno capaz responsable pais derecho director academia luis ponce complice arrestar terminarir carcel investigacion juicio correspondiente paralelo marina cerrar academia militar arrancar investigacion caso dafne canario mina realidad enfrentar tamaulipas mexico gobernar morena justicia familia mantener larga atole dedo marina mal fijensir controlar marina funcionar causar muerte mexicano huachicol fiscal pasar muerto descarrilamiento tren interoceanico nina dafne malo defender seguir encubrir marina mama chamaca exige presidenta encuentre asesinos hija aceptar responsabilidad inscribio hija escuela militarizada cuandi disciplina militar rigida parecer presidenta acabar caso dafne hacerce pendejo gobierno inutil corrupto centro estatal tortura claudia lagartija importar gente mexico situacion pais tecnologia mundo pais cientifico destacado estudiante quedar investigacion calmir exigencia madre gente autoridad obtener ganancia puro corrupcion prueba prueba andar suelto importar parecer caso guarderia abc parir asesinato desaparicion revisar orden autoridades gerarquia quedar impune edte valer madre muerte nina madre apoyo muerte nina palabra empatia operar supervision cometer presunto crimen demasiado irregularidad investigacion fiscalia republica coludido gobierno tamaulipas operar supervision pasar fiscalia general republica tamaulipas capacidad exigir video hablar escuela pasar dafne tono hablar inteligencia artificial respuesta fasil pasar investigar fiscalia guerrero denuncia justicia revisen zona militar base naval guerrero visitar zona militar base naval trato soldado cualquiera vestir uniforme pertenecer fuerza armado comprarn uniforme delincuente vestir deilitar prohibir uniforme presidentar respeto pueblo mexico mexicanos consentia amplio etica filosofia profesion gente galar oreja cadaunicipoo gente querer destitullelos gente querer
Medios|https://www.milenio.com/comunidad/feria-de-regreso-a-clases-2026-lugares-fechas-y-que-encontraras,Medios,1,114,proposito aliviar carga economico representar inicio escolar hogar mexicano procuraduria federal consumidor profeco anunciar feria regreso clases evento masivo cabo sed distribuido pais evento familia encontrar amplio gama producto indispensable regreso clase descuento precio accesibl abarcar util escolar cuaderno libro mochila calzado indumentaria uniforme plan servicio telecomunicacion ofrecer servcio asesoramiento gratuito familia rubro feria regreso clases tratar esfuerzo conjunto coordinado profeco proveedor local nacional ofrecer producto escolar precio justo importante descuento objetivo central cuidar economia familia mexicano asegurar adquirir necesario lista utiles precio regulado articulo producto encontrar fecha sed feria mexico ofrecer variedad producto servicio gratuito acompanamiento familia facil preparado regreso clase cosa podrar encontrar util escolar cuadernos lapices color pluma juego geometria mate
YouTube|https://www.youtube.com/watch?v=Npf1G0RQF80,YouTube,17,173,escuchar opositores organismos dafne fallecio pertenecen gobierno escuchar nien opositorser agrupacion pertenece ejercito marina resulta sep pendiente escuela roma camino roma mexico camino zangano narco politico prostituta autoridad farsa abuso extorsion terrorismo cremacion lagrima derramar ruperta clase politico arrastrado afectar narco disturbio terrorista pandemia vacunar enriquecer empoderar ruperta tuerta clase politico narco fallido deber neutralizar despojado misericordia crimen lesa humanidad defensa pertenecer academia doenitz nombre doenitz esperar karl doenitz importante fallecimiento nina tragedia colegio depender defensa patetico palabra valer madre querer ayudar familia salvar ejercito osea importar fallecer escuela operar escuelita comentario negativo caso llegir presidenta mira creer convenir seguir inconformidad exigir justicia dafen familia formacion llegir presidenta caso nino abuso nina inaudito castigar deber acto suceder padre complacer hijo repartan imajinir doctor obtener titulo centro salud guvernamental abrir clinica particular norma igul ala secretaria salud publicar explicar federico barajeo despacio imaginense algun partido oposicion detener otorgar permiso cosa presidente calmado firme orden gobernador tamaulipas hablar gobierno captar importar querer gobierno corresponder descartar partenecierar independiente madre nina colombiano barraca mujer valiente gobierno mover
Medios|https://www.milenio.com/deportes/tenis/maja-chwalinska-jugara-el-wta-de-guadalajara-2026,Medios,1,107,tenista polaco maja chwalinska disputar torneo guadalajara impulso convertir grande revelacion circuito femenil ano llegar jalisco principal aspirante titulo respaldado carrera llegar tenista temporada giro roland garros sorprender alcanzar final superar fase clasificacion camino enlazar victoria consecutivo dejar jugadora experiencia elise mertens maria sakkari anna kalinskaya caer disputa campeonato resultado permitir escalar puesto ranking mundial posicion trayectoria ubicar clasificacion wta ano conquistar wta oeiras portugal confirmar nivel atravesar visita previo mexico estreno certamen tapatio polaca tenis mexicano participar torneo merida avanzar fase clasificacion ronda accion wta tampico volver mexico perfil completamente distinto jugadora buscar camino integrante top mundial experiencia disputar final grand slam numero respaldar crecimiento chwalinska
YouTube|https://www.youtube.com/watch?v=NumH7jU-Fxk,YouTube,1,6,ano presupuesto puerto mezquital mugroso dema
YouTube|https://www.youtube.com/watch?v=_udzvP181fs,YouTube,10,97,pedir mentiroso notar querer acaso entender escuela militarizadas militar entiendar diferencia supervisar dejar nombre quot control medio seguir operar cual estricto disciplina escuela deber estricto disciplina apegar derecho ley educacion llamar disciplina estricto clasica basura gobierno director directora federal estatal cargo proceso hipocresia respuesta claudia sheinbaum uniforme militarizado colegio registrado ala sdn presidente empatico preocupado expresion horrorizado acaso sionista insensible presidente obrador atender caso directamente girar orden directo ley castigar pueblo ordenar entender parecer lavar mano pilatos tamaulipas echar pelota gobernador americo villarreal tons mexico llamar astar trajedia atencion preguntar profesor quito vida idiotez apoyar denuncia falso
YouTube|https://www.youtube.com/watch?v=rDdHK4tJ95Q,YouTube,1,10,excelente decion inversion nacional fortaleser economia local consumir lonacional viva
Medios|https://www.milenio.com/policia/detienen-personas-armas-cargadores-ocultos-bocinas,Medios,1,98,persona detener elemento fiscalia general republica fgr carretera ciudad haberles localizar arma fuego cargador oculto cabina batea interior bocina portatil detenido originario veracruz denuncia anonimo autoridad lograr detener persona originario veracruz altura kilometro municipio gonzalez concurrido carretera equipo sonido mantener interior arma cartucho inspeccion vehiculo viajar asegurar arma fuego cargador localizado oculto cabina batea interior bocina portatil persona detenido vehiculo armamento asegurado disposicion ministerio publico federal continuar investigacion determinar probable relacion delictivo denunciar forma anonimo fgr fgr red social senalar constantemente participacion ciudadania fundamental prevenir combatir delito exhortar comunidad detectar situacion sospechoso denuncien forma anonimo caso emergencia jetl
TikTok|https://www.tiktok.com/@tamaulipashabla,TikTok,1,15,tamaulipas sheinbaum pardo deslindar caso dafne pasar pelota gobierno tamaulipas encabezado villarreal elmante tampico cdmadero
YouTube|https://www.youtube.com/watch?v=ttl3x5Bq51c,YouTube,19,343,fin invertir infraestructura mexico vivar clic noticia julio cruce interoceanico exito llegar unidos pasar corredor istmo ano abrir publico museo teotihuacan recuperar pieza arqueologico concluir fase modernizacion metro cetram universidad preparar fase mes terminar listo tren carga tren maya quintana roo grande rio contaminado limpiar recuperar mexico historico pasar corredor interoceanico mil vehiculo hyundai tren ano avance obra historico pasar corredor interoceanico mil vehiculo claro hospital medicina puro cortina humo asar hospital gente humanista privado gratis hospital feicidades mexico atender persona escribir mision medico enfermera personal administrativo operativo felicidades practicamente destruido sistema hospitalario chingar cabron ladron prian deberiar carcel pais robar avance gigantesco peor seguir intencion volver dinero nacion parar banco extranjero preferible politico servicio ayuda pobre error garrafal preocupar abasto medicina desabasto medicamento deber denunciar venta ilegal medicamento robar vender calle denuncier corrupto entender construir hospital existente innumerable deficiencia instalacion servicio ofrecer opinion construccion deber ocurrir hospital pais ojala surtir medicamento servir medicamento resuelir desabasto ojala tomar entrada redondel unidos pequeno pesimos espacio estacionamiento casa permitir estacionar auto cubeta piedra franelero robar auto pagar rayar auto elevador seguro plaza aragon elevador paciente cuarto vivir claudia sheimbaun presidenta mexico claro vivir amlo presidente mexico ano oposicion ardar duelar viva amlo servir moderno medicamento gratis aparato estudio particular morir familiar ultrasonido laboratorio tomografia particular oxigeno deber comprar oxigeno caso tulancingo tepeapulco hidalgo falta cuautepec hinojosa hidalgo gratis discapacitado adulto deber personal titulado hijo sufrir infarto cerebro estupido doctor nadama veian presion infarto final nadama idiots nifedipino aspirina baboso bajar rapido chingado pasar doctor servir deber servicio supervisado doctor experiencia servir controlar diabetes mama derrame caminar necesitar oxigeno vida alta dia hermana caminar oxigeno neurologa chafa tulancingo quito presion estupido nuera comprar checar presion tenia propenso infarto porqueria doctor bienestar tulancingo valer vrg tia bajar azucar fallecer primo casa tenia subir fallecer necesidad espacio hospitalario partar millon mexicano derecho establecido mirar pais grandeza posibilidad actual regimen planeacion construccion inmueble gracia seguro utilizar fortuna espacio atencion valer pena contribuir etapa productivo impuesto excelente gracias gracias presidenta equipo acompanar obra personal atender seguir amor esmero zona huehuetoca
Medios|https://www.milenio.com/estados/tormenta-tropical-bertha-provocara-lluvias-tamaulipas,Medios,1,117,resto tormenta tropical bertha provocar incremento temporal potencial lluvia diverso region tamaulipas noche jueves manana viernes informar coordinacion estatal proteccion civil acuerdo pronostico sistema tropical desplazar costa texas jueves debilitar gradualmente prever intensificacion adicional zona tamaulipas afectar tormenta tropical bertha centro ciclon impactar directamente tamaulipas dependencia estatal senalar remanente favorecer precipitacion fuerte frontera chica laredo guerrero mier miguel aleman camargo diaz ordaz zona norte llanos san fernando zona centro panorama proteccion civil recomendar poblacion informado fuente oficial atender indicacion autoridad caso condicion meteorologico cambiar tormenta tropical bertha tormenta tropical bertha formar golfo mexico avanzar costa texas esperar continuar jueves sistema mantener capacidad generar lluvia importante zona litoral golfo mexico unidos noreste pais autoridad meteorologico advertir bertha per
Twitter|https://x.com/CONCANACO/status/2080085533061943692,Twitter,2,64,medio vox populi noticias monica villarreal recibir octavio torre presidente confederacion camaras nacionales comercio tampico colaboracion permanente sector empresarial constituir pilar impulsar crecimiento economico lee nota completo oficina movil servytur llegar acercar tramite fiscal empresario emprendedor ciudadania general agil totalmente gratis inscripcion rfc generacion renovacion expedicion constancia situacion fiscal julio hora concanaco servytur balderas centro cuauhtemoc piso cupo limitado atencion unicamente registro previo registrate
YouTube|https://www.youtube.com/watch?v=MhqEdEbGyqk,YouTube,104,500,senora viggiano hombre sinverguenza delincuente cubrirse espalda caso ruffo revivieron conservadora orden gortari oculto gringos exito pueblo enganan cobra despreciabl avila gibran espurio autoritario prianista investigar persecucion bola victima cartel pgr saqueador traidor aquy persecucion sandiego ruffo cosa aceptar culpa bcse senado combustible mandar litro autorizar hablar leal pasar san lupe familia dia cargo pareja vivi carne injusticia enviar compa esperar perder senor culpable senador panista vuelta lopez beltran codigo magenta encontrar beltran mero fiscal pesos persecusion querer mexicano prianista vandalismo mexico excusa preso delincuente territorio senalado regir vara voto escuchar gana peorcito arturo avila pena ajeno ruffo dinero seguir mexico encarcelar huachicolero querer pri gente defender supuesto prueba culpable gente prian persecucion favor cual ideal tocar pan rata tocar lloris pripan ano enfrentar demostrar inocente evidencia lavado huachicol juicio consejero persecucion jajaja pena participante patetico burlar gente permitido sinverguenza presos politicos doler ste valla querer defender quacer darte maximo ernesto orden fundada motivadas investigacion documental grafico debido delincuente probado huachiculero mero narco persecucion narcomorena psnistas rufo tacuache berca salir puro chairo duda delincuente morena creer mentira bola parasito ratero corrupto pri pan corrupto causar payaso gordo takeichi gesto pamplina dejar prianmc paz corrupto babosada millon millon pruebas rey pan pri corrupto carcel pidar pueblo cinismo huachicolero rocha moya millon perseguir morena hachicol fiscal gobernador negocio huachicol gana irle ano creer olvidar terrorista narco morena entiendelo personaje investigar enjuiciar parejo verguenza salir unam hablar arturo bola mentiroso indefendible gobierno inepto ratero fuser callir prian wey rata morder intentser estarar morder nino compruebir culpable universidad grandisimo gibran dejar ladrar presetar porcino naranja pagar prian claudia movimiento surgir narco enganchar final solicitud extradicion peso ernesto prian mexicano huachicolero huachicolero carolina resultar reves ustedes marco patria cabe gobierno cinicos gibran rufo chiste trillado moral pandejos gibrannuppsss izquierda titere pandillerismo senor parecer nino acabar enfrentar realidad empezar agredir violentar sacar lengua fuero acomodar debate repetir loro dictar rufo appel disfrutar guachicol tocar traidorcito botijon expresion gibran nono proteje vender rateros voto imbolucra pais partido robar petrolero pueblo faltar canalla marco tatuada xochilt amigo expiatorio arturo verguenza narcopartido prianista burbuja miserable maxima miserables creen mentales creen andres lopez obrador honestidad valiente tragamos voto rasguir lograra rufian tambo anaya calderon pendejo correcto enjuiciar puras payasadas rata quieren haga porqueria natalia filas puras mamadas mediocre rateros huachicoleros presos politicos ecuaces pueblo supremo preso respuesta claro acostumbrado mentir donde rocha moya inzunza escondido rufo habia nacido estubeir pina malandro juez chingar viejo rufo salir avisame verguenza peor mexico morenarco narcomorena realidad resultar hampon pri miserable andy lopez millonarios huachicol dificil porqueria quedarle viendo trama ordeno saco bodegas refiere pemex movio pemex gasolineras cara obrador jajar morenista cuanto bola robar democracia chamarra cacheton defiendar solito echar concecion transferencia triangular documento contrabar dema carolina lista hidrocarburo otorgado nieto diputados mes rocha calderon ano rocha moya mayo pais violiencia campos jaja perseguido coyote coyote esperar prianistas tierra grupo pasar puro indefendible callate lengua celebres prian nono car cree habla lastima yar podrido bonita llevaba lastima lastima siquiera argumento dictar criterio cabron
Twitter|https://x.com/Ancho72/status/2080109981999706204,Twitter,1,20,fortalece economia roba casas casas colonias falta robar rata monica villarreal lacalde tampico fortalecer estrategia empresa local extender texas eeuu
Twitter|https://x.com/dect1608/status/2080104694311989340,Twitter,1,9,lacalde tampico fortalecer estrategia empresa local extender texas eeuu
Medios|https://oem.com.mx/elsoldetampico/local/misa-y-marcha-pacifica-en-honor-de-dafne-en-la-catedral-de-el-mante-piden-avance-en-las-investigaciones-31248720,Medios,1,27,localmiercoles julio misa marcha pacifico honor dafne catedral mante pedir avance investigacion alejandra quintos mama dafne nina ano victima feminicidio recibir muestra apoyo asistente iglesia mario cruces
Twitter|https://x.com/LetrasNews/status/2080109762839031965,Twitter,2,40,miedo alcaldesa tampico monica villarreal evitar considerar vivir presente enlace abogado danna yanina sostener representado participacion imputar senalar inconsistencia acusacion fiscalia general justicia adelantar interponer recurso legal correspondiente caso resolucion adverso audiencia cuyo continuacion programar hora enlace haz click imagen
Medios|https://oem.com.mx/elsoldetampico/finanzas/cierre-de-negocios-y-franquicias-en-tampico-lo-que-revela-sobre-la-economia-local-31243267,Medios,1,17,finanzasmiercoles julio cierre negocio franquicia tampico revelar economia local comprar franquicia inversor empresario esquema explicar maria macias
YouTube|https://www.youtube.com/watch?v=uYzeDFY6FmE,YouTube,88,500,hola noche saludo escapar situacion destructor dinero vida problema cerebro jesus jesus vibrar gusto analisi profesional voto morena golpismo visceral medio manipulacion corporativos fascista sionista internacional vapor sincronizado mexico mexico salvara gracias esperar video veracruz opinion minimizar electoral desesperado asesinato activista golpear mediaticamente municipio blanco sabotaje local suceder tren refineria descartar electricidad cosa considerar golpear electoral seguir pais exploto pri trump suceder suceder venir amlo mayoria decomiso proveniente deber mananera investigacion dedicar minuto hablar restriccion asesino motocicleta resolver matar autores agarrar blanco elegante notorio comentar dias super seguro politico huracan categoria zona vano orden hablar correr fox tragar contexto temoac trasfondo administracion liderar asesinado rifle apoyo matanza exponer repudiado existir camiseta deber fondo amplio gama nepotismo informacion colima empezar comprar arma oposicion venta unidos mafia arma pueblo gobierno pueblo casado tocar victima comprensivo armas agent derramamiento persona mafioso pacer delicuent invitar acerca presidente valentin romero victima alcalde lavin julio presidencia ano temoac periodo manejar ayuntamiento familia puesto compadre confianza obra comerciante transportista temoac negocio recibias extorsion cantidad dinero seguir cumpliar negocio pedir cobro piso oriente sandra camacho atreveir extorsion terminar casa pedir festejar temoac secuestrado administracion pueblo dividido matar jalar auditar lamentable asesinato leyva programa oir informacion muerte querido vida cni resolver exhibir izquierda inepto casualidad beltran crear seguir intencion meme entrevista frisbie pandemia provocar utilizar entrar aceptar gringo deber eeuu venta cometen hola gustar postura analisis jesus deshonesto defender delincuente existir inocencia precisamente creer defender problema etica inocente blanco necesitar asegurar criminal alguien actuar mal cosa informar deber motivo persona adivino interesar seguir mecanismo crecimiento demografico seguridad escuchar morenista defeir falso creer gobierno morena muerte leyva cereza pastel hermano nar sindicato derecho persona vender tianguis eteco vender calle valle eteco construir hospital querer ciudadano senor blue prueba alejandro miedo reprime senor salomon asesi sindicato desaparecido jara carretera rumbo mujer mama hijo pasar hablar alejandro encontrar acostumbrado super cer preocupante golpe provocar violencia principios sexenio ayuda gabacho ass respi ooazaca regresar derritar hielo conductor supremacista marchar calle ojala trump mete rubio dueno armeria vendar gringo escolar excusa construir armeria defensa violencia prohibicion servicio libre valioso ojala persona interes duda manifestar jonathan selectivo aclaracion companero conexion aclarar vivo pasar audiencia tranquilo saludos castigo soldado publico aduana secuestrador corrupto quedar obvio aduanero dinero obtener aduanero castigo carcel perpetuo corrupto incluir nivel calentar deberiar mencionar dinero billon creci gustar cazar africa canada casa viajar arquero arco flecha casa violencia amenazar caza ahorita cualquiera peladita fregon deber convenir convenir miedo problema gringo entrar jamos pais mayoria problema pais med sostener fuente lavado wall lamentable querer pais detras sistema codicia hablar querer capo empezar invasion monstruo facil aduanal agarrar perpetua eeuu prestar campana gracias saludo mundial almenos eeuu mundo manifestar youtubers nivel aduana unidos volver militarizar entrada rayo checar ingrese campeche secta tierras saludos medio tradicional narco tecnologia desmantelar priamecistas tarugo maton contradecir brother information abrazo san escobar combatir unidos interno distribuidor comprador compre gustariar programas combate distribuidor detener distribuidor encarcelado harfuch asesinato investigar delincuencia mencionar facilidad delincuente alcalde parecido alcalde facil comentario amp jet
YouTube|https://www.youtube.com/watch?v=zVCndfcfLfY,YouTube,3,46,caso dafne destapar fallecimiento previo joven erick leonardo castigo fisico academia militarizado provocar marcha masivo tampico madero altamira crees gobierno mexico deber prohibir completo campamento privado menor dejame opinion abajo leo deber detenido empezar director enfermera estrella director escuela estrellita responsable pasar fiscalia hagan bastar crimen
YouTube|https://www.youtube.com/watch?v=Ey7TWAiOshU,YouTube,34,368,robatir pan haz pipi calle veras inmediatamente movilizar patrulla presidenta recibir madre buscador funcionar presidenta tomas carta asunto lastima dinero gente merecer suegra rata pension arto presidentar elegir ojala padre matar hijo ojala pasar padre presidentar lagartija tonto dejar impunidad asesinato dafne peor escudir militar metodo anexos liderado criminales disfrazado campamento militarizado militarizado terror ponte claudia sheinbaum coludido tapadera vendido enemiga mexico ensangrentar totalmente desprotegido justicia inutil padre familia cabeza hijo escuela andar quejar caso vigilante edificio mexico acusado crimen localizar dia prueba culpa esperar caso nina encontrado muerto academia militarizado madero aclarar aplicar ley corresponder responsable investigar estatus permiso funcionalidad instituto sistema formacion militar estricto disciplina respeto senora presidenta tecnico tortura desvivir culera presirvienta espurio claudia sheinbaum chichis limon mentir constar depender asta presidenta lavar mano harta lavar mano culpa puro teatro privado formar lakra mercenario metodo clase salen guardar espalda millonario ratero limpio mano sedena mal investigacion servir claudia gobierno pagar caray querer tratar escuela hijo correr peligro colegio militar disciplina asesinar abusar maltratar enganar persona deber pagar culpable dueno discurso informe conocimiento pasar realmente actuar importante agar justicia quedar carpeta investigacion pregunta papel finalizar escuela manejar escuela deberiar codigo acreditado sep tocar representar uff investigar centro centro estatal chingado militar basura olvidar responsable peor matanza estudiantil pais vergar defender wow informacion hablar caso increible tremenda presidenta esperar justicia final gracias presion creer pueblo dejarselo sistema justicia politico pais claramente funcionar mano calderon corresponder ejercito sexenio sheinbaum deber atencion acesino pagar salir vivo nina den atencion feminicidio faltar buscar chivo expiatorio seguro director soltar dinero fiscaliza tamaulipa vista gordo retrasar investigacion vallar quedar impune citacion escuela militar usurpacion funcion delito pais mierda pinche corrupcion pais importar cagada politico forma mano inepto gobierno caso donde regularizacion programa senora deberiar dejar cargo siquiera dignidad expresion corporal facial escuchar voz sentir hastio quedar grande mexico quedar grande vida disculpeme formacion disciplina tortura abuso culpa dejar director policia ponvvia piilsto lavar sirves presidente formacion base campo insolito existir centros reclutaban joven ejercer violencia joven salir vivir historia terror supuesto presentar resentimiento dano psicologico otorgar permiso plantel ejercierar delincuencia cometer asesinato deber intervenir derechos humanos estricto disciplina respeto senora tecnico tortura senoro devivir muerte senora depender lavar justicia dafne familia dafne
Medios|https://oem.com.mx/elsoldetampico/deportes/layun-en-tampico-el-exfutbolista-del-america-jugo-un-par-de-rondas-de-golf-en-el-club-campestre-31250284,Medios,1,30,deportesmiercol julio layun tampico exfutbolista america jugar par ronda golf club campestre deportista acompanado amigo marcelo cazaubon antonio macalpin antonio luengas deportista acompanado amigo marcelo cazaubon antonio macalpin antonio luengas
Twitter|https://x.com/Jaibo_News/status/2080125754785108458,Twitter,1,20,ano espera alcaldesa monica villarreal anaya entregar pavimentacion privada miramar colonia ninos heroes obra requerir inversion millon pesos beneficiar habitante
Twitter|https://x.com/EleeseNoticias/status/2080125913732186153,Twitter,1,17,gobierno monica villarreal escuchar comunidad atender demanda ano colonia ninos heroes importante progreso bienestar vecino cdvictoria tamaulipas
Twitter|https://x.com/VoxPopuliNoti/status/2080132766125941218,Twitter,1,22,gobierno monica villarreal responder demanda ano colonia ninos heroes obra colonia ninos heroes incluir metro concreto luz banqueta habitante tampico tamaulipas obraspublicas
Twitter|https://x.com/gruponoticiaspc/status/2080135858733138421,Twitter,1,20,gobierno monica villarreal responder demanda ano colonia ninos heroes rar ano espera alcaldesa monica villarreal anaya encabezar inauguracion obra leer
Medios|https://www.milenio.com/comunidad/vacantes-tampico-buscan-operadoras-911-monitoristas-analistas,Medios,1,113,centro comando control comunicaciones computo tampico abrir convocatoria cubrir vacante area relacionado operacion numero emergencia puesto disponible encontrar operadora linea emergencias monitorista analista perfil enfocado labor atencion ciudadano seguimiento report procesamiento informacion convocatoria difundir direccion atencion mujer gobierno municipal tampico bolsa dirigido mujer interesado mercado laboral puesto disponible tampico vacante contemplar funcion sistema atencion emergencia operadora linea emergencias encargada recibir llamada auxilio canalizar report area correspondiente convocatoria dirigido persona ano escolaridad licenciatura psicologia enfermeria carrera afin requerir manejo sistema informatico facilidad palabra disponibilidad laborar turno rotativo manana tarde noche monitorista labor vigilancia seguimiento herramienta tecnologico solicitar personal ano licenciatura criminologia derecho administracion ingenieria sistemas carrera afin requisito destacar manejo sistema informatico capacidad trabaj
Twitter|https://x.com/laexpresionmx/status/2080148432040141177,Twitter,1,11,gobierno monica villarreal responder demanda ano colonia ninos heroes tamaulipas cdvictoria
YouTube|https://www.youtube.com/watch?v=7X0lQHn-J1c,YouTube,12,83,depender inepto ratero morena narcopresidenta valer problema preocupar pasear pais verguenza claro depender sedena entender rumor tortura inscribir mexico corrupto pobre pais claudia lavo manos triste alguien perder querer querer encontrar culpable realidad morir caida agua pulmon forzosamente ahogar ocurrir razon verguenza presidenta representar pedir inhumano presidente academia militar basura entrenar joven maldito cartel parecer mula caballo entrenador mierda patiar internado frialdad mano apoyo ala mujer presidenta mandar cantar cancion nina futbolista empiezo creer dolor lagrima derrama deber presa negligencia empezar encerrar hija
Twitter|https://x.com/VoxPopuliNoti/status/2080160773414744180,Twitter,1,19,monica villarreal llamar denunciar basura calle tampico autoridades buscar frenar tiradero clandestino report ciudadano accion municipal tampico tampico tamaulipas
Twitter|https://x.com/VoxPopuliNoti/status/2080161154580488371,Twitter,1,16,monica villarreal descartar hablar reeleccion alcaldesa tampico asegurar mantener enfoque atender demanda ciudadana actual tampico tamaulipas
Medios|https://www.milenio.com/opinion/rafael-quiroz/jugando-bajo-par/fmg-100-anos-tradicion-orgullo-historia,Medios,1,105,seguir resaca futbol obviamente mundo dejar ocurrir acontecimiento importante precisamente pais relevante tarde dejar pasar centenario federacion mexicana golf fmg fundar abril empresario estadounidense harry wright nombre mexico golf association principio unir unicamente club siglo numero superar club asociacion afiliado maximo organismo rector deporte pais golf mexico empezar jugar mediados siglo xix pachuca tampico ensenada ingeniero britanico decidir campo documentacion san pedro golf club contar fairway tierra green lodo surgir idea crear asociacion congregar club epoca nombre cambiar asociacion golf mexico denominacion definitivo federacion mexicana dia institucion celebrar ano enumerar logro personaje tomar columna orgullo alguien ano participar resultar grato impulso crecimiento nacional ano est
Medios|https://www.milenio.com/policia/detienen-a-joven-por-caso-dafne-en-tamaulipas,Medios,1,105,fiscalia general justicia fgj tamaulipas cumplimentar orden aprehension relacionado caso dafne adolescente ano morir interior academia militarizada doenitz imputado identificar danna yanina ano acudir miercoles instalacion fiscalia rendir declaracion ministerial joven detenido caso dafne explicar defensor joven presentar voluntario comparecencia instalacion dependencia notificar ejecutar orden aprehension extraoficial senalar danna yanina desempenar auxiliar estrella mora conocido estrellita persona senalada familia dafne presunto responsable supervision area femenil academia militarizada doenitz fgj tamaulipas informar oficialmente delito imputar joven detalle investigacion unico detencion caso joven trasladar instalacion fgj ubicado calle haiti ciudad madero bordo vehiculo oficial elementos corporacion descender unidad iniciar diligencia correspondiente abogado detenido evitar emitir declaracion fondo
Medios|https://oem.com.mx/elsoldetampico/deportes/vuelve-actividad-en-el-beisbol-de-altamira-15977347.html?app=true,Medios,1,22,deportesmiercol enero vuelve actividad beisbol altamira domingo iniciar encuentro diverso parque pelota urbe industrial domingo iniciar encuentro diverso parque pelota urbe industrial
Medios|https://www.milenio.com/estados/caso-dafne-zapata-denuncias-polemicas-rodean-academia-doenitz,Medios,1,117,muerte dafne adolescente ano fallecer campamento verano academia militarizada marina doenitz desencadenar investigacion penal seguir protocolo presunto feminicidio abrir puerta salir luz antiguo video presunto agresion amenaza testimonio exalumno denunciar castigo fisico humillacion litigio terminar desalojo plantel falta pago ano pasar practicamente inadvertido nombre institucion referencia karl donitz almirante aleman suceder adolf hitler jefe tercer reich posteriormente condenar crimen guerra juicio nuremberg ano fundacion academia militarizada marina doenitz ubicado ciudad madero tamaulipas enfrentar critico historia ano promover modelo educativo basado disciplina orden formacion fisico objeto investigacion ministerial protesta ciudadano creciente numero senalamiento antiguo alumno describir presunto practica violencia interior plantel fiscalia general justicia tamaulipas continuar investigacion esclarecer muerte dafne caso colocar lupa funcionamiento escuela militarizado privado mec
Facebook|https://www.facebook.com/monicavtampico/posts/pfbid0Wezi4yWFUU81VxWsiwCebb2W8gn3kbkp1A5kRZUYCk7CyDkTiGR89SsJrBnYNnSHl,Facebook,6,67,seguir construir tampico vida turismo oportunidad sostener reunion cluster turistico sur tamaulipas comision centro parque art disenos escultura seguimiento propuesta buscar revitalizar canal cortadura espacio encuentro familia visitante emprendedor agradecer sumar esfuerzo fortalecer espacio emblematico ciudad tampicotecuida canal cortadura potencial enorme gusto equipo comunidad especialista vida exito proyecto tampico tampicovacontodo noticia excelente presidenta noticia tampico excelente iniciativa sumir liderazgo unir persona progreso construir unir voluntad importar color
Twitter|https://x.com/LaRedAltamiraMx/status/2080202642039493120,Twitter,1,46,red gobierno mva responder demanda ano ano espera alcaldesa monica villarreal anaya encabezar inauguracion obra pavimentacion concreto hidraulico renovacion infraestructura hidrosanitario calle privada miramar calle colegio militar golfo mexico cumplir demanda sentida familia colonia ninos heroes invitamos leer nota completo dando click link web somoslared estamosentodaspart
Medios|https://www.milenio.com/opinion/editoriales/se-dice-en-la-grilla-tamaulipas/la-grilla_1229,Medios,1,99,arrancar oficialmente campana cualquiera encuesta inflar aspirante hundir propaganda disfrazado ietam reconocer etapa actuar pedir ciudadania critico admitir calentamiento vigilar marcador empezar preferencia volver reflector ramiro ramos descubrir campana anticipado politico historia reciente politica mexicano practica nacer morena eterno aspirante alcaldia laredo repartir leccion etica electoral partido decada perfeccionar promocion personalizado mante convertir epicentro justicia dafne familia amigo sociedad civil salir calle exigir resultado caso polemico registrar zona sur tamaulipas ano poblacion familiar victima buscar costa respuesta partido mexico tamaulipas asamblea plenario entidad dejar claro serio intencion opcion eleccion participar comenzar busqueda candidato alcaldia regidor panista alejandro martinez convertir
Medios|https://www.milenio.com/estados/buscan-aumentar-penas-feminicidio-70-anos-tamaulipas,Medios,1,99,buscar entidad tamaulipas pena delito feminicidio pasar ano relacionado ley general feminicidio senadora olga patricia sosa ruiz asegurar ley general feminicidio buscar homologar pais pena homologar protocolo entidad representar incrementar pena delito manifestar pena feminicidio ano tamaulipas pena ano llegar homologacion caso dafne relevancia reforma feminicidio cobrar relevancia caso dafne menor edad morir academia acuerdo autoridad tamaulipeca investigar presidenta claudia sheinbaum enviar congreso union ley general buscar homologar pais homologar protocolo entidad federativo enfatizar legisladora morenista ley general buscar homologar protocolo detallar senadora tamaulipas ley contemplar fiscalias combatar delito perspectiva genero comenzar delito odio mujer pasar homicidio pasar femin
Facebook|https://www.facebook.com/monicavtampico/posts/pfbid06tYcJuEubP6jq6yMGpcAtZ2wnNg2PRQZimiMvyik5v6zvKuxYmnjjPCH2LHyRZVLl,Facebook,2,47,recibir secretario desarrollo energetico tamaulipas walter julian angel fortalecer coordinacion gobierno municipio trabajarer conjunto accion permitir simplificar tramite fortalecer estrategia impulsado presidenta mexico claudia sheinbaum pardo contribuir estabilidad precio combustible cuidar economia familia tampico seguir sumar esfuerzo construir solucion beneficiir gente tampicotecuida priorizar bienestar familia tampiquena gracias
Twitter|https://x.com/55Arguelles/status/2080496375389737327,Twitter,2,27,seguir impulsar proyecto fortalecer turismo tampico sostuve reunion cluster turistico sur tamaulipas representante sector seguimiento revitalizacion canal cortadura historico impulso turistico alcaldesa monica villarreal tampico crecer administracion
Medios|https://www.milenio.com/estados/bloqueos-marchas-retrasan-reparaciones-cfe-sur-tamaulipas,Medios,1,111,pleno temporada calor demanda energia electrico autoridad energia tamaulipas comision federal electricidad cfe llamar evitar bloqueo carretera via comunicacion caso apagon prolongado perjudicar pronto restablecimiento servicio caso registrado apagon manifestacion caso registrar ano altamira colonia ubicado limite veracruz secretario desarrollo energetico walter angel jimenez apuntar referido impedir personal equipo especializado llegar zona danado atorado trafico solicitud poblacion entender epoca calor situacion interrumpe suministro apoyar bloquear acceso carreteros caso impedir mover equipo cfe afectacion bloqueos impedir personal cfe apuntar suceder bloqueo ruta personal cfe elemento mover motocicleta traer caja herramienta equipo especializado requerir remediar transformador cable poste dema apagon ano apuntar encuentro titular empresa publico emilia calleja alor invertir infraestructura reducir inter
Medios|https://oem.com.mx/elsoldetampico/analisis/morena-no-es-el-viejo-pri-31246932,Medios,1,25,analisisjueves julio imaginese morena viejo pri altamira transparencia sustentabilidad supervisa erasmo estacion transferencia columna noticias columna cartones loultimo newsletter quedar conversacion mandar correo resumen informativo
Medios|https://www.milenio.com/comunidad/tampico-espacios-pet-friendly-piden-sensibilizacion,Medios,1,105,destino turistico tampico ciudad amigable mascota mayoria hotel restaurante supermercado permitir ingreso animal compania complicar estancia visitante viajar mascota tarde viernes persona exponer vida perrita camioneta estacionamiento tienda comercial temperatura ambiente marcar grado centigrado decision apropiado dejar ventilacion ventana vehiculo llegar alcanzar grado centigrado minuto exponer rayo sol persona opcion establecimiento permitir acceso mascota hoteles pet friendly tamaulipas limitado acuerdo sondeo hotel registrado zona sur tamaulipas contar modalidad pet friendly ciento basico aceptacion perro gato requisito contar cartilla vacunacion deber dia cartilla salud expedido medico veterinario regla principal deber agresivo habitacion requisito viajar mascota autobus aunado linea autobus foraneo horario especifico transporte mascota limitar movilidad
Facebook|https://www.facebook.com/reel/1385367346856280/,Facebook,7,21,dia alegrar visita bienvenidas bienvenidas disfrutar tampico zona turistico bienvenidas tampicotecuida bienvenido alegrar gusto visitir tampico pais defienden zona natural venden
YouTube|https://www.youtube.com/watch?v=04ve0P-STuU,YouTube,1,9,jajaja vente aca mija vera renta aca tijuana asustaria
Medios|https://www.milenio.com/comunidad/revisan-avances-plan-rescatar-areas-naturales-reynosa,Medios,1,115,revisar avance accion seguimiento plan maestro integral rescate area natural protegida laguna escondida rehabilitacion parque cultural reynosa gobernador americo villarreal anaya presidir mesa intersecretarial consejo consultivo integrado orden gobierno sociedad civil rescatar laguna escondida aparte condicion evaluar mejorar infraestructura urbano transporte espacio fisico zona buscar fortalecer integracion tejido social sesion proyecto regeneracion ambiental urbano social economico parque cultural reynosa participacion secretario gabinete diputada diputado local ambientalista representante camara empresarial integrante sociedad civil gobernador destacar avanzar sociedad participativo colaborativo devolver familia reynosens espacio digno fortalecer integracion tejido social explicar plan dividido poligono responsabilidad secretaria obras publicas desarrollo urbano medio ambiente recursos hidraulicos bienestar social administracion proposito seguimiento puntual accion contemplado agua biodiversidad corazon proyecto consejo cons
Medios|https://www.milenio.com/negocios/nuevas-plazas-comerciales-en-sur-de-tamaulipas,Medios,1,117,plaza comercial empezar tampico region conurbado sur tamaulipas aumentar opcion empresario ocupar local zona estrategico localidad alistar complejo reciente mes impulsado financiamiento banca comercial apoyar propuesta indicar ampi presidenta seccion local marely zurbaran delgado informar rubro activo zona impulsado proyecto giro chedraui walmart esperar fuerza establecer base construccion plan ordenamiento territorial aprobado cabildo porteno dia sector comercial venir repuntar tampico mes anuncio inversion local rentar rapido crecimiento aunado apuesta crecimiento vertical declarar diagonal norte sur avenida ejercito mexicano quedar listo plaza alista tienda anclar sucursal bancario zona atractivo preparado infraestructura similar frente hospital issste suceder norte municipio cabe senalar grupo chedraui avanzar supermercado denominado selecto ubicado plaza crystal llamado zona dorada contar edificio medico llamado fifty doctors
Medios|https://oem.com.mx/elsoldetampico/local/por-que-una-escuela-puede-perder-su-reconocimiento-de-validez-oficial-lista-de-planteles-en-tamaulipas-que-ya-no-lo-tienen-31227582,Medios,1,23,localjueves julio escuela perder reconocimiento validez oficial lista plantel tamaulipas institucion tamaulipas perder registro ano proceso arbitrario responder estricto mecanismo supervision paulo monsivais
YouTube|https://www.youtube.com/watch?v=70Tlx3Eltq4,YouTube,6,52,afeminado puro chism contigo afectar entrar den noticia traer pais deber rendir saludo equipo tomar america llamar comerciante florentino identificar continente cartografo nombre martin waldeesmuller mapa universalis cosmographia designar america continente resultar continente llamar persona contrario mmda sudar agua bendito sudar cocaina saludos jajajajajajajajajar narco gobernantes sinicos rateros corrupto kks pedir extradicion
Medios|https://www.milenio.com/negocios/financial-times/fundacion-coppel-y-su-apoyo-a-las-familias-mexicanas,Medios,1,109,mexico ciento empresa microempresa millon familia depender generar ingreso impulsar emprendimiento convertir pieza clave fortalecer movilidad social abrir negocio bastar capacitacion red apoyo acceso financiamiento colaboracion distinto actor factor determinante emprendimiento lograr entrevista rocio abud directora fundacion coppel responsabilidad social grupo coppel explicar organizacion buscar ampliar oportunidad desarrollo educacion emprendimiento digno compartir vision principal desafio enfrentar emprendedor mexicano diferencia distinto region pais importancia medir impacto programa construir negocio sostenible contribuir movilidad social mision guiar fundacion fundacion relativamente joven ano operar inicio alinear filosofia grupo coppel buscar mejorar vida persona fundacion compartir proposito contribuir movilidad social familia mexicano creer existir grande motor movilidad social educacion emprendimiento digno consistir fortalecer motor
Medios|https://www.milenio.com/estilo/tu-mascota/cuales-razas-de-perros-son-los-mas-inteligentes-caracteristicas,Medios,1,104,mexico perro convertir mascota favorito hogar lealtad carino obediencia colocar miembro fundamental familia cual raza perro inteligente milenio contar raza destacar facilidad aprender capacidad adaptacion disposicion actividad alla orden basico obediencia acuerdo informacion difundido purina compania presentar seleccion ejemplar reconocido inteligencia caracteristica temperamento energia habilidad distinguir distinto entorno purina explicar perro considerado inteligente disfrutar aprender truco prosperar sesion diario adiestramiento complejo instruccion basico quieto seleccion incluir raza pequeno tamano aptitud particular actividad estilo vida cual raza perro inteligente principal caracteristica border collie border collie reconocer inteligencia instinto pastoreo capacidad informacion purina indicar tratar perro afectivo inteligente energico intensidad disfrutar convivir familia activo terminado actividad
Medios|https://www.milenio.com/estados/quien-es-dana-yanina-primera-detenida-por-el-caso-dafne,Medios,1,102,noche miercoles madrugada jueves detener persona relacionado muerte dafne adolescente ano perder vida interior academia militarizada doenitz joven hora presentar audiencia semana lamentable caso menor fallecer institucion ofrecer formacion militarizado dia ingresar nombre cobrar relevancia comunidad lamentar perdida exigir justicia caso tomar importancia nacional diverso caso joven reportar accion violento plantel identificar persona presuntamente implicado nombre jorge luis ponce funge director estrella mora conocido estrellita disparar senalamiento semana muerte dafne detencion persona detenido muerte dafne acuerdo defensor joven identificado danna yanina acudir voluntario comparecencia ministerial notificar ejecutar orden aprehension joven trasladar instalacion fiscalia general justicia tamaulipas ubicado calle haiti ciudad madero permanecer
Medios|https://www.milenio.com/deportes/futbol-internacional/antonio-portales-ficha-con-equipo-de-europa-podria-jugar-champions,Medios,1,114,antonio portales futbolista mexicano disputar champions league fichar equipo europeo omonia nicosia chipre tampico madero confirmar llegada cuadro chipriota bienvenida red social club anunciar fichaje futbolista antonio portales jugador mexicano nacer mayo desempenar defensa central mediocentro defensivo bienvenida antonio familia omonia desear exito vestir trebol pecho leer posteo omonia equipo chipre encontrar disputar ronda clasificatoria champions league partido ida ganar kairat almaty buscar boleto fase disputir vuelta miercoles julio ocasion portales pruebir suerte viejo continente vestir playera atlante jugar dundee escocia temporada antonio portales despedir jaiba brava jugador tampico madero dedicar breve palabra club anunciar salida agradecer oportunidad jaiba brava equipo seguir nino querer darte gracia oportunidad formar historia disfrute nino aficionado privilegio defender
YouTube|https://www.youtube.com/watch?v=ZOsBnvsuEvI,YouTube,25,209,preguntar mayoria maltrato fisico psicologico aplicar educacion castrense academia militar incluir ejercito marina colegio excepcion creer militar ciudadano denuncia mal tratar alumno pasar desgracia pleno academia seguir sistema arcaico obsoleto formar caracter quedar epoca boomer maltaralo normal denunciar complice acto gobernadora servir asco porque denunciar fallecido poquito dignidad reportero presentar escuchar tonto ocupar palacio nacional entender institucion privado pagado padre investigar mama grite gritir nino casa enviar alguien cuidar seguridad igualdad disciplina militar creer duro antiguedad mujer querer igualdad linea delgado capacidad fisico soportar extremo esfuerzo ideologia implantado causar agresion culpable ideologo asumir responsabilidad aborto ideologo causante directo infanticidio sociedad pensante deber crear institucion juicio juicio nazi lessa humanidad parecer increible gente quedar callado hablen denuncia barbaridad absurdo entiende concepto militalizada hijito delincuentes iban sufrir angelitos queja surgen jajajjaja estricto diciplina militarizar jajajajaaj presilenta crimen tableo delito duciplinir jajajaajajaja tapar cosa disiplina agresion joven fuerza armado investigar institucion colegio policia forma adiestrar abuso importar dependar perra morir nina competir ponte investigar chingadamadreeee deber quitar centro dependar salvajada terrible padre meter hijo unico shenbau servir puro verga afectado denunciar padres metrn dus hijos lugares vidten adolescente denora corona escote senora dificil porque poreso dinero exponer hijo campamento privado investigar fondo metar carcel culpable castigo padre portar manfo militar podian irse
Medios|https://oem.com.mx/elsoldetampico/deportes/el-1-del-mundo-es-de-tampico-raul-cugar-curiel-pelea-este-1-de-agosto-en-las-vegas-31257165,Medios,1,25,deportesjuev julio mundo tampico raul cugar curiel pelear agosto vegas peleador tampiqueno raul cugar curiel confirmar unidos reportar listo enfrentar estadounidense quinton randall hector rivera
Facebook|https://www.facebook.com/MetropolitanodeTampico/posts/pfbid027qhKA2UvzCTcj4WRxLP9giXBm7bbXHzarnpPrBe5pnMKFPkjSTct5Q2hUpEhuxqDl,Facebook,1,96,taller verano combate escenico llegar metro gracias impulso gobierno municipal tampico encabezado presidenta municipal monica villarreal anaya inspirado grande saga ciencia ficcion propuesta invitar alumno dominar arte coreografia secuencia accion manejo elemento escenico disciplina movimiento instruccion tecnico riguroso participante aprender crear combate cinematografico seguro visualmente impactant desarrollar agilidad fisico enfoque mental taller unico region administracion municipal reafirmar compromiso alcaldesa diversificacion oferta cultural brindar juventud tampiqueno espacio expresion vanguardista fomentar creatividad convivencia saludable detalles taller fecha agosto horario martes jueves escuela artes espacio cultural metropolitano metro costo informes inscripcion monicavillarrealanaya gobiernomunicipaldetampico metrotampico combateescenico escueladeartesmetro talentolocal metro arte
Facebook|https://www.facebook.com/MetropolitanodeTampico/posts/pfbid02NDxAQCuJoQETu1Mmj2RCGK1oyUnpQyXeKvfWzaUp5rC8PUQT6seuTnZNk72DCx1cl,Facebook,1,113,llegar cinema land escuela artes metro firme compromiso fortalecer formacion artistico acercar espacio profesionalizacion comunidad gobierno municipal tampico encabezado presidenta municipal monica zacil villarreal anaya espacio cultural metropolitano convocar estudiante actor actriz creador escenico laboratorio actuacion cinematografico cinema land impartido reconocido actriz mexicano iazua larios contar ano trayectoria internacional cine teatro plataforma netflix hbo prime video participar produccion apocalypto totem taller intensivo disenado explorar actuacion frente camara preparacion audicion manejo selftape dinamica set filmacion fechas agosto horario disponible hrs hrs dirigido actor actriz creador escenico ano inversion general afiliados gute cupo limitado inscripciones informe inscribetir escuela artes metro enviar mensaje whatsapp instruccion correspondiente completar registro aprovechar oportunidad profesionalizar talento frente camara tecnica nivel
Medios|https://oem.com.mx/elsoldetampico/local/sudan-hasta-la-e-firma-oficinas-del-sat-en-tampico-cumplen-una-semana-sin-aire-acondicionado-estan-a-40-c-31258406,Medios,1,22,localjueves julio sudan oficina sat tampico cumplir semana aire acondicionado cita sat tampico calor extremo falla clima deber considerar tramite maria macias
Facebook|https://www.facebook.com/TampicoGob/videos/1695721158305145/,Facebook,4,17,inauguracion nacional mini basquet gimnasio ciudad deportiva gobierno tampico bonito escuchar himno nacional excelente evento felicidades presidenta
Twitter|https://x.com/heraldoradiomty/status/2080385129734652130,Twitter,2,39,endatos copa mundo dejar importante derrama economico leon jesus nader presidente asociacion mexicana hoteles leon destacar crecimiento registrar entidad torneo almomento kia reforzar apuesta mexico automotriz anunciar inversion millon dolares producir pesqueria leon vehiculo electrico marca fabricar comercializado pais
Medios|https://oem.com.mx/elsoldetampico/local/acaba-de-cumplir-18-anos-es-inocente-el-lamento-de-la-abuela-de-yanina-detenida-por-el-caso-dafne-31259751,Medios,1,26,localjueves julio acabar cumplir ano inocente lamento abuela yanina detenido caso dafne abuela entrevista problema salud familia viajar poza rica acompanar joven detenido audiencia juan hernandez
Facebook|https://www.facebook.com/monicavtampico/posts/pfbid0vrM17FrD2GEiHyPH85LN4LqBv5LrAKEuMDNfgah2oqf1e7ifitZqKRkPKm7Kiy2Ll,Facebook,7,99,acompane integrante pilares salud celebracion aniversario historia construido compromiso solidaridad amor comunidad reconocimiento felicitacion maria pilar camacho ruiz fundadora organizacion integrante decada demostrar mujer unir fortalecer familia transformar entorno gobierno seguir impulsar accion promover salud bienestar deporte oportunidad mujer vivar calidad vida felicidades ano venir tampicotecuida felicidad pilar salud especialmente fundadora maria pilar camacho felicidades pilares salud felicidades humano maravilloso deseo reitero agradecimiento pilares salud distinguido presencia aniversario hermoso detalle regalito compartir mujer acompanando apoyando grupo mujer aman bailar aman sentirse plenas trav ejercicio diario gracias presidenta monica hermosas pilares pilar camacho felicidad pilares ano dedicacion servicio comunidad seguir
Twitter|https://x.com/Jaibo_News/status/2080427741904556493,Twitter,1,21,alcaldesa monica villarreal anaya reunir secretario desarrollo energetico tamaulipas walter julian angel fortalecer coordinacion institucional impulsar accion materia energetico economia familiar
Medios|https://oem.com.mx/elsoldetampico/local/caso-dafne-que-se-sabe-de-la-investigacion-y-la-detencion-de-yanina-por-la-muerte-de-la-adolescente-en-tamaulipas-31256164,Medios,1,25,localjueves julio caso dafne investigacion detencion yanina muerte adolescente tamaulipas yanina detenido presunto responsabilidad muerte menor dafne academia militarizado ciudad madero trasladar altamira juan hernandez
Medios|https://oem.com.mx/elsoldetampico/local/el-dueno-fue-notificado-del-dano-estructural-dos-veces-pc-tras-colapso-de-techumbre-en-el-centro-de-tampico-31260184,Medios,1,21,localjueves julio dueno notificar dano estructural colapso techumbre centro tampico proteccion civil confirmar inmueble notificar ocasion presentar dano estructural yadira hernandez
Facebook|https://www.facebook.com/TampicoGob/posts/pfbid02vPG691R3CH8B2GExZoCGCvum2nQtc1W9qoPymMWQdpvqKR5KmjLKzhSCcSKQuyWMl,Facebook,1,4,excelente tampico hermoso merecer
Medios|https://www.milenio.com/temas/morena-politica?page=2,Medios,1,77,morena elegir coordinador gobernador sabotear proceso electoral rafael marin confiar encuesta morena pese denuncia cargado proceso dirigente paz rechazar satelite morena asegurar proyecto politico morena prohibir nepotismo esposa gobernador registrar san luis potosi gobernadora maru campos pedir entregar rocha moya soberania morena acusa intervenc predico austeridad funcionario volar jet privado festejar lujo ricardo monreal proponer invalidar eleccion intervencion extranjero tamaulipas llamar respaldar reforma popular donde comprar libro amlo cuanto costar luisa alcalde celebrar cumpleanos ano mama presidenta
Twitter|https://x.com/VoxPopuliNoti/status/2080496539667996822,Twitter,1,21,impulsar monica villarreal turismo deportivo festival nacional minibasquet seguir impulsar deporte creer capacidad transformar vida mencionar alcaldesa tampico tampico tamaulipas deporte
Twitter|https://x.com/gruponoticiaspc/status/2080497559689179564,Twitter,1,18,impulsar monica villarreal turismo deportivo festival nacional minibasquet inaugurar festival nacional minibasquet presidenta municipal tampico monica villarreal leer
Twitter|https://x.com/laexpresionmx/status/2080503265112752415,Twitter,2,16,impulsar monica villarreal turismo deportivo festival nacional minibasquet tamaulipas cdvictoria estudiar maestria linea ventaja tamaulipas cdvictoria
Instagram|https://www.instagram.com/p/DbKVhInjUGe/,Instagram,1,66,recibir nina nino integrado equipo republica tampico madero casa festival nacional minibasket desarrollar julio evento nacional llegar ciudad confirmar camino correcto fortalecer infraestructura deportivo impulsar turismo deportivo generar bienestar mil familia importante derrama economico comercio hotel restaurante gobierno municipal creer firmemente deporte transformar vida fomentar abrir oportunidad ninez juventud seguir tampico continuar referente nacional organizacion grande evento bienvenida bienvenido disfruten fiesta deporte conozcan tampico ofrecerles tampicotecuida
Twitter|https://x.com/billygtz/status/2080524070567674062,Twitter,1,12,tampico tamaulipas adelantar campana tratar reelecto alcaldia regalar comida pobre costa erario
Medios|https://www.milenio.com/opinion/editoriales/se-dice-en-la-grilla-tamaulipas/la-grilla_1230,Medios,1,105,caso dafne mante familia encabezar movilizacion exigir justicia altamira audiencia durar hora autoridad informacion necesario tomar determinacion paulatinamente responsable hospital issste tampico practicamente terminar construccion hablar visita presidenta republica claudia sheinbaum pardo cabo inauguracion nosocomio anfitrionia gobernador americo villarreal anaya victoria eleccion pronostico reservado municipio san fernando valle hermoso pese opinion alcalde participacion diputado eliphaleth gomez jesus roberto saenz contienda cerrado carlos toral politico priista viajar paris pasar dia vacacion presumir red social politico querer politico oportunidad simular querer dinero continuar viaje europa pedir recurso negocio local altamira informe local voluntario desarrollo sostenible elaborar administracion presidenta municipal carmen lilia canturosas villarreal acabar lograr publicar pla
Instagram|https://www.instagram.com/p/DbKl5klq4Uc/,Instagram,3,36,emocionado formar tampico programa viernes mexicano representar orgullo ciudad gracias apoyar negocio local logro kiosquito snack bar seguir dedicacion experiencia esperar buenosdias lic monica meda gusto salir gracias adio tampico anosma fuerto uroble gracias esperar pronto
Medios|https://www.milenio.com/opinion/guillermo-gutierrez-gonzalez/vientos-del-sur/un-tampiqueno-podria-gobernar-nuevo-leon,Medios,1,117,gobernar leon asunto baladi implicar responsabilidad alto nivel implicito exigencia ciudadano peso industria generacion financiero pais reto estructural leon nominal tercero entidad aportacion pib nacional albergar san pedro garza garcia considerar municipio pib per capita alto metropoli latinoamerica dato esencia presente columna escribir tampico dato primordial pais entidad especial poblacion sur tamaulipas tampico nacer hombre diciembre antiguo hospital civil infancia juventud desarrollar popular barrio cascajal sobrevivir dificil sobresalir hombre mujer historia puerto lograr referir andres mijes llovera referencia leon andres mijes estudiar primaria tampico cascajal secundaria prevo prepar matias canales hijo raul chuque mijes donas goyita llovera comerciante antiguo macalito camionero profesion incursionar politica epoca anos organizacion llamado alianza revolucionaria futbol comercio estudio andres decidir monterrey estudi
Medios|https://www.milenio.com/estados/patron-une-casos-erick-dafne-escuelas-militarizadas,Medios,1,100,ano muerte erick nino ano fallecer golpear campamento academia militarizado ollin morelos madre erika torbellin sostener autoridad incumplir compromiso asumido evitar tragedia similar volver entrevista milenio asegurar caso hijo sostener reunion funcionario secretaria educacion publica sep representante comision nacional derechos humanos cndh plantear regular institucion eliminar modelo militarizado plantel afirmar acuerdo concretar habiar quedar regular institucion filtro erradicar sistema militarizado lamentar erika muerte reciente dafne zapata pintos academia militarizado confirmar advertencia fallecimiento erick ignorar volver pasar dierar prometer madre sostener problema limitar cierre escuela militarizado ausencia control menor edad proponer autoridad inspeccion permanente verifiquen preparacion profesional instructor directivo revisen protocolo
Twitter|https://x.com/LaRedAltamiraMx/status/2080583596457308634,Twitter,1,55,red impulsar monica villarreal turismo deportivo festival nacional minibasquet inaugurar festival nacional minibasquet presidenta municipal tampico monica villarreal anaya reafirmar compromiso administracion impulso deporte politica publico orientado fortalecer desarrollo integral ninez promover cohesion social consolidar tampico referente nacional destino turismo deportivo realizacion evento impacto tar invitamos leer nota completo dando click link web somoslared estamosentodaspart
Facebook|https://www.facebook.com/monicavtampico/posts/pfbid02HLzHZ6PFPw1pb1idhMVHYhZPkKBWFmy2b4817gaoWxLRh9h3v8PSYaJJFbQzsYdQl,Facebook,6,68,felicidades lindero tampico aniversario gusto acompanar hilda angel cruz oscar gomez equipo fecha especial historia demostrar esfuerzo unidad familiar pasion unir construir negocio trascender convertir orgullo ciudad referente gastronomia lindero aliado cultura causa fortalecer tejido social tampico visitenlos sucursal lindero tampico lindero altamira felicidades chiles rellenos cubierto hojaldre increible felicidad lindero magnifico cocina felicidad seguir exito felicidad tampico ano exito seguir derramar abundancia merecido esfuerzo felicidades seguir exito
Medios|https://oem.com.mx/elsoldedurango/analisis/ernesto-ruffo-la-quina-del-sexenio-31264051,Medios,1,20,analisisviernes julio ernesto ruffo quina sexenio expediente durango columna noticias columna cartones loultimo newsletter quedar conversacion mandar correo resumen informativo
Facebook|https://www.facebook.com/monicavtampico/posts/pfbid037qob51LYUx7CoUetsfaHq7dtHRcXxPcgv2uPVtSba1kAvZoNVzeWyRGABGEq4wzNl,Facebook,7,100,recibir nina nino integrado equipo republica tampico madero casa festival nacional minibasket desarrollar julio evento nacional llegar ciudad confirmar camino correcto fortalecer infraestructura deportivo impulsar turismo deportivo generar bienestar mil familia importante derrama economico comercio hotel restaurante gobierno municipal creer firmemente deporte transformar vida fomentar abrir oportunidad ninez juventud seguir tampico continuar referente nacional organizacion grande evento bienvenidas bienvenido disfruten fiesta deporte conozcan tampico tampicotecuida bienvenidos tampicotecuida bienvenido felicidad fomentar deporte tampicotecuida excelente preci tampicotecuida excelente seguir apoyar deporte gracias bienvenido evento deportivo infantil nivel nacional ojala bonito recuerdo tampico animar bienvenido bello puerto padrisimo fomentar deposite nino felicidad alcaldesa
Facebook|https://www.facebook.com/monicavtampico/posts/pfbid031bLQ77jTPMyFyQeoDvmQ5nWX3W1V9GGhYpZMLutfPAQXrGX38LobHhdkqSipaJtTl,Facebook,2,43,seguir transformar ciudad obra mejorar movilidad fortalecer servicio publico elevar calidad vida familia municipal millon pesos gobierno millon pesos conjunto destinar millon pesos desarrollo tampico inversion historico traducir infraestructura bienestar oportunidad tampicotecuida inversion impulsar progreso generar bienestar mejorar calidad vida familia reafirmar tampicovacontodo
Facebook|https://www.facebook.com/secretariadeobraspublicastampico/posts/pfbid0wsD8SVejQx7wpjiNUjnxK6qARrnyriywr6n8bEhBz1ZE4PCib8XGUDFzpBTKJt3vl,Facebook,5,70,conforme vision presidenta monica villarreal elemento secretaria obras publicas continuar desarrollar intenso labor mantenimiento vial jornada personal aplicacion bacheo carpeta asfaltico sector prolongacion miguel hidalgo esquina calzada san pedro colonia arenal hidalgo carril norte sur sur norte francita altamira intervencion buscar proteger integridad peaton conductor circular diario arteria principal dejarlo nivel calle montana relleno pavimentada calle alba col roma excelente turista merecer calle recorrido colonia hoyo calle abierto dejar arreglar
Facebook|https://www.facebook.com/MetropolitanodeTampico/posts/pfbid02PwLFKQ57nBKRBk2S1fBfmAVyERoFDZLwvjzu7MLd9ydrRJTYssaWEyTP2omc6kbKl,Facebook,1,71,taller verano folklore adultos abrir inscripcion metro gracias impulso gobierno municipal tampico encabezado presidenta municipal monica villarreal anaya guia tecnico instruccional mtra karla lopez espacio invitar joven adulto ano conectar riqueza cultural pais danza tradicional taller disenado principiant buscar perfeccionar tecnica detalles taller fecha agosto horario lunes miercoles viernes hrs escuela artes espacio cultural metropolitano metro edad mayores ano publico general informes inscripcion monicavillarrealanaya gobiernomunicipaldetampico metrotampico folkloreadultos escueladeartesmetro talentolocal metro arte
Facebook|https://www.facebook.com/MetropolitanodeTampico/posts/pfbid02RHCYh8qXYavf6YpZoabV6e1tbvEidzqkNAV8Zv47LwYhsihwXcPhNvFsQ1KXdarjl,Facebook,1,86,laboratorio creacion escenica arquitectura personaje abrir espacio formacion metro gracias impulso gobierno municipal tampico encabezado presidenta municipal monica villarreal anaya taller teatro disenado perfil principiant intermedio presentar espacio profundizacion estudiante buscar ampliar herramienta creativo expresivo guia experto mtro juan lory participante enfocar comprension profundo proceso metodo dramatico programa administracion municipal reafirmar compromiso alcaldesa desarrollo proyecto cultural alto academico detalles taller fecha agosto horario martes jueves hrs escuela artes espacio cultural metropolitano metro edad mayores ano costo informes inscripcion monicavillarrealanaya gobiernomunicipaldetampico metrotampico teatrotampico escueladeartesmetro talentolocal metro arte
Medios|https://www.milenio.com/negocios/proyectos-privados-de-gran-escala-en-tampico,Medios,1,113,ano tampico recibir proyecto construccion sector privado considerado magnitud aumentar vocacion comercial municipio zona sur tamaulipas llegada bodega mercadolibre arranque torre medico fifty doctors catalogo desarrollo inmobiliario enorme escala proyectos magnitud tampico instalacion firma comercio electronico operar ano espacio dedicado salud permiso ayuntamiento edificacion titular obras publicas municipio rogelio ontiveros explicar tendencia autorizar infraestructura presentar fecha tendencia comparacion ano similar otorgar licencia proyecto bodega mercadolibre aplicar millon pesos hablar proyecto envergadura torre medico alcanzar millon pesos capital mencionar mes otorgar permiso construccion ayuntamiento otorgar permiso construccion mes cuyo proyecto variar vivienda tradicional vertical remodelacion hogar local comercial arribo marca caso reciente tiendas existir proyecto encontrar fase construccion comenzar centro medico fifty doctors punta
Twitter|https://x.com/Jaibo_News/status/2080661807010652374,Twitter,1,21,tampico continuar sede grande evento deportivo nivel nacional alcaldesa tampico monica villarreal anaya hablar lograr traer competencia deportivo importante deporte rafaga
Facebook|https://www.facebook.com/reel/2231264741002301/,Facebook,2,56,agradecer octavio torre steffano presidente concanaco servytur palabra reconocer ciudad municipio gente trabajador emprendedor vocacion servicio comercio turismo entrega distintivo tampico muestra talento dedicacion esfuerzo emprendedora emprendedor negocio familiar fortalecer economia local proyectar ciudad gobierno municipal seguir impulsar accion fortalecer comercio local generen oportunidad dia grande tampico tampicotecuida tampico distinguir tierra oportunidad gente trabajador honrado lohechoentampicoestabienhecho
Medios|https://www.milenio.com/estados/ietam-ofrece-28-mil-pesos-mes-consejeros,Medios,1,104,instituto electoral tamaulipas ofrecer sueldo pesos mensual integrar consejo municipal distrital cara proceso electoral ano cuando concluir proceso seleccion consejero proceso seleccion designacion conformar consejo instalar municipio entidad eleccion terminar viernes julio extenso invitacion ciudadano participar juan jose ramos charre consejero presidente instituto electoral tamaulipas expresar linea subir documento seguir indicacion sueldo mensual consejo ietam ofrecer remuneracion economico consejo municipal pesos mensual distrital pesos mensual febrero mes septiembre consejo municipal tampico presidencia remuneracion pesos caso distrital pesos pago mensual febrero funcion mes septiembre instituto electoral tamaulipas julio presente ano reunir ciudadano querer conformar consejos distritales consejos municipales entidad dirigido zona tamaulipeco participar proceso seleccion
Medios|https://oem.com.mx/elsoldetampico/local/caso-dafne-tras-13-horas-de-audiencia-vinculan-a-proceso-a-yanina-n-y-la-ingresan-al-cedes-altamira-31269186,Medios,1,26,localviernes julio caso dafne hora audiencia dictar prision preventivo yanina ingresar penal altamira yanina enviar cedes altamira denunciar presuntamente victima acto delictivo personal academia antonio campos
Facebook|https://www.facebook.com/TampicoGob/videos/1617335753371261/,Facebook,5,19,jornada bienestar plaza golfo excelente jornada presidenta alcaldesa tampico monica villarreal pueblo plaza golfo jornada bienestar detener presidenta monica
Medios|https://www.milenio.com/espectaculos/famosos/mr-doctor-amenazado-academia-murio-dafne-tamaulipas,Medios,1,104,creador contenido medico conocido doctor asegurar amenazar visita tampico tamaulipas viajar documentar caso dafne joven morir permanecer academia militarizada doenitz campamento red social youtuber informar importante revelar adelantar explicar sucedido video programado jueves hora canal youtube importante amenazar afuera academia doenitz escribir publicacion rapidamente generar mil reaccion comentario apoyo visita doctor tamaulipas ocurrir objetivo grabar entrevista madre dafne cuyo muerte continuar generar indignacion cuestionamiento condicion operar institucion militarizado doctor amenaza revelar detalle creador contenido asegurar amenazar encontrar exterior academia militarizada doenitz unicamente adelantar ocurrido video especial canal youtube explicar circunstancia incidente vivir visita institucion publicacion provocar preocupacion seguidor expresar mensaje apoyo pedir tomar medi
Medios|https://www.milenio.com/estados/padre-de-dana-tras-vinculacion-por-el-caso-de-dafne,Medios,1,104,padre danna yanina joven detenido presunto relacion caso dafne quintos rechazar hija academia militarizada doenitz afirmar estudiante victima presunto abuso interior institucion presunto irregularidad investigacion termino audiencia celebrado madrugada ofir cruz melo padre joven acompanado abogado omar perez hernandez sostener investigacion presentar presunto irregularidad asegurar responsabilidad deber directivo academia hija culpable hija victima palabra victima negar hija academia entrevista milenio television liliana sosa padre danna negar hija academia militarizada senalar intencion aclarar situacion juridico entorpecer investigacion fiscalia tamaulipas seguir feminicidio intencion inicio aclarar situacion cosa encargada femenil desmentir evidencia recibo pago transferencia boleta calificacion etcetera afirmar cruz melo ingresar institucion alumna interno mayo perso
Medios|https://www.milenio.com/estados/detectan-concesiones-irregulares-cuenca-guayalejo-tamesi,Medios,1,91,cuenca guayalejo tamesi detectar concesion extraccion agua irregular informar conagua regulacion fortalecer seguridad ayuda marina hablar aproximado visitar aprovechamiento entrada registro publico derecho agua coordenada presumiblemente mitad extraen agua derecho extraer declarar raul quiroga alvarez secretario recursos hidraulicos tamaulipas detallar secretario tamaulipeco secretaria recursos hidraulicos vista comision nacional agua conagua autoridad proceder inicien procedimiento correspondiente reunion dia tampico acordar secretaria marina semar fortalecer recorrido cuenca evitar seguir robar agua encomienda presidenta claudia sheinbaum evitar huachicoleo recurso extraer permiso irregular cuando iniciar mes ano irregular margen ley inspeccion bombita empezar sacar alla
YouTube|https://www.youtube.com/watch?v=i5dDsj08tq0,YouTube,1,13,oportunidad miguel colegio amigo risueno inquieto animoso sociable inteligente lindo triunfar seguir exito
Medios|https://www.milenio.com/comunidad/abuela-pospone-cirugia-cruza-rio-panuco-ayudar-nieto,Medios,1,117,columna lesionado baston apoyo cirugia seguir posponer miedo volver caminar maria socorro gutierrez maya cruzar mes rio panuco nieto ano consulta hospital psiquiatrico tampico dolor esperar tratamiento nino habitante ejido emiliano zapata pueblo viejo veracruz adulta asumir cuidado menor hija emigrar monterrey busca nino diagnosticar trastorno deficit atencion hiperactividad tdah interrumpir tratamiento medico relega dolor nieto querer dejar acompanar nieto consulta paidopsiquiatra decidir relegar dolor garantizar atencion salud mental mes maria socorro nieto repetir recorrido salir comunidad cruzar rio panuco lancha tomar vehiculo centro tampico hospital llegar consulta medico menor recientemente terminar jardin nino evolucion depender continuar recibir atencion especializado nino practicamente contar hija madre soltero vivir monterrey distancia dificultad economico visita esporadico ahorita venir diciembre compli
Medios|https://www.milenio.com/negocios/financial-times/amit-bhatia-quiere-ser-accionista-minoritario-del-liverpool,Medios,1,121,consorcio inversionista liderado amit bhatia respaldado familia mittal negociar compra participacion minoritario significativo liverpool football club operacion valorar club premier league millon dolares mdd grupo encabezado bhatia yerno magnate acero lakshmi mittal contratar asesor preparar oferta mantener conversacion actual propietario club fenway sports group fsg persona cercano proceso fuente senalar cualquiera transaccion situar valuacion liverpool mdd alto historia futbol interes confirmar atractivo club ingles alcance global premier league fsg confirmar financial times consorcio liderado administrado representado amit bhatia manifestar interes inversion minoritario estrategico club bhatia declinar comentario fuente advertir negociacion seguir abierto existir garantia alcanzar acuerdo dato mdd alcanzar valuacion liverpool inversion operacion relevante futbol ingles ano reciente compra chelsea mdd adquisicion sir jim ratcliffe participacion minoritario manchester united transaccion valorar
Instagram|https://www.instagram.com/p/DbL28hIFtNF/,Instagram,2,46,felicidades lindero tampico aniversario gusto acompanar hilda angel cruz oscar gomez equipo fecha especial historia demostrar esfuerzo unidad familiar pasion unir construir negocio trascender convertir orgullo ciudad referente gastronomia lindero aliado cultura causa fortalecer tejido social tampico sucursal lindero tampico lindero altamira chiles relleno hojaldre increible
Medios|https://oem.com.mx/elheraldodechihuahua/analisis/ruffo-es-preso-politico-31263939.html?app=true,Medios,1,27,analisisviernes julio ruffo preso politico opinion vertido articulo responsabilidad emitir casa editorial respetar libertad expresionultimas columna noticias columna cartones loultimo newsletter quedar conversacion mandar correo resumen informativo
Medios|https://www.milenio.com/comunidad/proteccion-civil-notifica-inmuebles-riesgos-estructurales-tampico,Medios,1,92,riesgo llegar notificar propietario inmueble albergar negocio vivienda ciudad asegurar direccion proteccion civil sancionar ano inclusive jose antonio marin flores director proteccion civil tampico reconocer inmueble albergar tienda uniforme caer losa nivel notificar ocasion multa asegurar propietario inmueble deber resolver riesgo notificar zona centro tampico ciudad colonia notificado permanente inmueble derrumbado recientemente caer lluvia viento propietario obligado reparacion correspondiente proteccion civil lograr sancionar negocio desprendimiento ano tienda centro tampico notificar permanente campana permanente porcentaje establecimiento notificado obviamente faltar plan mitigacion riesgo estructural edificio calificado colegio recalcar desprendimientos negocio inicio ano curso regi
Medios|https://oem.com.mx/elsoldetampico/local/se-estan-violando-sus-derechos-en-el-caso-dafne-exigen-investigacion-con-perspectiva-de-genero-y-apego-a-la-ley-31270566,Medios,1,28,localviernes julio violar derecho caso dafne exigir investigacion perspectiva genero apego ley organizaciones civil pedir caso dafne investigar perspectiva genero apego ley pleno respeto derecho victima antonio campos
Medios|https://oem.com.mx/elsoldetampico/tendencias/apago-incendios-por-30-anos-en-tampico-hoy-el-excomandante-camacho-necesita-ayuda-para-volver-a-caminar-31266539,Medios,1,28,tendenciasviernes julio apagar incendio ano tampico excomandante camacho necesitar ayuda volver caminar pasar dormir bodega nino situacion calle liderar cuerpo bomberos tampico fundar asociacion bomberos tamaulipas antonio campos
YouTube|https://www.youtube.com/watch?v=Jg3gNf-C1Yc,YouTube,12,164,yanina inocente pen jos fiscalia sedena marina academia usurpar funcion corresponder ningun soldado marino hablar elemento calladito fiscalia pagado asesino chica agarrar ala chica asesino dejar empaz digan asir porqueria fiscalia culpable recibir dinero recordar dinero agarrar gente inocente realidad fiscalia clasico padres separados quieren hacerse cargo hijos prefieren alejarlos metiendolos internados darles carino personalmente escuchar joven ano detener culpable chivo expiatorio ahorita video escuchandolo claro pensar mal acertaras admitir carcel culpable dizque justicia comilla detener agente inocente jeff dahmer iztacalco carnicero atizapan mata viejitas mocha orejas director pemex recomendado sheinbaum golpear esposa cara mana morra presto torturar internado culpable hombre mujer ley ley familia victima directo indirecto unansar victima grave traumatizado matar comentir suceder peligro untar mantequilla ala autoridad distraer culpable creer entregar kierar culpar chica asesino tranquilo asir favor padre dejar asus hijo mano ajeno edad sii derecho humanos internacional mexicana contaminada yar ningun comunicado intervenir vulneracion derechos dana yanina trampa dema victima miedo denunciar pensar pasar chica gente metiche puro estupidez
Medios|https://oem.com.mx/elsoldetampico/deportes/firma-deportes-tampico-importante-convenio-en-favor-de-mil-500-atletas-15981704.html?app=true,Medios,1,31,deportesviernes marzo firma deportes tampico importante convenio favor atleta convenio clinica comprometer prestar servicio traumatologia deportivo psicologia deporte nutricion deportivo convenio clinica comprometer prestar servicio traumatologia deportivo psicologia deporte nutricion deportivo
Medios|https://oem.com.mx/elsoldetampico/local/caso-dafne-que-sigue-tras-la-audiencia-inicial-y-el-dictamen-de-prision-preventiva-para-yanina-en-altamira-31273809,Medios,1,29,localviernes julio caso dafne seguir audiencia inicial dictamen prision preventivo yanina altamira dictar vinculacion proceso imponer prision preventivo equivaler condena final abrir fase investigacion complementario durar mes antonio campos
Facebook|https://www.facebook.com/monicavtampico/posts/pfbid02VzfMEchCBXeR8B6tdJgpijNXKHujmJeDiiQ6GJJTE8QuXvhitCNDDgAsajAL5Stpl,Facebook,8,61,jornada bienestar plaza golfo colonia guadalupe victoria acercar servicio atencion programa contribuir bienestar familia escuchar frente necesidad fortalecer equipo ciudadania gobierno seguir construir tampico cercano humano oportunidad tampicotecuida apoyar visite mayoria colonia tampiquenas neceditar canada frente iglesia san agustin super jornada bienestar gracias presi seguir jornada beneficio colono felicidad labor accion diferencia demostrar compromiso bienestar familia tampiquenas excelente beneficio presidenta jornada
Medios|https://oem.com.mx/elsoldetampico/local/vivienda-para-el-bienestar-en-altamira-donde-cuando-y-que-documentos-llevar-para-el-registro-31258009,Medios,1,23,localviernes julio vivienda bienestar altamira donde cuando documento registro programa buscar facilitar acceso solucion habitacional digno persona ano carecer patrimonio inmobiliario paulo monsivais
Twitter|https://x.com/NexosTuristicos/status/2080753400229024163,Twitter,2,236,sector hotelero mexicano presenta balance hospedaje mundial futbol asociacion nacional cadenas hoteleras anch asociacion mexicana hoteles moteles amhm presentar balance ocupacion hotelero mundial futbol mexico coincidir nivel ocupacion quedar debajo expectativa evento dejar importante legado turismo nacional gracias proyeccion internacional obtener pais jorge paoli diaz presidente anch destacar mexico demostrar capacidad organizar evento talla mundial resaltar organizacion hospitalidad seguridad justo deportivo senalar reto capitalizar imagen positivo atraer numero visitante impulsar turismo ano representacion asociacion hoteles ciudad mexico miguel angel fong informar ocupacion hotelero capital junio ligeramente inferior registrado mes dia disputar partido ocupacion alcanzar tarifa promedio incrementar permitir mejorar ingreso sector guadalajara sede encuentro mundial ocupacion promedio junio porcentaje menor registrar ano incremento cercano tarifa verano paz baja california sur viaje fantastico territorio pleno verano tomar transpeninsular manejar desierto disfrutar oceano pacifico golfo california territorio conformar paraiso peninsular aeropuertos internacionales opcion conectividad aereo llegar paraiso rentar auto aeropuerto internacional paz san jose cabo lap llegarar hotel centro paz minuto sjd viaje duracion hora medio norte vista espectacular desierto peninsular carretera transpeninsular quedatar centro historico existir multiple opcion alojamiento boutique descansar pasar noche paz hotel catedral espacio ubicado cuadro ciudad frente catedral senora paz jardin velasco frente malecon vista espectacular bahia encontrar baja club hotel grupo habita alternativa centro hotel republica pagana experiencia exclusivo hospitalidad gastronomia mixologia arte centro alrededores dejar coche comenzar recorrido pie paseo alvaro obregon frente malecon disfrutaras vista espectacular bahia autentico comida paceno
Instagram|https://www.instagram.com/p/DbE5s-kNtGx/,Instagram,2,15,caso implicar caso dafne silencio morenista protejar dafne pertenecer marina portar uniforme foto morenista corrupto
Medios|https://oem.com.mx/elsoldetampico/local/caso-dafne-padres-exigen-reembolso-del-campamento-a-la-academia-doenitz-los-directivos-ya-no-responden-31273394,Medios,1,26,localviernes julio caso dafne padre exigir reembolso campamento academia doenitz directivo responder padres familia asegurar directivo prometer devolver cuota pagado dejar responder llamada mensaje juan hernandez
Twitter|https://x.com/AlcaldesMexico/status/2080777544681345498,Twitter,2,31,apostar inversion encabezar firma pacto prosperidad estrategia fortalecer colaboracion sector empresarial impulsar desarrollo economico generar oportunidad querer solucion municipio perder solucionesparagobernar programa analizar problematica enfrentar administracion local conectatir martes manana facebooklive
Medios|https://oem.com.mx/elsoldetampico/deportes/reactiva-fut-entrega-de-reconocimientos-15984404.html?app=true,Medios,1,98,deportesdomingo abril fut entregar reconocimientosel evento cabo parque linkarticulo impresocompartirsigueno galardonadosreconocimientodeportesfutbolnotas relacionadasdeportesedmundo mon maron futbol alegria inmensadeportesjuanchos ida semifinal deportesla jaiba brava entrenar domingo noticiasdeportesnido aguila altamira volar alto buscar salto fuerza basico futbolista sur tamaulipas visoria atletico san luis pedir apoyo costo ganar culminar festival nacional minibasket tamaulipas nino participar evento buscar proyectar talento joven baloncestootro historico isaac toro concretar tercer tour francia enorgullecer mexicoisaac toro oficialmente tercer tour francia logro gol jaiba brava empatar piratas veracruz estadio tamaulipasel dividir equipo debutante arranque apertura liga expansionliga reestructura jugar apertura liga femenilesto mostrar quedar grupos liga mundo tampico
Medios|https://oem.com.mx/elsoldetampico/local/peritajes-contradicen-version-de-personal-de-la-academia-donde-murio-dafne-fiscalia-de-tamaulipas-31276853,Medios,1,27,localviernes julio peritajes contradecir version personal academia morir dafne fiscalia tamaulipas fiscalia tamaulipas sostener evidencia cientifico permitir reconstruir mecanica distinto narrado inicialmente persona relacionado institucion antonio campos
Twitter|https://x.com/EleeseNoticias/status/2080791588544909499,Twitter,1,16,monica villarreal impulso turismo deportivo anunciar festival nacional minibasquet oportunidad unico disfrutar deporte diversion cdvictoria tamaulipas
Medios|https://www.milenio.com/comunidad/cursos-gratuitos-altamira-abren-inscripciones-capacitacion,Medios,1,112,secretaria economia altamira lanzar convocatoria ciudadania inscribir serie curso formacion dirigido buscar adquirir conocimiento mercado laboral fortalecer proyecto negocio oferta incluir taller distinto area administracion tecnologia oficio idioma manualidad clase presencial desarrollar agosto centro esperanza posco amigos cual curso gratuito disponible altamira curso disponible encontrar reposteria gelatinas fruta encapsulada word administrativo instalaciones electricas residenciales reposteria basica iniciar dulce emprendimiento modulo english creator lab tejido crochet bolsas mochilas modulo bisuteria resina epoxica canva emprendedores nivel intermedio cuando iniciar curso altamira acuerdo convocatoria mayoria curso comenzar agosto taller reposteria gelatinas fruta encapsulada iniciar agosto horario word administrativo agosto lunes jueves instalaciones electricas residenciales agosto lunes viernes reposteria basica iniciar dulce emprendimiento modulo lunes viernes
Twitter|https://x.com/Jaibo_News/status/2080813576147648967,Twitter,1,18,alcaldesa monica villarreal encabezar jornada bienestar colonia guadalupe victoria vecino recibir atencion servicio dependencia itea dif tampico comapa
Twitter|https://x.com/Jaibo_News/status/2080829550934602024,Twitter,1,14,alcaldesa tampico monica villarreal anaya hablar acercamiento colonia jornadas bienestar ofrecer servicio sector municipio
YouTube|https://www.youtube.com/watch?v=LajuJDE_3x4,YouTube,3,27,arresto egente favor agente ice entender redundar cadena vida ice culpable muerte hermano morir culpa ice culpable carcel vida devar darce castigo mutuo casa blanco devir juzgar
YouTube|https://www.youtube.com/watch?v=dlCQJMNz6uQ,YouTube,51,355,unico demostrar fiscalia corrupto donde supuesto batman salvador harfuch desgraciado seguro recibir billete autoridad mendiga cuidador maestro guia deber detenido asesino osea ofensores resultan ofendidos culpables apareceran mujer fiscalia especializado adema juzgar obviamente victima abogado defensor artimana fulana utilizar pueblo mover pasar mexicano cabeza denunciar perdido dafne animar denunciar posiblemente amenaza acudir denunciar inmediatamente tardar pareciera querer distraer autoridad juez acordeon detener prueba acusacion academia matar dafne pasar cualquiera acabar justicia mexico disfruten votado deber cerrar escuela ensenar torturar victima victimaria sonar escuela gloria trevi existir conciencia mal ensenar jovencito denunciar callar creer corresponsable victima deber haser exaustivo investigacion detener cuanto estrella marido atrevir marino parecer persona honesto trigo limpio exigimos justicia dana justicia podrida encubre afin creer culpable asunto lamentable mero desgraciado accidente entender familia vean cosa perjudicar alguien inocente alguien responsable aspecto negligencia desconocimiento caso dolo atrevir alumna exalumna maltratado cadena final cultura escuela alguien influencia obtienes respuesta mediocre autoridad lamentable autoridad corrupto exacto responsable encargado dejar alumno control checar alcalde protejar delincuente esc porquer educacion militarizada meten angelitos entiendo padre milicia cualquiera millon deber pagar corrupta fiscalia familiar fiscalia corrupto actuacion danna denunciar declarar agarrar necesitar esperar deber clausurar dichoso academia carcel toodo madre autoridad perverso costumbre buscar chivo expiatorio culpable ahogado nino increible esperar suceder desgracia actuar pobre chica chivo espiatorio ciego corrupto protegen culpable esperar justicia mama interesado fama homicidio detenido testimonio fiscalia girar orden detencion inmediato fijensir actuar rapido chapulin colorado victima demandar familiar culpable seguramente presentar declarar victima perverso testigo danna seguro aplicar novatada directivo querer ocultar evitar desprestigiar academia salir control dana seguro envidia dafne bonito enfrentar ahhh sarta mentira evadir justicia venir danna yanina gente enfermo detener nivel cochinero academia cochinero padre evidencia audio hija quedar presion social alcanzar nivel dificil ignorar normal estrellita cara diabla obviir chica arrestado andar quedar lumbre aparejo culpable esperar detener demonio corrupto ley bendigar agar amor keito rey amar jesus carma existir veyo voluntad danna inocente querer chivo expiatorio actuar criminal pelar chingadera cerrado pch escuelas jovencitos muerto escuelas aislado culpar inocente libre haci morena manipular testigo danna inocente fue denuncia ineptos acabar mundial necesitar caso esperar noticia curioso crimen
Medios|https://www.milenio.com/estados/danna-yanina-vinculada-proceso-feminicidio-dafne,Medios,1,99,danna yanina persona detenido delito feminicidio dafne zapata vincular proceso sabado audiencia centro integral justicia altamira elemento acreditar plenamente dato arrojar probabilidad alguien cometer participar comision afirmar fiscal tamaulipas jesus govea orozco entrevista telediario tampico titular fiscalia considerar aspecto especial cuidado precisamente divulgar indebidamente informacion carpeta investigacion cuidar principio legalidad diligencia dato investigacion consecuencia etapa procesal emision orden aprehension solicitud fiscalia especializado investigacion delito feminicidio homicidio doloso mujer significacion importante fiscalia tamaulipas asegurar elemento danna anadir requisito exigido constitucionalmente emision orden aprehension existir dato acreditar comision ley senalar delito caso ocupar dato arrojar probabilidad alguien persona cometer participar comisio
Twitter|https://x.com/P_Civil_Magazin/status/2080873858370863187,Twitter,2,33,presentar riesgo estructural inmueblesar ciudad tampico edificio recientemente colapsar losa notificar ocasion informar proteccion civil colima taxistasde tecoman fortalecer formacion curso auxilio cruz roja actualizacion anual deber acreditar prestador servicio radicar salvar vida
Instagram|https://www.instagram.com/p/DbM_hoxjQNn/,Instagram,1,42,sentir adrenalina experiencia listo convertir curiosidad aventura barco museo nino sala oportunidad tocar experimentar descubrir sorprenderte ciencia tecnologia historia creatividad aprender sentir juego diversion quedar anclado visitalo zarpa experiencia olvidaras emilio portes gil colonia obrera arbol grande tampico tamaulipas sientelaadrenalinatampico turismotampico turismo
YouTube|https://www.youtube.com/watch?v=pD2ON7j_6L0,YouTube,275,500,bonito sentimiento tigres felicidad cruzazulino destacable factor asistencia incapacidad alergico america falta aprovechar incomodo rival partido condicion porra devolver parecer ascendido arbitraje america atlante katia america fmf dia quedar jajajajajaja atlante colgado minuto cuidar pequeno sobrevivir celebrar destruyo ayuda rojo victoria derrotar salir puro gol falta grande mediocre argentina cerdo historico katia aguilas marcado tarjeta grande vencer vuelta frustrado pumista inventar rodolfo realidad hombro anular estar querer deber partido imposible culero sacar favorecer christian metro parecer muchisimos imposible temporada arbitro arbitro conteste perjudicar parar esforzar rata indicacion volver club empate oscurantismo kaka femenil felicidades municipio hgo futbolista problema exceso cesped medida seguro potrero horrible implementar producto rojo numero andar parecer ataque pensar golgolgolgolgolgolgolgolgol gritar arbitra corrupcion mundial achis jugador festejo amercia puercos regreso feliz querido piedra oscar ano jornada ilucionar motivacion jaja ganar azul jajajaja empatado querer americanista mano quizas israel refuerzo jajajaj historia pizzuto quedar ortiz tumbo balon rata adios ayuda rival peor sentir narrador malisimo querer argentina malo salir meter pizzuto empatar morrita paque pedorro americo azul mazatlan izquierdo notar recordar santo imaginate hablar cuando mano emilio leyendas ayudar mano existir narracion rosique comentarista basura local mundial pronto faltar amierdika pinche madre culero rosique rebote interesantisimo mal claro azulgrana antonio antifutbolistico original espanol exatlon pitar mero henry idiotez puro nombre valdez mms hdspm ganar serio tenian puebla pumas joven campeon canterano henry azul olvidar existierar alabar defender horrible esquema claridad gana malo mirar neto ascenso gustar empesar expulsar var mal nefasto pitar malo jimenez revisar salir area achicar portero portero tiro error apoyar faltar pendiente pura titular jhoan semana azul jugar jimenez miguel aapoyar temporada vacio chiva penal doble maximo etc corrupcion expansion bienvenido pato mejorar pelafustan cansar amistad hombro luka plancha robo barcelona neto gustar traorar bano inercia var gasero rudo olvidar cunar plan ames hijo pendejo regresar argentina caray barca tronco pato general culero raro vuelta mirar herrera potro gimenez forzado arbitra titere aganselo expansion ojala puente acer protesta desenso azteca roja empatar pena existir ayudar amarillo atalante san volver americo ciego sueno mvp feo resumen normal acostumbrado triunfo alrrev guila abierto disparo intencion pesima plantilla cota mexicano humilde incongruencia broma inclusion femenil pena dirigente cuartos tronquinez falla valer kevin minimo pesimo fallado pal ridiculo copiar ojala grito parecido ganar azteca alcanzar femenil practica ala clasico jajaja jejeje teatro pacer nomas horrendo americanista barca estudiar jajajjaja costilla gata pobre perro menisco escuchar vaca amarillo madero comercial jugada nombre tonto batalla tarde transmitir neto refuerzo costar nombre onda grandee vivir rosicar motivacion cota nesecitaba pueblo manejar ayudita hablar atlas perdono potro roja pendejo hijo mmn barato volver americo tanta estadio afuera jajajajajajajajajajaja comentarista administracion empezar rudos rudo historico recordar juego atajada borussia infumable desempeno nivel bienvenido fut copa cualquiera mmmm comentario triste espana regalar herrera torneo azcarraga comprarle siemprir favorito mazatlante quito elimino presente cdmx cancun porqueria alvarez lento circo azcarrata permitir mms planchota obvio payaso violante echar asusto entender sombra rayado argentino rata viejo televisa servir realidad bravo porteros pase imaginate poderoso torneo serio narrador llegar
Medios|https://oem.com.mx/elsoldetampico/local/tampico-se-mantiene-en-el-top-10-de-ciudades-mas-seguras-en-mexico-ocupa-el-septimo-lugar-31276445,Medios,1,21,localsabado julio tampico mantener top ciudad seguro mexico ocupar reynosa ciudad frontera norte tamaulipas considerar inseguro pais debajo culiacan maria macias
Medios|https://oem.com.mx/elsoldetampico/local/el-gigante-de-hierro-que-conecto-los-sabores-y-los-suenos-de-tampico-con-la-huasteca-31274014,Medios,1,31,gigante hierro conectar sabor sueno tampico huasteca via formar proyecto presidente porfirio diaz ano pasar tren via paulo monsivais via formar proyecto presidente porfirio diaz ano pasar tren via paulo monsivais
Medios|https://oem.com.mx/elsoldetampico/local/planean-derrumbar-mercados-temporales-en-tampico-por-construccion-del-metrobus-31276016,Medios,1,29,localsabado julio planean derrumbar mercado temporal tampico construccion metrobus faltar definir espacio utilizar estacionamiento metrobus patio maniobra maria macias faltar definir espacio utilizar estacionamiento metrobus patio maniobra maria macias
Medios|https://www.milenio.com/opinion/ramon-gonzalez-barbet/charreria-al-dia/feria-de-escaramuzas-en-puebla-2026,Medios,1,105,dia inauguracion oficial campeonato nacional charro infantil juvenil escaramuzas puebla continuar intenso actividad centro expositor fuertes loreto guadalupe julio cabo feria escaramuzas jornada completo dedicado mujer charra dividido bloque competencia consolidar agrupacion mantener posicion aspirar llegar final respectivo categoria grupo comenzar horas categoria infantil destacar charra guadalupe zacatecas seguido rancho pirul mexico unidad hacienda portales coahuila segmento categoria infantil rancho palmar tlaxcala imponer seguido real cuautitlan izcalli mexico categoria juvenil agrupacion luis campos herrera morelos concluir hora iniciar bloque competencia categoria dientes leche chiquiamazonas chiapas lograr unidad seguido adelitas tampico tamaulipas linaje tlaxcala finalizar infantil charra saltillo coahuila obtener finalmente juvenil presentar charra guadalupe zacate
Medios|https://www.milenio.com/opinion/editoriales/se-dice-en-la-grilla-tamaulipas/la-grilla_1231,Medios,1,101,secretaria seguridad publica tamaulipas problema policia acusado fiscalia participar secuestro empresario reynosa concentrado complejo seguridad publica ciudad victoria parecer tomar dia resolver situacion juridico caso dafne parecer generar sacudido resultado cabo fiscalia general justicia realidad autoridad proceso control confianza elemento ano cabo labor parecer pasar desapercibido raiz caso dafne comenzar destacar institucion falta limpia fiscalia deber comenzar cambio necesario renovar elemento acuerdo opinion publico contaminado semana cabo movilizacion caso jovencita asesinado academia militarizada dichos evento vigente zona dorado tampico zona centro ciudad asimismo esperar autoridad fiscalia general justicia tamaulipas resolver representar llamado poblacion general autoridad querer vinculir proceso estrellita exigencia poblacion
Facebook|https://www.facebook.com/reel/2247504302738395/,Facebook,7,49,rancho prepacer rico cabrito brasa quedar delicioso compartir video esperar gustar pasar semana saludo partido jaibota cruz azul torta frio afuera estadio tamaulipas saludo aga invite saludo bendicion senor nader provecho saludo bendicion provechito chucho fuerte abrazo amigo saludo saludos chucho saborear rico cabrito provecho delicioso provecho estimado chucho
Facebook|https://www.facebook.com/monicavtampico/posts/pfbid0DBxoB2aov22J1Rpn4j2UPbjvSf9hmJBww1nVcgKCRT5qGVQMVim786437GnxoBSol,Facebook,7,53,tampico continuar top municipio percepcion seguridad mexico ocupar resultado reflejo coordinado recuperacion espacio convivencia fortalecimiento institucion accion dia realizamos tampiqueno vivar tranquilidad seguir construir tampico seguridad fortalecer prevencion cercania bienestar tampicotecuida tampicovacontodo resultado tampico gob cuidar servir poblacion felicidades alcaldesa cumplir compromiso gracias excelente alcaldesa excelente noticia resultado vista ambito gracias presidenta enhorabuena
Medios|https://www.milenio.com/estados/exalumna-acusa-de-abuso-a-director-de-la-academia-doenitz,Medios,1,111,decada guardar silencio muerte dafne zapata quintos mantener escrutinio academia militarizada marina doenitz exalumna decidir contar historia asegurar comenzar ano razon seguridad pedir identificar unicamente zumaya entrevista milenio afirmar victima abuso sexual manipulacion psicologico violencia jorge luis ponce ortega director academia senalar aprovechar relacion autoridad ejercer cursar bachillerato testimonio ocurrir academia operar colonia unidad nacional ciudad madero abusar oficina zumaya relatar jorge luis ponce ortega convivio organizado integrante equipo lucha grecorroman institucion dia recordar director comenzar comandante zumaya apodo terminar acompanandolo estancia academia dia asegurar citar oficina directivo comenzar agresion martes mandar llamar oficina abusar oficina acostumbrar sacar galera abusar sexualmente recordar ocurrir zumaya ano jorge luis ponce ortega acuerdo relato
Medios|https://www.milenio.com/estados/caso-dafne-quienes-son-jorge-luis-ponce-estrellita-mora-danna-yanina,Medios,1,113,personaje concentrar atencion publico caso dafne zapata quintos adolescente ano morir permanecer campamento verano academia militarizada marina doenitz ciudad madero tamaulipas fundador institucion decada proyectar imagen disciplina militar director pertenecer fuerzas armadas mujer exalumno imponer orden castigo control absoluto internado tercero danna yanina exalumna ano enfrentar proceso penal cuyo historia dividir opinion publico autoridad investigar caso feminicidio decena exestudiant recurrir red social describir ambiente asegurar vivir interior academia sostener danna yanina dejar alumna permanecer plantel esquema control victima maltrato abuso sexual detener militar civil sorpresa caso jorge luis ponce ortega director academia militarizada doenitz encontrar centro senalamiento muerte dafne decada encabezar institucion operar colonia unidad nacional posteriormente trasladar colonia mayo ciudad madero plantel
Medios|https://www.milenio.com/el-clima/clima-tamaulipas-pronostico-temperaturas-25-julio-2026,Medios,1,100,sabado tamaulipas jornada tipico pleno verano municipio calor volver fuerza zona lluvia dia alto temperatura constante territorio viento humedad jugar papel importante condicion clima tamaulipas clima tamaulipas sabado dominado condicion calor intenso posibilidad lluvia region ingreso humedad presencia inestabilidad atmosferico acuerdo pronostico servicio meteorologico nacional smn tamaulipas esperar intervalo chubasco milimetro temperatura maximo grado celsius oeste prever viento componente variable velocidad kilometro hora racha kilometro hora condicion generar tolvanera zona abierto aumentar sensacion termico hora exposicion sol cual temperatura pronosticada tamaulipas zona norte zona fronterizo municipio laredo reynosa matamoros ambiente caluroso sabado julio regional prever temperatura maximo cercano grado celsiu
Facebook|https://www.facebook.com/monicavtampico/posts/pfbid02X8JCJRHk8dmDAxVQjgWDJywRT8wrbvMvqx2bjeMkAGvtoCmq3yvYptWYG8yCGmvol,Facebook,7,89,comparti desayuno campeon categoria infantil platino llenar orgullo tampico conquistar campeonato latin america world series merida yucatan gusto convivir familia coordinador softbol beisbol unidad deportivo tampico jorge pancardo detras medalla hora entrenamiento esfuerzo sacrificio respaldo incondicional mama papa reconocimiento pequeno grande deportista disciplina entrega compromiso tampico seguir apostar deporte fortalecer espacio deportivo generar oportunidad nina nino joven continuar representar orgullo nombre ciudad felicidades campeon tampicotecuida apoyar pequeno grande deportista dedicacion esfuerzo felicidades sigan pasion deporte excelente precidenta tampicotecuida felicidad campeon logro esfuerzo dedicacion orgullo felicidad merecido premio esfuerzo felicidades
Medios|https://www.milenio.com/deportes/futbol/jaiba-brava-bienvenida-piratas-veracruz-noche-debuts,Medios,1,121,estadio tamaulipas vivir tarde noche sabado estreno completo marcha apertura liga expansion cancha cara jaiba brava escuadra competitivo ano recibir debutante piratas veracruz partido programado hora marcar epoca franquicia sur plantilla registrado federacion mexicana futbol lucir renovado ciento elemento considerado director tecnico daniel borita alcantar ano futbolistico experimentado liga defensor oscar manzanarez atacante jesus alberto ocejo ano division plata jonathan tovar cristian cruz jesus lopez ronaldo gonzalez daniel lopez oportunidad porteno ivan ochoa emprender camino torneo quedar jugador destacar portero gerardo kampa ruiz zaguero jose alberto lopez alberto rios volante ofensivo edson torres deivoon magana nestor corona directiva decidir giro completo jugador defender causa dejar aspecto competitivo ganado regresar division par ano final titulo liga jerarquia franquicia reciente epoca mantener standard
TikTok|https://www.tiktok.com/@jossy_rp1,TikTok,1,8,esfuerzo orgullo consulta nutricional dif ayuntamiento tampico alto
Medios|https://www.milenio.com/espectaculos/famosos/pareja-de-moises-penaloza-quien-es-novia,Medios,1,108,casa famosos mexico participante confirmado actor modelo moises penaloza integrante vivir licenciada karina torres iconico ernesto laguardia tamaulipeco relacion sentimental preparar participante reality pronto iniciar expectativa seguidor personalidad destacado confirmar moises penaloza jonathan moises sierra penaloza conocido artisticamente moises penaloza destacado actor modelo conductor television mexicano nacer octubre tampico tamaulipas ano consolidar rostro reconocido television actual camino exito inusual ingresar mundo espectaculo estudiar ingenieria electronica instituto tecnologico ciudad madero decidir cambiar rumbo vida perseguir vocacion escenario instituto tamaulipeco cultura artes posteriormente cea televisa egresar ambito modelaje penaloza alcanzar prestigio internacional coronar mister supranational mexico representar pais polonia obtener tercer nivel mundial titulo mister personality top model actor participar
YouTube|https://www.youtube.com/watch?v=vXdaHEV2VTA,YouTube,168,500,echar ernesto maldito corrupto pagar deber bastar inventar inmediatamente forma villareal deber cancer comenzar nicaragua izquierda generado claudia continuar educacion seguir contruia leon cuantos encontrar cara chairo defender apoyo inponidad poderoso persona casualidad wey sacar gobierno segun culpable andy huachicol culpable robo visto miserable quot quot puro deber corrupto presidenta buscar oposicion taz informado detener complejo detener presidenta trump investigar panista mexico corromper cinico refineria ganar protegido terreno descarado saqueo seyamar morena negocio comprar padre godoy caso puro puro fascista ase comunista mentira facil proceso permiso detener viejito huachicol mirar bla grande obrador govierno americo embarrado descubrir buscar acto mexico conocimiento estatal prueba prueba carcel detener narcopolitico construido construir medio vaca ano investigar buenov gobierno vender presidente darla litro ruffo entranas diestra impunidad mocha dificil americo costar atraco servir responsable sacar sello logico sacar serio punado orden quieran corrupto financiamiento ejercito recuerden fuero piden csiga priardmc querer gobernador sueldo robir nomina crimen palenque mero proxeneta puro detras suerte escapar avisar cuarto desgraciado maximo presirvienta limosna pobre noticias estilo crimen escarbar luz razon creer lopez ahorita unidos serio gobernador huachicolero aparte robar hijo peje ratero chairo narco judio oposicion compusar mva salgas jane bato periodista pagina negocio alcanzar burla ingobernabilidad mexico francamente localizar pipero querido mario fiscal comentario hugo construir tubo indagar combustible contruyo autoridad prianistas ruffo hugo seguidor amlo pensar codigo chingon bienestar monterrey demoler rufo denunciar amlo construir inspector instalacion americo marina soberania ejercito claudia miente claudia secta encubrir traidor americo pensar amlo crimen deber gracias jugoso visto autoridad historia mentiroso politicos saquear prian ahorita querer negro pensar estatal madre robar apoyos etc caiga quot senor pais operar dijo enterado caso incendio perro infierno vivo presidenta viva vendido hugo clave gov montar deber refinar ganancia bocas importante perseguir operacion proteger feo presidente pruebas creer empezar fiscal absolutamente puesto demanda galvez irrefutables grabaciones oficiales rocha secretario ostante conocimiento cercano augusto jesus detencion ruffo muerto votos secta problema totalmente elefantes servir salud autonomas empezar santurron bola mentira sela pinchar puerco dinero pinche robir ayuda inmunda secretaria nahle construccion salir sobrecosto mal confia pueblo perjuran caigar politico conocimiento leccion narcogobierno narcogobernadores presidenta mendigo petroleo come creer calderon preso ernesto cuarta ojo ojo criminal ningun caliente explicacion actual impunidad obra etiqueta bienestar servir movimiento previamente detenidos personal riel noticia deshonesto ambicion vista mugre caer conectado wrnesto hagas desinformar vaca pedir montar maldito creer med grande abus quemar pegar caca bote confianza robado formar despazar venezuela cargo trump autoridad fuiron informacion alterar dejar inculpado contar erenestina ulices fabricar judicial positivo manipular mega super pongar claro rufos cara raro podcast ebrio dinero favor nidetentar limpiar abrir tolerancia dudoso contratar responsable fiscalia estudiar proceder permitir proteger peso mando aduanal federal crimen sospechoso mana excedente obrador ganancia mini disfruten feliz avisar enojo campos laboratorio negar pequeno huachiclaudia calderon luna boca brutal robot automatizada costar corruopto acusar culpable asta metido politico esto yaaaaa mexicano hora periodista convenencia narcopolitico encontrar sear ejercito involucrar arrestar teje chivo realidad presi mexicano segun clase alto mete convivir caso sufrir chairo seguro votar
Medios|https://www.milenio.com/estados/defensa-danna-pide-citar-director-doenitz,Medios,1,122,defensoria danna yanina solicitar presencia implicado caso dafne incluir director academia militarizada doenitz jorge luis ponce testigo incluido exalumno victima presunto maltrato escuela ubicado ciudad madero faltar persona declarar abogado omar perez hernandez miguel angel perez roman dunia ramirez apuntar persona proponer jueza control ministerio publico llamado declarar derecho acusado caso acudir solicitar plazo litigant acompanar padre acusado audiencia programado manana centro integral justicia altamira forma llegar alejandra quintos madre victima homicidio ocurrido dia campamento verano testigo mayoria guardar identidad incluido director escuela persona deber comparecer jueza control girar indicacion ministerio publico acudar ley utilizar fuerza publico necesario mencionar hernandez perez buscar plazo hora minutos ingresar padre detenido caso surgir principios semana esperar autorizacion acceder sala mencionar caso lanzar llamado buscar plazo
Medios|https://oem.com.mx/elsoldetampico/gossip/chocolate-caliente-ideal-para-las-fiestas-16267920.html?app=true,Medios,1,35,actriz calificar magico cineasta coincidir luis rodriguez sobrino amigo cynthia klitbo copia autorizado pelicula dirigido christopher nolan superar millon visualizacion red social difundir suspender agosto audiencia discutir fecha juicio asesinato menor ano cantante sostener relacion
Medios|https://www.milenio.com/estados/sacan-a-madre-de-dafne-de-audiencia,Medios,1,103,madre dafne alejandra quintos sacar audiencia caso hija fallecido campamento verano escuela militarizado ciudad madero acusar violentado derecho juez control denunciar caso instancia correspondiente sacar alejandra madre dafne audiencia visiblemente consternado aparecer minuto comenzar desahogo prueba centro integral justicia altamira mencionar resultar ilegal determinacion principal familiar victima presunto homicidio juez control decidir ilegalmente audiencia violar derecho madre victima injusto proceso esclarecer muerte hija declarar salir recinto denunciar presunto irregularidad caso indicar formar serie irregularidad encontrado proceso autoridad judicial fiscalia general justicia entidad violar derecho derecho persona existir persona lucrar situacion dolor importar llegare consecuencia culpable castigar advertir referido audiencia hora ponencia fiscalia defensoria
Medios|https://www.milenio.com/estados/defensa-de-danna-acusa-irregularidades-durante-audiencia,Medios,1,104,fiscalia general justicia tamaulipas ensuciar investigacion caso dafne senalar abogado defensor danna yanina unico acusado presunto homicidio adolescente participar campamento verano academia militarizada ciudad madero puntualizar proceso anomalia entorpecimiento investigacion miguel angel perez roman formar defensoria menor detenido presentar manana audiencia centro integral justicia altamira mencionar persona entrar instalacion escuela entorpecer averiguacion previo ministerio publico surgir reaccion declaracion fiscal jesus eduardo govea orozco dia asegurar existir elemento suficiente nicolar proceso joven formar plantel dirigido jorge luis ponce presentar argumento considerar averiguacion pertinente persona entrar hogar prueba ensuciar entorpecer averiguacion apuntar reiterar expresado companero llamar comparecer titular instituto subalterno personal muerte adolescente ano ahogamiento lle
Instagram|https://www.instagram.com/p/DbN-s8lAUsw/,Instagram,4,11,saludo chucho matar delicia chucho venir guango parrillero cabrito saludos bendiciones
Twitter|https://x.com/EleeseNoticias/status/2081164734091383205,Twitter,1,15,monica villarreal rendir homenaje campeon tampiqueno beisbol celebracion talento local inspirar futuro generacion cdvictoria tamaulipas
Twitter|https://x.com/VoxPopuliNoti/status/2081166091431141619,Twitter,1,22,reconocer monica villarreal campeon tampiqueno beisbol alcaldesa destacar esfuerzo disciplina talento integrante equipo toros platino conquistar latin america world series tampico tamaulipas
TikTok|https://www.tiktok.com/@monicavtampico/video/7666623396528000274,TikTok,1,30,compartir resultado hablar vivir ciudad tampico seguir destino turistico importante noreste mexico ano recibir visitante generar derrama economico superior millon pesos numero reflejar confianza visitar seguir tampico brillir dia tampicotecuida
Medios|https://www.milenio.com/negocios/constructoras-de-tamaulipas-caen-en-2026,Medios,1,103,empresa constructor tamaulipas registrar disminucion actividad semestre acuerdo encuesta nacional empresas constructoras instituto nacional estadistica geografia inegi produccion sector caer ciento comparacion periodo ano impactar hora trabajado contratacion personal comportamiento reflejar menor actividad obra publico privada situacion empresario atribuir retraso asignacion proyecto infraestructura afectar caida construccion tamaulipas inegi produccion constructora tamaulipeca disminuir ciento anual cierre junio reduccion produccion hora trabajado descender ciento periodo ano personal ocupado disminuir ciento escenario remuneracion pagado trabajador aumentar ciento ano nivel nacional tamaulipas leon registrar menor retroceso entidad resultado negativo formar panorama desaceleracion industria construccion explicar actividad sector presidente camara mexicana industria construccion cmic tamaulipas pablo haro panduro
Medios|https://www.milenio.com/comunidad/dif-tampico-abre-curso-lengua-senas,Medios,1,114,sistema dif tampico anunciar inicio curso lengua senas mexicana lsm dirigido poblacion general proposito fortalecer inclusion favorecer comunicacion comunidad sordo presidenta organismo luz adriana villarreal anaya informar capacitacion comenzar agosto respuesta positivo edicion cuando iniciar curso lengua senas mexicana tampico acuerdo dif tampico curso iniciar agosto disponible nivel basico intermedio avanzado capacitacion duracion sesion equivalente mes impartir unicamente sabado cuota recuperacion pesos mensual curso dif tampico luz adriana villarreal anaya senalar interes ciudadania aprender lengua senas mexicana crecer organismo decidir abrir generacion respuesta poblacion interesar aprender lengua senas mexicana convivencia comunidad sordo iniciar curso agosto expresar persona interesado solicitar informe telefono dif tampico buscar fortalecer inclusion presidenta sistema dif destacar programa prioritario organismo prom
Twitter|https://x.com/gruponoticiaspc/status/2081219678848843908,Twitter,1,17,reconocer monica villarreal campeon tampiqueno beisbol compromiso impulsar deporte herramienta construccion sociedad sano unido oportunidad generacion leer
Medios|https://oem.com.mx/elsoldetampico/turismo/playa-miramar-perfila-un-verano-historico-esperan-mas-de-1-5-millones-de-visitantes-31289621,Medios,1,23,turismosabado julio playa miramar perfilar verano historico esperar millon visitante turista vacacion verano espacio turistico importante tamaulipas encaminar romper record afluencia antonio campos
Medios|https://oem.com.mx/elsoldetampico/gossip/distinguidos-invitados-en-la-inauguracion-centro-de-artes-y-deportes-de-la-ats-16273950.html?app=true,Medios,1,21,gossipmiercoles febrero distinguido invitado inauguracion centro artes deportes ats presidente consejo robert fleishman encabezar ceremonia presidente consejo robert fleishman encabezar ceremonia
Medios|https://oem.com.mx/elsoldetampico/local/cuidado-con-la-canicula-llaman-a-evitar-exposicion-al-sol-y-mantenerse-hidratados-en-tampico-31290956,Medios,1,24,localsabado julio cuidado canicula llamar evitar exposicion sol hidratado tampico zona conurbado registrar caso oficial golpe calor deshidratacion prever sensacion termico superior yadira hernandez
Medios|https://www.milenio.com/comunidad/marchan-por-justicia-para-dafne-en-madero,Medios,1,113,familiares exalumno ciudadano caravana marchar tampico ciudad madero exigir justicia dafne zapata quintos adolescente ano fallecer curso verano academia militarizada doenitz movilizacion reunir vehiculo centenar persona pedir esclarecimiento caso detencion presunto responsable desarrollar caravana justicia dafne convocatoria difundido red social reunir madre familia estacionamiento centro comercial arcos caravana participante colocar consigna vehiculo exigir justicia recorrer avenida hidalgo vialidad tampico ciudad madero provocar transito lento calle agua dulce zona centro hora contingente llegar plaza armas ciudad madero sonido claxon consigna manifestante reiterar exigencia autoridad esclarecer muerte menor posteriormente avanzar presidencia municipal ciudad madero protesta continuar recorrido denunciar familiar exalumno academia militarizada doenitz manifestacion asistente solicitar mantener identidad reserva temor represalia relatar presunto experiencia maltr
Medios|https://oem.com.mx/elsoldetampico/deportes/sin-goles-jaiba-brava-empato-con-piratas-de-veracruz-en-el-estadio-tamaulipas-31295057,Medios,1,28,deportessabado julio gol jaiba brava empatar piratas veracruz estadio tamaulipas dividir equipo debutante arranque apertura liga expansion hector rivera dividir equipo debutante arranque apertura liga expansion hector rivera
Medios|https://www.milenio.com/opinion/editoriales/se-dice-en-la-grilla-tamaulipas/la-grilla_1232,Medios,1,111,mario delgado sedena decidir marcar distancia escuela militarizado morir dafne deslinde aclaracion llegar presion publico convertir caso nacional semana institucion comenzar fijar postura cuantos dependencia salir explicar relacion supervision conocimiento espacio morena navegar fractura interno aduana aspirante sobrevivir filtro expediente afuera lupita gomez asegurar lupa aspirante gubernatura eliminar arrastrar antecedente violento corrupto moroso etcetera quedar suficiente aspirante pie victoria presumir ligero mejoria percepcion inseguridad lalo gattas quedar lejos descorchar botella laredo ano sinonimo riesgo tampico vivir peor etapa violencia quedar atras reynosa arrastrar etiqueta peligroso capital avanzar reapertura frontera norte exportacion ganado llegar agua desierto productor pecuario alivio secretaria desarrollo rural titular antonio varela flores hallar puerta escuchar reclamo ganadero encontrar
Medios|https://www.milenio.com/deportes/futbol/jaiba-brava-empata-ante-piratas-de-veracruz,Medios,1,120,descafeinado presentacion jaiba brava empatar piratas veracruz gracias prodigioso intervencion gerardo kampa ruiz celest firmar reparticion duelo destello ofensivo victor hugo duran tampico version jaiba brava presentacion descafeinado gracias hombre rentable ano gerardo kampa ruiz comenzar apertura liga expansion derrota empatar casa piratas veracruz mostrar futbol brillante choque inaugural certamen celebrado asistente estadio tamaulipas generar duda obligar director tecnico daniel borita alcantar empezar conforme avance torneo linea medio campo frente desarticulado destello fiel estilo plantel estructurado marcha rival fuerte oposicion mario garcia arranque viejo conocido humberto gansito hernandez rolando pecas gonzalez jose clemente omar soto provocar esquema local dificultad mover amplitud profundidad pelota edson torres jesus lopez alberto ocejo tratar pegajos marca central pelota parado producto individualidad cristian cruz voluntarioso
Medios|https://www.milenio.com/policia/quien-es-estrellita-n-detenida-por-el-caso-dafne-perfil,Medios,1,111,caso feminicidio joven dafne ocurrido campamento academia militarizada marina doenitz tamaulipas nombre estrellita conocido publicamente estrellita mora cobrar relevancia tercero detenido implicado crimen senalado familia victima persona convivir menor deceso captura responder principal exigencia justicia formulado familia menor ciudad madero tamaulipas estrella estrella identificar investigacion testimonio caso reportado milenio persona cercano academia militarizada marina doenitz director jorge luis detenido hora acuerdo declaracion exalumno familiar comunidad escolar estrellita cumplir funcion dinamica interno supervision actividad plantel incluir campamento instruccion denunciar multiple castigo fisico irregularidad red social trascender estrellita hermana guadalupe actual esposa jorge luis ponce ortega colocar persona confianza director academia hora dafne zapata dia investigacion alejandra quintos madre dafne senalar publicamente estrellita
Medios|https://oem.com.mx/elsoldetampico/local/investigadoras-de-la-uat-analizan-los-retos-de-la-comunicacion-en-encuentro-latinoamericano-31274715,Medios,1,24,localsabado julio investigadoras uat analizar reto comunicacion encuentro latinoamericano acudieron consuelo lemus liliana angel maria eugenia rosas rebeca rodriguez pertenecient fadycs tampico victor sampedro
Medios|https://oem.com.mx/elsoldemexico/mexico/beneficia-gobierno-estatal-al-zar-del-transporte-en-tamaulipas-16852474.html?app=true,Medios,1,28,mexicodomingo septiembre beneficiar gobierno estatal zar transporte tamaulipas garcia cabeza vaca beneficiar transpais contrato concurso licitacion forma directo garcia cabeza vaca beneficiar transpais contrato concurso licitacion forma directo
Medios|https://oem.com.mx/elsoldetampico/deportes/adaptados-a-la-nueva-normalidad-15981376.html?app=true,Medios,1,24,deportessabado marzo adaptados normalidad sol tampico platicar enfermeria eder aguilar ano acudir gimnasio diariamente sol tampico platicar enfermeria eder aguilar ano acudir gimnasio diariamente
Medios|https://oem.com.mx/elsoldetampico/policiaca/detienen-a-director-de-la-academia-militarizada-doenitz-donde-murio-dafne-quintos-31295454,Medios,1,31,policiacasabado julio detener director academia militarizada doenitz morir dafne jorge luis capturar sabado esperar hora presentar juez control mariela macay jorge luis capturar sabado esperar hora presentar juez control mariela macay
Facebook|https://www.facebook.com/monicavtampico/posts/pfbid02kjzhMun5B21vucfyUrKkAT3y97exfeTC4E72Kp1Lu1ngoPb53Vw2Lsx8FoVJefZNl,Facebook,3,19,feliz domingo compartir pequeno residente vivero didactico conejitos campo hermoso lunes lindo conejito plantar estacionamientos rodear escuela hospital arboles
Medios|https://oem.com.mx/elsoldetampico/deportes/pueden-lograr-lo-que-se-propongan-15974050.html?app=true,Medios,1,100,deportesjuev junio lograr jugador leon esperar linkarticulo impresocompartirsigueno notas relacionadasdeportesarca campeon futbol cetis campeon torneo futbol interprepas uvmdeportescelebra promocion grado club samoamas noticiasdeportesnido aguila altamira volar alto buscar salto fuerza basico futbolista sur tamaulipas visoria atletico san luis pedir apoyo costo ganar culminar festival nacional minibasket tamaulipas nino participar evento buscar proyectar talento joven baloncestootro historico isaac toro concretar tercer tour francia enorgullecer mexicoisaac toro oficialmente tercer tour francia logro gol jaiba brava empatar piratas veracruz estadio tamaulipasel dividir equipo debutante arranque apertura liga expansionliga reestructura jugar apertura liga femenilesto mostrar quedar grupos liga mundo tampico raul cugar curiel pelea
Medios|https://oem.com.mx/elsoldetampico/deportes/garantiza-chucho-nader-mejores-espacios-deportivos-y-recreativos-15983897.html?app=true,Medios,1,22,deportesjuev julio garantiza chucho nader espacio deportivo recreativo buscar espacio deportivo digno practicar disciplina deportivo buscar espacio deportivo digno practicar disciplina deportivo
Facebook|https://www.facebook.com/reel/1382347540485638/,Facebook,5,43,visitar vivir tampico historia cultura naturaleza sabor dejar huella rincon contar tradicion compartir orgullo experiencia convertir recuerdo inolvidable invitar descubrir ciudad destino unico tampicotecuida hermoso tampicotecuida visita tampico hermoso duda espectacular tampico hermoso majico bonito visitar ubeir opirtunidad visitario gustar playa hente comida
Medios|https://oem.com.mx/elsoldetampico/local/jorge-luis-n-y-estrella-n-detenidos-por-el-caso-dafne-asi-avanza-la-investigacion-31298617,Medios,1,36,localdomingo julio jorge luis estrellita permanecer preso avanzar caso dafne medida cautelar permanecer vigente avanzar proceso penal muerte adolescente antonio sosa sol tampico medida cautelar permanecer vigente avanzar proceso penal muerte adolescente antonio sosa sol tampico
Medios|https://oem.com.mx/elsoldetampico/analisis/ruffo-appel-operacion-de-bandera-falsa-31292690,Medios,1,29,analisisdomingo julio ruffo appel operacion bandera falso opinion vertido articulo responsabilidad emitir casa editorial respetar libertad expresion columna noticias columna cartones loultimo newsletter quedar conversacion mandar correo resumen informativo
Instagram|https://www.instagram.com/p/DbFLUOUDTMm/,Instagram,1,19,politico ocupado imagen publico realidad querer resultado reflejado sociedad contratar andir influencer faltar coronel estrellita complar semana feminicidio justiciaparadafne
Medios|https://www.milenio.com/comunidad/comienza-temporada-jobito-tamaulipas-precios-agua-pulpa,Medios,1,115,temporada jobito comenzar zona sur tamaulipas fruta tradicional region volver comercio centro ciudad madero vendedor agua fresco comerciante pulpa reportar respuesta consumidor dia inicio venta comerciante asegurar demanda alto impulsado esperar ano llegada fruta presentacion aguas fresco jobito registrar aceptacion esmeralda castaneda trabajador sector informar dia comenzar ofrecer agua fresco jobito respuesta cliente positivo explicar litro vender pesos vaso medio litro costo pesos destacar precio ligeramente comparacion temporada favorecer interes consumidor dia comercializacion aumentar venta pulpa jobito afuera mercado marzo gael vidal senalar iniciar venta pulpa jobito producto familia utilizar preparar agua fresco nieve postre alimento comerciante indicar bolsa medio litro pulpa ofrecer pesos esperar conforme avance temporada aumentar numero comprador fruta esperado ano sur
Medios|https://oem.com.mx/elsoldetampico/local/caso-dafne-cronologia-de-los-hechos-en-torno-a-la-muerte-de-una-adolescente-en-una-academia-militarizada-de-tamaulipas-31299557,Medios,1,57,caso dafne cronologia torno muerte adolescente academia militarizado tamaulipas investigacion muerte dafne avanzar peritaj manifestacion detencion audiencia judicial antonio campos julio dafne llegar ilusion campamento academia doenitz julio mama dafne notificar muerte hija julio caso dafne publico crecer exigencia justicia julio detener yanina julio dictar prision preventivo yanina quedar penal altamira capturan jorge luis director academia estrella
Medios|https://oem.com.mx/elsoldetampico/local/calendario-escolar-2026-2027-en-tamaulipas-regreso-a-clases-puentes-y-vacaciones-31300259,Medios,1,21,localdomingo julio calendario escolar tamaulipas regreso clase puente vacacion fecha regreso clase vacacion puente suspension oficial consejos tecnicos adolfo ruiz nunez
Medios|https://www.milenio.com/estados/sheinbaum-cancela-proyecto-presa-parota-acapulco,Medios,1,107,presidenta claudia sheinbaum anunciar cancelacion definitivo proyecto hidroelectrico presar parota causar afectacion zona rural acapulco revisar programa pension mujeres bienestar acapulco guerrero mandataria sustitucion presa construir pozo radial abastecer agua puerto acto privado informe zona rural acapulco zona proyecto presa parota cancelado afectar comunidad sustitucion proyecto pozo agua acapulco tanque alto permitir gravedad llegar bombear alto llegue distinto colonia acapulco destacar acompanada gobernadora guerrero evelyn salgado titular ejecutivo federal detallar cabo diverso obra saneamiento agua potable obra saneamiento contaminacion rio desazolvar suficiente espacio desbordir caso situacion anormal tocar madera polideportivo cici renacimiento ciento simpatizante claudia sheinbaum recordar rio papagayo venir agua suministrar huracan echar perder bomba torre
Medios|https://oem.com.mx/elsoldetampico/turismo/asi-sera-pumpkin-dash-el-festival-que-traera-el-ambiente-del-otono-a-ciudad-madero-31276604,Medios,1,27,turismodomingo julio pumpkin dash festival traer ambiente otono ciudad madero festival tematico pumpkin dash abrir octubre ciudad madero escenario decorado espacio fotografia ambiente inspirado otono antonio campos
Facebook|https://www.facebook.com/monicavtampico/posts/pfbid02zGLr6hvYZf9f8ZE29Zsr99p6dSPXFX9We7nvkomLxRKZJyVLkFaiQvJCRAmc2gk1l,Facebook,3,46,entregar rehabilitacion integral cancha campo golfo colonia guadalupe victoria espacio volver encuentro familia digno nina nino joven practicar deporte convivir seguir construir sueno cancha formar recuperar tampico reflejar compromiso impulsar espacio seguro moderno lleno vida ciudad sigar cuidar espacio tampicotecuida quedar quedar excelente padre esparcimiento joven
Facebook|https://www.facebook.com/monicavtampico/posts/3080435468820461:3080435468820461,Facebook,3,13,super recomendado salimos bodies pasar disfrutar exposicion alas libertad increible exposicion unico aporte
Facebook|https://www.facebook.com/reel/1567554291495895/,Facebook,5,19,baile lagunero hermoso laguna carpintero espacio convivencia dia familiar miedo genial pasar rato agradable familia bailar super baile lagunero
Medios|https://oem.com.mx/elsoldetampico/policiaca/codigo-rojo-en-ciudad-madero-se-descarrila-vagon-de-pemex-con-casi-80-mil-litros-de-gasolina-31303494,Medios,1,28,policiacadomingo julio codigo rojo ciudad madero descarrilar vagon pemex litro gasolina vagon carro tanque propiedad pemex litro gasolina recostar descarrilar patio kansas city southern ciudad madero juan hernandez
Medios|https://www.milenio.com/politica/inhabilitan-y-suspenden-servidores-publicos-por-negligencia-y-omision,Medios,1,112,secretaria anticorrupcion gobierno sancionar servidor publico dependencia incurrir falta grave accion investigacion unidades responsabilidades petroleos mexicanos pemex comision federal electricidad cfe organo internos control instituto mexicano seguro social imss asimismo cabo secretaria defensa nacional defensa sistema nacional desarrollo integral familias sndif agencia nacional aduanas mexico anam instituto devolver pueblo robado indep administracion sistema portuario nacional manzanillo asipona manzanillo secretaria salud salud sancionado pemex ordenar suspension dia marlyn maria departamento personal salina cruz atender seguimiento tramite pago prestacion laboral postmortem trabajador cfe suspender dia josue division oriente registrar solicitud contratacion suministro energia electrico facultad imss inhabilitar mes victor hospital general regional queretaro omitir examinar diagnosticar implementar tratamiento paciente ocasionar deterioro salud fallecimiento secretaria
Medios|https://oem.com.mx/elsoldetampico/analisis/cuando-la-confianza-duele-31292816,Medios,1,27,analisisdomingo julio vivencias confianza doler opinion vertido articulo responsabilidad emitir casa editorial respetar libertad expresion columna noticias columna cartones loultimo newsletter quedar conversacion mandar correo resumen informativo
Medios|https://oem.com.mx/elsoldetampico/analisis/escuelas-sin-vigilancia-alumnos-en-riesgo-31292475,Medios,1,23,analisisdomingo julio paradigmas escuelas vigilancia alumno riesgo director deber reunir caracteristica columna noticias columna cartones loultimo newsletter quedar conversacion mandar correo resumen informativo
Medios|https://www.milenio.com/negocios/pan-acusa-4t-persecucion-politica-ernesto-ruffo,Medios,1,108,lider nacional pan jorge romero acusar inexistencia prueba sostener ernesto ruffo appel encabezar presuntamente red huachicol fiscal encarcelamiento penal maximo seguridad confirmar exgobernador baja california victima politico institucion justicia gobierno ernesto ruffo preso politico gobierno preferir perseguir opositor justicia criminal encontrar fila sostener doble rasero justicia acusacion morena romero herrera senalar caso politico morena ruben rocha moya enrique inzunza americo villarreal marina pilar avila enfrentar grave senalamiento relacionado presunto vinculo grupo criminal autoridad actuar rapidez severidad olvidar politico morena senalar presunto vinculo grupo narcotrafico continuar protegido oficialismo ley criterio opositor pertenecer partido gobierno afirmar dirigente nacional pan sostener ley existir prueba comision delito corresponder aplicar peso justicia advertir
Medios|https://oem.com.mx/elsoldetampico/deportes/reciben-el-ano-con-encuentro-futbolero-15974861.html?app=true,Medios,1,26,deportessabado enero recibir ano encuentro futbolero encuentro resultar entretenido equipo jugada marcador favorable gol equipo amarillo encuentro resultar entretenido equipo jugada marcador favorable gol equipo amarillo
Medios|https://oem.com.mx/elsoldetampico/deportes/todos-ganaron-culmina-el-festival-nacional-de-minibasket-tamaulipas-2026-31305582,Medios,1,28,deportesdomingo julio ganar culminar festival nacional minibasket tamaulipas nino participar evento buscar proyectar talento joven baloncesto gustavo corona nino participar evento buscar proyectar talento joven baloncesto gustavo corona
Medios|https://oem.com.mx/elsoldetampico/local/quieres-trabajar-en-las-elecciones-ietam-mantiene-abierto-el-registro-en-tamaulipas-31263235,Medios,1,25,localdomingo julio querer eleccion ietam mantener abierto registro tamaulipas sueldo oscilar pesos periodo contratacion mes mariela macay sueldo oscilar pesos periodo contratacion mes mariela macay
YouTube|https://www.youtube.com/watch?v=sBoJI_z0ldU,YouTube,50,500,matar matar fnm lograr robar presidente unico via pasajero dormitorio agregar malo video duda president imbecil pais combustion humano salud combustible electricidad salir enterar desprecio expresidente nieto vender beneficiar deuda dia ojala llegar hombre tren matamoros reynosa zoodillo nostalgia viajar ernesto imbecil seriar arbol jardin jarocho pulque aguamiel mujer sucesivo base poblacion estacion ahhhhhh girar fortin belleza naturaleza echar estupido cara cara presidir leer congreso ocurrir pasar quiza fundamental economico neoliberalismo gobernar destruir neoliberalismo presidente surgir sangriento mantenimiento dinero mantenimiento chinita empresarial necesario hera mantenimiento importar cualquiera empresa pega pensar bolsa mantenimiento mantenimiento motriz excelente mantener gobierno reinvertir cualquiera director dinero inverti vender catar querer gortari valer dejar cedillo equipo unir demostrar pertenecer rondalla camino mananita ano venido merida terminar padre refresco hija bello mananita ibar boca tiendita experiencia amanecer dia veracruz intenso carro bello mediocre gobierno silla gracias regimen sistema cosa seguir viaje veracruz construir gobierno llenos viaje pollero sur vivir oaxaca estacion familiares veracruz comun horas pobre carro comedor dormitorios persona incluido reposet cama manta vender cafe pan comedor numerado viajaban animales vejetales etc etc seguridad comerciante alimento economicos paisajes iva puerto oaxaca puerto tijuana mazatlan etc vende prianistas pais lopez pais unidos derrocar claudia vende ker pueblo politico pasar montana recuerdo veracruz hermano ferrocarril banca privado hola contar quizas paz rabia finanza herario via ano vacacional diciembre mayoria amanecer ofrecer picada subir acamayas llegabar morral comprar amor dona viajar viajes delicia malditos artificial muchisimo privatizaciones narracion citado deber ezp efecto ferrocarril hola nacional oportunidad panoramica especial economia dano nacionales recuperar impacto lelmpa korte centro seguir olvidar avion comunidad asia servicio mediano economia regrese delegacion china venta carlos programacion miguel venta querer serie academico telefono television brazo jefe confundar articulo constitucion privado pasajero tequila mantener empresas mexicano sheinbaum aprobar simbolo economico turismo promover chepe express marina seguridad guardia maquina maquinista zapato jarocho padre materno suponer cumbre retroceder avanzar despacito recibir dia manana pasar teotihuacan maltrata cafetalero noche alla increible hermoso tocar tocar madre salsipued mazatlan sonora recorrido claudia recuperar empresa centavo extranjero ferrocarrilero puesto nomina proteccion social volver privatizar depto pago division despues ideal pri puro pueblo honesto puro entregar pan contrato pueblo devir despojo nacional armado partido pan robar patrimonio partido peor mentira bola familiar olvidar corrupto enganar falso calificativo obra viajar paisaje transporte dormitorio pullman boleto autobus nocturno amanecer bienestar gente antojito pueblo pasajero centro operacion transportar desgraciadamente gracias peor siglo pension entregar dinero suficiente deuda terminar cosa pertenecer decreto privado limite personaje modificar hora sentido tomar regresar querer ruta rapido dudar querer regresar nvo quitar fox transporte obrador prd obrador fundo reconstruccion destruccion carrera aumentar anunciar perder diablo pobre reflexionar carrera destruccion oportunidad maldito klawdya agua hidalgo parar super huamantla gente comida gardenia aroma maltrata rato maquina malrata mienttra pollo cafe enchilada duro bajar bajar subirte manana domingo apan derecho dejar unico tenian pesos odio pri votar ratero arrastrado cobrir calle carcel multa ratero sentencia prian pinta piramides bajabar juan aventon lejos ferrocarrileros liquidado luchar madre tridor voto partido destruir barato aeropuerto descomponer hora bajandome
Medios|https://oem.com.mx/elsoldetampico/deportes/nido-aguila-altamira-vuela-alto-buscan-dar-el-salto-a-las-fuerzas-basicas-de-primera-division-31301601,Medios,1,25,deportesdomingo julio nido aguila altamira volar alto buscar salto fuerza basico division futbolista sur tamaulipas visoria atletico san luis pedir apoyo costo transporte antonio campos
Medios|https://oem.com.mx/elsoldetampico/local/refuerza-proteccion-civil-de-tampico-vigilancia-en-escuelas-y-campamentos-tras-caso-dafne-31285531,Medios,1,23,localdomingo julio caso dafne proteccion civil tampico reforzar vigilancia escuela campamento dependencia verificar escuela academia campamento contar programa interno protocolo emergencia yadira hernandez
Medios|https://oem.com.mx/elsoldetampico/local/que-haya-detenidos-no-significa-que-existan-culpables-afirma-padre-de-dafne-31308352,Medios,1,20,localdomingo julio detener significar existir culpable afirmar padre dafne descartar traslado caso distrito judicial procedimiento continuar sede radicar mario cruces
Twitter|https://x.com/VoxPopuliNoti/status/2081558916874256880,Twitter,1,23,monica villarreal inaugurar cancha futbol cabo jornada bienestar col guadalupe victoria alcaldesa encabezar jornada bienestar entregar espacio renovado impulsar deporte comunitario tamaulipas tampico
Twitter|https://x.com/EleeseNoticias/status/2081560554171203782,Twitter,1,16,monica villarreal col guadalupe victoria inaugurar cancha futbol jornada bienestar impulso comunidad deporte local cdvictoria tamaulipas
Medios|https://www.milenio.com/comunidad/caso-dafne-buscan-vincular-director-doenitz,Medios,1,110,defensa legal dafne zapata quintos adolescente ano fallecer curso verano academia militarizada doenitz solicitar vinculacion proceso jorge luis director institucion estrellita fungir coordinadora area mujer audiencia celebrado caso abogada familia asegurar peticion sustentado investigacion exhaustivo diverso dato prueba recabado fiscalia ocurrir audiencia caso dafne receso minuto permitir tomar alimento abogada lizeth flores representante legal familia dafne explicar audiencia continuar exposicion argumento solicitar vinculacion proceso imputado encontrar procesal posterior continuo voz efecto insistir reiterar solicitud vinculacion proceso imputado declarar litigante indicar concluido participacion corresponder defensa imputado decidir solicitar situacion juridico representado resolver inmediato plazo constitucional hora pedir ampliacion hora audiencia prolongar lizeth flores senalar duracion audiencia obedecer cantidad prueba integrado carpeta
Medios|https://oem.com.mx/elsoldetampico/local/abren-visitas-a-las-viviendas-del-bienestar-en-ciudad-victoria-sedes-y-horario-31301736,Medios,1,28,localdomingo julio abrir visita vivienda bienestar ciudad victoria sed horario contemplado construir vivienda cuyo precio iniciar pesos maria macias contemplado construir vivienda cuyo precio iniciar pesos maria macias
Instagram|https://www.instagram.com/p/DbRPRAPBN9v/,Instagram,2,11,presumir laguna carpintero restaurar dano mangles hotel tampico reconocimiento nacional internacional
Medios|https://www.milenio.com/policia/reportan-accidente-corredor-urbano-ciudad-madero-lesionados,Medios,1,115,fuerte accidente registrado corredor urbano donaldo colosio altura residencial velamar municipio altamira dejar saldo preliminar persona vida lesionado atrapado resto unidad percance movilizar corporacion emergencia zona conurbado ocurrir corredor urbano donaldo colosio acuerdo reporte bomberos voluntarios tamaulipas camioneta impactar poste alumbrado publico circular corredor urbano donaldo colosio consecuencia choque persona perder vida resultar lesionado rescatista informar victima quedar prensado vehiculo necesario maniobra rescate liberacion corporacion atender emergencia sitio acudir elemento bomberos voluntarios tamaulipas integrante brigada voluntarios accidentes viales bpvt brindar atencion lesionado apoyar labor auxilio recomendar tomar via alterno encontrar cerrado circulacion carril sur norte persona venir salir playa miramar pasar dia esparcimiento persona trasladar hospital carlos canseco tampico hospital regional numero imss ciudad madero
Medios|https://oem.com.mx/elsoldetampico/deportes/rogelio-flores-e-igor-sadovnikov-impartiran-seminario-de-kumite-15974838.html?app=true,Medios,1,27,deporteslunes agosto rogelio flores igor sadovnikov impartir seminario kumite evento viernes sabado auditorio americo villarreal guerra ciudad madero evento viernes sabado auditorio americo villarreal guerra ciudad madero
YouTube|https://www.youtube.com/watch?v=elLtlopmfvo,YouTube,1,5,santana traidor regalar medir pais
Medios|https://www.milenio.com/politica/armando-martinez-asiste-a-misa-en-altamira,Medios,1,116,fiestas patronales altamira continuar semana celebracion eucaristico honor santiago apostol ceremonia participar alcalde armando martinez manriquez acompanado autoridad religioso decena fiel cita parroquia santo patrono misa presidente municipal acompanado madre maria elena manriquez alvarez ceremonia encabezar obispo diocesis tampico mons margarito salazar cardenas parroco iglesia santiago apostol bernardo horacio arredondo segura celebrar santiago apostol altamira marco celebracion religioso asistente elevar oracion bienestar familia altamira paz progreso municipio ambiente convivencia festividad formar actividad tradicional ano reunir comunidad conmemorar santo patrono ciudad alcalde refrendar apoyo tradicion asistencia armando martinez reiterar respaldo tradicion religioso cultural formar identidad altamira considerar espacio fortalecer convivencia social poblacion fiestas patronales santiago apostol contemplar diverso actividad religioso cultural congreguir habitante visitante festejo representativo municipio
Medios|https://www.milenio.com/politica/americo-villarreal-destaca-proyectos-de-infraestructura-en-tamaulipas,Medios,1,107,gobernador tamaulipas americo villarreal anaya sostener gracias coordinacion presidenta claudia sheinbaum pardo consolidar principal motor desarrollo nacional proyecto infraestructura logistico carretera hidraulico educativo salud fortalecer competitividad crecimiento economico bienestar entidad pais beneficio gobernador explicar vision concepcion proyecto estrategico deber generar beneficio entidad conjunto pais coordinacion federacion entidad permitir impulsar obra impacto regional nacional aprovechar ventaja competitivo entidad tamaulipas grande proyecto vision nacional concordancia federacion plantear desarrollar obra infraestructura duda contribuir beneficio entidad desarrollo nacional expresar mandatario programa dialogos americo transmitir domingo sistema radio television tamaulipas contexto destacar tamaulipas desempenar papel estrategico concentrar principal frontera terrestre unidos contar infraestructura logistico comercio ferroviario autotransporte subrayar coordinacion gobierno mexico avanzar
Medios|https://www.milenio.com/estados/playa-miramar-supera-800-mil-visitantes-por-record-verano-2026,Medios,1,116,playa miramar mantener alto afluencia vacacion verano indicar volver imponer record visitante principal destino turistico ciudad madero recibir persona vehiculo cifra mantener balneario concurrido pais alcalde erasmo gonzalez robledo informar temporada vacacional desarrollar saldo blanco resultado operativo coordinado autoridad orden gobierno mantener labor vigilancia auxilio atencion turista cuantos visitante playa miramar verano acuerdo gobierno municipal julio afluencia turistico aumentar ciento comparacion periodo tendencia permitir superar record visitante alcanzado verano ano presidente municipal destacar playa miramar continuar atraer turismo regional nacional internacional gracias variedad atractivo ofrecer maximo paseo turistico tamaulipas senalar respaldo gobernador americo villarreal anaya secretaria turismo estatal fortalecer estrategia consolidar sur tamaulipas principal destino turistico mexico reforzar atencion seguridad turista erasmo gonzalez resaltar sistema dif
Medios|https://www.milenio.com/estados/monica-villarreal-reconoce-a-toros-de-tampico,Medios,1,117,equipo toros escuela mundial beisbol tampico categoria platino recibir reconocimiento alcaldesa monica villarreal anaya conquistar campeonato latin america world series celebrado merida yucatan encuentro presidenta municipal felicitar joven pelotero representar tampico obtener resultado colocar municipio escenario beisbol infantil internacional reconocer esfuerzo campeon acompanada director deportes jorge lozano cecena coordinador softbol beisbol unidad deportiva tampico jorge pancardo zamora alcaldesa destacar deporte prioridad administracion contribucion desarrollo integral nina nino joven medalla representar triunfo detras disciplina entrega compromiso dedicacion tolerancia practicar dia expresar anadir gobierno continuar impulsar accion fortalecer infraestructura deportivo respaldar atleta local seguir destacar competencia estatal nacional internacional destacar apoyo entrenador familia monica villarreal reconocer papel desempenar entrenador familia formacion deportista considerar fundamental alcanzar logro reunion presente deportista
Twitter|https://x.com/gruponoticiaspc/status/2081612346451997123,Twitter,1,21,monica villarreal inaugurar cancha futbol cabo jornada bienestar col guadalupe victoria estrategia gobierno municipal fortalecer atencion ciudadano acercar servicio poblacion leer
Instagram|https://www.instagram.com/p/DbQ7Eo9EWzR/,Instagram,1,4,cadena perpetuo asesino dafne
Instagram|https://www.instagram.com/p/DbRyDpXtjgg/,Instagram,3,80,asistir playa pesca senor gobernador ley prestador servicio cuatrimoto razer playa beneficio vehiculo provocar elemento guardia estatal sujeto contar permiso operar documento norme atado mano retirar vehiculo sancion gobernador policia orden alto sujeto plano resignar aceptar playa tamaulipas disfrutar pagar pesos rentar vehiculo seguridad juego adolescente conducir cuatrimoto correcto persona alcoholizada conducir razer acaso respeto muerte pequeno mes perecer causa indebido vehiculo gente asistir playa pesca seguro gobernador morena compadrasgo dafne saludo miramar construccion orilla playa invadir area anidacion tortuga
Medios|https://www.milenio.com/ciencia-y-salud/dique-moralillo-alertan-riesgo-para-manglares,Medios,1,105,ambientalistas advertir proyecto dique moralillo planteado garantizar abasto agua sur tamaulipas generar impacto manglar ecosistema esencial desarrollo sostenible region beneficio social economico atribuir adrian varela echavarria director conservacion pronatura noreste afirmar biodiversidad deber freno desarrollo base permitir fortalecer resiliencia productividad bienestar poblacion especialista sostener proteger ecosistema representar obstaculo inversion condicion indispensable garantizar disponibilidad agua pesca agricultura capacidad adaptacion frente cambio climatico proyecto dique moralillo senalar grande obra hidraulico deber perspectiva tecnico financiero ambiental alla factibilidad tecnico grande proyecto deber considerar factibilidad ecologico expresar encuentro estudiante posgrado facultad ingenieria universidad autonoma tamaulipas varela echavarria asegurar acuerdo estimacion construccion dique afectar hectarea manglar escenario calificar preocupante cont
Facebook|https://www.facebook.com/monicavtampico/posts/pfbid0NcT3Hwdwdy9VucZFg8t99dR5xPK7Ns8Rkboe2TqZyHgcvwN1uZT8YNKd5zNcSMjRl,Facebook,3,30,descubrir belleza ave habitar alas libertad exposicion fotografico aire libre invitar apreciar valorar riqueza natural formar entorno jardin artes entrada gratuito tampicotecuida tampicovacontodos exposicion apreciar fauna ciudad visitenla amar tampico
Medios|https://oem.com.mx/elsoldetampico/finanzas/sur-de-tamaulipas-crece-hacia-arriba-vivienda-vertical-y-nuevas-plazas-impulsan-el-mercado-31301431,Medios,1,22,finanzasdomingo julio sur tamaulipas crecer vivienda vertical plaza impulsar mercado construir plaza comercial zona conurbado tampico aumentar apuesta edificio altura maria macias
Medios|https://www.milenio.com/comunidad/caso-dafne-amplian-plazo-144-definir-vinculacion,Medios,1,110,audiencia inicial jorge luis estrellita imputado caso feminicidio dafne zapata quintos terminar madrugada lunes centro integral justicia sector pedrera altamira tamaulipas hora sesion receso causa cierre solicitud defensa ampliar plazo constitucional hora preparar defensa tecnico adecuado derecho contemplado constitucion imponer prision preventivo jorge luis estrellita juez control determinar imponer medida cautelar prision preventivo justificado permanecer vigente durar proceso conforme previsto articulo codigo nacional procedimientos penales cuando audiencia fijar continuacion audiencia inicial jueves julio hora recinto lizeth alejandra flores garcia asesora legal familia victima explicar jueza instruir divulgar detalle ocurrido diligencia afectar proceso investigacion involucrado gustar precisarl jueza control establecer indicar abstengar divulgar informacion acontecido audiencia afectar proceso investigacion proceso penal
Medios|https://amp.milenio.com/opinion/editoriales/se-dice-en-la-grilla-tamaulipas/la-grilla_1233,Medios,1,99,gobernador tradicional programa dominical dialogos americo hablar apertura hospital ciudad madero ano permanecer abandono indiferencia referir importancia incrementar oferta medico crecimiento zona sur infraestructura volver medular municipio vecino comentario instalacion fiscalia desarrollo caso dafne percatar fortalecer policia investigadora dia mandar traer elemento ciudad victoria carga registrar dia sumar carpeta investigacion persona aprovechar caso dafne referir senora alejandra quintos madre menor morir interior militarizada doenitz solicitar recurso adquirir articulo manifestacion senora claro senalar gasto traslado movilizacion correr identificado oportunista periodo vacacion verano regidora comisionada seguridad publica tampico amelia trejo mantener coordinacion mando guardia estatal mantener recorrido centro colonia turistico policia
Medios|https://www.milenio.com/opinion/victor-hugo-duran/sin-codigo/canaco-ampi-promueven-turismo-bienes-raices,Medios,1,113,camaras empresarial representacion tampico replicar estrategia directiva nivel nacional fomentar turismo raiz aspecto oportunidad negocio ingreso mejorar economia regional concanaco serie iniciativa alcance nacional puntualizar ciudad estrategia denominado escapada enfocado incentivar ganancia franquicia vocacion turistico municipio participativo reynosa ciudad victoria acuerdo dato ente nacional cargo octavio torre steffano forma asociacion mexicana profesionistas inmobiliarios encabezado marely zubaran delgado seccion tampico viernes viernes inmobiliario mexicano tematica similar sector comercial emprender ano evento parque fay andres olmos reunir socio representante franquicia desarrollador persona intencion empujar adquisicion renta diverso inmueble caso tampico ciudad madero altamira existir alto disponibilidad casa venta renta nivel local comercial recien construido finalizar edificacion imef tamaulipas presidir emilio avila preparar evento tecnico crear
Facebook|https://www.facebook.com/TampicoGob/videos/1523172899489358/,Facebook,2,11,rueda prensa utmart gracias vision presidenta abrir carrera zona sur tamaulipas
Facebook|https://www.facebook.com/monicavtampico/posts/pfbid0Gr3nacH8ora2y5F3MNjPbMrESNL7H9PjBAbEfcWeyKp8AEPW6qKSani4w8izgaRbl,Facebook,2,44,dia impulsar idea seguir transformar tampico sostuve reunion universidad tecnologica altamira instituto juventud proyecto innovador reflejar talento creatividad compromiso juventud desarrollo ciudad seguir construir alianza impulsar innovacion posicionir tampico ciudad mirar futuro reconocimiento rectora mara grassiel acosta gonzalez maestro estudiante mecatronica tampicotecuida padre iniciativa
Twitter|https://x.com/RadioUAT/status/2082452833237151971,Twitter,2,36,dia lleno meta cumplir energia positivo recordar seguir sintonia programacion disfrura periodo vacacional nld reynosa matamoros madero tamaulipas respirar profundo iniciar dia disfrutar proceso descubrir magia radio sintoniza conectate cdvictoria tampico nld reynosa matamoros madero tamaulipas
Medios|https://oem.com.mx/elsoldetampico/analisis/la-madriguera-del-lobo-miscelanea-ii-31308569,Medios,1,27,analisislunes julio madriguera lobo miscelanea opinion vertido articulo responsabilidad emitir casa editorial respetar libertad expresion columna noticias columna cartones loultimo newsletter quedar conversacion mandar correo resumen informativo
Medios|https://oem.com.mx/elsoldetampico/analisis/claroscuro-me-resbale-31306631,Medios,1,26,analisislunes julio claroscuro resbaler opinion vertido articulo responsabilidad emitir casa editorial respetar libertad expresion columna noticias columna cartones loultimo newsletter quedar conversacion mandar correo resumen informativo
Facebook|https://www.facebook.com/ICLEImexcaribe/posts/pfbid02CfGq8rbycRmDiGNVd2MhXXcUECDYGvRuWpLQDJ1Hsw8QaoQ9AuwiZ6BJVkoiQXcRl,Facebook,3,59,iclei mexico centroamerica caribe reconocer accion gobierno local socio impulsar solucion sustentabl territorio destacar tampico gob cuyo liderazgo local continuar promover iniciativa favor medio ambiente resiliencia bienestar comunidad agradecer compromiso autoridad monica villarreal seguir posicionar accion local motor desarrollo sustentable iclei sociosenaccion gobiernoslocales accionclimatica sustentabilidad tampico gracias liderazgo presidenta monica villarreal tampicotecuida excelente presidenta municipal monica zacil villarreal anaya
Twitter|https://x.com/MundoTamaulipas/status/2081750838934945962,Twitter,2,22,tampico monica villarreal inaugurar cancha futbol cabo jornada bienestar col guadalupe victoria atencion indigna guatemala deportista mexicana tras ganar medalla plata santo
Medios|https://oem.com.mx/esto/otros-deportes/romina-hinojosa-la-mexicana-que-brilla-en-el-ciclismo-y-que-es-novia-de-isaac-del-toro-31312145,Medios,1,36,romina hinojosa mexicana brillar ciclismo novia isaac toro romina hinojosa comenzar construir solido carrera lotto inter marche equipo correr tour francia femenino romina hinojosa comenzar construir solido carrera lotto inter marche equipo correr tour francia femenino
Facebook|https://www.facebook.com/monicavtampico/posts/pfbid02MMDkUL4DseeVooJ6eHQhtuVtDHWaC56VoPaG7QcERHGLmwPyZri6GEBD4pbeg6hl,Facebook,3,70,ano universidad tecnologica mar tamaulipas utmart gobierno municipal tampico conjunto impulsar oportunidad joven gracias alianza casa naturaleza sede carrera acuicultura licenciatura gestion desarrollo turistico area aventura zona norte tamaulipas ampliar oferta educativo formar profesional comprometido cuidado aprovechamiento sostenible recurso marino iniciar proyecto repoblacion fauna marina transformar oportunidad estudiante contribuir futuro region tampicotecuida tampicovacontodos diversificar funcion edificio historico extension campus utmart excelente idea recinto instalacion adecuado acuicultura utmart excelente opcion joven
Medios|https://www.milenio.com/estados/exigen-cancelar-escuelas-militarizadas-caso-dafne,Medios,1,116,secretaria educacion publica sep afirmar escuela militarizado irregular secretaria defensa nacional sedena deslindar cualquiera facultad autorizar supervisar regular institucion privado organismo defensor derecho ninez urgir cancelar registro plantel agrupacion tejer redes infancia red derechos infancia mexico demandar inmediato cancelacion registro existente garantizar alternativa educativo estudiante iniciar ciclo escolar deslinde autoridad evidenciar vacio regulacion ausencia responsabilidad obligacion garantizar nina nino adolescente estudien espacio seguro libre violencia senalar juan martin perez garcia coordinador tejer redes infancia america latina caribe activista sostener sumar muerte adolescente ocurrido escuela academia denominado militarizado mostrar patron abuso falta supervision impunidad participacion persona formacion docente proceso educativo sep sedena reconocer vacio regulacion afirmar reciente comunicado sep reconocer escuela militarizado irregular constituir proteger derecho infancia
Twitter|https://x.com/LaRedAltamiraMx/status/2081770801355723112,Twitter,1,60,red inaugura mva cancha futbol cabo jornada bienestar estrategia gobierno municipal fortalecer atencion ciudadano acercar servicio poblacion recuperar espacio publico convivencia deporte presidenta municipal tampico monica villarreal anaya encabezar jornada bienestar plaza golfo colonia guadalupe victoria inaugurar rehabilitacion integral cancha deportivo campo golfo beneficiar ciento familia accion fortalecer calidad vida invitamos leer nota completo dando click link web somoslared estamosentodaspart
Medios|https://amp.milenio.com/espectaculos/television/ranma-y-medio-fecha-estreno-temporada-3-trailer,Medios,1,117,espera terminar fan ranma netflix confirmar tercero temporada remake clasico anime estrenar proximamente anuncio llegar acompanado trailer imagen promocional presentacion personaje unir historia serie producido estudio mappa continuar adaptar manga rumiko takahashi obra influyente anime manga publicado originalmente trailer temporada ranma avance comenzar ranma saotome akane tendo retomar vida cotidiano dojo tendo rapidamente quedar claro tranquilidad durar trailer presentar esperado regreso ryoga hibiki eterno rival ranma volver protagonizar intenso combate superar protagonista aparecer shampoo mousse ukyo kuonji happosai resto personaje acompanar historia temporada llamar atencion fan aparicion personaje papel importante arco anime video adelantar tecnica combate persecucion lleno humor transformacion provocado agua frio caliente caracteristico tono comedia romantico artes marciales convertir ranma clasico avance presumir animacion dinamico
Medios|https://www.milenio.com/estados/abuela-danna-yanin-narra-abuso-sufrio-academia-doenitz,Medios,1,108,familiar danna yanina voluntad jovencita carrera alguien vida sueno estudiar doctor particularmente cirujana plastico ingreso academia militarizada doenitz cambiar desgracia negativamente padre ofir decidir escuela ciudad madero pasar mes encontrar humano lastimado fisico mental psicologicamente producto maltrato agresion romper linea supervivencia nino joven sufrir atestiguar plantel terminar vida erick fresco asunto dafne zapata quintos caso estudiante bachillerato fiscalia general justicia tamaulipas atribuir fallecimiento adolescente ano acontecido semana taurina abuela paterno carga decision familiar mandar nieta poza rica zona sur busqueda oportunidad dolor grande jamas esperar vuelco sentir culpable devastado hicimos nina escuela terminar cadena terror negativas salir plantel comenzar ano ofir inscribir institucion educativo conflicto vivir diciembre cuand
Medios|https://www.milenio.com/espectaculos/television/demon-slayer-infinity-castle-streaming,Medios,1,115,fan demon slayer kimetsu yaiba fecha marcado calendario pelicula demon slayer kimetsu yaiba infinity castle llegar streaming proximamente estreno anime importante ano cinta disponible crunchyroll plataforma especializado anime continuar casa franquicia japon importante pelicula representar inicio adaptacion cinematografico arco castillo infinito esperado manga creado koyoharu gotouge historia continuar acontecimiento demon slayer kimetsu yaiba hashira training tanjiro kamado nezuko pilares enfrentamiento definitivo muzan kibutsuji fuerza restante demonio diferencia entrega etapa planear trilogia pelicula estudio ufotable nuevamente encargado animacion tratar demon slayer infinity castle historia seguir tanjiro kamado joven convertir cazador demonio familia atacar hermana nezuko transformar demonio ano entrenamiento batalla enemigo poderoso tanjiro integrante cuerpo exterminio demonios llegar enfrentamiento final muzan kibutsuji origen demonio arco castillo
Medios|https://oem.com.mx/elsoldetampico/cultura/resurge-la-union-de-fotografos-de-tampico-renuevan-su-directiva-e-invitan-a-sumarse-a-la-organizacion-31272019,Medios,1,22,culturalunes julio resurgir union fotografos tampico renovar directiva invitar organizacion union fotografos tampico renovo dirigencia ramiro flores mata secretario general maria macias
Medios|https://www.milenio.com/politica/ine-impulsara-urnas-electronicas-ampliar-acceso-voto,Medios,1,105,instituto nacional electoral ine perfilar expansion gradual urna electronico agilizar proceso votacion escrutinio herramienta permitir acercar sufragio persona discapacidad ciudadano movilidad reducido mexicano residente extranjero vocal ejecutivo ine tamaulipas sergio bernal rojas senalar experiencia obtenido proceso electoral deber continuar incorporar tecnologia paulatin evaluado avanzar prisa pausa afirmar senalar modelo tradicional seguir coexistir urna electronico modalidad riesgo certeza eleccion bernal recordar dispositivo utilizar eleccion territorio nacional consulado unidos canada espana francia voto mexicano residente extranjero experiencia demostrar viabilidad aspecto considerar potencial posibilidad tecnologia ampliar acceso voto sector enfrentar dificultad acudir casilla mencionar caso medica dia jornada electoral deber permanecer hora quirofano persona motivo salud emitir voto
Medios|https://www.milenio.com/estados/que-sabemos-implicados-caso-dafne-zapata-ciudad-madero,Medios,1,110,dia muerte adolescente dafne zapata interior academia militarizada doenitz ciudad madero investigado protocolo feminicidio fiscalia general justicia fgj tamaulipas cumplimentar orden aprehension relacionado caso ocurrir hora miercoles julio municipio tampico tratar danna yanina ano acudir fiscalia especializada ninas ninos adolescentes mujeres rendir declaracion forma voluntario agente policia investigacion pdi notificar existencia orden arresto trasladar instalacion ministerio publico ciudad madero compania padre abogado danna yanina convertir persona detenido investigacion ocurrido julio dia miembro academia militarizada doenitz aprehendir milenio explicar dana yanina acuerdo report danna yanina auxiliar instructora encargado area femenil academia militarizada doenitz identificado estrellita originaria poza rica veracruz joven cumplir mes mayo mayoria edad recientemente egresar preparatoria institucion ingreso instalacion
Medios|https://www.milenio.com/estados/sector-ganadero-tamaulipeco-en-espera-de-lineamientos-de-exportacion,Medios,1,98,reapertura exportacion ganado unidos agosto representar panorama alentador sector pecuario tamaulipas afirmar secretario desarrollo rural antonio varela amaya senalar necesario revisar lineamiento emitir autoridad alcance medida funcionario destacar noticia generar expectativa positivo productor permitir evaluar condicion envio ganado mercado estadounidense excelente noticia tamaulipecos pais analizar venir delante expresar plaga gusano barrenador recordar tamaulipas disponer cruz internacional laredo reynosa ruta regional contingencia sanitario ocasionado gusano barrenador implementar restriccion limitar exportacion depender distancia zona afectado salida ganado escenario adelantar sostener encuentro representante sector ganadero revisar protocolo sanitario definir condicion permitir restablecer gradual exportacion entidad beneficios reapertura frontera restablecimiento actividad importante
Medios|https://oem.com.mx/elsoldetampico/local/caso-dafne-sep-detecta-cinco-escuelas-con-educacion-militarizada-en-tamaulipas-estan-permitidas-31312783,Medios,1,25,locallunes julio caso dafne sep detectar escuela educacion militarizado tamaulipas permitido secretaria educacion publica informar identificar escuela tamaulipas ofrecer formacion anunciar revision permiso mariela macay
Facebook|https://www.facebook.com/TampicoGob/videos/1445350304019973/,Facebook,3,18,inauguracion pavimentacion concreto hidraulico infraestructura hidrosanitaria avenida avenida torres paseo laguna colonia laguna puerta enhorabuena felicidades compromiso cumplir
Medios|https://www.milenio.com/negocios/sat-lleva-oficinas-moviles-para-mayor-accesibilidad-sin-cita-previa,Medios,1,118,servicio administracion tributaria sat oficinas moviles municipio julio facilitar tramite fiscal incorporar contribuyente fortalecer formalizacion economia comunidad menor acceso servicio tributario autoridad fiscal indicar oficina servicio julio persona tramite necesidad cita previo detallar operacion itinerante permitir servicio inscripcion registro federal contribuyentes rfc generacion renovacion emision constancia situacion fiscal csf orientacion fiscal atencion hora lunes jueves hora viernes salvo modulo horario especial donde modulo sat operativo presencia region pais norte sat desplegar modulo baja california tijuana sonora sahuaripa san luis rio colorado chihuahua chihuahua capital durango ideal tamaulipas valle hermoso tampico zacatecas zacatecas capital san luis potosi axtla terrazas region modulo convencional jornada especial camara comercio tampico asociacion usuarios marzo valle hermoso universidad tangamanga campus huasteca axtla terrazas oficina
Medios|https://www.milenio.com/estados/evacuan-en-ciudad-madero-por-descarrilamiento-de-tren,Medios,1,90,persona evacuar descarrilamiento carro capacidad litro inmediacion colonia ferrocarrilera ciudad madero ricardo aguirre martinez director proteccion civil ciudad madero informar accion coordinar empresa kansas city southern centro mandar instalado sector sistema tomar incidente apersonar ejercito mexicano secretaria marina guardia nacional proteccion civil crum seguridad marens declarar trasvasar combustible tanque siniestrado contenedor trasvase combustible tanque siniestrado accidente tren comun registrir sur tamaulipas evacuacion alcanzar persona cuadra informar censo bloque cuadra persona restriccion movilidad movimiento casa familiar familias comenzar desalojar vivienda manana lunes familia comenzar salir vivienda intencion llegar vivienda familiar sjhn
Medios|https://www.milenio.com/comunidad/encuentran-segundo-cocodrilo-muerto-en-la-laguna-del-carpintero,Medios,1,44,tampico saurio metro encontrar vida mirador laguna carpintero altura tercero avenida encontrar persona acudir paseo posteriormente llegar elemento cuerpo bomberos servicios publicos cuerpo retroexcavadora posteriormente terreno cercano laguna carpintero puente tampico llegar personal profepa investigar causa muerte diverso lesion cuerpo relacionado pelea saurio territorio
Medios|https://oem.com.mx/elsoldetampico/local/es-una-payasada-abogados-de-yanina-cuestionan-investigacion-de-la-fiscalia-en-el-caso-dafne-31315294,Medios,1,27,locallunes julio payasada abogado yanina cuestionar investigacion fiscalia caso dafne asegurar investigacion fiscalia carecer prueba directo clienta atribuir detencion presion generado caso dafne antonio sosa sol tampico
Facebook|https://www.facebook.com/reel/1006208298919970/,Facebook,3,49,ano espera familia colonia laguna puerta realidad anhelo decada parecer lejano inaugurar pavimentacion concreto hidraulico renovacion infraestructura hidrosanitario avenida obra transformar movilidad brindar seguridad mejorar calidad vida vivir transitar zona obra entregar representar respuesta necesidad gente tampico merecemo tampicotecuida presidenta entregado ciudadano gracias gracias spor grande obra lic tampicotecuida
Instagram|https://www.instagram.com/p/DbTT15HRoDW/,Instagram,1,3,esperar ponerte justicia
Facebook|https://www.facebook.com/reel/1568514364893210/,Facebook,3,45,mujer fuerza comunidad esperanza caminar gusto acompanar senadora olga sosa ruiz encuentro tejedoras patria iniciativa impulsado presidenta mexico claudia sheinbaum pardo fortalecer red apoyo mujer promover derecho recordar fuerte gusto coincidir diputada lucero deosdady martinez mujer colonia tejen dia presente familia ciudad mujeres felicidad mujer
Twitter|https://x.com/VaxTamaulipas/status/2082406712456138948,Twitter,2,70,cartel piromano probado militancia morena probado alianza alcalde beto granados contar complicidad gobernador americo villarreal aceptar voto cambio proteccion cdmx matamoros reynosa cdvictorio escorpion morenos cdg complejo neron prenden fuego flota vehicular sabritas pagar cuoto almanza morir denunciar huachicol extorsion oxxo incendio matamoros abrir cuestionamiento presunto cobro piso matamoros tamaulipas incendio consumir unidad reparto sabritas filial acuerdo report prensa local incidente relacionado cobro piso carteldelgolfo semana reportar secuestro repartidor empresa
Medios|https://www.milenio.com/estados/detenidos-caso-dafne-siguen-investigacion-fiscal-tamauli,Medios,1,110,fiscal general justicia tamaulipas jesus eduardo govea orozco informar jorge luis estrella permanecer calidad imputado caso feminicidio dafne transcurrir plazo constitucional hora solicitado defensa acreditar prueba definar situacion juridico entrevista tania diaz milenio television fiscal precisar encontrar medida cautelar prision preventivo aclarar fiscalia notificar amparo suspender proceso acusar director academia militarizada doenitz explicar proceso legal jorge luis comision omision considerar cargo desempenar institucion educativo privado responsabilidad controlar peligro presuntamente incumplir derivar fallecimiento joven caso femenino forma participacion materia imputacion materialidad declarar danna yanina contar orden aprehension danna indicar dia resolver situacion juridico subrayar orden aprehension solicitar acudir presentar denuncia sostener defensa orden aprehension joven ocurrir antelacion desestimar caber aclarar tarea
Facebook|https://www.facebook.com/monicavtampico/posts/pfbid02zewzuRWnu2nNyAkBBotQrpURPWh1YCpMyV4Gk2tzR6mzYSUJxuzTocXnbNtrWrgel,Facebook,5,54,ano espera llegar entregar pavimentacion avenida colonia laguna puerta obra decada solicitar familia sector vialidad renovar red agua drenaje construimos banqueta guarnicion mejorir alumbrado vecino disfrutar entorno seguro digno tampicotecuida felicidad seguir transformar tampico continuar tampico seguir marcha felicidad familia colonia excelente presidenta monica gracias obra necesario familia zona gracias presidentamonicavillareal gracias equipo acompanar
Medios|https://amp.milenio.com/negocios/mexico-lidera-reciclaje-pet-lanza-resina-circular-global,Medios,1,107,mexico encontrar definicion futuro residuo industria esperar optimismo publicacion regla regir ley general economia circular ano camino adelantado pet lograr pais lograr resina certificado circularidad escala global pais consolidar referente global recuperacion pet tasa acopio ubicar ciento cifra cualquiera nacion continente americano modelo implementar organizacion privado gobierno asociacion civil inclusion financiero formalizacion empresa recolecta recicla petstar esquema ano disenado especificamente atender fortalecer micro pequeno deposito residuo compania operar socio acopiador pais ubicar peninsula yucatan espacio permitir vecino recuperador urbano vender material valorizabl colonia director asunto publico petstar carlos mendieta explicar principal innovacion modelo formalizacion sector tradicionalmente volar debajo radar economia formal petstar apoyar activamente socio acopiador formalidad
YouTube|https://www.youtube.com/watch?v=okfg9-MqWhk,YouTube,3,77,mayo zambada caso narcopolitica controversia avioneta volver colocar centro debate soberania mexicano conversacion oscar balderas raul benitez manaut construir cartel llegar dinero criminal campana municipio ocurrir caida lider romper equilibrio analisis crimen organizado politico institucion relacion mexico unidos sentar programa aprender bendiciones oscar reir agua negro drenaje peste robo sakeo guerra muerte ambr extorsion corrupcion venir disenar financiado casa blanca mundo entero compinches aliado comunismo vaticano cabezilla financiero muerto descubierto acabado asta himaginar descubierto efecto dominar callendo
Medios|https://amp.milenio.com/estados/exigen-justicia-caso-dafne-puente-tampico,Medios,1,108,reclamo justicia caso joven dafne zapata quintos llegar puente tampico grupo persona reunir tarde lunes apoyo familia adolescente victima homicidio escuela militarizado ubicado ciudad madero trafico puente tampico veracruz afectado marchar carril limitar trafico tamaulipas veracruz terminar caseta familia afectado presente senoras madre familia acompanado hijo joven juntar acceso proveniente bulevar lopez mateos direccion estructura mostrar carta aliento alejandra quintos pedir autoridad esclarecer manifestante acudir voluntad froylan malpica venir voluntad mensaje religioso causa acontecido academia doenitz semana reciente dia detencion persona presuntamente involucrado muerte menor ano edad almomento cierre parcial circulacion puente tampico tamaulipas veracruz manifestacion milenio tamaulipas july guadalupe barron arribar vehiculo personal acompanado familia mencionar respald
Medios|https://oem.com.mx/elsoldetampico/local/caso-dafne-padre-de-yanina-denuncia-irregularidades-durante-audiencia-31319560,Medios,1,31,locallunes julio caso dafne padre yanina denunciar irregularidad audiencia ofir cruz melo afirmar defensa detectar inconsistencia carpeta investigacion antonio campos ofir cruz melo afirmar defensa detectar inconsistencia carpeta investigacion antonio campos
Twitter|https://x.com/valtierrahdz/status/2082480111496917474,Twitter,2,25,linea independiente lunes julio nuevolaredo laredo nld tamaulipas justicia llegar tarde fracasar nuevolaredo diazordaz reynosa matamoros ciudadvictoria altamira tampico madero tamaulipas laredo laredotx mcallen texas
Medios|https://oem.com.mx/elsoldetampico/local/listos-para-una-segunda-vida-mas-de-100-edificios-esperan-renacer-en-el-centro-de-tampico-31207841,Medios,1,21,locallunes julio listos vida edificio esperar renacer centro tampico especialistas considerar reconversion inmueble vivienda comercio impulsar revitalizacion centro historico maria macias
Medios|https://amp.milenio.com/policia/reunion-familiares-desaparecidos-deja-inconformes-jalisco,Medios,1,100,gobernador pablo lemus navarro atencion demanda colectivo busqueda madre padre victima desaparicion salir reunion mensual autoridad decepcionado senalar avance investigacion encuentro formar mesa mensual mantener ejecutivo estatal colectivo busqueda seguimiento compromiso asumido atender necesidad planteado familia mesa dialogo casa jalisco mandatario estatal anunciar contratacion ministerios pubicos especializado fortalecer atencion investigacion caso desaparecido particularmente region interior sostener reunion colectivo busqueda solicitud colectivo ministerio publico interior solicitud ministerio publico puerto vallarta region tequila atender tala ameca tequila zona indicacion contratar personal adicional creer necesitar minimo ministerio publico atencion especializado familia victima desaparicion explicar destacar firma convenio colegio notarios jalisco colectivo familiar victim
Twitter|https://x.com/elmercuriotam/status/2081907576363528606,Twitter,2,9,region hotel lagunadelcarpintero tamaulipas region libertaddeexpresion periodismo mante tamaulipas
Twitter|https://x.com/soy24siete/status/2081911412725534942,Twitter,2,27,proyecto pedir grupo ambientalista manifestar rechazo obra laguna carpintero autobus transpais involucrado accidente calle monterrey dejar saldo persona lesionado conductor resultar gravemente herido autobus sufrir falla freno
Twitter|https://x.com/yennigandiaga/status/2082313579387077028,Twitter,2,218,atencion chofer estrellablanca remover bajar pasajera perrito grupo estrella blanca informar concluir investigacion relacionado incidente difundido red social viaje linea pacifico lamentar experiencia vivido pasajero agradecer compartir comentario investigacion determinar actuacion operador acorde protocolo remover rol operativo deber cumplir programa capacitacion sensibilizacion fortalecer atencion usuario asimismo identificar viaje cumplir requisito programa mascota viajera ruta participar programa mascota contar registro previo acreditar conforme lineamiento establecido pertenecer raza autorizado viajar motivo bienestar animal grupo estrella blanca creer incumplimiento deber atencion carente respeto orientacion empatia reforzar capacitacion personal fortalecerer patitas bordo promover difusion lineamiento beneficio familia viajar companero pata forma seguro seguir ofrecer servicio humano incluyente seguro comunicado gandiaganoticias mexico noticias deja luis lauro reyes rodriguez delegacion programas bienestar tamaulipas ano frente delegacion programas bienestar tamaulipas luis lauro reyes rodriguez informar conclusion responsabilidad destacar avance alcanzado implementacion politica social gobierno mexico municipio periodo programas bienestar lograr beneficiar tamaulipeca tamaulipecos inversion social millon pesos recurso entregado directo familia fortalecer bienestar mejorar condicion vida llega cargo padron beneficiario reyes rodriguez senalar detras cifra existir historia esfuerzo esperanza mil familia persona adulto joven persona discapacidad productor campo sector prioritario encontrar programa social respaldo continuar avanzar responsabilidad importante noble vida recorrer municipio escuchar gente necesidad permitir confirmar servicio publico sentido ejercer cercania honestidad compromiso expresar exdelegado reconocer respaldo presidenta mexico claudia sheinbaum pardo mantener prioridad
Medios|https://oem.com.mx/elsoldetampico/local/descarrilamiento-de-carro-tanque-de-pemex-en-ciudad-madero-obliga-a-evacuar-una-colonia-esto-sabemos-31314300,Medios,1,23,locallunes julio ampliar zona evacuacion carro tanque litro combustible ciudad madero proteccion civil reforzar vigilancia ampliar desalojo preventivo comiencir maniobra seguridad juan hernandez
Medios|https://oem.com.mx/elsoldetampico/local/autos-electrificados-duplican-sus-ventas-en-mexico-y-aceleran-la-transformacion-automotriz-30606157,Medios,1,23,locallunes julio autos electrificado duplicar venta mexico acelerar transformacion automotriz mercado mostrar cambio habito consumo favorecer innovacion eficiencia energetico reduccion costo paulo monsivais
Medios|https://oem.com.mx/elsoldetampico/local/universidad-politecnica-de-altamira-lanza-carrera-en-inteligencia-artificial-e-innovacion-digital-30723425,Medios,1,27,locallunes julio universidad politecnica altamira lanza carrera inteligencia artificial innovacion digital universidad politecnica altamira forma generacion especialista desarrollar solucion puerto hospital industria petroquimica proceso automatizado miguel diaz
Medios|https://www.milenio.com/estados/aplazan-audiencia-danna-yanina-caso-dafne-zapata,Medios,1,103,motivo salud aplazar audiencia danna yanina lunes centro integral justicia altamira horas noche confirmar determinacion jueza control continuar martes hora abogado carlos robles pasar audiencia danna yanina altamira salir diligencia desahogar medio prueba querer ahondar asunto expresar equipo defensa creer inocencia imputado batalla esperar manana salir definir audiencia martes defensor subrayar martes vincular proceso vincular vinculan seguir investigacion complementario vinculan determinacion donde permanecer danna yanina audiencia aplazado culminar jornada danna oculto patrulla guardia estatal centro ejecucion sanciones altamira cumplir prision preventivo papa danna yanina salud papa ofir cruz melo confirmar ataque ansiedad padecer hija audiencia asistir medicamente estre pesado confiar autoridad tomar determinacion
Medios|https://oem.com.mx/elsoldetampico/gossip/ninos-de-tampico-brillan-en-panama-ganan-la-copa-grand-champion-en-calculo-mental-31309642,Medios,1,29,gossiplunes julio ninos tampico brillar panama ganar copa grand champion calculo mental representante aloha tampico obtener premio campeonato internacional calculo mental participar estudiante distinto pais antonio sosa sol tampico
Medios|https://www.milenio.com/politica/mexico-libera-moscas-esteriles-gusano-barrenador-frontera,Medios,1,116,mexico iniciar lunes liberacion lote mosca esteril gusano barrenador ganado gbg medida biologico gobierno federal buscar acelerar control erradicacion plaga final golpear severamente actividad pecuario frenar comercio unidos secretaria agricultura desarrollo rural sader informar dispersar millon insecto municipio coronado sur chihuahua ejemplar producir planta metapa dominguez chiapas trasladar via tampico norte pais estricto operativo logistico servicio nacional sanidad inocuidad calidad agroalimentaria senasica explicar viernes concluir ciclo produccion esterilizacion pupa posteriormente dispersar camara terrestre estrategia integral controlar plaga pupa tenir verde distinguir mosca esterilizada silvestr emerger hito cientifico ano inactividad director jefe senasica javier calderon calificar operacion hito ciclo produccion esterilizacion mexico ano anadir planta comenzar operacion semana junio incrementar gradualmente produccion diario alcanzar millon mosca esteril
Medios|https://www.milenio.com/estados/trasvase-carro-tanque-diesel-ciudad-madero-iniciara-martes,Medios,1,110,autoridad proteccion civil regional informar detener accion colonia ferrocarrilera ciudad madero permanecer carro tanque descarrilado cargado combustible hora definido retomar maniobra estimar martes cabo protocolo trasvase ocurrir ciudad madero descarrilamiento tren cabe recordar incidente ocurrir descarrilamiento tren carga inmediacion colonia ferrocarrilera provocar activacion operativo emergencia vagon transportar litro diesel medida preventivo autoridad determinar evacuar familia habitar perimetro seguridad establecido rafael chirinos aguilar coordinador proteccion civil regional asegurar manana comenzar trasvase explicar depender accion cabo petroleos mexicanos pemex cuyo especialista marcar pauta procedimiento seguro autoridad participar operativo operativo proteccion civil bomberos guardia estatal sedena guardia nacional personal ferroviario instalar puesto mando coordinar labor delimitar zona riesgo notificar casa casa habitante evacuacio
Medios|https://oem.com.mx/elsoldetampico/local/hallan-muerto-a-cocodrilo-de-casi-tres-metros-en-la-laguna-del-carpintero-investigan-la-causa-31319476,Medios,1,22,locallunes julio hallar muerto cocodrilo metro laguna carpintero investigar causa ejemplar localizar vida mirador paseo turistico preliminar muerte causa natural yadira hernandez
Twitter|https://x.com/gruponoticiaspc/status/2081947840343920671,Twitter,2,38,ano monica villarreal entregar pavimentacion laguna puerta cumplir compromiso transformar vialidad mejorar calidad vida familia tampiquenas alcaldesa monica villarreal leer comapa altamira cabo desazolve mantenimiento linea drenaje efectuar accion limpieza cuidado tuberia drenaje remediar escurrimiento agua residual leer
Twitter|https://x.com/laexpresionmx/status/2081952816889839988,Twitter,1,9,ano monica villarreal entregar pavimentacion laguna puerta tamaulipas cdvictoria
Medios|https://oem.com.mx/elsoldetampico/gossip/camilo-reprograma-su-concierto-en-tampico-conoce-la-nueva-fecha-del-tour-mexico-31319156,Medios,1,29,gossiplunes julio camilo reprograma concierto tampico fecha tour mexico interprete colombiano colaborar carin leon manuel carrasco carnales victor sampedro interprete colombiano colaborar carin leon manuel carrasco carnales victor sampedro
Twitter|https://x.com/VoxPopuliNoti/status/2081967676906189248,Twitter,1,19,ano monica villarreal entregar pavimentacion laguna puerta obra concreto hidraulico modernizo zona norte inversion superior millon pesos tampico tamaulipas
Twitter|https://x.com/VoxPopuliNoti/status/2081974196788187237,Twitter,1,16,tampico analizar proyecto hotel laguna carpintero monica villarreal pedir propuesta definir postura desarrollo turistico tampico tamaulipas
Medios|https://www.milenio.com/videos/estados/manifestantes-bloquean-puente-tampico-exigiendo-fiscalia-ceda-caso-feminicidio-dafne,Medios,1,28,manifestantes bloquear puente tampico exigir fiscalia ceder caso feminicidio dafne manifestantes bloquear puente tampico exigir fiscalia ceder investigacion feminicidio dafne principal via tamaulipas veracruz paralizado demanda justicia mexico
Twitter|https://x.com/LaRedAltamiraMx/status/2081979764672467111,Twitter,2,101,red ano monica entregar pavimentacion laguna puerta cumplir compromiso transformar vialidad mejorar calidad vida familia tampiquenas alcaldesa monica villarreal anaya inaugurar pavimentacion base concreto hidraulico avenida paseo laguna avenida torres colonia laguna puerta zona norte tampico vialidad pavimentar ano solicitar vecino rehabilitar red agua potable drenaje sanitario invitamos leer nota completo dando click link web somoslared estamosentodaspart red investigadores estudiante uat crear innovador sistema destacado esfuerzo cientifico tecnologico estudiante investigador carrera ingenieria sistemas computacionales universidad autonoma tamaulipas uat desarrollar herramienta inteligencia artificial procesamiento lenguaje natural clasificar priorizar report recurso humano tar invitamos leer nota completo dando click link web somoslared estamosentodaspart
Medios|https://oem.com.mx/elsoldetampico/local/somos-industria-una-publicacion-para-actualizarse-sobre-el-panorama-economico-e-industrial-31320343,Medios,1,17,locallunes julio industria publicacion panorama economico industrial participacion empresa local tamaulipas proveedor clave desarrollo inversion maria macias
Instagram|https://www.instagram.com/p/DbUjz8RtzGo/,Instagram,2,6,esperar cobr impuesto lana tejer mano
Medios|https://oem.com.mx/elsoldetampico/tendencias/adios-a-monky-la-perrita-chihuahua-que-celebro-sus-xv-anos-con-una-fiesta-en-tampico-31313031,Medios,1,26,tendenciaslunes julio adios monky morir perrita chihuahua celebrar ano fiesta tampico duena informar chihuahua enfrentar complicacion salud semana agradecer muestra apoyo recibido roberto gonzalez sol tampico
Facebook|https://www.facebook.com/monicavtampico/posts/pfbid02r4jTz643WogYEtosx2REihq4Zzfdu4yaqx9RckpXiDnZ5VMUyN5nuf2uxuLDXbJ4l,Facebook,3,28,acompane senadora olga sosa ruiz encuentro tejedoras patria iniciativa impulsado presidenta mexico claudia sheinbaum pardo fortalecer red apoyo mujer promover derecho recordar fuerte excelente iniciativa gracias presidenta mano
Medios|https://oem.com.mx/elsoldetampico/local/accidente-en-rastro-de-tampico-toro-embiste-a-dos-trabajadores-durante-sacrificio-31314846,Medios,1,31,locallunes julio accidente rastro tampico toro embistar trabajador sacrificio empleado lesionado permanecer atencion medico autoridad municipal investigar incidente yadira hernandez empleado lesionado permanecer atencion medico autoridad municipal investigar incidente yadira hernandez
Facebook|https://www.facebook.com/TampicoGob/videos/2000292670653615/,Facebook,5,34,inauguracion unidad sonrisas bienestar delegacion zona norte colonia laguna puerta excelente logro programa beneficio excelente apoyo lic excelente programa salud bucal devolver sonrisa gente felicidades presidenta programa apoyar gobierno humanista gobierno escuchar gobierno cumplir
Medios|https://www.milenio.com/opinion/editoriales/se-dice-en-la-grilla-tamaulipas/la-grillala-grilla,Medios,1,106,maximo rector educacion pais secretario educacion publica mario delgado asegurar buscar mama dafne alejandra quintos morir militarizada doenitz obtener respuesta lider morenista pais pendiente eliminar educacion militarizado pais alcaldesa monica villarreal anaya lograr convenio autoridad universidad pesca sede municipio pesca coordinacion generar cosa reactivar centro acuicola tancol ofrecer ingenieria acuicola licenciatura turismo cualquiera cosa francisco gojon delegado transporte parecer vacacion playa paradisiaca miramar supuesto chofer ruta cobrar querer relacionar falta vigilancia dependencia totalmente gris ciudadano falla movilizacion favor dafne riesgo asistente tratar estrategia pseudo activista politico aide contreras convocar bloqueo realidad marcha riesgo participante senalamiento personaje ojala diputado altamirense marcelo abundis recorrer colonia urbe industrial entreg
Twitter|https://x.com/amerogabriel/status/2082302929722106366,Twitter,4,51,refineria clandestino guardia nacional detecto resultar refineria clandestino millon litro hidrocarburo guardia nacional pasar detectarir gobierno lopez obrador claudia sheinbaum gobernador americo villarreal guardia nacional querer ciudadano crear cuento rpp propietario terreno jalar hilo dueno terreno chalan albanil muerto tratar guero marvic principal socio gobernador americo villarreal calabazo autoridad involucrado tamaulipas
Facebook|https://www.facebook.com/reel/1066384659288701/,Facebook,4,61,quinto unidad movil sonrisas bienestar transformar vida presentar oficialmente semana brindar atencion delegacion zona norte gracias equipo facultad odontologia universidad autonoma tamaulipas cumplir tratamiento seguir salud bienestar necesitar unidad movil sonrisas bienestar delegacion zona norte programa gobierno municipal cuidar apoyar bienestar ciudadania presidenta salud bienestar comunidad fundamental alegrar iniciativa buscar mejorar calidad vida persona gracias dedicacion programas beneficio comunidad tampiquena merecer
Facebook|https://www.facebook.com/MetropolitanodeTampico/posts/pfbid0nRdX4KQkZw9BbGH5k7TXNGhHVSV62A2d3VHVKVzRECVBnRDSVysBNKV52quyQzhwl,Facebook,2,66,este verano encuentra voz respaldo presidenta monica zacil villarreal anaya gobierno municipal tampico espacio cultural metropolitano escuela artes metro invitar participar taller verano canto dirigido persona ano sesion participar fortalecer tecnica vocal interpretacion confianza escenico espacio pensado desarrollar talento gusto musica detalles taller fecha agosto dias lunes miercoles horario dirigido personas ano costo informes tampicotecuida tampicovacontodo elartevacontodo escueladeartesmetro canto metro arte maldad sur tamaulipas maldad mexico
Twitter|https://x.com/Gandalf_el_Gris/status/2082442475415736793,Twitter,3,71,doble moral puro lula condenar corrupcion histerico milei llamar riesgo basura comunista lula milei anteriormente lula mandar estratega argentina ayudar massa impedir milei ganar viajar bolivia respaldar arce salir defender petro sacar foto combatir idea libertad fomentar hambre pueblo lula meter eleccion pais tolerar cara adjetivo lula describir milei delito radicar diferencia defender presidente hablar twitero militante acusar delito jefe pais verguenza adjetivo milei riesgo basura tampico delito doble moral puro
Medios|https://www.milenio.com/el-clima/clima-tamaulipas-pronostico-temperaturas-28-julio-2026,Medios,1,109,clima tamaulipas martes julio continuar dominado calor servicio meteorologico nacional smn informar onda calor persistir oeste mantener ambiente caluroso tarde lluvia aislado racha viento kilometro hora transcurso dia esperar cielo medio nublado nublado lluvia importante pronosticar sur veracruz tamaulipas existir posibilidad precipitacion aislado acompanado descarga electrico descartar afectacion puntual vialidad combinacion alto temperatura humedad sensacion termico diverso region especialmente noroeste oeste clima tamaulipas jornada comenzar ambiente templado fresco zona serrana resto condicion agradable hora dia conforme avance manana temperatura aumentar tarde esperar ambiente caluroso caluroso noroeste oeste tamaulipas continuar onda calor region sensacion termico superior temperatura registrado humedad ambiental seguir onda calor smn senalar onda calor persistir oeste tamaulipas
Medios|https://www.milenio.com/estados/comercios-reynosa-ven-retos-temas-seguridad,Medios,1,109,atencion seguridad reynosa seguir reto principal autoridad estatal municipal declarar sector comercial municipio fronterizo asunto deber tratar involucrado fortalecer accion region tamaulipas actividad economico percepcion inseguridad reynosa preocupar canaco encuesta percepcion inegi ciudad registrar numero habitante afirmar vivir inseguridad canaco reiterar deber estrategia prevencion tomar comparacion trimestre poblacion destacar avance materia claro presidente organismo gildardo lopez hinojosa destacar percepcion seguridad constituir factor importante confianza ciudadano competitividad deber seguir prioridad autoridad sociedad representar indicador deber fortalecimiento estrategia prevencion coordinacion institucional perder vista reynosa continuar principal motor economico norte pais ciudad reto atender importante mantener coordinado fortalecer confianza ciudadano seguir generar condicion favorecer inversion desarrollo economico exponer encuesta inegi reflejar aumir
YouTube|https://www.youtube.com/watch?v=Kn1VbY7TTos,YouTube,212,500,ojala haga morena control piso cerrar luz instalar dinero empezar president hambre carro cruzar espionaje americo agarrar recibir creer salir huachicol campos detener corrupto chiquito narcolabolstorio morena deber iso iso epoca hir incendia guinness comentario morena mexico codigo existencia celo magenta pais organizado dificil rufo meter clasico deber refineria entender arrestir investigar funcionar elefante totalmente narco terrorista politico municipal fiar nacion infiltrar policia estatal enganar ganar corrupto adan esconder gasolina calor separar fogon producir coquizadora circo cartel culpar cargar pitufar estatal investigacion proteger video haciendote tamaulipas presidenta ningun muestra morena cuenca ilegal amlo ejercito cruzar ganancia asco plantio otorgar cualquiera hipocresia opositor doriga carpeta claro seguridad boca mediocre entrada huatchikool faltar magico dejado llamar gobierno vecino coro corrupto moren dia semanas fiscalia ano prueba guardia construir custodiar corrupto narco ciudad alterno presidencia garcia explicar inauguro narcomorena huachicolero mexico empresarios intachable culpa lafgr codigo monterrey politico autoridad operar sheinbaun jajajajajajajaj atole senor mexico pri cielo ciro mini agua politico grande importar mercachifle mercenario matar incomprensible claudia grafico corrupto hablar crear metar cuartel inorant fiscala banda producir gobernador investigar defender ruffo cabeza tamaulipas manejar culpable involucrado mirar criminal principal mando trasladar pipa obrador lopez movimiento asquerosas aleados barda puesto medio conocimiento sabio decada ascir pais ruffo noche nadama abandonar cabeza pelon litro pipa miro pedir mafioso francisco cabeza tamaulipas tanques liquidos pick disel incendio dezcargaban compresor leon llamar show kool reynosa grito camot tomar apoyar imaginate nieto operar creer aguas lloradera dode servir guason lopez pedir delfina camara llegar dactilar etc saldran trabajador anito dueno investiguen pansa devera dejar cirim posterior revisa operar serio raro necesitar obra narcogobernador anciano muxe puesto vender elot policia toneladas encontrar equipo liberar tanque pemex querer novelo sucesor dictar buscar pronto americo pilar sabio inche narcogobierno mira labarce moren presidenta prueba claro tonto producir dejar ista descubrir lucha salir proceder pretender palacio trafico sabian chayotero deforma hablar rufo culpable sat demostrar imagin cabo hablar grupo derecho panista rulfir marina expanista idiota americo defender ignorante periodismo caer dejar criminales seudoperiodista leyva feregrino pesos callar periodico manuel pueblo gomez ratonera hijos dedicar vida infierno lujo vivir dueno muchisimos centavero huerfanos seguir clausuren mexicanos responsabilidad morenista bienestar devolver huachicolero putiza cabronar disculpe noticia algun especular pensar imaginar contuvernio unico omision gordo construir continuar americo envtu perro gibierno morenos cantar aber caveza ojo bienestar preguntale jodeir bebida preguntar genero demasiado traicion tapandol chulado diestra empinado millonario refinar refinar unidos quitar necesitar farsa construia rrapido aire tanque cuento ladron millon denunciar especulero huachicoleo defender mechero malandrinado esconder totalmente abogado palabra abarca mente refinar amlo verguenza marko patria oposicion denuncias operado seguramente informacion involucrado refinar primo refinacion documentar caso realmente bote cuantos producir andy fiscal hablar presidente publico razon sentar servicio empresas factureros combustible uif salir seguridad porque asqueroso cortina visto palabra abia governador arrestan leon hermano fosfo estatal actividad secretaria energia sector partido narcopartido narcomoren corrupcion obrador narcomoren acaban necesitar dificil militar muerte humo escuchar mundo mundial lambiscon pemex leon dia nale senor encontrar juez imform aviso gue cita asquerosidad limosna cinismo
Facebook|https://www.facebook.com/monicavtampico/posts/pfbid0hoJRWN2VZb9PpnteLuvC4TSpQKbbeboMWEjnTswk2giqUsh69ncQ5CicVaJFgppXl,Facebook,5,67,inaugurar quinto unidad movil sonrisas bienestar presentar oficialmente semana atencion vecino delegacion zona norte sonrisa recuperado representar tratamiento dental persona volver sonreir confianza recuperar autoestima volver disfrutar comida simplemente dejar esconder sonrisa gracias equipo facultad odontologia universidad autonoma tamaulipas tratamiento unidad movil llegar familia atencion necesitar reconocimiento estudiante docente especialista programa profesionalismo sensibilidad enorme compromiso gente tampicotecuida gracias lic persona beneficiado tampicotecuida excelente labor labor social hora
Facebook|https://www.facebook.com/MetropolitanodeTampico/posts/pfbid09V9TCP27pG4LSngXHdXkRSYQ6pzvxbmcffG6DQ3uWBLhp59yf8bV7uCfCqkmuzGtl,Facebook,1,81,musical semanas explora toca este verano verano oportunidad perfecto apasionante mundo arte sonoro respaldo presidenta monica zacil villarreal anaya gobierno municipal tampico espacio cultural metropolitano escuela artes metro invitar participar taller verano iniciacion musical impartido maestro oscar diaz espacio disenado participante descubrar base ritmo nota apreciacion musical desarrollar habilidad auditiva expresivo fundamental ambiente ludico formativo detalles taller fecha agosto periodo general agosto dia martes jueves horario hrs grupo mixto ninos joven adulto costo informes tampicotecuida tampicovacontodo elartevacontodo escueladeartesmetro iniciacionmusical metro arte
Twitter|https://x.com/laexpresionmx/status/2082134057660371456,Twitter,2,19,desmiente monica villarreal dano manglar construir hotel tamaulipas cdvictoria gobernador americo villarreal refrendar compromiso justicia bienestar mante tamaulipas cdvictoria
Medios|https://amp.milenio.com/estados/tampico-lidera-conflictos-vecinos-revela-encuesta-inegi,Medios,1,111,nivel nacional region tampico registrar porcentaje conflicto vecino trimestre acuerdo encuesta nacional seguridad publica urbana ensu inegi estudio revelar poblacion ano experimentar problema enfrentamiento directo derivado problema convivencia cifra alto area urbano evaluada municipio integrar region tampico ensu efecto ensu region tampico integrado municipio tampico ciudad madero altamira tamaulipas panuco pueblo viejo veracruz resultado corresponder zona metropolitano unicamente ciudad tampico conflicto vecinal principal causa convivencia situacion originar conflicto encontrar ruido excesivo disposicion basura mascota espacio estacionamiento fiesta construccion invasion area comun desacuerdo vida cotidiano resultado reflejar dimension distinto seguridad publico ensu evalua riesgo considerar poblacion vivir indicador concentrar calidad convivencia compartir entorno urbano permitir medir frecuencia surgar friccion colonia fraccionamiento superar
Twitter|https://x.com/Tampico_Mexico/status/2082483396073181543,Twitter,1,49,proteger jesus mora hermano estrella mora jesus mora abusar danna yanina seguro responsable caso dafne zapata quintos academia doenitz exponer kevin ortega alumno escuela militarizada madero tampico tamaulipas mensaje kevin ortega alumno academia doenitz ocurrido danna yanina responsable dafne zapata quintos seguro sobrino estrella mora jesus mora justiciaparadafne tampico
Medios|https://oem.com.mx/elsoldetampico/ciencia-y-salud/el-clima-que-predomina-en-tampico-podria-estar-detras-de-tus-problemas-para-dormir-advierte-psiquiatra-30718642,Medios,1,23,ciencia saludmartes julio clima predominar tampico detras problema dormir advertir psiquiatra exceso calor noche fenomeno meteorologico incrementar consulta trastorno sueno especialista antonio campos
Medios|https://oem.com.mx/elsoldetampico/analisis/imaginese-estrategia-partidista-31319598,Medios,1,26,analisismartes julio imaginese estrategia partidista liberan cria tortuga pesca altamira miramar joya corona tamaulipas columna noticias columna cartones loultimo newsletter quedar conversacion mandar correo resumen informativo
Medios|https://oem.com.mx/elsoldetampico/analisis/economia-para-todos-salarios-y-bienestar-31320300,Medios,1,27,analisismartes julio economia salarios bienestar opinion vertido articulo responsabilidad emitir casa editorial respetar libertad expresion columna noticias columna cartones loultimo newsletter quedar conversacion mandar correo resumen informativo
Medios|https://oem.com.mx/elsoldetampico/analisis/economia-y-bienestar-hay-que-poner-atencion-31318998,Medios,1,27,analisismartes julio economia bienestar atencion opinion vertido articulo responsabilidad emitir casa editorial respetar libertad expresion columna noticias columna cartones loultimo newsletter quedar conversacion mandar correo resumen informativo
Twitter|https://x.com/licperez01/status/2082438318269026646,Twitter,2,39,abrir departamento justicia eeuu posibilidad revisar solicitud extradicion francisco garcia cabeza vaca personaje infame proselitismo unidos enfrentar justicia mexico periodista jesus garcia habler andy lopez beltran adan augusto americo villarreal focha moya mario delgado empezar sumiso chairo corriente desvergonzado
Medios|https://www.milenio.com/estados/familiares-danna-yanina-manifiestan-centro-justicia,Medios,1,114,manana desarrollar audiencia definir situacion juridico danna yanina familiar amigo joven manifestar martes interior centro integral justicia altamira exigir liberacion asegurar inocente imputar caso muerte dafne pancarta consigna asistente solicitar autoridad judicial joven ano vincular proceso sostener participacion feminicidio adolescente ocurrido campamento organizado academia militarizada doenitz ciudad madero exigir liberacion danna yanina manifestante permanecer instalacion centro integral justicia continuar audiencia iniciado manana protesta expresar respaldo danna yanina reiterar confiar dato prueba presentado defensa demostrar imputado intervenir muerte dafne movilizacion forma pacifico coincidir etapa final audiencia jueza control analizar elemento aportado definir situacion juridico joven pedir destitucion fiscal rosalba hernandez exigir libertad danna yanina familiar amigo solicitar destitucion fiscal rosalba hernandez inconform acusar presuntamente omitir
Twitter|https://x.com/mariolealmx/status/2082484192890216522,Twitter,1,29,brotar fondo canal tampico lodo agua negro drenaje crudo salir borbotones canal descarga directo sistema lagunario chairel fuente agua beber ciudad escurrir hora flagrancia fecha ubicacion tampico chairel tamaulipas
YouTube|https://www.youtube.com/watch?v=7Ojn--JsOQo,YouTube,24,274,entrenamiento militar maltrato humano adolescente clandestino sicario entrenar vivir mueres pobre muchachita responsable infierno golpear sanar directivo meter droga comprar vendiar nsenar alumno escuela militarizado disciplina entrenamiento delincuencia organizado exalumno entrevista mayoria generacion muerto salir matar contrario suicidar centro formacion sicario tortura aser vivir exalumno ensenar cosa indebido guant borrar huella abusar alumna alumno escuelar cosa siquiera escuela militar explicar dana ano padre padre derecho simplemente importar sacudir mano permitir sacar entender comodo encerrado alguien explique harfush caso guardar protocolo reunion seguridad importante metido publicidad estrellita esposa ponce puro chisme inventar alli puscin alberca rabo mentira morir alberca plantel alberca escuela mentira danna yanina ano dafne zapata ano estrellita esposa ponce cunada puro desinformacion usurpar nombre faltar detener persona ley dafne justicia dafne investigue fiscalia derechos humanos alcalde gobernador ayudar malnacido carcel osear vato loco datos erroneos proteger danna asesino desvivir dejar libre pasar creer amparo gobierno narrar onda estrella cunada ponce hermana esposa investigar senora violar ponce ano alumna plantel casar meter carcel deber atencion ministerio publico querer declaracion danna viejo vendido querer culpar danna dana alguien culpar influencia ocurrir fallecimiento asesino jamas desmantelar nacion absoluto decidir autoridad deber vigilar supervisar seudo academias brazo cruzado quedar vista inoperancia ignominia organo publico dormir laurel estrella esposa ponce ocea muxha pudricion dinero medio audiencia ministerio publico juez resultar castigar implicado salir absuelto joven justicia divino ayudar mes dafne zapata quinto tardo vida dias academia doenitz danna yanina anos dafne zapata quintos murio anos edades diferencia academia albercas criminal preocupacion alumna alumnos encontrar academia internados razon llevarselos llevarselas hijos hija padre madres enfermos enfermas emocion sentimientos sentido comun caracter paciencia hijos rol plantel internar maltratado abusados
Twitter|https://x.com/MonicaVTampico/status/2082161889669271981,Twitter,1,16,acompane senadora encuentro tejedoras patria iniciativa impulsado presidenta fortalecer red apoyo mujer promover ejercicio pleno derecho
Twitter|https://x.com/TampicoGob/status/2082162859572629508,Twitter,1,19,ano espera inaugurar pavimentacion avenida colonia laguna puerta concreto hidraulico infraestructura hidrosanitaria seguir transformar colonia obra mejorar calidad vida
Medios|https://amp.milenio.com/estados/amagan-megabloqueo-edomex-cdmx-31-julio-por-victimas-feminicidio,Medios,1,104,integrante colectivo feminista familiar victima feminicidio delito sexual desaparicion zona oriente megabloqueo exigir avance proceso legal fiscalia general justicia mexico fgjem torno caso donde megabloqueo valle mexico movilizacion agosto calzada ignacio zaragoza altura estacion metro tepalcates zona limitrofe nezahualcoyotl alcaldia iztapalapa colectivo informar movilizacion comenzar hora justicia paz marchar familia manana quitar alguien indicar pedir colectivo feminista bloqueo bloqueo sumar activista victima sobrevivient carmen sanchez sufrir ataque acido pareja municipio ixtapaluca acompanar familia enfrentar situacion violencia ano acompano caso familia escuchar historia mover muchisimo especialmente fuerte sobreviviente violencia feminicida victima violacion derechos humanos reconocido cndh asegurar activista familia afectado congregar exigir acceso carpeta investigacion
Medios|https://www.milenio.com/estados/sep-detecta-cinco-escuelas-militares-en-tamaulipas,Medios,1,108,secretaria educacion publica sep detectar escuela modelo militarizado tamaulipas revisar verificar contar permiso correspondiente informar titular dependencia mario delgado feminicidio dafne ocurrido academia militarizado doenitz ciudad madero participacion conferencia matutina gobierno mexico dia julio funcionario afirmar modelo educacion militarizado autorizado legislacion vigente emprender revision nacional institucion autorizado ley educacion militarizado secretaria defensa nacional autorizar modalidad declarar pedir reforzar supervision mario delgado explicar viernes sep enviar comunicado autoridad educativo estatal responsable autorizar operacion escuela particular reforzar supervision plantel ofrecer formacion secretario indicar accion tamaulipas identificar escuela adicional ofrecer educacion enfoque militarizado tamaulipas detectar escuela ofrecer educacion inmediato revisar permiso senalar asimismo asegurar sep mantener comunicacion gobierno tamaulipas fiscalia estatal
Instagram|https://www.instagram.com/p/DbWOeSQpxD5/,Instagram,1,16,gracias alcaldesa proyecto unico historico tampico ayudar demasiado gente acceder calidad vida gratuitamente resultado gobierno humanista
Medios|https://oem.com.mx/elsoldetampico/local/un-perrito-abandonado-inspiro-a-un-grupo-de-ninos-en-altamira-y-los-llevo-a-ganar-un-premio-nacional-esta-es-su-historia-31330794,Medios,1,27,localmartes julio perrito abandonado inspirar grupo nino altamira ganar premio nacional historia iniciativa involucro alumno familia autoridad refugio promover adopcion responsable respeto animal roberto gonzalez sol tampico
Medios|https://www.milenio.com/politica/scjn-revisa-reforma-tamaulipas-personas-vinculadas-proceso,Medios,1,112,suprema corte justicia nacion volver solicitar opinion sala superior tribunal electoral judicial federacion reforma codigo municipal tamaulipas impugnado restringir acceso permanencia cargo municipal persona vinculado proceso prision preventivo sentencia firme tribunal electoral analizar impugnacion tepjf analizar expediente turnado magistrada claudia valle aguilasocho deber emitir opinion especializado accion inconstitucionalidad promovido acto legislativo ejecutivo tamaulipas establecer reforma codigo municipal recurso impugnar decreto reformar codigo municipal impedir persona vinculado proceso delito doloso impuesto medida cautelar prision preventivo candidata presidencia municipal sindicatura regiduria permanezca cargo partido sostener disposicion vulnerar derecho votar establecer restriccion existir sentencia condenatorio firme juicio contravenir principio presuncion inocencia fondo asunto plantear persona perder posibilidad contender cargo eleccion popular separar unicamente vincular pro
Instagram|https://www.instagram.com/p/DbV-iiOx9P1/,Instagram,1,2,corrupto pendejo
Twitter|https://x.com/Jaibo_News/status/2082189858894680388,Twitter,2,31,alcaldesa tampico monica villarreal anaya hablar entrega quinto unidad sonrisas bienestar ciudad madero abrir convocatoria integrar policia turistica contar elemento especializado reforzar seguridad atencion playa miramar destino sumar visitante vacacion verano
YouTube|https://www.youtube.com/watch?v=IaFF0tJ8L0E,YouTube,25,288,senora meter escuela privada hija nieta lata casa peor matan nina error familia hechar culpa gobierno quiso hacerse cargo hija mando clases verano mire consecuencia vieja loca gobierno estatal mando inscribir nieta escuela investigar creer caso deber acudir supremo corte cdmx deber aplicar justicia dejar parar tribunal local prestir malo entendido caso saludos solidaridad familia mano interpretar triunfo ofrecer culpar gobernador reclamar hija mandar nieta escuela arguendera consu hija viejito querer mama evadir mama ustdes borregado tonto esperar canijo corrupto pedir voto jajajajajjaj buscar seguir teta politica jajajajjo reclame director escuela meter hija gobernador querer justicia uds madre correcto hijo escoger nina creer meter hijo escuela militarzado deber investigar padre meter hijo disciplinir desconocer metodo utilizar deber aplicar ley familia responzabilidad kienes mandar hijo anexo pendiente capibaro conciencia buscar felicidades senoro alzar voz senora perdon deber cuidar nieta mandar firectito matadero defeir verguenza merecer carcel evitar alejandra proteger nas cumplio papel hijo guarderia cursito verano metar carcel nieta revivir estariar vida peeo ego madre mato dejar manipular exacto meter investigar institucion pedir mostrar instalacion mostrar forma asus internado llamar abandono facil culpar gobierno decision padre decidir quiza controlar chica pensar educacion mala mala decision claro gobernante president responsabilidad revisar regla pdte reconocimiento arq disfrazado marino busca beneficio economico muerte supuesto mujer buscador dinero parasito lucrar muerto apuesto mayoria mexicano dafne justicia impartir juzgado senora ofrecer dinero mal senora respuesta querer desaser cuidado gobernador querer repartir culpa americo efta preocupado rrea explosivo causan gringos ovarios abuela justicia servidor publico mano pinchar sonrrisota dama veanla indent burlona problema raiz permiso personal capacitado ojala investigar senora derecho gobernador tibio salir sonriente foto presidente amlo demostrar puesto salir caer votar cualquiera puesto viejo idea hablar empatia aparte provocadores gobernador villarreal actitud mujer
Medios|https://oem.com.mx/elsoldetampico/turismo/las-megatortas-de-altamira-que-conquistan-por-su-tamano-y-precio-desde-hace-35-anos-31330054,Medios,1,23,turismomart julio megatorta altamira conquistar tamano precio ano ubicado entrada pedrera negocio familiar atraer diariamente trabajador puerto industrial familia porcion abundante antonio campos
Twitter|https://x.com/CarlosIbarraMo3/status/2082429662559371774,Twitter,1,27,zaaaaz tamaulipas reynosa matamoros tampico cdvictoria ultimahoro refineria clandestino confiscado fgr reynosa frontera tamaulipas dueno tratar guero marvic principal socio gobernador americo villarreal calabazo autoridad involucrado tamaulipas
YouTube|https://www.youtube.com/watch?v=q-nQqkgRXLo,YouTube,9,128,explicacion cientifica escuela doenitz trastorno personalidad llamado narcisismo narcisista sentir superior dema gustar buscar subdito persona menor rango obdedezcar orden deber gustar admirado gustar someter debil miedo psicologico violencia fisico tortura muerte masacrar enemigo seguir problema narcisista llegar sadam hussein presidente irak mil torturado encarcelado desaparecido muerto regimen idi amin presidente uganda caso escuela estructura jerarquico pequeno mecanismo narcisista idi amin sadam hussein comparacion escala nacion escuela militarizacion narcisismo deber tratar psiquiatra alce voz politico ratero complice manto matar agarrar puro borrego voto moren politico corrupto aprovechar dolor agente inocente tamano familia justicia senoro miedo forma quier hablar ala entender pidiendol favor caso hija pasar actuar ojala soltar pagar asesinato justicia maltrato menor entender dolor familia enchilar proceso judicial agarrar tranquilo caso mediatico justico encerrado proceso tardar entambado
Instagram|https://www.instagram.com/p/DbSJK7uDRe9/,Instagram,1,6,tonto incompetente meter mano caso dafne
Medios|https://oem.com.mx/elsoldetampico/local/caso-dafne-le-damos-el-voto-de-confianza-dice-la-abuela-tras-encuentro-con-el-gobernador-de-tamaulipas-31332176,Medios,1,25,localmartes julio caso dafne abuela dafne exigir justicia gobernador tamaulipas gira mante abuela dafne dialogar mandatario estatal reiterar compromiso investigacion continuar conforme ley mariela macay
Medios|https://oem.com.mx/elsoldetampico/local/nueva-universidad-abrira-en-la-casa-de-la-naturaleza-de-tampico-estas-seran-sus-carreras-31316986,Medios,1,22,localmartes julio universidad abrir casa naturaleza tampico carrera sede iniciar actividad ciclo escolar carrera ingenieria acuicola licenciatura gestion desarrollo turistico yadira hernandez
Twitter|https://x.com/EleeseNoticias/status/2082228765518667907,Twitter,1,18,hito historico monica villarreal entregar esperado pavimentacion laguna puerta ano espera comunidad transformar dia dia habitante cdvictoria tamaulipas
Twitter|https://x.com/victorpaco16/status/2082303689503461378,Twitter,2,36,confirmado librar fiscal general ernestina godoy confirmar fgr contar prueba sustentar probable participacion red contrabando combustible originar empresa ingemar ruffo appel empresario funcionario vincular proceso hidrocarburo permanecer altiplano rocha moya americo villarreal amlo cuantos prueba tambooo
Instagram|https://www.instagram.com/p/DbWiLkFkpzc/,Instagram,2,80,refineria huachicol tamaulipas quedaste callado grave ahorita crucificar gobernador quedar callado rick propaganda violar ordenamiento constitucion politico unidos mexicanos citar abajo articulo recurso economico disponer federacion entidad federativo municipios demarcacion territorial ciudad mexico administrar eficiencia eficacia economia transparencia honradez satisfacer objetivo destinado propaganda cualquiera modalidad comunicacion social difundar publico organo autonomo dependencia entidad administracion publico cualquiera ente orden gobierno deber caracter institucional informativo educativo orientacion social caso propaganda incluir nombre imagen voz simbolo implicar promocion personalizado cualquiera servidor publico respuesta
Medios|https://oem.com.mx/elsoldetampico/local/ciudad-madero-abre-convocatoria-para-la-policia-turistica-de-playa-miramar-conoce-los-requisitos-31328630,Medios,1,26,localmartes julio ciudad madero abrir convocatoria policia turistica playa miramar requisito municipio buscar conformar grupo especializado elemento fortalecer atencion visitante destino turistico roberto gonzalez sol tampico
YouTube|https://www.youtube.com/watch?v=t1_ZggiW_64,YouTube,2,17,ahogado nino tapar poso investigar autoridad ensenar otorgo permiso abrir academia militarizado marina quemar institucion billete promedio
Medios|https://www.milenio.com/estados/escuelas-militarizadas-en-tamaulipas-cuales-son-y-donde-estan,Medios,1,117,deteccion institucion educativo modelo militarizado tamaulipas secretaria educacion publica sep crecer incertidumbre cual ubicar institucion academico investigacion cabo suscitado academia militarizada doenitz joven dafne ano fallecer dia campamento verano ofrecido institucion mencionado academia militarizada marina doenitz ciudad madero dia permanecer suspendido asegurado autoridad escuelas militarizado ciudad zona centro altamira calle francisco javier mina encontrar colegio militarizado cadete juan escutia ninos heroes aparentemente manejar educacion secundario primario respectivamente compartir directora martha lilia cristobal fermin red social institucion mostrar actualizacion inicio mes mayo reynosa encontrar colegio militarizado calmecac colina lomas real jarachinas norte calle san jacinto acuerdo pagina oficial avalar secretaria educacion publico nivel basico primaria medio basico secundario siie colegio militar contar alma raquel garcia flores directora plantel
Medios|https://oem.com.mx/elsoldetampico/tendencias/fans-de-hello-kitty-esto-les-interesa-anuncian-regreso-de-expo-en-tampico-31335087,Medios,1,24,tendenciasmartes julio fans hello kitty interesar anunciar regreso expo tampico edicion contar producto tematico alimento actividad causa apoyo perro gato vulnerable adolfo ruiz nunez
Medios|https://www.milenio.com/comunidad/altamira-investiga-presunto-envenenamiento-masivo-perros,Medios,1,109,direccion bienestar animal altamira informar iniciar procedimiento juridico correspondiente report presunto envenenamiento masivo perro ejido estacion colonias comunicado oficial dependencia senalar accion deriva report recibido medio contacto red social relacionado expediente documentar presunto intoxicacion intencional animal compania habitar comunidad rural autoridades abrir procedimiento denuncia ciudadano comunicado direccion bienestar animal indicar encontrar marcha proceso legal correspondiente investigar determinar responsabilidad exhortar poblacion contar informacion relacionado caso numero oficial dependencia presentar denuncia formal aportar dato contribuir desarrollo investigacion autoridad senalar colaboracion ciudadano importante esclarecer ocurrido responsable caso animal envenenar deliberado pedir denunciar cualquiera informacion caso dependencia municipal reiterar llamado habitante altamira testigo contar evidencia fotografia video cualquiera dato relevante llegar canal ofic
YouTube|https://www.youtube.com/watch?v=6I5t0mOqo9s,YouTube,2,8,patada ahogado denunciar principio complices chamba policia pesado
Medios|https://www.milenio.com/estados/audiencia-de-danna-yanina-se-reanuda-hoy-28-julio-2026,Medios,1,104,audiencia inicial danna yanina imputado caso muerte adolescente dafne reanudar martes manana centro integral justicia altamira diligencia lunes suspender joven presentar problema salud llegada recinto judicial abogado defensor carlos david robles informar jornada previo desahogar medio prueba jueza control hora defensa exponer dato prueba buscar demostrar joven ano participacion feminicidio dafne litigante sostener elemento presentar suficiente acreditar falta responsabilidad representada investigar fiscalia general justicia tamaulipas audiencia danna yanina lunes diligencia lunes comenzar horas extender dia registrar receso ocurrir manana permitir abogado revisar carpeta investigacion tarde tomar alimento hora audiencia sesion concluir horas finalizar imputada presentar problema salud jueza determinar suspender diligencia martes aplazar audie
Instagram|https://www.instagram.com/p/DbWugAANLrH/,Instagram,1,1,faltar
Twitter|https://x.com/yiyigachan/status/2082468840852566020,Twitter,2,29,tampico cabrona valentin ricarda mamar spanglish qpd seleccion nacional mexico informar direccion deportiva selecciones nacionales varoniles menores informar jugador seleccion nacional mexico santiago sandoval participar campeonato concacaf resultar fractura
Twitter|https://x.com/EleeseNoticias/status/2082272133137273116,Twitter,2,21,monica villarreal sonrisa tampico quinto unidad movil servicio odontologico gratuito familia acceso salud bucal adecuado cdvictoria tamaulipas caso trascencidir nivel nacional
Twitter|https://x.com/art7951/status/2082305942243127375,Twitter,4,75,coordinador pri senado manuel anorve acusar gobierno morena utilizar lineamientos generales proteccion derechos audiencias mecanismo controlar medio comunicacion limitar libertad expresion legislador advertir disposicion permitir suspension precautorio transmision representar riesgo libertad prensa considerar gobierno buscar definir informacion falso descontextualizado sara pablo via claudia censura bozal exhir narco gobierno prueba nardo garcia luna narco pan prueba garcia luna narco aplicar narco gobernador morena americo villarreal marina pilar rocha moya acusar gobierno estadounidense nomas convenir acusacion americana
Twitter|https://x.com/olgapsosa/status/2082274843462967359,Twitter,1,19,presidenta municipal monica villarreal diputada local presidenta comision igualdad genero diversidad lucero deosdady equipo igualdad sustantivo tampico tierra nacer
Twitter|https://x.com/Tawii45/status/2082435940966863001,Twitter,1,3,ansioso pra agosto
Twitter|https://x.com/athendoflight/status/2082367577553310182,Twitter,2,60,americo villarreal pajaro correteado lopez robador gabriel hernandez denunciar mario guitian despojar predio responsabilizar pasar aparecer muerto refineria clandestino tamaulipas predio denunciado gabriel guitian amigo gober villarreal huachicol creer cartel pueblo justificar incapacidad insolencia indolencia corrupcion mexico mandar pueblo comunista claudia sheinbaum responder asesor trump casa blanca stephen miller asegurar sistema politico judicial mexicano funcionar control cartel rechazar gobierno narcoestado
Twitter|https://x.com/ultranoticiasfm/status/2082285000729235649,Twitter,1,14,ofrecer cuestionar abuela dafne zapata gobernador tamaulipas americo villarreal justicia responder mandatario dafnezapata rrss
Twitter|https://x.com/TvAstronoticias/status/2082285801157583316,Twitter,2,39,americo villarreal aliado mantenses patty tamaulipas elmante gonzalez tampico cdvictoria altamira ciudadmadero reynosa matamoros xicotencatl riobravo vallehermoso nuevolaredo dallas sanantonio nuevoleon aldama tamaulipas elmante gonzalez tampico cdvictoria altamira ciudadmadero reynosa matamoros xicotencatl riobravo vallehermoso nuevolaredo dallas sanantonio nuevoleon aldama
Twitter|https://x.com/noticiasmporm/status/2082286668883660854,Twitter,2,43,caso dafne abuela dafne zapata exigir justicia gobernador americo villarreal evento ciudad mante querer reclamar presunto implicado permanecer prision preventivo feminicidio oficial guido pizarro dejar direccion tecnico tigres motivo personal argentino asegurar decision obedecer resultado equipo hernan elizondo dirigir forma interino duelo queretaro
Twitter|https://x.com/LaRazon_mx/status/2082287003765240204,Twitter,1,19,gobernador tamaulipas americo villarreal anaya asegurar justicia caso dafne zapata quintos fallecer campamento ciudad madero reiterar investigacion continuar esclarecer
Medios|https://amp.milenio.com/comunidad/guadalajara-celebra-50-anos-tianguis-turistico-mexico,Medios,1,117,cancelacion oficial estampilla postal conmemorativo guadalajara sumar festejo ano tianguis turistico mexico principal evento promocion negocio turistico pais acto encabezado servicio postal mexicano tianguis turistico mexico aniversario existencia representar duda fundamental evolucion desarrollo turismo pais establecido nombre feria internacional agencias turisticas acapulco ano creacion secretaria turismo pais cambiar nombre tianguis turistico explicar victor hugo bajonero hernandez gerente estatal servicio postal mexicano estampilla conmemorativo explicar emision filatelico pasar proceso seleccion protocolo cancelacion marcar oficialmente inicio circulacion documento historico difundir riqueza cultural natural institucional mexico mundo asimismo destacar estampilla mexicano formar intercambio filatelico internacional pais fortalecer proyeccion pais nivel global filatelia turismo gustavo staufert buclon director general oficina visitantes convenciones guadalajara destacar estrecho relacion filatelia turismo senalar actividad compartir
Twitter|https://x.com/YUMARE20/status/2082444358771515610,Twitter,2,26,presidenta claudia sheinbaum solicito ayuda regularizar anomalias ayuntamiento ponen atencion necesitamos ayudo gobierno republica estatal pone atencion presidenta claudia sheinbaum problemas contaminacion tampico madero ayudo difundir
Twitter|https://x.com/HOYTamaulipas/status/2082290828119032156,Twitter,2,16,elmante tamaulipas americo villarreal aliado mantenses pattychio enteratir deportes mexico refrendar corona regional medalla badminton enterate
Medios|https://oem.com.mx/elsoldetampico/local/caso-dafne-asi-avanza-la-audiencia-de-yanina-n-este-martes-31326736,Medios,1,25,localmartes julio caso dafne audiencia yanina entrar fase final esperar resolucion martes defensa exponer elemento respaldar teoria alejandra reiterar llamado esclarecer muerte dafne antonio campos
Twitter|https://x.com/envozmxoficial/status/2082292005778981241,Twitter,1,22,juana laura martinez abuela dafne zapata quintos encarar gobernador tamaulipas americo villarreal exigir justicia feminicidio joven ocurrido academia militar video grupo formula
Twitter|https://x.com/SinEmbargoMX/status/2082292528003297790,Twitter,1,22,juana laura abuela dafne menor perder vida campamento verano academia militarizada marina doenitz encarar martes gobernador tamaulipas americo villarreal justicia muerte nieta
YouTube|https://www.youtube.com/watch?v=hytVqHoHIQY,YouTube,52,474,saludos arturo caer rapido clase informacion norma pina amparo quitar licencia importacion cosa similar fiscalia federal investigacion abandonaro ferrotanque millon litro combustible ano informa informa cosa presidentucha protejerlo titere macuspano mover hilo hilo boca mover defender narco huachucolero gobierno cuarta casualidad pasar marina pilar exhibir preso politico exacto coludo rabon ruffo mandela preso politico olviden dinero ilicito huachicol fiscal destinar campana politica morena ruffo partido ojala pronto caer stupep mentirosir gracias claudia shembaum pardo aprobar ley encontra noticiero mentiroso ernesto ruffo appel presidente republica rufo precioso politico proteger alo narco guachicolero morena morena errar nombre movimiento serio perfecto movimiento intocable necedad seguir proteger rata enojar poblacion voto caer contrabandista voto caer cabeza vaca chupito romero jefe cartel inmobiliario bandalito borola caer pino disfrutar votado borola deber basurero historia claudia esconde andy adan augusto mario delgado tantos capos intocables enganar merece carcel expresidente andres manuel corruptor mexico corrupto chayotero creer narrativa acto maquinado sucio injusto descarado intencion narco claudia sheimbaum hola arturo gracia seguir doler narcomorenista vividores herario clan lopez obrador ojala gente votar partido narco morenista cuidate arturo excelente saludos arturo placer investigacion avanzar encontra narco morena unidos oye arturo puro morena fregar cosa blindado faltar senora claudia crees justicia existir mexico fiscalia obvio alevosia encontrar incomodir agarrar cualquera distractor tocar rocha moya ojeda huachiculero ogt libre cargo cuidar claudia tocar prueba falso politico evidente tirania disque periodistas espinosa chile embonar criminal preferir acabar prision eua producto fechorias cadena perpetuo pena capital testigo protegido amen aduana fiscalias gasolinera lavado refineria particular monterrey samuel tamaulipas pasar lanza seguro orden gusano amlo obviamente beneficio mmp mmp ruffo acusar huachicol huachicol perseguir dato gobierno vuelta hoja deber fiscalia andar cambiar juez orden aprehension hipocritas nomas dser orden estimado clavillaso nomas des ruffo andy americo delgado audomaro adan rocha huachicolero sheinbaum cuando preguntense donde salir combustible enviar cuba donde barril petroleo desaparecer diario ardido agarrar favorito tocar empiezas ladrar retirar pension bienestar jajaja alcansa exacto pronto venir gracias lic espinosa presirvientar tapadero delincuencia complice encarcelar delicuent prueba necesitar claro morenarco intocable cambio rufo hombre inocente respeto presidente mando encarcelar tomar edad incostitucional anos convaleciente operacion crguera malo intencion persecucion selectivo castigar alguien huachicol dese vueltecita mentor desendencia gobernadores participadpo fraude huachicol fiscal mentirosa malvada pens deberiar complices fiscalia complices atraco listo hypeo video gracias compartir compartir pruebas encuentran encontrar siquiera buscan nomas quot defender quot automaticamente significar quot defender quot descaro faltar literal tocar lograr parecer administracion trump opcion recuperar orden seguridad pais cri minal andres manuel lopez obrador lista narcopolitico morenista sobrar prueba seguir proteccion impunidad seguir comentario aghhhh unico esperanza desgraciadamente saque grena estilo esperanza morir qje estasos unidos vendran anunciar caliente sentir obvio santo misericordia mexico dia senor aplicar justicia divino unidos saludo regimen sonavo alarma pemex rata rompio alarma carcel mercen juicio cupo justicia casa delincuente corrupto saqueador gracias senor periodistico gustar critica refinado
Twitter|https://x.com/HidalguenseDg/status/2082294758601347317,Twitter,1,30,nacional digame ofrecer reclamar juana laura martinez abuelito dafne zapata gobernador tamaulipas americo villarreal justicia responder mandatario familia dafne continuar exigir esclarecimiento ocurrido academia militarizada marina doenitz fuente azucena uresti
Twitter|https://x.com/Rosamex1cano/status/2082294772123808035,Twitter,1,14,nacional digame ofrecer reclamar juana laura martinez abuelito dafne zapata gobernador tamaulipas americo villarreal
Medios|https://amp.milenio.com/estados/vinculan-proceso-danna-yanina-feminicidio-dafne-tamaulipas,Medios,1,125,jueza control maria ciria mora gonzalez vincular proceso danna yanina persona detenido feminicidio adolescente dafne zapata quintos ocurrido julio campamento academia militarizada doenitz ciudad madero defensa dafne zapata lizeth flores confirmar vinculacion proceso resolucion emitir audiencia prolongar dia registrar diverso receso incluir suspension temporal imputada presentar crisis nervioso requerir atencion medico danna yanina vincular proceso feminicidio juzgadora determinar dato prueba presentado fiscalia general justicia tamaulipas suficiente etapa inicial presumir probable participacion joven ano delito feminicidio obstante aclarar vinculacion proceso constituir sentencia condenatorio permitir continuar investigacion complementario danna yanina permanecer prision preventivo medida cautelar danna yanina permanecer prision preventivo centro ejecucion sanciones altamira ministerio publico defensa reunir testimonio peritaj elemento probatorio danna yanina vincular proceso informar fgj tamaulipas fiscalia general justicia tamaulipas informar lograr juez vincular
Twitter|https://x.com/VoxPopuliNoti/status/2082295971216552298,Twitter,2,41,luis lauro reyes dejar delegacion bienestar tamaulipas ano gestion exdelegado agradecer claudia sheinbaum americo villarreal anunciar gestion ciudadvictoria tamaulipas camion recolector basura impactar puente peatonal dejar persona herido san nicolas accidente ocurrir colonia industrial nogalar generar movilizacion autoridad sannicolas nuevoleon laroja
Twitter|https://x.com/El_ReporteroMX/status/2082296135117324560,Twitter,1,8,gobernador americo villarreal refrendar compromiso justicia bienestar mante
Twitter|https://x.com/a_ravine88/status/2082298424762814694,Twitter,2,25,hablar garcia luna morena adan augusto americo villarreal durazo rocha moya andy marina pilar monreal jajajaja querer censurar psicopata palacio nacional justicia selectivo encubrimos sheinbaum
Twitter|https://x.com/VoxPopuliNoti/status/2082299638942441634,Twitter,2,39,monica villarreal acerca servicio odontologico gratuito familia tampico quinto unidad movil alcaldesa inaugurar espacio odontologico beneficiar familia zona norte tamaulipas tampico kia producir vehiculo electrico mexico inversion millon dolares planta pesqueria producir modelo electrico generar directo kia mexico nacional
Twitter|https://x.com/fuente_noticias/status/2082299870438686952,Twitter,2,19,tamaulipas refrenda americo villarreal compromiso justicia bienestar mante tamaulipas vinculan proceso danna yanina feminicidio adolescente dafne seguir prision preventivo
Twitter|https://x.com/LaTalacha/status/2082300134809809343,Twitter,1,11,tamaulipas arranca americo villarreal libramiento poniente entregar obra hidraulico deportivo elmante
Twitter|https://x.com/Eligio_Awiizotl/status/2082301754780033223,Twitter,1,8,americo villarreal demanda justicia dafne familia voto confianza
Twitter|https://x.com/lacapital2006/status/2082302699882598896,Twitter,1,24,arranca americo villarreal libramiento poniente mante americovillarreal libramientoelmante regioncanera tamaulipas ciudadvictoria nuevolaredo reynosa riobravo vallehermoso monterrey matamoros elmante altamira ciudadmadero tampico slp cdmx mexico
Twitter|https://x.com/lajornadaonline/status/2082302841616499127,Twitter,3,43,jueza vincular proceso dana yanina presunto participacion feminicidio dafne zapata adolescente fallecido campamento escuela militarizado doenitz tamaulipas resolucion permitir continuar proceso penal representar sentencia condenatorio abuela dafne exigir justicia gobernador americo villarreal pedir resultado concreto justicia querer querer chivo expiatorio mano mezar cuna
Twitter|https://x.com/adnnoticiasmx/status/2082307626491150738,Twitter,1,22,niunamenos juana laura martinez abuela dafne zapata presente evento gobernador tamaulipas americo villarreal exigir justicia feminicidio joven encarar gobernador dejar claro hambre
Twitter|https://x.com/olgapsosa/status/2082308606435709017,Twitter,1,34,derecho mujer conquista logrado mujer valiente anteceder abrir camino venir orgulloso tampico presidenta municipal monica villarreal diputada local lucero deosdady amiga corazon tejer patria fuerte participacion visibilizacion derecho mujer entregar cartilla derechos mujeres estiempodelasmujeres
Twitter|https://x.com/LaMejor_Tampico/status/2082435985464312106,Twitter,2,31,llegar panda show noche historias broma confesion diversion elpandashow aquinomas empezar dia vida mensaje lleno reflexion esperanza comenzar dia pie derecho acompanar padre victor manana lunes domingo nomas tampico lamejortampico aquinomas
Twitter|https://x.com/AgenciaOCNLD/status/2082316568202027189,Twitter,1,6,fortalece tamaulipas gestion publico sistema informatico
Twitter|https://x.com/AgenciaOCNLD/status/2082319004673126793,Twitter,1,10,arranca americo villarreal libramiento poniente entregar obra hidraulico deportivo mante
Twitter|https://x.com/elsolde_tampico/status/2082481279782756671,Twitter,2,18,nino tamaulipas estudiar escuela ofrecer formacion militar proyecto reconocido nivel nacional comenzar preocupacion nino altamira perrito abandonado historia
Twitter|https://x.com/elmercuriotam/status/2082321561525121255,Twitter,2,24,reconocer apoyo impulso gobernador americo villarreal desarrollo mante tamaulipa cdvictoria mexico region noticia ciudad peor ano inversion publico privado parque ciudad destrozado calle porfa
Twitter|https://x.com/proceso/status/2082322782809903229,Twitter,1,14,abuela dafne encarar americo villarreal exigir justicia video gobernador tamaulipas prometer aplicar peso ley
Medios|https://oem.com.mx/elsoldetampico/turismo/por-las-vacaciones-de-verano-sector-de-comercios-y-servicios-de-tamaulipas-preve-repunte-del-50-en-ventas-31329295,Medios,1,22,turismomart julio vacacion verano sector comercio servicio tamaulipas prever repunte venta destino visitado ciudad madero playa miramar seguido puerto tampico maria macias
Twitter|https://x.com/ae_informativo/status/2082327725218374036,Twitter,2,21,reconocer gobierno mexico participacion imss plan kukulkan mundial futbol imss arranca americo villarreal libramiento poniente entregar obra hidraulico deportivo mante tamaulipas
Medios|https://www.milenio.com/videos/estados/abuela-dafne-confronta-gobernador-exigiendo-justicia-inmediata-evento-publico,Medios,1,31,abuela dafne confrontar gobernador exigir justicia inmediato evento publico abuela rendir laura martinez confrontar gobernador villarreal exigir justicia nieta dafne medio dolor pedir promesa convertir resultado real familia negar olvidar mexico
Twitter|https://x.com/Milenio/status/2082332599037337946,Twitter,1,17,voto confianza laura martinez abuela dafne pedir justicia gobernador americo villarreal evento publico exigir caso quedar impune
Twitter|https://x.com/MLopezSanMartin/status/2082332923303178253,Twitter,5,33,paraiso narcolandia cuestionar autoridad detectarir refineria clandestino reynosa pese poblacion senalar americo villarreal gobierno municipal falta respuesta perico coco loco drogadicto paracir idiota par defender presunto narcohuachicolero seguramente andar intoxicado aprovechar mentir regulacion
Twitter|https://x.com/HED1919/status/2082335521074721246,Twitter,1,14,americo villarreal narco gobernador lider cartel noreste instalacion nariz investigar via increible clase politiquillo
Twitter|https://x.com/Planoinforma/status/2082342736242294817,Twitter,1,17,familiares amigo dafne zapata quintos adolescente ano exigir dia gobernador tamaulipas americo villarreal justicia menor nota nacionales
Twitter|https://x.com/JTrianaT/status/2082343265295081501,Twitter,2,27,morenista sergio carmona alias rey huachicol asesinar hermano dirigir aduana reynosa sexenio sobrino diputado local morena esposa colocar incondicional gabinete americo villarreal mario delgado oposicion claro saludo
Twitter|https://x.com/LaTalacha/status/2082365167807893892,Twitter,2,69,salir millon mexicano inseguridad alimentario fao pasar periodo acuerdo informe seguridad alimentaria nutricion mundo sofi organizacion naciones unidas alimentacion agricultura fao libramiento poniente colocar mante altura crecimiento pedro cepeda gobernador americo villarreal anaya marcha construccion libramiento poniente mante obra contemplar inversion millon pesos ampliacion carril kilometro proyecto conectar carretera federal objetivo mejorar seguridad vial agilizar transporte carga fortalecer conectividad desarrollo economico region canero tamaulipas elmante obrapublica conectividad pedrocepeda americovillarreal
Twitter|https://x.com/estarc62/status/2082351084534702421,Twitter,3,25,monreal norona bejarano nahle rocha moya americo villarreal adan augusto etc proteger desinformacion jajajaja jajajaja mmmmms diferenciar diga puro mentira calar dejar estupidez puro delincuente
Twitter|https://x.com/El_Universal_Mx/status/2082351415050293604,Twitter,1,18,caso dafne zapata hambre justicia querer abuelita joven exigir gobernador tamaulipas americo villarreal resultado investigacion presunto feminicidio nieta
Medios|https://amp.milenio.com/estados/villarreal-exige-justicia-caso-dafne-gira-mante,Medios,1,112,recibir voto confianza familia menor dafne zapata quintos perder vida campamento verano academia militarizado ciudad madero gobernador tamaulipas americo villarreal anaya sostener caso justicia aplicar peso ley llegada parque zaragoza entregar instalacion renovado gobernador abordar senora juana laura martinez abuela dafne demandar justicia nieta mandatario manifestar solidaridad apoyo refrendar compromiso impunidad actuar firmeza aplicar peso ley dialogo senora juana laura martinez gobernador villarreal anaya subrayar pleno coincidencia demanda justicia recordar persona prision preventivo proceso investigacion aplicar peso justicia abuela dafne expresar gobernador confianza pedir continuar esclarecer garantizar justicia nieta senalar rodeado periodista acompanar actividad mandatario tamaulipeco gira mante voto confianza querer evento entrega instalacion villarreal anaya responder demanda exigir familia amigo dafne
Medios|https://www.milenio.com/comunidad/estrategia-sheinbaum-reduce-percepcion-inseguridad-ecatepec,Medios,1,107,estrategia seguridad impulsar presidenta republica claudia sheinbaum aplicar policia municipal territorio secretaria marina comunidad coordinacion nivel gobierno permitir bajar percepcion inseguridad espacio publico mejorar efectividad confianza policial pasar ciento informar alcaldesa azucena cisneros coss conferencia prensa acompanado comisario seguridad capitan marina luis alberto taylor gonzalez presidenta municipal recordar ano ecatepec municipio poblado grande pais utilizar abandono inseguridad corrupcion falta oportunidad gobierno dejar comunidad cargar estigma danar imagen entidad condicion cambiar ano incrementar ciento percepcion poblacion ecatepec considerar efectivo gobierno municipal resolver problematica publico pasar ciento diciembre ciento junio respuesta demanda sentida realizacion obra accion autoridad local alcaldesa azucena cisneros coss destacar avance recuperacion confianza poblacion reconocer faltar
Medios|https://oem.com.mx/elsoldetampico/local/vinculan-a-proceso-a-danna-yanina-n-por-caso-de-dafne-permanecera-en-penal-de-altamira-31338471,Medios,1,25,localmartes julio vincular proceso danna yanina caso dafne permanecer penal altamira jueza determinar permanecer cedes altamira semana continuar audiencia acusado mario cruces adolfo ruiz nunez
Medios|https://www.milenio.com/estados/bosque-hadas-veracruz-enfrenta-juicio-obras-manglar,Medios,1,107,bosque hada levantado raiz mangle fantasia parecer arbol invitar recorrer sendero madera rincon magia laguna pueblo viejo norte veracruz sendero principal recorrer metro pasarela madera serpentear manglar promocion turistico mostrar pequeno casa color colocado arbol morada hada supuesto guardiana ecosistema narrativa convertir sitio atractivo difundido norte veracruz visitante distinto extranjero detras historia aparecer fantastico visitante seguir llegar fotografia figura cuento expediente judicial librar batalla completamente distinto ciudadano acusar parque construir ecosistema protegido cumplir legislacion ambiental juez federal ordenar suspender cualquiera intervencion relacionado proyecto resolver fondo juicio cuento bosque esconder secreto secreto rama documento denuncia resolucion judicial manglar cuyo historia comenzar alguien imaginarar parque tematico bosque hadas nacer
Facebook|https://www.facebook.com/monicavtampico/posts/pfbid02uREem3EewYczTMeb1HiikZH1uP5PCZdZWQGuR87JYb9d8trzPBynKgPenUCVeYZnl,Facebook,2,40,forma disfrutar tampico recorrer laguna chairel kayak duda especial buscar experiencia invitar disfrutar recorrido rodeado naturaleza tranquilidad paisaje unico ciudad interesado consultar informacion south coast tampico kayaks tampico tampicotecuida bonito combinar deporte diversion gracias alcaldesa monica villarreal promover hermoso pasatiempo
Facebook|https://www.facebook.com/permalink.php?story_fbid=pfbid0i2JDViUmsxz2R7fcnuqNec6goyCxMuKLaY55HRehqSHaAWDocVSPyPcHnqAJaehWl&id=61567568690714,Facebook,1,82,descubrir sabor experiencia alto visita tampico prueba torta barda vinistar comenzar torta sardina frijol alimentar trabajador puerto antiguo barda patio ferrocarril nacer alimento practico transformar ingrediente icono gastronomico tampico mapa comer jamon queso carne deshebrado chorizo aguacate tomate cebolla inconfundible salsa chicharron ingrediente contar historia conquistar generacion paladar mil visitante torta barda representar sabor tampico formar identidad tradicion recuerdo gana volver probar donde mordida ven descubrir clasico tampiqueno enamorar bocado encuentrala barda ferrocarril heroe nacozari zona centro visitatampico viveelverano tortadelabarda descubresussaborestampico turismotampico
Facebook|https://www.facebook.com/TampicoGob/posts/pfbid02TeUcstYEWQi9a1W8uyDNhajZ6y7ZCL7STsvMa8MyhAEgVEr8qcdischoFTKfKZo2l,Facebook,1,59,orgullo concluir taller mantenimiento aires acondicionados dirigido pescador encontrar temporada veda impulsado presidenta municipal monica villarreal anaya direccion desarrollo economico celebrar entrega constancia hombre mujer comprometido aprovechar periodo adquirir conocimiento fortalecer habilidad generar alternativa desarrollo economico familia aprendizaje representar oportunidad diversificar ingreso fomentar autoempleo seguir construir futuro tampico seguir impulsar capacitacion herramienta abrir oportunidad mejorar calidad vida gente tampicotecuida
Twitter|https://x.com/hectorgarciasr/status/2082418919747224052,Twitter,2,25,dia alberto contador ganar tour francia martin dihigo hazana pitcher bateador mexico julio veracruz vencer monterrey entrada ponchar salida agosto poncha tampico sumar partido seguido
Twitter|https://x.com/inasiable/status/2082417500717756504,Twitter,2,8,spanglish vivir tampico felicidad provenir cosa chiquita cotidiano
Twitter|https://x.com/VaxTamaulipas/status/2082420873936454015,Twitter,1,18,cdmx tampico cdvictorio reynosa manas pegan abuela dafne rompio redes negarse saludar americo exigencia justicia expediente elaborado pata
Twitter|https://x.com/MuroPoliticoMX/status/2082426298886938635,Twitter,1,15,opinion columnista lee columna cdvictoria tampico cdmadero altamira matamoros reynosa nuevolaredo riobravo vallehermoso sanfernando tamaulipas
Medios|https://amp.milenio.com/opinion/editoriales/se-dice-en-la-grilla-tamaulipas/la-grilla_1234,Medios,1,108,cdmx pendiente asambleas informativas morena municipio tamaulipas asistencia diputado federal senadores responsable mensaje presidencia republica claudia sheinbaum querer pinta gobernador tamaulipas americo villarreal mante asegurar justicia absoluto caso dafne zapata quintos joven morir academia doenitz abuela menor buscar autoridad estatal evento inauguracion obra ciudad canero caso dafne parecer obtener evaluacion secretario gobierno hector villegas subsecretario tomas gloria deber asumir control situacion abrir canal dialogo atender conflicto inconformidad escalar anticipar contener resolver reaccionar problema crecer senadora olga sosa gira sur tamaulipas serie compromiso territorio recorrido eliezer garza presidente aistac empresa altamira atraer inversion region peticion guardar bolsillo directo senado dependencia federal luis lauro reyes cerrar ciclo frente coordinacion pro
Twitter|https://x.com/totalg26z/status/2082439627571408981,Twitter,1,5,salida tampico victoria victoria disponible
Medios|https://www.milenio.com/estados/reynosa-segundo-municipio-mas-feminicidios-mexico-2026,Medios,1,109,tamaulipas colocar feminicidio pais semestre ano reynosa posicionar municipio incidencia nivel nacional acuerdo cifra secretariado ejecutivo sistema nacional seguridad publica sesnsp enero junio entidad acumular feminicidio cifra superar sinaloa caso mexico chiapas ciudad mexico numero victima tamaulipas registrar tasa feminicidio mujer doble promedio nacional ubicar confirmar alto impacto delito extremo opuesto ubicar nayarit feminicidio tlaxcala hidalgo colima aguascalientes reportar caso periodo reynosa municipio feminicidio mexico nivel municipal presentar estadistica reynosa registrar enero junio convertir ciudad caso mexico unicamente debajo culiacan sinaloa contabilizar ciudad fronterizo unico municipio tamaulipeco aparecer incidencia pais listado figurar benito juarez quintana roo centro tabasco chihuahua ciudad juarez cuauhtemoc chihuahua venustiano carranza iztacalco magdalena contreras ciudad
Twitter|https://x.com/vanguardiamx/status/2082484357000728623,Twitter,2,14,localizar albanil vida terreno saltillo morena coahuila diego bosque americo villarreal ruta salir septiembre
YouTube|https://www.youtube.com/watch?v=bNeP8PTz-gk,YouTube,2,50,marcotrafico existir nadama gobernar anteriormente mexico vendido rata permitir entrar patria querer actual gobernante venir partido morena dejar enojado buscar segun culpar mexico pais poderoso inteligencia economia cuidar frontera permitir etrir ilegalmente armamento criminal pais sur procovar conflicto pais mexico mira morrillo mitotero mamada novedad buscale jurar pintar color amarillo
Twitter|https://x.com/elmercuriotam/status/2082451079762166198,Twitter,1,18,felizmiercole iniciar informatir portada leer noticia elmercurio tamaulipas exclusiva visitanos cdvictoria tampico madero matamoros reynosa nuevolaredo altamira mexico
Twitter|https://x.com/XiomaraVargasTV/status/2082452108549235054,Twitter,7,137,cheque minuciosamente carpeta investigacion desgraciadamente pruebas implican danna yanina mama dafne alejandra quintos madre dafne zapata difundir video explicar retractar mensaje afirmar danna yanina inocente relatar inicialmente recibir mensaje familiar imputada victima academia grabar publicar video respaldar version senalar audiencia informar defensa utilizar fragmento video argumento escuchar desarrollo diligencia revisar carpeta investigacion cambiar postura escuche cheque minuciosamente carpeta investigacion desgraciadamente pruebas implican senorita danna yanina afirmar alejandra quintozz casodafne justiciaparadafne dafne dannayanina feminicidio doenitz tampico madero altamira tamaulipas senora gustar salir medio peor asesino hija querer figurar tragedia valer nefasto senora jajajajajajaja resultar investigadora fiscalia pinche viejo culera culpable tiktok supuesto amor hija nina repente personaje inesperado padre ausente representacion querer pensar mal raro madre hijo jamas culpable malo criminal tomar testimonio madre caso juridico parecer hija militarizada castigo gustar reflector claramente actriz juez familiar implicado mora
Twitter|https://x.com/elsolde_tampico/status/2082459568349532401,Twitter,1,8,destino consolidar visitado tamaulipas puerto tampico seguir top
Twitter|https://x.com/elmercuriotam/status/2082461137971646603,Twitter,1,14,opinion medio existir renuncia voluntario intrigar causa provocar separacion cargo reynosa tampico cdvictoria tamaulipas
Twitter|https://x.com/Radio_Formula/status/2082461357857784248,Twitter,2,38,americo villarreal prometer acompanar familia dafne adolescente ano fallecer campamento verano academia militarizada marina doenitz avanzar proceso judicial presunto responsable formulanoticia azucena uresti incendio consumir camioneta repartidora pepsico bodega tamaulipas llama controlar area inmueble porlamanana ciro gomez leyva
Twitter|https://x.com/VoxPopuliNoti/status/2082463000061984842,Twitter,2,32,prevalecer calor tamaulipas registrar lluvia pronostico temperatura maximo municipio reynosa tampico nuevolaredo matamoros tamaulipas cdvictoria clima masad altamimi brianda deyanara vivir cena romantico lcdlfm pareja compartir velada especial confesion personal vals espectaculos
Twitter|https://x.com/MuroPoliticoMX/status/2082463872737313117,Twitter,1,21,tamaulipas cierre cruz fronterizo exportacion ganado tamaulipas obligar productor modificar ruta absorber costo nota cdvictoria tampico cdmadero altamira matamoros reynosa nuevolaredo
Twitter|https://x.com/MuroPoliticoMX/status/2082464041092407460,Twitter,1,21,tamaulipas ano eleccion morena asegurar llegar fortalecido proceso electoral respaldado estructura territorial nota cdvictoria tampico cdmadero altamira matamoros reynosa nuevolaredo riobravo
Twitter|https://x.com/MuroPoliticoMX/status/2082464135137120343,Twitter,2,26,tamaulipas eventual reduccion jornada laboral hora semanal disminuir ingreso mil mesero nota cdvictoria tampico cdmadero altamira matamoros reynosa nuevolaredo riobravo vallehermoso sanfernar pasar deportes checa enteratir
Twitter|https://x.com/VoceriaSegTamps/status/2082464425131257998,Twitter,1,52,voceriainforma fiscalia general republica obtener vinculacion proceso mauricio mario ursulina probable participacion delito portacion transporte arma fuego exclusivo acuerdo determinacion juez control mauricio mario permanecer prision preventivo oficioso ursulina cumplir medida cautelar arraigo domiciliario plazo fijado investigacion complementario imputado detener elemento policia federal ministerial carretera altamira asegurar bocina ocultar pistola rifle cargador
Medios|https://oem.com.mx/elsoldetampico/analisis/autorretratos-de-hielo-reinventar-a-terencio-31335925,Medios,1,28,analisismiercoles julio autorretratos hielo reinventar terencio opinion vertido articulo responsabilidad emitir casa editorial respetar libertad expresion columna noticias columna cartones loultimo newsletter quedar conversacion mandar correo resumen informativo
Twitter|https://x.com/TampicoViral/status/2082465238339792953,Twitter,1,26,escandalo ciudadano enojar jueza maria ciria mora fiscal rosalba hernandez gutierrez caso dafne zapata quintos danna yanina huir atras escondidas justiciaparadafne tampico fiscalia tamaulipas enojar pueblo
Twitter|https://x.com/elmercuriotam/status/2082466171559788563,Twitter,1,15,opinion salida coordinador cambio necesario estructura federal responder interrogante permanecer abierto nuevolaredo tampico cdvictoria tamaulipas
Twitter|https://x.com/elsolde_tampico/status/2082466177763455281,Twitter,1,13,marzo reserva biosfera cielo tamaulipas comenzar gomez farias siniestro dejar ceniza nota completo
Twitter|https://x.com/ad33geo/status/2082466250148524050,Twitter,2,30,notavel blaeu mapa nordeste america sul lago parima parime lacus rota dorado continua abaixo cartografia continuacao mapa abrange ilha margarita delta orinoco direcao leste ate tampico sul ate rio amazonas
Twitter|https://x.com/TampicoViral/status/2082467160815788259,Twitter,1,21,escandalo jueza maria ciria mora fiscal rosalba hernandez dafne zapata quintos danna yanina durar minuto facebook tampico video ciudadanos dejar corrupto
Twitter|https://x.com/hiramberman/status/2082467685502185803,Twitter,2,41,dia julio nacio tijuana donald canedo diablos monclova tampico aguascalientes lmp hermosillo tijuana guaymas campeon pingos naranjeros buscador talento gerente general coach instructor ano julio luis antonio mambo deleon tricoche jugar minatitlan empatar record juegos salvados temporada empatando mike browning implantar
Twitter|https://x.com/XoxocotlanGente/status/2082474233934848370,Twitter,2,115,sabiar parroquia santa elena cruz xoxo capilla cristos cristo carmen transfiguracion san salvador cristos salir emblematico procesion cristos noche jueves santo habitante xoxocotlan cargar recorrido nuestroslugar xoxocotlanysugente historia oaxaca noticias historica mexicana tour francia femenil enorme orgullo compartir romina hinojosa cruz ciclista mexicano ano originario tampico criado san pedro garza garcia debut tour francia femenil equipo belga lotto intermarche ladies mexicana novia ciclista isaac toro estudiar nutricion universidad arizona incluido plantilla oficial equipo carrera agosto enfrentar recorrido renacimiento prueba etapa salir suiza etapa lausanne lausanne etapa aigle geneve etapa contrarreloj dijon etapa reina final mitico mont ventoux final niza logro romina convertir mexicana historia disputar tour francia femenino orgullo leon mexico romi xoxocotlanysugente oaxaca noticias
YouTube|https://www.youtube.com/watch?v=cxi3HOddXwE,YouTube,3,56,victima quedar mal facultad mental abuso institucion inculpar victima persona noble querer cara alejandra figesar realidad raro fiscalia considerar necesario investigar director supuesto comandante centro tortura violacion llamado academia militarizada pareciera dilatar proteger caso banda mora mencionado testigo nombrar pared fugar salgan pais mora principal violador sexual nina obligar relacion sexual cambio comida evitar maltrato fisico
Twitter|https://x.com/TampicoViral/status/2082468913678254269,Twitter,1,22,escandalo altamira tamaulipas manifestantes acorralar jueza maria ciria mora fiscal rosalba hernandez gutierrez caso dafne zapata quintos danna yanina tampico tamaulipas justiciaparadafne
Twitter|https://x.com/EjeConurbado/status/2082470201581240722,Twitter,2,31,clandestina que fgr semana pasada reynosa estar cuartel guardia tamaulipas tampico ciudadvictoria querer grosero abuela dafne americo villarreal anaya cuando mano adentro sentenciar referencia resultar responsable enviar prision tamaulipas tampico cdvictoria
Twitter|https://x.com/AdriDelgadoRuiz/status/2082470438374900016,Twitter,1,112,erar huachicol adriana delgado ruiz erar gobierno prometer acabar robo combustible terminar administrar escandalo corrupcion delincuencia historia mexico cuento andres manuel lopez obrador permitir politico fuerza armado delincuencia organizado defraudar pais huachicol fiscal dano ocasionar mexicano reforma energetico promulgado gobierno enrique pena nieto abrir mercado combustible compra gasolina diesel extranjero promesa competencia precio inversion papel sonar modernidad practica terminar oportunidad perfecto construir red contrabando evasion fiscal grande historia reciente mexico ano bastar declaracion aduanero carga supervision comenzar pasar combustible clasificacion importacion libre impuesto convertir practica gigantesco esquema evasion fiscal contrabar costar pais millon pesos calculo conservador investigacion periodistico expediente judicial revelar nombre empresario funcionario politico alto nivel conspiracion exgobernador baja california erne
Twitter|https://x.com/elmercuriotam/status/2082471205026545699,Twitter,1,6,opinion enfoque cdvictoria matamoros tampico tamaulipas
Twitter|https://x.com/elsolde_tampico/status/2082473724586999941,Twitter,1,13,precio comerciant mercado rodante puebloviejo veracruz comercializar calabaza totumir cultivo ancestral sabor tradicion
Twitter|https://x.com/plumaslibres/status/2082473768107008137,Twitter,2,24,minuto guardia nacional operar super refineria huachicol reynosa tamaulipas gente cercano gobernador americo villarreal liberar gober precioso puebla mario marin roberto borge quintana roo
Twitter|https://x.com/licperez01/status/2082484395815195107,Twitter,2,18,frenar investigacion ernesto impune resultar pan cortina humo persecucion politico pndjo andy adan augusto mario delgado americo villarreal
Twitter|https://x.com/cecibluuu/status/2082476787053875270,Twitter,1,6,bom comunicado estou trabalhar pro capitulo
Twitter|https://x.com/Tampico_Mexico/status/2082477145897529466,Twitter,1,20,influencers tampico criticar mafian entrevistar alumno academia doenitz madero fan mafian excelente caso dafne zapata quintos entrevistar hija esposa director
Twitter|https://x.com/Perlmanpeezy/status/2082453479855890716,Twitter,1,5,tole tea ndu tea honey
Twitter|https://x.com/Fervaltierra92/status/2082480878228320518,Twitter,1,40,nuevolaredo diazordaz reynosa matamoros ciudadvictoria altamira tampico ciudadmadero madero tamaulipas laredo laredotexas laredotx texas nuevoleon mty anahuac coahuila piedrasnegras cdmx gdl veracruz slp justicia llegar tarde fracasar nuevolaredo diazordaz reynosa matamoros ciudadvictoria altamira tampico madero tamaulipas laredo laredotx mcallen texas
Twitter|https://x.com/DerechaDiarioMX/status/2082481281493835810,Twitter,1,17,urgente bodega pepsico matamoros arder llama consumir vehiculo reparto zona controlar cartel noreste ausencia gobernado americo villarreal
Twitter|https://x.com/Het49738134/status/2082482680239632598,Twitter,1,7,querer conoser mujer gordito tampico hombre ano
Twitter|https://x.com/mariolealmx/status/2082484028263862479,Twitter,1,23,dren abierto tirar agua negro pleno luz dia pleno tampico tapa control atender mal autoridad merecer durar permitar firmar amparo tampico tamaulipas aguasnegras
Instagram|https://www.instagram.com/p/DbYai4DJ6Cc/,Instagram,1,24,forma vivir tampico recorrer laguna chairel kayak duda especial buscar experiencia invitar disfrutar recorrido rodeado naturaleza tranquilidad paisaje unico ciudad interesado consultar informacion tampicotecuida
