usuario,plataformas,n_msgs,n_palabras,tema_dominante,tema_pct,sub_dominante,sub_pct,n_temas_distintos,n_subs_distintos
Facebook::Aaron De Jesus Ramirez,Facebook,1,8,T02,25.0,T01_S0,25.0,5,7
Facebook::Aaron Hernandez,Facebook,1,1,T02,100.0,T02_S1,100.0,1,1
Facebook::Adrian Paez,Facebook,1,0,,0.0,,0.0,0,0
Facebook::Adrian Villeda,Facebook,1,1,T02,100.0,T02_S4,100.0,1,1
Facebook::Adriana Maximoto,Facebook,1,2,T11,50.0,T11_S3,50.0,2,2
Facebook::Adriana Ruvalcaba,Facebook,1,1,T08,100.0,T08_S0,100.0,1,1
Facebook::Adry Moctezuma,Facebook,1,1,T09,100.0,,0.0,1,0
Facebook::Ady Cogu,Facebook,1,4,T12,25.0,T12_S0,25.0,4,4
Facebook::Aguilar Damian,Facebook,1,2,T10,100.0,T10_S3,50.0,1,2
Facebook::Agustin Huerta Guerrero,Facebook,1,1,T12,100.0,T12_S4,100.0,1,1
Facebook::Agustin Panuco Gomez,Facebook,1,2,T08,100.0,T08_S0,100.0,1,1
Facebook::Agustin Torres Rios,Facebook,2,6,T06,33.3,T06_S2,33.3,5,5
Facebook::Aida Centeno,Facebook,1,2,T08,50.0,T08_S0,50.0,2,2
Facebook::Aj Segovia,Facebook,24,69,T08,17.4,T04_S0,11.6,13,31
Facebook::Aket Osbecode,Facebook,1,8,T14,25.0,T14_S2,25.0,6,6
Facebook::Alan Vizcaino,Facebook,1,4,T03,50.0,T03_S0,50.0,3,3
Facebook::Alberto Yepez,Facebook,1,0,,0.0,,0.0,0,0
Facebook::Alcocer Manuelita Susy,Facebook,4,12,T01,33.3,T01_S4,25.0,7,10
Facebook::Ale Cortéz,Facebook,1,3,T03,66.7,T03_S0,66.7,2,2
Facebook::Ale Montalvo,Facebook,1,1,T02,100.0,T02_S1,100.0,1,1
Facebook::Aleex Castillo,Facebook,1,0,,0.0,,0.0,0,0
Facebook::Alejandra García Otero,Facebook,1,1,T09,100.0,T09_S2,100.0,1,1
Facebook::Alejandra Izaguirre,Facebook,1,1,T02,100.0,T02_S1,100.0,1,1
Facebook::Alejandra Martinez,Facebook,1,1,T06,100.0,T06_S0,100.0,1,1
Facebook::Alejandra Sanchez,Facebook,3,6,T02,50.0,T02_S3,33.3,3,4
Facebook::Alejandra Septien,Facebook,1,1,T08,100.0,T08_S1,100.0,1,1
Facebook::Alejandra TC,Facebook,1,3,T13,33.3,T13_S3,33.3,3,3
Facebook::Alejandro Belmont,Facebook,1,1,T04,100.0,T04_S0,100.0,1,1
Facebook::Alejandro Quiroga Silveira,Facebook,1,2,T02,50.0,T02_S3,50.0,2,2
Facebook::Alex Gutierrez Guerra.,Facebook,2,4,T08,75.0,T08_S1,50.0,2,3
Facebook::Alex Moxa,Facebook,7,20,T08,75.0,T08_S0,70.0,5,7
Facebook::Alfredo AguLeal,Facebook,1,2,T02,50.0,T02_S1,50.0,2,2
Facebook::Alfredo Agule,Facebook,1,3,T02,33.3,T02_S1,33.3,3,3
Facebook::Alfredo Contreras,Facebook,1,6,T10,16.7,T10_S1,16.7,6,6
Facebook::Alfredo Vivas Gonzales,Facebook,1,0,,0.0,,0.0,0,0
Facebook::Alizz MenGro,Facebook,1,1,T02,100.0,T02_S1,100.0,1,1
Facebook::Alma Alicia Bello,Facebook,2,5,T03,40.0,T08_S0,20.0,4,5
Facebook::Alma Flores,Facebook,23,27,T08,37.0,T08_S0,29.6,8,11
Facebook::Almix Mar,Facebook,1,5,T10,40.0,T11_S4,20.0,4,5
Facebook::Alva HS,Facebook,1,2,T03,50.0,T03_S3,50.0,2,2
Facebook::Alvaro Garza,Facebook,3,5,T08,60.0,T08_S0,40.0,2,3
Facebook::Alverto Ivarra,Facebook,3,8,T11,37.5,T11_S0,25.0,6,7
Facebook::Amalia Avalos,Facebook,1,1,T02,100.0,T02_S0,100.0,1,1
Facebook::America Amaro,Facebook,1,4,T11,25.0,T11_S2,25.0,4,4
Facebook::America Mejia,Facebook,1,7,T13,42.9,T13_S0,28.6,4,6
Facebook::Ami Grand Robert,Facebook,2,13,T00,30.8,T00_S1,23.1,8,10
Facebook::Amparo Hdz,Facebook,1,1,T08,100.0,T08_S0,100.0,1,1
Facebook::Ana Belen Cervantes Perez,Facebook,2,3,T02,66.7,T02_S1,66.7,2,2
Facebook::Ana Lilia Barrios Salazar,Facebook,1,0,,0.0,,0.0,0,0
Facebook::Ana Yuliana Mar Torres,Facebook,1,4,T02,50.0,T02_S1,50.0,2,2
Facebook::Anai Garcia,Facebook,1,1,T02,100.0,T02_S1,100.0,1,1
Facebook::Anaisiul MorZam,Facebook,1,3,T08,66.7,T08_S0,66.7,2,2
Facebook::Analilia Ledezma,Facebook,1,1,T14,100.0,T14_S1,100.0,1,1
Facebook::Andres Acuña,Facebook,1,6,T02,33.3,T11_S2,16.7,5,6
Facebook::Andreé Garcia,Facebook,1,4,T12,50.0,T12_S0,50.0,3,3
Facebook::Andrés Díaz,Facebook,1,10,T03,30.0,T03_S0,30.0,7,8
Facebook::Angel Castillo,Facebook,1,3,T02,33.3,T02_S1,33.3,3,3
Facebook::Angel Chang,Facebook,1,3,T02,33.3,T02_S4,33.3,3,3
Facebook::Angel Echavarria,Facebook,1,1,T03,100.0,T03_S3,100.0,1,1
Facebook::Angel Solorzano,Facebook,2,3,T02,66.7,T02_S1,66.7,2,2
Facebook::Angela Tristan Hernandez,Facebook,1,3,T02,33.3,T02_S0,33.3,3,3
Facebook::Angeles Zuniga,Facebook,9,16,T02,56.2,T02_S1,50.0,5,8
Facebook::Angelica Tinajero,Facebook,1,10,T00,90.0,T00_S5,40.0,2,5
Facebook::Angélica Álvarez,Facebook,1,1,T02,100.0,T02_S1,100.0,1,1
Facebook::Aniceto Constantino,Facebook,1,1,T08,100.0,T08_S0,100.0,1,1
Facebook::Anita Guzmán,Facebook,1,4,T08,25.0,T08_S2,25.0,4,4
Facebook::Anita Rodriguez,Facebook,1,11,T08,36.4,T08_S0,18.2,5,8
Facebook::Anselmo Hernandez,Facebook,1,3,T10,33.3,T10_S1,33.3,3,3
Facebook::Antonio Alvarado,Facebook,1,0,,0.0,,0.0,0,0
Facebook::Antonio Cruz Rosas,Facebook,1,1,T02,100.0,T02_S1,100.0,1,1
Facebook::Arcelia Wong,Facebook,3,4,T02,50.0,T02_S1,50.0,2,2
Facebook::Arely Pineyro Alatorre,Facebook,1,0,,0.0,,0.0,0,0
Facebook::Ariadnee Jácome,Facebook,1,0,,0.0,,0.0,0,0
Facebook::Ariana Garza,Facebook,1,0,,0.0,,0.0,0,0
Facebook::Armando Chavez,Facebook,1,3,T08,33.3,T08_S0,33.3,3,3
Facebook::Armando Gonzalez,Facebook,16,17,T08,52.9,T08_S0,52.9,3,3
Facebook::Armando Martínez Luque,Facebook,2,1,T02,100.0,T02_S1,100.0,1,1
Facebook::Arnulfo Estrada,Facebook,1,2,T09,50.0,T09_S1,50.0,2,2
Facebook::Arq Ignacio C Martinez Zarate,Facebook,1,3,T08,66.7,T08_S0,33.3,2,3
Facebook::Artur Montejano Perez,Facebook,11,22,T08,40.9,T08_S0,36.4,5,7
Facebook::Arturo Briseño,Facebook,1,0,,0.0,,0.0,0,0
Facebook::Arturo Garibay,Facebook,14,55,T08,29.1,T08_S0,18.2,13,27
Facebook::Aurelio Cantú D,Facebook,4,23,T08,34.8,T08_S0,34.8,5,8
Facebook::Aurelio Garcia,Facebook,3,4,T02,100.0,T02_S1,75.0,1,2
Facebook::Aurora Covarrubias Alvarado,Facebook,2,8,T09,25.0,T09_S1,25.0,6,7
Facebook::Aurora Edgar,Facebook,1,1,T04,100.0,T04_S0,100.0,1,1
Facebook::Aurora Guillermina Villela Valdez,Facebook,1,2,T12,50.0,T12_S2,50.0,2,2
Facebook::Aurora Zurc,Facebook,1,12,T02,33.3,T02_S3,25.0,7,10
Facebook::Aurora Ávalos,Facebook,1,0,,0.0,,0.0,0,0
Facebook::Awais Shahid,Facebook,1,0,,0.0,,0.0,0,0
Facebook::Axel Omar Ramirez,Facebook,1,1,T12,100.0,T12_S0,100.0,1,1
Facebook::Badir Alvarado Maldonado,Facebook,2,5,T08,80.0,T08_S1,40.0,2,3
Facebook::Baird Damon,Facebook,10,232,T11,26.7,T13_S4,15.5,15,53
Facebook::BanRo Lupis,Facebook,1,11,T09,45.5,T09_S1,45.5,4,5
Facebook::Barbara Rodriguez Clynes,Facebook,1,1,T02,100.0,T02_S1,100.0,1,1
Facebook::Baxar Primera Numis,Facebook,1,2,T13,50.0,T13_S1,50.0,2,2
Facebook::Beatriz Sanchez Nieto,Facebook,1,3,T08,66.7,T08_S0,66.7,2,2
Facebook::Benito Hernandez,Facebook,2,4,T02,75.0,T02_S1,50.0,2,3
Facebook::Benjamin Larrion,Facebook,2,2,T01,100.0,T01_S2,50.0,1,2
Facebook::Ber Joss,Facebook,12,18,T08,83.3,T08_S0,50.0,4,5
Facebook::Berny Angel Almancer,Facebook,1,2,T00,50.0,T00_S1,50.0,2,2
Facebook::Berrones Morris Poncho,Facebook,6,14,T08,57.1,T08_S0,42.9,4,6
Facebook::Beto Oviedo,Facebook,1,2,T02,100.0,T02_S0,50.0,1,2
Facebook::Beto Rosano,Facebook,1,3,T08,66.7,T04_S0,33.3,2,3
Facebook::Betty Duran,Facebook,1,3,T08,33.3,T08_S1,33.3,3,3
Facebook::Betty Jaime,Facebook,1,0,,0.0,,0.0,0,0
Facebook::Betty Mendiola,Facebook,1,0,,0.0,,0.0,0,0
Facebook::Betty Ortiz,Facebook,4,12,T03,58.3,T03_S0,50.0,4,5
Facebook::Betty Soto,Facebook,1,4,T03,50.0,T03_S0,50.0,3,3
Facebook::Betty Vallejo Almaraz,Facebook,5,5,T02,100.0,T02_S1,100.0,1,1
Facebook::Bety Ponce,Facebook,1,13,T09,30.8,T09_S1,30.8,7,8
Facebook::Blanca Chavez,Facebook,1,3,T02,66.7,T02_S4,66.7,2,2
Facebook::Blanca Estela Pulido Ramírez,Facebook,4,11,T02,72.7,T02_S1,54.5,4,6
Facebook::Blanca Hdz Narvaez,Facebook,1,3,T08,33.3,T08_S2,33.3,3,3
Facebook::Blanca Jesver,Facebook,1,1,T11,100.0,T11_S5,100.0,1,1
Facebook::Blanca Maldonado Hdz,Facebook,2,14,T08,28.6,T12_S0,14.3,8,11
Facebook::Blanca Pulido,Facebook,1,0,,0.0,,0.0,0,0
Facebook::Blanca Robles,Facebook,1,2,T12,50.0,T12_S2,50.0,2,2
Facebook::Bony Garcia,Facebook,3,0,,0.0,,0.0,0,0
Facebook::Brayan Servin,Facebook,1,0,,0.0,,0.0,0,0
Facebook::Brenda Martínez,Facebook,3,6,T08,66.7,T08_S0,66.7,3,3
Facebook::Brenda Rodriguez,Facebook,1,4,T05,50.0,T05_S3,50.0,3,3
Facebook::Brigido Magaña,Facebook,2,25,T01,32.0,T01_S0,28.0,10,15
Facebook::Bris Abigail Edz Cas,Facebook,1,1,T14,100.0,T14_S2,100.0,1,1
Facebook::Bris Martínez,Facebook,1,2,T08,50.0,T08_S0,50.0,2,2
Facebook::Brozzo Here,Facebook,1,2,T13,50.0,T13_S3,50.0,2,2
Facebook::Bruno Montero,Facebook,1,2,T03,100.0,T03_S0,100.0,1,1
Facebook::CJ Gac,Facebook,2,14,T03,28.6,T03_S0,28.6,10,10
Facebook::Carina CadenaHdz,Facebook,1,0,,0.0,,0.0,0,0
Facebook::Carla Varela,Facebook,1,3,T10,66.7,T10_S2,66.7,2,2
Facebook::Carlos Alfredo Arguelles Cendoya,Facebook,38,69,T08,29.0,T08_S0,23.2,14,30
Facebook::Carlos Diaz Nunez Caceres,Facebook,1,6,T01,33.3,T01_S2,33.3,4,4
Facebook::Carlos Esparza,Facebook,1,0,,0.0,,0.0,0,0
Facebook::Carlos Garcia Porres,Facebook,1,0,,0.0,,0.0,0,0
Facebook::Carlos Gomez,Facebook,1,14,T14,21.4,T03_S1,14.3,8,10
Facebook::Carlos Herrera,Facebook,1,2,T11,50.0,T11_S2,50.0,2,2
Facebook::Carlos Manuel Martinez,Facebook,1,1,T11,100.0,T11_S0,100.0,1,1
Facebook::Carlos Medina,Facebook,1,1,T09,100.0,T09_S0,100.0,1,1
Facebook::Carmen Rojas,Facebook,3,15,T03,26.7,T03_S0,26.7,7,8
Facebook::Carmen Zapata,Facebook,1,0,,0.0,,0.0,0,0
Facebook::Carol Mo,Facebook,2,3,T02,66.7,T02_S1,66.7,2,2
Facebook::Carolina Galvan,Facebook,1,2,T04,50.0,T04_S0,50.0,2,2
Facebook::Carolina Jones,Facebook,1,29,T07,27.6,T07_S4,13.8,8,16
Facebook::Carolina Martínez,Facebook,1,6,T05,16.7,T05_S1,16.7,6,6
Facebook::Carolina Vilchis,Facebook,1,4,T12,75.0,T12_S0,75.0,2,2
Facebook::Castro Loida,Facebook,1,70,T14,21.4,T00_S1,10.0,14,32
Facebook::Catalina Del Angel Damaso Damaso,Facebook,1,12,T08,33.3,T08_S0,33.3,6,7
Facebook::Catherine Berrios,Facebook,1,1,T10,100.0,T10_S0,100.0,1,1
Facebook::Cecilia Cruz Olvera,Facebook,2,1,T02,100.0,T02_S1,100.0,1,1
Facebook::Charo Guzman,Facebook,2,4,T05,75.0,T05_S0,50.0,2,3
Facebook::Cheko Car-Per,Facebook,1,2,T11,100.0,T11_S2,100.0,1,1
Facebook::Chilita Fanjon,Facebook,1,1,T02,100.0,T02_S1,100.0,1,1
Facebook::Chriss Hernández,Facebook,1,3,T10,100.0,T10_S1,100.0,1,1
Facebook::Chucho Mendez C,Facebook,2,6,T10,83.3,T10_S1,83.3,2,2
Facebook::Chuy Hernández,Facebook,2,1,T02,100.0,T02_S1,100.0,1,1
Facebook::Clara Gallardo,Facebook,5,9,T08,44.4,T08_S0,44.4,3,3
Facebook::Clara Jaz Acosta,Facebook,1,1,T02,100.0,T02_S1,100.0,1,1
Facebook::Clara M. Lerma,Facebook,2,18,T09,33.3,T09_S1,27.8,8,10
Facebook::Clara Pena,Facebook,1,7,T10,28.6,T10_S3,28.6,6,5
Facebook::Clau LO Ferra,Facebook,2,0,,0.0,,0.0,0,0
Facebook::Claudia Anaya Alvarado,Facebook,2,5,T08,40.0,T08_S0,40.0,3,3
Facebook::Claudia Blake,Facebook,10,9,T08,55.6,T08_S0,44.4,4,4
Facebook::Claudia Juarez,Facebook,1,1,T08,100.0,T08_S0,100.0,1,1
Facebook::Claudia López Rios,Facebook,4,10,T02,50.0,T02_S1,50.0,5,6
Facebook::Claudia Salas,Facebook,1,4,T11,50.0,T11_S4,25.0,3,4
Facebook::Claudia Trinidad Meza Baez,Facebook,1,0,,0.0,,0.0,0,0
Facebook::Clementina Ventura,Facebook,1,4,T08,100.0,T08_S3,50.0,1,3
Facebook::Concepcion Chavez,Facebook,1,0,,0.0,,0.0,0,0
Facebook::Conchita Martinez,Facebook,1,5,T08,40.0,T08_S0,40.0,4,4
Facebook::Coni De la Garza,Facebook,1,6,T12,33.3,T11_S0,16.7,5,6
Facebook::Conrado Navarro Ayala,Facebook,1,1,T08,100.0,T08_S0,100.0,1,1
Facebook::ConsentiDogs Tampico,Facebook,1,1,T10,100.0,T10_S0,100.0,1,1
Facebook::Coral Guerrero,Facebook,2,1,T02,100.0,T02_S1,100.0,1,1
Facebook::Cristina Pina Cruz,Facebook,8,14,T02,42.9,T02_S1,28.6,6,9
Facebook::Cristobal Ponce Alvarado,Facebook,4,8,T08,75.0,T08_S0,75.0,2,2
Facebook::Cristy Villarreal,Facebook,1,1,T08,100.0,T08_S0,100.0,1,1
Facebook::Cruz Martha Patiño Salas,Facebook,1,5,T06,40.0,T06_S1,40.0,4,4
Facebook::Crystel García,Facebook,1,0,,0.0,,0.0,0,0
Facebook::Cuiry Lira,Facebook,1,17,T11,29.4,T11_S3,11.8,10,14
Facebook::DIF Tampico,Facebook,1,38,T01,26.3,T01_S0,15.8,11,23
Facebook::Dai Sama,Facebook,1,3,T08,33.3,T08_S3,33.3,3,3
Facebook::Damaris Ruiz,Facebook,1,2,T08,100.0,T08_S3,100.0,1,1
Facebook::Dani Peres,Facebook,2,9,T08,22.2,T08_S1,22.2,7,7
Facebook::Daniela Ruiz,Facebook,1,1,T08,100.0,T08_S1,100.0,1,1
Facebook::Daniela Vizcaíno,Facebook,1,4,T12,25.0,T12_S4,25.0,4,4
Facebook::Danny Del Pine,Facebook,1,3,T04,33.3,T04_S0,33.3,3,3
Facebook::Dante Mijaíl,Facebook,1,1,T01,100.0,T01_S4,100.0,1,1
Facebook::Dar sin esperar nada a cambio Tamps.,Facebook,1,1,T08,100.0,T08_S0,100.0,1,1
Facebook::David Coria,Facebook,2,4,T02,25.0,T02_S1,25.0,4,4
Facebook::David Granados,Facebook,1,1,T08,100.0,T08_S0,100.0,1,1
Facebook::David Lopez Sosa,Facebook,1,1,T02,100.0,T02_S1,100.0,1,1
Facebook::David Rodríguez,Facebook,2,3,T08,66.7,T08_S0,66.7,2,2
Facebook::Dayanne Perris,Facebook,1,2,T02,50.0,T02_S0,50.0,2,2
Facebook::Delfina Sanchez Peralta,Facebook,1,24,T04,50.0,T04_S0,37.5,8,12
Facebook::Delicias Mamam,Facebook,53,138,T02,28.3,T02_S1,22.5,14,38
Facebook::Dely Da,Facebook,1,0,,0.0,,0.0,0,0
Facebook::Deniss Rangel,Facebook,16,49,T08,30.6,T08_S1,16.3,11,21
Facebook::Dentista Mercedes Negreros,Facebook,1,1,T08,100.0,T08_S4,100.0,1,1
Facebook::Deyanira Gonzalez,Facebook,3,11,T03,72.7,T03_S1,45.5,4,6
Facebook::Dirección de Desarrollo Económico Tampico,Facebook,5,175,T01,31.4,T01_S2,23.4,14,40
Facebook::Dirección de Protección Civil Tampico,Facebook,1,45,T02,31.1,T02_S2,13.3,13,23
Facebook::Dirección de Salud Tampico,Facebook,1,56,T03,33.9,T03_S1,25.0,12,24
Facebook::Dominga Lopez,Facebook,2,12,T08,33.3,T08_S0,33.3,6,8
Facebook::Dora Martinez Ramos,Facebook,1,0,,0.0,,0.0,0,0
Facebook::Doris H Gonzalez,Facebook,3,3,T02,33.3,T02_S1,33.3,3,3
Facebook::Dra Ofelia Cantú Educadora en Diabetes Certificada,Facebook,2,12,T02,50.0,T02_S3,41.7,6,8
Facebook::Dulce Gtz E,Facebook,1,10,T11,20.0,T10_S0,20.0,7,9
Facebook::Dulce Ornelas B,Facebook,1,11,T12,36.4,T08_S0,27.3,5,6
Facebook::Economista Tampico,Facebook,1,5,T13,40.0,T13_S2,40.0,3,3
Facebook::Eddy Segura,Facebook,3,7,T06,42.9,T06_S3,42.9,5,5
Facebook::Edith Briones,Facebook,1,1,T10,100.0,T10_S2,100.0,1,1
Facebook::Edith Moreno,Facebook,14,35,T02,51.4,T02_S1,42.9,9,15
Facebook::Edith Vázquez,Facebook,1,3,T08,100.0,T08_S0,66.7,1,2
Facebook::Edmundo RD,Facebook,2,13,T07,23.1,T07_S0,15.4,8,10
Facebook::Eduardo Clemente,Facebook,3,2,T08,100.0,T08_S0,100.0,1,1
Facebook::Eduardo Morales,Facebook,5,20,T00,30.0,T00_S0,20.0,8,13
Facebook::Eduardo Rojas Escobar,Facebook,2,8,T11,37.5,T08_S0,12.5,6,8
Facebook::Elda Ruth De Los Reyes Villarreal,Facebook,1,1,T08,100.0,T08_S0,100.0,1,1
Facebook::Elda Vianhey,Facebook,3,1,T04,100.0,T04_S0,100.0,1,1
Facebook::Elena GA,Facebook,1,4,T09,50.0,T09_S0,25.0,3,4
Facebook::Elena Zamacona,Facebook,1,3,T08,33.3,T08_S1,33.3,3,3
Facebook::Elia Jova Trejo Hernández,Facebook,2,4,T11,25.0,T11_S0,25.0,4,4
Facebook::Elias Guajardo,Facebook,1,1,T02,100.0,T02_S4,100.0,1,1
Facebook::Elisa Matilde Pego Cruz,Facebook,1,3,T08,66.7,T08_S0,66.7,2,2
Facebook::Elizabeth Arvizu,Facebook,2,2,T02,50.0,T02_S1,50.0,2,2
Facebook::Elizabeth Bermea,Facebook,8,26,T02,30.8,T02_S0,11.5,12,21
Facebook::Elizabeth Guzman,Facebook,1,3,T10,100.0,T10_S5,66.7,1,2
Facebook::Ellie Saucedo,Facebook,1,0,,0.0,,0.0,0,0
Facebook::Elver Delangel,Facebook,1,4,T11,25.0,T11_S2,25.0,4,4
Facebook::Elvia Cruz,Facebook,1,4,T08,50.0,T08_S0,50.0,3,3
Facebook::Emmanuel Diaz,Facebook,60,46,T08,23.9,T08_S0,15.2,10,22
Facebook::Enrique R. Montelongo,Facebook,1,5,T03,40.0,T03_S0,40.0,4,4
Facebook::Enrique Salomon Garcia Bacca,Facebook,2,9,T02,33.3,T14_S4,11.1,6,9
Facebook::Erasmo González Robledo,Facebook,1,2,T11,50.0,T11_S2,50.0,2,2
Facebook::Erika Deyanira Bolado Nigoche,Facebook,9,12,T02,25.0,T02_S1,25.0,8,8
Facebook::Erika Garce,Facebook,1,2,T08,50.0,T08_S3,50.0,2,2
Facebook::Erika González Gallegos,Facebook,1,1,T02,100.0,T02_S1,100.0,1,1
Facebook::Erika Rubalcava,Facebook,1,24,T04,29.2,T04_S0,25.0,9,13
Facebook::Ernesto Lugo,Facebook,1,10,T09,20.0,T09_S2,20.0,7,8
Facebook::Ernesto Morales Guerrero,Facebook,1,12,T00,58.3,T00_S4,58.3,5,5
Facebook::Esar PA,Facebook,1,7,T00,57.1,T00_S1,28.6,4,6
Facebook::Esme Cordova,Facebook,1,0,,0.0,,0.0,0,0
Facebook::Esmeralda Porto,Facebook,1,1,T02,100.0,T02_S1,100.0,1,1
Facebook::Estefania Stgo,Facebook,1,1,T02,100.0,T02_S4,100.0,1,1
Facebook::Estefanía Arroyo,Facebook,2,3,T04,33.3,T04_S0,33.3,3,3
Facebook::Esteff Hernández,Facebook,1,2,T02,50.0,T02_S1,50.0,2,2
Facebook::Esther Acosta,Facebook,1,3,T11,66.7,T11_S2,33.3,2,3
Facebook::Estrella Zaradat,Facebook,2,8,T11,25.0,T12_S3,12.5,6,8
Facebook::Eury Chávez López,Facebook,1,1,T02,100.0,T02_S1,100.0,1,1
Facebook::Eva Lopez Torrez,Facebook,1,3,T09,33.3,T09_S0,33.3,3,3
Facebook::Evangelina Mellado,Facebook,1,1,T08,100.0,T08_S1,100.0,1,1
Facebook::Evelyn Arguelles,Facebook,1,2,T08,100.0,T08_S0,100.0,1,1
Facebook::Evelyn Padilla,Facebook,1,14,T03,28.6,T00_S1,21.4,6,9
Facebook::Evil Mónica Villarreal,Facebook,1,1,T12,100.0,T12_S0,100.0,1,1
Facebook::Fabiola Anguiano,Facebook,2,6,T02,33.3,T09_S2,16.7,5,6
Facebook::Fabiola Hernández,Facebook,1,2,T02,50.0,T02_S1,50.0,2,2
Facebook::Faby Gonzalez,Facebook,1,0,,0.0,,0.0,0,0
Facebook::Fanny Delgado,Facebook,1,1,T02,100.0,T02_S4,100.0,1,1
Facebook::Faranduleros del Asfalto,Facebook,1,6,T01,33.3,T03_S0,33.3,4,5
Facebook::Federico Tenorio,Facebook,1,4,T14,50.0,T02_S1,25.0,3,4
Facebook::Fela Ceniceros,Facebook,5,6,T02,83.3,T02_S1,83.3,2,2
Facebook::Felipe González González,Facebook,1,8,T03,37.5,T03_S0,37.5,4,4
Facebook::Felix Urrutia Fonseca,Facebook,1,3,T08,66.7,T08_S0,66.7,2,2
Facebook::Fercho Aco,Facebook,1,5,T10,40.0,T10_S2,20.0,3,5
Facebook::Fernanda Arizai Arias Arechiga,Facebook,1,3,T10,66.7,T10_S2,66.7,2,2
Facebook::Fernando Carmacho,Facebook,1,1,T10,100.0,T10_S3,100.0,1,1
Facebook::Fernando Chikyz Carreon,Facebook,1,2,T09,50.0,T09_S0,50.0,2,2
Facebook::Fernando Manzur,Facebook,1,2,T10,50.0,T10_S1,50.0,2,2
Facebook::Fernando Torres,Facebook,1,3,T11,33.3,T11_S1,33.3,3,3
Facebook::Fernando Velazquez Hernandez,Facebook,1,0,,0.0,,0.0,0,0
Facebook::Fidel Luna,Facebook,8,35,T08,28.6,T08_S0,25.7,9,13
Facebook::Fidencio Rocha,Facebook,18,39,T02,41.0,T02_S1,20.5,9,17
Facebook::Fiel Dor Valencia Cruz,Facebook,2,4,T02,50.0,T14_S1,50.0,2,3
Facebook::Flor Hernandez,Facebook,2,3,T02,66.7,T02_S1,66.7,2,2
Facebook::Flor Lescieur,Facebook,1,1,T02,100.0,T02_S1,100.0,1,1
Facebook::Fon Ac,Facebook,2,3,T02,33.3,T02_S3,33.3,3,3
Facebook::Francia Garcés Cruz,Facebook,1,1,T08,100.0,T08_S0,100.0,1,1
Facebook::Francis Gaitan,Facebook,1,4,T03,50.0,T03_S3,25.0,3,4
Facebook::Francisco Chavero,Facebook,3,10,T08,40.0,T08_S0,40.0,5,6
Facebook::Francisco Eduardo Reyes Gutierrez,Facebook,1,3,T08,66.7,T08_S0,66.7,2,2
Facebook::Francisco Gomez,Facebook,7,75,T13,20.0,T08_S0,17.3,13,33
Facebook::Francisco González,Facebook,1,2,T12,50.0,T12_S2,50.0,2,2
Facebook::Francisco Llavero Chavero,Facebook,4,10,T02,20.0,T02_S1,20.0,7,7
Facebook::Francisco Mata,Facebook,1,4,T01,50.0,T08_S0,25.0,3,4
Facebook::Francisco Moya,Facebook,1,12,T04,33.3,T06_S0,25.0,5,7
Facebook::Francisco Sanchez ArgÜeso,Facebook,1,2,T02,50.0,T02_S4,50.0,2,2
Facebook::Gabicel Guzmán,Facebook,1,4,T12,50.0,T12_S1,25.0,3,4
Facebook::Gabina Hernandez,Facebook,1,0,,0.0,,0.0,0,0
Facebook::Gabo Sosa,Facebook,1,1,T02,100.0,T02_S1,100.0,1,1
Facebook::Gabriel Alexander Montoya,Facebook,1,22,T11,27.3,T11_S5,9.1,9,16
Facebook::Gabriela Luna Escamilla,Facebook,1,4,T02,50.0,T02_S1,25.0,3,3
Facebook::Gabriela Rivera,Facebook,2,3,T08,66.7,T08_S0,66.7,2,2
Facebook::Gaby Paz Mak Eup,Facebook,1,1,T04,100.0,T04_S0,100.0,1,1
Facebook::Gastón Caloca Ponce,Facebook,3,6,T02,50.0,T02_S1,50.0,3,3
Facebook::Generoso Nico,Facebook,1,5,T08,40.0,T02_S1,20.0,4,5
Facebook::Ghinna Vargas,Facebook,1,3,T04,33.3,T04_S6,33.3,3,3
Facebook::Gilberto Izaguirre Rivera,Facebook,1,6,T11,16.7,T11_S5,16.7,6,6
Facebook::Giovanna Castillo Cocuccelli,Facebook,1,0,,0.0,,0.0,0,0
Facebook::Gis Sanchez,Facebook,2,2,T11,50.0,T11_S3,50.0,2,2
Facebook::Gladis Rojas,Facebook,8,16,T02,50.0,T02_S1,50.0,2,3
Facebook::Gloria Rodriguez,Facebook,1,4,T06,25.0,T06_S2,25.0,4,4
Facebook::Gollita Valdez,Facebook,4,10,T02,50.0,T02_S1,30.0,3,5
Facebook::Gonzalez Angel,Facebook,2,6,T00,33.3,T00_S3,16.7,4,6
Facebook::Gonzalo Soulés Gar,Facebook,7,15,T02,33.3,T02_S1,33.3,6,8
Facebook::Goyos Dlg,Facebook,2,7,T02,42.9,T02_S1,28.6,4,5
Facebook::Gracia Elena Medina López,Facebook,2,11,T03,27.3,T08_S0,18.2,6,9
Facebook::Graciela Hernandez,Facebook,1,3,T02,33.3,T02_S1,33.3,3,3
Facebook::Greky Torres,Facebook,1,0,,0.0,,0.0,0,0
Facebook::Griselda Gomez Nochebuena,Facebook,1,1,T02,100.0,T02_S1,100.0,1,1
Facebook::Guadalupe Martínez Pacheco,Facebook,1,5,T08,40.0,T08_S0,40.0,3,3
Facebook::Guadalupe Vazquez Perez,Facebook,1,7,T08,42.9,T08_S0,28.6,4,6
Facebook::Guillermo Paez Treviño,Facebook,1,27,T13,25.9,T01_S4,22.2,9,16
Facebook::Guillermo Vega Ruiz,Facebook,2,10,T03,40.0,T03_S1,40.0,5,5
Facebook::Gustavo Enrique Avalos Alvarez,Facebook,6,8,T08,62.5,T08_S0,62.5,3,3
Facebook::Gustavo Martinez Moreno,Facebook,1,3,T02,33.3,T02_S1,33.3,3,3
Facebook::Guías Cocodrilo Tampico,Facebook,1,1,T02,100.0,T02_S1,100.0,1,1
Facebook::Heidi Avaloss,Facebook,1,1,T04,100.0,T04_S0,100.0,1,1
Facebook::Heidi Cortes,Facebook,1,3,T04,33.3,T04_S3,33.3,3,3
Facebook::Hilarion Castillo,Facebook,1,0,,0.0,,0.0,0,0
Facebook::Hilda Flores,Facebook,1,8,T08,25.0,T08_S0,25.0,6,5
Facebook::Hiran Cuellar,Facebook,4,6,T08,50.0,T08_S0,50.0,4,4
Facebook::Horacio Ibarra,Facebook,4,3,T02,100.0,T02_S1,100.0,1,1
Facebook::Hugo Gonzalez Garcia,Facebook,2,2,T08,100.0,T08_S1,50.0,1,2
Facebook::Hugo Herrera Pilotzi,Facebook,1,3,T08,66.7,T08_S2,33.3,2,3
Facebook::Hugo Mariano,Facebook,1,8,T08,25.0,T08_S0,25.0,6,6
Facebook::Hugo Meza,Facebook,2,4,T03,75.0,T03_S0,50.0,2,3
Facebook::Hugo S Cedillo,Facebook,1,3,T11,66.7,T11_S2,66.7,2,2
Facebook::Humberto Avila Lopez,Facebook,1,3,T08,66.7,T08_S0,33.3,2,3
Facebook::Héctor Garza,Facebook,2,4,T05,50.0,T08_S0,25.0,3,4
Facebook::Héctor M. González Herrera,Facebook,1,1,T08,100.0,T08_S0,100.0,1,1
Facebook::INJUA Altamira,Facebook,1,1,T08,100.0,T08_S0,100.0,1,1
Facebook::Imeldaguadalupe Pazuengo,Facebook,2,2,T02,100.0,T02_S1,100.0,1,1
Facebook::Importador Refacciones Industriales,Facebook,1,1,T02,100.0,T02_S1,100.0,1,1
Facebook::Inno Hernandez,Facebook,1,5,T00,20.0,T00_S3,20.0,5,5
Facebook::Instituto de la Juventud Tampico,Facebook,2,66,T13,22.7,T13_S0,10.6,12,30
Facebook::Instituto del Deporte de Tamaulipas,Facebook,1,30,T13,30.0,T13_S0,26.7,11,17
Facebook::Irene Almendarez Moreno,Facebook,22,24,T08,37.5,T02_S1,20.8,5,6
Facebook::Irma Bustos,Facebook,16,75,T02,25.3,T08_S0,14.7,13,32
Facebook::Irma Cortez,Facebook,1,0,,0.0,,0.0,0,0
Facebook::Irma Mandujano Ramos,Facebook,5,18,T08,61.1,T08_S0,61.1,6,7
Facebook::Irma Martinez,Facebook,3,22,T08,40.9,T08_S0,31.8,9,14
Facebook::Irma Robledo Hernandez,Facebook,11,96,T08,32.3,T08_S0,27.1,14,27
Facebook::Irving Lopez,Facebook,1,2,T06,50.0,T06_S0,50.0,2,2
Facebook::Isa Guzman,Facebook,7,15,T02,33.3,T02_S1,20.0,7,11
Facebook::Isabel Ramos,Facebook,1,3,T04,33.3,T04_S5,33.3,3,3
Facebook::Isela Nohemi,Facebook,1,4,T03,25.0,T03_S1,25.0,4,4
Facebook::Isela Peña Saldaña,Facebook,1,2,T01,50.0,T01_S2,50.0,2,2
Facebook::Iselaa Maldonado,Facebook,1,0,,0.0,,0.0,0,0
Facebook::Ismael Esqueda,Facebook,1,10,T09,30.0,T09_S1,20.0,7,7
Facebook::Ita DG,Facebook,8,11,T02,45.5,T02_S1,45.5,7,7
Facebook::Ivan Perez,Facebook,1,0,,0.0,,0.0,0,0
Facebook::Ivett Ramírez Castañeda,Facebook,1,3,T08,33.3,T08_S0,33.3,3,3
Facebook::JP Amaro,Facebook,1,7,T09,28.6,T08_S0,28.6,5,6
Facebook::Jatzel Boeta,Facebook,1,1,T02,100.0,T02_S1,100.0,1,1
Facebook::Javier Avila Reyes,Facebook,1,1,T08,100.0,T08_S0,100.0,1,1
Facebook::Javier Huerta Moreno,Facebook,1,3,T05,33.3,T05_S0,33.3,3,3
Facebook::Javier Lopez,Facebook,1,3,T08,66.7,T02_S1,33.3,2,3
Facebook::Javier Meraz,Facebook,2,5,T02,40.0,T02_S1,40.0,3,4
Facebook::Javier Zavala,Facebook,1,3,T04,66.7,T04_S0,66.7,2,2
Facebook::Jazziel Picazo,Facebook,1,1,T02,100.0,T02_S0,100.0,1,1
Facebook::Jeanette González,Facebook,1,3,T08,33.3,T08_S2,33.3,3,3
Facebook::Jess Gzm,Facebook,1,1,T10,100.0,T10_S2,100.0,1,1
Facebook::Jesus Adan Vazquez,Facebook,1,2,T08,100.0,T08_S0,100.0,1,1
Facebook::Jesus Ramirez,Facebook,11,46,T02,21.7,T02_S1,17.4,12,21
Facebook::Jesus Ríos,Facebook,2,3,T09,33.3,T09_S1,33.3,3,3
Facebook::Jesus Salvador Avendaño Calzada,Facebook,1,2,T03,100.0,T03_S0,100.0,1,1
Facebook::Jesus Sobrevilla,Facebook,1,0,,0.0,,0.0,0,0
Facebook::Jimena Aguilar,Facebook,1,2,T10,100.0,T10_S2,100.0,1,1
Facebook::Jimenez Kavidan,Facebook,1,6,T12,33.3,T12_S0,33.3,4,5
Facebook::Joaquin Hermandez,Facebook,1,1,T11,100.0,T11_S1,100.0,1,1
Facebook::Joaquin Jerez Cruz,Facebook,1,0,,0.0,,0.0,0,0
Facebook::Joaquín Gutiérrez,Facebook,1,3,T03,33.3,T03_S3,33.3,3,3
Facebook::Johany Merry,Facebook,2,2,T02,100.0,T02_S1,100.0,1,1
Facebook::Jonathan Sosa Pego,Facebook,14,13,T02,69.2,T02_S1,69.2,2,2
Facebook::Jorge De la Peña,Facebook,1,7,T08,57.1,T08_S1,42.9,4,4
Facebook::Jorge Hernández Martínez,Facebook,3,13,T08,69.2,T08_S0,38.5,4,6
Facebook::Jorge Martin Jimenez,Facebook,2,6,T02,33.3,T02_S1,16.7,4,6
Facebook::Jorge Puente Gonzalez,Facebook,1,5,T03,40.0,T03_S1,20.0,4,5
Facebook::Jorge Sanchez Garcia,Facebook,2,4,T04,50.0,T08_S2,25.0,3,4
Facebook::Jorge Tapia,Facebook,1,9,T03,33.3,T03_S1,33.3,5,5
Facebook::Jose Adrian Gonzalez Cardel,Facebook,1,2,T13,50.0,T13_S4,50.0,2,2
Facebook::Jose Alfredo Tenorio Echavarria,Facebook,1,2,T02,50.0,T02_S1,50.0,2,2
Facebook::Jose Antonio Garcia Landero,Facebook,1,4,T09,25.0,T09_S1,25.0,4,4
Facebook::Jose Isidro Curiel Rodriguez,Facebook,1,2,T09,50.0,T09_S0,50.0,2,2
Facebook::Jose Luis Macias Gtz,Facebook,2,1,T11,100.0,T11_S3,100.0,1,1
Facebook::Josefina Garcia,Facebook,1,2,T02,50.0,T02_S1,50.0,2,2
Facebook::Joshep Servin,Facebook,2,0,,0.0,,0.0,0,0
Facebook::José Hernandez Cuesta,Facebook,2,9,T08,44.4,T08_S0,33.3,4,6
Facebook::José Ignacio Limón González,Facebook,1,6,T00,16.7,T00_S1,16.7,6,6
Facebook::José Luis Garcia Nieva,Facebook,1,13,T08,23.1,T08_S0,23.1,9,9
Facebook::José Luis Mejia Cortes,Facebook,7,24,T08,29.2,T08_S0,29.2,8,9
Facebook::José Manuel Velazquez,Facebook,1,6,T11,50.0,T11_S3,33.3,4,5
Facebook::José Manuel Zaleta Bautista,Facebook,1,4,T09,50.0,T09_S1,50.0,3,3
Facebook::José Omar Rocha,Facebook,1,2,T08,100.0,T08_S0,100.0,1,1
Facebook::José de Jesús madero,Facebook,1,2,T02,50.0,T02_S1,50.0,2,2
Facebook::Jua Perez,Facebook,1,4,T01,50.0,T11_S1,25.0,3,4
Facebook::Juan F Turriza Escobedo,Facebook,1,3,T08,66.7,T08_S0,66.7,2,2
Facebook::Juan J S M Cantu,Facebook,2,2,T02,100.0,T02_S1,100.0,1,1
Facebook::Juan Jose Aguirre Rodriguez,Facebook,2,1,T02,100.0,T02_S1,100.0,1,1
Facebook::Juan Jose Paulino Rodriguez,Facebook,1,1,T08,100.0,T08_S0,100.0,1,1
Facebook::Juan Lopez,Facebook,1,29,T08,34.5,T08_S0,20.7,10,15
Facebook::Juan Lugo,Facebook,3,11,T08,45.5,T08_S0,45.5,7,7
Facebook::Juan López Jr.,Facebook,1,1,T12,100.0,T12_S3,100.0,1,1
Facebook::Juan Manuel Cobos Hernández,Facebook,1,1,T02,100.0,T02_S1,100.0,1,1
Facebook::Juan Pablo Escobar,Facebook,1,0,,0.0,,0.0,0,0
Facebook::Juan Pizaña Mtz,Facebook,4,5,T06,60.0,T06_S0,60.0,3,3
Facebook::Juana Elda,Facebook,1,2,T02,50.0,T02_S3,50.0,2,2
Facebook::Juancho Oficial Tampico,Facebook,1,1,T04,100.0,T04_S5,100.0,1,1
Facebook::Juanis Castro Tovar,Facebook,5,8,T02,37.5,T02_S1,37.5,5,5
Facebook::Juanis Salas,Facebook,2,3,T02,66.7,T02_S1,33.3,2,3
Facebook::Juanita Aguilar,Facebook,1,0,,0.0,,0.0,0,0
Facebook::Juanita Arriola Loredo,Facebook,1,3,T11,66.7,T11_S0,33.3,2,3
Facebook::Juanita Marin,Facebook,2,8,T02,50.0,T02_S4,37.5,4,6
Facebook::Judith Tenorio,Facebook,4,6,T03,66.7,T03_S0,66.7,3,3
Facebook::Julia Cepeda,Facebook,1,11,T13,36.4,T13_S0,36.4,8,8
Facebook::Julia Chavez,Facebook,1,4,T08,25.0,T08_S1,25.0,4,4
Facebook::Julian Romero Treviño,Facebook,4,2,T02,100.0,T02_S1,100.0,1,1
Facebook::Julio Martínez,Facebook,1,2,T11,50.0,T11_S2,50.0,2,2
Facebook::July Cruz,Facebook,1,4,T08,25.0,T08_S0,25.0,4,4
Facebook::Jureimy Cisneros,Facebook,1,0,,0.0,,0.0,0,0
Facebook::Kareen Ruiizz,Facebook,1,2,T02,50.0,T02_S1,50.0,2,2
Facebook::Karen Alvarz,Facebook,1,0,,0.0,,0.0,0,0
Facebook::Karime Cch,Facebook,5,5,T01,60.0,T01_S0,20.0,3,5
Facebook::Karime Cámara Chaín,Facebook,52,104,T08,26.0,T08_S0,16.3,12,27
Facebook::Karina Alvarez,Facebook,2,0,,0.0,,0.0,0,0
Facebook::Karito Do,Facebook,1,5,T09,40.0,T09_S2,40.0,4,4
Facebook::Karla Abad,Facebook,1,3,T10,66.7,T10_S0,66.7,2,2
Facebook::Karla Gabriela Alvaro Casados,Facebook,2,2,T02,100.0,T02_S1,100.0,1,1
Facebook::Karla Gutierrez,Facebook,2,2,T02,50.0,T02_S1,50.0,2,2
Facebook::Karla Lopez Rivera,Facebook,4,13,T02,46.2,T02_S3,30.8,4,7
Facebook::Karla Zavala,Facebook,1,4,T08,25.0,T08_S0,25.0,4,4
Facebook::Karol Ruiz,Facebook,2,0,,0.0,,0.0,0,0
Facebook::Karolina Mendiola,Facebook,1,2,T02,100.0,T02_S1,100.0,1,1
Facebook::Kasy Diaz,Facebook,1,2,T08,50.0,T08_S0,50.0,2,2
Facebook::Katalina JM,Facebook,1,2,T02,50.0,T02_S1,50.0,2,2
Facebook::Kathy del Angel,Facebook,1,18,T12,38.9,T12_S0,38.9,6,8
Facebook::Katt'z Katt'z,Facebook,4,5,T12,20.0,T12_S3,20.0,5,5
Facebook::Kelly Ro,Facebook,1,0,,0.0,,0.0,0,0
Facebook::Keyli R'e,Facebook,1,0,,0.0,,0.0,0,0
Facebook::Kis Caceres,Facebook,1,3,T04,33.3,T04_S0,33.3,3,3
Facebook::Krmen Martinez,Facebook,1,6,T10,50.0,T08_S0,16.7,4,6
Facebook::L'e Xhavire,Facebook,1,5,T09,40.0,T09_S0,40.0,4,4
Facebook::LadyLi Lho,Facebook,2,6,T07,66.7,T07_S4,50.0,3,4
Facebook::Laila Espinosa,Facebook,2,0,,0.0,,0.0,0,0
Facebook::Laura Arenas,Facebook,1,3,T08,33.3,T08_S0,33.3,3,3
Facebook::Laura Otilia Izaguirre Avila,Facebook,1,6,T11,33.3,T11_S0,33.3,5,5
Facebook::Laura Pineda,Facebook,1,8,T08,37.5,T08_S0,25.0,5,7
Facebook::Laura Ramirez,Facebook,21,61,T08,44.3,T08_S0,36.1,12,18
Facebook::Laura Sanchez,Facebook,1,4,T08,50.0,T08_S1,50.0,3,3
Facebook::Lea Lara,Facebook,2,10,T13,60.0,T13_S0,60.0,2,2
Facebook::Lentes para Todos Tampico,Facebook,1,3,T08,66.7,T08_S0,66.7,2,2
Facebook::Leobardo Maldonado Rosas,Facebook,2,16,T02,37.5,T03_S0,25.0,4,7
Facebook::Leonor Estrada,Facebook,1,0,,0.0,,0.0,0,0
Facebook::Leonor Ramireztello,Facebook,1,1,T01,100.0,T01_S2,100.0,1,1
Facebook::Leticia Cigala Medina,Facebook,2,7,T08,42.9,T08_S0,42.9,4,4
Facebook::Leticia Molina,Facebook,1,4,T02,25.0,T02_S1,25.0,4,4
Facebook::Leticia Morantes,Facebook,5,10,T08,70.0,T08_S0,60.0,4,5
Facebook::Letii Balderrama,Facebook,1,4,T02,50.0,T02_S1,25.0,3,4
Facebook::Letty Aguilar,Facebook,4,4,T02,75.0,T02_S1,50.0,2,3
Facebook::Lety Chavez,Facebook,6,27,T03,33.3,T03_S0,25.9,6,11
Facebook::Lety HR,Facebook,9,25,T02,32.0,T02_S1,20.0,8,16
Facebook::Lety Mendez,Facebook,2,7,T02,28.6,T02_S1,28.6,4,4
Facebook::León Guillermo,Facebook,2,4,T02,50.0,T02_S4,25.0,2,4
Facebook::Lili Contreralopez,Facebook,1,2,T08,100.0,T08_S0,100.0,1,1
Facebook::Lilia Ramirez,Facebook,1,3,T09,33.3,T09_S0,33.3,3,3
Facebook::LindAraceli Cervantes-Aguirre,Facebook,1,1,T08,100.0,T08_S0,100.0,1,1
Facebook::Linda Cantu,Facebook,2,4,T08,50.0,T08_S0,50.0,2,3
Facebook::Linda Valdez Cruz,Facebook,1,8,T08,25.0,T08_S0,25.0,6,7
Facebook::Lizy Rojano,Facebook,1,1,T08,100.0,T08_S0,100.0,1,1
Facebook::Llamas Sanchez Jose Daniel,Facebook,2,3,T08,33.3,T08_S0,33.3,3,3
Facebook::Lola Calles,Facebook,5,8,T08,62.5,T08_S0,50.0,3,4
Facebook::Lolis Quiroz Cortez,Facebook,3,4,T02,75.0,T02_S1,75.0,2,2
Facebook::Lorena Esquivel,Facebook,1,3,T02,33.3,T02_S1,33.3,3,3
Facebook::Lorena Ortíz,Facebook,7,85,T02,27.1,T03_S0,16.5,13,23
Facebook::Losano Mónica,Facebook,3,10,T08,20.0,T08_S0,20.0,7,9
Facebook::Lourdes Macias,Facebook,1,1,T02,100.0,T02_S1,100.0,1,1
Facebook::Lourdes Monzalve,Facebook,1,1,T02,100.0,T02_S1,100.0,1,1
Facebook::Lucero Deosdady Martínez,Facebook,1,5,T08,60.0,T08_S0,60.0,3,3
Facebook::Lucho Mix,Facebook,35,45,T02,42.2,T02_S1,40.0,5,7
Facebook::Lucia Patricia Pérez Guerrero,Facebook,1,7,T03,28.6,T03_S3,14.3,5,7
Facebook::Lucia Vents,Facebook,1,0,,0.0,,0.0,0,0
Facebook::Lucila Molina,Facebook,1,1,T08,100.0,T08_S0,100.0,1,1
Facebook::Lucio MTZ sanchez,Facebook,2,33,T04,42.4,T04_S0,36.4,6,10
Facebook::Luciérnaga CSilva,Facebook,1,10,T06,30.0,T06_S1,20.0,5,7
Facebook::Luigui Sar,Facebook,1,3,T02,33.3,T02_S0,33.3,3,3
Facebook::Luis Alberto Nery,Facebook,1,0,,0.0,,0.0,0,0
Facebook::Luis Arturo Segura Miranda,Facebook,1,5,T08,40.0,T08_S0,20.0,3,5
Facebook::Luis Eduardo Rmz,Facebook,2,2,T02,50.0,T02_S1,50.0,2,2
Facebook::Luis Gerardo Sánchez,Facebook,1,0,,0.0,,0.0,0,0
Facebook::Luis Hernán,Facebook,1,1,T07,100.0,T07_S2,100.0,1,1
Facebook::Luis Loaiza,Facebook,46,126,T02,16.7,T02_S0,8.7,15,44
Facebook::Luis Muños,Facebook,1,6,T08,50.0,T08_S0,33.3,3,4
Facebook::Luisa de la Cruz,Facebook,1,1,T11,100.0,T11_S0,100.0,1,1
Facebook::Lupita Argueda,Facebook,1,3,T08,66.7,T02_S4,33.3,2,3
Facebook::Lupita Kanela,Facebook,3,1,T02,100.0,T02_S1,100.0,1,1
Facebook::Lupita Maria Sanchez,Facebook,2,1,T02,100.0,T02_S1,100.0,1,1
Facebook::Lupita Ortiz Casanova,Facebook,4,5,T09,60.0,T09_S4,60.0,3,3
Facebook::Lupita Pedraza,Facebook,1,1,T02,100.0,T02_S1,100.0,1,1
Facebook::Lupita Rojas,Facebook,3,9,T13,22.2,T13_S0,22.2,6,6
Facebook::Lupita Salazar,Facebook,5,3,T02,100.0,T02_S1,100.0,1,1
Facebook::Lupita Vigil,Facebook,1,5,T08,40.0,T08_S0,20.0,4,5
Facebook::Luz Del Carmen Delgado,Facebook,1,4,T09,25.0,T09_S1,25.0,4,4
Facebook::Luz Garcia Guzman,Facebook,2,7,T02,42.9,T02_S1,28.6,3,5
Facebook::Luz Ibon Mendez,Facebook,1,32,T07,18.8,T11_S3,15.6,10,17
Facebook::Luz Magdalena,Facebook,1,3,T08,66.7,T08_S0,66.7,2,2
Facebook::Luz Maria Flores Hernández,Facebook,1,1,T02,100.0,T02_S1,100.0,1,1
Facebook::Luz María Yáñez Cardona,Facebook,1,2,T11,100.0,T11_S0,50.0,1,2
Facebook::MATERIALES PARA TUS MANUALIDADES,Facebook,2,13,T08,38.5,T08_S2,30.8,6,10
Facebook::MD Riccardo Rammirez,Facebook,1,4,T05,25.0,T05_S1,25.0,4,4
Facebook::Ma Delos Angeles Sandoval Yañez,Facebook,1,1,T02,100.0,T02_S1,100.0,1,1
Facebook::Ma Eugenia Cruz Jara,Facebook,2,6,T08,33.3,T08_S0,33.3,4,4
Facebook::Maestro Oscar Usaer,Facebook,1,2,T02,100.0,T02_S1,50.0,1,2
Facebook::Magaly Juarez,Facebook,5,7,T02,42.9,T02_S1,42.9,5,5
Facebook::Magda Reyna Mata,Facebook,2,4,T02,50.0,T02_S1,50.0,3,3
Facebook::Magdalena Huerta,Facebook,1,9,T09,33.3,T09_S0,22.2,5,7
Facebook::Magdq Britos,Facebook,1,6,T11,50.0,T11_S2,33.3,4,5
Facebook::Malena Martinez Silva,Facebook,1,2,T14,50.0,T14_S3,50.0,2,2
Facebook::Manuel Aceituno Rodríguez,Facebook,1,1,T02,100.0,T02_S1,100.0,1,1
Facebook::Manuel Esteban Araujo Guerra,Facebook,1,1,T11,100.0,T11_S2,100.0,1,1
Facebook::Manuel Gonzalez,Facebook,1,3,T08,33.3,T08_S0,33.3,3,3
Facebook::Mar Pesca Golf,Facebook,1,0,,0.0,,0.0,0,0
Facebook::Marcelina Maldonado,Facebook,1,4,T08,50.0,T08_S0,50.0,3,2
Facebook::Marco Antonio Casados Ruiz,Facebook,1,0,,0.0,,0.0,0,0
Facebook::Marco Leal,Facebook,3,12,T03,33.3,T03_S0,33.3,5,5
Facebook::Marco Sant Ced,Facebook,3,4,T03,50.0,T03_S0,50.0,3,3
Facebook::Margarita Mar,Facebook,1,1,T00,100.0,T00_S2,100.0,1,1
Facebook::Margarita San Martin,Facebook,5,12,T02,50.0,T02_S1,50.0,3,3
Facebook::Mari Castro,Facebook,2,2,T02,100.0,T02_S1,100.0,1,1
Facebook::Mari Gugm,Facebook,3,5,T02,40.0,T02_S3,40.0,3,3
Facebook::Mari Mrm,Facebook,2,4,T02,25.0,T02_S1,25.0,4,4
Facebook::Maria Araujo,Facebook,9,24,T12,33.3,T08_S0,20.8,6,11
Facebook::Maria Beatriz Zavala Chanez,Facebook,1,0,,0.0,,0.0,0,0
Facebook::Maria Castillo,Facebook,1,3,T08,66.7,T08_S0,66.7,2,2
Facebook::Maria Corona Vazquez,Facebook,1,1,T06,100.0,T06_S1,100.0,1,1
Facebook::Maria D J Sanchez Stgo,Facebook,1,0,,0.0,,0.0,0,0
Facebook::Maria Del Carmen Del Angel,Facebook,1,3,T01,33.3,T01_S0,33.3,3,3
Facebook::Maria Del Socorro Hurtado Alvarez,Facebook,6,19,T08,36.8,T08_S0,26.3,6,10
Facebook::Maria Dora,Facebook,4,6,T02,50.0,T02_S1,50.0,3,3
Facebook::Maria Elena Aguilar,Facebook,1,2,T08,50.0,T08_S0,50.0,2,2
Facebook::Maria Elia Buendia Monsalve,Facebook,1,7,T08,42.9,T01_S0,14.3,5,7
Facebook::Maria Esther Hernandez,Facebook,1,7,T02,42.9,T02_S0,28.6,5,6
Facebook::Maria Garcia,Facebook,1,8,T11,37.5,T11_S3,25.0,6,7
Facebook::Maria Guadalupe,Facebook,2,4,T08,100.0,T08_S1,75.0,1,2
Facebook::Maria Guadalupe Guerrero Hernandez,Facebook,2,8,T08,25.0,T03_S0,25.0,6,7
Facebook::Maria Isabel Chimeca Villasana,Facebook,7,21,T11,33.3,T08_S0,19.0,7,10
Facebook::Maria Isabel Garcia,Facebook,1,5,T02,60.0,T02_S3,40.0,3,4
Facebook::Maria Teresa Madrid Mtz,Facebook,2,7,T08,28.6,T08_S1,28.6,6,6
Facebook::Marian Ores,Facebook,1,4,T04,50.0,T12_S0,25.0,3,4
Facebook::Mariana,Facebook,2,2,T12,100.0,T12_S0,50.0,1,2
Facebook::Mariana Cen,Facebook,1,3,T08,66.7,T08_S0,66.7,2,2
Facebook::Mariana MC,Facebook,4,1,T10,100.0,T10_S0,100.0,1,1
Facebook::Marianela Villaseñor Valencia,Facebook,4,9,T03,55.6,T03_S1,44.4,4,6
Facebook::Marianne Uresti,Facebook,1,1,T12,100.0,T12_S4,100.0,1,1
Facebook::Maribel Pacheco Muñoz,Facebook,1,0,,0.0,,0.0,0,0
Facebook::Maribell Cruz Castillo,Facebook,1,1,T08,100.0,T08_S0,100.0,1,1
Facebook::Mariel Herrera,Facebook,1,0,,0.0,,0.0,0,0
Facebook::Marigel Vazquez,Facebook,1,1,T10,100.0,T10_S0,100.0,1,1
Facebook::Marii Escobaar,Facebook,1,2,T02,50.0,T02_S1,50.0,2,2
Facebook::Marina Gonzalez Ocañas,Facebook,3,10,T08,30.0,T08_S1,30.0,5,7
Facebook::Mario AguLe,Facebook,2,5,T02,40.0,T02_S1,40.0,3,3
Facebook::Mario Alberto Mellado Cervantes,Facebook,1,9,T11,22.2,T06_S0,22.2,6,8
Facebook::Mario Armando Olivares Garcia,Facebook,1,2,T05,50.0,T05_S1,50.0,2,2
Facebook::Mario Gonzalez,Facebook,1,5,T09,40.0,T12_S0,20.0,4,5
Facebook::Mariola Bustamante,Facebook,1,1,T02,100.0,T02_S1,100.0,1,1
Facebook::Marisela Ag,Facebook,1,1,T03,100.0,T03_S3,100.0,1,1
Facebook::Marisela Gomez,Facebook,1,27,T09,48.1,T09_S1,37.0,10,13
Facebook::Marissa Vite,Facebook,1,1,T08,100.0,T08_S0,100.0,1,1
Facebook::Maritoni RS,Facebook,1,9,T07,33.3,T07_S0,22.2,6,8
Facebook::Marlen Prz,Facebook,1,1,T11,100.0,T11_S2,100.0,1,1
Facebook::Marta Vega Lisi,Facebook,1,3,T02,66.7,T02_S1,33.3,2,3
Facebook::Martha Irery Santiago Galvan,Facebook,1,0,,0.0,,0.0,0,0
Facebook::Martha Laura,Facebook,2,18,T02,27.8,T08_S0,22.2,7,12
Facebook::Martha Rivas,Facebook,14,23,T02,56.5,T02_S1,52.2,5,7
Facebook::Martin Clemente,Facebook,1,2,T08,50.0,T08_S0,50.0,2,2
Facebook::Martin Javier Padilla Castillo,Facebook,2,2,T03,50.0,T03_S3,50.0,2,2
Facebook::Martin Villeda,Facebook,2,12,T08,41.7,T08_S0,25.0,4,7
Facebook::Martina Garcia,Facebook,2,3,T11,33.3,T11_S5,33.3,3,3
Facebook::Martinez Antonio,Facebook,1,2,T02,50.0,T02_S1,50.0,2,2
Facebook::Martz Anele,Facebook,1,4,T08,50.0,T08_S0,25.0,3,4
Facebook::Martín Gámez,Facebook,1,4,T04,50.0,T09_S1,50.0,2,3
Facebook::Maru Zubieta Casais,Facebook,1,2,T02,50.0,T02_S1,50.0,2,2
Facebook::Marvin Valdez,Facebook,14,1,T08,100.0,T08_S1,100.0,1,1
Facebook::Mary Boijse,Facebook,1,3,T02,33.3,T02_S1,33.3,3,3
Facebook::Mary Carmen Ibarra Ramírez,Facebook,1,3,T05,33.3,T05_S1,33.3,3,3
Facebook::Mary Chan,Facebook,2,3,T11,33.3,T11_S0,33.3,3,3
Facebook::Mary Corts,Facebook,1,1,T04,100.0,T04_S0,100.0,1,1
Facebook::Mary Hinojosa Ruiz,Facebook,1,1,T08,100.0,T08_S0,100.0,1,1
Facebook::Mary Zuñiga,Facebook,1,0,,0.0,,0.0,0,0
Facebook::Marychuy Medina Del Angel,Facebook,2,7,T03,42.9,T08_S0,28.6,4,5
Facebook::Marye Vega,Facebook,1,9,T02,44.4,T08_S0,33.3,3,4
Facebook::María Pérez,Facebook,2,4,T02,75.0,T02_S1,75.0,2,2
Facebook::Maury Cedillo,Facebook,2,0,,0.0,,0.0,0,0
Facebook::Mayracristina Rodríguez,Facebook,1,1,T02,100.0,T02_S1,100.0,1,1
Facebook::Mcd Fabiola Dc Herdez,Facebook,1,4,T11,50.0,T11_S2,50.0,3,3
Facebook::Meche Gordillo Gordillo,Facebook,1,0,,0.0,,0.0,0,0
Facebook::Mercedes Nuñez,Facebook,1,2,T02,50.0,T02_S1,50.0,2,2
Facebook::Mery Bm,Facebook,3,5,T02,60.0,T02_S1,60.0,2,2
Facebook::Mexitli Bernal,Facebook,1,5,T12,60.0,T12_S3,60.0,3,3
Facebook::Mi Coffee,Facebook,1,3,T08,33.3,T08_S0,33.3,3,3
Facebook::Mich Jimenez,Facebook,2,0,,0.0,,0.0,0,0
Facebook::Michelle Alanis,Facebook,1,4,T12,50.0,T12_S1,25.0,3,4
Facebook::Miguel Angel,Facebook,1,2,T11,50.0,T11_S5,50.0,2,2
Facebook::Miguel Angel Aviña Bravo,Facebook,1,12,T08,25.0,T08_S0,25.0,8,9
Facebook::Miguel Angel Izaguirre Muñiz,Facebook,1,2,T02,50.0,T02_S1,50.0,2,2
Facebook::Miguel Angel Mut,Facebook,1,4,T08,50.0,T08_S0,50.0,3,3
Facebook::Miguel Angel Ortiz,Facebook,1,1,T11,100.0,T11_S0,100.0,1,1
Facebook::Miguel Angel Tapia Vazquez,Facebook,1,1,T02,100.0,T02_S1,100.0,1,1
Facebook::Miguel Jasso,Facebook,1,0,,0.0,,0.0,0,0
Facebook::Minerva Fons,Facebook,3,12,T08,25.0,T08_S0,16.7,6,8
Facebook::Mireya L. Gonzalez,Facebook,1,9,T01,44.4,T08_S0,22.2,5,6
Facebook::Miriam Guzman De Sanchez,Facebook,1,3,T10,33.3,T10_S0,33.3,3,3
Facebook::Miriam Marlene Lopez Medina,Facebook,1,1,T10,100.0,T10_S0,100.0,1,1
Facebook::Mirna Leticia Fernandez Hernandez,Facebook,1,14,T08,28.6,T06_S0,21.4,9,12
Facebook::Mirtha Marin,Facebook,1,2,T02,50.0,T02_S2,50.0,2,2
Facebook::Moises Méndez Aguilar,Facebook,6,19,T02,36.8,T08_S0,31.6,5,9
Facebook::Momo Ayase,Facebook,1,0,,0.0,,0.0,0,0
Facebook::Monica Bernal,Facebook,4,3,T02,33.3,T02_S1,33.3,3,3
Facebook::Monica Garza,Facebook,1,0,,0.0,,0.0,0,0
Facebook::Monica Medina,Facebook,1,0,,0.0,,0.0,0,0
Facebook::Monii Sosa,Facebook,1,0,,0.0,,0.0,0,0
Facebook::Montse Calzada Willis,Facebook,1,2,T11,50.0,T11_S2,50.0,2,2
Facebook::Moxha Guedes,Facebook,1,0,,0.0,,0.0,0,0
Facebook::MsR,Facebook,1,1,T08,100.0,T08_S0,100.0,1,1
Facebook::Mvzzamira Juarez,Facebook,13,26,T08,50.0,T08_S0,50.0,8,10
Facebook::Mírian Ledo,Facebook,1,1,T02,100.0,T02_S1,100.0,1,1
Facebook::Mónica Villarreal,Facebook,202,5529,T02,18.7,T02_S0,6.5,15,80
Facebook::Nancy Alvarado,Facebook,1,6,T00,33.3,T00_S5,16.7,4,6
Facebook::Nancy Calles,Facebook,1,1,T02,100.0,T02_S1,100.0,1,1
Facebook::Nancy Pando,Facebook,5,5,T02,60.0,T02_S1,40.0,3,4
Facebook::Nancy Ponce,Facebook,1,1,T11,100.0,T11_S0,100.0,1,1
Facebook::Nancy V Guerra Moreno,Facebook,10,3,T02,100.0,T02_S1,100.0,1,1
Facebook::Nanda Abud,Facebook,3,5,T08,40.0,T08_S0,40.0,4,4
Facebook::Nando Chavez,Facebook,1,2,T11,50.0,T11_S0,50.0,2,2
Facebook::Narda Castillo Camacho,Facebook,1,1,T08,100.0,T08_S0,100.0,1,1
Facebook::Natfer Meia,Facebook,1,0,,0.0,,0.0,0,0
Facebook::Nathaly Pando,Facebook,1,1,T02,100.0,T02_S1,100.0,1,1
Facebook::Nathalya Hdz,Facebook,1,2,T05,50.0,T09_S3,50.0,2,1
Facebook::Nayeli Tejada,Facebook,1,1,T06,100.0,T06_S1,100.0,1,1
Facebook::Nephtali Torres,Facebook,1,2,T08,50.0,T08_S0,50.0,2,2
Facebook::Neri Hernandez,Facebook,1,1,T02,100.0,T02_S1,100.0,1,1
Facebook::Nery Colunga,Facebook,1,1,T08,100.0,T08_S0,100.0,1,1
Facebook::Nestor Barrios,Facebook,1,2,T08,100.0,T08_S0,100.0,1,1
Facebook::Nissi Torres,Facebook,1,1,T02,100.0,T02_S2,100.0,1,1
Facebook::Noe Castillo,Facebook,1,6,T03,33.3,T03_S0,33.3,5,5
Facebook::Noe Trejo,Facebook,2,2,T14,100.0,T14_S1,100.0,1,1
Facebook::Noelia Ruiz Reyes,Facebook,1,3,T12,66.7,T12_S4,66.7,2,2
Facebook::Nohemí Valdez Hernández,Facebook,1,1,T02,100.0,T02_S1,100.0,1,1
Facebook::Nora Ale,Facebook,9,24,T08,41.7,T08_S0,33.3,6,12
Facebook::Noris Vargas,Facebook,1,7,T04,57.1,T04_S0,57.1,4,4
Facebook::Norma Berrones Silva,Facebook,1,2,T03,50.0,T03_S1,50.0,2,2
Facebook::Norma Concepcion,Facebook,1,1,T02,100.0,T02_S1,100.0,1,1
Facebook::Norma Mendoza,Facebook,5,9,T08,44.4,T08_S0,44.4,5,5
Facebook::Norma Salinas Romero,Facebook,1,11,T08,27.3,T08_S0,27.3,9,9
Facebook::Norma Tejeda,Facebook,1,0,,0.0,,0.0,0,0
Facebook::Noticias Huixtepec Guerrero,Facebook,1,3,T04,33.3,T04_S5,33.3,3,3
Facebook::Octavia López De La Garza,Facebook,1,4,T08,75.0,T08_S1,50.0,2,3
Facebook::Ofelia Cantu,Facebook,2,6,T08,50.0,T08_S0,50.0,4,4
Facebook::Ofelia Rodriguez,Facebook,2,2,T02,50.0,T02_S1,50.0,2,2
Facebook::Olvera T Jesus,Facebook,3,0,,0.0,,0.0,0,0
Facebook::Omar Castañón DH,Facebook,1,5,T00,20.0,T00_S1,20.0,5,5
Facebook::Omar Coronado,Facebook,9,8,T02,62.5,T02_S1,62.5,4,4
Facebook::Orlando Santiago,Facebook,1,5,T11,60.0,T11_S6,20.0,3,5
Facebook::Ortiz Lorena,Facebook,6,21,T02,33.3,T02_S1,23.8,8,9
Facebook::Oscar Florencia,Facebook,1,4,T12,25.0,T12_S0,25.0,4,4
Facebook::Oscar Genaro Hernández Zúñiga,Facebook,1,1,T09,100.0,T09_S2,100.0,1,1
Facebook::Osmar Garza,Facebook,1,0,,0.0,,0.0,0,0
Facebook::Ovet Gonzalez,Facebook,1,0,,0.0,,0.0,0,0
Facebook::Pabel Robles,Facebook,3,16,T03,25.0,T03_S2,18.8,10,13
Facebook::Pablo Kolyma,Facebook,1,8,T13,37.5,T13_S1,25.0,5,6
Facebook::Paco Meza,Facebook,1,4,T01,50.0,T11_S2,25.0,3,4
Facebook::Paco Morales,Facebook,1,1,T12,100.0,T12_S3,100.0,1,1
Facebook::Pako Zuñiga,Facebook,1,6,T08,33.3,T08_S0,33.3,4,5
Facebook::Pana Rengoku,Facebook,1,2,T08,50.0,T08_S2,50.0,2,2
Facebook::Pao Bmtz,Facebook,5,4,T08,100.0,T08_S0,50.0,1,2
Facebook::Paola Bernal Juárez,Facebook,1,1,T12,100.0,T12_S2,100.0,1,1
Facebook::Paola Delsol,Facebook,37,7,T08,42.9,T04_S0,42.9,3,4
Facebook::Paolina Alfaro,Facebook,3,4,T02,75.0,T02_S1,75.0,2,2
"Facebook::Papelería: ""La Lomita""",Facebook,1,2,T05,50.0,T05_S1,50.0,2,2
Facebook::Paquiado Cava,Facebook,2,4,T10,25.0,T10_S0,25.0,4,4
Facebook::Paris Sodi Ramos,Facebook,1,23,T03,34.8,T03_S1,26.1,9,14
Facebook::Patito Sanchez,Facebook,12,38,T02,55.3,T02_S1,42.1,9,12
Facebook::Patricia Vazquez Lopez,Facebook,1,2,T08,100.0,T08_S0,50.0,1,2
Facebook::Patricia del Angel,Facebook,7,1,T12,100.0,T12_S3,100.0,1,1
Facebook::Pedro Chavarria,Facebook,1,4,T08,100.0,T08_S0,75.0,1,2
Facebook::Pedro Valladares Ramiro,Facebook,1,4,T08,75.0,T08_S0,50.0,2,3
Facebook::Pepe Maya,Facebook,1,1,T08,100.0,T08_S0,100.0,1,1
Facebook::Perez Daniel,Facebook,1,4,T04,50.0,T04_S5,25.0,3,4
Facebook::Perla Idalia R'h,Facebook,1,5,T13,40.0,T13_S2,20.0,4,5
Facebook::Perlita Mayorga,Facebook,6,16,T08,37.5,T02_S1,18.8,7,12
Facebook::Perseus Zapof,Facebook,1,2,T08,100.0,T08_S1,100.0,1,1
Facebook::Rafa Botello,Facebook,2,0,,0.0,,0.0,0,0
Facebook::Rafa Puga,Facebook,1,15,T10,26.7,T10_S0,26.7,7,8
Facebook::Rafael Garza R,Facebook,1,0,,0.0,,0.0,0,0
Facebook::Rafael Medina de Gandiaga,Facebook,8,0,,0.0,,0.0,0,0
Facebook::Rafael Torres Banda,Facebook,1,2,T02,50.0,T02_S1,50.0,2,2
Facebook::Ramon Gomez,Facebook,5,8,T14,37.5,T03_S3,37.5,4,5
Facebook::Ramon Miranda Balleza,Facebook,1,1,T02,100.0,T02_S1,100.0,1,1
Facebook::Ramon Tapia,Facebook,1,8,T07,37.5,T11_S2,25.0,5,7
Facebook::Raphael Gam dela Rosa,Facebook,1,0,,0.0,,0.0,0,0
Facebook::Raptor Garcia,Facebook,1,4,T09,50.0,T09_S0,25.0,3,4
Facebook::Raquel Alvarez,Facebook,2,6,T10,50.0,T10_S0,50.0,3,3
Facebook::Raquel Leal Hdz,Facebook,1,1,T08,100.0,T08_S0,100.0,1,1
Facebook::Raul Padilla Lopez,Facebook,1,11,T07,27.3,T07_S0,18.2,7,8
Facebook::Rayon Humberto,Facebook,1,5,T09,20.0,T09_S0,20.0,5,5
Facebook::Raúl Pérez,Facebook,1,0,,0.0,,0.0,0,0
Facebook::RealTancol33 - CFDF,Facebook,1,3,T12,33.3,T12_S1,33.3,3,3
Facebook::Rebe Contreras,Facebook,1,2,T10,50.0,T10_S1,50.0,2,2
Facebook::Rebeca Hernandez,Facebook,1,3,T02,33.3,T02_S1,33.3,3,3
Facebook::Rebeca Isadora,Facebook,2,2,T04,50.0,T04_S0,50.0,2,2
Facebook::Reconstruyendo VIDAS,Facebook,1,5,T03,40.0,T03_S0,40.0,4,4
Facebook::Reno Sshop,Facebook,1,6,T09,33.3,T10_S0,16.7,5,6
Facebook::Reyes Castañeda Goytortua,Facebook,1,4,T08,50.0,T08_S0,50.0,3,3
Facebook::Reyna Martinez,Facebook,1,2,T12,100.0,T12_S2,50.0,1,2
Facebook::Reyna Ribon,Facebook,1,2,T09,50.0,T09_S0,50.0,2,2
Facebook::Reynita's Shop,Facebook,1,2,T00,50.0,T00_S1,50.0,2,2
Facebook::Ricardo Contreras,Facebook,2,17,T02,29.4,T02_S4,17.6,10,13
Facebook::Ricardo Gonzalez,Facebook,2,4,T03,50.0,T03_S0,50.0,2,2
Facebook::Ricardo Moreno C,Facebook,1,11,T08,63.6,T08_S1,36.4,4,6
Facebook::Ricardo Márquez,Facebook,1,18,T00,22.2,T00_S1,22.2,11,13
Facebook::Ricardo Rosas,Facebook,2,1,T02,100.0,T02_S1,100.0,1,1
Facebook::Richi Garcia,Facebook,1,4,T06,25.0,T06_S0,25.0,4,4
Facebook::Roberto Castillo,Facebook,2,11,T08,36.4,T08_S0,27.3,8,9
Facebook::Roberto Matzumoto,Facebook,1,1,T02,100.0,T02_S1,100.0,1,1
Facebook::Roberto Porto,Facebook,1,7,T06,28.6,T06_S1,28.6,6,6
Facebook::Roberto Velazquez,Facebook,1,4,T05,25.0,T05_S0,25.0,4,4
Facebook::Rocio Hernandez Robledo,Facebook,1,5,T11,100.0,T11_S4,100.0,1,1
Facebook::Rocio Lg,Facebook,3,9,T08,55.6,T08_S0,55.6,4,4
Facebook::Rodolfo Mtz,Facebook,1,4,T12,50.0,T12_S3,50.0,3,3
Facebook::Rogelio Ontiveros,Facebook,2,2,T02,50.0,T02_S1,50.0,2,2
Facebook::Rologh Hernandez,Facebook,1,3,T08,33.3,T08_S0,33.3,3,3
Facebook::Roman Hernandez,Facebook,2,4,T03,50.0,T03_S0,50.0,3,3
Facebook::Rosa Hernandez,Facebook,1,1,T02,100.0,T02_S1,100.0,1,1
Facebook::Rosa Lilia Ruiz Ibarra,Facebook,5,10,T02,40.0,T03_S0,30.0,4,6
Facebook::Rosa Maria De Leon,Facebook,1,6,T12,33.3,T12_S4,33.3,5,5
Facebook::Rosa Maria Muñoz Velazquez,Facebook,1,2,T13,50.0,T13_S0,50.0,2,2
Facebook::Rosa María Pego Cruz,Facebook,2,3,T02,66.7,T02_S1,66.7,2,2
Facebook::Rosa Palacio,Facebook,1,1,T04,100.0,T04_S0,100.0,1,1
Facebook::Rosario Navarrete,Facebook,1,3,T11,33.3,T11_S1,33.3,3,3
Facebook::Rosii Abrego,Facebook,1,1,T02,100.0,T02_S1,100.0,1,1
Facebook::Rosina Robles,Facebook,1,3,T08,33.3,T08_S0,33.3,3,3
Facebook::Ross Compean,Facebook,1,1,T02,100.0,T02_S1,100.0,1,1
Facebook::Rossy Tam,Facebook,1,1,T03,100.0,T03_S2,100.0,1,1
Facebook::Rosy Olguín,Facebook,2,3,T02,66.7,T02_S2,33.3,2,3
Facebook::Rosy Reyna Campos,Facebook,1,8,T05,25.0,T05_S1,25.0,7,6
Facebook::Rous Duran,Facebook,1,1,T04,100.0,T04_S0,100.0,1,1
Facebook::Rousy'Gv Madero,Facebook,1,2,T02,100.0,T02_S1,50.0,1,2
Facebook::Roux Mar,Facebook,1,0,,0.0,,0.0,0,0
Facebook::Roxanna Luna,Facebook,1,0,,0.0,,0.0,0,0
Facebook::Roxanna Rachel Gonza,Facebook,4,7,T02,42.9,T02_S1,42.9,3,3
Facebook::Rubi Aguilar,Facebook,2,3,T02,66.7,T02_S1,66.7,2,2
Facebook::Rubi Casanova,Facebook,1,13,T04,38.5,T04_S0,23.1,7,10
Facebook::Ruiz Rouus Rous,Facebook,1,2,T02,50.0,T02_S1,50.0,2,2
Facebook::Rulo Spears Mendez Rodriguez,Facebook,1,2,T10,100.0,T10_S2,50.0,1,2
Facebook::Russel Tomander Fernan,Facebook,1,19,T07,21.1,T07_S0,21.1,10,10
Facebook::Ruth Garcia,Facebook,1,2,T02,50.0,T02_S1,50.0,2,2
Facebook::Ruth Rosado Longoria,Facebook,1,2,T09,50.0,T09_S0,50.0,2,2
Facebook::SUETRA Tampico,Facebook,2,5,T03,40.0,T03_S0,40.0,4,4
Facebook::Salathiel Gutierrez,Facebook,1,4,T01,25.0,T01_S0,25.0,4,4
Facebook::Salvador Corona Pulido,Facebook,38,23,T02,56.5,T02_S1,47.8,4,6
Facebook::Salvador Del Angel,Facebook,2,3,T02,66.7,T02_S1,66.7,2,2
Facebook::Salvador Salas,Facebook,1,2,T08,50.0,T08_S0,50.0,2,2
Facebook::Salvador Velazquez Velazquez,Facebook,1,5,T08,40.0,T08_S1,40.0,3,3
Facebook::Sandoval Guadalupe,Facebook,1,1,T02,100.0,T02_S1,100.0,1,1
Facebook::Sandra Garcia,Facebook,1,0,,0.0,,0.0,0,0
Facebook::Sandra Gonz,Facebook,1,2,T12,50.0,T12_S2,50.0,2,2
Facebook::Sandra Nava,Facebook,2,4,T11,25.0,T11_S1,25.0,4,4
Facebook::Sandra Ortega,Facebook,1,2,T04,50.0,T04_S0,50.0,2,2
Facebook::Santeri Santto Eventus,Facebook,1,1,T02,100.0,T02_S1,100.0,1,1
Facebook::Santiago Sepulveda,Facebook,1,1,T11,100.0,T11_S4,100.0,1,1
Facebook::Santiago Tinajero Lopez,Facebook,1,3,T08,66.7,T08_S1,33.3,2,3
Facebook::Santiago Villarreal Lopez Villarreal Lopez,Facebook,1,3,T02,33.3,T02_S1,33.3,3,3
Facebook::Sara Cintora,Facebook,9,19,T02,31.6,T02_S1,31.6,6,7
Facebook::Sarai Castro,Facebook,1,0,,0.0,,0.0,0,0
Facebook::Sau Art,Facebook,1,0,,0.0,,0.0,0,0
Facebook::Secretaría de Bienestar Social Tampico,Facebook,1,37,T02,43.2,T02_S2,32.4,11,20
Facebook::Secretaría de Obras Públicas Tampico,Facebook,1,21,T02,52.4,T02_S2,23.8,7,13
Facebook::Senior Cuevas,Facebook,1,1,T12,100.0,T12_S2,100.0,1,1
Facebook::Serafin Gomez,Facebook,1,5,T11,40.0,T11_S1,40.0,4,4
Facebook::Sergio Javier Solbes Marin,Facebook,11,33,T08,27.3,T08_S0,18.2,10,16
Facebook::Sergio Ocejo Quintanilla,Facebook,20,136,T02,19.1,T03_S0,13.2,15,46
Facebook::Sergio Ramón Martínez Cruz,Facebook,1,4,T03,50.0,T03_S0,50.0,3,3
Facebook::Sergiofederico Alvaflores,Facebook,1,0,,0.0,,0.0,0,0
Facebook::Shio Valles,Facebook,1,2,T09,50.0,T09_S4,50.0,2,2
Facebook::Shirley Villegas de Vazquez,Facebook,6,48,T00,29.2,T00_S0,18.8,10,22
Facebook::Shivis Del Angel,Facebook,1,0,,0.0,,0.0,0,0
Facebook::Silvia Elizabeth Martinez Ruiz,Facebook,1,1,T08,100.0,T08_S0,100.0,1,1
Facebook::Silvia GS,Facebook,1,1,T04,100.0,T04_S5,100.0,1,1
Facebook::Silvia Santamaria,Facebook,5,7,T02,42.9,T02_S0,42.9,3,4
Facebook::Sixto Hernandes,Facebook,3,9,T08,44.4,T08_S0,44.4,5,5
Facebook::Skönhet Villarreal,Facebook,1,2,T02,100.0,T02_S1,100.0,1,1
Facebook::Socorro Valdivia,Facebook,2,1,T08,100.0,T08_S0,100.0,1,1
Facebook::Sofia Cano,Facebook,1,1,T02,100.0,T02_S1,100.0,1,1
Facebook::Sofia Leon,Facebook,9,14,T08,28.6,T08_S0,28.6,5,7
Facebook::Sofia Negrita Vera,Facebook,1,8,T11,50.0,T02_S4,25.0,4,7
Facebook::Sonia Bravo,Facebook,1,1,T02,100.0,T02_S1,100.0,1,1
Facebook::Sonia Del Carmen,Facebook,1,2,T08,50.0,T08_S0,50.0,2,2
Facebook::Sonia López,Facebook,2,6,T02,50.0,T02_S1,50.0,4,4
Facebook::Sonia Moreno,Facebook,1,3,T08,33.3,T08_S2,33.3,3,3
Facebook::Streaming Janetth,Facebook,1,1,T10,100.0,T10_S0,100.0,1,1
Facebook::Sujei Perez Martinez,Facebook,11,43,T08,23.3,T08_S0,23.3,12,20
Facebook::Suli Santiago,Facebook,1,13,T12,15.4,T12_S2,15.4,9,11
Facebook::TLC Periodismo Independiente al Servicio de México,Facebook,3,8,T03,37.5,T03_S0,37.5,4,4
Facebook::Tampico Gob,Facebook,279,6459,T03,15.6,T03_S0,7.4,15,80
Facebook::TeSa Kno,Facebook,1,1,T01,100.0,T01_S4,100.0,1,1
Facebook::Teresa Anda,Facebook,2,3,T06,33.3,T06_S0,33.3,3,3
Facebook::Teresa Lopez,Facebook,1,0,,0.0,,0.0,0,0
Facebook::Teresa Perez,Facebook,2,8,T09,37.5,T09_S1,25.0,5,7
Facebook::Titi Zamudio,Facebook,1,17,T04,58.8,T04_S0,41.2,6,9
Facebook::Tomas Turrubiates Pérez,Facebook,1,1,T08,100.0,T08_S0,100.0,1,1
Facebook::Tony Casanova,Facebook,1,5,T01,40.0,T08_S0,20.0,4,5
Facebook::Tony Ochoa,Facebook,1,13,T02,38.5,T02_S4,30.8,6,8
Facebook::Torres Beatriz,Facebook,3,12,T08,33.3,T08_S0,33.3,7,8
Facebook::Toño Marín,Facebook,18,74,T02,29.7,T02_S1,23.0,11,24
Facebook::Tulio Reyna Alanis,Facebook,1,1,T11,100.0,T11_S3,100.0,1,1
Facebook::Turismo Tampico,Facebook,1,28,T05,17.9,T05_S1,17.9,12,17
Facebook::UCM Centro de Posgrado,Facebook,1,4,T03,50.0,T11_S2,25.0,3,4
Facebook::Uriel Barrios,Facebook,1,0,,0.0,,0.0,0,0
Facebook::Uriel Moreno,Facebook,1,1,T08,100.0,T08_S1,100.0,1,1
Facebook::Ursula Sosa,Facebook,2,4,T06,50.0,T08_S2,25.0,3,2
Facebook::Usiel MF,Facebook,1,1,T02,100.0,T02_S1,100.0,1,1
Facebook::VC Isait,Facebook,4,4,T02,100.0,T02_S1,50.0,1,3
Facebook::Valeria Barzu,Facebook,1,2,T05,50.0,T05_S1,50.0,2,2
Facebook::Vanessa De Luna,Facebook,1,0,,0.0,,0.0,0,0
Facebook::Velas Lindo Detalle,Facebook,1,0,,0.0,,0.0,0,0
Facebook::Velez Chacón Lourdes,Facebook,1,1,T08,100.0,T08_S0,100.0,1,1
Facebook::Vely Mendezcano,Facebook,1,3,T08,33.3,T08_S0,33.3,3,3
Facebook::Veronica Adriana,Facebook,1,25,T04,20.0,T04_S0,8.0,12,19
Facebook::Veronica Arriaga,Facebook,4,6,T02,50.0,T02_S1,50.0,4,4
Facebook::Veronica Guerrero,Facebook,1,0,,0.0,,0.0,0,0
Facebook::Veronica Huerta,Facebook,4,13,T02,38.5,T08_S0,23.1,5,9
Facebook::Veronica Orta,Facebook,1,2,T08,50.0,T08_S0,50.0,2,2
Facebook::Veronica Qp,Facebook,1,2,T08,50.0,T08_S0,50.0,2,2
Facebook::Vicka Sanchez,Facebook,1,0,,0.0,,0.0,0,0
Facebook::Vicky Carrizales,Facebook,5,17,T02,41.2,T02_S3,23.5,7,9
Facebook::Victor Eduardo Torres Velazquez,Facebook,2,22,T02,27.3,T14_S2,18.2,6,10
Facebook::Victor Gonzalez,Facebook,1,2,T02,50.0,T02_S1,50.0,2,2
Facebook::Victor Ibarra,Facebook,2,1,T08,100.0,T08_S0,100.0,1,1
Facebook::Victor Manuel,Facebook,1,4,T08,50.0,T08_S0,25.0,3,4
Facebook::Victor Mendez,Facebook,1,1,T02,100.0,T02_S0,100.0,1,1
Facebook::Victor Ramírez Mx,Facebook,1,2,T02,50.0,T02_S1,50.0,2,2
Facebook::Victor Reyes,Facebook,27,28,T02,64.3,T02_S1,64.3,3,3
Facebook::Victoria Platero,Facebook,1,2,T02,50.0,T02_S1,50.0,2,2
Facebook::Viianey Ramirez,Facebook,1,0,,0.0,,0.0,0,0
Facebook::Vik Anto,Facebook,1,13,T08,76.9,T08_S1,53.8,3,5
Facebook::Violeta San,Facebook,1,5,T08,40.0,T08_S0,40.0,4,4
Facebook::Virginia Mendoza,Facebook,1,0,,0.0,,0.0,0,0
Facebook::Visión Ciudadana con Brianda Quintero,Facebook,1,11,T08,54.5,T08_S1,36.4,4,6
Facebook::Wendy Cuadalupe Rojas Conzalez,Facebook,1,1,T12,100.0,T12_S2,100.0,1,1
Facebook::Wj Segovia,Facebook,3,4,T09,25.0,T09_S3,25.0,4,4
Facebook::Xanadu Karla Cantu Juarez,Facebook,1,1,T04,100.0,T04_S0,100.0,1,1
Facebook::Yahaira Romero,Facebook,1,1,T08,100.0,T08_S3,100.0,1,1
Facebook::Yaheli Hervert,Facebook,1,3,T03,66.7,T03_S1,66.7,2,2
Facebook::Yamir Lara Avalos,Facebook,1,1,T08,100.0,T08_S1,100.0,1,1
Facebook::Yaris Jimenez,Facebook,1,2,T02,50.0,T02_S4,50.0,2,2
Facebook::Yeli Gamez,Facebook,1,2,T08,100.0,T08_S1,50.0,1,2
Facebook::Yesenia Vazquez Lopez,Facebook,5,32,T08,34.4,T08_S0,34.4,6,9
Facebook::Yesica Rubi Hernandez Garcia,Facebook,2,2,T09,100.0,T09_S2,100.0,1,1
Facebook::Yohanan Ihe,Facebook,1,1,T10,100.0,T10_S3,100.0,1,1
Facebook::Yolanda Huerta,Facebook,2,9,T08,33.3,T08_S0,33.3,6,7
Facebook::Yolis Gadt,Facebook,6,1,T02,100.0,T02_S1,100.0,1,1
Facebook::Yoly Vazquez,Facebook,2,3,T02,66.7,T02_S1,66.7,2,2
Facebook::Zezadeal Zaze,Facebook,1,0,,0.0,,0.0,0,0
Facebook::Zr Loredo,Facebook,9,14,T08,28.6,T08_S1,21.4,7,10
Facebook::Águila Blanca,Facebook,3,6,T02,66.7,T02_S1,50.0,2,4
Facebook::Ángeles Solano Quiroga,Facebook,2,6,T09,50.0,T09_S1,33.3,4,5
Twitter::@1ren0o0,Twitter,3,13,T04,23.1,T04_S6,23.1,8,8
Twitter::@20TVvh,Twitter,2,11,T05,36.4,T05_S1,27.3,7,9
Twitter::@258JCR,Twitter,2,8,T12,25.0,T11_S0,12.5,7,8
Twitter::@25Cam03,Twitter,2,14,T11,42.9,T11_S0,14.3,8,11
Twitter::@32Templari71484,Twitter,1,4,T11,50.0,T11_S1,50.0,3,3
Twitter::@333v4l,Twitter,2,6,T09,50.0,T11_S4,33.3,3,5
Twitter::@49erCarlos,Twitter,1,0,,0.0,,0.0,0,0
Twitter::@55Arguelles,Twitter,4,5,T08,60.0,T08_S0,40.0,3,4
Twitter::@88hh8888,Twitter,8,70,T11,24.3,T11_S3,11.4,13,28
Twitter::@8EightPillars,Twitter,2,0,,0.0,,0.0,0,0
Twitter::@90gradosmx,Twitter,1,10,T07,50.0,T07_S2,30.0,6,8
Twitter::@921LaLey,Twitter,1,9,T01,44.4,T01_S0,22.2,6,8
Twitter::@9802MonGar,Twitter,2,3,T11,66.7,T11_S5,33.3,2,3
Twitter::@ADarleAtomos,Twitter,1,0,,0.0,,0.0,0,0
Twitter::@ASESORSLP,Twitter,1,9,T13,22.2,T05_S2,11.1,7,9
Twitter::@AZULEOND1,Twitter,1,1,T05,100.0,T05_S1,100.0,1,1
Twitter::@AdrianoDeLucio,Twitter,1,1,T05,100.0,T05_S0,100.0,1,1
Twitter::@AgenciaTam,Twitter,1,15,T04,46.7,T04_S4,33.3,8,10
Twitter::@AlbJor,Twitter,1,2,T10,100.0,T10_S1,50.0,1,2
Twitter::@AlbertoDel67172,Twitter,1,1,T09,100.0,T09_S2,100.0,1,1
Twitter::@AlcaldesMexico,Twitter,3,29,T14,31.0,T14_S4,13.8,12,21
Twitter::@Ale210700,Twitter,1,1,T07,100.0,T07_S2,100.0,1,1
Twitter::@AleBarcnas,Twitter,1,0,,0.0,,0.0,0,0
Twitter::@Aleexnderveras,Twitter,2,4,T06,25.0,T06_S0,25.0,4,4
Twitter::@Alejandro270796,Twitter,1,5,T10,40.0,T10_S1,20.0,4,5
Twitter::@AlejandroMalo10,Twitter,1,0,,0.0,,0.0,0,0
Twitter::@Aleperez_jim,Twitter,2,18,T02,27.8,T02_S4,16.7,7,10
Twitter::@AlexCulon69,Twitter,1,0,,0.0,,0.0,0,0
Twitter::@AlfonsoLoredo_,Twitter,1,2,T11,100.0,T11_S1,50.0,1,2
Twitter::@AnaC8291079432,Twitter,2,20,T11,15.0,T09_S0,10.0,12,17
Twitter::@Ancho72,Twitter,2,6,T02,33.3,T02_S4,33.3,4,5
Twitter::@Andrs1215211,Twitter,1,3,T04,33.3,T04_S1,33.3,3,3
Twitter::@Angel26614849,Twitter,1,0,,0.0,,0.0,0,0
Twitter::@Angel9_game,Twitter,1,0,,0.0,,0.0,0,0
Twitter::@AntonioFraustoG,Twitter,1,11,T09,18.2,T04_S6,18.2,8,10
Twitter::@AntonioGb815755,Twitter,1,3,T11,33.3,T11_S2,33.3,3,3
Twitter::@AragonEquity,Twitter,3,30,T11,53.3,T11_S1,20.0,9,13
Twitter::@ArantxaVoragine,Twitter,1,2,T11,50.0,T11_S2,50.0,2,2
Twitter::@ArmandodelaGza,Twitter,1,3,T03,66.7,T03_S0,66.7,2,2
Twitter::@Azul52934466,Twitter,1,0,,0.0,,0.0,0,0
Twitter::@BBodoqe17,Twitter,1,2,T08,50.0,T08_S0,50.0,2,2
Twitter::@BInvernalia,Twitter,1,3,T04,33.3,T04_S1,33.3,3,3
Twitter::@BRosas072231,Twitter,1,1,T00,100.0,T00_S1,100.0,1,1
Twitter::@Badu31634762,Twitter,4,9,T06,22.2,T12_S0,22.2,7,8
Twitter::@Bambinna62,Twitter,1,10,T11,20.0,T11_S0,20.0,7,9
Twitter::@Baysuperfans,Twitter,1,3,T03,66.7,T03_S2,66.7,2,2
Twitter::@Belinda_GaVa,Twitter,2,23,T07,26.1,T07_S4,13.0,10,16
Twitter::@Beto82824468,Twitter,1,0,,0.0,,0.0,0,0
Twitter::@BlazeLeiton,Twitter,2,11,T03,36.4,T03_S1,27.3,5,9
Twitter::@BtzaB,Twitter,1,11,T09,54.5,T09_S1,18.2,6,8
Twitter::@CAD3COMIN,Twitter,3,0,,0.0,,0.0,0,0
Twitter::@CFEmx,Twitter,1,29,T00,44.8,T00_S1,31.0,9,12
Twitter::@CHAYANNEMUSIC,Twitter,1,1,T10,100.0,T10_S3,100.0,1,1
Twitter::@CRUZONTIVEROS11,Twitter,1,0,,0.0,,0.0,0,0
Twitter::@CVDR_TampicoIPN,Twitter,8,84,T05,16.7,T05_S3,16.7,14,36
Twitter::@C_CulturaUNAM,Twitter,2,23,T06,39.1,T06_S1,30.4,9,14
Twitter::@CambioDigital,Twitter,2,6,T07,33.3,T07_S0,33.3,5,5
Twitter::@Carlito299846,Twitter,1,1,T13,100.0,T13_S5,100.0,1,1
Twitter::@CarlosCornejoA,Twitter,1,8,T12,25.0,T12_S3,25.0,6,7
Twitter::@CentinelaSeguro,Twitter,1,3,T04,66.7,T04_S6,33.3,2,3
Twitter::@ChivaInvencible,Twitter,2,13,T11,30.8,T11_S4,30.8,7,9
Twitter::@ChsLamueveGamer,Twitter,1,0,,0.0,,0.0,0,0
Twitter::@ClubDeAnsiedad,Twitter,2,18,T11,27.8,T11_S1,22.2,7,11
Twitter::@ConsEspMty,Twitter,3,32,T00,21.9,T03_S0,12.5,12,18
Twitter::@CronicaDigital,Twitter,2,14,T14,28.6,T14_S3,21.4,7,9
Twitter::@CronistadeCorte,Twitter,1,1,T09,100.0,T09_S3,100.0,1,1
Twitter::@Cuatxaras,Twitter,1,1,T09,100.0,T09_S2,100.0,1,1
Twitter::@DSFatim,Twitter,1,0,,0.0,,0.0,0,0
Twitter::@Daigosia1,Twitter,1,2,T11,50.0,T11_S3,50.0,2,2
Twitter::@DarfZay,Twitter,4,1,T10,100.0,T10_S5,100.0,1,1
Twitter::@Darly2903,Twitter,1,0,,0.0,,0.0,0,0
Twitter::@DetectorMamadas,Twitter,1,9,T12,33.3,T12_S2,22.2,6,8
Twitter::@Devesa_News,Twitter,8,77,T05,14.3,T05_S1,10.4,15,36
Twitter::@DianaPrinceVW,Twitter,5,2,T08,50.0,T08_S3,50.0,2,2
Twitter::@Dideva3D,Twitter,2,0,,0.0,,0.0,0,0
Twitter::@DocUbaldo,Twitter,36,155,T10,16.8,T10_S3,13.5,14,46
Twitter::@DoctorCaos,Twitter,1,0,,0.0,,0.0,0,0
Twitter::@DulceGabs,Twitter,3,19,T06,47.4,T06_S0,31.6,5,7
Twitter::@DyC2026,Twitter,1,2,T11,50.0,T11_S1,50.0,2,2
Twitter::@EContre17,Twitter,7,0,,0.0,,0.0,0,0
Twitter::@EHTamaulipas,Twitter,2,18,T00,27.8,T07_S2,11.1,9,15
Twitter::@EdmundoRD,Twitter,2,10,T03,40.0,T03_S2,40.0,6,7
Twitter::@EdorvartRagde,Twitter,1,9,T10,33.3,T10_S2,22.2,4,7
Twitter::@EjeConurbado,Twitter,14,157,T05,25.5,T05_S1,20.4,15,51
Twitter::@ElStandardDeTam,Twitter,1,15,T09,26.7,T09_S1,20.0,10,11
Twitter::@EleeseNoticias,Twitter,12,98,T03,15.3,T05_S1,13.3,13,39
Twitter::@Eltarnsito,Twitter,1,1,T12,100.0,T12_S3,100.0,1,1
Twitter::@Equate_mx88,Twitter,1,3,T04,33.3,T04_S0,33.3,3,3
Twitter::@EstradaAgente,Twitter,3,11,T10,27.3,T02_S4,18.2,6,8
Twitter::@Estrell79414875,Twitter,2,1,T13,100.0,T13_S4,100.0,1,1
Twitter::@ExpresoPress,Twitter,2,27,T00,18.5,T00_S1,11.1,12,18
Twitter::@FIFAWorldCup,Twitter,1,0,,0.0,,0.0,0,0
Twitter::@Fergary3098,Twitter,1,1,T08,100.0,T08_S3,100.0,1,1
Twitter::@FeyreSaberhagen,Twitter,2,2,T11,100.0,T11_S4,50.0,1,2
Twitter::@Formula_Mty,Twitter,2,18,T04,33.3,T04_S2,11.1,7,17
Twitter::@GPL59323899,Twitter,3,16,T00,25.0,T12_S3,25.0,6,6
Twitter::@GZ,Twitter,2,7,T10,28.6,T13_S1,14.3,5,7
Twitter::@Gabrielgtzg,Twitter,1,2,T04,50.0,T04_S5,50.0,2,2
Twitter::@GaldAntonio,Twitter,1,0,,0.0,,0.0,0,0
Twitter::@GallagherMitzy,Twitter,1,2,T04,50.0,T04_S2,50.0,2,2
Twitter::@GamyKnight,Twitter,2,8,T13,50.0,T13_S5,50.0,3,3
Twitter::@Garcimonero,Twitter,1,36,T12,44.4,T12_S2,36.1,10,18
Twitter::@GerryHoneysw,Twitter,1,1,T02,100.0,T02_S0,100.0,1,1
Twitter::@GifsFreenBecc,Twitter,2,2,T04,50.0,T04_S3,50.0,2,2
Twitter::@GirlOfNox,Twitter,1,3,T04,33.3,T04_S6,33.3,3,3
Twitter::@Glez_torres,Twitter,2,15,T14,33.3,T14_S4,33.3,7,7
Twitter::@GoldenBear0991,Twitter,4,38,T04,36.8,T04_S2,21.1,8,15
Twitter::@GovPressOffice,Twitter,1,0,,0.0,,0.0,0,0
Twitter::@Guacamayalibre,Twitter,2,30,T12,36.7,T12_S2,30.0,10,15
Twitter::@HOYTamaulipas,Twitter,13,82,T05,18.3,T05_S1,14.6,15,36
Twitter::@ING_PADILLA,Twitter,2,12,T01,25.0,T01_S0,25.0,9,9
Twitter::@IPSSET,Twitter,1,10,T05,50.0,T05_S0,30.0,6,7
Twitter::@IfdpTamps,Twitter,4,57,T02,29.8,T02_S2,19.3,12,24
Twitter::@IldaServin90245,Twitter,2,30,T12,46.7,T12_S4,20.0,6,10
Twitter::@Indie5051,Twitter,1,3,T10,66.7,T10_S1,66.7,2,2
Twitter::@JDogerty16130,Twitter,1,0,,0.0,,0.0,0,0
Twitter::@JMMartinezPiva,Twitter,4,55,T09,18.2,T09_S2,16.4,12,21
Twitter::@JMhuhhh,Twitter,2,0,,0.0,,0.0,0,0
Twitter::@JTrizztan,Twitter,1,2,T08,50.0,T08_S0,50.0,2,2
Twitter::@Jaibo_News,Twitter,2,16,T03,25.0,T03_S2,18.8,10,13
Twitter::@Jarhernandez25,Twitter,1,8,T13,25.0,T11_S2,25.0,6,7
Twitter::@Jaume_Osante,Twitter,40,337,T06,17.5,T05_S1,16.3,15,55
Twitter::@Javier810601,Twitter,1,2,T00,50.0,T00_S1,50.0,2,2
Twitter::@Jayzus_,Twitter,4,1,T10,100.0,T10_S5,100.0,1,1
Twitter::@Jess34026405,Twitter,1,0,,0.0,,0.0,0,0
Twitter::@JesusDeLaCruzG,Twitter,2,0,,0.0,,0.0,0,0
Twitter::@JimenaBauer,Twitter,2,8,T09,25.0,T09_S0,25.0,6,7
Twitter::@Jonaxxthebest,Twitter,1,0,,0.0,,0.0,0,0
Twitter::@JorgeRe05610654,Twitter,1,3,T11,33.3,T11_S0,33.3,3,3
Twitter::@Jorgee_alcala,Twitter,1,0,,0.0,,0.0,0,0
Twitter::@JoseNiembro,Twitter,1,8,T03,50.0,T03_S2,37.5,5,6
Twitter::@Josr99fodao,Twitter,4,0,,0.0,,0.0,0,0
Twitter::@JoueursSN,Twitter,1,0,,0.0,,0.0,0,0
Twitter::@JuanCar44295524,Twitter,1,1,T08,100.0,T08_S3,100.0,1,1
Twitter::@JuanPizanaMtz,Twitter,6,68,T08,22.1,T08_S1,16.2,14,36
Twitter::@KarinaSp999806,Twitter,1,2,T06,100.0,T06_S0,100.0,1,1
Twitter::@KarlaDeniseR,Twitter,1,10,T04,40.0,T11_S1,20.0,5,8
Twitter::@KattyYaye,Twitter,1,0,,0.0,,0.0,0,0
Twitter::@KenshiroHuey,Twitter,3,8,T10,37.5,T10_S5,37.5,4,4
Twitter::@Kodokvna,Twitter,1,5,T11,40.0,T11_S5,20.0,4,5
Twitter::@LaRedAltamiraMx,Twitter,6,38,T14,52.6,T14_S3,50.0,13,14
Twitter::@Lacho_Serr,Twitter,1,6,T10,66.7,T10_S1,50.0,3,4
Twitter::@Lady_Mariell,Twitter,15,21,T11,38.1,T11_S3,14.3,9,14
Twitter::@LaishaWilkins,Twitter,1,12,T05,16.7,T05_S2,16.7,9,9
Twitter::@Lauraxk5u,Twitter,1,5,T10,20.0,T10_S3,20.0,5,5
Twitter::@LiizieT,Twitter,1,13,T10,23.1,T10_S0,15.4,8,10
Twitter::@Liliet1787,Twitter,1,2,T10,50.0,T10_S1,50.0,2,2
Twitter::@LindaPriro97266,Twitter,1,6,T05,50.0,T05_S1,50.0,3,3
Twitter::@LuisyMelissa56,Twitter,1,0,,0.0,,0.0,0,0
Twitter::@MAGNETOOFICIAL2,Twitter,1,3,T10,66.7,T10_S0,66.7,2,2
Twitter::@MCCCANM,Twitter,1,8,T10,62.5,T10_S5,62.5,4,4
Twitter::@M_Brawl,Twitter,1,0,,0.0,,0.0,0,0
Twitter::@Ma_bels,Twitter,2,1,T03,100.0,T03_S2,100.0,1,1
Twitter::@Mane_Galaz,Twitter,1,0,,0.0,,0.0,0,0
Twitter::@Maquinita_Ice,Twitter,1,2,T04,100.0,T04_S1,100.0,1,1
Twitter::@MarioJRamirezR,Twitter,2,19,T05,36.8,T12_S0,21.1,8,13
Twitter::@MartinJuarez64,Twitter,1,15,T04,53.3,T04_S4,46.7,7,9
Twitter::@Marxiso2325,Twitter,1,2,T10,50.0,T10_S1,50.0,2,2
Twitter::@MelCrespo,Twitter,1,1,T10,100.0,T10_S1,100.0,1,1
Twitter::@MennyValdz,Twitter,3,20,T12,20.0,T09_S0,15.0,10,15
Twitter::@Mercybernes1,Twitter,1,2,T00,50.0,T00_S1,50.0,2,2
Twitter::@MeteoroTamps,Twitter,1,8,T03,37.5,T12_S1,25.0,5,6
Twitter::@Michelle_Putixx,Twitter,5,4,T10,50.0,T10_S1,50.0,2,2
Twitter::@MilenioTam,Twitter,12,46,T13,13.0,T06_S1,8.7,14,26
Twitter::@MilyBarnes,Twitter,4,26,T04,34.6,T04_S2,30.8,10,15
Twitter::@MinskAnya,Twitter,19,14,T10,64.3,T10_S5,57.1,3,4
Twitter::@MoisesAlfeqs,Twitter,1,3,T08,66.7,T08_S1,66.7,2,2
Twitter::@Monica55dzrh,Twitter,1,0,,0.0,,0.0,0,0
Twitter::@MonicaVTampico,Twitter,28,399,T02,19.8,T02_S0,8.3,15,64
Twitter::@MrMaduras,Twitter,1,1,T05,100.0,T05_S1,100.0,1,1
Twitter::@MrPurple2000,Twitter,1,2,T10,100.0,T10_S3,50.0,1,2
Twitter::@MtroValadezPAN,Twitter,1,6,T04,50.0,T07_S2,16.7,4,6
Twitter::@MuroPoliticoMX,Twitter,30,447,T05,58.4,T05_S0,32.0,15,68
Twitter::@Ndeye__Penda,Twitter,1,0,,0.0,,0.0,0,0
Twitter::@NewsBorder67,Twitter,2,11,T07,27.3,T07_S3,18.2,7,10
Twitter::@NoresteDigital,Twitter,7,73,T05,57.5,T05_S0,26.0,11,23
Twitter::@Noticias_Tams,Twitter,1,0,,0.0,,0.0,0,0
Twitter::@Notmeanymore01,Twitter,4,29,T11,17.2,T09_S0,13.8,10,16
Twitter::@OMAeropuertos,Twitter,1,15,T10,60.0,T10_S0,40.0,6,8
Twitter::@ONUMX,Twitter,1,13,T09,30.8,T09_S2,30.8,7,9
Twitter::@ONVentura,Twitter,1,50,T11,32.0,T14_S2,22.0,12,26
Twitter::@OscarMalibran,Twitter,12,121,T04,17.4,T04_S2,14.0,15,43
Twitter::@PCTamaulipas,Twitter,2,25,T00,44.0,T00_S3,20.0,9,13
Twitter::@PamelaHakosuka,Twitter,1,4,T06,75.0,T10_S2,25.0,2,1
Twitter::@Pattygb5,Twitter,1,7,T12,28.6,T08_S0,14.3,5,7
Twitter::@Pedrin_thefoda,Twitter,3,4,T13,50.0,T13_S2,50.0,3,3
Twitter::@PedroBC93,Twitter,1,4,T09,25.0,T09_S0,25.0,4,4
Twitter::@PeppermintSour2,Twitter,2,2,T12,50.0,T12_S3,50.0,2,2
Twitter::@PeriodicoQuequi,Twitter,2,25,T14,28.0,T10_S0,12.0,10,20
Twitter::@Pilaricalica,Twitter,1,1,T12,100.0,T12_S4,100.0,1,1
Twitter::@Por_Ferraez,Twitter,1,0,,0.0,,0.0,0,0
Twitter::@Quadratin_Mor,Twitter,2,16,T06,37.5,T06_S1,31.2,7,11
Twitter::@RaTampico,Twitter,1,2,T09,50.0,T09_S2,50.0,2,2
Twitter::@RadioUAT,Twitter,10,94,T05,44.7,T05_S0,24.5,11,24
Twitter::@Raeeethaabaeee,Twitter,1,0,,0.0,,0.0,0,0
Twitter::@RafaelG95065276,Twitter,1,15,T10,20.0,T10_S1,20.0,9,10
Twitter::@Ramonen54925378,Twitter,1,0,,0.0,,0.0,0,0
Twitter::@RaquelMel20,Twitter,1,2,T11,50.0,T11_S5,50.0,2,2
Twitter::@Rbytia16,Twitter,3,23,T06,30.4,T06_S1,26.1,8,10
Twitter::@RealFamilyCrete,Twitter,1,1,T10,100.0,T10_S5,100.0,1,1
Twitter::@RealMokaba,Twitter,2,6,T05,83.3,T05_S0,83.3,2,2
Twitter::@ReidEnright,Twitter,1,1,T04,100.0,T04_S0,100.0,1,1
Twitter::@ReporteraDaisy,Twitter,8,147,T05,38.8,T05_S0,23.8,15,40
Twitter::@Reporteroszona,Twitter,27,290,T00,15.5,T00_S1,6.2,15,67
Twitter::@RevistaDebateMX,Twitter,22,183,T06,16.4,T06_S1,13.7,15,51
Twitter::@RoalLala,Twitter,1,4,T10,25.0,T10_S1,25.0,4,4
Twitter::@RodrigoTweets_,Twitter,2,5,T03,40.0,T03_S1,40.0,4,4
Twitter::@Rogelio_a_salas,Twitter,1,3,T10,66.7,T13_S0,33.3,2,3
Twitter::@RosalinoFelix_,Twitter,1,3,T12,33.3,T12_S0,33.3,3,3
Twitter::@SDFBeisbolMx,Twitter,2,33,T04,42.4,T04_S5,33.3,13,20
Twitter::@SEGIAGUA,Twitter,1,4,T07,50.0,T07_S0,25.0,3,4
Twitter::@SOBSECDMX,Twitter,1,4,T07,50.0,T07_S3,50.0,3,3
Twitter::@SPAT_AC,Twitter,4,34,T06,20.6,T06_S1,8.8,14,24
Twitter::@SamsClubMexico,Twitter,1,14,T10,42.9,T10_S0,21.4,6,9
Twitter::@Sekzher,Twitter,3,6,T09,66.7,T09_S2,33.3,3,4
Twitter::@Shadoune666,Twitter,1,1,T07,100.0,T07_S2,100.0,1,1
Twitter::@ShouldHaveRacc,Twitter,1,1,T10,100.0,T10_S5,100.0,1,1
Twitter::@ShowYaFunds,Twitter,2,1,T10,100.0,T10_S5,100.0,1,1
Twitter::@SignosNoreste,Twitter,1,0,,0.0,,0.0,0,0
Twitter::@SoloDoloNolo,Twitter,1,1,T10,100.0,T10_S5,100.0,1,1
Twitter::@SosaMrquez,Twitter,1,7,T00,42.9,T00_S4,28.6,4,6
Twitter::@SoulXRs,Twitter,1,0,,0.0,,0.0,0,0
Twitter::@SpartanL17,Twitter,2,13,T04,30.8,T04_S0,15.4,9,12
Twitter::@Sruizesparza,Twitter,1,2,T12,50.0,T12_S2,50.0,2,2
Twitter::@Sun_belieber20,Twitter,1,1,T01,100.0,T01_S3,100.0,1,1
Twitter::@TDNoticiasmx,Twitter,6,55,T04,21.8,T04_S4,20.0,14,26
Twitter::@TELMEXSoluciona,Twitter,4,46,T04,41.3,T04_S3,41.3,10,15
Twitter::@TVAztecaSLP,Twitter,2,17,T10,35.3,T10_S1,23.5,9,12
Twitter::@TamaulipasDirec,Twitter,1,23,T00,21.7,T03_S0,13.0,8,13
Twitter::@TamaulipasHabla,Twitter,9,129,T05,66.7,T05_S0,46.5,12,32
Twitter::@TampicoGob,Twitter,19,315,T02,15.9,T01_S0,7.6,15,56
Twitter::@TampicoViral,Twitter,3,59,T11,22.0,T04_S1,11.9,9,18
Twitter::@Tampico_Mexico,Twitter,1,14,T07,14.3,T04_S1,14.3,10,11
Twitter::@TampicososTV,Twitter,5,50,T10,26.0,T10_S5,10.0,13,30
Twitter::@Tauro29_,Twitter,1,1,T04,100.0,T04_S0,100.0,1,1
Twitter::@TesoroMoctezuma,Twitter,6,80,T05,67.5,T05_S2,60.0,4,5
Twitter::@ThingsRockoSays,Twitter,1,0,,0.0,,0.0,0,0
Twitter::@Ticketmaster_Me,Twitter,1,7,T10,71.4,T10_S1,42.9,2,4
Twitter::@TraceyD14636729,Twitter,1,0,,0.0,,0.0,0,0
Twitter::@TransicionNorte,Twitter,2,21,T14,23.8,T14_S3,9.5,11,18
Twitter::@Trollimer,Twitter,1,0,,0.0,,0.0,0,0
Twitter::@TulichNora,Twitter,1,0,,0.0,,0.0,0,0
Twitter::@Ultimate_Lance,Twitter,1,0,,0.0,,0.0,0,0
Twitter::@Vachyo,Twitter,3,33,T11,27.3,T11_S2,21.2,13,18
Twitter::@Vanguardia_Mx,Twitter,1,8,T11,50.0,T11_S3,25.0,5,7
Twitter::@VaxTamaulipas,Twitter,2,16,T12,50.0,T05_S2,37.5,3,4
Twitter::@VictorHu6002316,Twitter,1,14,T01,21.4,T06_S1,14.3,8,12
Twitter::@VictorTello73,Twitter,7,29,T05,27.6,T11_S4,17.2,11,17
Twitter::@ViviPerdomo23,Twitter,1,0,,0.0,,0.0,0,0
Twitter::@VoxPopuliNoti,Twitter,69,967,T05,17.8,T05_S1,12.0,15,76
Twitter::@YO_____MERO,Twitter,1,2,T12,100.0,T12_S1,100.0,1,1
Twitter::@YosoyPedrero,Twitter,1,34,T04,17.6,T12_S0,8.8,11,25
Twitter::@YoyoNickname,Twitter,1,4,T10,75.0,T10_S1,75.0,2,2
Twitter::@ZonaTransparent,Twitter,2,19,T04,26.3,T04_S2,10.5,11,16
Twitter::@_FiliaDei,Twitter,1,1,T07,100.0,T07_S0,100.0,1,1
Twitter::@_jorge1710,Twitter,1,2,T04,50.0,T04_S2,50.0,2,2
Twitter::@adanmartinezt,Twitter,2,25,T11,44.0,T11_S5,20.0,7,12
Twitter::@adleemi,Twitter,1,1,T11,100.0,T11_S3,100.0,1,1
Twitter::@ailoviutl,Twitter,1,25,T10,52.0,T10_S0,48.0,8,10
Twitter::@albertopjmz,Twitter,1,13,T03,23.1,T06_S2,15.4,9,11
Twitter::@alditoupdates,Twitter,1,4,T07,25.0,T07_S4,25.0,4,4
Twitter::@alecis_n22778,Twitter,2,4,T05,50.0,T05_S0,50.0,2,2
Twitter::@alexgallifa,Twitter,1,3,T10,66.7,T04_S0,33.3,2,3
Twitter::@alien77_sw,Twitter,1,0,,0.0,,0.0,0,0
Twitter::@alondrarohe,Twitter,2,5,T11,60.0,T11_S1,40.0,2,4
Twitter::@ana_mm_ana,Twitter,1,1,T01,100.0,T01_S3,100.0,1,1
Twitter::@anakarenfcolli,Twitter,1,1,T01,100.0,T01_S3,100.0,1,1
Twitter::@andres1480ar,Twitter,1,1,T11,100.0,T11_S0,100.0,1,1
Twitter::@andy_friass,Twitter,1,0,,0.0,,0.0,0,0
Twitter::@andyisandrea,Twitter,2,6,T10,66.7,T10_S0,16.7,3,6
Twitter::@anelehfue,Twitter,1,0,,0.0,,0.0,0,0
Twitter::@arturoavila_mx,Twitter,1,19,T04,26.3,T04_S0,15.8,9,14
Twitter::@arturosalazari,Twitter,1,0,,0.0,,0.0,0,0
Twitter::@athendoflight,Twitter,1,0,,0.0,,0.0,0,0
Twitter::@atrevidostam,Twitter,1,0,,0.0,,0.0,0,0
Twitter::@belenicee,Twitter,2,4,T10,50.0,T02_S0,25.0,3,4
Twitter::@biggerthanvic,Twitter,1,5,T12,40.0,T11_S3,20.0,4,5
Twitter::@btsofme_,Twitter,1,4,T03,25.0,T03_S2,25.0,4,4
Twitter::@c1c1l3,Twitter,2,10,T11,20.0,T12_S4,10.0,8,10
Twitter::@carlos_ramones,Twitter,1,4,T11,50.0,T11_S4,25.0,3,4
Twitter::@carlosber1392,Twitter,1,0,,0.0,,0.0,0,0
Twitter::@carlosctm53,Twitter,1,4,T11,75.0,T11_S5,50.0,2,3
Twitter::@catherin3009,Twitter,1,1,T11,100.0,T11_S5,100.0,1,1
Twitter::@cesar6218,Twitter,1,0,,0.0,,0.0,0,0
Twitter::@charlymils,Twitter,1,1,T11,100.0,T11_S2,100.0,1,1
Twitter::@chazarordz,Twitter,2,27,T05,29.6,T05_S1,22.2,11,15
Twitter::@chicavallen,Twitter,1,1,T09,100.0,T09_S1,100.0,1,1
Twitter::@chuymendoza11,Twitter,1,2,T04,50.0,T04_S5,50.0,2,2
Twitter::@clauum22,Twitter,1,0,,0.0,,0.0,0,0
Twitter::@clubaldainee,Twitter,1,4,T10,50.0,T07_S4,25.0,3,4
Twitter::@comunicaalberto,Twitter,1,0,,0.0,,0.0,0,0
Twitter::@conexionmanglar,Twitter,2,3,T00,66.7,T00_S3,66.7,2,2
Twitter::@contextodgo,Twitter,1,26,T04,19.2,T06_S1,15.4,11,14
Twitter::@corneador9225,Twitter,2,3,T02,33.3,T02_S0,33.3,3,3
Twitter::@cosinus28_,Twitter,3,2,T06,100.0,T06_S1,100.0,1,1
Twitter::@cristiancim,Twitter,1,10,T06,70.0,T06_S2,50.0,4,6
Twitter::@cuckoldtampico,Twitter,1,8,T00,25.0,T00_S1,25.0,6,7
Twitter::@cuecroos1988,Twitter,1,5,T02,20.0,T02_S0,20.0,5,5
Twitter::@danielberl3,Twitter,2,13,T06,53.8,T06_S1,46.2,5,7
Twitter::@danielgcampa,Twitter,1,1,T07,100.0,T07_S4,100.0,1,1
Twitter::@darthgrey9,Twitter,1,1,T05,100.0,T05_S0,100.0,1,1
Twitter::@davidtodologo,Twitter,1,6,T10,33.3,T03_S1,16.7,5,6
Twitter::@dearestjossrei,Twitter,1,2,T03,100.0,T03_S0,100.0,1,1
Twitter::@dect1608,Twitter,3,43,T14,27.9,T14_S4,27.9,12,19
Twitter::@dee_teee,Twitter,3,0,,0.0,,0.0,0,0
Twitter::@deestroya__,Twitter,1,8,T04,25.0,T04_S6,12.5,5,8
Twitter::@defensoriaifdp,Twitter,1,13,T10,30.8,T01_S0,23.1,5,8
Twitter::@denosauuur,Twitter,1,0,,0.0,,0.0,0,0
Twitter::@dimlylitlove,Twitter,1,3,T04,66.7,T04_S6,33.3,2,3
Twitter::@eGasControlVol,Twitter,2,16,T12,18.8,T13_S2,12.5,9,11
Twitter::@eduardo_lsxd,Twitter,1,0,,0.0,,0.0,0,0
Twitter::@el_karadepapa,Twitter,3,5,T05,20.0,T05_S2,20.0,5,5
Twitter::@elgraficotamps,Twitter,2,14,T14,71.4,T14_S4,35.7,4,5
Twitter::@ellie_bell_07,Twitter,3,4,T10,100.0,T10_S5,100.0,1,1
Twitter::@elmercuriotam,Twitter,2,5,T05,60.0,T05_S1,60.0,3,3
Twitter::@elsolde_tampico,Twitter,26,250,T05,14.8,T05_S1,11.2,15,63
Twitter::@elvenudo111450,Twitter,1,4,T05,25.0,T05_S2,25.0,4,3
Twitter::@elyellasw2026,Twitter,1,1,T03,100.0,T03_S1,100.0,1,1
Twitter::@entrnethearthrb,Twitter,2,1,T03,100.0,T03_S2,100.0,1,1
Twitter::@esposastampico,Twitter,1,1,T05,100.0,T05_S1,100.0,1,1
Twitter::@eurysceent,Twitter,1,1,T10,100.0,T10_S5,100.0,1,1
Twitter::@expedientes_mx,Twitter,1,19,T12,42.1,T12_S2,42.1,8,8
Twitter::@fallingbyjin,Twitter,1,2,T13,50.0,T13_S2,50.0,2,2
Twitter::@ferbel140,Twitter,3,9,T11,33.3,T11_S0,33.3,5,6
Twitter::@filatov_dukes,Twitter,1,3,T10,100.0,T10_S1,100.0,1,1
Twitter::@flakito_ian,Twitter,1,4,T10,25.0,T10_S1,25.0,4,4
Twitter::@fpadilla64,Twitter,1,0,,0.0,,0.0,0,0
Twitter::@gLordca,Twitter,1,7,T06,57.1,T06_S1,57.1,4,4
Twitter::@gdlyuridia,Twitter,3,20,T10,60.0,T10_S0,45.0,5,9
Twitter::@givenchy1245,Twitter,1,4,T03,25.0,T03_S1,25.0,4,4
Twitter::@gjec1907,Twitter,2,4,T09,50.0,T09_S0,25.0,3,3
Twitter::@globaLATvideo,Twitter,1,14,T03,21.4,T12_S0,7.1,11,14
Twitter::@gruponoticiaspc,Twitter,21,319,T14,27.0,T03_S0,10.7,15,55
Twitter::@guiy3,Twitter,1,8,T10,37.5,T10_S1,37.5,4,5
Twitter::@hector00943206,Twitter,1,2,T10,50.0,T10_S5,50.0,2,2
Twitter::@infodemiaMex,Twitter,1,31,T07,32.3,T07_S3,25.8,10,19
Twitter::@irlaelena,Twitter,1,1,T04,100.0,T04_S6,100.0,1,1
Twitter::@ismanewells,Twitter,2,3,T11,66.7,T11_S3,33.3,2,3
Twitter::@izzi_mx,Twitter,1,1,T09,100.0,T09_S1,100.0,1,1
Twitter::@izziprensa,Twitter,1,4,T10,25.0,T10_S0,25.0,4,4
Twitter::@jaamiriki,Twitter,3,1,T12,100.0,T12_S2,100.0,1,1
Twitter::@jaibo001982,Twitter,1,1,T03,100.0,T03_S1,100.0,1,1
Twitter::@jaibodelau,Twitter,1,3,T06,33.3,T06_S2,33.3,3,3
Twitter::@jesusfuel,Twitter,1,1,T14,100.0,T14_S1,100.0,1,1
Twitter::@jgutierrrezvega,Twitter,3,47,T09,17.0,T09_S2,17.0,11,14
Twitter::@jlaram12,Twitter,3,25,T10,24.0,T13_S3,16.0,9,18
Twitter::@jose0729611973,Twitter,1,1,T11,100.0,T11_S2,100.0,1,1
Twitter::@juanluis627,Twitter,2,5,T10,40.0,T10_S5,40.0,4,4
Twitter::@julioalex4,Twitter,1,9,T06,66.7,T06_S2,55.6,4,5
Twitter::@junnhappy,Twitter,1,4,T10,50.0,T10_S1,50.0,3,2
Twitter::@k_daniel80817,Twitter,1,3,T08,66.7,T08_S2,66.7,2,2
Twitter::@kamp_ye,Twitter,1,0,,0.0,,0.0,0,0
Twitter::@karla0129299317,Twitter,1,0,,0.0,,0.0,0,0
Twitter::@krico_m60516,Twitter,1,2,T04,50.0,T04_S0,50.0,2,2
Twitter::@kumxem,Twitter,1,0,,0.0,,0.0,0,0
Twitter::@kursxdrxn,Twitter,1,1,T10,100.0,T10_S5,100.0,1,1
Twitter::@kyodakewa27,Twitter,3,6,T11,33.3,T11_S2,33.3,4,5
Twitter::@l1f9a0f2,Twitter,1,0,,0.0,,0.0,0,0
Twitter::@lacapital2006,Twitter,18,292,T05,78.1,T05_S2,37.3,14,39
Twitter::@laexpresionmx,Twitter,10,73,T05,35.6,T05_S1,31.5,14,27
Twitter::@lajornadaonline,Twitter,1,14,T07,28.6,T07_S2,28.6,10,10
Twitter::@lannawma,Twitter,2,4,T03,100.0,T03_S2,100.0,1,1
Twitter::@laopinionpr,Twitter,1,10,T06,40.0,T06_S2,30.0,6,8
Twitter::@larazontampico,Twitter,6,70,T02,12.9,T14_S2,8.6,15,35
Twitter::@lexrey,Twitter,1,0,,0.0,,0.0,0,0
Twitter::@lolitalolis77,Twitter,1,2,T07,50.0,T07_S1,50.0,2,2
Twitter::@lopez_mari30103,Twitter,2,9,T11,33.3,T03_S0,22.2,6,7
Twitter::@loquitos2008,Twitter,1,0,,0.0,,0.0,0,0
Twitter::@lunadeandromeda,Twitter,2,37,T06,24.3,T03_S0,16.2,10,16
Twitter::@lupitap95463675,Twitter,1,0,,0.0,,0.0,0,0
Twitter::@mario_dico50,Twitter,3,22,T11,31.8,T11_S2,18.2,7,11
Twitter::@mariogarza_,Twitter,1,1,T05,100.0,T05_S2,100.0,1,1
Twitter::@mariolealmx,Twitter,8,70,T10,22.9,T10_S0,8.6,15,38
Twitter::@marionyxo7,Twitter,1,8,T11,37.5,T11_S5,25.0,4,7
Twitter::@martha_bb,Twitter,2,2,T02,50.0,T02_S0,50.0,2,2
Twitter::@mathupoucel,Twitter,1,6,T03,50.0,T03_S0,50.0,4,4
Twitter::@mbez95,Twitter,1,2,T10,100.0,T10_S1,100.0,1,1
Twitter::@melissa_ma31840,Twitter,1,2,T11,50.0,T11_S1,50.0,2,2
Twitter::@mexicansnoopy,Twitter,1,5,T08,40.0,T06_S1,20.0,4,5
Twitter::@michelivilla,Twitter,1,1,T04,100.0,T04_S0,100.0,1,1
Twitter::@mil3s_dre4d,Twitter,1,1,T12,100.0,T12_S2,100.0,1,1
Twitter::@mileariela,Twitter,2,2,T11,50.0,T11_S4,50.0,2,2
Twitter::@mrmaduras2,Twitter,2,2,T05,100.0,T05_S1,100.0,1,1
Twitter::@nachoflores05,Twitter,2,5,T11,20.0,T11_S0,20.0,5,5
Twitter::@nahueloddone,Twitter,7,68,T06,20.6,T06_S0,13.2,13,25
Twitter::@necaxamor,Twitter,12,170,T07,21.2,T05_S0,14.1,12,32
Twitter::@nerazzuro,Twitter,1,2,T10,100.0,T10_S1,100.0,1,1
Twitter::@news_lacasa,Twitter,1,5,T11,60.0,T11_S4,40.0,3,4
Twitter::@nikolazsk,Twitter,2,6,T10,50.0,T10_S5,33.3,3,3
Twitter::@ningunenrique,Twitter,1,2,T10,100.0,T10_S2,100.0,1,1
Twitter::@nmas,Twitter,1,14,T07,35.7,T07_S2,28.6,9,11
Twitter::@nmasmonterrey,Twitter,1,9,T00,44.4,T00_S0,22.2,5,7
Twitter::@nora_ricardi,Twitter,4,30,T13,20.0,T13_S2,13.3,11,22
Twitter::@panchikofps,Twitter,1,1,T11,100.0,T11_S3,100.0,1,1
Twitter::@paty_mirele,Twitter,3,9,T02,55.6,T02_S4,33.3,3,5
Twitter::@pc1177,Twitter,4,2,T08,50.0,T08_S2,50.0,2,2
Twitter::@penyazulgranatm,Twitter,2,10,T10,30.0,T11_S2,20.0,5,6
Twitter::@perroflaaaan,Twitter,1,0,,0.0,,0.0,0,0
Twitter::@porktendencia,Twitter,1,8,T12,50.0,T12_S0,50.0,3,3
Twitter::@pucca_cn,Twitter,7,26,T12,30.8,T03_S0,15.4,10,17
Twitter::@pulsolaredo,Twitter,2,52,T05,80.8,T05_S0,50.0,3,5
Twitter::@pvpness614,Twitter,1,2,T12,100.0,T12_S1,50.0,1,2
Twitter::@ramzzz_zzz,Twitter,1,1,T10,100.0,T10_S5,100.0,1,1
Twitter::@raul_quiroga1,Twitter,1,1,T13,100.0,T13_S4,100.0,1,1
Twitter::@rhernandezdavid,Twitter,2,22,T14,27.3,T14_S1,18.2,9,15
Twitter::@robertsranduks,Twitter,2,9,T11,44.4,T06_S2,22.2,5,8
Twitter::@rocionahle,Twitter,1,12,T06,41.7,T06_S2,25.0,7,10
Twitter::@rodrigue_n74925,Twitter,2,1,T10,100.0,T10_S5,100.0,1,1
Twitter::@romina_tadeo327,Twitter,1,3,T06,66.7,T09_S1,33.3,2,3
Twitter::@roralroral77,Twitter,2,4,T07,50.0,T05_S0,50.0,2,3
Twitter::@rosana_guerra,Twitter,3,12,T10,25.0,T10_S1,25.0,7,9
Twitter::@rtorresv11,Twitter,1,3,T00,66.7,T00_S4,66.7,2,2
Twitter::@rubenrivera,Twitter,4,34,T12,23.5,T03_S1,11.8,12,27
Twitter::@salagos77,Twitter,1,1,T13,100.0,T13_S4,100.0,1,1
Twitter::@sarahmori_,Twitter,1,0,,0.0,,0.0,0,0
Twitter::@sarrelangue,Twitter,1,2,T11,50.0,T11_S1,50.0,2,2
Twitter::@scorpiogirl281,Twitter,1,7,T08,42.9,T08_S4,28.6,4,6
Twitter::@seitrack,Twitter,1,2,T07,50.0,T07_S0,50.0,2,2
Twitter::@shagocf,Twitter,2,3,T06,66.7,T06_S1,33.3,2,3
Twitter::@sin6n_,Twitter,1,4,T09,50.0,T09_S0,50.0,3,3
Twitter::@single21tam,Twitter,1,1,T08,100.0,T08_S2,100.0,1,1
Twitter::@sldvreille,Twitter,1,4,T03,50.0,T03_S0,50.0,2,2
Twitter::@smumexico,Twitter,2,34,T01,29.4,T01_S2,17.6,13,21
Twitter::@softtail65,Twitter,1,0,,0.0,,0.0,0,0
Twitter::@soy24siete,Twitter,15,159,T04,15.1,T04_S3,6.3,15,62
Twitter::@soyandreshdez,Twitter,1,3,T10,100.0,T10_S0,66.7,1,2
Twitter::@spyk3304,Twitter,12,160,T14,17.5,T14_S1,17.5,14,29
Twitter::@ssolbesmarin,Twitter,1,0,,0.0,,0.0,0,0
Twitter::@stangirlie_,Twitter,1,4,T10,50.0,T10_S0,25.0,3,4
Twitter::@streamstelefe,Twitter,1,2,T09,50.0,T09_S0,50.0,2,2
Twitter::@sttingz,Twitter,1,0,,0.0,,0.0,0,0
Twitter::@tampico,Twitter,1,6,T07,33.3,T07_S0,33.3,5,4
Twitter::@teoatl,Twitter,1,1,T12,100.0,T12_S4,100.0,1,1
Twitter::@tetragastesta2,Twitter,1,26,T11,23.1,T11_S4,15.4,10,19
Twitter::@thatbitchAlexi,Twitter,2,4,T06,50.0,T06_S0,50.0,2,2
Twitter::@the_archist,Twitter,3,11,T11,36.4,T11_S4,27.3,6,7
Twitter::@tphilip631,Twitter,1,1,T10,100.0,T10_S2,100.0,1,1
Twitter::@tuespacio_1,Twitter,3,22,T11,22.7,T08_S2,13.6,10,16
Twitter::@tw_jmf,Twitter,1,2,T08,50.0,T08_S3,50.0,2,2
Twitter::@vampiro71,Twitter,2,4,T11,50.0,T09_S0,25.0,3,4
Twitter::@vanBILSON,Twitter,1,5,T12,80.0,T12_S2,80.0,2,2
Twitter::@vanehupp,Twitter,1,2,T07,50.0,T07_S2,50.0,2,2
Twitter::@varancib,Twitter,2,32,T11,18.8,T06_S2,12.5,9,11
Twitter::@vgabel,Twitter,1,7,T12,28.6,T03_S0,14.3,6,7
Twitter::@vhmtzrmz,Twitter,5,61,T05,27.9,T05_S1,16.4,14,31
Twitter::@victoorsin,Twitter,2,1,T03,100.0,T03_S2,100.0,1,1
Twitter::@victorhernanndz,Twitter,1,3,T06,33.3,T06_S0,33.3,3,3
Twitter::@villareal1_,Twitter,1,2,T10,50.0,T10_S1,50.0,2,2
Twitter::@vlog_veronica,Twitter,2,0,,0.0,,0.0,0,0
Twitter::@xKatlyne,Twitter,3,2,T07,50.0,T07_S1,50.0,2,2
Twitter::@ymme21,Twitter,2,2,T06,50.0,T06_S0,50.0,2,2
Twitter::@yosoytampico,Twitter,11,109,T03,20.2,T03_S1,12.8,14,38
Twitter::@z441r4,Twitter,3,17,T09,17.6,T13_S1,11.8,10,14
Twitter::@zafirotorres16,Twitter,2,0,,0.0,,0.0,0,0
Twitter::@zonamxoficial,Twitter,1,9,T11,22.2,T02_S0,22.2,6,8
YouTube::@-otro-koso-6988,YouTube,1,2,T12,50.0,T12_S0,50.0,2,2
YouTube::@100AMLOS,YouTube,4,10,T09,30.0,T09_S0,30.0,6,7
YouTube::@17artegrafico,YouTube,1,9,T12,66.7,T12_S5,44.4,3,5
YouTube::@1800coyote,YouTube,2,8,T06,25.0,T06_S2,25.0,6,7
YouTube::@1818dany,YouTube,2,38,T12,42.1,T12_S1,18.4,13,22
YouTube::@1GeminiGirl,YouTube,1,8,T12,50.0,T12_S1,37.5,4,6
YouTube::@453erd,YouTube,1,3,T04,33.3,T04_S1,33.3,3,3
YouTube::@64chorote,YouTube,1,5,T12,40.0,T12_S0,40.0,4,4
YouTube::@6877EMA,YouTube,1,2,T07,50.0,T07_S4,50.0,2,2
YouTube::@69emiprz,YouTube,1,20,T12,35.0,T12_S1,30.0,5,8
YouTube::@792mundo,YouTube,1,2,T06,50.0,T06_S1,50.0,2,2
YouTube::@8JAA,YouTube,1,0,,0.0,,0.0,0,0
YouTube::@9brmc,YouTube,1,5,T12,40.0,T12_S1,40.0,4,4
YouTube::@AB-ub2us,YouTube,1,2,T12,50.0,T12_S4,50.0,2,2
YouTube::@ACH673,YouTube,1,7,T12,71.4,T12_S0,42.9,2,5
YouTube::@ADOLFOESCOBAR-jn3ch,YouTube,1,3,T11,66.7,T11_S0,66.7,2,2
YouTube::@AGUSTINGONZALEZ-q7t,YouTube,1,2,T04,50.0,T04_S6,50.0,2,2
YouTube::@ALFSalvatierra,YouTube,1,9,T12,66.7,T12_S1,44.4,3,6
YouTube::@ALXPARTANATTITUDE,YouTube,1,19,T12,31.6,T04_S1,15.8,7,13
YouTube::@AM-ry3xp,YouTube,1,3,T11,33.3,T11_S3,33.3,3,3
YouTube::@AMLO2026,YouTube,1,6,T12,66.7,T12_S0,50.0,3,4
YouTube::@APRENDIENDOCONOCIENDOYENSE-h6d,YouTube,1,14,T12,28.6,T09_S0,14.3,7,12
YouTube::@ARTUROCRUZCARRASCO-x7l,YouTube,1,9,T10,55.6,T10_S4,33.3,3,6
YouTube::@ATI_Kzal,YouTube,1,0,,0.0,,0.0,0,0
YouTube::@AZA-jv8nf,YouTube,1,3,T10,66.7,T10_S2,33.3,2,3
YouTube::@AaronCarrillo-c2h,YouTube,1,2,T14,50.0,T14_S0,50.0,2,2
YouTube::@AbdónChàvez-x7i,YouTube,1,4,T11,75.0,T11_S1,50.0,2,3
YouTube::@Abigain-xe3nb,YouTube,1,7,T04,28.6,T04_S0,28.6,5,5
YouTube::@Abracadabra-qj6vq,YouTube,1,3,T01,33.3,T01_S3,33.3,3,3
YouTube::@AbrahamMendoza-e8c,YouTube,2,18,T12,33.3,T12_S4,11.1,7,14
YouTube::@AbrahamNuñez-f1w,YouTube,1,3,T12,66.7,T10_S3,33.3,2,3
YouTube::@Abrahamb-p6e-r3n,YouTube,3,12,T12,58.3,T12_S0,33.3,6,8
YouTube::@AcGuerras,YouTube,1,1,T09,100.0,T09_S4,100.0,1,1
YouTube::@AdolfoMéndiaMorán,YouTube,1,3,T12,66.7,T12_S1,66.7,2,2
YouTube::@Adrian-n1f,YouTube,1,10,T11,30.0,T11_S5,20.0,7,8
YouTube::@AdrianaGonzálezPérez-w9r,YouTube,1,3,T09,33.3,T09_S0,33.3,3,3
YouTube::@Agustinacadena,YouTube,1,1,T12,100.0,T12_S3,100.0,1,1
YouTube::@Aika77524,YouTube,1,1,T10,100.0,T10_S3,100.0,1,1
YouTube::@AlanGarcía-g8f,YouTube,1,2,T11,50.0,T11_S1,50.0,2,2
YouTube::@AlbertoAdame-g3r,YouTube,1,1,T11,100.0,T11_S0,100.0,1,1
YouTube::@AlbertoAlvarez-j1l,YouTube,1,7,T04,28.6,T04_S3,28.6,6,6
YouTube::@AlbertoEDeIcaza,YouTube,1,1,T12,100.0,T12_S0,100.0,1,1
YouTube::@AlbertoJimenez-g4m5c,YouTube,1,4,T10,50.0,T10_S4,25.0,3,4
YouTube::@AlbertoLorenso-s1l,YouTube,1,3,T11,33.3,T11_S6,33.3,3,3
YouTube::@AlbertoTrocha,YouTube,1,1,T12,100.0,T12_S0,100.0,1,1
YouTube::@AldoCuevas-og8kr,YouTube,1,6,T12,33.3,T09_S0,16.7,5,6
YouTube::@AldoLopez-gr2wu,YouTube,1,1,T12,100.0,T12_S4,100.0,1,1
YouTube::@AlejandraDuarte-c5t,YouTube,1,3,T11,66.7,T11_S1,66.7,2,2
YouTube::@Alejandro-s4q9g,YouTube,1,21,T12,42.9,T12_S0,19.0,7,13
YouTube::@AlejandroGonzalez-rx6pr,YouTube,1,5,T12,40.0,T04_S3,20.0,4,5
YouTube::@AlejandroHernandez-ht6rk,YouTube,1,7,T12,28.6,T04_S0,14.3,6,7
YouTube::@AlejandroJuarez-j4f,YouTube,2,6,T12,50.0,T12_S2,16.7,4,6
YouTube::@AleksWalksDrives,YouTube,1,0,,0.0,,0.0,0,0
YouTube::@AlessaMejia-l6e,YouTube,1,4,T11,50.0,T04_S1,25.0,3,4
YouTube::@Alex-qz1jd,YouTube,1,3,T10,33.3,T10_S2,33.3,3,3
YouTube::@Alex.Gflores,YouTube,1,2,T12,100.0,T12_S5,50.0,1,2
YouTube::@AlexMartinez-x2x,YouTube,1,16,T11,25.0,T11_S0,18.8,8,11
YouTube::@Alexa-rv7ub,YouTube,1,1,T12,100.0,T12_S0,100.0,1,1
YouTube::@AlexanderCampos-br8hp,YouTube,1,3,T11,33.3,T11_S2,33.3,3,3
YouTube::@Alexus-z4z,YouTube,1,5,T06,20.0,T10_S5,20.0,5,4
YouTube::@AlfonsoContreras-s3b,YouTube,1,2,T05,50.0,T05_S3,50.0,2,2
YouTube::@AlfsoG,YouTube,1,11,T12,45.5,T12_S2,18.2,5,8
YouTube::@AliciaIsabelManrique,YouTube,1,5,T10,80.0,T10_S3,40.0,2,4
YouTube::@AlmaGarcia-v3o,YouTube,1,1,T12,100.0,T12_S3,100.0,1,1
YouTube::@Almchavez0174,YouTube,1,3,T12,33.3,T12_S3,33.3,3,3
YouTube::@Alselmosbc,YouTube,1,3,T12,66.7,T04_S1,33.3,2,3
YouTube::@AlvaroMendez-d2u,YouTube,1,4,T04,50.0,T04_S0,50.0,3,3
YouTube::@AmadoMorales-n5l2m,YouTube,1,0,,0.0,,0.0,0,0
YouTube::@AmandoHectorysugrupo-ds2xh,YouTube,1,0,,0.0,,0.0,0,0
YouTube::@AmeyalliBecerra,YouTube,1,1,T08,100.0,T08_S0,100.0,1,1
YouTube::@Amirl.b,YouTube,1,4,T11,50.0,T11_S3,25.0,3,4
YouTube::@Ana-o6t4s,YouTube,1,2,T12,100.0,T12_S0,50.0,1,2
YouTube::@AnaCristinaRiojas,YouTube,1,2,T09,50.0,T09_S0,50.0,2,2
YouTube::@AnaGonzalez-nm7ir,YouTube,2,22,T12,22.7,T12_S0,13.6,11,18
YouTube::@AnaMariaCarrillo-m6d,YouTube,1,13,T08,23.1,T08_S2,15.4,8,12
YouTube::@AnaRud,YouTube,1,0,,0.0,,0.0,0,0
YouTube::@Andres-m3h,YouTube,1,0,,0.0,,0.0,0,0
YouTube::@AndresRodriguez-le7ng,YouTube,1,0,,0.0,,0.0,0,0
YouTube::@Andrew2323vDouglass,YouTube,1,6,T11,33.3,T11_S1,33.3,5,5
YouTube::@AngelAltuzar-fc1de,YouTube,1,5,T12,80.0,T12_S2,20.0,2,5
YouTube::@AngelGuzman-g3e,YouTube,1,0,,0.0,,0.0,0,0
YouTube::@AngelHernandez-y8l5z,YouTube,1,0,,0.0,,0.0,0,0
YouTube::@AngelMartinezortiz-d7k,YouTube,1,5,T09,20.0,T09_S0,20.0,5,5
YouTube::@AngelPadilla-n7l,YouTube,1,0,,0.0,,0.0,0,0
YouTube::@AngelabrahamFlores-c5s,YouTube,1,1,T12,100.0,T12_S0,100.0,1,1
YouTube::@AngelicaMontejo-yx4pc,YouTube,1,8,T04,25.0,T11_S0,12.5,7,8
YouTube::@AnnaPaz90,YouTube,1,12,T12,33.3,T12_S0,16.7,6,11
YouTube::@AnselmaOliveraIbarra,YouTube,1,12,T12,41.7,T12_S1,33.3,6,7
YouTube::@AntonioDelacruzMagduleno,YouTube,1,3,T07,33.3,T07_S4,33.3,3,3
YouTube::@AntonioDuran-d4j,YouTube,1,5,T12,80.0,T12_S2,60.0,2,3
YouTube::@AntonioRocha-p6b,YouTube,1,0,,0.0,,0.0,0,0
YouTube::@AntonioRodriguez-hw1jo,YouTube,2,1,T10,100.0,T10_S5,100.0,1,1
YouTube::@AntonioRodriguez-x3j9z,YouTube,1,6,T06,33.3,T06_S1,33.3,4,5
YouTube::@AntonioVazquez-vn9ks,YouTube,1,11,T12,36.4,T12_S1,18.2,5,9
YouTube::@AntonioZ-b7w,YouTube,1,5,T11,40.0,T11_S1,40.0,4,4
YouTube::@ArgentinoenUSA,YouTube,1,0,,0.0,,0.0,0,0
YouTube::@ArmandoLopez-iu5eq,YouTube,1,7,T12,71.4,T12_S0,28.6,2,5
YouTube::@ArmandoMezaYT,YouTube,1,2,T04,50.0,T04_S2,50.0,2,2
YouTube::@ArmandoSantillan-m1h,YouTube,1,2,T12,100.0,T12_S2,100.0,1,1
YouTube::@Art.1234.v,YouTube,1,1,T10,100.0,T10_S2,100.0,1,1
YouTube::@ArturLasco,YouTube,1,9,T10,33.3,T10_S1,22.2,6,8
YouTube::@ArturoL-v8y,YouTube,1,10,T01,30.0,T01_S3,20.0,6,9
YouTube::@ArturoMartinez-tw6rm,YouTube,1,12,T12,33.3,T02_S0,16.7,7,10
YouTube::@ArturoRodríguez-n4p,YouTube,1,14,T12,57.1,T12_S3,21.4,6,10
YouTube::@ArturoÁvila-n2c,YouTube,1,2,T08,50.0,T08_S2,50.0,2,2
YouTube::@AsiaYoung-m5l,YouTube,1,5,T12,80.0,T12_S3,60.0,2,3
YouTube::@AvadaKedravratx,YouTube,1,1,T08,100.0,T08_S0,100.0,1,1
YouTube::@Ayaxdgo,YouTube,1,15,T11,60.0,T11_S3,33.3,4,7
YouTube::@BENNYNOWE,YouTube,1,11,T12,36.4,T12_S1,18.2,6,9
YouTube::@BRORION11,YouTube,1,35,T11,31.4,T09_S0,17.1,11,19
YouTube::@BeckMartz,YouTube,1,2,T08,100.0,T08_S3,50.0,1,2
YouTube::@BegonaCampero,YouTube,1,7,T10,42.9,T04_S1,14.3,4,7
YouTube::@BenShaLo-wm3lq,YouTube,1,0,,0.0,,0.0,0,0
YouTube::@BenitoRodriguez-rs6cw,YouTube,1,3,T10,33.3,T10_S3,33.3,3,3
YouTube::@BereniceCarbajal-t1w,YouTube,1,4,T12,100.0,T12_S3,50.0,1,3
YouTube::@BlancaGuzman-v3i,YouTube,1,18,T12,38.9,T12_S4,33.3,5,6
YouTube::@BlancaRamirezflores,YouTube,1,25,T09,28.0,T09_S0,16.0,9,17
YouTube::@BlissDecision,YouTube,2,4,T07,25.0,T07_S0,25.0,4,4
YouTube::@BogarAburtoflores,YouTube,1,2,T11,50.0,T11_S5,50.0,2,2
YouTube::@BotellitadeJerez-b8h,YouTube,1,4,T11,50.0,T11_S0,25.0,3,4
YouTube::@BrightMan07,YouTube,1,1,T12,100.0,T12_S3,100.0,1,1
YouTube::@BrisselPerez-e3b,YouTube,1,0,,0.0,,0.0,0,0
YouTube::@Buendia-11,YouTube,1,10,T12,20.0,T04_S0,20.0,8,9
YouTube::@C4RLOS4DRI4N,YouTube,1,0,,0.0,,0.0,0,0
YouTube::@CAT6NZ550,YouTube,1,1,T04,100.0,T04_S1,100.0,1,1
YouTube::@CREACIONESGUACO,YouTube,1,1,T12,100.0,T12_S4,100.0,1,1
YouTube::@CachanaChivo,YouTube,1,4,T12,50.0,T12_S4,50.0,3,3
YouTube::@CandeNochistlán,YouTube,1,2,T10,50.0,T10_S3,50.0,2,2
YouTube::@CarlosEduardoApodacaDiez,YouTube,1,1,T08,100.0,T08_S0,100.0,1,1
YouTube::@CarlosEsquivelMacias,YouTube,1,1,T11,100.0,T11_S2,100.0,1,1
YouTube::@CarlosFf-v8u,YouTube,1,3,T02,66.7,T02_S2,66.7,2,2
YouTube::@CarlosGabrielCamachhoJiménez,YouTube,1,3,T11,66.7,T11_S5,33.3,2,3
YouTube::@CarlosJimenez-kw6fb,YouTube,1,21,T11,19.0,T10_S0,19.0,10,14
YouTube::@CarlosLopezArzate,YouTube,1,2,T02,50.0,T02_S1,50.0,2,2
YouTube::@CarlosLupercio-c8b,YouTube,2,7,T11,42.9,T11_S1,28.6,5,6
YouTube::@CarlosLópez-w5p2h,YouTube,1,0,,0.0,,0.0,0,0
YouTube::@CarlosQuiñonezLopez,YouTube,4,21,T11,33.3,T11_S2,14.3,9,14
YouTube::@CarlosSalvador-ge6rg,YouTube,1,0,,0.0,,0.0,0,0
YouTube::@CarlosSandoval-rb6dv,YouTube,1,5,T11,60.0,T11_S0,40.0,3,4
YouTube::@CarlosValdovinos-c5i,YouTube,1,1,T02,100.0,T02_S0,100.0,1,1
YouTube::@CarlosVazquez-ze4bj,YouTube,1,3,T12,66.7,T08_S0,33.3,2,3
YouTube::@Carlosandresgamez,YouTube,1,2,T00,100.0,T00_S4,100.0,1,1
YouTube::@CarolinaMartinez-zk6os,YouTube,2,9,T12,33.3,T12_S0,33.3,6,7
YouTube::@CarolinaTorresMartinez-cm5je,YouTube,1,1,T11,100.0,T11_S3,100.0,1,1
YouTube::@Cecilia-l6i,YouTube,1,3,T12,66.7,T12_S1,66.7,2,2
YouTube::@CesarCruz-tr8nm,YouTube,3,20,T12,50.0,T12_S4,20.0,7,12
YouTube::@CesarMedina-w5s,YouTube,1,5,T11,40.0,T10_S3,20.0,4,5
YouTube::@CesardarioRuizvera-o6z,YouTube,1,2,T12,50.0,T12_S1,50.0,2,2
YouTube::@CharoMedrano,YouTube,1,6,T12,50.0,T12_S4,33.3,4,5
YouTube::@Chato.11,YouTube,1,2,T02,50.0,T02_S3,50.0,2,2
YouTube::@ChefisReyes,YouTube,1,10,T09,20.0,T09_S0,20.0,7,9
YouTube::@Chivista114,YouTube,1,1,T12,100.0,T12_S4,100.0,1,1
YouTube::@ChristianDiaz-c7r,YouTube,1,2,T12,50.0,T12_S3,50.0,2,2
YouTube::@Chulo-d3o,YouTube,1,2,T12,50.0,T12_S3,50.0,2,2
YouTube::@Chulo25tk,YouTube,1,5,T11,40.0,T01_S0,40.0,3,4
YouTube::@Ciudadano707,YouTube,1,6,T11,50.0,T04_S0,33.3,3,5
YouTube::@ClaraUreñacastañon,YouTube,1,8,T12,37.5,T12_S1,25.0,4,7
YouTube::@ClaudiaJiménez-u4m,YouTube,1,0,,0.0,,0.0,0,0
YouTube::@ClaudipOntiveros,YouTube,1,0,,0.0,,0.0,0,0
YouTube::@Claviillazo,YouTube,1,1,T05,100.0,T05_S2,100.0,1,1
YouTube::@CneopompeyoMagnus,YouTube,1,4,T12,75.0,T12_S1,50.0,2,3
YouTube::@Coleta-j8e,YouTube,1,1,T11,100.0,T11_S5,100.0,1,1
YouTube::@ConsueloGuadalupe-w8v,YouTube,2,6,T11,66.7,T11_S2,50.0,3,4
YouTube::@CoronaZenil,YouTube,1,1,T13,100.0,T13_S5,100.0,1,1
YouTube::@CosmeGonzalez-e6u,YouTube,1,3,T04,66.7,T04_S1,66.7,2,2
YouTube::@CristalRomero-w1z,YouTube,1,0,,0.0,,0.0,0,0
YouTube::@CristinaManterola,YouTube,1,23,T12,17.4,T10_S3,8.7,9,17
YouTube::@CristinaMedina-m6i,YouTube,1,3,T08,66.7,T08_S1,33.3,2,3
YouTube::@Cruzbarreras-o4j,YouTube,1,0,,0.0,,0.0,0,0
YouTube::@Cuauhtláhuac,YouTube,1,3,T11,33.3,T11_S1,33.3,3,3
YouTube::@César-j8i2g,YouTube,1,3,T12,66.7,T10_S3,33.3,2,3
YouTube::@DAIANAJISSELESPAÑAFRAGOSO,YouTube,1,13,T12,61.5,T12_S5,30.8,4,7
YouTube::@DalilaCCornejo,YouTube,1,1,T08,100.0,T08_S1,100.0,1,1
YouTube::@Dalva-uf3dy,YouTube,1,7,T12,57.1,T12_S0,42.9,4,5
YouTube::@DammDeutsch,YouTube,1,1,T08,100.0,T08_S0,100.0,1,1
YouTube::@Dan-s2n3s,YouTube,1,1,T10,100.0,T10_S4,100.0,1,1
YouTube::@DanielMorales-u9t,YouTube,1,5,T12,60.0,T11_S1,40.0,2,3
YouTube::@DanielS-bl6ip,YouTube,1,1,T09,100.0,T09_S0,100.0,1,1
YouTube::@DanielaPeña2017,YouTube,1,3,T12,66.7,T12_S0,33.3,2,3
YouTube::@Daniomerta,YouTube,1,11,T11,36.4,T11_S2,27.3,7,8
YouTube::@DanteJardon-v9p,YouTube,2,4,T12,100.0,T12_S0,75.0,1,2
YouTube::@DanteOmarLacrossValdez,YouTube,1,12,T11,41.7,T11_S0,33.3,8,9
YouTube::@DarioAlejandroZarazuaGom-qm3hk,YouTube,4,15,T12,46.7,T12_S2,26.7,5,10
YouTube::@DavidLuevanochavez-gt5jb,YouTube,1,1,T09,100.0,T09_S4,100.0,1,1
YouTube::@DavidPastrana-m3s,YouTube,1,4,T11,25.0,T11_S2,25.0,4,4
YouTube::@DavidReyes-hl2yd,YouTube,1,2,T12,50.0,T12_S0,50.0,2,2
YouTube::@DavidSalasHernández-w3b,YouTube,1,4,T08,50.0,T08_S3,25.0,2,4
YouTube::@DavidSoto-m2b,YouTube,1,2,T09,50.0,T09_S0,50.0,2,2
YouTube::@DeJrASr,YouTube,1,1,T11,100.0,T11_S2,100.0,1,1
YouTube::@Declan_Harp,YouTube,1,2,T06,50.0,T06_S0,50.0,2,2
YouTube::@Demetrio-d3r,YouTube,1,1,T11,100.0,T11_S0,100.0,1,1
YouTube::@DenisAlvarez-b3i,YouTube,1,3,T12,66.7,T12_S4,33.3,2,2
YouTube::@DiegoAPerdomo28,YouTube,1,1,T10,100.0,T10_S5,100.0,1,1
YouTube::@DiegoCasas-k3d,YouTube,1,3,T11,66.7,T11_S3,66.7,2,2
YouTube::@DiegoHernandez-q2b,YouTube,1,3,T12,66.7,T12_S1,66.7,2,2
YouTube::@DoloresAcostaGarcía-z8d,YouTube,2,8,T12,50.0,T12_S1,37.5,5,6
YouTube::@Drien170,YouTube,1,1,T12,100.0,T12_S4,100.0,1,1
YouTube::@DudeContinue,YouTube,1,3,T11,33.3,T11_S3,33.3,3,3
YouTube::@EACleDel,YouTube,1,4,T10,50.0,T10_S4,50.0,2,3
YouTube::@ER-xi8ig,YouTube,1,4,T14,50.0,T12_S1,25.0,3,4
YouTube::@Easiemzioficial,YouTube,1,10,T04,20.0,T06_S2,20.0,8,9
YouTube::@EdgarRojas-b2g,YouTube,1,3,T13,33.3,T13_S3,33.3,3,3
YouTube::@Edge50pro-w5t,YouTube,1,2,T11,50.0,T11_S0,50.0,2,2
YouTube::@EdithGarcia-k2y,YouTube,2,14,T12,35.7,T11_S0,28.6,6,8
YouTube::@EdmundoDiaz-p3n,YouTube,2,7,T09,28.6,T09_S0,28.6,5,6
YouTube::@EduVil-vh6rq,YouTube,1,0,,0.0,,0.0,0,0
YouTube::@EduardoFigueroa-b1k,YouTube,1,1,T10,100.0,T10_S3,100.0,1,1
YouTube::@EduardoGranadoz-q2r,YouTube,1,2,T10,50.0,T10_S5,50.0,2,2
YouTube::@EduardoHernandez-yk4gs,YouTube,1,2,T03,50.0,T03_S1,50.0,2,2
YouTube::@EduardoJiménezNava-g5d4d,YouTube,1,0,,0.0,,0.0,0,0
YouTube::@EduardoLimon-b4q,YouTube,1,4,T10,25.0,T10_S3,25.0,4,4
YouTube::@EduardoMontiel-s5q,YouTube,7,16,T06,25.0,T09_S1,12.5,7,9
YouTube::@EduardoPerez-r7z,YouTube,1,5,T11,40.0,T12_S4,40.0,3,4
YouTube::@EdyTrejo-k5f,YouTube,1,7,T11,42.9,T12_S0,14.3,5,7
YouTube::@EfrenCruz-r2t,YouTube,1,5,T10,20.0,T10_S1,20.0,5,5
YouTube::@EfrenVillegas,YouTube,1,2,T00,50.0,T00_S1,50.0,2,2
YouTube::@Egt3z,YouTube,1,0,,0.0,,0.0,0,0
YouTube::@Elformatofisico,YouTube,1,1,T11,100.0,T11_S1,100.0,1,1
YouTube::@EliasLopezRosales,YouTube,1,3,T11,33.3,T11_S2,33.3,3,3
YouTube::@ElmerRoberto-y8x,YouTube,2,14,T12,57.1,T12_S0,35.7,6,10
YouTube::@Elpadrino696969,YouTube,1,1,T09,100.0,T09_S0,100.0,1,1
YouTube::@Eltigreparra62,YouTube,1,6,T09,16.7,T09_S0,16.7,6,6
YouTube::@EmilianoCrousH,YouTube,1,5,T12,20.0,T12_S0,20.0,5,5
YouTube::@EmilioMartinez-r4d,YouTube,1,0,,0.0,,0.0,0,0
YouTube::@EmilioRubio-i9r,YouTube,1,5,T09,60.0,T10_S3,20.0,3,5
YouTube::@EmmCorvette,YouTube,1,5,T10,40.0,T10_S4,40.0,3,3
YouTube::@EngordaElprofe,YouTube,1,8,T09,37.5,T09_S0,37.5,6,6
YouTube::@Enrique6700,YouTube,1,5,T11,40.0,T09_S0,20.0,4,5
YouTube::@EnriqueMartinez-nm4zm,YouTube,1,0,,0.0,,0.0,0,0
YouTube::@EnriqueVivar-q3z,YouTube,1,1,T12,100.0,T12_S4,100.0,1,1
YouTube::@EpaAmma-k5l6r,YouTube,1,0,,0.0,,0.0,0,0
YouTube::@Eric-ge4tc,YouTube,1,4,T12,50.0,T12_S0,25.0,2,4
YouTube::@ErickRM87,YouTube,1,1,T09,100.0,T09_S1,100.0,1,1
YouTube::@ErickTubito,YouTube,1,7,T12,57.1,T12_S4,42.9,4,5
YouTube::@ErnestoIribe-p6s,YouTube,1,2,T12,100.0,T12_S0,100.0,1,1
YouTube::@EsperanzaOliverLopez,YouTube,1,6,T04,33.3,T04_S0,33.3,5,5
YouTube::@EstebanAlcaláIbarra,YouTube,1,2,T10,50.0,T10_S1,50.0,2,2
YouTube::@EstebanAmaro-sp3wq,YouTube,1,8,T12,87.5,T12_S2,50.0,2,3
YouTube::@EstebanDiaz-h4d,YouTube,1,0,,0.0,,0.0,0,0
YouTube::@EstelaGomez-b1x,YouTube,1,5,T09,60.0,T09_S0,40.0,3,4
YouTube::@EstrellitaMarinera-8,YouTube,1,4,T12,50.0,T12_S0,50.0,3,3
YouTube::@Etna-d8v,YouTube,1,2,T04,50.0,T04_S0,50.0,2,2
YouTube::@EuniceGomezgonzalez,YouTube,1,1,T08,100.0,T08_S2,100.0,1,1
YouTube::@EustaquiaTrujillogarcia,YouTube,1,3,T08,33.3,T08_S0,33.3,3,3
YouTube::@Evaristo-q3k,YouTube,1,3,T12,100.0,T12_S1,66.7,1,2
YouTube::@EverardoshamirGurrolacampos,YouTube,1,3,T09,33.3,T11_S3,33.3,3,2
YouTube::@FTISDM2195,YouTube,1,2,T12,50.0,T12_S3,50.0,2,2
YouTube::@FabioCastro-d6u,YouTube,1,2,T12,50.0,T12_S0,50.0,2,2
YouTube::@FabricioMontoyaRobles,YouTube,1,0,,0.0,,0.0,0,0
YouTube::@Farm090,YouTube,1,7,T08,42.9,T08_S3,42.9,5,5
YouTube::@FatCk67,YouTube,1,10,T12,50.0,T09_S0,20.0,5,8
YouTube::@FelipeRebolloRodríguez,YouTube,1,3,T11,66.7,T11_S4,33.3,2,3
YouTube::@FelipeSanchez-wz3dx,YouTube,4,9,T12,44.4,T12_S2,22.2,5,8
YouTube::@FelipeVasquezCruz,YouTube,1,2,T12,100.0,T12_S1,50.0,1,2
YouTube::@FelixBarrios-h6c,YouTube,1,0,,0.0,,0.0,0,0
YouTube::@Fer-hp1tw,YouTube,1,1,T08,100.0,T08_S0,100.0,1,1
YouTube::@FernandoGarcíaH-j1k,YouTube,1,2,T11,50.0,T11_S6,50.0,2,2
YouTube::@FernandoMora-j2z,YouTube,1,3,T01,33.3,T01_S0,33.3,3,3
YouTube::@FernandoTorres-cf7gi,YouTube,3,9,T12,55.6,T12_S1,33.3,4,7
YouTube::@Filolilo-z5j,YouTube,1,2,T04,50.0,T04_S1,50.0,2,2
YouTube::@Firefoxtj,YouTube,1,7,T09,28.6,T06_S2,14.3,6,6
YouTube::@FranciscoAnaya-k6p,YouTube,1,1,T08,100.0,T08_S1,100.0,1,1
YouTube::@FranciscoArmandoLauterioLozano,YouTube,1,6,T12,66.7,T12_S1,33.3,3,4
YouTube::@FranciscoReyes-l8t,YouTube,1,6,T02,33.3,T02_S1,33.3,5,5
YouTube::@FranciscoTejas-p8c,YouTube,1,0,,0.0,,0.0,0,0
YouTube::@FranksS92,YouTube,1,14,T12,50.0,T12_S4,21.4,5,9
YouTube::@GAFE17MX,YouTube,1,1,T12,100.0,T12_S5,100.0,1,1
YouTube::@GREGORIOCARRANZA-x8d,YouTube,1,4,T12,75.0,T12_S4,50.0,2,3
YouTube::@GUADALUPEPENA-qh7rq,YouTube,1,2,T10,50.0,T10_S2,50.0,2,2
YouTube::@Gabriel-Batres16217,YouTube,1,0,,0.0,,0.0,0,0
YouTube::@GabrielCeja-eb6hg,YouTube,1,3,T11,66.7,T11_S0,66.7,2,2
YouTube::@GabrielaMonroy-s9m,YouTube,1,1,T11,100.0,T11_S2,100.0,1,1
YouTube::@Gaby-n1j,YouTube,1,2,T12,100.0,T12_S4,50.0,1,2
YouTube::@Gaby-rdc369,YouTube,1,3,T11,66.7,T11_S0,33.3,2,3
YouTube::@Gamer-rn7yi,YouTube,1,1,T09,100.0,T09_S0,100.0,1,1
YouTube::@GarzaLingo-t6f,YouTube,1,8,T11,37.5,T11_S3,12.5,4,8
YouTube::@GatoMartin,YouTube,1,2,T12,50.0,T12_S0,50.0,2,2
YouTube::@GenaroBravo-hm4fy,YouTube,1,7,T00,28.6,T00_S2,28.6,6,6
YouTube::@GeneraciónAMLO,YouTube,1,0,,0.0,,0.0,0,0
YouTube::@GeorginafajardoIII,YouTube,1,5,T09,40.0,T06_S0,20.0,3,5
YouTube::@GerardoC-u4h,YouTube,1,1,T11,100.0,T11_S1,100.0,1,1
YouTube::@GerardoEnriqueMartinezSaenz,YouTube,2,6,T12,100.0,T12_S1,66.7,1,3
YouTube::@GerardoGonzalez-d8f,YouTube,1,2,T12,50.0,T06_S1,50.0,2,1
YouTube::@GeritaCabron,YouTube,1,7,T10,57.1,T10_S4,28.6,4,6
YouTube::@GilbertoGarcia-o9f,YouTube,1,5,T12,60.0,T12_S1,40.0,3,4
YouTube::@GonzaloRamirez-h8e,YouTube,1,0,,0.0,,0.0,0,0
YouTube::@GonzaloSandoval-l8v,YouTube,1,3,T11,66.7,T11_S1,66.7,2,2
YouTube::@GuillermoMarioCervantesGuerra,YouTube,1,1,T04,100.0,T04_S1,100.0,1,1
YouTube::@GuillermoSantillanaMárquez,YouTube,1,0,,0.0,,0.0,0,0
YouTube::@GustavoFraidez,YouTube,1,16,T12,50.0,T12_S1,25.0,6,11
YouTube::@GustavoGarcia-qq4ec,YouTube,3,26,T12,61.5,T12_S1,23.1,6,13
YouTube::@GustavoGonzalez-gn6eq,YouTube,1,4,T11,50.0,T11_S1,50.0,3,3
YouTube::@GustavoOmar-l1b,YouTube,1,4,T12,50.0,T12_S1,25.0,2,4
YouTube::@GustavoRivera-b1k,YouTube,1,10,T11,40.0,T11_S1,40.0,6,7
YouTube::@HADASSA-s1o,YouTube,2,6,T12,66.7,T12_S2,33.3,3,4
YouTube::@HEVICO316,YouTube,1,8,T11,62.5,T11_S4,25.0,3,6
YouTube::@HISTORIADORdelFUTURO,YouTube,1,2,T12,50.0,T04_S3,50.0,2,1
YouTube::@HP-pz1ng,YouTube,1,2,T12,50.0,T12_S3,50.0,2,2
YouTube::@Hadouken.,YouTube,1,0,,0.0,,0.0,0,0
YouTube::@Hatzlaja-w6o,YouTube,1,10,T12,40.0,T04_S1,20.0,6,8
YouTube::@HaydeeGuzman-p6l,YouTube,1,2,T04,50.0,T04_S1,50.0,2,2
YouTube::@Hector-c5f4p,YouTube,1,2,T01,50.0,T01_S0,50.0,2,2
YouTube::@Hector-vn9sk,YouTube,1,5,T10,20.0,T10_S1,20.0,5,5
YouTube::@HilarioAlvarez-lu3py,YouTube,1,2,T12,50.0,T12_S1,50.0,2,2
YouTube::@HistoriaRealmx,YouTube,1,15,T01,20.0,T01_S3,20.0,10,13
YouTube::@HoracioGuarella,YouTube,1,2,T09,50.0,T09_S0,50.0,2,2
YouTube::@HuaweiP30liye,YouTube,1,5,T12,20.0,T12_S3,20.0,5,5
YouTube::@HugoLopez-fn1we,YouTube,1,0,,0.0,,0.0,0,0
YouTube::@HugoSánchez-y2r,YouTube,1,2,T14,50.0,T14_S2,50.0,2,1
YouTube::@HumbertoAvilaflores,YouTube,1,4,T11,50.0,T11_S3,25.0,3,3
YouTube::@HumbertoGonzalezVillanueva,YouTube,1,6,T12,50.0,T12_S1,16.7,3,6
YouTube::@IACIV-Mex,YouTube,1,1,T09,100.0,T09_S0,100.0,1,1
YouTube::@ISAACALTAMIRANO-g8d,YouTube,1,5,T12,20.0,T12_S0,20.0,5,5
YouTube::@ISCCS1,YouTube,1,2,T04,50.0,T04_S1,50.0,2,2
YouTube::@IgnacioAltoviejo,YouTube,1,5,T11,40.0,T01_S0,20.0,4,5
YouTube::@IgnacioRoman-r8d,YouTube,1,2,T12,100.0,T12_S0,50.0,1,2
YouTube::@IreneSánchez-p9d,YouTube,1,2,T04,50.0,T04_S1,50.0,2,2
YouTube::@IronMan-id7xw,YouTube,2,6,T11,50.0,T13_S3,33.3,3,5
YouTube::@IrvingPerez-vc3iu,YouTube,1,1,T08,100.0,T08_S0,100.0,1,1
YouTube::@IsabelCanela-z9o,YouTube,3,11,T12,54.5,T12_S0,27.3,5,8
YouTube::@IsmaelPerez-p9w,YouTube,1,0,,0.0,,0.0,0,0
YouTube::@IvethCruzduran,YouTube,1,1,T11,100.0,T11_S1,100.0,1,1
YouTube::@Ivette_Moctezuma,YouTube,1,18,T10,22.2,T13_S3,11.1,9,15
YouTube::@IvonElizabethYerenaFlores,YouTube,1,8,T12,25.0,T12_S0,25.0,6,7
YouTube::@IvánColín-e5r,YouTube,1,0,,0.0,,0.0,0,0
YouTube::@JC-rw1ok,YouTube,1,5,T12,40.0,T12_S3,40.0,4,4
YouTube::@JESUS1010r,YouTube,1,2,T11,50.0,T11_S3,50.0,2,2
YouTube::@JG0302,YouTube,1,5,T04,40.0,T04_S0,40.0,3,3
YouTube::@JacobNicols,YouTube,1,1,T12,100.0,T12_S0,100.0,1,1
YouTube::@Jaime-uq8bv,YouTube,1,1,T12,100.0,T12_S1,100.0,1,1
YouTube::@JaimeCostecho-xxx,YouTube,1,1,T08,100.0,T08_S1,100.0,1,1
YouTube::@JaimeHernandez-hg4vr,YouTube,1,1,T11,100.0,T11_S0,100.0,1,1
YouTube::@JaimeRamirez-j9x,YouTube,1,0,,0.0,,0.0,0,0
YouTube::@JairAlvarez_el33,YouTube,1,3,T01,33.3,T01_S3,33.3,3,3
YouTube::@JaviSP76,YouTube,1,3,T11,66.7,T11_S1,33.3,2,3
YouTube::@Javier-e2r5p,YouTube,1,1,T09,100.0,T09_S0,100.0,1,1
YouTube::@Javier-y1u7t,YouTube,1,3,T04,66.7,T04_S2,66.7,2,2
YouTube::@JavierJSantamaría,YouTube,1,9,T12,66.7,T12_S4,22.2,4,7
YouTube::@JavierPartida-w7m,YouTube,1,11,T11,36.4,T12_S4,27.3,5,7
YouTube::@JavierRojas-p3d,YouTube,1,0,,0.0,,0.0,0,0
YouTube::@JavierSanchez-tw7pb,YouTube,1,2,T12,100.0,T12_S2,100.0,1,1
YouTube::@Jesua488,YouTube,1,1,T11,100.0,T11_S4,100.0,1,1
YouTube::@JesucristoYaVieneDios7,YouTube,1,1,T12,100.0,T12_S3,100.0,1,1
YouTube::@JesusAdrian-q9g,YouTube,1,1,T11,100.0,T11_S4,100.0,1,1
YouTube::@JesusKurczyn,YouTube,1,3,T09,33.3,T09_S0,33.3,3,3
YouTube::@JesusLopez-vm2dr,YouTube,1,1,T06,100.0,T06_S2,100.0,1,1
YouTube::@JesusMeza-r3x,YouTube,1,10,T11,50.0,T11_S6,20.0,5,9
YouTube::@JesusOrtega-b8d,YouTube,1,2,T11,50.0,T11_S3,50.0,2,2
YouTube::@JesusPerezPeña-o5j,YouTube,2,0,,0.0,,0.0,0,0
YouTube::@JesusRamos-f4f3e,YouTube,1,5,T12,80.0,T12_S0,60.0,2,3
YouTube::@JesusRosales-n1t,YouTube,1,6,T12,50.0,T12_S3,33.3,3,5
YouTube::@JesusTellez-d5i,YouTube,1,1,T10,100.0,T10_S0,100.0,1,1
YouTube::@JesusYonezu,YouTube,1,1,T12,100.0,T12_S0,100.0,1,1
YouTube::@JesúsValdezGonzález-n6i,YouTube,1,16,T11,25.0,T11_S2,12.5,11,14
YouTube::@Jesúsg-y5m,YouTube,1,3,T11,100.0,T11_S1,100.0,1,1
YouTube::@Jhoss099,YouTube,1,3,T09,33.3,T09_S0,33.3,3,3
YouTube::@JoelZamarron-d6n,YouTube,1,1,T09,100.0,T09_S0,100.0,1,1
YouTube::@JoelalbertoVillaloboschacon,YouTube,1,1,T04,100.0,T04_S0,100.0,1,1
YouTube::@Johnny-c5p,YouTube,1,0,,0.0,,0.0,0,0
YouTube::@JorgeArturoDiazdeSandi,YouTube,1,2,T10,50.0,T10_S3,50.0,2,2
YouTube::@JorgeCruzhernandez-y7u,YouTube,1,6,T11,50.0,T11_S0,16.7,3,5
YouTube::@JorgeHernandez-d7v,YouTube,1,2,T12,50.0,T12_S3,50.0,2,2
YouTube::@JorgeMartlnez,YouTube,1,0,,0.0,,0.0,0,0
YouTube::@JorgeRamirez-xl2gt,YouTube,1,1,T09,100.0,T09_S0,100.0,1,1
YouTube::@JorgeRodriguez-l4t,YouTube,1,0,,0.0,,0.0,0,0
YouTube::@JoseA.Torres-tp4xk,YouTube,1,9,T10,33.3,T11_S0,22.2,5,8
YouTube::@JoseAlvarez-ek7hx,YouTube,1,2,T04,50.0,T04_S3,50.0,2,2
YouTube::@JoseBendecido-g1b,YouTube,1,3,T10,33.3,T10_S3,33.3,3,3
YouTube::@JoseCarlosCamargoArevalo,YouTube,2,2,T12,100.0,T12_S4,100.0,1,1
YouTube::@JoseCarmona-z4y,YouTube,1,2,T10,50.0,T10_S3,50.0,2,2
YouTube::@JoseChavez-b2n,YouTube,1,1,T10,100.0,T10_S4,100.0,1,1
YouTube::@JoseGiqdqlupeCarrillo,YouTube,1,4,T10,50.0,T10_S1,25.0,3,4
YouTube::@JoseGonzalez-tl6hg,YouTube,1,2,T14,50.0,T14_S3,50.0,2,2
YouTube::@JoseJuarez-g8z9d,YouTube,2,14,T11,50.0,T11_S1,35.7,6,8
YouTube::@JoseLuis-jk9nh,YouTube,1,17,T10,41.2,T10_S5,17.6,6,12
YouTube::@JoseLuisGonzalez-j2l,YouTube,1,5,T12,80.0,T12_S4,60.0,2,3
YouTube::@JoseLuisHernandez-w4w,YouTube,2,12,T11,41.7,T11_S1,25.0,7,10
YouTube::@JoseLuisRobles-p5k,YouTube,1,2,T06,50.0,T06_S3,50.0,2,2
YouTube::@JoseManuel-pn6sb,YouTube,1,2,T11,100.0,T11_S2,50.0,1,2
YouTube::@JoseMariaRamirez-k3c,YouTube,1,6,T04,50.0,T04_S0,33.3,3,5
YouTube::@JoseParrales-d7k,YouTube,1,5,T12,40.0,T11_S0,20.0,4,5
YouTube::@JosePeralta-f2f,YouTube,1,3,T02,33.3,T02_S0,33.3,3,3
YouTube::@JoseRaymundoSánchezJiménez,YouTube,1,2,T11,50.0,T11_S2,50.0,2,2
YouTube::@JoseReyes-jw2hv,YouTube,1,7,T05,28.6,T05_S2,28.6,6,6
YouTube::@JoseReyes-r1j7g,YouTube,1,3,T12,33.3,T12_S0,33.3,3,3
YouTube::@JoseRoberto-bv7qk,YouTube,1,4,T12,50.0,T12_S5,50.0,3,3
YouTube::@JoseRobertoLopezCortes,YouTube,1,6,T12,100.0,T12_S4,66.7,1,3
YouTube::@JoseSahagun-z8q6z,YouTube,1,4,T09,25.0,T09_S0,25.0,4,4
YouTube::@JoseSanchez-in8oc,YouTube,1,8,T12,37.5,T12_S5,25.0,6,7
YouTube::@JoseluisPerreroperrero,YouTube,1,6,T11,50.0,T11_S4,16.7,3,6
YouTube::@Joseph-f5g8i,YouTube,1,3,T10,33.3,T10_S3,33.3,3,3
YouTube::@JosmaZero,YouTube,1,5,T10,20.0,T10_S1,20.0,5,5
YouTube::@JosueLechuga-s6f,YouTube,1,1,T13,100.0,T13_S0,100.0,1,1
YouTube::@JoséAlbertoIsaza-e1o,YouTube,1,1,T11,100.0,T11_S0,100.0,1,1
YouTube::@JoséLuisRamírez-b6c,YouTube,1,1,T12,100.0,T12_S3,100.0,1,1
YouTube::@JoséOrtega-n4p,YouTube,2,2,T04,100.0,T04_S1,100.0,1,1
YouTube::@JoséSanchez-t4e2u,YouTube,1,6,T01,33.3,T01_S3,33.3,5,5
YouTube::@Juan-s1u2k,YouTube,1,1,T12,100.0,T12_S0,100.0,1,1
YouTube::@Juan-zn4lz,YouTube,1,1,T09,100.0,T09_S3,100.0,1,1
YouTube::@JuanAlvaroPelayoJuarez,YouTube,1,0,,0.0,,0.0,0,0
YouTube::@JuanBenavidez-f4s,YouTube,1,6,T04,33.3,T12_S0,33.3,4,5
YouTube::@JuanCarlosHuerta-q2q,YouTube,1,3,T11,66.7,T08_S0,33.3,2,3
YouTube::@JuanEliasRosillo,YouTube,1,4,T11,25.0,T11_S6,25.0,4,4
YouTube::@JuanFlores-q9i,YouTube,1,0,,0.0,,0.0,0,0
YouTube::@JuanFregozo-q1i,YouTube,1,7,T10,57.1,T10_S3,57.1,4,4
YouTube::@JuanGonzalez-sr8yq,YouTube,1,4,T11,75.0,T11_S1,50.0,2,3
YouTube::@JuanHAyala,YouTube,1,2,T13,50.0,T13_S4,50.0,2,2
YouTube::@JuanHernandez-lg1wk,YouTube,1,3,T12,66.7,T12_S1,33.3,2,3
YouTube::@JuanHernandez-pe7hl,YouTube,1,4,T12,75.0,T12_S4,50.0,2,3
YouTube::@JuanHerrera-m7o,YouTube,1,35,T11,60.0,T11_S3,54.3,8,11
YouTube::@JuanLopez-cq4rp,YouTube,1,6,T11,83.3,T11_S6,33.3,2,5
YouTube::@JuanMorales-qz2mg,YouTube,1,1,T12,100.0,T12_S0,100.0,1,1
YouTube::@JuanMuro-f7f,YouTube,1,0,,0.0,,0.0,0,0
YouTube::@JuanPerez-gz9ur,YouTube,1,11,T12,54.5,T12_S4,36.4,4,6
YouTube::@JuanRamirez-m2n,YouTube,1,6,T11,50.0,T12_S4,33.3,3,4
YouTube::@JuanRodriguez-gl5po,YouTube,1,4,T12,50.0,T12_S4,50.0,3,3
YouTube::@JuanRomanRiquelme-w7n,YouTube,1,2,T02,50.0,T02_S0,50.0,2,2
YouTube::@JuanSalazar-n4i,YouTube,1,1,T12,100.0,T12_S3,100.0,1,1
YouTube::@Juan_Pablo_Glez_Vengas,YouTube,1,0,,0.0,,0.0,0,0
YouTube::@JuanaPerez-d7m,YouTube,1,5,T12,60.0,T12_S1,60.0,3,3
YouTube::@Juannis401,YouTube,1,3,T09,33.3,T09_S3,33.3,3,3
YouTube::@JuanpabloTavaresfuentes,YouTube,1,1,T08,100.0,T08_S0,100.0,1,1
YouTube::@Judy-z9w,YouTube,1,8,T12,37.5,T10_S4,25.0,4,5
YouTube::@JulioFuentetaja,YouTube,1,12,T11,41.7,T11_S2,25.0,6,9
YouTube::@JulioHernandez-zs5pb,YouTube,1,0,,0.0,,0.0,0,0
YouTube::@JulioMartinez-d4m,YouTube,1,2,T12,50.0,T12_S1,50.0,2,2
YouTube::@JulioPerez-ej4bx,YouTube,1,1,T04,100.0,T04_S6,100.0,1,1
YouTube::@KKchiSensei,YouTube,1,1,T04,100.0,T04_S0,100.0,1,1
YouTube::@Kantshinx,YouTube,1,4,T12,75.0,T12_S1,50.0,2,3
YouTube::@Kar_Linux_Debian,YouTube,1,2,T12,100.0,T12_S0,50.0,1,2
YouTube::@Kenyy_64mart,YouTube,1,6,T12,66.7,T12_S4,16.7,3,6
YouTube::@KikoMan-c7u,YouTube,1,1,T01,100.0,T01_S3,100.0,1,1
YouTube::@Kim_Betinho2190,YouTube,1,1,T11,100.0,T11_S2,100.0,1,1
YouTube::@Kontrainformate,YouTube,3,3,T11,66.7,T11_S3,33.3,2,3
YouTube::@L.EdgardLara,YouTube,1,6,T12,50.0,T12_S0,33.3,3,5
YouTube::@LJACKXXI,YouTube,1,0,,0.0,,0.0,0,0
YouTube::@LOSTD34D,YouTube,1,0,,0.0,,0.0,0,0
YouTube::@LaBrujadel68,YouTube,1,8,T08,25.0,T08_S0,25.0,5,5
YouTube::@LaTesea,YouTube,1,4,T11,50.0,T11_S2,50.0,3,3
YouTube::@LaloGuzman-d2p,YouTube,1,0,,0.0,,0.0,0,0
YouTube::@Lariocantodea,YouTube,1,1,T06,100.0,T06_S2,100.0,1,1
YouTube::@Lau-zj7hs,YouTube,2,2,T12,50.0,T12_S2,50.0,2,2
YouTube::@LauraDiaz-p6d,YouTube,1,2,T12,100.0,T12_S3,50.0,1,2
YouTube::@LauraGuerrero-ec9qk,YouTube,2,5,T13,40.0,T11_S6,20.0,4,5
YouTube::@LaydaBoran,YouTube,1,2,T11,50.0,T11_S3,50.0,2,2
YouTube::@Lee.Durden,YouTube,1,1,T10,100.0,T10_S3,100.0,1,1
YouTube::@Leo-fn5dm,YouTube,1,6,T04,33.3,T04_S0,33.3,5,5
YouTube::@LeoBalc,YouTube,1,2,T06,50.0,T06_S1,50.0,2,2
YouTube::@LeonardoHernandez-rx7bk,YouTube,1,1,T11,100.0,T11_S3,100.0,1,1
YouTube::@LeoncioValdovinosSalgado,YouTube,1,1,T00,100.0,T00_S1,100.0,1,1
YouTube::@Leonidas-x6g,YouTube,1,0,,0.0,,0.0,0,0
YouTube::@Leortega-n4q,YouTube,1,5,T11,60.0,T11_S1,20.0,2,5
YouTube::@LeslieAlvarez-d2t,YouTube,1,2,T12,100.0,T12_S4,100.0,1,1
YouTube::@LeunamHughes224-01,YouTube,1,4,T11,50.0,T11_S1,50.0,3,3
YouTube::@LinkZ809,YouTube,1,2,T10,50.0,T10_S5,50.0,2,2
YouTube::@LisetRodriguezPerez-g6v,YouTube,1,2,T04,50.0,T04_S1,50.0,2,2
YouTube::@LissetteMendoza-f9s,YouTube,1,3,T12,66.7,T11_S3,33.3,2,3
YouTube::@Liz777-f9o,YouTube,1,2,T10,50.0,T10_S1,50.0,2,2
YouTube::@LloolloollMr,YouTube,2,4,T12,75.0,T12_S0,25.0,2,4
YouTube::@Lmiles11,YouTube,1,0,,0.0,,0.0,0,0
YouTube::@LorenzArabia-iy3uh,YouTube,2,6,T12,66.7,T12_S1,66.7,2,2
YouTube::@LorenzoMedina-n3y,YouTube,1,1,T12,100.0,T12_S3,100.0,1,1
YouTube::@Loyd8705,YouTube,1,1,T10,100.0,T10_S3,100.0,1,1
YouTube::@LuciaEx,YouTube,1,1,T08,100.0,T08_S0,100.0,1,1
YouTube::@Luffymugiwara,YouTube,1,0,,0.0,,0.0,0,0
YouTube::@LugianXD,YouTube,1,7,T11,42.9,T09_S0,28.6,4,5
YouTube::@Luis-v1o7j,YouTube,1,4,T02,25.0,T02_S1,25.0,4,4
YouTube::@LuisAlbertoPradoOnate,YouTube,1,1,T10,100.0,T10_S3,100.0,1,1
YouTube::@LuisAngelGarcia9982,YouTube,1,1,T11,100.0,T11_S2,100.0,1,1
YouTube::@LuisAntonioGonzálezGil666,YouTube,1,15,T12,60.0,T12_S1,33.3,5,9
YouTube::@LuisChavez-zn6ec,YouTube,1,4,T12,75.0,T12_S4,25.0,2,4
YouTube::@LuisDanielGaleana-l6g4r,YouTube,1,8,T12,50.0,T12_S0,50.0,5,5
YouTube::@LuisGarciaRangel,YouTube,1,6,T11,33.3,T11_S1,16.7,4,6
YouTube::@LuisGasca-l9c,YouTube,1,1,T12,100.0,T12_S4,100.0,1,1
YouTube::@LuisIgnacioElizaldeTovar,YouTube,1,2,T12,100.0,T12_S3,100.0,1,1
YouTube::@LuisLopez-g2g,YouTube,2,12,T11,33.3,T04_S3,16.7,5,9
YouTube::@LuisMelo-q9k,YouTube,1,3,T08,33.3,T08_S0,33.3,3,3
YouTube::@LuisOrdaz-v5h,YouTube,1,4,T04,25.0,T04_S1,25.0,4,4
YouTube::@LuisPerez-r4v4d,YouTube,1,7,T13,28.6,T12_S1,14.3,6,7
YouTube::@LuisSanchez-hm5bd,YouTube,2,11,T11,36.4,T11_S2,18.2,6,9
YouTube::@LupecoColin,YouTube,1,0,,0.0,,0.0,0,0
YouTube::@Lydiamedina-qr9ze,YouTube,1,4,T12,75.0,T12_S2,50.0,2,3
YouTube::@MA-ux6wd,YouTube,1,1,T03,100.0,T03_S1,100.0,1,1
YouTube::@MAGDALENA2114,YouTube,1,1,T12,100.0,T12_S0,100.0,1,1
YouTube::@MARGARITAFABIÁNMÉNDEZ,YouTube,1,4,T12,50.0,T12_S0,50.0,3,3
YouTube::@MARIAROMERO-tz2up,YouTube,1,7,T11,28.6,T11_S1,28.6,4,5
YouTube::@MAXXIN4,YouTube,1,2,T00,50.0,T00_S1,50.0,2,2
YouTube::@MMagalyss...,YouTube,1,5,T10,40.0,T11_S0,20.0,4,5
YouTube::@MMoreno666,YouTube,1,3,T02,33.3,T02_S0,33.3,3,3
YouTube::@MSFGpoRBdelBajío,YouTube,1,20,T10,25.0,T05_S2,10.0,10,15
YouTube::@Ma.delRefugioCastilloJuárez,YouTube,1,1,T09,100.0,,0.0,1,0
YouTube::@MadelynMartinez-d2b,YouTube,4,0,,0.0,,0.0,0,0
YouTube::@MadhaHebs,YouTube,1,0,,0.0,,0.0,0,0
YouTube::@MagdaDuran-r7l,YouTube,1,0,,0.0,,0.0,0,0
YouTube::@MaikaRuz3780,YouTube,1,1,T11,100.0,T11_S0,100.0,1,1
YouTube::@ManuelDiaz-n9s,YouTube,1,9,T11,55.6,T11_S2,22.2,3,6
YouTube::@ManuelEstebanReyesRodríguez,YouTube,1,4,T10,50.0,T04_S1,25.0,3,4
YouTube::@ManuelGomez-l5z4o,YouTube,1,5,T12,80.0,T12_S2,80.0,2,2
YouTube::@ManuelValzquez,YouTube,1,3,T14,33.3,T14_S2,33.3,3,3
YouTube::@MarFar-v4x,YouTube,1,8,T08,50.0,T08_S2,25.0,4,6
YouTube::@MarcelinoMedellín-y7p,YouTube,1,3,T11,33.3,T11_S1,33.3,3,3
YouTube::@Marco-d3s2d,YouTube,2,14,T12,35.7,T12_S1,28.6,6,9
YouTube::@Marco-xi3jc,YouTube,1,2,T11,50.0,T11_S1,50.0,2,2
YouTube::@MarcoAntonioPeralta-c6l,YouTube,3,11,T06,18.2,T12_S1,18.2,7,8
YouTube::@MarcoGarcía-j9p,YouTube,1,21,T11,33.3,T10_S4,19.0,8,13
YouTube::@Marcos-vm1bd,YouTube,1,10,T12,80.0,T12_S0,50.0,3,4
YouTube::@MarcosAntonioMoraleslopez,YouTube,1,2,T06,50.0,T06_S0,50.0,2,2
YouTube::@MarcosSmith-w6o,YouTube,1,5,T11,40.0,T11_S0,20.0,4,5
YouTube::@MariaEugeniaDavila-kk2tf,YouTube,1,2,T12,50.0,T12_S1,50.0,2,2
YouTube::@MariaInesGrijalvaCardenas,YouTube,1,8,T12,25.0,T12_S0,12.5,6,8
YouTube::@MariaJosefaValle,YouTube,1,3,T13,33.3,T13_S2,33.3,3,3
YouTube::@MariaMartinez-p3d,YouTube,1,4,T10,25.0,T10_S0,25.0,4,4
YouTube::@MariaRValenzuela-qi9to,YouTube,1,6,T11,66.7,T11_S1,33.3,3,5
YouTube::@MariadelCarmenSESIN,YouTube,1,11,T11,27.3,T11_S0,27.3,6,8
YouTube::@Mariadelosangeles-f5o1p,YouTube,1,5,T12,40.0,T10_S1,20.0,4,5
YouTube::@Mariaelena-qo9jm,YouTube,1,3,T05,66.7,T12_S2,33.3,2,3
YouTube::@Mariaelva-m1u7q,YouTube,1,0,,0.0,,0.0,0,0
YouTube::@MarianSalgado-r8y,YouTube,1,4,T08,25.0,T08_S2,25.0,4,4
YouTube::@MarianoCano-c7w,YouTube,1,0,,0.0,,0.0,0,0
YouTube::@Mario-o3m2m,YouTube,1,4,T10,50.0,T06_S2,25.0,3,4
YouTube::@MarioCervantesLopez-h1t,YouTube,1,3,T09,66.7,T09_S0,66.7,2,2
YouTube::@MarioMartinez-no1qo,YouTube,1,2,T02,50.0,T02_S1,50.0,2,2
YouTube::@MarioValadez-s1j,YouTube,2,5,T11,20.0,T11_S0,20.0,5,5
YouTube::@Mariomichoacan77,YouTube,1,2,T01,50.0,T01_S2,50.0,2,2
YouTube::@MarthaHernandez-k8h,YouTube,1,5,T08,20.0,T08_S2,20.0,5,4
YouTube::@MartinBarron-m1c,YouTube,1,10,T12,50.0,T11_S3,20.0,4,7
YouTube::@MartinDiaz-j3c,YouTube,2,9,T12,22.2,T12_S0,22.2,6,8
YouTube::@MartinLucero-o1x,YouTube,1,2,T11,50.0,T11_S0,50.0,2,2
YouTube::@MartoBernal-j2w,YouTube,1,4,T08,25.0,T08_S4,25.0,4,4
YouTube::@MarychuyPerez-o7d,YouTube,4,16,T12,43.8,T12_S2,25.0,6,9
YouTube::@MasterKernel08,YouTube,1,3,T12,100.0,T12_S2,66.7,1,1
YouTube::@MattDillon-nl6nt,YouTube,1,2,T12,50.0,T12_S0,50.0,2,2
YouTube::@MauricioHernandez-p3r8o,YouTube,1,9,T11,44.4,T12_S1,22.2,4,7
YouTube::@MauricioMartinez-p6z,YouTube,1,4,T12,75.0,T12_S1,50.0,2,3
YouTube::@MauricioQu,YouTube,2,8,T14,37.5,T05_S2,25.0,4,5
YouTube::@MeAgain-f6q,YouTube,1,8,T04,25.0,T04_S1,25.0,5,7
YouTube::@Mechas-w8k,YouTube,2,2,T09,100.0,T09_S0,100.0,1,1
YouTube::@MedinaDelCampo12,YouTube,1,1,T09,100.0,T09_S2,100.0,1,1
YouTube::@MemoNXM,YouTube,1,1,T06,100.0,T06_S2,100.0,1,1
YouTube::@Mexhoy-c9h,YouTube,1,2,T12,50.0,T12_S4,50.0,2,2
YouTube::@MichelleGianni,YouTube,1,5,T11,60.0,T11_S2,40.0,3,4
YouTube::@Miguel-y3e,YouTube,1,2,T10,100.0,T10_S4,100.0,1,1
YouTube::@MiguelAngelRoblesRamos-s9y9i,YouTube,1,0,,0.0,,0.0,0,0
YouTube::@MiguelCadenas-t9k,YouTube,1,1,T06,100.0,T06_S3,100.0,1,1
YouTube::@MiguelJuarez-g2b,YouTube,1,4,T11,50.0,T12_S4,25.0,3,4
YouTube::@MiguelMartinezMata-c5r,YouTube,1,2,T12,50.0,T12_S0,50.0,2,2
YouTube::@MiguelRodriguez-je6ct,YouTube,1,0,,0.0,,0.0,0,0
YouTube::@MiguelSanchez-br7xw,YouTube,2,11,T12,81.8,T12_S4,36.4,3,6
YouTube::@MiguelVerduzco-mz2hm,YouTube,1,1,T12,100.0,T12_S1,100.0,1,1
YouTube::@Mike-z3t6u,YouTube,1,4,T12,75.0,T12_S0,50.0,2,3
YouTube::@MikeCruzAzul7229,YouTube,1,11,T06,18.2,T10_S0,9.1,8,9
YouTube::@MikelCG91,YouTube,1,3,T14,33.3,T14_S0,33.3,3,3
YouTube::@MiltonGracia-c3d,YouTube,1,3,T11,33.3,T11_S0,33.3,3,3
YouTube::@Miri-si8ez,YouTube,1,5,T12,60.0,T09_S0,20.0,3,5
YouTube::@MisaelVargasPerez,YouTube,2,8,T11,25.0,T11_S4,12.5,6,8
YouTube::@Misterfr3sh,YouTube,1,2,T08,50.0,T08_S0,50.0,2,1
YouTube::@Miyoutubeperfil,YouTube,1,8,T12,50.0,T12_S0,37.5,5,5
YouTube::@MoisesDelgado-e5p2v,YouTube,1,5,T08,40.0,T08_S0,20.0,4,5
YouTube::@Monchis181-he3fy,YouTube,1,1,T07,100.0,T07_S4,100.0,1,1
YouTube::@MoniAlba-b7l,YouTube,1,4,T08,50.0,T12_S0,50.0,2,3
YouTube::@Moramay0000,YouTube,1,1,T11,100.0,T11_S0,100.0,1,1
YouTube::@Mordecai66Morales,YouTube,1,4,T08,50.0,T08_S1,50.0,3,3
YouTube::@Morlys23,YouTube,1,14,T11,42.9,T11_S2,21.4,8,11
YouTube::@MotorolaE40-g1w,YouTube,1,2,T11,50.0,T11_S5,50.0,2,2
YouTube::@MrLegarcia,YouTube,1,0,,0.0,,0.0,0,0
YouTube::@MrXD-b1v,YouTube,1,2,T08,50.0,T08_S0,50.0,2,2
YouTube::@Mr_Dr_Tacco,YouTube,1,3,T12,33.3,T12_S0,33.3,3,3
YouTube::@MsMariaCisneros,YouTube,2,10,T12,80.0,T12_S0,30.0,3,6
YouTube::@MustafaMont,YouTube,1,0,,0.0,,0.0,0,0
YouTube::@NIGHTKILLER05,YouTube,1,1,T12,100.0,T12_S4,100.0,1,1
YouTube::@NUNVAROV,YouTube,1,3,T07,66.7,T07_S3,33.3,2,3
YouTube::@NathanielGomez-t1k,YouTube,1,0,,0.0,,0.0,0,0
YouTube::@NelsonTellez-bk8if,YouTube,1,0,,0.0,,0.0,0,0
YouTube::@NereoHernandez-g9y,YouTube,1,5,T04,20.0,T04_S3,20.0,5,5
YouTube::@NestorRamires-w7w,YouTube,1,6,T11,33.3,T11_S1,16.7,5,6
YouTube::@NetoSanchez-r1b,YouTube,1,0,,0.0,,0.0,0,0
YouTube::@NextDate18,YouTube,1,5,T12,40.0,T04_S0,20.0,4,5
YouTube::@NicolasMendoza-k5h,YouTube,1,5,T11,60.0,T11_S1,60.0,3,3
YouTube::@Nikita-z1n7k,YouTube,1,29,T12,31.0,T12_S1,10.3,11,21
YouTube::@NonDNA-py5gr,YouTube,1,0,,0.0,,0.0,0,0
YouTube::@NormaCruz-h8k,YouTube,1,3,T11,33.3,T11_S2,33.3,3,3
YouTube::@NormaLópez-z4x5q,YouTube,1,1,T11,100.0,T11_S0,100.0,1,1
YouTube::@NorthWestlight,YouTube,1,1,T12,100.0,T12_S4,100.0,1,1
YouTube::@Nose9301,YouTube,1,0,,0.0,,0.0,0,0
YouTube::@OEDEM-PECT6201,YouTube,1,2,T09,50.0,T09_S0,50.0,2,2
YouTube::@OIRAUSA,YouTube,1,8,T00,25.0,T00_S1,25.0,6,7
YouTube::@ONAZNAMSIULESOJ,YouTube,1,1,T08,100.0,T08_S1,100.0,1,1
YouTube::@OctavioRocha-k6t,YouTube,1,6,T09,33.3,T09_S1,16.7,4,6
YouTube::@OliviaMartinez-f2n,YouTube,3,19,T11,21.1,T11_S3,15.8,9,14
YouTube::@OmarEssien-uh8sz,YouTube,1,5,T12,40.0,T02_S4,20.0,4,5
YouTube::@OmarReyes-le6nn,YouTube,1,4,T13,50.0,T13_S0,50.0,3,3
YouTube::@OrganizeResistFightBack_999,YouTube,1,6,T14,33.3,T14_S2,33.3,4,4
YouTube::@OscarEstrada-b9f,YouTube,1,2,T10,50.0,T10_S2,50.0,2,1
YouTube::@OscarGutierrez-l5j,YouTube,1,6,T10,50.0,T10_S3,33.3,4,5
YouTube::@OscarSilva-w3l,YouTube,1,6,T10,33.3,T05_S2,16.7,5,6
YouTube::@OtonielGarcia-ei7ng,YouTube,1,0,,0.0,,0.0,0,0
YouTube::@OttoAguilar-e8s,YouTube,1,0,,0.0,,0.0,0,0
YouTube::@P-Mushu,YouTube,1,1,T11,100.0,T11_S5,100.0,1,1
YouTube::@PP-p4c,YouTube,1,14,T08,21.4,T06_S0,14.3,8,10
YouTube::@PablitoGonzález-x8h,YouTube,1,1,T04,100.0,T04_S6,100.0,1,1
YouTube::@PabloKamal-m8j,YouTube,1,4,T11,25.0,T11_S3,25.0,4,4
YouTube::@PabloMartinez-zb6hk,YouTube,2,9,T04,44.4,T04_S1,22.2,5,7
YouTube::@PajaraPelicano,YouTube,1,0,,0.0,,0.0,0,0
YouTube::@PalomaExPy,YouTube,1,1,T08,100.0,T08_S0,100.0,1,1
YouTube::@PanchoRuiz-v8d,YouTube,1,11,T12,36.4,T12_S1,27.3,6,8
YouTube::@PanteraMtz,YouTube,1,5,T12,80.0,T12_S1,40.0,2,4
YouTube::@PatriciaE.Esquivel,YouTube,1,0,,0.0,,0.0,0,0
YouTube::@PaulaPaz-x7e,YouTube,1,6,T12,50.0,T12_S1,50.0,3,4
YouTube::@PaulinoMoya,YouTube,1,1,T09,100.0,T09_S0,100.0,1,1
YouTube::@PavarotyMusico,YouTube,1,1,T10,100.0,T10_S3,100.0,1,1
YouTube::@PavelDragunov-yv5dk,YouTube,1,7,T12,71.4,T12_S0,57.1,3,4
YouTube::@PedroBetancourt-r6t1g,YouTube,2,6,T04,50.0,T04_S0,50.0,3,2
YouTube::@PedroGonzalez-hw9tl,YouTube,1,8,T09,50.0,T09_S0,50.0,5,5
YouTube::@PedroMartinez-n5q4s,YouTube,1,2,T09,50.0,T09_S4,50.0,2,2
YouTube::@PedroPerez-cy8fo,YouTube,1,2,T12,50.0,T12_S4,50.0,2,2
YouTube::@PedrocasarezRuiz,YouTube,1,3,T11,66.7,T11_S4,33.3,2,3
YouTube::@PedrooMendozaa-e5g,YouTube,1,3,T12,66.7,T09_S0,33.3,2,3
YouTube::@PepeMorales8280,YouTube,1,6,T11,33.3,T08_S3,16.7,5,6
YouTube::@PepitoferdgFdg,YouTube,1,4,T12,75.0,T12_S1,50.0,2,3
YouTube::@PericoPalote2025,YouTube,1,24,T11,33.3,T02_S0,16.7,10,15
YouTube::@Piedras.663,YouTube,1,0,,0.0,,0.0,0,0
YouTube::@PoloRodriguez-t3y,YouTube,1,7,T12,42.9,T04_S6,14.3,5,7
YouTube::@PorlaRepublicaArgentina,YouTube,2,2,T04,100.0,T04_S4,100.0,1,1
YouTube::@Premyt4-r3b,YouTube,1,5,T10,40.0,T03_S4,20.0,4,5
YouTube::@Princesahermosa-c6b,YouTube,2,15,T11,26.7,T12_S1,13.3,9,14
YouTube::@Purata-fe3tl,YouTube,1,2,T12,100.0,T12_S0,50.0,1,2
YouTube::@RBnett1,YouTube,1,0,,0.0,,0.0,0,0
YouTube::@REGIASURF,YouTube,1,0,,0.0,,0.0,0,0
YouTube::@RMMR-po5xb,YouTube,1,9,T11,33.3,T02_S2,11.1,7,9
YouTube::@ROJODEMIAN,YouTube,1,2,T12,50.0,T12_S0,50.0,2,2
YouTube::@ROMANESTRADA-i8f,YouTube,2,5,T11,40.0,T07_S2,20.0,4,5
YouTube::@Rafael-wn7bf,YouTube,1,6,T12,66.7,T12_S4,33.3,2,4
YouTube::@RafaelAndradeRamirez,YouTube,1,1,T04,100.0,T04_S0,100.0,1,1
YouTube::@RafaelGil2022,YouTube,1,13,T10,23.1,T10_S1,15.4,7,10
YouTube::@RafaelMartinez-h7m,YouTube,2,3,T10,33.3,T10_S3,33.3,3,3
YouTube::@RamirezG-n7n2q,YouTube,1,5,T10,60.0,T10_S4,60.0,3,3
YouTube::@RamonLlerenas,YouTube,4,11,T12,45.5,T11_S5,18.2,4,8
YouTube::@RamónLozanovalderrabano,YouTube,1,1,T11,100.0,T11_S0,100.0,1,1
YouTube::@RanaNano-k1y,YouTube,2,17,T11,64.7,T11_S2,29.4,6,8
YouTube::@RancheroAgricola,YouTube,1,3,T11,66.7,T11_S0,33.3,2,3
YouTube::@RaulHernandez_G,YouTube,1,27,T11,22.2,T11_S1,14.8,9,18
YouTube::@RaulSandovalMartinez,YouTube,1,5,T12,60.0,T11_S0,40.0,2,3
YouTube::@RaulTianguistengo-w8g,YouTube,1,1,T11,100.0,T11_S6,100.0,1,1
YouTube::@RaulValencia-e8z,YouTube,3,14,T11,28.6,T04_S1,21.4,7,9
YouTube::@RaymundoGomez-r9x,YouTube,1,2,T01,50.0,T01_S3,50.0,2,2
YouTube::@RaúlMoralesJr,YouTube,1,1,T04,100.0,T04_S6,100.0,1,1
YouTube::@RebecaCalzada-j4c,YouTube,1,4,T11,50.0,T11_S1,50.0,3,3
YouTube::@RecuerdoInolvidable,YouTube,1,11,T12,45.5,T11_S5,18.2,5,8
YouTube::@RegionNorte-t6f,YouTube,1,2,T12,100.0,T12_S1,50.0,1,2
YouTube::@ReneVerdugo-d2q,YouTube,1,0,,0.0,,0.0,0,0
YouTube::@RenéSoto-f8m6q,YouTube,1,8,T12,75.0,T12_S2,37.5,3,5
YouTube::@Revrong-t6t,YouTube,1,2,T11,50.0,T11_S0,50.0,2,2
YouTube::@ReynaMagana-qo8mh,YouTube,1,2,T14,50.0,T14_S2,50.0,2,2
YouTube::@RgcGm-g3d,YouTube,1,1,T12,100.0,T12_S1,100.0,1,1
YouTube::@Ricardo-m7v8y,YouTube,1,8,T09,37.5,T09_S0,25.0,6,6
YouTube::@RicardoLoredo-e4p,YouTube,1,12,T12,58.3,T12_S3,58.3,4,4
YouTube::@RicardoMartinez-iy9md,YouTube,1,11,T11,45.5,T09_S0,18.2,4,9
YouTube::@RicardoRosasarias-l2d,YouTube,2,16,T11,31.2,T11_S1,31.2,7,10
YouTube::@Richmx10,YouTube,1,6,T11,50.0,T11_S1,33.3,3,5
YouTube::@RitaMariaÁvalosFlores,YouTube,1,11,T08,27.3,T08_S1,18.2,8,9
YouTube::@Rj45A-B-m1d,YouTube,1,1,T12,100.0,T12_S4,100.0,1,1
YouTube::@RobertReyesAmayaBeto,YouTube,1,3,T04,33.3,T04_S0,33.3,3,3
YouTube::@RobertoChacon-w1i,YouTube,1,3,T12,100.0,T12_S2,66.7,1,2
YouTube::@RobertoDominguezLozano,YouTube,1,1,T12,100.0,T12_S4,100.0,1,1
YouTube::@RobertoMendoza-z7l5h,YouTube,1,3,T11,33.3,T11_S1,33.3,3,3
YouTube::@RobertoRojasGarcia-g7e,YouTube,1,3,T04,33.3,T04_S0,33.3,3,3
YouTube::@Robin-1412,YouTube,1,1,T12,100.0,T12_S3,100.0,1,1
YouTube::@Rodio-fp8px,YouTube,1,4,T09,50.0,T09_S4,25.0,3,4
YouTube::@RodolfoAlfaroMartinez,YouTube,1,2,T11,50.0,T11_S3,50.0,2,2
YouTube::@RodolfoYuriko,YouTube,1,2,T08,50.0,T08_S4,50.0,2,2
YouTube::@RodrigoHernandez-h2d,YouTube,2,16,T12,31.2,T11_S1,25.0,7,12
YouTube::@RogelioValadez-b5f9h,YouTube,1,6,T12,33.3,T10_S3,16.7,5,6
YouTube::@Roger005-x9q,YouTube,1,1,T12,100.0,T12_S1,100.0,1,1
YouTube::@RoloTetsuyin,YouTube,1,4,T11,75.0,T12_S0,25.0,2,4
YouTube::@Rosa-g1r1g,YouTube,1,2,T11,50.0,T11_S3,50.0,2,2
YouTube::@RosaGonzalez-iz2jy,YouTube,1,1,T09,100.0,T09_S0,100.0,1,1
YouTube::@RosalbitaAlcantara,YouTube,1,5,T09,40.0,T06_S1,20.0,4,5
YouTube::@RosarioPerez-f8f,YouTube,1,6,T10,66.7,T10_S4,33.3,3,5
YouTube::@RosliSaenzf,YouTube,1,3,T10,33.3,T10_S0,33.3,3,3
YouTube::@RossPA-r5r,YouTube,1,2,T00,50.0,T00_S1,50.0,2,2
YouTube::@Ruben-nw8je,YouTube,1,2,T12,100.0,T12_S1,50.0,1,2
YouTube::@RubenColoradorojas-l6r,YouTube,1,1,T12,100.0,T12_S1,100.0,1,1
YouTube::@RubénZarraga-k5d,YouTube,1,7,T12,28.6,T12_S1,28.6,6,6
YouTube::@Rulas15,YouTube,1,7,T12,71.4,T12_S1,42.9,2,4
YouTube::@RuloRivera-e5f,YouTube,1,3,T12,66.7,T11_S1,33.3,2,3
YouTube::@RōRivera,YouTube,1,3,T09,33.3,T09_S0,33.3,3,3
YouTube::@SMA84,YouTube,1,1,T12,100.0,T12_S1,100.0,1,1
YouTube::@ST-ez8mk,YouTube,1,1,T12,100.0,T12_S0,100.0,1,1
YouTube::@SalvadorAnzures-r5i,YouTube,1,2,T11,100.0,T11_S0,100.0,1,1
YouTube::@SalvadorHerrera-r9p,YouTube,1,4,T09,50.0,T09_S0,50.0,2,3
YouTube::@Salvadorangelin,YouTube,1,2,T11,50.0,T11_S1,50.0,2,2
YouTube::@SamuelG-k2h,YouTube,1,16,T11,25.0,T11_S1,18.8,9,13
YouTube::@SamuelLumbreras-t2y4d,YouTube,1,1,T11,100.0,T11_S0,100.0,1,1
YouTube::@SamuelMorfin-ro5xy,YouTube,1,15,T12,40.0,T12_S0,20.0,4,11
YouTube::@Samuelrepartidor,YouTube,1,0,,0.0,,0.0,0,0
YouTube::@Sanaphre82,YouTube,1,4,T09,75.0,T09_S4,25.0,2,2
YouTube::@SandraEscobarRamos,YouTube,1,0,,0.0,,0.0,0,0
YouTube::@Sandy-59-c,YouTube,1,4,T11,50.0,T11_S3,50.0,3,3
YouTube::@SaulJimenez-hm5bx,YouTube,1,5,T11,40.0,T11_S0,40.0,4,4
YouTube::@Sebastián-q1t7r,YouTube,1,2,T12,50.0,T12_S1,50.0,2,2
YouTube::@SergioAguilar-y9l9f,YouTube,1,1,T12,100.0,T12_S0,100.0,1,1
YouTube::@SergioDiaz-r9p6r,YouTube,1,11,T11,45.5,T11_S1,27.3,5,7
YouTube::@SergioRodriguez-wf9dt,YouTube,1,3,T10,33.3,T10_S5,33.3,3,3
YouTube::@SheikYerbouti912,YouTube,1,1,T09,100.0,T09_S0,100.0,1,1
YouTube::@SilverioLeyvaluna,YouTube,1,13,T12,38.5,T11_S1,23.1,5,9
YouTube::@Silvia-nz3uh,YouTube,1,1,T07,100.0,T07_S2,100.0,1,1
YouTube::@SilviaArriaga-l9o,YouTube,1,4,T07,50.0,T11_S1,25.0,3,4
YouTube::@SilviaHernandezsanchez-vj5fp,YouTube,1,2,T11,50.0,T11_S5,50.0,2,2
YouTube::@SilviaLopezVazquez-lw3lb,YouTube,1,8,T10,25.0,T10_S4,25.0,6,7
YouTube::@Sr_Nagasaki,YouTube,1,5,T12,40.0,T12_S3,20.0,4,5
YouTube::@SuperAlexander52,YouTube,1,2,T00,50.0,T00_S1,50.0,2,2
YouTube::@TOGI19,YouTube,1,6,T11,33.3,T09_S0,16.7,5,6
YouTube::@TOMASSORIA-sb4ul,YouTube,1,2,T02,50.0,T02_S0,50.0,2,2
YouTube::@TTESTHER8117,YouTube,1,0,,0.0,,0.0,0,0
YouTube::@TeresaTalamantes-j3j,YouTube,2,20,T12,40.0,T12_S4,20.0,5,13
YouTube::@TessEstrada-xe4qp,YouTube,1,0,,0.0,,0.0,0,0
YouTube::@The-Axxtro,YouTube,1,0,,0.0,,0.0,0,0
YouTube::@TheAllenfujioka,YouTube,1,4,T11,50.0,T12_S0,25.0,3,4
YouTube::@TheEnriqueking,YouTube,2,11,T12,27.3,T12_S1,18.2,7,9
YouTube::@TheGoodMan93,YouTube,1,1,T11,100.0,T11_S3,100.0,1,1
YouTube::@TheRegulusSpica,YouTube,1,8,T11,37.5,T11_S0,12.5,5,7
YouTube::@TheYanuz,YouTube,1,0,,0.0,,0.0,0,0
YouTube::@ThinnaMooh,YouTube,1,5,T12,40.0,T06_S2,20.0,4,5
YouTube::@Tinieblas1733,YouTube,1,4,T12,75.0,T12_S2,25.0,2,4
YouTube::@Tony-s7d2w,YouTube,3,26,T12,23.1,T12_S0,19.2,9,17
YouTube::@Torresk1998,YouTube,1,1,T14,100.0,T14_S2,100.0,1,1
YouTube::@UlsRM,YouTube,1,1,T10,100.0,T10_S4,100.0,1,1
YouTube::@UrbexOdyssey,YouTube,1,2,T11,100.0,T11_S2,100.0,1,1
YouTube::@VGarcía-z4p,YouTube,1,2,T10,50.0,T10_S4,50.0,2,2
YouTube::@VICEKINGS222,YouTube,1,5,T12,40.0,T10_S3,20.0,4,5
YouTube::@VICTORMANUELESPINOSADELGAD-w1d,YouTube,1,2,T11,50.0,T11_S0,50.0,2,2
YouTube::@VIOLETARIOS-st7vb,YouTube,1,0,,0.0,,0.0,0,0
YouTube::@VaglyPGJ,YouTube,1,1,T12,100.0,T12_S1,100.0,1,1
YouTube::@ValuaTuAuto,YouTube,1,3,T12,100.0,T12_S0,66.7,1,2
YouTube::@VenturaAdrianaPortalesUrbina,YouTube,1,4,T12,75.0,T12_S4,50.0,2,3
YouTube::@Veracruzalino,YouTube,1,1,T12,100.0,T12_S3,100.0,1,1
YouTube::@VeronicaCastro-h9l,YouTube,1,1,T11,100.0,T11_S1,100.0,1,1
YouTube::@VicenteSuarez-e8h3m,YouTube,1,5,T06,40.0,T11_S0,20.0,4,5
YouTube::@VictorAceves-rn1wm,YouTube,1,1,T10,100.0,T10_S3,100.0,1,1
YouTube::@VictorDelgadodelacruz-z1d,YouTube,1,2,T04,50.0,T04_S1,50.0,2,2
YouTube::@VictorGaldos-w5j,YouTube,1,2,T06,50.0,T06_S1,50.0,2,2
YouTube::@VictorGarcia-l6m,YouTube,1,10,T12,60.0,T12_S1,30.0,3,7
YouTube::@VictorGonzalez-bm7fp,YouTube,1,4,T11,75.0,T11_S0,50.0,2,3
YouTube::@VictorManuelBravoRamirez,YouTube,1,3,T11,33.3,T11_S0,33.3,3,3
YouTube::@VictorManuelRuizEscobar,YouTube,1,0,,0.0,,0.0,0,0
YouTube::@VictorMendoza-o1q,YouTube,1,3,T11,33.3,T11_S4,33.3,3,3
YouTube::@VictorVillalobos-u3q,YouTube,1,4,T12,50.0,T12_S0,50.0,2,2
YouTube::@VictorZamorano-n3c,YouTube,1,2,T12,50.0,T12_S1,50.0,2,2
YouTube::@VictoriaMendez-mk4rb,YouTube,1,3,T08,33.3,T08_S0,33.3,3,3
YouTube::@Victormanuelarellanoramirez,YouTube,1,9,T12,55.6,T12_S5,22.2,5,7
YouTube::@VictotManuelCamacho,YouTube,1,13,T12,76.9,T12_S2,53.8,3,6
YouTube::@VidalRojas-w6t,YouTube,1,0,,0.0,,0.0,0,0
YouTube::@VirgynBlack,YouTube,2,6,T12,66.7,T12_S3,33.3,3,5
YouTube::@ViñedoFM,YouTube,1,6,T10,33.3,T10_S4,16.7,5,6
YouTube::@WagnerBarrerra,YouTube,1,3,T12,66.7,T12_S0,33.3,2,3
YouTube::@Walitocamina,YouTube,1,12,T11,50.0,T11_S3,33.3,6,8
YouTube::@WalksandSuch,YouTube,1,0,,0.0,,0.0,0,0
YouTube::@Xavizz-G,YouTube,1,3,T12,66.7,T06_S0,33.3,2,3
YouTube::@XxX-ShAdoW-XxX,YouTube,1,4,T04,50.0,T04_S6,25.0,3,4
YouTube::@YaniraValenzuela-c5n2z,YouTube,1,3,T12,66.7,T12_S2,33.3,2,3
YouTube::@Yomero011,YouTube,1,2,T12,50.0,T12_S3,50.0,2,2
YouTube::@Youtubito-gl8jf,YouTube,1,2,T11,50.0,T11_S4,50.0,2,2
YouTube::@a.a.1975,YouTube,1,2,T10,50.0,T10_S4,50.0,2,2
YouTube::@aaaaaa00001,YouTube,1,6,T12,50.0,T10_S1,33.3,3,5
YouTube::@aass2538,YouTube,1,2,T12,50.0,T12_S0,50.0,2,2
YouTube::@abadvicencio385,YouTube,1,8,T12,62.5,T12_S1,37.5,3,6
YouTube::@abga4407,YouTube,1,3,T09,33.3,T09_S4,33.3,3,3
YouTube::@abovecandy75,YouTube,1,3,T08,33.3,T08_S3,33.3,3,3
YouTube::@abracadabra13-z2u,YouTube,1,28,T12,28.6,T12_S3,17.9,9,21
YouTube::@abrahamesparza5130,YouTube,1,7,T11,42.9,T06_S0,28.6,4,5
YouTube::@adolfobravo76,YouTube,1,4,T12,75.0,T12_S3,50.0,2,3
YouTube::@adolfoginezgarcia6343,YouTube,1,0,,0.0,,0.0,0,0
YouTube::@adolfogonzalez7085,YouTube,1,3,T09,33.3,T09_S0,33.3,3,3
YouTube::@adolforuiz3114,YouTube,1,2,T09,50.0,T09_S0,50.0,2,2
YouTube::@adrianalara4344,YouTube,1,0,,0.0,,0.0,0,0
YouTube::@adrianasanchez9485,YouTube,1,1,T12,100.0,T12_S3,100.0,1,1
YouTube::@adriangonzalez8141,YouTube,1,0,,0.0,,0.0,0,0
YouTube::@agapibetyvelazquezvalassi6641,YouTube,2,14,T10,28.6,T10_S3,28.6,7,8
YouTube::@ags5941,YouTube,1,9,T09,33.3,T08_S2,33.3,5,6
YouTube::@agustinelizarraras7595,YouTube,1,3,T04,66.7,T04_S2,33.3,2,3
YouTube::@agustingonzalez1881,YouTube,1,10,T11,30.0,T13_S3,20.0,7,8
YouTube::@agustinhernandez3960,YouTube,1,8,T11,37.5,T11_S3,25.0,5,7
YouTube::@agustinhernandezsanchez2144,YouTube,1,5,T06,40.0,T06_S1,40.0,4,4
YouTube::@agustintrejo4952,YouTube,1,9,T12,55.6,T12_S1,33.3,4,5
YouTube::@agustinvillegas9086,YouTube,1,2,T08,50.0,T08_S0,50.0,2,2
YouTube::@ahidalgog1,YouTube,1,3,T10,33.3,T10_S4,33.3,3,3
YouTube::@aidaAGC,YouTube,1,3,T11,66.7,T10_S5,33.3,2,3
YouTube::@aidagamez4881,YouTube,1,0,,0.0,,0.0,0,0
YouTube::@ainhoaoficial,YouTube,1,2,T11,50.0,T11_S2,50.0,2,1
YouTube::@ajzambranomata4351,YouTube,1,16,T11,25.0,T11_S0,25.0,8,11
YouTube::@alancelaya3123,YouTube,1,2,T00,50.0,T00_S3,50.0,2,2
YouTube::@alarconsandovaldavidangel5301,YouTube,1,2,T01,50.0,T01_S1,50.0,2,2
YouTube::@albertanaprieto4279,YouTube,1,3,T10,33.3,T10_S3,33.3,3,3
YouTube::@albertoacevedo328,YouTube,1,0,,0.0,,0.0,0,0
YouTube::@albertocordero3817,YouTube,1,7,T12,28.6,T05_S2,14.3,6,7
YouTube::@albertodanielocampo5391,YouTube,1,4,T10,75.0,T10_S5,50.0,2,3
YouTube::@albertodumas7771,YouTube,1,2,T12,100.0,T12_S1,50.0,1,2
YouTube::@albertofernandezruiz2081,YouTube,1,4,T08,25.0,T08_S0,25.0,4,4
YouTube::@albertomagana6577,YouTube,1,53,T14,17.0,T14_S0,15.1,14,30
YouTube::@albertomata9975,YouTube,1,0,,0.0,,0.0,0,0
YouTube::@albertomeneses2756,YouTube,3,14,T10,35.7,T10_S4,14.3,9,13
YouTube::@albertoosorio5372,YouTube,1,4,T10,50.0,T14_S4,25.0,3,4
YouTube::@albertootero704,YouTube,1,6,T12,66.7,T12_S4,33.3,3,5
YouTube::@albertosilva5418,YouTube,1,8,T10,25.0,T10_S1,25.0,5,5
YouTube::@albertosilvacamacho1536,YouTube,1,3,T10,100.0,T10_S4,66.7,1,2
YouTube::@albertotrevisanello4242,YouTube,1,3,T12,33.3,T12_S4,33.3,3,3
YouTube::@albertovallejohernandez9453,YouTube,1,17,T12,58.8,T12_S3,17.6,7,12
YouTube::@albertovazquez750,YouTube,3,12,T10,66.7,T10_S1,25.0,5,7
YouTube::@albertoyanezmiron6242,YouTube,1,3,T10,33.3,T10_S2,33.3,3,3
YouTube::@aldocesarruelasapolonio184,YouTube,1,1,T01,100.0,T01_S0,100.0,1,1
YouTube::@aldomaster276,YouTube,1,2,T13,50.0,T13_S3,50.0,2,2
YouTube::@aldovalerio1067,YouTube,1,0,,0.0,,0.0,0,0
YouTube::@aldoventura9859,YouTube,2,0,,0.0,,0.0,0,0
YouTube::@alediaz8552,YouTube,1,2,T11,100.0,T11_S1,50.0,1,2
YouTube::@aleflou,YouTube,1,8,T12,50.0,T12_S1,37.5,5,6
YouTube::@aleida741,YouTube,1,3,T10,33.3,T10_S4,33.3,3,3
YouTube::@alejandraescalante2775,YouTube,1,2,T08,50.0,T08_S0,50.0,2,2
YouTube::@alejandraferrer6327,YouTube,1,1,T11,100.0,T11_S3,100.0,1,1
YouTube::@alejandramora950,YouTube,2,15,T12,33.3,T12_S0,13.3,7,12
YouTube::@alejandrofloresleal1962,YouTube,1,2,T11,100.0,T11_S0,50.0,1,2
YouTube::@alejandrofogle534,YouTube,1,0,,0.0,,0.0,0,0
YouTube::@alejandrojuarez1524,YouTube,1,7,T09,42.9,T09_S0,42.9,4,5
YouTube::@alejandromarquezhernandez76,YouTube,1,2,T10,50.0,T10_S5,50.0,2,2
YouTube::@alejandrovg5958,YouTube,1,5,T04,80.0,T04_S1,80.0,2,2
YouTube::@alexis5464,YouTube,1,2,T11,50.0,T11_S5,50.0,2,2
YouTube::@alexwilder1421,YouTube,1,0,,0.0,,0.0,0,0
YouTube::@alfredog5586,YouTube,1,4,T12,50.0,T12_S4,25.0,3,4
YouTube::@alfredogutierrez-r8m,YouTube,1,0,,0.0,,0.0,0,0
YouTube::@alfredolopez5380,YouTube,1,6,T11,33.3,T09_S4,16.7,5,6
YouTube::@alfredomariscal5323,YouTube,1,2,T08,50.0,T08_S4,50.0,2,2
YouTube::@alfredorodriguezmata2809,YouTube,1,5,T11,80.0,T11_S0,40.0,2,3
YouTube::@alfredosanchez5721,YouTube,1,3,T12,66.7,T12_S4,33.3,2,3
YouTube::@alggazteca,YouTube,1,8,T12,25.0,T04_S0,12.5,6,8
YouTube::@aliam67951,YouTube,1,6,T12,66.7,T12_S1,33.3,3,4
YouTube::@alicia0074,YouTube,1,28,T11,50.0,T11_S5,35.7,6,11
YouTube::@aliciacastillo9917,YouTube,1,0,,0.0,,0.0,0,0
YouTube::@aliciacruz6589,YouTube,1,3,T12,33.3,T12_S0,33.3,3,3
YouTube::@alicial331,YouTube,1,3,T12,66.7,T11_S0,33.3,2,3
YouTube::@aliciarodriguezesparza850,YouTube,1,0,,0.0,,0.0,0,0
YouTube::@aliciasanchez2264,YouTube,1,6,T12,50.0,T12_S0,33.3,4,5
YouTube::@aljandrnuno164,YouTube,1,1,T12,100.0,T12_S1,100.0,1,1
YouTube::@alkssalazar1,YouTube,1,3,T11,66.7,T01_S4,33.3,2,3
YouTube::@almagde684,YouTube,1,4,T11,50.0,T05_S3,25.0,3,4
YouTube::@almaliliagarciasaenz1322,YouTube,1,9,T08,33.3,T08_S0,33.3,4,5
YouTube::@almita1547,YouTube,1,2,T00,50.0,T00_S4,50.0,2,2
YouTube::@alonsoperez5760,YouTube,1,7,T11,57.1,T11_S3,28.6,3,4
YouTube::@alushe8083,YouTube,1,5,T10,20.0,T10_S5,20.0,5,5
YouTube::@alvarezmendez5700,YouTube,1,7,T11,42.9,T11_S0,42.9,4,5
YouTube::@alvarolopez50,YouTube,1,54,T14,22.2,T14_S4,11.1,15,29
YouTube::@alvarozermeno6203,YouTube,2,7,T11,57.1,T11_S2,57.1,3,3
YouTube::@americaleon265,YouTube,1,1,T04,100.0,T04_S3,100.0,1,1
YouTube::@amigodetodos5560,YouTube,1,3,T08,100.0,T08_S0,66.7,1,2
YouTube::@amigoide,YouTube,1,2,T04,50.0,T04_S1,50.0,2,2
YouTube::@amilcarsan,YouTube,1,4,T11,50.0,T11_S1,50.0,3,3
YouTube::@amortexano3396,YouTube,1,1,T12,100.0,T12_S4,100.0,1,1
YouTube::@anaevelyn4627,YouTube,1,22,T09,22.7,T09_S0,18.2,10,16
YouTube::@anamejia2360,YouTube,1,4,T11,75.0,T11_S3,50.0,2,3
YouTube::@anamora6431,YouTube,1,14,T08,28.6,T08_S0,28.6,5,6
YouTube::@ananikis4841,YouTube,1,0,,0.0,,0.0,0,0
YouTube::@anara-bc4wu,YouTube,1,3,T12,66.7,T09_S0,33.3,2,3
YouTube::@anavega3646,YouTube,1,1,T12,100.0,T12_S1,100.0,1,1
YouTube::@anavilla7134,YouTube,1,3,T08,33.3,T08_S0,33.3,3,3
YouTube::@andreschavezjimenez833,YouTube,1,7,T12,100.0,T12_S1,42.9,1,3
YouTube::@andresmedran6748,YouTube,1,1,T12,100.0,T12_S2,100.0,1,1
YouTube::@andrespaz8661,YouTube,1,0,,0.0,,0.0,0,0
YouTube::@andresrguez1536,YouTube,1,3,T12,100.0,T12_S1,66.7,1,2
YouTube::@andressantos3019,YouTube,2,2,T02,50.0,T02_S3,50.0,2,2
YouTube::@andrestapiamiranda,YouTube,1,8,T12,37.5,T12_S4,25.0,5,7
YouTube::@andrestellotello9291,YouTube,1,5,T12,40.0,T11_S3,20.0,4,5
YouTube::@angelaarvizu3906,YouTube,1,1,T11,100.0,T11_S1,100.0,1,1
YouTube::@angelabertran1433,YouTube,1,9,T08,33.3,T08_S2,22.2,7,8
YouTube::@angelalcantara3804,YouTube,1,1,T07,100.0,T07_S1,100.0,1,1
YouTube::@angelazzul2722,YouTube,1,0,,0.0,,0.0,0,0
YouTube::@angelestejeda158,YouTube,1,1,T11,100.0,T11_S3,100.0,1,1
YouTube::@angelhernandezalducin4254,YouTube,1,1,T11,100.0,T11_S6,100.0,1,1
YouTube::@angelicamagana5204,YouTube,1,4,T12,75.0,T12_S3,50.0,2,3
YouTube::@angelosorio9425,YouTube,1,7,T11,42.9,T11_S0,28.6,5,6
YouTube::@angelpedemonte955,YouTube,1,1,T09,100.0,T09_S2,100.0,1,1
YouTube::@angelreyesdominguez1042,YouTube,1,2,T09,50.0,T09_S1,50.0,2,2
YouTube::@angelrosales3445,YouTube,1,2,T11,50.0,T11_S2,50.0,2,2
YouTube::@angsv0,YouTube,1,4,T07,25.0,T07_S4,25.0,4,4
YouTube::@anicetoperezmunoz4399,YouTube,1,1,T12,100.0,T12_S1,100.0,1,1
YouTube::@anonimoanonimo-fi7kn,YouTube,1,3,T02,33.3,T02_S1,33.3,3,3
YouTube::@antonioguerrero-r7t,YouTube,1,2,T11,50.0,T11_S2,50.0,2,2
YouTube::@antonioguevara188,YouTube,1,5,T09,40.0,T09_S0,20.0,3,5
YouTube::@antoniomalacara9277,YouTube,1,4,T12,50.0,T12_S1,25.0,3,4
YouTube::@antoniomoreno9310,YouTube,1,4,T08,25.0,T08_S0,25.0,4,4
YouTube::@antoniorodriguezperez8236,YouTube,1,2,T09,50.0,T12_S0,50.0,2,1
YouTube::@antoniosi1847,YouTube,1,0,,0.0,,0.0,0,0
YouTube::@antuanmoto8983,YouTube,1,3,T12,66.7,T06_S0,33.3,2,3
YouTube::@anyaperal6418,YouTube,1,2,T11,100.0,T11_S0,50.0,1,2
YouTube::@anycastillo5605,YouTube,1,5,T11,60.0,T11_S1,40.0,3,4
YouTube::@aperez9602,YouTube,1,0,,0.0,,0.0,0,0
YouTube::@aquilesbaeza2191,YouTube,1,2,T10,50.0,T10_S1,50.0,2,2
YouTube::@aracelicastro2430,YouTube,1,0,,0.0,,0.0,0,0
YouTube::@arceliamazari7857,YouTube,1,3,T12,33.3,T12_S0,33.3,3,3
YouTube::@arfredlola,YouTube,1,3,T12,66.7,T12_S0,33.3,2,3
YouTube::@armadashoptube7326,YouTube,1,15,T11,46.7,T11_S0,26.7,7,11
YouTube::@armadosarmiento2753,YouTube,1,2,T12,50.0,T12_S0,50.0,2,2
YouTube::@armando5w1518,YouTube,1,5,T11,60.0,T11_S1,60.0,2,2
YouTube::@armandog.montelongo2511,YouTube,1,3,T03,33.3,T03_S1,33.3,3,3
YouTube::@armandogutierrezmontero5934,YouTube,1,12,T12,83.3,T12_S4,75.0,3,4
YouTube::@armandojimenez9656,YouTube,1,3,T04,33.3,T04_S6,33.3,3,3
YouTube::@armandomagallanperez4085,YouTube,1,2,T12,50.0,T12_S0,50.0,2,2
YouTube::@armandomagana,YouTube,1,0,,0.0,,0.0,0,0
YouTube::@armandonunez5709,YouTube,1,0,,0.0,,0.0,0,0
YouTube::@armandonuno3392,YouTube,1,6,T12,33.3,T10_S3,33.3,4,5
YouTube::@armandoreyes4915,YouTube,1,4,T12,75.0,T11_S1,25.0,2,4
YouTube::@armandosaldana9675,YouTube,1,0,,0.0,,0.0,0,0
YouTube::@armandosandovalbarrera3795,YouTube,1,2,T11,100.0,T11_S1,50.0,1,2
YouTube::@arnulfoalfonso7683,YouTube,1,2,T12,100.0,T12_S0,100.0,1,1
YouTube::@arnulfolopezdelao6067,YouTube,1,1,T11,100.0,T11_S4,100.0,1,1
YouTube::@arturitoazlevraabda,YouTube,2,6,T10,66.7,T11_S1,33.3,2,4
YouTube::@arturocastillo4190,YouTube,1,6,T12,50.0,T04_S0,16.7,3,6
YouTube::@arturogarcia9177,YouTube,1,6,T12,66.7,T12_S2,50.0,2,3
YouTube::@arturomartinez3705,YouTube,1,3,T11,100.0,T11_S4,100.0,1,1
YouTube::@arturoramirezserrano-e7p,YouTube,1,0,,0.0,,0.0,0,0
YouTube::@arturovelasco25,YouTube,1,1,T11,100.0,T11_S1,100.0,1,1
YouTube::@astrabelboreal8303,YouTube,1,4,T04,25.0,T04_S2,25.0,4,4
YouTube::@atihery,YouTube,1,5,T12,40.0,T09_S0,20.0,4,5
YouTube::@atyla62,YouTube,1,3,T08,33.3,T08_S0,33.3,3,3
YouTube::@audenmar117,YouTube,1,11,T09,45.5,T09_S4,18.2,6,10
YouTube::@augustopalma,YouTube,1,3,T10,33.3,T10_S4,33.3,3,3
YouTube::@aureogutierrez1759,YouTube,1,2,T04,50.0,T04_S0,50.0,2,2
YouTube::@auroralacunzadelacruz3529,YouTube,1,5,T12,60.0,T12_S1,40.0,3,4
YouTube::@aurorapereasarabia306,YouTube,2,24,T12,50.0,T12_S1,16.7,7,15
YouTube::@aury8522,YouTube,1,3,T11,33.3,T11_S0,33.3,3,3
YouTube::@ausencioalvarado5386,YouTube,1,4,T11,50.0,T11_S0,50.0,3,3
YouTube::@auto1543,YouTube,1,1,T13,100.0,T13_S2,100.0,1,1
YouTube::@autoklassmx,YouTube,1,4,T12,75.0,T12_S0,50.0,2,3
YouTube::@aviz9053,YouTube,1,2,T04,50.0,T04_S1,50.0,2,2
YouTube::@avodaint,YouTube,1,2,T12,100.0,T12_S3,50.0,1,2
YouTube::@azucena-asmr,YouTube,1,9,T11,22.2,T04_S2,22.2,7,8
YouTube::@azucenasanbis5732,YouTube,3,2,T08,100.0,T08_S1,50.0,1,2
YouTube::@bartolomevillegas9295,YouTube,1,1,T10,100.0,T10_S3,100.0,1,1
YouTube::@bau9452,YouTube,1,2,T04,50.0,T04_S3,50.0,2,2
YouTube::@bayronjoelcastillosotelo9688,YouTube,1,1,T10,100.0,T10_S1,100.0,1,1
YouTube::@beatrizaliciaruizramirez2178,YouTube,1,0,,0.0,,0.0,0,0
YouTube::@beforeyou4281,YouTube,1,1,T12,100.0,T12_S1,100.0,1,1
YouTube::@beldavazquez3834,YouTube,1,2,T11,50.0,T11_S0,50.0,2,2
YouTube::@belikedvm,YouTube,1,5,T10,60.0,T10_S4,40.0,3,4
YouTube::@belladivina1494,YouTube,1,5,T00,40.0,T00_S1,40.0,3,3
YouTube::@benildeSencion,YouTube,1,3,T11,66.7,T11_S1,66.7,2,2
YouTube::@benjaminlomeliperez8469,YouTube,1,12,T11,66.7,T11_S1,41.7,3,4
YouTube::@bernardogil9415,YouTube,1,3,T04,33.3,T04_S0,33.3,3,3
YouTube::@bernardogrobeisenweingersz9768,YouTube,1,8,T04,37.5,T04_S0,37.5,5,6
YouTube::@bernardonaranjo3286,YouTube,1,1,T11,100.0,T11_S3,100.0,1,1
YouTube::@berthaangelicaavalosaguila4856,YouTube,1,3,T11,66.7,T11_S3,33.3,2,3
YouTube::@berthavelasco3707,YouTube,1,6,T11,66.7,T11_S1,66.7,2,3
YouTube::@bertinsantos7528,YouTube,1,11,T11,36.4,T11_S3,27.3,6,9
YouTube::@betogama6942,YouTube,1,0,,0.0,,0.0,0,0
YouTube::@billyjoel9977,YouTube,1,3,T11,66.7,T11_S4,66.7,2,2
YouTube::@bipfer,YouTube,1,1,T08,100.0,T08_S0,100.0,1,1
YouTube::@blacknight3862,YouTube,1,1,T12,100.0,T12_S4,100.0,1,1
YouTube::@blancaalgarin3545,YouTube,1,5,T04,40.0,T04_S3,20.0,3,5
YouTube::@blancadeltororuiz5872,YouTube,1,3,T12,66.7,T12_S2,33.3,2,3
YouTube::@blancagonzalez9768,YouTube,1,0,,0.0,,0.0,0,0
YouTube::@blancalandazuri2128,YouTube,1,8,T04,25.0,T09_S0,12.5,6,8
YouTube::@blancaludivinaperedaurrea1056,YouTube,1,2,T06,50.0,T06_S0,50.0,2,2
YouTube::@blitzkrieg456,YouTube,1,2,T11,50.0,T11_S0,50.0,2,2
YouTube::@bluedoc007,YouTube,1,6,T10,66.7,T10_S4,50.0,3,4
YouTube::@bonniecachita,YouTube,1,1,T12,100.0,T12_S3,100.0,1,1
YouTube::@bouerod27,YouTube,1,1,T11,100.0,T11_S5,100.0,1,1
YouTube::@brattpitt887,YouTube,1,2,T12,100.0,T12_S0,100.0,1,1
YouTube::@brayanlopez841,YouTube,1,8,T12,37.5,T12_S4,37.5,4,6
YouTube::@breadwater71,YouTube,2,4,T11,75.0,T11_S0,75.0,2,2
YouTube::@brilletsalgado9632,YouTube,1,2,T10,50.0,T10_S1,50.0,2,2
YouTube::@buho1975,YouTube,1,2,T12,50.0,T12_S1,50.0,2,2
YouTube::@bulmaromorales5564,YouTube,1,11,T11,36.4,T10_S4,18.2,5,10
YouTube::@cachipum,YouTube,1,11,T08,27.3,T11_S3,18.2,6,9
YouTube::@caesarspresleyl.3539,YouTube,1,1,T11,100.0,T11_S3,100.0,1,1
YouTube::@cahuates-l2x,YouTube,1,1,T12,100.0,T12_S4,100.0,1,1
YouTube::@camaleopardo22,YouTube,1,1,T11,100.0,T11_S0,100.0,1,1
YouTube::@camarilloguzman1290,YouTube,1,1,T01,100.0,T01_S0,100.0,1,1
YouTube::@camegomez6018,YouTube,1,0,,0.0,,0.0,0,0
YouTube::@camiloa1663,YouTube,1,8,T12,50.0,T12_S4,25.0,4,7
YouTube::@candidaperalta6827,YouTube,1,6,T07,50.0,T07_S1,33.3,4,5
YouTube::@canelofeliz9211,YouTube,1,2,T09,50.0,T09_S1,50.0,2,2
YouTube::@caricaturaz,YouTube,1,3,T12,100.0,T12_S4,100.0,1,1
YouTube::@carlosLopez-og4lj,YouTube,1,2,T10,50.0,T10_S2,50.0,2,2
YouTube::@carlosbermejo8692,YouTube,1,2,T01,50.0,T01_S3,50.0,2,2
YouTube::@carloscabrera758,YouTube,1,2,T00,50.0,T00_S1,50.0,2,2
YouTube::@carlosgonzalez6002,YouTube,1,3,T14,33.3,T14_S0,33.3,3,3
YouTube::@carloslopez-gn2kn,YouTube,1,2,T12,50.0,T12_S4,50.0,2,2
YouTube::@carlosmejia2267,YouTube,1,1,T04,100.0,T04_S0,100.0,1,1
YouTube::@carlosmontero5399,YouTube,1,2,T08,50.0,T08_S0,50.0,2,2
YouTube::@carlosmoreno6215,YouTube,1,0,,0.0,,0.0,0,0
YouTube::@carlosnegrete4171,YouTube,2,2,T11,100.0,T11_S2,100.0,1,1
YouTube::@carlososorio3439,YouTube,1,3,T12,66.7,T12_S0,66.7,2,2
YouTube::@carlosr5985,YouTube,1,5,T11,60.0,T11_S1,20.0,3,5
YouTube::@carlosrodriguez5951,YouTube,1,6,T12,50.0,T11_S0,16.7,3,6
YouTube::@carlossandoval8069,YouTube,1,1,T11,100.0,T11_S2,100.0,1,1
YouTube::@carloszapata8813,YouTube,1,2,T06,50.0,T06_S0,50.0,2,2
YouTube::@carmenalvarado5052,YouTube,1,14,T12,50.0,T12_S0,28.6,6,11
YouTube::@carmendelrosariov.b8159,YouTube,1,3,T11,33.3,T11_S0,33.3,3,3
YouTube::@carmenpatriciacondefierro8387,YouTube,3,2,T06,100.0,T06_S2,50.0,1,2
YouTube::@carmenr1753,YouTube,2,15,T11,40.0,T11_S3,26.7,8,10
YouTube::@carmenruz5011,YouTube,1,6,T12,33.3,T12_S1,16.7,5,6
YouTube::@carolinahernandez3737,YouTube,1,1,T14,100.0,T14_S3,100.0,1,1
YouTube::@ceasartorres2222,YouTube,1,2,T09,50.0,T09_S0,50.0,2,2
YouTube::@ceciliaespinosaanguiano9812,YouTube,1,6,T12,33.3,T12_S4,33.3,5,5
YouTube::@ceciliagomez4583,YouTube,1,4,T11,50.0,T11_S6,25.0,3,4
YouTube::@ceciliogarcia5384,YouTube,1,3,T10,66.7,T10_S4,66.7,2,2
YouTube::@cesarcesar7497,YouTube,1,1,T09,100.0,T09_S0,100.0,1,1
YouTube::@cesarleyva4091,YouTube,1,2,T11,100.0,T11_S1,100.0,1,1
YouTube::@cesarmoreno7093,YouTube,1,5,T12,40.0,T09_S0,20.0,4,5
YouTube::@cesarsalazar5932,YouTube,1,12,T12,50.0,T11_S3,25.0,5,8
YouTube::@cesgs,YouTube,1,2,T10,50.0,T10_S2,50.0,2,2
YouTube::@chachomordaz7431,YouTube,1,2,T11,50.0,T11_S0,50.0,2,2
YouTube::@charlylopx5697,YouTube,1,1,T11,100.0,T11_S2,100.0,1,1
YouTube::@charrocanrol1,YouTube,1,51,T12,33.3,T12_S3,7.8,12,29
YouTube::@chayitochomi3933,YouTube,1,20,T11,30.0,T06_S2,15.0,9,14
YouTube::@chelameza9261,YouTube,1,0,,0.0,,0.0,0,0
YouTube::@chilangoson,YouTube,1,8,T10,25.0,T00_S1,12.5,7,8
YouTube::@chilapon-f1z,YouTube,1,4,T12,50.0,T12_S3,25.0,2,4
YouTube::@chirimpihuila,YouTube,1,6,T12,66.7,T12_S4,33.3,3,4
YouTube::@choix1983,YouTube,1,4,T12,25.0,T12_S3,25.0,4,4
YouTube::@chrissalazar8209,YouTube,2,12,T12,50.0,T12_S3,25.0,7,9
YouTube::@christian_hv,YouTube,2,4,T11,75.0,T11_S1,50.0,2,3
YouTube::@chuychavez5718,YouTube,1,0,,0.0,,0.0,0,0
YouTube::@cirilo.perezhernandez3935,YouTube,1,6,T04,33.3,T09_S4,16.7,5,6
YouTube::@claraauroralopezmoreno6723,YouTube,1,0,,0.0,,0.0,0,0
YouTube::@claritalove177,YouTube,1,0,,0.0,,0.0,0,0
YouTube::@claudia7605,YouTube,1,6,T12,50.0,T12_S0,50.0,4,4
YouTube::@claudiaceciliasotohernande1556,YouTube,1,0,,0.0,,0.0,0,0
YouTube::@claudiafliegen.3910,YouTube,1,5,T12,80.0,T12_S3,40.0,2,3
YouTube::@claudiaoliviasepulvedaarel4670,YouTube,1,2,T11,100.0,T11_S1,50.0,1,2
YouTube::@clonerpoetah,YouTube,1,3,T11,33.3,T11_S0,33.3,3,3
YouTube::@conejozombiee,YouTube,1,8,T10,37.5,T09_S0,12.5,4,8
YouTube::@contraluziridiscente421,YouTube,1,3,T04,33.3,T04_S1,33.3,3,3
YouTube::@cookiesguevara3355,YouTube,1,6,T12,66.7,T12_S0,33.3,3,5
YouTube::@crazyman-in5my,YouTube,1,1,T03,100.0,T03_S4,100.0,1,1
YouTube::@crespo-r8x,YouTube,2,3,T04,33.3,T04_S0,33.3,3,3
YouTube::@crikodev,YouTube,1,0,,0.0,,0.0,0,0
YouTube::@cristiansanchez3787,YouTube,1,2,T12,50.0,T12_S0,50.0,2,2
YouTube::@cvilla6664,YouTube,1,3,T12,66.7,T06_S1,33.3,2,3
YouTube::@cybergus18,YouTube,1,1,T12,100.0,T12_S2,100.0,1,1
YouTube::@dalia6672,YouTube,1,1,T11,100.0,T11_S3,100.0,1,1
YouTube::@dalilan5338,YouTube,1,5,T12,80.0,T12_S2,60.0,2,3
YouTube::@damianjimenez8114,YouTube,1,5,T12,60.0,T11_S1,20.0,3,4
YouTube::@danieladairgonzalez2780,YouTube,1,19,T12,36.8,T12_S0,36.8,7,8
YouTube::@danielakedelrio1962,YouTube,1,8,T10,37.5,T10_S5,25.0,6,7
YouTube::@danielcarrillosaenz286,YouTube,1,1,T12,100.0,T12_S5,100.0,1,1
YouTube::@danielhernandez-hm7ey,YouTube,1,1,T11,100.0,T11_S5,100.0,1,1
YouTube::@daniellopez8072,YouTube,1,4,T02,25.0,T02_S0,25.0,4,4
YouTube::@danielmeza130,YouTube,1,18,T11,22.2,T11_S0,22.2,7,9
YouTube::@danielramosviana7451,YouTube,1,0,,0.0,,0.0,0,0
YouTube::@danielsaavedra7969,YouTube,1,4,T11,50.0,T11_S5,25.0,3,4
YouTube::@dannymart-hyld6130,YouTube,1,5,T12,60.0,T12_S1,40.0,3,4
YouTube::@dannyrob4722,YouTube,1,2,T02,100.0,T02_S2,50.0,1,2
YouTube::@dansolc,YouTube,1,8,T11,25.0,T12_S3,12.5,7,8
YouTube::@dantecontreras9821,YouTube,1,5,T11,40.0,T11_S1,20.0,4,4
YouTube::@danteg3950,YouTube,1,2,T11,50.0,T11_S0,50.0,2,2
YouTube::@dantelozano8380,YouTube,1,8,T04,37.5,T09_S0,25.0,4,5
YouTube::@dariocruz-g8j,YouTube,1,0,,0.0,,0.0,0,0
YouTube::@david.B.C.835,YouTube,1,6,T11,50.0,T11_S2,16.7,4,6
YouTube::@davidalcantara9195,YouTube,1,9,T11,33.3,T11_S0,22.2,5,7
YouTube::@davidandres9728,YouTube,4,6,T11,50.0,T11_S5,33.3,4,5
YouTube::@davidarteaga2241,YouTube,1,0,,0.0,,0.0,0,0
YouTube::@davidcastro2398,YouTube,1,4,T12,50.0,T11_S0,25.0,3,4
YouTube::@davidgpaulino9294,YouTube,1,3,T10,100.0,T10_S4,33.3,1,3
YouTube::@davidiracheta111,YouTube,1,3,T05,33.3,T05_S1,33.3,3,3
YouTube::@davidsalamanca-d5m,YouTube,1,2,T11,50.0,T11_S1,50.0,2,2
YouTube::@davidvaldezaraoz7740,YouTube,1,9,T10,44.4,T10_S4,33.3,5,6
YouTube::@delfinoluchopelay8781,YouTube,1,4,T11,25.0,T11_S0,25.0,4,4
YouTube::@deliacardenasaguilar78,YouTube,1,0,,0.0,,0.0,0,0
YouTube::@deliagarcia5060,YouTube,1,8,T12,25.0,T11_S3,12.5,7,8
YouTube::@delzysanchez8311,YouTube,1,5,T11,60.0,T11_S1,20.0,2,5
YouTube::@demetriohernandez1999,YouTube,1,30,T12,30.0,T12_S2,20.0,10,18
YouTube::@demianschladitz8600,YouTube,1,4,T12,25.0,T12_S0,25.0,4,4
YouTube::@denguario,YouTube,1,0,,0.0,,0.0,0,0
YouTube::@denrupe,YouTube,1,4,T11,25.0,T11_S5,25.0,4,4
YouTube::@desilos2628,YouTube,1,22,T10,27.3,T10_S5,18.2,8,16
YouTube::@detectivegoma,YouTube,1,3,T12,100.0,T12_S4,66.7,1,2
YouTube::@deuteriumx5076,YouTube,1,2,T06,50.0,T06_S1,50.0,2,2
YouTube::@dianaleal4107,YouTube,1,0,,0.0,,0.0,0,0
YouTube::@dianamendezbello5015,YouTube,1,5,T11,60.0,T11_S5,20.0,3,5
YouTube::@diegoalbertomartinez7784,YouTube,2,3,T11,33.3,T11_S0,33.3,3,3
YouTube::@diegomartinezz8795,YouTube,1,1,T12,100.0,T12_S0,100.0,1,1
YouTube::@diegomedina1174,YouTube,2,2,T12,100.0,T12_S2,100.0,1,1
YouTube::@dinorahsalinas8599,YouTube,1,1,T04,100.0,T04_S0,100.0,1,1
YouTube::@docmontejo8585,YouTube,1,6,T12,66.7,T12_S0,66.7,3,3
YouTube::@donquijotedelamancha538,YouTube,1,10,T11,30.0,T08_S0,10.0,8,10
YouTube::@doomedspacemarine5076,YouTube,1,4,T11,50.0,T11_S3,50.0,3,3
YouTube::@dorayneyuleykarodriguezher2906,YouTube,1,11,T11,27.3,T11_S0,9.1,8,11
YouTube::@dorisdiaz9779,YouTube,2,6,T11,50.0,T11_S2,50.0,3,4
YouTube::@drangorojo4907,YouTube,1,4,T11,75.0,T11_S0,25.0,2,4
YouTube::@dtorresnj,YouTube,1,1,T11,100.0,T11_S5,100.0,1,1
YouTube::@dust-hf5ps,YouTube,1,1,T10,100.0,T10_S3,100.0,1,1
YouTube::@dzamora7871,YouTube,1,1,T12,100.0,T12_S3,100.0,1,1
YouTube::@eberardorodriguez8198,YouTube,1,12,T11,25.0,T09_S0,8.3,9,12
YouTube::@ecanocpa,YouTube,1,3,T12,66.7,T12_S1,33.3,2,3
YouTube::@ecardosof,YouTube,1,1,T11,100.0,T11_S1,100.0,1,1
YouTube::@echaleverbo.tellez6415,YouTube,1,5,T11,20.0,T11_S1,20.0,5,5
YouTube::@edainhernandez1053,YouTube,1,4,T12,50.0,T09_S0,25.0,3,4
YouTube::@edergonzalez8350,YouTube,1,1,T11,100.0,T11_S3,100.0,1,1
YouTube::@edermart7,YouTube,1,3,T12,66.7,T12_S0,66.7,2,2
YouTube::@edgarcorona3317,YouTube,1,0,,0.0,,0.0,0,0
YouTube::@edgarto5633,YouTube,1,5,T09,20.0,T09_S0,20.0,5,5
YouTube::@editharizmendi159,YouTube,1,6,T07,33.3,T07_S2,33.3,5,5
YouTube::@edmaes7450,YouTube,1,10,T11,30.0,T11_S4,30.0,6,7
YouTube::@ednamarcelagonzalez9636,YouTube,1,7,T11,42.9,T11_S1,28.6,3,5
YouTube::@edsonaguileralugo2085,YouTube,1,4,T10,100.0,T10_S4,100.0,1,1
YouTube::@eduardoantonioballesterosc8476,YouTube,1,47,T11,36.2,T11_S1,14.9,13,26
YouTube::@eduardobravofonseca3109,YouTube,1,4,T05,25.0,T05_S1,25.0,4,4
YouTube::@eduardocarrascocamacho6405,YouTube,1,4,T12,75.0,T12_S0,75.0,2,2
YouTube::@eduardoe-o8g,YouTube,1,0,,0.0,,0.0,0,0
YouTube::@eduardofernandez9893,YouTube,2,5,T10,20.0,T10_S1,20.0,5,5
YouTube::@eduardofortuno9888,YouTube,1,1,T12,100.0,T12_S0,100.0,1,1
YouTube::@eduardomontielbarrientos1317,YouTube,2,3,T11,33.3,T11_S5,33.3,3,3
YouTube::@eduardoolvera8985,YouTube,1,4,T09,50.0,T09_S0,50.0,3,3
YouTube::@eduardoortegagarcia3169,YouTube,1,2,T13,50.0,T13_S4,50.0,2,2
YouTube::@eduardoruizvillegas289,YouTube,1,8,T10,37.5,T10_S3,25.0,6,7
YouTube::@eduardosegura8149,YouTube,1,2,T12,100.0,T12_S1,50.0,1,2
YouTube::@edy1947,YouTube,1,1,T10,100.0,T10_S2,100.0,1,1
YouTube::@efrainhernandez765,YouTube,1,8,T12,62.5,T12_S5,25.0,4,7
YouTube::@efrainsalazar186,YouTube,1,6,T12,50.0,T11_S5,16.7,3,6
YouTube::@efrainvalencia2024,YouTube,1,2,T12,50.0,T12_S3,50.0,2,2
YouTube::@efren120,YouTube,1,1,T12,100.0,T12_S0,100.0,1,1
YouTube::@eiguajardo,YouTube,1,5,T09,20.0,T09_S0,20.0,5,5
YouTube::@elamotorista8776,YouTube,1,0,,0.0,,0.0,0,0
YouTube::@elcentinelamexica,YouTube,1,2,T11,50.0,T11_S0,50.0,2,2
YouTube::@elcjotas3199,YouTube,1,3,T05,66.7,T06_S1,33.3,2,3
YouTube::@eleazardanielmartinez4972,YouTube,1,3,T12,33.3,T12_S0,33.3,3,3
YouTube::@elenaalaniz1796,YouTube,1,7,T12,42.9,T11_S4,28.6,3,6
YouTube::@elenakam8457,YouTube,2,7,T08,28.6,T08_S1,14.3,6,6
YouTube::@elgutx,YouTube,1,7,T10,28.6,T10_S2,14.3,5,7
YouTube::@eliasvazquez77,YouTube,3,6,T11,33.3,T12_S0,33.3,4,5
YouTube::@eliezer4422,YouTube,1,2,T08,100.0,T08_S0,50.0,1,2
YouTube::@eliseogonzalezortega5018,YouTube,1,8,T12,37.5,T12_S0,12.5,4,8
YouTube::@elizabethvega6379,YouTube,1,7,T12,57.1,T12_S4,42.9,3,5
YouTube::@elizabethvillegas6843,YouTube,1,3,T11,33.3,T11_S0,33.3,3,3
YouTube::@elizeldatorres5002,YouTube,1,4,T04,75.0,T04_S1,75.0,2,2
YouTube::@elperrochistoso1,YouTube,1,0,,0.0,,0.0,0,0
YouTube::@elsoldado9997,YouTube,2,2,T03,50.0,T03_S1,50.0,2,2
YouTube::@eltecolotebarrera2091,YouTube,1,0,,0.0,,0.0,0,0
YouTube::@elterribleabraham3333,YouTube,1,0,,0.0,,0.0,0,0
YouTube::@eltiobrayan5011,YouTube,1,8,T01,25.0,T01_S2,12.5,6,8
YouTube::@elviramelendez2618,YouTube,1,6,T09,16.7,T09_S0,16.7,6,6
YouTube::@emigdioluisgarciaaguilar2738,YouTube,1,2,T06,50.0,T06_S1,50.0,2,2
YouTube::@emiliokinghjjjmartinez2321,YouTube,1,13,T11,30.8,T12_S1,23.1,7,9
YouTube::@emilo7295,YouTube,1,0,,0.0,,0.0,0,0
YouTube::@emmanuelag2583,YouTube,1,1,T09,100.0,T09_S0,100.0,1,1
YouTube::@enrique6730,YouTube,1,11,T11,45.5,T11_S1,36.4,5,7
YouTube::@enriquedelvillar1089,YouTube,1,7,T12,42.9,T10_S1,28.6,4,6
YouTube::@enriqueestrada6042,YouTube,1,1,T04,100.0,T04_S1,100.0,1,1
YouTube::@enriqueg6060,YouTube,1,7,T12,71.4,T12_S1,42.9,3,4
YouTube::@enriquegomez7288,YouTube,1,3,T06,66.7,T06_S2,66.7,2,2
YouTube::@enriqueherrera1806,YouTube,1,5,T12,20.0,T12_S0,20.0,5,5
YouTube::@enriquemendozamendoza493,YouTube,1,0,,0.0,,0.0,0,0
YouTube::@enriquepalomares2307,YouTube,1,1,T12,100.0,T12_S0,100.0,1,1
YouTube::@enriquereyna8840,YouTube,1,6,T08,16.7,T08_S0,16.7,6,6
YouTube::@enriquerodriguez2265,YouTube,1,1,T12,100.0,T12_S4,100.0,1,1
YouTube::@enry0772,YouTube,1,2,T12,100.0,T12_S3,50.0,1,2
YouTube::@ericg.2039,YouTube,1,4,T12,50.0,T12_S1,25.0,3,4
YouTube::@erickbetanzos7359,YouTube,1,5,T06,40.0,T06_S2,40.0,4,4
YouTube::@erickbustamante3163,YouTube,1,9,T12,44.4,T10_S4,11.1,6,9
YouTube::@erickcruzflores,YouTube,1,1,T06,100.0,T06_S1,100.0,1,1
YouTube::@erikaromero7911,YouTube,1,0,,0.0,,0.0,0,0
YouTube::@ernestoarmandoordonezlopez4235,YouTube,1,0,,0.0,,0.0,0,0
YouTube::@ernestogaxiola5901,YouTube,2,2,T11,100.0,T11_S4,50.0,1,2
YouTube::@erveylopez9518,YouTube,1,7,T09,42.9,T09_S0,28.6,5,5
YouTube::@eryl1535,YouTube,1,8,T09,25.0,T08_S2,25.0,6,7
YouTube::@espedeleon151,YouTube,1,5,T11,40.0,T10_S3,20.0,3,5
YouTube::@esperanzaserrano,YouTube,1,7,T10,42.9,T10_S5,42.9,4,5
YouTube::@estebancitofifi2776,YouTube,1,11,T12,36.4,T12_S3,9.1,7,11
YouTube::@estebanmorales7824,YouTube,1,0,,0.0,,0.0,0,0
YouTube::@estebansonvj6439,YouTube,1,2,T12,50.0,T12_S3,50.0,2,2
YouTube::@estelavillarreal-ue3iy,YouTube,1,2,T08,50.0,T08_S0,50.0,2,2
YouTube::@estrellamadelaluzlabastida8873,YouTube,1,2,T12,50.0,T12_S1,50.0,2,2
YouTube::@eugenialuisa6772,YouTube,1,2,T00,50.0,T00_S1,50.0,2,2
YouTube::@eugeniasaldana8714,YouTube,1,5,T05,40.0,T04_S1,20.0,4,5
YouTube::@evangelinaarriaga5530,YouTube,1,1,T12,100.0,T12_S2,100.0,1,1
YouTube::@eveliadelgado5803,YouTube,1,6,T07,50.0,T07_S4,50.0,4,4
YouTube::@evelynsauceda3325,YouTube,1,25,T11,36.0,T11_S0,20.0,11,17
YouTube::@ezequielvazquez5179,YouTube,1,2,T11,100.0,T11_S3,100.0,1,1
YouTube::@facepotato5288,YouTube,1,0,,0.0,,0.0,0,0
YouTube::@falconmor2218,YouTube,1,6,T10,16.7,T10_S4,16.7,6,6
YouTube::@fanyborger4883,YouTube,1,4,T11,50.0,T11_S1,50.0,2,3
YouTube::@fbpliegorrivero8869,YouTube,1,3,T12,100.0,T12_S2,66.7,1,2
YouTube::@fcorivasll,YouTube,1,9,T11,33.3,T11_S1,22.2,7,7
YouTube::@federicoguzman3929,YouTube,1,9,T02,22.2,T01_S3,22.2,7,8
YouTube::@felipecoria2024,YouTube,1,10,T10,30.0,T10_S4,20.0,7,9
YouTube::@felipegasca5719,YouTube,2,7,T12,57.1,T12_S0,28.6,4,6
YouTube::@feliperangelmacias7804,YouTube,1,2,T12,50.0,T12_S3,50.0,2,2
YouTube::@felixsantiago3311,YouTube,1,4,T12,50.0,T12_S0,50.0,3,3
YouTube::@felixvelazquez7212,YouTube,1,6,T11,50.0,T11_S1,50.0,2,3
YouTube::@ferchoa,YouTube,1,0,,0.0,,0.0,0,0
YouTube::@ferimart,YouTube,1,31,T01,19.4,T13_S2,9.7,14,20
YouTube::@fernandoadrianramirezzaval4601,YouTube,1,5,T01,40.0,T01_S0,40.0,4,4
YouTube::@fernandocarrera3992,YouTube,1,1,T09,100.0,T09_S0,100.0,1,1
YouTube::@fernandochavarria5235,YouTube,1,4,T12,75.0,T12_S2,25.0,2,4
YouTube::@fernandoduarte2936,YouTube,1,2,T12,50.0,T12_S0,50.0,2,2
YouTube::@fernandomendoza4978,YouTube,1,6,T12,50.0,T12_S0,50.0,3,4
YouTube::@fernandoquezasa9650,YouTube,1,2,T10,50.0,T10_S3,50.0,2,2
YouTube::@fernandosanchez7863,YouTube,1,1,T09,100.0,,0.0,1,0
YouTube::@fernandosantamaria2331,YouTube,1,4,T10,50.0,T10_S5,50.0,3,3
YouTube::@ferperez4564,YouTube,1,1,T12,100.0,T12_S1,100.0,1,1
YouTube::@ferrarusupremeworks8048,YouTube,1,7,T12,42.9,T12_S0,42.9,4,5
YouTube::@fidelgomez1842,YouTube,1,3,T11,66.7,T11_S3,33.3,2,3
YouTube::@fidenciomoralesh8819,YouTube,3,42,T12,38.1,T04_S1,21.4,7,17
YouTube::@filibertojuarez9275,YouTube,1,16,T11,37.5,T11_S3,18.8,5,9
YouTube::@fillgreyreyes7725,YouTube,1,13,T12,38.5,T10_S4,7.7,8,12
YouTube::@fj4105,YouTube,1,1,T10,100.0,T10_S3,100.0,1,1
YouTube::@fledowlopez4606,YouTube,1,0,,0.0,,0.0,0,0
YouTube::@florencioriosbarahona5531,YouTube,1,2,T12,50.0,T12_S0,50.0,2,2
YouTube::@franciscoaguilar8026,YouTube,1,2,T03,50.0,T03_S1,50.0,2,2
YouTube::@franciscoburguete9959,YouTube,1,1,T00,100.0,T00_S4,100.0,1,1
YouTube::@franciscocardona5505,YouTube,1,14,T12,42.9,T12_S2,21.4,7,12
YouTube::@franciscoguerrero1293,YouTube,1,1,T12,100.0,T12_S3,100.0,1,1
YouTube::@franciscojavierbarrongomez7995,YouTube,1,9,T12,77.8,T12_S1,33.3,3,5
YouTube::@franciscojaviergonzalezpad676,YouTube,1,12,T12,75.0,T12_S2,50.0,3,6
YouTube::@franciscojaviergutierrezgu7196,YouTube,1,14,T08,28.6,T08_S0,21.4,8,10
YouTube::@franciscojaviermendivilapo9914,YouTube,1,3,T11,33.3,T11_S0,33.3,3,3
YouTube::@franciscojavierruizmorales-f7e,YouTube,1,1,T12,100.0,T12_S1,100.0,1,1
YouTube::@franciscomendoza3269,YouTube,1,11,T12,27.3,T12_S0,27.3,8,9
YouTube::@franciscomercell543,YouTube,1,8,T12,50.0,T12_S0,25.0,5,7
YouTube::@franciscopena5935,YouTube,1,2,T13,50.0,T13_S0,50.0,2,2
YouTube::@franciscoramos9085,YouTube,1,3,T10,66.7,T09_S1,33.3,2,3
YouTube::@franciscovaldes8865,YouTube,1,3,T12,66.7,T12_S0,66.7,2,2
YouTube::@francisctellez6969,YouTube,1,2,T12,100.0,T12_S0,100.0,1,1
YouTube::@frankimuva3857,YouTube,1,1,T11,100.0,T11_S5,100.0,1,1
YouTube::@franknose4771,YouTube,1,2,T10,50.0,T10_S4,50.0,2,2
YouTube::@frediespinosa7643,YouTube,1,1,T10,100.0,T10_S2,100.0,1,1
YouTube::@fredygutierrez7737,YouTube,1,8,T12,62.5,T12_S4,37.5,3,5
YouTube::@fulangator,YouTube,1,5,T03,40.0,T03_S1,40.0,4,4
YouTube::@g0lemmx727,YouTube,1,7,T13,28.6,T13_S4,14.3,6,7
YouTube::@gabobarber1619,YouTube,1,1,T11,100.0,T11_S0,100.0,1,1
YouTube::@gabrielaAlcántara-v3i,YouTube,1,10,T08,50.0,T08_S2,50.0,6,6
YouTube::@gabrielaballesteros-m2m,YouTube,2,2,T10,50.0,T10_S1,50.0,2,2
YouTube::@gabrielacontreras2640,YouTube,1,5,T06,40.0,T09_S0,20.0,4,4
YouTube::@gabrielapuentedeffour7098,YouTube,1,7,T12,28.6,T12_S3,14.3,6,7
YouTube::@gabrielfranco8893,YouTube,1,9,T10,44.4,T10_S4,44.4,4,5
YouTube::@gabriellopezdan,YouTube,1,2,T10,50.0,T10_S2,50.0,2,2
YouTube::@gabrielparedes3457,YouTube,1,2,T12,100.0,T12_S0,100.0,1,1
YouTube::@gabyolmeda8756,YouTube,1,18,T09,33.3,T11_S4,16.7,9,13
YouTube::@gallyalvarez4814,YouTube,1,7,T12,42.9,T12_S2,28.6,5,6
YouTube::@garliclasagna,YouTube,1,1,T09,100.0,T09_S0,100.0,1,1
YouTube::@gatitos5-9,YouTube,1,4,T12,25.0,T12_S2,25.0,4,4
YouTube::@georgenavas645,YouTube,1,12,T11,25.0,T11_S2,25.0,8,9
YouTube::@georgeo.v4217,YouTube,1,3,T12,66.7,T12_S2,66.7,2,2
YouTube::@georginaofelializamavazque6030,YouTube,1,3,T08,100.0,T08_S1,66.7,1,2
YouTube::@geraelprincipeencantadocar4820,YouTube,1,5,T12,40.0,T12_S0,20.0,3,5
YouTube::@geramorales1561,YouTube,1,13,T02,23.1,T02_S3,23.1,7,9
YouTube::@gerardoamadorluna6663,YouTube,1,7,T12,57.1,T12_S3,42.9,4,5
YouTube::@gerardofranco5372,YouTube,2,7,T12,57.1,T12_S0,28.6,3,6
YouTube::@gerardogarcia509,YouTube,1,5,T12,80.0,T12_S1,60.0,2,3
YouTube::@gerardomoreno4674,YouTube,1,1,T12,100.0,T12_S2,100.0,1,1
YouTube::@germanomana4040,YouTube,3,16,T12,50.0,T12_S0,43.8,5,8
YouTube::@geronimoborgeszapata6273,YouTube,1,1,T10,100.0,T10_S1,100.0,1,1
YouTube::@gigo24betmej,YouTube,1,15,T11,53.3,T11_S1,20.0,6,10
YouTube::@gigos76,YouTube,2,7,T11,28.6,T04_S0,28.6,5,6
YouTube::@gilbertogarcia5127,YouTube,1,6,T10,50.0,T10_S5,33.3,3,5
YouTube::@gilbertolenon9866,YouTube,1,4,T11,50.0,T11_S1,25.0,3,4
YouTube::@gilbertosalas1591,YouTube,1,3,T09,33.3,T09_S0,33.3,3,3
YouTube::@giorgiokings8275,YouTube,1,7,T12,71.4,T12_S4,28.6,3,4
YouTube::@gladisibarra,YouTube,1,0,,0.0,,0.0,0,0
YouTube::@gloriaestherbricenoalcaraz3593,YouTube,1,7,T12,42.9,T12_S1,28.6,5,6
YouTube::@gloriarosales6860,YouTube,1,0,,0.0,,0.0,0,0
YouTube::@gonzaloarvietti7189,YouTube,1,1,T12,100.0,T12_S2,100.0,1,1
YouTube::@gonzalomartinez8327,YouTube,1,1,T03,100.0,T03_S4,100.0,1,1
YouTube::@goyogerrero2558,YouTube,1,2,T06,50.0,T06_S2,50.0,2,2
YouTube::@graamae,YouTube,1,27,T09,25.9,T09_S4,22.2,10,18
YouTube::@gracielamora2894,YouTube,1,1,T12,100.0,T12_S1,100.0,1,1
YouTube::@gracielaperezsanchez3262,YouTube,3,7,T09,28.6,T12_S3,14.3,6,7
YouTube::@gracielasantiago3234,YouTube,1,7,T09,14.3,T09_S0,14.3,7,7
YouTube::@grayfoxd4,YouTube,1,2,T12,50.0,T12_S2,50.0,2,2
YouTube::@gregoriolopez1670,YouTube,1,1,T09,100.0,T09_S0,100.0,1,1
YouTube::@gregoriotejero933,YouTube,1,5,T08,40.0,T08_S0,40.0,3,3
YouTube::@greldaiselachavezvelez7549,YouTube,1,5,T12,60.0,T12_S2,40.0,2,3
YouTube::@gsierra1050,YouTube,1,3,T12,33.3,T12_S0,33.3,3,3
YouTube::@guadalupeduran526,YouTube,1,3,T05,33.3,T05_S1,33.3,3,3
YouTube::@guadalupeizaguirre9777,YouTube,1,1,T10,100.0,T10_S4,100.0,1,1
YouTube::@guhcsor7304,YouTube,1,2,T04,50.0,T04_S4,50.0,2,2
YouTube::@guillehoyos3027,YouTube,1,3,T12,33.3,T12_S4,33.3,3,3
YouTube::@guillerios3734,YouTube,1,0,,0.0,,0.0,0,0
YouTube::@guillerminahernandez9501,YouTube,1,3,T04,33.3,T04_S0,33.3,3,3
YouTube::@gustavoTrace,YouTube,1,2,T08,50.0,T08_S2,50.0,2,2
YouTube::@gustavobalpitt1973,YouTube,1,10,T11,50.0,T11_S1,30.0,5,8
YouTube::@gustavodelacruz5358,YouTube,1,2,T11,50.0,T11_S4,50.0,2,2
YouTube::@gustavogonzalez2506,YouTube,1,3,T11,66.7,T12_S4,33.3,2,3
YouTube::@gustavohernandezbustos947,YouTube,1,14,T12,57.1,T12_S4,21.4,6,8
YouTube::@gustavomontes7393,YouTube,1,1,T12,100.0,T12_S0,100.0,1,1
YouTube::@hadaza0510-s4m,YouTube,1,1,T11,100.0,T11_S2,100.0,1,1
YouTube::@haku8530,YouTube,1,1,T08,100.0,T08_S2,100.0,1,1
YouTube::@hanseinenlong9827,YouTube,1,2,T12,50.0,T12_S1,50.0,2,2
YouTube::@hardyhardtimez3536,YouTube,1,13,T12,30.8,T01_S3,15.4,8,11
YouTube::@hazloquetienes,YouTube,1,0,,0.0,,0.0,0,0
YouTube::@hcxtr55,YouTube,2,10,T12,50.0,T12_S4,30.0,4,5
YouTube::@hdz474,YouTube,1,6,T14,33.3,T14_S2,33.3,4,4
YouTube::@heclara5219,YouTube,1,4,T06,25.0,T11_S0,25.0,4,3
YouTube::@hectoramparan1589,YouTube,1,1,T02,100.0,T02_S3,100.0,1,1
YouTube::@hectorbruno6980,YouTube,2,3,T11,33.3,T11_S2,33.3,3,3
YouTube::@hectorjavierverasteguibara5181,YouTube,1,62,T10,19.4,T10_S4,11.3,13,28
YouTube::@hectorlara5080,YouTube,1,2,T02,50.0,T02_S0,50.0,2,2
YouTube::@hectormorales5974,YouTube,1,0,,0.0,,0.0,0,0
YouTube::@hectorplascenciaramirez5588,YouTube,1,0,,0.0,,0.0,0,0
YouTube::@hectorramirez2114,YouTube,1,5,T11,40.0,T11_S0,20.0,4,5
YouTube::@heisenbergtherigatonisdad4041,YouTube,6,69,T12,68.1,T12_S4,40.6,9,16
YouTube::@helenleija9177,YouTube,1,2,T09,50.0,T09_S0,50.0,2,2
YouTube::@henbmst9,YouTube,1,3,T11,66.7,T10_S2,33.3,2,3
YouTube::@hermelindahernandez4913,YouTube,1,3,T11,66.7,T11_S1,66.7,2,2
YouTube::@hermilocortes3875,YouTube,2,24,T11,37.5,T11_S1,29.2,8,11
YouTube::@hettory179,YouTube,1,3,T11,33.3,T11_S0,33.3,3,3
YouTube::@hilariofuentes1120,YouTube,1,0,,0.0,,0.0,0,0
YouTube::@hildalozoya4263,YouTube,1,3,T12,66.7,T12_S3,33.3,2,3
YouTube::@hildazamarron6410,YouTube,1,5,T12,40.0,T09_S0,20.0,4,5
YouTube::@hmbertogalloso5814,YouTube,1,4,T13,25.0,T13_S2,25.0,4,4
YouTube::@homeroramos6956,YouTube,1,1,T01,100.0,T01_S2,100.0,1,1
YouTube::@horaciolopez2577,YouTube,1,6,T11,33.3,T12_S0,16.7,4,6
YouTube::@horacioperezbanuet4264,YouTube,1,1,T12,100.0,T12_S4,100.0,1,1
YouTube::@huarachudo47,YouTube,1,4,T11,50.0,T11_S0,25.0,3,4
YouTube::@hugomacario4464,YouTube,1,6,T10,50.0,T04_S3,16.7,4,6
YouTube::@hugomendoza2254,YouTube,1,2,T09,50.0,T09_S0,50.0,2,2
YouTube::@hugoposo6242,YouTube,1,7,T12,71.4,T12_S3,28.6,3,6
YouTube::@hugovanegas9200,YouTube,1,0,,0.0,,0.0,0,0
YouTube::@huhiaz2009,YouTube,1,1,T08,100.0,T08_S0,100.0,1,1
YouTube::@humbertomarquezperez3554,YouTube,1,0,,0.0,,0.0,0,0
YouTube::@idayrperez4573,YouTube,1,16,T10,37.5,T11_S4,12.5,8,14
YouTube::@ignacioquiroz4178,YouTube,1,1,T02,100.0,T02_S1,100.0,1,1
YouTube::@ildaveliaibarrasaldana3102,YouTube,1,0,,0.0,,0.0,0,0
YouTube::@ilepor8770,YouTube,1,0,,0.0,,0.0,0,0
YouTube::@imeldamaguadalupevaldezest3373,YouTube,1,7,T11,57.1,T11_S1,42.9,4,5
YouTube::@imeldamontalvo5847,YouTube,1,11,T09,36.4,T04_S1,9.1,6,11
YouTube::@incognita1505,YouTube,1,6,T11,33.3,T10_S2,16.7,5,6
YouTube::@inescalle3269,YouTube,1,2,T06,50.0,T06_S3,50.0,2,2
YouTube::@ing.miguelangeloronavaltie1322,YouTube,1,0,,0.0,,0.0,0,0
YouTube::@irisbocardo6903,YouTube,1,0,,0.0,,0.0,0,0
YouTube::@irmae7232,YouTube,1,3,T11,100.0,T11_S1,33.3,1,3
YouTube::@irmasanchez2676,YouTube,1,4,T11,50.0,T11_S6,25.0,3,4
YouTube::@isabelyruela273,YouTube,1,8,T11,37.5,T11_S2,25.0,4,6
YouTube::@isachavez7126,YouTube,1,4,T08,50.0,T08_S1,50.0,3,3
YouTube::@isainsolorzano5763,YouTube,1,1,T04,100.0,T04_S0,100.0,1,1
YouTube::@ishmtnz150,YouTube,1,7,T12,28.6,T12_S3,14.3,5,7
YouTube::@isidroriveraolvera2004,YouTube,1,2,T10,100.0,T10_S4,100.0,1,1
YouTube::@isisb.1768,YouTube,1,7,T12,42.9,T08_S0,14.3,5,7
YouTube::@iskazola5457,YouTube,1,0,,0.0,,0.0,0,0
YouTube::@ismaelgarciagarcia9333,YouTube,1,2,T04,50.0,T04_S1,50.0,2,2
YouTube::@ismaelperez-zm3uq,YouTube,1,16,T11,37.5,T11_S0,12.5,6,12
YouTube::@ismaelsolis-d1b,YouTube,1,1,T10,100.0,T10_S5,100.0,1,1
YouTube::@isramac41605,YouTube,1,7,T11,42.9,T11_S1,42.9,4,4
YouTube::@ivan-gigi,YouTube,1,2,T12,50.0,T12_S1,50.0,2,2
YouTube::@ivan0oze886,YouTube,1,0,,0.0,,0.0,0,0
YouTube::@ivanevelioolivaresbarboza4825,YouTube,1,2,T04,50.0,T04_S1,50.0,2,2
YouTube::@ivanflores2670,YouTube,1,1,T12,100.0,T12_S2,100.0,1,1
YouTube::@ivani182skato,YouTube,1,19,T11,42.1,T11_S0,15.8,5,10
YouTube::@ivanperes1211,YouTube,1,4,T09,25.0,T09_S0,25.0,4,4
YouTube::@ivonnerosario9815,YouTube,1,7,T12,28.6,T02_S1,14.3,5,7
YouTube::@izzzua,YouTube,1,1,T11,100.0,T11_S4,100.0,1,1
YouTube::@j.c.espindola5747,YouTube,1,0,,0.0,,0.0,0,0
YouTube::@j.m.castilla7150,YouTube,1,4,T10,25.0,T10_S5,25.0,4,4
YouTube::@j.m.zavalaramos7575,YouTube,1,2,T11,50.0,T11_S0,50.0,2,2
YouTube::@jV-nd6cq,YouTube,1,3,T11,33.3,T11_S0,33.3,3,3
YouTube::@jacoboisraellarasanchez7434,YouTube,1,3,T11,66.7,T11_S1,33.3,2,3
YouTube::@jacobotrejo9919,YouTube,1,4,T11,50.0,T11_S1,50.0,3,3
YouTube::@jacquelinesotoarias7426,YouTube,1,21,T12,33.3,T12_S1,23.8,7,10
YouTube::@jaellc3453,YouTube,1,0,,0.0,,0.0,0,0
YouTube::@jaimealvarezdelgado9873,YouTube,1,4,T11,50.0,T10_S4,25.0,3,4
YouTube::@jaimediaz5040,YouTube,1,2,T10,50.0,T10_S1,50.0,2,2
YouTube::@jaimelarroyo7743,YouTube,1,4,T12,75.0,T12_S1,50.0,2,3
YouTube::@jaimemorales4100,YouTube,1,1,T05,100.0,T05_S1,100.0,1,1
YouTube::@jamder719,YouTube,1,1,T11,100.0,T11_S6,100.0,1,1
YouTube::@jasa-z7r,YouTube,2,7,T11,42.9,T11_S0,28.6,4,5
YouTube::@jassielrolandorodriguez293,YouTube,1,1,T04,100.0,T04_S1,100.0,1,1
YouTube::@javiera-75,YouTube,1,5,T03,20.0,T03_S1,20.0,5,5
YouTube::@javierballeza138,YouTube,1,2,T06,50.0,T06_S0,50.0,2,2
YouTube::@javierchumacero2127,YouTube,3,11,T04,27.3,T08_S2,27.3,6,8
YouTube::@javiergomez3716,YouTube,1,2,T13,100.0,T13_S0,50.0,1,2
YouTube::@javierlozajaramillo936,YouTube,1,5,T04,40.0,T10_S3,20.0,4,5
YouTube::@javierplonedacuevas7934,YouTube,1,2,T11,50.0,T11_S3,50.0,2,2
YouTube::@javierramirezhernandez322,YouTube,1,3,T11,66.7,T11_S0,66.7,2,2
YouTube::@jazzcasarrubias17,YouTube,1,6,T11,50.0,T11_S1,16.7,4,5
YouTube::@jenn7821,YouTube,1,2,T10,50.0,T10_S3,50.0,2,2
YouTube::@jeronimomonteroenriquez8380,YouTube,1,1,T11,100.0,T11_S4,100.0,1,1
YouTube::@jessyrobles9444,YouTube,1,0,,0.0,,0.0,0,0
YouTube::@jesusalvarez4741,YouTube,1,13,T14,23.1,T01_S3,15.4,9,11
YouTube::@jesusbrauliolimacoello4578,YouTube,1,5,T10,40.0,T10_S1,40.0,4,4
YouTube::@jesuscampos6717,YouTube,1,2,T05,50.0,T05_S2,50.0,2,2
YouTube::@jesusderafaellopezperez8437,YouTube,1,6,T02,33.3,T02_S0,33.3,4,5
YouTube::@jesusfierro5425,YouTube,3,8,T12,50.0,T12_S1,37.5,5,6
YouTube::@jesusgalanvera9405,YouTube,1,0,,0.0,,0.0,0,0
YouTube::@jesusgarciaflores6554,YouTube,2,5,T12,20.0,T12_S0,20.0,5,5
YouTube::@jesusgarzon7095,YouTube,1,6,T11,50.0,T05_S2,16.7,4,6
YouTube::@jesusgonzalezvalle7432,YouTube,1,1,T11,100.0,T11_S5,100.0,1,1
YouTube::@jesusjlizarde3705,YouTube,1,1,T09,100.0,T09_S2,100.0,1,1
YouTube::@jesuslirafranco7264,YouTube,1,2,T09,50.0,T09_S0,50.0,2,2
YouTube::@jesusmoralescruz6062,YouTube,1,5,T12,80.0,T12_S2,80.0,2,2
YouTube::@jesusp9279,YouTube,1,2,T11,50.0,T11_S0,50.0,2,2
YouTube::@jesusrodriguez7524,YouTube,1,1,T05,100.0,T05_S2,100.0,1,1
YouTube::@jesussalvadoraguilar6135,YouTube,1,1,T08,100.0,T08_S3,100.0,1,1
YouTube::@jesusvega3509,YouTube,1,3,T11,66.7,T11_S0,66.7,2,2
YouTube::@jesusvillalobos2204,YouTube,1,6,T09,16.7,T09_S2,16.7,6,6
YouTube::@jhondelgado5501,YouTube,1,1,T10,100.0,T10_S3,100.0,1,1
YouTube::@jhonnbyron5772,YouTube,1,1,T12,100.0,T12_S4,100.0,1,1
YouTube::@jibrandgonzaleztinoco2278,YouTube,1,1,T04,100.0,T04_S1,100.0,1,1
YouTube::@jkarlosmz,YouTube,1,0,,0.0,,0.0,0,0
YouTube::@jlukarreal3010,YouTube,1,1,T03,100.0,T03_S1,100.0,1,1
YouTube::@joaquingonzales8279,YouTube,1,8,T12,87.5,T12_S5,25.0,2,6
YouTube::@joaquinnavassilva57,YouTube,1,11,T12,63.6,T12_S0,27.3,5,9
YouTube::@joelalejandrosanchezurzua7332,YouTube,1,1,T10,100.0,T10_S5,100.0,1,1
YouTube::@joelbaizabal2765,YouTube,1,3,T12,66.7,T09_S0,33.3,2,3
YouTube::@joelricoacosta9845,YouTube,1,1,T10,100.0,T10_S1,100.0,1,1
YouTube::@joemarz2264,YouTube,1,4,T12,75.0,T12_S3,25.0,2,4
YouTube::@jonascodes,YouTube,1,1,T04,100.0,T04_S1,100.0,1,1
YouTube::@jonathanalexisgordillo2887,YouTube,1,0,,0.0,,0.0,0,0
YouTube::@jonathanjacobotrejoruelas1259,YouTube,1,5,T09,20.0,T09_S0,20.0,5,5
YouTube::@jonathanquinones2437,YouTube,1,2,T08,100.0,T08_S0,100.0,1,1
YouTube::@jonathanvargas5628,YouTube,1,5,T11,60.0,T11_S3,40.0,3,4
YouTube::@jorgea6694,YouTube,1,0,,0.0,,0.0,0,0
YouTube::@jorgealcantara1942,YouTube,1,2,T10,50.0,T10_S2,50.0,2,2
YouTube::@jorgebra7823,YouTube,1,1,T09,100.0,T09_S0,100.0,1,1
YouTube::@jorgeclemente9163,YouTube,1,19,T11,26.3,T02_S0,10.5,10,15
YouTube::@jorgecorteslopez3628,YouTube,1,1,T12,100.0,T12_S3,100.0,1,1
YouTube::@jorgedersdepanian8891,YouTube,2,1,T12,100.0,T12_S1,100.0,1,1
YouTube::@jorgeflores281,YouTube,1,0,,0.0,,0.0,0,0
YouTube::@jorgegomez7497,YouTube,1,3,T11,66.7,T11_S5,66.7,2,2
YouTube::@jorgegutierrez2681,YouTube,1,3,T09,66.7,T09_S0,66.7,2,2
YouTube::@jorgegutierreztrueba2636,YouTube,1,4,T11,25.0,T11_S3,25.0,4,4
YouTube::@jorgeibanez886,YouTube,1,3,T12,66.7,T10_S1,33.3,2,3
YouTube::@jorgejuarez8335,YouTube,1,1,T03,100.0,T03_S4,100.0,1,1
YouTube::@jorgel.delarosav.3901,YouTube,1,2,T04,50.0,T04_S0,50.0,2,2
YouTube::@jorgelazcano1621,YouTube,1,3,T11,100.0,T11_S0,66.7,1,2
YouTube::@jorgeluismuybuenoelvideope810,YouTube,1,5,T12,40.0,T12_S1,20.0,3,5
YouTube::@jorgemeza218,YouTube,1,20,T04,20.0,T04_S0,20.0,9,12
YouTube::@jorgenavaventura8223,YouTube,1,4,T13,25.0,T13_S5,25.0,4,4
YouTube::@jorgeovando6844,YouTube,1,10,T12,30.0,T12_S0,20.0,6,8
YouTube::@jorgepool6519,YouTube,1,0,,0.0,,0.0,0,0
YouTube::@jorgesilver3694,YouTube,1,1,T02,100.0,T02_S1,100.0,1,1
YouTube::@jorgeurbina5533,YouTube,1,4,T12,50.0,T11_S4,25.0,3,4
YouTube::@jorxe33,YouTube,1,4,T11,50.0,T11_S3,25.0,3,4
YouTube::@josealexismartinezmejia8305,YouTube,1,0,,0.0,,0.0,0,0
YouTube::@josealfredohoraciomoralesc1596,YouTube,1,4,T12,50.0,T11_S0,25.0,3,4
YouTube::@joseangelalvarezfragoso2523,YouTube,1,3,T12,33.3,T12_S1,33.3,3,3
YouTube::@joseantonioantoniogomez,YouTube,1,1,T09,100.0,T09_S0,100.0,1,1
YouTube::@josearredondosanchez4717,YouTube,1,1,T05,100.0,T05_S1,100.0,1,1
YouTube::@josebalanzategui6130,YouTube,1,7,T12,28.6,T11_S1,28.6,5,6
YouTube::@josecalebnoticiasmundiales,YouTube,1,17,T12,17.6,T07_S4,17.6,8,14
YouTube::@josedavidmelladoazotlla3901,YouTube,1,0,,0.0,,0.0,0,0
YouTube::@josedejesustorresmunoz588,YouTube,1,2,T01,50.0,T01_S0,50.0,2,2
YouTube::@josedejesustovarnavarro9137,YouTube,1,5,T04,40.0,T04_S2,40.0,3,3
YouTube::@joseeduardoespinosaperez6347,YouTube,1,3,T09,66.7,T12_S0,33.3,2,3
YouTube::@joseeulaliomartinezvergara5956,YouTube,1,6,T11,66.7,T11_S1,50.0,2,4
YouTube::@josefinadorantes8051,YouTube,1,2,T12,100.0,T12_S3,50.0,1,2
YouTube::@josefinamorales9177,YouTube,1,9,T09,44.4,T09_S0,33.3,4,6
YouTube::@joseiberramirezsanchez5705,YouTube,1,5,T11,40.0,T11_S1,40.0,4,4
YouTube::@josejesusluna2695,YouTube,1,8,T12,25.0,T11_S0,12.5,7,8
YouTube::@joselima6752,YouTube,1,1,T11,100.0,T11_S3,100.0,1,1
YouTube::@joseluisarenas6944,YouTube,1,1,T14,100.0,T14_S2,100.0,1,1
YouTube::@joseluisayala1962,YouTube,2,3,T08,66.7,T08_S0,33.3,2,3
YouTube::@joseluisbenitezlarios,YouTube,1,10,T12,40.0,T12_S0,20.0,6,8
YouTube::@joseluisbernal8606,YouTube,1,5,T12,60.0,T11_S3,40.0,2,3
YouTube::@joseluiscuriel2592,YouTube,1,6,T11,66.7,T11_S0,50.0,3,4
YouTube::@joseluisgonzalez1616,YouTube,1,3,T12,100.0,T12_S0,66.7,1,2
YouTube::@joseluisgutierrez1228,YouTube,1,4,T12,25.0,T12_S0,25.0,4,4
YouTube::@joseluisgutierrezpineda9631,YouTube,1,7,T12,57.1,T12_S1,42.9,4,5
YouTube::@joseluismaganapavon6138,YouTube,1,18,T10,44.4,T10_S4,22.2,4,7
YouTube::@joseluismejia9645,YouTube,1,8,T11,37.5,T11_S1,37.5,5,5
YouTube::@joseluismorrismontalvo3562,YouTube,1,7,T12,71.4,T12_S4,28.6,3,6
YouTube::@joseluisorduna4171,YouTube,1,4,T12,75.0,T12_S1,25.0,2,4
YouTube::@joseluisreyes3127,YouTube,1,7,T11,28.6,T11_S5,28.6,6,6
YouTube::@josemanuellopezramos4684,YouTube,1,6,T04,50.0,T04_S3,33.3,4,5
YouTube::@josemendoza-ws3tl,YouTube,1,2,T12,50.0,T12_S4,50.0,2,2
YouTube::@josemigueldominguez5413,YouTube,1,1,T02,100.0,T02_S1,100.0,1,1
YouTube::@josemora128,YouTube,1,4,T11,50.0,T11_S5,25.0,3,4
YouTube::@josemorales-b9i1d,YouTube,1,1,T12,100.0,T12_S0,100.0,1,1
YouTube::@josemortem2964,YouTube,1,4,T10,50.0,T11_S5,50.0,2,3
YouTube::@joseosorno6957,YouTube,1,3,T08,33.3,T08_S2,33.3,3,3
YouTube::@josepenaurbina,YouTube,1,2,T12,50.0,T12_S2,50.0,2,1
YouTube::@joserivera1016,YouTube,1,1,T12,100.0,T12_S3,100.0,1,1
YouTube::@joserodrigueztrejo7730,YouTube,1,0,,0.0,,0.0,0,0
YouTube::@joseroquegonzalez1719,YouTube,1,3,T10,66.7,T11_S3,33.3,2,3
YouTube::@joseruiz3923,YouTube,1,2,T07,50.0,T07_S2,50.0,2,2
YouTube::@juan-franciscoherrera-soli507,YouTube,1,4,T12,100.0,T12_S0,25.0,1,4
YouTube::@juanalbertosilvaferreyra5080,YouTube,1,1,T11,100.0,T11_S4,100.0,1,1
YouTube::@juanangeles5227,YouTube,1,6,T12,33.3,T07_S4,16.7,5,6
YouTube::@juanangelrodriguezmartinez879,YouTube,1,1,T09,100.0,T09_S0,100.0,1,1
YouTube::@juanantonionunezhierrezuel8807,YouTube,1,11,T11,36.4,T11_S2,18.2,5,9
YouTube::@juanavila6229,YouTube,1,1,T11,100.0,T11_S0,100.0,1,1
YouTube::@juancalcazar9105,YouTube,1,3,T04,66.7,T04_S0,66.7,2,2
YouTube::@juancarlosangelguerra9183,YouTube,1,0,,0.0,,0.0,0,0
YouTube::@juancarlosfloreslopez5357,YouTube,1,0,,0.0,,0.0,0,0
YouTube::@juancarlosgarcia8637,YouTube,1,5,T01,40.0,T01_S0,40.0,4,4
YouTube::@juancarloslataban4564,YouTube,1,0,,0.0,,0.0,0,0
YouTube::@juancarlosreyes4936,YouTube,1,12,T03,16.7,T03_S2,16.7,7,9
YouTube::@juancarlossanchez2792,YouTube,1,0,,0.0,,0.0,0,0
YouTube::@juancarlosxr3053,YouTube,1,4,T12,50.0,T12_S5,50.0,3,3
YouTube::@juancorrea7229,YouTube,1,1,T00,100.0,T00_S1,100.0,1,1
YouTube::@juaneduardoguillenlopez,YouTube,1,8,T11,37.5,T03_S1,12.5,6,8
YouTube::@juanfigueroa9762,YouTube,1,4,T09,50.0,T09_S2,50.0,3,3
YouTube::@juanfregoso7878,YouTube,1,3,T11,66.7,T12_S1,33.3,2,3
YouTube::@juang..r.5670,YouTube,1,2,T08,50.0,T08_S0,50.0,2,2
YouTube::@juanisraelbastarmagana9963,YouTube,1,2,T12,50.0,T12_S1,50.0,2,2
YouTube::@juanitapadilla880,YouTube,1,6,T04,33.3,T11_S4,16.7,5,6
YouTube::@juanitoelzombie,YouTube,1,4,T12,75.0,T12_S0,25.0,2,4
YouTube::@juanjesuscortesgaribay8737,YouTube,1,9,T11,44.4,T11_S2,22.2,5,7
YouTube::@juanjor182,YouTube,1,17,T10,29.4,T10_S4,17.6,7,11
YouTube::@juanjosegomezlucio816,YouTube,1,4,T11,75.0,T11_S6,75.0,2,2
YouTube::@juanjosemaganacorrea4975,YouTube,1,2,T11,50.0,T11_S2,50.0,2,2
YouTube::@juanjoseminavalera2540,YouTube,1,3,T04,33.3,T04_S0,33.3,3,3
YouTube::@juanjoyo7,YouTube,2,15,T11,40.0,T11_S3,20.0,8,11
YouTube::@juanluisramireztello6805,YouTube,1,0,,0.0,,0.0,0,0
YouTube::@juanmanuelfloresvillarreal8648,YouTube,1,11,T12,36.4,T04_S1,27.3,6,8
YouTube::@juanmanuelperez7732,YouTube,1,2,T06,50.0,T12_S0,50.0,2,1
YouTube::@juanmanuelquiroz640,YouTube,1,4,T10,50.0,T02_S3,25.0,3,4
YouTube::@juanmartinbernalpascual6353,YouTube,3,20,T12,45.0,T08_S0,20.0,6,10
YouTube::@juanmunguia7347,YouTube,1,36,T11,27.8,T10_S4,11.1,10,23
YouTube::@juanolivera834,YouTube,1,4,T12,50.0,T12_S1,25.0,3,4
YouTube::@juanparker2118,YouTube,1,2,T11,50.0,T11_S0,50.0,2,2
YouTube::@juanprado8376,YouTube,1,7,T04,28.6,T14_S2,14.3,6,7
YouTube::@juanricardoherreravalenciano,YouTube,1,1,T10,100.0,T10_S4,100.0,1,1
YouTube::@juanromeromanzano2106,YouTube,1,3,T11,66.7,T12_S0,33.3,2,3
YouTube::@juansanchez-lp9cu,YouTube,1,9,T11,44.4,T09_S0,22.2,4,6
YouTube::@juansantos6905,YouTube,1,6,T12,66.7,T11_S1,16.7,3,6
YouTube::@juansuarez6572,YouTube,1,2,T10,50.0,T10_S1,50.0,2,2
YouTube::@juanvillafan8161,YouTube,1,2,T12,50.0,T12_S0,50.0,2,2
YouTube::@juilversthal8005,YouTube,1,1,T13,100.0,T13_S2,100.0,1,1
YouTube::@juliantapia6527,YouTube,2,4,T12,75.0,T12_S4,50.0,2,3
YouTube::@julioanguitaparrado23,YouTube,1,2,T04,50.0,T04_S1,50.0,2,2
YouTube::@julioje76,YouTube,1,4,T02,50.0,T02_S1,25.0,3,3
YouTube::@juliomontess,YouTube,1,3,T12,66.7,T12_S0,66.7,2,2
YouTube::@julioramirez5552,YouTube,1,0,,0.0,,0.0,0,0
YouTube::@juliosolis-dr4vq,YouTube,1,4,T11,25.0,T11_S3,25.0,4,4
YouTube::@julitored3053,YouTube,1,5,T12,60.0,T11_S1,40.0,2,3
YouTube::@junal27,YouTube,2,34,T11,32.4,T11_S2,20.6,12,20
YouTube::@jz4344,YouTube,1,2,T14,50.0,T14_S3,50.0,2,2
YouTube::@kammprk7490,YouTube,1,2,T02,50.0,T02_S2,50.0,2,2
YouTube::@karlosmuller2131,YouTube,1,1,T10,100.0,T10_S5,100.0,1,1
YouTube::@karlosruiz3292,YouTube,1,4,T10,25.0,T10_S1,25.0,4,4
YouTube::@kevinaragon8011,YouTube,1,13,T12,30.8,T12_S1,15.4,8,11
YouTube::@kevinsanchez6337,YouTube,1,1,T11,100.0,T11_S3,100.0,1,1
YouTube::@kimfredpher,YouTube,1,4,T11,25.0,T11_S0,25.0,4,4
YouTube::@kiokoono5641,YouTube,1,6,T13,16.7,T13_S0,16.7,6,6
YouTube::@kks-y9g,YouTube,1,4,T12,100.0,T12_S1,50.0,1,3
YouTube::@kovoz7918,YouTube,1,4,T12,25.0,T12_S1,25.0,4,4
YouTube::@kritchotigre,YouTube,1,3,T10,33.3,T10_S4,33.3,3,3
YouTube::@l.d.v.9936,YouTube,1,9,T11,33.3,T11_S1,22.2,6,8
YouTube::@labarbacoa5805,YouTube,1,0,,0.0,,0.0,0,0
YouTube::@lacajadelchocotorro7815,YouTube,1,7,T11,42.9,T11_S0,28.6,4,6
YouTube::@laemiranda,YouTube,1,1,T12,100.0,T12_S1,100.0,1,1
YouTube::@laguaridadelobo5099,YouTube,1,6,T12,50.0,T12_S0,33.3,3,5
YouTube::@lalooo665,YouTube,1,1,T08,100.0,T08_S1,100.0,1,1
YouTube::@lalosanchezjuarez3290,YouTube,1,2,T11,100.0,T11_S3,50.0,1,2
YouTube::@laque_seavecina,YouTube,1,3,T03,33.3,T03_S1,33.3,3,3
YouTube::@lasinvestigaciónesdelasky,YouTube,1,1,T03,100.0,T03_S1,100.0,1,1
YouTube::@latinohotlogan2735,YouTube,1,1,T08,100.0,T08_S1,100.0,1,1
YouTube::@lauraelenalanda8899,YouTube,1,0,,0.0,,0.0,0,0
YouTube::@laurasilviaaguilar7551,YouTube,1,0,,0.0,,0.0,0,0
YouTube::@leob2557,YouTube,1,2,T04,50.0,T04_S1,50.0,2,2
YouTube::@leobardoyanez7301,YouTube,1,1,T11,100.0,T11_S1,100.0,1,1
YouTube::@leoncog20112965,YouTube,1,6,T06,33.3,T06_S2,33.3,4,5
YouTube::@leonelGarzavazquez,YouTube,1,4,T10,100.0,T10_S4,50.0,1,3
YouTube::@leonelvelarde8878,YouTube,1,2,T04,50.0,T04_S3,50.0,2,2
YouTube::@leticiajimenez4482,YouTube,4,14,T12,78.6,T12_S3,35.7,3,5
YouTube::@leticiaruiz6253,YouTube,2,4,T12,50.0,T12_S1,50.0,3,3
YouTube::@leticiavargas1194,YouTube,1,2,T08,50.0,T08_S0,50.0,2,2
YouTube::@levipsb..1403,YouTube,1,4,T12,25.0,T12_S1,25.0,4,4
YouTube::@liancortez5200,YouTube,1,18,T14,16.7,T14_S3,11.1,10,16
YouTube::@liderdan,YouTube,1,1,T09,100.0,T09_S4,100.0,1,1
YouTube::@liion56,YouTube,1,2,T12,50.0,T12_S4,50.0,2,2
YouTube::@lijrgcalderon,YouTube,1,3,T12,66.7,T11_S3,33.3,2,3
YouTube::@liliagarcia2452,YouTube,1,3,T12,66.7,T12_S0,66.7,2,2
YouTube::@lilialopez485,YouTube,1,2,T06,50.0,T12_S0,50.0,2,1
YouTube::@lilian7249,YouTube,1,3,T12,33.3,T12_S2,33.3,3,3
YouTube::@linoblanco-ex7gs,YouTube,1,4,T10,25.0,T10_S1,25.0,4,4
YouTube::@linoroldan3595,YouTube,1,2,T11,50.0,T11_S6,50.0,2,2
YouTube::@lolitarivera-y4k,YouTube,1,2,T09,50.0,T09_S4,50.0,2,2
YouTube::@loquilloloquillo4227,YouTube,1,3,T11,66.7,T03_S1,33.3,2,3
YouTube::@lorenalra8553,YouTube,1,9,T11,33.3,T10_S1,11.1,5,9
YouTube::@lorenaperez816,YouTube,1,2,T11,50.0,T11_S0,50.0,2,2
YouTube::@lorenzorodriguez6478,YouTube,1,4,T09,50.0,T09_S0,50.0,3,3
YouTube::@lornemalvo9368,YouTube,1,7,T06,28.6,T04_S3,28.6,5,5
YouTube::@louvre266,YouTube,1,1,T12,100.0,T12_S4,100.0,1,1
YouTube::@lucasferragut67,YouTube,1,2,T06,50.0,T11_S1,50.0,2,1
YouTube::@lucastotti7463,YouTube,1,8,T11,37.5,T08_S3,12.5,5,8
YouTube::@lucidshakti5178,YouTube,1,6,T12,33.3,T01_S1,16.7,5,6
YouTube::@lucinorivera4424,YouTube,1,2,T06,50.0,T06_S2,50.0,2,2
YouTube::@luciodelossantos8788,YouTube,1,2,T04,100.0,T04_S2,100.0,1,1
YouTube::@lucreciadominguez5241,YouTube,1,1,T07,100.0,T07_S4,100.0,1,1
YouTube::@lucreochoa9794,YouTube,1,4,T12,50.0,T06_S2,25.0,3,4
YouTube::@lugorodasluisangel8728,YouTube,1,9,T11,44.4,T11_S0,22.2,6,8
YouTube::@luigivelgar,YouTube,1,12,T10,33.3,T10_S5,25.0,6,9
YouTube::@luisabreu5632,YouTube,1,9,T04,22.2,T09_S1,22.2,6,8
YouTube::@luisaferrer3093,YouTube,1,1,T12,100.0,T12_S0,100.0,1,1
YouTube::@luisaflores5645,YouTube,1,5,T02,20.0,T02_S0,20.0,5,5
YouTube::@luisaguilar5271,YouTube,1,6,T11,16.7,T11_S1,16.7,6,6
YouTube::@luisantoniogutierrezbravo1206,YouTube,1,9,T12,44.4,T12_S1,22.2,5,8
YouTube::@luisbadillo5691,YouTube,1,0,,0.0,,0.0,0,0
YouTube::@luiscastro5905,YouTube,1,2,T09,50.0,T09_S0,50.0,2,2
YouTube::@luiscordovaleyva4459,YouTube,1,0,,0.0,,0.0,0,0
YouTube::@luisdonaldoalvaradovelazqu3577,YouTube,1,2,T09,50.0,T09_S0,50.0,2,1
YouTube::@luiselizalde3384,YouTube,1,7,T11,42.9,T11_S3,28.6,5,6
YouTube::@luisgarcia7070,YouTube,1,1,T11,100.0,T11_S5,100.0,1,1
YouTube::@luisgomez9229,YouTube,1,2,T11,50.0,T11_S2,50.0,2,2
YouTube::@luishernandez4485,YouTube,1,0,,0.0,,0.0,0,0
YouTube::@luisito5000,YouTube,2,7,T00,28.6,T08_S2,14.3,6,7
YouTube::@luismartinarnaudrodriguez304,YouTube,1,3,T07,33.3,T07_S3,33.3,3,3
YouTube::@luismellado6676,YouTube,1,10,T11,50.0,T11_S3,40.0,5,7
YouTube::@luisricardohernandezguerre8884,YouTube,1,13,T02,30.8,T07_S3,30.8,6,9
YouTube::@luisricardomartinezsosa-sr8fd,YouTube,1,0,,0.0,,0.0,0,0
YouTube::@luisrios528,YouTube,1,1,T12,100.0,T12_S3,100.0,1,1
YouTube::@luisrioschula6810,YouTube,1,4,T08,25.0,T08_S3,25.0,4,4
YouTube::@luissarmiento7982,YouTube,1,8,T11,50.0,T11_S2,25.0,5,7
YouTube::@luisvillalvazo9912,YouTube,1,5,T11,60.0,T11_S1,40.0,3,4
YouTube::@luisvillar2303,YouTube,1,2,T11,50.0,T11_S3,50.0,2,2
YouTube::@luisxxxx6174,YouTube,1,2,T11,100.0,T11_S2,50.0,1,2
YouTube::@lunacristal8747,YouTube,1,1,T01,100.0,T01_S0,100.0,1,1
YouTube::@lunamorena390,YouTube,2,23,T12,21.7,T02_S0,8.7,10,19
YouTube::@lupepennington8994,YouTube,1,1,T08,100.0,T08_S1,100.0,1,1
YouTube::@lupitaroca6037,YouTube,1,2,T12,50.0,T12_S1,50.0,2,2
YouTube::@luzm2787,YouTube,1,4,T11,50.0,T14_S2,25.0,3,4
YouTube::@luzrazante,YouTube,2,13,T10,38.5,T10_S2,23.1,5,8
YouTube::@luztorresruiz7480,YouTube,1,27,T09,25.9,T12_S0,11.1,10,18
YouTube::@ma.felixgarcia1981,YouTube,1,3,T09,66.7,T12_S3,33.3,2,2
YouTube::@maandreamoralesalvarez4133,YouTube,2,4,T09,75.0,T09_S4,50.0,2,3
YouTube::@madelourdesgutierrezgonzal9931,YouTube,1,4,T04,50.0,T04_S3,25.0,3,4
YouTube::@madricucho,YouTube,1,14,T11,14.3,T04_S6,14.3,8,11
YouTube::@magalyramirez5059,YouTube,1,2,T11,100.0,T11_S5,50.0,1,2
YouTube::@magiscosina6879,YouTube,1,0,,0.0,,0.0,0,0
YouTube::@magloriocastillejostoledo,YouTube,1,1,T12,100.0,T12_S1,100.0,1,1
YouTube::@magz381,YouTube,1,8,T12,37.5,T12_S0,25.0,5,7
YouTube::@maik235,YouTube,1,17,T10,35.3,T10_S4,23.5,8,12
YouTube::@malugarcia6413,YouTube,1,6,T11,50.0,T11_S4,33.3,3,5
YouTube::@maluzgea4160,YouTube,1,5,T13,40.0,T12_S3,20.0,4,5
YouTube::@mante-apasionado,YouTube,1,1,T10,100.0,T10_S4,100.0,1,1
YouTube::@manuelalatriste523,YouTube,1,1,T10,100.0,T10_S4,100.0,1,1
YouTube::@manuelamontalvo3606,YouTube,1,4,T12,50.0,T12_S1,50.0,3,3
YouTube::@manueldejesusrodriguezagui4326,YouTube,1,6,T10,66.7,T10_S4,50.0,2,3
YouTube::@manuelesauriveragallegos7387,YouTube,1,4,T10,50.0,T11_S3,25.0,3,4
YouTube::@manuelespinoza267,YouTube,1,1,T10,100.0,T10_S1,100.0,1,1
YouTube::@manuelgonzalez1161,YouTube,1,2,T04,50.0,T04_S1,50.0,2,2
YouTube::@manuellinares1609,YouTube,1,8,T11,37.5,T09_S1,12.5,6,8
YouTube::@manuelren6045,YouTube,1,3,T11,66.7,T11_S4,33.3,2,3
YouTube::@maperezpulido634,YouTube,1,5,T12,40.0,T12_S1,20.0,4,5
YouTube::@mappleo,YouTube,1,4,T08,50.0,T08_S2,50.0,3,3
YouTube::@mar-o8p1y,YouTube,1,2,T08,50.0,T08_S3,50.0,2,2
YouTube::@marbellamercado-wg6gq,YouTube,1,3,T07,33.3,T07_S4,33.3,3,3
YouTube::@marcoa.d.iglesias3158,YouTube,1,15,T09,20.0,T06_S1,13.3,10,12
YouTube::@marcoantonioc8461,YouTube,1,1,T11,100.0,T11_S1,100.0,1,1
YouTube::@marcoantoniogonzalezgonzal3747,YouTube,2,1,T09,100.0,T09_S0,100.0,1,1
YouTube::@marcobetancourt3733,YouTube,1,11,T10,36.4,T10_S4,18.2,5,9
YouTube::@marcoslopez1870,YouTube,1,0,,0.0,,0.0,0,0
YouTube::@marcushernandez9018,YouTube,1,0,,0.0,,0.0,0,0
YouTube::@margaritacid1821,YouTube,1,3,T11,66.7,T11_S0,66.7,2,2
YouTube::@mariaalbisu-iribe1715,YouTube,1,12,T11,33.3,T11_S0,25.0,5,9
YouTube::@mariaalcantara4622,YouTube,1,9,T12,88.9,T12_S4,44.4,2,4
YouTube::@mariachiazul70,YouTube,1,5,T13,40.0,T13_S0,40.0,4,4
YouTube::@mariadelcarmenavila7689,YouTube,1,3,T12,100.0,T12_S3,100.0,1,1
YouTube::@mariadelcarmencastanedadia3151,YouTube,1,7,T11,57.1,T11_S0,42.9,2,4
YouTube::@mariadelourdesarana7486,YouTube,1,8,T12,37.5,T12_S4,25.0,5,7
YouTube::@mariadelrefugiosierra2237,YouTube,1,2,T11,100.0,T11_S1,100.0,1,1
YouTube::@mariadiaz8882,YouTube,2,0,,0.0,,0.0,0,0
YouTube::@mariadoloresvillegas-i2d,YouTube,1,1,T09,100.0,T09_S0,100.0,1,1
YouTube::@mariaecarrenoperaltamonrro1843,YouTube,1,1,T07,100.0,T07_S2,100.0,1,1
YouTube::@mariaelenatorresreyes387,YouTube,1,13,T12,76.9,T12_S2,46.2,4,7
YouTube::@mariaeugeniasanchez2950,YouTube,2,1,T11,100.0,T11_S6,100.0,1,1
YouTube::@mariaguadalupedima2905,YouTube,1,0,,0.0,,0.0,0,0
YouTube::@mariaguadalupeposada2409,YouTube,1,1,T12,100.0,T12_S3,100.0,1,1
YouTube::@mariaherminiasantillanrami1950,YouTube,1,9,T12,33.3,T12_S1,22.2,6,7
YouTube::@marialuisafernandezgonzale2375,YouTube,1,2,T10,50.0,T10_S1,50.0,2,2
YouTube::@marianietocalderon5749,YouTube,1,4,T10,50.0,T10_S2,25.0,2,4
YouTube::@mariapatriciaortiz4249,YouTube,1,11,T10,27.3,T03_S1,18.2,6,9
YouTube::@mariaricardez7167,YouTube,1,5,T12,80.0,T12_S1,40.0,2,4
YouTube::@mariasnead7833,YouTube,2,5,T12,80.0,T12_S2,20.0,2,5
YouTube::@mariasotogarcia761,YouTube,1,0,,0.0,,0.0,0,0
YouTube::@mariavelazco2688,YouTube,1,3,T12,66.7,T12_S0,66.7,2,2
YouTube::@maricelacerroblanco6709,YouTube,1,9,T12,33.3,T12_S0,33.3,5,6
YouTube::@marilugonzalez2994,YouTube,1,14,T09,28.6,T09_S0,14.3,7,11
YouTube::@mario_b_g,YouTube,1,1,T09,100.0,,0.0,1,0
YouTube::@marioalbertopreciadoinzunz3560,YouTube,1,4,T10,25.0,T10_S3,25.0,4,4
YouTube::@mariobustillo925,YouTube,1,1,T11,100.0,T11_S2,100.0,1,1
YouTube::@mariodejesusgonzalezrojas,YouTube,1,0,,0.0,,0.0,0,0
YouTube::@mariomagallanes3432,YouTube,1,1,T12,100.0,T12_S4,100.0,1,1
YouTube::@mariomarquez1176,YouTube,1,5,T12,100.0,T12_S0,60.0,1,2
YouTube::@mariomedel7724,YouTube,1,0,,0.0,,0.0,0,0
YouTube::@mariomontelongo6759,YouTube,1,9,T11,33.3,T11_S0,22.2,6,8
YouTube::@marioni80s,YouTube,1,4,T12,50.0,T09_S0,25.0,3,4
YouTube::@mariopalacio9252,YouTube,1,2,T02,50.0,T02_S1,50.0,2,2
YouTube::@mariotrevino4218,YouTube,1,3,T10,33.3,T10_S5,33.3,3,3
YouTube::@mariposa-bo7gi,YouTube,1,0,,0.0,,0.0,0,0
YouTube::@marisabarea9301,YouTube,1,1,T08,100.0,T08_S1,100.0,1,1
YouTube::@mariselatorres4916,YouTube,1,6,T11,66.7,T11_S1,66.7,3,3
YouTube::@marisolgarcia7341,YouTube,1,20,T11,20.0,T09_S1,10.0,11,15
YouTube::@marissazarazua2416,YouTube,2,4,T08,50.0,T08_S0,50.0,3,3
YouTube::@markis650,YouTube,1,7,T12,57.1,T11_S0,28.6,3,6
YouTube::@marmm3353,YouTube,1,3,T12,66.7,T12_S1,66.7,2,2
YouTube::@marquesdesadedonathien8656,YouTube,1,3,T04,33.3,T04_S2,33.3,3,3
YouTube::@marthaalicia4506,YouTube,1,7,T12,42.9,T12_S1,28.6,4,5
YouTube::@marthaesquer9167,YouTube,1,12,T11,25.0,T08_S1,8.3,7,12
YouTube::@marthagarcia8020,YouTube,1,2,T05,50.0,T05_S3,50.0,2,2
YouTube::@marthaledesma6356,YouTube,1,8,T09,37.5,T09_S0,37.5,6,6
YouTube::@marthamillanmartinez825,YouTube,1,1,T12,100.0,T12_S0,100.0,1,1
YouTube::@martharodriguez7193,YouTube,2,13,T12,23.1,T04_S1,23.1,8,10
YouTube::@marthaveronicacerdatemores2628,YouTube,1,2,T11,50.0,T11_S5,50.0,2,2
YouTube::@martindelacruzvazquez7870,YouTube,1,5,T10,40.0,T10_S2,20.0,3,5
YouTube::@martinlozano7511,YouTube,1,0,,0.0,,0.0,0,0
YouTube::@martinmontanez7542,YouTube,1,5,T09,40.0,T09_S0,40.0,4,4
YouTube::@martinrico6387,YouTube,1,13,T11,38.5,T11_S0,30.8,7,10
YouTube::@martinverastegui9171,YouTube,1,4,T11,75.0,T11_S3,25.0,2,4
YouTube::@martyjensen1483,YouTube,1,3,T12,66.7,T12_S1,33.3,2,3
YouTube::@maruchvazquez3163,YouTube,2,7,T11,57.1,T11_S6,28.6,4,5
YouTube::@marvinmendoza908,YouTube,1,0,,0.0,,0.0,0,0
YouTube::@marylucygonzalez6032,YouTube,1,2,T06,50.0,T06_S0,50.0,2,2
YouTube::@marzrob924,YouTube,1,2,T10,50.0,T10_S1,50.0,2,2
YouTube::@mauflores3235,YouTube,1,0,,0.0,,0.0,0,0
YouTube::@mauricioaguirre4070,YouTube,1,3,T10,66.7,T10_S5,66.7,2,2
YouTube::@mauricioescutia1275,YouTube,1,1,T05,100.0,T05_S3,100.0,1,1
YouTube::@mauriciorosales8774,YouTube,1,0,,0.0,,0.0,0,0
YouTube::@mauricioruiz7362,YouTube,1,0,,0.0,,0.0,0,0
YouTube::@mauriciosiavichay1929,YouTube,1,3,T12,100.0,T12_S0,100.0,1,1
YouTube::@mauroortiz3938,YouTube,1,2,T06,50.0,T06_S2,50.0,2,2
YouTube::@maximinaalcay3350,YouTube,1,6,T11,50.0,T06_S0,16.7,3,6
YouTube::@maximo689,YouTube,1,4,T10,50.0,T14_S1,25.0,3,4
YouTube::@maybarnu,YouTube,2,12,T12,25.0,T09_S0,16.7,6,10
YouTube::@mayo6061,YouTube,1,6,T12,66.7,T12_S2,50.0,2,4
YouTube::@mccross9586,YouTube,1,1,T12,100.0,T12_S2,100.0,1,1
YouTube::@medidasoficina4508,YouTube,1,2,T10,100.0,T10_S5,100.0,1,1
YouTube::@melowatz2903,YouTube,1,4,T11,50.0,T11_S3,25.0,3,4
YouTube::@mesinamanzoricardo4157,YouTube,1,9,T10,33.3,T10_S5,22.2,7,8
YouTube::@messiahtorahamerica,YouTube,1,5,T11,40.0,T08_S1,20.0,4,5
YouTube::@meugeniamdeblackmore609,YouTube,1,14,T08,28.6,T08_S0,21.4,9,11
YouTube::@mexicanopolis9390,YouTube,1,4,T12,25.0,T12_S0,25.0,4,4
YouTube::@mexusasingreat5611,YouTube,1,3,T08,66.7,T08_S0,66.7,2,2
YouTube::@mgv4826,YouTube,1,4,T11,50.0,T11_S3,25.0,2,4
YouTube::@michaeldominguez6416,YouTube,1,5,T11,80.0,T11_S4,40.0,2,4
YouTube::@michelgonzalezsuarez4924,YouTube,1,26,T11,42.3,T11_S2,15.4,9,17
YouTube::@michelleacevedogarcia288,YouTube,1,2,T12,50.0,T12_S4,50.0,2,2
YouTube::@migleo501013,YouTube,1,2,T02,50.0,T02_S1,50.0,2,2
YouTube::@miguees1007,YouTube,1,1,T12,100.0,T12_S3,100.0,1,1
YouTube::@miguelalvarezalejandro1342,YouTube,1,2,T11,50.0,T11_S2,50.0,2,2
YouTube::@miguelangelflores492,YouTube,1,4,T10,50.0,T10_S1,25.0,3,4
YouTube::@miguelangelhernandezcamach5482,YouTube,1,2,T10,50.0,T10_S3,50.0,2,2
YouTube::@miguelangellucerolucero5078,YouTube,2,10,T04,30.0,T04_S2,20.0,7,9
YouTube::@miguelangelmiraveterodrigu6503,YouTube,1,2,T02,50.0,T02_S1,50.0,2,2
YouTube::@miguelangelramos2614,YouTube,1,10,T12,70.0,T12_S2,60.0,4,4
YouTube::@miguelarciniega9700,YouTube,1,0,,0.0,,0.0,0,0
YouTube::@miguelbuccio,YouTube,1,6,T12,16.7,T12_S3,16.7,6,6
YouTube::@miguelgarcia8523,YouTube,1,10,T00,20.0,T00_S1,20.0,8,9
YouTube::@miguelgonzalez7054,YouTube,1,3,T08,66.7,T08_S0,33.3,2,3
YouTube::@miguelgranados-v2s,YouTube,1,11,T11,27.3,T10_S4,27.3,5,8
YouTube::@miguelhernandez2133,YouTube,1,3,T12,100.0,T12_S0,66.7,1,2
YouTube::@migueljimenez8594,YouTube,1,5,T12,40.0,T11_S5,20.0,4,5
YouTube::@miguelmelgoza6931,YouTube,1,3,T12,33.3,T12_S0,33.3,3,3
YouTube::@miguelmorilla2311,YouTube,1,1,T12,100.0,T12_S4,100.0,1,1
YouTube::@miguelserratoca1333,YouTube,1,14,T11,35.7,T11_S1,28.6,6,9
YouTube::@mikasaackerman8084,YouTube,1,13,T04,30.8,T04_S2,23.1,7,9
YouTube::@mikedelgadillo3148,YouTube,1,24,T06,25.0,T06_S2,25.0,8,14
YouTube::@miluarconstrucciones4095,YouTube,1,4,T12,50.0,T10_S1,25.0,3,3
YouTube::@miriamrodriguez9157,YouTube,1,4,T12,75.0,T12_S1,25.0,2,4
YouTube::@miroslavastern4744,YouTube,1,2,T12,50.0,T12_S0,50.0,2,2
YouTube::@mishaillich9728,YouTube,2,46,T12,54.3,T12_S1,23.9,8,18
YouTube::@mister.sverdlovsk,YouTube,1,0,,0.0,,0.0,0,0
YouTube::@mistikterraawakeningexperi1632,YouTube,1,2,T14,50.0,T14_S2,50.0,2,2
YouTube::@mochilazocultural,YouTube,1,0,,0.0,,0.0,0,0
YouTube::@moctezumamedina5888,YouTube,1,2,T12,100.0,T12_S2,50.0,1,2
YouTube::@moctezumarodriguez2005,YouTube,1,1,T04,100.0,T04_S0,100.0,1,1
YouTube::@mohamedfalouh2002,YouTube,1,5,T12,60.0,T12_S0,60.0,3,3
YouTube::@moi20003,YouTube,2,9,T12,33.3,T11_S5,22.2,5,7
YouTube::@monicatroncoso6553,YouTube,1,4,T09,75.0,T03_S2,25.0,2,4
YouTube::@monicavillalpando267,YouTube,1,3,T12,66.7,T12_S1,66.7,2,2
YouTube::@monserratsoriano3184,YouTube,1,2,T09,50.0,T09_S0,50.0,2,2
YouTube::@morocoh,YouTube,1,2,T04,50.0,T04_S0,50.0,2,2
YouTube::@movieskoala8909,YouTube,1,13,T10,38.5,T10_S4,30.8,6,8
YouTube::@moyolotovrock,YouTube,1,3,T03,33.3,T03_S4,33.3,3,3
YouTube::@mrkhalua2673,YouTube,2,1,T12,100.0,T12_S1,100.0,1,1
YouTube::@mustafamimonahmed6857,YouTube,1,8,T11,25.0,T10_S1,12.5,6,8
YouTube::@muzzReggae,YouTube,1,1,T12,100.0,T12_S0,100.0,1,1
YouTube::@mzzzol,YouTube,1,7,T12,71.4,T12_S4,42.9,3,5
YouTube::@nachogomez6375,YouTube,1,13,T14,23.1,T14_S1,15.4,8,11
YouTube::@nancymunguiamendez-ek7oi,YouTube,1,5,T11,40.0,T11_S2,40.0,4,4
YouTube::@narcisocorvera5208,YouTube,1,4,T10,25.0,T10_S4,25.0,4,4
YouTube::@natividadmar8121,YouTube,1,1,T08,100.0,T08_S0,100.0,1,1
YouTube::@nazquino6049,YouTube,1,2,T02,50.0,T02_S0,50.0,2,2
YouTube::@nestormena9013,YouTube,1,1,T11,100.0,T11_S4,100.0,1,1
YouTube::@newcruiser,YouTube,1,19,T11,21.1,T04_S3,10.5,8,14
YouTube::@nicolasislas8155,YouTube,1,2,T10,50.0,T10_S0,50.0,2,2
YouTube::@nicolimasimini7877,YouTube,1,10,T12,50.0,T12_S2,20.0,6,9
YouTube::@nicuyomesukura608,YouTube,1,0,,0.0,,0.0,0,0
YouTube::@nietop257,YouTube,1,0,,0.0,,0.0,0,0
YouTube::@nlsc042085,YouTube,1,6,T06,33.3,T06_S2,33.3,4,5
YouTube::@noepadilla923,YouTube,1,2,T11,50.0,T11_S2,50.0,2,2
YouTube::@noesanval8301,YouTube,1,1,T07,100.0,T07_S0,100.0,1,1
YouTube::@noraelisaviverosgarcia7587,YouTube,1,7,T12,57.1,T12_S2,42.9,4,5
YouTube::@norbertocastorela5643,YouTube,3,16,T11,56.2,T11_S4,37.5,3,6
YouTube::@normagutierrez7299,YouTube,1,6,T12,50.0,T12_S2,33.3,4,5
YouTube::@normalopez4409,YouTube,1,3,T11,66.7,T06_S2,33.3,2,3
YouTube::@normansiles9599,YouTube,1,2,T12,100.0,T12_S0,100.0,1,1
YouTube::@nosoyalfredo,YouTube,1,1,T11,100.0,T11_S3,100.0,1,1
YouTube::@oSaaron,YouTube,1,12,T10,41.7,T12_S3,16.7,5,10
YouTube::@octaviodiaz3425,YouTube,1,13,T09,23.1,T09_S0,23.1,6,9
YouTube::@octaviogarciaherrera511,YouTube,1,4,T04,50.0,T04_S0,50.0,3,3
YouTube::@octavioruiz6495,YouTube,1,2,T11,100.0,T11_S0,50.0,1,2
YouTube::@odiseo-lh4ku,YouTube,1,13,T12,61.5,T12_S3,38.5,6,8
YouTube::@of2858,YouTube,1,4,T11,50.0,T08_S1,25.0,3,3
YouTube::@oliviagarcia962,YouTube,1,0,,0.0,,0.0,0,0
YouTube::@olvervargasgarduno2472,YouTube,1,5,T11,40.0,T11_S5,20.0,3,5
YouTube::@omarmty2665,YouTube,1,2,T10,50.0,T10_S3,50.0,2,2
YouTube::@omarochoapulido,YouTube,1,2,T11,100.0,T11_S4,50.0,1,2
YouTube::@omarsitopro5338,YouTube,1,5,T12,60.0,T12_S5,40.0,3,4
YouTube::@onesimomendoza5612,YouTube,1,2,T13,50.0,T13_S3,50.0,2,2
YouTube::@orkz6166,YouTube,1,4,T12,50.0,T09_S0,25.0,3,4
YouTube::@osado.77,YouTube,1,2,T09,100.0,T09_S0,100.0,1,1
YouTube::@oscarbecerra6301,YouTube,1,0,,0.0,,0.0,0,0
YouTube::@oscargerman6079,YouTube,1,0,,0.0,,0.0,0,0
YouTube::@oscarlink7,YouTube,1,1,T11,100.0,T11_S4,100.0,1,1
YouTube::@oscarmendez3125,YouTube,1,8,T11,37.5,T11_S0,25.0,5,7
YouTube::@oscarreyestorres474,YouTube,1,2,T08,50.0,T08_S0,50.0,2,2
YouTube::@oscarvelardemendoza435,YouTube,1,10,T12,40.0,T11_S0,20.0,5,7
YouTube::@osda4871,YouTube,1,5,T10,40.0,T10_S3,40.0,3,4
YouTube::@ovand1,YouTube,1,1,T08,100.0,T08_S0,100.0,1,1
YouTube::@ovejuelafeliz,YouTube,1,8,T12,25.0,T12_S3,25.0,6,6
YouTube::@ozcarlopez4236,YouTube,1,3,T12,33.3,T12_S0,33.3,3,3
YouTube::@ozckarstark4936,YouTube,1,1,T04,100.0,T04_S3,100.0,1,1
YouTube::@ozzoh.3854,YouTube,1,2,T10,50.0,T10_S2,50.0,2,2
YouTube::@pabloamandosacramentorodri4096,YouTube,2,15,T11,40.0,T11_S1,26.7,5,8
YouTube::@pablobaltodano1982,YouTube,1,0,,0.0,,0.0,0,0
YouTube::@pablochavez4255,YouTube,1,2,T03,50.0,T03_S2,50.0,2,2
YouTube::@pabloemiliolopezcueva5792,YouTube,1,1,T11,100.0,T11_S3,100.0,1,1
YouTube::@pablofernando-m1p,YouTube,1,11,T10,45.5,T10_S5,18.2,5,9
YouTube::@pablolouvier2700,YouTube,1,2,T08,50.0,T08_S0,50.0,2,2
YouTube::@pablomou1635,YouTube,1,7,T11,57.1,T11_S0,28.6,4,6
YouTube::@pablopriego7739,YouTube,1,0,,0.0,,0.0,0,0
YouTube::@pabloruiz3375,YouTube,1,0,,0.0,,0.0,0,0
YouTube::@pacorrock,YouTube,1,6,T12,33.3,T12_S0,16.7,5,6
YouTube::@pakoturunen5429,YouTube,1,5,T09,60.0,T09_S0,40.0,3,4
YouTube::@panchovilla6008,YouTube,1,1,T06,100.0,T06_S2,100.0,1,1
YouTube::@papatoiglesias9857,YouTube,1,0,,0.0,,0.0,0,0
YouTube::@patriciacamargo4682,YouTube,1,3,T08,33.3,T08_S0,33.3,3,3
YouTube::@patriciaolverachavez-kw6jm,YouTube,1,2,T08,100.0,T08_S1,50.0,1,2
YouTube::@patriciazepedasegura8892,YouTube,1,10,T12,30.0,T12_S0,20.0,7,9
YouTube::@paty.macarenojacobo9737,YouTube,1,3,T11,66.7,T11_S4,33.3,2,3
YouTube::@patyrodriguez7045,YouTube,1,13,T14,23.1,T14_S3,15.4,8,11
YouTube::@pedrogamboa5500,YouTube,2,5,T10,60.0,T10_S4,60.0,3,3
YouTube::@pedrogl.6822,YouTube,1,2,T06,50.0,T06_S0,50.0,2,2
YouTube::@pedroloyadominguez5971,YouTube,1,3,T12,66.7,T12_S1,66.7,2,1
YouTube::@pedromariscalcorona3381,YouTube,1,3,T11,66.7,T11_S1,66.7,2,2
YouTube::@pedromorales7287,YouTube,1,7,T12,57.1,T09_S0,28.6,3,5
YouTube::@pedropiscina.alicante,YouTube,1,5,T11,60.0,T11_S2,60.0,3,3
YouTube::@pedrosaid9266,YouTube,1,5,T12,40.0,T12_S4,40.0,4,4
YouTube::@peliculasgeniales1270,YouTube,1,2,T12,100.0,T12_S2,50.0,1,2
YouTube::@perroverde6634,YouTube,1,1,T08,100.0,T08_S2,100.0,1,1
YouTube::@phantomaq,YouTube,2,15,T12,40.0,T12_S0,26.7,6,10
YouTube::@pillisypollis2013,YouTube,1,0,,0.0,,0.0,0,0
YouTube::@pinaortiz5067,YouTube,1,2,T12,50.0,T12_S3,50.0,2,2
YouTube::@pinkpantherrosa3235,YouTube,1,2,T08,50.0,T08_S0,50.0,2,2
YouTube::@pipetonlov,YouTube,1,8,T10,37.5,T10_S4,25.0,6,7
YouTube::@plainstatue,YouTube,1,15,T11,33.3,T11_S3,26.7,6,10
YouTube::@politicamexicanamx,YouTube,1,2,T12,50.0,T12_S1,50.0,2,2
YouTube::@porfiriochinchillas3156,YouTube,2,7,T11,42.9,T11_S1,28.6,5,6
YouTube::@pozalimon8897,YouTube,1,1,T12,100.0,T12_S4,100.0,1,1
YouTube::@pptan8580,YouTube,1,11,T12,72.7,T12_S2,45.5,3,5
YouTube::@preacabadodesuela8569,YouTube,1,6,T12,50.0,T12_S4,33.3,4,5
YouTube::@predatorwwe4964,YouTube,1,8,T09,37.5,T11_S5,25.0,5,6
YouTube::@prettypilotvalencia5983,YouTube,1,43,T09,30.2,T09_S2,11.6,11,27
YouTube::@priestdarknes,YouTube,1,4,T12,50.0,T12_S0,50.0,3,3
YouTube::@professorvannostrand1523,YouTube,1,1,T11,100.0,T11_S3,100.0,1,1
YouTube::@profr.pedromm6802,YouTube,1,14,T09,28.6,T09_S0,14.3,8,10
YouTube::@pumascampeon5758,YouTube,1,10,T12,40.0,T12_S0,40.0,4,6
YouTube::@purplerainlily74,YouTube,1,3,T11,66.7,T11_S1,33.3,2,3
YouTube::@quetzalquetzal5300,YouTube,1,3,T11,66.7,T11_S4,66.7,2,2
YouTube::@rafaelcantuhinojosa1103,YouTube,1,6,T12,66.7,T12_S0,33.3,3,5
YouTube::@rafaelmunozs.9288,YouTube,1,4,T09,50.0,T00_S1,25.0,3,4
YouTube::@rafaelnunez742,YouTube,1,0,,0.0,,0.0,0,0
YouTube::@rafakaox,YouTube,1,3,T11,33.3,T11_S2,33.3,3,3
YouTube::@ragnarfire3229,YouTube,1,14,T11,21.4,T11_S0,21.4,8,9
YouTube::@ragnarlothbrok564,YouTube,1,3,T12,33.3,T12_S0,33.3,3,3
YouTube::@rainke,YouTube,1,0,,0.0,,0.0,0,0
YouTube::@ramiroromo122,YouTube,1,0,,0.0,,0.0,0,0
YouTube::@ramoncastro2364,YouTube,1,11,T13,18.2,T13_S3,18.2,8,9
YouTube::@ramonmoreno8708,YouTube,1,7,T11,28.6,T12_S5,28.6,5,5
YouTube::@ramonolivas2396,YouTube,1,16,T04,31.2,T04_S1,31.2,6,9
YouTube::@ramonortigozaperez7116,YouTube,2,16,T12,37.5,T00_S4,18.8,8,10
YouTube::@raquelmolina100,YouTube,1,1,T09,100.0,T09_S4,100.0,1,1
YouTube::@rastreohercules3785,YouTube,1,0,,0.0,,0.0,0,0
YouTube::@raul05salazar,YouTube,1,0,,0.0,,0.0,0,0
YouTube::@raulcabrera8798,YouTube,1,1,T11,100.0,T11_S0,100.0,1,1
YouTube::@raulcano6474,YouTube,1,1,T08,100.0,T08_S0,100.0,1,1
YouTube::@raulleon2616,YouTube,1,2,T12,100.0,T12_S2,100.0,1,1
YouTube::@raulnoriegamora5152,YouTube,1,6,T11,66.7,T11_S0,33.3,3,4
YouTube::@raulportilla8449,YouTube,1,17,T12,58.8,T12_S3,23.5,6,11
YouTube::@raulr.6803,YouTube,1,1,T02,100.0,T02_S3,100.0,1,1
YouTube::@raulsantinolopezrodriguez8349,YouTube,1,4,T12,50.0,T12_S1,50.0,3,3
YouTube::@raulteran1954,YouTube,1,2,T09,100.0,T09_S0,100.0,1,1
YouTube::@raydel-Arellano-h1d8k,YouTube,1,1,T06,100.0,T06_S2,100.0,1,1
YouTube::@raymundosilvagomez3558,YouTube,1,3,T09,33.3,T09_S0,33.3,3,3
YouTube::@razaestrella1384,YouTube,1,1,T04,100.0,T04_S0,100.0,1,1
YouTube::@rebeckacampbell2782,YouTube,1,22,T10,27.3,T09_S4,13.6,8,15
YouTube::@reneeduardomontelongolopez8954,YouTube,1,8,T10,50.0,T11_S0,37.5,3,4
YouTube::@renegarduno2585,YouTube,1,3,T11,66.7,T04_S3,33.3,2,3
YouTube::@reservoirdogs00,YouTube,1,13,T00,30.8,T00_S1,30.8,6,9
YouTube::@reynaduncan3439,YouTube,1,3,T11,33.3,T11_S0,33.3,3,3
YouTube::@reynaldomunizojeda823,YouTube,1,3,T12,66.7,T12_S1,66.7,2,2
YouTube::@reynoex7158,YouTube,1,0,,0.0,,0.0,0,0
YouTube::@rgomezjunco,YouTube,1,3,T11,33.3,T11_S3,33.3,3,3
YouTube::@ricardoivanhernandez1315,YouTube,2,5,T10,40.0,T10_S3,20.0,4,5
YouTube::@ricardoramirez5838,YouTube,1,2,T12,100.0,T12_S1,100.0,1,1
YouTube::@ricardosanz1524,YouTube,1,0,,0.0,,0.0,0,0
YouTube::@rigobertopalazuelos7956,YouTube,1,1,T10,100.0,T10_S3,100.0,1,1
YouTube::@robertoarellano-t3f,YouTube,1,4,T12,75.0,T12_S1,50.0,2,3
YouTube::@robertocarlosvaladezvallej2488,YouTube,1,3,T11,33.3,T11_S3,33.3,3,3
YouTube::@robertogracia148,YouTube,1,7,T10,28.6,T10_S4,28.6,6,6
YouTube::@robertoguerrero4723,YouTube,1,6,T11,50.0,T10_S4,33.3,3,4
YouTube::@robertogutierrez9162,YouTube,1,3,T11,33.3,T11_S5,33.3,3,3
YouTube::@robertohernandez5408,YouTube,1,12,T12,41.7,T12_S4,16.7,7,8
YouTube::@robertolopez9506,YouTube,1,1,T13,100.0,T13_S3,100.0,1,1
YouTube::@robertorobles3689,YouTube,1,2,T12,50.0,T12_S0,50.0,2,2
YouTube::@robertoruiz8912,YouTube,1,1,T10,100.0,T10_S3,100.0,1,1
YouTube::@robertosaenzcaballero9463,YouTube,1,6,T12,33.3,T12_S0,16.7,4,6
YouTube::@robertotogo7856,YouTube,2,7,T11,57.1,T11_S0,42.9,3,5
YouTube::@robertoviloria6008,YouTube,1,2,T06,50.0,T11_S5,50.0,2,1
YouTube::@roca6750,YouTube,1,2,T02,50.0,T02_S0,50.0,2,2
YouTube::@rociogalindoarizmendi8334,YouTube,3,40,T12,45.0,T12_S2,22.5,13,21
YouTube::@rociomendozaramirez5669,YouTube,1,2,T11,50.0,T11_S0,50.0,2,2
YouTube::@rociopedraja1179,YouTube,2,16,T12,43.8,T12_S0,37.5,5,9
YouTube::@rockdriguez72,YouTube,1,3,T09,33.3,T09_S0,33.3,3,3
YouTube::@rodolfoedgardoherreraaguin3557,YouTube,1,2,T11,50.0,T11_S4,50.0,2,1
YouTube::@rodolfomartinez1660,YouTube,1,3,T12,66.7,T12_S0,33.3,2,3
YouTube::@rodolforicardorojasgonzale4867,YouTube,1,2,T12,50.0,T12_S1,50.0,2,2
YouTube::@rodrigoguerrero7958,YouTube,1,2,T08,100.0,T08_S1,50.0,1,2
YouTube::@rodrigoordonez5184,YouTube,1,4,T11,25.0,T11_S4,25.0,4,4
YouTube::@rogatogt5,YouTube,1,17,T12,52.9,T12_S4,41.2,5,7
YouTube::@rogeliodimas6710,YouTube,1,1,T12,100.0,T12_S3,100.0,1,1
YouTube::@rogeliooctavioibarraharrig1172,YouTube,1,0,,0.0,,0.0,0,0
YouTube::@rogerhurtado3933,YouTube,1,1,T01,100.0,T01_S0,100.0,1,1
YouTube::@rogerrosas7032,YouTube,1,2,T12,100.0,T12_S4,100.0,1,1
YouTube::@rokero19,YouTube,2,2,T04,50.0,T04_S3,50.0,2,2
YouTube::@rokolozano9961,YouTube,1,7,T11,42.9,T12_S4,28.6,3,6
YouTube::@rolfmeyer8273,YouTube,1,0,,0.0,,0.0,0,0
YouTube::@rollingloudadelina,YouTube,1,21,T09,23.8,T11_S0,14.3,11,17
YouTube::@romaldoleon4960,YouTube,1,5,T11,40.0,T11_S0,40.0,4,4
YouTube::@ronnyhaven7277,YouTube,2,2,T12,50.0,T12_S0,50.0,2,2
YouTube::@roquegardea239,YouTube,1,4,T12,50.0,T12_S2,50.0,3,3
YouTube::@rosagodinez8059,YouTube,1,1,T12,100.0,T12_S3,100.0,1,1
YouTube::@rosalindabrito3762,YouTube,1,2,T07,50.0,T07_S2,50.0,2,2
YouTube::@rosamariacorona7349,YouTube,1,1,T00,100.0,T00_S1,100.0,1,1
YouTube::@rosamistica-be3,YouTube,2,7,T12,28.6,T12_S3,14.3,4,7
YouTube::@rosapina8807,YouTube,1,16,T10,25.0,T10_S2,12.5,8,13
YouTube::@rosariomuriel1966,YouTube,1,3,T08,100.0,T08_S0,66.7,1,2
YouTube::@rosariopineda3862,YouTube,1,5,T11,40.0,T12_S1,40.0,3,4
YouTube::@rosaruizterron6450,YouTube,1,6,T12,50.0,T12_S0,50.0,3,4
YouTube::@roselyrodriguez3026,YouTube,1,2,T08,50.0,T08_S1,50.0,2,2
YouTube::@rositagunter4283,YouTube,1,4,T12,50.0,T11_S0,25.0,3,4
YouTube::@rovi3261,YouTube,1,0,,0.0,,0.0,0,0
YouTube::@roxaveca5382,YouTube,1,6,T12,83.3,T12_S1,50.0,2,4
YouTube::@ru73rol39,YouTube,1,2,T11,50.0,T11_S1,50.0,2,2
YouTube::@rubengonzalezcastro6029,YouTube,1,4,T11,50.0,T11_S1,50.0,3,3
YouTube::@rubenhernandezhernandez4066,YouTube,1,1,T10,100.0,T10_S4,100.0,1,1
YouTube::@rubenmarquezgomez7742,YouTube,1,0,,0.0,,0.0,0,0
YouTube::@rubenmartinez5397,YouTube,1,1,T09,100.0,T09_S0,100.0,1,1
YouTube::@rubenrodriguez2186,YouTube,1,0,,0.0,,0.0,0,0
YouTube::@rudygonzalez9628,YouTube,1,5,T11,40.0,T11_S3,20.0,3,5
YouTube::@rukendo64,YouTube,3,8,T02,50.0,T02_S3,37.5,4,5
YouTube::@rulasmorrita8890,YouTube,1,8,T04,25.0,T12_S4,25.0,5,7
YouTube::@rutgranados4879,YouTube,1,4,T02,25.0,T02_S2,25.0,4,4
YouTube::@ruthherediaalizota8865,YouTube,1,15,T08,33.3,T10_S1,13.3,9,13
YouTube::@ruthzunomoreno758,YouTube,1,5,T12,40.0,T12_S2,40.0,3,4
YouTube::@sacramentozepeda2896,YouTube,1,2,T08,50.0,T08_S0,50.0,2,2
YouTube::@sacreblum2840,YouTube,2,27,T04,18.5,T04_S2,11.1,12,20
YouTube::@sadneesray,YouTube,1,2,T09,50.0,T09_S0,50.0,2,2
YouTube::@sagitario3dart,YouTube,1,2,T11,50.0,T11_S4,50.0,2,2
YouTube::@salomesilvestre6874,YouTube,1,8,T11,50.0,T11_S1,25.0,5,7
YouTube::@salvadorespinosa7558,YouTube,1,0,,0.0,,0.0,0,0
YouTube::@salvadorleyva5384,YouTube,1,2,T12,100.0,T12_S1,50.0,1,2
YouTube::@salvadormadrigal2554,YouTube,2,7,T12,42.9,T12_S0,42.9,4,5
YouTube::@salvadormendez9867,YouTube,1,3,T10,33.3,T10_S3,33.3,3,3
YouTube::@samanthadannaeramos7405,YouTube,1,2,T11,50.0,T11_S0,50.0,2,2
YouTube::@samirsierras4281,YouTube,1,0,,0.0,,0.0,0,0
YouTube::@samuelgonzalez9393,YouTube,1,7,T12,42.9,T03_S1,28.6,3,4
YouTube::@samuelochoa4243,YouTube,1,3,T13,33.3,T13_S3,33.3,3,3
YouTube::@samueltapa8439,YouTube,4,40,T12,70.0,T12_S2,35.0,7,15
YouTube::@sandlev8794,YouTube,1,2,T12,100.0,T12_S3,50.0,1,2
YouTube::@sandokanespana2578,YouTube,1,5,T12,60.0,T11_S0,40.0,2,3
YouTube::@sandracanedo5649,YouTube,1,7,T12,42.9,T12_S2,14.3,4,7
YouTube::@sandraceron3889,YouTube,1,6,T11,33.3,T13_S5,16.7,5,6
YouTube::@sandracuevashernandez6896,YouTube,1,3,T01,66.7,T08_S1,33.3,2,3
YouTube::@sandroramirez1287,YouTube,1,0,,0.0,,0.0,0,0
YouTube::@santiagovazquez2784,YouTube,1,3,T04,33.3,T04_S1,33.3,3,3
YouTube::@santoslennon,YouTube,1,0,,0.0,,0.0,0,0
YouTube::@sapemi08,YouTube,1,5,T00,40.0,T00_S1,40.0,4,4
YouTube::@saraibanez2519,YouTube,1,0,,0.0,,0.0,0,0
YouTube::@saritasanchez2808,YouTube,1,5,T12,80.0,T12_S4,80.0,2,2
YouTube::@saturninoflores9016,YouTube,1,0,,0.0,,0.0,0,0
YouTube::@saulduke9377,YouTube,1,2,T11,50.0,T11_S1,50.0,2,2
YouTube::@sellitsCorp,YouTube,1,1,T11,100.0,T11_S2,100.0,1,1
YouTube::@sepulturaization,YouTube,1,9,T13,33.3,T09_S0,22.2,6,7
YouTube::@sergioderosas4636,YouTube,1,6,T08,50.0,T12_S0,33.3,3,4
YouTube::@sergiogarcia7719,YouTube,1,0,,0.0,,0.0,0,0
YouTube::@sergioherrera25,YouTube,1,1,T04,100.0,T04_S6,100.0,1,1
YouTube::@sergiolopez2440,YouTube,1,9,T11,55.6,T11_S2,44.4,5,6
YouTube::@serluz1,YouTube,1,4,T08,50.0,T04_S0,25.0,3,4
YouTube::@sharedtopmusic6229,YouTube,1,2,T10,50.0,T10_S4,50.0,2,2
YouTube::@shavannaMarquez,YouTube,1,9,T11,33.3,T12_S0,22.2,4,7
YouTube::@sherlockholmes8528,YouTube,1,2,T11,50.0,T11_S1,50.0,2,2
YouTube::@sibb4846,YouTube,1,3,T02,33.3,T02_S0,33.3,3,2
YouTube::@silvanohernandezhernandez9307,YouTube,1,3,T10,66.7,T10_S4,33.3,2,3
YouTube::@silveriogonzalezramiro9691,YouTube,1,4,T11,50.0,T11_S1,50.0,3,3
YouTube::@simonzaga4658,YouTube,1,4,T11,50.0,T11_S0,25.0,3,4
YouTube::@skskkdnsk,YouTube,1,0,,0.0,,0.0,0,0
YouTube::@skyrok_el_basado,YouTube,1,3,T09,33.3,T09_S4,33.3,3,3
YouTube::@sm9600,YouTube,1,2,T12,50.0,T12_S1,50.0,2,2
YouTube::@socorrorivera9420,YouTube,1,2,T10,50.0,T10_S1,50.0,2,2
YouTube::@solracohcnap,YouTube,1,13,T11,46.2,T11_S0,30.8,6,8
YouTube::@sonadorvajo,YouTube,1,50,T11,20.0,T09_S2,8.0,14,27
YouTube::@sorprendidototal,YouTube,1,2,T03,50.0,T03_S4,50.0,2,2
YouTube::@sprintzonebloop4552,YouTube,1,5,T12,40.0,T11_S6,40.0,3,4
YouTube::@squalloriginal4455,YouTube,1,14,T12,35.7,T12_S3,14.3,7,11
YouTube::@sr.lobo-1992,YouTube,1,0,,0.0,,0.0,0,0
YouTube::@sracraig5447,YouTube,1,1,T00,100.0,T00_S1,100.0,1,1
YouTube::@susanaalvarez2074,YouTube,1,15,T11,46.7,T11_S1,20.0,5,10
YouTube::@susanaestrello8598,YouTube,1,4,T10,50.0,T10_S3,50.0,3,3
YouTube::@taauuroooo,YouTube,1,4,T08,25.0,T08_S0,25.0,4,4
YouTube::@tanopastita554,YouTube,1,1,T10,100.0,T10_S5,100.0,1,1
YouTube::@tavoruiz9686,YouTube,1,11,T12,36.4,T04_S4,18.2,5,8
YouTube::@tenorio6704,YouTube,1,3,T12,66.7,T10_S0,33.3,2,3
YouTube::@teodorohernandez2533,YouTube,1,4,T12,100.0,T12_S1,100.0,1,1
YouTube::@terebauza7277,YouTube,1,2,T12,100.0,T12_S1,50.0,1,2
YouTube::@teresabermudez610,YouTube,1,1,T02,100.0,T02_S0,100.0,1,1
YouTube::@teresamexico309,YouTube,1,8,T12,50.0,T12_S1,25.0,4,6
YouTube::@thevictormusicband,YouTube,1,2,T12,50.0,T12_S1,50.0,2,2
YouTube::@tiedupboy71,YouTube,1,9,T00,22.2,T06_S1,22.2,6,7
YouTube::@timoteomiranda5005,YouTube,1,27,T08,22.2,T08_S0,14.8,10,16
YouTube::@titinogrande7235,YouTube,1,4,T12,100.0,T12_S3,100.0,1,1
YouTube::@tobetin09,YouTube,2,2,T04,50.0,T04_S1,50.0,2,2
YouTube::@tolapianos,YouTube,1,1,T11,100.0,T11_S0,100.0,1,1
YouTube::@tomascabreraruiz1130,YouTube,1,5,T12,80.0,T12_S2,80.0,2,2
YouTube::@tonypadilla6404,YouTube,1,2,T12,50.0,T12_S1,50.0,2,2
YouTube::@tonyromo3184,YouTube,1,0,,0.0,,0.0,0,0
YouTube::@totooti,YouTube,1,0,,0.0,,0.0,0,0
YouTube::@trafalgarbarbate9636,YouTube,1,3,T11,66.7,T11_S2,66.7,2,2
YouTube::@trasfabian,YouTube,2,1,T11,100.0,T11_S2,100.0,1,1
YouTube::@traslado_de_autos,YouTube,1,1,T12,100.0,T12_S5,100.0,1,1
YouTube::@tremebund0,YouTube,1,1,T12,100.0,T12_S4,100.0,1,1
YouTube::@tsajaancue,YouTube,1,5,T12,20.0,T12_S3,20.0,5,5
YouTube::@tuliocardonabenavides9544,YouTube,1,0,,0.0,,0.0,0,0
YouTube::@tuxmaniaco,YouTube,1,5,T12,60.0,T12_S1,60.0,3,3
YouTube::@uchihamoy7798,YouTube,1,4,T10,50.0,T10_S4,50.0,3,3
YouTube::@ulisesrodriguezortiz9045,YouTube,1,7,T10,71.4,T10_S4,28.6,3,5
YouTube::@untiltheendoftheworld643,YouTube,1,4,T12,50.0,T12_S3,50.0,2,3
YouTube::@urielavilez230,YouTube,1,3,T12,100.0,T12_S1,100.0,1,1
YouTube::@urielm.7679,YouTube,1,2,T11,50.0,T11_S0,50.0,2,2
YouTube::@urquimedez,YouTube,1,2,T04,50.0,T04_S0,50.0,2,2
YouTube::@user-mv777,YouTube,1,4,T09,25.0,T09_S0,25.0,4,4
YouTube::@user-rj8xf4vn9x,YouTube,2,13,T12,69.2,T12_S2,46.2,4,7
YouTube::@user-zu9fb8uh4h,YouTube,1,3,T12,66.7,T12_S2,66.7,2,2
YouTube::@user2025-j8u,YouTube,1,2,T12,100.0,T12_S0,50.0,1,2
YouTube::@usuario123V,YouTube,1,0,,0.0,,0.0,0,0
YouTube::@usuariov74,YouTube,1,5,T07,40.0,T07_S4,40.0,3,3
YouTube::@v.suarez8383,YouTube,1,5,T11,40.0,T11_S6,20.0,4,4
YouTube::@valentingallego6853,YouTube,1,7,T06,42.9,T06_S0,28.6,4,6
YouTube::@valerutilio8149,YouTube,1,10,T04,40.0,T04_S1,30.0,4,7
YouTube::@vamosmexico233,YouTube,1,1,T04,100.0,T04_S2,100.0,1,1
YouTube::@vamperzzi,YouTube,1,0,,0.0,,0.0,0,0
YouTube::@vanessawebb3960,YouTube,1,12,T09,16.7,T09_S0,16.7,9,9
YouTube::@vectormart9828,YouTube,1,10,T09,40.0,T09_S0,20.0,6,8
YouTube::@venamartinez4521,YouTube,1,4,T10,50.0,T10_S5,25.0,3,4
YouTube::@vendedorescamarleon5502,YouTube,1,5,T12,60.0,T04_S0,20.0,3,5
YouTube::@veno8731,YouTube,1,2,T12,100.0,T12_S4,50.0,1,2
YouTube::@veritaguerrero,YouTube,1,1,T11,100.0,T11_S1,100.0,1,1
YouTube::@verocastro6933,YouTube,1,0,,0.0,,0.0,0,0
YouTube::@veronicacruz5615,YouTube,1,5,T11,40.0,T09_S0,40.0,3,4
YouTube::@veronicaromopedroza6726,YouTube,3,17,T12,35.3,T06_S0,11.8,7,13
YouTube::@vickycrs83,YouTube,1,9,T04,33.3,T04_S1,33.3,5,5
YouTube::@vickyvaron4276,YouTube,1,4,T12,50.0,T12_S2,50.0,3,3
YouTube::@victorbuenrostro-b7i,YouTube,1,5,T12,20.0,T12_S0,20.0,5,5
YouTube::@victorcabeza8536,YouTube,1,1,T12,100.0,T12_S4,100.0,1,1
YouTube::@victorcruz9366,YouTube,1,6,T12,83.3,T12_S2,33.3,2,4
YouTube::@victorexiga2496,YouTube,1,3,T09,33.3,T09_S0,33.3,3,3
YouTube::@victorherven508,YouTube,1,1,T06,100.0,T06_S2,100.0,1,1
YouTube::@victorianorivera-d1n,YouTube,1,1,T04,100.0,T04_S6,100.0,1,1
YouTube::@victorlooez6171,YouTube,1,11,T11,36.4,T11_S1,27.3,7,9
YouTube::@victormedina7431,YouTube,1,9,T11,44.4,T11_S3,22.2,6,7
YouTube::@victoroliva6974,YouTube,1,2,T11,100.0,T11_S3,100.0,1,1
YouTube::@victorrivera6599,YouTube,1,1,T12,100.0,T12_S4,100.0,1,1
YouTube::@vidal3632,YouTube,1,0,,0.0,,0.0,0,0
YouTube::@vigoram17,YouTube,1,5,T11,60.0,T11_S0,40.0,3,3
YouTube::@viniJunior-xj1rb,YouTube,1,2,T09,50.0,T09_S0,50.0,2,2
YouTube::@vintachandniu,YouTube,1,3,T02,33.3,T02_S0,33.3,3,3
YouTube::@virtudillo5386,YouTube,1,1,T11,100.0,T11_S0,100.0,1,1
YouTube::@vitoelcuervito,YouTube,1,13,T11,38.5,T11_S3,23.1,6,11
YouTube::@vladdracul4568,YouTube,1,1,T06,100.0,T06_S2,100.0,1,1
YouTube::@volcom612infectedterran,YouTube,1,0,,0.0,,0.0,0,0
YouTube::@warbalanar7089,YouTube,1,1,T10,100.0,T10_S4,100.0,1,1
YouTube::@wellmandelacruz6201,YouTube,1,2,T10,50.0,T10_S1,50.0,2,2
YouTube::@what-I-enjoy-doing,YouTube,1,2,T08,50.0,T08_S0,50.0,2,2
YouTube::@williamgutierrez1693,YouTube,1,5,T12,40.0,T00_S3,20.0,4,5
YouTube::@wimbell,YouTube,1,0,,0.0,,0.0,0,0
YouTube::@xausdtmlc,YouTube,1,17,T12,23.5,T06_S2,17.6,10,13
YouTube::@xochitllarranaga6495,YouTube,1,2,T06,50.0,T06_S0,50.0,2,2
YouTube::@xoxo4505,YouTube,2,3,T12,66.7,T12_S4,33.3,2,3
YouTube::@xyz7005,YouTube,1,5,T04,60.0,T04_S5,40.0,2,4
YouTube::@yaritaestrada5348,YouTube,1,14,T11,21.4,T11_S0,14.3,7,11
YouTube::@yazminsanchez2048,YouTube,1,3,T12,66.7,T12_S3,66.7,2,2
YouTube::@yeyelvab9666,YouTube,1,0,,0.0,,0.0,0,0
YouTube::@yocastrogonzalez7460,YouTube,1,2,T12,50.0,T12_S3,50.0,2,2
YouTube::@yolandamartineze,YouTube,1,3,T09,66.7,T09_S0,66.7,2,2
YouTube::@yolandaneely6431,YouTube,1,2,T09,50.0,T11_S3,50.0,2,1
YouTube::@yomerosantiago,YouTube,1,2,T04,50.0,T04_S1,50.0,2,2
YouTube::@yoselingla,YouTube,1,3,T12,66.7,T06_S2,33.3,2,3
YouTube::@yotaroukauka,YouTube,1,6,T12,33.3,T06_S2,16.7,5,6
YouTube::@you1515-q4u,YouTube,1,3,T01,33.3,T01_S0,33.3,3,3
YouTube::@youutubestinks4580,YouTube,1,4,T01,50.0,T01_S1,50.0,3,3
YouTube::@yoyelcuba9219,YouTube,1,13,T11,30.8,T08_S0,15.4,8,10
YouTube::@yukibenube4188,YouTube,1,3,T06,33.3,T06_S0,33.3,3,3
YouTube::@yuridiaacevedo585,YouTube,1,1,T10,100.0,T10_S1,100.0,1,1
YouTube::@zabalazabalazabala4997,YouTube,1,2,T08,50.0,T08_S0,50.0,2,2
YouTube::@zandybelle,YouTube,1,0,,0.0,,0.0,0,0
YouTube::@zivarobledo5880,YouTube,1,2,T04,50.0,T04_S0,50.0,2,2
YouTube::@СергейЛяпунов-ч4я,YouTube,9,0,,0.0,,0.0,0,0
YouTube::@ミゲルアヤラ,YouTube,1,1,T10,100.0,T10_S4,100.0,1,1
