usuario,palabra,conteo,tema,sub,plataforma
Facebook::Aaron De Jesus Ramirez,excelente,1,2,1,Facebook
Facebook::Aaron De Jesus Ramirez,grupo,1,13,3,Facebook
Facebook::Aaron De Jesus Ramirez,cuadrilla,1,3,3,Facebook
Facebook::Aaron De Jesus Ramirez,fuerte,1,7,2,Facebook
Facebook::Aaron De Jesus Ramirez,lograr,1,13,2,Facebook
Facebook::Aaron De Jesus Ramirez,grande,1,1,0,Facebook
Facebook::Aaron De Jesus Ramirez,resultado,1,2,0,Facebook
Facebook::Aaron De Jesus Ramirez,union,1,1,0,Facebook
Facebook::Agustin Torres Rios,torre,2,6,2,Facebook
Facebook::Agustin Torres Rios,hospital,1,7,3,Facebook
Facebook::Agustin Torres Rios,participacion,1,1,0,Facebook
Facebook::Agustin Torres Rios,recuerdo,1,4,0,Facebook
Facebook::Agustin Torres Rios,memoria,1,5,3,Facebook
Facebook::Aj Segovia,tampicotecuida,4,2,1,Facebook
Facebook::Aj Segovia,evento,4,8,1,Facebook
Facebook::Aj Segovia,gente,2,6,2,Facebook
Facebook::Aj Segovia,convivir,2,4,0,Facebook
Facebook::Aj Segovia,padrisimo,2,4,0,Facebook
Facebook::Aj Segovia,sembrar,2,4,6,Facebook
Facebook::Aj Segovia,avanzar,2,14,1,Facebook
Facebook::Aj Segovia,presidenta,2,8,0,Facebook
Facebook::Aj Segovia,transformacion,2,14,1,Facebook
Facebook::Aj Segovia,labor,1,3,3,Facebook
Facebook::Aj Segovia,andar,1,9,0,Facebook
Facebook::Aj Segovia,obra,1,2,4,Facebook
Facebook::Aj Segovia,bello,1,8,0,Facebook
Facebook::Aj Segovia,espacio,1,1,0,Facebook
Facebook::Aj Segovia,aprender,1,11,3,Facebook
Facebook::Aj Segovia,disfrutar,1,1,0,Facebook
Facebook::Aj Segovia,conectar,1,3,2,Facebook
Facebook::Aj Segovia,entorno,1,3,2,Facebook
Facebook::Aj Segovia,natural,1,3,2,Facebook
Facebook::Aj Segovia,padre,1,4,0,Facebook
Facebook::Aj Segovia,convivencia,1,1,0,Facebook
Facebook::Aj Segovia,felicidad,1,8,0,Facebook
Facebook::Aj Segovia,significativo,1,6,3,Facebook
Facebook::Aj Segovia,plaza,1,1,1,Facebook
Facebook::Aj Segovia,quedar,1,11,0,Facebook
Facebook::Aj Segovia,bonito,1,8,1,Facebook
Facebook::Aj Segovia,felicidades,1,8,0,Facebook
Facebook::Aj Segovia,esperanza,1,6,1,Facebook
Facebook::Aj Segovia,futuro,1,13,1,Facebook
Facebook::Aj Segovia,prevenir,1,7,3,Facebook
Facebook::Aj Segovia,salud,1,2,3,Facebook
Facebook::Aj Segovia,festejo,1,8,1,Facebook
Facebook::Aj Segovia,presente,1,4,5,Facebook
Facebook::Aj Segovia,dia,1,6,0,Facebook
Facebook::Aj Segovia,historia,1,1,3,Facebook
Facebook::Aj Segovia,paz,1,1,0,Facebook
Facebook::Aj Segovia,construir,1,13,1,Facebook
Facebook::Aj Segovia,cercania,1,2,0,Facebook
Facebook::Aj Segovia,bienestar,1,2,3,Facebook
Facebook::Aj Segovia,oportunidad,1,13,2,Facebook
Facebook::Aj Segovia,gracias,1,8,0,Facebook
Facebook::Aj Segovia,conservacion,1,1,4,Facebook
Facebook::Aj Segovia,ambiental,1,1,4,Facebook
Facebook::Aj Segovia,amor,1,3,2,Facebook
Facebook::Aj Segovia,tierra,1,6,2,Facebook
Facebook::Aj Segovia,detener,1,12,2,Facebook
Facebook::Aj Segovia,amar,1,4,0,Facebook
Facebook::Aj Segovia,cuidar,1,2,1,Facebook
Facebook::Aj Segovia,inauguracion,1,10,0,Facebook
Facebook::Aj Segovia,mundial,1,4,0,Facebook
Facebook::Aj Segovia,triunfo,1,11,2,Facebook
Facebook::Aj Segovia,querido,1,11,2,Facebook
Facebook::Aj Segovia,seleccion,1,4,0,Facebook
Facebook::Aj Segovia,apoyar,1,1,2,Facebook
Facebook::Aj Segovia,celebrar,1,1,3,Facebook
Facebook::Aj Segovia,mexico,1,12,0,Facebook
Facebook::Aket Osbecode,reparar,1,7,2,Facebook
Facebook::Aket Osbecode,secretaria,1,14,2,Facebook
Facebook::Aket Osbecode,servicios,1,2,2,Facebook
Facebook::Aket Osbecode,publicos,1,14,2,Facebook
Facebook::Aket Osbecode,monica,1,3,0,Facebook
Facebook::Aket Osbecode,villarreal,1,3,0,Facebook
Facebook::Aket Osbecode,ano,1,11,2,Facebook
Facebook::Aket Osbecode,funcionar,1,4,6,Facebook
Facebook::Alcocer Manuelita Susy,encuentro,2,1,4,Facebook
Facebook::Alcocer Manuelita Susy,hernan,1,12,2,Facebook
Facebook::Alcocer Manuelita Susy,bendiga,1,10,0,Facebook
Facebook::Alcocer Manuelita Susy,entrada,1,3,4,Facebook
Facebook::Alcocer Manuelita Susy,deportista,1,13,0,Facebook
Facebook::Alcocer Manuelita Susy,compartir,1,1,0,Facebook
Facebook::Alcocer Manuelita Susy,red,1,14,3,Facebook
Facebook::Alcocer Manuelita Susy,deportivo,1,1,4,Facebook
Facebook::Alcocer Manuelita Susy,dema,1,12,3,Facebook
Facebook::Alcocer Manuelita Susy,tamaulipas,1,5,1,Facebook
Facebook::Alcocer Manuelita Susy,gob,1,3,0,Facebook
Facebook::Alejandra Sanchez,accion,1,2,0,Facebook
Facebook::Alejandra Sanchez,beneficio,1,2,3,Facebook
Facebook::Alejandra Sanchez,ciudadania,1,2,3,Facebook
Facebook::Alejandra Sanchez,ano,1,11,2,Facebook
Facebook::Alejandra Sanchez,exposicion,1,6,3,Facebook
Facebook::Alejandra Sanchez,fotografico,1,6,3,Facebook
Facebook::Alex Moxa,felicidad,4,8,0,Facebook
Facebook::Alex Moxa,felicidades,3,8,0,Facebook
Facebook::Alex Moxa,presidentar,3,8,0,Facebook
Facebook::Alex Moxa,presidenta,2,8,0,Facebook
Facebook::Alex Moxa,iniciativa,1,13,2,Facebook
Facebook::Alex Moxa,gracias,1,8,0,Facebook
Facebook::Alex Moxa,impulsar,1,1,2,Facebook
Facebook::Alex Moxa,deporte,1,2,1,Facebook
Facebook::Alex Moxa,cancha,1,14,4,Facebook
Facebook::Alex Moxa,super,1,8,0,Facebook
Facebook::Alex Moxa,bonito,1,8,1,Facebook
Facebook::Alex Moxa,seguir,1,2,0,Facebook
Facebook::Alfredo Contreras,manana,1,10,1,Facebook
Facebook::Alfredo Contreras,volver,1,12,2,Facebook
Facebook::Alfredo Contreras,lleno,1,8,1,Facebook
Facebook::Alfredo Contreras,basura,1,3,1,Facebook
Facebook::Alfredo Contreras,tirar,1,9,1,Facebook
Facebook::Alfredo Contreras,gente,1,6,2,Facebook
Facebook::Alma Alicia Bello,enhorabuena,1,8,0,Facebook
Facebook::Alma Alicia Bello,descanso,1,3,2,Facebook
Facebook::Alma Alicia Bello,luz,1,3,1,Facebook
Facebook::Alma Alicia Bello,descansar,1,4,1,Facebook
Facebook::Alma Alicia Bello,paz,1,1,0,Facebook
Facebook::Alma Flores,excelente,3,2,1,Facebook
Facebook::Alma Flores,presidenta,3,8,0,Facebook
Facebook::Alma Flores,salud,2,2,3,Facebook
Facebook::Alma Flores,evento,2,8,1,Facebook
Facebook::Alma Flores,deporte,1,2,1,Facebook
Facebook::Alma Flores,cultura,1,1,1,Facebook
Facebook::Alma Flores,exito,1,8,0,Facebook
Facebook::Alma Flores,gracias,1,8,0,Facebook
Facebook::Alma Flores,wow,1,9,-1,Facebook
Facebook::Alma Flores,padrisimo,1,4,0,Facebook
Facebook::Alma Flores,super,1,8,0,Facebook
Facebook::Alma Flores,felicidades,1,8,0,Facebook
Facebook::Alma Flores,iniciativa,1,13,2,Facebook
Facebook::Alma Flores,felicidad,1,8,0,Facebook
Facebook::Alma Flores,monica,1,3,0,Facebook
Facebook::Alma Flores,villarreal,1,3,0,Facebook
Facebook::Alma Flores,tampiquenos,1,13,5,Facebook
Facebook::Alma Flores,educacion,1,14,1,Facebook
Facebook::Alma Flores,bienvenido,1,1,4,Facebook
Facebook::Alma Flores,gobernador,1,14,1,Facebook
Facebook::Alma Flores,avanzar,1,14,1,Facebook
Facebook::Almix Mar,arreglar,1,11,4,Facebook
Facebook::Almix Mar,calle,1,9,1,Facebook
Facebook::Almix Mar,puerta,1,10,0,Facebook
Facebook::Almix Mar,pesimo,1,10,1,Facebook
Facebook::Almix Mar,abierto,1,3,3,Facebook
Facebook::Alvaro Garza,presidenta,2,8,0,Facebook
Facebook::Alvaro Garza,monica,1,3,0,Facebook
Facebook::Alvaro Garza,villarreal,1,3,0,Facebook
Facebook::Alvaro Garza,merecido,1,8,2,Facebook
Facebook::Alverto Ivarra,jajaja,1,11,0,Facebook
Facebook::Alverto Ivarra,entrega,1,13,3,Facebook
Facebook::Alverto Ivarra,salir,1,11,0,Facebook
Facebook::Alverto Ivarra,sacar,1,11,3,Facebook
Facebook::Alverto Ivarra,palacio,1,12,0,Facebook
Facebook::Alverto Ivarra,llegar,1,10,1,Facebook
Facebook::Alverto Ivarra,tarde,1,8,1,Facebook
Facebook::Alverto Ivarra,ahorita,1,9,0,Facebook
Facebook::America Mejia,excelente,1,2,1,Facebook
Facebook::America Mejia,iniciativa,1,13,2,Facebook
Facebook::America Mejia,alcaldesa,1,8,0,Facebook
Facebook::America Mejia,salud,1,2,3,Facebook
Facebook::America Mejia,emocional,1,13,0,Facebook
Facebook::America Mejia,joven,1,13,0,Facebook
Facebook::America Mejia,prioridad,1,7,1,Facebook
Facebook::Ami Grand Robert,temporada,2,0,1,Facebook
Facebook::Ami Grand Robert,seguir,1,2,0,Facebook
Facebook::Ami Grand Robert,esperar,1,4,0,Facebook
Facebook::Ami Grand Robert,respuesta,1,0,4,Facebook
Facebook::Ami Grand Robert,simple,1,7,1,Facebook
Facebook::Ami Grand Robert,marzo,1,6,1,Facebook
Facebook::Ami Grand Robert,venir,1,4,0,Facebook
Facebook::Ami Grand Robert,iniciativa,1,13,2,Facebook
Facebook::Ami Grand Robert,deber,1,11,1,Facebook
Facebook::Ami Grand Robert,limpieza,1,3,3,Facebook
Facebook::Ami Grand Robert,mes,1,4,3,Facebook
Facebook::Ami Grand Robert,lluvia,1,0,1,Facebook
Facebook::Andres Acuña,saludo,1,11,2,Facebook
Facebook::Andres Acuña,excelente,1,2,1,Facebook
Facebook::Andres Acuña,oportunidad,1,13,2,Facebook
Facebook::Andres Acuña,autoridad,1,0,3,Facebook
Facebook::Andres Acuña,ciudadania,1,2,3,Facebook
Facebook::Andres Acuña,contar,1,6,0,Facebook
Facebook::Andrés Díaz,incansable,1,0,1,Facebook
Facebook::Andrés Díaz,senora,1,9,0,Facebook
Facebook::Andrés Díaz,licenciada,1,2,1,Facebook
Facebook::Andrés Díaz,monica,1,3,0,Facebook
Facebook::Andrés Díaz,villarreal,1,3,0,Facebook
Facebook::Andrés Díaz,anaya,1,3,0,Facebook
Facebook::Andrés Díaz,bienestar,1,2,3,Facebook
Facebook::Andrés Díaz,gracias,1,8,0,Facebook
Facebook::Andrés Díaz,desempeno,1,13,5,Facebook
Facebook::Andrés Díaz,cabildo,1,7,3,Facebook
Facebook::Angeles Zuniga,excelente,8,2,1,Facebook
Facebook::Angeles Zuniga,supervision,1,0,3,Facebook
Facebook::Angeles Zuniga,evento,1,8,1,Facebook
Facebook::Angeles Zuniga,gracias,1,8,0,Facebook
Facebook::Angeles Zuniga,presidenta,1,8,0,Facebook
Facebook::Angeles Zuniga,pueblo,1,11,5,Facebook
Facebook::Angeles Zuniga,necesitar,1,2,0,Facebook
Facebook::Angeles Zuniga,gracia,1,11,2,Facebook
Facebook::Angeles Zuniga,exposicion,1,6,3,Facebook
Facebook::Angelica Tinajero,excelente,1,2,1,Facebook
Facebook::Angelica Tinajero,jose,1,0,5,Facebook
Facebook::Angelica Tinajero,antonio,1,0,5,Facebook
Facebook::Angelica Tinajero,marin,1,0,5,Facebook
Facebook::Angelica Tinajero,director,1,0,5,Facebook
Facebook::Angelica Tinajero,proteccion,1,0,0,Facebook
Facebook::Angelica Tinajero,civil,1,0,0,Facebook
Facebook::Angelica Tinajero,prevencion,1,0,3,Facebook
Facebook::Angelica Tinajero,preparado,1,0,1,Facebook
Facebook::Angelica Tinajero,emergencia,1,0,0,Facebook
Facebook::Anita Rodriguez,presidentar,1,8,0,Facebook
Facebook::Anita Rodriguez,nino,1,8,1,Facebook
Facebook::Anita Rodriguez,contento,1,8,0,Facebook
Facebook::Anita Rodriguez,regalo,1,8,1,Facebook
Facebook::Anita Rodriguez,preguntar,1,10,4,Facebook
Facebook::Anita Rodriguez,ano,1,11,2,Facebook
Facebook::Anita Rodriguez,colonia,1,2,4,Facebook
Facebook::Anita Rodriguez,san,1,10,1,Facebook
Facebook::Anita Rodriguez,antonio,1,0,5,Facebook
Facebook::Anita Rodriguez,mandar,1,11,1,Facebook
Facebook::Anita Rodriguez,saludo,1,11,2,Facebook
Facebook::Armando Gonzalez,super,8,8,0,Facebook
Facebook::Armando Gonzalez,padrisimo,5,4,0,Facebook
Facebook::Armando Gonzalez,padre,2,4,0,Facebook
Facebook::Armando Gonzalez,excelente,1,2,1,Facebook
Facebook::Armando Gonzalez,presidenta,1,8,0,Facebook
Facebook::Artur Montejano Perez,hora,7,10,1,Facebook
Facebook::Artur Montejano Perez,alcaldesa,7,8,0,Facebook
Facebook::Artur Montejano Perez,excelente,3,2,1,Facebook
Facebook::Artur Montejano Perez,presente,1,4,5,Facebook
Facebook::Artur Montejano Perez,evento,1,8,1,Facebook
Facebook::Artur Montejano Perez,felicidades,1,8,0,Facebook
Facebook::Artur Montejano Perez,mujer,1,10,3,Facebook
Facebook::Artur Montejano Perez,gobernador,1,14,1,Facebook
Facebook::Arturo Garibay,alcaldesa,3,8,0,Facebook
Facebook::Arturo Garibay,mexico,3,12,0,Facebook
Facebook::Arturo Garibay,felicidades,3,8,0,Facebook
Facebook::Arturo Garibay,cuidar,2,2,1,Facebook
Facebook::Arturo Garibay,espacio,1,1,0,Facebook
Facebook::Arturo Garibay,seguir,1,2,0,Facebook
Facebook::Arturo Garibay,pueblo,1,11,5,Facebook
Facebook::Arturo Garibay,tampiqueno,1,2,0,Facebook
Facebook::Arturo Garibay,sonrisa,1,2,3,Facebook
Facebook::Arturo Garibay,obra,1,2,4,Facebook
Facebook::Arturo Garibay,excelente,1,2,1,Facebook
Facebook::Arturo Garibay,atencion,1,7,3,Facebook
Facebook::Arturo Garibay,pesca,1,1,4,Facebook
Facebook::Arturo Garibay,comercial,1,1,2,Facebook
Facebook::Arturo Garibay,deportivo,1,1,4,Facebook
Facebook::Arturo Garibay,representar,1,14,1,Facebook
Facebook::Arturo Garibay,economia,1,1,2,Facebook
Facebook::Arturo Garibay,turismo,1,14,4,Facebook
Facebook::Arturo Garibay,puerto,1,8,0,Facebook
Facebook::Arturo Garibay,felicidad,1,8,0,Facebook
Facebook::Arturo Garibay,presidenta,1,8,0,Facebook
Facebook::Arturo Garibay,republica,1,14,1,Facebook
Facebook::Arturo Garibay,claudia,1,12,0,Facebook
Facebook::Arturo Garibay,sheinbaum,1,12,0,Facebook
Facebook::Arturo Garibay,acuerdo,1,4,1,Facebook
Facebook::Arturo Garibay,frente,1,9,1,Facebook
Facebook::Arturo Garibay,premio,1,8,2,Facebook
Facebook::Arturo Garibay,merecido,1,8,2,Facebook
Facebook::Arturo Garibay,esfuerzo,1,13,2,Facebook
Facebook::Arturo Garibay,medio,1,8,2,Facebook
Facebook::Arturo Garibay,ambiente,1,8,2,Facebook
Facebook::Arturo Garibay,cuidado,1,3,2,Facebook
Facebook::Arturo Garibay,ecologico,1,8,2,Facebook
Facebook::Arturo Garibay,tamaulipas,1,5,1,Facebook
Facebook::Arturo Garibay,bravo,1,12,3,Facebook
Facebook::Arturo Garibay,responsable,1,3,2,Facebook
Facebook::Arturo Garibay,destino,1,4,5,Facebook
Facebook::Arturo Garibay,tampiquenos,1,13,5,Facebook
Facebook::Arturo Garibay,confianza,1,2,0,Facebook
Facebook::Arturo Garibay,ciudad,1,13,1,Facebook
Facebook::Arturo Garibay,limpio,1,7,0,Facebook
Facebook::Arturo Garibay,apoyar,1,1,2,Facebook
Facebook::Arturo Garibay,libertad,1,6,3,Facebook
Facebook::Arturo Garibay,expresion,1,6,-1,Facebook
Facebook::Arturo Garibay,evento,1,8,1,Facebook
Facebook::Arturo Garibay,monica,1,3,0,Facebook
Facebook::Arturo Garibay,reconocimiento,1,13,1,Facebook
Facebook::Arturo Garibay,hermoso,1,8,0,Facebook
Facebook::Aurelio Cantú D,presidenta,4,8,0,Facebook
Facebook::Aurelio Cantú D,excelente,3,2,1,Facebook
Facebook::Aurelio Cantú D,felicidades,3,8,0,Facebook
Facebook::Aurelio Cantú D,tampiquenos,2,13,5,Facebook
Facebook::Aurelio Cantú D,monica,2,3,0,Facebook
Facebook::Aurelio Cantú D,villarreal,2,3,0,Facebook
Facebook::Aurelio Cantú D,accion,2,2,0,Facebook
Facebook::Aurelio Cantú D,equipo,1,13,3,Facebook
Facebook::Aurelio Cantú D,vision,1,9,2,Facebook
Facebook::Aurelio Cantú D,bello,1,8,0,Facebook
Facebook::Aurelio Cantú D,beneficio,1,2,3,Facebook
Facebook::Aurelio Cantú D,tampicovacontodo,1,2,1,Facebook
Facebook::Aurora Covarrubias Alvarado,calle,2,9,1,Facebook
Facebook::Aurora Covarrubias Alvarado,lopez,1,12,2,Facebook
Facebook::Aurora Covarrubias Alvarado,faltar,1,12,1,Facebook
Facebook::Aurora Covarrubias Alvarado,col,1,6,1,Facebook
Facebook::Aurora Covarrubias Alvarado,paz,1,1,0,Facebook
Facebook::Aurora Covarrubias Alvarado,favor,1,11,5,Facebook
Facebook::Aurora Covarrubias Alvarado,tancol,1,2,4,Facebook
Facebook::Aurora Zurc,parecer,1,9,0,Facebook
Facebook::Aurora Zurc,increible,1,8,2,Facebook
Facebook::Aurora Zurc,labor,1,3,3,Facebook
Facebook::Aurora Zurc,programa,1,2,3,Facebook
Facebook::Aurora Zurc,sonrisas,1,2,3,Facebook
Facebook::Aurora Zurc,bienestar,1,2,3,Facebook
Facebook::Aurora Zurc,colonia,1,2,4,Facebook
Facebook::Aurora Zurc,generar,1,13,2,Facebook
Facebook::Aurora Zurc,ahorro,1,4,3,Facebook
Facebook::Aurora Zurc,importante,1,13,0,Facebook
Facebook::Aurora Zurc,economia,1,1,2,Facebook
Facebook::Aurora Zurc,familia,1,1,0,Facebook
Facebook::Badir Alvarado Maldonado,felicidad,2,8,0,Facebook
Facebook::Badir Alvarado Maldonado,evento,1,8,1,Facebook
Facebook::Badir Alvarado Maldonado,nino,1,8,1,Facebook
Facebook::Badir Alvarado Maldonado,alcaldesar,1,14,2,Facebook
Facebook::Baird Damon,policia,8,13,4,Facebook
Facebook::Baird Damon,salir,7,11,0,Facebook
Facebook::Baird Damon,cualquiera,7,6,2,Facebook
Facebook::Baird Damon,traer,6,11,0,Facebook
Facebook::Baird Damon,andar,5,9,0,Facebook
Facebook::Baird Damon,celular,5,13,4,Facebook
Facebook::Baird Damon,nuevamente,4,13,4,Facebook
Facebook::Baird Damon,aeropuerto,4,13,4,Facebook
Facebook::Baird Damon,mercado,4,8,4,Facebook
Facebook::Baird Damon,ciudadano,4,1,0,Facebook
Facebook::Baird Damon,denunciar,4,13,4,Facebook
Facebook::Baird Damon,publico,4,14,3,Facebook
Facebook::Baird Damon,ley,4,11,1,Facebook
Facebook::Baird Damon,telefono,3,7,2,Facebook
Facebook::Baird Damon,area,3,10,0,Facebook
Facebook::Baird Damon,personal,3,0,2,Facebook
Facebook::Baird Damon,comunicacion,3,13,4,Facebook
Facebook::Baird Damon,centro,3,13,3,Facebook
Facebook::Baird Damon,querer,3,11,0,Facebook
Facebook::Baird Damon,derecho,3,10,3,Facebook
Facebook::Baird Damon,empresa,3,13,2,Facebook
Facebook::Baird Damon,denuncia,3,13,4,Facebook
Facebook::Baird Damon,estatal,3,0,3,Facebook
Facebook::Baird Damon,llegar,3,10,1,Facebook
Facebook::Baird Damon,delincuente,2,12,1,Facebook
Facebook::Baird Damon,gordo,2,11,0,Facebook
Facebook::Baird Damon,sacar,2,11,3,Facebook
Facebook::Baird Damon,hablar,2,11,0,Facebook
Facebook::Baird Damon,deber,2,11,1,Facebook
Facebook::Baird Damon,indicacion,2,0,4,Facebook
Facebook::Baird Damon,gente,2,6,2,Facebook
Facebook::Baird Damon,cosa,2,11,3,Facebook
Facebook::Baird Damon,seguridad,2,0,3,Facebook
Facebook::Baird Damon,llamar,2,11,1,Facebook
Facebook::Baird Damon,informar,2,10,1,Facebook
Facebook::Baird Damon,hidalgo,2,0,2,Facebook
Facebook::Baird Damon,san,2,10,1,Facebook
Facebook::Baird Damon,pedro,2,10,1,Facebook
Facebook::Baird Damon,esperar,2,4,0,Facebook
Facebook::Baird Damon,empresario,2,14,1,Facebook
Facebook::Baird Damon,sur,2,14,2,Facebook
Facebook::Baird Damon,delito,2,11,4,Facebook
Facebook::Baird Damon,presentar,2,10,0,Facebook
Facebook::Baird Damon,video,2,11,2,Facebook
Facebook::Baird Damon,guardia,2,6,2,Facebook
Facebook::Baird Damon,nacional,2,4,2,Facebook
Facebook::Baird Damon,servicio,2,2,2,Facebook
Facebook::Baird Damon,caso,2,10,4,Facebook
Facebook::Baird Damon,unico,2,11,4,Facebook
Facebook::Baird Damon,mandar,2,11,1,Facebook
Facebook::Baird Damon,jueves,2,11,0,Facebook
Facebook::Baird Damon,hora,2,10,1,Facebook
Facebook::Baird Damon,torre,1,6,2,Facebook
Facebook::Baird Damon,colonia,1,2,4,Facebook
Facebook::Baird Damon,unidad,1,6,1,Facebook
Facebook::Baird Damon,acercar,1,2,2,Facebook
Facebook::Baird Damon,dejar,1,9,0,Facebook
Facebook::Baird Damon,recorrer,1,0,1,Facebook
Facebook::Baird Damon,metro,1,11,3,Facebook
Facebook::Baird Damon,tirar,1,9,1,Facebook
Facebook::Baird Damon,aparato,1,11,5,Facebook
Facebook::Baird Damon,cargo,1,12,1,Facebook
Facebook::Baird Damon,evitar,1,7,2,Facebook
Facebook::Baird Damon,claro,1,4,3,Facebook
Facebook::Baird Damon,pedir,1,11,0,Facebook
Facebook::Baird Damon,ingresar,1,11,0,Facebook
Facebook::Baird Damon,pequeno,1,0,4,Facebook
Facebook::Baird Damon,fruta,1,13,4,Facebook
Facebook::Baird Damon,alto,1,13,0,Facebook
Facebook::Baird Damon,comentar,1,11,0,Facebook
Facebook::Baird Damon,adulto,1,6,-1,Facebook
Facebook::Baird Damon,protocolo,1,13,4,Facebook
Facebook::Baird Damon,principio,1,11,0,Facebook
Facebook::Baird Damon,equipo,1,13,3,Facebook
Facebook::Baird Damon,vuelta,1,11,0,Facebook
Facebook::Baird Damon,madero,1,5,0,Facebook
Facebook::Baird Damon,reciente,1,13,1,Facebook
Facebook::Baird Damon,infonavit,1,11,5,Facebook
Facebook::Baird Damon,transporte,1,12,-1,Facebook
Facebook::Baird Damon,dinero,1,12,5,Facebook
Facebook::Baird Damon,tamaulipa,1,11,0,Facebook
Facebook::Baird Damon,cometer,1,11,4,Facebook
Facebook::Baird Damon,prueba,1,12,3,Facebook
Facebook::Baird Damon,andir,1,11,2,Facebook
Facebook::Baird Damon,marino,1,12,1,Facebook
Facebook::Baird Damon,labor,1,3,3,Facebook
Facebook::Baird Damon,creer,1,12,3,Facebook
Facebook::Baird Damon,suficiente,1,11,5,Facebook
Facebook::Baird Damon,subir,1,11,2,Facebook
Facebook::Baird Damon,aparte,1,11,1,Facebook
Facebook::Baird Damon,servir,1,6,2,Facebook
Facebook::Baird Damon,nivel,1,4,2,Facebook
Facebook::Baird Damon,poblacion,1,0,1,Facebook
Facebook::Baird Damon,correr,1,7,4,Facebook
Facebook::Baird Damon,tamaulipas,1,5,1,Facebook
Facebook::Baird Damon,tecnico,1,11,2,Facebook
Facebook::Baird Damon,justificar,1,9,0,Facebook
Facebook::Baird Damon,presencia,1,13,4,Facebook
Facebook::Baird Damon,medio,1,8,2,Facebook
Facebook::Baird Damon,legal,1,11,6,Facebook
Facebook::Baird Damon,humano,1,9,0,Facebook
Facebook::Baird Damon,llegada,1,13,4,Facebook
Facebook::Baird Damon,sorpresa,1,8,1,Facebook
Facebook::Baird Damon,fallar,1,11,4,Facebook
Facebook::Baird Damon,memoria,1,5,3,Facebook
Facebook::Baird Damon,agua,1,3,1,Facebook
Facebook::Baird Damon,complice,1,11,4,Facebook
Facebook::Baird Damon,continuo,1,13,5,Facebook
Facebook::Baird Damon,diferencia,1,2,4,Facebook
Facebook::Baird Damon,mostrar,1,13,4,Facebook
Facebook::Baird Damon,meter,1,11,3,Facebook
Facebook::Baird Damon,situacion,1,0,1,Facebook
Facebook::Baird Damon,corrupto,1,12,4,Facebook
Facebook::Baird Damon,trabajador,1,10,3,Facebook
Facebook::Baird Damon,vehiculo,1,7,2,Facebook
Facebook::Baird Damon,forma,1,12,3,Facebook
Facebook::Baird Damon,casa,1,3,1,Facebook
Facebook::Baird Damon,incluir,1,4,0,Facebook
Facebook::Baird Damon,civil,1,0,0,Facebook
Facebook::Baird Damon,libertad,1,6,3,Facebook
Facebook::Baird Damon,persona,1,4,3,Facebook
Facebook::Baird Damon,semana,1,4,5,Facebook
Facebook::Baird Damon,entrar,1,4,1,Facebook
Facebook::Baird Damon,real,1,13,2,Facebook
Facebook::Baird Damon,encontrar,1,7,4,Facebook
Facebook::Baird Damon,pronto,1,11,3,Facebook
Facebook::Baird Damon,martes,1,1,3,Facebook
Facebook::Baird Damon,manana,1,10,1,Facebook
Facebook::Baird Damon,transitar,1,0,1,Facebook
Facebook::BanRo Lupis,calle,3,9,1,Facebook
Facebook::BanRo Lupis,vecino,1,2,4,Facebook
Facebook::BanRo Lupis,canal,1,9,1,Facebook
Facebook::BanRo Lupis,necesitar,1,2,0,Facebook
Facebook::BanRo Lupis,jornada,1,3,1,Facebook
Facebook::BanRo Lupis,descacharrizacion,1,3,1,Facebook
Facebook::BanRo Lupis,utilizar,1,9,1,Facebook
Facebook::BanRo Lupis,criadero,1,3,1,Facebook
Facebook::BanRo Lupis,animal,1,8,2,Facebook
Facebook::Ber Joss,evento,3,8,1,Facebook
Facebook::Ber Joss,felicidades,3,8,0,Facebook
Facebook::Ber Joss,hermoso,2,8,0,Facebook
Facebook::Ber Joss,super,2,8,0,Facebook
Facebook::Ber Joss,presente,1,4,5,Facebook
Facebook::Ber Joss,diversion,1,8,1,Facebook
Facebook::Ber Joss,nino,1,8,1,Facebook
Facebook::Ber Joss,lleno,1,8,1,Facebook
Facebook::Ber Joss,gente,1,6,2,Facebook
Facebook::Ber Joss,felicidad,1,8,0,Facebook
Facebook::Ber Joss,presidenta,1,8,0,Facebook
Facebook::Ber Joss,tampicovacontodo,1,2,1,Facebook
Facebook::Berrones Morris Poncho,alcaldesa,5,8,0,Facebook
Facebook::Berrones Morris Poncho,excelente,3,2,1,Facebook
Facebook::Berrones Morris Poncho,gracias,1,8,0,Facebook
Facebook::Berrones Morris Poncho,nino,1,8,1,Facebook
Facebook::Berrones Morris Poncho,gustar,1,6,0,Facebook
Facebook::Berrones Morris Poncho,regalo,1,8,1,Facebook
Facebook::Berrones Morris Poncho,gracia,1,11,2,Facebook
Facebook::Berrones Morris Poncho,parar,1,11,0,Facebook
Facebook::Betty Ortiz,monica,3,3,0,Facebook
Facebook::Betty Ortiz,villarreal,3,3,0,Facebook
Facebook::Betty Ortiz,lic,2,8,0,Facebook
Facebook::Betty Ortiz,voz,1,1,0,Facebook
Facebook::Betty Ortiz,deporte,1,2,1,Facebook
Facebook::Betty Ortiz,luz,1,3,1,Facebook
Facebook::Betty Ortiz,cuidar,1,2,1,Facebook
Facebook::Betty Vallejo Almaraz,excelente,5,2,1,Facebook
Facebook::Bety Ponce,basura,2,3,1,Facebook
Facebook::Bety Ponce,cultura,1,1,1,Facebook
Facebook::Bety Ponce,necesitar,1,2,0,Facebook
Facebook::Bety Ponce,gente,1,6,2,Facebook
Facebook::Bety Ponce,tirar,1,9,1,Facebook
Facebook::Bety Ponce,calle,1,9,1,Facebook
Facebook::Bety Ponce,quejar,1,9,1,Facebook
Facebook::Bety Ponce,inundar,1,9,1,Facebook
Facebook::Bety Ponce,realidad,1,6,2,Facebook
Facebook::Bety Ponce,donde,1,12,2,Facebook
Facebook::Bety Ponce,deber,1,11,1,Facebook
Facebook::Bety Ponce,cosa,1,11,3,Facebook
Facebook::Blanca Estela Pulido Ramírez,excelente,3,2,1,Facebook
Facebook::Blanca Estela Pulido Ramírez,tampicovacontodo,2,2,1,Facebook
Facebook::Blanca Estela Pulido Ramírez,distinto,1,2,2,Facebook
Facebook::Blanca Estela Pulido Ramírez,disciplina,1,13,0,Facebook
Facebook::Blanca Estela Pulido Ramírez,familia,1,1,0,Facebook
Facebook::Blanca Estela Pulido Ramírez,seguir,1,2,0,Facebook
Facebook::Blanca Estela Pulido Ramírez,exito,1,8,0,Facebook
Facebook::Blanca Estela Pulido Ramírez,tampicotecuida,1,2,1,Facebook
Facebook::Blanca Maldonado Hdz,gusto,1,8,4,Facebook
Facebook::Blanca Maldonado Hdz,asistir,1,8,2,Facebook
Facebook::Blanca Maldonado Hdz,victoria,1,11,0,Facebook
Facebook::Blanca Maldonado Hdz,claudia,1,12,0,Facebook
Facebook::Blanca Maldonado Hdz,sheinbaum,1,12,0,Facebook
Facebook::Blanca Maldonado Hdz,pardo,1,11,2,Facebook
Facebook::Blanca Maldonado Hdz,gracias,1,8,0,Facebook
Facebook::Blanca Maldonado Hdz,lic,1,8,0,Facebook
Facebook::Blanca Maldonado Hdz,monica,1,3,0,Facebook
Facebook::Blanca Maldonado Hdz,villarreal,1,3,0,Facebook
Facebook::Blanca Maldonado Hdz,fomentar,1,5,3,Facebook
Facebook::Blanca Maldonado Hdz,deporte,1,2,1,Facebook
Facebook::Blanca Maldonado Hdz,mostrar,1,13,4,Facebook
Facebook::Blanca Maldonado Hdz,municipio,1,14,2,Facebook
Facebook::Brenda Martínez,alcaldesa,2,8,0,Facebook
Facebook::Brenda Martínez,felicidades,1,8,0,Facebook
Facebook::Brenda Martínez,gracias,1,8,0,Facebook
Facebook::Brenda Martínez,apoyar,1,1,2,Facebook
Facebook::Brenda Martínez,necesitar,1,2,0,Facebook
Facebook::Brigido Magaña,abrir,1,6,1,Facebook
Facebook::Brigido Magaña,espacio,1,1,0,Facebook
Facebook::Brigido Magaña,dialogo,1,2,0,Facebook
Facebook::Brigido Magaña,participacion,1,1,0,Facebook
Facebook::Brigido Magaña,ciudadano,1,1,0,Facebook
Facebook::Brigido Magaña,fortalecer,1,14,0,Facebook
Facebook::Brigido Magaña,decision,1,12,3,Facebook
Facebook::Brigido Magaña,beneficiar,1,14,1,Facebook
Facebook::Brigido Magaña,familia,1,1,0,Facebook
Facebook::Brigido Magaña,base,1,13,4,Facebook
Facebook::Brigido Magaña,sociedad,1,6,2,Facebook
Facebook::Brigido Magaña,felicidad,1,8,0,Facebook
Facebook::Brigido Magaña,impulsar,1,1,2,Facebook
Facebook::Brigido Magaña,accion,1,2,0,Facebook
Facebook::Brigido Magaña,promover,1,1,0,Facebook
Facebook::Brigido Magaña,union,1,1,0,Facebook
Facebook::Brigido Magaña,respeto,1,9,4,Facebook
Facebook::Brigido Magaña,prevencion,1,0,3,Facebook
Facebook::Brigido Magaña,violencia,1,1,0,Facebook
Facebook::Brigido Magaña,excelente,1,2,1,Facebook
Facebook::Brigido Magaña,alcaldesa,1,8,0,Facebook
Facebook::Brigido Magaña,numero,1,10,0,Facebook
Facebook::Brigido Magaña,mentir,1,12,0,Facebook
Facebook::Brigido Magaña,seguir,1,2,0,Facebook
Facebook::Brigido Magaña,avanzar,1,14,1,Facebook
Facebook::CJ Gac,villarreal,3,3,0,Facebook
Facebook::CJ Gac,faltar,1,12,1,Facebook
Facebook::CJ Gac,cosa,1,11,3,Facebook
Facebook::CJ Gac,monica,1,3,0,Facebook
Facebook::CJ Gac,rey,1,12,-1,Facebook
Facebook::CJ Gac,americo,1,14,1,Facebook
Facebook::CJ Gac,llamado,1,0,1,Facebook
Facebook::CJ Gac,tamaulipas,1,5,1,Facebook
Facebook::CJ Gac,cumplir,1,10,1,Facebook
Facebook::CJ Gac,foto,1,4,2,Facebook
Facebook::CJ Gac,bonito,1,8,1,Facebook
Facebook::CJ Gac,ciudad,1,13,1,Facebook
Facebook::Carlos Alfredo Arguelles Cendoya,alcaldesa,6,8,0,Facebook
Facebook::Carlos Alfredo Arguelles Cendoya,labor,3,3,3,Facebook
Facebook::Carlos Alfredo Arguelles Cendoya,hermoso,3,8,0,Facebook
Facebook::Carlos Alfredo Arguelles Cendoya,super,3,8,0,Facebook
Facebook::Carlos Alfredo Arguelles Cendoya,bravo,2,12,3,Facebook
Facebook::Carlos Alfredo Arguelles Cendoya,deporte,2,2,1,Facebook
Facebook::Carlos Alfredo Arguelles Cendoya,excelente,2,2,1,Facebook
Facebook::Carlos Alfredo Arguelles Cendoya,saludo,2,11,2,Facebook
Facebook::Carlos Alfredo Arguelles Cendoya,monica,2,3,0,Facebook
Facebook::Carlos Alfredo Arguelles Cendoya,salud,2,2,3,Facebook
Facebook::Carlos Alfredo Arguelles Cendoya,felicidad,2,8,0,Facebook
Facebook::Carlos Alfredo Arguelles Cendoya,viva,2,12,0,Facebook
Facebook::Carlos Alfredo Arguelles Cendoya,mujer,2,10,3,Facebook
Facebook::Carlos Alfredo Arguelles Cendoya,evento,1,8,1,Facebook
Facebook::Carlos Alfredo Arguelles Cendoya,nino,1,8,1,Facebook
Facebook::Carlos Alfredo Arguelles Cendoya,nina,1,8,1,Facebook
Facebook::Carlos Alfredo Arguelles Cendoya,secretaria,1,14,2,Facebook
Facebook::Carlos Alfredo Arguelles Cendoya,servicios,1,2,2,Facebook
Facebook::Carlos Alfredo Arguelles Cendoya,publicos,1,14,2,Facebook
Facebook::Carlos Alfredo Arguelles Cendoya,mensaje,1,5,3,Facebook
Facebook::Carlos Alfredo Arguelles Cendoya,reflexion,1,1,1,Facebook
Facebook::Carlos Alfredo Arguelles Cendoya,exito,1,8,0,Facebook
Facebook::Carlos Alfredo Arguelles Cendoya,crecer,1,6,0,Facebook
Facebook::Carlos Alfredo Arguelles Cendoya,villarreal,1,3,0,Facebook
Facebook::Carlos Alfredo Arguelles Cendoya,bonito,1,8,1,Facebook
Facebook::Carlos Alfredo Arguelles Cendoya,gracia,1,11,2,Facebook
Facebook::Carlos Alfredo Arguelles Cendoya,amor,1,3,2,Facebook
Facebook::Carlos Alfredo Arguelles Cendoya,historico,1,6,1,Facebook
Facebook::Carlos Alfredo Arguelles Cendoya,presidenta,1,8,0,Facebook
Facebook::Carlos Alfredo Arguelles Cendoya,prioridad,1,7,1,Facebook
Facebook::Carlos Alfredo Arguelles Cendoya,emocional,1,13,0,Facebook
Facebook::Carlos Alfredo Arguelles Cendoya,joven,1,13,0,Facebook
Facebook::Carlos Alfredo Arguelles Cendoya,incansable,1,0,1,Facebook
Facebook::Carlos Alfredo Arguelles Cendoya,cultura,1,1,1,Facebook
Facebook::Carlos Alfredo Arguelles Cendoya,preventivo,1,0,1,Facebook
Facebook::Carlos Alfredo Arguelles Cendoya,descanso,1,3,2,Facebook
Facebook::Carlos Alfredo Arguelles Cendoya,paz,1,1,0,Facebook
Facebook::Carlos Alfredo Arguelles Cendoya,desarrollo,1,1,2,Facebook
Facebook::Carlos Alfredo Arguelles Cendoya,pueblo,1,11,5,Facebook
Facebook::Carlos Alfredo Arguelles Cendoya,maximo,1,10,0,Facebook
Facebook::Carlos Alfredo Arguelles Cendoya,campeon,1,13,0,Facebook
Facebook::Carlos Alfredo Arguelles Cendoya,sentido,1,10,4,Facebook
Facebook::Carlos Alfredo Arguelles Cendoya,humano,1,9,0,Facebook
Facebook::Carlos Alfredo Arguelles Cendoya,bienvenido,1,1,4,Facebook
Facebook::Carlos Alfredo Arguelles Cendoya,gobernador,1,14,1,Facebook
Facebook::Carlos Alfredo Arguelles Cendoya,pensar,1,11,1,Facebook
Facebook::Carlos Alfredo Arguelles Cendoya,futbol,1,1,3,Facebook
Facebook::Carlos Alfredo Arguelles Cendoya,favor,1,11,5,Facebook
Facebook::Carlos Alfredo Arguelles Cendoya,mexico,1,12,0,Facebook
Facebook::Carlos Diaz Nunez Caceres,programa,1,2,3,Facebook
Facebook::Carlos Diaz Nunez Caceres,impulsar,1,1,2,Facebook
Facebook::Carlos Diaz Nunez Caceres,desarrollo,1,1,2,Facebook
Facebook::Carlos Diaz Nunez Caceres,economico,1,13,2,Facebook
Facebook::Carlos Diaz Nunez Caceres,gracias,1,8,0,Facebook
Facebook::Carlos Diaz Nunez Caceres,alcaldesa,1,8,0,Facebook
Facebook::Carlos Gomez,agua,2,3,1,Facebook
Facebook::Carlos Gomez,norte,2,10,1,Facebook
Facebook::Carlos Gomez,sur,2,14,2,Facebook
Facebook::Carlos Gomez,aprovechar,1,14,3,Facebook
Facebook::Carlos Gomez,andar,1,9,0,Facebook
Facebook::Carlos Gomez,avenida,1,5,1,Facebook
Facebook::Carlos Gomez,abrir,1,6,1,Facebook
Facebook::Carlos Gomez,evitar,1,7,2,Facebook
Facebook::Carlos Gomez,saludos,1,11,2,Facebook
Facebook::Carlos Gomez,andir,1,11,2,Facebook
Facebook::Carlos Gomez,limpieza,1,3,3,Facebook
Facebook::Carmen Rojas,excelente,2,2,1,Facebook
Facebook::Carmen Rojas,presidenta,2,8,0,Facebook
Facebook::Carmen Rojas,monica,2,3,0,Facebook
Facebook::Carmen Rojas,villarreal,2,3,0,Facebook
Facebook::Carmen Rojas,ganar,1,10,2,Facebook
Facebook::Carmen Rojas,tamaulipas,1,5,1,Facebook
Facebook::Carmen Rojas,final,1,10,2,Facebook
Facebook::Carmen Rojas,saludo,1,11,2,Facebook
Facebook::Carmen Rojas,apoyar,1,1,2,Facebook
Facebook::Carmen Rojas,deporte,1,2,1,Facebook
Facebook::Carmen Rojas,mujer,1,10,3,Facebook
Facebook::Carolina Jones,arbol,3,7,4,Facebook
Facebook::Carolina Jones,dia,2,6,0,Facebook
Facebook::Carolina Jones,riesgo,2,0,1,Facebook
Facebook::Carolina Jones,jardin,2,6,3,Facebook
Facebook::Carolina Jones,nino,2,8,1,Facebook
Facebook::Carolina Jones,accidente,2,7,2,Facebook
Facebook::Carolina Jones,caer,2,12,1,Facebook
Facebook::Carolina Jones,reporte,1,7,0,Facebook
Facebook::Carolina Jones,federal,1,12,1,Facebook
Facebook::Carolina Jones,respuesta,1,0,4,Facebook
Facebook::Carolina Jones,area,1,10,0,Facebook
Facebook::Carolina Jones,ecologia,1,8,2,Facebook
Facebook::Carolina Jones,correr,1,7,4,Facebook
Facebook::Carolina Jones,pedir,1,11,0,Facebook
Facebook::Carolina Jones,apoyo,1,2,2,Facebook
Facebook::Carolina Jones,evitar,1,7,2,Facebook
Facebook::Carolina Jones,ano,1,11,2,Facebook
Facebook::Carolina Jones,querer,1,11,0,Facebook
Facebook::Carolina Jones,volver,1,12,2,Facebook
Facebook::Carolina Jones,pasar,1,11,3,Facebook
Facebook::Carolina Jones,situacion,1,0,1,Facebook
Facebook::Carolina Martínez,avenida,1,5,1,Facebook
Facebook::Carolina Martínez,torre,1,6,2,Facebook
Facebook::Carolina Martínez,norte,1,10,1,Facebook
Facebook::Carolina Martínez,sur,1,14,2,Facebook
Facebook::Carolina Martínez,lleno,1,8,1,Facebook
Facebook::Carolina Martínez,basura,1,3,1,Facebook
Facebook::Castro Loida,calle,4,9,1,Facebook
Facebook::Castro Loida,reparacion,3,2,2,Facebook
Facebook::Castro Loida,comapa,2,2,2,Facebook
Facebook::Castro Loida,zona,2,0,1,Facebook
Facebook::Castro Loida,sur,2,14,2,Facebook
Facebook::Castro Loida,ciudadano,2,1,0,Facebook
Facebook::Castro Loida,infraestructura,2,14,3,Facebook
Facebook::Castro Loida,situacion,2,0,1,Facebook
Facebook::Castro Loida,existir,2,10,1,Facebook
Facebook::Castro Loida,publico,2,14,3,Facebook
Facebook::Castro Loida,recurso,2,4,3,Facebook
Facebook::Castro Loida,medio,1,8,2,Facebook
Facebook::Castro Loida,presente,1,4,5,Facebook
Facebook::Castro Loida,permitir,1,14,0,Facebook
Facebook::Castro Loida,firme,1,3,0,Facebook
Facebook::Castro Loida,tomar,1,4,2,Facebook
Facebook::Castro Loida,accion,1,2,0,Facebook
Facebook::Castro Loida,inmediato,1,12,-1,Facebook
Facebook::Castro Loida,generar,1,13,2,Facebook
Facebook::Castro Loida,distinto,1,2,2,Facebook
Facebook::Castro Loida,sector,1,14,3,Facebook
Facebook::Castro Loida,ciudad,1,13,1,Facebook
Facebook::Castro Loida,cantidad,1,6,-1,Facebook
Facebook::Castro Loida,romper,1,12,1,Facebook
Facebook::Castro Loida,pavimento,1,14,2,Facebook
Facebook::Castro Loida,banqueta,1,7,0,Facebook
Facebook::Castro Loida,urbano,1,14,2,Facebook
Facebook::Castro Loida,dejar,1,9,0,Facebook
Facebook::Castro Loida,condicion,1,14,2,Facebook
Facebook::Castro Loida,multiple,1,0,0,Facebook
Facebook::Castro Loida,continuar,1,14,0,Facebook
Facebook::Castro Loida,ocurrir,1,11,5,Facebook
Facebook::Castro Loida,solucion,1,14,2,Facebook
Facebook::Castro Loida,supervision,1,0,3,Facebook
Facebook::Castro Loida,dia,1,6,0,Facebook
Facebook::Castro Loida,vivir,1,8,2,Facebook
Facebook::Castro Loida,transitar,1,0,1,Facebook
Facebook::Castro Loida,camion,1,7,0,Facebook
Facebook::Castro Loida,recolector,1,9,1,Facebook
Facebook::Castro Loida,basura,1,3,1,Facebook
Facebook::Castro Loida,mal,1,4,1,Facebook
Facebook::Castro Loida,retirar,1,7,0,Facebook
Facebook::Castro Loida,provocar,1,6,0,Facebook
Facebook::Castro Loida,vehiculo,1,7,2,Facebook
Facebook::Castro Loida,quedar,1,11,0,Facebook
Facebook::Castro Loida,representar,1,14,1,Facebook
Facebook::Castro Loida,peaton,1,9,1,Facebook
Facebook::Castro Loida,trabajador,1,10,3,Facebook
Facebook::Castro Loida,dano,1,4,1,Facebook
Facebook::Castro Loida,directo,1,12,3,Facebook
Facebook::Castro Loida,municipio,1,14,2,Facebook
Facebook::Castro Loida,danado,1,9,0,Facebook
Facebook::Castro Loida,terminar,1,11,3,Facebook
Facebook::Castro Loida,afectar,1,0,1,Facebook
Facebook::Castro Loida,ciudadania,1,2,3,Facebook
Facebook::Castro Loida,requerir,1,0,1,Facebook
Facebook::Catalina Del Angel Damaso Damaso,felicidad,1,8,0,Facebook
Facebook::Catalina Del Angel Damaso Damaso,dia,1,6,0,Facebook
Facebook::Catalina Del Angel Damaso Damaso,seguir,1,2,0,Facebook
Facebook::Catalina Del Angel Damaso Damaso,resultado,1,2,0,Facebook
Facebook::Catalina Del Angel Damaso Damaso,lic,1,8,0,Facebook
Facebook::Catalina Del Angel Damaso Damaso,monica,1,3,0,Facebook
Facebook::Catalina Del Angel Damaso Damaso,aser,1,12,5,Facebook
Facebook::Catalina Del Angel Damaso Damaso,eventual,1,8,0,Facebook
Facebook::Catalina Del Angel Damaso Damaso,derecho,1,10,3,Facebook
Facebook::Catalina Del Angel Damaso Damaso,sindicato,1,10,0,Facebook
Facebook::Catalina Del Angel Damaso Damaso,confianza,1,2,0,Facebook
Facebook::Catalina Del Angel Damaso Damaso,gracias,1,8,0,Facebook
Facebook::Chucho Mendez C,san,2,10,1,Facebook
Facebook::Chucho Mendez C,hora,1,10,1,Facebook
Facebook::Chucho Mendez C,llegar,1,10,1,Facebook
Facebook::Chucho Mendez C,pedro,1,10,1,Facebook
Facebook::Chucho Mendez C,donde,1,12,2,Facebook
Facebook::Clara Gallardo,excelente,3,2,1,Facebook
Facebook::Clara Gallardo,felicidad,1,8,0,Facebook
Facebook::Clara Gallardo,bendigar,1,8,0,Facebook
Facebook::Clara Gallardo,viva,1,12,0,Facebook
Facebook::Clara Gallardo,mexico,1,12,0,Facebook
Facebook::Clara Gallardo,alcaldesa,1,8,0,Facebook
Facebook::Clara Gallardo,presidenta,1,8,0,Facebook
Facebook::Clara M. Lerma,tirar,3,9,1,Facebook
Facebook::Clara M. Lerma,basura,2,3,1,Facebook
Facebook::Clara M. Lerma,cosa,2,11,3,Facebook
Facebook::Clara M. Lerma,calle,2,9,1,Facebook
Facebook::Clara M. Lerma,ojala,1,9,0,Facebook
Facebook::Clara M. Lerma,dia,1,6,0,Facebook
Facebook::Clara M. Lerma,bote,1,7,0,Facebook
Facebook::Clara M. Lerma,banqueta,1,7,0,Facebook
Facebook::Clara M. Lerma,tocar,1,11,2,Facebook
Facebook::Clara M. Lerma,sacar,1,11,3,Facebook
Facebook::Clara M. Lerma,empezar,1,12,3,Facebook
Facebook::Clara M. Lerma,educacion,1,14,1,Facebook
Facebook::Clara M. Lerma,privado,1,4,2,Facebook
Facebook::Clara Pena,ciudadania,1,2,3,Facebook
Facebook::Clara Pena,hombre,1,13,5,Facebook
Facebook::Clara Pena,mujer,1,10,3,Facebook
Facebook::Clara Pena,trabajador,1,10,3,Facebook
Facebook::Clara Pena,noche,1,4,0,Facebook
Facebook::Clara Pena,transporte,1,12,-1,Facebook
Facebook::Clara Pena,lluvia,1,0,1,Facebook
Facebook::Claudia Anaya Alvarado,felicidad,1,8,0,Facebook
Facebook::Claudia Anaya Alvarado,presidenta,1,8,0,Facebook
Facebook::Claudia Anaya Alvarado,reconocimiento,1,13,1,Facebook
Facebook::Claudia Anaya Alvarado,internacional,1,13,1,Facebook
Facebook::Claudia Anaya Alvarado,excelente,1,2,1,Facebook
Facebook::Claudia Blake,wow,2,9,-1,Facebook
Facebook::Claudia Blake,felicidad,2,8,0,Facebook
Facebook::Claudia Blake,excelente,1,2,1,Facebook
Facebook::Claudia Blake,bonito,1,8,1,Facebook
Facebook::Claudia Blake,quedar,1,11,0,Facebook
Facebook::Claudia Blake,alcaldesa,1,8,0,Facebook
Facebook::Claudia Blake,super,1,8,0,Facebook
Facebook::Claudia López Rios,excelente,3,2,1,Facebook
Facebook::Claudia López Rios,cuidar,2,2,1,Facebook
Facebook::Claudia López Rios,ala,1,12,0,Facebook
Facebook::Claudia López Rios,juventud,1,13,0,Facebook
Facebook::Claudia López Rios,jornada,1,3,1,Facebook
Facebook::Claudia López Rios,monica,1,3,0,Facebook
Facebook::Claudia López Rios,villareal,1,8,0,Facebook
Facebook::Conchita Martinez,felicidad,1,8,0,Facebook
Facebook::Conchita Martinez,comunicacion,1,13,4,Facebook
Facebook::Conchita Martinez,pasar,1,11,3,Facebook
Facebook::Conchita Martinez,colonia,1,2,4,Facebook
Facebook::Conchita Martinez,gracias,1,8,0,Facebook
Facebook::Coni De la Garza,sear,1,11,0,Facebook
Facebook::Coni De la Garza,pobre,1,12,0,Facebook
Facebook::Coni De la Garza,gente,1,6,2,Facebook
Facebook::Coni De la Garza,puro,1,12,3,Facebook
Facebook::Coni De la Garza,calor,1,7,1,Facebook
Facebook::Coni De la Garza,rapido,1,0,1,Facebook
Facebook::Cristina Pina Cruz,excelente,4,2,1,Facebook
Facebook::Cristina Pina Cruz,pueblo,1,11,5,Facebook
Facebook::Cristina Pina Cruz,lleno,1,8,1,Facebook
Facebook::Cristina Pina Cruz,alegria,1,8,1,Facebook
Facebook::Cristina Pina Cruz,festejo,1,8,1,Facebook
Facebook::Cristina Pina Cruz,logro,1,13,1,Facebook
Facebook::Cristina Pina Cruz,descanso,1,3,2,Facebook
Facebook::Cristina Pina Cruz,bienestar,1,2,3,Facebook
Facebook::Cristina Pina Cruz,tampiquenos,1,13,5,Facebook
Facebook::Cristina Pina Cruz,gobierno,1,12,3,Facebook
Facebook::Cristina Pina Cruz,humanista,1,2,0,Facebook
Facebook::Cristobal Ponce Alvarado,alcaldesa,4,8,0,Facebook
Facebook::Cristobal Ponce Alvarado,felicidades,2,8,0,Facebook
Facebook::Cristobal Ponce Alvarado,excelente,2,2,1,Facebook
Facebook::Cruz Martha Patiño Salas,urgente,1,6,1,Facebook
Facebook::Cruz Martha Patiño Salas,col,1,6,1,Facebook
Facebook::Cruz Martha Patiño Salas,flores,1,0,5,Facebook
Facebook::Cruz Martha Patiño Salas,venir,1,4,0,Facebook
Facebook::Cruz Martha Patiño Salas,gracias,1,8,0,Facebook
Facebook::Cuiry Lira,dia,1,6,0,Facebook
Facebook::Cuiry Lira,joven,1,13,0,Facebook
Facebook::Cuiry Lira,arrancar,1,5,1,Facebook
Facebook::Cuiry Lira,puente,1,4,3,Facebook
Facebook::Cuiry Lira,metro,1,11,3,Facebook
Facebook::Cuiry Lira,querer,1,11,0,Facebook
Facebook::Cuiry Lira,sacar,1,11,3,Facebook
Facebook::Cuiry Lira,rama,1,7,0,Facebook
Facebook::Cuiry Lira,caer,1,12,1,Facebook
Facebook::Cuiry Lira,laguna,1,3,2,Facebook
Facebook::Cuiry Lira,deber,1,11,1,Facebook
Facebook::Cuiry Lira,vigilancia,1,7,2,Facebook
Facebook::Cuiry Lira,gente,1,6,2,Facebook
Facebook::Cuiry Lira,cuidar,1,2,1,Facebook
Facebook::Cuiry Lira,ecosistema,1,3,2,Facebook
Facebook::Cuiry Lira,aparte,1,11,1,Facebook
Facebook::Cuiry Lira,riesgo,1,0,1,Facebook
Facebook::DIF Tampico,desarrollo,2,1,2,Facebook
Facebook::DIF Tampico,comunitario,2,1,0,Facebook
Facebook::DIF Tampico,gracias,1,8,0,Facebook
Facebook::DIF Tampico,grupo,1,13,3,Facebook
Facebook::DIF Tampico,encabezado,1,14,0,Facebook
Facebook::DIF Tampico,jorge,1,1,4,Facebook
Facebook::DIF Tampico,importante,1,13,0,Facebook
Facebook::DIF Tampico,donacion,1,3,3,Facebook
Facebook::DIF Tampico,especie,1,1,4,Facebook
Facebook::DIF Tampico,pesos,1,13,3,Facebook
Facebook::DIF Tampico,centro,1,13,3,Facebook
Facebook::DIF Tampico,morelos,1,2,4,Facebook
Facebook::DIF Tampico,dif,1,13,3,Facebook
Facebook::DIF Tampico,accion,1,2,0,Facebook
Facebook::DIF Tampico,reflejar,1,1,0,Facebook
Facebook::DIF Tampico,importancia,1,9,2,Facebook
Facebook::DIF Tampico,sumar,1,6,1,Facebook
Facebook::DIF Tampico,voluntad,1,10,3,Facebook
Facebook::DIF Tampico,sociedad,1,6,2,Facebook
Facebook::DIF Tampico,iniciativa,1,13,2,Facebook
Facebook::DIF Tampico,privado,1,4,2,Facebook
Facebook::DIF Tampico,gobierno,1,12,3,Facebook
Facebook::DIF Tampico,unido,1,4,6,Facebook
Facebook::DIF Tampico,bienestar,1,2,3,Facebook
Facebook::DIF Tampico,familia,1,1,0,Facebook
Facebook::DIF Tampico,tampiquena,1,2,3,Facebook
Facebook::DIF Tampico,fortalecer,1,14,0,Facebook
Facebook::DIF Tampico,espacio,1,1,0,Facebook
Facebook::DIF Tampico,generar,1,13,2,Facebook
Facebook::DIF Tampico,apoyo,1,2,2,Facebook
Facebook::DIF Tampico,existir,1,10,1,Facebook
Facebook::DIF Tampico,logro,1,13,1,Facebook
Facebook::DIF Tampico,grande,1,1,0,Facebook
Facebook::DIF Tampico,resultado,1,2,0,Facebook
Facebook::DIF Tampico,construir,1,13,1,Facebook
Facebook::DIF Tampico,colectivo,1,6,3,Facebook
Facebook::Dani Peres,domingo,2,4,5,Facebook
Facebook::Dani Peres,baile,1,8,1,Facebook
Facebook::Dani Peres,permanente,1,14,0,Facebook
Facebook::Dani Peres,senora,1,9,0,Facebook
Facebook::Dani Peres,monica,1,3,0,Facebook
Facebook::Dani Peres,gente,1,6,2,Facebook
Facebook::Dani Peres,sano,1,1,0,Facebook
Facebook::Dani Peres,diversion,1,8,1,Facebook
Facebook::Delfina Sanchez Peralta,mundial,4,4,0,Facebook
Facebook::Delfina Sanchez Peralta,recuerdo,2,4,0,Facebook
Facebook::Delfina Sanchez Peralta,padre,2,4,0,Facebook
Facebook::Delfina Sanchez Peralta,comprar,2,4,6,Facebook
Facebook::Delfina Sanchez Peralta,familia,2,1,0,Facebook
Facebook::Delfina Sanchez Peralta,hombre,1,13,5,Facebook
Facebook::Delfina Sanchez Peralta,recurso,1,4,3,Facebook
Facebook::Delfina Sanchez Peralta,hija,1,8,2,Facebook
Facebook::Delfina Sanchez Peralta,aficionado,1,4,0,Facebook
Facebook::Delfina Sanchez Peralta,futbol,1,1,3,Facebook
Facebook::Delfina Sanchez Peralta,contar,1,6,0,Facebook
Facebook::Delfina Sanchez Peralta,ofrecer,1,3,2,Facebook
Facebook::Delfina Sanchez Peralta,boleto,1,10,2,Facebook
Facebook::Delfina Sanchez Peralta,papa,1,6,0,Facebook
Facebook::Delfina Sanchez Peralta,bendicion,1,8,0,Facebook
Facebook::Delfina Sanchez Peralta,sacar,1,11,3,Facebook
Facebook::Delfina Sanchez Peralta,hermoso,1,8,0,Facebook
Facebook::Delicias Mamam,excelente,16,2,1,Facebook
Facebook::Delicias Mamam,cuidar,8,2,1,Facebook
Facebook::Delicias Mamam,dia,5,6,0,Facebook
Facebook::Delicias Mamam,genial,4,9,2,Facebook
Facebook::Delicias Mamam,alcaldesa,4,8,0,Facebook
Facebook::Delicias Mamam,comunidad,3,3,0,Facebook
Facebook::Delicias Mamam,tampicotecuida,3,2,1,Facebook
Facebook::Delicias Mamam,increible,2,8,2,Facebook
Facebook::Delicias Mamam,espacio,2,1,0,Facebook
Facebook::Delicias Mamam,seguro,2,2,1,Facebook
Facebook::Delicias Mamam,transformacion,2,14,1,Facebook
Facebook::Delicias Mamam,tampiquenos,2,13,5,Facebook
Facebook::Delicias Mamam,alimento,2,1,2,Facebook
Facebook::Delicias Mamam,feliz,2,8,1,Facebook
Facebook::Delicias Mamam,madre,2,10,3,Facebook
Facebook::Delicias Mamam,felicidades,2,8,0,Facebook
Facebook::Delicias Mamam,logro,2,13,1,Facebook
Facebook::Delicias Mamam,tamaulipas,2,5,1,Facebook
Facebook::Delicias Mamam,dedicacion,2,13,0,Facebook
Facebook::Delicias Mamam,felicidad,2,8,0,Facebook
Facebook::Delicias Mamam,iniciativa,2,13,2,Facebook
Facebook::Delicias Mamam,gastronomia,1,8,4,Facebook
Facebook::Delicias Mamam,comida,1,8,4,Facebook
Facebook::Delicias Mamam,mercado,1,8,4,Facebook
Facebook::Delicias Mamam,municipal,1,14,0,Facebook
Facebook::Delicias Mamam,parecer,1,9,0,Facebook
Facebook::Delicias Mamam,cabo,1,0,2,Facebook
Facebook::Delicias Mamam,proyecto,1,14,4,Facebook
Facebook::Delicias Mamam,rehabilitacion,1,14,4,Facebook
Facebook::Delicias Mamam,parque,1,14,4,Facebook
Facebook::Delicias Mamam,fundamental,1,3,0,Facebook
Facebook::Delicias Mamam,contar,1,6,0,Facebook
Facebook::Delicias Mamam,publico,1,14,3,Facebook
Facebook::Delicias Mamam,agradable,1,14,3,Facebook
Facebook::Delicias Mamam,familia,1,1,0,Facebook
Facebook::Delicias Mamam,educacion,1,14,1,Facebook
Facebook::Delicias Mamam,fomentar,1,5,3,Facebook
Facebook::Delicias Mamam,deporte,1,2,1,Facebook
Facebook::Delicias Mamam,deportivo,1,1,4,Facebook
Facebook::Delicias Mamam,cuida,1,0,0,Facebook
Facebook::Delicias Mamam,labor,1,3,3,Facebook
Facebook::Delicias Mamam,capacitacion,1,1,2,Facebook
Facebook::Delicias Mamam,entrega,1,13,3,Facebook
Facebook::Delicias Mamam,garantizar,1,0,3,Facebook
Facebook::Delicias Mamam,calidad,1,2,2,Facebook
Facebook::Delicias Mamam,programa,1,2,3,Facebook
Facebook::Delicias Mamam,seleccion,1,4,0,Facebook
Facebook::Delicias Mamam,esfuerzo,1,13,2,Facebook
Facebook::Delicias Mamam,seguir,1,2,0,Facebook
Facebook::Delicias Mamam,avanzar,1,14,1,Facebook
Facebook::Delicias Mamam,presidenta,1,8,0,Facebook
Facebook::Delicias Mamam,marina,1,6,0,Facebook
Facebook::Delicias Mamam,mexico,1,12,0,Facebook
Facebook::Delicias Mamam,tampicovacontodo,1,2,1,Facebook
Facebook::Delicias Mamam,orgullosamente,1,13,2,Facebook
Facebook::Delicias Mamam,grande,1,1,0,Facebook
Facebook::Delicias Mamam,resultado,1,2,0,Facebook
Facebook::Delicias Mamam,reflejar,1,1,0,Facebook
Facebook::Delicias Mamam,orgullo,1,1,2,Facebook
Facebook::Delicias Mamam,claudia,1,12,0,Facebook
Facebook::Delicias Mamam,sheinbaum,1,12,0,Facebook
Facebook::Delicias Mamam,pardo,1,11,2,Facebook
Facebook::Delicias Mamam,salud,1,2,3,Facebook
Facebook::Delicias Mamam,cultura,1,1,1,Facebook
Facebook::Delicias Mamam,bienestar,1,2,3,Facebook
Facebook::Delicias Mamam,ciudadano,1,1,0,Facebook
Facebook::Delicias Mamam,felicitar,1,8,2,Facebook
Facebook::Delicias Mamam,equipo,1,13,3,Facebook
Facebook::Delicias Mamam,llegar,1,10,1,Facebook
Facebook::Delicias Mamam,jornada,1,3,1,Facebook
Facebook::Delicias Mamam,descacharrizacion,1,3,1,Facebook
Facebook::Delicias Mamam,ciudadania,1,2,3,Facebook
Facebook::Delicias Mamam,corazon,1,13,2,Facebook
Facebook::Delicias Mamam,instalar,1,10,1,Facebook
Facebook::Delicias Mamam,muestra,1,1,3,Facebook
Facebook::Delicias Mamam,administracion,1,14,0,Facebook
Facebook::Delicias Mamam,necesidad,1,2,0,Facebook
Facebook::Delicias Mamam,convenio,1,1,2,Facebook
Facebook::Delicias Mamam,unir,1,1,3,Facebook
Facebook::Delicias Mamam,ciudad,1,13,1,Facebook
Facebook::Delicias Mamam,impulsar,1,1,2,Facebook
Facebook::Delicias Mamam,desarrollo,1,1,2,Facebook
Facebook::Delicias Mamam,economico,1,13,2,Facebook
Facebook::Delicias Mamam,generar,1,13,2,Facebook
Facebook::Delicias Mamam,oportunidad,1,13,2,Facebook
Facebook::Delicias Mamam,paz,1,1,0,Facebook
Facebook::Delicias Mamam,construir,1,13,1,Facebook
Facebook::Delicias Mamam,gracias,1,8,0,Facebook
Facebook::Deniss Rangel,excelente,6,2,1,Facebook
Facebook::Deniss Rangel,bonito,4,8,1,Facebook
Facebook::Deniss Rangel,presi,3,5,1,Facebook
Facebook::Deniss Rangel,evento,3,8,1,Facebook
Facebook::Deniss Rangel,actividad,2,1,0,Facebook
Facebook::Deniss Rangel,felicidad,2,8,0,Facebook
Facebook::Deniss Rangel,bienestar,2,2,3,Facebook
Facebook::Deniss Rangel,padre,1,4,0,Facebook
Facebook::Deniss Rangel,jornada,1,3,1,Facebook
Facebook::Deniss Rangel,sonrisa,1,2,3,Facebook
Facebook::Deniss Rangel,gracias,1,8,0,Facebook
Facebook::Deniss Rangel,beneficio,1,2,3,Facebook
Facebook::Deniss Rangel,ciudadano,1,1,0,Facebook
Facebook::Deniss Rangel,mascota,1,8,2,Facebook
Facebook::Deniss Rangel,emocional,1,13,0,Facebook
Facebook::Deniss Rangel,tampiquenos,1,13,5,Facebook
Facebook::Deniss Rangel,ceremonia,1,13,0,Facebook
Facebook::Deniss Rangel,civico,1,14,1,Facebook
Facebook::Deniss Rangel,nino,1,8,1,Facebook
Facebook::Deniss Rangel,marca,1,13,2,Facebook
Facebook::Deniss Rangel,bello,1,8,0,Facebook
Facebook::Deniss Rangel,hora,1,10,1,Facebook
Facebook::Deniss Rangel,limpio,1,7,0,Facebook
Facebook::Deniss Rangel,gracia,1,11,2,Facebook
Facebook::Deniss Rangel,monica,1,3,0,Facebook
Facebook::Deniss Rangel,villarreal,1,3,0,Facebook
Facebook::Deniss Rangel,municipio,1,14,2,Facebook
Facebook::Deniss Rangel,vecino,1,2,4,Facebook
Facebook::Deniss Rangel,hermoso,1,8,0,Facebook
Facebook::Deniss Rangel,ciudad,1,13,1,Facebook
Facebook::Deniss Rangel,fomentar,1,5,3,Facebook
Facebook::Deniss Rangel,paz,1,1,0,Facebook
Facebook::Deniss Rangel,estudiante,1,5,3,Facebook
Facebook::Deniss Rangel,presidentar,1,8,0,Facebook
Facebook::Deyanira Gonzalez,taller,2,3,4,Facebook
Facebook::Deyanira Gonzalez,agua,2,3,1,Facebook
Facebook::Deyanira Gonzalez,negro,2,3,1,Facebook
Facebook::Deyanira Gonzalez,carro,1,9,0,Facebook
Facebook::Deyanira Gonzalez,zona,1,0,1,Facebook
Facebook::Deyanira Gonzalez,norte,1,10,1,Facebook
Facebook::Deyanira Gonzalez,abierto,1,3,3,Facebook
Facebook::Deyanira Gonzalez,criadero,1,3,1,Facebook
Facebook::Dirección de Desarrollo Económico Tampico,oportunidad,9,13,2,Facebook
Facebook::Dirección de Desarrollo Económico Tampico,fortalecer,8,14,0,Facebook
Facebook::Dirección de Desarrollo Económico Tampico,impulsar,6,1,2,Facebook
Facebook::Dirección de Desarrollo Económico Tampico,economico,5,13,2,Facebook
Facebook::Dirección de Desarrollo Económico Tampico,crecimiento,5,1,2,Facebook
Facebook::Dirección de Desarrollo Económico Tampico,seguir,4,2,0,Facebook
Facebook::Dirección de Desarrollo Económico Tampico,empresa,4,13,2,Facebook
Facebook::Dirección de Desarrollo Económico Tampico,local,4,1,2,Facebook
Facebook::Dirección de Desarrollo Económico Tampico,emprendedor,4,1,2,Facebook
Facebook::Dirección de Desarrollo Económico Tampico,colaboracion,4,0,5,Facebook
Facebook::Dirección de Desarrollo Económico Tampico,talento,3,1,2,Facebook
Facebook::Dirección de Desarrollo Económico Tampico,ciudad,3,13,1,Facebook
Facebook::Dirección de Desarrollo Económico Tampico,comercial,3,1,2,Facebook
Facebook::Dirección de Desarrollo Económico Tampico,empresario,3,14,1,Facebook
Facebook::Dirección de Desarrollo Económico Tampico,producto,3,1,2,Facebook
Facebook::Dirección de Desarrollo Económico Tampico,abrir,3,6,1,Facebook
Facebook::Dirección de Desarrollo Económico Tampico,desarrollo,3,1,2,Facebook
Facebook::Dirección de Desarrollo Económico Tampico,laredo,3,5,1,Facebook
Facebook::Dirección de Desarrollo Económico Tampico,tampiqueno,2,2,0,Facebook
Facebook::Dirección de Desarrollo Económico Tampico,representante,2,11,0,Facebook
Facebook::Dirección de Desarrollo Económico Tampico,generar,2,13,2,Facebook
Facebook::Dirección de Desarrollo Económico Tampico,negocio,2,10,4,Facebook
Facebook::Dirección de Desarrollo Económico Tampico,marca,2,13,2,Facebook
Facebook::Dirección de Desarrollo Económico Tampico,economia,2,1,2,Facebook
Facebook::Dirección de Desarrollo Económico Tampico,representar,2,14,1,Facebook
Facebook::Dirección de Desarrollo Económico Tampico,orgullo,2,1,2,Facebook
Facebook::Dirección de Desarrollo Económico Tampico,municipio,2,14,2,Facebook
Facebook::Dirección de Desarrollo Económico Tampico,tamaulipas,2,5,1,Facebook
Facebook::Dirección de Desarrollo Económico Tampico,importante,2,13,0,Facebook
Facebook::Dirección de Desarrollo Económico Tampico,convenio,2,1,2,Facebook
Facebook::Dirección de Desarrollo Económico Tampico,tamaulipeco,2,6,1,Facebook
Facebook::Dirección de Desarrollo Económico Tampico,inversion,2,5,1,Facebook
Facebook::Dirección de Desarrollo Económico Tampico,familia,2,1,0,Facebook
Facebook::Dirección de Desarrollo Económico Tampico,llegar,1,10,1,Facebook
Facebook::Dirección de Desarrollo Económico Tampico,lejos,1,11,1,Facebook
Facebook::Dirección de Desarrollo Económico Tampico,promover,1,1,0,Facebook
Facebook::Dirección de Desarrollo Económico Tampico,orgullosamente,1,13,2,Facebook
Facebook::Dirección de Desarrollo Económico Tampico,jornada,1,3,1,Facebook
Facebook::Dirección de Desarrollo Económico Tampico,encuentro,1,1,4,Facebook
Facebook::Dirección de Desarrollo Económico Tampico,sector,1,14,3,Facebook
Facebook::Dirección de Desarrollo Económico Tampico,recorrido,1,0,1,Facebook
Facebook::Dirección de Desarrollo Económico Tampico,estrategico,1,6,1,Facebook
Facebook::Dirección de Desarrollo Económico Tampico,permitir,1,14,0,Facebook
Facebook::Dirección de Desarrollo Económico Tampico,brindar,1,2,2,Facebook
Facebook::Dirección de Desarrollo Económico Tampico,pequeno,1,0,4,Facebook
Facebook::Dirección de Desarrollo Económico Tampico,expo,1,1,3,Facebook
Facebook::Dirección de Desarrollo Económico Tampico,sostener,1,14,2,Facebook
Facebook::Dirección de Desarrollo Económico Tampico,reunion,1,1,2,Facebook
Facebook::Dirección de Desarrollo Económico Tampico,lograr,1,13,2,Facebook
Facebook::Dirección de Desarrollo Económico Tampico,venta,1,10,0,Facebook
Facebook::Dirección de Desarrollo Económico Tampico,agradecer,1,10,0,Facebook
Facebook::Dirección de Desarrollo Económico Tampico,secretaria,1,14,2,Facebook
Facebook::Dirección de Desarrollo Económico Tampico,respaldo,1,10,3,Facebook
Facebook::Dirección de Desarrollo Económico Tampico,reconocer,1,6,0,Facebook
Facebook::Dirección de Desarrollo Económico Tampico,apoyo,1,2,2,Facebook
Facebook::Dirección de Desarrollo Económico Tampico,liderazgo,1,13,5,Facebook
Facebook::Dirección de Desarrollo Económico Tampico,presidenta,1,8,0,Facebook
Facebook::Dirección de Desarrollo Económico Tampico,municipal,1,14,0,Facebook
Facebook::Dirección de Desarrollo Económico Tampico,monica,1,3,0,Facebook
Facebook::Dirección de Desarrollo Económico Tampico,zacil,1,1,1,Facebook
Facebook::Dirección de Desarrollo Económico Tampico,villarreal,1,3,0,Facebook
Facebook::Dirección de Desarrollo Económico Tampico,anaya,1,3,0,Facebook
Facebook::Dirección de Desarrollo Económico Tampico,continuar,1,14,0,Facebook
Facebook::Dirección de Desarrollo Económico Tampico,accion,1,2,0,Facebook
Facebook::Dirección de Desarrollo Económico Tampico,disfrutar,1,1,0,Facebook
Facebook::Dirección de Desarrollo Económico Tampico,mercadito,1,1,1,Facebook
Facebook::Dirección de Desarrollo Económico Tampico,huasteco,1,1,1,Facebook
Facebook::Dirección de Desarrollo Económico Tampico,edicion,1,10,0,Facebook
Facebook::Dirección de Desarrollo Económico Tampico,laguna,1,3,2,Facebook
Facebook::Dirección de Desarrollo Económico Tampico,carpintero,1,3,2,Facebook
Facebook::Dirección de Desarrollo Económico Tampico,espacio,1,1,0,Facebook
Facebook::Dirección de Desarrollo Económico Tampico,tampicovacontodo,1,2,1,Facebook
Facebook::Dirección de Desarrollo Económico Tampico,tampicotecuida,1,2,1,Facebook
Facebook::Dirección de Desarrollo Económico Tampico,acuerdo,1,4,1,Facebook
Facebook::Dirección de Desarrollo Económico Tampico,unir,1,1,3,Facebook
Facebook::Dirección de Desarrollo Económico Tampico,generacion,1,1,3,Facebook
Facebook::Dirección de Desarrollo Económico Tampico,tamaulipeca,1,5,1,Facebook
Facebook::Dirección de Desarrollo Económico Tampico,historico,1,6,1,Facebook
Facebook::Dirección de Desarrollo Económico Tampico,bienestar,1,2,3,Facebook
Facebook::Dirección de Desarrollo Económico Tampico,gusto,1,8,4,Facebook
Facebook::Dirección de Desarrollo Económico Tampico,compartir,1,1,0,Facebook
Facebook::Dirección de Desarrollo Económico Tampico,alcaldesa,1,8,0,Facebook
Facebook::Dirección de Desarrollo Económico Tampico,carmen,1,2,4,Facebook
Facebook::Dirección de Desarrollo Económico Tampico,convencido,1,6,1,Facebook
Facebook::Dirección de Desarrollo Económico Tampico,gente,1,6,2,Facebook
Facebook::Dirección de Desarrollo Económico Tampico,reafirmar,1,1,0,Facebook
Facebook::Dirección de Desarrollo Económico Tampico,compromiso,1,2,0,Facebook
Facebook::Dirección de Desarrollo Económico Tampico,innovacion,1,6,1,Facebook
Facebook::Dirección de Desarrollo Económico Tampico,iniciativa,1,13,2,Facebook
Facebook::Dirección de Desarrollo Económico Tampico,servicio,1,2,2,Facebook
Facebook::Dirección de Desarrollo Económico Tampico,calidad,1,2,2,Facebook
Facebook::Dirección de Desarrollo Económico Tampico,inicio,1,10,0,Facebook
Facebook::Dirección de Desarrollo Económico Tampico,capacitacion,1,1,2,Facebook
Facebook::Dirección de Desarrollo Económico Tampico,herramienta,1,1,2,Facebook
Facebook::Dirección de Desarrollo Económico Tampico,digital,1,7,3,Facebook
Facebook::Dirección de Desarrollo Económico Tampico,inteligencia,1,9,-1,Facebook
Facebook::Dirección de Desarrollo Económico Tampico,acercar,1,2,2,Facebook
Facebook::Dirección de Desarrollo Económico Tampico,conocimiento,1,6,3,Facebook
Facebook::Dirección de Desarrollo Económico Tampico,construir,1,13,1,Facebook
Facebook::Dirección de Desarrollo Económico Tampico,consolidar,1,1,2,Facebook
Facebook::Dirección de Desarrollo Económico Tampico,fuerte,1,7,2,Facebook
Facebook::Dirección de Protección Civil Tampico,brindar,2,2,2,Facebook
Facebook::Dirección de Protección Civil Tampico,apoyo,2,2,2,Facebook
Facebook::Dirección de Protección Civil Tampico,direccion,2,0,2,Facebook
Facebook::Dirección de Protección Civil Tampico,noche,1,4,0,Facebook
Facebook::Dirección de Protección Civil Tampico,indicacion,1,0,4,Facebook
Facebook::Dirección de Protección Civil Tampico,presidenta,1,8,0,Facebook
Facebook::Dirección de Protección Civil Tampico,municipal,1,14,0,Facebook
Facebook::Dirección de Protección Civil Tampico,monica,1,3,0,Facebook
Facebook::Dirección de Protección Civil Tampico,villarreal,1,3,0,Facebook
Facebook::Dirección de Protección Civil Tampico,persona,1,4,3,Facebook
Facebook::Dirección de Protección Civil Tampico,quedar,1,11,0,Facebook
Facebook::Dirección de Protección Civil Tampico,transporte,1,12,-1,Facebook
Facebook::Dirección de Protección Civil Tampico,regresar,1,10,3,Facebook
Facebook::Dirección de Protección Civil Tampico,hogar,1,0,2,Facebook
Facebook::Dirección de Protección Civil Tampico,proteccion,1,0,0,Facebook
Facebook::Dirección de Protección Civil Tampico,civil,1,0,0,Facebook
Facebook::Dirección de Protección Civil Tampico,transito,1,0,2,Facebook
Facebook::Dirección de Protección Civil Tampico,vialidad,1,2,2,Facebook
Facebook::Dirección de Protección Civil Tampico,coordinacion,1,14,2,Facebook
Facebook::Dirección de Protección Civil Tampico,sedena,1,0,4,Facebook
Facebook::Dirección de Protección Civil Tampico,camion,1,7,0,Facebook
Facebook::Dirección de Protección Civil Tampico,camioneta,1,6,1,Facebook
Facebook::Dirección de Protección Civil Tampico,traslado,1,0,2,Facebook
Facebook::Dirección de Protección Civil Tampico,seguro,1,2,1,Facebook
Facebook::Dirección de Protección Civil Tampico,unidad,1,6,1,Facebook
Facebook::Dirección de Protección Civil Tampico,salir,1,11,0,Facebook
Facebook::Dirección de Protección Civil Tampico,completamente,1,2,2,Facebook
Facebook::Dirección de Protección Civil Tampico,lleno,1,8,1,Facebook
Facebook::Dirección de Protección Civil Tampico,permitir,1,14,0,Facebook
Facebook::Dirección de Protección Civil Tampico,familia,1,1,0,Facebook
Facebook::Dirección de Protección Civil Tampico,llegar,1,10,1,Facebook
Facebook::Dirección de Protección Civil Tampico,casa,1,3,1,Facebook
Facebook::Dirección de Protección Civil Tampico,seguir,1,2,0,Facebook
Facebook::Dirección de Protección Civil Tampico,equipo,1,13,3,Facebook
Facebook::Dirección de Protección Civil Tampico,atender,1,2,0,Facebook
Facebook::Dirección de Protección Civil Tampico,gente,1,6,2,Facebook
Facebook::Dirección de Protección Civil Tampico,necesitar,1,2,0,Facebook
Facebook::Dirección de Protección Civil Tampico,responsabilidad,1,3,2,Facebook
Facebook::Dirección de Protección Civil Tampico,cercania,1,2,0,Facebook
Facebook::Dirección de Protección Civil Tampico,compromiso,1,2,0,Facebook
Facebook::Dirección de Protección Civil Tampico,tampicovacontodo,1,2,1,Facebook
Facebook::Dirección de Protección Civil Tampico,tampicotecuida,1,2,1,Facebook
Facebook::Dirección de Salud Tampico,agua,5,3,1,Facebook
Facebook::Dirección de Salud Tampico,dengue,4,14,0,Facebook
Facebook::Dirección de Salud Tampico,criadero,3,3,1,Facebook
Facebook::Dirección de Salud Tampico,lluvia,2,0,1,Facebook
Facebook::Dirección de Salud Tampico,gobierno,2,12,3,Facebook
Facebook::Dirección de Salud Tampico,municipal,2,14,0,Facebook
Facebook::Dirección de Salud Tampico,ciudadania,2,2,3,Facebook
Facebook::Dirección de Salud Tampico,prevencion,2,0,3,Facebook
Facebook::Dirección de Salud Tampico,casa,2,3,1,Facebook
Facebook::Dirección de Salud Tampico,espacio,2,1,0,Facebook
Facebook::Dirección de Salud Tampico,eliminar,1,4,0,Facebook
Facebook::Dirección de Salud Tampico,liderazgo,1,13,5,Facebook
Facebook::Dirección de Salud Tampico,presidenta,1,8,0,Facebook
Facebook::Dirección de Salud Tampico,monica,1,3,0,Facebook
Facebook::Dirección de Salud Tampico,villarreal,1,3,0,Facebook
Facebook::Dirección de Salud Tampico,anaya,1,3,0,Facebook
Facebook::Dirección de Salud Tampico,direccion,1,0,2,Facebook
Facebook::Dirección de Salud Tampico,servicios,1,2,2,Facebook
Facebook::Dirección de Salud Tampico,medicos,1,7,1,Facebook
Facebook::Dirección de Salud Tampico,municipales,1,7,1,Facebook
Facebook::Dirección de Salud Tampico,llamado,1,0,1,Facebook
Facebook::Dirección de Salud Tampico,responsable,1,3,2,Facebook
Facebook::Dirección de Salud Tampico,reforzar,1,7,3,Facebook
Facebook::Dirección de Salud Tampico,accion,1,2,0,Facebook
Facebook::Dirección de Salud Tampico,cualquiera,1,6,2,Facebook
Facebook::Dirección de Salud Tampico,acumular,1,3,1,Facebook
Facebook::Dirección de Salud Tampico,limpio,1,7,0,Facebook
Facebook::Dirección de Salud Tampico,mosquito,1,3,1,Facebook
Facebook::Dirección de Salud Tampico,patio,1,3,1,Facebook
Facebook::Dirección de Salud Tampico,jardin,1,6,3,Facebook
Facebook::Dirección de Salud Tampico,hogar,1,0,2,Facebook
Facebook::Dirección de Salud Tampico,tirar,1,9,1,Facebook
Facebook::Dirección de Salud Tampico,bote,1,7,0,Facebook
Facebook::Dirección de Salud Tampico,objeto,1,3,1,Facebook
Facebook::Dirección de Salud Tampico,pequeno,1,0,4,Facebook
Facebook::Dirección de Salud Tampico,empezar,1,12,3,Facebook
Facebook::Dirección de Salud Tampico,tarea,1,14,3,Facebook
Facebook::Dirección de Salud Tampico,cuidar,1,2,1,Facebook
Facebook::Dirección de Salud Tampico,prevenir,1,7,3,Facebook
Facebook::Dirección de Salud Tampico,responsabilidad,1,3,2,Facebook
Facebook::Dominga Lopez,gracias,2,8,0,Facebook
Facebook::Dominga Lopez,cercania,1,2,0,Facebook
Facebook::Dominga Lopez,gente,1,6,2,Facebook
Facebook::Dominga Lopez,valer,1,9,0,Facebook
Facebook::Dominga Lopez,programa,1,2,3,Facebook
Facebook::Dominga Lopez,ayudar,1,12,1,Facebook
Facebook::Dominga Lopez,alcaldesa,1,8,0,Facebook
Facebook::Dominga Lopez,monica,1,3,0,Facebook
Facebook::Dominga Lopez,villarreal,1,3,0,Facebook
Facebook::Dominga Lopez,hermoso,1,8,0,Facebook
Facebook::Dominga Lopez,excelente,1,2,1,Facebook
Facebook::Dra Ofelia Cantú Educadora en Diabetes Certificada,salud,2,2,3,Facebook
Facebook::Dra Ofelia Cantú Educadora en Diabetes Certificada,acercar,1,2,2,Facebook
Facebook::Dra Ofelia Cantú Educadora en Diabetes Certificada,poblacion,1,0,1,Facebook
Facebook::Dra Ofelia Cantú Educadora en Diabetes Certificada,programa,1,2,3,Facebook
Facebook::Dra Ofelia Cantú Educadora en Diabetes Certificada,sonrisas,1,2,3,Facebook
Facebook::Dra Ofelia Cantú Educadora en Diabetes Certificada,bienestar,1,2,3,Facebook
Facebook::Dra Ofelia Cantú Educadora en Diabetes Certificada,hablar,1,11,0,Facebook
Facebook::Dra Ofelia Cantú Educadora en Diabetes Certificada,gobierno,1,12,3,Facebook
Facebook::Dra Ofelia Cantú Educadora en Diabetes Certificada,cumplir,1,10,1,Facebook
Facebook::Dra Ofelia Cantú Educadora en Diabetes Certificada,derecho,1,10,3,Facebook
Facebook::Dra Ofelia Cantú Educadora en Diabetes Certificada,importante,1,13,0,Facebook
Facebook::Dulce Gtz E,oportunidad,1,13,2,Facebook
Facebook::Dulce Gtz E,unico,1,11,4,Facebook
Facebook::Dulce Gtz E,gracias,1,8,0,Facebook
Facebook::Dulce Gtz E,experiencia,1,1,4,Facebook
Facebook::Dulce Gtz E,informacion,1,11,0,Facebook
Facebook::Dulce Gtz E,agradecer,1,10,0,Facebook
Facebook::Dulce Gtz E,aprovechar,1,14,3,Facebook
Facebook::Dulce Gtz E,maximo,1,10,0,Facebook
Facebook::Dulce Gtz E,atencion,1,7,3,Facebook
Facebook::Dulce Gtz E,increible,1,8,2,Facebook
Facebook::Dulce Ornelas B,seguir,2,2,0,Facebook
Facebook::Dulce Ornelas B,felicidades,1,8,0,Facebook
Facebook::Dulce Ornelas B,presidenta,1,8,0,Facebook
Facebook::Dulce Ornelas B,claudia,1,12,0,Facebook
Facebook::Dulce Ornelas B,llenar,1,1,1,Facebook
Facebook::Dulce Ornelas B,tomar,1,4,2,Facebook
Facebook::Dulce Ornelas B,decision,1,12,3,Facebook
Facebook::Dulce Ornelas B,bello,1,8,0,Facebook
Facebook::Dulce Ornelas B,pais,1,12,0,Facebook
Facebook::Dulce Ornelas B,mexico,1,12,0,Facebook
Facebook::Economista Tampico,iniciativa,1,13,2,Facebook
Facebook::Economista Tampico,marca,1,13,2,Facebook
Facebook::Economista Tampico,producto,1,1,2,Facebook
Facebook::Economista Tampico,existir,1,10,1,Facebook
Facebook::Economista Tampico,pagina,1,10,1,Facebook
Facebook::Eddy Segura,exposicion,2,6,3,Facebook
Facebook::Eddy Segura,dejar,1,9,0,Facebook
Facebook::Eddy Segura,significativo,1,6,3,Facebook
Facebook::Eddy Segura,deber,1,11,1,Facebook
Facebook::Eddy Segura,asistir,1,8,2,Facebook
Facebook::Eddy Segura,seguro,1,2,1,Facebook
Facebook::Edith Moreno,excelente,13,2,1,Facebook
Facebook::Edith Moreno,jornada,2,3,1,Facebook
Facebook::Edith Moreno,apoyo,2,2,2,Facebook
Facebook::Edith Moreno,sector,2,14,3,Facebook
Facebook::Edith Moreno,cuidar,2,2,1,Facebook
Facebook::Edith Moreno,prevencion,2,0,3,Facebook
Facebook::Edith Moreno,evento,1,8,1,Facebook
Facebook::Edith Moreno,par,1,6,-1,Facebook
Facebook::Edith Moreno,presidenta,1,8,0,Facebook
Facebook::Edith Moreno,sigar,1,8,0,Facebook
Facebook::Edith Moreno,indicacion,1,0,4,Facebook
Facebook::Edith Moreno,correr,1,7,4,Facebook
Facebook::Edith Moreno,riesgo,1,0,1,Facebook
Facebook::Edith Moreno,importante,1,13,0,Facebook
Facebook::Edith Moreno,cuida,1,0,0,Facebook
Facebook::Edith Moreno,programa,1,2,3,Facebook
Facebook::Edith Moreno,monica,1,3,0,Facebook
Facebook::Edith Moreno,mujer,1,10,3,Facebook
Facebook::Edmundo RD,banqueta,2,7,0,Facebook
Facebook::Edmundo RD,alcanzar,2,6,1,Facebook
Facebook::Edmundo RD,calle,2,9,1,Facebook
Facebook::Edmundo RD,creer,1,12,3,Facebook
Facebook::Edmundo RD,ciudad,1,13,1,Facebook
Facebook::Edmundo RD,comprar,1,4,6,Facebook
Facebook::Edmundo RD,vehiculo,1,7,2,Facebook
Facebook::Edmundo RD,traer,1,11,0,Facebook
Facebook::Edmundo RD,inutil,1,9,0,Facebook
Facebook::Edmundo RD,regidor,1,8,0,Facebook
Facebook::Eduardo Morales,felicidad,2,8,0,Facebook
Facebook::Eduardo Morales,proteccion,2,0,0,Facebook
Facebook::Eduardo Morales,civil,2,0,0,Facebook
Facebook::Eduardo Morales,labor,1,3,3,Facebook
Facebook::Eduardo Morales,importante,1,13,0,Facebook
Facebook::Eduardo Morales,seguridad,1,0,3,Facebook
Facebook::Eduardo Morales,asistente,1,0,3,Facebook
Facebook::Eduardo Morales,fisico,1,4,3,Facebook
Facebook::Eduardo Morales,fundamental,1,3,0,Facebook
Facebook::Eduardo Morales,presidenta,1,8,0,Facebook
Facebook::Eduardo Morales,excelente,1,2,1,Facebook
Facebook::Eduardo Morales,obra,1,2,4,Facebook
Facebook::Eduardo Morales,publico,1,14,3,Facebook
Facebook::Eduardo Morales,accion,1,2,0,Facebook
Facebook::Eduardo Morales,traer,1,11,0,Facebook
Facebook::Eduardo Morales,resultado,1,2,0,Facebook
Facebook::Eduardo Morales,avanzar,1,14,1,Facebook
Facebook::Eduardo Rojas Escobar,presidenta,1,8,0,Facebook
Facebook::Eduardo Rojas Escobar,pedir,1,11,0,Facebook
Facebook::Eduardo Rojas Escobar,favor,1,11,5,Facebook
Facebook::Eduardo Rojas Escobar,col,1,6,1,Facebook
Facebook::Eduardo Rojas Escobar,arenal,1,2,4,Facebook
Facebook::Eduardo Rojas Escobar,gracia,1,11,2,Facebook
Facebook::Eduardo Rojas Escobar,limpieza,1,3,3,Facebook
Facebook::Eduardo Rojas Escobar,coche,1,9,4,Facebook
Facebook::Elizabeth Bermea,demostrar,2,13,0,Facebook
Facebook::Elizabeth Bermea,compromiso,2,2,0,Facebook
Facebook::Elizabeth Bermea,excelente,2,2,1,Facebook
Facebook::Elizabeth Bermea,accion,1,2,0,Facebook
Facebook::Elizabeth Bermea,concreto,1,2,4,Facebook
Facebook::Elizabeth Bermea,bienestar,1,2,3,Facebook
Facebook::Elizabeth Bermea,gente,1,6,2,Facebook
Facebook::Elizabeth Bermea,fomentar,1,5,3,Facebook
Facebook::Elizabeth Bermea,sonrisa,1,2,3,Facebook
Facebook::Elizabeth Bermea,impulsar,1,1,2,Facebook
Facebook::Elizabeth Bermea,turismo,1,14,4,Facebook
Facebook::Elizabeth Bermea,genial,1,9,2,Facebook
Facebook::Elizabeth Bermea,hermoso,1,8,0,Facebook
Facebook::Elizabeth Bermea,lectura,1,3,4,Facebook
Facebook::Elizabeth Bermea,conocimiento,1,6,3,Facebook
Facebook::Elizabeth Bermea,deber,1,11,1,Facebook
Facebook::Elizabeth Bermea,fortalecer,1,14,0,Facebook
Facebook::Elizabeth Bermea,nino,1,8,1,Facebook
Facebook::Elizabeth Bermea,actividad,1,1,0,Facebook
Facebook::Elizabeth Bermea,avanzar,1,14,1,Facebook
Facebook::Elizabeth Bermea,rapido,1,0,1,Facebook
Facebook::Elizabeth Bermea,gobierno,1,12,3,Facebook
Facebook::Elizabeth Bermea,responsable,1,3,2,Facebook
Facebook::Emmanuel Diaz,excelente,5,2,1,Facebook
Facebook::Emmanuel Diaz,actividad,5,1,0,Facebook
Facebook::Emmanuel Diaz,bonito,3,8,1,Facebook
Facebook::Emmanuel Diaz,padre,3,4,0,Facebook
Facebook::Emmanuel Diaz,vida,2,7,4,Facebook
Facebook::Emmanuel Diaz,felicidad,2,8,0,Facebook
Facebook::Emmanuel Diaz,gracias,2,8,0,Facebook
Facebook::Emmanuel Diaz,sembrar,1,4,6,Facebook
Facebook::Emmanuel Diaz,gracia,1,11,2,Facebook
Facebook::Emmanuel Diaz,saludos,1,11,2,Facebook
Facebook::Emmanuel Diaz,alto,1,13,0,Facebook
Facebook::Emmanuel Diaz,exito,1,8,0,Facebook
Facebook::Emmanuel Diaz,feliz,1,8,1,Facebook
Facebook::Emmanuel Diaz,salud,1,2,3,Facebook
Facebook::Emmanuel Diaz,cine,1,14,0,Facebook
Facebook::Emmanuel Diaz,colonia,1,2,4,Facebook
Facebook::Emmanuel Diaz,vecino,1,2,4,Facebook
Facebook::Emmanuel Diaz,cultura,1,1,1,Facebook
Facebook::Emmanuel Diaz,vial,1,5,1,Facebook
Facebook::Emmanuel Diaz,limpio,1,7,0,Facebook
Facebook::Emmanuel Diaz,transformar,1,2,0,Facebook
Facebook::Emmanuel Diaz,tamaulipas,1,5,1,Facebook
Facebook::Emmanuel Diaz,tampiquenos,1,13,5,Facebook
Facebook::Emmanuel Diaz,top,1,10,5,Facebook
Facebook::Emmanuel Diaz,felicidades,1,8,0,Facebook
Facebook::Emmanuel Diaz,ganador,1,10,2,Facebook
Facebook::Emmanuel Diaz,apoyar,1,1,2,Facebook
Facebook::Emmanuel Diaz,educacion,1,14,1,Facebook
Facebook::Emmanuel Diaz,pasion,1,1,3,Facebook
Facebook::Emmanuel Diaz,jaiba,1,10,5,Facebook
Facebook::Emmanuel Diaz,hermoso,1,8,0,Facebook
Facebook::Enrique R. Montelongo,alcaldesa,1,8,0,Facebook
Facebook::Enrique R. Montelongo,monica,1,3,0,Facebook
Facebook::Enrique R. Montelongo,villarreal,1,3,0,Facebook
Facebook::Enrique R. Montelongo,voluntad,1,10,3,Facebook
Facebook::Enrique R. Montelongo,construir,1,13,1,Facebook
Facebook::Enrique Salomon Garcia Bacca,rehabilitacion,1,14,4,Facebook
Facebook::Enrique Salomon Garcia Bacca,calle,1,9,1,Facebook
Facebook::Enrique Salomon Garcia Bacca,dejar,1,9,0,Facebook
Facebook::Enrique Salomon Garcia Bacca,desear,1,4,6,Facebook
Facebook::Enrique Salomon Garcia Bacca,tampiqueno,1,2,0,Facebook
Facebook::Enrique Salomon Garcia Bacca,obra,1,2,4,Facebook
Facebook::Enrique Salomon Garcia Bacca,calidad,1,2,2,Facebook
Facebook::Enrique Salomon Garcia Bacca,cual,1,10,2,Facebook
Facebook::Enrique Salomon Garcia Bacca,ciudad,1,13,1,Facebook
Facebook::Erika Deyanira Bolado Nigoche,excelente,3,2,1,Facebook
Facebook::Erika Deyanira Bolado Nigoche,super,1,8,0,Facebook
Facebook::Erika Deyanira Bolado Nigoche,mujer,1,10,3,Facebook
Facebook::Erika Deyanira Bolado Nigoche,exposicion,1,6,3,Facebook
Facebook::Erika Deyanira Bolado Nigoche,felicidad,1,8,0,Facebook
Facebook::Erika Deyanira Bolado Nigoche,involucrado,1,12,1,Facebook
Facebook::Erika Deyanira Bolado Nigoche,importante,1,13,0,Facebook
Facebook::Erika Deyanira Bolado Nigoche,labor,1,3,3,Facebook
Facebook::Erika Deyanira Bolado Nigoche,reflexion,1,1,1,Facebook
Facebook::Erika Deyanira Bolado Nigoche,profundo,1,3,3,Facebook
Facebook::Erika Rubalcava,mundial,2,4,0,Facebook
Facebook::Erika Rubalcava,dia,2,6,0,Facebook
Facebook::Erika Rubalcava,futbol,2,1,3,Facebook
Facebook::Erika Rubalcava,jugar,1,3,4,Facebook
Facebook::Erika Rubalcava,mexico,1,12,0,Facebook
Facebook::Erika Rubalcava,llegar,1,10,1,Facebook
Facebook::Erika Rubalcava,balon,1,4,0,Facebook
Facebook::Erika Rubalcava,ganar,1,10,2,Facebook
Facebook::Erika Rubalcava,partido,1,4,0,Facebook
Facebook::Erika Rubalcava,estadio,1,10,2,Facebook
Facebook::Erika Rubalcava,azteca,1,4,0,Facebook
Facebook::Erika Rubalcava,gustar,1,6,0,Facebook
Facebook::Erika Rubalcava,escuchar,1,2,0,Facebook
Facebook::Erika Rubalcava,historia,1,1,3,Facebook
Facebook::Erika Rubalcava,amar,1,4,0,Facebook
Facebook::Erika Rubalcava,ano,1,11,2,Facebook
Facebook::Erika Rubalcava,super,1,8,0,Facebook
Facebook::Erika Rubalcava,sentir,1,11,4,Facebook
Facebook::Erika Rubalcava,feliz,1,8,1,Facebook
Facebook::Erika Rubalcava,recordar,1,4,2,Facebook
Facebook::Erika Rubalcava,bonito,1,8,1,Facebook
Facebook::Ernesto Lugo,aire,1,9,2,Facebook
Facebook::Ernesto Lugo,deber,1,11,1,Facebook
Facebook::Ernesto Lugo,castigar,1,11,1,Facebook
Facebook::Ernesto Lugo,prevenir,1,7,3,Facebook
Facebook::Ernesto Lugo,mantener,1,7,0,Facebook
Facebook::Ernesto Lugo,limpieza,1,3,3,Facebook
Facebook::Ernesto Lugo,red,1,14,3,Facebook
Facebook::Ernesto Lugo,social,1,2,3,Facebook
Facebook::Ernesto Lugo,importancia,1,9,2,Facebook
Facebook::Ernesto Lugo,bendicion,1,8,0,Facebook
Facebook::Ernesto Morales Guerrero,simulacro,7,0,4,Facebook
Facebook::Ernesto Morales Guerrero,pinche,1,10,3,Facebook
Facebook::Ernesto Morales Guerrero,cosa,1,11,3,Facebook
Facebook::Ernesto Morales Guerrero,bache,1,2,2,Facebook
Facebook::Ernesto Morales Guerrero,agua,1,3,1,Facebook
Facebook::Ernesto Morales Guerrero,negro,1,3,1,Facebook
Facebook::Esar PA,preparado,2,0,1,Facebook
Facebook::Esar PA,madero,1,5,0,Facebook
Facebook::Esar PA,gente,1,6,2,Facebook
Facebook::Esar PA,atencion,1,7,3,Facebook
Facebook::Esar PA,personal,1,0,2,Facebook
Facebook::Esar PA,emergencia,1,0,0,Facebook
Facebook::Estrella Zaradat,bravo,1,12,3,Facebook
Facebook::Estrella Zaradat,grande,1,1,0,Facebook
Facebook::Estrella Zaradat,cambio,1,11,3,Facebook
Facebook::Estrella Zaradat,beneficio,1,2,3,Facebook
Facebook::Estrella Zaradat,comunidad,1,3,0,Facebook
Facebook::Estrella Zaradat,vecino,1,2,4,Facebook
Facebook::Estrella Zaradat,recomendacion,1,0,2,Facebook
Facebook::Estrella Zaradat,quedar,1,11,0,Facebook
Facebook::Evelyn Padilla,sur,2,14,2,Facebook
Facebook::Evelyn Padilla,villarreal,2,3,0,Facebook
Facebook::Evelyn Padilla,suministro,1,0,1,Facebook
Facebook::Evelyn Padilla,agua,1,3,1,Facebook
Facebook::Evelyn Padilla,colonia,1,2,4,Facebook
Facebook::Evelyn Padilla,zona,1,0,1,Facebook
Facebook::Evelyn Padilla,cfe,1,0,1,Facebook
Facebook::Evelyn Padilla,nacional,1,4,2,Facebook
Facebook::Evelyn Padilla,americo,1,14,1,Facebook
Facebook::Evelyn Padilla,monica,1,3,0,Facebook
Facebook::Evelyn Padilla,comapa,1,2,2,Facebook
Facebook::Evelyn Padilla,favor,1,11,5,Facebook
Facebook::Fabiola Anguiano,genial,1,9,2,Facebook
Facebook::Fabiola Anguiano,apoyo,1,2,2,Facebook
Facebook::Fabiola Anguiano,aprender,1,11,3,Facebook
Facebook::Fabiola Anguiano,vida,1,7,4,Facebook
Facebook::Fabiola Anguiano,generacion,1,1,3,Facebook
Facebook::Fabiola Anguiano,excelente,1,2,1,Facebook
Facebook::Faranduleros del Asfalto,gracias,1,8,0,Facebook
Facebook::Faranduleros del Asfalto,apoyar,1,1,2,Facebook
Facebook::Faranduleros del Asfalto,arte,1,1,1,Facebook
Facebook::Faranduleros del Asfalto,urbano,1,14,2,Facebook
Facebook::Faranduleros del Asfalto,monica,1,3,0,Facebook
Facebook::Faranduleros del Asfalto,villarreal,1,3,0,Facebook
Facebook::Fela Ceniceros,excelente,5,2,1,Facebook
Facebook::Fela Ceniceros,presidenta,1,8,0,Facebook
Facebook::Felipe González González,villarreal,2,3,0,Facebook
Facebook::Felipe González González,felicidades,1,8,0,Facebook
Facebook::Felipe González González,presidenta,1,8,0,Facebook
Facebook::Felipe González González,monica,1,3,0,Facebook
Facebook::Felipe González González,gobernador,1,14,1,Facebook
Facebook::Felipe González González,americo,1,14,1,Facebook
Facebook::Felipe González González,tamaulipas,1,5,1,Facebook
Facebook::Fercho Aco,ganar,1,10,2,Facebook
Facebook::Fercho Aco,admiracion,1,9,4,Facebook
Facebook::Fercho Aco,querer,1,11,0,Facebook
Facebook::Fercho Aco,cosa,1,11,3,Facebook
Facebook::Fercho Aco,merecer,1,10,3,Facebook
Facebook::Fidel Luna,presidenta,5,8,0,Facebook
Facebook::Fidel Luna,excelente,4,2,1,Facebook
Facebook::Fidel Luna,monica,3,3,0,Facebook
Facebook::Fidel Luna,villarreal,3,3,0,Facebook
Facebook::Fidel Luna,tampiquenos,3,13,5,Facebook
Facebook::Fidel Luna,transformacion,2,14,1,Facebook
Facebook::Fidel Luna,promocion,1,8,0,Facebook
Facebook::Fidel Luna,hermoso,1,8,0,Facebook
Facebook::Fidel Luna,exito,1,8,0,Facebook
Facebook::Fidel Luna,mexicanos,1,12,0,Facebook
Facebook::Fidel Luna,cuarta,1,2,4,Facebook
Facebook::Fidel Luna,puebla,1,5,2,Facebook
Facebook::Fidel Luna,zacil,1,1,1,Facebook
Facebook::Fidel Luna,anaya,1,3,0,Facebook
Facebook::Fidel Luna,evento,1,8,1,Facebook
Facebook::Fidel Luna,gobierno,1,12,3,Facebook
Facebook::Fidel Luna,municipal,1,14,0,Facebook
Facebook::Fidel Luna,avance,1,14,1,Facebook
Facebook::Fidel Luna,felicidades,1,8,0,Facebook
Facebook::Fidel Luna,cuarto,1,4,0,Facebook
Facebook::Fidel Luna,claudia,1,12,0,Facebook
Facebook::Fidencio Rocha,excelente,6,2,1,Facebook
Facebook::Fidencio Rocha,presidentar,4,8,0,Facebook
Facebook::Fidencio Rocha,evento,2,8,1,Facebook
Facebook::Fidencio Rocha,presidenta,2,8,0,Facebook
Facebook::Fidencio Rocha,tampiqueno,2,2,0,Facebook
Facebook::Fidencio Rocha,deporte,1,2,1,Facebook
Facebook::Fidencio Rocha,cuidar,1,2,1,Facebook
Facebook::Fidencio Rocha,amar,1,4,0,Facebook
Facebook::Fidencio Rocha,querer,1,11,0,Facebook
Facebook::Fidencio Rocha,monica,1,3,0,Facebook
Facebook::Fidencio Rocha,villarreal,1,3,0,Facebook
Facebook::Fidencio Rocha,joven,1,13,0,Facebook
Facebook::Fidencio Rocha,cercano,1,2,3,Facebook
Facebook::Fidencio Rocha,gente,1,6,2,Facebook
Facebook::Fidencio Rocha,jornada,1,3,1,Facebook
Facebook::Fidencio Rocha,super,1,8,0,Facebook
Facebook::Fidencio Rocha,equipo,1,13,3,Facebook
Facebook::Fidencio Rocha,social,1,2,3,Facebook
Facebook::Fidencio Rocha,historico,1,6,1,Facebook
Facebook::Fidencio Rocha,dinero,1,12,5,Facebook
Facebook::Fidencio Rocha,resultado,1,2,0,Facebook
Facebook::Fidencio Rocha,servicio,1,2,2,Facebook
Facebook::Fidencio Rocha,seguir,1,2,0,Facebook
Facebook::Fidencio Rocha,transformar,1,2,0,Facebook
Facebook::Fidencio Rocha,alcaldesa,1,8,0,Facebook
Facebook::Fidencio Rocha,exposicion,1,6,3,Facebook
Facebook::Fidencio Rocha,futbolero,1,1,1,Facebook
Facebook::Fidencio Rocha,mirar,1,11,0,Facebook
Facebook::Francisco Chavero,presidenta,3,8,0,Facebook
Facebook::Francisco Chavero,monica,2,3,0,Facebook
Facebook::Francisco Chavero,puesto,1,9,0,Facebook
Facebook::Francisco Chavero,bello,1,8,0,Facebook
Facebook::Francisco Chavero,sonrisa,1,2,3,Facebook
Facebook::Francisco Chavero,saludo,1,11,2,Facebook
Facebook::Francisco Chavero,excelente,1,2,1,Facebook
Facebook::Francisco Gomez,presidenta,7,8,0,Facebook
Facebook::Francisco Gomez,ciudad,5,13,1,Facebook
Facebook::Francisco Gomez,gracias,5,8,0,Facebook
Facebook::Francisco Gomez,familia,2,1,0,Facebook
Facebook::Francisco Gomez,direccion,2,0,2,Facebook
Facebook::Francisco Gomez,construir,2,13,1,Facebook
Facebook::Francisco Gomez,seguro,2,2,1,Facebook
Facebook::Francisco Gomez,tampicotecuida,2,2,1,Facebook
Facebook::Francisco Gomez,equipo,2,13,3,Facebook
Facebook::Francisco Gomez,colonia,2,2,4,Facebook
Facebook::Francisco Gomez,deportivo,2,1,4,Facebook
Facebook::Francisco Gomez,avanzar,1,14,1,Facebook
Facebook::Francisco Gomez,seguridad,1,0,3,Facebook
Facebook::Francisco Gomez,logro,1,13,1,Facebook
Facebook::Francisco Gomez,importante,1,13,0,Facebook
Facebook::Francisco Gomez,calidad,1,2,2,Facebook
Facebook::Francisco Gomez,vida,1,7,4,Facebook
Facebook::Francisco Gomez,sigar,1,8,0,Facebook
Facebook::Francisco Gomez,noche,1,4,0,Facebook
Facebook::Francisco Gomez,fuerza,1,10,3,Facebook
Facebook::Francisco Gomez,vecino,1,2,4,Facebook
Facebook::Francisco Gomez,chairel,1,6,1,Facebook
Facebook::Francisco Gomez,guadalupe,1,11,5,Facebook
Facebook::Francisco Gomez,agradecer,1,10,0,Facebook
Facebook::Francisco Gomez,tampiqueno,1,2,0,Facebook
Facebook::Francisco Gomez,resultado,1,2,0,Facebook
Facebook::Francisco Gomez,orgullo,1,1,2,Facebook
Facebook::Francisco Gomez,recordar,1,4,2,Facebook
Facebook::Francisco Gomez,lograr,1,13,2,Facebook
Facebook::Francisco Gomez,cosa,1,11,3,Facebook
Facebook::Francisco Gomez,atraer,1,6,1,Facebook
Facebook::Francisco Gomez,turismo,1,14,4,Facebook
Facebook::Francisco Gomez,internacional,1,13,1,Facebook
Facebook::Francisco Gomez,tarea,1,14,3,Facebook
Facebook::Francisco Gomez,municipio,1,14,2,Facebook
Facebook::Francisco Gomez,valioso,1,1,2,Facebook
Facebook::Francisco Gomez,zona,1,0,1,Facebook
Facebook::Francisco Gomez,conurbado,1,14,2,Facebook
Facebook::Francisco Gomez,mundo,1,11,0,Facebook
Facebook::Francisco Gomez,ano,1,11,2,Facebook
Facebook::Francisco Gomez,futbol,1,1,3,Facebook
Facebook::Francisco Gomez,entrada,1,3,4,Facebook
Facebook::Francisco Gomez,libre,1,1,0,Facebook
Facebook::Francisco Gomez,rescatar,1,3,4,Facebook
Facebook::Francisco Gomez,celebrar,1,1,3,Facebook
Facebook::Francisco Gomez,historia,1,1,3,Facebook
Facebook::Francisco Gomez,alumno,1,1,0,Facebook
Facebook::Francisco Gomez,danza,1,1,1,Facebook
Facebook::Francisco Gomez,compartir,1,1,0,Facebook
Facebook::Francisco Gomez,espacio,1,1,0,Facebook
Facebook::Francisco Gomez,deportista,1,13,0,Facebook
Facebook::Francisco Gomez,pais,1,12,0,Facebook
Facebook::Francisco Gomez,demostrar,1,13,0,Facebook
Facebook::Francisco Llavero Chavero,excelente,2,2,1,Facebook
Facebook::Francisco Llavero Chavero,presidenta,2,8,0,Facebook
Facebook::Francisco Llavero Chavero,monico,1,14,2,Facebook
Facebook::Francisco Llavero Chavero,genial,1,9,2,Facebook
Facebook::Francisco Llavero Chavero,perfecto,1,12,4,Facebook
Facebook::Francisco Llavero Chavero,lluvia,1,0,1,Facebook
Facebook::Francisco Llavero Chavero,rapido,1,0,1,Facebook
Facebook::Francisco Llavero Chavero,crecer,1,6,0,Facebook
Facebook::Francisco Moya,marina,2,6,0,Facebook
Facebook::Francisco Moya,mexicana,2,4,0,Facebook
Facebook::Francisco Moya,dia,1,6,0,Facebook
Facebook::Francisco Moya,secretario,1,4,3,Facebook
Facebook::Francisco Moya,perder,1,11,5,Facebook
Facebook::Francisco Moya,bandera,1,14,1,Facebook
Facebook::Francisco Moya,veracruz,1,5,2,Facebook
Facebook::Francisco Moya,ano,1,11,2,Facebook
Facebook::Francisco Moya,guerra,1,11,2,Facebook
Facebook::Francisco Moya,mundial,1,4,0,Facebook
Facebook::Gabriel Alexander Montoya,ocurrir,1,11,5,Facebook
Facebook::Gabriel Alexander Montoya,venir,1,4,0,Facebook
Facebook::Gabriel Alexander Montoya,drenaje,1,3,3,Facebook
Facebook::Gabriel Alexander Montoya,calle,1,9,1,Facebook
Facebook::Gabriel Alexander Montoya,guadalupe,1,11,5,Facebook
Facebook::Gabriel Alexander Montoya,colonia,1,2,4,Facebook
Facebook::Gabriel Alexander Montoya,tamaulipa,1,11,0,Facebook
Facebook::Gabriel Alexander Montoya,frente,1,9,1,Facebook
Facebook::Gabriel Alexander Montoya,ano,1,11,2,Facebook
Facebook::Gabriel Alexander Montoya,agua,1,3,1,Facebook
Facebook::Gabriel Alexander Montoya,meter,1,11,3,Facebook
Facebook::Gabriel Alexander Montoya,registro,1,7,2,Facebook
Facebook::Gabriel Alexander Montoya,basura,1,3,1,Facebook
Facebook::Gabriel Alexander Montoya,obras,1,0,2,Facebook
Facebook::Gabriel Alexander Montoya,publicas,1,0,2,Facebook
Facebook::Gabriel Alexander Montoya,comapa,1,2,2,Facebook
Facebook::Gabriel Alexander Montoya,reportar,1,7,2,Facebook
Facebook::Gabriel Alexander Montoya,caso,1,10,4,Facebook
Facebook::Gabriel Alexander Montoya,faltar,1,12,1,Facebook
Facebook::Gabriel Alexander Montoya,pagar,1,11,4,Facebook
Facebook::Gabriel Alexander Montoya,rapido,1,0,1,Facebook
Facebook::Gabriel Alexander Montoya,servicio,1,2,2,Facebook
Facebook::Gastón Caloca Ponce,excelente,3,2,1,Facebook
Facebook::Gastón Caloca Ponce,felicidad,1,8,0,Facebook
Facebook::Gastón Caloca Ponce,campeon,1,13,0,Facebook
Facebook::Gastón Caloca Ponce,bendicion,1,8,0,Facebook
Facebook::Generoso Nico,excelente,1,2,1,Facebook
Facebook::Generoso Nico,alcaldesa,1,8,0,Facebook
Facebook::Generoso Nico,lucha,1,8,1,Facebook
Facebook::Generoso Nico,mosquito,1,3,1,Facebook
Facebook::Generoso Nico,dengue,1,14,0,Facebook
Facebook::Gilberto Izaguirre Rivera,pueblo,1,11,5,Facebook
Facebook::Gilberto Izaguirre Rivera,sociedad,1,6,2,Facebook
Facebook::Gilberto Izaguirre Rivera,monica,1,3,0,Facebook
Facebook::Gilberto Izaguirre Rivera,villareal,1,8,0,Facebook
Facebook::Gilberto Izaguirre Rivera,partido,1,4,0,Facebook
Facebook::Gilberto Izaguirre Rivera,morena,1,12,4,Facebook
Facebook::Gladis Rojas,excelente,7,2,1,Facebook
Facebook::Gladis Rojas,presidenta,3,8,0,Facebook
Facebook::Gladis Rojas,nino,2,8,1,Facebook
Facebook::Gladis Rojas,evento,1,8,1,Facebook
Facebook::Gladis Rojas,gracias,1,8,0,Facebook
Facebook::Gladis Rojas,feliz,1,8,1,Facebook
Facebook::Gladis Rojas,cuidar,1,2,1,Facebook
Facebook::Gollita Valdez,excelente,3,2,1,Facebook
Facebook::Gollita Valdez,presidenta,2,8,0,Facebook
Facebook::Gollita Valdez,pendiente,1,10,1,Facebook
Facebook::Gollita Valdez,ciudadania,1,2,3,Facebook
Facebook::Gollita Valdez,programa,1,2,3,Facebook
Facebook::Gollita Valdez,presidentar,1,8,0,Facebook
Facebook::Gollita Valdez,gastronomia,1,8,4,Facebook
Facebook::Gonzalez Angel,abril,1,0,3,Facebook
Facebook::Gonzalez Angel,col,1,6,1,Facebook
Facebook::Gonzalez Angel,tancol,1,2,4,Facebook
Facebook::Gonzalez Angel,gracia,1,11,2,Facebook
Facebook::Gonzalez Angel,justo,1,11,5,Facebook
Facebook::Gonzalez Angel,lluvia,1,0,1,Facebook
Facebook::Gonzalo Soulés Gar,cuidar,3,2,1,Facebook
Facebook::Gonzalo Soulés Gar,excelente,1,2,1,Facebook
Facebook::Gonzalo Soulés Gar,deporte,1,2,1,Facebook
Facebook::Gonzalo Soulés Gar,unir,1,1,3,Facebook
Facebook::Gonzalo Soulés Gar,familia,1,1,0,Facebook
Facebook::Gonzalo Soulés Gar,balon,1,4,0,Facebook
Facebook::Gonzalo Soulés Gar,gracias,1,8,0,Facebook
Facebook::Gonzalo Soulés Gar,evento,1,8,1,Facebook
Facebook::Gonzalo Soulés Gar,feliz,1,8,1,Facebook
Facebook::Gonzalo Soulés Gar,dia,1,6,0,Facebook
Facebook::Gonzalo Soulés Gar,nino,1,8,1,Facebook
Facebook::Gonzalo Soulés Gar,gol,1,12,0,Facebook
Facebook::Gonzalo Soulés Gar,mundial,1,4,0,Facebook
Facebook::Goyos Dlg,excelente,2,2,1,Facebook
Facebook::Goyos Dlg,alcaldesar,2,14,2,Facebook
Facebook::Goyos Dlg,labor,1,3,3,Facebook
Facebook::Goyos Dlg,atender,1,2,0,Facebook
Facebook::Goyos Dlg,problema,1,12,0,Facebook
Facebook::Gracia Elena Medina López,excelente,1,2,1,Facebook
Facebook::Gracia Elena Medina López,labor,1,3,3,Facebook
Facebook::Gracia Elena Medina López,beneficio,1,2,3,Facebook
Facebook::Gracia Elena Medina López,ciudad,1,13,1,Facebook
Facebook::Gracia Elena Medina López,enhorabuena,1,8,0,Facebook
Facebook::Gracia Elena Medina López,feliz,1,8,1,Facebook
Facebook::Gracia Elena Medina López,dia,1,6,0,Facebook
Facebook::Gracia Elena Medina López,madre,1,10,3,Facebook
Facebook::Gracia Elena Medina López,alcaldesa,1,8,0,Facebook
Facebook::Gracia Elena Medina López,monica,1,3,0,Facebook
Facebook::Gracia Elena Medina López,villarreal,1,3,0,Facebook
Facebook::Guadalupe Martínez Pacheco,cuidar,1,2,1,Facebook
Facebook::Guadalupe Martínez Pacheco,presidenta,1,8,0,Facebook
Facebook::Guadalupe Martínez Pacheco,monica,1,3,0,Facebook
Facebook::Guadalupe Martínez Pacheco,villareal,1,8,0,Facebook
Facebook::Guadalupe Martínez Pacheco,anaya,1,3,0,Facebook
Facebook::Guadalupe Vazquez Perez,felicidad,1,8,0,Facebook
Facebook::Guadalupe Vazquez Perez,campeon,1,13,0,Facebook
Facebook::Guadalupe Vazquez Perez,futuro,1,13,1,Facebook
Facebook::Guadalupe Vazquez Perez,nino,1,8,1,Facebook
Facebook::Guadalupe Vazquez Perez,cancha,1,14,4,Facebook
Facebook::Guadalupe Vazquez Perez,excelente,1,2,1,Facebook
Facebook::Guadalupe Vazquez Perez,presidenta,1,8,0,Facebook
Facebook::Guillermo Paez Treviño,torneo,4,1,4,Facebook
Facebook::Guillermo Paez Treviño,internacional,3,13,1,Facebook
Facebook::Guillermo Paez Treviño,recordar,2,4,2,Facebook
Facebook::Guillermo Paez Treviño,evento,1,8,1,Facebook
Facebook::Guillermo Paez Treviño,pesca,1,1,4,Facebook
Facebook::Guillermo Paez Treviño,ano,1,11,2,Facebook
Facebook::Guillermo Paez Treviño,competencia,1,13,5,Facebook
Facebook::Guillermo Paez Treviño,participar,1,10,2,Facebook
Facebook::Guillermo Paez Treviño,club,1,10,5,Facebook
Facebook::Guillermo Paez Treviño,mexico,1,12,0,Facebook
Facebook::Guillermo Paez Treviño,querer,1,11,0,Facebook
Facebook::Guillermo Paez Treviño,felicitar,1,8,2,Facebook
Facebook::Guillermo Paez Treviño,autoridad,1,0,3,Facebook
Facebook::Guillermo Paez Treviño,jorge,1,1,4,Facebook
Facebook::Guillermo Paez Treviño,video,1,11,2,Facebook
Facebook::Guillermo Paez Treviño,comentario,1,10,2,Facebook
Facebook::Guillermo Paez Treviño,profesional,1,13,5,Facebook
Facebook::Guillermo Paez Treviño,servicio,1,2,2,Facebook
Facebook::Guillermo Paez Treviño,formar,1,1,3,Facebook
Facebook::Guillermo Paez Treviño,equipo,1,13,3,Facebook
Facebook::Guillermo Paez Treviño,lograr,1,13,2,Facebook
Facebook::Guillermo Vega Ruiz,casa,4,3,1,Facebook
Facebook::Guillermo Vega Ruiz,gratis,2,4,3,Facebook
Facebook::Guillermo Vega Ruiz,pueblo,2,11,5,Facebook
Facebook::Guillermo Vega Ruiz,mujeres,1,8,0,Facebook
Facebook::Guillermo Vega Ruiz,historia,1,1,3,Facebook
Facebook::Gustavo Enrique Avalos Alvarez,genial,2,9,2,Facebook
Facebook::Gustavo Enrique Avalos Alvarez,super,1,8,0,Facebook
Facebook::Gustavo Enrique Avalos Alvarez,felicidad,1,8,0,Facebook
Facebook::Gustavo Enrique Avalos Alvarez,excelente,1,2,1,Facebook
Facebook::Gustavo Enrique Avalos Alvarez,lic,1,8,0,Facebook
Facebook::Gustavo Enrique Avalos Alvarez,felicidades,1,8,0,Facebook
Facebook::Gustavo Enrique Avalos Alvarez,alcaldesa,1,8,0,Facebook
Facebook::Hilda Flores,wow,1,9,-1,Facebook
Facebook::Hilda Flores,padre,1,4,0,Facebook
Facebook::Hilda Flores,gracias,1,8,0,Facebook
Facebook::Hilda Flores,presidenta,1,8,0,Facebook
Facebook::Hilda Flores,monica,1,3,0,Facebook
Facebook::Hilda Flores,villarreal,1,3,0,Facebook
Facebook::Hilda Flores,cultura,1,1,1,Facebook
Facebook::Hilda Flores,excelente,1,2,1,Facebook
Facebook::Hiran Cuellar,felicidades,2,8,0,Facebook
Facebook::Hiran Cuellar,gracias,1,8,0,Facebook
Facebook::Hiran Cuellar,deporte,1,2,1,Facebook
Facebook::Hiran Cuellar,clave,1,6,2,Facebook
Facebook::Hiran Cuellar,municipio,1,14,2,Facebook
Facebook::Hugo Mariano,experiencia,1,1,4,Facebook
Facebook::Hugo Mariano,felicidad,1,8,0,Facebook
Facebook::Hugo Mariano,iniciativa,1,13,2,Facebook
Facebook::Hugo Mariano,gracias,1,8,0,Facebook
Facebook::Hugo Mariano,empresario,1,14,1,Facebook
Facebook::Hugo Mariano,tampiqueno,1,2,0,Facebook
Facebook::Hugo Mariano,monica,1,3,0,Facebook
Facebook::Hugo Mariano,villarreal,1,3,0,Facebook
Facebook::Inno Hernandez,feria,1,0,3,Facebook
Facebook::Inno Hernandez,presion,1,11,3,Facebook
Facebook::Inno Hernandez,dejar,1,9,0,Facebook
Facebook::Inno Hernandez,entrar,1,4,1,Facebook
Facebook::Inno Hernandez,gente,1,6,2,Facebook
Facebook::Instituto de la Juventud Tampico,joven,3,13,0,Facebook
Facebook::Instituto de la Juventud Tampico,copa,2,13,0,Facebook
Facebook::Instituto de la Juventud Tampico,equipo,2,13,3,Facebook
Facebook::Instituto de la Juventud Tampico,impulsar,2,1,2,Facebook
Facebook::Instituto de la Juventud Tampico,fortalecer,2,14,0,Facebook
Facebook::Instituto de la Juventud Tampico,tampicotecuida,2,2,1,Facebook
Facebook::Instituto de la Juventud Tampico,colonia,2,2,4,Facebook
Facebook::Instituto de la Juventud Tampico,convivencia,2,1,0,Facebook
Facebook::Instituto de la Juventud Tampico,inaugurar,1,9,2,Facebook
Facebook::Instituto de la Juventud Tampico,ciudad,1,13,1,Facebook
Facebook::Instituto de la Juventud Tampico,nivel,1,4,2,Facebook
Facebook::Instituto de la Juventud Tampico,medio,1,8,2,Facebook
Facebook::Instituto de la Juventud Tampico,superior,1,13,0,Facebook
Facebook::Instituto de la Juventud Tampico,participar,1,10,2,Facebook
Facebook::Instituto de la Juventud Tampico,torneo,1,1,4,Facebook
Facebook::Instituto de la Juventud Tampico,deporte,1,2,1,Facebook
Facebook::Instituto de la Juventud Tampico,respeto,1,9,4,Facebook
Facebook::Instituto de la Juventud Tampico,disciplina,1,13,0,Facebook
Facebook::Instituto de la Juventud Tampico,jugar,1,3,4,Facebook
Facebook::Instituto de la Juventud Tampico,abril,1,0,3,Facebook
Facebook::Instituto de la Juventud Tampico,futbol,1,1,3,Facebook
Facebook::Instituto de la Juventud Tampico,esfuerzo,1,13,2,Facebook
Facebook::Instituto de la Juventud Tampico,premio,1,8,2,Facebook
Facebook::Instituto de la Juventud Tampico,economico,1,13,2,Facebook
Facebook::Instituto de la Juventud Tampico,trofeo,1,1,3,Facebook
Facebook::Instituto de la Juventud Tampico,medalla,1,12,3,Facebook
Facebook::Instituto de la Juventud Tampico,seguir,1,2,0,Facebook
Facebook::Instituto de la Juventud Tampico,oportunidad,1,13,2,Facebook
Facebook::Instituto de la Juventud Tampico,real,1,13,2,Facebook
Facebook::Instituto de la Juventud Tampico,crecer,1,6,0,Facebook
Facebook::Instituto de la Juventud Tampico,convivir,1,4,0,Facebook
Facebook::Instituto de la Juventud Tampico,cumplir,1,10,1,Facebook
Facebook::Instituto de la Juventud Tampico,meta,1,13,2,Facebook
Facebook::Instituto de la Juventud Tampico,cabo,1,0,2,Facebook
Facebook::Instituto de la Juventud Tampico,jornada,1,3,1,Facebook
Facebook::Instituto de la Juventud Tampico,cine,1,14,0,Facebook
Facebook::Instituto de la Juventud Tampico,tarde,1,8,1,Facebook
Facebook::Instituto de la Juventud Tampico,lleno,1,8,1,Facebook
Facebook::Instituto de la Juventud Tampico,alegria,1,8,1,Facebook
Facebook::Instituto de la Juventud Tampico,mercado,1,8,4,Facebook
Facebook::Instituto de la Juventud Tampico,norte,1,10,1,Facebook
Facebook::Instituto de la Juventud Tampico,gusto,1,8,4,Facebook
Facebook::Instituto de la Juventud Tampico,compartir,1,1,0,Facebook
Facebook::Instituto de la Juventud Tampico,nina,1,8,1,Facebook
Facebook::Instituto de la Juventud Tampico,nino,1,8,1,Facebook
Facebook::Instituto de la Juventud Tampico,familia,1,1,0,Facebook
Facebook::Instituto de la Juventud Tampico,tampiquenas,1,14,0,Facebook
Facebook::Instituto de la Juventud Tampico,reunir,1,1,3,Facebook
Facebook::Instituto de la Juventud Tampico,disfrutar,1,1,0,Facebook
Facebook::Instituto de la Juventud Tampico,continuar,1,14,0,Facebook
Facebook::Instituto de la Juventud Tampico,programa,1,2,3,Facebook
Facebook::Instituto de la Juventud Tampico,familiar,1,4,0,Facebook
Facebook::Instituto de la Juventud Tampico,espacio,1,1,0,Facebook
Facebook::Instituto de la Juventud Tampico,publico,1,14,3,Facebook
Facebook::Instituto de la Juventud Tampico,acercar,1,2,2,Facebook
Facebook::Instituto de la Juventud Tampico,actividad,1,1,0,Facebook
Facebook::Instituto de la Juventud Tampico,gratuito,1,2,2,Facebook
Facebook::Instituto del Deporte de Tamaulipas,tamaulipas,3,5,1,Facebook
Facebook::Instituto del Deporte de Tamaulipas,encontrar,1,7,4,Facebook
Facebook::Instituto del Deporte de Tamaulipas,disfrutar,1,1,0,Facebook
Facebook::Instituto del Deporte de Tamaulipas,final,1,10,2,Facebook
Facebook::Instituto del Deporte de Tamaulipas,futbol,1,1,3,Facebook
Facebook::Instituto del Deporte de Tamaulipas,olimpiada,1,13,0,Facebook
Facebook::Instituto del Deporte de Tamaulipas,nacional,1,4,2,Facebook
Facebook::Instituto del Deporte de Tamaulipas,conade,1,13,0,Facebook
Facebook::Instituto del Deporte de Tamaulipas,seleccion,1,4,0,Facebook
Facebook::Instituto del Deporte de Tamaulipas,enfrentar,1,11,1,Facebook
Facebook::Instituto del Deporte de Tamaulipas,coahuila,1,5,2,Facebook
Facebook::Instituto del Deporte de Tamaulipas,estadio,1,10,2,Facebook
Facebook::Instituto del Deporte de Tamaulipas,universitario,1,5,1,Facebook
Facebook::Instituto del Deporte de Tamaulipas,ciudad,1,13,1,Facebook
Facebook::Instituto del Deporte de Tamaulipas,mexico,1,12,0,Facebook
Facebook::Instituto del Deporte de Tamaulipas,orgullo,1,1,2,Facebook
Facebook::Instituto del Deporte de Tamaulipas,acompanar,1,13,0,Facebook
Facebook::Instituto del Deporte de Tamaulipas,joven,1,13,0,Facebook
Facebook::Instituto del Deporte de Tamaulipas,deportista,1,13,0,Facebook
Facebook::Instituto del Deporte de Tamaulipas,demostrar,1,13,0,Facebook
Facebook::Instituto del Deporte de Tamaulipas,talento,1,1,2,Facebook
Facebook::Instituto del Deporte de Tamaulipas,disciplina,1,13,0,Facebook
Facebook::Instituto del Deporte de Tamaulipas,amor,1,3,2,Facebook
Facebook::Instituto del Deporte de Tamaulipas,felicidad,1,8,0,Facebook
Facebook::Instituto del Deporte de Tamaulipas,representar,1,14,1,Facebook
Facebook::Instituto del Deporte de Tamaulipas,pasion,1,1,3,Facebook
Facebook::Instituto del Deporte de Tamaulipas,alto,1,13,0,Facebook
Facebook::Instituto del Deporte de Tamaulipas,nombre,1,12,2,Facebook
Facebook::Irene Almendarez Moreno,exelencia,7,5,-1,Facebook
Facebook::Irene Almendarez Moreno,excelente,5,2,1,Facebook
Facebook::Irene Almendarez Moreno,bonito,2,8,1,Facebook
Facebook::Irene Almendarez Moreno,bravo,1,12,3,Facebook
Facebook::Irene Almendarez Moreno,felicidad,1,8,0,Facebook
Facebook::Irene Almendarez Moreno,alegria,1,8,1,Facebook
Facebook::Irene Almendarez Moreno,ninez,1,8,1,Facebook
Facebook::Irene Almendarez Moreno,tampiqueno,1,2,0,Facebook
Facebook::Irene Almendarez Moreno,gracias,1,8,0,Facebook
Facebook::Irene Almendarez Moreno,presidenta,1,8,0,Facebook
Facebook::Irene Almendarez Moreno,deportivo,1,1,4,Facebook
Facebook::Irene Almendarez Moreno,felicidades,1,8,0,Facebook
Facebook::Irene Almendarez Moreno,hermoso,1,8,0,Facebook
Facebook::Irma Bustos,excelente,8,2,1,Facebook
Facebook::Irma Bustos,monica,4,3,0,Facebook
Facebook::Irma Bustos,villarreal,4,3,0,Facebook
Facebook::Irma Bustos,felicidad,3,8,0,Facebook
Facebook::Irma Bustos,felicidades,3,8,0,Facebook
Facebook::Irma Bustos,presidenta,2,8,0,Facebook
Facebook::Irma Bustos,viva,2,12,0,Facebook
Facebook::Irma Bustos,gracias,2,8,0,Facebook
Facebook::Irma Bustos,cuidado,1,3,2,Facebook
Facebook::Irma Bustos,medio,1,8,2,Facebook
Facebook::Irma Bustos,ambiente,1,8,2,Facebook
Facebook::Irma Bustos,aniversario,1,8,4,Facebook
Facebook::Irma Bustos,representante,1,11,0,Facebook
Facebook::Irma Bustos,madero,1,5,0,Facebook
Facebook::Irma Bustos,enhorabuena,1,8,0,Facebook
Facebook::Irma Bustos,maestro,1,6,0,Facebook
Facebook::Irma Bustos,llenar,1,1,1,Facebook
Facebook::Irma Bustos,alegria,1,8,1,Facebook
Facebook::Irma Bustos,nino,1,8,1,Facebook
Facebook::Irma Bustos,bonito,1,8,1,Facebook
Facebook::Irma Bustos,evento,1,8,1,Facebook
Facebook::Irma Bustos,mejorar,1,2,2,Facebook
Facebook::Irma Bustos,parque,1,14,4,Facebook
Facebook::Irma Bustos,seguir,1,2,0,Facebook
Facebook::Irma Bustos,impulsar,1,1,2,Facebook
Facebook::Irma Bustos,deporte,1,2,1,Facebook
Facebook::Irma Bustos,mundial,1,4,0,Facebook
Facebook::Irma Bustos,social,1,2,3,Facebook
Facebook::Irma Bustos,gobierno,1,12,3,Facebook
Facebook::Irma Bustos,humanista,1,2,0,Facebook
Facebook::Irma Bustos,iniciativa,1,13,2,Facebook
Facebook::Irma Bustos,importante,1,13,0,Facebook
Facebook::Irma Bustos,bienestar,1,2,3,Facebook
Facebook::Irma Bustos,juventud,1,13,0,Facebook
Facebook::Irma Bustos,cuida,1,0,0,Facebook
Facebook::Irma Bustos,feliz,1,8,1,Facebook
Facebook::Irma Bustos,dia,1,6,0,Facebook
Facebook::Irma Bustos,programa,1,2,3,Facebook
Facebook::Irma Bustos,tamaulipas,1,5,1,Facebook
Facebook::Irma Bustos,mexico,1,12,0,Facebook
Facebook::Irma Bustos,futbol,1,1,3,Facebook
Facebook::Irma Bustos,unir,1,1,3,Facebook
Facebook::Irma Bustos,cercania,1,2,0,Facebook
Facebook::Irma Bustos,dialogo,1,2,0,Facebook
Facebook::Irma Bustos,respuesta,1,0,4,Facebook
Facebook::Irma Bustos,familia,1,1,0,Facebook
Facebook::Irma Bustos,administracion,1,14,0,Facebook
Facebook::Irma Bustos,puerta,1,10,0,Facebook
Facebook::Irma Bustos,abierto,1,3,3,Facebook
Facebook::Irma Bustos,campo,1,2,0,Facebook
Facebook::Irma Bustos,directamente,1,13,3,Facebook
Facebook::Irma Bustos,necesidad,1,2,0,Facebook
Facebook::Irma Bustos,tampiquenos,1,13,5,Facebook
Facebook::Irma Bustos,pasion,1,1,3,Facebook
Facebook::Irma Bustos,jaiba,1,10,5,Facebook
Facebook::Irma Mandujano Ramos,enhorabuena,3,8,0,Facebook
Facebook::Irma Mandujano Ramos,alcaldesa,3,8,0,Facebook
Facebook::Irma Mandujano Ramos,bendicion,3,8,0,Facebook
Facebook::Irma Mandujano Ramos,vivo,1,5,1,Facebook
Facebook::Irma Mandujano Ramos,tamaulipas,1,5,1,Facebook
Facebook::Irma Mandujano Ramos,excelente,1,2,1,Facebook
Facebook::Irma Mandujano Ramos,actividad,1,1,0,Facebook
Facebook::Irma Mandujano Ramos,beneficio,1,2,3,Facebook
Facebook::Irma Mandujano Ramos,hermoso,1,8,0,Facebook
Facebook::Irma Mandujano Ramos,felicidad,1,8,0,Facebook
Facebook::Irma Mandujano Ramos,claudia,1,12,0,Facebook
Facebook::Irma Mandujano Ramos,vida,1,7,4,Facebook
Facebook::Irma Martinez,gracias,2,8,0,Facebook
Facebook::Irma Martinez,alcaldesa,2,8,0,Facebook
Facebook::Irma Martinez,enhorabuena,1,8,0,Facebook
Facebook::Irma Martinez,presidenta,1,8,0,Facebook
Facebook::Irma Martinez,monica,1,3,0,Facebook
Facebook::Irma Martinez,villarreal,1,3,0,Facebook
Facebook::Irma Martinez,apoyo,1,2,2,Facebook
Facebook::Irma Martinez,local,1,1,2,Facebook
Facebook::Irma Martinez,iniciativa,1,13,2,Facebook
Facebook::Irma Martinez,puro,1,12,3,Facebook
Facebook::Irma Martinez,calidad,1,2,2,Facebook
Facebook::Irma Martinez,pasar,1,11,3,Facebook
Facebook::Irma Martinez,feliz,1,8,1,Facebook
Facebook::Irma Martinez,dia,1,6,0,Facebook
Facebook::Irma Martinez,felicidades,1,8,0,Facebook
Facebook::Irma Martinez,erasmo,1,13,1,Facebook
Facebook::Irma Martinez,gonzalez,1,5,1,Facebook
Facebook::Irma Martinez,robledo,1,8,4,Facebook
Facebook::Irma Martinez,seguir,1,2,0,Facebook
Facebook::Irma Martinez,ano,1,11,2,Facebook
Facebook::Irma Robledo Hernandez,vien,9,8,0,Facebook
Facebook::Irma Robledo Hernandez,presidenta,8,8,0,Facebook
Facebook::Irma Robledo Hernandez,hora,8,10,1,Facebook
Facebook::Irma Robledo Hernandez,tampiqueno,6,2,0,Facebook
Facebook::Irma Robledo Hernandez,monica,5,3,0,Facebook
Facebook::Irma Robledo Hernandez,ala,5,12,0,Facebook
Facebook::Irma Robledo Hernandez,villarreal,4,3,0,Facebook
Facebook::Irma Robledo Hernandez,seguir,3,2,0,Facebook
Facebook::Irma Robledo Hernandez,lic,3,8,0,Facebook
Facebook::Irma Robledo Hernandez,presidente,2,14,2,Facebook
Facebook::Irma Robledo Hernandez,armando,2,7,3,Facebook
Facebook::Irma Robledo Hernandez,colonia,2,2,4,Facebook
Facebook::Irma Robledo Hernandez,mano,2,6,0,Facebook
Facebook::Irma Robledo Hernandez,gracias,2,8,0,Facebook
Facebook::Irma Robledo Hernandez,empresa,2,13,2,Facebook
Facebook::Irma Robledo Hernandez,rico,1,8,2,Facebook
Facebook::Irma Robledo Hernandez,atender,1,2,0,Facebook
Facebook::Irma Robledo Hernandez,viva,1,12,0,Facebook
Facebook::Irma Robledo Hernandez,morena,1,12,4,Facebook
Facebook::Irma Robledo Hernandez,pendiente,1,10,1,Facebook
Facebook::Irma Robledo Hernandez,turismo,1,14,4,Facebook
Facebook::Irma Robledo Hernandez,bravo,1,12,3,Facebook
Facebook::Irma Robledo Hernandez,baile,1,8,1,Facebook
Facebook::Irma Robledo Hernandez,salud,1,2,3,Facebook
Facebook::Irma Robledo Hernandez,presente,1,4,5,Facebook
Facebook::Irma Robledo Hernandez,querer,1,11,0,Facebook
Facebook::Irma Robledo Hernandez,altamira,1,5,0,Facebook
Facebook::Irma Robledo Hernandez,aniversario,1,8,4,Facebook
Facebook::Irma Robledo Hernandez,fundacion,1,8,4,Facebook
Facebook::Irma Robledo Hernandez,saludo,1,11,2,Facebook
Facebook::Irma Robledo Hernandez,martinez,1,9,2,Facebook
Facebook::Irma Robledo Hernandez,saludos,1,11,2,Facebook
Facebook::Irma Robledo Hernandez,quedar,1,11,0,Facebook
Facebook::Irma Robledo Hernandez,ciudad,1,13,1,Facebook
Facebook::Irma Robledo Hernandez,madero,1,5,0,Facebook
Facebook::Irma Robledo Hernandez,robledo,1,8,4,Facebook
Facebook::Irma Robledo Hernandez,felicidad,1,8,0,Facebook
Facebook::Irma Robledo Hernandez,orgullo,1,1,2,Facebook
Facebook::Irma Robledo Hernandez,emprendedor,1,1,2,Facebook
Facebook::Irma Robledo Hernandez,sacar,1,11,3,Facebook
Facebook::Irma Robledo Hernandez,necesidad,1,2,0,Facebook
Facebook::Irma Robledo Hernandez,mujeres,1,8,0,Facebook
Facebook::Irma Robledo Hernandez,digno,1,14,0,Facebook
Facebook::Irma Robledo Hernandez,paz,1,1,0,Facebook
Facebook::Irma Robledo Hernandez,bello,1,8,0,Facebook
Facebook::Irma Robledo Hernandez,puerto,1,8,0,Facebook
Facebook::Irma Robledo Hernandez,programa,1,2,3,Facebook
Facebook::Irma Robledo Hernandez,hablar,1,11,0,Facebook
Facebook::Isa Guzman,excelente,3,2,1,Facebook
Facebook::Isa Guzman,presidentar,1,8,0,Facebook
Facebook::Isa Guzman,alcaldesar,1,14,2,Facebook
Facebook::Isa Guzman,festejo,1,8,1,Facebook
Facebook::Isa Guzman,nino,1,8,1,Facebook
Facebook::Isa Guzman,seguir,1,2,0,Facebook
Facebook::Isa Guzman,ano,1,11,2,Facebook
Facebook::Isa Guzman,lider,1,12,2,Facebook
Facebook::Isa Guzman,gestion,1,9,3,Facebook
Facebook::Isa Guzman,presidenta,1,8,0,Facebook
Facebook::Isa Guzman,aser,1,12,5,Facebook
Facebook::Isa Guzman,bienestar,1,2,3,Facebook
Facebook::Isa Guzman,gratis,1,4,3,Facebook
Facebook::Ismael Esqueda,adulto,1,6,-1,Facebook
Facebook::Ismael Esqueda,frente,1,9,1,Facebook
Facebook::Ismael Esqueda,casa,1,3,1,Facebook
Facebook::Ismael Esqueda,dinero,1,12,5,Facebook
Facebook::Ismael Esqueda,recolector,1,9,1,Facebook
Facebook::Ismael Esqueda,parecer,1,9,0,Facebook
Facebook::Ismael Esqueda,pagar,1,11,4,Facebook
Facebook::Ismael Esqueda,municipio,1,14,2,Facebook
Facebook::Ismael Esqueda,recoleccion,1,7,0,Facebook
Facebook::Ismael Esqueda,basura,1,3,1,Facebook
Facebook::Ita DG,excelente,5,2,1,Facebook
Facebook::Ita DG,actividad,1,1,0,Facebook
Facebook::Ita DG,agradecer,1,10,0,Facebook
Facebook::Ita DG,esfuerzo,1,13,2,Facebook
Facebook::Ita DG,proyecto,1,14,4,Facebook
Facebook::Ita DG,monica,1,3,0,Facebook
Facebook::Ita DG,genial,1,9,2,Facebook
Facebook::JP Amaro,respeto,1,9,4,Facebook
Facebook::JP Amaro,gente,1,6,2,Facebook
Facebook::JP Amaro,temprano,1,9,1,Facebook
Facebook::JP Amaro,visitar,1,3,2,Facebook
Facebook::JP Amaro,bello,1,8,0,Facebook
Facebook::JP Amaro,puerto,1,8,0,Facebook
Facebook::JP Amaro,limpio,1,7,0,Facebook
Facebook::Javier Meraz,excelente,2,2,1,Facebook
Facebook::Javier Meraz,parar,1,11,0,Facebook
Facebook::Javier Meraz,enhorabuena,1,8,0,Facebook
Facebook::Javier Meraz,noticia,1,11,6,Facebook
Facebook::Jesus Ramirez,presidenta,4,8,0,Facebook
Facebook::Jesus Ramirez,tampicovacontodo,4,2,1,Facebook
Facebook::Jesus Ramirez,excelente,4,2,1,Facebook
Facebook::Jesus Ramirez,monica,3,3,0,Facebook
Facebook::Jesus Ramirez,villarreal,3,3,0,Facebook
Facebook::Jesus Ramirez,padre,2,4,0,Facebook
Facebook::Jesus Ramirez,historia,2,1,3,Facebook
Facebook::Jesus Ramirez,base,2,13,4,Facebook
Facebook::Jesus Ramirez,presente,2,4,5,Facebook
Facebook::Jesus Ramirez,futuro,2,13,1,Facebook
Facebook::Jesus Ramirez,cultura,1,1,1,Facebook
Facebook::Jesus Ramirez,recurso,1,4,3,Facebook
Facebook::Jesus Ramirez,obra,1,2,4,Facebook
Facebook::Jesus Ramirez,pendiente,1,10,1,Facebook
Facebook::Jesus Ramirez,fomentar,1,5,3,Facebook
Facebook::Jesus Ramirez,especie,1,1,4,Facebook
Facebook::Jesus Ramirez,habitar,1,9,2,Facebook
Facebook::Jesus Ramirez,zona,1,0,1,Facebook
Facebook::Jesus Ramirez,apoyar,1,1,2,Facebook
Facebook::Jesus Ramirez,economia,1,1,2,Facebook
Facebook::Jesus Ramirez,tampiqueno,1,2,0,Facebook
Facebook::Jesus Ramirez,orgullo,1,1,2,Facebook
Facebook::Jesus Ramirez,impacto,1,11,2,Facebook
Facebook::Jesus Ramirez,paz,1,1,0,Facebook
Facebook::Jesus Ramirez,querido,1,11,2,Facebook
Facebook::Jesus Ramirez,exposicion,1,6,3,Facebook
Facebook::Jesus Ramirez,grande,1,1,0,Facebook
Facebook::Jesus Ramirez,recuerdo,1,4,0,Facebook
Facebook::Jimenez Kavidan,madero,1,5,0,Facebook
Facebook::Jimenez Kavidan,mexico,1,12,0,Facebook
Facebook::Jimenez Kavidan,mundial,1,4,0,Facebook
Facebook::Jimenez Kavidan,senor,1,12,0,Facebook
Facebook::Jimenez Kavidan,presidente,1,14,2,Facebook
Facebook::Jimenez Kavidan,municipal,1,14,0,Facebook
Facebook::Jonathan Sosa Pego,excelente,9,2,1,Facebook
Facebook::Jonathan Sosa Pego,felicidad,3,8,0,Facebook
Facebook::Jonathan Sosa Pego,super,1,8,0,Facebook
Facebook::Jorge De la Peña,baile,1,8,1,Facebook
Facebook::Jorge De la Peña,deporte,1,2,1,Facebook
Facebook::Jorge De la Peña,divertido,1,8,1,Facebook
Facebook::Jorge De la Peña,nino,1,8,1,Facebook
Facebook::Jorge De la Peña,adulto,1,6,-1,Facebook
Facebook::Jorge De la Peña,felicidades,1,8,0,Facebook
Facebook::Jorge De la Peña,proyecto,1,14,4,Facebook
Facebook::Jorge Hernández Martínez,gracias,3,8,0,Facebook
Facebook::Jorge Hernández Martínez,presidenta,2,8,0,Facebook
Facebook::Jorge Hernández Martínez,festejo,1,8,1,Facebook
Facebook::Jorge Hernández Martínez,regalo,1,8,1,Facebook
Facebook::Jorge Hernández Martínez,bonito,1,8,1,Facebook
Facebook::Jorge Hernández Martínez,evento,1,8,1,Facebook
Facebook::Jorge Hernández Martínez,estructura,1,11,5,Facebook
Facebook::Jorge Hernández Martínez,concierto,1,4,6,Facebook
Facebook::Jorge Hernández Martínez,persona,1,4,3,Facebook
Facebook::Jorge Hernández Martínez,boleto,1,10,2,Facebook
Facebook::Jorge Martin Jimenez,excelente,1,2,1,Facebook
Facebook::Jorge Martin Jimenez,torneo,1,1,4,Facebook
Facebook::Jorge Martin Jimenez,colonia,1,2,4,Facebook
Facebook::Jorge Martin Jimenez,equipo,1,13,3,Facebook
Facebook::Jorge Martin Jimenez,futbol,1,1,3,Facebook
Facebook::Jorge Martin Jimenez,ganar,1,10,2,Facebook
Facebook::Jorge Puente Gonzalez,basura,1,3,1,Facebook
Facebook::Jorge Puente Gonzalez,diario,1,3,0,Facebook
Facebook::Jorge Puente Gonzalez,zona,1,0,1,Facebook
Facebook::Jorge Puente Gonzalez,centro,1,13,3,Facebook
Facebook::Jorge Puente Gonzalez,pasar,1,11,3,Facebook
Facebook::Jorge Tapia,basura,2,3,1,Facebook
Facebook::Jorge Tapia,frente,1,9,1,Facebook
Facebook::Jorge Tapia,casa,1,3,1,Facebook
Facebook::Jorge Tapia,sacar,1,11,3,Facebook
Facebook::Jorge Tapia,pasar,1,11,3,Facebook
Facebook::Jorge Tapia,camion,1,7,0,Facebook
Facebook::Jorge Tapia,recolector,1,9,1,Facebook
Facebook::Jorge Tapia,tapar,1,12,2,Facebook
Facebook::José Hernandez Cuesta,saludos,1,11,2,Facebook
Facebook::José Hernandez Cuesta,felicidad,1,8,0,Facebook
Facebook::José Hernandez Cuesta,excelente,1,2,1,Facebook
Facebook::José Hernandez Cuesta,evento,1,8,1,Facebook
Facebook::José Hernandez Cuesta,presidenta,1,8,0,Facebook
Facebook::José Hernandez Cuesta,monica,1,3,0,Facebook
Facebook::José Hernandez Cuesta,villarreal,1,3,0,Facebook
Facebook::José Hernandez Cuesta,seguir,1,2,0,Facebook
Facebook::José Hernandez Cuesta,exito,1,8,0,Facebook
Facebook::José Ignacio Limón González,lluvia,1,0,1,Facebook
Facebook::José Ignacio Limón González,desaparecer,1,8,3,Facebook
Facebook::José Ignacio Limón González,quedar,1,11,0,Facebook
Facebook::José Ignacio Limón González,volver,1,12,2,Facebook
Facebook::José Ignacio Limón González,mano,1,6,0,Facebook
Facebook::José Ignacio Limón González,justificar,1,9,0,Facebook
Facebook::José Luis Garcia Nieva,presidenta,2,8,0,Facebook
Facebook::José Luis Garcia Nieva,monica,2,3,0,Facebook
Facebook::José Luis Garcia Nieva,sigar,1,8,0,Facebook
Facebook::José Luis Garcia Nieva,villarreal,1,3,0,Facebook
Facebook::José Luis Garcia Nieva,dia,1,6,0,Facebook
Facebook::José Luis Garcia Nieva,detalle,1,10,0,Facebook
Facebook::José Luis Garcia Nieva,atacar,1,5,1,Facebook
Facebook::José Luis Garcia Nieva,personal,1,0,2,Facebook
Facebook::José Luis Garcia Nieva,servicio,1,2,2,Facebook
Facebook::José Luis Garcia Nieva,publico,1,14,3,Facebook
Facebook::José Luis Garcia Nieva,vida,1,7,4,Facebook
Facebook::José Luis Mejia Cortes,excelente,5,2,1,Facebook
Facebook::José Luis Mejia Cortes,alcaldesa,4,8,0,Facebook
Facebook::José Luis Mejia Cortes,enhorabuena,2,8,0,Facebook
Facebook::José Luis Mejia Cortes,importante,2,13,0,Facebook
Facebook::José Luis Mejia Cortes,recordar,2,4,2,Facebook
Facebook::José Luis Mejia Cortes,historia,2,1,3,Facebook
Facebook::José Luis Mejia Cortes,congreso,2,5,1,Facebook
Facebook::José Luis Mejia Cortes,pendiente,1,10,1,Facebook
Facebook::José Luis Mejia Cortes,juventud,1,13,0,Facebook
Facebook::José Luis Mejia Cortes,futuro,1,13,1,Facebook
Facebook::José Luis Mejia Cortes,mexico,1,12,0,Facebook
Facebook::José Luis Mejia Cortes,presidenta,1,8,0,Facebook
Facebook::José Manuel Velazquez,metro,1,11,3,Facebook
Facebook::José Manuel Velazquez,esquina,1,2,4,Facebook
Facebook::José Manuel Velazquez,precio,1,11,4,Facebook
Facebook::José Manuel Velazquez,meter,1,11,3,Facebook
Facebook::José Manuel Velazquez,puente,1,4,3,Facebook
Facebook::José Manuel Velazquez,vehicular,1,0,2,Facebook
Facebook::Juan Lopez,pueblo,4,11,5,Facebook
Facebook::Juan Lopez,seguir,2,2,0,Facebook
Facebook::Juan Lopez,gusto,1,8,4,Facebook
Facebook::Juan Lopez,apoyar,1,1,2,Facebook
Facebook::Juan Lopez,gastronomia,1,8,4,Facebook
Facebook::Juan Lopez,puerto,1,8,0,Facebook
Facebook::Juan Lopez,transformacion,1,14,1,Facebook
Facebook::Juan Lopez,razon,1,8,4,Facebook
Facebook::Juan Lopez,querer,1,11,0,Facebook
Facebook::Juan Lopez,politica,1,9,2,Facebook
Facebook::Juan Lopez,cosa,1,11,3,Facebook
Facebook::Juan Lopez,deber,1,11,1,Facebook
Facebook::Juan Lopez,partido,1,4,0,Facebook
Facebook::Juan Lopez,politico,1,12,4,Facebook
Facebook::Juan Lopez,oportunidad,1,13,2,Facebook
Facebook::Juan Lopez,tampiqueno,1,2,0,Facebook
Facebook::Juan Lopez,elegir,1,10,1,Facebook
Facebook::Juan Lopez,alcaldesa,1,8,0,Facebook
Facebook::Juan Lopez,voto,1,8,4,Facebook
Facebook::Juan Lopez,confianza,1,2,0,Facebook
Facebook::Juan Lopez,enhorabuena,1,8,0,Facebook
Facebook::Juan Lopez,felicidades,1,8,0,Facebook
Facebook::Juan Lopez,sigar,1,8,0,Facebook
Facebook::Juan Lopez,saludos,1,11,2,Facebook
Facebook::Juan Lopez,bendicion,1,8,0,Facebook
Facebook::Juan Lugo,alcaldesa,2,8,0,Facebook
Facebook::Juan Lugo,hermoso,2,8,0,Facebook
Facebook::Juan Lugo,gracias,1,8,0,Facebook
Facebook::Juan Lugo,seguir,1,2,0,Facebook
Facebook::Juan Lugo,zona,1,0,1,Facebook
Facebook::Juan Lugo,alto,1,13,0,Facebook
Facebook::Juan Lugo,amar,1,4,0,Facebook
Facebook::Juan Lugo,unidad,1,6,1,Facebook
Facebook::Juan Lugo,apoyar,1,1,2,Facebook
Facebook::Juan Pizaña Mtz,mano,3,6,0,Facebook
Facebook::Juan Pizaña Mtz,saludo,1,11,2,Facebook
Facebook::Juan Pizaña Mtz,bendicion,1,8,0,Facebook
Facebook::Juanis Castro Tovar,excelente,2,2,1,Facebook
Facebook::Juanis Castro Tovar,respuesta,1,0,4,Facebook
Facebook::Juanis Castro Tovar,lic,1,8,0,Facebook
Facebook::Juanis Castro Tovar,monica,1,3,0,Facebook
Facebook::Juanis Castro Tovar,villarreal,1,3,0,Facebook
Facebook::Juanis Castro Tovar,cuidar,1,2,1,Facebook
Facebook::Juanis Castro Tovar,equipo,1,13,3,Facebook
Facebook::Juanita Marin,felicidad,1,8,0,Facebook
Facebook::Juanita Marin,joven,1,13,0,Facebook
Facebook::Juanita Marin,fortalecer,1,14,0,Facebook
Facebook::Juanita Marin,deporte,1,2,1,Facebook
Facebook::Juanita Marin,razon,1,8,4,Facebook
Facebook::Juanita Marin,jesus,1,2,4,Facebook
Facebook::Juanita Marin,elias,1,2,4,Facebook
Facebook::Juanita Marin,pina,1,2,4,Facebook
Facebook::Judith Tenorio,monica,2,3,0,Facebook
Facebook::Judith Tenorio,villarreal,2,3,0,Facebook
Facebook::Judith Tenorio,bravo,1,12,3,Facebook
Facebook::Judith Tenorio,gracias,1,8,0,Facebook
Facebook::Julia Cepeda,atleta,2,13,0,Facebook
Facebook::Julia Cepeda,felicidad,1,8,0,Facebook
Facebook::Julia Cepeda,alto,1,13,0,Facebook
Facebook::Julia Cepeda,tamaulipas,1,5,1,Facebook
Facebook::Julia Cepeda,convivencia,1,1,0,Facebook
Facebook::Julia Cepeda,gobernador,1,14,1,Facebook
Facebook::Julia Cepeda,victoria,1,11,0,Facebook
Facebook::Julia Cepeda,medalla,1,12,3,Facebook
Facebook::Julia Cepeda,olimpiada,1,13,0,Facebook
Facebook::Julia Cepeda,nacional,1,4,2,Facebook
Facebook::Karime Cch,paz,1,1,0,Facebook
Facebook::Karime Cch,seguridad,1,0,3,Facebook
Facebook::Karime Cch,bienvenido,1,1,4,Facebook
Facebook::Karime Cch,atleta,1,13,0,Facebook
Facebook::Karime Cch,celebrar,1,1,3,Facebook
Facebook::Karime Cámara Chaín,tampicotecuida,8,2,1,Facebook
Facebook::Karime Cámara Chaín,vivir,7,8,2,Facebook
Facebook::Karime Cámara Chaín,mundial,7,4,0,Facebook
Facebook::Karime Cámara Chaín,alcaldesa,5,8,0,Facebook
Facebook::Karime Cámara Chaín,tampicovacontodo,4,2,1,Facebook
Facebook::Karime Cámara Chaín,bravo,4,12,3,Facebook
Facebook::Karime Cámara Chaín,monica,3,3,0,Facebook
Facebook::Karime Cámara Chaín,villarreal,3,3,0,Facebook
Facebook::Karime Cámara Chaín,felicidad,3,8,0,Facebook
Facebook::Karime Cámara Chaín,felicidades,3,8,0,Facebook
Facebook::Karime Cámara Chaín,perder,2,11,5,Facebook
Facebook::Karime Cámara Chaín,exposicion,2,6,3,Facebook
Facebook::Karime Cámara Chaín,pendiente,2,10,1,Facebook
Facebook::Karime Cámara Chaín,ciudadania,2,2,3,Facebook
Facebook::Karime Cámara Chaín,necesidad,2,2,0,Facebook
Facebook::Karime Cámara Chaín,gracias,2,8,0,Facebook
Facebook::Karime Cámara Chaín,sigar,2,8,0,Facebook
Facebook::Karime Cámara Chaín,grande,2,1,0,Facebook
Facebook::Karime Cámara Chaín,liderazgo,2,13,5,Facebook
Facebook::Karime Cámara Chaín,destacar,2,14,4,Facebook
Facebook::Karime Cámara Chaín,nivel,2,4,2,Facebook
Facebook::Karime Cámara Chaín,internacional,2,13,1,Facebook
Facebook::Karime Cámara Chaín,cuidar,2,2,1,Facebook
Facebook::Karime Cámara Chaín,medalla,2,12,3,Facebook
Facebook::Karime Cámara Chaín,presidentar,1,8,0,Facebook
Facebook::Karime Cámara Chaín,presidenta,1,8,0,Facebook
Facebook::Karime Cámara Chaín,humanista,1,2,0,Facebook
Facebook::Karime Cámara Chaín,evento,1,8,1,Facebook
Facebook::Karime Cámara Chaín,apoyo,1,2,2,Facebook
Facebook::Karime Cámara Chaín,gobernador,1,14,1,Facebook
Facebook::Karime Cámara Chaín,construir,1,13,1,Facebook
Facebook::Karime Cámara Chaín,paz,1,1,0,Facebook
Facebook::Karime Cámara Chaín,servir,1,6,2,Facebook
Facebook::Karime Cámara Chaín,accion,1,2,0,Facebook
Facebook::Karime Cámara Chaín,avanzar,1,14,1,Facebook
Facebook::Karime Cámara Chaín,transformacion,1,14,1,Facebook
Facebook::Karime Cámara Chaín,nacional,1,4,2,Facebook
Facebook::Karime Cámara Chaín,pesca,1,1,4,Facebook
Facebook::Karime Cámara Chaín,deportivo,1,1,4,Facebook
Facebook::Karime Cámara Chaín,medio,1,8,2,Facebook
Facebook::Karime Cámara Chaín,comunicacion,1,13,4,Facebook
Facebook::Karime Cámara Chaín,visitar,1,3,2,Facebook
Facebook::Karime Cámara Chaín,merecido,1,8,2,Facebook
Facebook::Karime Cámara Chaín,libertad,1,6,3,Facebook
Facebook::Karime Cámara Chaín,resultado,1,2,0,Facebook
Facebook::Karime Cámara Chaín,equipo,1,13,3,Facebook
Facebook::Karime Cámara Chaín,futbol,1,1,3,Facebook
Facebook::Karime Cámara Chaín,junio,1,1,0,Facebook
Facebook::Karime Cámara Chaín,seguir,1,2,0,Facebook
Facebook::Karime Cámara Chaín,verde,1,7,4,Facebook
Facebook::Karime Cámara Chaín,social,1,2,3,Facebook
Facebook::Karime Cámara Chaín,sumar,1,6,1,Facebook
Facebook::Karime Cámara Chaín,reconocimiento,1,13,1,Facebook
Facebook::Karito Do,diaz,2,9,2,Facebook
Facebook::Karito Do,nino,1,8,1,Facebook
Facebook::Karito Do,festival,1,10,0,Facebook
Facebook::Karito Do,victoria,1,11,0,Facebook
Facebook::Karla Lopez Rivera,derecho,2,10,3,Facebook
Facebook::Karla Lopez Rivera,apoyo,2,2,2,Facebook
Facebook::Karla Lopez Rivera,bienestar,2,2,3,Facebook
Facebook::Karla Lopez Rivera,llegar,2,10,1,Facebook
Facebook::Karla Lopez Rivera,programa,1,2,3,Facebook
Facebook::Karla Lopez Rivera,quedar,1,11,0,Facebook
Facebook::Karla Lopez Rivera,social,1,2,3,Facebook
Facebook::Karla Lopez Rivera,gracias,1,8,0,Facebook
Facebook::Karla Lopez Rivera,bendiga,1,10,0,Facebook
Facebook::Kathy del Angel,mexico,3,12,0,Facebook
Facebook::Kathy del Angel,viva,2,12,0,Facebook
Facebook::Kathy del Angel,felicidades,2,8,0,Facebook
Facebook::Kathy del Angel,equipo,1,13,3,Facebook
Facebook::Kathy del Angel,mexicana,1,4,0,Facebook
Facebook::Kathy del Angel,bendiga,1,10,0,Facebook
Facebook::Kathy del Angel,fuerza,1,10,3,Facebook
Facebook::Kathy del Angel,animo,1,12,0,Facebook
Facebook::Kathy del Angel,exito,1,8,0,Facebook
Facebook::Kathy del Angel,mexicanos,1,12,0,Facebook
Facebook::Kathy del Angel,talento,1,1,2,Facebook
Facebook::Kathy del Angel,gracias,1,8,0,Facebook
Facebook::Kathy del Angel,gusto,1,8,4,Facebook
Facebook::Kathy del Angel,bendicion,1,8,0,Facebook
Facebook::Katt'z Katt'z,bravo,1,12,3,Facebook
Facebook::Katt'z Katt'z,padrisimo,1,4,0,Facebook
Facebook::Katt'z Katt'z,excelente,1,2,1,Facebook
Facebook::Katt'z Katt'z,presi,1,5,1,Facebook
Facebook::Katt'z Katt'z,expo,1,1,3,Facebook
Facebook::Krmen Martinez,presidenta,1,8,0,Facebook
Facebook::Krmen Martinez,pendiente,1,10,1,Facebook
Facebook::Krmen Martinez,ciudadania,1,2,3,Facebook
Facebook::Krmen Martinez,bendiga,1,10,0,Facebook
Facebook::Krmen Martinez,medico,1,7,3,Facebook
Facebook::Krmen Martinez,participar,1,10,2,Facebook
Facebook::L'e Xhavire,parecer,2,9,0,Facebook
Facebook::L'e Xhavire,existir,1,10,1,Facebook
Facebook::L'e Xhavire,ave,1,6,3,Facebook
Facebook::L'e Xhavire,hidalgo,1,0,2,Facebook
Facebook::LadyLi Lho,arbol,3,7,4,Facebook
Facebook::LadyLi Lho,requerir,1,0,1,Facebook
Facebook::LadyLi Lho,sombra,1,7,1,Facebook
Facebook::LadyLi Lho,generar,1,13,2,Facebook
Facebook::Laura Otilia Izaguirre Avila,excelente,1,2,1,Facebook
Facebook::Laura Otilia Izaguirre Avila,oportunidad,1,13,2,Facebook
Facebook::Laura Otilia Izaguirre Avila,llegar,1,10,1,Facebook
Facebook::Laura Otilia Izaguirre Avila,alla,1,11,0,Facebook
Facebook::Laura Otilia Izaguirre Avila,frontera,1,11,0,Facebook
Facebook::Laura Otilia Izaguirre Avila,gracias,1,8,0,Facebook
Facebook::Laura Pineda,gracias,1,8,0,Facebook
Facebook::Laura Pineda,alcaldesa,1,8,0,Facebook
Facebook::Laura Pineda,apoyar,1,1,2,Facebook
Facebook::Laura Pineda,evento,1,8,1,Facebook
Facebook::Laura Pineda,cultural,1,1,1,Facebook
Facebook::Laura Pineda,zona,1,0,1,Facebook
Facebook::Laura Pineda,sur,1,14,2,Facebook
Facebook::Laura Pineda,tamaulipas,1,5,1,Facebook
Facebook::Laura Ramirez,presidenta,8,8,0,Facebook
Facebook::Laura Ramirez,villareal,7,8,0,Facebook
Facebook::Laura Ramirez,monico,6,14,2,Facebook
Facebook::Laura Ramirez,excelente,4,2,1,Facebook
Facebook::Laura Ramirez,felicidades,3,8,0,Facebook
Facebook::Laura Ramirez,lic,2,8,0,Facebook
Facebook::Laura Ramirez,bonito,2,8,1,Facebook
Facebook::Laura Ramirez,iniciativa,2,13,2,Facebook
Facebook::Laura Ramirez,unico,2,11,4,Facebook
Facebook::Laura Ramirez,municipio,2,14,2,Facebook
Facebook::Laura Ramirez,ala,2,12,0,Facebook
Facebook::Laura Ramirez,nieto,1,8,3,Facebook
Facebook::Laura Ramirez,presidentar,1,8,0,Facebook
Facebook::Laura Ramirez,pendiente,1,10,1,Facebook
Facebook::Laura Ramirez,invitacion,1,8,1,Facebook
Facebook::Laura Ramirez,merecido,1,8,2,Facebook
Facebook::Laura Ramirez,felicidad,1,8,0,Facebook
Facebook::Laura Ramirez,hora,1,10,1,Facebook
Facebook::Laura Ramirez,apoyo,1,2,2,Facebook
Facebook::Laura Ramirez,despicadora,1,7,-1,Facebook
Facebook::Laura Ramirez,impulsar,1,1,2,Facebook
Facebook::Laura Ramirez,emprendedor,1,1,2,Facebook
Facebook::Laura Ramirez,villarreal,1,3,0,Facebook
Facebook::Laura Ramirez,salir,1,11,0,Facebook
Facebook::Laura Ramirez,monica,1,3,0,Facebook
Facebook::Laura Ramirez,madero,1,5,0,Facebook
Facebook::Laura Ramirez,contrario,1,10,5,Facebook
Facebook::Laura Ramirez,jaiba,1,10,5,Facebook
Facebook::Laura Ramirez,madre,1,10,3,Facebook
Facebook::Laura Ramirez,mundo,1,11,0,Facebook
Facebook::Laura Ramirez,marina,1,6,0,Facebook
Facebook::Laura Ramirez,apoyar,1,1,2,Facebook
Facebook::Lea Lara,importante,4,13,0,Facebook
Facebook::Lea Lara,programa,2,2,3,Facebook
Facebook::Lea Lara,salud,2,2,3,Facebook
Facebook::Lea Lara,emocional,2,13,0,Facebook
Facebook::Leobardo Maldonado Rosas,excelente,2,2,1,Facebook
Facebook::Leobardo Maldonado Rosas,monica,2,3,0,Facebook
Facebook::Leobardo Maldonado Rosas,villarreal,2,3,0,Facebook
Facebook::Leobardo Maldonado Rosas,continuar,2,14,0,Facebook
Facebook::Leobardo Maldonado Rosas,accion,2,2,0,Facebook
Facebook::Leobardo Maldonado Rosas,beneficio,2,2,3,Facebook
Facebook::Leobardo Maldonado Rosas,pueblo,2,11,5,Facebook
Facebook::Leobardo Maldonado Rosas,saludos,2,11,2,Facebook
Facebook::Leticia Cigala Medina,excelente,1,2,1,Facebook
Facebook::Leticia Cigala Medina,capacitacion,1,1,2,Facebook
Facebook::Leticia Cigala Medina,gracias,1,8,0,Facebook
Facebook::Leticia Cigala Medina,presidenta,1,8,0,Facebook
Facebook::Leticia Cigala Medina,presidentar,1,8,0,Facebook
Facebook::Leticia Cigala Medina,monica,1,3,0,Facebook
Facebook::Leticia Cigala Medina,villarreal,1,3,0,Facebook
Facebook::Leticia Morantes,alcaldesa,2,8,0,Facebook
Facebook::Leticia Morantes,felicidades,1,8,0,Facebook
Facebook::Leticia Morantes,exito,1,8,0,Facebook
Facebook::Leticia Morantes,gracias,1,8,0,Facebook
Facebook::Leticia Morantes,guapo,1,8,3,Facebook
Facebook::Leticia Morantes,incansable,1,0,1,Facebook
Facebook::Leticia Morantes,cuidado,1,3,2,Facebook
Facebook::Leticia Morantes,ciudadano,1,1,0,Facebook
Facebook::Leticia Morantes,felicidad,1,8,0,Facebook
Facebook::Lety Chavez,presidenta,4,8,0,Facebook
Facebook::Lety Chavez,monica,4,3,0,Facebook
Facebook::Lety Chavez,excelente,3,2,1,Facebook
Facebook::Lety Chavez,villarreal,3,3,0,Facebook
Facebook::Lety Chavez,despicadora,2,7,-1,Facebook
Facebook::Lety Chavez,labor,1,3,3,Facebook
Facebook::Lety Chavez,tampiquenas,1,14,0,Facebook
Facebook::Lety Chavez,gracias,1,8,0,Facebook
Facebook::Lety Chavez,apoyo,1,2,2,Facebook
Facebook::Lety Chavez,felicidades,1,8,0,Facebook
Facebook::Lety Chavez,jornada,1,3,1,Facebook
Facebook::Lety Chavez,bienestar,1,2,3,Facebook
Facebook::Lety Chavez,respeto,1,9,4,Facebook
Facebook::Lety Chavez,servicio,1,2,2,Facebook
Facebook::Lety Chavez,publico,1,14,3,Facebook
Facebook::Lety Chavez,frente,1,9,1,Facebook
Facebook::Lety HR,excelente,5,2,1,Facebook
Facebook::Lety HR,gracias,2,8,0,Facebook
Facebook::Lety HR,labor,1,3,3,Facebook
Facebook::Lety HR,crear,1,8,4,Facebook
Facebook::Lety HR,ambiental,1,1,4,Facebook
Facebook::Lety HR,ninez,1,8,1,Facebook
Facebook::Lety HR,futuro,1,13,1,Facebook
Facebook::Lety HR,direccion,1,0,2,Facebook
Facebook::Lety HR,ecologia,1,8,2,Facebook
Facebook::Lety HR,bienestar,1,2,3,Facebook
Facebook::Lety HR,juventud,1,13,0,Facebook
Facebook::Lety HR,capacitacion,1,1,2,Facebook
Facebook::Lety HR,alcaldesa,1,8,0,Facebook
Facebook::Lety HR,programa,1,2,3,Facebook
Facebook::Lety HR,incansable,1,0,1,Facebook
Facebook::Lety HR,presidenta,1,8,0,Facebook
Facebook::Lety HR,gobierno,1,12,3,Facebook
Facebook::Lety HR,accion,1,2,0,Facebook
Facebook::Lety HR,preventivo,1,0,1,Facebook
Facebook::Lety HR,exposicion,1,6,3,Facebook
Facebook::Lety Mendez,excelente,2,2,1,Facebook
Facebook::Lety Mendez,lic,2,8,0,Facebook
Facebook::Lety Mendez,monica,2,3,0,Facebook
Facebook::Lety Mendez,hora,1,10,1,Facebook
Facebook::Linda Valdez Cruz,felicidad,1,8,0,Facebook
Facebook::Linda Valdez Cruz,presidenta,1,8,0,Facebook
Facebook::Linda Valdez Cruz,equipo,1,13,3,Facebook
Facebook::Linda Valdez Cruz,limpio,1,7,0,Facebook
Facebook::Linda Valdez Cruz,diferencia,1,2,4,Facebook
Facebook::Linda Valdez Cruz,cuidar,1,2,1,Facebook
Facebook::Linda Valdez Cruz,incluir,1,4,0,Facebook
Facebook::Linda Valdez Cruz,bendiga,1,10,0,Facebook
Facebook::Lola Calles,excelente,2,2,1,Facebook
Facebook::Lola Calles,alcaldesa,2,8,0,Facebook
Facebook::Lola Calles,presidenta,1,8,0,Facebook
Facebook::Lola Calles,genial,1,9,2,Facebook
Facebook::Lola Calles,festejo,1,8,1,Facebook
Facebook::Lola Calles,felicidad,1,8,0,Facebook
Facebook::Lorena Ortíz,monica,7,3,0,Facebook
Facebook::Lorena Ortíz,villarreal,7,3,0,Facebook
Facebook::Lorena Ortíz,excelente,6,2,1,Facebook
Facebook::Lorena Ortíz,alcaldesa,6,8,0,Facebook
Facebook::Lorena Ortíz,cuidar,6,2,1,Facebook
Facebook::Lorena Ortíz,iniciativa,4,13,2,Facebook
Facebook::Lorena Ortíz,salud,4,2,3,Facebook
Facebook::Lorena Ortíz,joven,4,13,0,Facebook
Facebook::Lorena Ortíz,prioridad,4,7,1,Facebook
Facebook::Lorena Ortíz,emocional,2,13,0,Facebook
Facebook::Lorena Ortíz,acompanar,2,13,0,Facebook
Facebook::Lorena Ortíz,familia,2,1,0,Facebook
Facebook::Lorena Ortíz,tampiquena,2,2,3,Facebook
Facebook::Lorena Ortíz,acto,2,6,3,Facebook
Facebook::Lorena Ortíz,digno,2,14,0,Facebook
Facebook::Lorena Ortíz,admiracion,2,9,4,Facebook
Facebook::Lorena Ortíz,emocion,2,4,0,Facebook
Facebook::Lorena Ortíz,gracias,2,8,0,Facebook
Facebook::Lorena Ortíz,acercar,2,2,2,Facebook
Facebook::Lorena Ortíz,espacio,2,1,0,Facebook
Facebook::Lorena Ortíz,gratuito,2,2,2,Facebook
Facebook::Lorena Ortíz,gestion,1,9,3,Facebook
Facebook::Lorena Ortíz,presidenta,1,8,0,Facebook
Facebook::Lorena Ortíz,turismo,1,14,4,Facebook
Facebook::Lorena Ortíz,internacional,1,13,1,Facebook
Facebook::Lorena Ortíz,zona,1,0,1,Facebook
Facebook::Lorena Ortíz,sur,1,14,2,Facebook
Facebook::Lorena Ortíz,equipo,1,13,3,Facebook
Facebook::Lorena Ortíz,madero,1,5,0,Facebook
Facebook::Lorena Ortíz,altamira,1,5,0,Facebook
Facebook::Lorena Ortíz,resultado,1,2,0,Facebook
Facebook::Lorena Ortíz,sigar,1,8,0,Facebook
Facebook::Lorena Ortíz,ojo,1,4,6,Facebook
Facebook::Lorena Ortíz,mundo,1,11,0,Facebook
Facebook::Losano Mónica,excelente,1,2,1,Facebook
Facebook::Losano Mónica,presidenta,1,8,0,Facebook
Facebook::Losano Mónica,espana,1,9,3,Facebook
Facebook::Losano Mónica,mexico,1,12,0,Facebook
Facebook::Losano Mónica,monterrey,1,5,2,Facebook
Facebook::Losano Mónica,tamaulipas,1,5,1,Facebook
Facebook::Losano Mónica,creer,1,12,3,Facebook
Facebook::Losano Mónica,logro,1,13,1,Facebook
Facebook::Losano Mónica,esperar,1,4,0,Facebook
Facebook::Losano Mónica,alcaldesa,1,8,0,Facebook
Facebook::Lucero Deosdady Martínez,felicidad,1,8,0,Facebook
Facebook::Lucero Deosdady Martínez,campeon,1,13,0,Facebook
Facebook::Lucero Deosdady Martínez,gracias,1,8,0,Facebook
Facebook::Lucero Deosdady Martínez,informar,1,10,1,Facebook
Facebook::Lucero Deosdady Martínez,presidenta,1,8,0,Facebook
Facebook::Lucho Mix,excelente,13,2,1,Facebook
Facebook::Lucho Mix,super,9,8,0,Facebook
Facebook::Lucho Mix,equipo,6,13,3,Facebook
Facebook::Lucho Mix,presidenta,3,8,0,Facebook
Facebook::Lucho Mix,tampicotecuida,3,2,1,Facebook
Facebook::Lucho Mix,felicidad,2,8,0,Facebook
Facebook::Lucho Mix,padre,2,4,0,Facebook
Facebook::Lucho Mix,tampicovacontodo,2,2,1,Facebook
Facebook::Lucho Mix,seguir,1,2,0,Facebook
Facebook::Lucho Mix,joven,1,13,0,Facebook
Facebook::Lucho Mix,felicidades,1,8,0,Facebook
Facebook::Lucho Mix,cumplir,1,10,1,Facebook
Facebook::Lucho Mix,presidentar,1,8,0,Facebook
Facebook::Lucia Patricia Pérez Guerrero,limpieza,1,3,3,Facebook
Facebook::Lucia Patricia Pérez Guerrero,colonia,1,2,4,Facebook
Facebook::Lucia Patricia Pérez Guerrero,villa,1,6,1,Facebook
Facebook::Lucia Patricia Pérez Guerrero,hermosa,1,3,1,Facebook
Facebook::Lucia Patricia Pérez Guerrero,calle,1,9,1,Facebook
Facebook::Lucia Patricia Pérez Guerrero,matamoros,1,5,0,Facebook
Facebook::Lucia Patricia Pérez Guerrero,avenida,1,5,1,Facebook
Facebook::Lucio MTZ sanchez,mexico,9,12,0,Facebook
Facebook::Lucio MTZ sanchez,triste,3,4,0,Facebook
Facebook::Lucio MTZ sanchez,mundial,2,4,0,Facebook
Facebook::Lucio MTZ sanchez,partido,2,4,0,Facebook
Facebook::Lucio MTZ sanchez,recordar,2,4,2,Facebook
Facebook::Lucio MTZ sanchez,cuarto,2,4,0,Facebook
Facebook::Lucio MTZ sanchez,final,2,10,2,Facebook
Facebook::Lucio MTZ sanchez,empezar,1,12,3,Facebook
Facebook::Lucio MTZ sanchez,eliminar,1,4,0,Facebook
Facebook::Lucio MTZ sanchez,ano,1,11,2,Facebook
Facebook::Lucio MTZ sanchez,copa,1,13,0,Facebook
Facebook::Lucio MTZ sanchez,mundo,1,11,0,Facebook
Facebook::Lucio MTZ sanchez,pasar,1,11,3,Facebook
Facebook::Lucio MTZ sanchez,recuerdo,1,4,0,Facebook
Facebook::Lucio MTZ sanchez,gol,1,12,0,Facebook
Facebook::Lucio MTZ sanchez,esperar,1,4,0,Facebook
Facebook::Lucio MTZ sanchez,pais,1,12,0,Facebook
Facebook::Lucio MTZ sanchez,historia,1,1,3,Facebook
Facebook::Luciérnaga CSilva,laguna,2,3,2,Facebook
Facebook::Luciérnaga CSilva,urge,1,6,1,Facebook
Facebook::Luciérnaga CSilva,drenaje,1,3,3,Facebook
Facebook::Luciérnaga CSilva,calle,1,9,1,Facebook
Facebook::Luciérnaga CSilva,ave,1,6,3,Facebook
Facebook::Luciérnaga CSilva,avenida,1,5,1,Facebook
Facebook::Luciérnaga CSilva,torres,1,9,1,Facebook
Facebook::Luciérnaga CSilva,col,1,6,1,Facebook
Facebook::Luciérnaga CSilva,puerta,1,10,0,Facebook
Facebook::Luis Arturo Segura Miranda,felicidades,1,8,0,Facebook
Facebook::Luis Arturo Segura Miranda,equipo,1,13,3,Facebook
Facebook::Luis Arturo Segura Miranda,atleta,1,13,0,Facebook
Facebook::Luis Arturo Segura Miranda,gusto,1,8,4,Facebook
Facebook::Luis Arturo Segura Miranda,jugar,1,3,4,Facebook
Facebook::Luis Loaiza,seguir,8,2,0,Facebook
Facebook::Luis Loaiza,genial,6,9,2,Facebook
Facebook::Luis Loaiza,pueblo,5,11,5,Facebook
Facebook::Luis Loaiza,transformacion,5,14,1,Facebook
Facebook::Luis Loaiza,alcaldesa,4,8,0,Facebook
Facebook::Luis Loaiza,mundial,4,4,0,Facebook
Facebook::Luis Loaiza,apoyar,4,1,2,Facebook
Facebook::Luis Loaiza,educacion,4,14,1,Facebook
Facebook::Luis Loaiza,sentido,3,10,4,Facebook
Facebook::Luis Loaiza,convertir,3,6,2,Facebook
Facebook::Luis Loaiza,servicio,3,2,2,Facebook
Facebook::Luis Loaiza,amlo,3,12,4,Facebook
Facebook::Luis Loaiza,evento,2,8,1,Facebook
Facebook::Luis Loaiza,deportivo,2,1,4,Facebook
Facebook::Luis Loaiza,excelente,2,2,1,Facebook
Facebook::Luis Loaiza,joven,2,13,0,Facebook
Facebook::Luis Loaiza,ano,2,11,2,Facebook
Facebook::Luis Loaiza,vacheando,2,2,2,Facebook
Facebook::Luis Loaiza,bonito,2,8,1,Facebook
Facebook::Luis Loaiza,dema,2,12,3,Facebook
Facebook::Luis Loaiza,incansable,2,0,1,Facebook
Facebook::Luis Loaiza,gobierno,2,12,3,Facebook
Facebook::Luis Loaiza,hermoso,1,8,0,Facebook
Facebook::Luis Loaiza,transformar,1,2,0,Facebook
Facebook::Luis Loaiza,festejo,1,8,1,Facebook
Facebook::Luis Loaiza,viva,1,12,0,Facebook
Facebook::Luis Loaiza,puebla,1,5,2,Facebook
Facebook::Luis Loaiza,general,1,10,0,Facebook
Facebook::Luis Loaiza,tampicotecuida,1,2,1,Facebook
Facebook::Luis Loaiza,sembrar,1,4,6,Facebook
Facebook::Luis Loaiza,pez,1,12,1,Facebook
Facebook::Luis Loaiza,agua,1,3,1,Facebook
Facebook::Luis Loaiza,dulce,1,9,4,Facebook
Facebook::Luis Loaiza,nivel,1,4,2,Facebook
Facebook::Luis Loaiza,pesca,1,1,4,Facebook
Facebook::Luis Loaiza,sufrir,1,6,2,Facebook
Facebook::Luis Loaiza,agradecer,1,10,0,Facebook
Facebook::Luis Loaiza,esfuerzo,1,13,2,Facebook
Facebook::Luis Loaiza,vision,1,9,2,Facebook
Facebook::Luis Loaiza,sistema,1,0,4,Facebook
Facebook::Luis Loaiza,lagunario,1,3,2,Facebook
Facebook::Luis Loaiza,programa,1,2,3,Facebook
Facebook::Luis Loaiza,ciudad,1,13,1,Facebook
Facebook::Luis Loaiza,celebrar,1,1,3,Facebook
Facebook::Luis Loaiza,piso,1,11,4,Facebook
Facebook::Luis Loaiza,principio,1,11,0,Facebook
Facebook::Luis Loaiza,presidente,1,14,2,Facebook
Facebook::Luis Loaiza,dia,1,6,0,Facebook
Facebook::Luis Loaiza,ecologia,1,8,2,Facebook
Facebook::Luis Loaiza,corazon,1,13,2,Facebook
Facebook::Luis Loaiza,gente,1,6,2,Facebook
Facebook::Luis Loaiza,orgullo,1,1,2,Facebook
Facebook::Luis Loaiza,mexicano,1,4,1,Facebook
Facebook::Luis Loaiza,administracion,1,14,0,Facebook
Facebook::Luis Loaiza,gracia,1,11,2,Facebook
Facebook::Luis Loaiza,reparar,1,7,2,Facebook
Facebook::Luis Loaiza,colonia,1,2,4,Facebook
Facebook::Luis Loaiza,pais,1,12,0,Facebook
Facebook::Luis Loaiza,funcionar,1,4,6,Facebook
Facebook::Luis Loaiza,moscu,1,0,4,Facebook
Facebook::Luis Loaiza,venir,1,4,0,Facebook
Facebook::Luis Loaiza,lluvia,1,0,1,Facebook
Facebook::Luis Loaiza,llegar,1,10,1,Facebook
Facebook::Luis Loaiza,mexico,1,12,0,Facebook
Facebook::Luis Loaiza,gobernador,1,14,1,Facebook
Facebook::Luis Loaiza,felicidad,1,8,0,Facebook
Facebook::Luis Loaiza,resultado,1,2,0,Facebook
Facebook::Luis Loaiza,notar,1,4,1,Facebook
Facebook::Luis Loaiza,atleta,1,13,0,Facebook
Facebook::Luis Loaiza,escuchar,1,2,0,Facebook
Facebook::Luis Loaiza,palabra,1,9,-1,Facebook
Facebook::Luis Loaiza,felicidades,1,8,0,Facebook
Facebook::Luis Loaiza,cine,1,14,0,Facebook
Facebook::Luis Loaiza,centro,1,13,3,Facebook
Facebook::Luis Loaiza,padrisimo,1,4,0,Facebook
Facebook::Luis Loaiza,exposicion,1,6,3,Facebook
Facebook::Luis Muños,feliz,1,8,1,Facebook
Facebook::Luis Muños,bendicion,1,8,0,Facebook
Facebook::Luis Muños,presidenta,1,8,0,Facebook
Facebook::Luis Muños,claudia,1,12,0,Facebook
Facebook::Luis Muños,sheinbaum,1,12,0,Facebook
Facebook::Luis Muños,vida,1,7,4,Facebook
Facebook::Lupita Ortiz Casanova,dulce,3,9,4,Facebook
Facebook::Lupita Ortiz Casanova,bonito,1,8,1,Facebook
Facebook::Lupita Ortiz Casanova,vuelta,1,11,0,Facebook
Facebook::Lupita Rojas,perfecto,1,12,4,Facebook
Facebook::Lupita Rojas,alcaldesa,1,8,0,Facebook
Facebook::Lupita Rojas,importante,1,13,0,Facebook
Facebook::Lupita Rojas,deporte,1,2,1,Facebook
Facebook::Lupita Rojas,especial,1,4,0,Facebook
Facebook::Lupita Rojas,joven,1,13,0,Facebook
Facebook::Lupita Rojas,excelente,1,2,1,Facebook
Facebook::Lupita Rojas,respeto,1,9,4,Facebook
Facebook::Lupita Rojas,admiracion,1,9,4,Facebook
Facebook::Lupita Vigil,felicidad,1,8,0,Facebook
Facebook::Lupita Vigil,municipio,1,14,2,Facebook
Facebook::Lupita Vigil,lindo,1,8,2,Facebook
Facebook::Lupita Vigil,dia,1,6,0,Facebook
Facebook::Lupita Vigil,madero,1,5,0,Facebook
Facebook::Luz Garcia Guzman,excelente,2,2,1,Facebook
Facebook::Luz Garcia Guzman,presidenta,2,8,0,Facebook
Facebook::Luz Garcia Guzman,reconocimiento,1,13,1,Facebook
Facebook::Luz Garcia Guzman,entrega,1,13,3,Facebook
Facebook::Luz Garcia Guzman,compromiso,1,2,0,Facebook
Facebook::Luz Ibon Mendez,oficina,3,10,1,Facebook
Facebook::Luz Ibon Mendez,basura,3,3,1,Facebook
Facebook::Luz Ibon Mendez,pasar,2,11,3,Facebook
Facebook::Luz Ibon Mendez,sacar,2,11,3,Facebook
Facebook::Luz Ibon Mendez,felicidades,1,8,0,Facebook
Facebook::Luz Ibon Mendez,presidenta,1,8,0,Facebook
Facebook::Luz Ibon Mendez,monica,1,3,0,Facebook
Facebook::Luz Ibon Mendez,villarreal,1,3,0,Facebook
Facebook::Luz Ibon Mendez,servicios,1,2,2,Facebook
Facebook::Luz Ibon Mendez,publicos,1,14,2,Facebook
Facebook::Luz Ibon Mendez,agradecimiento,1,6,3,Facebook
Facebook::Luz Ibon Mendez,cambio,1,11,3,Facebook
Facebook::Luz Ibon Mendez,diverso,1,14,3,Facebook
Facebook::Luz Ibon Mendez,cumplir,1,10,1,Facebook
Facebook::Luz Ibon Mendez,vivir,1,8,2,Facebook
Facebook::Luz Ibon Mendez,equipo,1,13,3,Facebook
Facebook::Luz Ibon Mendez,permitir,1,14,0,Facebook
Facebook::Luz Ibon Mendez,rama,1,7,0,Facebook
Facebook::Luz Ibon Mendez,camion,1,7,0,Facebook
Facebook::Luz Ibon Mendez,banqueta,1,7,0,Facebook
Facebook::Luz Ibon Mendez,calle,1,9,1,Facebook
Facebook::Luz Ibon Mendez,report,1,7,0,Facebook
Facebook::Luz Ibon Mendez,numero,1,10,0,Facebook
Facebook::Luz Ibon Mendez,reportar,1,7,2,Facebook
Facebook::Luz Ibon Mendez,dia,1,6,0,Facebook
Facebook::Luz Ibon Mendez,limpio,1,7,0,Facebook
Facebook::MATERIALES PARA TUS MANUALIDADES,gracias,1,8,0,Facebook
Facebook::MATERIALES PARA TUS MANUALIDADES,mantener,1,7,0,Facebook
Facebook::MATERIALES PARA TUS MANUALIDADES,plaza,1,1,1,Facebook
Facebook::MATERIALES PARA TUS MANUALIDADES,artes,1,3,2,Facebook
Facebook::MATERIALES PARA TUS MANUALIDADES,familia,1,1,0,Facebook
Facebook::MATERIALES PARA TUS MANUALIDADES,asistir,1,8,2,Facebook
Facebook::MATERIALES PARA TUS MANUALIDADES,vivir,1,8,2,Facebook
Facebook::MATERIALES PARA TUS MANUALIDADES,ambiente,1,8,2,Facebook
Facebook::MATERIALES PARA TUS MANUALIDADES,sabado,1,4,5,Facebook
Facebook::MATERIALES PARA TUS MANUALIDADES,clase,1,8,2,Facebook
Facebook::MATERIALES PARA TUS MANUALIDADES,taller,1,3,4,Facebook
Facebook::MATERIALES PARA TUS MANUALIDADES,mano,1,6,0,Facebook
Facebook::MATERIALES PARA TUS MANUALIDADES,comunidad,1,3,0,Facebook
Facebook::Ma Eugenia Cruz Jara,exito,1,8,0,Facebook
Facebook::Ma Eugenia Cruz Jara,lic,1,8,0,Facebook
Facebook::Ma Eugenia Cruz Jara,monica,1,3,0,Facebook
Facebook::Ma Eugenia Cruz Jara,villarreal,1,3,0,Facebook
Facebook::Ma Eugenia Cruz Jara,excelente,1,2,1,Facebook
Facebook::Ma Eugenia Cruz Jara,mexico,1,12,0,Facebook
Facebook::Magaly Juarez,excelente,2,2,1,Facebook
Facebook::Magaly Juarez,presidente,1,14,2,Facebook
Facebook::Magaly Juarez,pendiente,1,10,1,Facebook
Facebook::Magaly Juarez,capacitacion,1,1,2,Facebook
Facebook::Magaly Juarez,tampicovacontodo,1,2,1,Facebook
Facebook::Magaly Juarez,presidenta,1,8,0,Facebook
Facebook::Magdalena Huerta,ojala,1,9,0,Facebook
Facebook::Magdalena Huerta,proteccion,1,0,0,Facebook
Facebook::Magdalena Huerta,empezar,1,12,3,Facebook
Facebook::Magdalena Huerta,limpiar,1,9,1,Facebook
Facebook::Magdalena Huerta,dejar,1,9,0,Facebook
Facebook::Magdalena Huerta,mitad,1,14,3,Facebook
Facebook::Magdalena Huerta,terminar,1,11,3,Facebook
Facebook::Magdalena Huerta,pasar,1,11,3,Facebook
Facebook::Magdalena Huerta,rapido,1,0,1,Facebook
Facebook::Magdq Britos,olvidar,1,12,0,Facebook
Facebook::Magdq Britos,dejar,1,9,0,Facebook
Facebook::Magdq Britos,terminar,1,11,3,Facebook
Facebook::Magdq Britos,exito,1,8,0,Facebook
Facebook::Magdq Britos,querido,1,11,2,Facebook
Facebook::Magdq Britos,saludo,1,11,2,Facebook
Facebook::Marco Leal,lic,3,8,0,Facebook
Facebook::Marco Leal,excelente,2,2,1,Facebook
Facebook::Marco Leal,monica,2,3,0,Facebook
Facebook::Marco Leal,villarreal,2,3,0,Facebook
Facebook::Marco Leal,joven,2,13,0,Facebook
Facebook::Marco Leal,luis,1,6,1,Facebook
Facebook::Margarita San Martin,tampicotecuida,3,2,1,Facebook
Facebook::Margarita San Martin,excelente,3,2,1,Facebook
Facebook::Margarita San Martin,presidenta,3,8,0,Facebook
Facebook::Margarita San Martin,gracias,1,8,0,Facebook
Facebook::Margarita San Martin,lic,1,8,0,Facebook
Facebook::Margarita San Martin,monica,1,3,0,Facebook
Facebook::Mari Gugm,programa,1,2,3,Facebook
Facebook::Mari Gugm,transparente,1,11,5,Facebook
Facebook::Mari Gugm,cercano,1,2,3,Facebook
Facebook::Mari Gugm,pueblo,1,11,5,Facebook
Facebook::Mari Gugm,super,1,8,0,Facebook
Facebook::Maria Araujo,viva,3,12,0,Facebook
Facebook::Maria Araujo,morena,3,12,4,Facebook
Facebook::Maria Araujo,excelente,3,2,1,Facebook
Facebook::Maria Araujo,monica,2,3,0,Facebook
Facebook::Maria Araujo,gobierno,2,12,3,Facebook
Facebook::Maria Araujo,presidenta,2,8,0,Facebook
Facebook::Maria Araujo,hermoso,2,8,0,Facebook
Facebook::Maria Araujo,arenal,1,2,4,Facebook
Facebook::Maria Araujo,quedar,1,11,0,Facebook
Facebook::Maria Araujo,bonito,1,8,1,Facebook
Facebook::Maria Araujo,lic,1,8,0,Facebook
Facebook::Maria Araujo,necesario,1,0,3,Facebook
Facebook::Maria Araujo,seguro,1,2,1,Facebook
Facebook::Maria Araujo,querido,1,11,2,Facebook
Facebook::Maria Del Socorro Hurtado Alvarez,felicidades,2,8,0,Facebook
Facebook::Maria Del Socorro Hurtado Alvarez,viva,2,12,0,Facebook
Facebook::Maria Del Socorro Hurtado Alvarez,mexico,2,12,0,Facebook
Facebook::Maria Del Socorro Hurtado Alvarez,bonito,2,8,1,Facebook
Facebook::Maria Del Socorro Hurtado Alvarez,alcaldesa,1,8,0,Facebook
Facebook::Maria Del Socorro Hurtado Alvarez,monica,1,3,0,Facebook
Facebook::Maria Del Socorro Hurtado Alvarez,villarreal,1,3,0,Facebook
Facebook::Maria Del Socorro Hurtado Alvarez,cielo,1,3,3,Facebook
Facebook::Maria Del Socorro Hurtado Alvarez,madre,1,10,3,Facebook
Facebook::Maria Del Socorro Hurtado Alvarez,guia,1,3,2,Facebook
Facebook::Maria Del Socorro Hurtado Alvarez,felicitacion,1,8,0,Facebook
Facebook::Maria Del Socorro Hurtado Alvarez,excelente,1,2,1,Facebook
Facebook::Maria Del Socorro Hurtado Alvarez,programa,1,2,3,Facebook
Facebook::Maria Del Socorro Hurtado Alvarez,hermoso,1,8,0,Facebook
Facebook::Maria Del Socorro Hurtado Alvarez,arbol,1,7,4,Facebook
Facebook::Maria Dora,excelente,3,2,1,Facebook
Facebook::Maria Dora,evento,2,8,1,Facebook
Facebook::Maria Dora,viva,1,12,0,Facebook
Facebook::Maria Elia Buendia Monsalve,actividad,1,1,0,Facebook
Facebook::Maria Elia Buendia Monsalve,mes,1,4,3,Facebook
Facebook::Maria Elia Buendia Monsalve,abril,1,0,3,Facebook
Facebook::Maria Elia Buendia Monsalve,vien,1,8,0,Facebook
Facebook::Maria Elia Buendia Monsalve,turista,1,8,3,Facebook
Facebook::Maria Elia Buendia Monsalve,dia,1,6,0,Facebook
Facebook::Maria Elia Buendia Monsalve,nino,1,8,1,Facebook
Facebook::Maria Esther Hernandez,seguir,2,2,0,Facebook
Facebook::Maria Esther Hernandez,excelente,1,2,1,Facebook
Facebook::Maria Esther Hernandez,presidenta,1,8,0,Facebook
Facebook::Maria Esther Hernandez,esfuerzo,1,13,2,Facebook
Facebook::Maria Esther Hernandez,notar,1,4,1,Facebook
Facebook::Maria Esther Hernandez,crecer,1,6,0,Facebook
Facebook::Maria Garcia,gente,1,6,2,Facebook
Facebook::Maria Garcia,entender,1,11,4,Facebook
Facebook::Maria Garcia,pasar,1,11,3,Facebook
Facebook::Maria Garcia,camion,1,7,0,Facebook
Facebook::Maria Garcia,sacar,1,11,3,Facebook
Facebook::Maria Garcia,basura,1,3,1,Facebook
Facebook::Maria Garcia,culpa,1,9,4,Facebook
Facebook::Maria Garcia,presidenta,1,8,0,Facebook
Facebook::Maria Guadalupe Guerrero Hernandez,direccion,1,0,2,Facebook
Facebook::Maria Guadalupe Guerrero Hernandez,ecologia,1,8,2,Facebook
Facebook::Maria Guadalupe Guerrero Hernandez,espacio,1,1,0,Facebook
Facebook::Maria Guadalupe Guerrero Hernandez,arbol,1,7,4,Facebook
Facebook::Maria Guadalupe Guerrero Hernandez,excelente,1,2,1,Facebook
Facebook::Maria Guadalupe Guerrero Hernandez,presidenta,1,8,0,Facebook
Facebook::Maria Guadalupe Guerrero Hernandez,monica,1,3,0,Facebook
Facebook::Maria Guadalupe Guerrero Hernandez,villarreal,1,3,0,Facebook
Facebook::Maria Isabel Chimeca Villasana,presidenta,3,8,0,Facebook
Facebook::Maria Isabel Chimeca Villasana,monica,2,3,0,Facebook
Facebook::Maria Isabel Chimeca Villasana,villarreal,2,3,0,Facebook
Facebook::Maria Isabel Chimeca Villasana,tomar,1,4,2,Facebook
Facebook::Maria Isabel Chimeca Villasana,foto,1,4,2,Facebook
Facebook::Maria Isabel Chimeca Villasana,querido,1,11,2,Facebook
Facebook::Maria Isabel Chimeca Villasana,sentir,1,11,4,Facebook
Facebook::Maria Isabel Chimeca Villasana,llegar,1,10,1,Facebook
Facebook::Maria Isabel Chimeca Villasana,alguien,1,11,4,Facebook
Facebook::Maria Isabel Chimeca Villasana,entender,1,11,4,Facebook
Facebook::Maria Isabel Chimeca Villasana,defender,1,11,0,Facebook
Facebook::Maria Isabel Chimeca Villasana,gracia,1,11,2,Facebook
Facebook::Maria Isabel Chimeca Villasana,obra,1,2,4,Facebook
Facebook::Maria Isabel Chimeca Villasana,saludo,1,11,2,Facebook
Facebook::Maria Isabel Chimeca Villasana,bello,1,8,0,Facebook
Facebook::Maria Isabel Chimeca Villasana,bravo,1,12,3,Facebook
Facebook::Maria Isabel Chimeca Villasana,excelente,1,2,1,Facebook
Facebook::Maria Isabel Garcia,excelente,1,2,1,Facebook
Facebook::Maria Isabel Garcia,monica,1,3,0,Facebook
Facebook::Maria Isabel Garcia,villareal,1,8,0,Facebook
Facebook::Maria Isabel Garcia,bienestar,1,2,3,Facebook
Facebook::Maria Isabel Garcia,social,1,2,3,Facebook
Facebook::Maria Teresa Madrid Mtz,emocion,1,4,0,Facebook
Facebook::Maria Teresa Madrid Mtz,nino,1,8,1,Facebook
Facebook::Maria Teresa Madrid Mtz,pasar,1,11,3,Facebook
Facebook::Maria Teresa Madrid Mtz,genial,1,9,2,Facebook
Facebook::Maria Teresa Madrid Mtz,ninos,1,2,4,Facebook
Facebook::Maria Teresa Madrid Mtz,feliz,1,8,1,Facebook
Facebook::Maria Teresa Madrid Mtz,futuro,1,13,1,Facebook
Facebook::Marianela Villaseñor Valencia,guapo,1,8,3,Facebook
Facebook::Marianela Villaseñor Valencia,firme,1,3,0,Facebook
Facebook::Marianela Villaseñor Valencia,jornada,1,3,1,Facebook
Facebook::Marianela Villaseñor Valencia,descacharrizacion,1,3,1,Facebook
Facebook::Marianela Villaseñor Valencia,contribuir,1,3,1,Facebook
Facebook::Marianela Villaseñor Valencia,colonia,1,2,4,Facebook
Facebook::Marianela Villaseñor Valencia,limpio,1,7,0,Facebook
Facebook::Marianela Villaseñor Valencia,seguro,1,2,1,Facebook
Facebook::Marianela Villaseñor Valencia,saludable,1,3,1,Facebook
Facebook::Marina Gonzalez Ocañas,excelente,1,2,1,Facebook
Facebook::Marina Gonzalez Ocañas,evento,1,8,1,Facebook
Facebook::Marina Gonzalez Ocañas,nino,1,8,1,Facebook
Facebook::Marina Gonzalez Ocañas,feliz,1,8,1,Facebook
Facebook::Marina Gonzalez Ocañas,cual,1,10,2,Facebook
Facebook::Marina Gonzalez Ocañas,fecha,1,10,0,Facebook
Facebook::Marina Gonzalez Ocañas,julio,1,4,2,Facebook
Facebook::Marina Gonzalez Ocañas,junio,1,1,0,Facebook
Facebook::Marina Gonzalez Ocañas,apoyar,1,1,2,Facebook
Facebook::Marina Gonzalez Ocañas,deporte,1,2,1,Facebook
Facebook::Mario AguLe,excelente,2,2,1,Facebook
Facebook::Mario AguLe,presidenta,2,8,0,Facebook
Facebook::Mario AguLe,labor,1,3,3,Facebook
Facebook::Mario Alberto Mellado Cervantes,dia,2,6,0,Facebook
Facebook::Mario Alberto Mellado Cervantes,deber,1,11,1,Facebook
Facebook::Mario Alberto Mellado Cervantes,comentar,1,11,0,Facebook
Facebook::Mario Alberto Mellado Cervantes,colonia,1,2,4,Facebook
Facebook::Mario Alberto Mellado Cervantes,ciudadania,1,2,3,Facebook
Facebook::Mario Alberto Mellado Cervantes,desecho,1,3,1,Facebook
Facebook::Mario Alberto Mellado Cervantes,banqueta,1,7,0,Facebook
Facebook::Mario Alberto Mellado Cervantes,gracias,1,8,0,Facebook
Facebook::Mario Gonzalez,verguenza,1,12,0,Facebook
Facebook::Mario Gonzalez,andar,1,9,0,Facebook
Facebook::Mario Gonzalez,calle,1,9,1,Facebook
Facebook::Mario Gonzalez,ciudad,1,13,1,Facebook
Facebook::Mario Gonzalez,grande,1,1,0,Facebook
Facebook::Marisela Gomez,canal,3,9,1,Facebook
Facebook::Marisela Gomez,limpiar,3,9,1,Facebook
Facebook::Marisela Gomez,basura,3,3,1,Facebook
Facebook::Marisela Gomez,ojala,2,9,0,Facebook
Facebook::Marisela Gomez,gente,2,6,2,Facebook
Facebook::Marisela Gomez,tirar,2,9,1,Facebook
Facebook::Marisela Gomez,prever,1,4,5,Facebook
Facebook::Marisela Gomez,tapar,1,12,2,Facebook
Facebook::Marisela Gomez,apoyar,1,1,2,Facebook
Facebook::Marisela Gomez,calle,1,9,1,Facebook
Facebook::Marisela Gomez,encontrar,1,7,4,Facebook
Facebook::Marisela Gomez,utilizar,1,9,1,Facebook
Facebook::Marisela Gomez,agarrar,1,12,1,Facebook
Facebook::Marisela Gomez,dia,1,6,0,Facebook
Facebook::Marisela Gomez,animal,1,8,2,Facebook
Facebook::Marisela Gomez,ahorita,1,9,0,Facebook
Facebook::Marisela Gomez,acabar,1,11,3,Facebook
Facebook::Marisela Gomez,vecino,1,2,4,Facebook
Facebook::Maritoni RS,reporte,2,7,0,Facebook
Facebook::Maritoni RS,jamas,1,11,4,Facebook
Facebook::Maritoni RS,venir,1,4,0,Facebook
Facebook::Maritoni RS,encontrar,1,7,4,Facebook
Facebook::Maritoni RS,mano,1,6,0,Facebook
Facebook::Maritoni RS,numero,1,10,0,Facebook
Facebook::Maritoni RS,oficina,1,10,1,Facebook
Facebook::Maritoni RS,solucion,1,14,2,Facebook
Facebook::Martha Laura,pedro,2,10,1,Facebook
Facebook::Martha Laura,saludos,1,11,2,Facebook
Facebook::Martha Laura,hombre,1,13,5,Facebook
Facebook::Martha Laura,salir,1,11,0,Facebook
Facebook::Martha Laura,meta,1,13,2,Facebook
Facebook::Martha Laura,calidad,1,2,2,Facebook
Facebook::Martha Laura,humano,1,9,0,Facebook
Facebook::Martha Laura,seguir,1,2,0,Facebook
Facebook::Martha Laura,exito,1,8,0,Facebook
Facebook::Martha Laura,profesional,1,13,5,Facebook
Facebook::Martha Laura,felicidad,1,8,0,Facebook
Facebook::Martha Laura,presidenta,1,8,0,Facebook
Facebook::Martha Laura,obra,1,2,4,Facebook
Facebook::Martha Laura,puerto,1,8,0,Facebook
Facebook::Martha Laura,necesitar,1,2,0,Facebook
Facebook::Martha Laura,col,1,6,1,Facebook
Facebook::Martha Laura,echeverria,1,2,3,Facebook
Facebook::Martha Rivas,excelente,12,2,1,Facebook
Facebook::Martha Rivas,equipo,2,13,3,Facebook
Facebook::Martha Rivas,viva,2,12,0,Facebook
Facebook::Martha Rivas,mexico,2,12,0,Facebook
Facebook::Martha Rivas,visitar,1,3,2,Facebook
Facebook::Martha Rivas,alcaldesa,1,8,0,Facebook
Facebook::Martha Rivas,orgullosamente,1,13,2,Facebook
Facebook::Martha Rivas,tampiqueno,1,2,0,Facebook
Facebook::Martha Rivas,felicidad,1,8,0,Facebook
Facebook::Martin Villeda,monica,2,3,0,Facebook
Facebook::Martin Villeda,excelente,2,2,1,Facebook
Facebook::Martin Villeda,evento,1,8,1,Facebook
Facebook::Martin Villeda,feliz,1,8,1,Facebook
Facebook::Martin Villeda,exito,1,8,0,Facebook
Facebook::Martin Villeda,lic,1,8,0,Facebook
Facebook::Martin Villeda,salud,1,2,3,Facebook
Facebook::Martin Villeda,manejar,1,9,4,Facebook
Facebook::Martin Villeda,apoyo,1,2,2,Facebook
Facebook::Martin Villeda,presidentar,1,8,0,Facebook
Facebook::Marychuy Medina Del Angel,limpio,1,7,0,Facebook
Facebook::Marychuy Medina Del Angel,gracias,1,8,0,Facebook
Facebook::Marychuy Medina Del Angel,donacion,1,3,3,Facebook
Facebook::Marychuy Medina Del Angel,saludos,1,11,2,Facebook
Facebook::Marychuy Medina Del Angel,alcaldesa,1,8,0,Facebook
Facebook::Marychuy Medina Del Angel,monica,1,3,0,Facebook
Facebook::Marychuy Medina Del Angel,villarreal,1,3,0,Facebook
Facebook::Marye Vega,enhorabuena,1,8,0,Facebook
Facebook::Marye Vega,alcaldesa,1,8,0,Facebook
Facebook::Marye Vega,monica,1,3,0,Facebook
Facebook::Marye Vega,villarreal,1,3,0,Facebook
Facebook::Marye Vega,seguir,1,2,0,Facebook
Facebook::Marye Vega,accion,1,2,0,Facebook
Facebook::Marye Vega,beneficio,1,2,3,Facebook
Facebook::Marye Vega,felicidades,1,8,0,Facebook
Facebook::Marye Vega,compromiso,1,2,0,Facebook
Facebook::Mery Bm,excelente,3,2,1,Facebook
Facebook::Mery Bm,presidenta,2,8,0,Facebook
Facebook::Mexitli Bernal,empezar,2,12,3,Facebook
Facebook::Mexitli Bernal,ano,1,11,2,Facebook
Facebook::Mexitli Bernal,gobierno,1,12,3,Facebook
Facebook::Mexitli Bernal,temprano,1,9,1,Facebook
Facebook::Miguel Angel Aviña Bravo,excelente,1,2,1,Facebook
Facebook::Miguel Angel Aviña Bravo,visita,1,0,3,Facebook
Facebook::Miguel Angel Aviña Bravo,tampiqueno,1,2,0,Facebook
Facebook::Miguel Angel Aviña Bravo,manuel,1,12,2,Facebook
Facebook::Miguel Angel Aviña Bravo,autoridad,1,0,3,Facebook
Facebook::Miguel Angel Aviña Bravo,municipal,1,14,0,Facebook
Facebook::Miguel Angel Aviña Bravo,felicidades,1,8,0,Facebook
Facebook::Miguel Angel Aviña Bravo,presidenta,1,8,0,Facebook
Facebook::Miguel Angel Aviña Bravo,monica,1,3,0,Facebook
Facebook::Miguel Angel Aviña Bravo,villareal,1,8,0,Facebook
Facebook::Miguel Angel Aviña Bravo,importancia,1,9,2,Facebook
Facebook::Miguel Angel Aviña Bravo,reunion,1,1,2,Facebook
Facebook::Minerva Fons,monica,2,3,0,Facebook
Facebook::Minerva Fons,excelente,1,2,1,Facebook
Facebook::Minerva Fons,lic,1,8,0,Facebook
Facebook::Minerva Fons,mujer,1,10,3,Facebook
Facebook::Minerva Fons,trabajador,1,10,3,Facebook
Facebook::Minerva Fons,humanista,1,2,0,Facebook
Facebook::Minerva Fons,atencion,1,7,3,Facebook
Facebook::Minerva Fons,presidenta,1,8,0,Facebook
Facebook::Minerva Fons,encantar,1,4,0,Facebook
Facebook::Minerva Fons,ambiente,1,8,2,Facebook
Facebook::Minerva Fons,familiar,1,4,0,Facebook
Facebook::Mireya L. Gonzalez,alcaldesa,1,8,0,Facebook
Facebook::Mireya L. Gonzalez,monica,1,3,0,Facebook
Facebook::Mireya L. Gonzalez,excelente,1,2,1,Facebook
Facebook::Mireya L. Gonzalez,gracias,1,8,0,Facebook
Facebook::Mireya L. Gonzalez,espacio,1,1,0,Facebook
Facebook::Mireya L. Gonzalez,arte,1,1,1,Facebook
Facebook::Mireya L. Gonzalez,cultura,1,1,1,Facebook
Facebook::Mireya L. Gonzalez,acudir,1,7,1,Facebook
Facebook::Mireya L. Gonzalez,ciudadano,1,1,0,Facebook
Facebook::Mirna Leticia Fernandez Hernandez,gustar,2,6,0,Facebook
Facebook::Mirna Leticia Fernandez Hernandez,orden,1,14,3,Facebook
Facebook::Mirna Leticia Fernandez Hernandez,ambiente,1,8,2,Facebook
Facebook::Mirna Leticia Fernandez Hernandez,familiar,1,4,0,Facebook
Facebook::Mirna Leticia Fernandez Hernandez,baile,1,8,1,Facebook
Facebook::Mirna Leticia Fernandez Hernandez,dia,1,6,0,Facebook
Facebook::Mirna Leticia Fernandez Hernandez,gusto,1,8,4,Facebook
Facebook::Mirna Leticia Fernandez Hernandez,senora,1,9,0,Facebook
Facebook::Mirna Leticia Fernandez Hernandez,promocion,1,8,0,Facebook
Facebook::Mirna Leticia Fernandez Hernandez,empezar,1,12,3,Facebook
Facebook::Mirna Leticia Fernandez Hernandez,cosa,1,11,3,Facebook
Facebook::Mirna Leticia Fernandez Hernandez,seguir,1,2,0,Facebook
Facebook::Mirna Leticia Fernandez Hernandez,bailes,1,1,1,Facebook
Facebook::Moises Méndez Aguilar,excelente,4,2,1,Facebook
Facebook::Moises Méndez Aguilar,alcaldesa,4,8,0,Facebook
Facebook::Moises Méndez Aguilar,dialogo,1,2,0,Facebook
Facebook::Moises Méndez Aguilar,ciudadania,1,2,3,Facebook
Facebook::Moises Méndez Aguilar,cercania,1,2,0,Facebook
Facebook::Moises Méndez Aguilar,gente,1,6,2,Facebook
Facebook::Moises Méndez Aguilar,reflejar,1,1,0,Facebook
Facebook::Moises Méndez Aguilar,administracion,1,14,0,Facebook
Facebook::Moises Méndez Aguilar,bendicion,1,8,0,Facebook
Facebook::Moises Méndez Aguilar,felicidad,1,8,0,Facebook
Facebook::Moises Méndez Aguilar,bonito,1,8,1,Facebook
Facebook::Moises Méndez Aguilar,pasion,1,1,3,Facebook
Facebook::Moises Méndez Aguilar,mundialista,1,1,3,Facebook
Facebook::Mvzzamira Juarez,presidenta,8,8,0,Facebook
Facebook::Mvzzamira Juarez,excelente,3,2,1,Facebook
Facebook::Mvzzamira Juarez,hermoso,3,8,0,Facebook
Facebook::Mvzzamira Juarez,hermosa,2,3,1,Facebook
Facebook::Mvzzamira Juarez,alcaldesa,1,8,0,Facebook
Facebook::Mvzzamira Juarez,profesional,1,13,5,Facebook
Facebook::Mvzzamira Juarez,humano,1,9,0,Facebook
Facebook::Mvzzamira Juarez,gracias,1,8,0,Facebook
Facebook::Mvzzamira Juarez,gobierno,1,12,3,Facebook
Facebook::Mvzzamira Juarez,campo,1,2,0,Facebook
Facebook::Mvzzamira Juarez,comunidad,1,3,0,Facebook
Facebook::Mvzzamira Juarez,palabra,1,9,-1,Facebook
Facebook::Mvzzamira Juarez,gracia,1,11,2,Facebook
Facebook::Mvzzamira Juarez,vida,1,7,4,Facebook
Facebook::Mónica Villarreal,seguir,133,2,0,Facebook
Facebook::Mónica Villarreal,tampicotecuida,91,2,1,Facebook
Facebook::Mónica Villarreal,ciudad,77,13,1,Facebook
Facebook::Mónica Villarreal,fortalecer,66,14,0,Facebook
Facebook::Mónica Villarreal,tampicovacontodo,63,2,1,Facebook
Facebook::Mónica Villarreal,familia,61,1,0,Facebook
Facebook::Mónica Villarreal,espacio,57,1,0,Facebook
Facebook::Mónica Villarreal,bienestar,55,2,3,Facebook
Facebook::Mónica Villarreal,accion,51,2,0,Facebook
Facebook::Mónica Villarreal,tamaulipas,46,5,1,Facebook
Facebook::Mónica Villarreal,construir,45,13,1,Facebook
Facebook::Mónica Villarreal,compromiso,45,2,0,Facebook
Facebook::Mónica Villarreal,importante,39,13,0,Facebook
Facebook::Mónica Villarreal,colonia,39,2,4,Facebook
Facebook::Mónica Villarreal,impulsar,39,1,2,Facebook
Facebook::Mónica Villarreal,tampiqueno,39,2,0,Facebook
Facebook::Mónica Villarreal,gobierno,39,12,3,Facebook
Facebook::Mónica Villarreal,vida,35,7,4,Facebook
Facebook::Mónica Villarreal,dia,34,6,0,Facebook
Facebook::Mónica Villarreal,equipo,33,13,3,Facebook
Facebook::Mónica Villarreal,historia,31,1,3,Facebook
Facebook::Mónica Villarreal,secretaria,31,14,2,Facebook
Facebook::Mónica Villarreal,esfuerzo,30,13,2,Facebook
Facebook::Mónica Villarreal,compartir,30,1,0,Facebook
Facebook::Mónica Villarreal,seguridad,29,0,3,Facebook
Facebook::Mónica Villarreal,joven,27,13,0,Facebook
Facebook::Mónica Villarreal,zona,27,0,1,Facebook
Facebook::Mónica Villarreal,desarrollo,27,1,2,Facebook
Facebook::Mónica Villarreal,gracias,26,8,0,Facebook
Facebook::Mónica Villarreal,salud,26,2,3,Facebook
Facebook::Mónica Villarreal,orgullo,26,1,2,Facebook
Facebook::Mónica Villarreal,cuidar,25,2,1,Facebook
Facebook::Mónica Villarreal,vivir,23,8,2,Facebook
Facebook::Mónica Villarreal,reconocimiento,23,13,1,Facebook
Facebook::Mónica Villarreal,seguro,23,2,1,Facebook
Facebook::Mónica Villarreal,medio,22,8,2,Facebook
Facebook::Mónica Villarreal,mejorar,22,2,2,Facebook
Facebook::Mónica Villarreal,oportunidad,22,13,2,Facebook
Facebook::Mónica Villarreal,acompanar,22,13,0,Facebook
Facebook::Mónica Villarreal,futbol,21,1,3,Facebook
Facebook::Mónica Villarreal,resultado,21,2,0,Facebook
Facebook::Mónica Villarreal,ciudadania,20,2,3,Facebook
Facebook::Mónica Villarreal,calidad,20,2,2,Facebook
Facebook::Mónica Villarreal,nino,20,8,1,Facebook
Facebook::Mónica Villarreal,ambiente,19,8,2,Facebook
Facebook::Mónica Villarreal,brindar,19,2,2,Facebook
Facebook::Mónica Villarreal,reconocer,19,6,0,Facebook
Facebook::Mónica Villarreal,educacion,19,14,1,Facebook
Facebook::Mónica Villarreal,invitar,19,1,3,Facebook
Facebook::Mónica Villarreal,mundial,19,4,0,Facebook
Facebook::Mónica Villarreal,municipal,19,14,0,Facebook
Facebook::Mónica Villarreal,ano,18,11,2,Facebook
Facebook::Mónica Villarreal,sur,18,14,2,Facebook
Facebook::Mónica Villarreal,participar,18,10,2,Facebook
Facebook::Mónica Villarreal,pasion,18,1,3,Facebook
Facebook::Mónica Villarreal,gusto,18,8,4,Facebook
Facebook::Mónica Villarreal,mexico,18,12,0,Facebook
Facebook::Mónica Villarreal,nina,18,8,1,Facebook
Facebook::Mónica Villarreal,sector,18,14,3,Facebook
Facebook::Mónica Villarreal,contribuir,18,3,1,Facebook
Facebook::Mónica Villarreal,celebrar,17,1,3,Facebook
Facebook::Mónica Villarreal,municipio,17,14,2,Facebook
Facebook::Mónica Villarreal,presidenta,17,8,0,Facebook
Facebook::Mónica Villarreal,villarreal,17,3,0,Facebook
Facebook::Mónica Villarreal,distinto,16,2,2,Facebook
Facebook::Mónica Villarreal,sumar,16,6,1,Facebook
Facebook::Mónica Villarreal,talento,16,1,2,Facebook
Facebook::Mónica Villarreal,futuro,16,13,1,Facebook
Facebook::Mónica Villarreal,mujer,16,10,3,Facebook
Facebook::Mónica Villarreal,disfrutar,16,1,0,Facebook
Facebook::Mónica Villarreal,programa,16,2,3,Facebook
Facebook::Mónica Villarreal,transformar,16,2,0,Facebook
Facebook::Mónica Villarreal,coordinacion,16,14,2,Facebook
Facebook::Mónica Villarreal,paz,16,1,0,Facebook
Facebook::Mónica Villarreal,convivencia,15,1,0,Facebook
Facebook::Mónica Villarreal,deporte,15,2,1,Facebook
Facebook::Mónica Villarreal,deportivo,15,1,4,Facebook
Facebook::Mónica Villarreal,lleno,14,8,1,Facebook
Facebook::Mónica Villarreal,servicio,14,2,2,Facebook
Facebook::Mónica Villarreal,tampiquenas,14,14,0,Facebook
Facebook::Mónica Villarreal,generar,14,13,2,Facebook
Facebook::Mónica Villarreal,mantener,14,7,0,Facebook
Facebook::Mónica Villarreal,esperar,14,4,0,Facebook
Facebook::Mónica Villarreal,anaya,14,3,0,Facebook
Facebook::Mónica Villarreal,entregar,14,6,2,Facebook
Facebook::Mónica Villarreal,representar,14,14,1,Facebook
Facebook::Mónica Villarreal,emocion,14,4,0,Facebook
Facebook::Mónica Villarreal,prevencion,14,0,3,Facebook
Facebook::Mónica Villarreal,gobernador,14,14,1,Facebook
Facebook::Mónica Villarreal,alegria,13,8,1,Facebook
Facebook::Mónica Villarreal,labor,13,3,3,Facebook
Facebook::Mónica Villarreal,turismo,13,14,4,Facebook
Facebook::Mónica Villarreal,conjunto,13,14,0,Facebook
Facebook::Mónica Villarreal,americo,13,14,1,Facebook
Facebook::Mónica Villarreal,entorno,13,3,2,Facebook
Facebook::Mónica Villarreal,reunir,12,1,3,Facebook
Facebook::Mónica Villarreal,publico,12,14,3,Facebook
Facebook::Mónica Villarreal,entrega,12,13,3,Facebook
Facebook::Mónica Villarreal,nivel,12,4,2,Facebook
Facebook::Mónica Villarreal,universidad,12,10,1,Facebook
Facebook::Mónica Villarreal,internacional,12,13,1,Facebook
Facebook::Mónica Villarreal,tampiquena,12,2,3,Facebook
Facebook::Mónica Villarreal,cultura,12,1,1,Facebook
Facebook::Mónica Villarreal,experiencia,12,1,4,Facebook
Facebook::Mónica Villarreal,querer,12,11,0,Facebook
Facebook::Mónica Villarreal,camino,12,6,1,Facebook
Facebook::Mónica Villarreal,norte,12,10,1,Facebook
Facebook::Mónica Villarreal,llenar,12,1,1,Facebook
Facebook::Mónica Villarreal,generacion,12,1,3,Facebook
Facebook::Mónica Villarreal,jornada,12,3,1,Facebook
Facebook::Mónica Villarreal,nacional,12,4,2,Facebook
Facebook::Mónica Villarreal,apoyar,11,1,2,Facebook
Facebook::Mónica Villarreal,medalla,11,12,3,Facebook
Facebook::Mónica Villarreal,corazon,11,13,2,Facebook
Facebook::Mónica Villarreal,especial,11,4,0,Facebook
Facebook::Mónica Villarreal,escuchar,11,2,0,Facebook
Facebook::Mónica Villarreal,avance,11,14,1,Facebook
Facebook::Mónica Villarreal,laguna,11,3,2,Facebook
Facebook::Mónica Villarreal,direccion,11,0,2,Facebook
Facebook::Mónica Villarreal,reflejar,11,1,0,Facebook
Facebook::Mónica Villarreal,social,11,2,3,Facebook
Facebook::Mónica Villarreal,formar,11,1,3,Facebook
Facebook::Mónica Villarreal,reunion,11,1,2,Facebook
Facebook::Mónica Villarreal,reafirmar,11,1,0,Facebook
Facebook::Mónica Villarreal,avanzar,11,14,1,Facebook
Facebook::Mónica Villarreal,unidad,11,6,1,Facebook
Facebook::Mónica Villarreal,mantenimiento,10,3,3,Facebook
Facebook::Mónica Villarreal,identidad,10,1,3,Facebook
Facebook::Mónica Villarreal,honor,10,8,0,Facebook
Facebook::Mónica Villarreal,atencion,10,7,3,Facebook
Facebook::Mónica Villarreal,gente,10,6,2,Facebook
Facebook::Mónica Villarreal,copa,10,13,0,Facebook
Facebook::Mónica Villarreal,disciplina,10,13,0,Facebook
Facebook::Mónica Villarreal,agradecer,10,10,0,Facebook
Facebook::Mónica Villarreal,promover,10,1,0,Facebook
Facebook::Mónica Villarreal,pais,10,12,0,Facebook
Facebook::Mónica Villarreal,atender,10,2,0,Facebook
Facebook::Mónica Villarreal,permitir,10,14,0,Facebook
Facebook::Mónica Villarreal,limpio,10,7,0,Facebook
Facebook::Mónica Villarreal,tarde,10,8,1,Facebook
Facebook::Mónica Villarreal,recibir,10,9,2,Facebook
Facebook::Mónica Villarreal,ordenado,10,7,0,Facebook
Facebook::Mónica Villarreal,responsabilidad,10,3,2,Facebook
Facebook::Mónica Villarreal,civico,10,14,1,Facebook
Facebook::Mónica Villarreal,garantizar,10,0,3,Facebook
Facebook::Mónica Villarreal,publicas,10,0,2,Facebook
Facebook::Mónica Villarreal,cabo,10,0,2,Facebook
Facebook::Mónica Villarreal,logro,10,13,1,Facebook
Facebook::Mónica Villarreal,verde,10,7,4,Facebook
Facebook::Mónica Villarreal,cuidado,10,3,2,Facebook
Facebook::Mónica Villarreal,liderazgo,10,13,5,Facebook
Facebook::Mónica Villarreal,exposicion,10,6,3,Facebook
Facebook::Mónica Villarreal,obra,10,2,4,Facebook
Facebook::Mónica Villarreal,calle,9,9,1,Facebook
Facebook::Mónica Villarreal,limpieza,9,3,3,Facebook
Facebook::Mónica Villarreal,proyecto,9,14,4,Facebook
Facebook::Mónica Villarreal,contar,9,6,0,Facebook
Facebook::Mónica Villarreal,gratuito,9,2,2,Facebook
Facebook::Mónica Villarreal,actividad,9,1,0,Facebook
Facebook::Mónica Villarreal,servicios,9,2,2,Facebook
Facebook::Mónica Villarreal,publicos,9,14,2,Facebook
Facebook::Mónica Villarreal,numero,9,10,0,Facebook
Facebook::Mónica Villarreal,centro,9,13,3,Facebook
Facebook::Mónica Villarreal,amor,9,3,2,Facebook
Facebook::Mónica Villarreal,feliz,9,8,1,Facebook
Facebook::Mónica Villarreal,felicidad,9,8,0,Facebook
Facebook::Mónica Villarreal,fundamental,9,3,0,Facebook
Facebook::Mónica Villarreal,obras,9,0,2,Facebook
Facebook::Mónica Villarreal,participacion,9,1,0,Facebook
Facebook::Mónica Villarreal,area,9,10,0,Facebook
Facebook::Mónica Villarreal,responsable,9,3,2,Facebook
Facebook::Mónica Villarreal,atleta,9,13,0,Facebook
Facebook::Mónica Villarreal,continuar,8,14,0,Facebook
Facebook::Mónica Villarreal,condicion,8,14,2,Facebook
Facebook::Mónica Villarreal,cancha,8,14,4,Facebook
Facebook::Mónica Villarreal,cultural,8,1,1,Facebook
Facebook::Mónica Villarreal,persona,8,4,3,Facebook
Facebook::Mónica Villarreal,vecino,8,2,4,Facebook
Facebook::Mónica Villarreal,mano,8,6,0,Facebook
Facebook::Mónica Villarreal,herramienta,8,1,2,Facebook
Facebook::Mónica Villarreal,iniciativa,8,13,2,Facebook
Facebook::Mónica Villarreal,final,8,10,2,Facebook
Facebook::Mónica Villarreal,delegacion,8,10,1,Facebook
Facebook::Mónica Villarreal,urbano,8,14,2,Facebook
Facebook::Mónica Villarreal,sustentable,8,8,2,Facebook
Facebook::Mónica Villarreal,region,8,1,2,Facebook
Facebook::Mónica Villarreal,fortalecimiento,8,13,5,Facebook
Facebook::Mónica Villarreal,administracion,8,14,0,Facebook
Facebook::Mónica Villarreal,comunidad,7,3,0,Facebook
Facebook::Mónica Villarreal,favor,7,11,5,Facebook
Facebook::Mónica Villarreal,beneficio,7,2,3,Facebook
Facebook::Mónica Villarreal,realizamos,7,13,1,Facebook
Facebook::Mónica Villarreal,plaza,7,1,1,Facebook
Facebook::Mónica Villarreal,inaugurar,7,9,2,Facebook
Facebook::Mónica Villarreal,dejar,7,9,0,Facebook
Facebook::Mónica Villarreal,acercar,7,2,2,Facebook
Facebook::Mónica Villarreal,necesitar,7,2,0,Facebook
Facebook::Mónica Villarreal,crecer,7,6,0,Facebook
Facebook::Mónica Villarreal,dialogo,7,2,0,Facebook
Facebook::Mónica Villarreal,grande,7,1,0,Facebook
Facebook::Mónica Villarreal,inolvidable,7,4,0,Facebook
Facebook::Mónica Villarreal,ciudadano,7,1,0,Facebook
Facebook::Mónica Villarreal,campeon,7,13,0,Facebook
Facebook::Mónica Villarreal,alimento,7,1,2,Facebook
Facebook::Mónica Villarreal,conocimiento,7,6,3,Facebook
Facebook::Mónica Villarreal,estatal,7,0,3,Facebook
Facebook::Mónica Villarreal,digno,7,14,0,Facebook
Facebook::Mónica Villarreal,mundialista,7,1,3,Facebook
Facebook::Mónica Villarreal,comentario,7,10,2,Facebook
Facebook::Mónica Villarreal,unir,7,1,3,Facebook
Facebook::Mónica Villarreal,permanente,7,14,0,Facebook
Facebook::Mónica Villarreal,deportista,7,13,0,Facebook
Facebook::Mónica Villarreal,lobina,7,3,2,Facebook
Facebook::Mónica Villarreal,natural,7,3,2,Facebook
Facebook::Mónica Villarreal,especie,7,1,4,Facebook
Facebook::Mónica Villarreal,gestion,7,9,3,Facebook
Facebook::Mónica Villarreal,encuentro,7,1,4,Facebook
Facebook::Mónica Villarreal,sostenible,7,10,0,Facebook
Facebook::Mónica Villarreal,competencia,7,13,5,Facebook
Facebook::Mónica Villarreal,escuela,7,14,1,Facebook
Facebook::Mónica Villarreal,exito,6,8,0,Facebook
Facebook::Mónica Villarreal,casa,6,3,1,Facebook
Facebook::Mónica Villarreal,recurso,6,4,3,Facebook
Facebook::Mónica Villarreal,pluvial,6,3,3,Facebook
Facebook::Mónica Villarreal,apoyo,6,2,2,Facebook
Facebook::Mónica Villarreal,dedicacion,6,13,0,Facebook
Facebook::Mónica Villarreal,edicion,6,10,0,Facebook
Facebook::Mónica Villarreal,homenaje,6,6,3,Facebook
Facebook::Mónica Villarreal,recorrer,6,0,1,Facebook
Facebook::Mónica Villarreal,sigar,6,8,0,Facebook
Facebook::Mónica Villarreal,sonrisas,6,2,3,Facebook
Facebook::Mónica Villarreal,directo,6,12,3,Facebook
Facebook::Mónica Villarreal,sonrisa,6,2,3,Facebook
Facebook::Mónica Villarreal,economico,6,13,2,Facebook
Facebook::Mónica Villarreal,libre,6,1,0,Facebook
Facebook::Mónica Villarreal,pavimentacion,6,2,4,Facebook
Facebook::Mónica Villarreal,orden,6,14,3,Facebook
Facebook::Mónica Villarreal,hernandez,6,10,0,Facebook
Facebook::Mónica Villarreal,turistico,6,14,4,Facebook
Facebook::Mónica Villarreal,guerrero,6,10,0,Facebook
Facebook::Mónica Villarreal,mes,6,4,3,Facebook
Facebook::Mónica Villarreal,local,6,1,2,Facebook
Facebook::Mónica Villarreal,aniversario,6,8,4,Facebook
Facebook::Mónica Villarreal,altamira,6,5,0,Facebook
Facebook::Mónica Villarreal,donacion,6,3,3,Facebook
Facebook::Mónica Villarreal,parque,6,14,4,Facebook
Facebook::Mónica Villarreal,visitar,6,3,2,Facebook
Facebook::Mónica Villarreal,transformacion,6,14,1,Facebook
Facebook::Mónica Villarreal,congreso,6,5,1,Facebook
Facebook::Mónica Villarreal,capacitacion,6,1,2,Facebook
Facebook::Mónica Villarreal,proteccion,6,0,0,Facebook
Facebook::Mónica Villarreal,directamente,6,13,3,Facebook
Facebook::Mónica Villarreal,rehabilitacion,6,14,4,Facebook
Facebook::Mónica Villarreal,ganador,6,10,2,Facebook
Facebook::Mónica Villarreal,creer,6,12,3,Facebook
Facebook::Mónica Villarreal,autoridad,6,0,3,Facebook
Facebook::Mónica Villarreal,sesion,6,4,2,Facebook
Facebook::Mónica Villarreal,educativo,6,14,1,Facebook
Facebook::Mónica Villarreal,mexicana,6,4,0,Facebook
Facebook::Mónica Villarreal,destacar,6,14,4,Facebook
Facebook::Mónica Villarreal,descacharrizacion,6,3,1,Facebook
Facebook::Mónica Villarreal,mar,6,6,3,Facebook
Facebook::Mónica Villarreal,valioso,6,1,2,Facebook
Facebook::Mónica Villarreal,dialogar,6,5,3,Facebook
Facebook::Mónica Villarreal,encabezado,6,14,0,Facebook
Facebook::Mónica Villarreal,concreto,6,2,4,Facebook
Facebook::Mónica Villarreal,ave,6,6,3,Facebook
Facebook::Mónica Villarreal,habitar,6,9,2,Facebook
Facebook::Mónica Villarreal,ayuntamiento,6,0,2,Facebook
Facebook::Mónica Villarreal,arbol,6,7,4,Facebook
Facebook::Mónica Villarreal,bandera,6,14,1,Facebook
Facebook::Mónica Villarreal,amigo,5,9,2,Facebook
Facebook::Mónica Villarreal,vialidad,5,2,2,Facebook
Facebook::Mónica Villarreal,comapa,5,2,2,Facebook
Facebook::Mónica Villarreal,campo,5,2,0,Facebook
Facebook::Mónica Villarreal,beneficiar,5,14,1,Facebook
Facebook::Mónica Villarreal,trofeo,5,1,3,Facebook
Facebook::Mónica Villarreal,constante,5,14,3,Facebook
Facebook::Mónica Villarreal,comprometido,5,2,3,Facebook
Facebook::Mónica Villarreal,convencido,5,6,1,Facebook
Facebook::Mónica Villarreal,abierto,5,3,3,Facebook
Facebook::Mónica Villarreal,abrir,5,6,1,Facebook
Facebook::Mónica Villarreal,recordar,5,4,2,Facebook
Facebook::Mónica Villarreal,recuerdo,5,4,0,Facebook
Facebook::Mónica Villarreal,dif,5,13,3,Facebook
Facebook::Mónica Villarreal,madero,5,5,0,Facebook
Facebook::Mónica Villarreal,merito,5,8,2,Facebook
Facebook::Mónica Villarreal,martinez,5,9,2,Facebook
Facebook::Mónica Villarreal,solidaridad,5,10,3,Facebook
Facebook::Mónica Villarreal,presidente,5,14,2,Facebook
Facebook::Mónica Villarreal,alto,5,13,0,Facebook
Facebook::Mónica Villarreal,visitante,5,3,2,Facebook
Facebook::Mónica Villarreal,impulso,5,2,1,Facebook
Facebook::Mónica Villarreal,juventud,5,13,0,Facebook
Facebook::Mónica Villarreal,ceremonia,5,13,0,Facebook
Facebook::Mónica Villarreal,control,5,14,0,Facebook
Facebook::Mónica Villarreal,formacion,5,7,3,Facebook
Facebook::Mónica Villarreal,mayo,5,10,0,Facebook
Facebook::Mónica Villarreal,infraestructura,5,14,3,Facebook
Facebook::Mónica Villarreal,album,5,4,0,Facebook
Facebook::Mónica Villarreal,seleccion,5,4,0,Facebook
Facebook::Mónica Villarreal,coordinado,5,14,0,Facebook
Facebook::Mónica Villarreal,sociedad,5,6,2,Facebook
Facebook::Mónica Villarreal,civil,5,0,0,Facebook
Facebook::Mónica Villarreal,vacheando,5,2,2,Facebook
Facebook::Mónica Villarreal,ganar,5,10,2,Facebook
Facebook::Mónica Villarreal,bache,5,2,2,Facebook
Facebook::Mónica Villarreal,trabajador,5,10,3,Facebook
Facebook::Mónica Villarreal,sostener,5,14,2,Facebook
Facebook::Mónica Villarreal,cualquiera,5,6,2,Facebook
Facebook::Mónica Villarreal,emergencia,5,0,0,Facebook
Facebook::Mónica Villarreal,movilidad,5,2,2,Facebook
Facebook::Mónica Villarreal,historico,5,6,1,Facebook
Facebook::Mónica Villarreal,liberacion,5,3,2,Facebook
Facebook::Mónica Villarreal,biodiversidad,5,3,2,Facebook
Facebook::Mónica Villarreal,triunfo,5,11,2,Facebook
Facebook::Mónica Villarreal,claudia,5,12,0,Facebook
Facebook::Mónica Villarreal,sheinbaum,5,12,0,Facebook
Facebook::Mónica Villarreal,pardo,5,11,2,Facebook
Facebook::Mónica Villarreal,pesos,5,13,3,Facebook
Facebook::Mónica Villarreal,primaria,5,14,1,Facebook
Facebook::Mónica Villarreal,expo,5,1,3,Facebook
Facebook::Mónica Villarreal,dependencia,5,0,4,Facebook
Facebook::Mónica Villarreal,nombre,5,12,2,Facebook
Facebook::Mónica Villarreal,violencia,5,1,0,Facebook
Facebook::Mónica Villarreal,distinguir,5,9,3,Facebook
Facebook::Mónica Villarreal,escoba,5,9,3,Facebook
Facebook::Mónica Villarreal,platino,5,9,3,Facebook
Facebook::Mónica Villarreal,plantel,5,14,1,Facebook
Facebook::Mónica Villarreal,fiesta,5,1,3,Facebook
Facebook::Mónica Villarreal,arenal,5,2,4,Facebook
Facebook::Mónica Villarreal,crear,4,8,4,Facebook
Facebook::Mónica Villarreal,naturaleza,4,3,2,Facebook
Facebook::Mónica Villarreal,principal,4,9,1,Facebook
Facebook::Mónica Villarreal,pintura,4,14,1,Facebook
Facebook::Mónica Villarreal,canal,4,9,1,Facebook
Facebook::Mónica Villarreal,colaboracion,4,0,5,Facebook
Facebook::Mónica Villarreal,cuarta,4,2,4,Facebook
Facebook::Mónica Villarreal,base,4,13,4,Facebook
Facebook::Mónica Villarreal,intercolonias,4,5,3,Facebook
Facebook::Mónica Villarreal,completamente,4,2,2,Facebook
Facebook::Mónica Villarreal,libro,4,3,4,Facebook
Facebook::Mónica Villarreal,rendir,4,6,3,Facebook
Facebook::Mónica Villarreal,luis,4,6,1,Facebook
Facebook::Mónica Villarreal,dental,4,2,2,Facebook
Facebook::Mónica Villarreal,respeto,4,9,4,Facebook
Facebook::Mónica Villarreal,abril,4,0,3,Facebook
Facebook::Mónica Villarreal,convivir,4,4,0,Facebook
Facebook::Mónica Villarreal,meta,4,13,2,Facebook
Facebook::Mónica Villarreal,tancol,4,2,4,Facebook
Facebook::Mónica Villarreal,aprender,4,11,3,Facebook
Facebook::Mónica Villarreal,mundo,4,11,0,Facebook
Facebook::Mónica Villarreal,necesidad,4,2,0,Facebook
Facebook::Mónica Villarreal,semana,4,4,5,Facebook
Facebook::Mónica Villarreal,espana,4,9,3,Facebook
Facebook::Mónica Villarreal,vicente,4,0,4,Facebook
Facebook::Mónica Villarreal,jose,4,0,5,Facebook
Facebook::Mónica Villarreal,ocasion,4,10,1,Facebook
Facebook::Mónica Villarreal,secretario,4,4,3,Facebook
Facebook::Mónica Villarreal,tianguis,4,10,0,Facebook
Facebook::Mónica Villarreal,acapulco,4,10,0,Facebook
Facebook::Mónica Villarreal,riqueza,4,14,4,Facebook
Facebook::Mónica Villarreal,consolidar,4,1,2,Facebook
Facebook::Mónica Villarreal,mexicano,4,4,1,Facebook
Facebook::Mónica Villarreal,evento,4,8,1,Facebook
Facebook::Mónica Villarreal,bonito,4,8,1,Facebook
Facebook::Mónica Villarreal,diversion,4,8,1,Facebook
Facebook::Mónica Villarreal,regalar,4,10,2,Facebook
Facebook::Mónica Villarreal,cabildo,4,7,3,Facebook
Facebook::Mónica Villarreal,erasmo,4,13,1,Facebook
Facebook::Mónica Villarreal,gonzalez,4,5,1,Facebook
Facebook::Mónica Villarreal,robledo,4,8,4,Facebook
Facebook::Mónica Villarreal,armando,4,7,3,Facebook
Facebook::Mónica Villarreal,hombre,4,13,5,Facebook
Facebook::Mónica Villarreal,basura,4,3,1,Facebook
Facebook::Mónica Villarreal,instalar,4,10,1,Facebook
Facebook::Mónica Villarreal,lograr,4,13,2,Facebook
Facebook::Mónica Villarreal,monica,4,3,0,Facebook
Facebook::Mónica Villarreal,significativo,4,6,3,Facebook
Facebook::Mónica Villarreal,practica,4,1,2,Facebook
Facebook::Mónica Villarreal,prevenir,4,7,3,Facebook
Facebook::Mónica Villarreal,objetivo,4,0,1,Facebook
Facebook::Mónica Villarreal,mesa,4,10,0,Facebook
Facebook::Mónica Villarreal,ordinaria,4,7,3,Facebook
Facebook::Mónica Villarreal,oficial,4,5,1,Facebook
Facebook::Mónica Villarreal,digital,4,7,3,Facebook
Facebook::Mónica Villarreal,cercano,4,2,3,Facebook
Facebook::Mónica Villarreal,conservar,4,14,0,Facebook
Facebook::Mónica Villarreal,jaiba,4,10,5,Facebook
Facebook::Mónica Villarreal,abrazo,4,11,2,Facebook
Facebook::Mónica Villarreal,recorrido,4,0,1,Facebook
Facebook::Mónica Villarreal,manana,4,10,1,Facebook
Facebook::Mónica Villarreal,querido,4,11,2,Facebook
Facebook::Mónica Villarreal,sistema,4,0,4,Facebook
Facebook::Mónica Villarreal,alevin,4,3,2,Facebook
Facebook::Mónica Villarreal,preservacion,4,6,3,Facebook
Facebook::Mónica Villarreal,pesca,4,1,4,Facebook
Facebook::Mónica Villarreal,tecnologica,4,3,2,Facebook
Facebook::Mónica Villarreal,patrimonio,4,14,0,Facebook
Facebook::Mónica Villarreal,enfermedad,4,7,1,Facebook
Facebook::Mónica Villarreal,presentar,4,10,0,Facebook
Facebook::Mónica Villarreal,ecosistema,4,3,2,Facebook
Facebook::Mónica Villarreal,marina,4,6,0,Facebook
Facebook::Mónica Villarreal,agradecimiento,4,6,3,Facebook
Facebook::Mónica Villarreal,deportiva,4,1,2,Facebook
Facebook::Mónica Villarreal,dialogos,4,2,4,Facebook
Facebook::Mónica Villarreal,morelos,4,2,4,Facebook
Facebook::Mónica Villarreal,seguimiento,4,2,0,Facebook
Facebook::Mónica Villarreal,respaldo,4,10,3,Facebook
Facebook::Mónica Villarreal,comunitario,4,1,0,Facebook
Facebook::Mónica Villarreal,instituto,4,8,2,Facebook
Facebook::Mónica Villarreal,intercambio,4,1,4,Facebook
Facebook::Mónica Villarreal,recuperar,4,14,2,Facebook
Facebook::Mónica Villarreal,requerir,4,0,1,Facebook
Facebook::Mónica Villarreal,estrategia,4,14,0,Facebook
Facebook::Mónica Villarreal,libertad,4,6,3,Facebook
Facebook::Mónica Villarreal,importancia,4,9,2,Facebook
Facebook::Mónica Villarreal,categoria,4,8,2,Facebook
Facebook::Mónica Villarreal,construccion,4,1,0,Facebook
Facebook::Mónica Villarreal,proteger,4,9,2,Facebook
Facebook::Mónica Villarreal,junio,4,1,0,Facebook
Facebook::Mónica Villarreal,capacidad,4,0,4,Facebook
Facebook::Mónica Villarreal,honores,4,14,1,Facebook
Facebook::Mónica Villarreal,justicia,4,11,1,Facebook
Facebook::Mónica Villarreal,humano,4,9,0,Facebook
Facebook::Mónica Villarreal,desempeno,4,13,5,Facebook
Facebook::Mónica Villarreal,laboral,4,6,-1,Facebook
Facebook::Mónica Villarreal,siglo,4,1,3,Facebook
Facebook::Mónica Villarreal,domingo,4,4,5,Facebook
Facebook::Mónica Villarreal,sindicato,4,10,0,Facebook
Facebook::Mónica Villarreal,hidraulico,4,2,4,Facebook
Facebook::Mónica Villarreal,respuesta,3,0,4,Facebook
Facebook::Mónica Villarreal,incorporar,3,0,4,Facebook
Facebook::Mónica Villarreal,iniciar,3,5,1,Facebook
Facebook::Mónica Villarreal,avenida,3,5,1,Facebook
Facebook::Mónica Villarreal,incluir,3,4,0,Facebook
Facebook::Mónica Villarreal,claro,3,4,3,Facebook
Facebook::Mónica Villarreal,perez,3,2,2,Facebook
Facebook::Mónica Villarreal,sentir,3,11,4,Facebook
Facebook::Mónica Villarreal,economia,3,1,2,Facebook
Facebook::Mónica Villarreal,forma,3,12,3,Facebook
Facebook::Mónica Villarreal,superior,3,13,0,Facebook
Facebook::Mónica Villarreal,pieza,3,1,3,Facebook
Facebook::Mónica Villarreal,unico,3,11,4,Facebook
Facebook::Mónica Villarreal,encontrar,3,7,4,Facebook
Facebook::Mónica Villarreal,familiar,3,4,0,Facebook
Facebook::Mónica Villarreal,red,3,14,3,Facebook
Facebook::Mónica Villarreal,jesus,3,2,4,Facebook
Facebook::Mónica Villarreal,elias,3,2,4,Facebook
Facebook::Mónica Villarreal,pina,3,2,4,Facebook
Facebook::Mónica Villarreal,general,3,10,0,Facebook
Facebook::Mónica Villarreal,carpintero,3,3,2,Facebook
Facebook::Mónica Villarreal,vivo,3,5,1,Facebook
Facebook::Mónica Villarreal,inundacion,3,9,1,Facebook
Facebook::Mónica Villarreal,puerta,3,10,0,Facebook
Facebook::Mónica Villarreal,manuel,3,12,2,Facebook
Facebook::Mónica Villarreal,promocion,3,8,0,Facebook
Facebook::Mónica Villarreal,sede,3,1,4,Facebook
Facebook::Mónica Villarreal,voz,3,1,0,Facebook
Facebook::Mónica Villarreal,lucha,3,8,1,Facebook
Facebook::Mónica Villarreal,ninez,3,8,1,Facebook
Facebook::Mónica Villarreal,festejo,3,8,1,Facebook
Facebook::Mónica Villarreal,alcalde,3,4,6,Facebook
Facebook::Mónica Villarreal,vision,3,9,2,Facebook
Facebook::Mónica Villarreal,conurbado,3,14,2,Facebook
Facebook::Mónica Villarreal,felicidades,3,8,0,Facebook
Facebook::Mónica Villarreal,invitacion,3,8,1,Facebook
Facebook::Mónica Villarreal,voluntad,3,10,3,Facebook
Facebook::Mónica Villarreal,carlos,3,4,0,Facebook
Facebook::Mónica Villarreal,empresa,3,13,2,Facebook
Facebook::Mónica Villarreal,recuperacion,3,3,3,Facebook
Facebook::Mónica Villarreal,concluir,3,14,2,Facebook
Facebook::Mónica Villarreal,sano,3,1,0,Facebook
Facebook::Mónica Villarreal,marca,3,13,2,Facebook
Facebook::Mónica Villarreal,emocional,3,13,0,Facebook
Facebook::Mónica Villarreal,aprendizaje,3,3,4,Facebook
Facebook::Mónica Villarreal,taller,3,3,4,Facebook
Facebook::Mónica Villarreal,col,3,6,1,Facebook
Facebook::Mónica Villarreal,despicadora,3,7,-1,Facebook
Facebook::Mónica Villarreal,conectar,3,3,2,Facebook
Facebook::Mónica Villarreal,cambiar,3,2,0,Facebook
Facebook::Mónica Villarreal,fuerza,3,10,3,Facebook
Facebook::Mónica Villarreal,ubicado,3,3,3,Facebook
Facebook::Mónica Villarreal,transitar,3,0,1,Facebook
Facebook::Mónica Villarreal,agua,3,3,1,Facebook
Facebook::Mónica Villarreal,temporada,3,0,1,Facebook
Facebook::Mónica Villarreal,lluvia,3,0,1,Facebook
Facebook::Mónica Villarreal,alla,3,11,0,Facebook
Facebook::Mónica Villarreal,definir,3,4,2,Facebook
Facebook::Mónica Villarreal,aprobar,3,7,3,Facebook
Facebook::Mónica Villarreal,comunicacion,3,13,4,Facebook
Facebook::Mónica Villarreal,dinamica,3,4,0,Facebook
Facebook::Mónica Villarreal,arrancar,3,5,1,Facebook
Facebook::Mónica Villarreal,partido,3,4,0,Facebook
Facebook::Mónica Villarreal,nacer,3,2,2,Facebook
Facebook::Mónica Villarreal,gracia,3,11,2,Facebook
Facebook::Mónica Villarreal,madre,3,10,3,Facebook
Facebook::Mónica Villarreal,fuerte,3,7,2,Facebook
Facebook::Mónica Villarreal,inspirar,3,8,2,Facebook
Facebook::Mónica Villarreal,bomberos,3,0,0,Facebook
Facebook::Mónica Villarreal,asimismo,3,1,1,Facebook
Facebook::Mónica Villarreal,imagen,3,14,2,Facebook
Facebook::Mónica Villarreal,lagunario,3,3,2,Facebook
Facebook::Mónica Villarreal,demostrar,3,13,0,Facebook
Facebook::Mónica Villarreal,presentacion,3,1,1,Facebook
Facebook::Mónica Villarreal,republica,3,14,1,Facebook
Facebook::Mónica Villarreal,marco,3,6,0,Facebook
Facebook::Mónica Villarreal,representante,3,11,0,Facebook
Facebook::Mónica Villarreal,innovacion,3,6,1,Facebook
Facebook::Mónica Villarreal,reflexion,3,1,1,Facebook
Facebook::Mónica Villarreal,chairel,3,6,1,Facebook
Facebook::Mónica Villarreal,proceso,3,3,3,Facebook
Facebook::Mónica Villarreal,grupo,3,13,3,Facebook
Facebook::Mónica Villarreal,ecologico,3,8,2,Facebook
Facebook::Mónica Villarreal,participante,3,1,1,Facebook
Facebook::Mónica Villarreal,informar,3,10,1,Facebook
Facebook::Mónica Villarreal,rapido,3,0,1,Facebook
Facebook::Mónica Villarreal,buscar,3,5,1,Facebook
Facebook::Mónica Villarreal,dominguez,3,8,2,Facebook
Facebook::Mónica Villarreal,felicitacion,3,8,0,Facebook
Facebook::Mónica Villarreal,descubrir,3,4,5,Facebook
Facebook::Mónica Villarreal,torneo,3,1,4,Facebook
Facebook::Mónica Villarreal,material,3,3,2,Facebook
Facebook::Mónica Villarreal,campos,3,6,3,Facebook
Facebook::Mónica Villarreal,integrante,3,10,3,Facebook
Facebook::Mónica Villarreal,maximo,3,10,0,Facebook
Facebook::Mónica Villarreal,otorgado,3,9,3,Facebook
Facebook::Mónica Villarreal,ategrus,3,9,3,Facebook
Facebook::Mónica Villarreal,excelencia,3,9,3,Facebook
Facebook::Mónica Villarreal,residuo,3,9,3,Facebook
Facebook::Mónica Villarreal,diario,3,3,0,Facebook
Facebook::Mónica Villarreal,profesional,3,13,5,Facebook
Facebook::Mónica Villarreal,obtener,3,10,3,Facebook
Facebook::Mónica Villarreal,martes,3,1,3,Facebook
Facebook::Mónica Villarreal,sabado,3,4,5,Facebook
Facebook::Mónica Villarreal,monumento,3,5,1,Facebook
Facebook::Mónica Villarreal,alcanzar,3,6,1,Facebook
Facebook::Mónica Villarreal,obtenido,3,12,3,Facebook
Facebook::Mónica Villarreal,muestra,3,1,3,Facebook
Facebook::Mónica Villarreal,dengue,3,14,0,Facebook
Facebook::Mónica Villarreal,legado,3,1,3,Facebook
Facebook::Mónica Villarreal,independencia,3,10,3,Facebook
Facebook::Mónica Villarreal,tradicion,2,9,2,Facebook
Facebook::Mónica Villarreal,miercoles,2,1,1,Facebook
Facebook::Mónica Villarreal,fauna,2,11,3,Facebook
Facebook::Mónica Villarreal,luminaria,2,0,3,Facebook
Facebook::Mónica Villarreal,favorito,2,8,3,Facebook
Facebook::Mónica Villarreal,primario,2,13,3,Facebook
Facebook::Mónica Villarreal,golfo,2,4,5,Facebook
Facebook::Mónica Villarreal,puertas,2,2,4,Facebook
Facebook::Mónica Villarreal,coloradas,2,2,4,Facebook
Facebook::Mónica Villarreal,enrique,2,12,2,Facebook
Facebook::Mónica Villarreal,palabra,2,9,-1,Facebook
Facebook::Mónica Villarreal,antonio,2,0,5,Facebook
Facebook::Mónica Villarreal,lopez,2,12,2,Facebook
Facebook::Mónica Villarreal,arte,2,1,1,Facebook
Facebook::Mónica Villarreal,echeverria,2,2,3,Facebook
Facebook::Mónica Villarreal,respaldar,2,14,1,Facebook
Facebook::Mónica Villarreal,viernes,2,10,0,Facebook
Facebook::Mónica Villarreal,bucal,2,2,3,Facebook
Facebook::Mónica Villarreal,jugar,2,3,4,Facebook
Facebook::Mónica Villarreal,premio,2,8,2,Facebook
Facebook::Mónica Villarreal,cumplir,2,10,1,Facebook
Facebook::Mónica Villarreal,asistir,2,8,2,Facebook
Facebook::Mónica Villarreal,desear,2,4,6,Facebook
Facebook::Mónica Villarreal,reparacion,2,2,2,Facebook
Facebook::Mónica Villarreal,fumigacion,2,3,1,Facebook
Facebook::Mónica Villarreal,distrito,2,14,2,Facebook
Facebook::Mónica Villarreal,saludable,2,3,1,Facebook
Facebook::Mónica Villarreal,clave,2,6,2,Facebook
Facebook::Mónica Villarreal,temprano,2,9,1,Facebook
Facebook::Mónica Villarreal,riesgo,2,0,1,Facebook
Facebook::Mónica Villarreal,titular,2,10,0,Facebook
Facebook::Mónica Villarreal,inauguracion,2,10,0,Facebook
Facebook::Mónica Villarreal,destino,2,4,5,Facebook
Facebook::Mónica Villarreal,gol,2,12,0,Facebook
Facebook::Mónica Villarreal,acuerdo,2,4,1,Facebook
Facebook::Mónica Villarreal,conectividad,2,13,1,Facebook
Facebook::Mónica Villarreal,etapa,2,3,1,Facebook
Facebook::Mónica Villarreal,auditorio,2,8,1,Facebook
Facebook::Mónica Villarreal,emprendedor,2,1,2,Facebook
Facebook::Mónica Villarreal,prioridad,2,7,1,Facebook
Facebook::Mónica Villarreal,pueblo,2,11,5,Facebook
Facebook::Mónica Villarreal,mercado,2,8,4,Facebook
Facebook::Mónica Villarreal,sorpresa,2,8,1,Facebook
Facebook::Mónica Villarreal,pronto,2,11,3,Facebook
Facebook::Mónica Villarreal,fundacion,2,8,4,Facebook
Facebook::Mónica Villarreal,motor,2,14,4,Facebook
Facebook::Mónica Villarreal,negocio,2,10,4,Facebook
Facebook::Mónica Villarreal,puebla,2,5,2,Facebook
Facebook::Mónica Villarreal,moscu,2,0,4,Facebook
Facebook::Mónica Villarreal,pedir,2,11,0,Facebook
Facebook::Mónica Villarreal,ayuda,2,12,4,Facebook
Facebook::Mónica Villarreal,personal,2,0,2,Facebook
Facebook::Mónica Villarreal,rejilla,2,9,1,Facebook
Facebook::Mónica Villarreal,oaxaca,2,7,3,Facebook
Facebook::Mónica Villarreal,finalidad,2,0,3,Facebook
Facebook::Mónica Villarreal,peaton,2,9,1,Facebook
Facebook::Mónica Villarreal,encharcamiento,2,9,1,Facebook
Facebook::Mónica Villarreal,terminar,2,11,3,Facebook
Facebook::Mónica Villarreal,penal,2,10,4,Facebook
Facebook::Mónica Villarreal,cierre,2,5,3,Facebook
Facebook::Mónica Villarreal,pagina,2,10,1,Facebook
Facebook::Mónica Villarreal,ana,2,5,3,Facebook
Facebook::Mónica Villarreal,maria,2,8,4,Facebook
Facebook::Mónica Villarreal,pedro,2,10,1,Facebook
Facebook::Mónica Villarreal,emblematico,2,3,2,Facebook
Facebook::Mónica Villarreal,armas,2,12,3,Facebook
Facebook::Mónica Villarreal,enviar,2,0,4,Facebook
Facebook::Mónica Villarreal,noche,2,4,0,Facebook
Facebook::Mónica Villarreal,balon,2,4,0,Facebook
Facebook::Mónica Villarreal,mascota,2,8,2,Facebook
Facebook::Mónica Villarreal,venir,2,4,0,Facebook
Facebook::Mónica Villarreal,padre,2,4,0,Facebook
Facebook::Mónica Villarreal,confianza,2,2,0,Facebook
Facebook::Mónica Villarreal,estadio,2,10,2,Facebook
Facebook::Mónica Villarreal,pase,2,10,2,Facebook
Facebook::Mónica Villarreal,mama,2,10,3,Facebook
Facebook::Mónica Villarreal,inundado,2,7,2,Facebook
Facebook::Mónica Villarreal,preventivo,2,0,1,Facebook
Facebook::Mónica Villarreal,poblacion,2,0,1,Facebook
Facebook::Mónica Villarreal,reportar,2,7,2,Facebook
Facebook::Mónica Villarreal,san,2,10,1,Facebook
Facebook::Mónica Villarreal,conade,2,13,0,Facebook
Facebook::Mónica Villarreal,periodista,2,6,-1,Facebook
Facebook::Mónica Villarreal,negro,2,3,1,Facebook
Facebook::Mónica Villarreal,liberar,2,7,2,Facebook
Facebook::Mónica Villarreal,cantidad,2,6,-1,Facebook
Facebook::Mónica Villarreal,sembrar,2,4,6,Facebook
Facebook::Mónica Villarreal,reflejo,2,9,3,Facebook
Facebook::Mónica Villarreal,institucion,2,11,1,Facebook
Facebook::Mónica Villarreal,felicitar,2,8,2,Facebook
Facebook::Mónica Villarreal,enhorabuena,2,8,0,Facebook
Facebook::Mónica Villarreal,acto,2,6,3,Facebook
Facebook::Mónica Villarreal,servir,2,6,2,Facebook
Facebook::Mónica Villarreal,soberania,2,12,0,Facebook
Facebook::Mónica Villarreal,invaluable,2,6,2,Facebook
Facebook::Mónica Villarreal,investigacion,2,5,3,Facebook
Facebook::Mónica Villarreal,academico,2,1,2,Facebook
Facebook::Mónica Villarreal,crecimiento,2,1,2,Facebook
Facebook::Mónica Villarreal,propuesta,2,6,1,Facebook
Facebook::Mónica Villarreal,guia,2,3,2,Facebook
Facebook::Mónica Villarreal,esperanza,2,6,1,Facebook
Facebook::Mónica Villarreal,memoria,2,5,3,Facebook
Facebook::Mónica Villarreal,museo,2,5,3,Facebook
Facebook::Mónica Villarreal,directora,2,7,3,Facebook
Facebook::Mónica Villarreal,estrategico,2,6,1,Facebook
Facebook::Mónica Villarreal,alumno,2,1,0,Facebook
Facebook::Mónica Villarreal,conservacion,2,1,4,Facebook
Facebook::Mónica Villarreal,firme,2,3,0,Facebook
Facebook::Mónica Villarreal,decision,2,12,3,Facebook
Facebook::Mónica Villarreal,instalacion,2,4,3,Facebook
Facebook::Mónica Villarreal,infonavit,2,11,5,Facebook
Facebook::Mónica Villarreal,jefe,2,11,3,Facebook
Facebook::Mónica Villarreal,elegir,2,10,1,Facebook
Facebook::Mónica Villarreal,peticion,2,2,4,Facebook
Facebook::Mónica Villarreal,actuar,2,9,0,Facebook
Facebook::Mónica Villarreal,situacion,2,0,1,Facebook
Facebook::Mónica Villarreal,transito,2,0,2,Facebook
Facebook::Mónica Villarreal,roma,2,7,3,Facebook
Facebook::Mónica Villarreal,inicio,2,10,0,Facebook
Facebook::Mónica Villarreal,jardin,2,6,3,Facebook
Facebook::Mónica Villarreal,artes,2,3,2,Facebook
Facebook::Mónica Villarreal,fomentar,2,5,3,Facebook
Facebook::Mónica Villarreal,automovil,2,7,2,Facebook
Facebook::Mónica Villarreal,presidencia,2,8,2,Facebook
Facebook::Mónica Villarreal,transparencia,2,7,2,Facebook
Facebook::Mónica Villarreal,fotografico,2,6,3,Facebook
Facebook::Mónica Villarreal,especialista,2,9,2,Facebook
Facebook::Mónica Villarreal,tarea,2,14,3,Facebook
Facebook::Mónica Villarreal,cities,2,7,4,Facebook
Facebook::Mónica Villarreal,world,2,2,0,Facebook
Facebook::Mónica Villarreal,apertura,2,0,5,Facebook
Facebook::Mónica Villarreal,cifra,2,14,0,Facebook
Facebook::Mónica Villarreal,leon,2,8,3,Facebook
Facebook::Mónica Villarreal,eficiente,2,0,4,Facebook
Facebook::Mónica Villarreal,operativo,2,0,4,Facebook
Facebook::Mónica Villarreal,victoria,2,11,0,Facebook
Facebook::Mónica Villarreal,presente,2,4,5,Facebook
Facebook::Mónica Villarreal,creacion,2,6,0,Facebook
Facebook::Mónica Villarreal,impacto,2,11,2,Facebook
Facebook::Mónica Villarreal,oficina,2,10,1,Facebook
Facebook::Mónica Villarreal,adecuado,2,3,3,Facebook
Facebook::Mónica Villarreal,sentido,2,10,4,Facebook
Facebook::Mónica Villarreal,asociacion,2,4,2,Facebook
Facebook::Mónica Villarreal,mujeres,2,8,0,Facebook
Facebook::Mónica Villarreal,expresion,2,6,-1,Facebook
Facebook::Mónica Villarreal,impulsado,2,3,0,Facebook
Facebook::Mónica Villarreal,tecnica,2,8,2,Facebook
Facebook::Mónica Villarreal,mejora,2,14,3,Facebook
Facebook::Mónica Villarreal,matamoros,2,5,0,Facebook
Facebook::Mónica Villarreal,futbolero,2,1,1,Facebook
Facebook::Mónica Villarreal,funcionamiento,2,3,3,Facebook
Facebook::Mónica Villarreal,vengar,2,12,0,Facebook
Facebook::Mónica Villarreal,denuncia,2,13,4,Facebook
Facebook::Mónica Villarreal,completar,2,8,1,Facebook
Facebook::Mónica Villarreal,sueno,2,10,3,Facebook
Facebook::Mónica Villarreal,llegar,2,10,1,Facebook
Facebook::Mónica Villarreal,adan,2,12,2,Facebook
Facebook::Mónica Villarreal,aficionado,2,4,0,Facebook
Facebook::Mónica Villarreal,rosa,2,9,2,Facebook
Facebook::Mónica Villarreal,agenda,2,1,1,Facebook
Facebook::Mónica Villarreal,deber,2,11,1,Facebook
Facebook::Mónica Villarreal,frente,2,9,1,Facebook
Facebook::Mónica Villarreal,omar,2,11,1,Facebook
Facebook::Mónica Villarreal,visita,2,0,3,Facebook
Facebook::Mónica Villarreal,responder,2,13,4,Facebook
Facebook::Mónica Villarreal,carmen,2,2,4,Facebook
Facebook::Mónica Villarreal,regional,2,14,4,Facebook
Facebook::Mónica Villarreal,retirado,2,4,0,Facebook
Facebook::Mónica Villarreal,tonelada,2,3,1,Facebook
Facebook::Mónica Villarreal,desecho,2,3,1,Facebook
Facebook::Mónica Villarreal,llanta,2,3,1,Facebook
Facebook::Mónica Villarreal,renovacion,2,14,2,Facebook
Facebook::Mónica Villarreal,pinos,2,14,2,Facebook
Facebook::Mónica Villarreal,personaje,2,12,0,Facebook
Facebook::Mónica Villarreal,club,2,10,5,Facebook
Facebook::Mónica Villarreal,bailes,1,1,1,Facebook
Facebook::Mónica Villarreal,musica,1,1,1,Facebook
Facebook::Mónica Villarreal,baile,1,8,1,Facebook
Facebook::Mónica Villarreal,bello,1,8,0,Facebook
Facebook::Mónica Villarreal,metro,1,11,3,Facebook
Facebook::Mónica Villarreal,alumbrado,1,14,3,Facebook
Facebook::Mónica Villarreal,reforzar,1,7,3,Facebook
Facebook::Mónica Villarreal,turista,1,8,3,Facebook
Facebook::Mónica Villarreal,bacheo,1,5,1,Facebook
Facebook::Mónica Villarreal,municipales,1,7,1,Facebook
Facebook::Mónica Villarreal,estudiante,1,5,3,Facebook
Facebook::Mónica Villarreal,totalmente,1,3,4,Facebook
Facebook::Mónica Villarreal,ahorro,1,4,3,Facebook
Facebook::Mónica Villarreal,real,1,13,2,Facebook
Facebook::Mónica Villarreal,billete,1,11,4,Facebook
Facebook::Mónica Villarreal,excelente,1,2,1,Facebook
Facebook::Mónica Villarreal,piso,1,11,4,Facebook
Facebook::Mónica Villarreal,cafe,1,6,1,Facebook
Facebook::Mónica Villarreal,hijas,1,1,1,Facebook
Facebook::Mónica Villarreal,monterrey,1,5,2,Facebook
Facebook::Mónica Villarreal,julio,1,4,2,Facebook
Facebook::Mónica Villarreal,rivera,1,9,1,Facebook
Facebook::Mónica Villarreal,champayan,1,9,1,Facebook
Facebook::Mónica Villarreal,cascajal,1,0,5,Facebook
Facebook::Mónica Villarreal,desazolve,1,9,1,Facebook
Facebook::Mónica Villarreal,cielo,1,3,3,Facebook
Facebook::Mónica Villarreal,prioritario,1,7,3,Facebook
Facebook::Mónica Villarreal,ofrecer,1,3,2,Facebook
Facebook::Mónica Villarreal,gastronomia,1,8,4,Facebook
Facebook::Mónica Villarreal,tierra,1,6,2,Facebook
Facebook::Mónica Villarreal,ojo,1,4,6,Facebook
Facebook::Mónica Villarreal,fifa,1,12,0,Facebook
Facebook::Mónica Villarreal,admiracion,1,9,4,Facebook
Facebook::Mónica Villarreal,convenio,1,1,2,Facebook
Facebook::Mónica Villarreal,mostrar,1,13,4,Facebook
Facebook::Mónica Villarreal,viva,1,12,0,Facebook
Facebook::Mónica Villarreal,facil,1,4,1,Facebook
Facebook::Mónica Villarreal,conductor,1,9,4,Facebook
Facebook::Mónica Villarreal,especialmente,1,6,0,Facebook
Facebook::Mónica Villarreal,super,1,8,0,Facebook
Facebook::Mónica Villarreal,merecer,1,10,3,Facebook
Facebook::Mónica Villarreal,regalo,1,8,1,Facebook
Facebook::Mónica Villarreal,mercadito,1,1,1,Facebook
Facebook::Mónica Villarreal,huasteco,1,1,1,Facebook
Facebook::Mónica Villarreal,celebracion,1,8,1,Facebook
Facebook::Mónica Villarreal,origen,1,9,-1,Facebook
Facebook::Mónica Villarreal,cine,1,14,0,Facebook
Facebook::Mónica Villarreal,juego,1,9,2,Facebook
Facebook::Mónica Villarreal,saludo,1,11,2,Facebook
Facebook::Mónica Villarreal,queretaro,1,5,2,Facebook
Facebook::Mónica Villarreal,ruta,1,14,4,Facebook
Facebook::Mónica Villarreal,aprovechar,1,14,3,Facebook
Facebook::Mónica Villarreal,listo,1,10,0,Facebook
Facebook::Mónica Villarreal,justo,1,11,5,Facebook
Facebook::Mónica Villarreal,integral,1,3,4,Facebook
Facebook::Mónica Villarreal,activo,1,13,4,Facebook
Facebook::Mónica Villarreal,guadalupe,1,11,5,Facebook
Facebook::Mónica Villarreal,santiago,1,2,3,Facebook
Facebook::Mónica Villarreal,pensar,1,11,1,Facebook
Facebook::Mónica Villarreal,pago,1,10,1,Facebook
Facebook::Mónica Villarreal,salir,1,11,0,Facebook
Facebook::Mónica Villarreal,reciente,1,13,1,Facebook
Facebook::Mónica Villarreal,diariamente,1,7,0,Facebook
Facebook::Mónica Villarreal,liga,1,10,4,Facebook
Facebook::Mónica Villarreal,enfrentar,1,11,1,Facebook
Facebook::Mónica Villarreal,cual,1,10,2,Facebook
Facebook::Mónica Villarreal,doble,1,10,2,Facebook
Facebook::Mónica Villarreal,anunciar,1,10,2,Facebook
Facebook::Mónica Villarreal,brava,1,10,5,Facebook
Facebook::Mónica Villarreal,fallar,1,11,4,Facebook
Facebook::Mónica Villarreal,luz,1,3,1,Facebook
Facebook::Mónica Villarreal,amar,1,4,0,Facebook
Facebook::Mónica Villarreal,resolver,1,12,0,Facebook
Facebook::Mónica Villarreal,rezago,1,5,1,Facebook
Facebook::Mónica Villarreal,hogar,1,0,2,Facebook
Facebook::Mónica Villarreal,madrugada,1,0,1,Facebook
Facebook::Mónica Villarreal,elemento,1,7,2,Facebook
Facebook::Mónica Villarreal,multiple,1,0,0,Facebook
Facebook::Mónica Villarreal,report,1,7,0,Facebook
Facebook::Mónica Villarreal,registrado,1,0,1,Facebook
Facebook::Mónica Villarreal,corto,1,0,1,Facebook
Facebook::Mónica Villarreal,circuito,1,0,1,Facebook
Facebook::Mónica Villarreal,auxilio,1,0,-1,Facebook
Facebook::Mónica Villarreal,vehiculo,1,7,2,Facebook
Facebook::Mónica Villarreal,corriente,1,7,2,Facebook
Facebook::Mónica Villarreal,accidente,1,7,2,Facebook
Facebook::Mónica Villarreal,vehicular,1,0,2,Facebook
Facebook::Mónica Villarreal,vigilancia,1,7,2,Facebook
Facebook::Mónica Villarreal,evitar,1,7,2,Facebook
Facebook::Mónica Villarreal,calzada,1,10,1,Facebook
Facebook::Mónica Villarreal,perdida,1,7,1,Facebook
Facebook::Mónica Villarreal,diferencia,1,2,4,Facebook
Facebook::Mónica Villarreal,vial,1,5,1,Facebook
Facebook::Mónica Villarreal,jamas,1,11,4,Facebook
Facebook::Mónica Villarreal,tranquilidad,1,3,2,Facebook
Facebook::Mónica Villarreal,movimiento,1,10,3,Facebook
Facebook::Mónica Villarreal,defensa,1,6,3,Facebook
Facebook::Mónica Villarreal,unido,1,4,6,Facebook
Facebook::Mónica Villarreal,organizacion,1,4,4,Facebook
Facebook::Mónica Villarreal,director,1,0,5,Facebook
Facebook::Mónica Villarreal,certificado,1,7,-1,Facebook
Facebook::Mónica Villarreal,frank,1,5,3,Facebook
Facebook::Mónica Villarreal,tocar,1,11,2,Facebook
Facebook::Mónica Villarreal,derechos,1,4,1,Facebook
Facebook::Mónica Villarreal,humanos,1,4,1,Facebook
Facebook::Mónica Villarreal,sanchez,1,8,1,Facebook
Facebook::Mónica Villarreal,aeropuerto,1,13,4,Facebook
Facebook::Mónica Villarreal,empresario,1,14,1,Facebook
Facebook::Mónica Villarreal,juvenil,1,6,1,Facebook
Facebook::Mónica Villarreal,ecologia,1,8,2,Facebook
Facebook::Mónica Villarreal,andrea,1,12,1,Facebook
Facebook::Mónica Villarreal,jorge,1,1,4,Facebook
Facebook::Mónica Villarreal,tomar,1,4,2,Facebook
Facebook::Mónica Villarreal,recinto,1,10,3,Facebook
Facebook::Mónica Villarreal,solicitar,1,7,3,Facebook
Facebook::Mónica Villarreal,fondo,1,11,6,Facebook
Facebook::Mónica Villarreal,ejercicio,1,0,4,Facebook
Facebook::Mónica Villarreal,hablar,1,11,0,Facebook
Facebook::Mónica Villarreal,fecha,1,10,0,Facebook
Facebook::Mónica Villarreal,caso,1,10,4,Facebook
Facebook::Mónica Villarreal,mosquito,1,3,1,Facebook
Facebook::Mónica Villarreal,mayoria,1,11,4,Facebook
Facebook::Mónica Villarreal,edad,1,6,3,Facebook
Facebook::Mónica Villarreal,merecido,1,8,2,Facebook
Facebook::Mónica Villarreal,camioneta,1,6,1,Facebook
Facebook::Mónica Villarreal,confiar,1,11,4,Facebook
Facebook::Mónica Villarreal,afectado,1,4,4,Facebook
Facebook::Mónica Villarreal,puente,1,4,3,Facebook
Facebook::Mónica Villarreal,marcar,1,10,4,Facebook
Facebook::Mónica Villarreal,organizado,1,4,3,Facebook
Facebook::Mónica Villarreal,veracruz,1,5,2,Facebook
Facebook::Mónica Villarreal,texas,1,6,-1,Facebook
Facebook::Mónica Villarreal,registrar,1,5,1,Facebook
Facebook::Mónica Villarreal,palacio,1,12,0,Facebook
Facebook::Mónica Villarreal,politica,1,9,2,Facebook
Facebook::Mónica Villarreal,humanista,1,2,0,Facebook
Facebook::Mónica Villarreal,sitio,1,10,1,Facebook
Facebook::Mónica Villarreal,escolar,1,4,3,Facebook
Facebook::Mónica Villarreal,delito,1,11,4,Facebook
Facebook::Mónica Villarreal,ambiental,1,1,4,Facebook
Facebook::Mónica Villarreal,artistico,1,1,1,Facebook
Facebook::Mónica Villarreal,producto,1,1,2,Facebook
Facebook::Mónica Villarreal,inversion,1,5,1,Facebook
Facebook::Mónica Villarreal,continuo,1,13,5,Facebook
Facebook::Mónica Villarreal,vocacion,1,5,3,Facebook
Facebook::Mónica Villarreal,bienvenido,1,1,4,Facebook
Facebook::Mónica Villarreal,entrada,1,3,4,Facebook
Facebook::Mónica Villarreal,ven,1,3,4,Facebook
Facebook::Mónica Villarreal,rojo,1,13,5,Facebook
Facebook::Mónica Villarreal,papel,1,5,3,Facebook
Facebook::Mónica Villarreal,union,1,1,0,Facebook
Facebook::Mónica Villarreal,millon,1,12,0,Facebook
Facebook::Mónica Villarreal,desarrollar,1,4,2,Facebook
Facebook::Mónica Villarreal,danza,1,1,1,Facebook
Facebook::Mónica Villarreal,transporte,1,12,-1,Facebook
Facebook::Mónica Villarreal,detalle,1,10,0,Facebook
Facebook::Mónica Villarreal,bolsa,1,13,3,Facebook
Facebook::Mónica Villarreal,esquina,1,2,4,Facebook
Facebook::Mónica Villarreal,olimpiada,1,13,0,Facebook
Facebook::Mónica Villarreal,karate,1,4,2,Facebook
Facebook::Mónica Villarreal,asociado,1,12,3,Facebook
Facebook::Mónica Villarreal,existir,1,10,1,Facebook
Facebook::Mónica Villarreal,sala,1,6,1,Facebook
Facebook::Mónica Villarreal,informativo,1,1,1,Facebook
Facebook::Mónica Villarreal,solucion,1,14,2,Facebook
Facebook::Mónica Villarreal,cuarto,1,4,0,Facebook
Facebook::Mónica Villarreal,telefono,1,7,2,Facebook
Facebook::Mónica Villarreal,zacil,1,1,1,Facebook
Facebook::Mónica Villarreal,monicavillarreal,1,3,0,Facebook
Facebook::Mónica Villarreal,realidad,1,6,2,Facebook
Facebook::Mónica Villarreal,convertir,1,6,2,Facebook
Facebook::Mónica Villarreal,cocodrilo,1,0,1,Facebook
Facebook::Mónica Villarreal,conocido,1,11,0,Facebook
Facebook::Mónica Villarreal,cuerpo,1,3,1,Facebook
Facebook::Mónica Villarreal,manejo,1,11,1,Facebook
Facebook::Mónica Villarreal,aire,1,9,2,Facebook
Facebook::Mónica Villarreal,federal,1,12,1,Facebook
Facebook::Mónica Villarreal,encabezar,1,14,0,Facebook
Facebook::Mónica Villarreal,transparente,1,11,5,Facebook
Facebook::Mónica Villarreal,retirar,1,7,0,Facebook
Facebook::Mónica Villarreal,objeto,1,3,1,Facebook
Facebook::Mónica Villarreal,medida,1,7,1,Facebook
Facebook::Mónica Villarreal,hija,1,8,2,Facebook
Facebook::Mónica Villarreal,hijo,1,12,4,Facebook
Facebook::Mónica Villarreal,artista,1,9,2,Facebook
Facebook::Mónica Villarreal,alfredo,1,10,0,Facebook
Facebook::Mónica Villarreal,increible,1,8,2,Facebook
Facebook::Mónica Villarreal,boleto,1,10,2,Facebook
Facebook::Mónica Villarreal,like,1,10,5,Facebook
Facebook::Mónica Villarreal,publicacion,1,10,1,Facebook
Facebook::Mónica Villarreal,lunes,1,3,1,Facebook
Facebook::Mónica Villarreal,hermano,1,11,1,Facebook
Facebook::Mónica Villarreal,privado,1,4,2,Facebook
Facebook::Mónica Villarreal,voluntario,1,0,4,Facebook
Facebook::Mónica Villarreal,nuevamente,1,13,4,Facebook
Facebook::Nancy Alvarado,marin,1,0,5,Facebook
Facebook::Nancy Alvarado,venir,1,4,0,Facebook
Facebook::Nancy Alvarado,cocodrilo,1,0,1,Facebook
Facebook::Nancy Alvarado,andar,1,9,0,Facebook
Facebook::Nancy Alvarado,parque,1,14,4,Facebook
Facebook::Nancy Alvarado,urbano,1,14,2,Facebook
Facebook::Nancy Pando,excelente,2,2,1,Facebook
Facebook::Nancy Pando,feliz,1,8,1,Facebook
Facebook::Nancy Pando,dia,1,6,0,Facebook
Facebook::Nancy Pando,programa,1,2,3,Facebook
Facebook::Nanda Abud,felicidades,1,8,0,Facebook
Facebook::Nanda Abud,presidenta,1,8,0,Facebook
Facebook::Nanda Abud,querer,1,11,0,Facebook
Facebook::Nanda Abud,mexico,1,12,0,Facebook
Facebook::Nanda Abud,seleccion,1,4,0,Facebook
Facebook::Noe Castillo,saludos,1,11,2,Facebook
Facebook::Noe Castillo,amigo,1,9,2,Facebook
Facebook::Noe Castillo,presidenta,1,8,0,Facebook
Facebook::Noe Castillo,monica,1,3,0,Facebook
Facebook::Noe Castillo,villarreal,1,3,0,Facebook
Facebook::Noe Castillo,excelente,1,2,1,Facebook
Facebook::Nora Ale,gracias,3,8,0,Facebook
Facebook::Nora Ale,bonito,2,8,1,Facebook
Facebook::Nora Ale,excelente,2,2,1,Facebook
Facebook::Nora Ale,felicidades,1,8,0,Facebook
Facebook::Nora Ale,alcaldesa,1,8,0,Facebook
Facebook::Nora Ale,video,1,11,2,Facebook
Facebook::Nora Ale,programa,1,2,3,Facebook
Facebook::Nora Ale,presidenta,1,8,0,Facebook
Facebook::Nora Ale,impulsar,1,1,2,Facebook
Facebook::Nora Ale,economia,1,1,2,Facebook
Facebook::Nora Ale,local,1,1,2,Facebook
Facebook::Nora Ale,marca,1,13,2,Facebook
Facebook::Nora Ale,historico,1,6,1,Facebook
Facebook::Nora Ale,felicidad,1,8,0,Facebook
Facebook::Nora Ale,accion,1,2,0,Facebook
Facebook::Nora Ale,felicitacion,1,8,0,Facebook
Facebook::Nora Ale,deportista,1,13,0,Facebook
Facebook::Nora Ale,gente,1,6,2,Facebook
Facebook::Nora Ale,espacio,1,1,0,Facebook
Facebook::Nora Ale,emprendedor,1,1,2,Facebook
Facebook::Noris Vargas,recuerdo,1,4,0,Facebook
Facebook::Noris Vargas,asistir,1,8,2,Facebook
Facebook::Noris Vargas,inauguracion,1,10,0,Facebook
Facebook::Noris Vargas,azteca,1,4,0,Facebook
Facebook::Noris Vargas,mundial,1,4,0,Facebook
Facebook::Noris Vargas,experiencia,1,1,4,Facebook
Facebook::Noris Vargas,padrisimo,1,4,0,Facebook
Facebook::Norma Mendoza,excelente,2,2,1,Facebook
Facebook::Norma Mendoza,presidenta,2,8,0,Facebook
Facebook::Norma Mendoza,marin,1,0,5,Facebook
Facebook::Norma Mendoza,equipo,1,13,3,Facebook
Facebook::Norma Mendoza,lic,1,8,0,Facebook
Facebook::Norma Mendoza,monica,1,3,0,Facebook
Facebook::Norma Mendoza,felicidad,1,8,0,Facebook
Facebook::Norma Salinas Romero,gracias,1,8,0,Facebook
Facebook::Norma Salinas Romero,presidente,1,14,2,Facebook
Facebook::Norma Salinas Romero,armando,1,7,3,Facebook
Facebook::Norma Salinas Romero,viva,1,12,0,Facebook
Facebook::Norma Salinas Romero,altamira,1,5,0,Facebook
Facebook::Norma Salinas Romero,seguir,1,2,0,Facebook
Facebook::Norma Salinas Romero,ciudad,1,13,1,Facebook
Facebook::Norma Salinas Romero,saludo,1,11,2,Facebook
Facebook::Norma Salinas Romero,bendicion,1,8,0,Facebook
Facebook::Norma Salinas Romero,monica,1,3,0,Facebook
Facebook::Norma Salinas Romero,villareal,1,8,0,Facebook
Facebook::Ofelia Cantu,felicidad,1,8,0,Facebook
Facebook::Ofelia Cantu,ganador,1,10,2,Facebook
Facebook::Ofelia Cantu,hermoso,1,8,0,Facebook
Facebook::Ofelia Cantu,quedar,1,11,0,Facebook
Facebook::Ofelia Cantu,gob,1,3,0,Facebook
Facebook::Ofelia Cantu,gracias,1,8,0,Facebook
Facebook::Omar Castañón DH,zona,1,0,1,Facebook
Facebook::Omar Castañón DH,sur,1,14,2,Facebook
Facebook::Omar Castañón DH,tamaulipas,1,5,1,Facebook
Facebook::Omar Castañón DH,sede,1,1,4,Facebook
Facebook::Omar Castañón DH,evento,1,8,1,Facebook
Facebook::Omar Coronado,excelente,5,2,1,Facebook
Facebook::Omar Coronado,super,1,8,0,Facebook
Facebook::Omar Coronado,activo,1,13,4,Facebook
Facebook::Omar Coronado,reunion,1,1,2,Facebook
Facebook::Orlando Santiago,noticia,1,11,6,Facebook
Facebook::Orlando Santiago,deber,1,11,1,Facebook
Facebook::Orlando Santiago,normal,1,11,0,Facebook
Facebook::Orlando Santiago,equipo,1,13,3,Facebook
Facebook::Orlando Santiago,necesario,1,0,3,Facebook
Facebook::Ortiz Lorena,excelente,5,2,1,Facebook
Facebook::Ortiz Lorena,ceremonia,2,13,0,Facebook
Facebook::Ortiz Lorena,puebla,2,5,2,Facebook
Facebook::Ortiz Lorena,programa,1,2,3,Facebook
Facebook::Ortiz Lorena,impulsar,1,1,2,Facebook
Facebook::Ortiz Lorena,emprendedor,1,1,2,Facebook
Facebook::Ortiz Lorena,apoyo,1,2,2,Facebook
Facebook::Ortiz Lorena,despicadora,1,7,-1,Facebook
Facebook::Ortiz Lorena,bello,1,8,0,Facebook
Facebook::Ortiz Lorena,puerto,1,8,0,Facebook
Facebook::Ortiz Lorena,gente,1,6,2,Facebook
Facebook::Ortiz Lorena,alcaldesa,1,8,0,Facebook
Facebook::Ortiz Lorena,gracias,1,8,0,Facebook
Facebook::Ortiz Lorena,vista,1,14,1,Facebook
Facebook::Ortiz Lorena,gobernador,1,14,1,Facebook
Facebook::Pabel Robles,cuidado,1,3,2,Facebook
Facebook::Pabel Robles,naturaleza,1,3,2,Facebook
Facebook::Pabel Robles,importante,1,13,0,Facebook
Facebook::Pabel Robles,temprano,1,9,1,Facebook
Facebook::Pabel Robles,edad,1,6,3,Facebook
Facebook::Pabel Robles,nino,1,8,1,Facebook
Facebook::Pabel Robles,garantizar,1,0,3,Facebook
Facebook::Pabel Robles,conservacion,1,1,4,Facebook
Facebook::Pabel Robles,recurso,1,4,3,Facebook
Facebook::Pabel Robles,natural,1,3,2,Facebook
Facebook::Pabel Robles,futuro,1,13,1,Facebook
Facebook::Pabel Robles,felicidad,1,8,0,Facebook
Facebook::Pabel Robles,lic,1,8,0,Facebook
Facebook::Pabel Robles,monica,1,3,0,Facebook
Facebook::Pabel Robles,excelente,1,2,1,Facebook
Facebook::Pabel Robles,saludos,1,11,2,Facebook
Facebook::Pablo Kolyma,ciudad,2,13,1,Facebook
Facebook::Pablo Kolyma,joven,1,13,0,Facebook
Facebook::Pablo Kolyma,espanol,1,0,-1,Facebook
Facebook::Pablo Kolyma,afuera,1,4,4,Facebook
Facebook::Pablo Kolyma,mes,1,4,3,Facebook
Facebook::Pablo Kolyma,agradable,1,14,3,Facebook
Facebook::Pablo Kolyma,hablar,1,11,0,Facebook
Facebook::Pako Zuñiga,felicidad,1,8,0,Facebook
Facebook::Pako Zuñiga,campeon,1,13,0,Facebook
Facebook::Pako Zuñiga,gracia,1,11,2,Facebook
Facebook::Pako Zuñiga,alcaldesa,1,8,0,Facebook
Facebook::Pako Zuñiga,apoyo,1,2,2,Facebook
Facebook::Pako Zuñiga,deporte,1,2,1,Facebook
Facebook::Paola Delsol,hermoso,2,8,0,Facebook
Facebook::Paola Delsol,padre,2,4,0,Facebook
Facebook::Paola Delsol,evento,1,8,1,Facebook
Facebook::Paola Delsol,padrisimo,1,4,0,Facebook
Facebook::Paola Delsol,excelente,1,2,1,Facebook
Facebook::Paris Sodi Ramos,basura,4,3,1,Facebook
Facebook::Paris Sodi Ramos,calle,2,9,1,Facebook
Facebook::Paris Sodi Ramos,pasar,2,11,3,Facebook
Facebook::Paris Sodi Ramos,comunidad,1,3,0,Facebook
Facebook::Paris Sodi Ramos,deber,1,11,1,Facebook
Facebook::Paris Sodi Ramos,contribuir,1,3,1,Facebook
Facebook::Paris Sodi Ramos,tirar,1,9,1,Facebook
Facebook::Paris Sodi Ramos,limpio,1,7,0,Facebook
Facebook::Paris Sodi Ramos,casa,1,3,1,Facebook
Facebook::Paris Sodi Ramos,recolector,1,9,1,Facebook
Facebook::Paris Sodi Ramos,dejar,1,9,0,Facebook
Facebook::Paris Sodi Ramos,dia,1,6,0,Facebook
Facebook::Paris Sodi Ramos,animal,1,8,2,Facebook
Facebook::Paris Sodi Ramos,persona,1,4,3,Facebook
Facebook::Paris Sodi Ramos,buscar,1,5,1,Facebook
Facebook::Paris Sodi Ramos,favor,1,11,5,Facebook
Facebook::Paris Sodi Ramos,cultura,1,1,1,Facebook
Facebook::Paris Sodi Ramos,limpieza,1,3,3,Facebook
Facebook::Patito Sanchez,excelente,8,2,1,Facebook
Facebook::Patito Sanchez,licenciada,5,2,1,Facebook
Facebook::Patito Sanchez,monica,5,3,0,Facebook
Facebook::Patito Sanchez,tampicotecuida,2,2,1,Facebook
Facebook::Patito Sanchez,fomentar,1,5,3,Facebook
Facebook::Patito Sanchez,deporte,1,2,1,Facebook
Facebook::Patito Sanchez,salud,1,2,3,Facebook
Facebook::Patito Sanchez,fisico,1,4,3,Facebook
Facebook::Patito Sanchez,capacitacion,1,1,2,Facebook
Facebook::Patito Sanchez,felicidades,1,8,0,Facebook
Facebook::Patito Sanchez,orgullo,1,1,2,Facebook
Facebook::Patito Sanchez,apoyar,1,1,2,Facebook
Facebook::Patito Sanchez,persona,1,4,3,Facebook
Facebook::Patito Sanchez,capacidad,1,0,4,Facebook
Facebook::Patito Sanchez,accion,1,2,0,Facebook
Facebook::Patito Sanchez,programa,1,2,3,Facebook
Facebook::Patito Sanchez,beneficio,1,2,3,Facebook
Facebook::Patito Sanchez,ciudadania,1,2,3,Facebook
Facebook::Patito Sanchez,ciudad,1,13,1,Facebook
Facebook::Patito Sanchez,quedar,1,11,0,Facebook
Facebook::Patito Sanchez,bonito,1,8,1,Facebook
Facebook::Patito Sanchez,logro,1,13,1,Facebook
Facebook::Perla Idalia R'h,orgullosamente,1,13,2,Facebook
Facebook::Perla Idalia R'h,tampiqueno,1,2,0,Facebook
Facebook::Perla Idalia R'h,rojo,1,13,5,Facebook
Facebook::Perla Idalia R'h,amar,1,4,0,Facebook
Facebook::Perla Idalia R'h,hermoso,1,8,0,Facebook
Facebook::Perlita Mayorga,excelente,3,2,1,Facebook
Facebook::Perlita Mayorga,rico,1,8,2,Facebook
Facebook::Perlita Mayorga,comida,1,8,4,Facebook
Facebook::Perlita Mayorga,mercado,1,8,4,Facebook
Facebook::Perlita Mayorga,zona,1,0,1,Facebook
Facebook::Perlita Mayorga,centro,1,13,3,Facebook
Facebook::Perlita Mayorga,hermoso,1,8,0,Facebook
Facebook::Perlita Mayorga,labor,1,3,3,Facebook
Facebook::Perlita Mayorga,accion,1,2,0,Facebook
Facebook::Perlita Mayorga,gracias,1,8,0,Facebook
Facebook::Perlita Mayorga,bonito,1,8,1,Facebook
Facebook::Perlita Mayorga,futbol,1,1,3,Facebook
Facebook::Perlita Mayorga,bravo,1,12,3,Facebook
Facebook::Perlita Mayorga,mexico,1,12,0,Facebook
Facebook::Rafa Puga,juan,2,10,0,Facebook
Facebook::Rafa Puga,lopez,2,12,2,Facebook
Facebook::Rafa Puga,antonio,2,0,5,Facebook
Facebook::Rafa Puga,martinez,2,9,2,Facebook
Facebook::Rafa Puga,hernandez,1,10,0,Facebook
Facebook::Rafa Puga,rivera,1,9,1,Facebook
Facebook::Rafa Puga,diaz,1,9,2,Facebook
Facebook::Rafa Puga,alfredo,1,10,0,Facebook
Facebook::Rafa Puga,armando,1,7,3,Facebook
Facebook::Rafa Puga,tamaulipas,1,5,1,Facebook
Facebook::Rafa Puga,mario,1,8,4,Facebook
Facebook::Ramon Gomez,labor,3,3,3,Facebook
Facebook::Ramon Gomez,transformacion,2,14,1,Facebook
Facebook::Ramon Gomez,duda,1,10,1,Facebook
Facebook::Ramon Gomez,constante,1,14,3,Facebook
Facebook::Ramon Gomez,excelente,1,2,1,Facebook
Facebook::Ramon Tapia,rama,1,7,0,Facebook
Facebook::Ramon Tapia,arbol,1,7,4,Facebook
Facebook::Ramon Tapia,tocar,1,11,2,Facebook
Facebook::Ramon Tapia,cfe,1,0,1,Facebook
Facebook::Ramon Tapia,romper,1,12,1,Facebook
Facebook::Ramon Tapia,miedo,1,9,0,Facebook
Facebook::Ramon Tapia,ano,1,11,2,Facebook
Facebook::Ramon Tapia,reportar,1,7,2,Facebook
Facebook::Raquel Alvarez,numero,2,10,0,Facebook
Facebook::Raquel Alvarez,reporte,1,7,0,Facebook
Facebook::Raquel Alvarez,cabo,1,0,2,Facebook
Facebook::Raquel Alvarez,recoleccion,1,7,0,Facebook
Facebook::Raquel Alvarez,mayo,1,10,0,Facebook
Facebook::Raul Padilla Lopez,levantar,2,7,0,Facebook
Facebook::Raul Padilla Lopez,gusto,1,8,4,Facebook
Facebook::Raul Padilla Lopez,basura,1,3,1,Facebook
Facebook::Raul Padilla Lopez,arrastrar,1,7,2,Facebook
Facebook::Raul Padilla Lopez,agua,1,3,1,Facebook
Facebook::Raul Padilla Lopez,lluvia,1,0,1,Facebook
Facebook::Raul Padilla Lopez,seguir,1,2,0,Facebook
Facebook::Raul Padilla Lopez,esperar,1,4,0,Facebook
Facebook::Raul Padilla Lopez,venir,1,4,0,Facebook
Facebook::Raul Padilla Lopez,champayan,1,9,1,Facebook
Facebook::Rayon Humberto,dejar,1,9,0,Facebook
Facebook::Rayon Humberto,subir,1,11,2,Facebook
Facebook::Rayon Humberto,foto,1,4,2,Facebook
Facebook::Rayon Humberto,exito,1,8,0,Facebook
Facebook::Rayon Humberto,proyecto,1,14,4,Facebook
Facebook::Reconstruyendo VIDAS,monica,1,3,0,Facebook
Facebook::Reconstruyendo VIDAS,villarreal,1,3,0,Facebook
Facebook::Reconstruyendo VIDAS,familia,1,1,0,Facebook
Facebook::Reconstruyendo VIDAS,nino,1,8,1,Facebook
Facebook::Reconstruyendo VIDAS,slp,1,5,2,Facebook
Facebook::Reno Sshop,guerrero,1,10,0,Facebook
Facebook::Reno Sshop,tormenta,1,0,1,Facebook
Facebook::Reno Sshop,parecer,1,9,0,Facebook
Facebook::Reno Sshop,caer,1,12,1,Facebook
Facebook::Reno Sshop,cielo,1,3,3,Facebook
Facebook::Reno Sshop,respeto,1,9,4,Facebook
Facebook::Ricardo Contreras,favor,2,11,5,Facebook
Facebook::Ricardo Contreras,limpiar,1,9,1,Facebook
Facebook::Ricardo Contreras,torre,1,6,2,Facebook
Facebook::Ricardo Contreras,norte,1,10,1,Facebook
Facebook::Ricardo Contreras,tarde,1,8,1,Facebook
Facebook::Ricardo Contreras,vecino,1,2,4,Facebook
Facebook::Ricardo Contreras,colonia,1,2,4,Facebook
Facebook::Ricardo Contreras,beneficio,1,2,3,Facebook
Facebook::Ricardo Contreras,alumbrado,1,14,3,Facebook
Facebook::Ricardo Contreras,limpieza,1,3,3,Facebook
Facebook::Ricardo Contreras,canal,1,9,1,Facebook
Facebook::Ricardo Contreras,donde,1,12,2,Facebook
Facebook::Ricardo Contreras,empresa,1,13,2,Facebook
Facebook::Ricardo Contreras,comapa,1,2,2,Facebook
Facebook::Ricardo Contreras,medio,1,8,2,Facebook
Facebook::Ricardo Contreras,peticion,1,2,4,Facebook
Facebook::Ricardo Moreno C,increible,1,8,2,Facebook
Facebook::Ricardo Moreno C,evento,1,8,1,Facebook
Facebook::Ricardo Moreno C,nino,1,8,1,Facebook
Facebook::Ricardo Moreno C,nina,1,8,1,Facebook
Facebook::Ricardo Moreno C,feliz,1,8,1,Facebook
Facebook::Ricardo Moreno C,vida,1,7,4,Facebook
Facebook::Ricardo Moreno C,grande,1,1,0,Facebook
Facebook::Ricardo Moreno C,lic,1,8,0,Facebook
Facebook::Ricardo Moreno C,monica,1,3,0,Facebook
Facebook::Ricardo Moreno C,villarreal,1,3,0,Facebook
Facebook::Ricardo Moreno C,felicidades,1,8,0,Facebook
Facebook::Ricardo Márquez,real,2,13,2,Facebook
Facebook::Ricardo Márquez,lluvia,2,0,1,Facebook
Facebook::Ricardo Márquez,critico,1,9,1,Facebook
Facebook::Ricardo Márquez,colonia,1,2,4,Facebook
Facebook::Ricardo Márquez,deber,1,11,1,Facebook
Facebook::Ricardo Márquez,solucion,1,14,2,Facebook
Facebook::Ricardo Márquez,ahorita,1,9,0,Facebook
Facebook::Ricardo Márquez,temporada,1,0,1,Facebook
Facebook::Ricardo Márquez,forma,1,12,3,Facebook
Facebook::Ricardo Márquez,claro,1,4,3,Facebook
Facebook::Ricardo Márquez,zona,1,0,1,Facebook
Facebook::Ricardo Márquez,mercado,1,8,4,Facebook
Facebook::Ricardo Márquez,area,1,10,0,Facebook
Facebook::Ricardo Márquez,tomar,1,4,2,Facebook
Facebook::Ricardo Márquez,foto,1,4,2,Facebook
Facebook::Ricardo Márquez,nota,1,5,1,Facebook
Facebook::Roberto Castillo,nino,1,8,1,Facebook
Facebook::Roberto Castillo,importante,1,13,0,Facebook
Facebook::Roberto Castillo,prevenir,1,7,3,Facebook
Facebook::Roberto Castillo,delincuencia,1,11,1,Facebook
Facebook::Roberto Castillo,atraer,1,6,1,Facebook
Facebook::Roberto Castillo,turismo,1,14,4,Facebook
Facebook::Roberto Castillo,hermoso,1,8,0,Facebook
Facebook::Roberto Castillo,excelente,1,2,1,Facebook
Facebook::Roberto Castillo,alcaldesa,1,8,0,Facebook
Facebook::Roberto Castillo,monica,1,3,0,Facebook
Facebook::Roberto Castillo,villareal,1,8,0,Facebook
Facebook::Roberto Porto,reporte,1,7,0,Facebook
Facebook::Roberto Porto,venir,1,4,0,Facebook
Facebook::Roberto Porto,limpieza,1,3,3,Facebook
Facebook::Roberto Porto,col,1,6,1,Facebook
Facebook::Roberto Porto,frente,1,9,1,Facebook
Facebook::Roberto Porto,unidad,1,6,1,Facebook
Facebook::Roberto Porto,deportivo,1,1,4,Facebook
Facebook::Rocio Hernandez Robledo,pagar,3,11,4,Facebook
Facebook::Rocio Hernandez Robledo,entender,2,11,4,Facebook
Facebook::Rocio Lg,excelente,2,2,1,Facebook
Facebook::Rocio Lg,presidenta,2,8,0,Facebook
Facebook::Rocio Lg,hermoso,1,8,0,Facebook
Facebook::Rocio Lg,felicidad,1,8,0,Facebook
Facebook::Rocio Lg,bendicion,1,8,0,Facebook
Facebook::Rocio Lg,vida,1,7,4,Facebook
Facebook::Rocio Lg,claudia,1,12,0,Facebook
Facebook::Rosa Lilia Ruiz Ibarra,excelente,2,2,1,Facebook
Facebook::Rosa Lilia Ruiz Ibarra,monica,2,3,0,Facebook
Facebook::Rosa Lilia Ruiz Ibarra,villarreal,1,3,0,Facebook
Facebook::Rosa Lilia Ruiz Ibarra,programa,1,2,3,Facebook
Facebook::Rosa Lilia Ruiz Ibarra,beneficio,1,2,3,Facebook
Facebook::Rosa Lilia Ruiz Ibarra,villareal,1,8,0,Facebook
Facebook::Rosa Lilia Ruiz Ibarra,vivir,1,8,2,Facebook
Facebook::Rosa Lilia Ruiz Ibarra,mundial,1,4,0,Facebook
Facebook::Rosa Maria De Leon,amlo,1,12,4,Facebook
Facebook::Rosa Maria De Leon,hijo,1,12,4,Facebook
Facebook::Rosa Maria De Leon,emprendedor,1,1,2,Facebook
Facebook::Rosa Maria De Leon,cuba,1,10,5,Facebook
Facebook::Rosa Maria De Leon,mexicano,1,4,1,Facebook
Facebook::Rosa Maria De Leon,exito,1,8,0,Facebook
Facebook::Rosy Reyna Campos,transporte,1,12,-1,Facebook
Facebook::Rosy Reyna Campos,publico,1,14,3,Facebook
Facebook::Rosy Reyna Campos,norte,1,10,1,Facebook
Facebook::Rosy Reyna Campos,centro,1,13,3,Facebook
Facebook::Rosy Reyna Campos,plano,1,4,2,Facebook
Facebook::Rosy Reyna Campos,cerrar,1,5,1,Facebook
Facebook::Rosy Reyna Campos,avenida,1,5,1,Facebook
Facebook::Rosy Reyna Campos,hidalgo,1,0,2,Facebook
Facebook::Roxanna Rachel Gonza,excelente,3,2,1,Facebook
Facebook::Roxanna Rachel Gonza,evento,1,8,1,Facebook
Facebook::Roxanna Rachel Gonza,nino,1,8,1,Facebook
Facebook::Roxanna Rachel Gonza,bonito,1,8,1,Facebook
Facebook::Roxanna Rachel Gonza,labor,1,3,3,Facebook
Facebook::Rubi Casanova,mexicano,2,4,1,Facebook
Facebook::Rubi Casanova,recuerdo,1,4,0,Facebook
Facebook::Rubi Casanova,seleccion,1,4,0,Facebook
Facebook::Rubi Casanova,mundial,1,4,0,Facebook
Facebook::Rubi Casanova,luis,1,6,1,Facebook
Facebook::Rubi Casanova,garcia,1,12,2,Facebook
Facebook::Rubi Casanova,sanchez,1,8,1,Facebook
Facebook::Rubi Casanova,familia,1,1,0,Facebook
Facebook::Rubi Casanova,sacar,1,11,3,Facebook
Facebook::Rubi Casanova,mexico,1,12,0,Facebook
Facebook::Rubi Casanova,numero,1,10,0,Facebook
Facebook::Rubi Casanova,mundo,1,11,0,Facebook
Facebook::Russel Tomander Fernan,basura,3,3,1,Facebook
Facebook::Russel Tomander Fernan,unidad,2,6,1,Facebook
Facebook::Russel Tomander Fernan,bote,2,7,0,Facebook
Facebook::Russel Tomander Fernan,sabado,2,4,5,Facebook
Facebook::Russel Tomander Fernan,medio,1,8,2,Facebook
Facebook::Russel Tomander Fernan,aser,1,12,5,Facebook
Facebook::Russel Tomander Fernan,calle,1,9,1,Facebook
Facebook::Russel Tomander Fernan,recoleccion,1,7,0,Facebook
Facebook::Russel Tomander Fernan,pesado,1,7,0,Facebook
Facebook::Russel Tomander Fernan,semana,1,4,5,Facebook
Facebook::Russel Tomander Fernan,pasar,1,11,3,Facebook
Facebook::Russel Tomander Fernan,acumular,1,3,1,Facebook
Facebook::Russel Tomander Fernan,manana,1,10,1,Facebook
Facebook::Russel Tomander Fernan,bolsa,1,13,3,Facebook
Facebook::SUETRA Tampico,equipo,1,13,3,Facebook
Facebook::SUETRA Tampico,excelente,1,2,1,Facebook
Facebook::SUETRA Tampico,presidenta,1,8,0,Facebook
Facebook::SUETRA Tampico,monica,1,3,0,Facebook
Facebook::SUETRA Tampico,villarreal,1,3,0,Facebook
Facebook::Salvador Corona Pulido,excelente,7,2,1,Facebook
Facebook::Salvador Corona Pulido,cuidar,4,2,1,Facebook
Facebook::Salvador Corona Pulido,felicidad,3,8,0,Facebook
Facebook::Salvador Corona Pulido,felicidades,2,8,0,Facebook
Facebook::Salvador Corona Pulido,evento,2,8,1,Facebook
Facebook::Salvador Corona Pulido,accion,2,2,0,Facebook
Facebook::Salvador Corona Pulido,bienvenido,1,1,4,Facebook
Facebook::Salvador Corona Pulido,puerto,1,8,0,Facebook
Facebook::Salvador Corona Pulido,exposicion,1,6,3,Facebook
Facebook::Salvador Velazquez Velazquez,baile,1,8,1,Facebook
Facebook::Salvador Velazquez Velazquez,ganar,1,10,2,Facebook
Facebook::Salvador Velazquez Velazquez,deber,1,11,1,Facebook
Facebook::Salvador Velazquez Velazquez,boleto,1,10,2,Facebook
Facebook::Salvador Velazquez Velazquez,evento,1,8,1,Facebook
Facebook::Sara Cintora,excelente,6,2,1,Facebook
Facebook::Sara Cintora,presidenta,3,8,0,Facebook
Facebook::Sara Cintora,saludo,2,11,2,Facebook
Facebook::Sara Cintora,evento,1,8,1,Facebook
Facebook::Sara Cintora,saludos,1,11,2,Facebook
Facebook::Sara Cintora,felicidades,1,8,0,Facebook
Facebook::Sara Cintora,padre,1,4,0,Facebook
Facebook::Sara Cintora,actividad,1,1,0,Facebook
Facebook::Sara Cintora,viva,1,12,0,Facebook
Facebook::Sara Cintora,mexico,1,12,0,Facebook
Facebook::Sara Cintora,presidentar,1,8,0,Facebook
Facebook::Secretaría de Bienestar Social Tampico,servicio,3,2,2,Facebook
Facebook::Secretaría de Bienestar Social Tampico,jornada,2,3,1,Facebook
Facebook::Secretaría de Bienestar Social Tampico,apoyo,2,2,2,Facebook
Facebook::Secretaría de Bienestar Social Tampico,gratuito,2,2,2,Facebook
Facebook::Secretaría de Bienestar Social Tampico,cabo,1,0,2,Facebook
Facebook::Secretaría de Bienestar Social Tampico,bienestar,1,2,3,Facebook
Facebook::Secretaría de Bienestar Social Tampico,colonia,1,2,4,Facebook
Facebook::Secretaría de Bienestar Social Tampico,pueblo,1,11,5,Facebook
Facebook::Secretaría de Bienestar Social Tampico,acercar,1,2,2,Facebook
Facebook::Secretaría de Bienestar Social Tampico,directamente,1,13,3,Facebook
Facebook::Secretaría de Bienestar Social Tampico,familia,1,1,0,Facebook
Facebook::Secretaría de Bienestar Social Tampico,tampiquenas,1,14,0,Facebook
Facebook::Secretaría de Bienestar Social Tampico,brindar,1,2,2,Facebook
Facebook::Secretaría de Bienestar Social Tampico,consulta,1,1,1,Facebook
Facebook::Secretaría de Bienestar Social Tampico,medico,1,7,3,Facebook
Facebook::Secretaría de Bienestar Social Tampico,atencion,1,7,3,Facebook
Facebook::Secretaría de Bienestar Social Tampico,dental,1,2,2,Facebook
Facebook::Secretaría de Bienestar Social Tampico,dif,1,13,3,Facebook
Facebook::Secretaría de Bienestar Social Tampico,instituto,1,8,2,Facebook
Facebook::Secretaría de Bienestar Social Tampico,mujer,1,10,3,Facebook
Facebook::Secretaría de Bienestar Social Tampico,comapa,1,2,2,Facebook
Facebook::Secretaría de Bienestar Social Tampico,sur,1,14,2,Facebook
Facebook::Secretaría de Bienestar Social Tampico,ecologia,1,8,2,Facebook
Facebook::Secretaría de Bienestar Social Tampico,publico,1,14,3,Facebook
Facebook::Secretaría de Bienestar Social Tampico,reparacion,1,2,2,Facebook
Facebook::Secretaría de Bienestar Social Tampico,corte,1,11,2,Facebook
Facebook::Secretaría de Bienestar Social Tampico,venta,1,10,0,Facebook
Facebook::Secretaría de Bienestar Social Tampico,costo,1,4,3,Facebook
Facebook::Secretaría de Bienestar Social Tampico,fruta,1,13,4,Facebook
Facebook::Secretaría de Bienestar Social Tampico,persona,1,4,3,Facebook
Facebook::Secretaría de Bienestar Social Tampico,tampicotecuida,1,2,1,Facebook
Facebook::Secretaría de Bienestar Social Tampico,tampicovacontodo,1,2,1,Facebook
Facebook::Secretaría de Obras Públicas Tampico,vacheando,1,2,2,Facebook
Facebook::Secretaría de Obras Públicas Tampico,seguir,1,2,0,Facebook
Facebook::Secretaría de Obras Públicas Tampico,dia,1,6,0,Facebook
Facebook::Secretaría de Obras Públicas Tampico,seguro,1,2,1,Facebook
Facebook::Secretaría de Obras Públicas Tampico,vialidad,1,2,2,Facebook
Facebook::Secretaría de Obras Públicas Tampico,mayo,1,10,0,Facebook
Facebook::Secretaría de Obras Públicas Tampico,secretaria,1,14,2,Facebook
Facebook::Secretaría de Obras Públicas Tampico,obras,1,0,2,Facebook
Facebook::Secretaría de Obras Públicas Tampico,publicas,1,0,2,Facebook
Facebook::Secretaría de Obras Públicas Tampico,rehabilitacion,1,14,4,Facebook
Facebook::Secretaría de Obras Públicas Tampico,atencion,1,7,3,Facebook
Facebook::Secretaría de Obras Públicas Tampico,bache,1,2,2,Facebook
Facebook::Secretaría de Obras Públicas Tampico,distinto,1,2,2,Facebook
Facebook::Secretaría de Obras Públicas Tampico,sector,1,14,3,Facebook
Facebook::Secretaría de Obras Públicas Tampico,ciudad,1,13,1,Facebook
Facebook::Secretaría de Obras Públicas Tampico,bienestar,1,2,3,Facebook
Facebook::Secretaría de Obras Públicas Tampico,seguridad,1,0,3,Facebook
Facebook::Secretaría de Obras Públicas Tampico,movilidad,1,2,2,Facebook
Facebook::Secretaría de Obras Públicas Tampico,tampiqueno,1,2,0,Facebook
Facebook::Secretaría de Obras Públicas Tampico,tampicotecuida,1,2,1,Facebook
Facebook::Secretaría de Obras Públicas Tampico,tampicovacontodo,1,2,1,Facebook
Facebook::Serafin Gomez,mandar,1,11,1,Facebook
Facebook::Serafin Gomez,inutil,1,9,0,Facebook
Facebook::Serafin Gomez,regidor,1,8,0,Facebook
Facebook::Serafin Gomez,deber,1,11,1,Facebook
Facebook::Serafin Gomez,servir,1,6,2,Facebook
Facebook::Sergio Javier Solbes Marin,presidenta,4,8,0,Facebook
Facebook::Sergio Javier Solbes Marin,monica,2,3,0,Facebook
Facebook::Sergio Javier Solbes Marin,villarreal,2,3,0,Facebook
Facebook::Sergio Javier Solbes Marin,importante,2,13,0,Facebook
Facebook::Sergio Javier Solbes Marin,gracias,2,8,0,Facebook
Facebook::Sergio Javier Solbes Marin,iniciativa,2,13,2,Facebook
Facebook::Sergio Javier Solbes Marin,ayuda,2,12,4,Facebook
Facebook::Sergio Javier Solbes Marin,persona,2,4,3,Facebook
Facebook::Sergio Javier Solbes Marin,vida,1,7,4,Facebook
Facebook::Sergio Javier Solbes Marin,ecologico,1,8,2,Facebook
Facebook::Sergio Javier Solbes Marin,ninos,1,2,4,Facebook
Facebook::Sergio Javier Solbes Marin,tierra,1,6,2,Facebook
Facebook::Sergio Javier Solbes Marin,labor,1,3,3,Facebook
Facebook::Sergio Javier Solbes Marin,gob,1,3,0,Facebook
Facebook::Sergio Javier Solbes Marin,direccion,1,0,2,Facebook
Facebook::Sergio Javier Solbes Marin,ecologia,1,8,2,Facebook
Facebook::Sergio Javier Solbes Marin,gente,1,6,2,Facebook
Facebook::Sergio Javier Solbes Marin,excelente,1,2,1,Facebook
Facebook::Sergio Javier Solbes Marin,bravo,1,12,3,Facebook
Facebook::Sergio Javier Solbes Marin,informacion,1,11,0,Facebook
Facebook::Sergio Javier Solbes Marin,cuidar,1,2,1,Facebook
Facebook::Sergio Javier Solbes Marin,merecido,1,8,2,Facebook
Facebook::Sergio Javier Solbes Marin,reconocimiento,1,13,1,Facebook
Facebook::Sergio Ocejo Quintanilla,monica,9,3,0,Facebook
Facebook::Sergio Ocejo Quintanilla,villarreal,9,3,0,Facebook
Facebook::Sergio Ocejo Quintanilla,bienestar,5,2,3,Facebook
Facebook::Sergio Ocejo Quintanilla,lic,4,8,0,Facebook
Facebook::Sergio Ocejo Quintanilla,hora,3,10,1,Facebook
Facebook::Sergio Ocejo Quintanilla,administracion,3,14,0,Facebook
Facebook::Sergio Ocejo Quintanilla,sentir,3,11,4,Facebook
Facebook::Sergio Ocejo Quintanilla,programa,2,2,3,Facebook
Facebook::Sergio Ocejo Quintanilla,sonrisa,2,2,3,Facebook
Facebook::Sergio Ocejo Quintanilla,tampiquenos,2,13,5,Facebook
Facebook::Sergio Ocejo Quintanilla,gracias,2,8,0,Facebook
Facebook::Sergio Ocejo Quintanilla,alcaldesa,2,8,0,Facebook
Facebook::Sergio Ocejo Quintanilla,avanzar,2,14,1,Facebook
Facebook::Sergio Ocejo Quintanilla,duda,2,10,1,Facebook
Facebook::Sergio Ocejo Quintanilla,grande,2,1,0,Facebook
Facebook::Sergio Ocejo Quintanilla,talento,2,1,2,Facebook
Facebook::Sergio Ocejo Quintanilla,seguridad,2,0,3,Facebook
Facebook::Sergio Ocejo Quintanilla,seguro,2,2,1,Facebook
Facebook::Sergio Ocejo Quintanilla,excelente,2,2,1,Facebook
Facebook::Sergio Ocejo Quintanilla,equipo,2,13,3,Facebook
Facebook::Sergio Ocejo Quintanilla,nivel,2,4,2,Facebook
Facebook::Sergio Ocejo Quintanilla,internacional,2,13,1,Facebook
Facebook::Sergio Ocejo Quintanilla,estrategia,2,14,0,Facebook
Facebook::Sergio Ocejo Quintanilla,felicidad,2,8,0,Facebook
Facebook::Sergio Ocejo Quintanilla,tampicotecuida,2,2,1,Facebook
Facebook::Sergio Ocejo Quintanilla,sonrisas,1,2,3,Facebook
Facebook::Sergio Ocejo Quintanilla,limpieza,1,3,3,Facebook
Facebook::Sergio Ocejo Quintanilla,dental,1,2,2,Facebook
Facebook::Sergio Ocejo Quintanilla,pieza,1,1,3,Facebook
Facebook::Sergio Ocejo Quintanilla,felicidades,1,8,0,Facebook
Facebook::Sergio Ocejo Quintanilla,empresa,1,13,2,Facebook
Facebook::Sergio Ocejo Quintanilla,esfuerzo,1,13,2,Facebook
Facebook::Sergio Ocejo Quintanilla,responsabilidad,1,3,2,Facebook
Facebook::Sergio Ocejo Quintanilla,deportivo,1,1,4,Facebook
Facebook::Sergio Ocejo Quintanilla,esperar,1,4,0,Facebook
Facebook::Sergio Ocejo Quintanilla,seguir,1,2,0,Facebook
Facebook::Sergio Ocejo Quintanilla,crecer,1,6,0,Facebook
Facebook::Sergio Ocejo Quintanilla,apoyo,1,2,2,Facebook
Facebook::Sergio Ocejo Quintanilla,presidente,1,14,2,Facebook
Facebook::Sergio Ocejo Quintanilla,impulso,1,2,1,Facebook
Facebook::Sergio Ocejo Quintanilla,deporte,1,2,1,Facebook
Facebook::Sergio Ocejo Quintanilla,importante,1,13,0,Facebook
Facebook::Sergio Ocejo Quintanilla,certificado,1,7,-1,Facebook
Facebook::Sergio Ocejo Quintanilla,venta,1,10,0,Facebook
Facebook::Sergio Ocejo Quintanilla,alimento,1,1,2,Facebook
Facebook::Sergio Ocejo Quintanilla,marino,1,12,1,Facebook
Facebook::Sergio Ocejo Quintanilla,producto,1,1,2,Facebook
Facebook::Sergio Ocejo Quintanilla,bello,1,8,0,Facebook
Facebook::Sergio Ocejo Quintanilla,puerto,1,8,0,Facebook
Facebook::Sergio Ocejo Quintanilla,bienvenido,1,1,4,Facebook
Facebook::Sergio Ocejo Quintanilla,faltar,1,12,1,Facebook
Facebook::Sergio Ocejo Quintanilla,delincuencia,1,11,1,Facebook
Facebook::Sergio Ocejo Quintanilla,regresar,1,10,3,Facebook
Facebook::Sergio Ocejo Quintanilla,jornada,1,3,1,Facebook
Facebook::Sergio Ocejo Quintanilla,gente,1,6,2,Facebook
Facebook::Sergio Ocejo Quintanilla,escuchar,1,2,0,Facebook
Facebook::Sergio Ocejo Quintanilla,atendido,1,2,0,Facebook
Facebook::Sergio Ocejo Quintanilla,dependencia,1,0,4,Facebook
Facebook::Sergio Ocejo Quintanilla,gobierno,1,12,3,Facebook
Facebook::Sergio Ocejo Quintanilla,iniciativa,1,13,2,Facebook
Facebook::Sergio Ocejo Quintanilla,claro,1,4,3,Facebook
Facebook::Sergio Ocejo Quintanilla,social,1,2,3,Facebook
Facebook::Sergio Ocejo Quintanilla,lamentable,1,9,4,Facebook
Facebook::Sergio Ocejo Quintanilla,perdida,1,7,1,Facebook
Facebook::Sergio Ocejo Quintanilla,tamaulipas,1,5,1,Facebook
Facebook::Sergio Ocejo Quintanilla,mundo,1,11,0,Facebook
Facebook::Sergio Ocejo Quintanilla,personaje,1,12,0,Facebook
Facebook::Sergio Ocejo Quintanilla,conocido,1,11,0,Facebook
Facebook::Sergio Ocejo Quintanilla,joven,1,13,0,Facebook
Facebook::Sergio Ocejo Quintanilla,alto,1,13,0,Facebook
Facebook::Sergio Ocejo Quintanilla,animo,1,12,0,Facebook
Facebook::Sergio Ocejo Quintanilla,asegurar,1,4,3,Facebook
Facebook::Sergio Ocejo Quintanilla,calle,1,9,1,Facebook
Facebook::Sergio Ocejo Quintanilla,reflejar,1,1,0,Facebook
Facebook::Sergio Ocejo Quintanilla,resultado,1,2,0,Facebook
Facebook::Sergio Ocejo Quintanilla,mujer,1,10,3,Facebook
Facebook::Sergio Ocejo Quintanilla,ganador,1,10,2,Facebook
Facebook::Sergio Ocejo Quintanilla,caso,1,10,4,Facebook
Facebook::Sergio Ocejo Quintanilla,dengue,1,14,0,Facebook
Facebook::Sergio Ocejo Quintanilla,meta,1,13,2,Facebook
Facebook::Sergio Ocejo Quintanilla,futuro,1,13,1,Facebook
Facebook::Sergio Ocejo Quintanilla,padre,1,4,0,Facebook
Facebook::Sergio Ocejo Quintanilla,contar,1,6,0,Facebook
Facebook::Sergio Ocejo Quintanilla,beneficio,1,2,3,Facebook
Facebook::Sergio Ocejo Quintanilla,visitante,1,3,2,Facebook
Facebook::Sergio Ocejo Quintanilla,exposicion,1,6,3,Facebook
Facebook::Sergio Ocejo Quintanilla,historico,1,6,1,Facebook
Facebook::Sergio Ocejo Quintanilla,jaiba,1,10,5,Facebook
Facebook::Sergio Ocejo Quintanilla,brava,1,10,5,Facebook
Facebook::Shirley Villegas de Vazquez,proteccion,3,0,0,Facebook
Facebook::Shirley Villegas de Vazquez,civil,3,0,0,Facebook
Facebook::Shirley Villegas de Vazquez,gracias,3,8,0,Facebook
Facebook::Shirley Villegas de Vazquez,excelente,2,2,1,Facebook
Facebook::Shirley Villegas de Vazquez,bomberos,2,0,0,Facebook
Facebook::Shirley Villegas de Vazquez,fiesta,2,1,3,Facebook
Facebook::Shirley Villegas de Vazquez,seguro,2,2,1,Facebook
Facebook::Shirley Villegas de Vazquez,felicidades,2,8,0,Facebook
Facebook::Shirley Villegas de Vazquez,iniciativa,2,13,2,Facebook
Facebook::Shirley Villegas de Vazquez,sembrar,2,4,6,Facebook
Facebook::Shirley Villegas de Vazquez,labor,1,3,3,Facebook
Facebook::Shirley Villegas de Vazquez,cuidar,1,2,1,Facebook
Facebook::Shirley Villegas de Vazquez,familia,1,1,0,Facebook
Facebook::Shirley Villegas de Vazquez,tampiquenas,1,14,0,Facebook
Facebook::Shirley Villegas de Vazquez,voluntario,1,0,4,Facebook
Facebook::Shirley Villegas de Vazquez,compromiso,1,2,0,Facebook
Facebook::Shirley Villegas de Vazquez,abril,1,0,3,Facebook
Facebook::Shirley Villegas de Vazquez,prevencion,1,0,3,Facebook
Facebook::Shirley Villegas de Vazquez,herramienta,1,1,2,Facebook
Facebook::Shirley Villegas de Vazquez,participacion,1,1,0,Facebook
Facebook::Shirley Villegas de Vazquez,seguir,1,2,0,Facebook
Facebook::Shirley Villegas de Vazquez,sumar,1,6,1,Facebook
Facebook::Shirley Villegas de Vazquez,esfuerzo,1,13,2,Facebook
Facebook::Shirley Villegas de Vazquez,arbol,1,7,4,Facebook
Facebook::Shirley Villegas de Vazquez,futuro,1,13,1,Facebook
Facebook::Shirley Villegas de Vazquez,ciudad,1,13,1,Facebook
Facebook::Shirley Villegas de Vazquez,felicidad,1,8,0,Facebook
Facebook::Shirley Villegas de Vazquez,nino,1,8,1,Facebook
Facebook::Shirley Villegas de Vazquez,increible,1,8,2,Facebook
Facebook::Shirley Villegas de Vazquez,experiencia,1,1,4,Facebook
Facebook::Shirley Villegas de Vazquez,pequeno,1,0,4,Facebook
Facebook::Shirley Villegas de Vazquez,tarea,1,14,3,Facebook
Facebook::Shirley Villegas de Vazquez,fundamental,1,3,0,Facebook
Facebook::Shirley Villegas de Vazquez,preparado,1,0,1,Facebook
Facebook::Shirley Villegas de Vazquez,emergencia,1,0,0,Facebook
Facebook::Silvia Santamaria,pendiente,1,10,1,Facebook
Facebook::Silvia Santamaria,escuchar,1,2,0,Facebook
Facebook::Silvia Santamaria,atender,1,2,0,Facebook
Facebook::Silvia Santamaria,necesidad,1,2,0,Facebook
Facebook::Silvia Santamaria,felicidad,1,8,0,Facebook
Facebook::Silvia Santamaria,felicidades,1,8,0,Facebook
Facebook::Silvia Santamaria,lindo,1,8,2,Facebook
Facebook::Sixto Hernandes,excelente,2,2,1,Facebook
Facebook::Sixto Hernandes,exito,2,8,0,Facebook
Facebook::Sixto Hernandes,lic,1,8,0,Facebook
Facebook::Sixto Hernandes,presidenta,1,8,0,Facebook
Facebook::Sixto Hernandes,monico,1,14,2,Facebook
Facebook::Sixto Hernandes,villarreal,1,3,0,Facebook
Facebook::Sixto Hernandes,saludo,1,11,2,Facebook
Facebook::Sofia Leon,felicidades,3,8,0,Facebook
Facebook::Sofia Leon,excelente,3,2,1,Facebook
Facebook::Sofia Leon,querer,2,11,0,Facebook
Facebook::Sofia Leon,participar,2,10,2,Facebook
Facebook::Sofia Leon,super,1,8,0,Facebook
Facebook::Sofia Leon,venta,1,10,0,Facebook
Facebook::Sofia Leon,registro,1,7,2,Facebook
Facebook::Sofia Leon,resultado,1,2,0,Facebook
Facebook::Sofia Negrita Vera,quejar,1,9,1,Facebook
Facebook::Sofia Negrita Vera,gracia,1,11,2,Facebook
Facebook::Sofia Negrita Vera,pasar,1,11,3,Facebook
Facebook::Sofia Negrita Vera,colonia,1,2,4,Facebook
Facebook::Sofia Negrita Vera,sentir,1,11,4,Facebook
Facebook::Sofia Negrita Vera,diferencia,1,2,4,Facebook
Facebook::Sofia Negrita Vera,salir,1,11,0,Facebook
Facebook::Sofia Negrita Vera,atacar,1,5,1,Facebook
Facebook::Sonia López,excelente,2,2,1,Facebook
Facebook::Sonia López,fomentar,1,5,3,Facebook
Facebook::Sonia López,deporte,1,2,1,Facebook
Facebook::Sonia López,evento,1,8,1,Facebook
Facebook::Sonia López,ciudad,1,13,1,Facebook
Facebook::Sujei Perez Martinez,excelente,4,2,1,Facebook
Facebook::Sujei Perez Martinez,presidentar,4,8,0,Facebook
Facebook::Sujei Perez Martinez,felicidad,2,8,0,Facebook
Facebook::Sujei Perez Martinez,gobierno,2,12,3,Facebook
Facebook::Sujei Perez Martinez,felicidades,2,8,0,Facebook
Facebook::Sujei Perez Martinez,pasar,2,11,3,Facebook
Facebook::Sujei Perez Martinez,alcaldesa,1,8,0,Facebook
Facebook::Sujei Perez Martinez,lic,1,8,0,Facebook
Facebook::Sujei Perez Martinez,monica,1,3,0,Facebook
Facebook::Sujei Perez Martinez,preparado,1,0,1,Facebook
Facebook::Sujei Perez Martinez,ojala,1,9,0,Facebook
Facebook::Sujei Perez Martinez,requerir,1,0,1,Facebook
Facebook::Sujei Perez Martinez,reconocer,1,6,0,Facebook
Facebook::Sujei Perez Martinez,abrazo,1,11,2,Facebook
Facebook::Sujei Perez Martinez,malo,1,11,4,Facebook
Facebook::Sujei Perez Martinez,comentario,1,10,2,Facebook
Facebook::Sujei Perez Martinez,tomar,1,4,2,Facebook
Facebook::Sujei Perez Martinez,deber,1,11,1,Facebook
Facebook::Sujei Perez Martinez,precaucion,1,11,3,Facebook
Facebook::Sujei Perez Martinez,problema,1,12,0,Facebook
Facebook::Sujei Perez Martinez,meter,1,11,3,Facebook
Facebook::Sujei Perez Martinez,manejar,1,9,4,Facebook
Facebook::Sujei Perez Martinez,conductor,1,9,4,Facebook
Facebook::Sujei Perez Martinez,culpa,1,9,4,Facebook
Facebook::Sujei Perez Martinez,administracion,1,14,0,Facebook
Facebook::Sujei Perez Martinez,trabajador,1,10,3,Facebook
Facebook::Sujei Perez Martinez,ciudadano,1,1,0,Facebook
Facebook::Sujei Perez Martinez,facil,1,4,1,Facebook
Facebook::Sujei Perez Martinez,beneficio,1,2,3,Facebook
Facebook::Sujei Perez Martinez,ciudadania,1,2,3,Facebook
Facebook::Sujei Perez Martinez,programa,1,2,3,Facebook
Facebook::Sujei Perez Martinez,unico,1,11,4,Facebook
Facebook::Sujei Perez Martinez,mujer,1,10,3,Facebook
Facebook::Suli Santiago,coche,2,9,4,Facebook
Facebook::Suli Santiago,lograr,1,13,2,Facebook
Facebook::Suli Santiago,objetivo,1,0,1,Facebook
Facebook::Suli Santiago,detener,1,12,2,Facebook
Facebook::Suli Santiago,alla,1,11,0,Facebook
Facebook::Suli Santiago,donde,1,12,2,Facebook
Facebook::Suli Santiago,apoyar,1,1,2,Facebook
Facebook::Suli Santiago,gente,1,6,2,Facebook
Facebook::Suli Santiago,lastima,1,10,2,Facebook
Facebook::Suli Santiago,perder,1,11,5,Facebook
Facebook::Suli Santiago,arrastrar,1,7,2,Facebook
Facebook::Suli Santiago,familia,1,1,0,Facebook
Facebook::TLC Periodismo Independiente al Servicio de México,mundial,2,4,0,Facebook
Facebook::TLC Periodismo Independiente al Servicio de México,excelente,2,2,1,Facebook
Facebook::TLC Periodismo Independiente al Servicio de México,alcaldesa,1,8,0,Facebook
Facebook::TLC Periodismo Independiente al Servicio de México,monica,1,3,0,Facebook
Facebook::TLC Periodismo Independiente al Servicio de México,villarreal,1,3,0,Facebook
Facebook::TLC Periodismo Independiente al Servicio de México,anaya,1,3,0,Facebook
Facebook::Tampico Gob,villarreal,142,3,0,Facebook
Facebook::Tampico Gob,monica,131,3,0,Facebook
Facebook::Tampico Gob,municipal,95,14,0,Facebook
Facebook::Tampico Gob,espacio,78,1,0,Facebook
Facebook::Tampico Gob,anaya,78,3,0,Facebook
Facebook::Tampico Gob,ciudad,69,13,1,Facebook
Facebook::Tampico Gob,tampicotecuida,67,2,1,Facebook
Facebook::Tampico Gob,presidenta,66,8,0,Facebook
Facebook::Tampico Gob,familia,55,1,0,Facebook
Facebook::Tampico Gob,seguir,53,2,0,Facebook
Facebook::Tampico Gob,dia,53,6,0,Facebook
Facebook::Tampico Gob,proteccion,52,0,0,Facebook
Facebook::Tampico Gob,tampicovacontodo,49,2,1,Facebook
Facebook::Tampico Gob,accion,49,2,0,Facebook
Facebook::Tampico Gob,calle,47,9,1,Facebook
Facebook::Tampico Gob,civil,46,0,0,Facebook
Facebook::Tampico Gob,colonia,41,2,4,Facebook
Facebook::Tampico Gob,gob,40,3,0,Facebook
Facebook::Tampico Gob,bienestar,38,2,3,Facebook
Facebook::Tampico Gob,actividad,37,1,0,Facebook
Facebook::Tampico Gob,cultura,37,1,1,Facebook
Facebook::Tampico Gob,publico,36,14,3,Facebook
Facebook::Tampico Gob,direccion,36,0,2,Facebook
Facebook::Tampico Gob,gobierno,35,12,3,Facebook
Facebook::Tampico Gob,fortalecer,34,14,0,Facebook
Facebook::Tampico Gob,limpieza,33,3,3,Facebook
Facebook::Tampico Gob,continuar,33,14,0,Facebook
Facebook::Tampico Gob,jornada,33,3,1,Facebook
Facebook::Tampico Gob,limpio,32,7,0,Facebook
Facebook::Tampico Gob,junio,31,1,0,Facebook
Facebook::Tampico Gob,atencion,30,7,3,Facebook
Facebook::Tampico Gob,abril,28,0,3,Facebook
Facebook::Tampico Gob,labor,28,3,3,Facebook
Facebook::Tampico Gob,salud,28,2,3,Facebook
Facebook::Tampico Gob,mantener,27,7,0,Facebook
Facebook::Tampico Gob,cabo,27,0,2,Facebook
Facebook::Tampico Gob,disfrutar,26,1,0,Facebook
Facebook::Tampico Gob,entorno,26,3,2,Facebook
Facebook::Tampico Gob,zona,26,0,1,Facebook
Facebook::Tampico Gob,secretaria,25,14,2,Facebook
Facebook::Tampico Gob,seguridad,23,0,3,Facebook
Facebook::Tampico Gob,cultural,23,1,1,Facebook
Facebook::Tampico Gob,convivencia,23,1,0,Facebook
Facebook::Tampico Gob,contribuir,23,3,1,Facebook
Facebook::Tampico Gob,seguro,22,2,1,Facebook
Facebook::Tampico Gob,compromiso,22,2,0,Facebook
Facebook::Tampico Gob,personal,22,0,2,Facebook
Facebook::Tampico Gob,laguna,22,3,2,Facebook
Facebook::Tampico Gob,equipo,22,13,3,Facebook
Facebook::Tampico Gob,recorrido,22,0,1,Facebook
Facebook::Tampico Gob,brindar,21,2,2,Facebook
Facebook::Tampico Gob,nino,20,8,1,Facebook
Facebook::Tampico Gob,distinto,20,2,2,Facebook
Facebook::Tampico Gob,comunidad,20,3,0,Facebook
Facebook::Tampico Gob,cuida,19,0,0,Facebook
Facebook::Tampico Gob,proteccionciviltampico,19,0,0,Facebook
Facebook::Tampico Gob,tampicosomostodos,19,0,0,Facebook
Facebook::Tampico Gob,bomberostampico,19,0,0,Facebook
Facebook::Tampico Gob,basura,19,3,1,Facebook
Facebook::Tampico Gob,desarrollo,19,1,2,Facebook
Facebook::Tampico Gob,vida,19,7,4,Facebook
Facebook::Tampico Gob,tampiquenas,18,14,0,Facebook
Facebook::Tampico Gob,nacional,18,4,2,Facebook
Facebook::Tampico Gob,constante,18,14,3,Facebook
Facebook::Tampico Gob,carpintero,18,3,2,Facebook
Facebook::Tampico Gob,obras,18,0,2,Facebook
Facebook::Tampico Gob,col,18,6,1,Facebook
Facebook::Tampico Gob,participacion,18,1,0,Facebook
Facebook::Tampico Gob,cuidar,18,2,1,Facebook
Facebook::Tampico Gob,vivir,17,8,2,Facebook
Facebook::Tampico Gob,libre,16,1,0,Facebook
Facebook::Tampico Gob,esfuerzo,16,13,2,Facebook
Facebook::Tampico Gob,invitar,16,1,3,Facebook
Facebook::Tampico Gob,semana,16,4,5,Facebook
Facebook::Tampico Gob,jose,16,0,5,Facebook
Facebook::Tampico Gob,mantenimiento,16,3,3,Facebook
Facebook::Tampico Gob,atender,16,2,0,Facebook
Facebook::Tampico Gob,instruccion,16,3,0,Facebook
Facebook::Tampico Gob,domingo,16,4,5,Facebook
Facebook::Tampico Gob,mejorar,16,2,2,Facebook
Facebook::Tampico Gob,publicas,16,0,2,Facebook
Facebook::Tampico Gob,prevencion,16,0,3,Facebook
Facebook::Tampico Gob,pluvial,16,3,3,Facebook
Facebook::Tampico Gob,nina,15,8,1,Facebook
Facebook::Tampico Gob,bomberos,15,0,0,Facebook
Facebook::Tampico Gob,zacil,15,1,1,Facebook
Facebook::Tampico Gob,mexico,15,12,0,Facebook
Facebook::Tampico Gob,arte,15,1,1,Facebook
Facebook::Tampico Gob,participar,15,10,2,Facebook
Facebook::Tampico Gob,paz,15,1,0,Facebook
Facebook::Tampico Gob,centro,15,13,3,Facebook
Facebook::Tampico Gob,entrega,15,13,3,Facebook
Facebook::Tampico Gob,agua,15,3,1,Facebook
Facebook::Tampico Gob,lluvia,15,0,1,Facebook
Facebook::Tampico Gob,sector,15,14,3,Facebook
Facebook::Tampico Gob,tampiqueno,14,2,0,Facebook
Facebook::Tampico Gob,impulsar,14,1,2,Facebook
Facebook::Tampico Gob,especial,14,4,0,Facebook
Facebook::Tampico Gob,alcaldesa,14,8,0,Facebook
Facebook::Tampico Gob,riesgo,14,0,1,Facebook
Facebook::Tampico Gob,musica,14,1,1,Facebook
Facebook::Tampico Gob,temporada,14,0,1,Facebook
Facebook::Tampico Gob,lleno,13,8,1,Facebook
Facebook::Tampico Gob,ciudadania,13,2,3,Facebook
Facebook::Tampico Gob,ordenado,13,7,0,Facebook
Facebook::Tampico Gob,canal,13,9,1,Facebook
Facebook::Tampico Gob,arteycultura,13,1,1,Facebook
Facebook::Tampico Gob,programa,13,2,3,Facebook
Facebook::Tampico Gob,servicio,13,2,2,Facebook
Facebook::Tampico Gob,danza,13,1,1,Facebook
Facebook::Tampico Gob,escuela,13,14,1,Facebook
Facebook::Tampico Gob,promover,13,1,0,Facebook
Facebook::Tampico Gob,formar,13,1,3,Facebook
Facebook::Tampico Gob,importante,12,13,0,Facebook
Facebook::Tampico Gob,gracias,12,8,0,Facebook
Facebook::Tampico Gob,fiestas,12,0,3,Facebook
Facebook::Tampico Gob,fundamental,12,3,0,Facebook
Facebook::Tampico Gob,area,12,10,0,Facebook
Facebook::Tampico Gob,apoyo,12,2,2,Facebook
Facebook::Tampico Gob,tamaulipas,12,5,1,Facebook
Facebook::Tampico Gob,casa,12,3,1,Facebook
Facebook::Tampico Gob,indicacion,12,0,4,Facebook
Facebook::Tampico Gob,artistico,12,1,1,Facebook
Facebook::Tampico Gob,secretariadecultura,12,1,1,Facebook
Facebook::Tampico Gob,persona,12,4,3,Facebook
Facebook::Tampico Gob,encuentro,12,1,4,Facebook
Facebook::Tampico Gob,social,12,2,3,Facebook
Facebook::Tampico Gob,vision,11,9,2,Facebook
Facebook::Tampico Gob,transformar,11,2,0,Facebook
Facebook::Tampico Gob,municipio,11,14,2,Facebook
Facebook::Tampico Gob,plaza,11,1,1,Facebook
Facebook::Tampico Gob,region,11,1,2,Facebook
Facebook::Tampico Gob,mundial,11,4,0,Facebook
Facebook::Tampico Gob,emergencia,11,0,0,Facebook
Facebook::Tampico Gob,coordinacion,11,14,2,Facebook
Facebook::Tampico Gob,proteger,11,9,2,Facebook
Facebook::Tampico Gob,educacion,11,14,1,Facebook
Facebook::Tampico Gob,oportunidad,10,13,2,Facebook
Facebook::Tampico Gob,tradicion,10,9,2,Facebook
Facebook::Tampico Gob,experiencia,10,1,4,Facebook
Facebook::Tampico Gob,antonio,10,0,5,Facebook
Facebook::Tampico Gob,operativo,10,0,4,Facebook
Facebook::Tampico Gob,avenida,10,5,1,Facebook
Facebook::Tampico Gob,condicion,10,14,2,Facebook
Facebook::Tampico Gob,diario,10,3,0,Facebook
Facebook::Tampico Gob,recibir,10,9,2,Facebook
Facebook::Tampico Gob,lunes,10,3,1,Facebook
Facebook::Tampico Gob,calidad,10,2,2,Facebook
Facebook::Tampico Gob,norte,10,10,1,Facebook
Facebook::Tampico Gob,sur,10,14,2,Facebook
Facebook::Tampico Gob,permitir,10,14,0,Facebook
Facebook::Tampico Gob,servicios,10,2,2,Facebook
Facebook::Tampico Gob,cuidado,10,3,2,Facebook
Facebook::Tampico Gob,prevenir,10,7,3,Facebook
Facebook::Tampico Gob,rio,10,0,4,Facebook
Facebook::Tampico Gob,pintura,10,14,1,Facebook
Facebook::Tampico Gob,identidad,9,1,3,Facebook
Facebook::Tampico Gob,marin,9,0,5,Facebook
Facebook::Tampico Gob,encontrar,9,7,4,Facebook
Facebook::Tampico Gob,imagen,9,14,2,Facebook
Facebook::Tampico Gob,via,9,7,0,Facebook
Facebook::Tampico Gob,huasteco,9,1,1,Facebook
Facebook::Tampico Gob,viernes,9,10,0,Facebook
Facebook::Tampico Gob,con,9,1,1,Facebook
Facebook::Tampico Gob,objetivo,9,0,1,Facebook
Facebook::Tampico Gob,ciudadano,9,1,0,Facebook
Facebook::Tampico Gob,vialidad,9,2,2,Facebook
Facebook::Tampico Gob,urbano,9,14,2,Facebook
Facebook::Tampico Gob,representar,9,14,1,Facebook
Facebook::Tampico Gob,coordinado,9,14,0,Facebook
Facebook::Tampico Gob,historia,9,1,3,Facebook
Facebook::Tampico Gob,presentar,9,10,0,Facebook
Facebook::Tampico Gob,municipales,9,7,1,Facebook
Facebook::Tampico Gob,alto,9,13,0,Facebook
Facebook::Tampico Gob,esperar,9,4,0,Facebook
Facebook::Tampico Gob,jardin,9,6,3,Facebook
Facebook::Tampico Gob,talento,9,1,2,Facebook
Facebook::Tampico Gob,compartir,9,1,0,Facebook
Facebook::Tampico Gob,construir,9,13,1,Facebook
Facebook::Tampico Gob,guerrero,9,10,0,Facebook
Facebook::Tampico Gob,deportiva,9,1,2,Facebook
Facebook::Tampico Gob,simulacro,9,0,4,Facebook
Facebook::Tampico Gob,mayo,9,10,0,Facebook
Facebook::Tampico Gob,desarrollar,9,4,2,Facebook
Facebook::Tampico Gob,maria,9,8,4,Facebook
Facebook::Tampico Gob,calor,9,7,1,Facebook
Facebook::Tampico Gob,alumno,9,1,0,Facebook
Facebook::Tampico Gob,diariamente,9,7,0,Facebook
Facebook::Tampico Gob,instalacion,9,4,3,Facebook
Facebook::Tampico Gob,infraestructura,9,14,3,Facebook
Facebook::Tampico Gob,deportivo,9,1,4,Facebook
Facebook::Tampico Gob,rehabilitacion,8,14,4,Facebook
Facebook::Tampico Gob,avanzar,8,14,1,Facebook
Facebook::Tampico Gob,agradable,8,14,3,Facebook
Facebook::Tampico Gob,joven,8,13,0,Facebook
Facebook::Tampico Gob,flores,8,0,5,Facebook
Facebook::Tampico Gob,intenso,8,7,1,Facebook
Facebook::Tampico Gob,prioridad,8,7,1,Facebook
Facebook::Tampico Gob,forma,8,12,3,Facebook
Facebook::Tampico Gob,permanente,8,14,0,Facebook
Facebook::Tampico Gob,fomentar,8,5,3,Facebook
Facebook::Tampico Gob,llegar,8,10,1,Facebook
Facebook::Tampico Gob,director,8,0,5,Facebook
Facebook::Tampico Gob,manana,8,10,1,Facebook
Facebook::Tampico Gob,descacharrizacion,8,3,1,Facebook
Facebook::Tampico Gob,torneo,8,1,4,Facebook
Facebook::Tampico Gob,ninos,8,2,4,Facebook
Facebook::Tampico Gob,vicente,8,0,4,Facebook
Facebook::Tampico Gob,orgullo,8,1,2,Facebook
Facebook::Tampico Gob,retirar,8,7,0,Facebook
Facebook::Tampico Gob,encabezar,8,14,0,Facebook
Facebook::Tampico Gob,dejar,7,9,0,Facebook
Facebook::Tampico Gob,tampiquena,7,2,3,Facebook
Facebook::Tampico Gob,turismo,7,14,4,Facebook
Facebook::Tampico Gob,marina,7,6,0,Facebook
Facebook::Tampico Gob,tarea,7,14,3,Facebook
Facebook::Tampico Gob,firme,7,3,0,Facebook
Facebook::Tampico Gob,pasar,7,11,3,Facebook
Facebook::Tampico Gob,recorrer,7,0,1,Facebook
Facebook::Tampico Gob,desecho,7,3,1,Facebook
Facebook::Tampico Gob,informacion,7,11,0,Facebook
Facebook::Tampico Gob,exposicion,7,6,3,Facebook
Facebook::Tampico Gob,horario,7,1,1,Facebook
Facebook::Tampico Gob,miercoles,7,1,1,Facebook
Facebook::Tampico Gob,promociondelasaludtampico,7,3,0,Facebook
Facebook::Tampico Gob,sincriaderosmexicoprotegesusaludyelmundial,7,3,0,Facebook
Facebook::Tampico Gob,integral,7,3,4,Facebook
Facebook::Tampico Gob,retiro,7,3,3,Facebook
Facebook::Tampico Gob,garantizar,7,0,3,Facebook
Facebook::Tampico Gob,diverso,7,14,3,Facebook
Facebook::Tampico Gob,administracion,7,14,0,Facebook
Facebook::Tampico Gob,preventivo,7,0,1,Facebook
Facebook::Tampico Gob,ambiente,7,8,2,Facebook
Facebook::Tampico Gob,encabezado,7,14,0,Facebook
Facebook::Tampico Gob,comentario,7,10,2,Facebook
Facebook::Tampico Gob,agenda,7,1,1,Facebook
Facebook::Tampico Gob,llenar,7,1,1,Facebook
Facebook::Tampico Gob,color,7,9,2,Facebook
Facebook::Tampico Gob,celebrar,7,1,3,Facebook
Facebook::Tampico Gob,expresion,7,6,-1,Facebook
Facebook::Tampico Gob,lectura,7,3,4,Facebook
Facebook::Tampico Gob,unidad,7,6,1,Facebook
Facebook::Tampico Gob,autoridad,7,0,3,Facebook
Facebook::Tampico Gob,felicidades,7,8,0,Facebook
Facebook::Tampico Gob,mensaje,7,5,3,Facebook
Facebook::Tampico Gob,temperatura,7,7,1,Facebook
Facebook::Tampico Gob,contar,7,6,0,Facebook
Facebook::Tampico Gob,pasion,7,1,3,Facebook
Facebook::Tampico Gob,saludable,7,3,1,Facebook
Facebook::Tampico Gob,respuesta,7,0,4,Facebook
Facebook::Tampico Gob,sumar,7,6,1,Facebook
Facebook::Tampico Gob,ejercicio,7,0,4,Facebook
Facebook::Tampico Gob,sistema,7,0,4,Facebook
Facebook::Tampico Gob,general,7,10,0,Facebook
Facebook::Tampico Gob,primaria,7,14,1,Facebook
Facebook::Tampico Gob,inundacion,7,9,1,Facebook
Facebook::Tampico Gob,camion,7,7,0,Facebook
Facebook::Tampico Gob,reconocer,7,6,0,Facebook
Facebook::Tampico Gob,morelos,7,2,4,Facebook
Facebook::Tampico Gob,sesion,7,4,2,Facebook
Facebook::Tampico Gob,ubicado,7,3,3,Facebook
Facebook::Tampico Gob,rejilla,7,9,1,Facebook
Facebook::Tampico Gob,ceremonia,7,13,0,Facebook
Facebook::Tampico Gob,taller,7,3,4,Facebook
Facebook::Tampico Gob,digno,6,14,0,Facebook
Facebook::Tampico Gob,mercado,6,8,4,Facebook
Facebook::Tampico Gob,reflejar,6,1,0,Facebook
Facebook::Tampico Gob,apoyar,6,1,2,Facebook
Facebook::Tampico Gob,santa,6,13,3,Facebook
Facebook::Tampico Gob,cargo,6,12,1,Facebook
Facebook::Tampico Gob,directamente,6,13,3,Facebook
Facebook::Tampico Gob,cuadrilla,6,3,3,Facebook
Facebook::Tampico Gob,aseo,6,7,0,Facebook
Facebook::Tampico Gob,banqueta,6,7,0,Facebook
Facebook::Tampico Gob,hidalgo,6,0,2,Facebook
Facebook::Tampico Gob,peaton,6,9,1,Facebook
Facebook::Tampico Gob,ofrecer,6,3,2,Facebook
Facebook::Tampico Gob,recoleccion,6,7,0,Facebook
Facebook::Tampico Gob,visita,6,0,3,Facebook
Facebook::Tampico Gob,visitante,6,3,2,Facebook
Facebook::Tampico Gob,abierto,6,3,3,Facebook
Facebook::Tampico Gob,vecino,6,2,4,Facebook
Facebook::Tampico Gob,cacharro,6,3,1,Facebook
Facebook::Tampico Gob,distritodesaludparaelbienestariitampico,6,3,0,Facebook
Facebook::Tampico Gob,emblematico,6,3,2,Facebook
Facebook::Tampico Gob,verde,6,7,4,Facebook
Facebook::Tampico Gob,vial,6,5,1,Facebook
Facebook::Tampico Gob,gente,6,6,2,Facebook
Facebook::Tampico Gob,asegurar,6,4,3,Facebook
Facebook::Tampico Gob,ruta,6,14,4,Facebook
Facebook::Tampico Gob,clave,6,6,2,Facebook
Facebook::Tampico Gob,marco,6,6,0,Facebook
Facebook::Tampico Gob,maestro,6,6,0,Facebook
Facebook::Tampico Gob,conocimiento,6,6,3,Facebook
Facebook::Tampico Gob,presentacion,6,1,1,Facebook
Facebook::Tampico Gob,consulta,6,1,1,Facebook
Facebook::Tampico Gob,sorpresa,6,8,1,Facebook
Facebook::Tampico Gob,concierto,6,4,6,Facebook
Facebook::Tampico Gob,favorito,6,8,3,Facebook
Facebook::Tampico Gob,banda,6,1,1,Facebook
Facebook::Tampico Gob,ganador,6,10,2,Facebook
Facebook::Tampico Gob,bailes,6,1,1,Facebook
Facebook::Tampico Gob,populares,6,1,1,Facebook
Facebook::Tampico Gob,aniversario,6,8,4,Facebook
Facebook::Tampico Gob,cuerpo,6,3,1,Facebook
Facebook::Tampico Gob,inauguracion,6,10,0,Facebook
Facebook::Tampico Gob,medico,6,7,3,Facebook
Facebook::Tampico Gob,transito,6,0,2,Facebook
Facebook::Tampico Gob,alegria,6,8,1,Facebook
Facebook::Tampico Gob,premio,6,8,2,Facebook
Facebook::Tampico Gob,recordar,6,4,2,Facebook
Facebook::Tampico Gob,rueda,6,10,3,Facebook
Facebook::Tampico Gob,futbol,6,1,3,Facebook
Facebook::Tampico Gob,hora,6,10,1,Facebook
Facebook::Tampico Gob,grande,6,1,0,Facebook
Facebook::Tampico Gob,hogar,6,0,2,Facebook
Facebook::Tampico Gob,publicos,6,14,2,Facebook
Facebook::Tampico Gob,fumigacion,6,3,1,Facebook
Facebook::Tampico Gob,etapa,6,3,1,Facebook
Facebook::Tampico Gob,beneficio,6,2,3,Facebook
Facebook::Tampico Gob,poblacion,6,0,1,Facebook
Facebook::Tampico Gob,evitar,6,7,2,Facebook
Facebook::Tampico Gob,recomendacion,6,0,2,Facebook
Facebook::Tampico Gob,instituto,6,8,2,Facebook
Facebook::Tampico Gob,acercar,6,2,2,Facebook
Facebook::Tampico Gob,escolar,6,4,3,Facebook
Facebook::Tampico Gob,transitar,6,0,1,Facebook
Facebook::Tampico Gob,comenzar,6,7,0,Facebook
Facebook::Tampico Gob,favorecer,6,3,3,Facebook
Facebook::Tampico Gob,conservar,6,14,0,Facebook
Facebook::Tampico Gob,parque,5,14,4,Facebook
Facebook::Tampico Gob,mejora,5,14,3,Facebook
Facebook::Tampico Gob,mano,5,6,0,Facebook
Facebook::Tampico Gob,seguimiento,5,2,0,Facebook
Facebook::Tampico Gob,sedena,5,0,4,Facebook
Facebook::Tampico Gob,regional,5,14,4,Facebook
Facebook::Tampico Gob,listo,5,10,0,Facebook
Facebook::Tampico Gob,claro,5,4,3,Facebook
Facebook::Tampico Gob,hijas,5,1,1,Facebook
Facebook::Tampico Gob,chairel,5,6,1,Facebook
Facebook::Tampico Gob,museo,5,5,3,Facebook
Facebook::Tampico Gob,jueves,5,11,0,Facebook
Facebook::Tampico Gob,ano,5,11,2,Facebook
Facebook::Tampico Gob,cualquiera,5,6,2,Facebook
Facebook::Tampico Gob,ayuntamiento,5,0,2,Facebook
Facebook::Tampico Gob,reafirmar,5,1,0,Facebook
Facebook::Tampico Gob,buscar,5,5,1,Facebook
Facebook::Tampico Gob,barrido,5,7,4,Facebook
Facebook::Tampico Gob,mascota,5,8,2,Facebook
Facebook::Tampico Gob,proyecto,5,14,4,Facebook
Facebook::Tampico Gob,supervision,5,0,3,Facebook
Facebook::Tampico Gob,colaboracion,5,0,5,Facebook
Facebook::Tampico Gob,recinto,5,10,3,Facebook
Facebook::Tampico Gob,medida,5,7,1,Facebook
Facebook::Tampico Gob,festival,5,10,0,Facebook
Facebook::Tampico Gob,inicio,5,10,0,Facebook
Facebook::Tampico Gob,pierdar,5,8,3,Facebook
Facebook::Tampico Gob,artista,5,9,2,Facebook
Facebook::Tampico Gob,enfermedad,5,7,1,Facebook
Facebook::Tampico Gob,tarde,5,8,1,Facebook
Facebook::Tampico Gob,tradicional,5,1,1,Facebook
Facebook::Tampico Gob,tomar,5,4,2,Facebook
Facebook::Tampico Gob,internacional,5,13,1,Facebook
Facebook::Tampico Gob,libro,5,3,4,Facebook
Facebook::Tampico Gob,adecuado,5,3,3,Facebook
Facebook::Tampico Gob,generar,5,13,2,Facebook
Facebook::Tampico Gob,metro,5,11,3,Facebook
Facebook::Tampico Gob,vivo,5,5,1,Facebook
Facebook::Tampico Gob,detalle,5,10,0,Facebook
Facebook::Tampico Gob,demostrar,5,13,0,Facebook
Facebook::Tampico Gob,partido,5,4,0,Facebook
Facebook::Tampico Gob,aprendizaje,5,3,4,Facebook
Facebook::Tampico Gob,transformacion,5,14,1,Facebook
Facebook::Tampico Gob,adopcion,5,8,2,Facebook
Facebook::Tampico Gob,futuro,5,13,1,Facebook
Facebook::Tampico Gob,edicion,5,10,0,Facebook
Facebook::Tampico Gob,numero,5,10,0,Facebook
Facebook::Tampico Gob,iniciativa,5,13,2,Facebook
Facebook::Tampico Gob,comapa,5,2,2,Facebook
Facebook::Tampico Gob,institucion,5,11,1,Facebook
Facebook::Tampico Gob,huracan,5,0,1,Facebook
Facebook::Tampico Gob,moscu,5,0,4,Facebook
Facebook::Tampico Gob,tonelada,5,3,1,Facebook
Facebook::Tampico Gob,tranquilidad,5,3,2,Facebook
Facebook::Tampico Gob,desazolve,5,9,1,Facebook
Facebook::Tampico Gob,mexicano,5,4,1,Facebook
Facebook::Tampico Gob,obra,5,2,4,Facebook
Facebook::Tampico Gob,llamado,5,0,1,Facebook
Facebook::Tampico Gob,fisico,5,4,3,Facebook
Facebook::Tampico Gob,cambio,5,11,3,Facebook
Facebook::Tampico Gob,funcionamiento,5,3,3,Facebook
Facebook::Tampico Gob,report,5,7,0,Facebook
Facebook::Tampico Gob,tormenta,5,0,1,Facebook
Facebook::Tampico Gob,cascajal,5,0,5,Facebook
Facebook::Tampico Gob,reflexion,5,1,1,Facebook
Facebook::Tampico Gob,economico,5,13,2,Facebook
Facebook::Tampico Gob,herramienta,5,1,2,Facebook
Facebook::Tampico Gob,medio,5,8,2,Facebook
Facebook::Tampico Gob,campo,5,2,0,Facebook
Facebook::Tampico Gob,participante,5,1,1,Facebook
Facebook::Tampico Gob,futbolero,5,1,1,Facebook
Facebook::Tampico Gob,local,5,1,2,Facebook
Facebook::Tampico Gob,noche,5,4,0,Facebook
Facebook::Tampico Gob,adulto,4,6,-1,Facebook
Facebook::Tampico Gob,deporte,4,2,1,Facebook
Facebook::Tampico Gob,preparado,4,0,1,Facebook
Facebook::Tampico Gob,estatal,4,0,3,Facebook
Facebook::Tampico Gob,puerto,4,8,0,Facebook
Facebook::Tampico Gob,principal,4,9,1,Facebook
Facebook::Tampico Gob,generacion,4,1,3,Facebook
Facebook::Tampico Gob,detener,4,12,2,Facebook
Facebook::Tampico Gob,orden,4,14,3,Facebook
Facebook::Tampico Gob,estrategico,4,6,1,Facebook
Facebook::Tampico Gob,libertad,4,6,3,Facebook
Facebook::Tampico Gob,turistico,4,14,4,Facebook
Facebook::Tampico Gob,mundo,4,11,0,Facebook
Facebook::Tampico Gob,sabado,4,4,5,Facebook
Facebook::Tampico Gob,aprovechar,4,14,3,Facebook
Facebook::Tampico Gob,criadero,4,3,1,Facebook
Facebook::Tampico Gob,periodo,4,4,3,Facebook
Facebook::Tampico Gob,bacheo,4,5,1,Facebook
Facebook::Tampico Gob,asfaltico,4,0,2,Facebook
Facebook::Tampico Gob,ecologia,4,8,2,Facebook
Facebook::Tampico Gob,oportuno,4,7,3,Facebook
Facebook::Tampico Gob,reporte,4,7,0,Facebook
Facebook::Tampico Gob,arbol,4,7,4,Facebook
Facebook::Tampico Gob,liderazgo,4,13,5,Facebook
Facebook::Tampico Gob,animal,4,8,2,Facebook
Facebook::Tampico Gob,asistente,4,0,3,Facebook
Facebook::Tampico Gob,ferial,4,0,3,Facebook
Facebook::Tampico Gob,necesario,4,0,3,Facebook
Facebook::Tampico Gob,visitar,4,3,2,Facebook
Facebook::Tampico Gob,conectar,4,3,2,Facebook
Facebook::Tampico Gob,naturaleza,4,3,2,Facebook
Facebook::Tampico Gob,invitacion,4,8,1,Facebook
Facebook::Tampico Gob,teatro,4,4,6,Facebook
Facebook::Tampico Gob,lograr,4,13,2,Facebook
Facebook::Tampico Gob,pase,4,10,2,Facebook
Facebook::Tampico Gob,doble,4,10,2,Facebook
Facebook::Tampico Gob,cancion,4,8,3,Facebook
Facebook::Tampico Gob,azar,4,8,3,Facebook
Facebook::Tampico Gob,sano,4,1,0,Facebook
Facebook::Tampico Gob,entrada,4,3,4,Facebook
Facebook::Tampico Gob,emocion,4,4,0,Facebook
Facebook::Tampico Gob,intercambio,4,1,4,Facebook
Facebook::Tampico Gob,pequeno,4,0,4,Facebook
Facebook::Tampico Gob,critico,4,9,1,Facebook
Facebook::Tampico Gob,luis,4,6,1,Facebook
Facebook::Tampico Gob,gonzalez,4,5,1,Facebook
Facebook::Tampico Gob,garcia,4,12,2,Facebook
Facebook::Tampico Gob,ligero,4,7,1,Facebook
Facebook::Tampico Gob,electrico,4,0,1,Facebook
Facebook::Tampico Gob,artes,4,3,2,Facebook
Facebook::Tampico Gob,amor,4,3,2,Facebook
Facebook::Tampico Gob,expo,4,1,3,Facebook
Facebook::Tampico Gob,requerir,4,0,1,Facebook
Facebook::Tampico Gob,empresa,4,13,2,Facebook
Facebook::Tampico Gob,familiar,4,4,0,Facebook
Facebook::Tampico Gob,ayudar,4,12,1,Facebook
Facebook::Tampico Gob,auditorio,4,8,1,Facebook
Facebook::Tampico Gob,mercadito,4,1,1,Facebook
Facebook::Tampico Gob,cielo,4,3,3,Facebook
Facebook::Tampico Gob,madero,4,5,0,Facebook
Facebook::Tampico Gob,educativo,4,14,1,Facebook
Facebook::Tampico Gob,cabildo,4,7,3,Facebook
Facebook::Tampico Gob,mujer,4,10,3,Facebook
Facebook::Tampico Gob,fresco,4,7,1,Facebook
Facebook::Tampico Gob,acudir,4,7,1,Facebook
Facebook::Tampico Gob,perez,4,2,2,Facebook
Facebook::Tampico Gob,comunitario,4,1,0,Facebook
Facebook::Tampico Gob,iniciar,4,5,1,Facebook
Facebook::Tampico Gob,cercano,4,2,3,Facebook
Facebook::Tampico Gob,llamar,4,11,1,Facebook
Facebook::Tampico Gob,utilizar,4,9,1,Facebook
Facebook::Tampico Gob,juventud,4,13,0,Facebook
Facebook::Tampico Gob,flujo,4,9,1,Facebook
Facebook::Tampico Gob,encharcamiento,4,9,1,Facebook
Facebook::Tampico Gob,historico,4,6,1,Facebook
Facebook::Tampico Gob,fecha,4,10,0,Facebook
Facebook::Tampico Gob,finalidad,4,0,3,Facebook
Facebook::Tampico Gob,dedicacion,4,13,0,Facebook
Facebook::Tampico Gob,honor,4,8,0,Facebook
Facebook::Tampico Gob,ninez,4,8,1,Facebook
Facebook::Tampico Gob,dialogo,4,2,0,Facebook
Facebook::Tampico Gob,tamaulipeco,4,6,1,Facebook
Facebook::Tampico Gob,asimismo,4,1,1,Facebook
Facebook::Tampico Gob,presente,4,4,5,Facebook
Facebook::Tampico Gob,consolidar,4,1,2,Facebook
Facebook::Tampico Gob,convertir,4,6,2,Facebook
Facebook::Tampico Gob,natural,4,3,2,Facebook
Facebook::Tampico Gob,uat,4,5,1,Facebook
Facebook::Tampico Gob,tecnica,4,8,2,Facebook
Facebook::Tampico Gob,lagunario,4,3,2,Facebook
Facebook::Tampico Gob,panuco,4,7,0,Facebook
Facebook::Tampico Gob,comida,3,8,4,Facebook
Facebook::Tampico Gob,importancia,3,9,2,Facebook
Facebook::Tampico Gob,guardia,3,6,2,Facebook
Facebook::Tampico Gob,feria,3,0,3,Facebook
Facebook::Tampico Gob,profundo,3,3,3,Facebook
Facebook::Tampico Gob,inmediato,3,12,-1,Facebook
Facebook::Tampico Gob,fuerte,3,7,2,Facebook
Facebook::Tampico Gob,comprometido,3,2,3,Facebook
Facebook::Tampico Gob,activo,3,13,4,Facebook
Facebook::Tampico Gob,martes,3,1,3,Facebook
Facebook::Tampico Gob,realidad,3,6,2,Facebook
Facebook::Tampico Gob,responsabilidad,3,3,2,Facebook
Facebook::Tampico Gob,dengue,3,14,0,Facebook
Facebook::Tampico Gob,rama,3,7,0,Facebook
Facebook::Tampico Gob,seco,3,7,1,Facebook
Facebook::Tampico Gob,traslado,3,0,2,Facebook
Facebook::Tampico Gob,residuo,3,9,3,Facebook
Facebook::Tampico Gob,jugar,3,3,4,Facebook
Facebook::Tampico Gob,beneficiar,3,14,1,Facebook
Facebook::Tampico Gob,cordial,3,11,2,Facebook
Facebook::Tampico Gob,celebracion,3,8,1,Facebook
Facebook::Tampico Gob,presencia,3,13,4,Facebook
Facebook::Tampico Gob,regalar,3,10,2,Facebook
Facebook::Tampico Gob,ritmo,3,1,1,Facebook
Facebook::Tampico Gob,mes,3,4,3,Facebook
Facebook::Tampico Gob,fundacion,3,8,4,Facebook
Facebook::Tampico Gob,abrir,3,6,1,Facebook
Facebook::Tampico Gob,voz,3,1,0,Facebook
Facebook::Tampico Gob,gerardo,3,0,0,Facebook
Facebook::Tampico Gob,fuente,3,0,0,Facebook
Facebook::Tampico Gob,rafael,3,12,2,Facebook
Facebook::Tampico Gob,voluntario,3,0,4,Facebook
Facebook::Tampico Gob,conjunto,3,14,0,Facebook
Facebook::Tampico Gob,favor,3,11,5,Facebook
Facebook::Tampico Gob,privado,3,4,2,Facebook
Facebook::Tampico Gob,inolvidable,3,4,0,Facebook
Facebook::Tampico Gob,prever,3,4,5,Facebook
Facebook::Tampico Gob,frente,3,9,1,Facebook
Facebook::Tampico Gob,afectacion,3,0,1,Facebook
Facebook::Tampico Gob,mosquito,3,3,1,Facebook
Facebook::Tampico Gob,objeto,3,3,1,Facebook
Facebook::Tampico Gob,llanta,3,3,1,Facebook
Facebook::Tampico Gob,querer,3,11,0,Facebook
Facebook::Tampico Gob,donde,3,12,2,Facebook
Facebook::Tampico Gob,ven,3,3,4,Facebook
Facebook::Tampico Gob,corazon,3,13,2,Facebook
Facebook::Tampico Gob,cancha,3,14,4,Facebook
Facebook::Tampico Gob,volver,3,12,2,Facebook
Facebook::Tampico Gob,final,3,10,2,Facebook
Facebook::Tampico Gob,acapulco,3,10,0,Facebook
Facebook::Tampico Gob,tancol,3,2,4,Facebook
Facebook::Tampico Gob,san,3,10,1,Facebook
Facebook::Tampico Gob,universidad,3,10,1,Facebook
Facebook::Tampico Gob,gestion,3,9,3,Facebook
Facebook::Tampico Gob,diaz,3,9,2,Facebook
Facebook::Tampico Gob,esquina,3,2,4,Facebook
Facebook::Tampico Gob,capacidad,3,0,4,Facebook
Facebook::Tampico Gob,innovacion,3,6,1,Facebook
Facebook::Tampico Gob,celular,3,13,4,Facebook
Facebook::Tampico Gob,linea,3,4,2,Facebook
Facebook::Tampico Gob,regalo,3,8,1,Facebook
Facebook::Tampico Gob,reforzar,3,7,3,Facebook
Facebook::Tampico Gob,plantel,3,14,1,Facebook
Facebook::Tampico Gob,material,3,3,2,Facebook
Facebook::Tampico Gob,ordinaria,3,7,3,Facebook
Facebook::Tampico Gob,medicos,3,7,1,Facebook
Facebook::Tampico Gob,especialmente,3,6,0,Facebook
Facebook::Tampico Gob,aire,3,9,2,Facebook
Facebook::Tampico Gob,pueblo,3,11,5,Facebook
Facebook::Tampico Gob,gratuito,3,2,2,Facebook
Facebook::Tampico Gob,destacar,3,14,4,Facebook
Facebook::Tampico Gob,reparacion,3,2,2,Facebook
Facebook::Tampico Gob,boca,3,9,4,Facebook
Facebook::Tampico Gob,movilidad,3,2,2,Facebook
Facebook::Tampico Gob,arrancar,3,5,1,Facebook
Facebook::Tampico Gob,altamira,3,5,0,Facebook
Facebook::Tampico Gob,reducir,3,14,3,Facebook
Facebook::Tampico Gob,sala,3,6,1,Facebook
Facebook::Tampico Gob,memoria,3,5,3,Facebook
Facebook::Tampico Gob,padre,3,4,0,Facebook
Facebook::Tampico Gob,situacion,3,0,1,Facebook
Facebook::Tampico Gob,campeon,3,13,0,Facebook
Facebook::Tampico Gob,accidente,3,7,2,Facebook
Facebook::Tampico Gob,dependencia,3,0,4,Facebook
Facebook::Tampico Gob,recreativa,3,1,4,Facebook
Facebook::Tampico Gob,oficial,3,5,1,Facebook
Facebook::Tampico Gob,disciplina,3,13,0,Facebook
Facebook::Tampico Gob,sede,3,1,4,Facebook
Facebook::Tampico Gob,necesidad,3,2,0,Facebook
Facebook::Tampico Gob,respaldo,3,10,3,Facebook
Facebook::Tampico Gob,conservacion,3,1,4,Facebook
Facebook::Tampico Gob,concreto,3,2,4,Facebook
Facebook::Tampico Gob,atendido,3,2,0,Facebook
Facebook::Tampico Gob,fauna,3,11,3,Facebook
Facebook::Tampico Gob,diferencia,3,2,4,Facebook
Facebook::Tampico Gob,practica,3,1,2,Facebook
Facebook::Tampico Gob,fotografico,3,6,3,Facebook
Facebook::Tampico Gob,acuerdo,3,4,1,Facebook
Facebook::Tampico Gob,acompanar,3,13,0,Facebook
Facebook::Tampico Gob,impulsado,3,3,0,Facebook
Facebook::Tampico Gob,fuerza,3,10,3,Facebook
Facebook::Tampico Gob,convivir,2,4,0,Facebook
Facebook::Tampico Gob,rescatar,2,3,4,Facebook
Facebook::Tampico Gob,gastronomico,2,14,4,Facebook
Facebook::Tampico Gob,sigar,2,8,0,Facebook
Facebook::Tampico Gob,descanso,2,3,2,Facebook
Facebook::Tampico Gob,bote,2,7,0,Facebook
Facebook::Tampico Gob,diversion,2,8,1,Facebook
Facebook::Tampico Gob,reflejo,2,9,3,Facebook
Facebook::Tampico Gob,turista,2,8,3,Facebook
Facebook::Tampico Gob,increible,2,8,2,Facebook
Facebook::Tampico Gob,armas,2,12,3,Facebook
Facebook::Tampico Gob,andres,2,12,2,Facebook
Facebook::Tampico Gob,central,2,3,2,Facebook
Facebook::Tampico Gob,sonrisa,2,2,3,Facebook
Facebook::Tampico Gob,distinguir,2,9,3,Facebook
Facebook::Tampico Gob,semanasanta,2,8,3,Facebook
Facebook::Tampico Gob,sentir,2,11,4,Facebook
Facebook::Tampico Gob,cambiar,2,2,0,Facebook
Facebook::Tampico Gob,pavimentacion,2,2,4,Facebook
Facebook::Tampico Gob,escuchar,2,2,0,Facebook
Facebook::Tampico Gob,resolver,2,12,0,Facebook
Facebook::Tampico Gob,arenal,2,2,4,Facebook
Facebook::Tampico Gob,retirado,2,4,0,Facebook
Facebook::Tampico Gob,eliminar,2,4,0,Facebook
Facebook::Tampico Gob,patio,2,3,1,Facebook
Facebook::Tampico Gob,vacacional,2,4,3,Facebook
Facebook::Tampico Gob,mil,2,8,3,Facebook
Facebook::Tampico Gob,vehicular,2,0,2,Facebook
Facebook::Tampico Gob,aplicar,2,11,1,Facebook
Facebook::Tampico Gob,eficiente,2,0,4,Facebook
Facebook::Tampico Gob,crecer,2,6,0,Facebook
Facebook::Tampico Gob,correr,2,7,4,Facebook
Facebook::Tampico Gob,reunion,2,1,2,Facebook
Facebook::Tampico Gob,prioritario,2,7,3,Facebook
Facebook::Tampico Gob,riqueza,2,14,4,Facebook
Facebook::Tampico Gob,ambiental,2,1,4,Facebook
Facebook::Tampico Gob,jorge,2,1,4,Facebook
Facebook::Tampico Gob,responsable,2,3,2,Facebook
Facebook::Tampico Gob,pagina,2,10,1,Facebook
Facebook::Tampico Gob,baile,2,8,1,Facebook
Facebook::Tampico Gob,propuesta,2,6,1,Facebook
Facebook::Tampico Gob,ventana,2,3,1,Facebook
Facebook::Tampico Gob,estacion,2,9,-1,Facebook
Facebook::Tampico Gob,cual,2,10,2,Facebook
Facebook::Tampico Gob,cierre,2,5,3,Facebook
Facebook::Tampico Gob,palacio,2,12,0,Facebook
Facebook::Tampico Gob,precaucion,2,11,3,Facebook
Facebook::Tampico Gob,informar,2,10,1,Facebook
Facebook::Tampico Gob,evento,2,8,1,Facebook
Facebook::Tampico Gob,velocidad,2,0,1,Facebook
Facebook::Tampico Gob,madrugada,2,0,1,Facebook
Facebook::Tampico Gob,sacar,2,11,3,Facebook
Facebook::Tampico Gob,acumular,2,3,1,Facebook
Facebook::Tampico Gob,intercolonias,2,5,3,Facebook
Facebook::Tampico Gob,sonrisas,2,2,3,Facebook
Facebook::Tampico Gob,cuando,2,12,2,Facebook
Facebook::Tampico Gob,tierra,2,6,2,Facebook
Facebook::Tampico Gob,luz,2,3,1,Facebook
Facebook::Tampico Gob,fiesta,2,1,3,Facebook
Facebook::Tampico Gob,copa,2,13,0,Facebook
Facebook::Tampico Gob,victoria,2,11,0,Facebook
Facebook::Tampico Gob,puebla,2,5,2,Facebook
Facebook::Tampico Gob,sembrar,2,4,6,Facebook
Facebook::Tampico Gob,unir,2,1,3,Facebook
Facebook::Tampico Gob,inspirar,2,8,2,Facebook
Facebook::Tampico Gob,necesitar,2,2,0,Facebook
Facebook::Tampico Gob,acto,2,6,3,Facebook
Facebook::Tampico Gob,distrito,2,14,2,Facebook
Facebook::Tampico Gob,venir,2,4,0,Facebook
Facebook::Tampico Gob,valioso,2,1,2,Facebook
Facebook::Tampico Gob,traer,2,11,0,Facebook
Facebook::Tampico Gob,pais,2,12,0,Facebook
Facebook::Tampico Gob,corto,2,0,1,Facebook
Facebook::Tampico Gob,circuito,2,0,1,Facebook
Facebook::Tampico Gob,dif,2,13,3,Facebook
Facebook::Tampico Gob,sentido,2,10,4,Facebook
Facebook::Tampico Gob,lucha,2,8,1,Facebook
Facebook::Tampico Gob,guadalupe,2,11,5,Facebook
Facebook::Tampico Gob,puente,2,4,3,Facebook
Facebook::Tampico Gob,afectar,2,0,1,Facebook
Facebook::Tampico Gob,estrategia,2,14,0,Facebook
Facebook::Tampico Gob,champayan,2,9,1,Facebook
Facebook::Tampico Gob,deber,2,11,1,Facebook
Facebook::Tampico Gob,humanista,2,2,0,Facebook
Facebook::Tampico Gob,presidente,2,14,2,Facebook
Facebook::Tampico Gob,siglo,2,1,3,Facebook
Facebook::Tampico Gob,asistir,2,8,2,Facebook
Facebook::Tampico Gob,donacion,2,3,3,Facebook
Facebook::Tampico Gob,simple,2,7,1,Facebook
Facebook::Tampico Gob,sol,2,5,1,Facebook
Facebook::Tampico Gob,permanecer,2,4,4,Facebook
Facebook::Tampico Gob,exceso,2,7,1,Facebook
Facebook::Tampico Gob,dolor,2,7,1,Facebook
Facebook::Tampico Gob,cabeza,2,11,1,Facebook
Facebook::Tampico Gob,directo,2,12,3,Facebook
Facebook::Tampico Gob,venta,2,10,0,Facebook
Facebook::Tampico Gob,construccion,2,1,0,Facebook
Facebook::Tampico Gob,primario,2,13,3,Facebook
Facebook::Tampico Gob,lopez,2,12,2,Facebook
Facebook::Tampico Gob,juego,2,9,2,Facebook
Facebook::Tampico Gob,violencia,2,1,0,Facebook
Facebook::Tampico Gob,perdida,2,7,1,Facebook
Facebook::Tampico Gob,solucion,2,14,2,Facebook
Facebook::Tampico Gob,confusion,2,7,1,Facebook
Facebook::Tampico Gob,vacheando,2,2,2,Facebook
Facebook::Tampico Gob,camino,2,6,1,Facebook
Facebook::Tampico Gob,nacer,2,2,2,Facebook
Facebook::Tampico Gob,rapido,2,0,1,Facebook
Facebook::Tampico Gob,actuar,2,9,0,Facebook
Facebook::Tampico Gob,sombra,2,7,1,Facebook
Facebook::Tampico Gob,recurso,2,4,3,Facebook
Facebook::Tampico Gob,temprano,2,9,1,Facebook
Facebook::Tampico Gob,registrado,2,0,1,Facebook
Facebook::Tampico Gob,ana,2,5,3,Facebook
Facebook::Tampico Gob,frank,2,5,3,Facebook
Facebook::Tampico Gob,esperanza,2,6,1,Facebook
Facebook::Tampico Gob,muestra,2,1,3,Facebook
Facebook::Tampico Gob,completamente,2,2,2,Facebook
Facebook::Tampico Gob,felicidad,2,8,0,Facebook
Facebook::Tampico Gob,seleccion,2,4,0,Facebook
Facebook::Tampico Gob,deportista,2,13,0,Facebook
Facebook::Tampico Gob,tecnico,2,11,2,Facebook
Facebook::Tampico Gob,trabajador,2,10,3,Facebook
Facebook::Tampico Gob,enrique,2,12,2,Facebook
Facebook::Tampico Gob,carpeta,2,5,1,Facebook
Facebook::Tampico Gob,monterrey,2,5,2,Facebook
Facebook::Tampico Gob,entregar,2,6,2,Facebook
Facebook::Tampico Gob,bandera,2,14,1,Facebook
Facebook::Tampico Gob,cruz,2,3,1,Facebook
Facebook::Tampico Gob,civico,2,14,1,Facebook
Facebook::Tampico Gob,estudiante,2,5,3,Facebook
Facebook::Tampico Gob,agradecer,2,10,0,Facebook
Facebook::Tampico Gob,vocacion,2,5,3,Facebook
Facebook::Tampico Gob,mar,2,6,3,Facebook
Facebook::Tampico Gob,corriente,2,7,2,Facebook
Facebook::Tampico Gob,cumplir,2,10,1,Facebook
Facebook::Tampico Gob,informativo,2,1,1,Facebook
Facebook::Tampico Gob,control,2,14,0,Facebook
Facebook::Tampico Gob,invaluable,2,6,2,Facebook
Facebook::Tampico Gob,gobernador,2,14,1,Facebook
Facebook::Tampico Gob,americo,2,14,1,Facebook
Facebook::Tampico Gob,puertas,2,2,4,Facebook
Facebook::Tampico Gob,coloradas,2,2,4,Facebook
Facebook::Tampico Gob,recuperacion,2,3,3,Facebook
Facebook::Tampico Gob,fortalecimiento,2,13,5,Facebook
Facebook::Tampico Gob,logro,2,13,1,Facebook
Facebook::Tampico Gob,habitar,2,9,2,Facebook
Facebook::Tampico Gob,hidraulico,2,2,4,Facebook
Facebook::Tampico Gob,papel,2,5,3,Facebook
Facebook::Tampico Gob,recolector,2,9,1,Facebook
Facebook::Tampico Gob,detras,2,9,2,Facebook
Facebook::Tampico Gob,existir,2,10,1,Facebook
Facebook::Tampico Gob,respaldar,2,14,1,Facebook
Facebook::Tampico Gob,torres,2,9,1,Facebook
Facebook::Tampico Gob,conurbado,2,14,2,Facebook
Facebook::Tampico Gob,tirar,2,9,1,Facebook
Facebook::Tampico Gob,respetar,2,10,4,Facebook
Facebook::Tampico Gob,patrimonio,2,14,0,Facebook
Facebook::Tampico Gob,francisco,2,9,-1,Facebook
Facebook::Tampico Gob,movil,2,3,4,Facebook
Facebook::Tampico Gob,pesado,2,7,0,Facebook
Facebook::Tampico Gob,voluntad,2,10,3,Facebook
Facebook::Tampico Gob,federal,2,12,1,Facebook
Facebook::Tampico Gob,capacitacion,2,1,2,Facebook
Facebook::Tampico Gob,producto,2,1,2,Facebook
Facebook::Tampico Gob,ahorro,2,4,3,Facebook
Facebook::Tampico Gob,real,2,13,2,Facebook
Facebook::Tampico Gob,drenaje,2,3,3,Facebook
Facebook::Tampico Gob,sanchez,2,8,1,Facebook
Facebook::Tampico Gob,peticion,2,2,4,Facebook
Facebook::Tampico Gob,hablar,2,11,0,Facebook
Facebook::Tampico Gob,exito,2,8,0,Facebook
Facebook::Tampico Gob,alimento,2,1,2,Facebook
Facebook::Tampico Gob,reunir,2,1,3,Facebook
Facebook::Tampico Gob,emprendedor,2,1,2,Facebook
Facebook::Tampico Gob,evidencia,2,0,4,Facebook
Facebook::Tampico Gob,resultado,2,2,0,Facebook
Facebook::Tampico Gob,formacion,2,7,3,Facebook
Facebook::Tampico Gob,mundialista,2,1,3,Facebook
Facebook::Tampico Gob,elegir,2,10,1,Facebook
Facebook::Tampico Gob,responder,2,13,4,Facebook
Facebook::Tampico Gob,proceso,2,3,3,Facebook
Facebook::Tampico Gob,incluir,2,4,0,Facebook
Facebook::Tampico Gob,legado,2,1,3,Facebook
Facebook::Tampico Gob,mesa,2,10,0,Facebook
Facebook::Tampico Gob,banco,2,13,5,Facebook
Facebook::Tampico Gob,pinos,2,14,2,Facebook
Facebook::Tampico Gob,julio,2,4,2,Facebook
Facebook::Tampico Gob,laredo,2,5,1,Facebook
Facebook::Tampico Gob,carino,1,8,3,Facebook
Facebook::Tampico Gob,unico,1,11,4,Facebook
Facebook::Tampico Gob,gusto,1,8,4,Facebook
Facebook::Tampico Gob,negocio,1,10,4,Facebook
Facebook::Tampico Gob,realizamos,1,13,1,Facebook
Facebook::Tampico Gob,sociedad,1,6,2,Facebook
Facebook::Tampico Gob,guia,1,3,2,Facebook
Facebook::Tampico Gob,vacacion,1,5,1,Facebook
Facebook::Tampico Gob,santo,1,8,2,Facebook
Facebook::Tampico Gob,marzo,1,6,1,Facebook
Facebook::Tampico Gob,cifra,1,14,0,Facebook
Facebook::Tampico Gob,meta,1,13,2,Facebook
Facebook::Tampico Gob,pavimento,1,14,2,Facebook
Facebook::Tampico Gob,baja,1,10,3,Facebook
Facebook::Tampico Gob,unido,1,4,6,Facebook
Facebook::Tampico Gob,unidos,1,11,6,Facebook
Facebook::Tampico Gob,amigo,1,9,2,Facebook
Facebook::Tampico Gob,sostener,1,14,2,Facebook
Facebook::Tampico Gob,ave,1,6,3,Facebook
Facebook::Tampico Gob,biodiversidad,1,3,2,Facebook
Facebook::Tampico Gob,protegido,1,4,1,Facebook
Facebook::Tampico Gob,especialista,1,9,2,Facebook
Facebook::Tampico Gob,pensar,1,11,1,Facebook
Facebook::Tampico Gob,ocasion,1,10,1,Facebook
Facebook::Tampico Gob,movimiento,1,10,3,Facebook
Facebook::Tampico Gob,instalar,1,10,1,Facebook
Facebook::Tampico Gob,divisoria,1,3,1,Facebook
Facebook::Tampico Gob,vuelta,1,11,0,Facebook
Facebook::Tampico Gob,alcanzar,1,6,1,Facebook
Facebook::Tampico Gob,descubrir,1,4,5,Facebook
Facebook::Tampico Gob,ingreso,1,4,5,Facebook
Facebook::Tampico Gob,golfo,1,4,5,Facebook
Facebook::Tampico Gob,lluvias,1,0,1,Facebook
Facebook::Tampico Gob,echeverria,1,2,3,Facebook
Facebook::Tampico Gob,totalmente,1,3,4,Facebook
Facebook::Tampico Gob,salir,1,11,0,Facebook
Facebook::Tampico Gob,cuarto,1,4,0,Facebook
Facebook::Tampico Gob,empezar,1,12,3,Facebook
Facebook::Tampico Gob,maximo,1,10,0,Facebook
Facebook::Tampico Gob,tianguis,1,10,0,Facebook
Facebook::Tampico Gob,matamoros,1,5,0,Facebook
Facebook::Tampico Gob,roma,1,7,3,Facebook
Facebook::Tampico Gob,villa,1,6,1,Facebook
Facebook::Tampico Gob,hermosa,1,3,1,Facebook
Facebook::Tampico Gob,puerta,1,10,0,Facebook
Facebook::Tampico Gob,cfe,1,0,1,Facebook
Facebook::Tampico Gob,hotel,1,6,1,Facebook
Facebook::Tampico Gob,interes,1,10,1,Facebook
Facebook::Tampico Gob,secretario,1,4,3,Facebook
Facebook::Tampico Gob,basico,1,6,0,Facebook
Facebook::Tampico Gob,servir,1,6,2,Facebook
Facebook::Tampico Gob,mirar,1,11,0,Facebook
Facebook::Tampico Gob,sueno,1,10,3,Facebook
Facebook::Tampico Gob,feliz,1,8,1,Facebook
Facebook::Tampico Gob,solicitar,1,7,3,Facebook
Facebook::Tampico Gob,aprender,1,11,3,Facebook
Facebook::Tampico Gob,festejo,1,8,1,Facebook
Facebook::Tampico Gob,impulso,1,2,1,Facebook
Facebook::Tampico Gob,erasmo,1,13,1,Facebook
Facebook::Tampico Gob,robledo,1,8,4,Facebook
Facebook::Tampico Gob,patria,1,12,1,Facebook
Facebook::Tampico Gob,tecnologica,1,3,2,Facebook
Facebook::Tampico Gob,jesus,1,2,4,Facebook
Facebook::Tampico Gob,elias,1,2,4,Facebook
Facebook::Tampico Gob,pina,1,2,4,Facebook
Facebook::Tampico Gob,dental,1,2,2,Facebook
Facebook::Tampico Gob,corte,1,11,2,Facebook
Facebook::Tampico Gob,costo,1,4,3,Facebook
Facebook::Tampico Gob,gratis,1,4,3,Facebook
Facebook::Tampico Gob,cercania,1,2,0,Facebook
Facebook::Tampico Gob,gracia,1,11,2,Facebook
Facebook::Tampico Gob,ocurrir,1,11,5,Facebook
Facebook::Tampico Gob,rojo,1,13,5,Facebook
Facebook::Tampico Gob,automovil,1,7,2,Facebook
Facebook::Tampico Gob,hospital,1,7,3,Facebook
Facebook::Tampico Gob,rezago,1,5,1,Facebook
Facebook::Tampico Gob,bache,1,2,2,Facebook
Facebook::Tampico Gob,dedo,1,12,-1,Facebook
Facebook::Tampico Gob,titular,1,10,0,Facebook
Facebook::Tampico Gob,multiple,1,0,0,Facebook
Facebook::Tampico Gob,dinamica,1,4,0,Facebook
Facebook::Tampico Gob,respeto,1,9,4,Facebook
Facebook::Tampico Gob,papa,1,6,0,Facebook
Facebook::Tampico Gob,olimpiada,1,13,0,Facebook
Facebook::Tampico Gob,conade,1,13,0,Facebook
Facebook::Tampico Gob,nombre,1,12,2,Facebook
Facebook::Tampico Gob,competencia,1,13,5,Facebook
Facebook::Tampico Gob,reconocimiento,1,13,1,Facebook
Facebook::Tampico Gob,carlos,1,4,0,Facebook
Facebook::Tampico Gob,reynosa,1,5,0,Facebook
Facebook::Tampico Gob,alumbrado,1,14,3,Facebook
Facebook::Tampico Gob,danado,1,9,0,Facebook
Facebook::Tampico Gob,quedar,1,11,0,Facebook
Facebook::Tampico Gob,pieza,1,1,3,Facebook
Facebook::Tampico Gob,balon,1,4,0,Facebook
Facebook::Tampico Gob,palabra,1,9,-1,Facebook
Facebook::Tampico Gob,tocar,1,11,2,Facebook
Facebook::Tampico Gob,derecho,1,10,3,Facebook
Facebook::Tampico Gob,publica,1,4,2,Facebook
Facebook::Tampico Gob,hombre,1,13,5,Facebook
Facebook::Tampico Gob,comercial,1,1,2,Facebook
Facebook::Tampico Gob,lista,1,12,1,Facebook
Facebook::Tampico Gob,caso,1,10,4,Facebook
Facebook::Tampico Gob,incansable,1,0,1,Facebook
Facebook::Tampico Gob,pago,1,10,1,Facebook
Facebook::Tampico Gob,delegacion,1,10,1,Facebook
Facebook::Tampico Gob,web,1,14,3,Facebook
Facebook::Tampico Gob,cine,1,14,0,Facebook
Facebook::Tampico Gob,homenaje,1,6,3,Facebook
Facebook::Tampico Gob,medalla,1,12,3,Facebook
Facebook::Tampico Gob,merito,1,8,2,Facebook
Facebook::Tampico Gob,ecologico,1,8,2,Facebook
Facebook::Tampico Gob,digital,1,7,3,Facebook
Facebook::Tampico Gob,registrar,1,5,1,Facebook
Facebook::Tampico Gob,base,1,13,4,Facebook
Facebook::Tampico Gob,intervencion,1,12,-1,Facebook
Facebook::Tampico Gob,dialogos,1,2,4,Facebook
Facebook::Tampico Gob,atleta,1,13,0,Facebook
Facebook::Tampico Gob,especie,1,1,4,Facebook
Facebook::Tampico Gob,investigacion,1,5,3,Facebook
Facebook::Tampico Gob,martinez,1,9,2,Facebook
Facebook::Tampico Gob,sostenible,1,10,0,Facebook
Facebook::Tampico Gob,resumen,1,4,3,Facebook
Facebook::Tampico Gob,organizado,1,4,3,Facebook
Facebook::Tampico Gob,manuel,1,12,2,Facebook
Facebook::Tampico Gob,morena,1,12,4,Facebook
Facebook::Tampico Gob,capturar,1,12,0,Facebook
Facebook::Tampico Gob,viejo,1,11,5,Facebook
Facebook::Tampico Gob,levantar,1,7,0,Facebook
Facebook::Tampico Gob,normal,1,11,0,Facebook
Facebook::Tampico Gob,movilizar,1,13,5,Facebook
Facebook::Tampico Gob,notar,1,4,1,Facebook
Facebook::Tampico Gob,dano,1,4,1,Facebook
Facebook::Tampico Gob,pedro,1,10,1,Facebook
Facebook::Tampico Gob,vehiculo,1,7,2,Facebook
Facebook::Tampico Gob,tecnologico,1,14,1,Facebook
Facebook::Tampico Gob,solidaridad,1,10,3,Facebook
Facebook::Tampico Gob,platino,1,9,3,Facebook
Facebook::Tampico Gob,ategrus,1,9,3,Facebook
Facebook::Tampico Gob,asociacion,1,4,2,Facebook
Facebook::Tampico Gob,serie,1,4,5,Facebook
Facebook::Tampico Gob,presidencia,1,8,2,Facebook
Facebook::Tampico Gob,piso,1,11,4,Facebook
Facebook::Tampico Gob,album,1,4,0,Facebook
Facebook::Tampico Gob,monumento,1,5,1,Facebook
Facebook::Tampico Gob,jaiba,1,10,5,Facebook
Facebook::Tampico Gob,tratar,1,10,4,Facebook
Facebook::Tampico Gob,dulce,1,9,4,Facebook
Facebook::Tampico Gob,directora,1,7,3,Facebook
Facebook::Tampico Gob,divertido,1,8,1,Facebook
Facebook::Tampico Gob,excelente,1,2,1,Facebook
Facebook::Tampico Gob,llegada,1,13,4,Facebook
Facebook::Tampico Gob,noticia,1,11,6,Facebook
Facebook::Tampico Gob,duda,1,10,1,Facebook
Facebook::Tampico Gob,bonito,1,8,1,Facebook
Facebook::Tampico Gob,economia,1,1,2,Facebook
Facebook::Tampico Gob,gastronomia,1,8,4,Facebook
Facebook::Tampico Gob,registro,1,7,2,Facebook
Facebook::Tampico Gob,reciente,1,13,1,Facebook
Facebook::Tampico Gob,liberacion,1,3,2,Facebook
Facebook::Tampico Gob,mando,1,11,3,Facebook
Facebook::Tampico Gob,grupo,1,13,3,Facebook
Facebook::Tampico Gob,enfrentar,1,11,1,Facebook
Facebook::Tampico Gob,adan,1,12,2,Facebook
Facebook::Tampico Gob,profesional,1,13,5,Facebook
Facebook::Tampico Gob,desear,1,4,6,Facebook
Facebook::Tampico Gob,convencido,1,6,1,Facebook
Facebook::Tampico Gob,dias,1,12,1,Facebook
Facebook::Tampico Gob,categoria,1,8,2,Facebook
Facebook::Tampico Gob,dominguez,1,8,2,Facebook
Facebook::Tampico Gob,opcion,1,13,5,Facebook
Facebook::Tampico Gob,fruta,1,13,4,Facebook
Facebook::Tampico Gob,rico,1,8,2,Facebook
Facebook::Tampico Gob,ecosistema,1,3,2,Facebook
Facebook::Tampico Gob,arrastrar,1,7,2,Facebook
Facebook::Tampico Gob,limpiar,1,9,1,Facebook
Facebook::Tampico Gob,fondo,1,11,6,Facebook
Facebook::Tampico Gob,quitar,1,11,5,Facebook
Facebook::Tampico Gob,provocar,1,6,0,Facebook
Facebook::Tampico Gob,problema,1,12,0,Facebook
Facebook::Tampico Gob,inversion,1,5,1,Facebook
Facebook::Tampico Gob,analisis,1,10,3,Facebook
Facebook::Tampico Gob,ampliar,1,14,4,Facebook
Facebook::Tampico Gob,academico,1,1,2,Facebook
Facebook::Tampico Gob,extranjero,1,12,0,Facebook
Facebook::Tampico Gob,razon,1,8,4,Facebook
Facebook::Tampico Gob,impacto,1,11,2,Facebook
Facebook::Tampico Gob,soberania,1,12,0,Facebook
Facebook::Tampico Gob,creacion,1,6,0,Facebook
Facebook::Tampico Gob,asociado,1,12,3,Facebook
Facebook::Tampico Gob,rivera,1,9,1,Facebook
Facebook::Tampico Gob,politico,1,12,4,Facebook
Facebook::Tampico Gob,rosa,1,9,2,Facebook
Facebook::Tampico Gob,crear,1,8,4,Facebook
Facebook::Tampico Gob,conocido,1,11,0,Facebook
Facebook::Tampico Gob,muerto,1,10,3,Facebook
Facebook::Tampico Gob,oaxaca,1,7,3,Facebook
Facebook::Tampico Gob,entender,1,11,4,Facebook
Facebook::Tampico Gob,club,1,10,5,Facebook
Facebook::Tampico Gob,mexicana,1,4,0,Facebook
Facebook::Tampico Gob,integrante,1,10,3,Facebook
Facebook::Tampico Gob,recuerdo,1,4,0,Facebook
Facebook::Tampico Gob,union,1,1,0,Facebook
Facebook::Tampico Gob,love,1,10,5,Facebook
Facebook::Tampico Gob,colectivo,1,6,3,Facebook
Facebook::Tampico Gob,luminaria,1,0,3,Facebook
Facebook::Tampico Gob,mujeres,1,8,0,Facebook
Facebook::Tampico Gob,querido,1,11,2,Facebook
Facebook::Tampico Gob,cuarta,1,2,4,Facebook
Facebook::Tampico Gob,concluir,1,14,2,Facebook
Facebook::Tampico Gob,boleto,1,10,2,Facebook
Facebook::Tampico Gob,ganar,1,10,2,Facebook
Facebook::Tampico Gob,pendiente,1,10,1,Facebook
Facebook::Tampico Gob,publicacion,1,10,1,Facebook
Facebook::Teresa Perez,limpiar,2,9,1,Facebook
Facebook::Teresa Perez,maria,1,8,4,Facebook
Facebook::Teresa Perez,andar,1,9,0,Facebook
Facebook::Teresa Perez,empezar,1,12,3,Facebook
Facebook::Teresa Perez,tarde,1,8,1,Facebook
Facebook::Teresa Perez,alcanzar,1,6,1,Facebook
Facebook::Teresa Perez,necesario,1,0,3,Facebook
Facebook::Titi Zamudio,mexicano,2,4,1,Facebook
Facebook::Titi Zamudio,mexico,2,12,0,Facebook
Facebook::Titi Zamudio,recuerdo,1,4,0,Facebook
Facebook::Titi Zamudio,inolvidable,1,4,0,Facebook
Facebook::Titi Zamudio,mundial,1,4,0,Facebook
Facebook::Titi Zamudio,familia,1,1,0,Facebook
Facebook::Titi Zamudio,partido,1,4,0,Facebook
Facebook::Titi Zamudio,celebrar,1,1,3,Facebook
Facebook::Titi Zamudio,dia,1,6,0,Facebook
Facebook::Titi Zamudio,padre,1,4,0,Facebook
Facebook::Titi Zamudio,nacional,1,4,2,Facebook
Facebook::Titi Zamudio,sentido,1,10,4,Facebook
Facebook::Titi Zamudio,fuerte,1,7,2,Facebook
Facebook::Titi Zamudio,emocion,1,4,0,Facebook
Facebook::Titi Zamudio,amar,1,4,0,Facebook
Facebook::Tony Casanova,felicidad,1,8,0,Facebook
Facebook::Tony Casanova,jorge,1,1,4,Facebook
Facebook::Tony Casanova,humano,1,9,0,Facebook
Facebook::Tony Casanova,saludo,1,11,2,Facebook
Facebook::Tony Casanova,familia,1,1,0,Facebook
Facebook::Tony Ochoa,calle,2,9,1,Facebook
Facebook::Tony Ochoa,elias,2,2,4,Facebook
Facebook::Tony Ochoa,favor,1,11,5,Facebook
Facebook::Tony Ochoa,presidentar,1,8,0,Facebook
Facebook::Tony Ochoa,infonavit,1,11,5,Facebook
Facebook::Tony Ochoa,pina,1,2,4,Facebook
Facebook::Tony Ochoa,unico,1,11,4,Facebook
Facebook::Tony Ochoa,sector,1,14,3,Facebook
Facebook::Tony Ochoa,agradecer,1,10,0,Facebook
Facebook::Tony Ochoa,atender,1,2,0,Facebook
Facebook::Tony Ochoa,peticion,1,2,4,Facebook
Facebook::Torres Beatriz,lic,2,8,0,Facebook
Facebook::Torres Beatriz,trabajador,1,10,3,Facebook
Facebook::Torres Beatriz,ayudar,1,12,1,Facebook
Facebook::Torres Beatriz,dia,1,6,0,Facebook
Facebook::Torres Beatriz,monica,1,3,0,Facebook
Facebook::Torres Beatriz,presidenta,1,8,0,Facebook
Facebook::Torres Beatriz,monico,1,14,2,Facebook
Facebook::Torres Beatriz,villarreal,1,3,0,Facebook
Facebook::Torres Beatriz,pensar,1,11,1,Facebook
Facebook::Torres Beatriz,dema,1,12,3,Facebook
Facebook::Torres Beatriz,felicidad,1,8,0,Facebook
Facebook::Toño Marín,excelente,16,2,1,Facebook
Facebook::Toño Marín,proteccion,4,0,0,Facebook
Facebook::Toño Marín,civil,4,0,0,Facebook
Facebook::Toño Marín,monica,2,3,0,Facebook
Facebook::Toño Marín,villarreal,2,3,0,Facebook
Facebook::Toño Marín,anaya,2,3,0,Facebook
Facebook::Toño Marín,equipo,2,13,3,Facebook
Facebook::Toño Marín,apoyo,2,2,2,Facebook
Facebook::Toño Marín,ciudad,2,13,1,Facebook
Facebook::Toño Marín,accion,2,2,0,Facebook
Facebook::Toño Marín,instruccion,1,3,0,Facebook
Facebook::Toño Marín,presidenta,1,8,0,Facebook
Facebook::Toño Marín,municipal,1,14,0,Facebook
Facebook::Toño Marín,gusto,1,8,4,Facebook
Facebook::Toño Marín,luis,1,6,1,Facebook
Facebook::Toño Marín,gerardo,1,0,0,Facebook
Facebook::Toño Marín,gonzalez,1,5,1,Facebook
Facebook::Toño Marín,fuente,1,0,0,Facebook
Facebook::Toño Marín,estatal,1,0,3,Facebook
Facebook::Toño Marín,tamaulipas,1,5,1,Facebook
Facebook::Toño Marín,feria,1,0,3,Facebook
Facebook::Toño Marín,fiestas,1,0,3,Facebook
Facebook::Toño Marín,abril,1,0,3,Facebook
Facebook::Toño Marín,agradecer,1,10,0,Facebook
Facebook::Toño Marín,visita,1,0,3,Facebook
Facebook::Toño Marín,supervision,1,0,3,Facebook
Facebook::Toño Marín,garantizar,1,0,3,Facebook
Facebook::Toño Marín,seguridad,1,0,3,Facebook
Facebook::Toño Marín,ciudadano,1,1,0,Facebook
Facebook::Toño Marín,visitante,1,3,2,Facebook
Facebook::Toño Marín,seguro,1,2,1,Facebook
Facebook::Toño Marín,participacion,1,1,0,Facebook
Facebook::Toño Marín,reunion,1,1,2,Facebook
Facebook::Toño Marín,nacional,1,4,2,Facebook
Facebook::Toño Marín,gracias,1,8,0,Facebook
Facebook::Toño Marín,jornada,1,3,1,Facebook
Facebook::Toño Marín,clave,1,6,2,Facebook
Facebook::Toño Marín,orgullo,1,1,2,Facebook
Facebook::Toño Marín,veracruz,1,5,2,Facebook
Facebook::Toño Marín,protocolo,1,13,4,Facebook
Facebook::Toño Marín,estrategia,1,14,0,Facebook
Facebook::Toño Marín,emergencia,1,0,0,Facebook
Facebook::Toño Marín,cuida,1,0,0,Facebook
Facebook::Toño Marín,actividad,1,1,0,Facebook
Facebook::Toño Marín,programa,1,2,3,Facebook
Facebook::Toño Marín,importante,1,13,0,Facebook
Facebook::Turismo Tampico,semana,2,4,5,Facebook
Facebook::Turismo Tampico,santa,2,13,3,Facebook
Facebook::Turismo Tampico,abril,2,0,3,Facebook
Facebook::Turismo Tampico,arrancar,1,5,1,Facebook
Facebook::Turismo Tampico,fuerza,1,10,3,Facebook
Facebook::Turismo Tampico,dia,1,6,0,Facebook
Facebook::Turismo Tampico,vacacion,1,5,1,Facebook
Facebook::Turismo Tampico,marzo,1,6,1,Facebook
Facebook::Turismo Tampico,puerto,1,8,0,Facebook
Facebook::Turismo Tampico,registrar,1,5,1,Facebook
Facebook::Turismo Tampico,visitante,1,3,2,Facebook
Facebook::Turismo Tampico,sitio,1,10,1,Facebook
Facebook::Turismo Tampico,turistico,1,14,4,Facebook
Facebook::Turismo Tampico,pesos,1,13,3,Facebook
Facebook::Turismo Tampico,economico,1,13,2,Facebook
Facebook::Turismo Tampico,reflejar,1,1,0,Facebook
Facebook::Turismo Tampico,confianza,1,2,0,Facebook
Facebook::Turismo Tampico,destino,1,4,5,Facebook
Facebook::Turismo Tampico,terminar,1,11,3,Facebook
Facebook::Turismo Tampico,oficial,1,5,1,Facebook
Facebook::Turismo Tampico,continuar,1,14,0,Facebook
Facebook::Turismo Tampico,cerrar,1,5,1,Facebook
Facebook::Turismo Tampico,domingo,1,4,5,Facebook
Facebook::Turismo Tampico,tampicotecuida,1,2,1,Facebook
Facebook::Turismo Tampico,tampicovacontodo,1,2,1,Facebook
Facebook::Veronica Adriana,seguir,1,2,0,Facebook
Facebook::Veronica Adriana,esperar,1,4,0,Facebook
Facebook::Veronica Adriana,vengar,1,12,0,Facebook
Facebook::Veronica Adriana,arbol,1,7,4,Facebook
Facebook::Veronica Adriana,casa,1,3,1,Facebook
Facebook::Veronica Adriana,tocar,1,11,2,Facebook
Facebook::Veronica Adriana,alto,1,13,0,Facebook
Facebook::Veronica Adriana,presidenta,1,8,0,Facebook
Facebook::Veronica Adriana,lic,1,8,0,Facebook
Facebook::Veronica Adriana,monica,1,3,0,Facebook
Facebook::Veronica Adriana,mes,1,4,3,Facebook
Facebook::Veronica Adriana,recorrer,1,0,1,Facebook
Facebook::Veronica Adriana,colonia,1,2,4,Facebook
Facebook::Veronica Adriana,entregar,1,6,2,Facebook
Facebook::Veronica Adriana,evidencia,1,0,4,Facebook
Facebook::Veronica Adriana,ecologia,1,8,2,Facebook
Facebook::Veronica Adriana,obra,1,2,4,Facebook
Facebook::Veronica Adriana,publico,1,14,3,Facebook
Facebook::Veronica Adriana,venir,1,4,0,Facebook
Facebook::Veronica Adriana,tomar,1,4,2,Facebook
Facebook::Veronica Adriana,foto,1,4,2,Facebook
Facebook::Veronica Adriana,ocasion,1,10,1,Facebook
Facebook::Veronica Adriana,resolver,1,12,0,Facebook
Facebook::Veronica Adriana,cfe,1,0,1,Facebook
Facebook::Veronica Adriana,rama,1,7,0,Facebook
Facebook::Veronica Arriaga,excelente,3,2,1,Facebook
Facebook::Veronica Arriaga,bienvenido,1,1,4,Facebook
Facebook::Veronica Arriaga,sembrar,1,4,6,Facebook
Facebook::Veronica Arriaga,vida,1,7,4,Facebook
Facebook::Veronica Huerta,contento,1,8,0,Facebook
Facebook::Veronica Huerta,disfrutar,1,1,0,Facebook
Facebook::Veronica Huerta,salud,1,2,3,Facebook
Facebook::Veronica Huerta,prioridad,1,7,1,Facebook
Facebook::Veronica Huerta,gracias,1,8,0,Facebook
Facebook::Veronica Huerta,presidenta,1,8,0,Facebook
Facebook::Veronica Huerta,monica,1,3,0,Facebook
Facebook::Veronica Huerta,villarreal,1,3,0,Facebook
Facebook::Veronica Huerta,impulsar,1,1,2,Facebook
Facebook::Veronica Huerta,deporte,1,2,1,Facebook
Facebook::Veronica Huerta,calidad,1,2,2,Facebook
Facebook::Veronica Huerta,beneficio,1,2,3,Facebook
Facebook::Veronica Huerta,tampiqueno,1,2,0,Facebook
Facebook::Vicky Carrizales,hermoso,2,8,0,Facebook
Facebook::Vicky Carrizales,excelente,2,2,1,Facebook
Facebook::Vicky Carrizales,enhorabuena,1,8,0,Facebook
Facebook::Vicky Carrizales,programa,1,2,3,Facebook
Facebook::Vicky Carrizales,salud,1,2,3,Facebook
Facebook::Vicky Carrizales,bucal,1,2,3,Facebook
Facebook::Vicky Carrizales,ciudadania,1,2,3,Facebook
Facebook::Vicky Carrizales,labor,1,3,3,Facebook
Facebook::Vicky Carrizales,ala,1,12,0,Facebook
Facebook::Vicky Carrizales,libertad,1,6,3,Facebook
Facebook::Vicky Carrizales,ave,1,6,3,Facebook
Facebook::Vicky Carrizales,amar,1,4,0,Facebook
Facebook::Vicky Carrizales,naturaleza,1,3,2,Facebook
Facebook::Vicky Carrizales,cuidar,1,2,1,Facebook
Facebook::Vicky Carrizales,iniciativa,1,13,2,Facebook
Facebook::Victor Eduardo Torres Velazquez,seguir,2,2,0,Facebook
Facebook::Victor Eduardo Torres Velazquez,esperar,2,4,0,Facebook
Facebook::Victor Eduardo Torres Velazquez,ano,2,11,2,Facebook
Facebook::Victor Eduardo Torres Velazquez,secretaria,2,14,2,Facebook
Facebook::Victor Eduardo Torres Velazquez,servicios,2,2,2,Facebook
Facebook::Victor Eduardo Torres Velazquez,publicos,2,14,2,Facebook
Facebook::Victor Eduardo Torres Velazquez,mandar,2,11,1,Facebook
Facebook::Victor Eduardo Torres Velazquez,mensaje,2,5,3,Facebook
Facebook::Victor Eduardo Torres Velazquez,privado,2,4,2,Facebook
Facebook::Victor Eduardo Torres Velazquez,colonia,2,2,4,Facebook
Facebook::Victor Eduardo Torres Velazquez,america,2,10,5,Facebook
Facebook::Victor Reyes,excelente,18,2,1,Facebook
Facebook::Victor Reyes,gracias,7,8,0,Facebook
Facebook::Victor Reyes,super,1,8,0,Facebook
Facebook::Victor Reyes,viva,1,12,0,Facebook
Facebook::Victor Reyes,mexico,1,12,0,Facebook
Facebook::Vik Anto,evento,2,8,1,Facebook
Facebook::Vik Anto,gracias,1,8,0,Facebook
Facebook::Vik Anto,presidenta,1,8,0,Facebook
Facebook::Vik Anto,monica,1,3,0,Facebook
Facebook::Vik Anto,villarreal,1,3,0,Facebook
Facebook::Vik Anto,nino,1,8,1,Facebook
Facebook::Vik Anto,nina,1,8,1,Facebook
Facebook::Vik Anto,feliz,1,8,1,Facebook
Facebook::Vik Anto,bonito,1,8,1,Facebook
Facebook::Vik Anto,gracia,1,11,2,Facebook
Facebook::Vik Anto,invitacion,1,8,1,Facebook
Facebook::Vik Anto,gusto,1,8,4,Facebook
Facebook::Violeta San,excelente,1,2,1,Facebook
Facebook::Violeta San,presidenta,1,8,0,Facebook
Facebook::Violeta San,monico,1,14,2,Facebook
Facebook::Violeta San,villarreal,1,3,0,Facebook
Facebook::Violeta San,bendicion,1,8,0,Facebook
Facebook::Visión Ciudadana con Brianda Quintero,nino,2,8,1,Facebook
Facebook::Visión Ciudadana con Brianda Quintero,sonrisa,1,2,3,Facebook
Facebook::Visión Ciudadana con Brianda Quintero,valer,1,9,0,Facebook
Facebook::Visión Ciudadana con Brianda Quintero,palabra,1,9,-1,Facebook
Facebook::Visión Ciudadana con Brianda Quintero,gracias,1,8,0,Facebook
Facebook::Visión Ciudadana con Brianda Quintero,presidenta,1,8,0,Facebook
Facebook::Visión Ciudadana con Brianda Quintero,alegria,1,8,1,Facebook
Facebook::Visión Ciudadana con Brianda Quintero,esperanza,1,6,1,Facebook
Facebook::Visión Ciudadana con Brianda Quintero,dia,1,6,0,Facebook
Facebook::Visión Ciudadana con Brianda Quintero,nina,1,8,1,Facebook
Facebook::Yesenia Vazquez Lopez,presidenta,8,8,0,Facebook
Facebook::Yesenia Vazquez Lopez,monica,4,3,0,Facebook
Facebook::Yesenia Vazquez Lopez,anaya,4,3,0,Facebook
Facebook::Yesenia Vazquez Lopez,bravo,2,12,3,Facebook
Facebook::Yesenia Vazquez Lopez,excelente,2,2,1,Facebook
Facebook::Yesenia Vazquez Lopez,villareal,2,8,0,Facebook
Facebook::Yesenia Vazquez Lopez,numero,2,10,0,Facebook
Facebook::Yesenia Vazquez Lopez,villarreal,2,3,0,Facebook
Facebook::Yesenia Vazquez Lopez,ano,2,11,2,Facebook
Facebook::Yesenia Vazquez Lopez,bendigar,1,8,0,Facebook
Facebook::Yesenia Vazquez Lopez,querer,1,11,0,Facebook
Facebook::Yesenia Vazquez Lopez,volver,1,12,2,Facebook
Facebook::Yesenia Vazquez Lopez,repetir,1,11,1,Facebook
Facebook::Yolanda Huerta,presidenta,2,8,0,Facebook
Facebook::Yolanda Huerta,querido,1,11,2,Facebook
Facebook::Yolanda Huerta,apoyar,1,1,2,Facebook
Facebook::Yolanda Huerta,secretaria,1,14,2,Facebook
Facebook::Yolanda Huerta,turismo,1,14,4,Facebook
Facebook::Yolanda Huerta,bendiga,1,10,0,Facebook
Facebook::Yolanda Huerta,felicidades,1,8,0,Facebook
Facebook::Yolanda Huerta,monica,1,3,0,Facebook
Facebook::Zr Loredo,bonito,2,8,1,Facebook
Facebook::Zr Loredo,cuidar,1,2,1,Facebook
Facebook::Zr Loredo,participar,1,10,2,Facebook
Facebook::Zr Loredo,divertido,1,8,1,Facebook
Facebook::Zr Loredo,hermoso,1,8,0,Facebook
Facebook::Zr Loredo,metro,1,11,3,Facebook
Facebook::Zr Loredo,exposicion,1,6,3,Facebook
Facebook::Zr Loredo,fotografico,1,6,3,Facebook
Facebook::Zr Loredo,ave,1,6,3,Facebook
Facebook::Zr Loredo,deber,1,11,1,Facebook
Facebook::Zr Loredo,libre,1,1,0,Facebook
Facebook::Zr Loredo,humano,1,9,0,Facebook
Facebook::Zr Loredo,mundialista,1,1,3,Facebook
Facebook::Águila Blanca,excelente,2,2,1,Facebook
Facebook::Águila Blanca,felicidad,1,8,0,Facebook
Facebook::Águila Blanca,deporte,1,2,1,Facebook
Facebook::Águila Blanca,tampiqueno,1,2,0,Facebook
Facebook::Águila Blanca,ambiente,1,8,2,Facebook
Facebook::Ángeles Solano Quiroga,calle,2,9,1,Facebook
Facebook::Ángeles Solano Quiroga,urge,1,6,1,Facebook
Facebook::Ángeles Solano Quiroga,lluvia,1,0,1,Facebook
Facebook::Ángeles Solano Quiroga,peor,1,9,0,Facebook
Facebook::Ángeles Solano Quiroga,cuando,1,12,2,Facebook
Twitter::@1ren0o0,llegar,2,10,1,Twitter
Twitter::@1ren0o0,opinar,2,7,2,Twitter
Twitter::@1ren0o0,republica,2,14,1,Twitter
Twitter::@1ren0o0,unido,2,4,6,Twitter
Twitter::@1ren0o0,pensar,1,11,1,Twitter
Twitter::@1ren0o0,lograr,1,13,2,Twitter
Twitter::@1ren0o0,desear,1,4,6,Twitter
Twitter::@1ren0o0,importar,1,6,2,Twitter
Twitter::@1ren0o0,volver,1,12,2,Twitter
Twitter::@20TVvh,continuar,1,14,0,Twitter
Twitter::@20TVvh,exito,1,8,0,Twitter
Twitter::@20TVvh,programa,1,2,3,Twitter
Twitter::@20TVvh,lunes,1,3,1,Twitter
Twitter::@20TVvh,ciudadano,1,1,0,Twitter
Twitter::@20TVvh,vallehermoso,1,5,0,Twitter
Twitter::@20TVvh,damaso,1,5,1,Twitter
Twitter::@20TVvh,anaya,1,3,0,Twitter
Twitter::@20TVvh,apertura,1,0,5,Twitter
Twitter::@20TVvh,uat,1,5,1,Twitter
Twitter::@20TVvh,tamaulipas,1,5,1,Twitter
Twitter::@258JCR,querer,1,11,0,Twitter
Twitter::@258JCR,pais,1,12,0,Twitter
Twitter::@258JCR,permitir,1,14,0,Twitter
Twitter::@258JCR,torre,1,6,2,Twitter
Twitter::@258JCR,seguir,1,2,0,Twitter
Twitter::@258JCR,criticar,1,12,3,Twitter
Twitter::@258JCR,libre,1,1,0,Twitter
Twitter::@258JCR,tirar,1,9,1,Twitter
Twitter::@25Cam03,hablar,2,11,0,Twitter
Twitter::@25Cam03,patria,2,12,1,Twitter
Twitter::@25Cam03,pensar,1,11,1,Twitter
Twitter::@25Cam03,firme,1,3,0,Twitter
Twitter::@25Cam03,ejercito,1,11,1,Twitter
Twitter::@25Cam03,servicio,1,2,2,Twitter
Twitter::@25Cam03,comenzar,1,7,0,Twitter
Twitter::@25Cam03,sacar,1,11,3,Twitter
Twitter::@25Cam03,papel,1,5,3,Twitter
Twitter::@25Cam03,padre,1,4,0,Twitter
Twitter::@25Cam03,hogar,1,0,2,Twitter
Twitter::@25Cam03,malo,1,11,4,Twitter
Twitter::@333v4l,jamas,1,11,4,Twitter
Twitter::@333v4l,pregunta,1,9,0,Twitter
Twitter::@333v4l,alguien,1,11,4,Twitter
Twitter::@333v4l,amigo,1,9,2,Twitter
Twitter::@333v4l,buscar,1,5,1,Twitter
Twitter::@333v4l,boca,1,9,4,Twitter
Twitter::@55Arguelles,hermoso,1,8,0,Twitter
Twitter::@55Arguelles,premio,1,8,2,Twitter
Twitter::@55Arguelles,viva,1,12,0,Twitter
Twitter::@55Arguelles,hora,1,10,1,Twitter
Twitter::@55Arguelles,presidenta,1,8,0,Twitter
Twitter::@88hh8888,madero,6,5,0,Twitter
Twitter::@88hh8888,mujer,3,10,3,Twitter
Twitter::@88hh8888,pasar,3,11,3,Twitter
Twitter::@88hh8888,laguna,2,3,2,Twitter
Twitter::@88hh8888,agua,2,3,1,Twitter
Twitter::@88hh8888,presion,2,11,3,Twitter
Twitter::@88hh8888,casa,2,3,1,Twitter
Twitter::@88hh8888,cualquiera,2,6,2,Twitter
Twitter::@88hh8888,mundo,2,11,0,Twitter
Twitter::@88hh8888,tamaulipas,2,5,1,Twitter
Twitter::@88hh8888,cdmx,2,5,2,Twitter
Twitter::@88hh8888,mexico,2,12,0,Twitter
Twitter::@88hh8888,caer,2,12,1,Twitter
Twitter::@88hh8888,rio,2,0,4,Twitter
Twitter::@88hh8888,mal,2,4,1,Twitter
Twitter::@88hh8888,cerrar,2,5,1,Twitter
Twitter::@88hh8888,cabeza,2,11,1,Twitter
Twitter::@88hh8888,detener,2,12,2,Twitter
Twitter::@88hh8888,auxilio,2,0,-1,Twitter
Twitter::@88hh8888,ayuda,2,12,4,Twitter
Twitter::@88hh8888,vecino,2,2,4,Twitter
Twitter::@88hh8888,sufrir,2,6,2,Twitter
Twitter::@88hh8888,importante,1,13,0,Twitter
Twitter::@88hh8888,condicion,1,14,2,Twitter
Twitter::@88hh8888,meter,1,11,3,Twitter
Twitter::@88hh8888,precaucion,1,11,3,Twitter
Twitter::@88hh8888,manejo,1,11,1,Twitter
Twitter::@88hh8888,poblacion,1,0,1,Twitter
Twitter::@88hh8888,vial,1,5,1,Twitter
Twitter::@88hh8888,mantenimiento,1,3,3,Twitter
Twitter::@88hh8888,salir,1,11,0,Twitter
Twitter::@88hh8888,gana,1,11,3,Twitter
Twitter::@88hh8888,corte,1,11,2,Twitter
Twitter::@88hh8888,ciudadmadero,1,5,0,Twitter
Twitter::@88hh8888,colonia,1,2,4,Twitter
Twitter::@88hh8888,afectado,1,4,4,Twitter
Twitter::@88hh8888,construccion,1,1,0,Twitter
Twitter::@88hh8888,ano,1,11,2,Twitter
Twitter::@88hh8888,construir,1,13,1,Twitter
Twitter::@88hh8888,parecer,1,9,0,Twitter
Twitter::@88hh8888,pemex,1,12,3,Twitter
Twitter::@88hh8888,fallar,1,11,4,Twitter
Twitter::@90gradosmx,joven,1,13,0,Twitter
Twitter::@90gradosmx,perder,1,11,5,Twitter
Twitter::@90gradosmx,vida,1,7,4,Twitter
Twitter::@90gradosmx,automovil,1,7,2,Twitter
Twitter::@90gradosmx,arrastrar,1,7,2,Twitter
Twitter::@90gradosmx,corriente,1,7,2,Twitter
Twitter::@90gradosmx,intenso,1,7,1,Twitter
Twitter::@90gradosmx,lluvia,1,0,1,Twitter
Twitter::@90gradosmx,colonia,1,2,4,Twitter
Twitter::@90gradosmx,paz,1,1,0,Twitter
Twitter::@921LaLey,grande,1,1,0,Twitter
Twitter::@921LaLey,voz,1,1,0,Twitter
Twitter::@921LaLey,unido,1,4,6,Twitter
Twitter::@921LaLey,puebla,1,5,2,Twitter
Twitter::@921LaLey,invitar,1,1,3,Twitter
Twitter::@921LaLey,publico,1,14,3,Twitter
Twitter::@921LaLey,increible,1,8,2,Twitter
Twitter::@921LaLey,talento,1,1,2,Twitter
Twitter::@921LaLey,regalar,1,10,2,Twitter
Twitter::@ASESORSLP,cancun,1,5,2,Twitter
Twitter::@ASESORSLP,cual,1,10,2,Twitter
Twitter::@ASESORSLP,ciudad,1,13,1,Twitter
Twitter::@ASESORSLP,mundo,1,11,0,Twitter
Twitter::@ASESORSLP,amar,1,4,0,Twitter
Twitter::@ASESORSLP,foto,1,4,2,Twitter
Twitter::@ASESORSLP,vida,1,7,4,Twitter
Twitter::@ASESORSLP,real,1,13,2,Twitter
Twitter::@ASESORSLP,cara,1,6,0,Twitter
Twitter::@AgenciaTam,persona,1,4,3,Twitter
Twitter::@AgenciaTam,afuera,1,4,4,Twitter
Twitter::@AgenciaTam,barandilla,1,4,4,Twitter
Twitter::@AgenciaTam,estatal,1,0,3,Twitter
Twitter::@AgenciaTam,exigir,1,11,4,Twitter
Twitter::@AgenciaTam,liberar,1,7,2,Twitter
Twitter::@AgenciaTam,presunto,1,4,4,Twitter
Twitter::@AgenciaTam,fraude,1,4,4,Twitter
Twitter::@AgenciaTam,relacionado,1,4,4,Twitter
Twitter::@AgenciaTam,evento,1,8,1,Twitter
Twitter::@AgenciaTam,social,1,2,3,Twitter
Twitter::@AgenciaTam,asegurar,1,4,3,Twitter
Twitter::@AgenciaTam,perdida,1,7,1,Twitter
Twitter::@AgenciaTam,millon,1,12,0,Twitter
Twitter::@AgenciaTam,pesos,1,13,3,Twitter
Twitter::@AlcaldesMexico,estrategia,2,14,0,Twitter
Twitter::@AlcaldesMexico,turistico,1,14,4,Twitter
Twitter::@AlcaldesMexico,ruta,1,14,4,Twitter
Twitter::@AlcaldesMexico,ampliar,1,14,4,Twitter
Twitter::@AlcaldesMexico,economico,1,13,2,Twitter
Twitter::@AlcaldesMexico,semana,1,4,5,Twitter
Twitter::@AlcaldesMexico,santa,1,13,3,Twitter
Twitter::@AlcaldesMexico,permitir,1,14,0,Twitter
Twitter::@AlcaldesMexico,presentar,1,10,0,Twitter
Twitter::@AlcaldesMexico,distinto,1,2,2,Twitter
Twitter::@AlcaldesMexico,unidad,1,6,1,Twitter
Twitter::@AlcaldesMexico,superar,1,7,3,Twitter
Twitter::@AlcaldesMexico,atencion,1,7,3,Twitter
Twitter::@AlcaldesMexico,beneficiar,1,14,1,Twitter
Twitter::@AlcaldesMexico,persona,1,4,3,Twitter
Twitter::@AlcaldesMexico,alcaldesa,1,8,0,Twitter
Twitter::@AlcaldesMexico,destacar,1,14,4,Twitter
Twitter::@AlcaldesMexico,impacto,1,11,2,Twitter
Twitter::@AlcaldesMexico,espacio,1,1,0,Twitter
Twitter::@AlcaldesMexico,bienestar,1,2,3,Twitter
Twitter::@AlcaldesMexico,cuidado,1,3,2,Twitter
Twitter::@AlcaldesMexico,comunidad,1,3,0,Twitter
Twitter::@AlcaldesMexico,aplicar,1,11,1,Twitter
Twitter::@AlcaldesMexico,creacion,1,6,0,Twitter
Twitter::@AlcaldesMexico,inversion,1,5,1,Twitter
Twitter::@AlcaldesMexico,fortalecer,1,14,0,Twitter
Twitter::@AlcaldesMexico,local,1,1,2,Twitter
Twitter::@AlcaldesMexico,detalle,1,10,0,Twitter
Twitter::@Alejandro270796,universidad,1,10,1,Twitter
Twitter::@Alejandro270796,madre,1,10,3,Twitter
Twitter::@Alejandro270796,rescatar,1,3,4,Twitter
Twitter::@Alejandro270796,ahorita,1,9,0,Twitter
Twitter::@Alejandro270796,madero,1,5,0,Twitter
Twitter::@Aleperez_jim,gracias,3,8,0,Twitter
Twitter::@Aleperez_jim,pedir,2,11,0,Twitter
Twitter::@Aleperez_jim,intervencion,2,12,-1,Twitter
Twitter::@Aleperez_jim,esquina,2,2,4,Twitter
Twitter::@Aleperez_jim,hola,1,10,1,Twitter
Twitter::@Aleperez_jim,problema,1,12,0,Twitter
Twitter::@Aleperez_jim,colonia,1,2,4,Twitter
Twitter::@Aleperez_jim,caso,1,10,4,Twitter
Twitter::@Aleperez_jim,calle,1,9,1,Twitter
Twitter::@Aleperez_jim,quedar,1,11,0,Twitter
Twitter::@Aleperez_jim,necesitar,1,2,0,Twitter
Twitter::@Aleperez_jim,reparacion,1,2,2,Twitter
Twitter::@Aleperez_jim,menor,1,7,3,Twitter
Twitter::@AnaC8291079432,dejar,2,9,0,Twitter
Twitter::@AnaC8291079432,tamaulipas,2,5,1,Twitter
Twitter::@AnaC8291079432,mujer,1,10,3,Twitter
Twitter::@AnaC8291079432,perder,1,11,5,Twitter
Twitter::@AnaC8291079432,seguir,1,2,0,Twitter
Twitter::@AnaC8291079432,acto,1,6,3,Twitter
Twitter::@AnaC8291079432,deber,1,11,1,Twitter
Twitter::@AnaC8291079432,pesimo,1,10,1,Twitter
Twitter::@AnaC8291079432,gracias,1,8,0,Twitter
Twitter::@AnaC8291079432,tomar,1,4,2,Twitter
Twitter::@AnaC8291079432,querer,1,11,0,Twitter
Twitter::@AnaC8291079432,paz,1,1,0,Twitter
Twitter::@AnaC8291079432,control,1,14,0,Twitter
Twitter::@AnaC8291079432,dano,1,4,1,Twitter
Twitter::@AnaC8291079432,realidad,1,6,2,Twitter
Twitter::@AnaC8291079432,cambiar,1,2,0,Twitter
Twitter::@AnaC8291079432,iniciativa,1,13,2,Twitter
Twitter::@AnaC8291079432,millon,1,12,0,Twitter
Twitter::@Ancho72,colonia,2,2,4,Twitter
Twitter::@Ancho72,malo,1,11,4,Twitter
Twitter::@Ancho72,calor,1,7,1,Twitter
Twitter::@Ancho72,perro,1,9,0,Twitter
Twitter::@Ancho72,calle,1,9,1,Twitter
Twitter::@AntonioFraustoG,recibir,1,9,2,Twitter
Twitter::@AntonioFraustoG,asistente,1,0,3,Twitter
Twitter::@AntonioFraustoG,concierto,1,4,6,Twitter
Twitter::@AntonioFraustoG,llamado,1,0,1,Twitter
Twitter::@AntonioFraustoG,atencion,1,7,3,Twitter
Twitter::@AntonioFraustoG,deber,1,11,1,Twitter
Twitter::@AntonioFraustoG,alcalde,1,4,6,Twitter
Twitter::@AntonioFraustoG,reflejo,1,9,3,Twitter
Twitter::@AntonioFraustoG,analisis,1,10,3,Twitter
Twitter::@AntonioFraustoG,politico,1,12,4,Twitter
Twitter::@AntonioFraustoG,tamaulipas,1,5,1,Twitter
Twitter::@AragonEquity,clima,4,11,1,Twitter
Twitter::@AragonEquity,vivir,2,8,2,Twitter
Twitter::@AragonEquity,calor,2,7,1,Twitter
Twitter::@AragonEquity,pueblo,2,11,5,Twitter
Twitter::@AragonEquity,viejo,2,11,5,Twitter
Twitter::@AragonEquity,amigo,2,9,2,Twitter
Twitter::@AragonEquity,aparato,2,11,5,Twitter
Twitter::@AragonEquity,salir,2,11,0,Twitter
Twitter::@AragonEquity,foto,2,4,2,Twitter
Twitter::@AragonEquity,video,2,11,2,Twitter
Twitter::@AragonEquity,like,2,10,5,Twitter
Twitter::@AragonEquity,producto,1,1,2,Twitter
Twitter::@AragonEquity,avance,1,14,1,Twitter
Twitter::@AragonEquity,deber,1,11,1,Twitter
Twitter::@AragonEquity,repetir,1,11,1,Twitter
Twitter::@AragonEquity,funcionar,1,4,6,Twitter
Twitter::@AragonEquity,seguir,1,2,0,Twitter
Twitter::@Badu31634762,mexico,2,12,0,Twitter
Twitter::@Badu31634762,seguir,1,2,0,Twitter
Twitter::@Badu31634762,abrir,1,6,1,Twitter
Twitter::@Badu31634762,peor,1,9,0,Twitter
Twitter::@Badu31634762,mano,1,6,0,Twitter
Twitter::@Badu31634762,funcionar,1,4,6,Twitter
Twitter::@Badu31634762,llegar,1,10,1,Twitter
Twitter::@Badu31634762,casa,1,3,1,Twitter
Twitter::@Bambinna62,jajaja,1,11,0,Twitter
Twitter::@Bambinna62,semana,1,4,5,Twitter
Twitter::@Bambinna62,santa,1,13,3,Twitter
Twitter::@Bambinna62,diario,1,3,0,Twitter
Twitter::@Bambinna62,mirar,1,11,0,Twitter
Twitter::@Bambinna62,senalar,1,4,4,Twitter
Twitter::@Bambinna62,aeropuerto,1,13,4,Twitter
Twitter::@Bambinna62,queretaro,1,5,2,Twitter
Twitter::@Bambinna62,oaxaca,1,7,3,Twitter
Twitter::@Bambinna62,puerto,1,8,0,Twitter
Twitter::@Belinda_GaVa,importar,2,6,2,Twitter
Twitter::@Belinda_GaVa,vida,2,7,4,Twitter
Twitter::@Belinda_GaVa,agua,2,3,1,Twitter
Twitter::@Belinda_GaVa,nacer,1,2,2,Twitter
Twitter::@Belinda_GaVa,dejar,1,9,0,Twitter
Twitter::@Belinda_GaVa,calidad,1,2,2,Twitter
Twitter::@Belinda_GaVa,favor,1,11,5,Twitter
Twitter::@Belinda_GaVa,nina,1,8,1,Twitter
Twitter::@Belinda_GaVa,ano,1,11,2,Twitter
Twitter::@Belinda_GaVa,hospital,1,7,3,Twitter
Twitter::@Belinda_GaVa,recordar,1,4,2,Twitter
Twitter::@Belinda_GaVa,limpio,1,7,0,Twitter
Twitter::@Belinda_GaVa,animal,1,8,2,Twitter
Twitter::@Belinda_GaVa,sentir,1,11,4,Twitter
Twitter::@Belinda_GaVa,encontrar,1,7,4,Twitter
Twitter::@Belinda_GaVa,donde,1,12,2,Twitter
Twitter::@Belinda_GaVa,tomar,1,4,2,Twitter
Twitter::@Belinda_GaVa,cdmadero,1,5,0,Twitter
Twitter::@Belinda_GaVa,altamira,1,5,0,Twitter
Twitter::@Belinda_GaVa,calor,1,7,1,Twitter
Twitter::@BlazeLeiton,casa,3,3,1,Twitter
Twitter::@BlazeLeiton,querer,1,11,0,Twitter
Twitter::@BlazeLeiton,visitar,1,3,2,Twitter
Twitter::@BlazeLeiton,mexico,1,12,0,Twitter
Twitter::@BlazeLeiton,acabar,1,11,3,Twitter
Twitter::@BlazeLeiton,tomar,1,4,2,Twitter
Twitter::@BlazeLeiton,andar,1,9,0,Twitter
Twitter::@BlazeLeiton,mandar,1,11,1,Twitter
Twitter::@BlazeLeiton,puro,1,12,3,Twitter
Twitter::@BtzaB,peaton,2,9,1,Twitter
Twitter::@BtzaB,vacacion,1,5,1,Twitter
Twitter::@BtzaB,centro,1,13,3,Twitter
Twitter::@BtzaB,gente,1,6,2,Twitter
Twitter::@BtzaB,manejar,1,9,4,Twitter
Twitter::@BtzaB,valer,1,9,0,Twitter
Twitter::@BtzaB,respetar,1,10,4,Twitter
Twitter::@BtzaB,mal,1,4,1,Twitter
Twitter::@BtzaB,andar,1,9,0,Twitter
Twitter::@BtzaB,coche,1,9,4,Twitter
Twitter::@CFEmx,suministro,2,0,1,Twitter
Twitter::@CFEmx,electrico,2,0,1,Twitter
Twitter::@CFEmx,afectado,2,4,4,Twitter
Twitter::@CFEmx,fuerte,2,7,2,Twitter
Twitter::@CFEmx,lluvia,2,0,1,Twitter
Twitter::@CFEmx,hidalgo,2,0,2,Twitter
Twitter::@CFEmx,san,2,10,1,Twitter
Twitter::@CFEmx,luis,2,6,1,Twitter
Twitter::@CFEmx,tamaulipas,2,5,1,Twitter
Twitter::@CFEmx,veracruz,2,5,2,Twitter
Twitter::@CFEmx,personal,2,0,2,Twitter
Twitter::@CFEmx,cfe,2,0,1,Twitter
Twitter::@CFEmx,registrado,1,0,1,Twitter
Twitter::@CFEmx,mantener,1,7,0,Twitter
Twitter::@CFEmx,labor,1,3,3,Twitter
Twitter::@CFEmx,recuperar,1,14,2,Twitter
Twitter::@CFEmx,servicio,1,2,2,Twitter
Twitter::@CVDR_TampicoIPN,celebrar,4,1,3,Twitter
Twitter::@CVDR_TampicoIPN,impulsar,4,1,2,Twitter
Twitter::@CVDR_TampicoIPN,estudiante,4,5,3,Twitter
Twitter::@CVDR_TampicoIPN,programa,4,2,3,Twitter
Twitter::@CVDR_TampicoIPN,investigacion,4,5,3,Twitter
Twitter::@CVDR_TampicoIPN,vocacion,4,5,3,Twitter
Twitter::@CVDR_TampicoIPN,internacional,3,13,1,Twitter
Twitter::@CVDR_TampicoIPN,vida,2,7,4,Twitter
Twitter::@CVDR_TampicoIPN,seguridad,2,0,3,Twitter
Twitter::@CVDR_TampicoIPN,reconocer,2,6,0,Twitter
Twitter::@CVDR_TampicoIPN,calidad,2,2,2,Twitter
Twitter::@CVDR_TampicoIPN,construir,2,13,1,Twitter
Twitter::@CVDR_TampicoIPN,llegada,2,13,4,Twitter
Twitter::@CVDR_TampicoIPN,fomentar,2,5,3,Twitter
Twitter::@CVDR_TampicoIPN,recibir,2,9,2,Twitter
Twitter::@CVDR_TampicoIPN,nacional,2,4,2,Twitter
Twitter::@CVDR_TampicoIPN,casa,2,3,1,Twitter
Twitter::@CVDR_TampicoIPN,dia,2,6,0,Twitter
Twitter::@CVDR_TampicoIPN,futuro,2,13,1,Twitter
Twitter::@CVDR_TampicoIPN,participacion,1,1,0,Twitter
Twitter::@CVDR_TampicoIPN,activo,1,13,4,Twitter
Twitter::@CVDR_TampicoIPN,ordenado,1,7,0,Twitter
Twitter::@CVDR_TampicoIPN,prevencion,1,0,3,Twitter
Twitter::@CVDR_TampicoIPN,simulacro,1,0,4,Twitter
Twitter::@CVDR_TampicoIPN,excelente,1,2,1,Twitter
Twitter::@CVDR_TampicoIPN,oportunidad,1,13,2,Twitter
Twitter::@CVDR_TampicoIPN,preparado,1,0,1,Twitter
Twitter::@CVDR_TampicoIPN,tarea,1,14,3,Twitter
Twitter::@CVDR_TampicoIPN,aprender,1,11,3,Twitter
Twitter::@CVDR_TampicoIPN,analisis,1,10,3,Twitter
Twitter::@CVDR_TampicoIPN,correo,1,10,1,Twitter
Twitter::@CVDR_TampicoIPN,fecha,1,10,0,Twitter
Twitter::@CVDR_TampicoIPN,confianza,1,2,0,Twitter
Twitter::@CVDR_TampicoIPN,mejora,1,14,3,Twitter
Twitter::@CVDR_TampicoIPN,continuo,1,13,5,Twitter
Twitter::@CVDR_TampicoIPN,institucion,1,11,1,Twitter
Twitter::@CVDR_TampicoIPN,excelencia,1,9,3,Twitter
Twitter::@CVDR_TampicoIPN,ayuntamiento,1,0,2,Twitter
Twitter::@CVDR_TampicoIPN,seguir,1,2,0,Twitter
Twitter::@CVDR_TampicoIPN,educacion,1,14,1,Twitter
Twitter::@CVDR_TampicoIPN,actividad,1,1,0,Twitter
Twitter::@CVDR_TampicoIPN,proceso,1,3,3,Twitter
Twitter::@CVDR_TampicoIPN,innovacion,1,6,1,Twitter
Twitter::@CVDR_TampicoIPN,conocimiento,1,6,3,Twitter
Twitter::@CVDR_TampicoIPN,transformar,1,2,0,Twitter
Twitter::@CVDR_TampicoIPN,sumar,1,6,1,Twitter
Twitter::@CVDR_TampicoIPN,mundial,1,4,0,Twitter
Twitter::@CVDR_TampicoIPN,lucha,1,8,1,Twitter
Twitter::@CVDR_TampicoIPN,cuidar,1,2,1,Twitter
Twitter::@CVDR_TampicoIPN,tierra,1,6,2,Twitter
Twitter::@CVDR_TampicoIPN,agua,1,3,1,Twitter
Twitter::@CVDR_TampicoIPN,proteger,1,9,2,Twitter
Twitter::@C_CulturaUNAM,cafe,3,6,1,Twitter
Twitter::@C_CulturaUNAM,sala,2,6,1,Twitter
Twitter::@C_CulturaUNAM,abrir,1,6,1,Twitter
Twitter::@C_CulturaUNAM,mover,1,9,0,Twitter
Twitter::@C_CulturaUNAM,necesidad,1,2,0,Twitter
Twitter::@C_CulturaUNAM,llegar,1,10,1,Twitter
Twitter::@C_CulturaUNAM,nacer,1,2,2,Twitter
Twitter::@C_CulturaUNAM,chairel,1,6,1,Twitter
Twitter::@C_CulturaUNAM,carlos,1,4,0,Twitter
Twitter::@C_CulturaUNAM,gustar,1,6,0,Twitter
Twitter::@C_CulturaUNAM,historia,1,1,3,Twitter
Twitter::@C_CulturaUNAM,familiar,1,4,0,Twitter
Twitter::@C_CulturaUNAM,dejar,1,9,0,Twitter
Twitter::@C_CulturaUNAM,pensar,1,11,1,Twitter
Twitter::@C_CulturaUNAM,dia,1,6,0,Twitter
Twitter::@C_CulturaUNAM,merecer,1,10,3,Twitter
Twitter::@C_CulturaUNAM,lista,1,12,1,Twitter
Twitter::@C_CulturaUNAM,boleto,1,10,2,Twitter
Twitter::@C_CulturaUNAM,junio,1,1,0,Twitter
Twitter::@C_CulturaUNAM,jose,1,0,5,Twitter
Twitter::@CambioDigital,panuco,1,7,0,Twitter
Twitter::@CambioDigital,buscar,1,5,1,Twitter
Twitter::@CambioDigital,recoleccion,1,7,0,Twitter
Twitter::@CambioDigital,basura,1,3,1,Twitter
Twitter::@CambioDigital,caer,1,12,1,Twitter
Twitter::@CambioDigital,serie,1,4,5,Twitter
Twitter::@CarlosCornejoA,gobierno,2,12,3,Twitter
Twitter::@CarlosCornejoA,sanchez,1,8,1,Twitter
Twitter::@CarlosCornejoA,cual,1,10,2,Twitter
Twitter::@CarlosCornejoA,confiar,1,11,4,Twitter
Twitter::@CarlosCornejoA,encontrar,1,7,4,Twitter
Twitter::@CarlosCornejoA,ano,1,11,2,Twitter
Twitter::@CarlosCornejoA,violencia,1,1,0,Twitter
Twitter::@ChivaInvencible,soltar,1,12,1,Twitter
Twitter::@ChivaInvencible,alguien,1,11,4,Twitter
Twitter::@ChivaInvencible,valer,1,9,0,Twitter
Twitter::@ChivaInvencible,pena,1,12,1,Twitter
Twitter::@ChivaInvencible,pagar,1,11,4,Twitter
Twitter::@ChivaInvencible,llegar,1,10,1,Twitter
Twitter::@ChivaInvencible,guadalajara,1,5,2,Twitter
Twitter::@ChivaInvencible,exigir,1,11,4,Twitter
Twitter::@ChivaInvencible,precio,1,11,4,Twitter
Twitter::@ChivaInvencible,garcia,1,12,2,Twitter
Twitter::@ChivaInvencible,resultado,1,2,0,Twitter
Twitter::@ChivaInvencible,vista,1,14,1,Twitter
Twitter::@ChivaInvencible,numero,1,10,0,Twitter
Twitter::@ClubDeAnsiedad,hospital,2,7,3,Twitter
Twitter::@ClubDeAnsiedad,ejercito,2,11,1,Twitter
Twitter::@ClubDeAnsiedad,mexicano,2,4,1,Twitter
Twitter::@ClubDeAnsiedad,contar,2,6,0,Twitter
Twitter::@ClubDeAnsiedad,clima,2,11,1,Twitter
Twitter::@ClubDeAnsiedad,necesitar,1,2,0,Twitter
Twitter::@ClubDeAnsiedad,escuchar,1,2,0,Twitter
Twitter::@ClubDeAnsiedad,pesado,1,7,0,Twitter
Twitter::@ClubDeAnsiedad,ayuda,1,12,4,Twitter
Twitter::@ClubDeAnsiedad,presidenta,1,8,0,Twitter
Twitter::@ClubDeAnsiedad,pedir,1,11,0,Twitter
Twitter::@ClubDeAnsiedad,apoyo,1,2,2,Twitter
Twitter::@ClubDeAnsiedad,familiar,1,4,0,Twitter
Twitter::@ConsEspMty,espanol,3,0,-1,Twitter
Twitter::@ConsEspMty,comunidad,2,3,0,Twitter
Twitter::@ConsEspMty,region,2,1,2,Twitter
Twitter::@ConsEspMty,viernes,1,10,0,Twitter
Twitter::@ConsEspMty,jornada,1,3,1,Twitter
Twitter::@ConsEspMty,renovacion,1,14,2,Twitter
Twitter::@ConsEspMty,espana,1,9,3,Twitter
Twitter::@ConsEspMty,acercar,1,2,2,Twitter
Twitter::@ConsEspMty,servicio,1,2,2,Twitter
Twitter::@ConsEspMty,zona,1,0,1,Twitter
Twitter::@ConsEspMty,agradecer,1,10,0,Twitter
Twitter::@ConsEspMty,alcaldesa,1,8,0,Twitter
Twitter::@ConsEspMty,monica,1,3,0,Twitter
Twitter::@ConsEspMty,villarreal,1,3,0,Twitter
Twitter::@ConsEspMty,general,1,10,0,Twitter
Twitter::@ConsEspMty,reunion,1,1,2,Twitter
Twitter::@ConsEspMty,permitir,1,14,0,Twitter
Twitter::@ConsEspMty,reforzar,1,7,3,Twitter
Twitter::@ConsEspMty,colaboracion,1,0,5,Twitter
Twitter::@ConsEspMty,visita,1,0,3,Twitter
Twitter::@ConsEspMty,incluir,1,4,0,Twitter
Twitter::@ConsEspMty,recorrido,1,0,1,Twitter
Twitter::@ConsEspMty,hospital,1,7,3,Twitter
Twitter::@ConsEspMty,encuentro,1,1,4,Twitter
Twitter::@ConsEspMty,club,1,10,5,Twitter
Twitter::@ConsEspMty,deportivo,1,1,4,Twitter
Twitter::@ConsEspMty,institucion,1,11,1,Twitter
Twitter::@ConsEspMty,presencia,1,13,4,Twitter
Twitter::@CronicaDigital,digital,2,7,3,Twitter
Twitter::@CronicaDigital,puesto,1,9,0,Twitter
Twitter::@CronicaDigital,servicio,1,2,2,Twitter
Twitter::@CronicaDigital,salud,1,2,3,Twitter
Twitter::@CronicaDigital,desarrollo,1,1,2,Twitter
Twitter::@CronicaDigital,humano,1,9,0,Twitter
Twitter::@CronicaDigital,monica,1,3,0,Twitter
Twitter::@CronicaDigital,villarreal,1,3,0,Twitter
Twitter::@CronicaDigital,gobierno,1,12,3,Twitter
Twitter::@CronicaDigital,reducir,1,14,3,Twitter
Twitter::@CronicaDigital,mitad,1,14,3,Twitter
Twitter::@CronicaDigital,deuda,1,14,3,Twitter
Twitter::@CronicaDigital,municipal,1,14,0,Twitter
Twitter::@DetectorMamadas,permitir,1,14,0,Twitter
Twitter::@DetectorMamadas,huachicol,1,12,2,Twitter
Twitter::@DetectorMamadas,fiscal,1,12,2,Twitter
Twitter::@DetectorMamadas,llegar,1,10,1,Twitter
Twitter::@DetectorMamadas,autoridad,1,0,3,Twitter
Twitter::@DetectorMamadas,millon,1,12,0,Twitter
Twitter::@DetectorMamadas,investigacion,1,5,3,Twitter
Twitter::@DetectorMamadas,presunto,1,4,4,Twitter
Twitter::@DetectorMamadas,red,1,14,3,Twitter
Twitter::@Devesa_News,tamaulipas,6,5,1,Twitter
Twitter::@Devesa_News,mal,5,4,1,Twitter
Twitter::@Devesa_News,pesimo,2,10,1,Twitter
Twitter::@Devesa_News,servicio,2,2,2,Twitter
Twitter::@Devesa_News,zona,2,0,1,Twitter
Twitter::@Devesa_News,vial,2,5,1,Twitter
Twitter::@Devesa_News,norte,2,10,1,Twitter
Twitter::@Devesa_News,sur,2,14,2,Twitter
Twitter::@Devesa_News,altamira,2,5,0,Twitter
Twitter::@Devesa_News,urge,2,6,1,Twitter
Twitter::@Devesa_News,informar,1,10,1,Twitter
Twitter::@Devesa_News,falla,1,12,-1,Twitter
Twitter::@Devesa_News,internet,1,10,1,Twitter
Twitter::@Devesa_News,alcaldesa,1,8,0,Twitter
Twitter::@Devesa_News,perder,1,11,5,Twitter
Twitter::@Devesa_News,eleccion,1,11,5,Twitter
Twitter::@Devesa_News,nuevamente,1,13,4,Twitter
Twitter::@Devesa_News,presidencia,1,8,2,Twitter
Twitter::@Devesa_News,municipal,1,14,0,Twitter
Twitter::@Devesa_News,provocar,1,6,0,Twitter
Twitter::@Devesa_News,central,1,3,2,Twitter
Twitter::@Devesa_News,cambiar,1,2,0,Twitter
Twitter::@Devesa_News,precaucion,1,11,3,Twitter
Twitter::@Devesa_News,cuidado,1,3,2,Twitter
Twitter::@Devesa_News,mano,1,6,0,Twitter
Twitter::@Devesa_News,mujer,1,10,3,Twitter
Twitter::@Devesa_News,amenazar,1,6,3,Twitter
Twitter::@Devesa_News,seguir,1,2,0,Twitter
Twitter::@Devesa_News,respetar,1,10,4,Twitter
Twitter::@Devesa_News,transito,1,0,2,Twitter
Twitter::@Devesa_News,vialidad,1,2,2,Twitter
Twitter::@Devesa_News,conductor,1,9,4,Twitter
Twitter::@Devesa_News,frente,1,9,1,Twitter
Twitter::@Devesa_News,juzgar,1,11,1,Twitter
Twitter::@Devesa_News,atencion,1,7,3,Twitter
Twitter::@Devesa_News,tragedia,1,9,4,Twitter
Twitter::@Devesa_News,actuar,1,9,0,Twitter
Twitter::@Devesa_News,col,1,6,1,Twitter
Twitter::@Devesa_News,guadalupe,1,11,5,Twitter
Twitter::@Devesa_News,camion,1,7,0,Twitter
Twitter::@Devesa_News,recolector,1,9,1,Twitter
Twitter::@Devesa_News,basura,1,3,1,Twitter
Twitter::@Devesa_News,caer,1,12,1,Twitter
Twitter::@Devesa_News,rivera,1,9,1,Twitter
Twitter::@Devesa_News,champayan,1,9,1,Twitter
Twitter::@Devesa_News,tancol,1,2,4,Twitter
Twitter::@Devesa_News,ciudad,1,13,1,Twitter
Twitter::@Devesa_News,lluvia,1,0,1,Twitter
Twitter::@Devesa_News,presentar,1,10,0,Twitter
Twitter::@Devesa_News,inundacion,1,9,1,Twitter
Twitter::@Devesa_News,terminar,1,11,3,Twitter
Twitter::@Devesa_News,calle,1,9,1,Twitter
Twitter::@Devesa_News,familia,1,1,0,Twitter
Twitter::@Devesa_News,enviar,1,0,4,Twitter
Twitter::@Devesa_News,video,1,11,2,Twitter
Twitter::@Devesa_News,agua,1,3,1,Twitter
Twitter::@Devesa_News,salir,1,11,0,Twitter
Twitter::@Devesa_News,cambio,1,11,3,Twitter
Twitter::@Devesa_News,comapa,1,2,2,Twitter
Twitter::@Devesa_News,cdmadero,1,5,0,Twitter
Twitter::@DocUbaldo,mujer,7,10,3,Twitter
Twitter::@DocUbaldo,tarde,6,8,1,Twitter
Twitter::@DocUbaldo,cuidar,6,2,1,Twitter
Twitter::@DocUbaldo,salud,4,2,3,Twitter
Twitter::@DocUbaldo,movimiento,4,10,3,Twitter
Twitter::@DocUbaldo,gracias,4,8,0,Twitter
Twitter::@DocUbaldo,invitacion,4,8,1,Twitter
Twitter::@DocUbaldo,acompanar,3,13,0,Twitter
Twitter::@DocUbaldo,dia,3,6,0,Twitter
Twitter::@DocUbaldo,edad,2,6,3,Twitter
Twitter::@DocUbaldo,riesgo,2,0,1,Twitter
Twitter::@DocUbaldo,clave,2,6,2,Twitter
Twitter::@DocUbaldo,descanso,2,3,2,Twitter
Twitter::@DocUbaldo,cuidado,2,3,2,Twitter
Twitter::@DocUbaldo,disfrutar,2,1,0,Twitter
Twitter::@DocUbaldo,madre,2,10,3,Twitter
Twitter::@DocUbaldo,cambiar,2,2,0,Twitter
Twitter::@DocUbaldo,independencia,2,10,3,Twitter
Twitter::@DocUbaldo,derecho,2,10,3,Twitter
Twitter::@DocUbaldo,formar,2,1,3,Twitter
Twitter::@DocUbaldo,amor,2,3,2,Twitter
Twitter::@DocUbaldo,mano,2,6,0,Twitter
Twitter::@DocUbaldo,vida,2,7,4,Twitter
Twitter::@DocUbaldo,adecuado,2,3,3,Twitter
Twitter::@DocUbaldo,proceso,2,3,3,Twitter
Twitter::@DocUbaldo,favorecer,2,3,3,Twitter
Twitter::@DocUbaldo,recuperacion,2,3,3,Twitter
Twitter::@DocUbaldo,evitar,2,7,2,Twitter
Twitter::@DocUbaldo,dolor,1,7,1,Twitter
Twitter::@DocUbaldo,afectar,1,0,1,Twitter
Twitter::@DocUbaldo,joven,1,13,0,Twitter
Twitter::@DocUbaldo,especialmente,1,6,0,Twitter
Twitter::@DocUbaldo,deportista,1,13,0,Twitter
Twitter::@DocUbaldo,persona,1,4,3,Twitter
Twitter::@DocUbaldo,condicion,1,14,2,Twitter
Twitter::@DocUbaldo,importar,1,6,2,Twitter
Twitter::@DocUbaldo,escuchar,1,2,0,Twitter
Twitter::@DocUbaldo,cuerpo,1,3,1,Twitter
Twitter::@DocUbaldo,sistema,1,0,4,Twitter
Twitter::@DocUbaldo,entorno,1,3,2,Twitter
Twitter::@DocUbaldo,forma,1,12,3,Twitter
Twitter::@DocUbaldo,natural,1,3,2,Twitter
Twitter::@DocUbaldo,familia,1,1,0,Twitter
Twitter::@DocUbaldo,importante,1,13,0,Twitter
Twitter::@DocUbaldo,accion,1,2,0,Twitter
Twitter::@DocUbaldo,mundo,1,11,0,Twitter
Twitter::@DocUbaldo,llegar,1,10,1,Twitter
Twitter::@DocUbaldo,fuerza,1,10,3,Twitter
Twitter::@DocUbaldo,conocido,1,11,0,Twitter
Twitter::@DocUbaldo,cuba,1,10,5,Twitter
Twitter::@DocUbaldo,lucha,1,8,1,Twitter
Twitter::@DocUbaldo,pais,1,12,0,Twitter
Twitter::@DocUbaldo,premio,1,8,2,Twitter
Twitter::@DocUbaldo,area,1,10,0,Twitter
Twitter::@DocUbaldo,fisico,1,4,3,Twitter
Twitter::@DocUbaldo,recibir,1,9,2,Twitter
Twitter::@DocUbaldo,ano,1,11,2,Twitter
Twitter::@DocUbaldo,lider,1,12,2,Twitter
Twitter::@DocUbaldo,ayudar,1,12,1,Twitter
Twitter::@DocUbaldo,derechos,1,4,1,Twitter
Twitter::@DocUbaldo,mujeres,1,8,0,Twitter
Twitter::@DocUbaldo,obtener,1,10,3,Twitter
Twitter::@DocUbaldo,voto,1,8,4,Twitter
Twitter::@DocUbaldo,organizacion,1,4,4,Twitter
Twitter::@DocUbaldo,union,1,1,0,Twitter
Twitter::@DocUbaldo,politica,1,9,2,Twitter
Twitter::@DocUbaldo,social,1,2,3,Twitter
Twitter::@DocUbaldo,periodista,1,6,-1,Twitter
Twitter::@DocUbaldo,celebrar,1,1,3,Twitter
Twitter::@DocUbaldo,guia,1,3,2,Twitter
Twitter::@DocUbaldo,carino,1,8,3,Twitter
Twitter::@DocUbaldo,convertir,1,6,2,Twitter
Twitter::@DocUbaldo,tocar,1,11,2,Twitter
Twitter::@DocUbaldo,palabra,1,9,-1,Twitter
Twitter::@DocUbaldo,necesitar,1,2,0,Twitter
Twitter::@DocUbaldo,mama,1,10,3,Twitter
Twitter::@DocUbaldo,saludable,1,3,1,Twitter
Twitter::@DocUbaldo,etapa,1,3,1,Twitter
Twitter::@DocUbaldo,seguir,1,2,0,Twitter
Twitter::@DocUbaldo,reconocer,1,6,0,Twitter
Twitter::@DocUbaldo,transformar,1,2,0,Twitter
Twitter::@DocUbaldo,mantener,1,7,0,Twitter
Twitter::@DocUbaldo,ambiente,1,8,2,Twitter
Twitter::@DocUbaldo,ligero,1,7,1,Twitter
Twitter::@DocUbaldo,exceso,1,7,1,Twitter
Twitter::@DocUbaldo,bienestar,1,2,3,Twitter
Twitter::@DocUbaldo,diario,1,3,0,Twitter
Twitter::@DocUbaldo,incluir,1,4,0,Twitter
Twitter::@DocUbaldo,suficiente,1,11,5,Twitter
Twitter::@DocUbaldo,activo,1,13,4,Twitter
Twitter::@DocUbaldo,evidencia,1,0,4,Twitter
Twitter::@DocUbaldo,cambio,1,11,3,Twitter
Twitter::@DocUbaldo,pasar,1,11,3,Twitter
Twitter::@DocUbaldo,calidad,1,2,2,Twitter
Twitter::@DocUbaldo,sueno,1,10,3,Twitter
Twitter::@DocUbaldo,servir,1,6,2,Twitter
Twitter::@DocUbaldo,abrir,1,6,1,Twitter
Twitter::@DocUbaldo,puerta,1,10,0,Twitter
Twitter::@DocUbaldo,intervencion,1,12,-1,Twitter
Twitter::@DocUbaldo,temprano,1,9,1,Twitter
Twitter::@DocUbaldo,vigilancia,1,7,2,Twitter
Twitter::@DocUbaldo,cualquiera,1,6,2,Twitter
Twitter::@DocUbaldo,necesidad,1,2,0,Twitter
Twitter::@DocUbaldo,detalle,1,10,0,Twitter
Twitter::@DulceGabs,dia,4,6,0,Twitter
Twitter::@DulceGabs,necesitar,4,2,0,Twitter
Twitter::@DulceGabs,entender,3,11,4,Twitter
Twitter::@DulceGabs,papa,2,6,0,Twitter
Twitter::@DulceGabs,frente,2,9,1,Twitter
Twitter::@DulceGabs,mar,2,6,3,Twitter
Twitter::@DulceGabs,importar,1,6,2,Twitter
Twitter::@DulceGabs,amar,1,4,0,Twitter
Twitter::@EHTamaulipas,operativo,1,0,4,Twitter
Twitter::@EHTamaulipas,elemento,1,7,2,Twitter
Twitter::@EHTamaulipas,fuerza,1,10,3,Twitter
Twitter::@EHTamaulipas,guardia,1,6,2,Twitter
Twitter::@EHTamaulipas,estatal,1,0,3,Twitter
Twitter::@EHTamaulipas,personal,1,0,2,Twitter
Twitter::@EHTamaulipas,ejercito,1,11,1,Twitter
Twitter::@EHTamaulipas,mexicano,1,4,1,Twitter
Twitter::@EHTamaulipas,presunto,1,4,4,Twitter
Twitter::@EHTamaulipas,colonia,1,2,4,Twitter
Twitter::@EHTamaulipas,matamoros,1,5,0,Twitter
Twitter::@EHTamaulipas,registrar,1,5,1,Twitter
Twitter::@EHTamaulipas,hijo,1,12,4,Twitter
Twitter::@EHTamaulipas,nombre,1,12,2,Twitter
Twitter::@EHTamaulipas,recomendacion,1,0,2,Twitter
Twitter::@EHTamaulipas,emitir,1,4,4,Twitter
Twitter::@EHTamaulipas,registro,1,7,2,Twitter
Twitter::@EHTamaulipas,civil,1,0,0,Twitter
Twitter::@EdmundoRD,laguna,3,3,2,Twitter
Twitter::@EdmundoRD,exigir,1,11,4,Twitter
Twitter::@EdmundoRD,carpintero,1,3,2,Twitter
Twitter::@EdmundoRD,ciudadania,1,2,3,Twitter
Twitter::@EdmundoRD,querer,1,11,0,Twitter
Twitter::@EdmundoRD,negocio,1,10,4,Twitter
Twitter::@EdmundoRD,personal,1,0,2,Twitter
Twitter::@EdmundoRD,municipal,1,14,0,Twitter
Twitter::@EdorvartRagde,final,2,10,2,Twitter
Twitter::@EdorvartRagde,madero,1,5,0,Twitter
Twitter::@EdorvartRagde,raro,1,11,1,Twitter
Twitter::@EdorvartRagde,hermano,1,11,1,Twitter
Twitter::@EdorvartRagde,gol,1,12,0,Twitter
Twitter::@EdorvartRagde,mierda,1,10,4,Twitter
Twitter::@EdorvartRagde,pumas,1,5,2,Twitter
Twitter::@EdorvartRagde,etc,1,12,1,Twitter
Twitter::@EjeConurbado,tamaulipas,14,5,1,Twitter
Twitter::@EjeConurbado,cdvictoria,12,5,1,Twitter
Twitter::@EjeConurbado,estatal,5,0,3,Twitter
Twitter::@EjeConurbado,municipio,3,14,2,Twitter
Twitter::@EjeConurbado,guardia,3,6,2,Twitter
Twitter::@EjeConurbado,operativo,3,0,4,Twitter
Twitter::@EjeConurbado,villarreal,3,3,0,Twitter
Twitter::@EjeConurbado,iniciar,2,5,1,Twitter
Twitter::@EjeConurbado,programa,2,2,3,Twitter
Twitter::@EjeConurbado,menor,2,7,3,Twitter
Twitter::@EjeConurbado,padre,2,4,0,Twitter
Twitter::@EjeConurbado,registrar,2,5,1,Twitter
Twitter::@EjeConurbado,mexico,2,12,0,Twitter
Twitter::@EjeConurbado,reynosa,2,5,0,Twitter
Twitter::@EjeConurbado,entregar,2,6,2,Twitter
Twitter::@EjeConurbado,clave,2,6,2,Twitter
Twitter::@EjeConurbado,altamira,2,5,0,Twitter
Twitter::@EjeConurbado,mexicano,2,4,1,Twitter
Twitter::@EjeConurbado,americo,2,14,1,Twitter
Twitter::@EjeConurbado,cdmadero,2,5,0,Twitter
Twitter::@EjeConurbado,rezago,1,5,1,Twitter
Twitter::@EjeConurbado,alumbrado,1,14,3,Twitter
Twitter::@EjeConurbado,publico,1,14,3,Twitter
Twitter::@EjeConurbado,renovacion,1,14,2,Twitter
Twitter::@EjeConurbado,sistema,1,0,4,Twitter
Twitter::@EjeConurbado,beca,1,13,3,Twitter
Twitter::@EjeConurbado,municipal,1,14,0,Twitter
Twitter::@EjeConurbado,sumar,1,6,1,Twitter
Twitter::@EjeConurbado,cuarto,1,4,0,Twitter
Twitter::@EjeConurbado,entrega,1,13,3,Twitter
Twitter::@EjeConurbado,educativo,1,14,1,Twitter
Twitter::@EjeConurbado,dif,1,13,3,Twitter
Twitter::@EjeConurbado,brindar,1,2,2,Twitter
Twitter::@EjeConurbado,atencion,1,7,3,Twitter
Twitter::@EjeConurbado,alianza,1,6,1,Twitter
Twitter::@EjeConurbado,universidad,1,10,1,Twitter
Twitter::@EjeConurbado,uat,1,5,1,Twitter
Twitter::@EjeConurbado,atender,1,2,0,Twitter
Twitter::@EjeConurbado,familia,1,1,0,Twitter
Twitter::@EjeConurbado,visitante,1,3,2,Twitter
Twitter::@EjeConurbado,puente,1,4,3,Twitter
Twitter::@EjeConurbado,vacacional,1,4,3,Twitter
Twitter::@EjeConurbado,cifra,1,14,0,Twitter
Twitter::@EjeConurbado,reflejar,1,1,0,Twitter
Twitter::@EjeConurbado,destino,1,4,5,Twitter
Twitter::@EjeConurbado,golfo,1,4,5,Twitter
Twitter::@EjeConurbado,asegurar,1,4,3,Twitter
Twitter::@EjeConurbado,vehiculo,1,7,2,Twitter
Twitter::@EjeConurbado,zona,1,0,1,Twitter
Twitter::@EjeConurbado,alcaldesa,1,8,0,Twitter
Twitter::@EjeConurbado,monica,1,3,0,Twitter
Twitter::@EjeConurbado,anaya,1,3,0,Twitter
Twitter::@EjeConurbado,impulso,1,2,1,Twitter
Twitter::@EjeConurbado,orgullo,1,1,2,Twitter
Twitter::@EjeConurbado,local,1,1,2,Twitter
Twitter::@EjeConurbado,economia,1,1,2,Twitter
Twitter::@EjeConurbado,puerto,1,8,0,Twitter
Twitter::@EjeConurbado,hora,1,10,1,Twitter
Twitter::@EjeConurbado,sur,1,14,2,Twitter
Twitter::@EjeConurbado,ciudadmadero,1,5,0,Twitter
Twitter::@EjeConurbado,celebrar,1,1,3,Twitter
Twitter::@EjeConurbado,defender,1,11,0,Twitter
Twitter::@EjeConurbado,convertir,1,6,2,Twitter
Twitter::@EjeConurbado,sinaloa,1,5,2,Twitter
Twitter::@EjeConurbado,sheinbaum,1,12,0,Twitter
Twitter::@EjeConurbado,respaldar,1,14,1,Twitter
Twitter::@EjeConurbado,gestion,1,9,3,Twitter
Twitter::@EjeConurbado,anunciar,1,10,2,Twitter
Twitter::@EjeConurbado,proyecto,1,14,4,Twitter
Twitter::@EjeConurbado,confirmar,1,10,3,Twitter
Twitter::@EjeConurbado,coordinacion,1,14,2,Twitter
Twitter::@EjeConurbado,gobierno,1,12,3,Twitter
Twitter::@EjeConurbado,abrir,1,6,1,Twitter
Twitter::@EjeConurbado,jueves,1,11,0,Twitter
Twitter::@EjeConurbado,mayo,1,10,0,Twitter
Twitter::@EjeConurbado,oficina,1,10,1,Twitter
Twitter::@EjeConurbado,ubicado,1,3,3,Twitter
Twitter::@EjeConurbado,col,1,6,1,Twitter
Twitter::@EjeConurbado,metro,1,11,3,Twitter
Twitter::@EjeConurbado,ejercito,1,11,1,Twitter
Twitter::@EjeConurbado,andy,1,12,2,Twitter
Twitter::@EjeConurbado,lopez,1,12,2,Twitter
Twitter::@EjeConurbado,compartir,1,1,0,Twitter
Twitter::@EjeConurbado,foto,1,4,2,Twitter
Twitter::@EjeConurbado,amlo,1,12,4,Twitter
Twitter::@EjeConurbado,diputado,1,13,-1,Twitter
Twitter::@EjeConurbado,federal,1,12,1,Twitter
Twitter::@EjeConurbado,electoral,1,11,5,Twitter
Twitter::@EjeConurbado,retiro,1,3,3,Twitter
Twitter::@EjeConurbado,justificar,1,9,0,Twitter
Twitter::@EjeConurbado,gobernador,1,14,1,Twitter
Twitter::@EjeConurbado,mesa,1,10,0,Twitter
Twitter::@EjeConurbado,paz,1,1,0,Twitter
Twitter::@EjeConurbado,cumplir,1,10,1,Twitter
Twitter::@EjeConurbado,informacion,1,11,0,Twitter
Twitter::@EjeConurbado,centro,1,13,3,Twitter
Twitter::@EjeConurbado,nacional,1,4,2,Twitter
Twitter::@EjeConurbado,unidos,1,11,6,Twitter
Twitter::@EjeConurbado,formacion,1,7,3,Twitter
Twitter::@EjeConurbado,tormenta,1,0,1,Twitter
Twitter::@EjeConurbado,generar,1,13,2,Twitter
Twitter::@EjeConurbado,lluvia,1,0,1,Twitter
Twitter::@EjeConurbado,intenso,1,7,1,Twitter
Twitter::@EjeConurbado,tamaulipa,1,11,0,Twitter
Twitter::@EjeConurbado,reforzar,1,7,3,Twitter
Twitter::@EjeConurbado,prevencion,1,0,3,Twitter
Twitter::@EjeConurbado,delito,1,11,4,Twitter
Twitter::@EjeConurbado,detalle,1,10,0,Twitter
Twitter::@ElStandardDeTam,caer,2,12,1,Twitter
Twitter::@ElStandardDeTam,tamaulipas,1,5,1,Twitter
Twitter::@ElStandardDeTam,camion,1,7,0,Twitter
Twitter::@ElStandardDeTam,recolector,1,9,1,Twitter
Twitter::@ElStandardDeTam,basura,1,3,1,Twitter
Twitter::@ElStandardDeTam,rivera,1,9,1,Twitter
Twitter::@ElStandardDeTam,champayan,1,9,1,Twitter
Twitter::@ElStandardDeTam,tancol,1,2,4,Twitter
Twitter::@ElStandardDeTam,zona,1,0,1,Twitter
Twitter::@ElStandardDeTam,norte,1,10,1,Twitter
Twitter::@ElStandardDeTam,dejar,1,9,0,Twitter
Twitter::@ElStandardDeTam,ciudad,1,13,1,Twitter
Twitter::@ElStandardDeTam,bonito,1,8,1,Twitter
Twitter::@ElStandardDeTam,cdvictoria,1,5,1,Twitter
Twitter::@EleeseNoticias,monica,5,3,0,Twitter
Twitter::@EleeseNoticias,villarreal,5,3,0,Twitter
Twitter::@EleeseNoticias,cdvictoria,5,5,1,Twitter
Twitter::@EleeseNoticias,tamaulipas,5,5,1,Twitter
Twitter::@EleeseNoticias,gobierno,4,12,3,Twitter
Twitter::@EleeseNoticias,futuro,2,13,1,Twitter
Twitter::@EleeseNoticias,programa,2,2,3,Twitter
Twitter::@EleeseNoticias,bienestar,2,2,3,Twitter
Twitter::@EleeseNoticias,saludable,2,3,1,Twitter
Twitter::@EleeseNoticias,impulsar,2,1,2,Twitter
Twitter::@EleeseNoticias,ciudad,2,13,1,Twitter
Twitter::@EleeseNoticias,unir,2,1,3,Twitter
Twitter::@EleeseNoticias,destacar,1,14,4,Twitter
Twitter::@EleeseNoticias,riqueza,1,14,4,Twitter
Twitter::@EleeseNoticias,gastronomico,1,14,4,Twitter
Twitter::@EleeseNoticias,motor,1,14,4,Twitter
Twitter::@EleeseNoticias,turistico,1,14,4,Twitter
Twitter::@EleeseNoticias,alcanzar,1,6,1,Twitter
Twitter::@EleeseNoticias,millon,1,12,0,Twitter
Twitter::@EleeseNoticias,pesos,1,13,3,Twitter
Twitter::@EleeseNoticias,beca,1,13,3,Twitter
Twitter::@EleeseNoticias,inversion,1,5,1,Twitter
Twitter::@EleeseNoticias,joven,1,13,0,Twitter
Twitter::@EleeseNoticias,arranca,1,3,0,Twitter
Twitter::@EleeseNoticias,sonrisas,1,2,3,Twitter
Twitter::@EleeseNoticias,colonia,1,2,4,Twitter
Twitter::@EleeseNoticias,luis,1,6,1,Twitter
Twitter::@EleeseNoticias,echeverria,1,2,3,Twitter
Twitter::@EleeseNoticias,reafirmar,1,1,0,Twitter
Twitter::@EleeseNoticias,firme,1,3,0,Twitter
Twitter::@EleeseNoticias,compromiso,1,2,0,Twitter
Twitter::@EleeseNoticias,salud,1,2,3,Twitter
Twitter::@EleeseNoticias,familia,1,1,0,Twitter
Twitter::@EleeseNoticias,mensaje,1,5,3,Twitter
Twitter::@EleeseNoticias,esperanza,1,6,1,Twitter
Twitter::@EleeseNoticias,dedicacion,1,13,0,Twitter
Twitter::@EleeseNoticias,construir,1,13,1,Twitter
Twitter::@EleeseNoticias,promocion,1,8,0,Twitter
Twitter::@EleeseNoticias,internacional,1,13,1,Twitter
Twitter::@EleeseNoticias,conectividad,1,13,1,Twitter
Twitter::@EleeseNoticias,iniciativa,1,13,2,Twitter
Twitter::@EleeseNoticias,privado,1,4,2,Twitter
Twitter::@EleeseNoticias,congreso,1,5,1,Twitter
Twitter::@EleeseNoticias,juvenil,1,6,1,Twitter
Twitter::@EleeseNoticias,cuidar,1,2,1,Twitter
Twitter::@EleeseNoticias,emocion,1,4,0,Twitter
Twitter::@EleeseNoticias,razon,1,8,4,Twitter
Twitter::@EleeseNoticias,mario,1,8,4,Twitter
Twitter::@EleeseNoticias,lopez,1,12,2,Twitter
Twitter::@EleeseNoticias,arrancar,1,5,1,Twitter
Twitter::@EleeseNoticias,vacheando,1,2,2,Twitter
Twitter::@EleeseNoticias,atender,1,2,0,Twitter
Twitter::@EleeseNoticias,bache,1,2,2,Twitter
Twitter::@EleeseNoticias,victoria,1,11,0,Twitter
Twitter::@EleeseNoticias,colectivo,1,6,3,Twitter
Twitter::@EleeseNoticias,dia,1,6,0,Twitter
Twitter::@EleeseNoticias,homenaje,1,6,3,Twitter
Twitter::@EleeseNoticias,fuerza,1,10,3,Twitter
Twitter::@EleeseNoticias,amor,1,3,2,Twitter
Twitter::@EleeseNoticias,representar,1,14,1,Twitter
Twitter::@EleeseNoticias,reducir,1,14,3,Twitter
Twitter::@EleeseNoticias,mitad,1,14,3,Twitter
Twitter::@EleeseNoticias,deuda,1,14,3,Twitter
Twitter::@EleeseNoticias,municipal,1,14,0,Twitter
Twitter::@EleeseNoticias,lucha,1,8,1,Twitter
Twitter::@EleeseNoticias,dengue,1,14,0,Twitter
Twitter::@EleeseNoticias,solucion,1,14,2,Twitter
Twitter::@EleeseNoticias,carmen,1,2,4,Twitter
Twitter::@EleeseNoticias,gestion,1,9,3,Twitter
Twitter::@EleeseNoticias,dejar,1,9,0,Twitter
Twitter::@EleeseNoticias,politica,1,9,2,Twitter
Twitter::@EleeseNoticias,liderazgo,1,13,5,Twitter
Twitter::@EstradaAgente,roma,2,7,3,Twitter
Twitter::@EstradaAgente,norte,2,10,1,Twitter
Twitter::@EstradaAgente,vecino,1,2,4,Twitter
Twitter::@EstradaAgente,agradecer,1,10,0,Twitter
Twitter::@EstradaAgente,respuesta,1,0,4,Twitter
Twitter::@EstradaAgente,tarde,1,8,1,Twitter
Twitter::@EstradaAgente,avenida,1,5,1,Twitter
Twitter::@EstradaAgente,colonia,1,2,4,Twitter
Twitter::@EstradaAgente,gracias,1,8,0,Twitter
Twitter::@ExpresoPress,altamira,2,5,0,Twitter
Twitter::@ExpresoPress,lluvia,1,0,1,Twitter
Twitter::@ExpresoPress,mayo,1,10,0,Twitter
Twitter::@ExpresoPress,fuerte,1,7,2,Twitter
Twitter::@ExpresoPress,afectacion,1,0,1,Twitter
Twitter::@ExpresoPress,colonia,1,2,4,Twitter
Twitter::@ExpresoPress,agua,1,3,1,Twitter
Twitter::@ExpresoPress,entrar,1,4,1,Twitter
Twitter::@ExpresoPress,casa,1,3,1,Twitter
Twitter::@ExpresoPress,arrastrar,1,7,2,Twitter
Twitter::@ExpresoPress,vehiculo,1,7,2,Twitter
Twitter::@ExpresoPress,llegar,1,10,1,Twitter
Twitter::@ExpresoPress,rio,1,0,4,Twitter
Twitter::@ExpresoPress,impacto,1,11,2,Twitter
Twitter::@ExpresoPress,sistema,1,0,4,Twitter
Twitter::@ExpresoPress,lagunario,1,3,2,Twitter
Twitter::@ExpresoPress,sur,1,14,2,Twitter
Twitter::@ExpresoPress,tamaulipas,1,5,1,Twitter
Twitter::@ExpresoPress,gobierno,1,12,3,Twitter
Twitter::@ExpresoPress,mantener,1,7,0,Twitter
Twitter::@ExpresoPress,activo,1,13,4,Twitter
Twitter::@ExpresoPress,protocolo,1,13,4,Twitter
Twitter::@ExpresoPress,preventivo,1,0,1,Twitter
Twitter::@ExpresoPress,responder,1,13,4,Twitter
Twitter::@ExpresoPress,oportuno,1,7,3,Twitter
Twitter::@ExpresoPress,cualquiera,1,6,2,Twitter
Twitter::@Formula_Mty,pensar,1,11,1,Twitter
Twitter::@Formula_Mty,bandera,1,14,1,Twitter
Twitter::@Formula_Mty,mercado,1,8,4,Twitter
Twitter::@Formula_Mty,municipal,1,14,0,Twitter
Twitter::@Formula_Mty,aparecer,1,4,2,Twitter
Twitter::@Formula_Mty,nacional,1,4,2,Twitter
Twitter::@Formula_Mty,quedar,1,11,0,Twitter
Twitter::@Formula_Mty,claro,1,4,3,Twitter
Twitter::@Formula_Mty,mexicano,1,4,1,Twitter
Twitter::@Formula_Mty,ambiente,1,8,2,Twitter
Twitter::@Formula_Mty,mundialista,1,1,3,Twitter
Twitter::@Formula_Mty,grupo,1,13,3,Twitter
Twitter::@Formula_Mty,aficionado,1,4,0,Twitter
Twitter::@Formula_Mty,leon,1,8,3,Twitter
Twitter::@Formula_Mty,fan,1,13,5,Twitter
Twitter::@Formula_Mty,orgullo,1,1,2,Twitter
Twitter::@Formula_Mty,presente,1,4,5,Twitter
Twitter::@Formula_Mty,asistente,1,0,3,Twitter
Twitter::@GPL59323899,medalla,4,12,3,Twitter
Twitter::@GPL59323899,abril,2,0,3,Twitter
Twitter::@GPL59323899,espanol,2,0,-1,Twitter
Twitter::@GPL59323899,asimismo,2,1,1,Twitter
Twitter::@GPL59323899,general,2,10,0,Twitter
Twitter::@GPL59323899,jefe,2,11,3,Twitter
Twitter::@GPL59323899,otorgado,2,9,3,Twitter
Twitter::@GZ,ciudad,1,13,1,Twitter
Twitter::@GZ,oficina,1,10,1,Twitter
Twitter::@GZ,boleto,1,10,2,Twitter
Twitter::@GZ,gente,1,6,2,Twitter
Twitter::@GZ,salir,1,11,0,Twitter
Twitter::@GZ,persona,1,4,3,Twitter
Twitter::@GZ,alli,1,11,2,Twitter
Twitter::@GamyKnight,fan,4,13,5,Twitter
Twitter::@GamyKnight,mundo,3,11,0,Twitter
Twitter::@GamyKnight,millon,1,12,0,Twitter
Twitter::@Garcimonero,lopez,4,12,2,Twitter
Twitter::@Garcimonero,enrique,2,12,2,Twitter
Twitter::@Garcimonero,garcia,2,12,2,Twitter
Twitter::@Garcimonero,juan,2,10,0,Twitter
Twitter::@Garcimonero,pase,1,10,2,Twitter
Twitter::@Garcimonero,lista,1,12,1,Twitter
Twitter::@Garcimonero,presunto,1,4,4,Twitter
Twitter::@Garcimonero,narco,1,12,4,Twitter
Twitter::@Garcimonero,morena,1,12,4,Twitter
Twitter::@Garcimonero,obrador,1,12,2,Twitter
Twitter::@Garcimonero,americo,1,14,1,Twitter
Twitter::@Garcimonero,villarreal,1,3,0,Twitter
Twitter::@Garcimonero,adan,1,12,2,Twitter
Twitter::@Garcimonero,augusto,1,12,2,Twitter
Twitter::@Garcimonero,andy,1,12,2,Twitter
Twitter::@Garcimonero,hernan,1,12,2,Twitter
Twitter::@Garcimonero,maria,1,8,4,Twitter
Twitter::@Garcimonero,rivera,1,9,1,Twitter
Twitter::@Garcimonero,alfredo,1,10,0,Twitter
Twitter::@Garcimonero,pedro,1,10,1,Twitter
Twitter::@Garcimonero,alcalde,1,4,6,Twitter
Twitter::@Garcimonero,mario,1,8,4,Twitter
Twitter::@Garcimonero,jose,1,0,5,Twitter
Twitter::@Garcimonero,alejandro,1,2,4,Twitter
Twitter::@Garcimonero,diaz,1,9,2,Twitter
Twitter::@Garcimonero,jorge,1,1,4,Twitter
Twitter::@Garcimonero,antonio,1,0,5,Twitter
Twitter::@Garcimonero,gerardo,1,0,0,Twitter
Twitter::@Garcimonero,javier,1,4,6,Twitter
Twitter::@Garcimonero,seguir,1,2,0,Twitter
Twitter::@Glez_torres,destacar,1,14,4,Twitter
Twitter::@Glez_torres,monica,1,3,0,Twitter
Twitter::@Glez_torres,villarreal,1,3,0,Twitter
Twitter::@Glez_torres,riqueza,1,14,4,Twitter
Twitter::@Glez_torres,gastronomico,1,14,4,Twitter
Twitter::@Glez_torres,motor,1,14,4,Twitter
Twitter::@Glez_torres,turistico,1,14,4,Twitter
Twitter::@Glez_torres,recibir,1,9,2,Twitter
Twitter::@Glez_torres,reconocimiento,1,13,1,Twitter
Twitter::@Glez_torres,internacional,1,13,1,Twitter
Twitter::@Glez_torres,cities,1,7,4,Twitter
Twitter::@Glez_torres,world,1,2,0,Twitter
Twitter::@Glez_torres,compromiso,1,2,0,Twitter
Twitter::@Glez_torres,medio,1,8,2,Twitter
Twitter::@Glez_torres,ambiente,1,8,2,Twitter
Twitter::@GoldenBear0991,nivel,6,4,2,Twitter
Twitter::@GoldenBear0991,orden,2,14,3,Twitter
Twitter::@GoldenBear0991,creer,2,12,3,Twitter
Twitter::@GoldenBear0991,villarreal,2,3,0,Twitter
Twitter::@GoldenBear0991,augusto,2,12,2,Twitter
Twitter::@GoldenBear0991,lopez,2,12,2,Twitter
Twitter::@GoldenBear0991,mexico,2,12,0,Twitter
Twitter::@GoldenBear0991,destino,2,4,5,Twitter
Twitter::@GoldenBear0991,vacacional,2,4,3,Twitter
Twitter::@GoldenBear0991,riesgo,2,0,1,Twitter
Twitter::@GoldenBear0991,seguridad,2,0,3,Twitter
Twitter::@GoldenBear0991,region,2,1,2,Twitter
Twitter::@GoldenBear0991,mexicano,2,4,1,Twitter
Twitter::@GoldenBear0991,tomar,2,4,2,Twitter
Twitter::@GoldenBear0991,precaucion,2,11,3,Twitter
Twitter::@GoldenBear0991,normal,2,11,0,Twitter
Twitter::@GoldenBear0991,boleto,2,10,2,Twitter
Twitter::@Guacamayalibre,seguir,3,2,0,Twitter
Twitter::@Guacamayalibre,nombre,2,12,2,Twitter
Twitter::@Guacamayalibre,unidos,1,11,6,Twitter
Twitter::@Guacamayalibre,ruta,1,14,4,Twitter
Twitter::@Guacamayalibre,huachicol,1,12,2,Twitter
Twitter::@Guacamayalibre,fiscal,1,12,2,Twitter
Twitter::@Guacamayalibre,adan,1,12,2,Twitter
Twitter::@Guacamayalibre,augusto,1,12,2,Twitter
Twitter::@Guacamayalibre,volver,1,12,2,Twitter
Twitter::@Guacamayalibre,aparecer,1,4,2,Twitter
Twitter::@Guacamayalibre,empresa,1,13,2,Twitter
Twitter::@Guacamayalibre,barredora,1,2,0,Twitter
Twitter::@Guacamayalibre,hernan,1,12,2,Twitter
Twitter::@Guacamayalibre,pieza,1,1,3,Twitter
Twitter::@Guacamayalibre,cambiar,1,2,0,Twitter
Twitter::@Guacamayalibre,conectar,1,3,2,Twitter
Twitter::@Guacamayalibre,historia,1,1,3,Twitter
Twitter::@Guacamayalibre,alcaldesa,1,8,0,Twitter
Twitter::@Guacamayalibre,tapar,1,12,2,Twitter
Twitter::@Guacamayalibre,corrupcion,1,12,5,Twitter
Twitter::@Guacamayalibre,salir,1,11,0,Twitter
Twitter::@Guacamayalibre,show,1,8,3,Twitter
Twitter::@Guacamayalibre,pueblo,1,11,5,Twitter
Twitter::@Guacamayalibre,tratar,1,10,4,Twitter
Twitter::@Guacamayalibre,recuperar,1,14,2,Twitter
Twitter::@Guacamayalibre,confianza,1,2,0,Twitter
Twitter::@Guacamayalibre,robar,1,12,5,Twitter
Twitter::@HOYTamaulipas,tamaulipas,11,5,1,Twitter
Twitter::@HOYTamaulipas,enteratir,9,6,1,Twitter
Twitter::@HOYTamaulipas,monicavillarreal,4,3,0,Twitter
Twitter::@HOYTamaulipas,gobierno,2,12,3,Twitter
Twitter::@HOYTamaulipas,bienestar,2,2,3,Twitter
Twitter::@HOYTamaulipas,riqueza,1,14,4,Twitter
Twitter::@HOYTamaulipas,gastronomico,1,14,4,Twitter
Twitter::@HOYTamaulipas,motor,1,14,4,Twitter
Twitter::@HOYTamaulipas,turistico,1,14,4,Twitter
Twitter::@HOYTamaulipas,fortalece,1,14,3,Twitter
Twitter::@HOYTamaulipas,sistema,1,0,4,Twitter
Twitter::@HOYTamaulipas,alumbrado,1,14,3,Twitter
Twitter::@HOYTamaulipas,publico,1,14,3,Twitter
Twitter::@HOYTamaulipas,diverso,1,14,3,Twitter
Twitter::@HOYTamaulipas,sector,1,14,3,Twitter
Twitter::@HOYTamaulipas,arranca,1,3,0,Twitter
Twitter::@HOYTamaulipas,programa,1,2,3,Twitter
Twitter::@HOYTamaulipas,sonrisas,1,2,3,Twitter
Twitter::@HOYTamaulipas,colonia,1,2,4,Twitter
Twitter::@HOYTamaulipas,luis,1,6,1,Twitter
Twitter::@HOYTamaulipas,echeverria,1,2,3,Twitter
Twitter::@HOYTamaulipas,reafirma,1,3,0,Twitter
Twitter::@HOYTamaulipas,compromiso,1,2,0,Twitter
Twitter::@HOYTamaulipas,salud,1,2,3,Twitter
Twitter::@HOYTamaulipas,familia,1,1,0,Twitter
Twitter::@HOYTamaulipas,tampiquena,1,2,3,Twitter
Twitter::@HOYTamaulipas,iniciativa,1,13,2,Twitter
Twitter::@HOYTamaulipas,privado,1,4,2,Twitter
Twitter::@HOYTamaulipas,impulsar,1,1,2,Twitter
Twitter::@HOYTamaulipas,congreso,1,5,1,Twitter
Twitter::@HOYTamaulipas,juvenil,1,6,1,Twitter
Twitter::@HOYTamaulipas,cuidar,1,2,1,Twitter
Twitter::@HOYTamaulipas,emocion,1,4,0,Twitter
Twitter::@HOYTamaulipas,analisis,1,10,3,Twitter
Twitter::@HOYTamaulipas,politico,1,12,4,Twitter
Twitter::@HOYTamaulipas,razon,1,8,4,Twitter
Twitter::@HOYTamaulipas,mario,1,8,4,Twitter
Twitter::@HOYTamaulipas,lopez,1,12,2,Twitter
Twitter::@HOYTamaulipas,pedir,1,11,0,Twitter
Twitter::@HOYTamaulipas,caso,1,10,4,Twitter
Twitter::@HOYTamaulipas,sinaloa,1,5,2,Twitter
Twitter::@HOYTamaulipas,sur,1,14,2,Twitter
Twitter::@HOYTamaulipas,intenso,1,7,1,Twitter
Twitter::@HOYTamaulipas,lluvia,1,0,1,Twitter
Twitter::@HOYTamaulipas,muerte,1,11,1,Twitter
Twitter::@HOYTamaulipas,policia,1,13,4,Twitter
Twitter::@HOYTamaulipas,reynosa,1,5,0,Twitter
Twitter::@HOYTamaulipas,mejora,1,14,3,Twitter
Twitter::@HOYTamaulipas,condicion,1,14,2,Twitter
Twitter::@HOYTamaulipas,laboral,1,6,-1,Twitter
Twitter::@HOYTamaulipas,trabajador,1,10,3,Twitter
Twitter::@HOYTamaulipas,eventual,1,8,0,Twitter
Twitter::@HOYTamaulipas,matamoros,1,5,0,Twitter
Twitter::@HOYTamaulipas,carretera,1,6,2,Twitter
Twitter::@HOYTamaulipas,perro,1,9,0,Twitter
Twitter::@HOYTamaulipas,cuerpo,1,3,1,Twitter
Twitter::@HOYTamaulipas,pagar,1,11,4,Twitter
Twitter::@HOYTamaulipas,millon,1,12,0,Twitter
Twitter::@HOYTamaulipas,ano,1,11,2,Twitter
Twitter::@ING_PADILLA,grande,1,1,0,Twitter
Twitter::@ING_PADILLA,terrible,1,7,4,Twitter
Twitter::@ING_PADILLA,familia,1,1,0,Twitter
Twitter::@ING_PADILLA,dejar,1,9,0,Twitter
Twitter::@ING_PADILLA,paz,1,1,0,Twitter
Twitter::@ING_PADILLA,descansar,1,4,1,Twitter
Twitter::@ING_PADILLA,rey,1,12,-1,Twitter
Twitter::@ING_PADILLA,deporte,1,2,1,Twitter
Twitter::@ING_PADILLA,agua,1,3,1,Twitter
Twitter::@ING_PADILLA,colonia,1,2,4,Twitter
Twitter::@ING_PADILLA,sur,1,14,2,Twitter
Twitter::@ING_PADILLA,rapido,1,0,1,Twitter
Twitter::@IPSSET,ingresar,1,11,0,Twitter
Twitter::@IPSSET,evitar,1,7,2,Twitter
Twitter::@IPSSET,traslado,1,0,2,Twitter
Twitter::@IPSSET,instituto,1,8,2,Twitter
Twitter::@IPSSET,gratuito,1,2,2,Twitter
Twitter::@IPSSET,tamaulipas,1,5,1,Twitter
Twitter::@IPSSET,cdvictoria,1,5,1,Twitter
Twitter::@IPSSET,nuevolaredo,1,5,0,Twitter
Twitter::@IPSSET,reynosa,1,5,0,Twitter
Twitter::@IPSSET,matamoros,1,5,0,Twitter
Twitter::@IfdpTamps,juridico,5,1,0,Twitter
Twitter::@IfdpTamps,servicio,3,2,2,Twitter
Twitter::@IfdpTamps,participar,3,10,2,Twitter
Twitter::@IfdpTamps,justicia,3,11,1,Twitter
Twitter::@IfdpTamps,brindar,3,2,2,Twitter
Twitter::@IfdpTamps,social,2,2,3,Twitter
Twitter::@IfdpTamps,matamoros,2,5,0,Twitter
Twitter::@IfdpTamps,tamaulipas,2,5,1,Twitter
Twitter::@IfdpTamps,gratuito,2,2,2,Twitter
Twitter::@IfdpTamps,laboral,2,6,-1,Twitter
Twitter::@IfdpTamps,derecho,2,10,3,Twitter
Twitter::@IfdpTamps,programa,1,2,3,Twitter
Twitter::@IfdpTamps,instituto,1,8,2,Twitter
Twitter::@IfdpTamps,federal,1,12,1,Twitter
Twitter::@IfdpTamps,publica,1,4,2,Twitter
Twitter::@IfdpTamps,coordinacion,1,14,2,Twitter
Twitter::@IfdpTamps,presidencia,1,8,2,Twitter
Twitter::@IfdpTamps,municipal,1,14,0,Twitter
Twitter::@IfdpTamps,servicios,1,2,2,Twitter
Twitter::@IfdpTamps,apoyo,1,2,2,Twitter
Twitter::@IfdpTamps,legal,1,11,6,Twitter
Twitter::@IfdpTamps,campos,1,6,3,Twitter
Twitter::@IfdpTamps,informativo,1,1,1,Twitter
Twitter::@IfdpTamps,banco,1,13,5,Twitter
Twitter::@IfdpTamps,bienestar,1,2,3,Twitter
Twitter::@IfdpTamps,defensa,1,6,3,Twitter
Twitter::@IfdpTamps,lopez,1,12,2,Twitter
Twitter::@IfdpTamps,estacion,1,9,-1,Twitter
Twitter::@IfdpTamps,compartir,1,1,0,Twitter
Twitter::@IfdpTamps,informacion,1,11,0,Twitter
Twitter::@IfdpTamps,digno,1,14,0,Twitter
Twitter::@IfdpTamps,seguir,1,2,0,Twitter
Twitter::@IfdpTamps,acercar,1,2,2,Twitter
Twitter::@IfdpTamps,necesitar,1,2,0,Twitter
Twitter::@IfdpTamps,marco,1,6,0,Twitter
Twitter::@IfdpTamps,persona,1,4,3,Twitter
Twitter::@IfdpTamps,publico,1,14,3,Twitter
Twitter::@IfdpTamps,francisco,1,9,-1,Twitter
Twitter::@IfdpTamps,gloria,1,4,1,Twitter
Twitter::@IldaServin90245,proteger,4,9,2,Twitter
Twitter::@IldaServin90245,mexico,4,12,0,Twitter
Twitter::@IldaServin90245,grupo,2,13,3,Twitter
Twitter::@IldaServin90245,crear,2,8,4,Twitter
Twitter::@IldaServin90245,dejar,2,9,0,Twitter
Twitter::@IldaServin90245,politico,2,12,4,Twitter
Twitter::@IldaServin90245,gobierno,2,12,3,Twitter
Twitter::@IldaServin90245,corrupto,2,12,4,Twitter
Twitter::@IldaServin90245,empezar,2,12,3,Twitter
Twitter::@IldaServin90245,mexicano,2,4,1,Twitter
Twitter::@IldaServin90245,bola,2,11,3,Twitter
Twitter::@IldaServin90245,vivir,2,8,2,Twitter
Twitter::@IldaServin90245,morena,2,12,4,Twitter
Twitter::@JMMartinezPiva,gobernanza,4,6,0,Twitter
Twitter::@JMMartinezPiva,felicitar,3,8,2,Twitter
Twitter::@JMMartinezPiva,publico,3,14,3,Twitter
Twitter::@JMMartinezPiva,ciudad,2,13,1,Twitter
Twitter::@JMMartinezPiva,agradecer,2,10,0,Twitter
Twitter::@JMMartinezPiva,presidenta,2,8,0,Twitter
Twitter::@JMMartinezPiva,secretaria,2,14,2,Twitter
Twitter::@JMMartinezPiva,liderazgo,2,13,5,Twitter
Twitter::@JMMartinezPiva,mundo,2,11,0,Twitter
Twitter::@JMMartinezPiva,grande,2,1,0,Twitter
Twitter::@JMMartinezPiva,cambio,2,11,3,Twitter
Twitter::@JMMartinezPiva,politica,2,9,2,Twitter
Twitter::@JMMartinezPiva,necesitar,2,2,0,Twitter
Twitter::@JMMartinezPiva,incorporar,2,0,4,Twitter
Twitter::@JMMartinezPiva,pensamiento,2,9,2,Twitter
Twitter::@JMMartinezPiva,vision,2,9,2,Twitter
Twitter::@JMMartinezPiva,futuro,2,13,1,Twitter
Twitter::@JMMartinezPiva,anticipar,2,9,2,Twitter
Twitter::@JMMartinezPiva,ruta,2,14,4,Twitter
Twitter::@JMMartinezPiva,accion,2,2,0,Twitter
Twitter::@JMMartinezPiva,compromiso,1,2,0,Twitter
Twitter::@JMMartinezPiva,angel,1,9,2,Twitter
Twitter::@JMMartinezPiva,rector,1,5,1,Twitter
Twitter::@JMMartinezPiva,marco,1,6,0,Twitter
Twitter::@JMMartinezPiva,antonio,1,0,5,Twitter
Twitter::@JMMartinezPiva,innovacion,1,6,1,Twitter
Twitter::@JMMartinezPiva,gestion,1,9,3,Twitter
Twitter::@JMMartinezPiva,compartir,1,1,0,Twitter
Twitter::@JMMartinezPiva,publicacion,1,10,1,Twitter
Twitter::@JMMartinezPiva,guia,1,3,2,Twitter
Twitter::@JMMartinezPiva,basico,1,6,0,Twitter
Twitter::@Jaibo_News,oportunidad,1,13,2,Twitter
Twitter::@Jaibo_News,gobierno,1,12,3,Twitter
Twitter::@Jaibo_News,invitar,1,1,3,Twitter
Twitter::@Jaibo_News,jornada,1,3,1,Twitter
Twitter::@Jaibo_News,adopcion,1,8,2,Twitter
Twitter::@Jaibo_News,mascota,1,8,2,Twitter
Twitter::@Jaibo_News,julio,1,4,2,Twitter
Twitter::@Jaibo_News,jardin,1,6,3,Twitter
Twitter::@Jaibo_News,laguna,1,3,2,Twitter
Twitter::@Jaibo_News,carpintero,1,3,2,Twitter
Twitter::@Jaibo_News,esperar,1,4,0,Twitter
Twitter::@Jaibo_News,encontrar,1,7,4,Twitter
Twitter::@Jaibo_News,hogar,1,0,2,Twitter
Twitter::@Jaibo_News,responsable,1,3,2,Twitter
Twitter::@Jaibo_News,mexico,1,12,0,Twitter
Twitter::@Jaibo_News,gana,1,11,3,Twitter
Twitter::@Jarhernandez25,hola,1,10,1,Twitter
Twitter::@Jarhernandez25,tarde,1,8,1,Twitter
Twitter::@Jarhernandez25,gustar,1,6,0,Twitter
Twitter::@Jarhernandez25,oportunidad,1,13,2,Twitter
Twitter::@Jarhernandez25,joven,1,13,0,Twitter
Twitter::@Jarhernandez25,ano,1,11,2,Twitter
Twitter::@Jarhernandez25,presentacion,1,1,1,Twitter
Twitter::@Jarhernandez25,saludo,1,11,2,Twitter
Twitter::@Jaume_Osante,revistadebate,41,6,1,Twitter
Twitter::@Jaume_Osante,nota,40,5,1,Twitter
Twitter::@Jaume_Osante,seguridad,6,0,3,Twitter
Twitter::@Jaume_Osante,fortalecer,6,14,0,Twitter
Twitter::@Jaume_Osante,impulsar,5,1,2,Twitter
Twitter::@Jaume_Osante,convivencia,5,1,0,Twitter
Twitter::@Jaume_Osante,reforzar,4,7,3,Twitter
Twitter::@Jaume_Osante,turismo,4,14,4,Twitter
Twitter::@Jaume_Osante,vial,4,5,1,Twitter
Twitter::@Jaume_Osante,villarreal,4,3,0,Twitter
Twitter::@Jaume_Osante,apoyo,4,2,2,Twitter
Twitter::@Jaume_Osante,familia,4,1,0,Twitter
Twitter::@Jaume_Osante,turistico,3,14,4,Twitter
Twitter::@Jaume_Osante,visitante,3,3,2,Twitter
Twitter::@Jaume_Osante,monica,3,3,0,Twitter
Twitter::@Jaume_Osante,buscar,3,5,1,Twitter
Twitter::@Jaume_Osante,colonia,3,2,4,Twitter
Twitter::@Jaume_Osante,nacional,3,4,2,Twitter
Twitter::@Jaume_Osante,ruta,2,14,4,Twitter
Twitter::@Jaume_Osante,atraer,2,6,1,Twitter
Twitter::@Jaume_Osante,semana,2,4,5,Twitter
Twitter::@Jaume_Osante,santa,2,13,3,Twitter
Twitter::@Jaume_Osante,alianza,2,6,1,Twitter
Twitter::@Jaume_Osante,dia,2,6,0,Twitter
Twitter::@Jaume_Osante,mundial,2,4,0,Twitter
Twitter::@Jaume_Osante,anaya,2,3,0,Twitter
Twitter::@Jaume_Osante,atencion,2,7,3,Twitter
Twitter::@Jaume_Osante,nino,2,8,1,Twitter
Twitter::@Jaume_Osante,economia,2,1,2,Twitter
Twitter::@Jaume_Osante,destino,2,4,5,Twitter
Twitter::@Jaume_Osante,favorito,2,8,3,Twitter
Twitter::@Jaume_Osante,dif,2,13,3,Twitter
Twitter::@Jaume_Osante,gobierno,2,12,3,Twitter
Twitter::@Jaume_Osante,talento,2,1,2,Twitter
Twitter::@Jaume_Osante,espacio,2,1,0,Twitter
Twitter::@Jaume_Osante,cultural,2,1,1,Twitter
Twitter::@Jaume_Osante,joven,2,13,0,Twitter
Twitter::@Jaume_Osante,nivel,2,4,2,Twitter
Twitter::@Jaume_Osante,crecer,2,6,0,Twitter
Twitter::@Jaume_Osante,familiar,2,4,0,Twitter
Twitter::@Jaume_Osante,recibir,2,9,2,Twitter
Twitter::@Jaume_Osante,equipo,2,13,3,Twitter
Twitter::@Jaume_Osante,simulacro,2,0,4,Twitter
Twitter::@Jaume_Osante,programa,2,2,3,Twitter
Twitter::@Jaume_Osante,reparar,2,7,2,Twitter
Twitter::@Jaume_Osante,bache,2,2,2,Twitter
Twitter::@Jaume_Osante,mejorar,2,2,2,Twitter
Twitter::@Jaume_Osante,avenida,2,5,1,Twitter
Twitter::@Jaume_Osante,arranca,2,3,0,Twitter
Twitter::@Jaume_Osante,gratuito,2,2,2,Twitter
Twitter::@Jaume_Osante,tamaulipas,2,5,1,Twitter
Twitter::@Jaume_Osante,rehabilitacion,2,14,4,Twitter
Twitter::@Jaume_Osante,alumbrado,1,14,3,Twitter
Twitter::@Jaume_Osante,publico,1,14,3,Twitter
Twitter::@Jaume_Osante,luminaria,1,0,3,Twitter
Twitter::@Jaume_Osante,mejora,1,14,3,Twitter
Twitter::@Jaume_Osante,luz,1,3,1,Twitter
Twitter::@Jaume_Osante,encabezar,1,14,0,Twitter
Twitter::@Jaume_Osante,integral,1,3,4,Twitter
Twitter::@Jaume_Osante,nina,1,8,1,Twitter
Twitter::@Jaume_Osante,liderazgo,1,13,5,Twitter
Twitter::@Jaume_Osante,puerto,1,8,0,Twitter
Twitter::@Jaume_Osante,consolidar,1,1,2,Twitter
Twitter::@Jaume_Osante,garantizar,1,0,3,Twitter
Twitter::@Jaume_Osante,llegar,1,10,1,Twitter
Twitter::@Jaume_Osante,entregar,1,6,2,Twitter
Twitter::@Jaume_Osante,alimento,1,1,2,Twitter
Twitter::@Jaume_Osante,mujeres,1,8,0,Twitter
Twitter::@Jaume_Osante,oportunidad,1,13,2,Twitter
Twitter::@Jaume_Osante,sueno,1,10,3,Twitter
Twitter::@Jaume_Osante,municipal,1,14,0,Twitter
Twitter::@Jaume_Osante,celebrar,1,1,3,Twitter
Twitter::@Jaume_Osante,copa,1,13,0,Twitter
Twitter::@Jaume_Osante,cerrar,1,5,1,Twitter
Twitter::@Jaume_Osante,exito,1,8,0,Twitter
Twitter::@Jaume_Osante,torneo,1,1,4,Twitter
Twitter::@Jaume_Osante,lleno,1,8,1,Twitter
Twitter::@Jaume_Osante,adulto,1,6,-1,Twitter
Twitter::@Jaume_Osante,demostrar,1,13,0,Twitter
Twitter::@Jaume_Osante,tarde,1,8,1,Twitter
Twitter::@Jaume_Osante,aprender,1,11,3,Twitter
Twitter::@Jaume_Osante,internacional,1,13,1,Twitter
Twitter::@Jaume_Osante,tianguis,1,10,0,Twitter
Twitter::@Jaume_Osante,abrir,1,6,1,Twitter
Twitter::@Jaume_Osante,mundo,1,11,0,Twitter
Twitter::@Jaume_Osante,estrategico,1,6,1,Twitter
Twitter::@Jaume_Osante,grande,1,1,0,Twitter
Twitter::@Jaume_Osante,mil,1,8,3,Twitter
Twitter::@Jaume_Osante,show,1,8,3,Twitter
Twitter::@Jaume_Osante,regalo,1,8,1,Twitter
Twitter::@Jaume_Osante,disfrutar,1,1,0,Twitter
Twitter::@Jaume_Osante,cine,1,14,0,Twitter
Twitter::@Jaume_Osante,gratis,1,4,3,Twitter
Twitter::@Jaume_Osante,comunitario,1,1,0,Twitter
Twitter::@Jaume_Osante,secretaria,1,14,2,Twitter
Twitter::@Jaume_Osante,tecnica,1,8,2,Twitter
Twitter::@Jaume_Osante,cabildo,1,7,3,Twitter
Twitter::@Jaume_Osante,destacar,1,14,4,Twitter
Twitter::@Jaume_Osante,transparencia,1,7,2,Twitter
Twitter::@Jaume_Osante,turista,1,8,3,Twitter
Twitter::@Jaume_Osante,visitar,1,3,2,Twitter
Twitter::@Jaume_Osante,confirmar,1,10,3,Twitter
Twitter::@Jaume_Osante,limpieza,1,3,3,Twitter
Twitter::@Jaume_Osante,sumar,1,6,1,Twitter
Twitter::@Jaume_Osante,negocio,1,10,4,Twitter
Twitter::@Jaume_Osante,identidad,1,1,3,Twitter
Twitter::@Jaume_Osante,local,1,1,2,Twitter
Twitter::@Jaume_Osante,salud,1,2,3,Twitter
Twitter::@Jaume_Osante,emocional,1,13,0,Twitter
Twitter::@Jaume_Osante,congreso,1,5,1,Twitter
Twitter::@Jaume_Osante,crecimiento,1,1,2,Twitter
Twitter::@Jaume_Osante,bienestar,1,2,3,Twitter
Twitter::@Jaume_Osante,cierre,1,5,3,Twitter
Twitter::@Jaume_Osante,tomar,1,4,2,Twitter
Twitter::@Jaume_Osante,evitar,1,7,2,Twitter
Twitter::@Jaume_Osante,despicadora,1,7,-1,Twitter
Twitter::@Jaume_Osante,certificado,1,7,-1,Twitter
Twitter::@Jaume_Osante,sanitario,1,7,-1,Twitter
Twitter::@Jaume_Osante,reconocimiento,1,13,1,Twitter
Twitter::@Jaume_Osante,sector,1,14,3,Twitter
Twitter::@Jaume_Osante,lograr,1,13,2,Twitter
Twitter::@Jaume_Osante,persona,1,4,3,Twitter
Twitter::@Jaume_Osante,subir,1,11,2,Twitter
Twitter::@Jaume_Osante,ciudadano,1,1,0,Twitter
Twitter::@Jaume_Osante,vigilancia,1,7,2,Twitter
Twitter::@Jaume_Osante,arrancar,1,5,1,Twitter
Twitter::@Jaume_Osante,vacheando,1,2,2,Twitter
Twitter::@Jaume_Osante,calle,1,9,1,Twitter
Twitter::@Jaume_Osante,bacheo,1,5,1,Twitter
Twitter::@Jaume_Osante,movilidad,1,2,2,Twitter
Twitter::@Jaume_Osante,trabajador,1,10,3,Twitter
Twitter::@Jaume_Osante,eventual,1,8,0,Twitter
Twitter::@Jaume_Osante,contar,1,6,0,Twitter
Twitter::@Jaume_Osante,laboral,1,6,-1,Twitter
Twitter::@Jaume_Osante,condicion,1,14,2,Twitter
Twitter::@Jaume_Osante,intercolonias,1,5,3,Twitter
Twitter::@Jaume_Osante,bolsa,1,13,3,Twitter
Twitter::@Jaume_Osante,pesos,1,13,3,Twitter
Twitter::@Jaume_Osante,regresar,1,10,3,Twitter
Twitter::@Jaume_Osante,entrada,1,3,4,Twitter
Twitter::@Jaume_Osante,coordinacion,1,14,2,Twitter
Twitter::@Jaume_Osante,recuperacion,1,3,3,Twitter
Twitter::@Jaume_Osante,sur,1,14,2,Twitter
Twitter::@Jaume_Osante,capacitacion,1,1,2,Twitter
Twitter::@Jaume_Osante,estrategia,1,14,0,Twitter
Twitter::@Jaume_Osante,preventivo,1,0,1,Twitter
Twitter::@Jaume_Osante,temporada,1,0,1,Twitter
Twitter::@Jaume_Osante,lluvia,1,0,1,Twitter
Twitter::@Jaume_Osante,campo,1,2,0,Twitter
Twitter::@Jaume_Osante,deportivo,1,1,4,Twitter
Twitter::@Jaume_Osante,fisico,1,4,3,Twitter
Twitter::@Jaume_Osante,cancha,1,14,4,Twitter
Twitter::@Jaume_Osante,parque,1,14,4,Twitter
Twitter::@Jaume_Osante,plaza,1,1,1,Twitter
Twitter::@Jaume_Osante,deporte,1,2,1,Twitter
Twitter::@Jaume_Osante,pedir,1,11,0,Twitter
Twitter::@Jaume_Osante,urgente,1,6,1,Twitter
Twitter::@Jaume_Osante,puente,1,4,3,Twitter
Twitter::@Jaume_Osante,dano,1,4,1,Twitter
Twitter::@Jaume_Osante,vialidad,1,2,2,Twitter
Twitter::@Jaume_Osante,arte,1,1,1,Twitter
Twitter::@Jaume_Osante,taller,1,3,4,Twitter
Twitter::@Jaume_Osante,arteycultura,1,1,1,Twitter
Twitter::@Jaume_Osante,reconocer,1,6,0,Twitter
Twitter::@Jaume_Osante,entrega,1,13,3,Twitter
Twitter::@Jaume_Osante,vocacion,1,5,3,Twitter
Twitter::@Jaume_Osante,maestro,1,6,0,Twitter
Twitter::@Jaume_Osante,urbano,1,14,2,Twitter
Twitter::@Jaume_Osante,pinos,1,14,2,Twitter
Twitter::@Jaume_Osante,dejar,1,9,0,Twitter
Twitter::@Jaume_Osante,sombra,1,7,1,Twitter
Twitter::@Jaume_Osante,violencia,1,1,0,Twitter
Twitter::@Jaume_Osante,paz,1,1,0,Twitter
Twitter::@Jaume_Osante,cambiar,1,2,0,Twitter
Twitter::@Jaume_Osante,estatal,1,0,3,Twitter
Twitter::@Jaume_Osante,opinion,1,10,4,Twitter
Twitter::@JimenaBauer,parecer,2,9,0,Twitter
Twitter::@JimenaBauer,simple,1,7,1,Twitter
Twitter::@JimenaBauer,fondo,1,11,6,Twitter
Twitter::@JimenaBauer,jajajaja,1,12,4,Twitter
Twitter::@JimenaBauer,comenzar,1,7,0,Twitter
Twitter::@JimenaBauer,resultado,1,2,0,Twitter
Twitter::@JimenaBauer,final,1,10,2,Twitter
Twitter::@JoseNiembro,pena,1,12,1,Twitter
Twitter::@JoseNiembro,falta,1,11,0,Twitter
Twitter::@JoseNiembro,limpieza,1,3,3,Twitter
Twitter::@JoseNiembro,laguna,1,3,2,Twitter
Twitter::@JoseNiembro,carpintero,1,3,2,Twitter
Twitter::@JoseNiembro,cocodrilo,1,0,1,Twitter
Twitter::@JoseNiembro,visitante,1,3,2,Twitter
Twitter::@JoseNiembro,queretaro,1,5,2,Twitter
Twitter::@JuanPizanaMtz,tamaulipas,7,5,1,Twitter
Twitter::@JuanPizanaMtz,evento,2,8,1,Twitter
Twitter::@JuanPizanaMtz,diversion,2,8,1,Twitter
Twitter::@JuanPizanaMtz,celebrar,2,1,3,Twitter
Twitter::@JuanPizanaMtz,mexico,2,12,0,Twitter
Twitter::@JuanPizanaMtz,mercadito,1,1,1,Twitter
Twitter::@JuanPizanaMtz,comida,1,8,4,Twitter
Twitter::@JuanPizanaMtz,principal,1,9,1,Twitter
Twitter::@JuanPizanaMtz,lucha,1,8,1,Twitter
Twitter::@JuanPizanaMtz,libre,1,1,0,Twitter
Twitter::@JuanPizanaMtz,vivo,1,5,1,Twitter
Twitter::@JuanPizanaMtz,auditorio,1,8,1,Twitter
Twitter::@JuanPizanaMtz,municipal,1,14,0,Twitter
Twitter::@JuanPizanaMtz,jueves,1,11,0,Twitter
Twitter::@JuanPizanaMtz,abril,1,0,3,Twitter
Twitter::@JuanPizanaMtz,entrada,1,3,4,Twitter
Twitter::@JuanPizanaMtz,totalmente,1,3,4,Twitter
Twitter::@JuanPizanaMtz,gratis,1,4,3,Twitter
Twitter::@JuanPizanaMtz,comenzar,1,7,0,Twitter
Twitter::@JuanPizanaMtz,ven,1,3,4,Twitter
Twitter::@JuanPizanaMtz,familia,1,1,0,Twitter
Twitter::@JuanPizanaMtz,dia,1,6,0,Twitter
Twitter::@JuanPizanaMtz,nina,1,8,1,Twitter
Twitter::@JuanPizanaMtz,nino,1,8,1,Twitter
Twitter::@JuanPizanaMtz,lleno,1,8,1,Twitter
Twitter::@JuanPizanaMtz,alegria,1,8,1,Twitter
Twitter::@JuanPizanaMtz,sorpresa,1,8,1,Twitter
Twitter::@JuanPizanaMtz,gracias,1,8,0,Twitter
Twitter::@JuanPizanaMtz,presidenta,1,8,0,Twitter
Twitter::@JuanPizanaMtz,monica,1,3,0,Twitter
Twitter::@JuanPizanaMtz,villarreal,1,3,0,Twitter
Twitter::@JuanPizanaMtz,disfrutar,1,1,0,Twitter
Twitter::@JuanPizanaMtz,show,1,8,3,Twitter
Twitter::@JuanPizanaMtz,orgullosamente,1,13,2,Twitter
Twitter::@JuanPizanaMtz,cumplir,1,10,1,Twitter
Twitter::@JuanPizanaMtz,ano,1,11,2,Twitter
Twitter::@JuanPizanaMtz,nacional,1,4,2,Twitter
Twitter::@JuanPizanaMtz,grupo,1,13,3,Twitter
Twitter::@JuanPizanaMtz,presencia,1,13,4,Twitter
Twitter::@JuanPizanaMtz,pasion,1,1,3,Twitter
Twitter::@JuanPizanaMtz,nombre,1,12,2,Twitter
Twitter::@JuanPizanaMtz,importante,1,13,0,Twitter
Twitter::@JuanPizanaMtz,mundo,1,11,0,Twitter
Twitter::@JuanPizanaMtz,incluir,1,4,0,Twitter
Twitter::@JuanPizanaMtz,ciudad,1,13,1,Twitter
Twitter::@JuanPizanaMtz,orgullo,1,1,2,Twitter
Twitter::@JuanPizanaMtz,economia,1,1,2,Twitter
Twitter::@JuanPizanaMtz,danado,1,9,0,Twitter
Twitter::@JuanPizanaMtz,gobierno,1,12,3,Twitter
Twitter::@JuanPizanaMtz,critico,1,9,1,Twitter
Twitter::@JuanPizanaMtz,caso,1,10,4,Twitter
Twitter::@JuanPizanaMtz,corrupcion,1,12,5,Twitter
Twitter::@JuanPizanaMtz,argentina,1,12,1,Twitter
Twitter::@JuanPizanaMtz,politica,1,9,2,Twitter
Twitter::@JuanPizanaMtz,millon,1,12,0,Twitter
Twitter::@JuanPizanaMtz,parecer,1,9,0,Twitter
Twitter::@JuanPizanaMtz,exceso,1,7,1,Twitter
Twitter::@JuanPizanaMtz,juego,1,9,2,Twitter
Twitter::@KarlaDeniseR,deber,2,11,1,Twitter
Twitter::@KarlaDeniseR,persona,2,4,3,Twitter
Twitter::@KarlaDeniseR,llegar,1,10,1,Twitter
Twitter::@KarlaDeniseR,mesa,1,10,0,Twitter
Twitter::@KarlaDeniseR,partido,1,4,0,Twitter
Twitter::@KarlaDeniseR,mexico,1,12,0,Twitter
Twitter::@KarlaDeniseR,plano,1,4,2,Twitter
Twitter::@KarlaDeniseR,manejar,1,9,4,Twitter
Twitter::@KenshiroHuey,world,2,2,0,Twitter
Twitter::@KenshiroHuey,real,2,13,2,Twitter
Twitter::@KenshiroHuey,like,2,10,5,Twitter
Twitter::@KenshiroHuey,see,1,10,5,Twitter
Twitter::@KenshiroHuey,vision,1,9,2,Twitter
Twitter::@Kodokvna,pendejo,1,11,5,Twitter
Twitter::@Kodokvna,mirar,1,11,0,Twitter
Twitter::@Kodokvna,agua,1,3,1,Twitter
Twitter::@Kodokvna,ciudad,1,13,1,Twitter
Twitter::@Kodokvna,mexico,1,12,0,Twitter
Twitter::@LaRedAltamiraMx,red,6,14,3,Twitter
Twitter::@LaRedAltamiraMx,leer,4,14,3,Twitter
Twitter::@LaRedAltamiraMx,web,4,14,3,Twitter
Twitter::@LaRedAltamiraMx,gobierno,2,12,3,Twitter
Twitter::@LaRedAltamiraMx,fortalece,1,14,3,Twitter
Twitter::@LaRedAltamiraMx,sistema,1,0,4,Twitter
Twitter::@LaRedAltamiraMx,alumbrado,1,14,3,Twitter
Twitter::@LaRedAltamiraMx,publico,1,14,3,Twitter
Twitter::@LaRedAltamiraMx,diverso,1,14,3,Twitter
Twitter::@LaRedAltamiraMx,sector,1,14,3,Twitter
Twitter::@LaRedAltamiraMx,querer,1,11,0,Twitter
Twitter::@LaRedAltamiraMx,superar,1,7,3,Twitter
Twitter::@LaRedAltamiraMx,mdp,1,7,3,Twitter
Twitter::@LaRedAltamiraMx,programa,1,2,3,Twitter
Twitter::@LaRedAltamiraMx,beca,1,13,3,Twitter
Twitter::@LaRedAltamiraMx,ruta,1,14,4,Twitter
Twitter::@LaRedAltamiraMx,puente,1,4,3,Twitter
Twitter::@LaRedAltamiraMx,presidenta,1,8,0,Twitter
Twitter::@LaRedAltamiraMx,monica,1,3,0,Twitter
Twitter::@LaRedAltamiraMx,villarreal,1,3,0,Twitter
Twitter::@LaRedAltamiraMx,anaya,1,3,0,Twitter
Twitter::@LaRedAltamiraMx,resumen,1,4,3,Twitter
Twitter::@LaRedAltamiraMx,informativo,1,1,1,Twitter
Twitter::@LaRedAltamiraMx,miercoles,1,1,1,Twitter
Twitter::@LaRedAltamiraMx,mayo,1,10,0,Twitter
Twitter::@LaRedAltamiraMx,canal,1,9,1,Twitter
Twitter::@Lacho_Serr,hora,2,10,1,Twitter
Twitter::@Lacho_Serr,medio,1,8,2,Twitter
Twitter::@Lacho_Serr,regresar,1,10,3,Twitter
Twitter::@Lacho_Serr,internet,1,10,1,Twitter
Twitter::@Lacho_Serr,jugar,1,3,4,Twitter
Twitter::@Lady_Mariell,ley,1,11,1,Twitter
Twitter::@Lady_Mariell,respetar,1,10,4,Twitter
Twitter::@Lady_Mariell,sentido,1,10,4,Twitter
Twitter::@Lady_Mariell,meter,1,11,3,Twitter
Twitter::@Lady_Mariell,pasar,1,11,3,Twitter
Twitter::@Lady_Mariell,gana,1,11,3,Twitter
Twitter::@Lady_Mariell,tarde,1,8,1,Twitter
Twitter::@Lady_Mariell,cruz,1,3,1,Twitter
Twitter::@Lady_Mariell,alguien,1,11,4,Twitter
Twitter::@Lady_Mariell,especial,1,4,0,Twitter
Twitter::@Lady_Mariell,hablar,1,11,0,Twitter
Twitter::@Lady_Mariell,saludos,1,11,2,Twitter
Twitter::@Lady_Mariell,tormenta,1,0,1,Twitter
Twitter::@Lady_Mariell,huracan,1,0,1,Twitter
Twitter::@Lady_Mariell,alla,1,11,0,Twitter
Twitter::@Lady_Mariell,norte,1,10,1,Twitter
Twitter::@Lady_Mariell,retirado,1,4,0,Twitter
Twitter::@Lady_Mariell,venir,1,4,0,Twitter
Twitter::@Lady_Mariell,dia,1,6,0,Twitter
Twitter::@Lady_Mariell,calor,1,7,1,Twitter
Twitter::@Lady_Mariell,mexicanos,1,12,0,Twitter
Twitter::@LaishaWilkins,donde,1,12,2,Twitter
Twitter::@LaishaWilkins,semana,1,4,5,Twitter
Twitter::@LaishaWilkins,santa,1,13,3,Twitter
Twitter::@LaishaWilkins,cancun,1,5,2,Twitter
Twitter::@LaishaWilkins,veracruz,1,5,2,Twitter
Twitter::@LaishaWilkins,petroleo,1,11,6,Twitter
Twitter::@LaishaWilkins,mazatlan,1,8,3,Twitter
Twitter::@LaishaWilkins,desaparecer,1,8,3,Twitter
Twitter::@LaishaWilkins,carretera,1,6,2,Twitter
Twitter::@LaishaWilkins,cualquiera,1,6,2,Twitter
Twitter::@LaishaWilkins,guerrero,1,10,0,Twitter
Twitter::@LaishaWilkins,confusion,1,7,1,Twitter
Twitter::@Lauraxk5u,mama,1,10,3,Twitter
Twitter::@Lauraxk5u,nieto,1,8,3,Twitter
Twitter::@Lauraxk5u,americo,1,14,1,Twitter
Twitter::@Lauraxk5u,llamar,1,11,1,Twitter
Twitter::@Lauraxk5u,garcia,1,12,2,Twitter
Twitter::@LiizieT,llegar,1,10,1,Twitter
Twitter::@LiizieT,especialista,1,9,2,Twitter
Twitter::@LiizieT,clima,1,11,1,Twitter
Twitter::@LiizieT,venta,1,10,0,Twitter
Twitter::@LiizieT,instalacion,1,4,3,Twitter
Twitter::@LiizieT,reparacion,1,2,2,Twitter
Twitter::@LiizieT,mantenimiento,1,3,3,Twitter
Twitter::@LiizieT,electrico,1,0,1,Twitter
Twitter::@LiizieT,descacharrizacion,1,3,1,Twitter
Twitter::@LiizieT,limpieza,1,3,3,Twitter
Twitter::@LiizieT,aceptar,1,10,0,Twitter
Twitter::@LiizieT,madero,1,5,0,Twitter
Twitter::@LiizieT,altamira,1,5,0,Twitter
Twitter::@LindaPriro97266,tamaulipas,2,5,1,Twitter
Twitter::@LindaPriro97266,hija,1,8,2,Twitter
Twitter::@LindaPriro97266,monica,1,3,0,Twitter
Twitter::@LindaPriro97266,villarreal,1,3,0,Twitter
Twitter::@LindaPriro97266,uat,1,5,1,Twitter
Twitter::@MCCCANM,see,2,10,5,Twitter
Twitter::@MCCCANM,like,2,10,5,Twitter
Twitter::@MCCCANM,video,1,11,2,Twitter
Twitter::@MCCCANM,time,1,10,5,Twitter
Twitter::@MCCCANM,control,1,14,0,Twitter
Twitter::@MCCCANM,super,1,8,0,Twitter
Twitter::@MarioJRamirezR,mexico,3,12,0,Twitter
Twitter::@MarioJRamirezR,lider,1,12,2,Twitter
Twitter::@MarioJRamirezR,voz,1,1,0,Twitter
Twitter::@MarioJRamirezR,movilizar,1,13,5,Twitter
Twitter::@MarioJRamirezR,publico,1,14,3,Twitter
Twitter::@MarioJRamirezR,necesitar,1,2,0,Twitter
Twitter::@MarioJRamirezR,mensaje,1,5,3,Twitter
Twitter::@MarioJRamirezR,deber,1,11,1,Twitter
Twitter::@MarioJRamirezR,ganador,1,10,2,Twitter
Twitter::@MarioJRamirezR,cdmx,1,5,2,Twitter
Twitter::@MarioJRamirezR,tamaulipas,1,5,1,Twitter
Twitter::@MarioJRamirezR,madero,1,5,0,Twitter
Twitter::@MarioJRamirezR,altamira,1,5,0,Twitter
Twitter::@MarioJRamirezR,cdmadero,1,5,0,Twitter
Twitter::@MarioJRamirezR,cdvictoria,1,5,1,Twitter
Twitter::@MarioJRamirezR,eeuu,1,12,0,Twitter
Twitter::@MarioJRamirezR,morena,1,12,4,Twitter
Twitter::@MartinJuarez64,prueba,1,12,3,Twitter
Twitter::@MartinJuarez64,senalar,1,4,4,Twitter
Twitter::@MartinJuarez64,persona,1,4,3,Twitter
Twitter::@MartinJuarez64,afectado,1,4,4,Twitter
Twitter::@MartinJuarez64,permanecer,1,4,4,Twitter
Twitter::@MartinJuarez64,afuera,1,4,4,Twitter
Twitter::@MartinJuarez64,barandilla,1,4,4,Twitter
Twitter::@MartinJuarez64,estatal,1,0,3,Twitter
Twitter::@MartinJuarez64,mujer,1,10,3,Twitter
Twitter::@MartinJuarez64,presunto,1,4,4,Twitter
Twitter::@MartinJuarez64,fraude,1,4,4,Twitter
Twitter::@MartinJuarez64,recuperar,1,14,2,Twitter
Twitter::@MartinJuarez64,libertad,1,6,3,Twitter
Twitter::@MartinJuarez64,hora,1,10,1,Twitter
Twitter::@MartinJuarez64,justicia,1,11,1,Twitter
Twitter::@MennyValdz,matar,1,9,0,Twitter
Twitter::@MennyValdz,cheque,1,4,1,Twitter
Twitter::@MennyValdz,gracia,1,11,2,Twitter
Twitter::@MennyValdz,policia,1,13,4,Twitter
Twitter::@MennyValdz,rojo,1,13,5,Twitter
Twitter::@MennyValdz,risa,1,12,4,Twitter
Twitter::@MennyValdz,hermana,1,12,4,Twitter
Twitter::@MennyValdz,narco,1,12,4,Twitter
Twitter::@MennyValdz,gobernador,1,14,1,Twitter
Twitter::@MennyValdz,opinion,1,10,4,Twitter
Twitter::@MennyValdz,familia,1,1,0,Twitter
Twitter::@MennyValdz,llamar,1,11,1,Twitter
Twitter::@MennyValdz,garcia,1,12,2,Twitter
Twitter::@MennyValdz,maria,1,8,4,Twitter
Twitter::@MennyValdz,mama,1,10,3,Twitter
Twitter::@MennyValdz,americo,1,14,1,Twitter
Twitter::@MennyValdz,villarreal,1,3,0,Twitter
Twitter::@MennyValdz,carro,1,9,0,Twitter
Twitter::@MennyValdz,victoria,1,11,0,Twitter
Twitter::@MennyValdz,anos,1,9,0,Twitter
Twitter::@MeteoroTamps,lluvias,1,0,1,Twitter
Twitter::@MeteoroTamps,dias,1,12,1,Twitter
Twitter::@MeteoroTamps,patio,1,3,1,Twitter
Twitter::@MeteoroTamps,seguir,1,2,0,Twitter
Twitter::@MeteoroTamps,caer,1,12,1,Twitter
Twitter::@MeteoroTamps,cuidado,1,3,2,Twitter
Twitter::@MeteoroTamps,desear,1,4,6,Twitter
Twitter::@MeteoroTamps,naturaleza,1,3,2,Twitter
Twitter::@MilenioTam,semana,3,4,5,Twitter
Twitter::@MilenioTam,santa,2,13,3,Twitter
Twitter::@MilenioTam,tamaulipas,2,5,1,Twitter
Twitter::@MilenioTam,muerte,2,11,1,Twitter
Twitter::@MilenioTam,hombre,2,13,5,Twitter
Twitter::@MilenioTam,caida,2,12,-1,Twitter
Twitter::@MilenioTam,hora,1,10,1,Twitter
Twitter::@MilenioTam,existir,1,10,1,Twitter
Twitter::@MilenioTam,natural,1,3,2,Twitter
Twitter::@MilenioTam,dejar,1,9,0,Twitter
Twitter::@MilenioTam,accidente,1,7,2,Twitter
Twitter::@MilenioTam,reciente,1,13,1,Twitter
Twitter::@MilenioTam,sumar,1,6,1,Twitter
Twitter::@MilenioTam,vivir,1,8,2,Twitter
Twitter::@MilenioTam,infonavit,1,11,5,Twitter
Twitter::@MilenioTam,morir,1,7,2,Twitter
Twitter::@MilenioTam,tamaulipeco,1,6,1,Twitter
Twitter::@MilenioTam,llegar,1,10,1,Twitter
Twitter::@MilenioTam,pais,1,12,0,Twitter
Twitter::@MilenioTam,javier,1,4,6,Twitter
Twitter::@MilenioTam,cafe,1,6,1,Twitter
Twitter::@MilenioTam,chairel,1,6,1,Twitter
Twitter::@MilenioTam,premio,1,8,2,Twitter
Twitter::@MilenioTam,mundial,1,4,0,Twitter
Twitter::@MilenioTam,actividad,1,1,0,Twitter
Twitter::@MilenioTam,gastronomia,1,8,4,Twitter
Twitter::@MilenioTam,torneo,1,1,4,Twitter
Twitter::@MilenioTam,exposicion,1,6,3,Twitter
Twitter::@MilenioTam,formar,1,1,3,Twitter
Twitter::@MilenioTam,agenda,1,1,1,Twitter
Twitter::@MilenioTam,mundialista,1,1,3,Twitter
Twitter::@MilenioTam,ciudad,1,13,1,Twitter
Twitter::@MilenioTam,autoridad,1,0,3,Twitter
Twitter::@MilenioTam,federal,1,12,1,Twitter
Twitter::@MilenioTam,estatal,1,0,3,Twitter
Twitter::@MilenioTam,municipal,1,14,0,Twitter
Twitter::@MilenioTam,origen,1,9,-1,Twitter
Twitter::@MilenioTam,impacto,1,11,2,Twitter
Twitter::@MilenioTam,material,1,3,2,Twitter
Twitter::@MilyBarnes,foto,4,4,2,Twitter
Twitter::@MilyBarnes,llegar,2,10,1,Twitter
Twitter::@MilyBarnes,querer,2,11,0,Twitter
Twitter::@MilyBarnes,sesion,2,4,2,Twitter
Twitter::@MilyBarnes,tomar,2,4,2,Twitter
Twitter::@MilyBarnes,felicidad,1,8,0,Twitter
Twitter::@MilyBarnes,mexico,1,12,0,Twitter
Twitter::@MilyBarnes,hermoso,1,8,0,Twitter
Twitter::@MilyBarnes,calidad,1,2,2,Twitter
Twitter::@MilyBarnes,centro,1,13,3,Twitter
Twitter::@MilyBarnes,historico,1,6,1,Twitter
Twitter::@MilyBarnes,ciudad,1,13,1,Twitter
Twitter::@MilyBarnes,vivir,1,8,2,Twitter
Twitter::@MilyBarnes,dejar,1,9,0,Twitter
Twitter::@MilyBarnes,noche,1,4,0,Twitter
Twitter::@MilyBarnes,plaza,1,1,1,Twitter
Twitter::@MilyBarnes,traer,1,11,0,Twitter
Twitter::@MilyBarnes,calle,1,9,1,Twitter
Twitter::@MilyBarnes,dia,1,6,0,Twitter
Twitter::@MinskAnya,america,2,10,5,Twitter
Twitter::@MinskAnya,time,2,10,5,Twitter
Twitter::@MinskAnya,back,2,3,2,Twitter
Twitter::@MinskAnya,general,1,10,0,Twitter
Twitter::@MinskAnya,man,1,3,2,Twitter
Twitter::@MinskAnya,like,1,10,5,Twitter
Twitter::@MinskAnya,mexico,1,12,0,Twitter
Twitter::@MinskAnya,cuba,1,10,5,Twitter
Twitter::@MinskAnya,central,1,3,2,Twitter
Twitter::@MinskAnya,see,1,10,5,Twitter
Twitter::@MinskAnya,top,1,10,5,Twitter
Twitter::@MonicaVTampico,seguir,11,2,0,Twitter
Twitter::@MonicaVTampico,fortalecer,8,14,0,Twitter
Twitter::@MonicaVTampico,familia,7,1,0,Twitter
Twitter::@MonicaVTampico,gobernador,7,14,1,Twitter
Twitter::@MonicaVTampico,compromiso,7,2,0,Twitter
Twitter::@MonicaVTampico,resultado,6,2,0,Twitter
Twitter::@MonicaVTampico,ciudad,6,13,1,Twitter
Twitter::@MonicaVTampico,tampiquena,5,2,3,Twitter
Twitter::@MonicaVTampico,bienestar,5,2,3,Twitter
Twitter::@MonicaVTampico,dia,4,6,0,Twitter
Twitter::@MonicaVTampico,gracias,4,8,0,Twitter
Twitter::@MonicaVTampico,joven,4,13,0,Twitter
Twitter::@MonicaVTampico,construir,4,13,1,Twitter
Twitter::@MonicaVTampico,salud,4,2,3,Twitter
Twitter::@MonicaVTampico,competencia,4,13,5,Twitter
Twitter::@MonicaVTampico,mejorar,3,2,2,Twitter
Twitter::@MonicaVTampico,vocacion,3,5,3,Twitter
Twitter::@MonicaVTampico,esfuerzo,3,13,2,Twitter
Twitter::@MonicaVTampico,entorno,3,3,2,Twitter
Twitter::@MonicaVTampico,nina,3,8,1,Twitter
Twitter::@MonicaVTampico,nino,3,8,1,Twitter
Twitter::@MonicaVTampico,ano,3,11,2,Twitter
Twitter::@MonicaVTampico,reunion,3,1,2,Twitter
Twitter::@MonicaVTampico,coordinacion,3,14,2,Twitter
Twitter::@MonicaVTampico,secretaria,3,14,2,Twitter
Twitter::@MonicaVTampico,urbano,3,14,2,Twitter
Twitter::@MonicaVTampico,ciudadania,3,2,3,Twitter
Twitter::@MonicaVTampico,programa,2,2,3,Twitter
Twitter::@MonicaVTampico,vacheando,2,2,2,Twitter
Twitter::@MonicaVTampico,distinto,2,2,2,Twitter
Twitter::@MonicaVTampico,vialidad,2,2,2,Twitter
Twitter::@MonicaVTampico,brindar,2,2,2,Twitter
Twitter::@MonicaVTampico,mayo,2,10,0,Twitter
Twitter::@MonicaVTampico,felicitar,2,8,2,Twitter
Twitter::@MonicaVTampico,maestro,2,6,0,Twitter
Twitter::@MonicaVTampico,entregar,2,6,2,Twitter
Twitter::@MonicaVTampico,formar,2,1,3,Twitter
Twitter::@MonicaVTampico,generacion,2,1,3,Twitter
Twitter::@MonicaVTampico,esperar,2,4,0,Twitter
Twitter::@MonicaVTampico,expo,2,1,3,Twitter
Twitter::@MonicaVTampico,americo,2,14,1,Twitter
Twitter::@MonicaVTampico,villarreal,2,3,0,Twitter
Twitter::@MonicaVTampico,legado,2,1,3,Twitter
Twitter::@MonicaVTampico,convivencia,2,1,0,Twitter
Twitter::@MonicaVTampico,seguro,2,2,1,Twitter
Twitter::@MonicaVTampico,educativo,2,14,1,Twitter
Twitter::@MonicaVTampico,contribuir,2,3,1,Twitter
Twitter::@MonicaVTampico,triunfo,2,11,2,Twitter
Twitter::@MonicaVTampico,presidenta,2,8,0,Twitter
Twitter::@MonicaVTampico,mexicano,2,4,1,Twitter
Twitter::@MonicaVTampico,transformacion,2,14,1,Twitter
Twitter::@MonicaVTampico,avanzar,2,14,1,Twitter
Twitter::@MonicaVTampico,mexico,2,12,0,Twitter
Twitter::@MonicaVTampico,unidad,2,6,1,Twitter
Twitter::@MonicaVTampico,medio,2,8,2,Twitter
Twitter::@MonicaVTampico,mundial,2,4,0,Twitter
Twitter::@MonicaVTampico,talento,2,1,2,Twitter
Twitter::@MonicaVTampico,deportivo,2,1,4,Twitter
Twitter::@MonicaVTampico,seguimiento,2,2,0,Twitter
Twitter::@MonicaVTampico,jornada,2,3,1,Twitter
Twitter::@MonicaVTampico,descacharrizacion,2,3,1,Twitter
Twitter::@MonicaVTampico,enfermedad,2,7,1,Twitter
Twitter::@MonicaVTampico,ambiente,2,8,2,Twitter
Twitter::@MonicaVTampico,honores,2,14,1,Twitter
Twitter::@MonicaVTampico,bandera,2,14,1,Twitter
Twitter::@MonicaVTampico,gusto,2,8,4,Twitter
Twitter::@MonicaVTampico,limpio,2,7,0,Twitter
Twitter::@MonicaVTampico,ordenado,2,7,0,Twitter
Twitter::@MonicaVTampico,liderazgo,2,13,5,Twitter
Twitter::@MonicaVTampico,servicio,2,2,2,Twitter
Twitter::@MonicaVTampico,publico,2,14,3,Twitter
Twitter::@MonicaVTampico,reafirmar,2,1,0,Twitter
Twitter::@MonicaVTampico,mejora,2,14,3,Twitter
Twitter::@MonicaVTampico,continuo,2,13,5,Twitter
Twitter::@MonicaVTampico,fortalecimiento,2,13,5,Twitter
Twitter::@MonicaVTampico,necesario,2,0,3,Twitter
Twitter::@MonicaVTampico,servir,2,6,2,Twitter
Twitter::@MonicaVTampico,mujer,2,10,3,Twitter
Twitter::@MonicaVTampico,digital,2,7,3,Twitter
Twitter::@MonicaVTampico,accion,2,2,0,Twitter
Twitter::@MonicaVTampico,prevenir,2,7,3,Twitter
Twitter::@MonicaVTampico,espacio,2,1,0,Twitter
Twitter::@MonicaVTampico,conjunto,2,14,0,Twitter
Twitter::@MonicaVTampico,educacion,2,14,1,Twitter
Twitter::@MonicaVTampico,paz,2,1,0,Twitter
Twitter::@MonicaVTampico,ave,1,6,3,Twitter
Twitter::@MonicaVTampico,continuar,1,14,0,Twitter
Twitter::@MonicaVTampico,intenso,1,7,1,Twitter
Twitter::@MonicaVTampico,tampiqueno,1,2,0,Twitter
Twitter::@MonicaVTampico,bache,1,2,2,Twitter
Twitter::@MonicaVTampico,atendido,1,2,0,Twitter
Twitter::@MonicaVTampico,movilidad,1,2,2,Twitter
Twitter::@MonicaVTampico,carino,1,8,3,Twitter
Twitter::@MonicaVTampico,celebrar,1,1,3,Twitter
Twitter::@MonicaVTampico,invaluable,1,6,2,Twitter
Twitter::@MonicaVTampico,labor,1,3,3,Twitter
Twitter::@MonicaVTampico,agradecer,1,10,0,Twitter
Twitter::@MonicaVTampico,instituto,1,8,2,Twitter
Twitter::@MonicaVTampico,tecnologico,1,14,1,Twitter
Twitter::@MonicaVTampico,madero,1,5,0,Twitter
Twitter::@MonicaVTampico,honor,1,8,0,Twitter
Twitter::@MonicaVTampico,padre,1,4,0,Twitter
Twitter::@MonicaVTampico,guerra,1,11,2,Twitter
Twitter::@MonicaVTampico,disciplina,1,13,0,Twitter
Twitter::@MonicaVTampico,inspirar,1,8,2,Twitter
Twitter::@MonicaVTampico,deportista,1,13,0,Twitter
Twitter::@MonicaVTampico,estudiante,1,5,3,Twitter
Twitter::@MonicaVTampico,campo,1,2,0,Twitter
Twitter::@MonicaVTampico,alejandro,1,2,4,Twitter
Twitter::@MonicaVTampico,diaz,1,9,2,Twitter
Twitter::@MonicaVTampico,obra,1,2,4,Twitter
Twitter::@MonicaVTampico,cancha,1,14,4,Twitter
Twitter::@MonicaVTampico,deporte,1,2,1,Twitter
Twitter::@MonicaVTampico,compartir,1,1,0,Twitter
Twitter::@MonicaVTampico,nivel,1,4,2,Twitter
Twitter::@MonicaVTampico,reconocer,1,6,0,Twitter
Twitter::@MonicaVTampico,formacion,1,7,3,Twitter
Twitter::@MonicaVTampico,futuro,1,13,1,Twitter
Twitter::@MonicaVTampico,feliz,1,8,1,Twitter
Twitter::@MonicaVTampico,republica,1,14,1,Twitter
Twitter::@MonicaVTampico,mano,1,6,0,Twitter
Twitter::@MonicaVTampico,gobierno,1,12,3,Twitter
Twitter::@MonicaVTampico,oportunidad,1,13,2,Twitter
Twitter::@MonicaVTampico,tarde,1,8,1,Twitter
Twitter::@MonicaVTampico,deportiva,1,1,2,Twitter
Twitter::@MonicaVTampico,puertas,1,2,4,Twitter
Twitter::@MonicaVTampico,coloradas,1,2,4,Twitter
Twitter::@MonicaVTampico,dialogos,1,2,4,Twitter
Twitter::@MonicaVTampico,camino,1,6,1,Twitter
Twitter::@MonicaVTampico,disfrutar,1,1,0,Twitter
Twitter::@MonicaVTampico,social,1,2,3,Twitter
Twitter::@MonicaVTampico,intercolonias,1,5,3,Twitter
Twitter::@MonicaVTampico,dialogar,1,5,3,Twitter
Twitter::@MonicaVTampico,apoyar,1,1,2,Twitter
Twitter::@MonicaVTampico,apoyo,1,2,2,Twitter
Twitter::@MonicaVTampico,confianza,1,2,0,Twitter
Twitter::@MonicaVTampico,anaya,1,3,0,Twitter
Twitter::@MonicaVTampico,hombre,1,13,5,Twitter
Twitter::@MonicaVTampico,profundo,1,3,3,Twitter
Twitter::@MonicaVTampico,tamaulipeca,1,5,1,Twitter
Twitter::@MonicaVTampico,impulsar,1,1,2,Twitter
Twitter::@MonicaVTampico,sur,1,14,2,Twitter
Twitter::@MonicaVTampico,tamaulipas,1,5,1,Twitter
Twitter::@MonicaVTampico,alcalde,1,4,6,Twitter
Twitter::@MonicaVTampico,autoridad,1,0,3,Twitter
Twitter::@MonicaVTampico,empresario,1,14,1,Twitter
Twitter::@MonicaVTampico,proyecto,1,14,4,Twitter
Twitter::@MonicaVTampico,turismo,1,14,4,Twitter
Twitter::@MonicaVTampico,economia,1,1,2,Twitter
Twitter::@MonicaVTampico,regional,1,14,4,Twitter
Twitter::@MonicaVTampico,hablar,1,11,0,Twitter
Twitter::@MonicaVTampico,distrito,1,14,2,Twitter
Twitter::@MonicaVTampico,reducir,1,14,3,Twitter
Twitter::@MonicaVTampico,mosquito,1,3,1,Twitter
Twitter::@MonicaVTampico,dominguez,1,8,2,Twitter
Twitter::@MonicaVTampico,medalla,1,12,3,Twitter
Twitter::@MonicaVTampico,merito,1,8,2,Twitter
Twitter::@MonicaVTampico,ecologico,1,8,2,Twitter
Twitter::@MonicaVTampico,favor,1,11,5,Twitter
Twitter::@MonicaVTampico,cuidado,1,3,2,Twitter
Twitter::@MonicaVTampico,manana,1,10,1,Twitter
Twitter::@MonicaVTampico,ceremonia,1,13,0,Twitter
Twitter::@MonicaVTampico,victoria,1,11,0,Twitter
Twitter::@MonicaVTampico,tamaulipeco,1,6,1,Twitter
Twitter::@MonicaVTampico,sostener,1,14,2,Twitter
Twitter::@MonicaVTampico,hernandez,1,10,0,Twitter
Twitter::@MonicaVTampico,campos,1,6,3,Twitter
Twitter::@MonicaVTampico,importante,1,13,0,Twitter
Twitter::@MonicaVTampico,distinguir,1,9,3,Twitter
Twitter::@MonicaVTampico,escoba,1,9,3,Twitter
Twitter::@MonicaVTampico,platino,1,9,3,Twitter
Twitter::@MonicaVTampico,maximo,1,10,0,Twitter
Twitter::@MonicaVTampico,reconocimiento,1,13,1,Twitter
Twitter::@MonicaVTampico,otorgado,1,9,3,Twitter
Twitter::@MonicaVTampico,ategrus,1,9,3,Twitter
Twitter::@MonicaVTampico,limpieza,1,3,3,Twitter
Twitter::@MonicaVTampico,gestion,1,9,3,Twitter
Twitter::@MonicaVTampico,residuo,1,9,3,Twitter
Twitter::@MonicaVTampico,logro,1,13,1,Twitter
Twitter::@MonicaVTampico,reflejar,1,1,0,Twitter
Twitter::@MonicaVTampico,gente,1,6,2,Twitter
Twitter::@MonicaVTampico,arrancar,1,5,1,Twitter
Twitter::@MonicaVTampico,futbolero,1,1,1,Twitter
Twitter::@MonicaVTampico,fiesta,1,1,3,Twitter
Twitter::@MonicaVTampico,deber,1,11,1,Twitter
Twitter::@MonicaVTampico,frente,1,9,1,Twitter
Twitter::@MonicaVTampico,manuel,1,12,2,Twitter
Twitter::@MonicaVTampico,meta,1,13,2,Twitter
Twitter::@MonicaVTampico,herramienta,1,1,2,Twitter
Twitter::@MonicaVTampico,ayudar,1,12,1,Twitter
Twitter::@MonicaVTampico,promover,1,1,0,Twitter
Twitter::@MonicaVTampico,incorporar,1,0,4,Twitter
Twitter::@MonicaVTampico,patrimonio,1,14,0,Twitter
Twitter::@MonicaVTampico,municipal,1,14,0,Twitter
Twitter::@MonicaVTampico,capacidad,1,0,4,Twitter
Twitter::@MonicaVTampico,operativo,1,0,4,Twitter
Twitter::@MonicaVTampico,ayuntamiento,1,0,2,Twitter
Twitter::@MonicaVTampico,atencion,1,7,3,Twitter
Twitter::@MonicaVTampico,eficiente,1,0,4,Twitter
Twitter::@MonicaVTampico,orden,1,14,3,Twitter
Twitter::@MonicaVTampico,transparencia,1,7,2,Twitter
Twitter::@MonicaVTampico,acompanar,1,13,0,Twitter
Twitter::@MonicaVTampico,entrega,1,13,3,Twitter
Twitter::@MonicaVTampico,pintura,1,14,1,Twitter
Twitter::@MonicaVTampico,escuela,1,14,1,Twitter
Twitter::@MonicaVTampico,respaldo,1,10,3,Twitter
Twitter::@MonicaVTampico,sumar,1,6,1,Twitter
Twitter::@MonicaVTampico,condicion,1,14,2,Twitter
Twitter::@MonicaVTampico,aprendizaje,1,3,4,Twitter
Twitter::@MonicaVTampico,cumplir,1,10,1,Twitter
Twitter::@MonicaVTampico,servicios,1,2,2,Twitter
Twitter::@MonicaVTampico,publicos,1,14,2,Twitter
Twitter::@MonicaVTampico,delegacion,1,10,1,Twitter
Twitter::@MonicaVTampico,zona,1,0,1,Twitter
Twitter::@MonicaVTampico,norte,1,10,1,Twitter
Twitter::@MonicaVTampico,retirar,1,7,0,Twitter
Twitter::@MonicaVTampico,objeto,1,3,1,Twitter
Twitter::@MonicaVTampico,mantener,1,7,0,Twitter
Twitter::@MonicaVTampico,saludable,1,3,1,Twitter
Twitter::@MonicaVTampico,renovacion,1,14,2,Twitter
Twitter::@MonicaVTampico,colonia,1,2,4,Twitter
Twitter::@MonicaVTampico,pinos,1,14,2,Twitter
Twitter::@MonicaVTampico,corazon,1,13,2,Twitter
Twitter::@MonicaVTampico,recuperar,1,14,2,Twitter
Twitter::@MonicaVTampico,digno,1,14,0,Twitter
Twitter::@MonicaVTampico,imagen,1,14,2,Twitter
Twitter::@MonicaVTampico,recibir,1,9,2,Twitter
Twitter::@MonicaVTampico,primaria,1,14,1,Twitter
Twitter::@MonicaVTampico,independencia,1,10,3,Twitter
Twitter::@MonicaVTampico,inaugurar,1,9,2,Twitter
Twitter::@MonicaVTampico,exposicion,1,6,3,Twitter
Twitter::@MonicaVTampico,pasion,1,1,3,Twitter
Twitter::@MonicaVTampico,jaiba,1,10,5,Twitter
Twitter::@MonicaVTampico,siglo,1,1,3,Twitter
Twitter::@MonicaVTampico,futbol,1,1,3,Twitter
Twitter::@MonicaVTampico,recorrido,1,0,1,Twitter
Twitter::@MonicaVTampico,historia,1,1,3,Twitter
Twitter::@MonicaVTampico,equipo,1,13,3,Twitter
Twitter::@MonicaVTampico,invitar,1,1,3,Twitter
Twitter::@MonicaVTampico,alcanzar,1,6,1,Twitter
Twitter::@MonicaVTampico,convencido,1,6,1,Twitter
Twitter::@MonicaVTampico,cercania,1,2,0,Twitter
Twitter::@MonicaVTampico,felicidades,1,8,0,Twitter
Twitter::@MonicaVTampico,seleccion,1,4,0,Twitter
Twitter::@MonicaVTampico,nacional,1,4,2,Twitter
Twitter::@MonicaVTampico,partido,1,4,0,Twitter
Twitter::@MtroValadezPAN,morir,1,7,2,Twitter
Twitter::@MtroValadezPAN,tamaulipas,1,5,1,Twitter
Twitter::@MtroValadezPAN,carlos,1,4,0,Twitter
Twitter::@MtroValadezPAN,pan,1,4,1,Twitter
Twitter::@MtroValadezPAN,alcalde,1,4,6,Twitter
Twitter::@MtroValadezPAN,historia,1,1,3,Twitter
Twitter::@MuroPoliticoMX,tamaulipas,36,5,1,Twitter
Twitter::@MuroPoliticoMX,cdvictoria,31,5,1,Twitter
Twitter::@MuroPoliticoMX,nota,30,5,1,Twitter
Twitter::@MuroPoliticoMX,matamoros,30,5,0,Twitter
Twitter::@MuroPoliticoMX,reynosa,30,5,0,Twitter
Twitter::@MuroPoliticoMX,cdmadero,26,5,0,Twitter
Twitter::@MuroPoliticoMX,altamira,25,5,0,Twitter
Twitter::@MuroPoliticoMX,nuevolaredo,22,5,0,Twitter
Twitter::@MuroPoliticoMX,riobravo,6,5,0,Twitter
Twitter::@MuroPoliticoMX,vallehermoso,4,5,0,Twitter
Twitter::@MuroPoliticoMX,victoria,4,11,0,Twitter
Twitter::@MuroPoliticoMX,congreso,4,5,1,Twitter
Twitter::@MuroPoliticoMX,fortalecer,4,14,0,Twitter
Twitter::@MuroPoliticoMX,electoral,4,11,5,Twitter
Twitter::@MuroPoliticoMX,persona,3,4,3,Twitter
Twitter::@MuroPoliticoMX,local,3,1,2,Twitter
Twitter::@MuroPoliticoMX,publico,3,14,3,Twitter
Twitter::@MuroPoliticoMX,anaya,3,3,0,Twitter
Twitter::@MuroPoliticoMX,deportivo,3,1,4,Twitter
Twitter::@MuroPoliticoMX,morena,3,12,4,Twitter
Twitter::@MuroPoliticoMX,enfrentar,3,11,1,Twitter
Twitter::@MuroPoliticoMX,federal,2,12,1,Twitter
Twitter::@MuroPoliticoMX,programa,2,2,3,Twitter
Twitter::@MuroPoliticoMX,estatal,2,0,3,Twitter
Twitter::@MuroPoliticoMX,delito,2,11,4,Twitter
Twitter::@MuroPoliticoMX,alcalde,2,4,6,Twitter
Twitter::@MuroPoliticoMX,cerrar,2,5,1,Twitter
Twitter::@MuroPoliticoMX,rector,2,5,1,Twitter
Twitter::@MuroPoliticoMX,damaso,2,5,1,Twitter
Twitter::@MuroPoliticoMX,oficial,2,5,1,Twitter
Twitter::@MuroPoliticoMX,lluvia,2,0,1,Twitter
Twitter::@MuroPoliticoMX,autoridad,2,0,3,Twitter
Twitter::@MuroPoliticoMX,municipal,2,14,0,Twitter
Twitter::@MuroPoliticoMX,aprobar,2,7,3,Twitter
Twitter::@MuroPoliticoMX,pan,2,4,1,Twitter
Twitter::@MuroPoliticoMX,pri,2,11,5,Twitter
Twitter::@MuroPoliticoMX,partido,2,4,0,Twitter
Twitter::@MuroPoliticoMX,proceso,2,3,3,Twitter
Twitter::@MuroPoliticoMX,nacional,2,4,2,Twitter
Twitter::@MuroPoliticoMX,gobierno,1,12,3,Twitter
Twitter::@MuroPoliticoMX,avanzar,1,14,1,Twitter
Twitter::@MuroPoliticoMX,laredo,1,5,1,Twitter
Twitter::@MuroPoliticoMX,construccion,1,1,0,Twitter
Twitter::@MuroPoliticoMX,etapa,1,3,1,Twitter
Twitter::@MuroPoliticoMX,bienestar,1,2,3,Twitter
Twitter::@MuroPoliticoMX,madrugada,1,0,1,Twitter
Twitter::@MuroPoliticoMX,elemento,1,7,2,Twitter
Twitter::@MuroPoliticoMX,guardia,1,6,2,Twitter
Twitter::@MuroPoliticoMX,lograr,1,13,2,Twitter
Twitter::@MuroPoliticoMX,detencion,1,7,2,Twitter
Twitter::@MuroPoliticoMX,reporte,1,7,0,Twitter
Twitter::@MuroPoliticoMX,robo,1,12,1,Twitter
Twitter::@MuroPoliticoMX,comenzar,1,7,0,Twitter
Twitter::@MuroPoliticoMX,terminar,1,11,3,Twitter
Twitter::@MuroPoliticoMX,salud,1,2,3,Twitter
Twitter::@MuroPoliticoMX,vecino,1,2,4,Twitter
Twitter::@MuroPoliticoMX,colonia,1,2,4,Twitter
Twitter::@MuroPoliticoMX,entregar,1,6,2,Twitter
Twitter::@MuroPoliticoMX,obra,1,2,4,Twitter
Twitter::@MuroPoliticoMX,pavimentacion,1,2,4,Twitter
Twitter::@MuroPoliticoMX,asfaltico,1,0,2,Twitter
Twitter::@MuroPoliticoMX,secretario,1,4,3,Twitter
Twitter::@MuroPoliticoMX,carlos,1,4,0,Twitter
Twitter::@MuroPoliticoMX,gonzalez,1,5,1,Twitter
Twitter::@MuroPoliticoMX,asegurar,1,4,3,Twitter
Twitter::@MuroPoliticoMX,mantener,1,7,0,Twitter
Twitter::@MuroPoliticoMX,participar,1,10,2,Twitter
Twitter::@MuroPoliticoMX,empresa,1,13,2,Twitter
Twitter::@MuroPoliticoMX,compartir,1,1,0,Twitter
Twitter::@MuroPoliticoMX,red,1,14,3,Twitter
Twitter::@MuroPoliticoMX,social,1,2,3,Twitter
Twitter::@MuroPoliticoMX,mensaje,1,5,3,Twitter
Twitter::@MuroPoliticoMX,felicitacion,1,8,0,Twitter
Twitter::@MuroPoliticoMX,reconocimiento,1,13,1,Twitter
Twitter::@MuroPoliticoMX,madre,1,10,3,Twitter
Twitter::@MuroPoliticoMX,universitario,1,5,1,Twitter
Twitter::@MuroPoliticoMX,tamaulipeca,1,5,1,Twitter
Twitter::@MuroPoliticoMX,maestro,1,6,0,Twitter
Twitter::@MuroPoliticoMX,quedar,1,11,0,Twitter
Twitter::@MuroPoliticoMX,uat,1,5,1,Twitter
Twitter::@MuroPoliticoMX,convenio,1,1,2,Twitter
Twitter::@MuroPoliticoMX,colaboracion,1,0,5,Twitter
Twitter::@MuroPoliticoMX,club,1,10,5,Twitter
Twitter::@MuroPoliticoMX,dif,1,13,3,Twitter
Twitter::@MuroPoliticoMX,inicio,1,10,0,Twitter
Twitter::@MuroPoliticoMX,alcaldesa,1,8,0,Twitter
Twitter::@MuroPoliticoMX,carmen,1,2,4,Twitter
Twitter::@MuroPoliticoMX,logro,1,13,1,Twitter
Twitter::@MuroPoliticoMX,importante,1,13,0,Twitter
Twitter::@MuroPoliticoMX,historia,1,1,3,Twitter
Twitter::@MuroPoliticoMX,deuda,1,14,3,Twitter
Twitter::@MuroPoliticoMX,ayuntamiento,1,0,2,Twitter
Twitter::@MuroPoliticoMX,bacheo,1,5,1,Twitter
Twitter::@MuroPoliticoMX,reparar,1,7,2,Twitter
Twitter::@MuroPoliticoMX,pavimento,1,14,2,Twitter
Twitter::@MuroPoliticoMX,danado,1,9,0,Twitter
Twitter::@MuroPoliticoMX,prever,1,4,5,Twitter
Twitter::@MuroPoliticoMX,ingreso,1,4,5,Twitter
Twitter::@MuroPoliticoMX,estrategia,1,14,0,Twitter
Twitter::@MuroPoliticoMX,mundial,1,4,0,Twitter
Twitter::@MuroPoliticoMX,sostener,1,14,2,Twitter
Twitter::@MuroPoliticoMX,cifra,1,14,0,Twitter
Twitter::@MuroPoliticoMX,continuar,1,14,0,Twitter
Twitter::@MuroPoliticoMX,mostrar,1,13,4,Twitter
Twitter::@MuroPoliticoMX,hora,1,10,1,Twitter
Twitter::@MuroPoliticoMX,mayoria,1,11,4,Twitter
Twitter::@MuroPoliticoMX,triunfo,1,11,2,Twitter
Twitter::@MuroPoliticoMX,intervencion,1,12,-1,Twitter
Twitter::@MuroPoliticoMX,extranjero,1,12,0,Twitter
Twitter::@MuroPoliticoMX,mes,1,4,3,Twitter
Twitter::@MuroPoliticoMX,lejos,1,11,1,Twitter
Twitter::@MuroPoliticoMX,unidad,1,6,1,Twitter
Twitter::@MuroPoliticoMX,incorporar,1,0,4,Twitter
Twitter::@MuroPoliticoMX,penal,1,10,4,Twitter
Twitter::@MuroPoliticoMX,conocido,1,11,0,Twitter
Twitter::@MuroPoliticoMX,accion,1,2,0,Twitter
Twitter::@MuroPoliticoMX,control,1,14,0,Twitter
Twitter::@MuroPoliticoMX,favor,1,11,5,Twitter
Twitter::@MuroPoliticoMX,eleccion,1,11,5,Twitter
Twitter::@MuroPoliticoMX,perder,1,11,5,Twitter
Twitter::@MuroPoliticoMX,representante,1,11,0,Twitter
Twitter::@MuroPoliticoMX,salir,1,11,0,Twitter
Twitter::@MuroPoliticoMX,defensa,1,6,3,Twitter
Twitter::@MuroPoliticoMX,gobernador,1,14,1,Twitter
Twitter::@MuroPoliticoMX,americo,1,14,1,Twitter
Twitter::@MuroPoliticoMX,villarreal,1,3,0,Twitter
Twitter::@MuroPoliticoMX,resultado,1,2,0,Twitter
Twitter::@MuroPoliticoMX,obtenido,1,12,3,Twitter
Twitter::@MuroPoliticoMX,coahuila,1,5,2,Twitter
Twitter::@MuroPoliticoMX,anticipar,1,9,2,Twitter
Twitter::@MuroPoliticoMX,distinto,1,2,2,Twitter
Twitter::@MuroPoliticoMX,participacion,1,1,0,Twitter
Twitter::@MuroPoliticoMX,organizacion,1,4,4,Twitter
Twitter::@MuroPoliticoMX,civil,1,0,0,Twitter
Twitter::@MuroPoliticoMX,especialista,1,9,2,Twitter
Twitter::@MuroPoliticoMX,academico,1,1,2,Twitter
Twitter::@MuroPoliticoMX,concluir,1,14,2,Twitter
Twitter::@MuroPoliticoMX,consulta,1,1,1,Twitter
Twitter::@MuroPoliticoMX,proteccion,1,0,0,Twitter
Twitter::@MuroPoliticoMX,derechos,1,4,1,Twitter
Twitter::@MuroPoliticoMX,humanos,1,4,1,Twitter
Twitter::@MuroPoliticoMX,emitir,1,4,4,Twitter
Twitter::@MuroPoliticoMX,alerta,1,5,1,Twitter
Twitter::@MuroPoliticoMX,fuerte,1,7,2,Twitter
Twitter::@MuroPoliticoMX,electrico,1,0,1,Twitter
Twitter::@MuroPoliticoMX,caida,1,12,-1,Twitter
Twitter::@MuroPoliticoMX,unidos,1,11,6,Twitter
Twitter::@MuroPoliticoMX,vehiculo,1,7,2,Twitter
Twitter::@MuroPoliticoMX,ingresar,1,11,0,Twitter
Twitter::@MuroPoliticoMX,territorio,1,6,2,Twitter
Twitter::@MuroPoliticoMX,mexicano,1,4,1,Twitter
Twitter::@MuroPoliticoMX,frontera,1,11,0,Twitter
Twitter::@MuroPoliticoMX,tamaulipeco,1,6,1,Twitter
Twitter::@MuroPoliticoMX,accidente,1,7,2,Twitter
Twitter::@MuroPoliticoMX,vehicular,1,0,2,Twitter
Twitter::@MuroPoliticoMX,encontrar,1,7,4,Twitter
Twitter::@MuroPoliticoMX,carretera,1,6,2,Twitter
Twitter::@MuroPoliticoMX,nombre,1,12,2,Twitter
Twitter::@MuroPoliticoMX,escuela,1,14,1,Twitter
Twitter::@MuroPoliticoMX,normal,1,11,0,Twitter
Twitter::@MuroPoliticoMX,cnte,1,9,-1,Twitter
Twitter::@MuroPoliticoMX,eliminar,1,4,0,Twitter
Twitter::@MuroPoliticoMX,ley,1,11,1,Twitter
Twitter::@MuroPoliticoMX,impacto,1,11,2,Twitter
Twitter::@MuroPoliticoMX,inaugurar,1,9,2,Twitter
Twitter::@MuroPoliticoMX,evento,1,8,1,Twitter
Twitter::@MuroPoliticoMX,cultural,1,1,1,Twitter
Twitter::@MuroPoliticoMX,sindicato,1,10,0,Twitter
Twitter::@MuroPoliticoMX,educacion,1,14,1,Twitter
Twitter::@MuroPoliticoMX,region,1,1,2,Twitter
Twitter::@MuroPoliticoMX,laboral,1,6,-1,Twitter
Twitter::@MuroPoliticoMX,puesto,1,9,0,Twitter
Twitter::@MuroPoliticoMX,abrir,1,6,1,Twitter
Twitter::@NewsBorder67,hospital,2,7,3,Twitter
Twitter::@NewsBorder67,cities,1,7,4,Twitter
Twitter::@NewsBorder67,madero,1,5,0,Twitter
Twitter::@NewsBorder67,llegada,1,13,4,Twitter
Twitter::@NewsBorder67,palacio,1,12,0,Twitter
Twitter::@NewsBorder67,nacional,1,4,2,Twitter
Twitter::@NewsBorder67,provocar,1,6,0,Twitter
Twitter::@NewsBorder67,pasar,1,11,3,Twitter
Twitter::@NewsBorder67,sol,1,5,1,Twitter
Twitter::@NewsBorder67,cdmx,1,5,2,Twitter
Twitter::@NoresteDigital,reynosa,5,5,0,Twitter
Twitter::@NoresteDigital,cdvictoria,5,5,1,Twitter
Twitter::@NoresteDigital,ciudadvictoria,5,5,0,Twitter
Twitter::@NoresteDigital,tamaulipas,5,5,1,Twitter
Twitter::@NoresteDigital,nuevolaredo,5,5,0,Twitter
Twitter::@NoresteDigital,monterrey,4,5,2,Twitter
Twitter::@NoresteDigital,cdmx,3,5,2,Twitter
Twitter::@NoresteDigital,madero,3,5,0,Twitter
Twitter::@NoresteDigital,video,2,11,2,Twitter
Twitter::@NoresteDigital,alerta,2,5,1,Twitter
Twitter::@NoresteDigital,funcionario,2,6,2,Twitter
Twitter::@NoresteDigital,victoria,2,11,0,Twitter
Twitter::@NoresteDigital,coahuila,2,5,2,Twitter
Twitter::@NoresteDigital,cara,2,6,0,Twitter
Twitter::@NoresteDigital,fuerte,1,7,2,Twitter
Twitter::@NoresteDigital,plaza,1,1,1,Twitter
Twitter::@NoresteDigital,comercial,1,1,2,Twitter
Twitter::@NoresteDigital,fiesta,1,1,3,Twitter
Twitter::@NoresteDigital,provocar,1,6,0,Twitter
Twitter::@NoresteDigital,jorge,1,1,4,Twitter
Twitter::@NoresteDigital,garcia,1,12,2,Twitter
Twitter::@NoresteDigital,reconocer,1,6,0,Twitter
Twitter::@NoresteDigital,madre,1,10,3,Twitter
Twitter::@NoresteDigital,motor,1,14,4,Twitter
Twitter::@NoresteDigital,familia,1,1,0,Twitter
Twitter::@NoresteDigital,compartir,1,1,0,Twitter
Twitter::@NoresteDigital,resumen,1,4,3,Twitter
Twitter::@NoresteDigital,actividad,1,1,0,Twitter
Twitter::@NoresteDigital,congreso,1,5,1,Twitter
Twitter::@NoresteDigital,mayo,1,10,0,Twitter
Twitter::@NoresteDigital,agenda,1,1,1,Twitter
Twitter::@NoresteDigital,matamoros,1,5,0,Twitter
Twitter::@NoresteDigital,opinion,1,10,4,Twitter
Twitter::@NoresteDigital,marco,1,6,0,Twitter
Twitter::@NoresteDigital,antonio,1,0,5,Twitter
Twitter::@NoresteDigital,laredo,1,5,1,Twitter
Twitter::@NoresteDigital,millon,1,12,0,Twitter
Twitter::@NoresteDigital,educacion,1,14,1,Twitter
Twitter::@NoresteDigital,bienestar,1,2,3,Twitter
Twitter::@NoresteDigital,social,1,2,3,Twitter
Twitter::@Notmeanymore01,gente,3,6,2,Twitter
Twitter::@Notmeanymore01,zona,2,0,1,Twitter
Twitter::@Notmeanymore01,malo,2,11,4,Twitter
Twitter::@Notmeanymore01,afectado,2,4,4,Twitter
Twitter::@Notmeanymore01,precio,1,11,4,Twitter
Twitter::@Notmeanymore01,caro,1,12,1,Twitter
Twitter::@Notmeanymore01,elegir,1,10,1,Twitter
Twitter::@Notmeanymore01,servicio,1,2,2,Twitter
Twitter::@Notmeanymore01,jaja,1,12,0,Twitter
Twitter::@Notmeanymore01,publicacion,1,10,1,Twitter
Twitter::@Notmeanymore01,problema,1,12,0,Twitter
Twitter::@Notmeanymore01,andar,1,9,0,Twitter
Twitter::@Notmeanymore01,respuesta,1,0,4,Twitter
Twitter::@Notmeanymore01,pasar,1,11,3,Twitter
Twitter::@Notmeanymore01,hora,1,10,1,Twitter
Twitter::@Notmeanymore01,info,1,5,0,Twitter
Twitter::@Notmeanymore01,falla,1,12,-1,Twitter
Twitter::@Notmeanymore01,parecer,1,9,0,Twitter
Twitter::@Notmeanymore01,seguir,1,2,0,Twitter
Twitter::@Notmeanymore01,ojala,1,9,0,Twitter
Twitter::@Notmeanymore01,compartir,1,1,0,Twitter
Twitter::@Notmeanymore01,nomas,1,9,0,Twitter
Twitter::@Notmeanymore01,quedar,1,11,0,Twitter
Twitter::@Notmeanymore01,esperar,1,4,0,Twitter
Twitter::@OMAeropuertos,detalle,2,10,0,Twitter
Twitter::@OMAeropuertos,hola,1,10,1,Twitter
Twitter::@OMAeropuertos,agradecer,1,10,0,Twitter
Twitter::@OMAeropuertos,llegar,1,10,1,Twitter
Twitter::@OMAeropuertos,red,1,14,3,Twitter
Twitter::@OMAeropuertos,social,1,2,3,Twitter
Twitter::@OMAeropuertos,via,1,7,0,Twitter
Twitter::@OMAeropuertos,fecha,1,10,0,Twitter
Twitter::@OMAeropuertos,hora,1,10,1,Twitter
Twitter::@OMAeropuertos,area,1,10,0,Twitter
Twitter::@OMAeropuertos,aeropuerto,1,13,4,Twitter
Twitter::@OMAeropuertos,presentar,1,10,0,Twitter
Twitter::@OMAeropuertos,situacion,1,0,1,Twitter
Twitter::@OMAeropuertos,importante,1,13,0,Twitter
Twitter::@ONUMX,mundo,1,11,0,Twitter
Twitter::@ONUMX,grande,1,1,0,Twitter
Twitter::@ONUMX,cambio,1,11,3,Twitter
Twitter::@ONUMX,politica,1,9,2,Twitter
Twitter::@ONUMX,publico,1,14,3,Twitter
Twitter::@ONUMX,necesitar,1,2,0,Twitter
Twitter::@ONUMX,incorporar,1,0,4,Twitter
Twitter::@ONUMX,pensamiento,1,9,2,Twitter
Twitter::@ONUMX,vision,1,9,2,Twitter
Twitter::@ONUMX,futuro,1,13,1,Twitter
Twitter::@ONUMX,anticipar,1,9,2,Twitter
Twitter::@ONUMX,ruta,1,14,4,Twitter
Twitter::@ONUMX,accion,1,2,0,Twitter
Twitter::@ONVentura,presidente,5,14,2,Twitter
Twitter::@ONVentura,solucion,4,14,2,Twitter
Twitter::@ONVentura,falta,2,11,0,Twitter
Twitter::@ONVentura,condicion,2,14,2,Twitter
Twitter::@ONVentura,normal,2,11,0,Twitter
Twitter::@ONVentura,final,2,10,2,Twitter
Twitter::@ONVentura,patria,1,12,1,Twitter
Twitter::@ONVentura,personal,1,0,2,Twitter
Twitter::@ONVentura,quitar,1,11,5,Twitter
Twitter::@ONVentura,equipo,1,13,3,Twitter
Twitter::@ONVentura,inteligencia,1,9,-1,Twitter
Twitter::@ONVentura,manejar,1,9,4,Twitter
Twitter::@ONVentura,convertir,1,6,2,Twitter
Twitter::@ONVentura,llamar,1,11,1,Twitter
Twitter::@ONVentura,ano,1,11,2,Twitter
Twitter::@ONVentura,medio,1,8,2,Twitter
Twitter::@ONVentura,gobierno,1,12,3,Twitter
Twitter::@ONVentura,partido,1,4,0,Twitter
Twitter::@ONVentura,quedar,1,11,0,Twitter
Twitter::@ONVentura,entender,1,11,4,Twitter
Twitter::@ONVentura,cometer,1,11,4,Twitter
Twitter::@ONVentura,ingresar,1,11,0,Twitter
Twitter::@ONVentura,directamente,1,13,3,Twitter
Twitter::@ONVentura,traer,1,11,0,Twitter
Twitter::@ONVentura,mando,1,11,3,Twitter
Twitter::@ONVentura,juzgar,1,11,1,Twitter
Twitter::@ONVentura,pais,1,12,0,Twitter
Twitter::@ONVentura,esfuerzo,1,13,2,Twitter
Twitter::@ONVentura,entrar,1,4,1,Twitter
Twitter::@ONVentura,requerir,1,0,1,Twitter
Twitter::@ONVentura,sistema,1,0,4,Twitter
Twitter::@ONVentura,politico,1,12,4,Twitter
Twitter::@ONVentura,ciudadano,1,1,0,Twitter
Twitter::@ONVentura,cambio,1,11,3,Twitter
Twitter::@ONVentura,entorno,1,3,2,Twitter
Twitter::@ONVentura,presidencia,1,8,2,Twitter
Twitter::@ONVentura,fiscal,1,12,2,Twitter
Twitter::@ONVentura,corte,1,11,2,Twitter
Twitter::@ONVentura,aceptar,1,10,0,Twitter
Twitter::@OscarMalibran,tamaulipas,8,5,1,Twitter
Twitter::@OscarMalibran,asociacion,6,4,2,Twitter
Twitter::@OscarMalibran,karate,6,4,2,Twitter
Twitter::@OscarMalibran,deporte,4,2,1,Twitter
Twitter::@OscarMalibran,director,3,0,5,Twitter
Twitter::@OscarMalibran,presentar,3,10,0,Twitter
Twitter::@OscarMalibran,edicion,2,10,0,Twitter
Twitter::@OscarMalibran,copa,2,13,0,Twitter
Twitter::@OscarMalibran,unidos,2,11,6,Twitter
Twitter::@OscarMalibran,ciudad,2,13,1,Twitter
Twitter::@OscarMalibran,deportiva,2,1,2,Twitter
Twitter::@OscarMalibran,cruz,2,3,1,Twitter
Twitter::@OscarMalibran,artes,2,3,2,Twitter
Twitter::@OscarMalibran,reconocer,2,6,0,Twitter
Twitter::@OscarMalibran,estatal,2,0,3,Twitter
Twitter::@OscarMalibran,instituto,2,8,2,Twitter
Twitter::@OscarMalibran,entrega,2,13,3,Twitter
Twitter::@OscarMalibran,equipo,2,13,3,Twitter
Twitter::@OscarMalibran,jorge,2,1,4,Twitter
Twitter::@OscarMalibran,gobierno,2,12,3,Twitter
Twitter::@OscarMalibran,olimpiada,2,13,0,Twitter
Twitter::@OscarMalibran,nacional,2,4,2,Twitter
Twitter::@OscarMalibran,instalacion,1,4,3,Twitter
Twitter::@OscarMalibran,actividad,1,1,0,Twitter
Twitter::@OscarMalibran,dia,1,6,0,Twitter
Twitter::@OscarMalibran,partido,1,4,0,Twitter
Twitter::@OscarMalibran,definir,1,4,2,Twitter
Twitter::@OscarMalibran,ligamx,1,8,3,Twitter
Twitter::@OscarMalibran,reconocimiento,1,13,1,Twitter
Twitter::@OscarMalibran,vida,1,7,4,Twitter
Twitter::@OscarMalibran,juez,1,10,3,Twitter
Twitter::@OscarMalibran,internacional,1,13,1,Twitter
Twitter::@OscarMalibran,video,1,11,2,Twitter
Twitter::@OscarMalibran,entregar,1,6,2,Twitter
Twitter::@OscarMalibran,material,1,3,2,Twitter
Twitter::@OscarMalibran,recibir,1,9,2,Twitter
Twitter::@OscarMalibran,visita,1,0,3,Twitter
Twitter::@OscarMalibran,general,1,10,0,Twitter
Twitter::@OscarMalibran,manuel,1,12,2,Twitter
Twitter::@OscarMalibran,conjunto,1,14,0,Twitter
Twitter::@OscarMalibran,encabezado,1,14,0,Twitter
Twitter::@OscarMalibran,directora,1,7,3,Twitter
Twitter::@OscarMalibran,diaz,1,9,2,Twitter
Twitter::@OscarMalibran,muestra,1,1,3,Twitter
Twitter::@OscarMalibran,agradecimiento,1,6,3,Twitter
Twitter::@OscarMalibran,nina,1,8,1,Twitter
Twitter::@OscarMalibran,ofrecer,1,3,2,Twitter
Twitter::@OscarMalibran,nivel,1,4,2,Twitter
Twitter::@OscarMalibran,utilizar,1,9,1,Twitter
Twitter::@OscarMalibran,aparato,1,11,5,Twitter
Twitter::@OscarMalibran,agradecer,1,10,0,Twitter
Twitter::@OscarMalibran,titular,1,10,0,Twitter
Twitter::@OscarMalibran,destacar,1,14,4,Twitter
Twitter::@OscarMalibran,gracias,1,8,0,Twitter
Twitter::@OscarMalibran,coordinado,1,14,0,Twitter
Twitter::@OscarMalibran,regidor,1,8,0,Twitter
Twitter::@OscarMalibran,presidenta,1,8,0,Twitter
Twitter::@OscarMalibran,perez,1,2,2,Twitter
Twitter::@OscarMalibran,apoyo,1,2,2,Twitter
Twitter::@OscarMalibran,alcaldesa,1,8,0,Twitter
Twitter::@OscarMalibran,monica,1,3,0,Twitter
Twitter::@OscarMalibran,villarreal,1,3,0,Twitter
Twitter::@OscarMalibran,autoridad,1,0,3,Twitter
Twitter::@OscarMalibran,municipal,1,14,0,Twitter
Twitter::@OscarMalibran,respaldo,1,10,3,Twitter
Twitter::@OscarMalibran,alfredo,1,10,0,Twitter
Twitter::@OscarMalibran,logro,1,13,1,Twitter
Twitter::@OscarMalibran,obtenido,1,12,3,Twitter
Twitter::@OscarMalibran,zona,1,0,1,Twitter
Twitter::@OscarMalibran,sur,1,14,2,Twitter
Twitter::@OscarMalibran,semana,1,4,5,Twitter
Twitter::@OscarMalibran,conade,1,13,0,Twitter
Twitter::@OscarMalibran,presente,1,4,5,Twitter
Twitter::@OscarMalibran,diputado,1,13,-1,Twitter
Twitter::@OscarMalibran,integrante,1,10,3,Twitter
Twitter::@OscarMalibran,ana,1,5,3,Twitter
Twitter::@OscarMalibran,maestro,1,6,0,Twitter
Twitter::@OscarMalibran,listo,1,10,0,Twitter
Twitter::@OscarMalibran,miramar,1,10,2,Twitter
Twitter::@OscarMalibran,julio,1,4,2,Twitter
Twitter::@OscarMalibran,categoria,1,8,2,Twitter
Twitter::@PCTamaulipas,seguridad,2,0,3,Twitter
Twitter::@PCTamaulipas,frente,2,9,1,Twitter
Twitter::@PCTamaulipas,supervision,1,0,3,Twitter
Twitter::@PCTamaulipas,feria,1,0,3,Twitter
Twitter::@PCTamaulipas,proteccion,1,0,0,Twitter
Twitter::@PCTamaulipas,civil,1,0,0,Twitter
Twitter::@PCTamaulipas,recorrido,1,0,1,Twitter
Twitter::@PCTamaulipas,medida,1,7,1,Twitter
Twitter::@PCTamaulipas,cuidar,1,2,1,Twitter
Twitter::@PCTamaulipas,asistente,1,0,3,Twitter
Twitter::@PCTamaulipas,instalacion,1,4,3,Twitter
Twitter::@PCTamaulipas,seguro,1,2,1,Twitter
Twitter::@PCTamaulipas,prioridad,1,7,1,Twitter
Twitter::@PCTamaulipas,lluvias,1,0,1,Twitter
Twitter::@PCTamaulipas,temporada,1,0,1,Twitter
Twitter::@PCTamaulipas,tamaulipas,1,5,1,Twitter
Twitter::@PCTamaulipas,domingo,1,4,5,Twitter
Twitter::@PCTamaulipas,aire,1,9,2,Twitter
Twitter::@PCTamaulipas,evento,1,8,1,Twitter
Twitter::@PCTamaulipas,norte,1,10,1,Twitter
Twitter::@PCTamaulipas,velocidad,1,0,1,Twitter
Twitter::@PCTamaulipas,golfo,1,4,5,Twitter
Twitter::@PCTamaulipas,mexico,1,12,0,Twitter
Twitter::@Pattygb5,alcaldesa,1,8,0,Twitter
Twitter::@Pattygb5,morena,1,12,4,Twitter
Twitter::@Pattygb5,correr,1,7,4,Twitter
Twitter::@Pattygb5,ciudadano,1,1,0,Twitter
Twitter::@Pattygb5,pobre,1,12,0,Twitter
Twitter::@Pattygb5,armando,1,7,3,Twitter
Twitter::@Pattygb5,tamaulipa,1,11,0,Twitter
Twitter::@PeriodicoQuequi,detalle,2,10,0,Twitter
Twitter::@PeriodicoQuequi,imagen,2,14,2,Twitter
Twitter::@PeriodicoQuequi,pasar,1,11,3,Twitter
Twitter::@PeriodicoQuequi,compartir,1,1,0,Twitter
Twitter::@PeriodicoQuequi,video,1,11,2,Twitter
Twitter::@PeriodicoQuequi,llamar,1,11,1,Twitter
Twitter::@PeriodicoQuequi,atencion,1,7,3,Twitter
Twitter::@PeriodicoQuequi,red,1,14,3,Twitter
Twitter::@PeriodicoQuequi,bandera,1,14,1,Twitter
Twitter::@PeriodicoQuequi,mercado,1,8,4,Twitter
Twitter::@PeriodicoQuequi,municipal,1,14,0,Twitter
Twitter::@PeriodicoQuequi,vista,1,14,1,Twitter
Twitter::@PeriodicoQuequi,parecer,1,9,0,Twitter
Twitter::@PeriodicoQuequi,acercar,1,2,2,Twitter
Twitter::@PeriodicoQuequi,descubrir,1,4,5,Twitter
Twitter::@PeriodicoQuequi,pequeno,1,0,4,Twitter
Twitter::@PeriodicoQuequi,nacional,1,4,2,Twitter
Twitter::@PeriodicoQuequi,mexicano,1,4,1,Twitter
Twitter::@PeriodicoQuequi,encabezar,1,14,0,Twitter
Twitter::@PeriodicoQuequi,mesa,1,10,0,Twitter
Twitter::@PeriodicoQuequi,seguridad,1,0,3,Twitter
Twitter::@PeriodicoQuequi,playa,1,10,2,Twitter
Twitter::@PeriodicoQuequi,carmen,1,2,4,Twitter
Twitter::@Quadratin_Mor,cafe,1,6,1,Twitter
Twitter::@Quadratin_Mor,chairel,1,6,1,Twitter
Twitter::@Quadratin_Mor,cine,1,14,0,Twitter
Twitter::@Quadratin_Mor,mexico,1,12,0,Twitter
Twitter::@Quadratin_Mor,llegar,1,10,1,Twitter
Twitter::@Quadratin_Mor,sala,1,6,1,Twitter
Twitter::@Quadratin_Mor,mayo,1,10,0,Twitter
Twitter::@Quadratin_Mor,festival,1,10,0,Twitter
Twitter::@Quadratin_Mor,historico,1,6,1,Twitter
Twitter::@Quadratin_Mor,morelos,1,2,4,Twitter
Twitter::@Quadratin_Mor,red,1,14,3,Twitter
Twitter::@Quadratin_Mor,extorsion,1,6,1,Twitter
Twitter::@Quadratin_Mor,cartel,1,4,5,Twitter
Twitter::@Quadratin_Mor,zona,1,0,1,Twitter
Twitter::@Quadratin_Mor,funcionario,1,6,2,Twitter
Twitter::@Quadratin_Mor,confirmar,1,10,3,Twitter
Twitter::@RadioUAT,cdvictoria,9,5,1,Twitter
Twitter::@RadioUAT,reynosa,8,5,0,Twitter
Twitter::@RadioUAT,matamoros,8,5,0,Twitter
Twitter::@RadioUAT,nld,7,11,0,Twitter
Twitter::@RadioUAT,madero,7,5,0,Twitter
Twitter::@RadioUAT,tamaulipas,7,5,1,Twitter
Twitter::@RadioUAT,informacion,4,11,0,Twitter
Twitter::@RadioUAT,jueves,3,11,0,Twitter
Twitter::@RadioUAT,manana,3,10,1,Twitter
Twitter::@RadioUAT,hablar,3,11,0,Twitter
Twitter::@RadioUAT,traer,3,11,0,Twitter
Twitter::@RadioUAT,final,3,10,2,Twitter
Twitter::@RadioUAT,carlos,1,4,0,Twitter
Twitter::@RadioUAT,musica,1,1,1,Twitter
Twitter::@RadioUAT,obra,1,2,4,Twitter
Twitter::@RadioUAT,cine,1,14,0,Twitter
Twitter::@RadioUAT,teatro,1,4,6,Twitter
Twitter::@RadioUAT,estudiante,1,5,3,Twitter
Twitter::@RadioUAT,guerrero,1,10,0,Twitter
Twitter::@RadioUAT,negro,1,3,1,Twitter
Twitter::@RadioUAT,tecnico,1,11,2,Twitter
Twitter::@RadioUAT,historia,1,1,3,Twitter
Twitter::@RadioUAT,miercoles,1,1,1,Twitter
Twitter::@RadioUAT,angel,1,9,2,Twitter
Twitter::@RadioUAT,voz,1,1,0,Twitter
Twitter::@RadioUAT,vivir,1,8,2,Twitter
Twitter::@RadioUAT,tarde,1,8,1,Twitter
Twitter::@RadioUAT,avanzar,1,14,1,Twitter
Twitter::@RadioUAT,ritmo,1,1,1,Twitter
Twitter::@RadioUAT,martes,1,1,3,Twitter
Twitter::@RadioUAT,semana,1,4,5,Twitter
Twitter::@RadioUAT,disfrutar,1,1,0,Twitter
Twitter::@RadioUAT,agradable,1,14,3,Twitter
Twitter::@RadioUAT,inicio,1,10,0,Twitter
Twitter::@RadioUAT,mexico,1,12,0,Twitter
Twitter::@RadioUAT,dengue,1,14,0,Twitter
Twitter::@RadioUAT,desarrollo,1,1,2,Twitter
Twitter::@RadioUAT,iniciar,1,5,1,Twitter
Twitter::@RadioUAT,actividad,1,1,0,Twitter
Twitter::@RadioUAT,universitario,1,5,1,Twitter
Twitter::@RadioUAT,ingresar,1,11,0,Twitter
Twitter::@RafaelG95065276,llegar,1,10,1,Twitter
Twitter::@RafaelG95065276,casa,1,3,1,Twitter
Twitter::@RafaelG95065276,madrugada,1,0,1,Twitter
Twitter::@RafaelG95065276,internet,1,10,1,Twitter
Twitter::@RafaelG95065276,medio,1,8,2,Twitter
Twitter::@RafaelG95065276,madero,1,5,0,Twitter
Twitter::@RafaelG95065276,altamira,1,5,0,Twitter
Twitter::@RafaelG95065276,fallar,1,11,4,Twitter
Twitter::@RafaelG95065276,unico,1,11,4,Twitter
Twitter::@RafaelG95065276,dia,1,6,0,Twitter
Twitter::@RafaelG95065276,descanso,1,3,2,Twitter
Twitter::@RafaelG95065276,alguien,1,11,4,Twitter
Twitter::@RafaelG95065276,telmex,1,10,1,Twitter
Twitter::@RafaelG95065276,valer,1,9,0,Twitter
Twitter::@RafaelG95065276,servicio,1,2,2,Twitter
Twitter::@Rbytia16,via,3,7,0,Twitter
Twitter::@Rbytia16,retirar,2,7,0,Twitter
Twitter::@Rbytia16,publico,2,14,3,Twitter
Twitter::@Rbytia16,urgente,2,6,1,Twitter
Twitter::@Rbytia16,reparacion,2,2,2,Twitter
Twitter::@Rbytia16,calle,2,9,1,Twitter
Twitter::@Rbytia16,col,2,6,1,Twitter
Twitter::@Rbytia16,luis,2,6,1,Twitter
Twitter::@Rbytia16,echeverria,2,2,3,Twitter
Twitter::@Rbytia16,invitacion,1,8,1,Twitter
Twitter::@Rbytia16,servir,1,6,2,Twitter
Twitter::@Rbytia16,retiro,1,3,3,Twitter
Twitter::@Rbytia16,publica,1,4,2,Twitter
Twitter::@RealMokaba,cdmadero,2,5,0,Twitter
Twitter::@RealMokaba,madero,2,5,0,Twitter
Twitter::@RealMokaba,precaucion,1,11,3,Twitter
Twitter::@RealMokaba,altamira,1,5,0,Twitter
Twitter::@ReporteraDaisy,tamaulipas,10,5,1,Twitter
Twitter::@ReporteraDaisy,elpuntoes,8,13,-1,Twitter
Twitter::@ReporteraDaisy,reynosa,7,5,0,Twitter
Twitter::@ReporteraDaisy,matamoros,7,5,0,Twitter
Twitter::@ReporteraDaisy,altamira,7,5,0,Twitter
Twitter::@ReporteraDaisy,madero,7,5,0,Twitter
Twitter::@ReporteraDaisy,nuevolaredo,7,5,0,Twitter
Twitter::@ReporteraDaisy,informacion,6,11,0,Twitter
Twitter::@ReporteraDaisy,cdvictoria,6,5,1,Twitter
Twitter::@ReporteraDaisy,fortalecer,5,14,0,Twitter
Twitter::@ReporteraDaisy,josue,4,13,-1,Twitter
Twitter::@ReporteraDaisy,diputado,2,13,-1,Twitter
Twitter::@ReporteraDaisy,proyecto,2,14,4,Twitter
Twitter::@ReporteraDaisy,inversion,2,5,1,Twitter
Twitter::@ReporteraDaisy,buscar,2,5,1,Twitter
Twitter::@ReporteraDaisy,principal,2,9,1,Twitter
Twitter::@ReporteraDaisy,mexico,2,12,0,Twitter
Twitter::@ReporteraDaisy,estrategia,2,14,0,Twitter
Twitter::@ReporteraDaisy,pri,1,11,5,Twitter
Twitter::@ReporteraDaisy,iniciar,1,5,1,Twitter
Twitter::@ReporteraDaisy,renovacion,1,14,2,Twitter
Twitter::@ReporteraDaisy,municipal,1,14,0,Twitter
Twitter::@ReporteraDaisy,estructura,1,11,5,Twitter
Twitter::@ReporteraDaisy,recuperar,1,14,2,Twitter
Twitter::@ReporteraDaisy,espacio,1,1,0,Twitter
Twitter::@ReporteraDaisy,eleccion,1,11,5,Twitter
Twitter::@ReporteraDaisy,senalar,1,4,4,Twitter
Twitter::@ReporteraDaisy,cambio,1,11,3,Twitter
Twitter::@ReporteraDaisy,secretaria,1,14,2,Twitter
Twitter::@ReporteraDaisy,salud,1,2,3,Twitter
Twitter::@ReporteraDaisy,necesario,1,0,3,Twitter
Twitter::@ReporteraDaisy,mejorar,1,2,2,Twitter
Twitter::@ReporteraDaisy,sistema,1,0,4,Twitter
Twitter::@ReporteraDaisy,atencion,1,7,3,Twitter
Twitter::@ReporteraDaisy,medico,1,7,3,Twitter
Twitter::@ReporteraDaisy,dif,1,13,3,Twitter
Twitter::@ReporteraDaisy,dejar,1,9,0,Twitter
Twitter::@ReporteraDaisy,volver,1,12,2,Twitter
Twitter::@ReporteraDaisy,realidad,1,6,2,Twitter
Twitter::@ReporteraDaisy,opinion,1,10,4,Twitter
Twitter::@ReporteraDaisy,incorporar,1,0,4,Twitter
Twitter::@ReporteraDaisy,vigilancia,1,7,2,Twitter
Twitter::@ReporteraDaisy,sanitario,1,7,-1,Twitter
Twitter::@ReporteraDaisy,parque,1,14,4,Twitter
Twitter::@ReporteraDaisy,publico,1,14,3,Twitter
Twitter::@ReporteraDaisy,privado,1,4,2,Twitter
Twitter::@ReporteraDaisy,superar,1,7,3,Twitter
Twitter::@ReporteraDaisy,oaxaca,1,7,3,Twitter
Twitter::@ReporteraDaisy,federal,1,12,1,Twitter
Twitter::@ReporteraDaisy,carlos,1,4,0,Twitter
Twitter::@ReporteraDaisy,impulsado,1,3,0,Twitter
Twitter::@ReporteraDaisy,administracion,1,14,0,Twitter
Twitter::@ReporteraDaisy,claudia,1,12,0,Twitter
Twitter::@ReporteraDaisy,sheinbaum,1,12,0,Twitter
Twitter::@ReporteraDaisy,institucion,1,11,1,Twitter
Twitter::@ReporteraDaisy,seguridad,1,0,3,Twitter
Twitter::@ReporteraDaisy,justicia,1,11,1,Twitter
Twitter::@ReporteraDaisy,enfrentar,1,11,1,Twitter
Twitter::@ReporteraDaisy,delito,1,11,4,Twitter
Twitter::@ReporteraDaisy,extorsion,1,6,1,Twitter
Twitter::@ReporteraDaisy,reportar,1,7,2,Twitter
Twitter::@ReporteraDaisy,escuela,1,14,1,Twitter
Twitter::@ReporteraDaisy,educacion,1,14,1,Twitter
Twitter::@ReporteraDaisy,basico,1,6,0,Twitter
Twitter::@ReporteraDaisy,prevenir,1,7,3,Twitter
Twitter::@ReporteraDaisy,completar,1,8,1,Twitter
Twitter::@ReporteraDaisy,menor,1,7,3,Twitter
Twitter::@ReporteraDaisy,alianza,1,6,1,Twitter
Twitter::@ReporteraDaisy,crear,1,8,4,Twitter
Twitter::@ReporteraDaisy,economico,1,13,2,Twitter
Twitter::@ReporteraDaisy,laredo,1,5,1,Twitter
Twitter::@ReporteraDaisy,atraer,1,6,1,Twitter
Twitter::@ReporteraDaisy,conectar,1,3,2,Twitter
Twitter::@ReporteraDaisy,frontera,1,11,0,Twitter
Twitter::@ReporteraDaisy,puerto,1,8,0,Twitter
Twitter::@ReporteraDaisy,importante,1,13,0,Twitter
Twitter::@ReporteraDaisy,golfo,1,4,5,Twitter
Twitter::@Reporteroszona,madero,7,5,0,Twitter
Twitter::@Reporteroszona,almomento,6,13,5,Twitter
Twitter::@Reporteroszona,atencion,6,7,3,Twitter
Twitter::@Reporteroszona,quedar,6,11,0,Twitter
Twitter::@Reporteroszona,mante,4,5,2,Twitter
Twitter::@Reporteroszona,carro,4,9,0,Twitter
Twitter::@Reporteroszona,avenida,4,5,1,Twitter
Twitter::@Reporteroszona,hotel,4,6,1,Twitter
Twitter::@Reporteroszona,puente,4,4,3,Twitter
Twitter::@Reporteroszona,esperar,4,4,0,Twitter
Twitter::@Reporteroszona,perfecto,4,12,4,Twitter
Twitter::@Reporteroszona,centro,4,13,3,Twitter
Twitter::@Reporteroszona,playa,4,10,2,Twitter
Twitter::@Reporteroszona,miramar,4,10,2,Twitter
Twitter::@Reporteroszona,proteccion,4,0,0,Twitter
Twitter::@Reporteroszona,colonia,4,2,4,Twitter
Twitter::@Reporteroszona,accidente,3,7,2,Twitter
Twitter::@Reporteroszona,camioneta,3,6,1,Twitter
Twitter::@Reporteroszona,zona,3,0,1,Twitter
Twitter::@Reporteroszona,feria,3,0,3,Twitter
Twitter::@Reporteroszona,civil,3,0,0,Twitter
Twitter::@Reporteroszona,recorrido,3,0,1,Twitter
Twitter::@Reporteroszona,accion,3,2,0,Twitter
Twitter::@Reporteroszona,bomberos,3,0,0,Twitter
Twitter::@Reporteroszona,hidalgo,3,0,2,Twitter
Twitter::@Reporteroszona,alcaldesa,2,8,0,Twitter
Twitter::@Reporteroszona,monica,2,3,0,Twitter
Twitter::@Reporteroszona,villarreal,2,3,0,Twitter
Twitter::@Reporteroszona,tampiqueno,2,2,0,Twitter
Twitter::@Reporteroszona,rojo,2,13,5,Twitter
Twitter::@Reporteroszona,frente,2,9,1,Twitter
Twitter::@Reporteroszona,conductor,2,9,4,Twitter
Twitter::@Reporteroszona,luz,2,3,1,Twitter
Twitter::@Reporteroszona,norte,2,10,1,Twitter
Twitter::@Reporteroszona,tamaulipas,2,5,1,Twitter
Twitter::@Reporteroszona,objetivo,2,0,1,Twitter
Twitter::@Reporteroszona,luis,2,6,1,Twitter
Twitter::@Reporteroszona,comapa,2,2,2,Twitter
Twitter::@Reporteroszona,sur,2,14,2,Twitter
Twitter::@Reporteroszona,fortalecimiento,2,13,5,Twitter
Twitter::@Reporteroszona,terminar,2,11,3,Twitter
Twitter::@Reporteroszona,acabar,2,11,3,Twitter
Twitter::@Reporteroszona,agente,2,12,1,Twitter
Twitter::@Reporteroszona,vial,2,5,1,Twitter
Twitter::@Reporteroszona,andar,2,9,0,Twitter
Twitter::@Reporteroszona,sector,2,14,3,Twitter
Twitter::@Reporteroszona,registrado,2,0,1,Twitter
Twitter::@Reporteroszona,ciudad,2,13,1,Twitter
Twitter::@Reporteroszona,calzada,2,10,1,Twitter
Twitter::@Reporteroszona,san,2,10,1,Twitter
Twitter::@Reporteroszona,pedro,2,10,1,Twitter
Twitter::@Reporteroszona,sentido,2,10,4,Twitter
Twitter::@Reporteroszona,contrario,2,10,5,Twitter
Twitter::@Reporteroszona,servicio,2,2,2,Twitter
Twitter::@Reporteroszona,gastronomia,1,8,4,Twitter
Twitter::@Reporteroszona,mercado,1,8,4,Twitter
Twitter::@Reporteroszona,municipal,1,14,0,Twitter
Twitter::@Reporteroszona,invitacion,1,8,1,Twitter
Twitter::@Reporteroszona,turista,1,8,3,Twitter
Twitter::@Reporteroszona,semanasanta,1,8,3,Twitter
Twitter::@Reporteroszona,registrar,1,5,1,Twitter
Twitter::@Reporteroszona,sabado,1,4,5,Twitter
Twitter::@Reporteroszona,gloria,1,4,1,Twitter
Twitter::@Reporteroszona,carretera,1,6,2,Twitter
Twitter::@Reporteroszona,pasar,1,11,3,Twitter
Twitter::@Reporteroszona,tragedia,1,9,4,Twitter
Twitter::@Reporteroszona,velocidad,1,0,1,Twitter
Twitter::@Reporteroszona,lleno,1,8,1,Twitter
Twitter::@Reporteroszona,torres,1,9,1,Twitter
Twitter::@Reporteroszona,impacto,1,11,2,Twitter
Twitter::@Reporteroszona,parecer,1,9,0,Twitter
Twitter::@Reporteroszona,excelente,1,2,1,Twitter
Twitter::@Reporteroszona,disfrutar,1,1,0,Twitter
Twitter::@Reporteroszona,mil,1,8,3,Twitter
Twitter::@Reporteroszona,persona,1,4,3,Twitter
Twitter::@Reporteroszona,supervision,1,0,3,Twitter
Twitter::@Reporteroszona,garantizar,1,0,3,Twitter
Twitter::@Reporteroszona,espacio,1,1,0,Twitter
Twitter::@Reporteroszona,seguro,1,2,1,Twitter
Twitter::@Reporteroszona,estatal,1,0,3,Twitter
Twitter::@Reporteroszona,gerardo,1,0,0,Twitter
Twitter::@Reporteroszona,gonzalez,1,5,1,Twitter
Twitter::@Reporteroszona,fuente,1,0,0,Twitter
Twitter::@Reporteroszona,encabezar,1,14,0,Twitter
Twitter::@Reporteroszona,impulsar,1,1,2,Twitter
Twitter::@Reporteroszona,ayuntamiento,1,0,2,Twitter
Twitter::@Reporteroszona,conjunto,1,14,0,Twitter
Twitter::@Reporteroszona,beneficio,1,2,3,Twitter
Twitter::@Reporteroszona,ciudadania,1,2,3,Twitter
Twitter::@Reporteroszona,anaya,1,3,0,Twitter
Twitter::@Reporteroszona,jesus,1,2,4,Twitter
Twitter::@Reporteroszona,elias,1,2,4,Twitter
Twitter::@Reporteroszona,pina,1,2,4,Twitter
Twitter::@Reporteroszona,movilizar,1,13,5,Twitter
Twitter::@Reporteroszona,llanta,1,3,1,Twitter
Twitter::@Reporteroszona,vialidad,1,2,2,Twitter
Twitter::@Reporteroszona,sitio,1,10,1,Twitter
Twitter::@Reporteroszona,especialista,1,9,2,Twitter
Twitter::@Reporteroszona,vehicular,1,0,2,Twitter
Twitter::@Reporteroszona,cruz,1,3,1,Twitter
Twitter::@Reporteroszona,cuerpo,1,3,1,Twitter
Twitter::@Reporteroszona,joven,1,13,0,Twitter
Twitter::@Reporteroszona,auto,1,9,2,Twitter
Twitter::@Reporteroszona,arrastrar,1,7,2,Twitter
Twitter::@Reporteroszona,corriente,1,7,2,Twitter
Twitter::@Reporteroszona,cfe,1,0,1,Twitter
Twitter::@Reporteroszona,cambiar,1,2,0,Twitter
Twitter::@Reporteroszona,tormenta,1,0,1,Twitter
Twitter::@Reporteroszona,infonavit,1,11,5,Twitter
Twitter::@Reporteroszona,provocar,1,6,0,Twitter
Twitter::@Reporteroszona,familia,1,1,0,Twitter
Twitter::@Reporteroszona,madrugada,1,0,1,Twitter
Twitter::@Reporteroszona,elemento,1,7,2,Twitter
Twitter::@Reporteroszona,atender,1,2,0,Twitter
Twitter::@Reporteroszona,multiple,1,0,0,Twitter
Twitter::@Reporteroszona,report,1,7,0,Twitter
Twitter::@Reporteroszona,fuerte,1,7,2,Twitter
Twitter::@Reporteroszona,lluvia,1,0,1,Twitter
Twitter::@Reporteroszona,destacar,1,14,4,Twitter
Twitter::@Reporteroszona,corto,1,0,1,Twitter
Twitter::@Reporteroszona,circuito,1,0,1,Twitter
Twitter::@Reporteroszona,auxilio,1,0,-1,Twitter
Twitter::@Reporteroszona,inundado,1,7,2,Twitter
Twitter::@Reporteroszona,calle,1,9,1,Twitter
Twitter::@Reporteroszona,guadalupe,1,11,5,Twitter
Twitter::@Reporteroszona,pueblo,1,11,5,Twitter
Twitter::@Reporteroszona,banqueta,1,7,0,Twitter
Twitter::@Reporteroszona,local,1,1,2,Twitter
Twitter::@Reporteroszona,coche,1,9,4,Twitter
Twitter::@Reporteroszona,banda,1,1,1,Twitter
Twitter::@Reporteroszona,llegar,1,10,1,Twitter
Twitter::@Reporteroszona,alguien,1,11,4,Twitter
Twitter::@Reporteroszona,rescatar,1,3,4,Twitter
Twitter::@Reporteroszona,delegacion,1,10,1,Twitter
Twitter::@Reporteroszona,transito,1,0,2,Twitter
Twitter::@Reporteroszona,lider,1,12,2,Twitter
Twitter::@Reporteroszona,movimiento,1,10,3,Twitter
Twitter::@Reporteroszona,nacional,1,4,2,Twitter
Twitter::@Reporteroszona,esperanza,1,6,1,Twitter
Twitter::@Reporteroszona,informativo,1,1,1,Twitter
Twitter::@Reporteroszona,avance,1,14,1,Twitter
Twitter::@Reporteroszona,llamado,1,0,1,Twitter
Twitter::@Reporteroszona,seguir,1,2,0,Twitter
Twitter::@Reporteroszona,fortalecer,1,14,0,Twitter
Twitter::@Reporteroszona,partido,1,4,0,Twitter
Twitter::@Reporteroszona,estructura,1,11,5,Twitter
Twitter::@Reporteroszona,secretaria,1,14,2,Twitter
Twitter::@Reporteroszona,seguridad,1,0,3,Twitter
Twitter::@Reporteroszona,reportar,1,7,2,Twitter
Twitter::@Reporteroszona,detencion,1,7,2,Twitter
Twitter::@Reporteroszona,sinaloa,1,5,2,Twitter
Twitter::@Reporteroszona,omar,1,11,1,Twitter
Twitter::@Reporteroszona,hijo,1,12,4,Twitter
Twitter::@Reporteroszona,historico,1,6,1,Twitter
Twitter::@Reporteroszona,mexicano,1,4,1,Twitter
Twitter::@Reporteroszona,julio,1,4,2,Twitter
Twitter::@Reporteroszona,mejorar,1,2,2,Twitter
Twitter::@Reporteroszona,infraestructura,1,14,3,Twitter
Twitter::@Reporteroszona,urbano,1,14,2,Twitter
Twitter::@Reporteroszona,conurbado,1,14,2,Twitter
Twitter::@Reporteroszona,continuar,1,14,0,Twitter
Twitter::@Reporteroszona,pavimento,1,14,2,Twitter
Twitter::@Reporteroszona,diverso,1,14,3,Twitter
Twitter::@Reporteroszona,concluir,1,14,2,Twitter
Twitter::@Reporteroszona,labor,1,3,3,Twitter
Twitter::@Reporteroszona,mantenimiento,1,3,3,Twitter
Twitter::@Reporteroszona,rehabilitacion,1,14,4,Twitter
Twitter::@Reporteroszona,diputado,1,13,-1,Twitter
Twitter::@Reporteroszona,propuesta,1,6,1,Twitter
Twitter::@Reporteroszona,sumar,1,6,1,Twitter
Twitter::@Reporteroszona,preservacion,1,6,3,Twitter
Twitter::@Reporteroszona,entorno,1,3,2,Twitter
Twitter::@Reporteroszona,ambiental,1,1,4,Twitter
Twitter::@Reporteroszona,cultura,1,1,1,Twitter
Twitter::@Reporteroszona,ciudadano,1,1,0,Twitter
Twitter::@Reporteroszona,municipio,1,14,2,Twitter
Twitter::@Reporteroszona,corte,1,11,2,Twitter
Twitter::@Reporteroszona,agua,1,3,1,Twitter
Twitter::@Reporteroszona,reparacion,1,2,2,Twitter
Twitter::@Reporteroszona,linea,1,4,2,Twitter
Twitter::@Reporteroszona,general,1,10,0,Twitter
Twitter::@Reporteroszona,martes,1,1,3,Twitter
Twitter::@Reporteroszona,junio,1,1,0,Twitter
Twitter::@Reporteroszona,afectado,1,4,4,Twitter
Twitter::@Reporteroszona,echeverria,1,2,3,Twitter
Twitter::@Reporteroszona,bonito,1,8,1,Twitter
Twitter::@RevistaDebateMX,revistadebate,22,6,1,Twitter
Twitter::@RevistaDebateMX,nota,22,5,1,Twitter
Twitter::@RevistaDebateMX,fortalecer,10,14,0,Twitter
Twitter::@RevistaDebateMX,deportivo,3,1,4,Twitter
Twitter::@RevistaDebateMX,monica,3,3,0,Twitter
Twitter::@RevistaDebateMX,villarreal,3,3,0,Twitter
Twitter::@RevistaDebateMX,seguridad,2,0,3,Twitter
Twitter::@RevistaDebateMX,calle,2,9,1,Twitter
Twitter::@RevistaDebateMX,espacio,2,1,0,Twitter
Twitter::@RevistaDebateMX,publico,2,14,3,Twitter
Twitter::@RevistaDebateMX,atencion,2,7,3,Twitter
Twitter::@RevistaDebateMX,deporte,2,2,1,Twitter
Twitter::@RevistaDebateMX,proteger,2,9,2,Twitter
Twitter::@RevistaDebateMX,superar,2,7,3,Twitter
Twitter::@RevistaDebateMX,destacar,2,14,4,Twitter
Twitter::@RevistaDebateMX,avance,2,14,1,Twitter
Twitter::@RevistaDebateMX,familia,2,1,0,Twitter
Twitter::@RevistaDebateMX,comapa,2,2,2,Twitter
Twitter::@RevistaDebateMX,bienestar,2,2,3,Twitter
Twitter::@RevistaDebateMX,internacional,2,13,1,Twitter
Twitter::@RevistaDebateMX,cultura,2,1,1,Twitter
Twitter::@RevistaDebateMX,accion,2,2,0,Twitter
Twitter::@RevistaDebateMX,instalar,1,10,1,Twitter
Twitter::@RevistaDebateMX,luminaria,1,0,3,Twitter
Twitter::@RevistaDebateMX,juridico,1,1,0,Twitter
Twitter::@RevistaDebateMX,gratuito,1,2,2,Twitter
Twitter::@RevistaDebateMX,mujer,1,10,3,Twitter
Twitter::@RevistaDebateMX,convenio,1,1,2,Twitter
Twitter::@RevistaDebateMX,juvenil,1,6,1,Twitter
Twitter::@RevistaDebateMX,torneo,1,1,4,Twitter
Twitter::@RevistaDebateMX,rehabilitacion,1,14,4,Twitter
Twitter::@RevistaDebateMX,alevin,1,3,2,Twitter
Twitter::@RevistaDebateMX,laguna,1,3,2,Twitter
Twitter::@RevistaDebateMX,ecosistema,1,3,2,Twitter
Twitter::@RevistaDebateMX,pesca,1,1,4,Twitter
Twitter::@RevistaDebateMX,bache,1,2,2,Twitter
Twitter::@RevistaDebateMX,colonia,1,2,4,Twitter
Twitter::@RevistaDebateMX,respaldar,1,14,1,Twitter
Twitter::@RevistaDebateMX,transformacion,1,14,1,Twitter
Twitter::@RevistaDebateMX,nacional,1,4,2,Twitter
Twitter::@RevistaDebateMX,servicio,1,2,2,Twitter
Twitter::@RevistaDebateMX,apoyo,1,2,2,Twitter
Twitter::@RevistaDebateMX,tampiquena,1,2,3,Twitter
Twitter::@RevistaDebateMX,sur,1,14,2,Twitter
Twitter::@RevistaDebateMX,avanzar,1,14,1,Twitter
Twitter::@RevistaDebateMX,pavimento,1,14,2,Twitter
Twitter::@RevistaDebateMX,mejorar,1,2,2,Twitter
Twitter::@RevistaDebateMX,vialidad,1,2,2,Twitter
Twitter::@RevistaDebateMX,madero,1,5,0,Twitter
Twitter::@RevistaDebateMX,ciudadmadero,1,5,0,Twitter
Twitter::@RevistaDebateMX,reducir,1,14,3,Twitter
Twitter::@RevistaDebateMX,deuda,1,14,3,Twitter
Twitter::@RevistaDebateMX,salud,1,2,3,Twitter
Twitter::@RevistaDebateMX,comunidad,1,3,0,Twitter
Twitter::@RevistaDebateMX,medico,1,7,3,Twitter
Twitter::@RevistaDebateMX,reconocer,1,6,0,Twitter
Twitter::@RevistaDebateMX,labor,1,3,3,Twitter
Twitter::@RevistaDebateMX,periodista,1,6,-1,Twitter
Twitter::@RevistaDebateMX,dia,1,6,0,Twitter
Twitter::@RevistaDebateMX,libertad,1,6,3,Twitter
Twitter::@RevistaDebateMX,expresion,1,6,-1,Twitter
Twitter::@RevistaDebateMX,sumar,1,6,1,Twitter
Twitter::@RevistaDebateMX,unidad,1,6,1,Twitter
Twitter::@RevistaDebateMX,ciudadania,1,2,3,Twitter
Twitter::@RevistaDebateMX,recibir,1,9,2,Twitter
Twitter::@RevistaDebateMX,reconocimiento,1,13,1,Twitter
Twitter::@RevistaDebateMX,area,1,10,0,Twitter
Twitter::@RevistaDebateMX,verde,1,7,4,Twitter
Twitter::@RevistaDebateMX,cuidar,1,2,1,Twitter
Twitter::@RevistaDebateMX,medio,1,8,2,Twitter
Twitter::@RevistaDebateMX,ambiente,1,8,2,Twitter
Twitter::@RevistaDebateMX,paz,1,1,0,Twitter
Twitter::@RevistaDebateMX,conservar,1,14,0,Twitter
Twitter::@RevistaDebateMX,escoba,1,9,3,Twitter
Twitter::@RevistaDebateMX,platino,1,9,3,Twitter
Twitter::@RevistaDebateMX,liderazgo,1,13,5,Twitter
Twitter::@RevistaDebateMX,ambiental,1,1,4,Twitter
Twitter::@RevistaDebateMX,vivir,1,8,2,Twitter
Twitter::@RevistaDebateMX,pasion,1,1,3,Twitter
Twitter::@RevistaDebateMX,mundial,1,4,0,Twitter
Twitter::@RevistaDebateMX,convivencia,1,1,0,Twitter
Twitter::@RevistaDebateMX,familiar,1,4,0,Twitter
Twitter::@RevistaDebateMX,policia,1,13,4,Twitter
Twitter::@RevistaDebateMX,fraude,1,4,4,Twitter
Twitter::@RevistaDebateMX,mensaje,1,5,3,Twitter
Twitter::@RevistaDebateMX,falso,1,9,0,Twitter
Twitter::@RevistaDebateMX,activo,1,13,4,Twitter
Twitter::@RevistaDebateMX,fondo,1,11,6,Twitter
Twitter::@RevistaDebateMX,mdp,1,7,3,Twitter
Twitter::@RevistaDebateMX,lluvia,1,0,1,Twitter
Twitter::@RevistaDebateMX,reforzar,1,7,3,Twitter
Twitter::@RevistaDebateMX,prevencion,1,0,3,Twitter
Twitter::@RevistaDebateMX,participacion,1,1,0,Twitter
Twitter::@RevistaDebateMX,ciudadano,1,1,0,Twitter
Twitter::@RevistaDebateMX,medalla,1,12,3,Twitter
Twitter::@RevistaDebateMX,exito,1,8,0,Twitter
Twitter::@RevistaDebateMX,tamaulipas,1,5,1,Twitter
Twitter::@RevistaDebateMX,conade,1,13,0,Twitter
Twitter::@RevistaDebateMX,victoria,1,11,0,Twitter
Twitter::@RevistaDebateMX,ciudadvictoria,1,5,0,Twitter
Twitter::@RevistaDebateMX,estrategia,1,14,0,Twitter
Twitter::@RevistaDebateMX,regional,1,14,4,Twitter
Twitter::@RevistaDebateMX,mantener,1,7,0,Twitter
Twitter::@RevistaDebateMX,control,1,14,0,Twitter
Twitter::@RevistaDebateMX,caso,1,10,4,Twitter
Twitter::@RevistaDebateMX,dengue,1,14,0,Twitter
Twitter::@RevistaDebateMX,aficionado,1,4,0,Twitter
Twitter::@RevistaDebateMX,celebrar,1,1,3,Twitter
Twitter::@RevistaDebateMX,triunfo,1,11,2,Twitter
Twitter::@RevistaDebateMX,mexico,1,12,0,Twitter
Twitter::@RodrigoTweets_,agua,2,3,1,Twitter
Twitter::@RodrigoTweets_,entender,1,11,4,Twitter
Twitter::@RodrigoTweets_,seguir,1,2,0,Twitter
Twitter::@RodrigoTweets_,creer,1,12,3,Twitter
Twitter::@SDFBeisbolMx,serie,3,4,5,Twitter
Twitter::@SDFBeisbolMx,historico,2,6,1,Twitter
Twitter::@SDFBeisbolMx,semana,2,4,5,Twitter
Twitter::@SDFBeisbolMx,cartel,2,4,5,Twitter
Twitter::@SDFBeisbolMx,historia,2,1,3,Twitter
Twitter::@SDFBeisbolMx,anunciar,1,10,2,Twitter
Twitter::@SDFBeisbolMx,juego,1,9,2,Twitter
Twitter::@SDFBeisbolMx,cabo,1,0,2,Twitter
Twitter::@SDFBeisbolMx,jueves,1,11,0,Twitter
Twitter::@SDFBeisbolMx,sabado,1,4,5,Twitter
Twitter::@SDFBeisbolMx,domingo,1,4,5,Twitter
Twitter::@SDFBeisbolMx,julio,1,4,2,Twitter
Twitter::@SDFBeisbolMx,parque,1,14,4,Twitter
Twitter::@SDFBeisbolMx,calzada,1,10,1,Twitter
Twitter::@SDFBeisbolMx,seguir,1,2,0,Twitter
Twitter::@SDFBeisbolMx,descubrir,1,4,5,Twitter
Twitter::@SDFBeisbolMx,rey,1,12,-1,Twitter
Twitter::@SDFBeisbolMx,deporte,1,2,1,Twitter
Twitter::@SDFBeisbolMx,casa,1,3,1,Twitter
Twitter::@SDFBeisbolMx,digital,1,7,3,Twitter
Twitter::@SDFBeisbolMx,pierdar,1,8,3,Twitter
Twitter::@SDFBeisbolMx,detalle,1,10,0,Twitter
Twitter::@SDFBeisbolMx,presente,1,4,5,Twitter
Twitter::@SDFBeisbolMx,mexicano,1,4,1,Twitter
Twitter::@SDFBeisbolMx,promocion,1,8,0,Twitter
Twitter::@SDFBeisbolMx,dinamica,1,4,0,Twitter
Twitter::@SDFBeisbolMx,video,1,11,2,Twitter
Twitter::@SPAT_AC,necesitar,2,2,0,Twitter
Twitter::@SPAT_AC,camino,1,6,1,Twitter
Twitter::@SPAT_AC,ingresar,1,11,0,Twitter
Twitter::@SPAT_AC,lograr,1,13,2,Twitter
Twitter::@SPAT_AC,apoyo,1,2,2,Twitter
Twitter::@SPAT_AC,pendiente,1,10,1,Twitter
Twitter::@SPAT_AC,meta,1,13,2,Twitter
Twitter::@SPAT_AC,cualquiera,1,6,2,Twitter
Twitter::@SPAT_AC,cantidad,1,6,-1,Twitter
Twitter::@SPAT_AC,sumar,1,6,1,Twitter
Twitter::@SPAT_AC,apoyar,1,1,2,Twitter
Twitter::@SPAT_AC,gracias,1,8,0,Twitter
Twitter::@SPAT_AC,calle,1,9,1,Twitter
Twitter::@SPAT_AC,sufrir,1,6,2,Twitter
Twitter::@SPAT_AC,ayuda,1,12,4,Twitter
Twitter::@SPAT_AC,sano,1,1,0,Twitter
Twitter::@SPAT_AC,faltar,1,12,1,Twitter
Twitter::@SPAT_AC,familia,1,1,0,Twitter
Twitter::@SPAT_AC,sabado,1,4,5,Twitter
Twitter::@SPAT_AC,esperar,1,4,0,Twitter
Twitter::@SPAT_AC,hogar,1,0,2,Twitter
Twitter::@SPAT_AC,llegar,1,10,1,Twitter
Twitter::@SPAT_AC,condicion,1,14,2,Twitter
Twitter::@SPAT_AC,comenzar,1,7,0,Twitter
Twitter::@SPAT_AC,vida,1,7,4,Twitter
Twitter::@SPAT_AC,lleno,1,8,1,Twitter
Twitter::@SPAT_AC,amor,1,3,2,Twitter
Twitter::@SPAT_AC,agradecimiento,1,6,3,Twitter
Twitter::@SPAT_AC,hospital,1,7,3,Twitter
Twitter::@SPAT_AC,san,1,10,1,Twitter
Twitter::@SPAT_AC,luis,1,6,1,Twitter
Twitter::@SPAT_AC,final,1,10,2,Twitter
Twitter::@SPAT_AC,feliz,1,8,1,Twitter
Twitter::@SamsClubMexico,comentar,1,11,0,Twitter
Twitter::@SamsClubMexico,area,1,10,0,Twitter
Twitter::@SamsClubMexico,favor,1,11,5,Twitter
Twitter::@SamsClubMexico,mensaje,1,5,3,Twitter
Twitter::@SamsClubMexico,privado,1,4,2,Twitter
Twitter::@SamsClubMexico,detalle,1,10,0,Twitter
Twitter::@SamsClubMexico,nombre,1,12,2,Twitter
Twitter::@SamsClubMexico,correo,1,10,1,Twitter
Twitter::@SamsClubMexico,numero,1,10,0,Twitter
Twitter::@SamsClubMexico,club,1,10,5,Twitter
Twitter::@SamsClubMexico,donde,1,12,2,Twitter
Twitter::@SamsClubMexico,visita,1,0,3,Twitter
Twitter::@SamsClubMexico,pendiente,1,10,1,Twitter
Twitter::@SamsClubMexico,informacion,1,11,0,Twitter
Twitter::@Sekzher,amigo,2,9,2,Twitter
Twitter::@Sekzher,parecer,1,9,0,Twitter
Twitter::@Sekzher,andar,1,9,0,Twitter
Twitter::@Sekzher,pendejo,1,11,5,Twitter
Twitter::@Sekzher,real,1,13,2,Twitter
Twitter::@SosaMrquez,participar,1,10,2,Twitter
Twitter::@SosaMrquez,reunion,1,1,2,Twitter
Twitter::@SosaMrquez,especialmente,1,6,0,Twitter
Twitter::@SosaMrquez,capacidad,1,0,4,Twitter
Twitter::@SosaMrquez,necesario,1,0,3,Twitter
Twitter::@SosaMrquez,incorporar,1,0,4,Twitter
Twitter::@SosaMrquez,cultura,1,1,1,Twitter
Twitter::@SpartanL17,mundial,2,4,0,Twitter
Twitter::@SpartanL17,empezar,1,12,3,Twitter
Twitter::@SpartanL17,fuerte,1,7,2,Twitter
Twitter::@SpartanL17,temporada,1,0,1,Twitter
Twitter::@SpartanL17,nivel,1,4,2,Twitter
Twitter::@SpartanL17,contento,1,8,0,Twitter
Twitter::@SpartanL17,pronto,1,11,3,Twitter
Twitter::@SpartanL17,mandir,1,4,1,Twitter
Twitter::@SpartanL17,mano,1,6,0,Twitter
Twitter::@SpartanL17,see,1,10,5,Twitter
Twitter::@SpartanL17,regional,1,14,4,Twitter
Twitter::@SpartanL17,perder,1,11,5,Twitter
Twitter::@TDNoticiasmx,tamaulipas,3,5,1,Twitter
Twitter::@TDNoticiasmx,afectado,2,4,4,Twitter
Twitter::@TDNoticiasmx,presunto,2,4,4,Twitter
Twitter::@TDNoticiasmx,fraude,2,4,4,Twitter
Twitter::@TDNoticiasmx,relacionado,2,4,4,Twitter
Twitter::@TDNoticiasmx,evento,2,8,1,Twitter
Twitter::@TDNoticiasmx,millonario,2,14,1,Twitter
Twitter::@TDNoticiasmx,proceso,2,3,3,Twitter
Twitter::@TDNoticiasmx,uat,1,5,1,Twitter
Twitter::@TDNoticiasmx,buscar,1,5,1,Twitter
Twitter::@TDNoticiasmx,desarrollo,1,1,2,Twitter
Twitter::@TDNoticiasmx,sanitario,1,7,-1,Twitter
Twitter::@TDNoticiasmx,mujer,1,10,3,Twitter
Twitter::@TDNoticiasmx,social,1,2,3,Twitter
Twitter::@TDNoticiasmx,esperar,1,4,0,Twitter
Twitter::@TDNoticiasmx,llegada,1,13,4,Twitter
Twitter::@TDNoticiasmx,autoridad,1,0,3,Twitter
Twitter::@TDNoticiasmx,mantener,1,7,0,Twitter
Twitter::@TDNoticiasmx,vigilancia,1,7,2,Twitter
Twitter::@TDNoticiasmx,afuera,1,4,4,Twitter
Twitter::@TDNoticiasmx,barandilla,1,4,4,Twitter
Twitter::@TDNoticiasmx,municipal,1,14,0,Twitter
Twitter::@TDNoticiasmx,evitar,1,7,2,Twitter
Twitter::@TDNoticiasmx,quedar,1,11,0,Twitter
Twitter::@TDNoticiasmx,libertad,1,6,3,Twitter
Twitter::@TDNoticiasmx,senalar,1,4,4,Twitter
Twitter::@TDNoticiasmx,perdida,1,7,1,Twitter
Twitter::@TDNoticiasmx,juan,1,10,0,Twitter
Twitter::@TDNoticiasmx,accidente,1,7,2,Twitter
Twitter::@TDNoticiasmx,perder,1,11,5,Twitter
Twitter::@TDNoticiasmx,vida,1,7,4,Twitter
Twitter::@TDNoticiasmx,juez,1,10,3,Twitter
Twitter::@TDNoticiasmx,existir,1,10,1,Twitter
Twitter::@TDNoticiasmx,suficiente,1,11,5,Twitter
Twitter::@TDNoticiasmx,caso,1,10,4,Twitter
Twitter::@TDNoticiasmx,avanzar,1,14,1,Twitter
Twitter::@TDNoticiasmx,etapa,1,3,1,Twitter
Twitter::@TDNoticiasmx,penal,1,10,4,Twitter
Twitter::@TDNoticiasmx,vehiculo,1,7,2,Twitter
Twitter::@TDNoticiasmx,colonia,1,2,4,Twitter
Twitter::@TDNoticiasmx,infonavit,1,11,5,Twitter
Twitter::@TDNoticiasmx,bomberos,1,0,0,Twitter
Twitter::@TDNoticiasmx,registrar,1,5,1,Twitter
Twitter::@TDNoticiasmx,autoridades,1,7,2,Twitter
Twitter::@TDNoticiasmx,falla,1,12,-1,Twitter
Twitter::@TDNoticiasmx,electrico,1,0,1,Twitter
Twitter::@TELMEXSoluciona,mes,6,4,3,Twitter
Twitter::@TELMEXSoluciona,netflix,4,4,3,Twitter
Twitter::@TELMEXSoluciona,disfrutar,3,1,0,Twitter
Twitter::@TELMEXSoluciona,beneficio,3,2,3,Twitter
Twitter::@TELMEXSoluciona,telmex,3,10,1,Twitter
Twitter::@TELMEXSoluciona,instalacion,3,4,3,Twitter
Twitter::@TELMEXSoluciona,servicio,3,2,2,Twitter
Twitter::@TELMEXSoluciona,costo,3,4,3,Twitter
Twitter::@TELMEXSoluciona,hola,2,10,1,Twitter
Twitter::@TELMEXSoluciona,contar,1,6,0,Twitter
Twitter::@TELMEXSoluciona,velocidad,1,0,1,Twitter
Twitter::@TELMEXSoluciona,pierdar,1,8,3,Twitter
Twitter::@TELMEXSoluciona,aprovechar,1,14,3,Twitter
Twitter::@TELMEXSoluciona,enviar,1,0,4,Twitter
Twitter::@TELMEXSoluciona,numero,1,10,0,Twitter
Twitter::@TELMEXSoluciona,nombre,1,12,2,Twitter
Twitter::@TELMEXSoluciona,informacion,1,11,0,Twitter
Twitter::@TELMEXSoluciona,falla,1,12,-1,Twitter
Twitter::@TELMEXSoluciona,pagar,1,11,4,Twitter
Twitter::@TELMEXSoluciona,precio,1,11,4,Twitter
Twitter::@TELMEXSoluciona,cambio,1,11,3,Twitter
Twitter::@TELMEXSoluciona,gratis,1,4,3,Twitter
Twitter::@TELMEXSoluciona,pasar,1,11,3,Twitter
Twitter::@TELMEXSoluciona,ahorro,1,4,3,Twitter
Twitter::@TELMEXSoluciona,asegurar,1,4,3,Twitter
Twitter::@TVAztecaSLP,fraude,2,4,4,Twitter
Twitter::@TVAztecaSLP,terminar,1,11,3,Twitter
Twitter::@TVAztecaSLP,carretera,1,6,2,Twitter
Twitter::@TVAztecaSLP,muerto,1,10,3,Twitter
Twitter::@TVAztecaSLP,encontrar,1,7,4,Twitter
Twitter::@TVAztecaSLP,sitio,1,10,1,Twitter
Twitter::@TVAztecaSLP,web,1,14,3,Twitter
Twitter::@TVAztecaSLP,pagina,1,10,1,Twitter
Twitter::@TVAztecaSLP,falso,1,9,0,Twitter
Twitter::@TVAztecaSLP,san,1,10,1,Twitter
Twitter::@TVAztecaSLP,luis,1,6,1,Twitter
Twitter::@TVAztecaSLP,autoridad,1,0,3,Twitter
Twitter::@TVAztecaSLP,solicitar,1,7,3,Twitter
Twitter::@TVAztecaSLP,pago,1,10,1,Twitter
Twitter::@TVAztecaSLP,confirmar,1,10,3,Twitter
Twitter::@TVAztecaSLP,noticias,1,5,2,Twitter
Twitter::@TamaulipasDirec,turismo,2,14,4,Twitter
Twitter::@TamaulipasDirec,sur,2,14,2,Twitter
Twitter::@TamaulipasDirec,tamaulipas,2,5,1,Twitter
Twitter::@TamaulipasDirec,monica,1,3,0,Twitter
Twitter::@TamaulipasDirec,villarreal,1,3,0,Twitter
Twitter::@TamaulipasDirec,anaya,1,3,0,Twitter
Twitter::@TamaulipasDirec,inaugurar,1,9,2,Twitter
Twitter::@TamaulipasDirec,fiestas,1,0,3,Twitter
Twitter::@TamaulipasDirec,abril,1,0,3,Twitter
Twitter::@TamaulipasDirec,objetivo,1,0,1,Twitter
Twitter::@TamaulipasDirec,fortalecer,1,14,0,Twitter
Twitter::@TamaulipasDirec,seguro,1,2,1,Twitter
Twitter::@TamaulipasDirec,zona,1,0,1,Twitter
Twitter::@TamaulipasDirec,autoridad,1,0,3,Twitter
Twitter::@TamaulipasDirec,altamira,1,5,0,Twitter
Twitter::@TamaulipasDirec,ciudad,1,13,1,Twitter
Twitter::@TamaulipasDirec,madero,1,5,0,Twitter
Twitter::@TamaulipasDirec,prever,1,4,5,Twitter
Twitter::@TamaulipasDirec,recibir,1,9,2,Twitter
Twitter::@TamaulipasDirec,visitante,1,3,2,Twitter
Twitter::@TamaulipasHabla,cdvictoria,9,5,1,Twitter
Twitter::@TamaulipasHabla,info,9,5,0,Twitter
Twitter::@TamaulipasHabla,matamoros,9,5,0,Twitter
Twitter::@TamaulipasHabla,reynosa,9,5,0,Twitter
Twitter::@TamaulipasHabla,tamaulipas,9,5,1,Twitter
Twitter::@TamaulipasHabla,cdmadero,8,5,0,Twitter
Twitter::@TamaulipasHabla,altamira,8,5,0,Twitter
Twitter::@TamaulipasHabla,nuevolaredo,7,5,0,Twitter
Twitter::@TamaulipasHabla,riobravo,6,5,0,Twitter
Twitter::@TamaulipasHabla,vallehermoso,4,5,0,Twitter
Twitter::@TamaulipasHabla,ano,2,11,2,Twitter
Twitter::@TamaulipasHabla,recibir,2,9,2,Twitter
Twitter::@TamaulipasHabla,reconocer,2,6,0,Twitter
Twitter::@TamaulipasHabla,presunto,2,4,4,Twitter
Twitter::@TamaulipasHabla,reportar,1,7,2,Twitter
Twitter::@TamaulipasHabla,iniciativa,1,13,2,Twitter
Twitter::@TamaulipasHabla,castigar,1,11,1,Twitter
Twitter::@TamaulipasHabla,funcionario,1,6,2,Twitter
Twitter::@TamaulipasHabla,arrancar,1,5,1,Twitter
Twitter::@TamaulipasHabla,dinero,1,12,5,Twitter
Twitter::@TamaulipasHabla,mdp,1,7,3,Twitter
Twitter::@TamaulipasHabla,rector,1,5,1,Twitter
Twitter::@TamaulipasHabla,mama,1,10,3,Twitter
Twitter::@TamaulipasHabla,tamaulipeca,1,5,1,Twitter
Twitter::@TamaulipasHabla,universitario,1,5,1,Twitter
Twitter::@TamaulipasHabla,evitar,1,7,2,Twitter
Twitter::@TamaulipasHabla,responder,1,13,4,Twitter
Twitter::@TamaulipasHabla,directamente,1,13,3,Twitter
Twitter::@TamaulipasHabla,huachicol,1,12,2,Twitter
Twitter::@TamaulipasHabla,fiscal,1,12,2,Twitter
Twitter::@TamaulipasHabla,alianza,1,6,1,Twitter
Twitter::@TamaulipasHabla,deportivo,1,1,4,Twitter
Twitter::@TamaulipasHabla,abrir,1,6,1,Twitter
Twitter::@TamaulipasHabla,oportunidad,1,13,2,Twitter
Twitter::@TamaulipasHabla,joven,1,13,0,Twitter
Twitter::@TamaulipasHabla,tamaulipeco,1,6,1,Twitter
Twitter::@TamaulipasHabla,buscar,1,5,1,Twitter
Twitter::@TamaulipasHabla,llegar,1,10,1,Twitter
Twitter::@TamaulipasHabla,maximo,1,10,0,Twitter
Twitter::@TamaulipasHabla,nivel,1,4,2,Twitter
Twitter::@TamaulipasHabla,gobernador,1,14,1,Twitter
Twitter::@TamaulipasHabla,investigacion,1,5,3,Twitter
Twitter::@TamaulipasHabla,eeuu,1,12,0,Twitter
Twitter::@TamaulipasHabla,salir,1,11,0,Twitter
Twitter::@TamaulipasHabla,fortalecer,1,14,0,Twitter
Twitter::@TamaulipasHabla,papel,1,5,3,Twitter
Twitter::@TamaulipasHabla,persona,1,4,3,Twitter
Twitter::@TamaulipasHabla,estudiante,1,5,3,Twitter
Twitter::@TamaulipasHabla,beca,1,13,3,Twitter
Twitter::@TamaulipasHabla,apoyo,1,2,2,Twitter
Twitter::@TamaulipasHabla,economico,1,13,2,Twitter
Twitter::@TamaulipasHabla,reconocimiento,1,13,1,Twitter
Twitter::@TamaulipasHabla,dedicacion,1,13,0,Twitter
Twitter::@TamaulipasHabla,esfuerzo,1,13,2,Twitter
Twitter::@TamaulipasHabla,alto,1,13,0,Twitter
Twitter::@TamaulipasHabla,desempeno,1,13,5,Twitter
Twitter::@TamaulipasHabla,academico,1,1,2,Twitter
Twitter::@TampicoGob,familia,7,1,0,Twitter
Twitter::@TampicoGob,seguridad,6,0,3,Twitter
Twitter::@TampicoGob,ciudad,5,13,1,Twitter
Twitter::@TampicoGob,seguir,5,2,0,Twitter
Twitter::@TampicoGob,limpieza,5,3,3,Twitter
Twitter::@TampicoGob,disfrutar,4,1,0,Twitter
Twitter::@TampicoGob,vial,4,5,1,Twitter
Twitter::@TampicoGob,mejorar,4,2,2,Twitter
Twitter::@TampicoGob,salud,4,2,3,Twitter
Twitter::@TampicoGob,bienestar,4,2,3,Twitter
Twitter::@TampicoGob,colonia,4,2,4,Twitter
Twitter::@TampicoGob,persona,3,4,3,Twitter
Twitter::@TampicoGob,tampiquena,3,2,3,Twitter
Twitter::@TampicoGob,accion,3,2,0,Twitter
Twitter::@TampicoGob,mantenimiento,3,3,3,Twitter
Twitter::@TampicoGob,movilidad,3,2,2,Twitter
Twitter::@TampicoGob,reconocer,3,6,0,Twitter
Twitter::@TampicoGob,laguna,3,3,2,Twitter
Twitter::@TampicoGob,residuo,3,9,3,Twitter
Twitter::@TampicoGob,limpio,3,7,0,Twitter
Twitter::@TampicoGob,impulsar,2,1,2,Twitter
Twitter::@TampicoGob,mundial,2,4,0,Twitter
Twitter::@TampicoGob,esperar,2,4,0,Twitter
Twitter::@TampicoGob,mayo,2,10,0,Twitter
Twitter::@TampicoGob,participacion,2,1,0,Twitter
Twitter::@TampicoGob,sano,2,1,0,Twitter
Twitter::@TampicoGob,equipo,2,13,3,Twitter
Twitter::@TampicoGob,labor,2,3,3,Twitter
Twitter::@TampicoGob,bacheo,2,5,1,Twitter
Twitter::@TampicoGob,carpeta,2,5,1,Twitter
Twitter::@TampicoGob,asfaltico,2,0,2,Twitter
Twitter::@TampicoGob,calle,2,9,1,Twitter
Twitter::@TampicoGob,jaiba,2,10,5,Twitter
Twitter::@TampicoGob,brava,2,10,5,Twitter
Twitter::@TampicoGob,invitar,2,1,3,Twitter
Twitter::@TampicoGob,apoyar,2,1,2,Twitter
Twitter::@TampicoGob,nina,2,8,1,Twitter
Twitter::@TampicoGob,nino,2,8,1,Twitter
Twitter::@TampicoGob,vivir,2,8,2,Twitter
Twitter::@TampicoGob,prevencion,2,0,3,Twitter
Twitter::@TampicoGob,convivencia,2,1,0,Twitter
Twitter::@TampicoGob,personal,2,0,2,Twitter
Twitter::@TampicoGob,secretaria,2,14,2,Twitter
Twitter::@TampicoGob,obras,2,0,2,Twitter
Twitter::@TampicoGob,publicas,2,0,2,Twitter
Twitter::@TampicoGob,importante,2,13,0,Twitter
Twitter::@TampicoGob,compartir,2,1,0,Twitter
Twitter::@TampicoGob,numero,2,10,0,Twitter
Twitter::@TampicoGob,emergencia,2,0,0,Twitter
Twitter::@TampicoGob,bomberos,2,0,0,Twitter
Twitter::@TampicoGob,transito,2,0,2,Twitter
Twitter::@TampicoGob,roma,2,7,3,Twitter
Twitter::@TampicoGob,unidad,2,6,1,Twitter
Twitter::@TampicoGob,zona,2,0,1,Twitter
Twitter::@TampicoGob,norte,2,10,1,Twitter
Twitter::@TampicoGob,escoba,2,9,3,Twitter
Twitter::@TampicoGob,platino,2,9,3,Twitter
Twitter::@TampicoGob,maximo,2,10,0,Twitter
Twitter::@TampicoGob,otorgado,2,9,3,Twitter
Twitter::@TampicoGob,ategrus,2,9,3,Twitter
Twitter::@TampicoGob,espana,2,9,3,Twitter
Twitter::@TampicoGob,reconocimiento,2,13,1,Twitter
Twitter::@TampicoGob,distinguir,2,9,3,Twitter
Twitter::@TampicoGob,excelencia,2,9,3,Twitter
Twitter::@TampicoGob,urbano,2,14,2,Twitter
Twitter::@TampicoGob,gestion,2,9,3,Twitter
Twitter::@TampicoGob,reflejo,2,9,3,Twitter
Twitter::@TampicoGob,conjunto,2,14,0,Twitter
Twitter::@TampicoGob,ordenado,2,7,0,Twitter
Twitter::@TampicoGob,espacio,2,1,0,Twitter
Twitter::@TampicoGob,sonrisas,2,2,3,Twitter
Twitter::@TampicoGob,programa,2,2,3,Twitter
Twitter::@TampicoGob,servicio,2,2,2,Twitter
Twitter::@TampicoGob,bucal,2,2,3,Twitter
Twitter::@TampicoGob,dental,2,2,2,Twitter
Twitter::@TampicoGob,atencion,2,7,3,Twitter
Twitter::@TampicoGob,carpintero,2,3,2,Twitter
Twitter::@TampicoGob,ofrecer,2,3,2,Twitter
Twitter::@TampicoGob,concierto,1,4,6,Twitter
Twitter::@TampicoGob,consolidar,1,1,2,Twitter
Twitter::@TampicoGob,destino,1,4,5,Twitter
Twitter::@TampicoGob,turistico,1,14,4,Twitter
Twitter::@TampicoGob,liderazgo,1,13,5,Twitter
Twitter::@TampicoGob,evento,1,8,1,Twitter
Twitter::@TampicoGob,beneficiar,1,14,1,Twitter
Twitter::@TampicoGob,emocion,1,4,0,Twitter
Twitter::@TampicoGob,intercolonias,1,5,3,Twitter
Twitter::@TampicoGob,comenzar,1,7,0,Twitter
Twitter::@TampicoGob,vivo,1,5,1,Twitter
Twitter::@TampicoGob,especial,1,4,0,Twitter
Twitter::@TampicoGob,mexicano,1,4,1,Twitter
Twitter::@TampicoGob,presidenta,1,8,0,Twitter
Twitter::@TampicoGob,dengue,1,14,0,Twitter
Twitter::@TampicoGob,descacharrizacion,1,3,1,Twitter
Twitter::@TampicoGob,fumigacion,1,3,1,Twitter
Twitter::@TampicoGob,recordar,1,4,2,Twitter
Twitter::@TampicoGob,abrir,1,6,1,Twitter
Twitter::@TampicoGob,puerta,1,10,0,Twitter
Twitter::@TampicoGob,ventana,1,3,1,Twitter
Twitter::@TampicoGob,pasar,1,11,3,Twitter
Twitter::@TampicoGob,camioneta,1,6,1,Twitter
Twitter::@TampicoGob,continuar,1,14,0,Twitter
Twitter::@TampicoGob,real,1,13,2,Twitter
Twitter::@TampicoGob,jugar,1,3,4,Twitter
Twitter::@TampicoGob,representar,1,14,1,Twitter
Twitter::@TampicoGob,orgullo,1,1,2,Twitter
Twitter::@TampicoGob,encuentro,1,1,4,Twitter
Twitter::@TampicoGob,frente,1,9,1,Twitter
Twitter::@TampicoGob,partido,1,4,0,Twitter
Twitter::@TampicoGob,ambiente,1,8,2,Twitter
Twitter::@TampicoGob,totalmente,1,3,4,Twitter
Twitter::@TampicoGob,familiar,1,4,0,Twitter
Twitter::@TampicoGob,celebrar,1,1,3,Twitter
Twitter::@TampicoGob,dia,1,6,0,Twitter
Twitter::@TampicoGob,maestro,1,6,0,Twitter
Twitter::@TampicoGob,vocacion,1,5,3,Twitter
Twitter::@TampicoGob,compromiso,1,2,0,Twitter
Twitter::@TampicoGob,entrega,1,13,3,Twitter
Twitter::@TampicoGob,formacion,1,7,3,Twitter
Twitter::@TampicoGob,joven,1,13,0,Twitter
Twitter::@TampicoGob,gracias,1,8,0,Twitter
Twitter::@TampicoGob,inspirar,1,8,2,Twitter
Twitter::@TampicoGob,construir,1,13,1,Twitter
Twitter::@TampicoGob,futuro,1,13,1,Twitter
Twitter::@TampicoGob,unir,1,1,3,Twitter
Twitter::@TampicoGob,derecho,1,10,3,Twitter
Twitter::@TampicoGob,semana,1,4,5,Twitter
Twitter::@TampicoGob,nacional,1,4,2,Twitter
Twitter::@TampicoGob,publica,1,4,2,Twitter
Twitter::@TampicoGob,actividad,1,1,0,Twitter
Twitter::@TampicoGob,deportivo,1,1,4,Twitter
Twitter::@TampicoGob,recreativa,1,1,4,Twitter
Twitter::@TampicoGob,cultural,1,1,1,Twitter
Twitter::@TampicoGob,promover,1,1,0,Twitter
Twitter::@TampicoGob,vialidad,1,2,2,Twitter
Twitter::@TampicoGob,abril,1,0,3,Twitter
Twitter::@TampicoGob,champayan,1,9,1,Twitter
Twitter::@TampicoGob,rio,1,0,4,Twitter
Twitter::@TampicoGob,tancol,1,2,4,Twitter
Twitter::@TampicoGob,instalacion,1,4,3,Twitter
Twitter::@TampicoGob,velocidad,1,0,1,Twitter
Twitter::@TampicoGob,torres,1,9,1,Twitter
Twitter::@TampicoGob,fortalecer,1,14,0,Twitter
Twitter::@TampicoGob,pasion,1,1,3,Twitter
Twitter::@TampicoGob,participar,1,10,2,Twitter
Twitter::@TampicoGob,intercambio,1,1,4,Twitter
Twitter::@TampicoGob,completar,1,8,1,Twitter
Twitter::@TampicoGob,album,1,4,0,Twitter
Twitter::@TampicoGob,instituto,1,8,2,Twitter
Twitter::@TampicoGob,juventud,1,13,0,Twitter
Twitter::@TampicoGob,cuadrilla,1,3,3,Twitter
Twitter::@TampicoGob,desazolve,1,9,1,Twitter
Twitter::@TampicoGob,rejilla,1,9,1,Twitter
Twitter::@TampicoGob,pluvial,1,3,3,Twitter
Twitter::@TampicoGob,prevenir,1,7,3,Twitter
Twitter::@TampicoGob,encharcamiento,1,9,1,Twitter
Twitter::@TampicoGob,mantener,1,7,0,Twitter
Twitter::@TampicoGob,adecuado,1,3,3,Twitter
Twitter::@TampicoGob,flujo,1,9,1,Twitter
Twitter::@TampicoGob,agua,1,3,1,Twitter
Twitter::@TampicoGob,temporada,1,0,1,Twitter
Twitter::@TampicoGob,lluvia,1,0,1,Twitter
Twitter::@TampicoGob,oportuno,1,7,3,Twitter
Twitter::@TampicoGob,ayudar,1,12,1,Twitter
Twitter::@TampicoGob,proteger,1,9,2,Twitter
Twitter::@TampicoGob,atender,1,2,0,Twitter
Twitter::@TampicoGob,movil,1,3,4,Twitter
Twitter::@TampicoGob,calidad,1,2,2,Twitter
Twitter::@TampicoGob,iniciar,1,5,1,Twitter
Twitter::@TampicoGob,jornada,1,3,1,Twitter
Twitter::@TampicoGob,retiro,1,3,3,Twitter
Twitter::@TampicoGob,area,1,10,0,Twitter
Twitter::@TampicoGob,verde,1,7,4,Twitter
Twitter::@TampicoGob,conservar,1,14,0,Twitter
Twitter::@TampicoGob,natural,1,3,2,Twitter
Twitter::@TampicoGob,entorno,1,3,2,Twitter
Twitter::@TampicoGob,seguro,1,2,1,Twitter
Twitter::@TampicoGob,digno,1,14,0,Twitter
Twitter::@TampicoGob,visitante,1,3,2,Twitter
Twitter::@TampicoGob,edicion,1,10,0,Twitter
Twitter::@TampicoGob,futbolero,1,1,1,Twitter
Twitter::@TampicoGob,mercadito,1,1,1,Twitter
Twitter::@TampicoGob,huasteco,1,1,1,Twitter
Twitter::@TampicoGob,emprendedor,1,1,2,Twitter
Twitter::@TampicoGob,local,1,1,2,Twitter
Twitter::@TampicoGob,tarde,1,8,1,Twitter
Twitter::@TampicoGob,gastronomia,1,8,4,Twitter
Twitter::@TampicoGob,sorpresa,1,8,1,Twitter
Twitter::@TampicoGob,junio,1,1,0,Twitter
Twitter::@TampicoGob,actuar,1,9,0,Twitter
Twitter::@TampicoGob,gratuito,1,2,2,Twitter
Twitter::@TampicoGob,directamente,1,13,3,Twitter
Twitter::@TampicoGob,lunes,1,3,1,Twitter
Twitter::@TampicoGob,viernes,1,10,0,Twitter
Twitter::@TampicoGob,col,1,6,1,Twitter
Twitter::@TampicoGob,jesus,1,2,4,Twitter
Twitter::@TampicoGob,elias,1,2,4,Twitter
Twitter::@TampicoGob,pina,1,2,4,Twitter
Twitter::@TampicoViral,cheque,5,4,1,Twitter
Twitter::@TampicoViral,gonzalez,5,5,1,Twitter
Twitter::@TampicoViral,justicia,5,11,1,Twitter
Twitter::@TampicoViral,exigir,4,11,4,Twitter
Twitter::@TampicoViral,caso,3,10,4,Twitter
Twitter::@TampicoViral,monica,3,3,0,Twitter
Twitter::@TampicoViral,villarreal,3,3,0,Twitter
Twitter::@TampicoViral,mensaje,2,5,3,Twitter
Twitter::@TampicoViral,colonia,2,2,4,Twitter
Twitter::@TampicoViral,morelos,2,2,4,Twitter
Twitter::@TampicoViral,ano,2,11,2,Twitter
Twitter::@TampicoViral,apoyo,2,2,2,Twitter
Twitter::@TampicoViral,alcaldesa,2,8,0,Twitter
Twitter::@TampicoViral,resolver,2,12,0,Twitter
Twitter::@TampicoViral,personal,2,0,2,Twitter
Twitter::@TampicoViral,feria,2,0,3,Twitter
Twitter::@TampicoViral,mujer,2,10,3,Twitter
Twitter::@TampicoViral,familiar,2,4,0,Twitter
Twitter::@TampicoViral,tamaulipas,2,5,1,Twitter
Twitter::@TampicoViral,acuerdo,1,4,1,Twitter
Twitter::@TampicoViral,capturar,1,12,0,Twitter
Twitter::@TampicoViral,asesino,1,11,1,Twitter
Twitter::@TampicoViral,protegido,1,4,1,Twitter
Twitter::@TampicoViral,pronto,1,11,3,Twitter
Twitter::@TampicoViral,venir,1,4,0,Twitter
Twitter::@TampicoViral,social,1,2,3,Twitter
Twitter::@Tampico_Mexico,mexicano,2,4,1,Twitter
Twitter::@Tampico_Mexico,cinico,1,7,4,Twitter
Twitter::@Tampico_Mexico,sheinbaum,1,12,0,Twitter
Twitter::@Tampico_Mexico,exigir,1,11,4,Twitter
Twitter::@Tampico_Mexico,monica,1,3,0,Twitter
Twitter::@Tampico_Mexico,villarreal,1,3,0,Twitter
Twitter::@Tampico_Mexico,directora,1,7,3,Twitter
Twitter::@Tampico_Mexico,desarrollo,1,1,2,Twitter
Twitter::@Tampico_Mexico,historico,1,6,1,Twitter
Twitter::@Tampico_Mexico,argentina,1,12,1,Twitter
Twitter::@Tampico_Mexico,espanol,1,0,-1,Twitter
Twitter::@Tampico_Mexico,artista,1,9,2,Twitter
Twitter::@Tampico_Mexico,elegir,1,10,1,Twitter
Twitter::@TampicososTV,operativo,2,0,4,Twitter
Twitter::@TampicososTV,semana,2,4,5,Twitter
Twitter::@TampicososTV,santa,2,13,3,Twitter
Twitter::@TampicososTV,jaiba,2,10,5,Twitter
Twitter::@TampicososTV,brava,2,10,5,Twitter
Twitter::@TampicososTV,altamira,2,5,0,Twitter
Twitter::@TampicososTV,justo,1,11,5,Twitter
Twitter::@TampicososTV,evitar,1,7,2,Twitter
Twitter::@TampicososTV,accidente,1,7,2,Twitter
Twitter::@TampicososTV,muerto,1,10,3,Twitter
Twitter::@TampicososTV,hora,1,10,1,Twitter
Twitter::@TampicososTV,sabado,1,4,5,Twitter
Twitter::@TampicososTV,gloria,1,4,1,Twitter
Twitter::@TampicososTV,continuar,1,14,0,Twitter
Twitter::@TampicososTV,fiesta,1,1,3,Twitter
Twitter::@TampicososTV,gente,1,6,2,Twitter
Twitter::@TampicososTV,zona,1,0,1,Twitter
Twitter::@TampicososTV,playa,1,10,2,Twitter
Twitter::@TampicososTV,miramar,1,10,2,Twitter
Twitter::@TampicososTV,fiestas,1,0,3,Twitter
Twitter::@TampicososTV,abril,1,0,3,Twitter
Twitter::@TampicososTV,hotel,1,6,1,Twitter
Twitter::@TampicososTV,salir,1,11,0,Twitter
Twitter::@TampicososTV,monica,1,3,0,Twitter
Twitter::@TampicososTV,villarreal,1,3,0,Twitter
Twitter::@TampicososTV,entregar,1,6,2,Twitter
Twitter::@TampicososTV,ciudad,1,13,1,Twitter
Twitter::@TampicososTV,top,1,10,5,Twitter
Twitter::@TampicososTV,arreglar,1,11,4,Twitter
Twitter::@TampicososTV,bache,1,2,2,Twitter
Twitter::@TampicososTV,hidalgo,1,0,2,Twitter
Twitter::@TampicososTV,piso,1,11,4,Twitter
Twitter::@TampicososTV,dejar,1,9,0,Twitter
Twitter::@TampicososTV,basico,1,6,0,Twitter
Twitter::@TampicososTV,armando,1,7,3,Twitter
Twitter::@TampicososTV,martinez,1,9,2,Twitter
Twitter::@TampicososTV,presidente,1,14,2,Twitter
Twitter::@TampicososTV,confirmar,1,10,3,Twitter
Twitter::@TampicososTV,oaxaca,1,7,3,Twitter
Twitter::@TampicososTV,presentar,1,10,0,Twitter
Twitter::@TampicososTV,comentar,1,11,0,Twitter
Twitter::@TampicososTV,falta,1,11,0,Twitter
Twitter::@TampicososTV,estadio,1,10,2,Twitter
Twitter::@TampicososTV,caso,1,10,4,Twitter
Twitter::@TesoroMoctezuma,ligamx,6,8,3,Twitter
Twitter::@TesoroMoctezuma,noticias,6,5,2,Twitter
Twitter::@TesoroMoctezuma,mazatlan,6,8,3,Twitter
Twitter::@TesoroMoctezuma,coahuila,6,5,2,Twitter
Twitter::@TesoroMoctezuma,cdvictoria,6,5,1,Twitter
Twitter::@TesoroMoctezuma,monterrey,6,5,2,Twitter
Twitter::@TesoroMoctezuma,guadalajara,6,5,2,Twitter
Twitter::@TesoroMoctezuma,leon,6,8,3,Twitter
Twitter::@TesoroMoctezuma,queretaro,6,5,2,Twitter
Twitter::@TesoroMoctezuma,morelos,6,2,4,Twitter
Twitter::@TesoroMoctezuma,puebla,6,5,2,Twitter
Twitter::@TesoroMoctezuma,cancun,6,5,2,Twitter
Twitter::@TesoroMoctezuma,cdmx,4,5,2,Twitter
Twitter::@TesoroMoctezuma,chihuahua,2,12,1,Twitter
Twitter::@TesoroMoctezuma,veracruz,2,5,2,Twitter
Twitter::@Ticketmaster_Me,venta,2,10,0,Twitter
Twitter::@Ticketmaster_Me,ocasion,1,10,1,Twitter
Twitter::@Ticketmaster_Me,llegar,1,10,1,Twitter
Twitter::@Ticketmaster_Me,comprar,1,4,6,Twitter
Twitter::@Ticketmaster_Me,recordar,1,4,2,Twitter
Twitter::@Ticketmaster_Me,correo,1,10,1,Twitter
Twitter::@TransicionNorte,patrimonio,2,14,0,Twitter
Twitter::@TransicionNorte,bolsa,1,13,3,Twitter
Twitter::@TransicionNorte,ciudad,1,13,1,Twitter
Twitter::@TransicionNorte,dejar,1,9,0,Twitter
Twitter::@TransicionNorte,leer,1,14,3,Twitter
Twitter::@TransicionNorte,responder,1,13,4,Twitter
Twitter::@TransicionNorte,palabra,1,9,-1,Twitter
Twitter::@TransicionNorte,comprar,1,4,6,Twitter
Twitter::@TransicionNorte,esperar,1,4,0,Twitter
Twitter::@TransicionNorte,vender,1,12,1,Twitter
Twitter::@TransicionNorte,ano,1,11,2,Twitter
Twitter::@TransicionNorte,zona,1,0,1,Twitter
Twitter::@TransicionNorte,aprovechar,1,14,3,Twitter
Twitter::@TransicionNorte,ampliar,1,14,4,Twitter
Twitter::@TransicionNorte,hogar,1,0,2,Twitter
Twitter::@TransicionNorte,impulsar,1,1,2,Twitter
Twitter::@TransicionNorte,inversion,1,5,1,Twitter
Twitter::@TransicionNorte,entender,1,11,4,Twitter
Twitter::@TransicionNorte,seguir,1,2,0,Twitter
Twitter::@TransicionNorte,crecer,1,6,0,Twitter
Twitter::@Vachyo,mario,2,8,4,Twitter
Twitter::@Vachyo,zona,2,0,1,Twitter
Twitter::@Vachyo,corte,2,11,2,Twitter
Twitter::@Vachyo,saludo,2,11,2,Twitter
Twitter::@Vachyo,aca,1,4,6,Twitter
Twitter::@Vachyo,cual,1,10,2,Twitter
Twitter::@Vachyo,opcion,1,13,5,Twitter
Twitter::@Vachyo,sur,1,14,2,Twitter
Twitter::@Vachyo,tamaulipas,1,5,1,Twitter
Twitter::@Vachyo,saludos,1,11,2,Twitter
Twitter::@Vachyo,gracia,1,11,2,Twitter
Twitter::@Vachyo,reflexion,1,1,1,Twitter
Twitter::@Vachyo,oportuno,1,7,3,Twitter
Twitter::@Vachyo,gracias,1,8,0,Twitter
Twitter::@Vachyo,fan,1,13,5,Twitter
Twitter::@Vachyo,seguir,1,2,0,Twitter
Twitter::@Vachyo,diario,1,3,0,Twitter
Twitter::@Vachyo,abrazo,1,11,2,Twitter
Twitter::@Vachyo,andar,1,9,0,Twitter
Twitter::@Vachyo,cambiar,1,2,0,Twitter
Twitter::@Vachyo,jajaja,1,11,0,Twitter
Twitter::@Vachyo,existir,1,10,1,Twitter
Twitter::@Vachyo,gusto,1,8,4,Twitter
Twitter::@Vachyo,gastronomia,1,8,4,Twitter
Twitter::@Vachyo,mundo,1,11,0,Twitter
Twitter::@Vachyo,mundial,1,4,0,Twitter
Twitter::@Vachyo,fresco,1,7,1,Twitter
Twitter::@Vachyo,comida,1,8,4,Twitter
Twitter::@Vachyo,huasteco,1,1,1,Twitter
Twitter::@Vanguardia_Mx,pasar,1,11,3,Twitter
Twitter::@Vanguardia_Mx,alto,1,13,0,Twitter
Twitter::@Vanguardia_Mx,vehiculo,1,7,2,Twitter
Twitter::@Vanguardia_Mx,perder,1,11,5,Twitter
Twitter::@Vanguardia_Mx,control,1,14,0,Twitter
Twitter::@Vanguardia_Mx,terminar,1,11,3,Twitter
Twitter::@Vanguardia_Mx,tamaulipas,1,5,1,Twitter
Twitter::@Vanguardia_Mx,informacion,1,11,0,Twitter
Twitter::@VaxTamaulipas,cdmx,2,5,2,Twitter
Twitter::@VaxTamaulipas,guadalajara,2,5,2,Twitter
Twitter::@VaxTamaulipas,monterrey,2,5,2,Twitter
Twitter::@VaxTamaulipas,directo,2,12,3,Twitter
Twitter::@VaxTamaulipas,pemex,2,12,3,Twitter
Twitter::@VaxTamaulipas,gobierno,2,12,3,Twitter
Twitter::@VaxTamaulipas,seguir,2,2,0,Twitter
Twitter::@VaxTamaulipas,dinero,2,12,5,Twitter
Twitter::@VictorHu6002316,unidad,2,6,1,Twitter
Twitter::@VictorHu6002316,reunion,1,1,2,Twitter
Twitter::@VictorHu6002316,grupo,1,13,3,Twitter
Twitter::@VictorHu6002316,fomentar,1,5,3,Twitter
Twitter::@VictorHu6002316,mano,1,6,0,Twitter
Twitter::@VictorHu6002316,lider,1,12,2,Twitter
Twitter::@VictorHu6002316,amigo,1,9,2,Twitter
Twitter::@VictorHu6002316,cerrar,1,5,1,Twitter
Twitter::@VictorHu6002316,asistir,1,8,2,Twitter
Twitter::@VictorHu6002316,torneo,1,1,4,Twitter
Twitter::@VictorHu6002316,pesca,1,1,4,Twitter
Twitter::@VictorHu6002316,madero,1,5,0,Twitter
Twitter::@VictorHu6002316,familiar,1,4,0,Twitter
Twitter::@VictorTello73,madero,3,5,0,Twitter
Twitter::@VictorTello73,mes,2,4,3,Twitter
Twitter::@VictorTello73,pagar,2,11,4,Twitter
Twitter::@VictorTello73,mensaje,1,5,3,Twitter
Twitter::@VictorTello73,cerrar,1,5,1,Twitter
Twitter::@VictorTello73,negocio,1,10,4,Twitter
Twitter::@VictorTello73,billete,1,11,4,Twitter
Twitter::@VictorTello73,banco,1,13,5,Twitter
Twitter::@VictorTello73,medio,1,8,2,Twitter
Twitter::@VictorTello73,comprar,1,4,6,Twitter
Twitter::@VictorTello73,casa,1,3,1,Twitter
Twitter::@VictorTello73,entender,1,11,4,Twitter
Twitter::@VictorTello73,dejar,1,9,0,Twitter
Twitter::@VictorTello73,alguien,1,11,4,Twitter
Twitter::@VictorTello73,cnte,1,9,-1,Twitter
Twitter::@VictorTello73,cdmx,1,5,2,Twitter
Twitter::@VictorTello73,listo,1,10,0,Twitter
Twitter::@VictorTello73,mayo,1,10,0,Twitter
Twitter::@VictorTello73,arbol,1,7,4,Twitter
Twitter::@VictorTello73,grande,1,1,0,Twitter
Twitter::@VictorTello73,santo,1,8,2,Twitter
Twitter::@VictorTello73,nino,1,8,1,Twitter
Twitter::@VictorTello73,realidad,1,6,2,Twitter
Twitter::@VictorTello73,altamira,1,5,0,Twitter
Twitter::@VictorTello73,tamaulipas,1,5,1,Twitter
Twitter::@VoxPopuliNoti,tamaulipas,86,5,1,Twitter
Twitter::@VoxPopuliNoti,villarreal,31,3,0,Twitter
Twitter::@VoxPopuliNoti,monica,30,3,0,Twitter
Twitter::@VoxPopuliNoti,fortalecer,15,14,0,Twitter
Twitter::@VoxPopuliNoti,impulsar,12,1,2,Twitter
Twitter::@VoxPopuliNoti,alcaldesa,10,8,0,Twitter
Twitter::@VoxPopuliNoti,altamira,10,5,0,Twitter
Twitter::@VoxPopuliNoti,buscar,9,5,1,Twitter
Twitter::@VoxPopuliNoti,reynosa,9,5,0,Twitter
Twitter::@VoxPopuliNoti,destacar,8,14,4,Twitter
Twitter::@VoxPopuliNoti,matamoros,8,5,0,Twitter
Twitter::@VoxPopuliNoti,turistico,7,14,4,Twitter
Twitter::@VoxPopuliNoti,gobierno,7,12,3,Twitter
Twitter::@VoxPopuliNoti,sector,7,14,3,Twitter
Twitter::@VoxPopuliNoti,municipal,7,14,0,Twitter
Twitter::@VoxPopuliNoti,servicio,7,2,2,Twitter
Twitter::@VoxPopuliNoti,nuevolaredo,7,5,0,Twitter
Twitter::@VoxPopuliNoti,ciudadmadero,7,5,0,Twitter
Twitter::@VoxPopuliNoti,turismo,6,14,4,Twitter
Twitter::@VoxPopuliNoti,publico,6,14,3,Twitter
Twitter::@VoxPopuliNoti,tampiquenas,6,14,0,Twitter
Twitter::@VoxPopuliNoti,programa,6,2,3,Twitter
Twitter::@VoxPopuliNoti,colonia,6,2,4,Twitter
Twitter::@VoxPopuliNoti,compromiso,6,2,0,Twitter
Twitter::@VoxPopuliNoti,salud,6,2,3,Twitter
Twitter::@VoxPopuliNoti,familia,6,1,0,Twitter
Twitter::@VoxPopuliNoti,municipio,6,14,2,Twitter
Twitter::@VoxPopuliNoti,nacional,6,4,2,Twitter
Twitter::@VoxPopuliNoti,proteccion,6,0,0,Twitter
Twitter::@VoxPopuliNoti,entrega,6,13,3,Twitter
Twitter::@VoxPopuliNoti,ciudadvictoria,6,5,0,Twitter
Twitter::@VoxPopuliNoti,lluvia,6,0,1,Twitter
Twitter::@VoxPopuliNoti,fortalece,5,14,3,Twitter
Twitter::@VoxPopuliNoti,espacio,5,1,0,Twitter
Twitter::@VoxPopuliNoti,bienestar,5,2,3,Twitter
Twitter::@VoxPopuliNoti,deportivo,5,1,4,Twitter
Twitter::@VoxPopuliNoti,desarrollo,5,1,2,Twitter
Twitter::@VoxPopuliNoti,ayuntamiento,5,0,2,Twitter
Twitter::@VoxPopuliNoti,deporte,5,2,1,Twitter
Twitter::@VoxPopuliNoti,tamaulipa,5,11,0,Twitter
Twitter::@VoxPopuliNoti,ofrecer,4,3,2,Twitter
Twitter::@VoxPopuliNoti,coordinacion,4,14,2,Twitter
Twitter::@VoxPopuliNoti,local,4,1,2,Twitter
Twitter::@VoxPopuliNoti,mujer,4,10,3,Twitter
Twitter::@VoxPopuliNoti,economico,4,13,2,Twitter
Twitter::@VoxPopuliNoti,reforzar,4,7,3,Twitter
Twitter::@VoxPopuliNoti,reportar,4,7,2,Twitter
Twitter::@VoxPopuliNoti,avance,4,14,1,Twitter
Twitter::@VoxPopuliNoti,preventivo,4,0,1,Twitter
Twitter::@VoxPopuliNoti,internacional,4,13,1,Twitter
Twitter::@VoxPopuliNoti,avanzar,4,14,1,Twitter
Twitter::@VoxPopuliNoti,iniciativa,4,13,2,Twitter
Twitter::@VoxPopuliNoti,civil,4,0,0,Twitter
Twitter::@VoxPopuliNoti,afectado,4,4,4,Twitter
Twitter::@VoxPopuliNoti,administracion,4,14,0,Twitter
Twitter::@VoxPopuliNoti,inversion,4,5,1,Twitter
Twitter::@VoxPopuliNoti,victoria,4,11,0,Twitter
Twitter::@VoxPopuliNoti,agua,4,3,1,Twitter
Twitter::@VoxPopuliNoti,resultado,4,2,0,Twitter
Twitter::@VoxPopuliNoti,riesgo,4,0,1,Twitter
Twitter::@VoxPopuliNoti,seguridad,3,0,3,Twitter
Twitter::@VoxPopuliNoti,continuar,3,14,0,Twitter
Twitter::@VoxPopuliNoti,infraestructura,3,14,3,Twitter
Twitter::@VoxPopuliNoti,registrar,3,5,1,Twitter
Twitter::@VoxPopuliNoti,importante,3,13,0,Twitter
Twitter::@VoxPopuliNoti,destino,3,4,5,Twitter
Twitter::@VoxPopuliNoti,presidenta,3,8,0,Twitter
Twitter::@VoxPopuliNoti,proyecto,3,14,4,Twitter
Twitter::@VoxPopuliNoti,atencion,3,7,3,Twitter
Twitter::@VoxPopuliNoti,reunir,3,1,3,Twitter
Twitter::@VoxPopuliNoti,reafirma,3,3,0,Twitter
Twitter::@VoxPopuliNoti,historico,3,6,1,Twitter
Twitter::@VoxPopuliNoti,jornada,3,3,1,Twitter
Twitter::@VoxPopuliNoti,familiar,3,4,0,Twitter
Twitter::@VoxPopuliNoti,brindar,3,2,2,Twitter
Twitter::@VoxPopuliNoti,madero,3,5,0,Twitter
Twitter::@VoxPopuliNoti,tampiqueno,3,2,0,Twitter
Twitter::@VoxPopuliNoti,reconocer,3,6,0,Twitter
Twitter::@VoxPopuliNoti,pedir,3,11,0,Twitter
Twitter::@VoxPopuliNoti,vacheando,3,2,2,Twitter
Twitter::@VoxPopuliNoti,mejorar,3,2,2,Twitter
Twitter::@VoxPopuliNoti,recibir,3,9,2,Twitter
Twitter::@VoxPopuliNoti,social,3,2,3,Twitter
Twitter::@VoxPopuliNoti,equipo,3,13,3,Twitter
Twitter::@VoxPopuliNoti,liderazgo,3,13,5,Twitter
Twitter::@VoxPopuliNoti,estrategia,3,14,0,Twitter
Twitter::@VoxPopuliNoti,encabezar,3,14,0,Twitter
Twitter::@VoxPopuliNoti,anticipar,3,9,2,Twitter
Twitter::@VoxPopuliNoti,autoridades,3,7,2,Twitter
Twitter::@VoxPopuliNoti,comunitario,3,1,0,Twitter
Twitter::@VoxPopuliNoti,dif,3,13,3,Twitter
Twitter::@VoxPopuliNoti,grupo,3,13,3,Twitter
Twitter::@VoxPopuliNoti,entregar,3,6,2,Twitter
Twitter::@VoxPopuliNoti,riqueza,2,14,4,Twitter
Twitter::@VoxPopuliNoti,gastronomico,2,14,4,Twitter
Twitter::@VoxPopuliNoti,ciudad,2,13,1,Twitter
Twitter::@VoxPopuliNoti,sistema,2,0,4,Twitter
Twitter::@VoxPopuliNoti,semana,2,4,5,Twitter
Twitter::@VoxPopuliNoti,santa,2,13,3,Twitter
Twitter::@VoxPopuliNoti,apoyo,2,2,2,Twitter
Twitter::@VoxPopuliNoti,arranca,2,3,0,Twitter
Twitter::@VoxPopuliNoti,gratuito,2,2,2,Twitter
Twitter::@VoxPopuliNoti,unidad,2,6,1,Twitter
Twitter::@VoxPopuliNoti,impulso,2,2,1,Twitter
Twitter::@VoxPopuliNoti,torneo,2,1,4,Twitter
Twitter::@VoxPopuliNoti,dia,2,6,0,Twitter
Twitter::@VoxPopuliNoti,convivencia,2,1,0,Twitter
Twitter::@VoxPopuliNoti,mexico,2,12,0,Twitter
Twitter::@VoxPopuliNoti,cultural,2,1,1,Twitter
Twitter::@VoxPopuliNoti,acuerdo,2,4,1,Twitter
Twitter::@VoxPopuliNoti,cine,2,14,0,Twitter
Twitter::@VoxPopuliNoti,conjunto,2,14,0,Twitter
Twitter::@VoxPopuliNoti,personal,2,0,2,Twitter
Twitter::@VoxPopuliNoti,hombre,2,13,5,Twitter
Twitter::@VoxPopuliNoti,movilizar,2,13,5,Twitter
Twitter::@VoxPopuliNoti,cdvictoria,2,5,1,Twitter
Twitter::@VoxPopuliNoti,expo,2,1,3,Twitter
Twitter::@VoxPopuliNoti,renovacion,2,14,2,Twitter
Twitter::@VoxPopuliNoti,rezago,2,5,1,Twitter
Twitter::@VoxPopuliNoti,ahorro,2,4,3,Twitter
Twitter::@VoxPopuliNoti,evento,2,8,1,Twitter
Twitter::@VoxPopuliNoti,mar,2,6,3,Twitter
Twitter::@VoxPopuliNoti,caso,2,10,4,Twitter
Twitter::@VoxPopuliNoti,frontera,2,11,0,Twitter
Twitter::@VoxPopuliNoti,vial,2,5,1,Twitter
Twitter::@VoxPopuliNoti,laboral,2,6,-1,Twitter
Twitter::@VoxPopuliNoti,trabajador,2,10,3,Twitter
Twitter::@VoxPopuliNoti,eventual,2,8,0,Twitter
Twitter::@VoxPopuliNoti,mundialista,2,1,3,Twitter
Twitter::@VoxPopuliNoti,rehabilitacion,2,14,4,Twitter
Twitter::@VoxPopuliNoti,recuperar,2,14,2,Twitter
Twitter::@VoxPopuliNoti,comunidad,2,3,0,Twitter
Twitter::@VoxPopuliNoti,puente,2,4,3,Twitter
Twitter::@VoxPopuliNoti,director,2,0,5,Twitter
Twitter::@VoxPopuliNoti,reafirmar,2,1,0,Twitter
Twitter::@VoxPopuliNoti,karate,2,4,2,Twitter
Twitter::@VoxPopuliNoti,region,2,1,2,Twitter
Twitter::@VoxPopuliNoti,electrico,2,0,1,Twitter
Twitter::@VoxPopuliNoti,recuperacion,2,3,3,Twitter
Twitter::@VoxPopuliNoti,robo,2,12,1,Twitter
Twitter::@VoxPopuliNoti,vehiculo,2,7,2,Twitter
Twitter::@VoxPopuliNoti,autoridad,2,0,3,Twitter
Twitter::@VoxPopuliNoti,clave,2,6,2,Twitter
Twitter::@VoxPopuliNoti,zona,2,0,1,Twitter
Twitter::@VoxPopuliNoti,cambio,2,11,3,Twitter
Twitter::@VoxPopuliNoti,clima,2,11,1,Twitter
Twitter::@VoxPopuliNoti,lluvias,2,0,1,Twitter
Twitter::@VoxPopuliNoti,transformacion,2,14,1,Twitter
Twitter::@VoxPopuliNoti,temporada,2,0,1,Twitter
Twitter::@VoxPopuliNoti,cerrar,2,5,1,Twitter
Twitter::@VoxPopuliNoti,reducir,2,14,3,Twitter
Twitter::@VoxPopuliNoti,medico,2,7,3,Twitter
Twitter::@VoxPopuliNoti,centro,2,13,3,Twitter
Twitter::@VoxPopuliNoti,morelos,2,2,4,Twitter
Twitter::@VoxPopuliNoti,gracias,2,8,0,Twitter
Twitter::@VoxPopuliNoti,participacion,2,1,0,Twitter
Twitter::@VoxPopuliNoti,ecologico,2,8,2,Twitter
Twitter::@VoxPopuliNoti,vehicular,2,0,2,Twitter
Twitter::@VoxPopuliNoti,sur,2,14,2,Twitter
Twitter::@VoxPopuliNoti,lograr,2,13,2,Twitter
Twitter::@VoxPopuliNoti,millonario,2,14,1,Twitter
Twitter::@VoxPopuliNoti,actividad,2,1,0,Twitter
Twitter::@VoxPopuliNoti,poblacion,2,0,1,Twitter
Twitter::@VoxPopuliNoti,musica,2,1,1,Twitter
Twitter::@VoxPopuliNoti,vivir,2,8,2,Twitter
Twitter::@VoxPopuliNoti,pasion,2,1,3,Twitter
Twitter::@VoxPopuliNoti,pintura,2,14,1,Twitter
Twitter::@VoxPopuliNoti,cocodrilo,2,0,1,Twitter
Twitter::@VoxPopuliNoti,accion,2,2,0,Twitter
Twitter::@VoxPopuliNoti,dengue,2,14,0,Twitter
Twitter::@VoxPopuliNoti,motor,1,14,4,Twitter
Twitter::@VoxPopuliNoti,distinguir,1,9,3,Twitter
Twitter::@VoxPopuliNoti,puerto,1,8,0,Twitter
Twitter::@VoxPopuliNoti,experiencia,1,1,4,Twitter
Twitter::@VoxPopuliNoti,ruta,1,14,4,Twitter
Twitter::@VoxPopuliNoti,opcion,1,13,5,Twitter
Twitter::@VoxPopuliNoti,forma,1,12,3,Twitter
Twitter::@VoxPopuliNoti,unico,1,11,4,Twitter
Twitter::@VoxPopuliNoti,vacacion,1,5,1,Twitter
Twitter::@VoxPopuliNoti,dialogar,1,5,3,Twitter
Twitter::@VoxPopuliNoti,economia,1,1,2,Twitter
Twitter::@VoxPopuliNoti,alumbrado,1,14,3,Twitter
Twitter::@VoxPopuliNoti,diverso,1,14,3,Twitter
Twitter::@VoxPopuliNoti,luminaria,1,0,3,Twitter
Twitter::@VoxPopuliNoti,urbano,1,14,2,Twitter
Twitter::@VoxPopuliNoti,turista,1,8,3,Twitter
Twitter::@VoxPopuliNoti,elegir,1,10,1,Twitter
Twitter::@VoxPopuliNoti,semanasanta,1,8,3,Twitter
Twitter::@VoxPopuliNoti,alianza,1,6,1,Twitter
Twitter::@VoxPopuliNoti,agenda,1,1,1,Twitter
Twitter::@VoxPopuliNoti,cruz,1,3,1,Twitter
Twitter::@VoxPopuliNoti,inaugurar,1,9,2,Twitter
Twitter::@VoxPopuliNoti,rendir,1,6,3,Twitter
Twitter::@VoxPopuliNoti,homenaje,1,6,3,Twitter
Twitter::@VoxPopuliNoti,libertad,1,6,3,Twitter
Twitter::@VoxPopuliNoti,pensamiento,1,9,2,Twitter
Twitter::@VoxPopuliNoti,critico,1,9,1,Twitter
Twitter::@VoxPopuliNoti,conocimiento,1,6,3,Twitter
Twitter::@VoxPopuliNoti,sonrisas,1,2,3,Twitter
Twitter::@VoxPopuliNoti,luis,1,6,1,Twitter
Twitter::@VoxPopuliNoti,echeverria,1,2,3,Twitter
Twitter::@VoxPopuliNoti,dental,1,2,2,Twitter
Twitter::@VoxPopuliNoti,movil,1,3,4,Twitter
Twitter::@VoxPopuliNoti,monicavillarreal,1,3,0,Twitter
Twitter::@VoxPopuliNoti,exito,1,8,0,Twitter
Twitter::@VoxPopuliNoti,concluir,1,14,2,Twitter
Twitter::@VoxPopuliNoti,copa,1,13,0,Twitter
Twitter::@VoxPopuliNoti,joven,1,13,0,Twitter
Twitter::@VoxPopuliNoti,estudiante,1,5,3,Twitter
Twitter::@VoxPopuliNoti,nivel,1,4,2,Twitter
Twitter::@VoxPopuliNoti,medio,1,8,2,Twitter
Twitter::@VoxPopuliNoti,superior,1,13,0,Twitter
Twitter::@VoxPopuliNoti,competencia,1,13,5,Twitter
Twitter::@VoxPopuliNoti,consulta,1,1,1,Twitter
Twitter::@VoxPopuliNoti,control,1,14,0,Twitter
Twitter::@VoxPopuliNoti,tianguis,1,10,0,Twitter
Twitter::@VoxPopuliNoti,promocion,1,8,0,Twitter
Twitter::@VoxPopuliNoti,conectividad,1,13,1,Twitter
Twitter::@VoxPopuliNoti,presencia,1,13,4,Twitter
Twitter::@VoxPopuliNoti,mercado,1,8,4,Twitter
Twitter::@VoxPopuliNoti,disfrutar,1,1,0,Twitter
Twitter::@VoxPopuliNoti,encabezado,1,14,0,Twitter
Twitter::@VoxPopuliNoti,negocio,1,10,4,Twitter
Twitter::@VoxPopuliNoti,identidad,1,1,3,Twitter
Twitter::@VoxPopuliNoti,privado,1,4,2,Twitter
Twitter::@VoxPopuliNoti,congreso,1,5,1,Twitter
Twitter::@VoxPopuliNoti,juvenil,1,6,1,Twitter
Twitter::@VoxPopuliNoti,cuidar,1,2,1,Twitter
Twitter::@VoxPopuliNoti,emocion,1,4,0,Twitter
Twitter::@VoxPopuliNoti,herramienta,1,1,2,Twitter
Twitter::@VoxPopuliNoti,generacion,1,1,3,Twitter
Twitter::@VoxPopuliNoti,dejar,1,9,0,Twitter
Twitter::@VoxPopuliNoti,mante,1,5,2,Twitter
Twitter::@VoxPopuliNoti,elemento,1,7,2,Twitter
Twitter::@VoxPopuliNoti,iniciar,1,5,1,Twitter
Twitter::@VoxPopuliNoti,mantenimiento,1,3,3,Twitter
Twitter::@VoxPopuliNoti,emblematico,1,3,2,Twitter
Twitter::@VoxPopuliNoti,recinto,1,10,3,Twitter
Twitter::@VoxPopuliNoti,labor,1,3,3,Twitter
Twitter::@VoxPopuliNoti,despicadora,1,7,-1,Twitter
Twitter::@VoxPopuliNoti,certificado,1,7,-1,Twitter
Twitter::@VoxPopuliNoti,sanitario,1,7,-1,Twitter
Twitter::@VoxPopuliNoti,producto,1,1,2,Twitter
Twitter::@VoxPopuliNoti,impunidad,1,12,1,Twitter
Twitter::@VoxPopuliNoti,justicia,1,11,1,Twitter
Twitter::@VoxPopuliNoti,amigo,1,9,2,Twitter
Twitter::@VoxPopuliNoti,claro,1,4,3,Twitter
Twitter::@VoxPopuliNoti,baja,1,10,3,Twitter
Twitter::@VoxPopuliNoti,cifra,1,14,0,Twitter
Twitter::@VoxPopuliNoti,mayoria,1,11,4,Twitter
Twitter::@VoxPopuliNoti,registrado,1,0,1,Twitter
Twitter::@VoxPopuliNoti,secretario,1,4,3,Twitter
Twitter::@VoxPopuliNoti,violencia,1,1,0,Twitter
Twitter::@VoxPopuliNoti,arrancar,1,5,1,Twitter
Twitter::@VoxPopuliNoti,atender,1,2,0,Twitter
Twitter::@VoxPopuliNoti,bache,1,2,2,Twitter
Twitter::@VoxPopuliNoti,calle,1,9,1,Twitter
Twitter::@VoxPopuliNoti,ano,1,11,2,Twitter
Twitter::@VoxPopuliNoti,enviar,1,0,4,Twitter
Twitter::@VoxPopuliNoti,mensaje,1,5,3,Twitter
Twitter::@VoxPopuliNoti,hablar,1,11,0,Twitter
Twitter::@VoxPopuliNoti,justo,1,11,5,Twitter
Twitter::@VoxPopuliNoti,protegido,1,4,1,Twitter
Twitter::@VoxPopuliNoti,condicion,1,14,2,Twitter
Twitter::@VoxPopuliNoti,informar,1,10,1,Twitter
Twitter::@VoxPopuliNoti,vacacional,1,4,3,Twitter
Twitter::@VoxPopuliNoti,mundial,1,4,0,Twitter
Twitter::@VoxPopuliNoti,bolsa,1,13,3,Twitter
Twitter::@VoxPopuliNoti,pesos,1,13,3,Twitter
Twitter::@VoxPopuliNoti,llegar,1,10,1,Twitter
Twitter::@VoxPopuliNoti,visita,1,0,3,Twitter
Twitter::@VoxPopuliNoti,cuadrilla,1,3,3,Twitter
Twitter::@VoxPopuliNoti,transformar,1,2,0,Twitter
Twitter::@VoxPopuliNoti,vialidad,1,2,2,Twitter
Twitter::@VoxPopuliNoti,americo,1,14,1,Twitter
Twitter::@VoxPopuliNoti,gobernador,1,14,1,Twitter
Twitter::@VoxPopuliNoti,promover,1,1,0,Twitter
Twitter::@VoxPopuliNoti,permitir,1,14,0,Twitter
Twitter::@VoxPopuliNoti,multiple,1,0,0,Twitter
Twitter::@VoxPopuliNoti,plaza,1,1,1,Twitter
Twitter::@VoxPopuliNoti,cancha,1,14,4,Twitter
Twitter::@VoxPopuliNoti,beneficio,1,2,3,Twitter
Twitter::@VoxPopuliNoti,general,1,10,0,Twitter
Twitter::@VoxPopuliNoti,movilidad,1,2,2,Twitter
Twitter::@VoxPopuliNoti,regional,1,14,4,Twitter
Twitter::@VoxPopuliNoti,vocacion,1,5,3,Twitter
Twitter::@VoxPopuliNoti,respaldo,1,10,3,Twitter
Twitter::@VoxPopuliNoti,educativo,1,14,1,Twitter
Twitter::@VoxPopuliNoti,animal,1,8,2,Twitter
Twitter::@VoxPopuliNoti,practica,1,1,2,Twitter
Twitter::@VoxPopuliNoti,formacion,1,7,3,Twitter
Twitter::@VoxPopuliNoti,continuo,1,13,5,Twitter
Twitter::@VoxPopuliNoti,anunciar,1,10,2,Twitter
Twitter::@VoxPopuliNoti,estrategico,1,6,1,Twitter
Twitter::@VoxPopuliNoti,reparacion,1,2,2,Twitter
Twitter::@VoxPopuliNoti,comapa,1,2,2,Twitter
Twitter::@VoxPopuliNoti,tarde,1,8,1,Twitter
Twitter::@VoxPopuliNoti,noche,1,4,0,Twitter
Twitter::@VoxPopuliNoti,bajar,1,11,0,Twitter
Twitter::@VoxPopuliNoti,vigilancia,1,7,2,Twitter
Twitter::@VoxPopuliNoti,prioritario,1,7,3,Twitter
Twitter::@VoxPopuliNoti,esperar,1,4,0,Twitter
Twitter::@VoxPopuliNoti,investigacion,1,5,3,Twitter
Twitter::@VoxPopuliNoti,federal,1,12,1,Twitter
Twitter::@VoxPopuliNoti,fuerte,1,7,2,Twitter
Twitter::@VoxPopuliNoti,tormenta,1,0,1,Twitter
Twitter::@VoxPopuliNoti,leon,1,8,3,Twitter
Twitter::@VoxPopuliNoti,llamar,1,11,1,Twitter
Twitter::@VoxPopuliNoti,ciudadania,1,2,3,Twitter
Twitter::@VoxPopuliNoti,juventud,1,13,0,Twitter
Twitter::@VoxPopuliNoti,lagunario,1,3,2,Twitter
Twitter::@VoxPopuliNoti,alevin,1,3,2,Twitter
Twitter::@VoxPopuliNoti,cuerpo,1,3,1,Twitter
Twitter::@VoxPopuliNoti,rescatar,1,3,4,Twitter
Twitter::@VoxPopuliNoti,biodiversidad,1,3,2,Twitter
Twitter::@VoxPopuliNoti,pesca,1,1,4,Twitter
Twitter::@VoxPopuliNoti,respaldar,1,14,1,Twitter
Twitter::@VoxPopuliNoti,cuidado,1,3,2,Twitter
Twitter::@VoxPopuliNoti,sano,1,1,0,Twitter
Twitter::@VoxPopuliNoti,mil,1,8,3,Twitter
Twitter::@VoxPopuliNoti,capacitacion,1,1,2,Twitter
Twitter::@VoxPopuliNoti,maestro,1,6,0,Twitter
Twitter::@VoxPopuliNoti,atacar,1,5,1,Twitter
Twitter::@VoxPopuliNoti,proteger,1,9,2,Twitter
Twitter::@VoxPopuliNoti,deuda,1,14,3,Twitter
Twitter::@VoxPopuliNoti,orden,1,14,3,Twitter
Twitter::@VoxPopuliNoti,generar,1,13,2,Twitter
Twitter::@VoxPopuliNoti,profesional,1,13,5,Twitter
Twitter::@VoxPopuliNoti,presentar,1,10,0,Twitter
Twitter::@VoxPopuliNoti,sustentable,1,8,2,Twitter
Twitter::@VoxPopuliNoti,medalla,1,12,3,Twitter
Twitter::@VoxPopuliNoti,merito,1,8,2,Twitter
Twitter::@VoxPopuliNoti,innovacion,1,6,1,Twitter
Twitter::@VoxPopuliNoti,parque,1,14,4,Twitter
Twitter::@VoxPopuliNoti,capacidad,1,0,4,Twitter
Twitter::@VoxPopuliNoti,operativo,1,0,4,Twitter
Twitter::@VoxPopuliNoti,dependencia,1,0,4,Twitter
Twitter::@VoxPopuliNoti,auto,1,9,2,Twitter
Twitter::@VoxPopuliNoti,pago,1,10,1,Twitter
Twitter::@VoxPopuliNoti,cualquiera,1,6,2,Twitter
Twitter::@VoxPopuliNoti,atraer,1,6,1,Twitter
Twitter::@VoxPopuliNoti,sostener,1,14,2,Twitter
Twitter::@VoxPopuliNoti,reciente,1,13,1,Twitter
Twitter::@VoxPopuliNoti,suministro,1,0,1,Twitter
Twitter::@VoxPopuliNoti,manuel,1,12,2,Twitter
Twitter::@VoxPopuliNoti,alcalde,1,4,6,Twitter
Twitter::@VoxPopuliNoti,funcionamiento,1,3,3,Twitter
Twitter::@VoxPopuliNoti,cultura,1,1,1,Twitter
Twitter::@VoxPopuliNoti,paz,1,1,0,Twitter
Twitter::@VoxPopuliNoti,escoba,1,9,3,Twitter
Twitter::@VoxPopuliNoti,platino,1,9,3,Twitter
Twitter::@VoxPopuliNoti,consolidar,1,1,2,Twitter
Twitter::@VoxPopuliNoti,limpieza,1,3,3,Twitter
Twitter::@VoxPopuliNoti,reconocimiento,1,13,1,Twitter
Twitter::@VoxPopuliNoti,espana,1,9,3,Twitter
Twitter::@VoxPopuliNoti,empresario,1,14,1,Twitter
Twitter::@VoxPopuliNoti,judicial,1,12,3,Twitter
Twitter::@VoxPopuliNoti,convenio,1,1,2,Twitter
Twitter::@VoxPopuliNoti,involucrado,1,12,1,Twitter
Twitter::@VoxPopuliNoti,crecimiento,1,1,2,Twitter
Twitter::@VoxPopuliNoti,impulsado,1,3,0,Twitter
Twitter::@VoxPopuliNoti,visitante,1,3,2,Twitter
Twitter::@VoxPopuliNoti,hospital,1,7,3,Twitter
Twitter::@VoxPopuliNoti,problema,1,12,0,Twitter
Twitter::@VoxPopuliNoti,aprobar,1,7,3,Twitter
Twitter::@VoxPopuliNoti,garantizar,1,0,3,Twitter
Twitter::@VoxPopuliNoti,celebrar,1,1,3,Twitter
Twitter::@VoxPopuliNoti,union,1,1,0,Twitter
Twitter::@VoxPopuliNoti,fortalecimiento,1,13,5,Twitter
Twitter::@VoxPopuliNoti,ceremonia,1,13,0,Twitter
Twitter::@VoxPopuliNoti,incluir,1,4,0,Twitter
Twitter::@VoxPopuliNoti,vivo,1,5,1,Twitter
Twitter::@VoxPopuliNoti,seleccion,1,4,0,Twitter
Twitter::@VoxPopuliNoti,ambiente,1,8,2,Twitter
Twitter::@VoxPopuliNoti,completamente,1,2,2,Twitter
Twitter::@VoxPopuliNoti,educacion,1,14,1,Twitter
Twitter::@VoxPopuliNoti,estatal,1,0,3,Twitter
Twitter::@VoxPopuliNoti,escuela,1,14,1,Twitter
Twitter::@VoxPopuliNoti,grande,1,1,0,Twitter
Twitter::@VoxPopuliNoti,objetivo,1,0,1,Twitter
Twitter::@VoxPopuliNoti,afectar,1,0,1,Twitter
Twitter::@VoxPopuliNoti,especie,1,1,4,Twitter
Twitter::@VoxPopuliNoti,encuentro,1,1,4,Twitter
Twitter::@VoxPopuliNoti,vecino,1,2,4,Twitter
Twitter::@VoxPopuliNoti,carmen,1,2,4,Twitter
Twitter::@VoxPopuliNoti,dialogos,1,2,4,Twitter
Twitter::@VoxPopuliNoti,ciudadano,1,1,0,Twitter
Twitter::@VoxPopuliNoti,obra,1,2,4,Twitter
Twitter::@VoxPopuliNoti,coordinado,1,14,0,Twitter
Twitter::@VoxPopuliNoti,prevencion,1,0,3,Twitter
Twitter::@VoxPopuliNoti,legal,1,11,6,Twitter
Twitter::@VoxPopuliNoti,real,1,13,2,Twitter
Twitter::@VoxPopuliNoti,solucion,1,14,2,Twitter
Twitter::@VoxPopuliNoti,inmediato,1,12,-1,Twitter
Twitter::@VoxPopuliNoti,invitar,1,1,3,Twitter
Twitter::@VoxPopuliNoti,siglo,1,1,3,Twitter
Twitter::@VoxPopuliNoti,jaiba,1,10,5,Twitter
Twitter::@VoxPopuliNoti,senalar,1,4,4,Twitter
Twitter::@VoxPopuliNoti,mantener,1,7,0,Twitter
Twitter::@VoxPopuliNoti,recreativa,1,1,4,Twitter
Twitter::@VoxPopuliNoti,angel,1,9,2,Twitter
Twitter::@VoxPopuliNoti,gol,1,12,0,Twitter
Twitter::@VoxPopuliNoti,video,1,11,2,Twitter
Twitter::@YosoyPedrero,mexico,2,12,0,Twitter
Twitter::@YosoyPedrero,azteca,2,4,0,Twitter
Twitter::@YosoyPedrero,generar,2,13,2,Twitter
Twitter::@YosoyPedrero,informacion,2,11,0,Twitter
Twitter::@YosoyPedrero,ojo,1,4,6,Twitter
Twitter::@YosoyPedrero,gobierno,1,12,3,Twitter
Twitter::@YosoyPedrero,base,1,13,4,Twitter
Twitter::@YosoyPedrero,militar,1,11,1,Twitter
Twitter::@YosoyPedrero,volver,1,12,2,Twitter
Twitter::@YosoyPedrero,centro,1,13,3,Twitter
Twitter::@YosoyPedrero,espacio,1,1,0,Twitter
Twitter::@YosoyPedrero,informativo,1,1,1,Twitter
Twitter::@YosoyPedrero,alerta,1,5,1,Twitter
Twitter::@YosoyPedrero,red,1,14,3,Twitter
Twitter::@YosoyPedrero,social,1,2,3,Twitter
Twitter::@YosoyPedrero,pedir,1,11,0,Twitter
Twitter::@YosoyPedrero,provocar,1,6,0,Twitter
Twitter::@YosoyPedrero,confusion,1,7,1,Twitter
Twitter::@YosoyPedrero,evidencia,1,0,4,Twitter
Twitter::@YosoyPedrero,claro,1,4,3,Twitter
Twitter::@YosoyPedrero,presencia,1,13,4,Twitter
Twitter::@YosoyPedrero,extranjero,1,12,0,Twitter
Twitter::@YosoyPedrero,territorio,1,6,2,Twitter
Twitter::@YosoyPedrero,nacional,1,4,2,Twitter
Twitter::@YosoyPedrero,chihuahua,1,12,1,Twitter
Twitter::@YosoyPedrero,internacional,1,13,1,Twitter
Twitter::@YosoyPedrero,manejo,1,11,1,Twitter
Twitter::@YosoyPedrero,emitir,1,4,4,Twitter
Twitter::@YosoyPedrero,continuar,1,14,0,Twitter
Twitter::@YosoyPedrero,publico,1,14,3,Twitter
Twitter::@ZonaTransparent,trump,2,12,1,Twitter
Twitter::@ZonaTransparent,orgullo,1,1,2,Twitter
Twitter::@ZonaTransparent,luis,1,6,1,Twitter
Twitter::@ZonaTransparent,estudiante,1,5,3,Twitter
Twitter::@ZonaTransparent,medalla,1,12,3,Twitter
Twitter::@ZonaTransparent,metro,1,11,3,Twitter
Twitter::@ZonaTransparent,plano,1,4,2,Twitter
Twitter::@ZonaTransparent,nacional,1,4,2,Twitter
Twitter::@ZonaTransparent,deportivo,1,1,4,Twitter
Twitter::@ZonaTransparent,arranca,1,3,0,Twitter
Twitter::@ZonaTransparent,campeon,1,13,0,Twitter
Twitter::@ZonaTransparent,acuerdo,1,4,1,Twitter
Twitter::@ZonaTransparent,paz,1,1,0,Twitter
Twitter::@ZonaTransparent,entrar,1,4,1,Twitter
Twitter::@ZonaTransparent,final,1,10,2,Twitter
Twitter::@ZonaTransparent,semana,1,4,5,Twitter
Twitter::@ZonaTransparent,rapido,1,0,1,Twitter
Twitter::@ZonaTransparent,mantener,1,7,0,Twitter
Twitter::@adanmartinezt,pri,4,11,5,Twitter
Twitter::@adanmartinezt,morena,4,12,4,Twitter
Twitter::@adanmartinezt,coahuila,3,5,2,Twitter
Twitter::@adanmartinezt,mexico,2,12,0,Twitter
Twitter::@adanmartinezt,triunfo,1,11,2,Twitter
Twitter::@adanmartinezt,aplicar,1,11,1,Twitter
Twitter::@adanmartinezt,tamaulipas,1,5,1,Twitter
Twitter::@adanmartinezt,impacto,1,11,2,Twitter
Twitter::@adanmartinezt,lectura,1,3,4,Twitter
Twitter::@adanmartinezt,tocar,1,11,2,Twitter
Twitter::@adanmartinezt,pagar,1,11,4,Twitter
Twitter::@adanmartinezt,eleccion,1,11,5,Twitter
Twitter::@adanmartinezt,mayoria,1,11,4,Twitter
Twitter::@adanmartinezt,reflejar,1,1,0,Twitter
Twitter::@adanmartinezt,social,1,2,3,Twitter
Twitter::@adanmartinezt,pan,1,4,1,Twitter
Twitter::@ailoviutl,venta,3,10,0,Twitter
Twitter::@ailoviutl,mayo,3,10,0,Twitter
Twitter::@ailoviutl,cdmx,2,5,2,Twitter
Twitter::@ailoviutl,mexico,2,12,0,Twitter
Twitter::@ailoviutl,verde,2,7,4,Twitter
Twitter::@ailoviutl,general,2,10,0,Twitter
Twitter::@ailoviutl,mesa,1,10,0,Twitter
Twitter::@ailoviutl,viernes,1,10,0,Twitter
Twitter::@ailoviutl,estadio,1,10,2,Twitter
Twitter::@ailoviutl,aceptar,1,10,0,Twitter
Twitter::@ailoviutl,platino,1,9,3,Twitter
Twitter::@ailoviutl,rosa,1,9,2,Twitter
Twitter::@ailoviutl,zona,1,0,1,Twitter
Twitter::@ailoviutl,concierto,1,4,6,Twitter
Twitter::@ailoviutl,festival,1,10,0,Twitter
Twitter::@ailoviutl,guadalajara,1,5,2,Twitter
Twitter::@ailoviutl,musica,1,1,1,Twitter
Twitter::@albertopjmz,senalar,1,4,4,Twitter
Twitter::@albertopjmz,dejar,1,9,0,Twitter
Twitter::@albertopjmz,convertir,1,6,2,Twitter
Twitter::@albertopjmz,mercado,1,8,4,Twitter
Twitter::@albertopjmz,caso,1,10,4,Twitter
Twitter::@albertopjmz,gobierno,1,12,3,Twitter
Twitter::@albertopjmz,monica,1,3,0,Twitter
Twitter::@albertopjmz,villarreal,1,3,0,Twitter
Twitter::@albertopjmz,pedir,1,11,0,Twitter
Twitter::@albertopjmz,orden,1,14,3,Twitter
Twitter::@albertopjmz,limpieza,1,3,3,Twitter
Twitter::@albertopjmz,mexico,1,12,0,Twitter
Twitter::@albertopjmz,gente,1,6,2,Twitter
Twitter::@alondrarohe,amigo,1,9,2,Twitter
Twitter::@alondrarohe,ahorita,1,9,0,Twitter
Twitter::@alondrarohe,cabeza,1,11,1,Twitter
Twitter::@alondrarohe,pensar,1,11,1,Twitter
Twitter::@alondrarohe,cosa,1,11,3,Twitter
Twitter::@andyisandrea,acapulco,1,10,0,Twitter
Twitter::@andyisandrea,baja,1,10,3,Twitter
Twitter::@andyisandrea,playa,1,10,2,Twitter
Twitter::@andyisandrea,limpio,1,7,0,Twitter
Twitter::@andyisandrea,duda,1,10,1,Twitter
Twitter::@andyisandrea,jaja,1,12,0,Twitter
Twitter::@arturoavila_mx,esperar,2,4,0,Twitter
Twitter::@arturoavila_mx,mexicano,2,4,1,Twitter
Twitter::@arturoavila_mx,semanasanta,2,8,3,Twitter
Twitter::@arturoavila_mx,sombra,1,7,1,Twitter
Twitter::@arturoavila_mx,reflejo,1,9,3,Twitter
Twitter::@arturoavila_mx,encontrar,1,7,4,Twitter
Twitter::@arturoavila_mx,tragedia,1,9,4,Twitter
Twitter::@arturoavila_mx,aeropuerto,1,13,4,Twitter
Twitter::@arturoavila_mx,bonito,1,8,1,Twitter
Twitter::@arturoavila_mx,mexico,1,12,0,Twitter
Twitter::@arturoavila_mx,servicio,1,2,2,Twitter
Twitter::@arturoavila_mx,mil,1,8,3,Twitter
Twitter::@arturoavila_mx,mexicana,1,4,0,Twitter
Twitter::@arturoavila_mx,disfrutar,1,1,0,Twitter
Twitter::@arturoavila_mx,tradicional,1,1,1,Twitter
Twitter::@arturoavila_mx,iniciar,1,5,1,Twitter
Twitter::@biggerthanvic,acabar,1,11,3,Twitter
Twitter::@biggerthanvic,romper,1,12,1,Twitter
Twitter::@biggerthanvic,tradicion,1,9,2,Twitter
Twitter::@biggerthanvic,familia,1,1,0,Twitter
Twitter::@biggerthanvic,gobierno,1,12,3,Twitter
Twitter::@c1c1l3,risa,1,12,4,Twitter
Twitter::@c1c1l3,ley,1,11,1,Twitter
Twitter::@c1c1l3,seco,1,7,1,Twitter
Twitter::@c1c1l3,colonia,1,2,4,Twitter
Twitter::@c1c1l3,puente,1,4,3,Twitter
Twitter::@c1c1l3,frontera,1,11,0,Twitter
Twitter::@c1c1l3,panuco,1,7,0,Twitter
Twitter::@c1c1l3,veracruz,1,5,2,Twitter
Twitter::@c1c1l3,regresar,1,10,3,Twitter
Twitter::@c1c1l3,contento,1,8,0,Twitter
Twitter::@chazarordz,tamaulipas,3,5,1,Twitter
Twitter::@chazarordz,cdvictoria,3,5,1,Twitter
Twitter::@chazarordz,coahuila,2,5,2,Twitter
Twitter::@chazarordz,ganar,2,10,2,Twitter
Twitter::@chazarordz,pri,1,11,5,Twitter
Twitter::@chazarordz,mexico,1,12,0,Twitter
Twitter::@chazarordz,real,1,13,2,Twitter
Twitter::@chazarordz,cambiar,1,2,0,Twitter
Twitter::@chazarordz,nacional,1,4,2,Twitter
Twitter::@chazarordz,romper,1,12,1,Twitter
Twitter::@chazarordz,morena,1,12,4,Twitter
Twitter::@chazarordz,seco,1,7,1,Twitter
Twitter::@chazarordz,eleccion,1,11,5,Twitter
Twitter::@chazarordz,aparato,1,11,5,Twitter
Twitter::@chazarordz,federal,1,12,1,Twitter
Twitter::@chazarordz,estructura,1,11,5,Twitter
Twitter::@chazarordz,territorio,1,6,2,Twitter
Twitter::@chazarordz,quitar,1,11,5,Twitter
Twitter::@chazarordz,dejar,1,9,0,Twitter
Twitter::@chazarordz,pedir,1,11,0,Twitter
Twitter::@chazarordz,renovacion,1,14,2,Twitter
Twitter::@contextodgo,luis,3,6,1,Twitter
Twitter::@contextodgo,medalla,3,12,3,Twitter
Twitter::@contextodgo,nacional,2,4,2,Twitter
Twitter::@contextodgo,deportivo,2,1,4,Twitter
Twitter::@contextodgo,metro,2,11,3,Twitter
Twitter::@contextodgo,plano,2,4,2,Twitter
Twitter::@contextodgo,atleta,1,13,0,Twitter
Twitter::@contextodgo,plantel,1,14,1,Twitter
Twitter::@contextodgo,abrir,1,6,1,Twitter
Twitter::@contextodgo,delegacion,1,10,1,Twitter
Twitter::@contextodgo,tamaulipas,1,5,1,Twitter
Twitter::@contextodgo,comenzar,1,7,0,Twitter
Twitter::@contextodgo,resultado,1,2,0,Twitter
Twitter::@contextodgo,participacion,1,1,0,Twitter
Twitter::@contextodgo,encuentro,1,1,4,Twitter
Twitter::@contextodgo,prueba,1,12,3,Twitter
Twitter::@contextodgo,notar,1,4,1,Twitter
Twitter::@contextodgo,web,1,14,3,Twitter
Twitter::@cristiancim,gente,2,6,2,Twitter
Twitter::@cristiancim,cualquiera,2,6,2,Twitter
Twitter::@cristiancim,acto,1,6,3,Twitter
Twitter::@cristiancim,funcionario,1,6,2,Twitter
Twitter::@cristiancim,dia,1,6,0,Twitter
Twitter::@cristiancim,llegar,1,10,1,Twitter
Twitter::@cristiancim,pais,1,12,0,Twitter
Twitter::@cristiancim,matar,1,9,0,Twitter
Twitter::@cuckoldtampico,zona,2,0,1,Twitter
Twitter::@cuckoldtampico,visitante,1,3,2,Twitter
Twitter::@cuckoldtampico,turista,1,8,3,Twitter
Twitter::@cuckoldtampico,preguntar,1,10,4,Twitter
Twitter::@cuckoldtampico,servicio,1,2,2,Twitter
Twitter::@cuckoldtampico,info,1,5,0,Twitter
Twitter::@cuckoldtampico,agradecer,1,10,0,Twitter
Twitter::@cuecroos1988,tampiqueno,1,2,0,Twitter
Twitter::@cuecroos1988,pensar,1,11,1,Twitter
Twitter::@cuecroos1988,problema,1,12,0,Twitter
Twitter::@cuecroos1988,apoyar,1,1,2,Twitter
Twitter::@cuecroos1988,equipo,1,13,3,Twitter
Twitter::@danielberl3,calle,2,9,1,Twitter
Twitter::@danielberl3,col,2,6,1,Twitter
Twitter::@danielberl3,marzo,2,6,1,Twitter
Twitter::@danielberl3,urge,2,6,1,Twitter
Twitter::@danielberl3,ciudad,1,13,1,Twitter
Twitter::@danielberl3,claro,1,4,3,Twitter
Twitter::@danielberl3,necesitar,1,2,0,Twitter
Twitter::@danielberl3,gente,1,6,2,Twitter
Twitter::@danielberl3,puesto,1,9,0,Twitter
Twitter::@davidtodologo,basura,1,3,1,Twitter
Twitter::@davidtodologo,tecnologico,1,14,1,Twitter
Twitter::@davidtodologo,persona,1,4,3,Twitter
Twitter::@davidtodologo,ganar,1,10,2,Twitter
Twitter::@davidtodologo,celular,1,13,4,Twitter
Twitter::@davidtodologo,area,1,10,0,Twitter
Twitter::@dect1608,ruta,5,14,4,Twitter
Twitter::@dect1608,turismo,3,14,4,Twitter
Twitter::@dect1608,plaza,3,1,1,Twitter
Twitter::@dect1608,turistico,2,14,4,Twitter
Twitter::@dect1608,ofrecer,2,3,2,Twitter
Twitter::@dect1608,laguna,2,3,2,Twitter
Twitter::@dect1608,carpintero,2,3,2,Twitter
Twitter::@dect1608,ampliar,1,14,4,Twitter
Twitter::@dect1608,experiencia,1,1,4,Twitter
Twitter::@dect1608,alcaldesa,1,8,0,Twitter
Twitter::@dect1608,equipo,1,13,3,Twitter
Twitter::@dect1608,temporada,1,0,1,Twitter
Twitter::@dect1608,vacacional,1,4,3,Twitter
Twitter::@dect1608,semanasanta,1,8,3,Twitter
Twitter::@dect1608,activo,1,13,4,Twitter
Twitter::@dect1608,jaiba,1,10,5,Twitter
Twitter::@dect1608,centro,1,13,3,Twitter
Twitter::@dect1608,historico,1,6,1,Twitter
Twitter::@dect1608,donde,1,12,2,Twitter
Twitter::@dect1608,hijas,1,1,1,Twitter
Twitter::@dect1608,armas,1,12,3,Twitter
Twitter::@dect1608,libertad,1,6,3,Twitter
Twitter::@dect1608,central,1,3,2,Twitter
Twitter::@dect1608,parque,1,14,4,Twitter
Twitter::@dect1608,andres,1,12,2,Twitter
Twitter::@dect1608,personal,1,0,2,Twitter
Twitter::@dect1608,atencion,1,7,3,Twitter
Twitter::@dect1608,recomendacion,1,0,2,Twitter
Twitter::@dect1608,turista,1,8,3,Twitter
Twitter::@dect1608,tamaulipas,1,5,1,Twitter
Twitter::@dect1608,vivir,1,8,2,Twitter
Twitter::@deestroya__,aca,1,4,6,Twitter
Twitter::@deestroya__,prueba,1,12,3,Twitter
Twitter::@deestroya__,fisico,1,4,3,Twitter
Twitter::@deestroya__,vuelta,1,11,0,Twitter
Twitter::@deestroya__,correr,1,7,4,Twitter
Twitter::@deestroya__,aparte,1,11,1,Twitter
Twitter::@deestroya__,aire,1,9,2,Twitter
Twitter::@deestroya__,limpio,1,7,0,Twitter
Twitter::@defensoriaifdp,universidad,1,10,1,Twitter
Twitter::@defensoriaifdp,informar,1,10,1,Twitter
Twitter::@defensoriaifdp,estudiante,1,5,3,Twitter
Twitter::@defensoriaifdp,derecho,1,10,3,Twitter
Twitter::@defensoriaifdp,educacion,1,14,1,Twitter
Twitter::@defensoriaifdp,libre,1,1,0,Twitter
Twitter::@defensoriaifdp,violencia,1,1,0,Twitter
Twitter::@defensoriaifdp,brindar,1,2,2,Twitter
Twitter::@defensoriaifdp,juridico,1,1,0,Twitter
Twitter::@defensoriaifdp,gratuito,1,2,2,Twitter
Twitter::@defensoriaifdp,caso,1,10,4,Twitter
Twitter::@defensoriaifdp,academico,1,1,2,Twitter
Twitter::@defensoriaifdp,servicio,1,2,2,Twitter
Twitter::@eGasControlVol,mexico,1,12,0,Twitter
Twitter::@eGasControlVol,lograr,1,13,2,Twitter
Twitter::@eGasControlVol,estacion,1,9,-1,Twitter
Twitter::@eGasControlVol,meta,1,13,2,Twitter
Twitter::@eGasControlVol,oficial,1,5,1,Twitter
Twitter::@eGasControlVol,crecer,1,6,0,Twitter
Twitter::@eGasControlVol,vigilancia,1,7,2,Twitter
Twitter::@eGasControlVol,combustible,1,12,5,Twitter
Twitter::@eGasControlVol,faltar,1,12,1,Twitter
Twitter::@eGasControlVol,dia,1,6,0,Twitter
Twitter::@eGasControlVol,esperar,1,4,0,Twitter
Twitter::@eGasControlVol,tamaulipas,1,5,1,Twitter
Twitter::@eGasControlVol,junio,1,1,0,Twitter
Twitter::@eGasControlVol,hotel,1,6,1,Twitter
Twitter::@eGasControlVol,registro,1,7,2,Twitter
Twitter::@eGasControlVol,pronto,1,11,3,Twitter
Twitter::@el_karadepapa,slp,1,5,2,Twitter
Twitter::@el_karadepapa,vecino,1,2,4,Twitter
Twitter::@el_karadepapa,zona,1,0,1,Twitter
Twitter::@el_karadepapa,medio,1,8,2,Twitter
Twitter::@el_karadepapa,hora,1,10,1,Twitter
Twitter::@elgraficotamps,destacar,1,14,4,Twitter
Twitter::@elgraficotamps,monica,1,3,0,Twitter
Twitter::@elgraficotamps,villarreal,1,3,0,Twitter
Twitter::@elgraficotamps,riqueza,1,14,4,Twitter
Twitter::@elgraficotamps,gastronomico,1,14,4,Twitter
Twitter::@elgraficotamps,motor,1,14,4,Twitter
Twitter::@elgraficotamps,turistico,1,14,4,Twitter
Twitter::@elgraficotamps,fortalece,1,14,3,Twitter
Twitter::@elgraficotamps,gobierno,1,12,3,Twitter
Twitter::@elgraficotamps,sistema,1,0,4,Twitter
Twitter::@elgraficotamps,alumbrado,1,14,3,Twitter
Twitter::@elgraficotamps,publico,1,14,3,Twitter
Twitter::@elgraficotamps,diverso,1,14,3,Twitter
Twitter::@elgraficotamps,sector,1,14,3,Twitter
Twitter::@elmercuriotam,tamaulipas,2,5,1,Twitter
Twitter::@elmercuriotam,region,1,1,2,Twitter
Twitter::@elmercuriotam,ciudad,1,13,1,Twitter
Twitter::@elmercuriotam,cdvictoria,1,5,1,Twitter
Twitter::@elsolde_tampico,sol,14,5,1,Twitter
Twitter::@elsolde_tampico,tamaulipas,6,5,1,Twitter
Twitter::@elsolde_tampico,vivir,5,8,2,Twitter
Twitter::@elsolde_tampico,mayo,5,10,0,Twitter
Twitter::@elsolde_tampico,visitante,4,3,2,Twitter
Twitter::@elsolde_tampico,ciudadmadero,4,5,0,Twitter
Twitter::@elsolde_tampico,atencion,3,7,3,Twitter
Twitter::@elsolde_tampico,altamira,3,5,0,Twitter
Twitter::@elsolde_tampico,zona,3,0,1,Twitter
Twitter::@elsolde_tampico,turistico,3,14,4,Twitter
Twitter::@elsolde_tampico,arbol,3,7,4,Twitter
Twitter::@elsolde_tampico,sur,3,14,2,Twitter
Twitter::@elsolde_tampico,hernandez,3,10,0,Twitter
Twitter::@elsolde_tampico,regalar,3,10,2,Twitter
Twitter::@elsolde_tampico,servicio,2,2,2,Twitter
Twitter::@elsolde_tampico,buscar,2,5,1,Twitter
Twitter::@elsolde_tampico,calor,2,7,1,Twitter
Twitter::@elsolde_tampico,alfredo,2,10,0,Twitter
Twitter::@elsolde_tampico,playa,2,10,2,Twitter
Twitter::@elsolde_tampico,sabado,2,4,5,Twitter
Twitter::@elsolde_tampico,gloria,2,4,1,Twitter
Twitter::@elsolde_tampico,persona,2,4,3,Twitter
Twitter::@elsolde_tampico,temporada,2,0,1,Twitter
Twitter::@elsolde_tampico,mantener,2,7,0,Twitter
Twitter::@elsolde_tampico,vivo,2,5,1,Twitter
Twitter::@elsolde_tampico,alejandro,2,2,4,Twitter
Twitter::@elsolde_tampico,angel,2,9,2,Twitter
Twitter::@elsolde_tampico,municipio,2,14,2,Twitter
Twitter::@elsolde_tampico,destacar,2,14,4,Twitter
Twitter::@elsolde_tampico,acudir,2,7,1,Twitter
Twitter::@elsolde_tampico,maximo,2,10,0,Twitter
Twitter::@elsolde_tampico,jueves,2,11,0,Twitter
Twitter::@elsolde_tampico,lluvia,2,0,1,Twitter
Twitter::@elsolde_tampico,municipal,2,14,0,Twitter
Twitter::@elsolde_tampico,rivera,2,9,1,Twitter
Twitter::@elsolde_tampico,colonia,2,2,4,Twitter
Twitter::@elsolde_tampico,tarde,2,8,1,Twitter
Twitter::@elsolde_tampico,volver,2,12,2,Twitter
Twitter::@elsolde_tampico,centro,2,13,3,Twitter
Twitter::@elsolde_tampico,clima,2,11,1,Twitter
Twitter::@elsolde_tampico,cambiar,2,2,0,Twitter
Twitter::@elsolde_tampico,pueblo,1,11,5,Twitter
Twitter::@elsolde_tampico,viejo,1,11,5,Twitter
Twitter::@elsolde_tampico,reforzar,1,7,3,Twitter
Twitter::@elsolde_tampico,medico,1,7,3,Twitter
Twitter::@elsolde_tampico,vacacion,1,5,1,Twitter
Twitter::@elsolde_tampico,gratuito,1,2,2,Twitter
Twitter::@elsolde_tampico,prevenir,1,7,3,Twitter
Twitter::@elsolde_tampico,riesgo,1,0,1,Twitter
Twitter::@elsolde_tampico,enfermedad,1,7,1,Twitter
Twitter::@elsolde_tampico,disfrutar,1,1,0,Twitter
Twitter::@elsolde_tampico,mar,1,6,3,Twitter
Twitter::@elsolde_tampico,diaz,1,9,2,Twitter
Twitter::@elsolde_tampico,vacacional,1,4,3,Twitter
Twitter::@elsolde_tampico,marzo,1,6,1,Twitter
Twitter::@elsolde_tampico,sumar,1,6,1,Twitter
Twitter::@elsolde_tampico,acuerdo,1,4,1,Twitter
Twitter::@elsolde_tampico,report,1,7,0,Twitter
Twitter::@elsolde_tampico,operativo,1,0,4,Twitter
Twitter::@elsolde_tampico,antonio,1,0,5,Twitter
Twitter::@elsolde_tampico,campos,1,6,3,Twitter
Twitter::@elsolde_tampico,tancol,1,2,4,Twitter
Twitter::@elsolde_tampico,tradicion,1,9,2,Twitter
Twitter::@elsolde_tampico,recordar,1,4,2,Twitter
Twitter::@elsolde_tampico,ano,1,11,2,Twitter
Twitter::@elsolde_tampico,vecino,1,2,4,Twitter
Twitter::@elsolde_tampico,salir,1,11,0,Twitter
Twitter::@elsolde_tampico,calle,1,9,1,Twitter
Twitter::@elsolde_tampico,musica,1,1,1,Twitter
Twitter::@elsolde_tampico,baile,1,8,1,Twitter
Twitter::@elsolde_tampico,continuar,1,14,0,Twitter
Twitter::@elsolde_tampico,llegar,1,10,1,Twitter
Twitter::@elsolde_tampico,hermosa,1,3,1,Twitter
Twitter::@elsolde_tampico,convertir,1,6,2,Twitter
Twitter::@elsolde_tampico,interes,1,10,1,Twitter
Twitter::@elsolde_tampico,tranquilidad,1,3,2,Twitter
Twitter::@elsolde_tampico,espacio,1,1,0,Twitter
Twitter::@elsolde_tampico,adecuado,1,3,3,Twitter
Twitter::@elsolde_tampico,millon,1,12,0,Twitter
Twitter::@elsolde_tampico,mdp,1,7,3,Twitter
Twitter::@elsolde_tampico,ambiente,1,8,2,Twitter
Twitter::@elsolde_tampico,turista,1,8,3,Twitter
Twitter::@elsolde_tampico,local,1,1,2,Twitter
Twitter::@elsolde_tampico,semana,1,4,5,Twitter
Twitter::@elsolde_tampico,josue,1,13,-1,Twitter
Twitter::@elsolde_tampico,garcia,1,12,2,Twitter
Twitter::@elsolde_tampico,reynosa,1,5,0,Twitter
Twitter::@elsolde_tampico,aplicar,1,11,1,Twitter
Twitter::@elsolde_tampico,basico,1,6,0,Twitter
Twitter::@elsolde_tampico,temperatura,1,7,1,Twitter
Twitter::@elsolde_tampico,intenso,1,7,1,Twitter
Twitter::@elsolde_tampico,madrugada,1,0,1,Twitter
Twitter::@elsolde_tampico,provocar,1,6,0,Twitter
Twitter::@elsolde_tampico,afectacion,1,0,1,Twitter
Twitter::@elsolde_tampico,dano,1,4,1,Twitter
Twitter::@elsolde_tampico,caida,1,12,-1,Twitter
Twitter::@elsolde_tampico,jose,1,0,5,Twitter
Twitter::@elsolde_tampico,luis,1,6,1,Twitter
Twitter::@elsolde_tampico,alcalde,1,4,6,Twitter
Twitter::@elsolde_tampico,erasmo,1,13,1,Twitter
Twitter::@elsolde_tampico,gonzalez,1,5,1,Twitter
Twitter::@elsolde_tampico,robledo,1,8,4,Twitter
Twitter::@elsolde_tampico,encabezar,1,14,0,Twitter
Twitter::@elsolde_tampico,inauguracion,1,10,0,Twitter
Twitter::@elsolde_tampico,francisco,1,9,-1,Twitter
Twitter::@elsolde_tampico,campo,1,2,0,Twitter
Twitter::@elsolde_tampico,solidaridad,1,10,3,Twitter
Twitter::@elsolde_tampico,madre,1,10,3,Twitter
Twitter::@elsolde_tampico,integrante,1,10,3,Twitter
Twitter::@elsolde_tampico,colectivo,1,6,3,Twitter
Twitter::@elsolde_tampico,familiar,1,4,0,Twitter
Twitter::@elsolde_tampico,perder,1,11,5,Twitter
Twitter::@elsolde_tampico,sufrir,1,6,2,Twitter
Twitter::@elsolde_tampico,inundacion,1,9,1,Twitter
Twitter::@elsolde_tampico,hogar,1,0,2,Twitter
Twitter::@elsolde_tampico,mama,1,10,3,Twitter
Twitter::@elsolde_tampico,destino,1,4,5,Twitter
Twitter::@elsolde_tampico,juan,1,10,0,Twitter
Twitter::@elsolde_tampico,iniciar,1,5,1,Twitter
Twitter::@elsolde_tampico,presentar,1,10,0,Twitter
Twitter::@elsolde_tampico,martes,1,1,3,Twitter
Twitter::@elsolde_tampico,recinto,1,10,3,Twitter
Twitter::@elsolde_tampico,ferial,1,0,3,Twitter
Twitter::@elsolde_tampico,llamado,1,0,1,Twitter
Twitter::@elsolde_tampico,real,1,13,2,Twitter
Twitter::@elsolde_tampico,llenar,1,1,1,Twitter
Twitter::@elsolde_tampico,vida,1,7,4,Twitter
Twitter::@elsolde_tampico,color,1,9,2,Twitter
Twitter::@elsolde_tampico,crecer,1,6,0,Twitter
Twitter::@elsolde_tampico,afuera,1,4,4,Twitter
Twitter::@elsolde_tampico,barandilla,1,4,4,Twitter
Twitter::@elsolde_tampico,senalar,1,4,4,Twitter
Twitter::@elsolde_tampico,presunto,1,4,4,Twitter
Twitter::@elsolde_tampico,fraude,1,4,4,Twitter
Twitter::@elsolde_tampico,relacionado,1,4,4,Twitter
Twitter::@elsolde_tampico,organizacion,1,4,4,Twitter
Twitter::@elsolde_tampico,evento,1,8,1,Twitter
Twitter::@elsolde_tampico,social,1,2,3,Twitter
Twitter::@elsolde_tampico,autoridad,1,0,3,Twitter
Twitter::@elsolde_tampico,emitir,1,4,4,Twitter
Twitter::@elsolde_tampico,situacion,1,0,1,Twitter
Twitter::@elsolde_tampico,juridico,1,1,0,Twitter
Twitter::@elsolde_tampico,nota,1,5,1,Twitter
Twitter::@elsolde_tampico,comunidad,1,3,0,Twitter
Twitter::@elsolde_tampico,quedar,1,11,0,Twitter
Twitter::@elsolde_tampico,nacional,1,4,2,Twitter
Twitter::@elsolde_tampico,cierre,1,5,3,Twitter
Twitter::@elsolde_tampico,emocion,1,4,0,Twitter
Twitter::@elsolde_tampico,norte,1,10,1,Twitter
Twitter::@elsolde_tampico,comapa,1,2,2,Twitter
Twitter::@elsolde_tampico,informar,1,10,1,Twitter
Twitter::@elsolde_tampico,mantenimiento,1,3,3,Twitter
Twitter::@elsolde_tampico,electrico,1,0,1,Twitter
Twitter::@elsolde_tampico,laguna,1,3,2,Twitter
Twitter::@elsolde_tampico,puerta,1,10,0,Twitter
Twitter::@elsolde_tampico,suministro,1,0,1,Twitter
Twitter::@elsolde_tampico,agua,1,3,1,Twitter
Twitter::@elsolde_tampico,viernes,1,10,0,Twitter
Twitter::@elsolde_tampico,noticia,1,11,6,Twitter
Twitter::@elsolde_tampico,logro,1,13,1,Twitter
Twitter::@elsolde_tampico,pequeno,1,0,4,Twitter
Twitter::@elsolde_tampico,inolvidable,1,4,0,Twitter
Twitter::@elsolde_tampico,invitar,1,1,3,Twitter
Twitter::@elsolde_tampico,numero,1,10,0,Twitter
Twitter::@elsolde_tampico,solicitar,1,7,3,Twitter
Twitter::@elsolde_tampico,intervencion,1,12,-1,Twitter
Twitter::@elsolde_tampico,bomberos,1,0,0,Twitter
Twitter::@elsolde_tampico,animal,1,8,2,Twitter
Twitter::@elsolde_tampico,auxilio,1,0,-1,Twitter
Twitter::@elsolde_tampico,pasar,1,11,3,Twitter
Twitter::@elsolde_tampico,libro,1,3,4,Twitter
Twitter::@elsolde_tampico,legado,1,1,3,Twitter
Twitter::@elsolde_tampico,cultural,1,1,1,Twitter
Twitter::@elsolde_tampico,vista,1,14,1,Twitter
Twitter::@elsolde_tampico,opinion,1,10,4,Twitter
Twitter::@expedientes_mx,seguir,2,2,0,Twitter
Twitter::@expedientes_mx,nombre,2,12,2,Twitter
Twitter::@expedientes_mx,unidos,1,11,6,Twitter
Twitter::@expedientes_mx,ruta,1,14,4,Twitter
Twitter::@expedientes_mx,huachicol,1,12,2,Twitter
Twitter::@expedientes_mx,fiscal,1,12,2,Twitter
Twitter::@expedientes_mx,adan,1,12,2,Twitter
Twitter::@expedientes_mx,augusto,1,12,2,Twitter
Twitter::@expedientes_mx,volver,1,12,2,Twitter
Twitter::@expedientes_mx,aparecer,1,4,2,Twitter
Twitter::@expedientes_mx,empresa,1,13,2,Twitter
Twitter::@expedientes_mx,barredora,1,2,0,Twitter
Twitter::@expedientes_mx,hernan,1,12,2,Twitter
Twitter::@expedientes_mx,pieza,1,1,3,Twitter
Twitter::@expedientes_mx,cambiar,1,2,0,Twitter
Twitter::@expedientes_mx,conectar,1,3,2,Twitter
Twitter::@expedientes_mx,historia,1,1,3,Twitter
Twitter::@ferbel140,vivir,1,8,2,Twitter
Twitter::@ferbel140,alla,1,11,0,Twitter
Twitter::@ferbel140,servir,1,6,2,Twitter
Twitter::@ferbel140,prueba,1,12,3,Twitter
Twitter::@ferbel140,confianza,1,2,0,Twitter
Twitter::@ferbel140,pobre,1,12,0,Twitter
Twitter::@ferbel140,gente,1,6,2,Twitter
Twitter::@ferbel140,hablar,1,11,0,Twitter
Twitter::@ferbel140,sear,1,11,0,Twitter
Twitter::@gLordca,quejar,1,9,1,Twitter
Twitter::@gLordca,cafe,1,6,1,Twitter
Twitter::@gLordca,chairel,1,6,1,Twitter
Twitter::@gLordca,sala,1,6,1,Twitter
Twitter::@gLordca,semana,1,4,5,Twitter
Twitter::@gLordca,llegar,1,10,1,Twitter
Twitter::@gLordca,camino,1,6,1,Twitter
Twitter::@gdlyuridia,salir,3,11,0,Twitter
Twitter::@gdlyuridia,venta,3,10,0,Twitter
Twitter::@gdlyuridia,mayo,2,10,0,Twitter
Twitter::@gdlyuridia,mesa,1,10,0,Twitter
Twitter::@gdlyuridia,acapulco,1,10,0,Twitter
Twitter::@gdlyuridia,boleto,1,10,2,Twitter
Twitter::@gdlyuridia,fecha,1,10,0,Twitter
Twitter::@gdlyuridia,desear,1,4,6,Twitter
Twitter::@gdlyuridia,asistir,1,8,2,Twitter
Twitter::@gdlyuridia,recinto,1,10,3,Twitter
Twitter::@gdlyuridia,informacion,1,11,0,Twitter
Twitter::@gdlyuridia,general,1,10,0,Twitter
Twitter::@gdlyuridia,hora,1,10,1,Twitter
Twitter::@gdlyuridia,evento,1,8,1,Twitter
Twitter::@gdlyuridia,manejar,1,9,4,Twitter
Twitter::@globaLATvideo,mexico,1,12,0,Twitter
Twitter::@globaLATvideo,autoridad,1,0,3,Twitter
Twitter::@globaLATvideo,impulsar,1,1,2,Twitter
Twitter::@globaLATvideo,programa,1,2,3,Twitter
Twitter::@globaLATvideo,vehiculo,1,7,2,Twitter
Twitter::@globaLATvideo,objetivo,1,0,1,Twitter
Twitter::@globaLATvideo,reducir,1,14,3,Twitter
Twitter::@globaLATvideo,animal,1,8,2,Twitter
Twitter::@globaLATvideo,recibir,1,9,2,Twitter
Twitter::@globaLATvideo,cuidado,1,3,2,Twitter
Twitter::@globaLATvideo,trabajador,1,10,3,Twitter
Twitter::@globaLATvideo,unidad,1,6,1,Twitter
Twitter::@globaLATvideo,labor,1,3,3,Twitter
Twitter::@globaLATvideo,diario,1,3,0,Twitter
Twitter::@gruponoticiaspc,leer,20,14,3,Twitter
Twitter::@gruponoticiaspc,monica,14,3,0,Twitter
Twitter::@gruponoticiaspc,villarreal,14,3,0,Twitter
Twitter::@gruponoticiaspc,gobierno,13,12,3,Twitter
Twitter::@gruponoticiaspc,municipal,9,14,0,Twitter
Twitter::@gruponoticiaspc,turistico,6,14,4,Twitter
Twitter::@gruponoticiaspc,fortalecer,6,14,0,Twitter
Twitter::@gruponoticiaspc,publico,5,14,3,Twitter
Twitter::@gruponoticiaspc,alcaldesa,4,8,0,Twitter
Twitter::@gruponoticiaspc,ciudad,4,13,1,Twitter
Twitter::@gruponoticiaspc,compromiso,4,2,0,Twitter
Twitter::@gruponoticiaspc,anaya,4,3,0,Twitter
Twitter::@gruponoticiaspc,madero,4,5,0,Twitter
Twitter::@gruponoticiaspc,programa,3,2,3,Twitter
Twitter::@gruponoticiaspc,salud,3,2,3,Twitter
Twitter::@gruponoticiaspc,tianguis,3,10,0,Twitter
Twitter::@gruponoticiaspc,mexico,3,12,0,Twitter
Twitter::@gruponoticiaspc,impulsar,3,1,2,Twitter
Twitter::@gruponoticiaspc,sector,2,14,3,Twitter
Twitter::@gruponoticiaspc,secretaria,2,14,2,Twitter
Twitter::@gruponoticiaspc,continuar,2,14,0,Twitter
Twitter::@gruponoticiaspc,accion,2,2,0,Twitter
Twitter::@gruponoticiaspc,estrategico,2,6,1,Twitter
Twitter::@gruponoticiaspc,desarrollo,2,1,2,Twitter
Twitter::@gruponoticiaspc,urbano,2,14,2,Twitter
Twitter::@gruponoticiaspc,cabo,2,0,2,Twitter
Twitter::@gruponoticiaspc,beca,2,13,3,Twitter
Twitter::@gruponoticiaspc,dia,2,6,0,Twitter
Twitter::@gruponoticiaspc,entrega,2,13,3,Twitter
Twitter::@gruponoticiaspc,bienestar,2,2,3,Twitter
Twitter::@gruponoticiaspc,colonia,2,2,4,Twitter
Twitter::@gruponoticiaspc,familia,2,1,0,Twitter
Twitter::@gruponoticiaspc,presidenta,2,8,0,Twitter
Twitter::@gruponoticiaspc,acapulco,2,10,0,Twitter
Twitter::@gruponoticiaspc,mantenimiento,2,3,3,Twitter
Twitter::@gruponoticiaspc,tecnologico,2,14,1,Twitter
Twitter::@gruponoticiaspc,laboral,2,6,-1,Twitter
Twitter::@gruponoticiaspc,sanitario,2,7,-1,Twitter
Twitter::@gruponoticiaspc,despicadora,2,7,-1,Twitter
Twitter::@gruponoticiaspc,beneficio,2,2,3,Twitter
Twitter::@gruponoticiaspc,ayuntamiento,2,0,2,Twitter
Twitter::@gruponoticiaspc,automovil,2,7,2,Twitter
Twitter::@gruponoticiaspc,maestro,2,6,0,Twitter
Twitter::@gruponoticiaspc,asegurar,2,4,3,Twitter
Twitter::@gruponoticiaspc,administracion,2,14,0,Twitter
Twitter::@gruponoticiaspc,regidor,2,8,0,Twitter
Twitter::@gruponoticiaspc,reynosa,2,5,0,Twitter
Twitter::@gruponoticiaspc,ley,2,11,1,Twitter
Twitter::@gruponoticiaspc,deuda,2,14,3,Twitter
Twitter::@gruponoticiaspc,dengue,2,14,0,Twitter
Twitter::@gruponoticiaspc,persona,2,4,3,Twitter
Twitter::@gruponoticiaspc,destacar,1,14,4,Twitter
Twitter::@gruponoticiaspc,gastronomia,1,8,4,Twitter
Twitter::@gruponoticiaspc,clave,1,6,2,Twitter
Twitter::@gruponoticiaspc,turismo,1,14,4,Twitter
Twitter::@gruponoticiaspc,regional,1,14,4,Twitter
Twitter::@gruponoticiaspc,riqueza,1,14,4,Twitter
Twitter::@gruponoticiaspc,gastronomico,1,14,4,Twitter
Twitter::@gruponoticiaspc,consolidar,1,1,2,Twitter
Twitter::@gruponoticiaspc,principal,1,9,1,Twitter
Twitter::@gruponoticiaspc,motor,1,14,4,Twitter
Twitter::@gruponoticiaspc,region,1,1,2,Twitter
Twitter::@gruponoticiaspc,fortalece,1,14,3,Twitter
Twitter::@gruponoticiaspc,sistema,1,0,4,Twitter
Twitter::@gruponoticiaspc,alumbrado,1,14,3,Twitter
Twitter::@gruponoticiaspc,diverso,1,14,3,Twitter
Twitter::@gruponoticiaspc,servicios,1,2,2,Twitter
Twitter::@gruponoticiaspc,publicos,1,14,2,Twitter
Twitter::@gruponoticiaspc,concluir,1,14,2,Twitter
Twitter::@gruponoticiaspc,exito,1,8,0,Twitter
Twitter::@gruponoticiaspc,generacion,1,1,3,Twitter
Twitter::@gruponoticiaspc,futuro,1,13,1,Twitter
Twitter::@gruponoticiaspc,obras,1,0,2,Twitter
Twitter::@gruponoticiaspc,publicas,1,0,2,Twitter
Twitter::@gruponoticiaspc,taller,1,3,4,Twitter
Twitter::@gruponoticiaspc,superar,1,7,3,Twitter
Twitter::@gruponoticiaspc,millon,1,12,0,Twitter
Twitter::@gruponoticiaspc,pesos,1,13,3,Twitter
Twitter::@gruponoticiaspc,educacion,1,14,1,Twitter
Twitter::@gruponoticiaspc,cuarto,1,4,0,Twitter
Twitter::@gruponoticiaspc,arranca,1,3,0,Twitter
Twitter::@gruponoticiaspc,sonrisas,1,2,3,Twitter
Twitter::@gruponoticiaspc,luis,1,6,1,Twitter
Twitter::@gruponoticiaspc,echeverria,1,2,3,Twitter
Twitter::@gruponoticiaspc,garantizar,1,0,3,Twitter
Twitter::@gruponoticiaspc,servicio,1,2,2,Twitter
Twitter::@gruponoticiaspc,medico,1,7,3,Twitter
Twitter::@gruponoticiaspc,calidad,1,2,2,Twitter
Twitter::@gruponoticiaspc,zona,1,0,1,Twitter
Twitter::@gruponoticiaspc,prioritario,1,7,3,Twitter
Twitter::@gruponoticiaspc,reafirma,1,3,0,Twitter
Twitter::@gruponoticiaspc,tampiquenas,1,14,0,Twitter
Twitter::@gruponoticiaspc,encabezado,1,14,0,Twitter
Twitter::@gruponoticiaspc,asistir,1,8,2,Twitter
Twitter::@gruponoticiaspc,inauguracion,1,10,0,Twitter
Twitter::@gruponoticiaspc,guerrero,1,10,0,Twitter
Twitter::@gruponoticiaspc,promocion,1,8,0,Twitter
Twitter::@gruponoticiaspc,internacional,1,13,1,Twitter
Twitter::@gruponoticiaspc,conectividad,1,13,1,Twitter
Twitter::@gruponoticiaspc,marco,1,6,0,Twitter
Twitter::@gruponoticiaspc,reafirmar,1,1,0,Twitter
Twitter::@gruponoticiaspc,iniciativa,1,13,2,Twitter
Twitter::@gruponoticiaspc,privado,1,4,2,Twitter
Twitter::@gruponoticiaspc,congreso,1,5,1,Twitter
Twitter::@gruponoticiaspc,juvenil,1,6,1,Twitter
Twitter::@gruponoticiaspc,cuidar,1,2,1,Twitter
Twitter::@gruponoticiaspc,emocion,1,4,0,Twitter
Twitter::@gruponoticiaspc,resultado,1,2,0,Twitter
Twitter::@gruponoticiaspc,colaboracion,1,0,5,Twitter
Twitter::@gruponoticiaspc,comapa,1,2,2,Twitter
Twitter::@gruponoticiaspc,altamira,1,5,0,Twitter
Twitter::@gruponoticiaspc,drenaje,1,3,3,Twitter
Twitter::@gruponoticiaspc,ubicado,1,3,3,Twitter
Twitter::@gruponoticiaspc,miramar,1,10,2,Twitter
Twitter::@gruponoticiaspc,proyecto,1,14,4,Twitter
Twitter::@gruponoticiaspc,instituto,1,8,2,Twitter
Twitter::@gruponoticiaspc,universidad,1,10,1,Twitter
Twitter::@gruponoticiaspc,tamaulipas,1,5,1,Twitter
Twitter::@gruponoticiaspc,derecho,1,10,3,Twitter
Twitter::@gruponoticiaspc,encabezar,1,14,0,Twitter
Twitter::@gruponoticiaspc,certificado,1,7,-1,Twitter
Twitter::@gruponoticiaspc,cultura,1,1,1,Twitter
Twitter::@gruponoticiaspc,preventivo,1,0,1,Twitter
Twitter::@gruponoticiaspc,simulacro,1,0,4,Twitter
Twitter::@gruponoticiaspc,nacional,1,4,2,Twitter
Twitter::@gruponoticiaspc,ejercicio,1,0,4,Twitter
Twitter::@gruponoticiaspc,centro,1,13,3,Twitter
Twitter::@gruponoticiaspc,cultural,1,1,1,Twitter
Twitter::@gruponoticiaspc,sumar,1,6,1,Twitter
Twitter::@gruponoticiaspc,bacheo,1,5,1,Twitter
Twitter::@gruponoticiaspc,vialidad,1,2,2,Twitter
Twitter::@gruponoticiaspc,seguir,1,2,0,Twitter
Twitter::@gruponoticiaspc,mejorar,1,2,2,Twitter
Twitter::@gruponoticiaspc,movilidad,1,2,2,Twitter
Twitter::@gruponoticiaspc,seguridad,1,0,3,Twitter
Twitter::@gruponoticiaspc,vial,1,5,1,Twitter
Twitter::@gruponoticiaspc,tampiquena,1,2,3,Twitter
Twitter::@gruponoticiaspc,condicion,1,14,2,Twitter
Twitter::@gruponoticiaspc,trabajador,1,10,3,Twitter
Twitter::@gruponoticiaspc,eventual,1,8,0,Twitter
Twitter::@gruponoticiaspc,gracias,1,8,0,Twitter
Twitter::@gruponoticiaspc,manejo,1,11,1,Twitter
Twitter::@gruponoticiaspc,responsable,1,3,2,Twitter
Twitter::@gruponoticiaspc,eficiente,1,0,4,Twitter
Twitter::@gruponoticiaspc,transparente,1,11,5,Twitter
Twitter::@gruponoticiaspc,origen,1,9,-1,Twitter
Twitter::@gruponoticiaspc,reciente,1,13,1,Twitter
Twitter::@gruponoticiaspc,festejo,1,8,1,Twitter
Twitter::@gruponoticiaspc,unidad,1,6,1,Twitter
Twitter::@gruponoticiaspc,recurso,1,4,3,Twitter
Twitter::@gruponoticiaspc,historico,1,6,1,Twitter
Twitter::@gruponoticiaspc,mantener,1,7,0,Twitter
Twitter::@gruponoticiaspc,apoyo,1,2,2,Twitter
Twitter::@gruponoticiaspc,economico,1,13,2,Twitter
Twitter::@gruponoticiaspc,participacion,1,1,0,Twitter
Twitter::@gruponoticiaspc,ciudadano,1,1,0,Twitter
Twitter::@gruponoticiaspc,llamar,1,11,1,Twitter
Twitter::@gruponoticiaspc,politica,1,9,2,Twitter
Twitter::@gruponoticiaspc,reducir,1,14,3,Twitter
Twitter::@gruponoticiaspc,mitad,1,14,3,Twitter
Twitter::@gruponoticiaspc,alcanzar,1,6,1,Twitter
Twitter::@gruponoticiaspc,avance,1,14,1,Twitter
Twitter::@gruponoticiaspc,significativo,1,6,3,Twitter
Twitter::@gruponoticiaspc,ano,1,11,2,Twitter
Twitter::@gruponoticiaspc,buscar,1,5,1,Twitter
Twitter::@gruponoticiaspc,innovacion,1,6,1,Twitter
Twitter::@gruponoticiaspc,caso,1,10,4,Twitter
Twitter::@gruponoticiaspc,producto,1,1,2,Twitter
Twitter::@gruponoticiaspc,azar,1,8,3,Twitter
Twitter::@gruponoticiaspc,detras,1,9,2,Twitter
Twitter::@gruponoticiaspc,cifra,1,14,0,Twitter
Twitter::@gruponoticiaspc,existir,1,10,1,Twitter
Twitter::@gruponoticiaspc,estrategia,1,14,0,Twitter
Twitter::@gruponoticiaspc,permanente,1,14,0,Twitter
Twitter::@gruponoticiaspc,prevencion,1,0,3,Twitter
Twitter::@gruponoticiaspc,reunir,1,1,3,Twitter
Twitter::@gruponoticiaspc,municipio,1,14,2,Twitter
Twitter::@gruponoticiaspc,celebrar,1,1,3,Twitter
Twitter::@gruponoticiaspc,triunfo,1,11,2,Twitter
Twitter::@gruponoticiaspc,martes,1,1,3,Twitter
Twitter::@gruponoticiaspc,plaza,1,1,1,Twitter
Twitter::@gruponoticiaspc,armas,1,12,3,Twitter
Twitter::@guiy3,llegar,2,10,1,Twitter
Twitter::@guiy3,pesimo,1,10,1,Twitter
Twitter::@guiy3,servicio,1,2,2,Twitter
Twitter::@guiy3,mes,1,4,3,Twitter
Twitter::@guiy3,esperar,1,4,0,Twitter
Twitter::@guiy3,traer,1,11,0,Twitter
Twitter::@guiy3,vuelta,1,11,0,Twitter
Twitter::@infodemiaMex,atencion,3,7,3,Twitter
Twitter::@infodemiaMex,hospital,3,7,3,Twitter
Twitter::@infodemiaMex,aire,2,9,2,Twitter
Twitter::@infodemiaMex,proceso,2,3,3,Twitter
Twitter::@infodemiaMex,falso,1,9,0,Twitter
Twitter::@infodemiaMex,general,1,10,0,Twitter
Twitter::@infodemiaMex,carlos,1,4,0,Twitter
Twitter::@infodemiaMex,abril,1,0,3,Twitter
Twitter::@infodemiaMex,continuar,1,14,0,Twitter
Twitter::@infodemiaMex,brindar,1,2,2,Twitter
Twitter::@infodemiaMex,medico,1,7,3,Twitter
Twitter::@infodemiaMex,mantener,1,7,0,Twitter
Twitter::@infodemiaMex,permanente,1,14,0,Twitter
Twitter::@infodemiaMex,informar,1,10,1,Twitter
Twitter::@infodemiaMex,sistema,1,0,4,Twitter
Twitter::@infodemiaMex,unidad,1,6,1,Twitter
Twitter::@infodemiaMex,encontrar,1,7,4,Twitter
Twitter::@infodemiaMex,rehabilitacion,1,14,4,Twitter
Twitter::@infodemiaMex,fortalecer,1,14,0,Twitter
Twitter::@infodemiaMex,infraestructura,1,14,3,Twitter
Twitter::@infodemiaMex,senalar,1,4,4,Twitter
Twitter::@infodemiaMex,suministro,1,0,1,Twitter
Twitter::@infodemiaMex,permitir,1,14,0,Twitter
Twitter::@infodemiaMex,continuo,1,13,5,Twitter
Twitter::@infodemiaMex,oportuno,1,7,3,Twitter
Twitter::@jgutierrrezvega,luis,5,6,1,Twitter
Twitter::@jgutierrrezvega,grupo,3,13,3,Twitter
Twitter::@jgutierrrezvega,madero,3,5,0,Twitter
Twitter::@jgutierrrezvega,politica,3,9,2,Twitter
Twitter::@jgutierrrezvega,amigo,3,9,2,Twitter
Twitter::@jgutierrrezvega,lider,3,12,2,Twitter
Twitter::@jgutierrrezvega,gerardo,3,0,0,Twitter
Twitter::@jgutierrrezvega,perez,3,2,2,Twitter
Twitter::@jgutierrrezvega,sanchez,3,8,1,Twitter
Twitter::@jgutierrrezvega,torneo,3,1,4,Twitter
Twitter::@jgutierrrezvega,pesca,3,1,4,Twitter
Twitter::@jgutierrrezvega,presente,2,4,5,Twitter
Twitter::@jgutierrrezvega,evento,2,8,1,Twitter
Twitter::@jgutierrrezvega,recibir,2,9,2,Twitter
Twitter::@jgutierrrezvega,familia,2,1,0,Twitter
Twitter::@jgutierrrezvega,compromiso,1,2,0,Twitter
Twitter::@jgutierrrezvega,unidad,1,6,1,Twitter
Twitter::@jgutierrrezvega,listo,1,10,0,Twitter
Twitter::@jgutierrrezvega,merecer,1,10,3,Twitter
Twitter::@jlaram12,equipo,4,13,3,Twitter
Twitter::@jlaram12,nivel,2,4,2,Twitter
Twitter::@jlaram12,tratar,2,10,4,Twitter
Twitter::@jlaram12,aficionado,1,4,0,Twitter
Twitter::@jlaram12,ano,1,11,2,Twitter
Twitter::@jlaram12,creer,1,12,3,Twitter
Twitter::@jlaram12,america,1,10,5,Twitter
Twitter::@jlaram12,puebla,1,5,2,Twitter
Twitter::@jlaram12,historia,1,1,3,Twitter
Twitter::@jlaram12,ganar,1,10,2,Twitter
Twitter::@jlaram12,mexicano,1,4,1,Twitter
Twitter::@jlaram12,importancia,1,9,2,Twitter
Twitter::@jlaram12,contar,1,6,0,Twitter
Twitter::@jlaram12,respaldo,1,10,3,Twitter
Twitter::@jlaram12,empresa,1,13,2,Twitter
Twitter::@jlaram12,deportivo,1,1,4,Twitter
Twitter::@jlaram12,pobre,1,12,0,Twitter
Twitter::@jlaram12,dinero,1,12,5,Twitter
Twitter::@jlaram12,ganador,1,10,2,Twitter
Twitter::@jlaram12,monterrey,1,5,2,Twitter
Twitter::@juanluis627,ave,1,6,3,Twitter
Twitter::@juanluis627,world,1,2,0,Twitter
Twitter::@juanluis627,canal,1,9,1,Twitter
Twitter::@juanluis627,love,1,10,5,Twitter
Twitter::@juanluis627,see,1,10,5,Twitter
Twitter::@julioalex4,cualquiera,2,6,2,Twitter
Twitter::@julioalex4,funcionario,2,6,2,Twitter
Twitter::@julioalex4,gente,1,6,2,Twitter
Twitter::@julioalex4,acto,1,6,3,Twitter
Twitter::@julioalex4,criticar,1,12,3,Twitter
Twitter::@julioalex4,mil,1,8,3,Twitter
Twitter::@julioalex4,justicia,1,11,1,Twitter
Twitter::@kyodakewa27,saludos,2,11,2,Twitter
Twitter::@kyodakewa27,lastima,1,10,2,Twitter
Twitter::@kyodakewa27,zona,1,0,1,Twitter
Twitter::@kyodakewa27,norte,1,10,1,Twitter
Twitter::@kyodakewa27,ciudad,1,13,1,Twitter
Twitter::@lacapital2006,tamaulipas,20,5,1,Twitter
Twitter::@lacapital2006,cdmx,18,5,2,Twitter
Twitter::@lacapital2006,monterrey,16,5,2,Twitter
Twitter::@lacapital2006,slp,14,5,2,Twitter
Twitter::@lacapital2006,cdvictoria,12,5,1,Twitter
Twitter::@lacapital2006,reynosa,10,5,0,Twitter
Twitter::@lacapital2006,matamoros,10,5,0,Twitter
Twitter::@lacapital2006,toluca,9,5,2,Twitter
Twitter::@lacapital2006,guadalajara,9,5,2,Twitter
Twitter::@lacapital2006,riobravo,9,5,0,Twitter
Twitter::@lacapital2006,altamira,9,5,0,Twitter
Twitter::@lacapital2006,coahuila,8,5,2,Twitter
Twitter::@lacapital2006,queretaro,8,5,2,Twitter
Twitter::@lacapital2006,mexico,8,12,0,Twitter
Twitter::@lacapital2006,puebla,7,5,2,Twitter
Twitter::@lacapital2006,nuevolaredo,7,5,0,Twitter
Twitter::@lacapital2006,veracruz,6,5,2,Twitter
Twitter::@lacapital2006,elmante,6,5,0,Twitter
Twitter::@lacapital2006,ciudadmadero,6,5,0,Twitter
Twitter::@lacapital2006,uat,5,5,1,Twitter
Twitter::@lacapital2006,ciudadvictoria,5,5,0,Twitter
Twitter::@lacapital2006,morelia,4,5,2,Twitter
Twitter::@lacapital2006,mante,4,5,2,Twitter
Twitter::@lacapital2006,vallehermoso,3,5,0,Twitter
Twitter::@lacapital2006,pumas,3,5,2,Twitter
Twitter::@lacapital2006,america,3,10,5,Twitter
Twitter::@lacapital2006,sinaloa,3,5,2,Twitter
Twitter::@lacapital2006,ligamx,2,8,3,Twitter
Twitter::@lacapital2006,rector,2,5,1,Twitter
Twitter::@lacapital2006,agenda,2,1,1,Twitter
Twitter::@lacapital2006,madero,2,5,0,Twitter
Twitter::@lacapital2006,cnte,2,9,-1,Twitter
Twitter::@lacapital2006,americo,2,14,1,Twitter
Twitter::@lacapital2006,villarreal,2,3,0,Twitter
Twitter::@lacapital2006,lluvia,2,0,1,Twitter
Twitter::@lacapital2006,gonzalez,2,5,1,Twitter
Twitter::@lacapital2006,participar,1,10,2,Twitter
Twitter::@lacapital2006,millon,1,12,0,Twitter
Twitter::@lacapital2006,persona,1,4,3,Twitter
Twitter::@lacapital2006,simulacro,1,0,4,Twitter
Twitter::@lacapital2006,presentar,1,10,0,Twitter
Twitter::@lacapital2006,quedar,1,11,0,Twitter
Twitter::@lacapital2006,mundial,1,4,0,Twitter
Twitter::@lacapital2006,acudir,1,7,1,Twitter
Twitter::@lacapital2006,atacar,1,5,1,Twitter
Twitter::@lacapital2006,final,1,10,2,Twitter
Twitter::@lacapital2006,mazatlan,1,8,3,Twitter
Twitter::@lacapital2006,leon,1,8,3,Twitter
Twitter::@lacapital2006,llegar,1,10,1,Twitter
Twitter::@lacapital2006,reconocer,1,6,0,Twitter
Twitter::@lacapital2006,madre,1,10,3,Twitter
Twitter::@lacapital2006,universitario,1,5,1,Twitter
Twitter::@lacapital2006,tamaulipeca,1,5,1,Twitter
Twitter::@lacapital2006,lider,1,12,2,Twitter
Twitter::@lacapital2006,seguir,1,2,0,Twitter
Twitter::@lacapital2006,vivo,1,5,1,Twitter
Twitter::@lacapital2006,anunciar,1,10,2,Twitter
Twitter::@lacapital2006,damaso,1,5,1,Twitter
Twitter::@lacapital2006,anaya,1,3,0,Twitter
Twitter::@lacapital2006,apertura,1,0,5,Twitter
Twitter::@lacapital2006,inversion,1,5,1,Twitter
Twitter::@lacapital2006,historico,1,6,1,Twitter
Twitter::@lacapital2006,fortalecer,1,14,0,Twitter
Twitter::@lacapital2006,seguridad,1,0,3,Twitter
Twitter::@lacapital2006,cerrar,1,5,1,Twitter
Twitter::@lacapital2006,mesa,1,10,0,Twitter
Twitter::@lacapital2006,gobierno,1,12,3,Twitter
Twitter::@lacapital2006,federal,1,12,1,Twitter
Twitter::@lacapital2006,impulsar,1,1,2,Twitter
Twitter::@lacapital2006,paz,1,1,0,Twitter
Twitter::@lacapital2006,bienestar,1,2,3,Twitter
Twitter::@lacapital2006,desarrollo,1,1,2,Twitter
Twitter::@lacapital2006,laredo,1,5,1,Twitter
Twitter::@lacapital2006,mejorar,1,2,2,Twitter
Twitter::@lacapital2006,nivel,1,4,2,Twitter
Twitter::@lacapital2006,lluvias,1,0,1,Twitter
Twitter::@lacapital2006,emitir,1,4,4,Twitter
Twitter::@lacapital2006,recomendacion,1,0,2,Twitter
Twitter::@lacapital2006,proteccion,1,0,0,Twitter
Twitter::@lacapital2006,intenso,1,7,1,Twitter
Twitter::@lacapital2006,maria,1,8,4,Twitter
Twitter::@lacapital2006,beneficiar,1,14,1,Twitter
Twitter::@lacapital2006,mil,1,8,3,Twitter
Twitter::@lacapital2006,cdmadero,1,5,0,Twitter
Twitter::@lacapital2006,fomentar,1,5,3,Twitter
Twitter::@lacapital2006,vocacion,1,5,3,Twitter
Twitter::@lacapital2006,amor,1,3,2,Twitter
Twitter::@lacapital2006,avanzar,1,14,1,Twitter
Twitter::@laexpresionmx,tamaulipas,10,5,1,Twitter
Twitter::@laexpresionmx,cdvictoria,10,5,1,Twitter
Twitter::@laexpresionmx,monica,4,3,0,Twitter
Twitter::@laexpresionmx,villarreal,4,3,0,Twitter
Twitter::@laexpresionmx,gobierno,2,12,3,Twitter
Twitter::@laexpresionmx,salud,2,2,3,Twitter
Twitter::@laexpresionmx,laboral,2,6,-1,Twitter
Twitter::@laexpresionmx,eventual,2,8,0,Twitter
Twitter::@laexpresionmx,altamira,2,5,0,Twitter
Twitter::@laexpresionmx,ampliar,1,14,4,Twitter
Twitter::@laexpresionmx,turistico,1,14,4,Twitter
Twitter::@laexpresionmx,periodo,1,4,3,Twitter
Twitter::@laexpresionmx,vacacional,1,4,3,Twitter
Twitter::@laexpresionmx,impulsar,1,1,2,Twitter
Twitter::@laexpresionmx,congreso,1,5,1,Twitter
Twitter::@laexpresionmx,juvenil,1,6,1,Twitter
Twitter::@laexpresionmx,cuidar,1,2,1,Twitter
Twitter::@laexpresionmx,emocion,1,4,0,Twitter
Twitter::@laexpresionmx,reconocer,1,6,0,Twitter
Twitter::@laexpresionmx,labor,1,3,3,Twitter
Twitter::@laexpresionmx,despicadora,1,7,-1,Twitter
Twitter::@laexpresionmx,entregar,1,6,2,Twitter
Twitter::@laexpresionmx,certificado,1,7,-1,Twitter
Twitter::@laexpresionmx,secretaria,1,14,2,Twitter
Twitter::@laexpresionmx,seguridad,1,0,3,Twitter
Twitter::@laexpresionmx,publica,1,4,2,Twitter
Twitter::@laexpresionmx,muerte,1,11,1,Twitter
Twitter::@laexpresionmx,policia,1,13,4,Twitter
Twitter::@laexpresionmx,reynosa,1,5,0,Twitter
Twitter::@laexpresionmx,beneficio,1,2,3,Twitter
Twitter::@laexpresionmx,personal,1,0,2,Twitter
Twitter::@laexpresionmx,mejora,1,14,3,Twitter
Twitter::@laexpresionmx,condicion,1,14,2,Twitter
Twitter::@laexpresionmx,trabajador,1,10,3,Twitter
Twitter::@laexpresionmx,movil,1,3,4,Twitter
Twitter::@laexpresionmx,colonia,1,2,4,Twitter
Twitter::@laexpresionmx,anunciar,1,10,2,Twitter
Twitter::@laexpresionmx,damaso,1,5,1,Twitter
Twitter::@laexpresionmx,anaya,1,3,0,Twitter
Twitter::@laexpresionmx,apertura,1,0,5,Twitter
Twitter::@laexpresionmx,uat,1,5,1,Twitter
Twitter::@laexpresionmx,programa,1,2,3,Twitter
Twitter::@laexpresionmx,sonrisas,1,2,3,Twitter
Twitter::@laexpresionmx,bienestar,1,2,3,Twitter
Twitter::@lajornadaonline,tamaulipas,1,5,1,Twitter
Twitter::@lajornadaonline,joven,1,13,0,Twitter
Twitter::@lajornadaonline,ano,1,11,2,Twitter
Twitter::@lajornadaonline,morir,1,7,2,Twitter
Twitter::@lajornadaonline,madrugada,1,0,1,Twitter
Twitter::@lajornadaonline,automovil,1,7,2,Twitter
Twitter::@lajornadaonline,arrastrar,1,7,2,Twitter
Twitter::@lajornadaonline,corriente,1,7,2,Twitter
Twitter::@lajornadaonline,canal,1,9,1,Twitter
Twitter::@lajornadaonline,pluvial,1,3,3,Twitter
Twitter::@lajornadaonline,colonia,1,2,4,Twitter
Twitter::@lajornadaonline,paz,1,1,0,Twitter
Twitter::@lajornadaonline,zona,1,0,1,Twitter
Twitter::@lajornadaonline,norte,1,10,1,Twitter
Twitter::@laopinionpr,padre,1,4,0,Twitter
Twitter::@laopinionpr,hijo,1,12,4,Twitter
Twitter::@laopinionpr,resultar,1,6,2,Twitter
Twitter::@laopinionpr,sufrir,1,6,2,Twitter
Twitter::@laopinionpr,accidente,1,7,2,Twitter
Twitter::@laopinionpr,carretera,1,6,2,Twitter
Twitter::@laopinionpr,camioneta,1,6,1,Twitter
Twitter::@laopinionpr,terminar,1,11,3,Twitter
Twitter::@laopinionpr,doble,1,10,2,Twitter
Twitter::@laopinionpr,informacion,1,11,0,Twitter
Twitter::@larazontampico,gobierno,2,12,3,Twitter
Twitter::@larazontampico,mayo,2,10,0,Twitter
Twitter::@larazontampico,llegar,2,10,1,Twitter
Twitter::@larazontampico,acudir,2,7,1,Twitter
Twitter::@larazontampico,hijo,2,12,4,Twitter
Twitter::@larazontampico,sur,2,14,2,Twitter
Twitter::@larazontampico,mantener,2,7,0,Twitter
Twitter::@larazontampico,tamaulipas,2,5,1,Twitter
Twitter::@larazontampico,arrancar,1,5,1,Twitter
Twitter::@larazontampico,programa,1,2,3,Twitter
Twitter::@larazontampico,rehabilitacion,1,14,4,Twitter
Twitter::@larazontampico,vial,1,5,1,Twitter
Twitter::@larazontampico,reparar,1,7,2,Twitter
Twitter::@larazontampico,bache,1,2,2,Twitter
Twitter::@larazontampico,tonelada,1,3,1,Twitter
Twitter::@larazontampico,pemex,1,12,3,Twitter
Twitter::@larazontampico,madre,1,10,3,Twitter
Twitter::@larazontampico,celebrar,1,1,3,Twitter
Twitter::@larazontampico,integrante,1,10,3,Twitter
Twitter::@larazontampico,colectivo,1,6,3,Twitter
Twitter::@larazontampico,unidos,1,11,6,Twitter
Twitter::@larazontampico,corazon,1,13,2,Twitter
Twitter::@larazontampico,pedir,1,11,0,Twitter
Twitter::@larazontampico,solidaridad,1,10,3,Twitter
Twitter::@larazontampico,ciudadania,1,2,3,Twitter
Twitter::@larazontampico,dulce,1,9,4,Twitter
Twitter::@larazontampico,maria,1,8,4,Twitter
Twitter::@larazontampico,angel,1,9,2,Twitter
Twitter::@larazontampico,plaza,1,1,1,Twitter
Twitter::@larazontampico,armas,1,12,3,Twitter
Twitter::@larazontampico,hija,1,8,2,Twitter
Twitter::@larazontampico,mujer,1,10,3,Twitter
Twitter::@larazontampico,buscar,1,5,1,Twitter
Twitter::@larazontampico,juan,1,10,0,Twitter
Twitter::@larazontampico,cruz,1,3,1,Twitter
Twitter::@larazontampico,marzo,1,6,1,Twitter
Twitter::@larazontampico,accion,1,2,0,Twitter
Twitter::@larazontampico,mejorar,1,2,2,Twitter
Twitter::@larazontampico,infraestructura,1,14,3,Twitter
Twitter::@larazontampico,urbano,1,14,2,Twitter
Twitter::@larazontampico,movilidad,1,2,2,Twitter
Twitter::@larazontampico,comapa,1,2,2,Twitter
Twitter::@larazontampico,pavimento,1,14,2,Twitter
Twitter::@larazontampico,distinto,1,2,2,Twitter
Twitter::@larazontampico,sector,1,14,3,Twitter
Twitter::@larazontampico,zona,1,0,1,Twitter
Twitter::@larazontampico,conurbado,1,14,2,Twitter
Twitter::@larazontampico,encontrar,1,7,4,Twitter
Twitter::@larazontampico,municipio,1,14,2,Twitter
Twitter::@larazontampico,cercano,1,2,3,Twitter
Twitter::@larazontampico,frontera,1,11,0,Twitter
Twitter::@larazontampico,situacion,1,0,1,Twitter
Twitter::@larazontampico,relacionado,1,4,4,Twitter
Twitter::@larazontampico,fauna,1,11,3,Twitter
Twitter::@larazontampico,rio,1,0,4,Twitter
Twitter::@larazontampico,impacto,1,11,2,Twitter
Twitter::@larazontampico,sistema,1,0,4,Twitter
Twitter::@larazontampico,lagunario,1,3,2,Twitter
Twitter::@larazontampico,activo,1,13,4,Twitter
Twitter::@larazontampico,protocolo,1,13,4,Twitter
Twitter::@larazontampico,preventivo,1,0,1,Twitter
Twitter::@larazontampico,responder,1,13,4,Twitter
Twitter::@lopez_mari30103,gobierno,1,12,3,Twitter
Twitter::@lopez_mari30103,monica,1,3,0,Twitter
Twitter::@lopez_mari30103,villarreal,1,3,0,Twitter
Twitter::@lopez_mari30103,andar,1,9,0,Twitter
Twitter::@lopez_mari30103,centro,1,13,3,Twitter
Twitter::@lopez_mari30103,piso,1,11,4,Twitter
Twitter::@lopez_mari30103,justicia,1,11,1,Twitter
Twitter::@lopez_mari30103,maru,1,11,1,Twitter
Twitter::@lopez_mari30103,campos,1,6,3,Twitter
Twitter::@lunadeandromeda,traer,2,11,0,Twitter
Twitter::@lunadeandromeda,personal,2,0,2,Twitter
Twitter::@lunadeandromeda,gobierno,2,12,3,Twitter
Twitter::@lunadeandromeda,monica,2,3,0,Twitter
Twitter::@lunadeandromeda,villarreal,2,3,0,Twitter
Twitter::@lunadeandromeda,anaya,2,3,0,Twitter
Twitter::@lunadeandromeda,par,2,6,-1,Twitter
Twitter::@lunadeandromeda,adulto,2,6,-1,Twitter
Twitter::@lunadeandromeda,plaza,2,1,1,Twitter
Twitter::@lunadeandromeda,cantidad,2,6,-1,Twitter
Twitter::@lunadeandromeda,armas,1,12,3,Twitter
Twitter::@lunadeandromeda,ayuntamiento,1,0,2,Twitter
Twitter::@lunadeandromeda,pagar,1,11,4,Twitter
Twitter::@lunadeandromeda,vender,1,12,1,Twitter
Twitter::@lunadeandromeda,pesos,1,13,3,Twitter
Twitter::@lunadeandromeda,comentar,1,11,0,Twitter
Twitter::@lunadeandromeda,venir,1,4,0,Twitter
Twitter::@lunadeandromeda,llegar,1,10,1,Twitter
Twitter::@lunadeandromeda,funcionario,1,6,2,Twitter
Twitter::@lunadeandromeda,aparecer,1,4,2,Twitter
Twitter::@lunadeandromeda,foto,1,4,2,Twitter
Twitter::@lunadeandromeda,amenazar,1,6,3,Twitter
Twitter::@lunadeandromeda,pago,1,10,1,Twitter
Twitter::@lunadeandromeda,humanista,1,2,0,Twitter
Twitter::@lunadeandromeda,extorsion,1,6,1,Twitter
Twitter::@lunadeandromeda,bienestar,1,2,3,Twitter
Twitter::@lunadeandromeda,ciudadania,1,2,3,Twitter
Twitter::@mario_dico50,banco,3,13,5,Twitter
Twitter::@mario_dico50,dinero,3,12,5,Twitter
Twitter::@mario_dico50,ofrecer,2,3,2,Twitter
Twitter::@mario_dico50,digital,2,7,3,Twitter
Twitter::@mario_dico50,saludos,2,11,2,Twitter
Twitter::@mario_dico50,atencion,1,7,3,Twitter
Twitter::@mario_dico50,importante,1,13,0,Twitter
Twitter::@mario_dico50,deber,1,11,1,Twitter
Twitter::@mario_dico50,interes,1,10,1,Twitter
Twitter::@mario_dico50,pagar,1,11,4,Twitter
Twitter::@mario_dico50,abrazo,1,11,2,Twitter
Twitter::@mario_dico50,andir,1,11,2,Twitter
Twitter::@mario_dico50,alla,1,11,0,Twitter
Twitter::@mario_dico50,jardin,1,6,3,Twitter
Twitter::@mario_dico50,existir,1,10,1,Twitter
Twitter::@mariolealmx,agua,2,3,1,Twitter
Twitter::@mariolealmx,viernes,2,10,0,Twitter
Twitter::@mariolealmx,caso,2,10,4,Twitter
Twitter::@mariolealmx,compromiso,2,2,0,Twitter
Twitter::@mariolealmx,opinion,2,10,4,Twitter
Twitter::@mariolealmx,fuente,2,0,0,Twitter
Twitter::@mariolealmx,oficial,2,5,1,Twitter
Twitter::@mariolealmx,numero,2,10,0,Twitter
Twitter::@mariolealmx,avance,2,14,1,Twitter
Twitter::@mariolealmx,responder,2,13,4,Twitter
Twitter::@mariolealmx,zona,2,0,1,Twitter
Twitter::@mariolealmx,inicio,2,10,0,Twitter
Twitter::@mariolealmx,madre,1,10,3,Twitter
Twitter::@mariolealmx,regalar,1,10,2,Twitter
Twitter::@mariolealmx,merecer,1,10,3,Twitter
Twitter::@mariolealmx,ciudad,1,13,1,Twitter
Twitter::@mariolealmx,funcionar,1,4,6,Twitter
Twitter::@mariolealmx,salud,1,2,3,Twitter
Twitter::@mariolealmx,escuela,1,14,1,Twitter
Twitter::@mariolealmx,municipio,1,14,2,Twitter
Twitter::@mariolealmx,resolver,1,12,0,Twitter
Twitter::@mariolealmx,feliz,1,8,1,Twitter
Twitter::@mariolealmx,dia,1,6,0,Twitter
Twitter::@mariolealmx,reconocimiento,1,13,1,Twitter
Twitter::@mariolealmx,derecho,1,10,3,Twitter
Twitter::@mariolealmx,manana,1,10,1,Twitter
Twitter::@mariolealmx,semana,1,4,5,Twitter
Twitter::@mariolealmx,directo,1,12,3,Twitter
Twitter::@mariolealmx,resumen,1,4,3,Twitter
Twitter::@mariolealmx,atendido,1,2,0,Twitter
Twitter::@mariolealmx,pendiente,1,10,1,Twitter
Twitter::@mariolealmx,ritmo,1,1,1,Twitter
Twitter::@mariolealmx,quedar,1,11,0,Twitter
Twitter::@mariolealmx,cierre,1,5,3,Twitter
Twitter::@mariolealmx,lista,1,12,1,Twitter
Twitter::@mariolealmx,proceso,1,3,3,Twitter
Twitter::@mariolealmx,iniciar,1,5,1,Twitter
Twitter::@mariolealmx,animal,1,8,2,Twitter
Twitter::@mariolealmx,importar,1,6,2,Twitter
Twitter::@mariolealmx,perro,1,9,0,Twitter
Twitter::@mariolealmx,gato,1,12,0,Twitter
Twitter::@mariolealmx,urbano,1,14,2,Twitter
Twitter::@mariolealmx,denuncia,1,13,4,Twitter
Twitter::@mariolealmx,foto,1,4,2,Twitter
Twitter::@mariolealmx,querer,1,11,0,Twitter
Twitter::@mariolealmx,denunciar,1,13,4,Twitter
Twitter::@mariolealmx,recibir,1,9,2,Twitter
Twitter::@mariolealmx,lunes,1,3,1,Twitter
Twitter::@mariolealmx,color,1,9,2,Twitter
Twitter::@mariolealmx,report,1,7,0,Twitter
Twitter::@mariolealmx,colonia,1,2,4,Twitter
Twitter::@mariolealmx,verde,1,7,4,Twitter
Twitter::@mariolealmx,rojo,1,13,5,Twitter
Twitter::@mariolealmx,ciudadano,1,1,0,Twitter
Twitter::@mariolealmx,servicio,1,2,2,Twitter
Twitter::@mariolealmx,luz,1,3,1,Twitter
Twitter::@mariolealmx,basura,1,3,1,Twitter
Twitter::@mariolealmx,via,1,7,0,Twitter
Twitter::@marionyxo7,ano,1,11,2,Twitter
Twitter::@marionyxo7,dia,1,6,0,Twitter
Twitter::@marionyxo7,quitar,1,11,5,Twitter
Twitter::@marionyxo7,dolor,1,7,1,Twitter
Twitter::@marionyxo7,terrible,1,7,4,Twitter
Twitter::@marionyxo7,perder,1,11,5,Twitter
Twitter::@marionyxo7,mes,1,4,3,Twitter
Twitter::@marionyxo7,esperar,1,4,0,Twitter
Twitter::@mathupoucel,americo,1,14,1,Twitter
Twitter::@mathupoucel,villareal,1,8,0,Twitter
Twitter::@mathupoucel,hermana,1,12,4,Twitter
Twitter::@mathupoucel,monica,1,3,0,Twitter
Twitter::@mathupoucel,villarreal,1,3,0,Twitter
Twitter::@mathupoucel,anaya,1,3,0,Twitter
Twitter::@mexicansnoopy,hotel,1,6,1,Twitter
Twitter::@mexicansnoopy,like,1,10,5,Twitter
Twitter::@mexicansnoopy,tamaulipas,1,5,1,Twitter
Twitter::@mexicansnoopy,presidencia,1,8,2,Twitter
Twitter::@mexicansnoopy,calderon,1,8,3,Twitter
Twitter::@nachoflores05,falta,1,11,0,Twitter
Twitter::@nachoflores05,dia,1,6,0,Twitter
Twitter::@nachoflores05,alto,1,13,0,Twitter
Twitter::@nachoflores05,universidad,1,10,1,Twitter
Twitter::@nachoflores05,venir,1,4,0,Twitter
Twitter::@nahueloddone,tamaulipas,5,5,1,Twitter
Twitter::@nahueloddone,gobernanza,5,6,0,Twitter
Twitter::@nahueloddone,fortalecer,3,14,0,Twitter
Twitter::@nahueloddone,mexico,3,12,0,Twitter
Twitter::@nahueloddone,politica,3,9,2,Twitter
Twitter::@nahueloddone,publico,3,14,3,Twitter
Twitter::@nahueloddone,guia,3,3,2,Twitter
Twitter::@nahueloddone,reunion,2,1,2,Twitter
Twitter::@nahueloddone,futuro,2,13,1,Twitter
Twitter::@nahueloddone,construir,2,13,1,Twitter
Twitter::@nahueloddone,dialogo,2,2,0,Twitter
Twitter::@nahueloddone,capacidad,2,0,4,Twitter
Twitter::@nahueloddone,clave,2,6,2,Twitter
Twitter::@nahueloddone,marco,1,6,0,Twitter
Twitter::@nahueloddone,basico,1,6,0,Twitter
Twitter::@nahueloddone,recordar,1,4,2,Twitter
Twitter::@nahueloddone,generar,1,13,2,Twitter
Twitter::@nahueloddone,transformacion,1,14,1,Twitter
Twitter::@nahueloddone,gobernar,1,7,2,Twitter
Twitter::@nahueloddone,responder,1,13,4,Twitter
Twitter::@nahueloddone,anticipar,1,9,2,Twitter
Twitter::@nahueloddone,oportunidad,1,13,2,Twitter
Twitter::@nahueloddone,vision,1,9,2,Twitter
Twitter::@nahueloddone,espacio,1,1,0,Twitter
Twitter::@nahueloddone,gobierno,1,12,3,Twitter
Twitter::@nahueloddone,sector,1,14,3,Twitter
Twitter::@nahueloddone,privado,1,4,2,Twitter
Twitter::@nahueloddone,sociedad,1,6,2,Twitter
Twitter::@nahueloddone,civil,1,0,0,Twitter
Twitter::@nahueloddone,territorio,1,6,2,Twitter
Twitter::@nahueloddone,acuerdo,1,4,1,Twitter
Twitter::@nahueloddone,sostenible,1,10,0,Twitter
Twitter::@nahueloddone,transformar,1,2,0,Twitter
Twitter::@nahueloddone,accion,1,2,0,Twitter
Twitter::@nahueloddone,colectivo,1,6,3,Twitter
Twitter::@nahueloddone,inaugurar,1,9,2,Twitter
Twitter::@nahueloddone,dia,1,6,0,Twitter
Twitter::@nahueloddone,actividad,1,1,0,Twitter
Twitter::@nahueloddone,creacion,1,6,0,Twitter
Twitter::@nahueloddone,desarrollo,1,1,2,Twitter
Twitter::@nahueloddone,presentar,1,10,0,Twitter
Twitter::@nahueloddone,agradecer,1,10,0,Twitter
Twitter::@nahueloddone,comentario,1,10,2,Twitter
Twitter::@nahueloddone,encontrar,1,7,4,Twitter
Twitter::@necaxamor,madero,12,5,0,Twitter
Twitter::@necaxamor,altamira,12,5,0,Twitter
Twitter::@necaxamor,panuco,12,7,0,Twitter
Twitter::@necaxamor,viejo,8,11,5,Twitter
Twitter::@necaxamor,mayo,6,10,0,Twitter
Twitter::@necaxamor,morir,6,7,2,Twitter
Twitter::@necaxamor,sinaloa,6,5,2,Twitter
Twitter::@necaxamor,perdida,4,7,1,Twitter
Twitter::@necaxamor,perder,4,11,5,Twitter
Twitter::@necaxamor,gobernar,4,7,2,Twitter
Twitter::@necaxamor,moren,4,4,1,Twitter
Twitter::@necaxamor,hospital,4,7,3,Twitter
Twitter::@necaxamor,recordar,2,4,2,Twitter
Twitter::@necaxamor,pinche,2,10,3,Twitter
Twitter::@necaxamor,loco,2,11,2,Twitter
Twitter::@necaxamor,ocurrir,2,11,5,Twitter
Twitter::@necaxamor,genial,2,9,2,Twitter
Twitter::@necaxamor,palabra,2,9,-1,Twitter
Twitter::@necaxamor,pago,2,10,1,Twitter
Twitter::@necaxamor,pueblo,2,11,5,Twitter
Twitter::@necaxamor,pendejo,2,11,5,Twitter
Twitter::@necaxamor,quedar,2,11,0,Twitter
Twitter::@necaxamor,morena,2,12,4,Twitter
Twitter::@necaxamor,pobre,2,12,0,Twitter
Twitter::@necaxamor,reportar,2,7,2,Twitter
Twitter::@necaxamor,registro,2,7,2,Twitter
Twitter::@necaxamor,abril,2,0,3,Twitter
Twitter::@necaxamor,registrar,2,5,1,Twitter
Twitter::@necaxamor,caida,2,12,-1,Twitter
Twitter::@necaxamor,pais,2,12,0,Twitter
Twitter::@necaxamor,dejar,2,9,0,Twitter
Twitter::@necaxamor,familia,2,1,0,Twitter
Twitter::@necaxamor,atacar,2,5,1,Twitter
Twitter::@necaxamor,atender,2,2,0,Twitter
Twitter::@necaxamor,padre,2,4,0,Twitter
Twitter::@necaxamor,madre,2,10,3,Twitter
Twitter::@necaxamor,recibir,2,9,2,Twitter
Twitter::@necaxamor,atencion,2,7,3,Twitter
Twitter::@necaxamor,donde,2,12,2,Twitter
Twitter::@necaxamor,joven,2,13,0,Twitter
Twitter::@necaxamor,ano,2,11,2,Twitter
Twitter::@necaxamor,dia,2,6,0,Twitter
Twitter::@necaxamor,contar,2,6,0,Twitter
Twitter::@necaxamor,tragedia,2,9,4,Twitter
Twitter::@necaxamor,lopez,2,12,2,Twitter
Twitter::@necaxamor,obrador,2,12,2,Twitter
Twitter::@necaxamor,critico,2,9,1,Twitter
Twitter::@necaxamor,pri,2,11,5,Twitter
Twitter::@necaxamor,video,2,11,2,Twitter
Twitter::@necaxamor,creer,2,12,3,Twitter
Twitter::@necaxamor,gerardo,2,0,0,Twitter
Twitter::@necaxamor,aeropuerto,2,13,4,Twitter
Twitter::@necaxamor,ciudad,2,13,1,Twitter
Twitter::@necaxamor,mexico,2,12,0,Twitter
Twitter::@necaxamor,politico,2,12,4,Twitter
Twitter::@necaxamor,principio,2,11,0,Twitter
Twitter::@news_lacasa,alguien,2,11,4,Twitter
Twitter::@news_lacasa,pasar,1,11,3,Twitter
Twitter::@news_lacasa,creer,1,12,3,Twitter
Twitter::@news_lacasa,agradecer,1,10,0,Twitter
Twitter::@nikolazsk,par,2,6,-1,Twitter
Twitter::@nikolazsk,club,2,10,5,Twitter
Twitter::@nikolazsk,madero,1,5,0,Twitter
Twitter::@nikolazsk,liga,1,10,4,Twitter
Twitter::@nmas,fuerte,1,7,2,Twitter
Twitter::@nmas,tormenta,1,0,1,Twitter
Twitter::@nmas,norte,1,10,1,Twitter
Twitter::@nmas,dejar,1,9,0,Twitter
Twitter::@nmas,persona,1,4,3,Twitter
Twitter::@nmas,vida,1,7,4,Twitter
Twitter::@nmas,vehiculo,1,7,2,Twitter
Twitter::@nmas,arrastrar,1,7,2,Twitter
Twitter::@nmas,corriente,1,7,2,Twitter
Twitter::@nmas,terminar,1,11,3,Twitter
Twitter::@nmas,canal,1,9,1,Twitter
Twitter::@nmas,pluvial,1,3,3,Twitter
Twitter::@nmas,colonia,1,2,4,Twitter
Twitter::@nmas,paz,1,1,0,Twitter
Twitter::@nmasmonterrey,traslado,2,0,2,Twitter
Twitter::@nmasmonterrey,proteccion,1,0,0,Twitter
Twitter::@nmasmonterrey,civil,1,0,0,Twitter
Twitter::@nmasmonterrey,leon,1,8,3,Twitter
Twitter::@nmasmonterrey,monterrey,1,5,2,Twitter
Twitter::@nmasmonterrey,reducir,1,14,3,Twitter
Twitter::@nmasmonterrey,hora,1,10,1,Twitter
Twitter::@nmasmonterrey,medio,1,8,2,Twitter
Twitter::@nora_ricardi,dia,2,6,0,Twitter
Twitter::@nora_ricardi,vivir,2,8,2,Twitter
Twitter::@nora_ricardi,quedar,2,11,0,Twitter
Twitter::@nora_ricardi,concierto,1,4,6,Twitter
Twitter::@nora_ricardi,creer,1,12,3,Twitter
Twitter::@nora_ricardi,aceptar,1,10,0,Twitter
Twitter::@nora_ricardi,acompanar,1,13,0,Twitter
Twitter::@nora_ricardi,fan,1,13,5,Twitter
Twitter::@nora_ricardi,real,1,13,2,Twitter
Twitter::@nora_ricardi,aprovechar,1,14,3,Twitter
Twitter::@nora_ricardi,amor,1,3,2,Twitter
Twitter::@nora_ricardi,esfuerzo,1,13,2,Twitter
Twitter::@nora_ricardi,mes,1,4,3,Twitter
Twitter::@nora_ricardi,necesitar,1,2,0,Twitter
Twitter::@nora_ricardi,sacar,1,11,3,Twitter
Twitter::@nora_ricardi,sentir,1,11,4,Twitter
Twitter::@nora_ricardi,corazon,1,13,2,Twitter
Twitter::@nora_ricardi,seguir,1,2,0,Twitter
Twitter::@nora_ricardi,esperar,1,4,0,Twitter
Twitter::@nora_ricardi,regresar,1,10,3,Twitter
Twitter::@nora_ricardi,mexico,1,12,0,Twitter
Twitter::@nora_ricardi,oportunidad,1,13,2,Twitter
Twitter::@nora_ricardi,justo,1,11,5,Twitter
Twitter::@nora_ricardi,sueno,1,10,3,Twitter
Twitter::@nora_ricardi,tamaulipas,1,5,1,Twitter
Twitter::@nora_ricardi,carino,1,8,3,Twitter
Twitter::@nora_ricardi,apoyo,1,2,2,Twitter
Twitter::@paty_mirele,vecino,3,2,4,Twitter
Twitter::@paty_mirele,cercano,2,2,3,Twitter
Twitter::@paty_mirele,slp,1,5,2,Twitter
Twitter::@paty_mirele,queretaro,1,5,2,Twitter
Twitter::@paty_mirele,personaje,1,12,0,Twitter
Twitter::@paty_mirele,empezar,1,12,3,Twitter
Twitter::@penyazulgranatm,saludos,2,11,2,Twitter
Twitter::@penyazulgranatm,pena,2,12,1,Twitter
Twitter::@penyazulgranatm,madero,2,5,0,Twitter
Twitter::@penyazulgranatm,liga,2,10,4,Twitter
Twitter::@penyazulgranatm,listo,1,10,0,Twitter
Twitter::@penyazulgranatm,celebrar,1,1,3,Twitter
Twitter::@porktendencia,palacio,2,12,0,Twitter
Twitter::@porktendencia,nacional,2,4,2,Twitter
Twitter::@porktendencia,aparecer,1,4,2,Twitter
Twitter::@porktendencia,claudia,1,12,0,Twitter
Twitter::@porktendencia,sheinbaum,1,12,0,Twitter
Twitter::@porktendencia,principal,1,9,1,Twitter
Twitter::@pucca_cn,inmediato,2,12,-1,Twitter
Twitter::@pucca_cn,monica,2,3,0,Twitter
Twitter::@pucca_cn,villarreal,2,3,0,Twitter
Twitter::@pucca_cn,servir,2,6,2,Twitter
Twitter::@pucca_cn,morena,2,12,4,Twitter
Twitter::@pucca_cn,exigir,1,11,4,Twitter
Twitter::@pucca_cn,presidencia,1,8,2,Twitter
Twitter::@pucca_cn,municipal,1,14,0,Twitter
Twitter::@pucca_cn,vida,1,7,4,Twitter
Twitter::@pucca_cn,familia,1,1,0,Twitter
Twitter::@pucca_cn,agente,1,12,1,Twitter
Twitter::@pucca_cn,transito,1,0,2,Twitter
Twitter::@pucca_cn,intervencion,1,12,-1,Twitter
Twitter::@pucca_cn,urge,1,6,1,Twitter
Twitter::@pucca_cn,gobernador,1,14,1,Twitter
Twitter::@pucca_cn,hermana,1,12,4,Twitter
Twitter::@pucca_cn,tratar,1,10,4,Twitter
Twitter::@pucca_cn,gobierno,1,12,3,Twitter
Twitter::@pucca_cn,pedir,1,11,0,Twitter
Twitter::@pucca_cn,justicia,1,11,1,Twitter
Twitter::@pucca_cn,gracias,1,8,0,Twitter
Twitter::@pulsolaredo,nuevolaredo,4,5,0,Twitter
Twitter::@pulsolaredo,reynosa,4,5,0,Twitter
Twitter::@pulsolaredo,matamoros,4,5,0,Twitter
Twitter::@pulsolaredo,ciudadvictoria,4,5,0,Twitter
Twitter::@pulsolaredo,altamira,4,5,0,Twitter
Twitter::@pulsolaredo,madero,4,5,0,Twitter
Twitter::@pulsolaredo,tamaulipas,4,5,1,Twitter
Twitter::@pulsolaredo,laredo,4,5,1,Twitter
Twitter::@pulsolaredo,texas,4,6,-1,Twitter
Twitter::@pulsolaredo,ciudadmadero,2,5,0,Twitter
Twitter::@pulsolaredo,coahuila,2,5,2,Twitter
Twitter::@pulsolaredo,cdmx,2,5,2,Twitter
Twitter::@pulsolaredo,veracruz,2,5,2,Twitter
Twitter::@pulsolaredo,slp,2,5,2,Twitter
Twitter::@pulsolaredo,libertad,2,6,3,Twitter
Twitter::@pulsolaredo,expresion,2,6,-1,Twitter
Twitter::@pulsolaredo,gobierno,2,12,3,Twitter
Twitter::@rhernandezdavid,educacion,3,14,1,Twitter
Twitter::@rhernandezdavid,superior,3,13,0,Twitter
Twitter::@rhernandezdavid,cabo,1,0,2,Twitter
Twitter::@rhernandezdavid,reunion,1,1,2,Twitter
Twitter::@rhernandezdavid,regional,1,14,4,Twitter
Twitter::@rhernandezdavid,region,1,1,2,Twitter
Twitter::@rhernandezdavid,secretaria,1,14,2,Twitter
Twitter::@rhernandezdavid,tamaulipas,1,5,1,Twitter
Twitter::@rhernandezdavid,experiencia,1,1,4,Twitter
Twitter::@rhernandezdavid,academico,1,1,2,Twitter
Twitter::@rhernandezdavid,tecnologico,1,14,1,Twitter
Twitter::@rhernandezdavid,investigacion,1,5,3,Twitter
Twitter::@rhernandezdavid,nacional,1,4,2,Twitter
Twitter::@rhernandezdavid,etapa,1,3,1,Twitter
Twitter::@rhernandezdavid,estatal,1,0,3,Twitter
Twitter::@rhernandezdavid,categoria,1,8,2,Twitter
Twitter::@rhernandezdavid,alumno,1,1,0,Twitter
Twitter::@rhernandezdavid,marzo,1,6,1,Twitter
Twitter::@robertsranduks,americo,1,14,1,Twitter
Twitter::@robertsranduks,villarreal,1,3,0,Twitter
Twitter::@robertsranduks,santiago,1,2,3,Twitter
Twitter::@robertsranduks,tierra,1,6,2,Twitter
Twitter::@robertsranduks,pendejo,1,11,5,Twitter
Twitter::@robertsranduks,bajar,1,11,0,Twitter
Twitter::@robertsranduks,pasar,1,11,3,Twitter
Twitter::@robertsranduks,servir,1,6,2,Twitter
Twitter::@robertsranduks,billete,1,11,4,Twitter
Twitter::@rocionahle,carretera,1,6,2,Twitter
Twitter::@rocionahle,tierra,1,6,2,Twitter
Twitter::@rocionahle,ruta,1,14,4,Twitter
Twitter::@rocionahle,mover,1,9,0,Twitter
Twitter::@rocionahle,region,1,1,2,Twitter
Twitter::@rocionahle,atender,1,2,0,Twitter
Twitter::@rocionahle,historico,1,6,1,Twitter
Twitter::@rocionahle,acto,1,6,3,Twitter
Twitter::@rocionahle,justicia,1,11,1,Twitter
Twitter::@rocionahle,social,1,2,3,Twitter
Twitter::@rocionahle,gente,1,6,2,Twitter
Twitter::@rocionahle,trabajador,1,10,3,Twitter
Twitter::@rosana_guerra,luz,2,3,1,Twitter
Twitter::@rosana_guerra,manana,1,10,1,Twitter
Twitter::@rosana_guerra,partido,1,4,0,Twitter
Twitter::@rosana_guerra,hora,1,10,1,Twitter
Twitter::@rosana_guerra,arreglar,1,11,4,Twitter
Twitter::@rosana_guerra,problema,1,12,0,Twitter
Twitter::@rosana_guerra,morir,1,7,2,Twitter
Twitter::@rosana_guerra,calor,1,7,1,Twitter
Twitter::@rosana_guerra,hola,1,10,1,Twitter
Twitter::@rosana_guerra,colonia,1,2,4,Twitter
Twitter::@rosana_guerra,cambiar,1,2,0,Twitter
Twitter::@rubenrivera,huachicol,2,12,2,Twitter
Twitter::@rubenrivera,investigacion,1,5,3,Twitter
Twitter::@rubenrivera,gobierno,1,12,3,Twitter
Twitter::@rubenrivera,narco,1,12,4,Twitter
Twitter::@rubenrivera,gobernador,1,14,1,Twitter
Twitter::@rubenrivera,relacionado,1,4,4,Twitter
Twitter::@rubenrivera,red,1,14,3,Twitter
Twitter::@rubenrivera,informacion,1,11,0,Twitter
Twitter::@rubenrivera,esperar,1,4,0,Twitter
Twitter::@rubenrivera,proteccion,1,0,0,Twitter
Twitter::@rubenrivera,llegar,1,10,1,Twitter
Twitter::@rubenrivera,ciudadvictoria,1,5,0,Twitter
Twitter::@rubenrivera,rey,1,12,-1,Twitter
Twitter::@rubenrivera,amenazar,1,6,3,Twitter
Twitter::@rubenrivera,cercano,1,2,3,Twitter
Twitter::@rubenrivera,iniciar,1,5,1,Twitter
Twitter::@rubenrivera,nefasto,1,7,2,Twitter
Twitter::@rubenrivera,tamaulipas,1,5,1,Twitter
Twitter::@rubenrivera,hermana,1,12,4,Twitter
Twitter::@rubenrivera,verguenza,1,12,0,Twitter
Twitter::@rubenrivera,robar,1,12,5,Twitter
Twitter::@rubenrivera,eleccion,1,11,5,Twitter
Twitter::@rubenrivera,cambiar,1,2,0,Twitter
Twitter::@rubenrivera,mal,1,4,1,Twitter
Twitter::@rubenrivera,inseguridad,1,11,6,Twitter
Twitter::@rubenrivera,servicio,1,2,2,Twitter
Twitter::@rubenrivera,agua,1,3,1,Twitter
Twitter::@rubenrivera,luz,1,3,1,Twitter
Twitter::@rubenrivera,dejar,1,9,0,Twitter
Twitter::@rubenrivera,desear,1,4,6,Twitter
Twitter::@rubenrivera,basura,1,3,1,Twitter
Twitter::@rubenrivera,acumular,1,3,1,Twitter
Twitter::@rubenrivera,calle,1,9,1,Twitter
Twitter::@scorpiogirl281,hora,1,10,1,Twitter
Twitter::@scorpiogirl281,comprar,1,4,6,Twitter
Twitter::@scorpiogirl281,comida,1,8,4,Twitter
Twitter::@scorpiogirl281,clima,1,11,1,Twitter
Twitter::@scorpiogirl281,nino,1,8,1,Twitter
Twitter::@scorpiogirl281,venir,1,4,0,Twitter
Twitter::@scorpiogirl281,mario,1,8,4,Twitter
Twitter::@smumexico,practica,2,1,2,Twitter
Twitter::@smumexico,comunidad,2,3,0,Twitter
Twitter::@smumexico,representar,1,14,1,Twitter
Twitter::@smumexico,oportunidad,1,13,2,Twitter
Twitter::@smumexico,fortalecer,1,14,0,Twitter
Twitter::@smumexico,impulsar,1,1,2,Twitter
Twitter::@smumexico,desarrollo,1,1,2,Twitter
Twitter::@smumexico,privado,1,4,2,Twitter
Twitter::@smumexico,compartir,1,1,0,Twitter
Twitter::@smumexico,martinez,1,9,2,Twitter
Twitter::@smumexico,acompanar,1,13,0,Twitter
Twitter::@smumexico,hablar,1,11,0,Twitter
Twitter::@smumexico,experiencia,1,1,4,Twitter
Twitter::@smumexico,profesional,1,13,5,Twitter
Twitter::@smumexico,impacto,1,11,2,Twitter
Twitter::@smumexico,crecimiento,1,1,2,Twitter
Twitter::@smumexico,querer,1,11,0,Twitter
Twitter::@smumexico,solicitar,1,7,3,Twitter
Twitter::@smumexico,enviar,1,0,4,Twitter
Twitter::@smumexico,correo,1,10,1,Twitter
Twitter::@smumexico,cordial,1,11,2,Twitter
Twitter::@smumexico,invitacion,1,8,1,Twitter
Twitter::@smumexico,internacional,1,13,1,Twitter
Twitter::@smumexico,con,1,1,1,Twitter
Twitter::@smumexico,espacio,1,1,0,Twitter
Twitter::@smumexico,academico,1,1,2,Twitter
Twitter::@smumexico,indicacion,1,0,4,Twitter
Twitter::@smumexico,tecnico,1,11,2,Twitter
Twitter::@smumexico,distinto,1,2,2,Twitter
Twitter::@smumexico,julio,1,4,2,Twitter
Twitter::@smumexico,hospital,1,7,3,Twitter
Twitter::@smumexico,tamaulipas,1,5,1,Twitter
Twitter::@soy24siete,persona,4,4,3,Twitter
Twitter::@soy24siete,alcaldesa,4,8,0,Twitter
Twitter::@soy24siete,calle,3,9,1,Twitter
Twitter::@soy24siete,tamaulipas,3,5,1,Twitter
Twitter::@soy24siete,programa,2,2,3,Twitter
Twitter::@soy24siete,impulsado,2,3,0,Twitter
Twitter::@soy24siete,familia,2,1,0,Twitter
Twitter::@soy24siete,destacar,2,14,4,Twitter
Twitter::@soy24siete,buscar,2,5,1,Twitter
Twitter::@soy24siete,asegurar,2,4,3,Twitter
Twitter::@soy24siete,operativo,2,0,4,Twitter
Twitter::@soy24siete,autoridad,2,0,3,Twitter
Twitter::@soy24siete,anunciar,2,10,2,Twitter
Twitter::@soy24siete,instalacion,2,4,3,Twitter
Twitter::@soy24siete,adulto,2,6,-1,Twitter
Twitter::@soy24siete,vehiculo,2,7,2,Twitter
Twitter::@soy24siete,relacionado,2,4,4,Twitter
Twitter::@soy24siete,actividad,2,1,0,Twitter
Twitter::@soy24siete,permanecer,2,4,4,Twitter
Twitter::@soy24siete,sonrisas,1,2,3,Twitter
Twitter::@soy24siete,bienestar,1,2,3,Twitter
Twitter::@soy24siete,generar,1,13,2,Twitter
Twitter::@soy24siete,ahorro,1,4,3,Twitter
Twitter::@soy24siete,atencion,1,7,3,Twitter
Twitter::@soy24siete,directo,1,12,3,Twitter
Twitter::@soy24siete,colonia,1,2,4,Twitter
Twitter::@soy24siete,abrir,1,6,1,Twitter
Twitter::@soy24siete,mercado,1,8,4,Twitter
Twitter::@soy24siete,texas,1,6,-1,Twitter
Twitter::@soy24siete,producto,1,1,2,Twitter
Twitter::@soy24siete,local,1,1,2,Twitter
Twitter::@soy24siete,marca,1,13,2,Twitter
Twitter::@soy24siete,puerto,1,8,0,Twitter
Twitter::@soy24siete,unidos,1,11,6,Twitter
Twitter::@soy24siete,crecimiento,1,1,2,Twitter
Twitter::@soy24siete,emprendedor,1,1,2,Twitter
Twitter::@soy24siete,detencion,1,7,2,Twitter
Twitter::@soy24siete,hombre,1,13,5,Twitter
Twitter::@soy24siete,cdvictoria,1,5,1,Twitter
Twitter::@soy24siete,diverso,1,14,3,Twitter
Twitter::@soy24siete,simulacro,1,0,4,Twitter
Twitter::@soy24siete,nacional,1,4,2,Twitter
Twitter::@soy24siete,alerta,1,5,1,Twitter
Twitter::@soy24siete,protocolo,1,13,4,Twitter
Twitter::@soy24siete,emergencia,1,0,0,Twitter
Twitter::@soy24siete,escuela,1,14,1,Twitter
Twitter::@soy24siete,dependencia,1,0,4,Twitter
Twitter::@soy24siete,vigilancia,1,7,2,Twitter
Twitter::@soy24siete,seguridad,1,0,3,Twitter
Twitter::@soy24siete,monumento,1,5,1,Twitter
Twitter::@soy24siete,espacio,1,1,0,Twitter
Twitter::@soy24siete,publico,1,14,3,Twitter
Twitter::@soy24siete,reciente,1,13,1,Twitter
Twitter::@soy24siete,acto,1,6,3,Twitter
Twitter::@soy24siete,humano,1,9,0,Twitter
Twitter::@soy24siete,secretario,1,4,3,Twitter
Twitter::@soy24siete,general,1,10,0,Twitter
Twitter::@soy24siete,gobierno,1,12,3,Twitter
Twitter::@soy24siete,reconocer,1,6,0,Twitter
Twitter::@soy24siete,convivir,1,4,0,Twitter
Twitter::@soy24siete,entrar,1,4,1,Twitter
Twitter::@soy24siete,politica,1,9,2,Twitter
Twitter::@soy24siete,vida,1,7,4,Twitter
Twitter::@soy24siete,final,1,10,2,Twitter
Twitter::@soy24siete,avanzar,1,14,1,Twitter
Twitter::@soy24siete,armas,1,12,3,Twitter
Twitter::@soy24siete,equipo,1,13,3,Twitter
Twitter::@soy24siete,fuerte,1,7,2,Twitter
Twitter::@soy24siete,federal,1,12,1,Twitter
Twitter::@soy24siete,matamoros,1,5,0,Twitter
Twitter::@soy24siete,dejar,1,9,0,Twitter
Twitter::@soy24siete,soltar,1,12,1,Twitter
Twitter::@soy24siete,presunto,1,4,4,Twitter
Twitter::@soy24siete,fraude,1,4,4,Twitter
Twitter::@soy24siete,afuera,1,4,4,Twitter
Twitter::@soy24siete,barandilla,1,4,4,Twitter
Twitter::@soy24siete,municipal,1,14,0,Twitter
Twitter::@soy24siete,exigir,1,11,4,Twitter
Twitter::@soy24siete,liberar,1,7,2,Twitter
Twitter::@soy24siete,recorrido,1,0,1,Twitter
Twitter::@soy24siete,turistico,1,14,4,Twitter
Twitter::@soy24siete,rio,1,0,4,Twitter
Twitter::@soy24siete,panuco,1,7,0,Twitter
Twitter::@soy24siete,proyecto,1,14,4,Twitter
Twitter::@soy24siete,ruta,1,14,4,Twitter
Twitter::@soy24siete,impulsar,1,1,2,Twitter
Twitter::@soy24siete,turismo,1,14,4,Twitter
Twitter::@soy24siete,sur,1,14,2,Twitter
Twitter::@soy24siete,ofrecer,1,3,2,Twitter
Twitter::@soy24siete,experiencia,1,1,4,Twitter
Twitter::@soy24siete,visitante,1,3,2,Twitter
Twitter::@soy24siete,laredo,1,5,1,Twitter
Twitter::@soy24siete,fiesta,1,1,3,Twitter
Twitter::@soy24siete,presentar,1,10,0,Twitter
Twitter::@soy24siete,aniversario,1,8,4,Twitter
Twitter::@soy24siete,ciudad,1,13,1,Twitter
Twitter::@soy24siete,incluir,1,4,0,Twitter
Twitter::@soy24siete,concierto,1,4,6,Twitter
Twitter::@soy24siete,cultural,1,1,1,Twitter
Twitter::@soy24siete,deportivo,1,1,4,Twitter
Twitter::@soy24siete,gastronomico,1,14,4,Twitter
Twitter::@soy24siete,detalle,1,10,0,Twitter
Twitter::@soy24siete,sindicato,1,10,0,Twitter
Twitter::@soy24siete,centro,1,13,3,Twitter
Twitter::@soy24siete,denunciar,1,13,4,Twitter
Twitter::@soy24siete,malo,1,11,4,Twitter
Twitter::@soy24siete,ingreso,1,4,5,Twitter
Twitter::@soy24siete,constante,1,14,3,Twitter
Twitter::@soy24siete,situacion,1,0,1,Twitter
Twitter::@soy24siete,mitad,1,14,3,Twitter
Twitter::@soy24siete,medalla,1,12,3,Twitter
Twitter::@soy24siete,obtenido,1,12,3,Twitter
Twitter::@soy24siete,delegacion,1,10,1,Twitter
Twitter::@soy24siete,estatal,1,0,3,Twitter
Twitter::@soy24siete,lograr,1,13,2,Twitter
Twitter::@soy24siete,deportista,1,13,0,Twitter
Twitter::@soy24siete,tampiqueno,1,2,0,Twitter
Twitter::@soy24siete,perder,1,11,5,Twitter
Twitter::@soy24siete,judicial,1,12,3,Twitter
Twitter::@soy24siete,acudir,1,7,1,Twitter
Twitter::@soy24siete,ubicado,1,3,3,Twitter
Twitter::@soy24siete,avenida,1,5,1,Twitter
Twitter::@soy24siete,hidalgo,1,0,2,Twitter
Twitter::@soy24siete,juicio,1,11,1,Twitter
Twitter::@soy24siete,superior,1,13,0,Twitter
Twitter::@soy24siete,millon,1,12,0,Twitter
Twitter::@soy24siete,pesos,1,13,3,Twitter
Twitter::@soy24siete,conductor,1,9,4,Twitter
Twitter::@soy24siete,carretera,1,6,2,Twitter
Twitter::@soy24siete,menor,1,7,3,Twitter
Twitter::@soy24siete,resultar,1,6,2,Twitter
Twitter::@soy24siete,salir,1,11,0,Twitter
Twitter::@soy24siete,camino,1,6,1,Twitter
Twitter::@soy24siete,pavimento,1,14,2,Twitter
Twitter::@spyk3304,tamaulipas,14,5,1,Twitter
Twitter::@spyk3304,americo,12,14,1,Twitter
Twitter::@spyk3304,villarreal,12,3,0,Twitter
Twitter::@spyk3304,empresario,8,14,1,Twitter
Twitter::@spyk3304,hijo,7,12,4,Twitter
Twitter::@spyk3304,denunciar,6,13,4,Twitter
Twitter::@spyk3304,santiago,6,2,3,Twitter
Twitter::@spyk3304,gobernador,6,14,1,Twitter
Twitter::@spyk3304,alejandro,6,2,4,Twitter
Twitter::@spyk3304,extorsion,6,6,1,Twitter
Twitter::@spyk3304,realidad,4,6,2,Twitter
Twitter::@spyk3304,anaya,4,3,0,Twitter
Twitter::@spyk3304,gobierno,3,12,3,Twitter
Twitter::@spyk3304,fuerte,2,7,2,Twitter
Twitter::@spyk3304,superar,2,7,3,Twitter
Twitter::@spyk3304,triste,2,4,0,Twitter
Twitter::@spyk3304,morena,2,12,4,Twitter
Twitter::@spyk3304,convertir,2,6,2,Twitter
Twitter::@spyk3304,pais,2,12,0,Twitter
Twitter::@spyk3304,atencion,2,7,3,Twitter
Twitter::@spyk3304,exigir,2,11,4,Twitter
Twitter::@spyk3304,millonario,2,14,1,Twitter
Twitter::@spyk3304,millon,2,12,0,Twitter
Twitter::@spyk3304,pesos,2,13,3,Twitter
Twitter::@spyk3304,cambio,2,11,3,Twitter
Twitter::@spyk3304,solicitar,2,7,3,Twitter
Twitter::@spyk3304,presunto,2,4,4,Twitter
Twitter::@spyk3304,pago,2,10,1,Twitter
Twitter::@spyk3304,mdp,2,7,3,Twitter
Twitter::@spyk3304,mantener,2,7,0,Twitter
Twitter::@spyk3304,asegurar,2,4,3,Twitter
Twitter::@spyk3304,programa,2,2,3,Twitter
Twitter::@spyk3304,comenzar,2,7,0,Twitter
Twitter::@spyk3304,persona,2,4,3,Twitter
Twitter::@spyk3304,cercano,2,2,3,Twitter
Twitter::@spyk3304,grupo,2,13,3,Twitter
Twitter::@spyk3304,jorge,2,1,4,Twitter
Twitter::@spyk3304,jesus,2,2,4,Twitter
Twitter::@spyk3304,simple,2,7,1,Twitter
Twitter::@spyk3304,responder,2,13,4,Twitter
Twitter::@spyk3304,anunciar,2,10,2,Twitter
Twitter::@spyk3304,accion,2,2,0,Twitter
Twitter::@spyk3304,legal,2,11,6,Twitter
Twitter::@spyk3304,telmex,1,10,1,Twitter
Twitter::@spyk3304,peor,1,9,0,Twitter
Twitter::@spyk3304,internet,1,10,1,Twitter
Twitter::@spyk3304,funcionario,1,6,2,Twitter
Twitter::@spyk3304,ayuntamiento,1,0,2,Twitter
Twitter::@spyk3304,proteccion,1,0,0,Twitter
Twitter::@tampico,tarde,1,8,1,Twitter
Twitter::@tampico,gustar,1,6,0,Twitter
Twitter::@tampico,levantar,1,7,0,Twitter
Twitter::@tampico,reporte,1,7,0,Twitter
Twitter::@tampico,falla,1,12,-1,Twitter
Twitter::@tampico,servicio,1,2,2,Twitter
Twitter::@tetragastesta2,unico,2,11,4,Twitter
Twitter::@tetragastesta2,monterrey,2,5,2,Twitter
Twitter::@tetragastesta2,comenzar,1,7,0,Twitter
Twitter::@tetragastesta2,equipo,1,13,3,Twitter
Twitter::@tetragastesta2,pueblo,1,11,5,Twitter
Twitter::@tetragastesta2,gente,1,6,2,Twitter
Twitter::@tetragastesta2,trabajador,1,10,3,Twitter
Twitter::@tetragastesta2,contar,1,6,0,Twitter
Twitter::@tetragastesta2,desaparecer,1,8,3,Twitter
Twitter::@tetragastesta2,abrir,1,6,1,Twitter
Twitter::@tetragastesta2,camino,1,6,1,Twitter
Twitter::@tetragastesta2,norte,1,10,1,Twitter
Twitter::@tetragastesta2,mexico,1,12,0,Twitter
Twitter::@tetragastesta2,futbol,1,1,3,Twitter
Twitter::@tetragastesta2,club,1,10,5,Twitter
Twitter::@tetragastesta2,liga,1,10,4,Twitter
Twitter::@tetragastesta2,pagar,1,11,4,Twitter
Twitter::@tetragastesta2,evitar,1,7,2,Twitter
Twitter::@tetragastesta2,querer,1,11,0,Twitter
Twitter::@tetragastesta2,grande,1,1,0,Twitter
Twitter::@tetragastesta2,america,1,10,5,Twitter
Twitter::@tetragastesta2,pumas,1,5,2,Twitter
Twitter::@tetragastesta2,cruz,1,3,1,Twitter
Twitter::@tetragastesta2,jamas,1,11,4,Twitter
Twitter::@the_archist,pagar,3,11,4,Twitter
Twitter::@the_archist,necesitar,2,2,0,Twitter
Twitter::@the_archist,pais,1,12,0,Twitter
Twitter::@the_archist,cifra,1,14,0,Twitter
Twitter::@the_archist,alto,1,13,0,Twitter
Twitter::@the_archist,fifa,1,12,0,Twitter
Twitter::@the_archist,acuerdo,1,4,1,Twitter
Twitter::@the_archist,pasar,1,11,3,Twitter
Twitter::@tuespacio_1,medio,2,8,2,Twitter
Twitter::@tuespacio_1,alcaldesa,1,8,0,Twitter
Twitter::@tuespacio_1,precio,1,11,4,Twitter
Twitter::@tuespacio_1,final,1,10,2,Twitter
Twitter::@tuespacio_1,acabar,1,11,3,Twitter
Twitter::@tuespacio_1,par,1,6,-1,Twitter
Twitter::@tuespacio_1,resultar,1,6,2,Twitter
Twitter::@tuespacio_1,turistico,1,14,4,Twitter
Twitter::@tuespacio_1,jajaja,1,11,0,Twitter
Twitter::@tuespacio_1,vivir,1,8,2,Twitter
Twitter::@tuespacio_1,calle,1,9,1,Twitter
Twitter::@tuespacio_1,colonia,1,2,4,Twitter
Twitter::@tuespacio_1,mandar,1,11,1,Twitter
Twitter::@tuespacio_1,gato,1,12,0,Twitter
Twitter::@tuespacio_1,madre,1,10,3,Twitter
Twitter::@tuespacio_1,mexico,1,12,0,Twitter
Twitter::@tuespacio_1,hablar,1,11,0,Twitter
Twitter::@tuespacio_1,mundial,1,4,0,Twitter
Twitter::@tuespacio_1,madero,1,5,0,Twitter
Twitter::@tuespacio_1,altamira,1,5,0,Twitter
Twitter::@tuespacio_1,nivel,1,4,2,Twitter
Twitter::@vanBILSON,general,1,10,0,Twitter
Twitter::@vanBILSON,andres,1,12,2,Twitter
Twitter::@vanBILSON,manuel,1,12,2,Twitter
Twitter::@vanBILSON,lopez,1,12,2,Twitter
Twitter::@vanBILSON,obrador,1,12,2,Twitter
Twitter::@varancib,servir,4,6,2,Twitter
Twitter::@varancib,repetir,2,11,1,Twitter
Twitter::@varancib,pais,2,12,0,Twitter
Twitter::@varancib,situacion,2,0,1,Twitter
Twitter::@varancib,economico,2,13,2,Twitter
Twitter::@varancib,perder,2,11,5,Twitter
Twitter::@varancib,persona,2,4,3,Twitter
Twitter::@varancib,riesgo,2,0,1,Twitter
Twitter::@varancib,recurso,2,4,3,Twitter
Twitter::@varancib,programa,2,2,3,Twitter
Twitter::@varancib,social,2,2,3,Twitter
Twitter::@varancib,llamar,2,11,1,Twitter
Twitter::@varancib,presidente,2,14,2,Twitter
Twitter::@varancib,encuentro,2,1,4,Twitter
Twitter::@varancib,nacional,2,4,2,Twitter
Twitter::@vgabel,monica,1,3,0,Twitter
Twitter::@vgabel,politico,1,12,4,Twitter
Twitter::@vgabel,creer,1,12,3,Twitter
Twitter::@vgabel,venir,1,4,0,Twitter
Twitter::@vgabel,tirar,1,9,1,Twitter
Twitter::@vgabel,gente,1,6,2,Twitter
Twitter::@vgabel,entender,1,11,4,Twitter
Twitter::@vhmtzrmz,tamaulipas,5,5,1,Twitter
Twitter::@vhmtzrmz,cdvictoria,3,5,1,Twitter
Twitter::@vhmtzrmz,altamira,3,5,0,Twitter
Twitter::@vhmtzrmz,lopez,2,12,2,Twitter
Twitter::@vhmtzrmz,politico,2,12,4,Twitter
Twitter::@vhmtzrmz,operativo,2,0,4,Twitter
Twitter::@vhmtzrmz,agua,2,3,1,Twitter
Twitter::@vhmtzrmz,cdmadero,2,5,0,Twitter
Twitter::@vhmtzrmz,mario,1,8,4,Twitter
Twitter::@vhmtzrmz,senalar,1,4,4,Twitter
Twitter::@vhmtzrmz,gobernador,1,14,1,Twitter
Twitter::@vhmtzrmz,americo,1,14,1,Twitter
Twitter::@vhmtzrmz,villarreal,1,3,0,Twitter
Twitter::@vhmtzrmz,anaya,1,3,0,Twitter
Twitter::@vhmtzrmz,presunto,1,4,4,Twitter
Twitter::@vhmtzrmz,huachicol,1,12,2,Twitter
Twitter::@vhmtzrmz,clase,1,8,2,Twitter
Twitter::@vhmtzrmz,alcalde,1,4,6,Twitter
Twitter::@vhmtzrmz,nuevolaredo,1,5,0,Twitter
Twitter::@vhmtzrmz,hora,1,10,1,Twitter
Twitter::@vhmtzrmz,sur,1,14,2,Twitter
Twitter::@vhmtzrmz,registrar,1,5,1,Twitter
Twitter::@vhmtzrmz,ciudadmadero,1,5,0,Twitter
Twitter::@vhmtzrmz,sistema,1,0,4,Twitter
Twitter::@vhmtzrmz,autoridades,1,7,2,Twitter
Twitter::@vhmtzrmz,accion,1,2,0,Twitter
Twitter::@vhmtzrmz,region,1,1,2,Twitter
Twitter::@vhmtzrmz,importante,1,13,0,Twitter
Twitter::@vhmtzrmz,abrir,1,6,1,Twitter
Twitter::@vhmtzrmz,jueves,1,11,0,Twitter
Twitter::@vhmtzrmz,mayo,1,10,0,Twitter
Twitter::@vhmtzrmz,oficina,1,10,1,Twitter
Twitter::@vhmtzrmz,estatal,1,0,3,Twitter
Twitter::@vhmtzrmz,ubicado,1,3,3,Twitter
Twitter::@vhmtzrmz,col,1,6,1,Twitter
Twitter::@vhmtzrmz,metro,1,11,3,Twitter
Twitter::@vhmtzrmz,ejercito,1,11,1,Twitter
Twitter::@vhmtzrmz,mexicano,1,4,1,Twitter
Twitter::@vhmtzrmz,andy,1,12,2,Twitter
Twitter::@vhmtzrmz,compartir,1,1,0,Twitter
Twitter::@vhmtzrmz,foto,1,4,2,Twitter
Twitter::@vhmtzrmz,amlo,1,12,4,Twitter
Twitter::@vhmtzrmz,diputado,1,13,-1,Twitter
Twitter::@vhmtzrmz,federal,1,12,1,Twitter
Twitter::@vhmtzrmz,iniciar,1,5,1,Twitter
Twitter::@vhmtzrmz,electoral,1,11,5,Twitter
Twitter::@vhmtzrmz,retiro,1,3,3,Twitter
Twitter::@vhmtzrmz,padre,1,4,0,Twitter
Twitter::@yosoytampico,altamira,6,5,0,Twitter
Twitter::@yosoytampico,calle,6,9,1,Twitter
Twitter::@yosoytampico,villa,6,6,1,Twitter
Twitter::@yosoytampico,divisoria,4,3,1,Twitter
Twitter::@yosoytampico,colonia,4,2,4,Twitter
Twitter::@yosoytampico,hermosa,3,3,1,Twitter
Twitter::@yosoytampico,col,3,6,1,Twitter
Twitter::@yosoytampico,hermoso,3,8,0,Twitter
Twitter::@yosoytampico,zona,3,0,1,Twitter
Twitter::@yosoytampico,norte,3,10,1,Twitter
Twitter::@yosoytampico,avenida,2,5,1,Twitter
Twitter::@yosoytampico,comapa,2,2,2,Twitter
Twitter::@yosoytampico,abierto,2,3,3,Twitter
Twitter::@yosoytampico,drenaje,2,3,3,Twitter
Twitter::@yosoytampico,agua,2,3,1,Twitter
Twitter::@yosoytampico,negro,2,3,1,Twitter
Twitter::@yosoytampico,alerta,2,5,1,Twitter
Twitter::@yosoytampico,reynosa,2,5,0,Twitter
Twitter::@yosoytampico,inundado,2,7,2,Twitter
Twitter::@yosoytampico,mensaje,1,5,3,Twitter
Twitter::@yosoytampico,descansar,1,4,1,Twitter
Twitter::@yosoytampico,juan,1,10,0,Twitter
Twitter::@yosoytampico,asesino,1,11,1,Twitter
Twitter::@yosoytampico,cheque,1,4,1,Twitter
Twitter::@yosoytampico,gonzalez,1,5,1,Twitter
Twitter::@yosoytampico,pagar,1,11,4,Twitter
Twitter::@yosoytampico,noticias,1,5,2,Twitter
Twitter::@yosoytampico,madero,1,5,0,Twitter
Twitter::@yosoytampico,retirar,1,7,0,Twitter
Twitter::@yosoytampico,coche,1,9,4,Twitter
Twitter::@yosoytampico,arreglar,1,11,4,Twitter
Twitter::@yosoytampico,dejar,1,9,0,Twitter
Twitter::@yosoytampico,solicitar,1,7,3,Twitter
Twitter::@yosoytampico,desazolve,1,9,1,Twitter
Twitter::@yosoytampico,limpieza,1,3,3,Twitter
Twitter::@yosoytampico,red,1,14,3,Twitter
Twitter::@yosoytampico,cielo,1,3,3,Twitter
Twitter::@yosoytampico,sur,1,14,2,Twitter
Twitter::@yosoytampico,sistema,1,0,4,Twitter
Twitter::@yosoytampico,hidraulico,1,2,4,Twitter
Twitter::@yosoytampico,ave,1,6,3,Twitter
Twitter::@yosoytampico,primaria,1,14,1,Twitter
Twitter::@yosoytampico,plano,1,4,2,Twitter
Twitter::@yosoytampico,camioneta,1,6,1,Twitter
Twitter::@yosoytampico,luz,1,3,1,Twitter
Twitter::@yosoytampico,accidente,1,7,2,Twitter
Twitter::@yosoytampico,inseguridad,1,11,6,Twitter
Twitter::@yosoytampico,urgente,1,6,1,Twitter
Twitter::@yosoytampico,joven,1,13,0,Twitter
Twitter::@yosoytampico,familia,1,1,0,Twitter
Twitter::@yosoytampico,integrante,1,10,3,Twitter
Twitter::@yosoytampico,torre,1,6,2,Twitter
Twitter::@yosoytampico,fuerte,1,7,2,Twitter
Twitter::@yosoytampico,favor,1,11,5,Twitter
Twitter::@yosoytampico,compartir,1,1,0,Twitter
Twitter::@yosoytampico,morelia,1,5,2,Twitter
Twitter::@yosoytampico,tamaulipas,1,5,1,Twitter
Twitter::@yosoytampico,inundar,1,9,1,Twitter
Twitter::@yosoytampico,comentar,1,11,0,Twitter
Twitter::@yosoytampico,salir,1,11,0,Twitter
Twitter::@yosoytampico,casa,1,3,1,Twitter
Twitter::@yosoytampico,armando,1,7,3,Twitter
Twitter::@yosoytampico,martinez,1,9,2,Twitter
Twitter::@yosoytampico,alcalde,1,4,6,Twitter
Twitter::@yosoytampico,patio,1,3,1,Twitter
Twitter::@yosoytampico,monica,1,3,0,Twitter
Twitter::@yosoytampico,villarreal,1,3,0,Twitter
Twitter::@yosoytampico,alcaldesa,1,8,0,Twitter
Twitter::@yosoytampico,llamado,1,0,1,Twitter
Twitter::@z441r4,ciudad,2,13,1,Twitter
Twitter::@z441r4,matar,2,9,0,Twitter
Twitter::@z441r4,gobierno,1,12,3,Twitter
Twitter::@z441r4,rehabilitacion,1,14,4,Twitter
Twitter::@z441r4,drenaje,1,3,3,Twitter
Twitter::@z441r4,caer,1,12,1,Twitter
Twitter::@z441r4,agua,1,3,1,Twitter
Twitter::@z441r4,inundar,1,9,1,Twitter
Twitter::@z441r4,jardin,1,6,3,Twitter
Twitter::@z441r4,lluvia,1,0,1,Twitter
Twitter::@z441r4,concreto,1,2,4,Twitter
Twitter::@z441r4,tonto,1,10,2,Twitter
Twitter::@z441r4,presidenta,1,8,0,Twitter
Twitter::@z441r4,ganar,1,10,2,Twitter
Twitter::@z441r4,dia,1,6,0,Twitter
Twitter::@zonamxoficial,pregunta,1,9,0,Twitter
Twitter::@zonamxoficial,quedar,1,11,0,Twitter
Twitter::@zonamxoficial,cambiar,1,2,0,Twitter
Twitter::@zonamxoficial,caso,1,10,4,Twitter
Twitter::@zonamxoficial,seguir,1,2,0,Twitter
Twitter::@zonamxoficial,perder,1,11,5,Twitter
Twitter::@zonamxoficial,encontrar,1,7,4,Twitter
Twitter::@zonamxoficial,llegar,1,10,1,Twitter
Twitter::@zonamxoficial,sumar,1,6,1,Twitter
YouTube::@100AMLOS,amlo,2,12,4,YouTube
YouTube::@100AMLOS,dejar,1,9,0,YouTube
YouTube::@100AMLOS,libertad,1,6,3,YouTube
YouTube::@100AMLOS,abrazo,1,11,2,YouTube
YouTube::@100AMLOS,crear,1,8,4,YouTube
YouTube::@100AMLOS,maldito,1,9,0,YouTube
YouTube::@100AMLOS,sear,1,11,0,YouTube
YouTube::@100AMLOS,peor,1,9,0,YouTube
YouTube::@100AMLOS,hermosa,1,3,1,YouTube
YouTube::@17artegrafico,robar,2,12,5,YouTube
YouTube::@17artegrafico,ladron,2,12,5,YouTube
YouTube::@17artegrafico,aparte,1,11,1,YouTube
YouTube::@17artegrafico,ano,1,11,2,YouTube
YouTube::@17artegrafico,ganar,1,10,2,YouTube
YouTube::@17artegrafico,millon,1,12,0,YouTube
YouTube::@17artegrafico,problema,1,12,0,YouTube
YouTube::@1800coyote,entregar,2,6,2,YouTube
YouTube::@1800coyote,esperar,1,4,0,YouTube
YouTube::@1800coyote,jefe,1,11,3,YouTube
YouTube::@1800coyote,mexico,1,12,0,YouTube
YouTube::@1800coyote,dejar,1,9,0,YouTube
YouTube::@1800coyote,libre,1,1,0,YouTube
YouTube::@1800coyote,mandar,1,11,1,YouTube
YouTube::@1818dany,mexico,4,12,0,YouTube
YouTube::@1818dany,argentina,4,12,1,YouTube
YouTube::@1818dany,atacar,3,5,1,YouTube
YouTube::@1818dany,amlo,2,12,4,YouTube
YouTube::@1818dany,mantener,2,7,0,YouTube
YouTube::@1818dany,presidente,1,14,2,YouTube
YouTube::@1818dany,apoyo,1,2,2,YouTube
YouTube::@1818dany,mitad,1,14,3,YouTube
YouTube::@1818dany,moren,1,4,1,YouTube
YouTube::@1818dany,amenazar,1,6,3,YouTube
YouTube::@1818dany,nivel,1,4,2,YouTube
YouTube::@1818dany,visita,1,0,3,YouTube
YouTube::@1818dany,claudia,1,12,0,YouTube
YouTube::@1818dany,defender,1,11,0,YouTube
YouTube::@1818dany,delincuente,1,12,1,YouTube
YouTube::@1818dany,historia,1,1,3,YouTube
YouTube::@1818dany,grande,1,1,0,YouTube
YouTube::@1818dany,cosa,1,11,3,YouTube
YouTube::@1818dany,trump,1,12,1,YouTube
YouTube::@1818dany,america,1,10,5,YouTube
YouTube::@1818dany,premio,1,8,2,YouTube
YouTube::@1818dany,caer,1,12,1,YouTube
YouTube::@1818dany,justicia,1,11,1,YouTube
YouTube::@1818dany,gracias,1,8,0,YouTube
YouTube::@1818dany,corrupto,1,12,4,YouTube
YouTube::@1818dany,importante,1,13,0,YouTube
YouTube::@1818dany,pieza,1,1,3,YouTube
YouTube::@1818dany,huachicol,1,12,2,YouTube
YouTube::@1GeminiGirl,trump,1,12,1,YouTube
YouTube::@1GeminiGirl,soltar,1,12,1,YouTube
YouTube::@1GeminiGirl,persona,1,4,3,YouTube
YouTube::@1GeminiGirl,etc,1,12,1,YouTube
YouTube::@1GeminiGirl,llegar,1,10,1,YouTube
YouTube::@1GeminiGirl,precio,1,11,4,YouTube
YouTube::@1GeminiGirl,comprar,1,4,6,YouTube
YouTube::@1GeminiGirl,problema,1,12,0,YouTube
YouTube::@64chorote,gustar,1,6,0,YouTube
YouTube::@64chorote,joven,1,13,0,YouTube
YouTube::@64chorote,problema,1,12,0,YouTube
YouTube::@64chorote,pais,1,12,0,YouTube
YouTube::@64chorote,sigar,1,8,0,YouTube
YouTube::@69emiprz,mexicana,4,4,0,YouTube
YouTube::@69emiprz,pueblo,3,11,5,YouTube
YouTube::@69emiprz,justicia,2,11,1,YouTube
YouTube::@69emiprz,mexicano,2,4,1,YouTube
YouTube::@69emiprz,patria,2,12,1,YouTube
YouTube::@69emiprz,federal,2,12,1,YouTube
YouTube::@69emiprz,baja,1,10,3,YouTube
YouTube::@69emiprz,cargo,1,12,1,YouTube
YouTube::@69emiprz,pena,1,12,1,YouTube
YouTube::@69emiprz,funcionario,1,6,2,YouTube
YouTube::@69emiprz,robar,1,12,5,YouTube
YouTube::@9brmc,dia,1,6,0,YouTube
YouTube::@9brmc,dejar,1,9,0,YouTube
YouTube::@9brmc,pena,1,12,1,YouTube
YouTube::@9brmc,robo,1,12,1,YouTube
YouTube::@9brmc,mundo,1,11,0,YouTube
YouTube::@ACH673,palacio,2,12,0,YouTube
YouTube::@ACH673,mexico,1,12,0,YouTube
YouTube::@ACH673,hijo,1,12,4,YouTube
YouTube::@ACH673,nacional,1,4,2,YouTube
YouTube::@ACH673,dinero,1,12,5,YouTube
YouTube::@ACH673,dinamica,1,4,0,YouTube
YouTube::@ALFSalvatierra,etc,2,12,1,YouTube
YouTube::@ALFSalvatierra,pasar,1,11,3,YouTube
YouTube::@ALFSalvatierra,morena,1,12,4,YouTube
YouTube::@ALFSalvatierra,circo,1,12,0,YouTube
YouTube::@ALFSalvatierra,trump,1,12,1,YouTube
YouTube::@ALFSalvatierra,marco,1,6,0,YouTube
YouTube::@ALFSalvatierra,justicia,1,11,1,YouTube
YouTube::@ALFSalvatierra,cia,1,12,1,YouTube
YouTube::@ALXPARTANATTITUDE,ojala,2,9,0,YouTube
YouTube::@ALXPARTANATTITUDE,rata,2,4,1,YouTube
YouTube::@ALXPARTANATTITUDE,vengar,1,12,0,YouTube
YouTube::@ALXPARTANATTITUDE,limpiar,1,9,1,YouTube
YouTube::@ALXPARTANATTITUDE,fondo,1,11,6,YouTube
YouTube::@ALXPARTANATTITUDE,judicial,1,12,3,YouTube
YouTube::@ALXPARTANATTITUDE,corte,1,11,2,YouTube
YouTube::@ALXPARTANATTITUDE,acuerdo,1,4,1,YouTube
YouTube::@ALXPARTANATTITUDE,corrupto,1,12,4,YouTube
YouTube::@ALXPARTANATTITUDE,asesino,1,11,1,YouTube
YouTube::@ALXPARTANATTITUDE,narco,1,12,4,YouTube
YouTube::@ALXPARTANATTITUDE,empezar,1,12,3,YouTube
YouTube::@ALXPARTANATTITUDE,nefasto,1,7,2,YouTube
YouTube::@ALXPARTANATTITUDE,familia,1,1,0,YouTube
YouTube::@ALXPARTANATTITUDE,ladron,1,12,5,YouTube
YouTube::@ALXPARTANATTITUDE,muerto,1,10,3,YouTube
YouTube::@ALXPARTANATTITUDE,hambre,1,9,-1,YouTube
YouTube::@AMLO2026,faltar,1,12,1,YouTube
YouTube::@AMLO2026,carpintero,1,3,2,YouTube
YouTube::@AMLO2026,parecer,1,9,0,YouTube
YouTube::@AMLO2026,claudia,1,12,0,YouTube
YouTube::@AMLO2026,sheinbaum,1,12,0,YouTube
YouTube::@AMLO2026,capturar,1,12,0,YouTube
YouTube::@APRENDIENDOCONOCIENDOYENSE-h6d,detener,2,12,2,YouTube
YouTube::@APRENDIENDOCONOCIENDOYENSE-h6d,ojala,1,9,0,YouTube
YouTube::@APRENDIENDOCONOCIENDOYENSE-h6d,iniciar,1,5,1,YouTube
YouTube::@APRENDIENDOCONOCIENDOYENSE-h6d,accidente,1,7,2,YouTube
YouTube::@APRENDIENDOCONOCIENDOYENSE-h6d,pobre,1,12,0,YouTube
YouTube::@APRENDIENDOCONOCIENDOYENSE-h6d,nino,1,8,1,YouTube
YouTube::@APRENDIENDOCONOCIENDOYENSE-h6d,papa,1,6,0,YouTube
YouTube::@APRENDIENDOCONOCIENDOYENSE-h6d,querer,1,11,0,YouTube
YouTube::@APRENDIENDOCONOCIENDOYENSE-h6d,ignorante,1,9,0,YouTube
YouTube::@APRENDIENDOCONOCIENDOYENSE-h6d,delincuente,1,12,1,YouTube
YouTube::@APRENDIENDOCONOCIENDOYENSE-h6d,complice,1,11,4,YouTube
YouTube::@APRENDIENDOCONOCIENDOYENSE-h6d,tragedia,1,9,4,YouTube
YouTube::@APRENDIENDOCONOCIENDOYENSE-h6d,gente,1,6,2,YouTube
YouTube::@ARTUROCRUZCARRASCO-x7l,ridiculo,2,10,4,YouTube
YouTube::@ARTUROCRUZCARRASCO-x7l,resultar,1,6,2,YouTube
YouTube::@ARTUROCRUZCARRASCO-x7l,pedir,1,11,0,YouTube
YouTube::@ARTUROCRUZCARRASCO-x7l,cumplir,1,10,1,YouTube
YouTube::@ARTUROCRUZCARRASCO-x7l,marcar,1,10,4,YouTube
YouTube::@ARTUROCRUZCARRASCO-x7l,falta,1,11,0,YouTube
YouTube::@ARTUROCRUZCARRASCO-x7l,favor,1,11,5,YouTube
YouTube::@ARTUROCRUZCARRASCO-x7l,america,1,10,5,YouTube
YouTube::@Abigain-xe3nb,seleccion,1,4,0,YouTube
YouTube::@Abigain-xe3nb,esperar,1,4,0,YouTube
YouTube::@Abigain-xe3nb,resolver,1,12,0,YouTube
YouTube::@Abigain-xe3nb,problema,1,12,0,YouTube
YouTube::@Abigain-xe3nb,salud,1,2,3,YouTube
YouTube::@Abigain-xe3nb,seguridad,1,0,3,YouTube
YouTube::@Abigain-xe3nb,publico,1,14,3,YouTube
YouTube::@AbrahamMendoza-e8c,criminal,2,12,4,YouTube
YouTube::@AbrahamMendoza-e8c,mexicano,1,4,1,YouTube
YouTube::@AbrahamMendoza-e8c,pasar,1,11,3,YouTube
YouTube::@AbrahamMendoza-e8c,servicio,1,2,2,YouTube
YouTube::@AbrahamMendoza-e8c,investigacion,1,5,3,YouTube
YouTube::@AbrahamMendoza-e8c,ignorante,1,9,0,YouTube
YouTube::@AbrahamMendoza-e8c,pensar,1,11,1,YouTube
YouTube::@AbrahamMendoza-e8c,tocar,1,11,2,YouTube
YouTube::@AbrahamMendoza-e8c,interes,1,10,1,YouTube
YouTube::@AbrahamMendoza-e8c,justicia,1,11,1,YouTube
YouTube::@AbrahamMendoza-e8c,unidos,1,11,6,YouTube
YouTube::@AbrahamMendoza-e8c,fondo,1,11,6,YouTube
YouTube::@AbrahamMendoza-e8c,mexico,1,12,0,YouTube
YouTube::@AbrahamMendoza-e8c,agarrar,1,12,1,YouTube
YouTube::@AbrahamMendoza-e8c,proteger,1,9,2,YouTube
YouTube::@AbrahamMendoza-e8c,impunidad,1,12,1,YouTube
YouTube::@AbrahamMendoza-e8c,gobierno,1,12,3,YouTube
YouTube::@Abrahamb-p6e-r3n,eeuu,2,12,0,YouTube
YouTube::@Abrahamb-p6e-r3n,mexico,2,12,0,YouTube
YouTube::@Abrahamb-p6e-r3n,ojala,1,9,0,YouTube
YouTube::@Abrahamb-p6e-r3n,deporte,1,2,1,YouTube
YouTube::@Abrahamb-p6e-r3n,contrario,1,10,5,YouTube
YouTube::@Abrahamb-p6e-r3n,desaparecer,1,8,3,YouTube
YouTube::@Abrahamb-p6e-r3n,dinero,1,12,5,YouTube
YouTube::@Abrahamb-p6e-r3n,publico,1,14,3,YouTube
YouTube::@Abrahamb-p6e-r3n,combustible,1,12,5,YouTube
YouTube::@Abrahamb-p6e-r3n,etc,1,12,1,YouTube
YouTube::@Adrian-n1f,regresar,1,10,3,YouTube
YouTube::@Adrian-n1f,aca,1,4,6,YouTube
YouTube::@Adrian-n1f,favor,1,11,5,YouTube
YouTube::@Adrian-n1f,unidos,1,11,6,YouTube
YouTube::@Adrian-n1f,dejar,1,9,0,YouTube
YouTube::@Adrian-n1f,libre,1,1,0,YouTube
YouTube::@Adrian-n1f,encontrar,1,7,4,YouTube
YouTube::@Adrian-n1f,prueba,1,12,3,YouTube
YouTube::@Adrian-n1f,suficiente,1,11,5,YouTube
YouTube::@Adrian-n1f,peor,1,9,0,YouTube
YouTube::@AlbertoAlvarez-j1l,persona,2,4,3,YouTube
YouTube::@AlbertoAlvarez-j1l,identidad,1,1,3,YouTube
YouTube::@AlbertoAlvarez-j1l,video,1,11,2,YouTube
YouTube::@AlbertoAlvarez-j1l,papa,1,6,0,YouTube
YouTube::@AlbertoAlvarez-j1l,mama,1,10,3,YouTube
YouTube::@AlbertoAlvarez-j1l,presidenta,1,8,0,YouTube
YouTube::@AldoCuevas-og8kr,ojala,1,9,0,YouTube
YouTube::@AldoCuevas-og8kr,rata,1,4,1,YouTube
YouTube::@AldoCuevas-og8kr,pasar,1,11,3,YouTube
YouTube::@AldoCuevas-og8kr,morena,1,12,4,YouTube
YouTube::@AldoCuevas-og8kr,gobernar,1,7,2,YouTube
YouTube::@AldoCuevas-og8kr,impunidad,1,12,1,YouTube
YouTube::@Alejandro-s4q9g,penal,2,10,4,YouTube
YouTube::@Alejandro-s4q9g,corazon,1,13,2,YouTube
YouTube::@Alejandro-s4q9g,gobierno,1,12,3,YouTube
YouTube::@Alejandro-s4q9g,hora,1,10,1,YouTube
YouTube::@Alejandro-s4q9g,pensar,1,11,1,YouTube
YouTube::@Alejandro-s4q9g,consecuencia,1,9,0,YouTube
YouTube::@Alejandro-s4q9g,ley,1,11,1,YouTube
YouTube::@Alejandro-s4q9g,soberania,1,12,0,YouTube
YouTube::@Alejandro-s4q9g,pais,1,12,0,YouTube
YouTube::@Alejandro-s4q9g,esperar,1,4,0,YouTube
YouTube::@Alejandro-s4q9g,extranjero,1,12,0,YouTube
YouTube::@Alejandro-s4q9g,patria,1,12,1,YouTube
YouTube::@Alejandro-s4q9g,mexico,1,12,0,YouTube
YouTube::@Alejandro-s4q9g,enfrentar,1,11,1,YouTube
YouTube::@Alejandro-s4q9g,grande,1,1,0,YouTube
YouTube::@Alejandro-s4q9g,federal,1,12,1,YouTube
YouTube::@Alejandro-s4q9g,ano,1,11,2,YouTube
YouTube::@Alejandro-s4q9g,carcel,1,12,1,YouTube
YouTube::@Alejandro-s4q9g,cuando,1,12,2,YouTube
YouTube::@Alejandro-s4q9g,historia,1,1,3,YouTube
YouTube::@AlejandroGonzalez-rx6pr,persona,1,4,3,YouTube
YouTube::@AlejandroGonzalez-rx6pr,patria,1,12,1,YouTube
YouTube::@AlejandroGonzalez-rx6pr,defender,1,11,0,YouTube
YouTube::@AlejandroGonzalez-rx6pr,hora,1,10,1,YouTube
YouTube::@AlejandroGonzalez-rx6pr,ladron,1,12,5,YouTube
YouTube::@AlejandroHernandez-ht6rk,aficionado,1,4,0,YouTube
YouTube::@AlejandroHernandez-ht6rk,equipo,1,13,3,YouTube
YouTube::@AlejandroHernandez-ht6rk,cancha,1,14,4,YouTube
YouTube::@AlejandroHernandez-ht6rk,jugar,1,3,4,YouTube
YouTube::@AlejandroHernandez-ht6rk,creer,1,12,3,YouTube
YouTube::@AlejandroHernandez-ht6rk,pasar,1,11,3,YouTube
YouTube::@AlejandroHernandez-ht6rk,problema,1,12,0,YouTube
YouTube::@AlejandroJuarez-j4f,tapar,1,12,2,YouTube
YouTube::@AlejandroJuarez-j4f,ignorante,1,9,0,YouTube
YouTube::@AlejandroJuarez-j4f,ratero,1,12,4,YouTube
YouTube::@AlejandroJuarez-j4f,querer,1,11,0,YouTube
YouTube::@AlejandroJuarez-j4f,soberania,1,12,0,YouTube
YouTube::@AlejandroJuarez-j4f,nacional,1,4,2,YouTube
YouTube::@AlexMartinez-x2x,comentario,3,10,2,YouTube
YouTube::@AlexMartinez-x2x,creer,2,12,3,YouTube
YouTube::@AlexMartinez-x2x,querer,1,11,0,YouTube
YouTube::@AlexMartinez-x2x,aceptar,1,10,0,YouTube
YouTube::@AlexMartinez-x2x,comentar,1,11,0,YouTube
YouTube::@AlexMartinez-x2x,dia,1,6,0,YouTube
YouTube::@AlexMartinez-x2x,publico,1,14,3,YouTube
YouTube::@AlexMartinez-x2x,simple,1,7,1,YouTube
YouTube::@AlexMartinez-x2x,mundo,1,11,0,YouTube
YouTube::@AlexMartinez-x2x,pensar,1,11,1,YouTube
YouTube::@AlexMartinez-x2x,afectar,1,0,1,YouTube
YouTube::@AlexMartinez-x2x,domingo,1,4,5,YouTube
YouTube::@AlexMartinez-x2x,etc,1,12,1,YouTube
YouTube::@Alexus-z4z,adulto,1,6,-1,YouTube
YouTube::@Alexus-z4z,america,1,10,5,YouTube
YouTube::@Alexus-z4z,pasar,1,11,3,YouTube
YouTube::@Alexus-z4z,futbol,1,1,3,YouTube
YouTube::@Alexus-z4z,mexicano,1,4,1,YouTube
YouTube::@AlfsoG,mano,2,6,0,YouTube
YouTube::@AlfsoG,ojala,1,9,0,YouTube
YouTube::@AlfsoG,cuidado,1,3,2,YouTube
YouTube::@AlfsoG,territorio,1,6,2,YouTube
YouTube::@AlfsoG,pais,1,12,0,YouTube
YouTube::@AlfsoG,enrique,1,12,2,YouTube
YouTube::@AlfsoG,agente,1,12,1,YouTube
YouTube::@AlfsoG,rafael,1,12,2,YouTube
YouTube::@AlfsoG,caro,1,12,1,YouTube
YouTube::@AlfsoG,video,1,11,2,YouTube
YouTube::@AliciaIsabelManrique,mujer,2,10,3,YouTube
YouTube::@AliciaIsabelManrique,area,1,10,0,YouTube
YouTube::@AliciaIsabelManrique,pesimo,1,10,1,YouTube
YouTube::@AliciaIsabelManrique,gusto,1,8,4,YouTube
YouTube::@AnaGonzalez-nm7ir,mexico,2,12,0,YouTube
YouTube::@AnaGonzalez-nm7ir,gracia,1,11,2,YouTube
YouTube::@AnaGonzalez-nm7ir,ventana,1,3,1,YouTube
YouTube::@AnaGonzalez-nm7ir,palacio,1,12,0,YouTube
YouTube::@AnaGonzalez-nm7ir,nacional,1,4,2,YouTube
YouTube::@AnaGonzalez-nm7ir,recinto,1,10,3,YouTube
YouTube::@AnaGonzalez-nm7ir,sitio,1,10,1,YouTube
YouTube::@AnaGonzalez-nm7ir,garcia,1,12,2,YouTube
YouTube::@AnaGonzalez-nm7ir,necesario,1,0,3,YouTube
YouTube::@AnaGonzalez-nm7ir,transparencia,1,7,2,YouTube
YouTube::@AnaGonzalez-nm7ir,presidenta,1,8,0,YouTube
YouTube::@AnaGonzalez-nm7ir,identidad,1,1,3,YouTube
YouTube::@AnaGonzalez-nm7ir,cargo,1,12,1,YouTube
YouTube::@AnaGonzalez-nm7ir,persona,1,4,3,YouTube
YouTube::@AnaGonzalez-nm7ir,cabo,1,0,2,YouTube
YouTube::@AnaGonzalez-nm7ir,accion,1,2,0,YouTube
YouTube::@AnaGonzalez-nm7ir,pueblo,1,11,5,YouTube
YouTube::@AnaGonzalez-nm7ir,seguir,1,2,0,YouTube
YouTube::@AnaGonzalez-nm7ir,esperar,1,4,0,YouTube
YouTube::@AnaGonzalez-nm7ir,origen,1,9,-1,YouTube
YouTube::@AnaGonzalez-nm7ir,golfo,1,4,5,YouTube
YouTube::@AnaMariaCarrillo-m6d,vivir,2,8,2,YouTube
YouTube::@AnaMariaCarrillo-m6d,mexicano,1,4,1,YouTube
YouTube::@AnaMariaCarrillo-m6d,bendicion,1,8,0,YouTube
YouTube::@AnaMariaCarrillo-m6d,acompanar,1,13,0,YouTube
YouTube::@AnaMariaCarrillo-m6d,diario,1,3,0,YouTube
YouTube::@AnaMariaCarrillo-m6d,morir,1,7,2,YouTube
YouTube::@AnaMariaCarrillo-m6d,patria,1,12,1,YouTube
YouTube::@AnaMariaCarrillo-m6d,justo,1,11,5,YouTube
YouTube::@AnaMariaCarrillo-m6d,excelente,1,2,1,YouTube
YouTube::@AnaMariaCarrillo-m6d,triunfo,1,11,2,YouTube
YouTube::@AnaMariaCarrillo-m6d,santa,1,13,3,YouTube
YouTube::@AnaMariaCarrillo-m6d,luz,1,3,1,YouTube
YouTube::@Andrew2323vDouglass,area,1,10,0,YouTube
YouTube::@Andrew2323vDouglass,base,1,13,4,YouTube
YouTube::@Andrew2323vDouglass,militar,1,11,1,YouTube
YouTube::@Andrew2323vDouglass,deber,1,11,1,YouTube
YouTube::@Andrew2323vDouglass,rapido,1,0,1,YouTube
YouTube::@Andrew2323vDouglass,accion,1,2,0,YouTube
YouTube::@AngelAltuzar-fc1de,donde,1,12,2,YouTube
YouTube::@AngelAltuzar-fc1de,caer,1,12,1,YouTube
YouTube::@AngelAltuzar-fc1de,pais,1,12,0,YouTube
YouTube::@AngelAltuzar-fc1de,permitir,1,14,0,YouTube
YouTube::@AngelAltuzar-fc1de,corrupcion,1,12,5,YouTube
YouTube::@AngelMartinezortiz-d7k,senora,1,9,0,YouTube
YouTube::@AngelMartinezortiz-d7k,presidenta,1,8,0,YouTube
YouTube::@AngelMartinezortiz-d7k,creer,1,12,3,YouTube
YouTube::@AngelMartinezortiz-d7k,corazon,1,13,2,YouTube
YouTube::@AngelMartinezortiz-d7k,mexicano,1,4,1,YouTube
YouTube::@AngelicaMontejo-yx4pc,salir,1,11,0,YouTube
YouTube::@AngelicaMontejo-yx4pc,presidencia,1,8,2,YouTube
YouTube::@AngelicaMontejo-yx4pc,palacio,1,12,0,YouTube
YouTube::@AngelicaMontejo-yx4pc,nacional,1,4,2,YouTube
YouTube::@AngelicaMontejo-yx4pc,monumento,1,5,1,YouTube
YouTube::@AngelicaMontejo-yx4pc,historico,1,6,1,YouTube
YouTube::@AngelicaMontejo-yx4pc,oportunidad,1,13,2,YouTube
YouTube::@AngelicaMontejo-yx4pc,mexicano,1,4,1,YouTube
YouTube::@AnnaPaz90,excelente,1,2,1,YouTube
YouTube::@AnnaPaz90,analisis,1,10,3,YouTube
YouTube::@AnnaPaz90,claudia,1,12,0,YouTube
YouTube::@AnnaPaz90,presidente,1,14,2,YouTube
YouTube::@AnnaPaz90,mexico,1,12,0,YouTube
YouTube::@AnnaPaz90,apoyo,1,2,2,YouTube
YouTube::@AnnaPaz90,politica,1,9,2,YouTube
YouTube::@AnnaPaz90,corrupcion,1,12,5,YouTube
YouTube::@AnnaPaz90,tocar,1,11,2,YouTube
YouTube::@AnnaPaz90,tratar,1,10,4,YouTube
YouTube::@AnnaPaz90,falta,1,11,0,YouTube
YouTube::@AnnaPaz90,politico,1,12,4,YouTube
YouTube::@AnselmaOliveraIbarra,pena,2,12,1,YouTube
YouTube::@AnselmaOliveraIbarra,acuerdo,1,4,1,YouTube
YouTube::@AnselmaOliveraIbarra,muerte,1,11,1,YouTube
YouTube::@AnselmaOliveraIbarra,mexico,1,12,0,YouTube
YouTube::@AnselmaOliveraIbarra,castigar,1,11,1,YouTube
YouTube::@AnselmaOliveraIbarra,marino,1,12,1,YouTube
YouTube::@AnselmaOliveraIbarra,traidor,1,11,1,YouTube
YouTube::@AnselmaOliveraIbarra,patria,1,12,1,YouTube
YouTube::@AnselmaOliveraIbarra,matar,1,9,0,YouTube
YouTube::@AnselmaOliveraIbarra,civil,1,0,0,YouTube
YouTube::@AnselmaOliveraIbarra,fuerza,1,10,3,YouTube
YouTube::@AntonioDuran-d4j,carcel,1,12,1,YouTube
YouTube::@AntonioDuran-d4j,andy,1,12,2,YouTube
YouTube::@AntonioDuran-d4j,obrador,1,12,2,YouTube
YouTube::@AntonioDuran-d4j,adan,1,12,2,YouTube
YouTube::@AntonioDuran-d4j,mario,1,8,4,YouTube
YouTube::@AntonioRodriguez-x3j9z,villa,2,6,1,YouTube
YouTube::@AntonioRodriguez-x3j9z,alli,1,11,2,YouTube
YouTube::@AntonioRodriguez-x3j9z,norte,1,10,1,YouTube
YouTube::@AntonioRodriguez-x3j9z,caso,1,10,4,YouTube
YouTube::@AntonioRodriguez-x3j9z,seguir,1,2,0,YouTube
YouTube::@AntonioVazquez-vn9ks,donde,1,12,2,YouTube
YouTube::@AntonioVazquez-vn9ks,meter,1,11,3,YouTube
YouTube::@AntonioVazquez-vn9ks,juez,1,10,3,YouTube
YouTube::@AntonioVazquez-vn9ks,corrupto,1,12,4,YouTube
YouTube::@AntonioVazquez-vn9ks,delito,1,11,4,YouTube
YouTube::@AntonioVazquez-vn9ks,soltar,1,12,1,YouTube
YouTube::@AntonioVazquez-vn9ks,derechos,1,4,1,YouTube
YouTube::@AntonioVazquez-vn9ks,humanos,1,4,1,YouTube
YouTube::@AntonioVazquez-vn9ks,ayudar,1,12,1,YouTube
YouTube::@AntonioVazquez-vn9ks,salir,1,11,0,YouTube
YouTube::@AntonioVazquez-vn9ks,libertad,1,6,3,YouTube
YouTube::@AntonioZ-b7w,institucion,1,11,1,YouTube
YouTube::@AntonioZ-b7w,marina,1,6,0,YouTube
YouTube::@AntonioZ-b7w,escuela,1,14,1,YouTube
YouTube::@AntonioZ-b7w,ganar,1,10,2,YouTube
YouTube::@AntonioZ-b7w,deber,1,11,1,YouTube
YouTube::@ArmandoLopez-iu5eq,mero,2,7,4,YouTube
YouTube::@ArmandoLopez-iu5eq,extraditar,1,12,0,YouTube
YouTube::@ArmandoLopez-iu5eq,mexico,1,12,0,YouTube
YouTube::@ArmandoLopez-iu5eq,gobierno,1,12,3,YouTube
YouTube::@ArmandoLopez-iu5eq,criminal,1,12,4,YouTube
YouTube::@ArmandoLopez-iu5eq,corrupcion,1,12,5,YouTube
YouTube::@ArturLasco,cheque,1,4,1,YouTube
YouTube::@ArturLasco,corrupcion,1,12,5,YouTube
YouTube::@ArturLasco,existir,1,10,1,YouTube
YouTube::@ArturLasco,veracruz,1,5,2,YouTube
YouTube::@ArturLasco,san,1,10,1,YouTube
YouTube::@ArturLasco,juan,1,10,0,YouTube
YouTube::@ArturLasco,retirado,1,4,0,YouTube
YouTube::@ArturLasco,director,1,0,5,YouTube
YouTube::@ArturLasco,unidad,1,6,1,YouTube
YouTube::@ArturoL-v8y,futbol,2,1,3,YouTube
YouTube::@ArturoL-v8y,quedar,1,11,0,YouTube
YouTube::@ArturoL-v8y,ridiculo,1,10,4,YouTube
YouTube::@ArturoL-v8y,torneo,1,1,4,YouTube
YouTube::@ArturoL-v8y,aplicar,1,11,1,YouTube
YouTube::@ArturoL-v8y,beneficiar,1,14,1,YouTube
YouTube::@ArturoL-v8y,totalmente,1,3,4,YouTube
YouTube::@ArturoL-v8y,interes,1,10,1,YouTube
YouTube::@ArturoL-v8y,manejar,1,9,4,YouTube
YouTube::@ArturoMartinez-tw6rm,seguir,2,2,0,YouTube
YouTube::@ArturoMartinez-tw6rm,tarde,1,8,1,YouTube
YouTube::@ArturoMartinez-tw6rm,temprano,1,9,1,YouTube
YouTube::@ArturoMartinez-tw6rm,salir,1,11,0,YouTube
YouTube::@ArturoMartinez-tw6rm,luz,1,3,1,YouTube
YouTube::@ArturoMartinez-tw6rm,publico,1,14,3,YouTube
YouTube::@ArturoMartinez-tw6rm,hijo,1,12,4,YouTube
YouTube::@ArturoMartinez-tw6rm,pagar,1,11,4,YouTube
YouTube::@ArturoMartinez-tw6rm,patria,1,12,1,YouTube
YouTube::@ArturoMartinez-tw6rm,lista,1,12,1,YouTube
YouTube::@ArturoMartinez-tw6rm,lopez,1,12,2,YouTube
YouTube::@ArturoRodríguez-n4p,gobierno,2,12,3,YouTube
YouTube::@ArturoRodríguez-n4p,morena,2,12,4,YouTube
YouTube::@ArturoRodríguez-n4p,noticias,1,5,2,YouTube
YouTube::@ArturoRodríguez-n4p,duda,1,10,1,YouTube
YouTube::@ArturoRodríguez-n4p,integrante,1,10,3,YouTube
YouTube::@ArturoRodríguez-n4p,robar,1,12,5,YouTube
YouTube::@ArturoRodríguez-n4p,mano,1,6,0,YouTube
YouTube::@ArturoRodríguez-n4p,aparte,1,11,1,YouTube
YouTube::@ArturoRodríguez-n4p,delincuente,1,12,1,YouTube
YouTube::@ArturoRodríguez-n4p,aser,1,12,5,YouTube
YouTube::@ArturoRodríguez-n4p,creer,1,12,3,YouTube
YouTube::@ArturoRodríguez-n4p,peor,1,9,0,YouTube
YouTube::@AsiaYoung-m5l,pemex,1,12,3,YouTube
YouTube::@AsiaYoung-m5l,narco,1,12,4,YouTube
YouTube::@AsiaYoung-m5l,gobierno,1,12,3,YouTube
YouTube::@AsiaYoung-m5l,destruir,1,12,3,YouTube
YouTube::@AsiaYoung-m5l,veracruz,1,5,2,YouTube
YouTube::@Ayaxdgo,cambio,5,11,3,YouTube
YouTube::@Ayaxdgo,salir,3,11,0,YouTube
YouTube::@Ayaxdgo,entrar,1,4,1,YouTube
YouTube::@Ayaxdgo,facil,1,4,1,YouTube
YouTube::@Ayaxdgo,entregar,1,6,2,YouTube
YouTube::@Ayaxdgo,anunciar,1,10,2,YouTube
YouTube::@Ayaxdgo,venir,1,4,0,YouTube
YouTube::@Ayaxdgo,mal,1,4,1,YouTube
YouTube::@Ayaxdgo,deber,1,11,1,YouTube
YouTube::@BENNYNOWE,dias,1,12,1,YouTube
YouTube::@BENNYNOWE,senora,1,9,0,YouTube
YouTube::@BENNYNOWE,gobernadora,1,12,1,YouTube
YouTube::@BENNYNOWE,garcia,1,12,2,YouTube
YouTube::@BENNYNOWE,nuevamente,1,13,4,YouTube
YouTube::@BENNYNOWE,registro,1,7,2,YouTube
YouTube::@BENNYNOWE,publico,1,14,3,YouTube
YouTube::@BENNYNOWE,propiedad,1,11,2,YouTube
YouTube::@BENNYNOWE,pretexto,1,9,0,YouTube
YouTube::@BENNYNOWE,permitir,1,14,0,YouTube
YouTube::@BENNYNOWE,gobierno,1,12,3,YouTube
YouTube::@BRORION11,deber,4,11,1,YouTube
YouTube::@BRORION11,humano,4,9,0,YouTube
YouTube::@BRORION11,creer,2,12,3,YouTube
YouTube::@BRORION11,celebrar,2,1,3,YouTube
YouTube::@BRORION11,salir,2,11,0,YouTube
YouTube::@BRORION11,quedar,1,11,0,YouTube
YouTube::@BRORION11,rueda,1,10,3,YouTube
YouTube::@BRORION11,vehiculo,1,7,2,YouTube
YouTube::@BRORION11,falla,1,12,-1,YouTube
YouTube::@BRORION11,autoridad,1,0,3,YouTube
YouTube::@BRORION11,cerrar,1,5,1,YouTube
YouTube::@BRORION11,vialidad,1,2,2,YouTube
YouTube::@BRORION11,gente,1,6,2,YouTube
YouTube::@BRORION11,alguien,1,11,4,YouTube
YouTube::@BRORION11,ley,1,11,1,YouTube
YouTube::@BRORION11,auto,1,9,2,YouTube
YouTube::@BRORION11,danado,1,9,0,YouTube
YouTube::@BRORION11,legal,1,11,6,YouTube
YouTube::@BRORION11,dano,1,4,1,YouTube
YouTube::@BRORION11,tomar,1,4,2,YouTube
YouTube::@BRORION11,mano,1,6,0,YouTube
YouTube::@BRORION11,jamas,1,11,4,YouTube
YouTube::@BRORION11,miedo,1,9,0,YouTube
YouTube::@BRORION11,proteger,1,9,2,YouTube
YouTube::@BRORION11,lamentable,1,9,4,YouTube
YouTube::@BRORION11,involucrado,1,12,1,YouTube
YouTube::@BegonaCampero,acuerdo,1,4,1,YouTube
YouTube::@BegonaCampero,analisis,1,10,3,YouTube
YouTube::@BegonaCampero,parecer,1,9,0,YouTube
YouTube::@BegonaCampero,increible,1,8,2,YouTube
YouTube::@BegonaCampero,aficionado,1,4,0,YouTube
YouTube::@BegonaCampero,ganar,1,10,2,YouTube
YouTube::@BegonaCampero,mesa,1,10,0,YouTube
YouTube::@BlancaGuzman-v3i,corrupto,2,12,4,YouTube
YouTube::@BlancaGuzman-v3i,cartel,2,4,5,YouTube
YouTube::@BlancaGuzman-v3i,inutil,2,9,0,YouTube
YouTube::@BlancaGuzman-v3i,morena,2,12,4,YouTube
YouTube::@BlancaGuzman-v3i,pinche,1,10,3,YouTube
YouTube::@BlancaGuzman-v3i,viejo,1,11,5,YouTube
YouTube::@BlancaGuzman-v3i,integrante,1,10,3,YouTube
YouTube::@BlancaGuzman-v3i,terrorista,1,9,0,YouTube
YouTube::@BlancaGuzman-v3i,ignorante,1,9,0,YouTube
YouTube::@BlancaGuzman-v3i,amlo,1,12,4,YouTube
YouTube::@BlancaGuzman-v3i,maldito,1,9,0,YouTube
YouTube::@BlancaGuzman-v3i,delincuente,1,12,1,YouTube
YouTube::@BlancaGuzman-v3i,regresar,1,10,3,YouTube
YouTube::@BlancaGuzman-v3i,hijo,1,12,4,YouTube
YouTube::@BlancaRamirezflores,gente,3,6,2,YouTube
YouTube::@BlancaRamirezflores,carro,3,9,0,YouTube
YouTube::@BlancaRamirezflores,conductor,2,9,4,YouTube
YouTube::@BlancaRamirezflores,informacion,1,11,0,YouTube
YouTube::@BlancaRamirezflores,joven,1,13,0,YouTube
YouTube::@BlancaRamirezflores,directo,1,12,3,YouTube
YouTube::@BlancaRamirezflores,ala,1,12,0,YouTube
YouTube::@BlancaRamirezflores,banqueta,1,7,0,YouTube
YouTube::@BlancaRamirezflores,cabeza,1,11,1,YouTube
YouTube::@BlancaRamirezflores,apoyo,1,2,2,YouTube
YouTube::@BlancaRamirezflores,salir,1,11,0,YouTube
YouTube::@BlancaRamirezflores,familia,1,1,0,YouTube
YouTube::@BlancaRamirezflores,dejar,1,9,0,YouTube
YouTube::@BlancaRamirezflores,calle,1,9,1,YouTube
YouTube::@BlancaRamirezflores,esperar,1,4,0,YouTube
YouTube::@BlancaRamirezflores,seguir,1,2,0,YouTube
YouTube::@BlancaRamirezflores,fiesta,1,1,3,YouTube
YouTube::@BlancaRamirezflores,paz,1,1,0,YouTube
YouTube::@BlancaRamirezflores,vida,1,7,4,YouTube
YouTube::@BlancaRamirezflores,morir,1,7,2,YouTube
YouTube::@Buendia-11,creer,1,12,3,YouTube
YouTube::@Buendia-11,america,1,10,5,YouTube
YouTube::@Buendia-11,favorecer,1,3,3,YouTube
YouTube::@Buendia-11,partido,1,4,0,YouTube
YouTube::@Buendia-11,vida,1,7,4,YouTube
YouTube::@Buendia-11,futbol,1,1,3,YouTube
YouTube::@Buendia-11,profesional,1,13,5,YouTube
YouTube::@Buendia-11,mexico,1,12,0,YouTube
YouTube::@Buendia-11,ninez,1,8,1,YouTube
YouTube::@Buendia-11,triste,1,4,0,YouTube
YouTube::@CarlosJimenez-kw6fb,imagen,3,14,2,YouTube
YouTube::@CarlosJimenez-kw6fb,medio,2,8,2,YouTube
YouTube::@CarlosJimenez-kw6fb,malo,1,11,4,YouTube
YouTube::@CarlosJimenez-kw6fb,buscar,1,5,1,YouTube
YouTube::@CarlosJimenez-kw6fb,fecha,1,10,0,YouTube
YouTube::@CarlosJimenez-kw6fb,mar,1,6,3,YouTube
YouTube::@CarlosJimenez-kw6fb,periodo,1,4,3,YouTube
YouTube::@CarlosJimenez-kw6fb,presentar,1,10,0,YouTube
YouTube::@CarlosJimenez-kw6fb,presidenta,1,8,0,YouTube
YouTube::@CarlosJimenez-kw6fb,deber,1,11,1,YouTube
YouTube::@CarlosJimenez-kw6fb,exigir,1,11,4,YouTube
YouTube::@CarlosJimenez-kw6fb,titular,1,10,0,YouTube
YouTube::@CarlosJimenez-kw6fb,area,1,10,0,YouTube
YouTube::@CarlosJimenez-kw6fb,ambiental,1,1,4,YouTube
YouTube::@CarlosJimenez-kw6fb,pemex,1,12,3,YouTube
YouTube::@CarlosJimenez-kw6fb,respuesta,1,0,4,YouTube
YouTube::@CarlosJimenez-kw6fb,sacar,1,11,3,YouTube
YouTube::@CarlosJimenez-kw6fb,politico,1,12,4,YouTube
YouTube::@CarlosLupercio-c8b,descubrir,1,4,5,YouTube
YouTube::@CarlosLupercio-c8b,canal,1,9,1,YouTube
YouTube::@CarlosLupercio-c8b,enfrentar,1,11,1,YouTube
YouTube::@CarlosLupercio-c8b,militar,1,11,1,YouTube
YouTube::@CarlosLupercio-c8b,servir,1,6,2,YouTube
YouTube::@CarlosLupercio-c8b,hora,1,10,1,YouTube
YouTube::@CarlosLupercio-c8b,parar,1,11,0,YouTube
YouTube::@CarlosQuiñonezLopez,alli,2,11,2,YouTube
YouTube::@CarlosQuiñonezLopez,aplicar,2,11,1,YouTube
YouTube::@CarlosQuiñonezLopez,america,2,10,5,YouTube
YouTube::@CarlosQuiñonezLopez,senor,1,12,0,YouTube
YouTube::@CarlosQuiñonezLopez,guadalajara,1,5,2,YouTube
YouTube::@CarlosQuiñonezLopez,equipo,1,13,3,YouTube
YouTube::@CarlosQuiñonezLopez,tecnico,1,11,2,YouTube
YouTube::@CarlosQuiñonezLopez,traer,1,11,0,YouTube
YouTube::@CarlosQuiñonezLopez,consecuencia,1,9,0,YouTube
YouTube::@CarlosQuiñonezLopez,americo,1,14,1,YouTube
YouTube::@CarlosQuiñonezLopez,morelia,1,5,2,YouTube
YouTube::@CarlosQuiñonezLopez,gol,1,12,0,YouTube
YouTube::@CarlosQuiñonezLopez,visitante,1,3,2,YouTube
YouTube::@CarlosQuiñonezLopez,defensa,1,6,3,YouTube
YouTube::@CarlosQuiñonezLopez,central,1,3,2,YouTube
YouTube::@CarlosQuiñonezLopez,pasar,1,11,3,YouTube
YouTube::@CarlosQuiñonezLopez,ganar,1,10,2,YouTube
YouTube::@CarlosQuiñonezLopez,liga,1,10,4,YouTube
YouTube::@CarlosSandoval-rb6dv,claro,1,4,3,YouTube
YouTube::@CarlosSandoval-rb6dv,querer,1,11,0,YouTube
YouTube::@CarlosSandoval-rb6dv,gringo,1,12,4,YouTube
YouTube::@CarlosSandoval-rb6dv,sacar,1,11,3,YouTube
YouTube::@CarlosSandoval-rb6dv,informacion,1,11,0,YouTube
YouTube::@CarolinaMartinez-zk6os,verguenza,2,12,0,YouTube
YouTube::@CarolinaMartinez-zk6os,ojala,1,9,0,YouTube
YouTube::@CarolinaMartinez-zk6os,salir,1,11,0,YouTube
YouTube::@CarolinaMartinez-zk6os,mandir,1,4,1,YouTube
YouTube::@CarolinaMartinez-zk6os,unidos,1,11,6,YouTube
YouTube::@CarolinaMartinez-zk6os,salud,1,2,3,YouTube
YouTube::@CarolinaMartinez-zk6os,pobre,1,12,0,YouTube
YouTube::@CarolinaMartinez-zk6os,gente,1,6,2,YouTube
YouTube::@CesarCruz-tr8nm,lopez,2,12,2,YouTube
YouTube::@CesarCruz-tr8nm,ratero,2,12,4,YouTube
YouTube::@CesarCruz-tr8nm,palacio,1,12,0,YouTube
YouTube::@CesarCruz-tr8nm,proteger,1,9,2,YouTube
YouTube::@CesarCruz-tr8nm,pasar,1,11,3,YouTube
YouTube::@CesarCruz-tr8nm,mexico,1,12,0,YouTube
YouTube::@CesarCruz-tr8nm,necesitar,1,2,0,YouTube
YouTube::@CesarCruz-tr8nm,cambio,1,11,3,YouTube
YouTube::@CesarCruz-tr8nm,moren,1,4,1,YouTube
YouTube::@CesarCruz-tr8nm,corrupto,1,12,4,YouTube
YouTube::@CesarCruz-tr8nm,laguna,1,3,2,YouTube
YouTube::@CesarCruz-tr8nm,jefe,1,11,3,YouTube
YouTube::@CesarCruz-tr8nm,claudia,1,12,0,YouTube
YouTube::@CesarCruz-tr8nm,narco,1,12,4,YouTube
YouTube::@CesarCruz-tr8nm,esperar,1,4,0,YouTube
YouTube::@CesarCruz-tr8nm,trump,1,12,1,YouTube
YouTube::@CesarCruz-tr8nm,pedir,1,11,0,YouTube
YouTube::@CesarCruz-tr8nm,rendir,1,6,3,YouTube
YouTube::@CesarMedina-w5s,mujer,1,10,3,YouTube
YouTube::@CesarMedina-w5s,deber,1,11,1,YouTube
YouTube::@CesarMedina-w5s,defender,1,11,0,YouTube
YouTube::@CesarMedina-w5s,banda,1,1,1,YouTube
YouTube::@CesarMedina-w5s,delincuente,1,12,1,YouTube
YouTube::@CharoMedrano,politico,1,12,4,YouTube
YouTube::@CharoMedrano,corrupto,1,12,4,YouTube
YouTube::@CharoMedrano,unico,1,11,4,YouTube
YouTube::@CharoMedrano,marina,1,6,0,YouTube
YouTube::@CharoMedrano,maldito,1,9,0,YouTube
YouTube::@CharoMedrano,gobierno,1,12,3,YouTube
YouTube::@ChefisReyes,senora,2,9,0,YouTube
YouTube::@ChefisReyes,presidentar,1,8,0,YouTube
YouTube::@ChefisReyes,joven,1,13,0,YouTube
YouTube::@ChefisReyes,cuerpo,1,3,1,YouTube
YouTube::@ChefisReyes,beca,1,13,3,YouTube
YouTube::@ChefisReyes,quitar,1,11,5,YouTube
YouTube::@ChefisReyes,ala,1,12,0,YouTube
YouTube::@ChefisReyes,aser,1,12,5,YouTube
YouTube::@ChefisReyes,dano,1,4,1,YouTube
YouTube::@Chulo25tk,familia,2,1,0,YouTube
YouTube::@Chulo25tk,justicia,1,11,1,YouTube
YouTube::@Chulo25tk,vehiculo,1,7,2,YouTube
YouTube::@Chulo25tk,bajar,1,11,0,YouTube
YouTube::@Ciudadano707,triste,1,4,0,YouTube
YouTube::@Ciudadano707,venir,1,4,0,YouTube
YouTube::@Ciudadano707,unidos,1,11,6,YouTube
YouTube::@Ciudadano707,pueblo,1,11,5,YouTube
YouTube::@Ciudadano707,mexico,1,12,0,YouTube
YouTube::@Ciudadano707,justicia,1,11,1,YouTube
YouTube::@ClaraUreñacastañon,faltar,1,12,1,YouTube
YouTube::@ClaraUreñacastañon,loco,1,11,2,YouTube
YouTube::@ClaraUreñacastañon,trump,1,12,1,YouTube
YouTube::@ClaraUreñacastañon,querer,1,11,0,YouTube
YouTube::@ClaraUreñacastañon,golfo,1,4,5,YouTube
YouTube::@ClaraUreñacastañon,mexico,1,12,0,YouTube
YouTube::@ClaraUreñacastañon,pri,1,11,5,YouTube
YouTube::@ClaraUreñacastañon,riqueza,1,14,4,YouTube
YouTube::@ConsueloGuadalupe-w8v,gracia,2,11,2,YouTube
YouTube::@ConsueloGuadalupe-w8v,importante,1,13,0,YouTube
YouTube::@ConsueloGuadalupe-w8v,video,1,11,2,YouTube
YouTube::@ConsueloGuadalupe-w8v,esperar,1,4,0,YouTube
YouTube::@ConsueloGuadalupe-w8v,noticia,1,11,6,YouTube
YouTube::@CristinaManterola,pena,1,12,1,YouTube
YouTube::@CristinaManterola,mama,1,10,3,YouTube
YouTube::@CristinaManterola,gringo,1,12,4,YouTube
YouTube::@CristinaManterola,hijo,1,12,4,YouTube
YouTube::@CristinaManterola,celebrar,1,1,3,YouTube
YouTube::@CristinaManterola,madre,1,10,3,YouTube
YouTube::@CristinaManterola,dia,1,6,0,YouTube
YouTube::@CristinaManterola,presentar,1,10,0,YouTube
YouTube::@CristinaManterola,joven,1,13,0,YouTube
YouTube::@CristinaManterola,invitar,1,1,3,YouTube
YouTube::@CristinaManterola,exito,1,8,0,YouTube
YouTube::@CristinaManterola,perro,1,9,0,YouTube
YouTube::@CristinaManterola,acompanar,1,13,0,YouTube
YouTube::@CristinaManterola,futuro,1,13,1,YouTube
YouTube::@CristinaManterola,importar,1,6,2,YouTube
YouTube::@CristinaManterola,destruir,1,12,3,YouTube
YouTube::@CristinaManterola,cualquiera,1,6,2,YouTube
YouTube::@CristinaManterola,parque,1,14,4,YouTube
YouTube::@CristinaManterola,metro,1,11,3,YouTube
YouTube::@CristinaManterola,salir,1,11,0,YouTube
YouTube::@CristinaManterola,clase,1,8,2,YouTube
YouTube::@CristinaManterola,medio,1,8,2,YouTube
YouTube::@CristinaManterola,llenar,1,1,1,YouTube
YouTube::@DAIANAJISSELESPAÑAFRAGOSO,pagar,2,11,4,YouTube
YouTube::@DAIANAJISSELESPAÑAFRAGOSO,robar,1,12,5,YouTube
YouTube::@DAIANAJISSELESPAÑAFRAGOSO,regresar,1,10,3,YouTube
YouTube::@DAIANAJISSELESPAÑAFRAGOSO,dinero,1,12,5,YouTube
YouTube::@DAIANAJISSELESPAÑAFRAGOSO,familiar,1,4,0,YouTube
YouTube::@DAIANAJISSELESPAÑAFRAGOSO,carcel,1,12,1,YouTube
YouTube::@DAIANAJISSELESPAÑAFRAGOSO,traicion,1,12,5,YouTube
YouTube::@DAIANAJISSELESPAÑAFRAGOSO,patria,1,12,1,YouTube
YouTube::@DAIANAJISSELESPAÑAFRAGOSO,corrupcion,1,12,5,YouTube
YouTube::@DAIANAJISSELESPAÑAFRAGOSO,organizacion,1,4,4,YouTube
YouTube::@DAIANAJISSELESPAÑAFRAGOSO,criminal,1,12,4,YouTube
YouTube::@DAIANAJISSELESPAÑAFRAGOSO,morena,1,12,4,YouTube
YouTube::@Dalva-uf3dy,gobierno,1,12,3,YouTube
YouTube::@Dalva-uf3dy,danado,1,9,0,YouTube
YouTube::@Dalva-uf3dy,mentir,1,12,0,YouTube
YouTube::@Dalva-uf3dy,opcion,1,13,5,YouTube
YouTube::@Dalva-uf3dy,pueblo,1,11,5,YouTube
YouTube::@Dalva-uf3dy,claudia,1,12,0,YouTube
YouTube::@Dalva-uf3dy,circo,1,12,0,YouTube
YouTube::@DanielMorales-u9t,ley,1,11,1,YouTube
YouTube::@DanielMorales-u9t,pena,1,12,1,YouTube
YouTube::@DanielMorales-u9t,muerte,1,11,1,YouTube
YouTube::@DanielMorales-u9t,politico,1,12,4,YouTube
YouTube::@DanielMorales-u9t,corrupto,1,12,4,YouTube
YouTube::@Daniomerta,hola,1,10,1,YouTube
YouTube::@Daniomerta,gracias,1,8,0,YouTube
YouTube::@Daniomerta,compartir,1,1,0,YouTube
YouTube::@Daniomerta,video,1,11,2,YouTube
YouTube::@Daniomerta,correo,1,10,1,YouTube
YouTube::@Daniomerta,mandar,1,11,1,YouTube
YouTube::@Daniomerta,mensaje,1,5,3,YouTube
YouTube::@Daniomerta,privado,1,4,2,YouTube
YouTube::@Daniomerta,etc,1,12,1,YouTube
YouTube::@Daniomerta,gracia,1,11,2,YouTube
YouTube::@Daniomerta,saludos,1,11,2,YouTube
YouTube::@DanteOmarLacrossValdez,serio,3,11,0,YouTube
YouTube::@DanteOmarLacrossValdez,profesional,1,13,5,YouTube
YouTube::@DanteOmarLacrossValdez,seguro,1,2,1,YouTube
YouTube::@DanteOmarLacrossValdez,hija,1,8,2,YouTube
YouTube::@DanteOmarLacrossValdez,pasar,1,11,3,YouTube
YouTube::@DanteOmarLacrossValdez,andar,1,9,0,YouTube
YouTube::@DanteOmarLacrossValdez,presi,1,5,1,YouTube
YouTube::@DanteOmarLacrossValdez,cuando,1,12,2,YouTube
YouTube::@DanteOmarLacrossValdez,querer,1,11,0,YouTube
YouTube::@DanteOmarLacrossValdez,gente,1,6,2,YouTube
YouTube::@DarioAlejandroZarazuaGom-qm3hk,lopez,2,12,2,YouTube
YouTube::@DarioAlejandroZarazuaGom-qm3hk,obrador,2,12,2,YouTube
YouTube::@DarioAlejandroZarazuaGom-qm3hk,gracias,2,8,0,YouTube
YouTube::@DarioAlejandroZarazuaGom-qm3hk,jefe,1,11,3,YouTube
YouTube::@DarioAlejandroZarazuaGom-qm3hk,excelente,1,2,1,YouTube
YouTube::@DarioAlejandroZarazuaGom-qm3hk,exigir,1,11,4,YouTube
YouTube::@DarioAlejandroZarazuaGom-qm3hk,carcel,1,12,1,YouTube
YouTube::@DarioAlejandroZarazuaGom-qm3hk,traidor,1,11,1,YouTube
YouTube::@DarioAlejandroZarazuaGom-qm3hk,complice,1,11,4,YouTube
YouTube::@DarioAlejandroZarazuaGom-qm3hk,politico,1,12,4,YouTube
YouTube::@DarioAlejandroZarazuaGom-qm3hk,entregar,1,6,2,YouTube
YouTube::@DarioAlejandroZarazuaGom-qm3hk,mexico,1,12,0,YouTube
YouTube::@DoloresAcostaGarcía-z8d,argentina,2,12,1,YouTube
YouTube::@DoloresAcostaGarcía-z8d,urge,1,6,1,YouTube
YouTube::@DoloresAcostaGarcía-z8d,llamar,1,11,1,YouTube
YouTube::@DoloresAcostaGarcía-z8d,secretaria,1,14,2,YouTube
YouTube::@DoloresAcostaGarcía-z8d,detencion,1,7,2,YouTube
YouTube::@DoloresAcostaGarcía-z8d,delincuente,1,12,1,YouTube
YouTube::@DoloresAcostaGarcía-z8d,huachicolero,1,12,3,YouTube
YouTube::@Easiemzioficial,comenzar,1,7,0,YouTube
YouTube::@Easiemzioficial,respetar,1,10,4,YouTube
YouTube::@Easiemzioficial,pueblo,1,11,5,YouTube
YouTube::@Easiemzioficial,mexicano,1,4,1,YouTube
YouTube::@Easiemzioficial,tomar,1,4,2,YouTube
YouTube::@Easiemzioficial,sol,1,5,1,YouTube
YouTube::@Easiemzioficial,importar,1,6,2,YouTube
YouTube::@Easiemzioficial,seguridad,1,0,3,YouTube
YouTube::@Easiemzioficial,mexico,1,12,0,YouTube
YouTube::@Easiemzioficial,gente,1,6,2,YouTube
YouTube::@EdithGarcia-k2y,narco,2,12,4,YouTube
YouTube::@EdithGarcia-k2y,querer,2,11,0,YouTube
YouTube::@EdithGarcia-k2y,hablar,2,11,0,YouTube
YouTube::@EdithGarcia-k2y,patria,1,12,1,YouTube
YouTube::@EdithGarcia-k2y,cia,1,12,1,YouTube
YouTube::@EdithGarcia-k2y,resultar,1,6,2,YouTube
YouTube::@EdithGarcia-k2y,mal,1,4,1,YouTube
YouTube::@EdithGarcia-k2y,gracias,1,8,0,YouTube
YouTube::@EdithGarcia-k2y,pueblo,1,11,5,YouTube
YouTube::@EdithGarcia-k2y,inmediato,1,12,-1,YouTube
YouTube::@EdithGarcia-k2y,derecho,1,10,3,YouTube
YouTube::@EdmundoDiaz-p3n,ley,1,11,1,YouTube
YouTube::@EdmundoDiaz-p3n,ridiculo,1,10,4,YouTube
YouTube::@EdmundoDiaz-p3n,ignorante,1,9,0,YouTube
YouTube::@EdmundoDiaz-p3n,pobre,1,12,0,YouTube
YouTube::@EdmundoDiaz-p3n,argentina,1,12,1,YouTube
YouTube::@EdmundoDiaz-p3n,inutil,1,9,0,YouTube
YouTube::@EdmundoDiaz-p3n,nieto,1,8,3,YouTube
YouTube::@EduardoMontiel-s5q,frente,2,9,1,YouTube
YouTube::@EduardoMontiel-s5q,corte,2,11,2,YouTube
YouTube::@EduardoMontiel-s5q,texas,2,6,-1,YouTube
YouTube::@EduardoMontiel-s5q,hora,1,10,1,YouTube
YouTube::@EduardoMontiel-s5q,puro,1,12,3,YouTube
YouTube::@EduardoMontiel-s5q,periodista,1,6,-1,YouTube
YouTube::@EduardoMontiel-s5q,certificado,1,7,-1,YouTube
YouTube::@EduardoMontiel-s5q,complice,1,11,4,YouTube
YouTube::@EduardoMontiel-s5q,cara,1,6,0,YouTube
YouTube::@EduardoMontiel-s5q,servicio,1,2,2,YouTube
YouTube::@EduardoMontiel-s5q,asesino,1,11,1,YouTube
YouTube::@EduardoMontiel-s5q,ratero,1,12,4,YouTube
YouTube::@EduardoMontiel-s5q,creer,1,12,3,YouTube
YouTube::@EduardoPerez-r7z,mirar,1,11,0,YouTube
YouTube::@EduardoPerez-r7z,mexicano,1,4,1,YouTube
YouTube::@EduardoPerez-r7z,noticia,1,11,6,YouTube
YouTube::@EduardoPerez-r7z,amlo,1,12,4,YouTube
YouTube::@EduardoPerez-r7z,ratero,1,12,4,YouTube
YouTube::@EdyTrejo-k5f,mexico,1,12,0,YouTube
YouTube::@EdyTrejo-k5f,perder,1,11,5,YouTube
YouTube::@EdyTrejo-k5f,martes,1,1,3,YouTube
YouTube::@EdyTrejo-k5f,avance,1,14,1,YouTube
YouTube::@EdyTrejo-k5f,repetir,1,11,1,YouTube
YouTube::@EdyTrejo-k5f,gente,1,6,2,YouTube
YouTube::@EdyTrejo-k5f,alguien,1,11,4,YouTube
YouTube::@EfrenCruz-r2t,manana,1,10,1,YouTube
YouTube::@EfrenCruz-r2t,tomar,1,4,2,YouTube
YouTube::@EfrenCruz-r2t,sol,1,5,1,YouTube
YouTube::@EfrenCruz-r2t,senora,1,9,0,YouTube
YouTube::@EfrenCruz-r2t,sheinbaum,1,12,0,YouTube
YouTube::@ElmerRoberto-y8x,mexico,2,12,0,YouTube
YouTube::@ElmerRoberto-y8x,faltar,1,12,1,YouTube
YouTube::@ElmerRoberto-y8x,lopez,1,12,2,YouTube
YouTube::@ElmerRoberto-y8x,presidenta,1,8,0,YouTube
YouTube::@ElmerRoberto-y8x,claudia,1,12,0,YouTube
YouTube::@ElmerRoberto-y8x,sheinbaum,1,12,0,YouTube
YouTube::@ElmerRoberto-y8x,criminal,1,12,4,YouTube
YouTube::@ElmerRoberto-y8x,merecer,1,10,3,YouTube
YouTube::@ElmerRoberto-y8x,libre,1,1,0,YouTube
YouTube::@ElmerRoberto-y8x,llegar,1,10,1,YouTube
YouTube::@ElmerRoberto-y8x,seguir,1,2,0,YouTube
YouTube::@ElmerRoberto-y8x,viva,1,12,0,YouTube
YouTube::@ElmerRoberto-y8x,tradicion,1,9,2,YouTube
YouTube::@Eltigreparra62,parecer,1,9,0,YouTube
YouTube::@Eltigreparra62,competencia,1,13,5,YouTube
YouTube::@Eltigreparra62,sacar,1,11,3,YouTube
YouTube::@Eltigreparra62,presidente,1,14,2,YouTube
YouTube::@Eltigreparra62,trump,1,12,1,YouTube
YouTube::@Eltigreparra62,totalmente,1,3,4,YouTube
YouTube::@EmilianoCrousH,pobre,1,12,0,YouTube
YouTube::@EmilianoCrousH,abrir,1,6,1,YouTube
YouTube::@EmilianoCrousH,ojo,1,4,6,YouTube
YouTube::@EmilianoCrousH,nomas,1,9,0,YouTube
YouTube::@EmilianoCrousH,mirar,1,11,0,YouTube
YouTube::@EmilioRubio-i9r,pinche,1,10,3,YouTube
YouTube::@EmilioRubio-i9r,bola,1,11,3,YouTube
YouTube::@EmilioRubio-i9r,ignorante,1,9,0,YouTube
YouTube::@EmilioRubio-i9r,pensamiento,1,9,2,YouTube
YouTube::@EmilioRubio-i9r,critico,1,9,1,YouTube
YouTube::@EmmCorvette,ridiculo,2,10,4,YouTube
YouTube::@EmmCorvette,caer,1,12,1,YouTube
YouTube::@EmmCorvette,senora,1,9,0,YouTube
YouTube::@EmmCorvette,dejar,1,9,0,YouTube
YouTube::@EngordaElprofe,mero,1,7,4,YouTube
YouTube::@EngordaElprofe,miedo,1,9,0,YouTube
YouTube::@EngordaElprofe,andar,1,9,0,YouTube
YouTube::@EngordaElprofe,estadio,1,10,2,YouTube
YouTube::@EngordaElprofe,celebrar,1,1,3,YouTube
YouTube::@EngordaElprofe,deporte,1,2,1,YouTube
YouTube::@EngordaElprofe,puro,1,12,3,YouTube
YouTube::@EngordaElprofe,senora,1,9,0,YouTube
YouTube::@Enrique6700,ojala,1,9,0,YouTube
YouTube::@Enrique6700,unidos,1,11,6,YouTube
YouTube::@Enrique6700,regresar,1,10,3,YouTube
YouTube::@Enrique6700,donde,1,12,2,YouTube
YouTube::@Enrique6700,salir,1,11,0,YouTube
YouTube::@ErickTubito,narco,2,12,4,YouTube
YouTube::@ErickTubito,morena,1,12,4,YouTube
YouTube::@ErickTubito,quitar,1,11,5,YouTube
YouTube::@ErickTubito,ala,1,12,0,YouTube
YouTube::@ErickTubito,presidenta,1,8,0,YouTube
YouTube::@ErickTubito,mexicano,1,4,1,YouTube
YouTube::@EsperanzaOliverLopez,noche,1,4,0,YouTube
YouTube::@EsperanzaOliverLopez,ejercito,1,11,1,YouTube
YouTube::@EsperanzaOliverLopez,gracias,1,8,0,YouTube
YouTube::@EsperanzaOliverLopez,amor,1,3,2,YouTube
YouTube::@EsperanzaOliverLopez,canal,1,9,1,YouTube
YouTube::@EsperanzaOliverLopez,amar,1,4,0,YouTube
YouTube::@EstebanAmaro-sp3wq,etc,2,12,1,YouTube
YouTube::@EstebanAmaro-sp3wq,gordo,1,11,0,YouTube
YouTube::@EstebanAmaro-sp3wq,caer,1,12,1,YouTube
YouTube::@EstebanAmaro-sp3wq,adan,1,12,2,YouTube
YouTube::@EstebanAmaro-sp3wq,augusto,1,12,2,YouTube
YouTube::@EstebanAmaro-sp3wq,andy,1,12,2,YouTube
YouTube::@EstebanAmaro-sp3wq,lopez,1,12,2,YouTube
YouTube::@EstelaGomez-b1x,carro,2,9,0,YouTube
YouTube::@EstelaGomez-b1x,culpa,1,9,4,YouTube
YouTube::@EstelaGomez-b1x,agarrar,1,12,1,YouTube
YouTube::@EstelaGomez-b1x,claro,1,4,3,YouTube
YouTube::@Farm090,desaparecer,2,8,3,YouTube
YouTube::@Farm090,puro,1,12,3,YouTube
YouTube::@Farm090,show,1,8,3,YouTube
YouTube::@Farm090,casa,1,3,1,YouTube
YouTube::@Farm090,cambio,1,11,3,YouTube
YouTube::@Farm090,cdmx,1,5,2,YouTube
YouTube::@FatCk67,valer,1,9,0,YouTube
YouTube::@FatCk67,madre,1,10,3,YouTube
YouTube::@FatCk67,huachicol,1,12,2,YouTube
YouTube::@FatCk67,prueba,1,12,3,YouTube
YouTube::@FatCk67,asociado,1,12,3,YouTube
YouTube::@FatCk67,elemento,1,7,2,YouTube
YouTube::@FatCk67,robo,1,12,1,YouTube
YouTube::@FatCk67,deberiar,1,9,0,YouTube
YouTube::@FatCk67,muerte,1,11,1,YouTube
YouTube::@FatCk67,criminal,1,12,4,YouTube
YouTube::@FelipeSanchez-wz3dx,adan,1,12,2,YouTube
YouTube::@FelipeSanchez-wz3dx,augusto,1,12,2,YouTube
YouTube::@FelipeSanchez-wz3dx,manana,1,10,1,YouTube
YouTube::@FelipeSanchez-wz3dx,claudia,1,12,0,YouTube
YouTube::@FelipeSanchez-wz3dx,detencion,1,7,2,YouTube
YouTube::@FelipeSanchez-wz3dx,caso,1,10,4,YouTube
YouTube::@FelipeSanchez-wz3dx,narco,1,12,4,YouTube
YouTube::@FelipeSanchez-wz3dx,culpa,1,9,4,YouTube
YouTube::@FelipeSanchez-wz3dx,calderon,1,8,3,YouTube
YouTube::@FernandoTorres-cf7gi,rata,1,4,1,YouTube
YouTube::@FernandoTorres-cf7gi,ala,1,12,0,YouTube
YouTube::@FernandoTorres-cf7gi,carcel,1,12,1,YouTube
YouTube::@FernandoTorres-cf7gi,empezar,1,12,3,YouTube
YouTube::@FernandoTorres-cf7gi,col,1,6,1,YouTube
YouTube::@FernandoTorres-cf7gi,pri,1,11,5,YouTube
YouTube::@FernandoTorres-cf7gi,pena,1,12,1,YouTube
YouTube::@FernandoTorres-cf7gi,robo,1,12,1,YouTube
YouTube::@FernandoTorres-cf7gi,petroleo,1,11,6,YouTube
YouTube::@Firefoxtj,servir,1,6,2,YouTube
YouTube::@Firefoxtj,zona,1,0,1,YouTube
YouTube::@Firefoxtj,rosa,1,9,2,YouTube
YouTube::@Firefoxtj,mundo,1,11,0,YouTube
YouTube::@Firefoxtj,nivel,1,4,2,YouTube
YouTube::@Firefoxtj,san,1,10,1,YouTube
YouTube::@Firefoxtj,francisco,1,9,-1,YouTube
YouTube::@FranciscoArmandoLauterioLozano,lograr,1,13,2,YouTube
YouTube::@FranciscoArmandoLauterioLozano,argentina,1,12,1,YouTube
YouTube::@FranciscoArmandoLauterioLozano,ayudar,1,12,1,YouTube
YouTube::@FranciscoArmandoLauterioLozano,complice,1,11,4,YouTube
YouTube::@FranciscoArmandoLauterioLozano,hijo,1,12,4,YouTube
YouTube::@FranciscoArmandoLauterioLozano,amlo,1,12,4,YouTube
YouTube::@FranciscoReyes-l8t,deporte,2,2,1,YouTube
YouTube::@FranciscoReyes-l8t,pasar,1,11,3,YouTube
YouTube::@FranciscoReyes-l8t,cuba,1,10,5,YouTube
YouTube::@FranciscoReyes-l8t,politica,1,9,2,YouTube
YouTube::@FranciscoReyes-l8t,gobierno,1,12,3,YouTube
YouTube::@FranksS92,narco,2,12,4,YouTube
YouTube::@FranksS92,gobierno,2,12,3,YouTube
YouTube::@FranksS92,servir,1,6,2,YouTube
YouTube::@FranksS92,mexico,1,12,0,YouTube
YouTube::@FranksS92,pais,1,12,0,YouTube
YouTube::@FranksS92,cosa,1,11,3,YouTube
YouTube::@FranksS92,politico,1,12,4,YouTube
YouTube::@FranksS92,grupo,1,13,3,YouTube
YouTube::@FranksS92,sociedad,1,6,2,YouTube
YouTube::@FranksS92,falta,1,11,0,YouTube
YouTube::@FranksS92,pensamiento,1,9,2,YouTube
YouTube::@FranksS92,critico,1,9,1,YouTube
YouTube::@GarzaLingo-t6f,jefe,1,11,3,YouTube
YouTube::@GarzaLingo-t6f,marino,1,12,1,YouTube
YouTube::@GarzaLingo-t6f,entrar,1,4,1,YouTube
YouTube::@GarzaLingo-t6f,marina,1,6,0,YouTube
YouTube::@GarzaLingo-t6f,ejercito,1,11,1,YouTube
YouTube::@GarzaLingo-t6f,robar,1,12,5,YouTube
YouTube::@GarzaLingo-t6f,defender,1,11,0,YouTube
YouTube::@GarzaLingo-t6f,mexico,1,12,0,YouTube
YouTube::@GenaroBravo-hm4fy,opinion,1,10,4,YouTube
YouTube::@GenaroBravo-hm4fy,personal,1,0,2,YouTube
YouTube::@GenaroBravo-hm4fy,razon,1,8,4,YouTube
YouTube::@GenaroBravo-hm4fy,laguna,1,3,2,YouTube
YouTube::@GenaroBravo-hm4fy,solicitar,1,7,3,YouTube
YouTube::@GenaroBravo-hm4fy,traslado,1,0,2,YouTube
YouTube::@GenaroBravo-hm4fy,fiscal,1,12,2,YouTube
YouTube::@GeorginafajardoIII,papa,1,6,0,YouTube
YouTube::@GeorginafajardoIII,reflejo,1,9,3,YouTube
YouTube::@GeorginafajardoIII,perfecto,1,12,4,YouTube
YouTube::@GeorginafajardoIII,pais,1,12,0,YouTube
YouTube::@GeorginafajardoIII,diaz,1,9,2,YouTube
YouTube::@GerardoEnriqueMartinezSaenz,trump,2,12,1,YouTube
YouTube::@GerardoEnriqueMartinezSaenz,faltar,1,12,1,YouTube
YouTube::@GerardoEnriqueMartinezSaenz,mexico,1,12,0,YouTube
YouTube::@GerardoEnriqueMartinezSaenz,impunidad,1,12,1,YouTube
YouTube::@GerardoEnriqueMartinezSaenz,morena,1,12,4,YouTube
YouTube::@GeritaCabron,acuerdo,1,4,1,YouTube
YouTube::@GeritaCabron,gobierno,1,12,3,YouTube
YouTube::@GeritaCabron,preguntar,1,10,4,YouTube
YouTube::@GeritaCabron,pasar,1,11,3,YouTube
YouTube::@GeritaCabron,opinion,1,10,4,YouTube
YouTube::@GeritaCabron,llegar,1,10,1,YouTube
YouTube::@GeritaCabron,contrario,1,10,5,YouTube
YouTube::@GilbertoGarcia-o9f,deber,1,11,1,YouTube
YouTube::@GilbertoGarcia-o9f,carcel,1,12,1,YouTube
YouTube::@GilbertoGarcia-o9f,traicion,1,12,5,YouTube
YouTube::@GilbertoGarcia-o9f,patria,1,12,1,YouTube
YouTube::@GilbertoGarcia-o9f,autoridad,1,0,3,YouTube
YouTube::@GustavoFraidez,cuidar,2,2,1,YouTube
YouTube::@GustavoFraidez,soberania,2,12,0,YouTube
YouTube::@GustavoFraidez,vender,2,12,1,YouTube
YouTube::@GustavoFraidez,patria,2,12,1,YouTube
YouTube::@GustavoFraidez,ganar,1,10,2,YouTube
YouTube::@GustavoFraidez,presidenta,1,8,0,YouTube
YouTube::@GustavoFraidez,futbol,1,1,3,YouTube
YouTube::@GustavoFraidez,perdida,1,7,1,YouTube
YouTube::@GustavoFraidez,atencion,1,7,3,YouTube
YouTube::@GustavoFraidez,creer,1,12,3,YouTube
YouTube::@GustavoFraidez,bonito,1,8,1,YouTube
YouTube::@GustavoFraidez,corrupto,1,12,4,YouTube
YouTube::@GustavoGarcia-qq4ec,extraditar,2,12,0,YouTube
YouTube::@GustavoGarcia-qq4ec,mexico,2,12,0,YouTube
YouTube::@GustavoGarcia-qq4ec,trump,2,12,1,YouTube
YouTube::@GustavoGarcia-qq4ec,argentina,1,12,1,YouTube
YouTube::@GustavoGarcia-qq4ec,soltar,1,12,1,YouTube
YouTube::@GustavoGarcia-qq4ec,puesto,1,9,0,YouTube
YouTube::@GustavoGarcia-qq4ec,federal,1,12,1,YouTube
YouTube::@GustavoGarcia-qq4ec,grande,1,1,0,YouTube
YouTube::@GustavoGarcia-qq4ec,historia,1,1,3,YouTube
YouTube::@GustavoGarcia-qq4ec,politico,1,12,4,YouTube
YouTube::@GustavoGarcia-qq4ec,lopez,1,12,2,YouTube
YouTube::@GustavoGarcia-qq4ec,amigo,1,9,2,YouTube
YouTube::@GustavoGarcia-qq4ec,seguridad,1,0,3,YouTube
YouTube::@GustavoGarcia-qq4ec,huachicolero,1,12,3,YouTube
YouTube::@GustavoGarcia-qq4ec,capturar,1,12,0,YouTube
YouTube::@GustavoGarcia-qq4ec,sacar,1,11,3,YouTube
YouTube::@GustavoGarcia-qq4ec,informacion,1,11,0,YouTube
YouTube::@GustavoGarcia-qq4ec,pez,1,12,1,YouTube
YouTube::@GustavoGarcia-qq4ec,gordo,1,11,0,YouTube
YouTube::@GustavoGarcia-qq4ec,huachicol,1,12,2,YouTube
YouTube::@GustavoGarcia-qq4ec,venir,1,4,0,YouTube
YouTube::@GustavoGarcia-qq4ec,noche,1,4,0,YouTube
YouTube::@GustavoGarcia-qq4ec,morena,1,12,4,YouTube
YouTube::@GustavoRivera-b1k,deber,2,11,1,YouTube
YouTube::@GustavoRivera-b1k,juicio,2,11,1,YouTube
YouTube::@GustavoRivera-b1k,traicion,1,12,5,YouTube
YouTube::@GustavoRivera-b1k,patria,1,12,1,YouTube
YouTube::@GustavoRivera-b1k,funcionario,1,6,2,YouTube
YouTube::@GustavoRivera-b1k,publico,1,14,3,YouTube
YouTube::@GustavoRivera-b1k,deberiar,1,9,0,YouTube
YouTube::@GustavoRivera-b1k,dano,1,4,1,YouTube
YouTube::@HADASSA-s1o,excelente,1,2,1,YouTube
YouTube::@HADASSA-s1o,huachicol,1,12,2,YouTube
YouTube::@HADASSA-s1o,armas,1,12,3,YouTube
YouTube::@HADASSA-s1o,andy,1,12,2,YouTube
YouTube::@HADASSA-s1o,pagar,1,11,4,YouTube
YouTube::@HADASSA-s1o,decision,1,12,3,YouTube
YouTube::@HEVICO316,unico,1,11,4,YouTube
YouTube::@HEVICO316,carro,1,9,0,YouTube
YouTube::@HEVICO316,querer,1,11,0,YouTube
YouTube::@HEVICO316,salir,1,11,0,YouTube
YouTube::@HEVICO316,deber,1,11,1,YouTube
YouTube::@HEVICO316,pagar,1,11,4,YouTube
YouTube::@HEVICO316,conductor,1,9,4,YouTube
YouTube::@HEVICO316,familia,1,1,0,YouTube
YouTube::@Hatzlaja-w6o,senor,1,12,0,YouTube
YouTube::@Hatzlaja-w6o,presidente,1,14,2,YouTube
YouTube::@Hatzlaja-w6o,argentina,1,12,1,YouTube
YouTube::@Hatzlaja-w6o,cumplir,1,10,1,YouTube
YouTube::@Hatzlaja-w6o,mexicano,1,4,1,YouTube
YouTube::@Hatzlaja-w6o,mal,1,4,1,YouTube
YouTube::@Hatzlaja-w6o,gobierno,1,12,3,YouTube
YouTube::@Hatzlaja-w6o,creer,1,12,3,YouTube
YouTube::@Hatzlaja-w6o,detencion,1,7,2,YouTube
YouTube::@Hatzlaja-w6o,gustar,1,6,0,YouTube
YouTube::@Hector-vn9sk,duda,1,10,1,YouTube
YouTube::@Hector-vn9sk,historia,1,1,3,YouTube
YouTube::@Hector-vn9sk,mexico,1,12,0,YouTube
YouTube::@Hector-vn9sk,culpa,1,9,4,YouTube
YouTube::@Hector-vn9sk,mexicano,1,4,1,YouTube
YouTube::@HistoriaRealmx,historia,3,1,3,YouTube
YouTube::@HistoriaRealmx,contar,1,6,0,YouTube
YouTube::@HistoriaRealmx,distinto,1,2,2,YouTube
YouTube::@HistoriaRealmx,sur,1,14,2,YouTube
YouTube::@HistoriaRealmx,tamaulipas,1,5,1,YouTube
YouTube::@HistoriaRealmx,recordar,1,4,2,YouTube
YouTube::@HistoriaRealmx,obra,1,2,4,YouTube
YouTube::@HistoriaRealmx,social,1,2,3,YouTube
YouTube::@HistoriaRealmx,libro,1,3,4,YouTube
YouTube::@HistoriaRealmx,marcar,1,10,4,YouTube
YouTube::@HistoriaRealmx,comentario,1,10,2,YouTube
YouTube::@HistoriaRealmx,olvidar,1,12,0,YouTube
YouTube::@HistoriaRealmx,real,1,13,2,YouTube
YouTube::@HuaweiP30liye,empezar,1,12,3,YouTube
YouTube::@HuaweiP30liye,imagen,1,14,2,YouTube
YouTube::@HuaweiP30liye,entrar,1,4,1,YouTube
YouTube::@HuaweiP30liye,miedo,1,9,0,YouTube
YouTube::@HuaweiP30liye,provocar,1,6,0,YouTube
YouTube::@HumbertoGonzalezVillanueva,argentina,1,12,1,YouTube
YouTube::@HumbertoGonzalezVillanueva,publico,1,14,3,YouTube
YouTube::@HumbertoGonzalezVillanueva,nivel,1,4,2,YouTube
YouTube::@HumbertoGonzalezVillanueva,mundial,1,4,0,YouTube
YouTube::@HumbertoGonzalezVillanueva,gobierno,1,12,3,YouTube
YouTube::@HumbertoGonzalezVillanueva,mexico,1,12,0,YouTube
YouTube::@ISAACALTAMIRANO-g8d,senor,1,12,0,YouTube
YouTube::@ISAACALTAMIRANO-g8d,valer,1,9,0,YouTube
YouTube::@ISAACALTAMIRANO-g8d,respetar,1,10,4,YouTube
YouTube::@ISAACALTAMIRANO-g8d,justicia,1,11,1,YouTube
YouTube::@ISAACALTAMIRANO-g8d,futbol,1,1,3,YouTube
YouTube::@IgnacioAltoviejo,familia,1,1,0,YouTube
YouTube::@IgnacioAltoviejo,fruta,1,13,4,YouTube
YouTube::@IgnacioAltoviejo,propiedad,1,11,2,YouTube
YouTube::@IgnacioAltoviejo,comentar,1,11,0,YouTube
YouTube::@IgnacioAltoviejo,salud,1,2,3,YouTube
YouTube::@IronMan-id7xw,equipo,2,13,3,YouTube
YouTube::@IronMan-id7xw,valer,1,9,0,YouTube
YouTube::@IronMan-id7xw,pasar,1,11,3,YouTube
YouTube::@IronMan-id7xw,triunfo,1,11,2,YouTube
YouTube::@IronMan-id7xw,aplicar,1,11,1,YouTube
YouTube::@IsabelCanela-z9o,mexico,2,12,0,YouTube
YouTube::@IsabelCanela-z9o,gobierno,1,12,3,YouTube
YouTube::@IsabelCanela-z9o,morena,1,12,4,YouTube
YouTube::@IsabelCanela-z9o,miedo,1,9,0,YouTube
YouTube::@IsabelCanela-z9o,lopez,1,12,2,YouTube
YouTube::@IsabelCanela-z9o,claudia,1,12,0,YouTube
YouTube::@IsabelCanela-z9o,corazon,1,13,2,YouTube
YouTube::@IsabelCanela-z9o,llegar,1,10,1,YouTube
YouTube::@IsabelCanela-z9o,matar,1,9,0,YouTube
YouTube::@IsabelCanela-z9o,carlos,1,4,0,YouTube
YouTube::@Ivette_Moctezuma,equipo,2,13,3,YouTube
YouTube::@Ivette_Moctezuma,esperar,1,4,0,YouTube
YouTube::@Ivette_Moctezuma,miedo,1,9,0,YouTube
YouTube::@Ivette_Moctezuma,jugar,1,3,4,YouTube
YouTube::@Ivette_Moctezuma,pase,1,10,2,YouTube
YouTube::@Ivette_Moctezuma,claro,1,4,3,YouTube
YouTube::@Ivette_Moctezuma,ganar,1,10,2,YouTube
YouTube::@Ivette_Moctezuma,ano,1,11,2,YouTube
YouTube::@Ivette_Moctezuma,forma,1,12,3,YouTube
YouTube::@Ivette_Moctezuma,america,1,10,5,YouTube
YouTube::@Ivette_Moctezuma,medio,1,8,2,YouTube
YouTube::@Ivette_Moctezuma,activo,1,13,4,YouTube
YouTube::@Ivette_Moctezuma,toluca,1,5,2,YouTube
YouTube::@Ivette_Moctezuma,respeto,1,9,4,YouTube
YouTube::@Ivette_Moctezuma,buscar,1,5,1,YouTube
YouTube::@Ivette_Moctezuma,pretexto,1,9,0,YouTube
YouTube::@Ivette_Moctezuma,mesa,1,10,0,YouTube
YouTube::@IvonElizabethYerenaFlores,pobre,1,12,0,YouTube
YouTube::@IvonElizabethYerenaFlores,senor,1,12,0,YouTube
YouTube::@IvonElizabethYerenaFlores,venir,1,4,0,YouTube
YouTube::@IvonElizabethYerenaFlores,hija,1,8,2,YouTube
YouTube::@IvonElizabethYerenaFlores,menor,1,7,3,YouTube
YouTube::@IvonElizabethYerenaFlores,edad,1,6,3,YouTube
YouTube::@IvonElizabethYerenaFlores,nina,1,8,1,YouTube
YouTube::@IvonElizabethYerenaFlores,ano,1,11,2,YouTube
YouTube::@JC-rw1ok,empezar,2,12,3,YouTube
YouTube::@JC-rw1ok,aficionado,1,4,0,YouTube
YouTube::@JC-rw1ok,auto,1,9,2,YouTube
YouTube::@JC-rw1ok,defensa,1,6,3,YouTube
YouTube::@JG0302,venir,2,4,0,YouTube
YouTube::@JG0302,ley,2,11,1,YouTube
YouTube::@JG0302,morena,1,12,4,YouTube
YouTube::@JavierJSantamaría,corrupto,1,12,4,YouTube
YouTube::@JavierJSantamaría,gobierno,1,12,3,YouTube
YouTube::@JavierJSantamaría,argentina,1,12,1,YouTube
YouTube::@JavierJSantamaría,extraditar,1,12,0,YouTube
YouTube::@JavierJSantamaría,directo,1,12,3,YouTube
YouTube::@JavierJSantamaría,terminar,1,11,3,YouTube
YouTube::@JavierJSantamaría,amlo,1,12,4,YouTube
YouTube::@JavierJSantamaría,presidente,1,14,2,YouTube
YouTube::@JavierJSantamaría,javier,1,4,6,YouTube
YouTube::@JavierPartida-w7m,morena,2,12,4,YouTube
YouTube::@JavierPartida-w7m,querer,1,11,0,YouTube
YouTube::@JavierPartida-w7m,medio,1,8,2,YouTube
YouTube::@JavierPartida-w7m,llegar,1,10,1,YouTube
YouTube::@JavierPartida-w7m,justicia,1,11,1,YouTube
YouTube::@JavierPartida-w7m,par,1,6,-1,YouTube
YouTube::@JavierPartida-w7m,mexico,1,12,0,YouTube
YouTube::@JavierPartida-w7m,criminal,1,12,4,YouTube
YouTube::@JavierPartida-w7m,jamas,1,11,4,YouTube
YouTube::@JavierPartida-w7m,asesino,1,11,1,YouTube
YouTube::@JesusMeza-r3x,unidos,2,11,6,YouTube
YouTube::@JesusMeza-r3x,saludos,1,11,2,YouTube
YouTube::@JesusMeza-r3x,senor,1,12,0,YouTube
YouTube::@JesusMeza-r3x,sacar,1,11,3,YouTube
YouTube::@JesusMeza-r3x,sol,1,5,1,YouTube
YouTube::@JesusMeza-r3x,mundo,1,11,0,YouTube
YouTube::@JesusMeza-r3x,moren,1,4,1,YouTube
YouTube::@JesusMeza-r3x,morena,1,12,4,YouTube
YouTube::@JesusMeza-r3x,necesitar,1,2,0,YouTube
YouTube::@JesusRamos-f4f3e,verguenza,1,12,0,YouTube
YouTube::@JesusRamos-f4f3e,gringo,1,12,4,YouTube
YouTube::@JesusRamos-f4f3e,vengar,1,12,0,YouTube
YouTube::@JesusRamos-f4f3e,justicia,1,11,1,YouTube
YouTube::@JesusRamos-f4f3e,mexico,1,12,0,YouTube
YouTube::@JesusRosales-n1t,noticia,1,11,6,YouTube
YouTube::@JesusRosales-n1t,empezar,1,12,3,YouTube
YouTube::@JesusRosales-n1t,dejar,1,9,0,YouTube
YouTube::@JesusRosales-n1t,pemex,1,12,3,YouTube
YouTube::@JesusRosales-n1t,verguenza,1,12,0,YouTube
YouTube::@JesusRosales-n1t,institucion,1,11,1,YouTube
YouTube::@JesúsValdezGonzález-n6i,ano,2,11,2,YouTube
YouTube::@JesúsValdezGonzález-n6i,pasar,1,11,3,YouTube
YouTube::@JesúsValdezGonzález-n6i,importante,1,13,0,YouTube
YouTube::@JesúsValdezGonzález-n6i,vida,1,7,4,YouTube
YouTube::@JesúsValdezGonzález-n6i,mirar,1,11,0,YouTube
YouTube::@JesúsValdezGonzález-n6i,dia,1,6,0,YouTube
YouTube::@JesúsValdezGonzález-n6i,volver,1,12,2,YouTube
YouTube::@JesúsValdezGonzález-n6i,lastima,1,10,2,YouTube
YouTube::@JesúsValdezGonzález-n6i,dejar,1,9,0,YouTube
YouTube::@JesúsValdezGonzález-n6i,caer,1,12,1,YouTube
YouTube::@JesúsValdezGonzález-n6i,zona,1,0,1,YouTube
YouTube::@JesúsValdezGonzález-n6i,distrito,1,14,2,YouTube
YouTube::@JesúsValdezGonzález-n6i,cdmx,1,5,2,YouTube
YouTube::@JesúsValdezGonzález-n6i,cultura,1,1,1,YouTube
YouTube::@JesúsValdezGonzález-n6i,arte,1,1,1,YouTube
YouTube::@JorgeCruzhernandez-y7u,informacion,1,11,0,YouTube
YouTube::@JorgeCruzhernandez-y7u,unidos,1,11,6,YouTube
YouTube::@JorgeCruzhernandez-y7u,mandar,1,11,1,YouTube
YouTube::@JorgeCruzhernandez-y7u,mexico,1,12,0,YouTube
YouTube::@JorgeCruzhernandez-y7u,matar,1,9,0,YouTube
YouTube::@JorgeCruzhernandez-y7u,inmediato,1,12,-1,YouTube
YouTube::@JoseA.Torres-tp4xk,querer,2,11,0,YouTube
YouTube::@JoseA.Torres-tp4xk,aceptar,1,10,0,YouTube
YouTube::@JoseA.Torres-tp4xk,aficionado,1,4,0,YouTube
YouTube::@JoseA.Torres-tp4xk,futbol,1,1,3,YouTube
YouTube::@JoseA.Torres-tp4xk,preguntar,1,10,4,YouTube
YouTube::@JoseA.Torres-tp4xk,sacar,1,11,3,YouTube
YouTube::@JoseA.Torres-tp4xk,america,1,10,5,YouTube
YouTube::@JoseA.Torres-tp4xk,papa,1,6,0,YouTube
YouTube::@JoseJuarez-g8z9d,pena,2,12,1,YouTube
YouTube::@JoseJuarez-g8z9d,muerte,2,11,1,YouTube
YouTube::@JoseJuarez-g8z9d,totalmente,1,3,4,YouTube
YouTube::@JoseJuarez-g8z9d,acuerdo,1,4,1,YouTube
YouTube::@JoseJuarez-g8z9d,ojala,1,9,0,YouTube
YouTube::@JoseJuarez-g8z9d,pueblo,1,11,5,YouTube
YouTube::@JoseJuarez-g8z9d,favor,1,11,5,YouTube
YouTube::@JoseJuarez-g8z9d,traidor,1,11,1,YouTube
YouTube::@JoseJuarez-g8z9d,asesino,1,11,1,YouTube
YouTube::@JoseJuarez-g8z9d,hermano,1,11,1,YouTube
YouTube::@JoseJuarez-g8z9d,cambiar,1,2,0,YouTube
YouTube::@JoseJuarez-g8z9d,pais,1,12,0,YouTube
YouTube::@JoseLuis-jk9nh,jugar,2,3,4,YouTube
YouTube::@JoseLuis-jk9nh,club,2,10,5,YouTube
YouTube::@JoseLuis-jk9nh,claro,1,4,3,YouTube
YouTube::@JoseLuis-jk9nh,pinche,1,10,3,YouTube
YouTube::@JoseLuis-jk9nh,futbol,1,1,3,YouTube
YouTube::@JoseLuis-jk9nh,america,1,10,5,YouTube
YouTube::@JoseLuis-jk9nh,mesa,1,10,0,YouTube
YouTube::@JoseLuis-jk9nh,ganar,1,10,2,YouTube
YouTube::@JoseLuis-jk9nh,partido,1,4,0,YouTube
YouTube::@JoseLuis-jk9nh,definir,1,4,2,YouTube
YouTube::@JoseLuis-jk9nh,mundial,1,4,0,YouTube
YouTube::@JoseLuis-jk9nh,leon,1,8,3,YouTube
YouTube::@JoseLuis-jk9nh,derecho,1,10,3,YouTube
YouTube::@JoseLuis-jk9nh,tocar,1,11,2,YouTube
YouTube::@JoseLuis-jk9nh,asistir,1,8,2,YouTube
YouTube::@JoseLuisGonzalez-j2l,narco,2,12,4,YouTube
YouTube::@JoseLuisGonzalez-j2l,excelente,1,2,1,YouTube
YouTube::@JoseLuisGonzalez-j2l,gobierno,1,12,3,YouTube
YouTube::@JoseLuisGonzalez-j2l,corrupto,1,12,4,YouTube
YouTube::@JoseLuisHernandez-w4w,pagar,1,11,4,YouTube
YouTube::@JoseLuisHernandez-w4w,pesos,1,13,3,YouTube
YouTube::@JoseLuisHernandez-w4w,noche,1,4,0,YouTube
YouTube::@JoseLuisHernandez-w4w,razon,1,8,4,YouTube
YouTube::@JoseLuisHernandez-w4w,cosa,1,11,3,YouTube
YouTube::@JoseLuisHernandez-w4w,deber,1,11,1,YouTube
YouTube::@JoseLuisHernandez-w4w,quot,1,12,0,YouTube
YouTube::@JoseLuisHernandez-w4w,lejos,1,11,1,YouTube
YouTube::@JoseLuisHernandez-w4w,ejercito,1,11,1,YouTube
YouTube::@JoseLuisHernandez-w4w,marina,1,6,0,YouTube
YouTube::@JoseLuisHernandez-w4w,sinaloa,1,5,2,YouTube
YouTube::@JoseLuisHernandez-w4w,risa,1,12,4,YouTube
YouTube::@JoseMariaRamirez-k3c,ridiculo,1,10,4,YouTube
YouTube::@JoseMariaRamirez-k3c,balon,1,4,0,YouTube
YouTube::@JoseMariaRamirez-k3c,quedar,1,11,0,YouTube
YouTube::@JoseMariaRamirez-k3c,claro,1,4,3,YouTube
YouTube::@JoseMariaRamirez-k3c,venir,1,4,0,YouTube
YouTube::@JoseMariaRamirez-k3c,gana,1,11,3,YouTube
YouTube::@JoseParrales-d7k,salir,1,11,0,YouTube
YouTube::@JoseParrales-d7k,enrique,1,12,2,YouTube
YouTube::@JoseParrales-d7k,pena,1,12,1,YouTube
YouTube::@JoseParrales-d7k,nieto,1,8,3,YouTube
YouTube::@JoseParrales-d7k,reconocer,1,6,0,YouTube
YouTube::@JoseReyes-jw2hv,veracruz,2,5,2,YouTube
YouTube::@JoseReyes-jw2hv,sur,1,14,2,YouTube
YouTube::@JoseReyes-jw2hv,empezar,1,12,3,YouTube
YouTube::@JoseReyes-jw2hv,agua,1,3,1,YouTube
YouTube::@JoseReyes-jw2hv,dulce,1,9,4,YouTube
YouTube::@JoseReyes-jw2hv,playa,1,10,2,YouTube
YouTube::@JoseRobertoLopezCortes,pemex,1,12,3,YouTube
YouTube::@JoseRobertoLopezCortes,mexico,1,12,0,YouTube
YouTube::@JoseRobertoLopezCortes,politico,1,12,4,YouTube
YouTube::@JoseRobertoLopezCortes,corrupto,1,12,4,YouTube
YouTube::@JoseRobertoLopezCortes,gringo,1,12,4,YouTube
YouTube::@JoseRobertoLopezCortes,ratero,1,12,4,YouTube
YouTube::@JoseSanchez-in8oc,gracias,1,8,0,YouTube
YouTube::@JoseSanchez-in8oc,equipo,1,13,3,YouTube
YouTube::@JoseSanchez-in8oc,miedo,1,9,0,YouTube
YouTube::@JoseSanchez-in8oc,caso,1,10,4,YouTube
YouTube::@JoseSanchez-in8oc,corrupcion,1,12,5,YouTube
YouTube::@JoseSanchez-in8oc,obrador,1,12,2,YouTube
YouTube::@JoseSanchez-in8oc,banda,1,1,1,YouTube
YouTube::@JoseSanchez-in8oc,ladron,1,12,5,YouTube
YouTube::@JoseluisPerreroperrero,fallar,1,11,4,YouTube
YouTube::@JoseluisPerreroperrero,omar,1,11,1,YouTube
YouTube::@JoseluisPerreroperrero,creer,1,12,3,YouTube
YouTube::@JoseluisPerreroperrero,conocimiento,1,6,3,YouTube
YouTube::@JoseluisPerreroperrero,jefe,1,11,3,YouTube
YouTube::@JoseluisPerreroperrero,agente,1,12,1,YouTube
YouTube::@JosmaZero,hola,1,10,1,YouTube
YouTube::@JosmaZero,prevenir,1,7,3,YouTube
YouTube::@JosmaZero,futuro,1,13,1,YouTube
YouTube::@JosmaZero,consecuencia,1,9,0,YouTube
YouTube::@JosmaZero,cambio,1,11,3,YouTube
YouTube::@JoséSanchez-t4e2u,presidente,1,14,2,YouTube
YouTube::@JoséSanchez-t4e2u,invitar,1,1,3,YouTube
YouTube::@JoséSanchez-t4e2u,gente,1,6,2,YouTube
YouTube::@JoséSanchez-t4e2u,partido,1,4,0,YouTube
YouTube::@JoséSanchez-t4e2u,celebrar,1,1,3,YouTube
YouTube::@JoséSanchez-t4e2u,gol,1,12,0,YouTube
YouTube::@JuanBenavidez-f4s,mexico,2,12,0,YouTube
YouTube::@JuanBenavidez-f4s,gustar,1,6,0,YouTube
YouTube::@JuanBenavidez-f4s,presidenta,1,8,0,YouTube
YouTube::@JuanBenavidez-f4s,azteca,1,4,0,YouTube
YouTube::@JuanBenavidez-f4s,mexicano,1,4,1,YouTube
YouTube::@JuanFregozo-q1i,confirmar,2,10,3,YouTube
YouTube::@JuanFregozo-q1i,hijo,1,12,4,YouTube
YouTube::@JuanFregozo-q1i,madre,1,10,3,YouTube
YouTube::@JuanFregozo-q1i,pinche,1,10,3,YouTube
YouTube::@JuanFregozo-q1i,programa,1,2,3,YouTube
YouTube::@JuanFregozo-q1i,autoridad,1,0,3,YouTube
YouTube::@JuanHerrera-m7o,metro,11,11,3,YouTube
YouTube::@JuanHerrera-m7o,jefe,4,11,3,YouTube
YouTube::@JuanHerrera-m7o,plaza,3,1,1,YouTube
YouTube::@JuanHerrera-m7o,pasar,2,11,3,YouTube
YouTube::@JuanHerrera-m7o,reynosa,2,5,0,YouTube
YouTube::@JuanHerrera-m7o,creer,2,12,3,YouTube
YouTube::@JuanHerrera-m7o,puro,2,12,3,YouTube
YouTube::@JuanHerrera-m7o,clave,1,6,2,YouTube
YouTube::@JuanHerrera-m7o,seguir,1,2,0,YouTube
YouTube::@JuanHerrera-m7o,mando,1,11,3,YouTube
YouTube::@JuanHerrera-m7o,traer,1,11,0,YouTube
YouTube::@JuanHerrera-m7o,carro,1,9,0,YouTube
YouTube::@JuanHerrera-m7o,esperar,1,4,0,YouTube
YouTube::@JuanHerrera-m7o,confiar,1,11,4,YouTube
YouTube::@JuanHerrera-m7o,traicion,1,12,5,YouTube
YouTube::@JuanHerrera-m7o,sacar,1,11,3,YouTube
YouTube::@JuanLopez-cq4rp,mentira,1,11,6,YouTube
YouTube::@JuanLopez-cq4rp,querer,1,11,0,YouTube
YouTube::@JuanLopez-cq4rp,cosa,1,11,3,YouTube
YouTube::@JuanLopez-cq4rp,pensar,1,11,1,YouTube
YouTube::@JuanLopez-cq4rp,consecuencia,1,9,0,YouTube
YouTube::@JuanLopez-cq4rp,legal,1,11,6,YouTube
YouTube::@JuanPerez-gz9ur,jajaja,1,11,0,YouTube
YouTube::@JuanPerez-gz9ur,jajajaja,1,12,4,YouTube
YouTube::@JuanPerez-gz9ur,fuerte,1,7,2,YouTube
YouTube::@JuanPerez-gz9ur,narco,1,12,4,YouTube
YouTube::@JuanPerez-gz9ur,pedir,1,11,0,YouTube
YouTube::@JuanPerez-gz9ur,ayuda,1,12,4,YouTube
YouTube::@JuanPerez-gz9ur,gringo,1,12,4,YouTube
YouTube::@JuanPerez-gz9ur,claudia,1,12,0,YouTube
YouTube::@JuanPerez-gz9ur,puro,1,12,3,YouTube
YouTube::@JuanPerez-gz9ur,elemento,1,7,2,YouTube
YouTube::@JuanPerez-gz9ur,mexicano,1,4,1,YouTube
YouTube::@JuanRamirez-m2n,jajajaja,2,12,4,YouTube
YouTube::@JuanRamirez-m2n,pinche,1,10,3,YouTube
YouTube::@JuanRamirez-m2n,bola,1,11,3,YouTube
YouTube::@JuanRamirez-m2n,mentira,1,11,6,YouTube
YouTube::@JuanRamirez-m2n,cosa,1,11,3,YouTube
YouTube::@JuanaPerez-d7m,maru,1,11,1,YouTube
YouTube::@JuanaPerez-d7m,campos,1,6,3,YouTube
YouTube::@JuanaPerez-d7m,andrea,1,12,1,YouTube
YouTube::@JuanaPerez-d7m,gobernadora,1,12,1,YouTube
YouTube::@JuanaPerez-d7m,chihuahua,1,12,1,YouTube
YouTube::@Judy-z9w,pez,2,12,1,YouTube
YouTube::@Judy-z9w,gordo,2,11,0,YouTube
YouTube::@Judy-z9w,preguntar,1,10,4,YouTube
YouTube::@Judy-z9w,tratar,1,10,4,YouTube
YouTube::@Judy-z9w,criminal,1,12,4,YouTube
YouTube::@Judy-z9w,casa,1,3,1,YouTube
YouTube::@JulioFuentetaja,mundo,2,11,0,YouTube
YouTube::@JulioFuentetaja,felicidad,1,8,0,YouTube
YouTube::@JulioFuentetaja,llegar,1,10,1,YouTube
YouTube::@JulioFuentetaja,video,1,11,2,YouTube
YouTube::@JulioFuentetaja,gente,1,6,2,YouTube
YouTube::@JulioFuentetaja,situacion,1,0,1,YouTube
YouTube::@JulioFuentetaja,loco,1,11,2,YouTube
YouTube::@JulioFuentetaja,dano,1,4,1,YouTube
YouTube::@JulioFuentetaja,ridiculo,1,10,4,YouTube
YouTube::@JulioFuentetaja,provocar,1,6,0,YouTube
YouTube::@JulioFuentetaja,abrazo,1,11,2,YouTube
YouTube::@Kenyy_64mart,jajajaja,1,12,4,YouTube
YouTube::@Kenyy_64mart,mensaje,1,5,3,YouTube
YouTube::@Kenyy_64mart,forma,1,12,3,YouTube
YouTube::@Kenyy_64mart,volver,1,12,2,YouTube
YouTube::@Kenyy_64mart,federal,1,12,1,YouTube
YouTube::@Kenyy_64mart,jajaja,1,11,0,YouTube
YouTube::@L.EdgardLara,huachicol,1,12,2,YouTube
YouTube::@L.EdgardLara,ocurrir,1,11,5,YouTube
YouTube::@L.EdgardLara,sheinbaum,1,12,0,YouTube
YouTube::@L.EdgardLara,pais,1,12,0,YouTube
YouTube::@L.EdgardLara,cabeza,1,11,1,YouTube
YouTube::@L.EdgardLara,funcionar,1,4,6,YouTube
YouTube::@LaBrujadel68,presidenta,2,8,0,YouTube
YouTube::@LaBrujadel68,tomar,2,4,2,YouTube
YouTube::@LaBrujadel68,sol,2,5,1,YouTube
YouTube::@LaBrujadel68,acabar,1,11,3,YouTube
YouTube::@LaBrujadel68,llegar,1,10,1,YouTube
YouTube::@LauraGuerrero-ec9qk,mentira,1,11,6,YouTube
YouTube::@LauraGuerrero-ec9qk,demostrar,1,13,0,YouTube
YouTube::@LauraGuerrero-ec9qk,mentir,1,12,0,YouTube
YouTube::@LauraGuerrero-ec9qk,padre,1,4,0,YouTube
YouTube::@LauraGuerrero-ec9qk,profesional,1,13,5,YouTube
YouTube::@Leo-fn5dm,actuar,1,9,0,YouTube
YouTube::@Leo-fn5dm,animal,1,8,2,YouTube
YouTube::@Leo-fn5dm,mexico,1,12,0,YouTube
YouTube::@Leo-fn5dm,ganar,1,10,2,YouTube
YouTube::@Leo-fn5dm,partido,1,4,0,YouTube
YouTube::@Leo-fn5dm,mundial,1,4,0,YouTube
YouTube::@Leortega-n4q,juzgar,1,11,1,YouTube
YouTube::@Leortega-n4q,pedir,1,11,0,YouTube
YouTube::@Leortega-n4q,ano,1,11,2,YouTube
YouTube::@Leortega-n4q,traicion,1,12,5,YouTube
YouTube::@Leortega-n4q,patria,1,12,1,YouTube
YouTube::@LorenzArabia-iy3uh,medico,2,7,3,YouTube
YouTube::@LorenzArabia-iy3uh,agente,2,12,1,YouTube
YouTube::@LorenzArabia-iy3uh,cia,2,12,1,YouTube
YouTube::@LugianXD,simple,1,7,1,YouTube
YouTube::@LugianXD,dejar,1,9,0,YouTube
YouTube::@LugianXD,pasar,1,11,3,YouTube
YouTube::@LugianXD,carro,1,9,0,YouTube
YouTube::@LugianXD,familia,1,1,0,YouTube
YouTube::@LugianXD,querer,1,11,0,YouTube
YouTube::@LugianXD,salir,1,11,0,YouTube
YouTube::@LuisAntonioGonzálezGil666,delincuente,3,12,1,YouTube
YouTube::@LuisAntonioGonzálezGil666,proteger,2,9,2,YouTube
YouTube::@LuisAntonioGonzálezGil666,creer,1,12,3,YouTube
YouTube::@LuisAntonioGonzálezGil666,lopez,1,12,2,YouTube
YouTube::@LuisAntonioGonzálezGil666,nombre,1,12,2,YouTube
YouTube::@LuisAntonioGonzálezGil666,argentina,1,12,1,YouTube
YouTube::@LuisAntonioGonzálezGil666,prever,1,4,5,YouTube
YouTube::@LuisAntonioGonzálezGil666,detencion,1,7,2,YouTube
YouTube::@LuisAntonioGonzálezGil666,nomas,1,9,0,YouTube
YouTube::@LuisAntonioGonzálezGil666,llegar,1,10,1,YouTube
YouTube::@LuisAntonioGonzálezGil666,pais,1,12,0,YouTube
YouTube::@LuisAntonioGonzálezGil666,impunidad,1,12,1,YouTube
YouTube::@LuisDanielGaleana-l6g4r,mexico,2,12,0,YouTube
YouTube::@LuisDanielGaleana-l6g4r,pobre,1,12,0,YouTube
YouTube::@LuisDanielGaleana-l6g4r,senor,1,12,0,YouTube
YouTube::@LuisDanielGaleana-l6g4r,sentir,1,11,4,YouTube
YouTube::@LuisDanielGaleana-l6g4r,derecho,1,10,3,YouTube
YouTube::@LuisDanielGaleana-l6g4r,festejo,1,8,1,YouTube
YouTube::@LuisDanielGaleana-l6g4r,futbol,1,1,3,YouTube
YouTube::@LuisGarciaRangel,aplicar,1,11,1,YouTube
YouTube::@LuisGarciaRangel,encontrar,1,7,4,YouTube
YouTube::@LuisGarciaRangel,america,1,10,5,YouTube
YouTube::@LuisGarciaRangel,pasar,1,11,3,YouTube
YouTube::@LuisGarciaRangel,final,1,10,2,YouTube
YouTube::@LuisGarciaRangel,ojo,1,4,6,YouTube
YouTube::@LuisLopez-g2g,mes,1,4,3,YouTube
YouTube::@LuisLopez-g2g,persona,1,4,3,YouTube
YouTube::@LuisLopez-g2g,pueblo,1,11,5,YouTube
YouTube::@LuisLopez-g2g,comprar,1,4,6,YouTube
YouTube::@LuisLopez-g2g,frontera,1,11,0,YouTube
YouTube::@LuisLopez-g2g,dejar,1,9,0,YouTube
YouTube::@LuisLopez-g2g,llamar,1,11,1,YouTube
YouTube::@LuisLopez-g2g,huachicol,1,12,2,YouTube
YouTube::@LuisLopez-g2g,deber,1,11,1,YouTube
YouTube::@LuisLopez-g2g,gobierno,1,12,3,YouTube
YouTube::@LuisLopez-g2g,trabajador,1,10,3,YouTube
YouTube::@LuisLopez-g2g,judicial,1,12,3,YouTube
YouTube::@LuisPerez-r4v4d,argentina,1,12,1,YouTube
YouTube::@LuisPerez-r4v4d,marca,1,13,2,YouTube
YouTube::@LuisPerez-r4v4d,llamar,1,11,1,YouTube
YouTube::@LuisPerez-r4v4d,atencion,1,7,3,YouTube
YouTube::@LuisPerez-r4v4d,lindo,1,8,2,YouTube
YouTube::@LuisPerez-r4v4d,ciudad,1,13,1,YouTube
YouTube::@LuisPerez-r4v4d,construccion,1,1,0,YouTube
YouTube::@LuisSanchez-hm5bd,fruta,2,13,4,YouTube
YouTube::@LuisSanchez-hm5bd,reporte,1,7,0,YouTube
YouTube::@LuisSanchez-hm5bd,gracias,1,8,0,YouTube
YouTube::@LuisSanchez-hm5bd,compartir,1,1,0,YouTube
YouTube::@LuisSanchez-hm5bd,impacto,1,11,2,YouTube
YouTube::@LuisSanchez-hm5bd,llamar,1,11,1,YouTube
YouTube::@LuisSanchez-hm5bd,entender,1,11,4,YouTube
YouTube::@LuisSanchez-hm5bd,america,1,10,5,YouTube
YouTube::@LuisSanchez-hm5bd,menor,1,7,3,YouTube
YouTube::@LuisSanchez-hm5bd,saludo,1,11,2,YouTube
YouTube::@MARIAROMERO-tz2up,deber,1,11,1,YouTube
YouTube::@MARIAROMERO-tz2up,llegar,1,10,1,YouTube
YouTube::@MARIAROMERO-tz2up,ley,1,11,1,YouTube
YouTube::@MARIAROMERO-tz2up,hijo,1,12,4,YouTube
YouTube::@MARIAROMERO-tz2up,criminal,1,12,4,YouTube
YouTube::@MARIAROMERO-tz2up,madre,1,10,3,YouTube
YouTube::@MARIAROMERO-tz2up,violencia,1,1,0,YouTube
YouTube::@MMagalyss...,querer,1,11,0,YouTube
YouTube::@MMagalyss...,llegar,1,10,1,YouTube
YouTube::@MMagalyss...,presidencia,1,8,2,YouTube
YouTube::@MMagalyss...,seco,1,7,1,YouTube
YouTube::@MMagalyss...,mierda,1,10,4,YouTube
YouTube::@MSFGpoRBdelBajío,pumas,2,5,2,YouTube
YouTube::@MSFGpoRBdelBajío,ridiculo,2,10,4,YouTube
YouTube::@MSFGpoRBdelBajío,favorecer,2,3,3,YouTube
YouTube::@MSFGpoRBdelBajío,robo,2,12,1,YouTube
YouTube::@MSFGpoRBdelBajío,levantar,1,7,0,YouTube
YouTube::@MSFGpoRBdelBajío,club,1,10,5,YouTube
YouTube::@MSFGpoRBdelBajío,elegir,1,10,1,YouTube
YouTube::@MSFGpoRBdelBajío,hablar,1,11,0,YouTube
YouTube::@MSFGpoRBdelBajío,sentir,1,11,4,YouTube
YouTube::@MSFGpoRBdelBajío,juan,1,10,0,YouTube
YouTube::@MSFGpoRBdelBajío,morir,1,7,2,YouTube
YouTube::@MSFGpoRBdelBajío,tomar,1,4,2,YouTube
YouTube::@MSFGpoRBdelBajío,futbol,1,1,3,YouTube
YouTube::@MSFGpoRBdelBajío,juego,1,9,2,YouTube
YouTube::@MSFGpoRBdelBajío,medio,1,8,2,YouTube
YouTube::@MSFGpoRBdelBajío,defender,1,11,0,YouTube
YouTube::@ManuelDiaz-n9s,ano,2,11,2,YouTube
YouTube::@ManuelDiaz-n9s,corrupcion,2,12,5,YouTube
YouTube::@ManuelDiaz-n9s,acabar,2,11,3,YouTube
YouTube::@ManuelDiaz-n9s,aparato,1,11,5,YouTube
YouTube::@ManuelDiaz-n9s,seguro,1,2,1,YouTube
YouTube::@ManuelDiaz-n9s,mexico,1,12,0,YouTube
YouTube::@ManuelGomez-l5z4o,andy,1,12,2,YouTube
YouTube::@ManuelGomez-l5z4o,lopez,1,12,2,YouTube
YouTube::@ManuelGomez-l5z4o,principal,1,9,1,YouTube
YouTube::@ManuelGomez-l5z4o,huachicol,1,12,2,YouTube
YouTube::@ManuelGomez-l5z4o,fiscal,1,12,2,YouTube
YouTube::@MarFar-v4x,increible,1,8,2,YouTube
YouTube::@MarFar-v4x,vivir,1,8,2,YouTube
YouTube::@MarFar-v4x,col,1,6,1,YouTube
YouTube::@MarFar-v4x,metro,1,11,3,YouTube
YouTube::@MarFar-v4x,cambio,1,11,3,YouTube
YouTube::@MarFar-v4x,feliz,1,8,1,YouTube
YouTube::@MarFar-v4x,vida,1,7,4,YouTube
YouTube::@MarFar-v4x,gracias,1,8,0,YouTube
YouTube::@Marco-d3s2d,delincuente,2,12,1,YouTube
YouTube::@Marco-d3s2d,caer,2,12,1,YouTube
YouTube::@Marco-d3s2d,importar,1,6,2,YouTube
YouTube::@Marco-d3s2d,opinion,1,10,4,YouTube
YouTube::@Marco-d3s2d,cuidar,1,2,1,YouTube
YouTube::@Marco-d3s2d,seguir,1,2,0,YouTube
YouTube::@Marco-d3s2d,sociedad,1,6,2,YouTube
YouTube::@Marco-d3s2d,mexicana,1,4,0,YouTube
YouTube::@Marco-d3s2d,mundo,1,11,0,YouTube
YouTube::@Marco-d3s2d,donde,1,12,2,YouTube
YouTube::@Marco-d3s2d,aplicar,1,11,1,YouTube
YouTube::@Marco-d3s2d,ley,1,11,1,YouTube
YouTube::@MarcoAntonioPeralta-c6l,directamente,2,13,3,YouTube
YouTube::@MarcoAntonioPeralta-c6l,marina,1,6,0,YouTube
YouTube::@MarcoAntonioPeralta-c6l,argentina,1,12,1,YouTube
YouTube::@MarcoAntonioPeralta-c6l,trump,1,12,1,YouTube
YouTube::@MarcoAntonioPeralta-c6l,unidos,1,11,6,YouTube
YouTube::@MarcoAntonioPeralta-c6l,investigacion,1,5,3,YouTube
YouTube::@MarcoAntonioPeralta-c6l,clave,1,6,2,YouTube
YouTube::@MarcoAntonioPeralta-c6l,rata,1,4,1,YouTube
YouTube::@MarcoAntonioPeralta-c6l,protegido,1,4,1,YouTube
YouTube::@MarcoAntonioPeralta-c6l,mama,1,10,3,YouTube
YouTube::@MarcoGarcía-j9p,cambio,4,11,3,YouTube
YouTube::@MarcoGarcía-j9p,cabo,3,0,2,YouTube
YouTube::@MarcoGarcía-j9p,ridiculo,1,10,4,YouTube
YouTube::@MarcoGarcía-j9p,respetar,1,10,4,YouTube
YouTube::@MarcoGarcía-j9p,deber,1,11,1,YouTube
YouTube::@MarcoGarcía-j9p,autoridad,1,0,3,YouTube
YouTube::@MarcoGarcía-j9p,profesional,1,13,5,YouTube
YouTube::@MarcoGarcía-j9p,cuerpo,1,3,1,YouTube
YouTube::@MarcoGarcía-j9p,tecnico,1,11,2,YouTube
YouTube::@MarcoGarcía-j9p,esperar,1,4,0,YouTube
YouTube::@MarcoGarcía-j9p,condicion,1,14,2,YouTube
YouTube::@MarcoGarcía-j9p,traer,1,11,0,YouTube
YouTube::@MarcoGarcía-j9p,gol,1,12,0,YouTube
YouTube::@MarcoGarcía-j9p,linea,1,4,2,YouTube
YouTube::@MarcoGarcía-j9p,tratar,1,10,4,YouTube
YouTube::@MarcoGarcía-j9p,sentido,1,10,4,YouTube
YouTube::@Marcos-vm1bd,viva,3,12,0,YouTube
YouTube::@Marcos-vm1bd,jajajaja,1,12,4,YouTube
YouTube::@Marcos-vm1bd,pobre,1,12,0,YouTube
YouTube::@Marcos-vm1bd,amlo,1,12,4,YouTube
YouTube::@Marcos-vm1bd,claudia,1,12,0,YouTube
YouTube::@Marcos-vm1bd,pardo,1,11,2,YouTube
YouTube::@Marcos-vm1bd,voto,1,8,4,YouTube
YouTube::@Marcos-vm1bd,morena,1,12,4,YouTube
YouTube::@MarcosSmith-w6o,querer,1,11,0,YouTube
YouTube::@MarcosSmith-w6o,suficiente,1,11,5,YouTube
YouTube::@MarcosSmith-w6o,agua,1,3,1,YouTube
YouTube::@MarcosSmith-w6o,donde,1,12,2,YouTube
YouTube::@MarcosSmith-w6o,necesitar,1,2,0,YouTube
YouTube::@MariaInesGrijalvaCardenas,verguenza,1,12,0,YouTube
YouTube::@MariaInesGrijalvaCardenas,familia,1,1,0,YouTube
YouTube::@MariaInesGrijalvaCardenas,preguntar,1,10,4,YouTube
YouTube::@MariaInesGrijalvaCardenas,valer,1,9,0,YouTube
YouTube::@MariaInesGrijalvaCardenas,pena,1,12,1,YouTube
YouTube::@MariaInesGrijalvaCardenas,perder,1,11,5,YouTube
YouTube::@MariaInesGrijalvaCardenas,honor,1,8,0,YouTube
YouTube::@MariaInesGrijalvaCardenas,billete,1,11,4,YouTube
YouTube::@MariaRValenzuela-qi9to,traidor,2,11,1,YouTube
YouTube::@MariaRValenzuela-qi9to,suficiente,1,11,5,YouTube
YouTube::@MariaRValenzuela-qi9to,quedar,1,11,0,YouTube
YouTube::@MariaRValenzuela-qi9to,futuro,1,13,1,YouTube
YouTube::@MariaRValenzuela-qi9to,cargo,1,12,1,YouTube
YouTube::@MariadelCarmenSESIN,regresar,1,10,3,YouTube
YouTube::@MariadelCarmenSESIN,mexico,1,12,0,YouTube
YouTube::@MariadelCarmenSESIN,mexicano,1,4,1,YouTube
YouTube::@MariadelCarmenSESIN,defender,1,11,0,YouTube
YouTube::@MariadelCarmenSESIN,grande,1,1,0,YouTube
YouTube::@MariadelCarmenSESIN,mundo,1,11,0,YouTube
YouTube::@MariadelCarmenSESIN,querer,1,11,0,YouTube
YouTube::@MariadelCarmenSESIN,trump,1,12,1,YouTube
YouTube::@MariadelCarmenSESIN,familiar,1,4,0,YouTube
YouTube::@MariadelCarmenSESIN,vivir,1,8,2,YouTube
YouTube::@MariadelCarmenSESIN,paz,1,1,0,YouTube
YouTube::@Mariadelosangeles-f5o1p,llegar,1,10,1,YouTube
YouTube::@Mariadelosangeles-f5o1p,empezar,1,12,3,YouTube
YouTube::@Mariadelosangeles-f5o1p,etapa,1,3,1,YouTube
YouTube::@Mariadelosangeles-f5o1p,lopez,1,12,2,YouTube
YouTube::@Mariadelosangeles-f5o1p,urge,1,6,1,YouTube
YouTube::@MarioValadez-s1j,defender,1,11,0,YouTube
YouTube::@MarioValadez-s1j,equipo,1,13,3,YouTube
YouTube::@MarioValadez-s1j,superar,1,7,3,YouTube
YouTube::@MarioValadez-s1j,futbol,1,1,3,YouTube
YouTube::@MarioValadez-s1j,mexicano,1,4,1,YouTube
YouTube::@MarthaHernandez-k8h,vivir,1,8,2,YouTube
YouTube::@MarthaHernandez-k8h,pinos,1,14,2,YouTube
YouTube::@MarthaHernandez-k8h,par,1,6,-1,YouTube
YouTube::@MarthaHernandez-k8h,elegir,1,10,1,YouTube
YouTube::@MarthaHernandez-k8h,pueblo,1,11,5,YouTube
YouTube::@MartinBarron-m1c,hombre,1,13,5,YouTube
YouTube::@MartinBarron-m1c,pasar,1,11,3,YouTube
YouTube::@MartinBarron-m1c,nomas,1,9,0,YouTube
YouTube::@MartinBarron-m1c,puro,1,12,3,YouTube
YouTube::@MartinBarron-m1c,mentira,1,11,6,YouTube
YouTube::@MartinBarron-m1c,creer,1,12,3,YouTube
YouTube::@MartinBarron-m1c,cosa,1,11,3,YouTube
YouTube::@MartinBarron-m1c,verguenza,1,12,0,YouTube
YouTube::@MartinBarron-m1c,lopez,1,12,2,YouTube
YouTube::@MartinBarron-m1c,obrador,1,12,2,YouTube
YouTube::@MartinDiaz-j3c,claudia,1,12,0,YouTube
YouTube::@MartinDiaz-j3c,deber,1,11,1,YouTube
YouTube::@MartinDiaz-j3c,apoyar,1,1,2,YouTube
YouTube::@MartinDiaz-j3c,familia,1,1,0,YouTube
YouTube::@MartinDiaz-j3c,dejar,1,9,0,YouTube
YouTube::@MartinDiaz-j3c,mexico,1,12,0,YouTube
YouTube::@MartinDiaz-j3c,moren,1,4,1,YouTube
YouTube::@MartinDiaz-j3c,guerrero,1,10,0,YouTube
YouTube::@MartinDiaz-j3c,proteger,1,9,2,YouTube
YouTube::@MarychuyPerez-o7d,omar,1,11,1,YouTube
YouTube::@MarychuyPerez-o7d,garcia,1,12,2,YouTube
YouTube::@MarychuyPerez-o7d,encontrar,1,7,4,YouTube
YouTube::@MarychuyPerez-o7d,mexico,1,12,0,YouTube
YouTube::@MarychuyPerez-o7d,lopez,1,12,2,YouTube
YouTube::@MarychuyPerez-o7d,obrador,1,12,2,YouTube
YouTube::@MarychuyPerez-o7d,terrible,1,7,4,YouTube
YouTube::@MarychuyPerez-o7d,delincuencia,1,11,1,YouTube
YouTube::@MarychuyPerez-o7d,regresar,1,10,3,YouTube
YouTube::@MarychuyPerez-o7d,mexicano,1,4,1,YouTube
YouTube::@MarychuyPerez-o7d,reforzar,1,7,3,YouTube
YouTube::@MarychuyPerez-o7d,hospital,1,7,3,YouTube
YouTube::@MarychuyPerez-o7d,pais,1,12,0,YouTube
YouTube::@MarychuyPerez-o7d,investigacion,1,5,3,YouTube
YouTube::@MarychuyPerez-o7d,marino,1,12,1,YouTube
YouTube::@MarychuyPerez-o7d,tapar,1,12,2,YouTube
YouTube::@MauricioHernandez-p3r8o,pueblo,1,11,5,YouTube
YouTube::@MauricioHernandez-p3r8o,deberiar,1,9,0,YouTube
YouTube::@MauricioHernandez-p3r8o,aser,1,12,5,YouTube
YouTube::@MauricioHernandez-p3r8o,exigir,1,11,4,YouTube
YouTube::@MauricioHernandez-p3r8o,pena,1,12,1,YouTube
YouTube::@MauricioHernandez-p3r8o,muerte,1,11,1,YouTube
YouTube::@MauricioHernandez-p3r8o,traidor,1,11,1,YouTube
YouTube::@MauricioHernandez-p3r8o,patria,1,12,1,YouTube
YouTube::@MauricioHernandez-p3r8o,merecer,1,10,3,YouTube
YouTube::@MauricioQu,pumas,2,5,2,YouTube
YouTube::@MauricioQu,campeon,2,13,0,YouTube
YouTube::@MauricioQu,cancha,2,14,4,YouTube
YouTube::@MauricioQu,digno,1,14,0,YouTube
YouTube::@MauricioQu,deber,1,11,1,YouTube
YouTube::@MeAgain-f6q,acuerdo,1,4,1,YouTube
YouTube::@MeAgain-f6q,serio,1,11,0,YouTube
YouTube::@MeAgain-f6q,america,1,10,5,YouTube
YouTube::@MeAgain-f6q,deber,1,11,1,YouTube
YouTube::@MeAgain-f6q,dejar,1,9,0,YouTube
YouTube::@MeAgain-f6q,tradicion,1,9,2,YouTube
YouTube::@MeAgain-f6q,mexicano,1,4,1,YouTube
YouTube::@MeAgain-f6q,hombre,1,13,5,YouTube
YouTube::@MichelleGianni,video,1,11,2,YouTube
YouTube::@MichelleGianni,ojala,1,9,0,YouTube
YouTube::@MichelleGianni,resolver,1,12,0,YouTube
YouTube::@MichelleGianni,pronto,1,11,3,YouTube
YouTube::@MichelleGianni,saludo,1,11,2,YouTube
YouTube::@MiguelSanchez-br7xw,amlo,4,12,4,YouTube
YouTube::@MiguelSanchez-br7xw,faltar,2,12,1,YouTube
YouTube::@MiguelSanchez-br7xw,nombre,2,12,2,YouTube
YouTube::@MiguelSanchez-br7xw,jefe,1,11,3,YouTube
YouTube::@MiguelSanchez-br7xw,mexico,1,12,0,YouTube
YouTube::@MiguelSanchez-br7xw,nomas,1,9,0,YouTube
YouTube::@MikeCruzAzul7229,periodista,2,6,-1,YouTube
YouTube::@MikeCruzAzul7229,general,1,10,0,YouTube
YouTube::@MikeCruzAzul7229,existir,1,10,1,YouTube
YouTube::@MikeCruzAzul7229,orden,1,14,3,YouTube
YouTube::@MikeCruzAzul7229,empezar,1,12,3,YouTube
YouTube::@MikeCruzAzul7229,beneficiar,1,14,1,YouTube
YouTube::@MikeCruzAzul7229,equipo,1,13,3,YouTube
YouTube::@MikeCruzAzul7229,cruz,1,3,1,YouTube
YouTube::@MikeCruzAzul7229,acabar,1,11,3,YouTube
YouTube::@MikeCruzAzul7229,deporte,1,2,1,YouTube
YouTube::@Miri-si8ez,inutil,1,9,0,YouTube
YouTube::@Miri-si8ez,nombre,1,12,2,YouTube
YouTube::@Miri-si8ez,palacio,1,12,0,YouTube
YouTube::@Miri-si8ez,nacional,1,4,2,YouTube
YouTube::@Miri-si8ez,creer,1,12,3,YouTube
YouTube::@MisaelVargasPerez,pagar,1,11,4,YouTube
YouTube::@MisaelVargasPerez,general,1,10,0,YouTube
YouTube::@MisaelVargasPerez,comentario,1,10,2,YouTube
YouTube::@MisaelVargasPerez,secretaria,1,14,2,YouTube
YouTube::@MisaelVargasPerez,marina,1,6,0,YouTube
YouTube::@MisaelVargasPerez,acuerdo,1,4,1,YouTube
YouTube::@MisaelVargasPerez,gobierno,1,12,3,YouTube
YouTube::@MisaelVargasPerez,unidos,1,11,6,YouTube
YouTube::@Miyoutubeperfil,olvidar,1,12,0,YouTube
YouTube::@Miyoutubeperfil,cantidad,1,6,-1,YouTube
YouTube::@Miyoutubeperfil,senor,1,12,0,YouTube
YouTube::@Miyoutubeperfil,robar,1,12,5,YouTube
YouTube::@Miyoutubeperfil,millon,1,12,0,YouTube
YouTube::@Miyoutubeperfil,pesos,1,13,3,YouTube
YouTube::@Miyoutubeperfil,recordar,1,4,2,YouTube
YouTube::@Miyoutubeperfil,cifra,1,14,0,YouTube
YouTube::@MoisesDelgado-e5p2v,hermoso,1,8,0,YouTube
YouTube::@MoisesDelgado-e5p2v,terminar,1,11,3,YouTube
YouTube::@MoisesDelgado-e5p2v,parecer,1,9,0,YouTube
YouTube::@MoisesDelgado-e5p2v,lleno,1,8,1,YouTube
YouTube::@MoisesDelgado-e5p2v,venta,1,10,0,YouTube
YouTube::@Morlys23,hola,1,10,1,YouTube
YouTube::@Morlys23,video,1,11,2,YouTube
YouTube::@Morlys23,cosa,1,11,3,YouTube
YouTube::@Morlys23,peor,1,9,0,YouTube
YouTube::@Morlys23,seguir,1,2,0,YouTube
YouTube::@Morlys23,sonrisa,1,2,3,YouTube
YouTube::@Morlys23,gana,1,11,3,YouTube
YouTube::@Morlys23,ayudar,1,12,1,YouTube
YouTube::@Morlys23,entrada,1,3,4,YouTube
YouTube::@Morlys23,petroleo,1,11,6,YouTube
YouTube::@Morlys23,rapido,1,0,1,YouTube
YouTube::@Morlys23,saludo,1,11,2,YouTube
YouTube::@Morlys23,retirado,1,4,0,YouTube
YouTube::@Morlys23,ano,1,11,2,YouTube
YouTube::@MsMariaCisneros,gobierno,2,12,3,YouTube
YouTube::@MsMariaCisneros,verguenza,1,12,0,YouTube
YouTube::@MsMariaCisneros,delincuente,1,12,1,YouTube
YouTube::@MsMariaCisneros,detener,1,12,2,YouTube
YouTube::@MsMariaCisneros,pais,1,12,0,YouTube
YouTube::@MsMariaCisneros,mexico,1,12,0,YouTube
YouTube::@MsMariaCisneros,ayudar,1,12,1,YouTube
YouTube::@MsMariaCisneros,salir,1,11,0,YouTube
YouTube::@MsMariaCisneros,libre,1,1,0,YouTube
YouTube::@NereoHernandez-g9y,persona,1,4,3,YouTube
YouTube::@NereoHernandez-g9y,mover,1,9,0,YouTube
YouTube::@NereoHernandez-g9y,vehiculo,1,7,2,YouTube
YouTube::@NereoHernandez-g9y,loco,1,11,2,YouTube
YouTube::@NereoHernandez-g9y,gente,1,6,2,YouTube
YouTube::@NestorRamires-w7w,deber,1,11,1,YouTube
YouTube::@NestorRamires-w7w,unidos,1,11,6,YouTube
YouTube::@NestorRamires-w7w,garcia,1,12,2,YouTube
YouTube::@NestorRamires-w7w,presidente,1,14,2,YouTube
YouTube::@NestorRamires-w7w,calderon,1,8,3,YouTube
YouTube::@NestorRamires-w7w,arrastrar,1,7,2,YouTube
YouTube::@NextDate18,amar,1,4,0,YouTube
YouTube::@NextDate18,claudia,1,12,0,YouTube
YouTube::@NextDate18,corazon,1,13,2,YouTube
YouTube::@NextDate18,lider,1,12,2,YouTube
YouTube::@NextDate18,increible,1,8,2,YouTube
YouTube::@NicolasMendoza-k5h,justicia,2,11,1,YouTube
YouTube::@NicolasMendoza-k5h,deber,1,11,1,YouTube
YouTube::@NicolasMendoza-k5h,corrupto,1,12,4,YouTube
YouTube::@NicolasMendoza-k5h,america,1,10,5,YouTube
YouTube::@Nikita-z1n7k,presidente,2,14,2,YouTube
YouTube::@Nikita-z1n7k,mexico,2,12,0,YouTube
YouTube::@Nikita-z1n7k,salir,2,11,0,YouTube
YouTube::@Nikita-z1n7k,felicidad,1,8,0,YouTube
YouTube::@Nikita-z1n7k,duda,1,10,1,YouTube
YouTube::@Nikita-z1n7k,calidad,1,2,2,YouTube
YouTube::@Nikita-z1n7k,llegar,1,10,1,YouTube
YouTube::@Nikita-z1n7k,nivel,1,4,2,YouTube
YouTube::@Nikita-z1n7k,bendicion,1,8,0,YouTube
YouTube::@Nikita-z1n7k,luz,1,3,1,YouTube
YouTube::@Nikita-z1n7k,argentina,1,12,1,YouTube
YouTube::@Nikita-z1n7k,unidos,1,11,6,YouTube
YouTube::@Nikita-z1n7k,necesitar,1,2,0,YouTube
YouTube::@Nikita-z1n7k,corrupto,1,12,4,YouTube
YouTube::@Nikita-z1n7k,lleno,1,8,1,YouTube
YouTube::@Nikita-z1n7k,social,1,2,3,YouTube
YouTube::@Nikita-z1n7k,confusion,1,7,1,YouTube
YouTube::@Nikita-z1n7k,gobierno,1,12,3,YouTube
YouTube::@Nikita-z1n7k,buscar,1,5,1,YouTube
YouTube::@Nikita-z1n7k,sacar,1,11,3,YouTube
YouTube::@Nikita-z1n7k,robar,1,12,5,YouTube
YouTube::@Nikita-z1n7k,robo,1,12,1,YouTube
YouTube::@Nikita-z1n7k,traicion,1,12,5,YouTube
YouTube::@Nikita-z1n7k,patria,1,12,1,YouTube
YouTube::@Nikita-z1n7k,sociedad,1,6,2,YouTube
YouTube::@Nikita-z1n7k,esperar,1,4,0,YouTube
YouTube::@OIRAUSA,cdmx,1,5,2,YouTube
YouTube::@OIRAUSA,zona,1,0,1,YouTube
YouTube::@OIRAUSA,creer,1,12,3,YouTube
YouTube::@OIRAUSA,parecer,1,9,0,YouTube
YouTube::@OIRAUSA,cocodrilo,1,0,1,YouTube
YouTube::@OIRAUSA,loco,1,11,2,YouTube
YouTube::@OIRAUSA,existir,1,10,1,YouTube
YouTube::@OIRAUSA,quedar,1,11,0,YouTube
YouTube::@OctavioRocha-k6t,quejar,1,9,1,YouTube
YouTube::@OctavioRocha-k6t,mexicano,1,4,1,YouTube
YouTube::@OctavioRocha-k6t,orgullo,1,1,2,YouTube
YouTube::@OctavioRocha-k6t,llenar,1,1,1,YouTube
YouTube::@OctavioRocha-k6t,boca,1,9,4,YouTube
YouTube::@OctavioRocha-k6t,tratar,1,10,4,YouTube
YouTube::@OliviaMartinez-f2n,metro,2,11,3,YouTube
YouTube::@OliviaMartinez-f2n,enrique,1,12,2,YouTube
YouTube::@OliviaMartinez-f2n,pesado,1,7,0,YouTube
YouTube::@OliviaMartinez-f2n,regional,1,14,4,YouTube
YouTube::@OliviaMartinez-f2n,mexicano,1,4,1,YouTube
YouTube::@OliviaMartinez-f2n,bonito,1,8,1,YouTube
YouTube::@OliviaMartinez-f2n,parecer,1,9,0,YouTube
YouTube::@OliviaMartinez-f2n,gustar,1,6,0,YouTube
YouTube::@OliviaMartinez-f2n,ahorita,1,9,0,YouTube
YouTube::@OliviaMartinez-f2n,semana,1,4,5,YouTube
YouTube::@OliviaMartinez-f2n,quedar,1,11,0,YouTube
YouTube::@OliviaMartinez-f2n,cosa,1,11,3,YouTube
YouTube::@OliviaMartinez-f2n,anos,1,9,0,YouTube
YouTube::@OliviaMartinez-f2n,cine,1,14,0,YouTube
YouTube::@OliviaMartinez-f2n,arte,1,1,1,YouTube
YouTube::@OliviaMartinez-f2n,dia,1,6,0,YouTube
YouTube::@OliviaMartinez-f2n,teatro,1,4,6,YouTube
YouTube::@OliviaMartinez-f2n,espacio,1,1,0,YouTube
YouTube::@OmarEssien-uh8sz,obra,1,2,4,YouTube
YouTube::@OmarEssien-uh8sz,acabar,1,11,3,YouTube
YouTube::@OmarEssien-uh8sz,cartel,1,4,5,YouTube
YouTube::@OmarEssien-uh8sz,creer,1,12,3,YouTube
YouTube::@OmarEssien-uh8sz,eeuu,1,12,0,YouTube
YouTube::@OrganizeResistFightBack_999,presidente,2,14,2,YouTube
YouTube::@OrganizeResistFightBack_999,gracias,1,8,0,YouTube
YouTube::@OrganizeResistFightBack_999,mexico,1,12,0,YouTube
YouTube::@OrganizeResistFightBack_999,mundo,1,11,0,YouTube
YouTube::@OrganizeResistFightBack_999,pais,1,12,0,YouTube
YouTube::@OscarGutierrez-l5j,madre,2,10,3,YouTube
YouTube::@OscarGutierrez-l5j,duda,1,10,1,YouTube
YouTube::@OscarGutierrez-l5j,mexicano,1,4,1,YouTube
YouTube::@OscarGutierrez-l5j,valer,1,9,0,YouTube
YouTube::@OscarGutierrez-l5j,puro,1,12,3,YouTube
YouTube::@OscarSilva-w3l,pumas,1,5,2,YouTube
YouTube::@OscarSilva-w3l,falta,1,11,0,YouTube
YouTube::@OscarSilva-w3l,medio,1,8,2,YouTube
YouTube::@OscarSilva-w3l,ridiculo,1,10,4,YouTube
YouTube::@OscarSilva-w3l,creer,1,12,3,YouTube
YouTube::@OscarSilva-w3l,america,1,10,5,YouTube
YouTube::@PP-p4c,recordar,2,4,2,YouTube
YouTube::@PP-p4c,lleno,2,8,1,YouTube
YouTube::@PP-p4c,provocar,1,6,0,YouTube
YouTube::@PP-p4c,video,1,11,2,YouTube
YouTube::@PP-p4c,totalmente,1,3,4,YouTube
YouTube::@PP-p4c,hermoso,1,8,0,YouTube
YouTube::@PP-p4c,tocar,1,11,2,YouTube
YouTube::@PP-p4c,final,1,10,2,YouTube
YouTube::@PP-p4c,anos,1,9,0,YouTube
YouTube::@PP-p4c,calle,1,9,1,YouTube
YouTube::@PP-p4c,dia,1,6,0,YouTube
YouTube::@PP-p4c,puro,1,12,3,YouTube
YouTube::@PabloMartinez-zb6hk,sentido,1,10,4,YouTube
YouTube::@PabloMartinez-zb6hk,futbol,1,1,3,YouTube
YouTube::@PabloMartinez-zb6hk,mexicano,1,4,1,YouTube
YouTube::@PabloMartinez-zb6hk,servir,1,6,2,YouTube
YouTube::@PabloMartinez-zb6hk,mundial,1,4,0,YouTube
YouTube::@PabloMartinez-zb6hk,participacion,1,1,0,YouTube
YouTube::@PabloMartinez-zb6hk,pasar,1,11,3,YouTube
YouTube::@PabloMartinez-zb6hk,partido,1,4,0,YouTube
YouTube::@PabloMartinez-zb6hk,mal,1,4,1,YouTube
YouTube::@PanchoRuiz-v8d,etc,2,12,1,YouTube
YouTube::@PanchoRuiz-v8d,ojala,1,9,0,YouTube
YouTube::@PanchoRuiz-v8d,caer,1,12,1,YouTube
YouTube::@PanchoRuiz-v8d,participar,1,10,2,YouTube
YouTube::@PanchoRuiz-v8d,empresario,1,14,1,YouTube
YouTube::@PanchoRuiz-v8d,adan,1,12,2,YouTube
YouTube::@PanchoRuiz-v8d,justicia,1,11,1,YouTube
YouTube::@PanchoRuiz-v8d,ley,1,11,1,YouTube
YouTube::@PanchoRuiz-v8d,felicidad,1,8,0,YouTube
YouTube::@PanchoRuiz-v8d,informar,1,10,1,YouTube
YouTube::@PanteraMtz,increible,1,8,2,YouTube
YouTube::@PanteraMtz,corrupto,1,12,4,YouTube
YouTube::@PanteraMtz,mexico,1,12,0,YouTube
YouTube::@PanteraMtz,agarrar,1,12,1,YouTube
YouTube::@PanteraMtz,delincuente,1,12,1,YouTube
YouTube::@PaulaPaz-x7e,gobernadora,1,12,1,YouTube
YouTube::@PaulaPaz-x7e,chihuahua,1,12,1,YouTube
YouTube::@PaulaPaz-x7e,ley,1,11,1,YouTube
YouTube::@PaulaPaz-x7e,resultar,1,6,2,YouTube
YouTube::@PaulaPaz-x7e,delincuente,1,12,1,YouTube
YouTube::@PaulaPaz-x7e,mundo,1,11,0,YouTube
YouTube::@PavelDragunov-yv5dk,viva,2,12,0,YouTube
YouTube::@PavelDragunov-yv5dk,claudia,1,12,0,YouTube
YouTube::@PavelDragunov-yv5dk,mexico,1,12,0,YouTube
YouTube::@PavelDragunov-yv5dk,rata,1,4,1,YouTube
YouTube::@PavelDragunov-yv5dk,mundo,1,11,0,YouTube
YouTube::@PavelDragunov-yv5dk,empezar,1,12,3,YouTube
YouTube::@PedroBetancourt-r6t1g,venir,1,4,0,YouTube
YouTube::@PedroBetancourt-r6t1g,hambre,1,9,-1,YouTube
YouTube::@PedroBetancourt-r6t1g,triste,1,4,0,YouTube
YouTube::@PedroBetancourt-r6t1g,esperar,1,4,0,YouTube
YouTube::@PedroBetancourt-r6t1g,pais,1,12,0,YouTube
YouTube::@PedroBetancourt-r6t1g,mexico,1,12,0,YouTube
YouTube::@PedroGonzalez-hw9tl,actuar,3,9,0,YouTube
YouTube::@PedroGonzalez-hw9tl,presion,1,11,3,YouTube
YouTube::@PedroGonzalez-hw9tl,presidente,1,14,2,YouTube
YouTube::@PedroGonzalez-hw9tl,miedo,1,9,0,YouTube
YouTube::@PedroGonzalez-hw9tl,gobierno,1,12,3,YouTube
YouTube::@PedroGonzalez-hw9tl,manana,1,10,1,YouTube
YouTube::@PepeMorales8280,cancion,1,8,3,YouTube
YouTube::@PepeMorales8280,cambiar,1,2,0,YouTube
YouTube::@PepeMorales8280,cambio,1,11,3,YouTube
YouTube::@PepeMorales8280,equipo,1,13,3,YouTube
YouTube::@PepeMorales8280,america,1,10,5,YouTube
YouTube::@PepeMorales8280,aparte,1,11,1,YouTube
YouTube::@PericoPalote2025,video,2,11,2,YouTube
YouTube::@PericoPalote2025,seguir,2,2,0,YouTube
YouTube::@PericoPalote2025,quot,2,12,0,YouTube
YouTube::@PericoPalote2025,equipo,1,13,3,YouTube
YouTube::@PericoPalote2025,movil,1,3,4,YouTube
YouTube::@PericoPalote2025,esperar,1,4,0,YouTube
YouTube::@PericoPalote2025,escuchar,1,2,0,YouTube
YouTube::@PericoPalote2025,noticia,1,11,6,YouTube
YouTube::@PericoPalote2025,alla,1,11,0,YouTube
YouTube::@PericoPalote2025,contar,1,6,0,YouTube
YouTube::@PericoPalote2025,conocido,1,11,0,YouTube
YouTube::@PericoPalote2025,llegar,1,10,1,YouTube
YouTube::@PericoPalote2025,situacion,1,0,1,YouTube
YouTube::@PericoPalote2025,sufrir,1,6,2,YouTube
YouTube::@PericoPalote2025,campo,1,2,0,YouTube
YouTube::@PericoPalote2025,ciudad,1,13,1,YouTube
YouTube::@PericoPalote2025,sear,1,11,0,YouTube
YouTube::@PericoPalote2025,falta,1,11,0,YouTube
YouTube::@PericoPalote2025,vecino,1,2,4,YouTube
YouTube::@PericoPalote2025,vivir,1,8,2,YouTube
YouTube::@PericoPalote2025,saludo,1,11,2,YouTube
YouTube::@PoloRodriguez-t3y,sembrar,1,4,6,YouTube
YouTube::@PoloRodriguez-t3y,caro,1,12,1,YouTube
YouTube::@PoloRodriguez-t3y,salir,1,11,0,YouTube
YouTube::@PoloRodriguez-t3y,claudia,1,12,0,YouTube
YouTube::@PoloRodriguez-t3y,detener,1,12,2,YouTube
YouTube::@PoloRodriguez-t3y,entregar,1,6,2,YouTube
YouTube::@PoloRodriguez-t3y,bienestar,1,2,3,YouTube
YouTube::@Premyt4-r3b,jugar,1,3,4,YouTube
YouTube::@Premyt4-r3b,sede,1,1,4,YouTube
YouTube::@Premyt4-r3b,caso,1,10,4,YouTube
YouTube::@Premyt4-r3b,derecho,1,10,3,YouTube
YouTube::@Premyt4-r3b,cambio,1,11,3,YouTube
YouTube::@Princesahermosa-c6b,salir,1,11,0,YouTube
YouTube::@Princesahermosa-c6b,playa,1,10,2,YouTube
YouTube::@Princesahermosa-c6b,boca,1,9,4,YouTube
YouTube::@Princesahermosa-c6b,favor,1,11,5,YouTube
YouTube::@Princesahermosa-c6b,gente,1,6,2,YouTube
YouTube::@Princesahermosa-c6b,ejercito,1,11,1,YouTube
YouTube::@Princesahermosa-c6b,marino,1,12,1,YouTube
YouTube::@Princesahermosa-c6b,veracruz,1,5,2,YouTube
YouTube::@Princesahermosa-c6b,esperar,1,4,0,YouTube
YouTube::@Princesahermosa-c6b,pronto,1,11,3,YouTube
YouTube::@Princesahermosa-c6b,gracias,1,8,0,YouTube
YouTube::@Princesahermosa-c6b,gobernadora,1,12,1,YouTube
YouTube::@Princesahermosa-c6b,facil,1,4,1,YouTube
YouTube::@Princesahermosa-c6b,gobernar,1,7,2,YouTube
YouTube::@Princesahermosa-c6b,afuera,1,4,4,YouTube
YouTube::@RMMR-po5xb,completamente,1,2,2,YouTube
YouTube::@RMMR-po5xb,jamas,1,11,4,YouTube
YouTube::@RMMR-po5xb,querer,1,11,0,YouTube
YouTube::@RMMR-po5xb,america,1,10,5,YouTube
YouTube::@RMMR-po5xb,pasar,1,11,3,YouTube
YouTube::@RMMR-po5xb,situacion,1,0,1,YouTube
YouTube::@RMMR-po5xb,politica,1,9,2,YouTube
YouTube::@RMMR-po5xb,cancha,1,14,4,YouTube
YouTube::@RMMR-po5xb,jugar,1,3,4,YouTube
YouTube::@ROMANESTRADA-i8f,nefasto,1,7,2,YouTube
YouTube::@ROMANESTRADA-i8f,pri,1,11,5,YouTube
YouTube::@ROMANESTRADA-i8f,cosa,1,11,3,YouTube
YouTube::@ROMANESTRADA-i8f,dia,1,6,0,YouTube
YouTube::@ROMANESTRADA-i8f,contrario,1,10,5,YouTube
YouTube::@Rafael-wn7bf,jajajaja,2,12,4,YouTube
YouTube::@Rafael-wn7bf,querer,2,11,0,YouTube
YouTube::@Rafael-wn7bf,creer,1,12,3,YouTube
YouTube::@Rafael-wn7bf,mexico,1,12,0,YouTube
YouTube::@RafaelGil2022,canal,2,9,1,YouTube
YouTube::@RafaelGil2022,hola,1,10,1,YouTube
YouTube::@RafaelGil2022,ano,1,11,2,YouTube
YouTube::@RafaelGil2022,vivir,1,8,2,YouTube
YouTube::@RafaelGil2022,laredo,1,5,1,YouTube
YouTube::@RafaelGil2022,norte,1,10,1,YouTube
YouTube::@RafaelGil2022,espana,1,9,3,YouTube
YouTube::@RafaelGil2022,visitar,1,3,2,YouTube
YouTube::@RafaelGil2022,mujer,1,10,3,YouTube
YouTube::@RafaelGil2022,familia,1,1,0,YouTube
YouTube::@RafaelGil2022,casa,1,3,1,YouTube
YouTube::@RafaelGil2022,alli,1,11,2,YouTube
YouTube::@RamirezG-n7n2q,ridiculo,1,10,4,YouTube
YouTube::@RamirezG-n7n2q,medio,1,8,2,YouTube
YouTube::@RamirezG-n7n2q,respetar,1,10,4,YouTube
YouTube::@RamirezG-n7n2q,futbol,1,1,3,YouTube
YouTube::@RamirezG-n7n2q,negocio,1,10,4,YouTube
YouTube::@RamonLlerenas,pri,2,11,5,YouTube
YouTube::@RamonLlerenas,senora,1,9,0,YouTube
YouTube::@RamonLlerenas,pagar,1,11,4,YouTube
YouTube::@RamonLlerenas,risa,1,12,4,YouTube
YouTube::@RamonLlerenas,repetir,1,11,1,YouTube
YouTube::@RamonLlerenas,senor,1,12,0,YouTube
YouTube::@RamonLlerenas,mexico,1,12,0,YouTube
YouTube::@RamonLlerenas,lopez,1,12,2,YouTube
YouTube::@RamonLlerenas,obrador,1,12,2,YouTube
YouTube::@RamonLlerenas,vien,1,8,0,YouTube
YouTube::@RanaNano-k1y,video,2,11,2,YouTube
YouTube::@RanaNano-k1y,cosa,2,11,3,YouTube
YouTube::@RanaNano-k1y,excelente,1,2,1,YouTube
YouTube::@RanaNano-k1y,mano,1,6,0,YouTube
YouTube::@RanaNano-k1y,esperar,1,4,0,YouTube
YouTube::@RanaNano-k1y,terminar,1,11,3,YouTube
YouTube::@RanaNano-k1y,pronto,1,11,3,YouTube
YouTube::@RanaNano-k1y,vengar,1,12,0,YouTube
YouTube::@RanaNano-k1y,peor,1,9,0,YouTube
YouTube::@RanaNano-k1y,saludo,1,11,2,YouTube
YouTube::@RanaNano-k1y,abrazo,1,11,2,YouTube
YouTube::@RanaNano-k1y,olvidar,1,12,0,YouTube
YouTube::@RanaNano-k1y,gracia,1,11,2,YouTube
YouTube::@RanaNano-k1y,llamar,1,11,1,YouTube
YouTube::@RanaNano-k1y,maru,1,11,1,YouTube
YouTube::@RaulHernandez_G,deber,2,11,1,YouTube
YouTube::@RaulHernandez_G,equipo,2,13,3,YouTube
YouTube::@RaulHernandez_G,respeto,1,9,4,YouTube
YouTube::@RaulHernandez_G,opinion,1,10,4,YouTube
YouTube::@RaulHernandez_G,venir,1,4,0,YouTube
YouTube::@RaulHernandez_G,persona,1,4,3,YouTube
YouTube::@RaulHernandez_G,experiencia,1,1,4,YouTube
YouTube::@RaulHernandez_G,marcar,1,10,4,YouTube
YouTube::@RaulHernandez_G,ocasion,1,10,1,YouTube
YouTube::@RaulHernandez_G,aplicar,1,11,1,YouTube
YouTube::@RaulHernandez_G,juego,1,9,2,YouTube
YouTube::@RaulHernandez_G,favorecer,1,3,3,YouTube
YouTube::@RaulHernandez_G,negocio,1,10,4,YouTube
YouTube::@RaulHernandez_G,quejar,1,9,1,YouTube
YouTube::@RaulHernandez_G,formar,1,1,3,YouTube
YouTube::@RaulHernandez_G,parecer,1,9,0,YouTube
YouTube::@RaulHernandez_G,permitir,1,14,0,YouTube
YouTube::@RaulHernandez_G,creer,1,12,3,YouTube
YouTube::@RaulHernandez_G,castigar,1,11,1,YouTube
YouTube::@RaulHernandez_G,esperar,1,4,0,YouTube
YouTube::@RaulHernandez_G,actuar,1,9,0,YouTube
YouTube::@RaulHernandez_G,interes,1,10,1,YouTube
YouTube::@RaulHernandez_G,terminar,1,11,3,YouTube
YouTube::@RaulHernandez_G,corrupcion,1,12,5,YouTube
YouTube::@RaulHernandez_G,saludos,1,11,2,YouTube
YouTube::@RaulSandovalMartinez,querer,1,11,0,YouTube
YouTube::@RaulSandovalMartinez,caer,1,12,1,YouTube
YouTube::@RaulSandovalMartinez,pez,1,12,1,YouTube
YouTube::@RaulSandovalMartinez,gordo,1,11,0,YouTube
YouTube::@RaulSandovalMartinez,morena,1,12,4,YouTube
YouTube::@RaulValencia-e8z,clase,2,8,2,YouTube
YouTube::@RaulValencia-e8z,mover,2,9,0,YouTube
YouTube::@RaulValencia-e8z,rata,2,4,1,YouTube
YouTube::@RaulValencia-e8z,moren,1,4,1,YouTube
YouTube::@RaulValencia-e8z,nacer,1,2,2,YouTube
YouTube::@RaulValencia-e8z,quitar,1,11,5,YouTube
YouTube::@RaulValencia-e8z,morena,1,12,4,YouTube
YouTube::@RaulValencia-e8z,ley,1,11,1,YouTube
YouTube::@RaulValencia-e8z,aplicar,1,11,1,YouTube
YouTube::@RaulValencia-e8z,defender,1,11,0,YouTube
YouTube::@RaulValencia-e8z,entregar,1,6,2,YouTube
YouTube::@RecuerdoInolvidable,pendejo,2,11,5,YouTube
YouTube::@RecuerdoInolvidable,medio,1,8,2,YouTube
YouTube::@RecuerdoInolvidable,informacion,1,11,0,YouTube
YouTube::@RecuerdoInolvidable,hijo,1,12,4,YouTube
YouTube::@RecuerdoInolvidable,seguir,1,2,0,YouTube
YouTube::@RecuerdoInolvidable,lopez,1,12,2,YouTube
YouTube::@RecuerdoInolvidable,obrador,1,12,2,YouTube
YouTube::@RecuerdoInolvidable,familia,1,1,0,YouTube
YouTube::@RecuerdoInolvidable,claudia,1,12,0,YouTube
YouTube::@RecuerdoInolvidable,sheinbaum,1,12,0,YouTube
YouTube::@RenéSoto-f8m6q,millon,1,12,0,YouTube
YouTube::@RenéSoto-f8m6q,imaginar,1,12,4,YouTube
YouTube::@RenéSoto-f8m6q,merecer,1,10,3,YouTube
YouTube::@RenéSoto-f8m6q,andy,1,12,2,YouTube
YouTube::@RenéSoto-f8m6q,lopez,1,12,2,YouTube
YouTube::@RenéSoto-f8m6q,cartel,1,4,5,YouTube
YouTube::@RenéSoto-f8m6q,huachicol,1,12,2,YouTube
YouTube::@RenéSoto-f8m6q,mexico,1,12,0,YouTube
YouTube::@Ricardo-m7v8y,wow,1,9,-1,YouTube
YouTube::@Ricardo-m7v8y,increible,1,8,2,YouTube
YouTube::@Ricardo-m7v8y,ojala,1,9,0,YouTube
YouTube::@Ricardo-m7v8y,seguir,1,2,0,YouTube
YouTube::@Ricardo-m7v8y,parecer,1,9,0,YouTube
YouTube::@Ricardo-m7v8y,gobierno,1,12,3,YouTube
YouTube::@Ricardo-m7v8y,salir,1,11,0,YouTube
YouTube::@Ricardo-m7v8y,control,1,14,0,YouTube
YouTube::@RicardoLoredo-e4p,puro,3,12,3,YouTube
YouTube::@RicardoLoredo-e4p,criticar,3,12,3,YouTube
YouTube::@RicardoLoredo-e4p,gordo,1,11,0,YouTube
YouTube::@RicardoLoredo-e4p,vida,1,7,4,YouTube
YouTube::@RicardoLoredo-e4p,dema,1,12,3,YouTube
YouTube::@RicardoLoredo-e4p,falta,1,11,0,YouTube
YouTube::@RicardoLoredo-e4p,seguro,1,2,1,YouTube
YouTube::@RicardoLoredo-e4p,comentar,1,11,0,YouTube
YouTube::@RicardoMartinez-iy9md,escuchar,1,2,0,YouTube
YouTube::@RicardoMartinez-iy9md,raro,1,11,1,YouTube
YouTube::@RicardoMartinez-iy9md,respeto,1,9,4,YouTube
YouTube::@RicardoMartinez-iy9md,juez,1,10,3,YouTube
YouTube::@RicardoMartinez-iy9md,parecer,1,9,0,YouTube
YouTube::@RicardoMartinez-iy9md,perder,1,11,5,YouTube
YouTube::@RicardoMartinez-iy9md,mirar,1,11,0,YouTube
YouTube::@RicardoMartinez-iy9md,video,1,11,2,YouTube
YouTube::@RicardoMartinez-iy9md,ojala,1,9,0,YouTube
YouTube::@RicardoMartinez-iy9md,opinion,1,10,4,YouTube
YouTube::@RicardoMartinez-iy9md,saludos,1,11,2,YouTube
YouTube::@RicardoRosasarias-l2d,matar,2,9,0,YouTube
YouTube::@RicardoRosasarias-l2d,militar,1,11,1,YouTube
YouTube::@RicardoRosasarias-l2d,mexicano,1,4,1,YouTube
YouTube::@RicardoRosasarias-l2d,detener,1,12,2,YouTube
YouTube::@RicardoRosasarias-l2d,ley,1,11,1,YouTube
YouTube::@RicardoRosasarias-l2d,traicion,1,12,5,YouTube
YouTube::@RicardoRosasarias-l2d,patria,1,12,1,YouTube
YouTube::@RicardoRosasarias-l2d,vivo,1,5,1,YouTube
YouTube::@RicardoRosasarias-l2d,mexico,1,12,0,YouTube
YouTube::@RicardoRosasarias-l2d,deber,1,11,1,YouTube
YouTube::@RicardoRosasarias-l2d,repetir,1,11,1,YouTube
YouTube::@RicardoRosasarias-l2d,general,1,10,0,YouTube
YouTube::@RicardoRosasarias-l2d,villa,1,6,1,YouTube
YouTube::@RicardoRosasarias-l2d,traidor,1,11,1,YouTube
YouTube::@RicardoRosasarias-l2d,pais,1,12,0,YouTube
YouTube::@Richmx10,serio,1,11,0,YouTube
YouTube::@Richmx10,ridiculo,1,10,4,YouTube
YouTube::@Richmx10,aplicar,1,11,1,YouTube
YouTube::@Richmx10,valer,1,9,0,YouTube
YouTube::@Richmx10,justicia,1,11,1,YouTube
YouTube::@Richmx10,america,1,10,5,YouTube
YouTube::@RitaMariaÁvalosFlores,zona,1,0,1,YouTube
YouTube::@RitaMariaÁvalosFlores,rosa,1,9,2,YouTube
YouTube::@RitaMariaÁvalosFlores,lleno,1,8,1,YouTube
YouTube::@RitaMariaÁvalosFlores,club,1,10,5,YouTube
YouTube::@RitaMariaÁvalosFlores,gustar,1,6,0,YouTube
YouTube::@RitaMariaÁvalosFlores,encontrar,1,7,4,YouTube
YouTube::@RitaMariaÁvalosFlores,video,1,11,2,YouTube
YouTube::@RitaMariaÁvalosFlores,bonito,1,8,1,YouTube
YouTube::@RitaMariaÁvalosFlores,vivir,1,8,2,YouTube
YouTube::@RitaMariaÁvalosFlores,cancun,1,5,2,YouTube
YouTube::@RitaMariaÁvalosFlores,saludos,1,11,2,YouTube
YouTube::@RodrigoHernandez-h2d,justicia,1,11,1,YouTube
YouTube::@RodrigoHernandez-h2d,mexico,1,12,0,YouTube
YouTube::@RodrigoHernandez-h2d,ratero,1,12,4,YouTube
YouTube::@RodrigoHernandez-h2d,gobierno,1,12,3,YouTube
YouTube::@RodrigoHernandez-h2d,juzgar,1,11,1,YouTube
YouTube::@RodrigoHernandez-h2d,hora,1,10,1,YouTube
YouTube::@RodrigoHernandez-h2d,recibir,1,9,2,YouTube
YouTube::@RodrigoHernandez-h2d,ayuda,1,12,4,YouTube
YouTube::@RodrigoHernandez-h2d,trump,1,12,1,YouTube
YouTube::@RodrigoHernandez-h2d,realidad,1,6,2,YouTube
YouTube::@RodrigoHernandez-h2d,deber,1,11,1,YouTube
YouTube::@RodrigoHernandez-h2d,preguntar,1,10,4,YouTube
YouTube::@RodrigoHernandez-h2d,conocimiento,1,6,3,YouTube
YouTube::@RodrigoHernandez-h2d,manejo,1,11,1,YouTube
YouTube::@RodrigoHernandez-h2d,actividad,1,1,0,YouTube
YouTube::@RodrigoHernandez-h2d,presidenta,1,8,0,YouTube
YouTube::@RogelioValadez-b5f9h,merecer,1,10,3,YouTube
YouTube::@RogelioValadez-b5f9h,proteger,1,9,2,YouTube
YouTube::@RogelioValadez-b5f9h,autoridad,1,0,3,YouTube
YouTube::@RogelioValadez-b5f9h,acabar,1,11,3,YouTube
YouTube::@RogelioValadez-b5f9h,corrupcion,1,12,5,YouTube
YouTube::@RogelioValadez-b5f9h,pais,1,12,0,YouTube
YouTube::@RosalbitaAlcantara,cafe,1,6,1,YouTube
YouTube::@RosalbitaAlcantara,banco,1,13,5,YouTube
YouTube::@RosalbitaAlcantara,frente,1,9,1,YouTube
YouTube::@RosalbitaAlcantara,angel,1,9,2,YouTube
YouTube::@RosalbitaAlcantara,gracias,1,8,0,YouTube
YouTube::@RosarioPerez-f8f,penal,2,10,4,YouTube
YouTube::@RosarioPerez-f8f,america,1,10,5,YouTube
YouTube::@RosarioPerez-f8f,pumas,1,5,2,YouTube
YouTube::@RosarioPerez-f8f,aplicar,1,11,1,YouTube
YouTube::@RosarioPerez-f8f,cumplir,1,10,1,YouTube
YouTube::@RubénZarraga-k5d,robo,2,12,1,YouTube
YouTube::@RubénZarraga-k5d,america,1,10,5,YouTube
YouTube::@RubénZarraga-k5d,americo,1,14,1,YouTube
YouTube::@RubénZarraga-k5d,futbol,1,1,3,YouTube
YouTube::@RubénZarraga-k5d,mexicano,1,4,1,YouTube
YouTube::@RubénZarraga-k5d,queretaro,1,5,2,YouTube
YouTube::@Rulas15,trump,2,12,1,YouTube
YouTube::@Rulas15,agarrar,1,12,1,YouTube
YouTube::@Rulas15,orden,1,14,3,YouTube
YouTube::@Rulas15,narco,1,12,4,YouTube
YouTube::@Rulas15,politico,1,12,4,YouTube
YouTube::@Rulas15,presidente,1,14,2,YouTube
YouTube::@SamuelG-k2h,castigar,1,11,1,YouTube
YouTube::@SamuelG-k2h,real,1,13,2,YouTube
YouTube::@SamuelG-k2h,permitir,1,14,0,YouTube
YouTube::@SamuelG-k2h,principal,1,9,1,YouTube
YouTube::@SamuelG-k2h,responsable,1,3,2,YouTube
YouTube::@SamuelG-k2h,mujer,1,10,3,YouTube
YouTube::@SamuelG-k2h,suficiente,1,11,5,YouTube
YouTube::@SamuelG-k2h,justificar,1,9,0,YouTube
YouTube::@SamuelG-k2h,problema,1,12,0,YouTube
YouTube::@SamuelG-k2h,llegar,1,10,1,YouTube
YouTube::@SamuelG-k2h,funcionario,1,6,2,YouTube
YouTube::@SamuelG-k2h,nombre,1,12,2,YouTube
YouTube::@SamuelG-k2h,deber,1,11,1,YouTube
YouTube::@SamuelG-k2h,militar,1,11,1,YouTube
YouTube::@SamuelG-k2h,parecer,1,9,0,YouTube
YouTube::@SamuelG-k2h,mal,1,4,1,YouTube
YouTube::@SamuelMorfin-ro5xy,pais,2,12,0,YouTube
YouTube::@SamuelMorfin-ro5xy,pagar,1,11,4,YouTube
YouTube::@SamuelMorfin-ro5xy,azteca,1,4,0,YouTube
YouTube::@SamuelMorfin-ro5xy,javier,1,4,6,YouTube
YouTube::@SamuelMorfin-ro5xy,trump,1,12,1,YouTube
YouTube::@SamuelMorfin-ro5xy,traidor,1,11,1,YouTube
YouTube::@SamuelMorfin-ro5xy,mayoria,1,11,4,YouTube
YouTube::@SamuelMorfin-ro5xy,pueblo,1,11,5,YouTube
YouTube::@SamuelMorfin-ro5xy,mexicano,1,4,1,YouTube
YouTube::@SamuelMorfin-ro5xy,querer,1,11,0,YouTube
YouTube::@SamuelMorfin-ro5xy,promover,1,1,0,YouTube
YouTube::@SamuelMorfin-ro5xy,mexico,1,12,0,YouTube
YouTube::@SamuelMorfin-ro5xy,traicion,1,12,5,YouTube
YouTube::@SamuelMorfin-ro5xy,patria,1,12,1,YouTube
YouTube::@SaulJimenez-hm5bx,hablar,1,11,0,YouTube
YouTube::@SaulJimenez-hm5bx,calderon,1,8,3,YouTube
YouTube::@SaulJimenez-hm5bx,jajaja,1,11,0,YouTube
YouTube::@SaulJimenez-hm5bx,papa,1,6,0,YouTube
YouTube::@SaulJimenez-hm5bx,javier,1,4,6,YouTube
YouTube::@SergioDiaz-r9p6r,jajajaja,1,12,4,YouTube
YouTube::@SergioDiaz-r9p6r,sear,1,11,0,YouTube
YouTube::@SergioDiaz-r9p6r,narco,1,12,4,YouTube
YouTube::@SergioDiaz-r9p6r,patria,1,12,1,YouTube
YouTube::@SergioDiaz-r9p6r,querer,1,11,0,YouTube
YouTube::@SergioDiaz-r9p6r,justicia,1,11,1,YouTube
YouTube::@SergioDiaz-r9p6r,acuerdo,1,4,1,YouTube
YouTube::@SergioDiaz-r9p6r,protocolo,1,13,4,YouTube
YouTube::@SergioDiaz-r9p6r,marcar,1,10,4,YouTube
YouTube::@SergioDiaz-r9p6r,ley,1,11,1,YouTube
YouTube::@SergioDiaz-r9p6r,castigar,1,11,1,YouTube
YouTube::@SilverioLeyvaluna,mexicanos,1,12,0,YouTube
YouTube::@SilverioLeyvaluna,ejercito,1,11,1,YouTube
YouTube::@SilverioLeyvaluna,fuerza,1,10,3,YouTube
YouTube::@SilverioLeyvaluna,area,1,10,0,YouTube
YouTube::@SilverioLeyvaluna,marina,1,6,0,YouTube
YouTube::@SilverioLeyvaluna,guardia,1,6,2,YouTube
YouTube::@SilverioLeyvaluna,nacional,1,4,2,YouTube
YouTube::@SilverioLeyvaluna,involucrado,1,12,1,YouTube
YouTube::@SilverioLeyvaluna,delincuencia,1,11,1,YouTube
YouTube::@SilverioLeyvaluna,combustible,1,12,5,YouTube
YouTube::@SilverioLeyvaluna,juzgar,1,11,1,YouTube
YouTube::@SilverioLeyvaluna,traicion,1,12,5,YouTube
YouTube::@SilverioLeyvaluna,patria,1,12,1,YouTube
YouTube::@SilviaLopezVazquez-lw3lb,respetar,1,10,4,YouTube
YouTube::@SilviaLopezVazquez-lw3lb,presidenta,1,8,0,YouTube
YouTube::@SilviaLopezVazquez-lw3lb,mal,1,4,1,YouTube
YouTube::@SilviaLopezVazquez-lw3lb,ridiculo,1,10,4,YouTube
YouTube::@SilviaLopezVazquez-lw3lb,salir,1,11,0,YouTube
YouTube::@SilviaLopezVazquez-lw3lb,tomar,1,4,2,YouTube
YouTube::@SilviaLopezVazquez-lw3lb,sol,1,5,1,YouTube
YouTube::@SilviaLopezVazquez-lw3lb,ventana,1,3,1,YouTube
YouTube::@Sr_Nagasaki,directo,1,12,3,YouTube
YouTube::@Sr_Nagasaki,unidos,1,11,6,YouTube
YouTube::@Sr_Nagasaki,dejar,1,9,0,YouTube
YouTube::@Sr_Nagasaki,mexico,1,12,0,YouTube
YouTube::@Sr_Nagasaki,liberar,1,7,2,YouTube
YouTube::@TOGI19,perro,1,9,0,YouTube
YouTube::@TOGI19,gato,1,12,0,YouTube
YouTube::@TOGI19,querer,1,11,0,YouTube
YouTube::@TOGI19,terminar,1,11,3,YouTube
YouTube::@TOGI19,animal,1,8,2,YouTube
YouTube::@TOGI19,gente,1,6,2,YouTube
YouTube::@TeresaTalamantes-j3j,mexico,2,12,0,YouTube
YouTube::@TeresaTalamantes-j3j,tratar,2,10,4,YouTube
YouTube::@TeresaTalamantes-j3j,politico,2,12,4,YouTube
YouTube::@TeresaTalamantes-j3j,perfecto,1,12,4,YouTube
YouTube::@TeresaTalamantes-j3j,pais,1,12,0,YouTube
YouTube::@TeresaTalamantes-j3j,morena,1,12,4,YouTube
YouTube::@TeresaTalamantes-j3j,judicial,1,12,3,YouTube
YouTube::@TeresaTalamantes-j3j,favor,1,11,5,YouTube
YouTube::@TeresaTalamantes-j3j,nivel,1,4,2,YouTube
YouTube::@TeresaTalamantes-j3j,situacion,1,0,1,YouTube
YouTube::@TeresaTalamantes-j3j,entender,1,11,4,YouTube
YouTube::@TeresaTalamantes-j3j,partido,1,4,0,YouTube
YouTube::@TeresaTalamantes-j3j,persona,1,4,3,YouTube
YouTube::@TeresaTalamantes-j3j,protegido,1,4,1,YouTube
YouTube::@TeresaTalamantes-j3j,salir,1,11,0,YouTube
YouTube::@TeresaTalamantes-j3j,justicia,1,11,1,YouTube
YouTube::@TeresaTalamantes-j3j,mexicano,1,4,1,YouTube
YouTube::@TheEnriqueking,robo,1,12,1,YouTube
YouTube::@TheEnriqueking,ilegal,1,12,1,YouTube
YouTube::@TheEnriqueking,mil,1,8,3,YouTube
YouTube::@TheEnriqueking,mexicano,1,4,1,YouTube
YouTube::@TheEnriqueking,deporte,1,2,1,YouTube
YouTube::@TheEnriqueking,equipo,1,13,3,YouTube
YouTube::@TheEnriqueking,imaginar,1,12,4,YouTube
YouTube::@TheEnriqueking,madre,1,10,3,YouTube
YouTube::@TheEnriqueking,exigir,1,11,4,YouTube
YouTube::@TheEnriqueking,universidad,1,10,1,YouTube
YouTube::@TheEnriqueking,pinche,1,10,3,YouTube
YouTube::@TheRegulusSpica,querer,1,11,0,YouTube
YouTube::@TheRegulusSpica,sacar,1,11,3,YouTube
YouTube::@TheRegulusSpica,cambiar,1,2,0,YouTube
YouTube::@TheRegulusSpica,perro,1,9,0,YouTube
YouTube::@TheRegulusSpica,morir,1,7,2,YouTube
YouTube::@TheRegulusSpica,hambre,1,9,-1,YouTube
YouTube::@TheRegulusSpica,argentina,1,12,1,YouTube
YouTube::@TheRegulusSpica,unidos,1,11,6,YouTube
YouTube::@ThinnaMooh,gente,1,6,2,YouTube
YouTube::@ThinnaMooh,doble,1,10,2,YouTube
YouTube::@ThinnaMooh,ayuda,1,12,4,YouTube
YouTube::@ThinnaMooh,gobierno,1,12,3,YouTube
YouTube::@ThinnaMooh,bola,1,11,3,YouTube
YouTube::@Tony-s7d2w,viva,4,12,0,YouTube
YouTube::@Tony-s7d2w,totalmente,2,3,4,YouTube
YouTube::@Tony-s7d2w,presidenta,2,8,0,YouTube
YouTube::@Tony-s7d2w,triste,1,4,0,YouTube
YouTube::@Tony-s7d2w,zona,1,0,1,YouTube
YouTube::@Tony-s7d2w,rosa,1,9,2,YouTube
YouTube::@Tony-s7d2w,perder,1,11,5,YouTube
YouTube::@Tony-s7d2w,calle,1,9,1,YouTube
YouTube::@Tony-s7d2w,llegar,1,10,1,YouTube
YouTube::@Tony-s7d2w,malo,1,11,4,YouTube
YouTube::@Tony-s7d2w,muerte,1,11,1,YouTube
YouTube::@Tony-s7d2w,jamas,1,11,4,YouTube
YouTube::@Tony-s7d2w,volver,1,12,2,YouTube
YouTube::@Tony-s7d2w,aca,1,4,6,YouTube
YouTube::@Tony-s7d2w,felicidades,1,8,0,YouTube
YouTube::@Tony-s7d2w,claudia,1,12,0,YouTube
YouTube::@Tony-s7d2w,pardo,1,11,2,YouTube
YouTube::@Tony-s7d2w,cuarto,1,4,0,YouTube
YouTube::@Tony-s7d2w,libertad,1,6,3,YouTube
YouTube::@Tony-s7d2w,gente,1,6,2,YouTube
YouTube::@Tony-s7d2w,danado,1,9,0,YouTube
YouTube::@VICEKINGS222,muerto,1,10,3,YouTube
YouTube::@VICEKINGS222,fifa,1,12,0,YouTube
YouTube::@VICEKINGS222,gobierno,1,12,3,YouTube
YouTube::@VICEKINGS222,queretaro,1,5,2,YouTube
YouTube::@VICEKINGS222,mentira,1,11,6,YouTube
YouTube::@VicenteSuarez-e8h3m,falta,1,11,0,YouTube
YouTube::@VicenteSuarez-e8h3m,marina,1,6,0,YouTube
YouTube::@VicenteSuarez-e8h3m,defensa,1,6,3,YouTube
YouTube::@VicenteSuarez-e8h3m,pobre,1,12,0,YouTube
YouTube::@VicenteSuarez-e8h3m,perro,1,9,0,YouTube
YouTube::@VictorGarcia-l6m,argentina,2,12,1,YouTube
YouTube::@VictorGarcia-l6m,mexico,2,12,0,YouTube
YouTube::@VictorGarcia-l6m,quedar,1,11,0,YouTube
YouTube::@VictorGarcia-l6m,narco,1,12,4,YouTube
YouTube::@VictorGarcia-l6m,deber,1,11,1,YouTube
YouTube::@VictorGarcia-l6m,romper,1,12,1,YouTube
YouTube::@VictorGarcia-l6m,unidos,1,11,6,YouTube
YouTube::@VictorGarcia-l6m,dia,1,6,0,YouTube
YouTube::@Victormanuelarellanoramirez,deber,1,11,1,YouTube
YouTube::@Victormanuelarellanoramirez,aser,1,12,5,YouTube
YouTube::@Victormanuelarellanoramirez,romper,1,12,1,YouTube
YouTube::@Victormanuelarellanoramirez,federal,1,12,1,YouTube
YouTube::@Victormanuelarellanoramirez,centro,1,13,3,YouTube
YouTube::@Victormanuelarellanoramirez,servir,1,6,2,YouTube
YouTube::@Victormanuelarellanoramirez,robar,1,12,5,YouTube
YouTube::@Victormanuelarellanoramirez,dejar,1,9,0,YouTube
YouTube::@Victormanuelarellanoramirez,narco,1,12,4,YouTube
YouTube::@VictotManuelCamacho,lopez,4,12,2,YouTube
YouTube::@VictotManuelCamacho,obrador,2,12,2,YouTube
YouTube::@VictotManuelCamacho,nomas,1,9,0,YouTube
YouTube::@VictotManuelCamacho,pueblo,1,11,5,YouTube
YouTube::@VictotManuelCamacho,mexico,1,12,0,YouTube
YouTube::@VictotManuelCamacho,hijo,1,12,4,YouTube
YouTube::@VictotManuelCamacho,andy,1,12,2,YouTube
YouTube::@VictotManuelCamacho,falso,1,9,0,YouTube
YouTube::@VictotManuelCamacho,corrupcion,1,12,5,YouTube
YouTube::@VirgynBlack,directo,1,12,3,YouTube
YouTube::@VirgynBlack,unidos,1,11,6,YouTube
YouTube::@VirgynBlack,mexico,1,12,0,YouTube
YouTube::@VirgynBlack,soltar,1,12,1,YouTube
YouTube::@VirgynBlack,empezar,1,12,3,YouTube
YouTube::@VirgynBlack,carro,1,9,0,YouTube
YouTube::@ViñedoFM,ridiculo,1,10,4,YouTube
YouTube::@ViñedoFM,red,1,14,3,YouTube
YouTube::@ViñedoFM,puro,1,12,3,YouTube
YouTube::@ViñedoFM,mujer,1,10,3,YouTube
YouTube::@ViñedoFM,quitar,1,11,5,YouTube
YouTube::@ViñedoFM,material,1,3,2,YouTube
YouTube::@Walitocamina,pasar,2,11,3,YouTube
YouTube::@Walitocamina,meter,1,11,3,YouTube
YouTube::@Walitocamina,unidad,1,6,1,YouTube
YouTube::@Walitocamina,movil,1,3,4,YouTube
YouTube::@Walitocamina,video,1,11,2,YouTube
YouTube::@Walitocamina,subir,1,11,2,YouTube
YouTube::@Walitocamina,familia,1,1,0,YouTube
YouTube::@Walitocamina,esperar,1,4,0,YouTube
YouTube::@Walitocamina,pronto,1,11,3,YouTube
YouTube::@Walitocamina,gente,1,6,2,YouTube
YouTube::@Walitocamina,dejar,1,9,0,YouTube
YouTube::@aaaaaa00001,mexico,1,12,0,YouTube
YouTube::@aaaaaa00001,san,1,10,1,YouTube
YouTube::@aaaaaa00001,pedro,1,10,1,YouTube
YouTube::@aaaaaa00001,garcia,1,12,2,YouTube
YouTube::@aaaaaa00001,lleno,1,8,1,YouTube
YouTube::@aaaaaa00001,huachicolero,1,12,3,YouTube
YouTube::@abadvicencio385,pena,2,12,1,YouTube
YouTube::@abadvicencio385,creer,1,12,3,YouTube
YouTube::@abadvicencio385,pagar,1,11,4,YouTube
YouTube::@abadvicencio385,maximo,1,10,0,YouTube
YouTube::@abadvicencio385,muerte,1,11,1,YouTube
YouTube::@abadvicencio385,traicion,1,12,5,YouTube
YouTube::@abadvicencio385,patria,1,12,1,YouTube
YouTube::@abracadabra13-z2u,obtenido,2,12,3,YouTube
YouTube::@abracadabra13-z2u,caso,1,10,4,YouTube
YouTube::@abracadabra13-z2u,alli,1,11,2,YouTube
YouTube::@abracadabra13-z2u,infraestructura,1,14,3,YouTube
YouTube::@abracadabra13-z2u,seguridad,1,0,3,YouTube
YouTube::@abracadabra13-z2u,salud,1,2,3,YouTube
YouTube::@abracadabra13-z2u,educacion,1,14,1,YouTube
YouTube::@abracadabra13-z2u,fortalecer,1,14,0,YouTube
YouTube::@abracadabra13-z2u,sistema,1,0,4,YouTube
YouTube::@abracadabra13-z2u,apoyo,1,2,2,YouTube
YouTube::@abracadabra13-z2u,adulto,1,6,-1,YouTube
YouTube::@abracadabra13-z2u,forma,1,12,3,YouTube
YouTube::@abracadabra13-z2u,justo,1,11,5,YouTube
YouTube::@abracadabra13-z2u,inmediato,1,12,-1,YouTube
YouTube::@abracadabra13-z2u,dema,1,12,3,YouTube
YouTube::@abracadabra13-z2u,regalo,1,8,1,YouTube
YouTube::@abracadabra13-z2u,dinero,1,12,5,YouTube
YouTube::@abracadabra13-z2u,merito,1,8,2,YouTube
YouTube::@abracadabra13-z2u,jamas,1,11,4,YouTube
YouTube::@abracadabra13-z2u,volver,1,12,2,YouTube
YouTube::@abracadabra13-z2u,ejercito,1,11,1,YouTube
YouTube::@abracadabra13-z2u,fuerza,1,10,3,YouTube
YouTube::@abracadabra13-z2u,negocio,1,10,4,YouTube
YouTube::@abracadabra13-z2u,labor,1,3,3,YouTube
YouTube::@abracadabra13-z2u,poblacion,1,0,1,YouTube
YouTube::@abracadabra13-z2u,civil,1,0,0,YouTube
YouTube::@abracadabra13-z2u,empezar,1,12,3,YouTube
YouTube::@abrahamesparza5130,basico,1,6,0,YouTube
YouTube::@abrahamesparza5130,quedar,1,11,0,YouTube
YouTube::@abrahamesparza5130,puro,1,12,3,YouTube
YouTube::@abrahamesparza5130,gustar,1,6,0,YouTube
YouTube::@abrahamesparza5130,bajar,1,11,0,YouTube
YouTube::@abrahamesparza5130,precio,1,11,4,YouTube
YouTube::@abrahamesparza5130,diario,1,3,0,YouTube
YouTube::@agapibetyvelazquezvalassi6641,gracias,2,8,0,YouTube
YouTube::@agapibetyvelazquezvalassi6641,analisis,2,10,3,YouTube
YouTube::@agapibetyvelazquezvalassi6641,bravo,1,12,3,YouTube
YouTube::@agapibetyvelazquezvalassi6641,exito,1,8,0,YouTube
YouTube::@agapibetyvelazquezvalassi6641,informacion,1,11,0,YouTube
YouTube::@agapibetyvelazquezvalassi6641,merecer,1,10,3,YouTube
YouTube::@agapibetyvelazquezvalassi6641,juez,1,10,3,YouTube
YouTube::@agapibetyvelazquezvalassi6641,pensar,1,11,1,YouTube
YouTube::@agapibetyvelazquezvalassi6641,real,1,13,2,YouTube
YouTube::@agapibetyvelazquezvalassi6641,medicos,1,7,1,YouTube
YouTube::@agapibetyvelazquezvalassi6641,libertad,1,6,3,YouTube
YouTube::@agapibetyvelazquezvalassi6641,amenazar,1,6,3,YouTube
YouTube::@ags5941,animal,2,8,2,YouTube
YouTube::@ags5941,matar,1,9,0,YouTube
YouTube::@ags5941,padre,1,4,0,YouTube
YouTube::@ags5941,familia,1,1,0,YouTube
YouTube::@ags5941,manejar,1,9,4,YouTube
YouTube::@ags5941,hija,1,8,2,YouTube
YouTube::@ags5941,maldito,1,9,0,YouTube
YouTube::@ags5941,cosa,1,11,3,YouTube
YouTube::@agustingonzalez1881,equipo,2,13,3,YouTube
YouTube::@agustingonzalez1881,cambio,2,11,3,YouTube
YouTube::@agustingonzalez1881,ano,1,11,2,YouTube
YouTube::@agustingonzalez1881,recordar,1,4,2,YouTube
YouTube::@agustingonzalez1881,seguir,1,2,0,YouTube
YouTube::@agustingonzalez1881,aceptar,1,10,0,YouTube
YouTube::@agustingonzalez1881,juego,1,9,2,YouTube
YouTube::@agustingonzalez1881,limpio,1,7,0,YouTube
YouTube::@agustinhernandez3960,juego,1,9,2,YouTube
YouTube::@agustinhernandez3960,pasar,1,11,3,YouTube
YouTube::@agustinhernandez3960,mexico,1,12,0,YouTube
YouTube::@agustinhernandez3960,meter,1,11,3,YouTube
YouTube::@agustinhernandez3960,aplicar,1,11,1,YouTube
YouTube::@agustinhernandez3960,regalar,1,10,2,YouTube
YouTube::@agustinhernandez3960,tratar,1,10,4,YouTube
YouTube::@agustinhernandez3960,cambiar,1,2,0,YouTube
YouTube::@agustinhernandezsanchez2144,camioneta,2,6,1,YouTube
YouTube::@agustinhernandezsanchez2144,senor,1,12,0,YouTube
YouTube::@agustinhernandezsanchez2144,pensar,1,11,1,YouTube
YouTube::@agustinhernandezsanchez2144,reparar,1,7,2,YouTube
YouTube::@agustintrejo4952,pasar,2,11,3,YouTube
YouTube::@agustintrejo4952,etc,2,12,1,YouTube
YouTube::@agustintrejo4952,venir,1,4,0,YouTube
YouTube::@agustintrejo4952,cia,1,12,1,YouTube
YouTube::@agustintrejo4952,familia,1,1,0,YouTube
YouTube::@agustintrejo4952,amlo,1,12,4,YouTube
YouTube::@agustintrejo4952,morena,1,12,4,YouTube
YouTube::@ajzambranomata4351,dejar,2,9,0,YouTube
YouTube::@ajzambranomata4351,pumas,1,5,2,YouTube
YouTube::@ajzambranomata4351,querer,1,11,0,YouTube
YouTube::@ajzambranomata4351,ganar,1,10,2,YouTube
YouTube::@ajzambranomata4351,mesa,1,10,0,YouTube
YouTube::@ajzambranomata4351,cancha,1,14,4,YouTube
YouTube::@ajzambranomata4351,america,1,10,5,YouTube
YouTube::@ajzambranomata4351,buscar,1,5,1,YouTube
YouTube::@ajzambranomata4351,gol,1,12,0,YouTube
YouTube::@ajzambranomata4351,vivo,1,5,1,YouTube
YouTube::@ajzambranomata4351,realidad,1,6,2,YouTube
YouTube::@ajzambranomata4351,equipo,1,13,3,YouTube
YouTube::@ajzambranomata4351,defender,1,11,0,YouTube
YouTube::@ajzambranomata4351,hablar,1,11,0,YouTube
YouTube::@ajzambranomata4351,falta,1,11,0,YouTube
YouTube::@albertocordero3817,pumas,1,5,2,YouTube
YouTube::@albertocordero3817,mexico,1,12,0,YouTube
YouTube::@albertocordero3817,corrupcion,1,12,5,YouTube
YouTube::@albertocordero3817,pan,1,4,1,YouTube
YouTube::@albertocordero3817,dia,1,6,0,YouTube
YouTube::@albertocordero3817,muerto,1,10,3,YouTube
YouTube::@albertocordero3817,culpa,1,9,4,YouTube
YouTube::@albertomagana6577,cine,8,14,0,YouTube
YouTube::@albertomagana6577,zona,3,0,1,YouTube
YouTube::@albertomagana6577,rosa,2,9,2,YouTube
YouTube::@albertomagana6577,ano,2,11,2,YouTube
YouTube::@albertomagana6577,sala,2,6,1,YouTube
YouTube::@albertomagana6577,juventud,1,13,0,YouTube
YouTube::@albertomagana6577,arte,1,1,1,YouTube
YouTube::@albertomagana6577,pequeno,1,0,4,YouTube
YouTube::@albertomagana6577,calle,1,9,1,YouTube
YouTube::@albertomagana6577,espacio,1,1,0,YouTube
YouTube::@albertomagana6577,distinto,1,2,2,YouTube
YouTube::@albertomagana6577,grande,1,1,0,YouTube
YouTube::@albertomagana6577,cercano,1,2,3,YouTube
YouTube::@albertomagana6577,club,1,10,5,YouTube
YouTube::@albertomagana6577,cultural,1,1,1,YouTube
YouTube::@albertomagana6577,encontrar,1,7,4,YouTube
YouTube::@albertomagana6577,circuito,1,0,1,YouTube
YouTube::@albertomagana6577,comercial,1,1,2,YouTube
YouTube::@albertomagana6577,tradicional,1,1,1,YouTube
YouTube::@albertomagana6577,convertir,1,6,2,YouTube
YouTube::@albertomagana6577,ruta,1,14,4,YouTube
YouTube::@albertomagana6577,gusto,1,8,4,YouTube
YouTube::@albertomagana6577,necesidad,1,2,0,YouTube
YouTube::@albertomagana6577,venir,1,4,0,YouTube
YouTube::@albertomagana6577,metro,1,11,3,YouTube
YouTube::@albertomagana6577,destino,1,4,5,YouTube
YouTube::@albertomagana6577,hotel,1,6,1,YouTube
YouTube::@albertomagana6577,maria,1,8,4,YouTube
YouTube::@albertomagana6577,acercar,1,2,2,YouTube
YouTube::@albertomagana6577,estudiante,1,5,3,YouTube
YouTube::@albertomagana6577,mirar,1,11,0,YouTube
YouTube::@albertomagana6577,participar,1,10,2,YouTube
YouTube::@albertomagana6577,mundo,1,11,0,YouTube
YouTube::@albertomagana6577,llamado,1,0,1,YouTube
YouTube::@albertomagana6577,recreativa,1,1,4,YouTube
YouTube::@albertomagana6577,ofrecer,1,3,2,YouTube
YouTube::@albertomagana6577,juego,1,9,2,YouTube
YouTube::@albertomagana6577,guerra,1,11,2,YouTube
YouTube::@albertomagana6577,lleno,1,8,1,YouTube
YouTube::@albertomagana6577,luz,1,3,1,YouTube
YouTube::@albertomagana6577,movimiento,1,10,3,YouTube
YouTube::@albertomeneses2756,ridiculo,2,10,4,YouTube
YouTube::@albertomeneses2756,aprobar,1,7,3,YouTube
YouTube::@albertomeneses2756,autoridad,1,0,3,YouTube
YouTube::@albertomeneses2756,seguir,1,2,0,YouTube
YouTube::@albertomeneses2756,america,1,10,5,YouTube
YouTube::@albertomeneses2756,entrar,1,4,1,YouTube
YouTube::@albertomeneses2756,final,1,10,2,YouTube
YouTube::@albertomeneses2756,medio,1,8,2,YouTube
YouTube::@albertomeneses2756,equipo,1,13,3,YouTube
YouTube::@albertomeneses2756,voluntad,1,10,3,YouTube
YouTube::@albertomeneses2756,juego,1,9,2,YouTube
YouTube::@albertomeneses2756,alguien,1,11,4,YouTube
YouTube::@albertomeneses2756,deber,1,11,1,YouTube
YouTube::@albertootero704,necesitar,1,2,0,YouTube
YouTube::@albertootero704,lider,1,12,2,YouTube
YouTube::@albertootero704,morena,1,12,4,YouTube
YouTube::@albertootero704,corrupto,1,12,4,YouTube
YouTube::@albertootero704,ladron,1,12,5,YouTube
YouTube::@albertootero704,mal,1,4,1,YouTube
YouTube::@albertosilva5418,llegar,2,10,1,YouTube
YouTube::@albertosilva5418,madero,1,5,0,YouTube
YouTube::@albertosilva5418,altamira,1,5,0,YouTube
YouTube::@albertosilva5418,corte,1,11,2,YouTube
YouTube::@albertosilva5418,luz,1,3,1,YouTube
YouTube::@albertosilva5418,agua,1,3,1,YouTube
YouTube::@albertosilva5418,constante,1,14,3,YouTube
YouTube::@albertovallejohernandez9453,gobierno,2,12,3,YouTube
YouTube::@albertovallejohernandez9453,narco,2,12,4,YouTube
YouTube::@albertovallejohernandez9453,pais,1,12,0,YouTube
YouTube::@albertovallejohernandez9453,delincuente,1,12,1,YouTube
YouTube::@albertovallejohernandez9453,mexicano,1,4,1,YouTube
YouTube::@albertovallejohernandez9453,lider,1,12,2,YouTube
YouTube::@albertovallejohernandez9453,barredora,1,2,0,YouTube
YouTube::@albertovallejohernandez9453,argentina,1,12,1,YouTube
YouTube::@albertovallejohernandez9453,mexico,1,12,0,YouTube
YouTube::@albertovallejohernandez9453,caso,1,10,4,YouTube
YouTube::@albertovallejohernandez9453,denuncia,1,13,4,YouTube
YouTube::@albertovallejohernandez9453,mes,1,4,3,YouTube
YouTube::@albertovallejohernandez9453,dejar,1,9,0,YouTube
YouTube::@albertovallejohernandez9453,presidentar,1,8,0,YouTube
YouTube::@albertovallejohernandez9453,puro,1,12,3,YouTube
YouTube::@albertovazquez750,cumplir,3,10,1,YouTube
YouTube::@albertovazquez750,america,2,10,5,YouTube
YouTube::@albertovazquez750,penal,1,10,4,YouTube
YouTube::@albertovazquez750,ridiculo,1,10,4,YouTube
YouTube::@albertovazquez750,cruz,1,3,1,YouTube
YouTube::@albertovazquez750,aplicar,1,11,1,YouTube
YouTube::@albertovazquez750,respetar,1,10,4,YouTube
YouTube::@albertovazquez750,senor,1,12,0,YouTube
YouTube::@albertovazquez750,cara,1,6,0,YouTube
YouTube::@aleflou,argentina,1,12,1,YouTube
YouTube::@aleflou,agua,1,3,1,YouTube
YouTube::@aleflou,america,1,10,5,YouTube
YouTube::@aleflou,trump,1,12,1,YouTube
YouTube::@aleflou,lista,1,12,1,YouTube
YouTube::@aleflou,clase,1,8,2,YouTube
YouTube::@aleflou,mexico,1,12,0,YouTube
YouTube::@aleflou,mundo,1,11,0,YouTube
YouTube::@alejandramora950,mexicanos,1,12,0,YouTube
YouTube::@alejandramora950,siglo,1,1,3,YouTube
YouTube::@alejandramora950,trump,1,12,1,YouTube
YouTube::@alejandramora950,mover,1,9,0,YouTube
YouTube::@alejandramora950,dedo,1,12,-1,YouTube
YouTube::@alejandramora950,politicos,1,12,4,YouTube
YouTube::@alejandramora950,pri,1,11,5,YouTube
YouTube::@alejandramora950,pan,1,4,1,YouTube
YouTube::@alejandramora950,color,1,9,2,YouTube
YouTube::@alejandramora950,gente,1,6,2,YouTube
YouTube::@alejandramora950,mexicano,1,4,1,YouTube
YouTube::@alejandramora950,verguenza,1,12,0,YouTube
YouTube::@alejandramora950,mundial,1,4,0,YouTube
YouTube::@alejandramora950,alejandro,1,2,4,YouTube
YouTube::@alejandramora950,respeto,1,9,4,YouTube
YouTube::@alejandrojuarez1524,ojala,1,9,0,YouTube
YouTube::@alejandrojuarez1524,perro,1,9,0,YouTube
YouTube::@alejandrojuarez1524,acabar,1,11,3,YouTube
YouTube::@alejandrojuarez1524,andir,1,11,2,YouTube
YouTube::@alejandrojuarez1524,miedo,1,9,0,YouTube
YouTube::@alejandrojuarez1524,orden,1,14,3,YouTube
YouTube::@alejandrojuarez1524,gringo,1,12,4,YouTube
YouTube::@alejandrovg5958,mal,2,4,1,YouTube
YouTube::@alejandrovg5958,corrupto,1,12,4,YouTube
YouTube::@alejandrovg5958,derechos,1,4,1,YouTube
YouTube::@alejandrovg5958,humanos,1,4,1,YouTube
YouTube::@alfredolopez5380,lamentable,1,9,4,YouTube
YouTube::@alfredolopez5380,comentario,1,10,2,YouTube
YouTube::@alfredolopez5380,deber,1,11,1,YouTube
YouTube::@alfredolopez5380,legal,1,11,6,YouTube
YouTube::@alfredolopez5380,denuncia,1,13,4,YouTube
YouTube::@alfredolopez5380,responsabilidad,1,3,2,YouTube
YouTube::@alfredorodriguezmata2809,defender,1,11,0,YouTube
YouTube::@alfredorodriguezmata2809,cambio,1,11,3,YouTube
YouTube::@alfredorodriguezmata2809,salir,1,11,0,YouTube
YouTube::@alfredorodriguezmata2809,aceptar,1,10,0,YouTube
YouTube::@alfredorodriguezmata2809,sacar,1,11,3,YouTube
YouTube::@alggazteca,esperar,1,4,0,YouTube
YouTube::@alggazteca,marina,1,6,0,YouTube
YouTube::@alggazteca,donde,1,12,2,YouTube
YouTube::@alggazteca,terminar,1,11,3,YouTube
YouTube::@alggazteca,ganar,1,10,2,YouTube
YouTube::@alggazteca,morena,1,12,4,YouTube
YouTube::@alggazteca,bolsa,1,13,3,YouTube
YouTube::@alggazteca,general,1,10,0,YouTube
YouTube::@aliam67951,excelente,1,2,1,YouTube
YouTube::@aliam67951,argentina,1,12,1,YouTube
YouTube::@aliam67951,politico,1,12,4,YouTube
YouTube::@aliam67951,delincuente,1,12,1,YouTube
YouTube::@aliam67951,querer,1,11,0,YouTube
YouTube::@aliam67951,morena,1,12,4,YouTube
YouTube::@alicia0074,pueblo,7,11,5,YouTube
YouTube::@alicia0074,facil,3,4,1,YouTube
YouTube::@alicia0074,pan,2,4,1,YouTube
YouTube::@alicia0074,pri,2,11,5,YouTube
YouTube::@alicia0074,deber,2,11,1,YouTube
YouTube::@alicia0074,gustar,2,6,0,YouTube
YouTube::@alicia0074,resultado,2,2,0,YouTube
YouTube::@alicia0074,gobierno,1,12,3,YouTube
YouTube::@alicia0074,partido,1,4,0,YouTube
YouTube::@alicia0074,moren,1,4,1,YouTube
YouTube::@alicia0074,ganar,1,10,2,YouTube
YouTube::@alicia0074,favor,1,11,5,YouTube
YouTube::@alicia0074,cosa,1,11,3,YouTube
YouTube::@alicia0074,pagar,1,11,4,YouTube
YouTube::@alicia0074,caro,1,12,1,YouTube
YouTube::@aliciasanchez2264,marco,1,6,0,YouTube
YouTube::@aliciasanchez2264,justicia,1,11,1,YouTube
YouTube::@aliciasanchez2264,politico,1,12,4,YouTube
YouTube::@aliciasanchez2264,terrorista,1,9,0,YouTube
YouTube::@aliciasanchez2264,pais,1,12,0,YouTube
YouTube::@aliciasanchez2264,mexico,1,12,0,YouTube
YouTube::@almaliliagarciasaenz1322,presidenta,2,8,0,YouTube
YouTube::@almaliliagarciasaenz1322,gracias,1,8,0,YouTube
YouTube::@almaliliagarciasaenz1322,querido,1,11,2,YouTube
YouTube::@almaliliagarciasaenz1322,lograr,1,13,2,YouTube
YouTube::@almaliliagarciasaenz1322,triunfo,1,11,2,YouTube
YouTube::@almaliliagarciasaenz1322,equipo,1,13,3,YouTube
YouTube::@almaliliagarciasaenz1322,nacional,1,4,2,YouTube
YouTube::@almaliliagarciasaenz1322,gracia,1,11,2,YouTube
YouTube::@alonsoperez5760,cambio,2,11,3,YouTube
YouTube::@alonsoperez5760,campo,2,2,0,YouTube
YouTube::@alonsoperez5760,salir,1,11,0,YouTube
YouTube::@alonsoperez5760,ingresar,1,11,0,YouTube
YouTube::@alonsoperez5760,nuevamente,1,13,4,YouTube
YouTube::@alushe8083,america,1,10,5,YouTube
YouTube::@alushe8083,cambio,1,11,3,YouTube
YouTube::@alushe8083,registro,1,7,2,YouTube
YouTube::@alushe8083,claro,1,4,3,YouTube
YouTube::@alushe8083,necesitar,1,2,0,YouTube
YouTube::@alvarezmendez5700,vuelta,2,11,0,YouTube
YouTube::@alvarezmendez5700,hernan,1,12,2,YouTube
YouTube::@alvarezmendez5700,quedar,1,11,0,YouTube
YouTube::@alvarezmendez5700,caso,1,10,4,YouTube
YouTube::@alvarezmendez5700,rapido,1,0,1,YouTube
YouTube::@alvarezmendez5700,gobierno,1,12,3,YouTube
YouTube::@alvarolopez50,zona,5,0,1,YouTube
YouTube::@alvarolopez50,rosa,3,9,2,YouTube
YouTube::@alvarolopez50,ciudad,3,13,1,YouTube
YouTube::@alvarolopez50,mexico,3,12,0,YouTube
YouTube::@alvarolopez50,destacar,2,14,4,YouTube
YouTube::@alvarolopez50,publico,2,14,3,YouTube
YouTube::@alvarolopez50,turistico,2,14,4,YouTube
YouTube::@alvarolopez50,vivir,1,8,2,YouTube
YouTube::@alvarolopez50,profundo,1,3,3,YouTube
YouTube::@alvarolopez50,proceso,1,3,3,YouTube
YouTube::@alvarolopez50,transformacion,1,14,1,YouTube
YouTube::@alvarolopez50,urbano,1,14,2,YouTube
YouTube::@alvarolopez50,anos,1,9,0,YouTube
YouTube::@alvarolopez50,cultural,1,1,1,YouTube
YouTube::@alvarolopez50,dia,1,6,0,YouTube
YouTube::@alvarolopez50,corazon,1,13,2,YouTube
YouTube::@alvarolopez50,vida,1,7,4,YouTube
YouTube::@alvarolopez50,delegacion,1,10,1,YouTube
YouTube::@alvarolopez50,calle,1,9,1,YouTube
YouTube::@alvarolopez50,realidad,1,6,2,YouTube
YouTube::@alvarolopez50,obra,1,2,4,YouTube
YouTube::@alvarolopez50,renovacion,1,14,2,YouTube
YouTube::@alvarolopez50,gobierno,1,12,3,YouTube
YouTube::@alvarolopez50,acabar,1,11,3,YouTube
YouTube::@alvarolopez50,inaugurar,1,9,2,YouTube
YouTube::@alvarolopez50,inversion,1,5,1,YouTube
YouTube::@alvarolopez50,millon,1,12,0,YouTube
YouTube::@alvarolopez50,pesos,1,13,3,YouTube
YouTube::@alvarolopez50,rehabilitacion,1,14,4,YouTube
YouTube::@alvarolopez50,recibir,1,9,2,YouTube
YouTube::@alvarolopez50,turismo,1,14,4,YouTube
YouTube::@alvarolopez50,mundial,1,4,0,YouTube
YouTube::@alvarolopez50,infraestructura,1,14,3,YouTube
YouTube::@alvarolopez50,instalar,1,10,1,YouTube
YouTube::@alvarolopez50,luminaria,1,0,3,YouTube
YouTube::@alvarolopez50,sanitario,1,7,-1,YouTube
YouTube::@alvarolopez50,nivel,1,4,2,YouTube
YouTube::@alvarolopez50,emblematico,1,3,2,YouTube
YouTube::@alvarolopez50,colonia,1,2,4,YouTube
YouTube::@alvarolopez50,comunidad,1,3,0,YouTube
YouTube::@alvarolopez50,mantener,1,7,0,YouTube
YouTube::@alvarozermeno6203,saludos,2,11,2,YouTube
YouTube::@alvarozermeno6203,cordial,2,11,2,YouTube
YouTube::@alvarozermeno6203,bendicion,2,8,0,YouTube
YouTube::@alvarozermeno6203,familia,1,1,0,YouTube
YouTube::@anaevelyn4627,dejar,2,9,0,YouTube
YouTube::@anaevelyn4627,increible,1,8,2,YouTube
YouTube::@anaevelyn4627,humano,1,9,0,YouTube
YouTube::@anaevelyn4627,servir,1,6,2,YouTube
YouTube::@anaevelyn4627,justificar,1,9,0,YouTube
YouTube::@anaevelyn4627,destruir,1,12,3,YouTube
YouTube::@anaevelyn4627,vehiculo,1,7,2,YouTube
YouTube::@anaevelyn4627,persona,1,4,3,YouTube
YouTube::@anaevelyn4627,alguien,1,11,4,YouTube
YouTube::@anaevelyn4627,violencia,1,1,0,YouTube
YouTube::@anaevelyn4627,respuesta,1,0,4,YouTube
YouTube::@anaevelyn4627,partido,1,4,0,YouTube
YouTube::@anaevelyn4627,futbol,1,1,3,YouTube
YouTube::@anaevelyn4627,deber,1,11,1,YouTube
YouTube::@anaevelyn4627,alegria,1,8,1,YouTube
YouTube::@anaevelyn4627,tragedia,1,9,4,YouTube
YouTube::@anaevelyn4627,familia,1,1,0,YouTube
YouTube::@anaevelyn4627,aprender,1,11,3,YouTube
YouTube::@anaevelyn4627,celebrar,1,1,3,YouTube
YouTube::@anaevelyn4627,responsabilidad,1,3,2,YouTube
YouTube::@anaevelyn4627,justicia,1,11,1,YouTube
YouTube::@anamora6431,hermoso,2,8,0,YouTube
YouTube::@anamora6431,mexico,2,12,0,YouTube
YouTube::@anamora6431,felicidades,1,8,0,YouTube
YouTube::@anamora6431,presidenta,1,8,0,YouTube
YouTube::@anamora6431,claudia,1,12,0,YouTube
YouTube::@anamora6431,pardo,1,11,2,YouTube
YouTube::@anamora6431,futbol,1,1,3,YouTube
YouTube::@anamora6431,mundial,1,4,0,YouTube
YouTube::@anamora6431,viva,1,12,0,YouTube
YouTube::@anamora6431,saludo,1,11,2,YouTube
YouTube::@anamora6431,familia,1,1,0,YouTube
YouTube::@anamora6431,amar,1,4,0,YouTube
YouTube::@andreschavezjimenez833,caer,1,12,1,YouTube
YouTube::@andreschavezjimenez833,ratero,1,12,4,YouTube
YouTube::@andreschavezjimenez833,vender,1,12,1,YouTube
YouTube::@andreschavezjimenez833,patria,1,12,1,YouTube
YouTube::@andreschavezjimenez833,lopez,1,12,2,YouTube
YouTube::@andreschavezjimenez833,obrador,1,12,2,YouTube
YouTube::@andreschavezjimenez833,cuando,1,12,2,YouTube
YouTube::@andrestapiamiranda,encabezado,1,14,0,YouTube
YouTube::@andrestapiamiranda,tonto,1,10,2,YouTube
YouTube::@andrestapiamiranda,gobierno,1,12,3,YouTube
YouTube::@andrestapiamiranda,morena,1,12,4,YouTube
YouTube::@andrestapiamiranda,confirmar,1,10,3,YouTube
YouTube::@andrestapiamiranda,amlo,1,12,4,YouTube
YouTube::@andrestapiamiranda,moren,1,4,1,YouTube
YouTube::@andrestapiamiranda,responsabilidad,1,3,2,YouTube
YouTube::@andrestellotello9291,pasar,1,11,3,YouTube
YouTube::@andrestellotello9291,mexico,1,12,0,YouTube
YouTube::@andrestellotello9291,recordar,1,4,2,YouTube
YouTube::@andrestellotello9291,nino,1,8,1,YouTube
YouTube::@andrestellotello9291,forma,1,12,3,YouTube
YouTube::@angelabertran1433,hermoso,1,8,0,YouTube
YouTube::@angelabertran1433,zona,1,0,1,YouTube
YouTube::@angelabertran1433,rosa,1,9,2,YouTube
YouTube::@angelabertran1433,visitar,1,3,2,YouTube
YouTube::@angelabertran1433,llegar,1,10,1,YouTube
YouTube::@angelabertran1433,personaje,1,12,0,YouTube
YouTube::@angelabertran1433,medio,1,8,2,YouTube
YouTube::@angelabertran1433,artistico,1,1,1,YouTube
YouTube::@angelabertran1433,lindo,1,8,2,YouTube
YouTube::@angelosorio9425,servir,1,6,2,YouTube
YouTube::@angelosorio9425,detener,1,12,2,YouTube
YouTube::@angelosorio9425,informacion,1,11,0,YouTube
YouTube::@angelosorio9425,ano,1,11,2,YouTube
YouTube::@angelosorio9425,seguridad,1,0,3,YouTube
YouTube::@angelosorio9425,nacional,1,4,2,YouTube
YouTube::@angelosorio9425,quedar,1,11,0,YouTube
YouTube::@antonioguevara188,ojala,1,9,0,YouTube
YouTube::@antonioguevara188,deber,1,11,1,YouTube
YouTube::@antonioguevara188,caer,1,12,1,YouTube
YouTube::@antonioguevara188,manejar,1,9,4,YouTube
YouTube::@antonioguevara188,eleccion,1,11,5,YouTube
YouTube::@anycastillo5605,deber,2,11,1,YouTube
YouTube::@anycastillo5605,detener,1,12,2,YouTube
YouTube::@anycastillo5605,conductor,1,9,4,YouTube
YouTube::@anycastillo5605,pagar,1,11,4,YouTube
YouTube::@armadashoptube7326,defender,2,11,0,YouTube
YouTube::@armadashoptube7326,ridiculo,2,10,4,YouTube
YouTube::@armadashoptube7326,querer,2,11,0,YouTube
YouTube::@armadashoptube7326,senor,1,12,0,YouTube
YouTube::@armadashoptube7326,aplicar,1,11,1,YouTube
YouTube::@armadashoptube7326,acto,1,6,3,YouTube
YouTube::@armadashoptube7326,corrupcion,1,12,5,YouTube
YouTube::@armadashoptube7326,comida,1,8,4,YouTube
YouTube::@armadashoptube7326,domingo,1,4,5,YouTube
YouTube::@armadashoptube7326,vida,1,7,4,YouTube
YouTube::@armadashoptube7326,quitar,1,11,5,YouTube
YouTube::@armadashoptube7326,gana,1,11,3,YouTube
YouTube::@armando5w1518,deber,1,11,1,YouTube
YouTube::@armando5w1518,pena,1,12,1,YouTube
YouTube::@armando5w1518,muerte,1,11,1,YouTube
YouTube::@armando5w1518,traidor,1,11,1,YouTube
YouTube::@armando5w1518,patria,1,12,1,YouTube
YouTube::@armandogutierrezmontero5934,narco,5,12,4,YouTube
YouTube::@armandogutierrezmontero5934,ojala,1,9,0,YouTube
YouTube::@armandogutierrezmontero5934,vengar,1,12,0,YouTube
YouTube::@armandogutierrezmontero5934,politicos,1,12,4,YouTube
YouTube::@armandogutierrezmontero5934,partido,1,4,0,YouTube
YouTube::@armandogutierrezmontero5934,morena,1,12,4,YouTube
YouTube::@armandogutierrezmontero5934,corrupto,1,12,4,YouTube
YouTube::@armandogutierrezmontero5934,criminal,1,12,4,YouTube
YouTube::@armandonuno3392,traicion,1,12,5,YouTube
YouTube::@armandonuno3392,patria,1,12,1,YouTube
YouTube::@armandonuno3392,merecer,1,10,3,YouTube
YouTube::@armandonuno3392,militar,1,11,1,YouTube
YouTube::@armandonuno3392,civil,1,0,0,YouTube
YouTube::@armandonuno3392,derecho,1,10,3,YouTube
YouTube::@arturitoazlevraabda,ridiculo,2,10,4,YouTube
YouTube::@arturitoazlevraabda,deber,1,11,1,YouTube
YouTube::@arturitoazlevraabda,cumplir,1,10,1,YouTube
YouTube::@arturitoazlevraabda,final,1,10,2,YouTube
YouTube::@arturitoazlevraabda,aplicar,1,11,1,YouTube
YouTube::@arturocastillo4190,venir,1,4,0,YouTube
YouTube::@arturocastillo4190,detener,1,12,2,YouTube
YouTube::@arturocastillo4190,hablar,1,11,0,YouTube
YouTube::@arturocastillo4190,jefe,1,11,3,YouTube
YouTube::@arturocastillo4190,combustible,1,12,5,YouTube
YouTube::@arturocastillo4190,jajajaja,1,12,4,YouTube
YouTube::@arturogarcia9177,andy,2,12,2,YouTube
YouTube::@arturogarcia9177,corte,1,11,2,YouTube
YouTube::@arturogarcia9177,carcel,1,12,1,YouTube
YouTube::@arturogarcia9177,loco,1,11,2,YouTube
YouTube::@arturogarcia9177,lopez,1,12,2,YouTube
YouTube::@atihery,ojala,1,9,0,YouTube
YouTube::@atihery,justicia,1,11,1,YouTube
YouTube::@atihery,delincuente,1,12,1,YouTube
YouTube::@atihery,seguir,1,2,0,YouTube
YouTube::@atihery,mexico,1,12,0,YouTube
YouTube::@audenmar117,conductor,2,9,4,YouTube
YouTube::@audenmar117,olvidar,1,12,0,YouTube
YouTube::@audenmar117,peaton,1,9,1,YouTube
YouTube::@audenmar117,transito,1,0,2,YouTube
YouTube::@audenmar117,marca,1,13,2,YouTube
YouTube::@audenmar117,auto,1,9,2,YouTube
YouTube::@audenmar117,sentir,1,11,4,YouTube
YouTube::@audenmar117,contar,1,6,0,YouTube
YouTube::@audenmar117,andar,1,9,0,YouTube
YouTube::@audenmar117,copa,1,13,0,YouTube
YouTube::@auroralacunzadelacruz3529,mexico,1,12,0,YouTube
YouTube::@auroralacunzadelacruz3529,republica,1,14,1,YouTube
YouTube::@auroralacunzadelacruz3529,federal,1,12,1,YouTube
YouTube::@auroralacunzadelacruz3529,libre,1,1,0,YouTube
YouTube::@auroralacunzadelacruz3529,chihuahua,1,12,1,YouTube
YouTube::@aurorapereasarabia306,corrupcion,2,12,5,YouTube
YouTube::@aurorapereasarabia306,querer,2,11,0,YouTube
YouTube::@aurorapereasarabia306,carcel,1,12,1,YouTube
YouTube::@aurorapereasarabia306,traicion,1,12,5,YouTube
YouTube::@aurorapereasarabia306,patria,1,12,1,YouTube
YouTube::@aurorapereasarabia306,gobernar,1,7,2,YouTube
YouTube::@aurorapereasarabia306,ano,1,11,2,YouTube
YouTube::@aurorapereasarabia306,mexico,1,12,0,YouTube
YouTube::@aurorapereasarabia306,estructura,1,11,5,YouTube
YouTube::@aurorapereasarabia306,importante,1,13,0,YouTube
YouTube::@aurorapereasarabia306,denuncia,1,13,4,YouTube
YouTube::@aurorapereasarabia306,pasar,1,11,3,YouTube
YouTube::@aurorapereasarabia306,salir,1,11,0,YouTube
YouTube::@aurorapereasarabia306,luz,1,3,1,YouTube
YouTube::@aurorapereasarabia306,accion,1,2,0,YouTube
YouTube::@aurorapereasarabia306,ilegal,1,12,1,YouTube
YouTube::@aurorapereasarabia306,dinero,1,12,5,YouTube
YouTube::@aurorapereasarabia306,actividad,1,1,0,YouTube
YouTube::@aurorapereasarabia306,criminal,1,12,4,YouTube
YouTube::@aurorapereasarabia306,creer,1,12,3,YouTube
YouTube::@aurorapereasarabia306,gobierno,1,12,3,YouTube
YouTube::@aurorapereasarabia306,federal,1,12,1,YouTube
YouTube::@azucena-asmr,gustar,1,6,0,YouTube
YouTube::@azucena-asmr,aceptar,1,10,0,YouTube
YouTube::@azucena-asmr,real,1,13,2,YouTube
YouTube::@azucena-asmr,video,1,11,2,YouTube
YouTube::@azucena-asmr,aparecer,1,4,2,YouTube
YouTube::@azucena-asmr,claudia,1,12,0,YouTube
YouTube::@azucena-asmr,tomar,1,4,2,YouTube
YouTube::@azucena-asmr,sol,1,5,1,YouTube
YouTube::@azucena-asmr,entender,1,11,4,YouTube
YouTube::@belikedvm,ridiculo,1,10,4,YouTube
YouTube::@belikedvm,penal,1,10,4,YouTube
YouTube::@belikedvm,america,1,10,5,YouTube
YouTube::@belikedvm,mes,1,4,3,YouTube
YouTube::@belikedvm,andar,1,9,0,YouTube
YouTube::@belladivina1494,zona,2,0,1,YouTube
YouTube::@belladivina1494,etc,2,12,1,YouTube
YouTube::@belladivina1494,cerrar,1,5,1,YouTube
YouTube::@benjaminlomeliperez8469,equipo,3,13,3,YouTube
YouTube::@benjaminlomeliperez8469,malo,2,11,4,YouTube
YouTube::@benjaminlomeliperez8469,aplicar,2,11,1,YouTube
YouTube::@benjaminlomeliperez8469,deber,2,11,1,YouTube
YouTube::@benjaminlomeliperez8469,cualquiera,1,6,2,YouTube
YouTube::@benjaminlomeliperez8469,castigar,1,11,1,YouTube
YouTube::@benjaminlomeliperez8469,piso,1,11,4,YouTube
YouTube::@bernardogrobeisenweingersz9768,recuerdo,2,4,0,YouTube
YouTube::@bernardogrobeisenweingersz9768,video,1,11,2,YouTube
YouTube::@bernardogrobeisenweingersz9768,traer,1,11,0,YouTube
YouTube::@bernardogrobeisenweingersz9768,padre,1,4,0,YouTube
YouTube::@bernardogrobeisenweingersz9768,tenia,1,9,0,YouTube
YouTube::@bernardogrobeisenweingersz9768,negocio,1,10,4,YouTube
YouTube::@bernardogrobeisenweingersz9768,gracias,1,8,0,YouTube
YouTube::@berthavelasco3707,deber,1,11,1,YouTube
YouTube::@berthavelasco3707,pena,1,12,1,YouTube
YouTube::@berthavelasco3707,muerte,1,11,1,YouTube
YouTube::@berthavelasco3707,traidor,1,11,1,YouTube
YouTube::@berthavelasco3707,claudia,1,12,0,YouTube
YouTube::@berthavelasco3707,justicia,1,11,1,YouTube
YouTube::@bertinsantos7528,cambio,2,11,3,YouTube
YouTube::@bertinsantos7528,querer,1,11,0,YouTube
YouTube::@bertinsantos7528,afectar,1,0,1,YouTube
YouTube::@bertinsantos7528,claro,1,4,3,YouTube
YouTube::@bertinsantos7528,culpa,1,9,4,YouTube
YouTube::@bertinsantos7528,sacar,1,11,3,YouTube
YouTube::@bertinsantos7528,problema,1,12,0,YouTube
YouTube::@bertinsantos7528,corrupcion,1,12,5,YouTube
YouTube::@bertinsantos7528,futbol,1,1,3,YouTube
YouTube::@bertinsantos7528,mexicano,1,4,1,YouTube
YouTube::@blancaalgarin3545,persona,1,4,3,YouTube
YouTube::@blancaalgarin3545,trabajador,1,10,3,YouTube
YouTube::@blancaalgarin3545,palacio,1,12,0,YouTube
YouTube::@blancaalgarin3545,notar,1,4,1,YouTube
YouTube::@blancaalgarin3545,forma,1,12,3,YouTube
YouTube::@blancalandazuri2128,peor,1,9,0,YouTube
YouTube::@blancalandazuri2128,presidente,1,14,2,YouTube
YouTube::@blancalandazuri2128,mexicano,1,4,1,YouTube
YouTube::@blancalandazuri2128,trabajador,1,10,3,YouTube
YouTube::@blancalandazuri2128,pensar,1,11,1,YouTube
YouTube::@blancalandazuri2128,existir,1,10,1,YouTube
YouTube::@blancalandazuri2128,amar,1,4,0,YouTube
YouTube::@blancalandazuri2128,cercano,1,2,3,YouTube
YouTube::@bluedoc007,aplicar,1,11,1,YouTube
YouTube::@bluedoc007,sentido,1,10,4,YouTube
YouTube::@bluedoc007,tratar,1,10,4,YouTube
YouTube::@bluedoc007,justificar,1,9,0,YouTube
YouTube::@bluedoc007,pesimo,1,10,1,YouTube
YouTube::@bluedoc007,ridiculo,1,10,4,YouTube
YouTube::@brayanlopez841,gringo,1,12,4,YouTube
YouTube::@brayanlopez841,claro,1,4,3,YouTube
YouTube::@brayanlopez841,morena,1,12,4,YouTube
YouTube::@brayanlopez841,politico,1,12,4,YouTube
YouTube::@brayanlopez841,rata,1,4,1,YouTube
YouTube::@brayanlopez841,millonario,1,14,1,YouTube
YouTube::@brayanlopez841,pueblo,1,11,5,YouTube
YouTube::@brayanlopez841,pagar,1,11,4,YouTube
YouTube::@bulmaromorales5564,alguien,1,11,4,YouTube
YouTube::@bulmaromorales5564,persona,1,4,3,YouTube
YouTube::@bulmaromorales5564,emergencia,1,0,0,YouTube
YouTube::@bulmaromorales5564,familiar,1,4,0,YouTube
YouTube::@bulmaromorales5564,deber,1,11,1,YouTube
YouTube::@bulmaromorales5564,carcel,1,12,1,YouTube
YouTube::@bulmaromorales5564,sentido,1,10,4,YouTube
YouTube::@bulmaromorales5564,pasar,1,11,3,YouTube
YouTube::@bulmaromorales5564,comentario,1,10,2,YouTube
YouTube::@bulmaromorales5564,ridiculo,1,10,4,YouTube
YouTube::@bulmaromorales5564,video,1,11,2,YouTube
YouTube::@cachipum,pronto,2,11,3,YouTube
YouTube::@cachipum,gracias,1,8,0,YouTube
YouTube::@cachipum,lindo,1,8,2,YouTube
YouTube::@cachipum,video,1,11,2,YouTube
YouTube::@cachipum,ojala,1,9,0,YouTube
YouTube::@cachipum,visitar,1,3,2,YouTube
YouTube::@cachipum,bonito,1,8,1,YouTube
YouTube::@cachipum,pais,1,12,0,YouTube
YouTube::@cachipum,problema,1,12,0,YouTube
YouTube::@cachipum,internacional,1,13,1,YouTube
YouTube::@camiloa1663,increible,1,8,2,YouTube
YouTube::@camiloa1663,entrar,1,4,1,YouTube
YouTube::@camiloa1663,narco,1,12,4,YouTube
YouTube::@camiloa1663,politico,1,12,4,YouTube
YouTube::@camiloa1663,impunidad,1,12,1,YouTube
YouTube::@camiloa1663,carlos,1,4,0,YouTube
YouTube::@camiloa1663,detener,1,12,2,YouTube
YouTube::@camiloa1663,hermano,1,11,1,YouTube
YouTube::@candidaperalta6827,exceso,2,7,1,YouTube
YouTube::@candidaperalta6827,humanos,1,4,1,YouTube
YouTube::@candidaperalta6827,vida,1,7,4,YouTube
YouTube::@candidaperalta6827,gente,1,6,2,YouTube
YouTube::@candidaperalta6827,salir,1,11,0,YouTube
YouTube::@carlosr5985,mandar,1,11,1,YouTube
YouTube::@carlosr5985,pagar,1,11,4,YouTube
YouTube::@carlosr5985,andar,1,9,0,YouTube
YouTube::@carlosr5985,comprar,1,4,6,YouTube
YouTube::@carlosr5985,guerra,1,11,2,YouTube
YouTube::@carlosrodriguez5951,querer,1,11,0,YouTube
YouTube::@carlosrodriguez5951,desear,1,4,6,YouTube
YouTube::@carlosrodriguez5951,moren,1,4,1,YouTube
YouTube::@carlosrodriguez5951,claudia,1,12,0,YouTube
YouTube::@carlosrodriguez5951,obrador,1,12,2,YouTube
YouTube::@carlosrodriguez5951,carcel,1,12,1,YouTube
YouTube::@carmenalvarado5052,mexico,2,12,0,YouTube
YouTube::@carmenalvarado5052,creer,1,12,3,YouTube
YouTube::@carmenalvarado5052,presidenta,1,8,0,YouTube
YouTube::@carmenalvarado5052,claudia,1,12,0,YouTube
YouTube::@carmenalvarado5052,ayuda,1,12,4,YouTube
YouTube::@carmenalvarado5052,necesitar,1,2,0,YouTube
YouTube::@carmenalvarado5052,seguro,1,2,1,YouTube
YouTube::@carmenalvarado5052,social,1,2,3,YouTube
YouTube::@carmenalvarado5052,mantenimiento,1,3,3,YouTube
YouTube::@carmenalvarado5052,dejar,1,9,0,YouTube
YouTube::@carmenalvarado5052,ayudar,1,12,1,YouTube
YouTube::@carmenalvarado5052,pais,1,12,0,YouTube
YouTube::@carmenalvarado5052,apoyar,1,1,2,YouTube
YouTube::@carmenr1753,equipo,2,13,3,YouTube
YouTube::@carmenr1753,sacar,2,11,3,YouTube
YouTube::@carmenr1753,seguir,1,2,0,YouTube
YouTube::@carmenr1753,jugar,1,3,4,YouTube
YouTube::@carmenr1753,cambio,1,11,3,YouTube
YouTube::@carmenr1753,ridiculo,1,10,4,YouTube
YouTube::@carmenr1753,defender,1,11,0,YouTube
YouTube::@carmenr1753,ojala,1,9,0,YouTube
YouTube::@carmenr1753,dejar,1,9,0,YouTube
YouTube::@carmenr1753,pasar,1,11,3,YouTube
YouTube::@carmenr1753,aplicar,1,11,1,YouTube
YouTube::@carmenr1753,apoyar,1,1,2,YouTube
YouTube::@carmenr1753,vender,1,12,1,YouTube
YouTube::@carmenruz5011,carcel,1,12,1,YouTube
YouTube::@carmenruz5011,rata,1,4,1,YouTube
YouTube::@carmenruz5011,representante,1,11,0,YouTube
YouTube::@carmenruz5011,autoridad,1,0,3,YouTube
YouTube::@carmenruz5011,verguenza,1,12,0,YouTube
YouTube::@carmenruz5011,pesimo,1,10,1,YouTube
YouTube::@ceciliaespinosaanguiano9812,morena,2,12,4,YouTube
YouTube::@ceciliaespinosaanguiano9812,malo,1,11,4,YouTube
YouTube::@ceciliaespinosaanguiano9812,denuncia,1,13,4,YouTube
YouTube::@ceciliaespinosaanguiano9812,negocio,1,10,4,YouTube
YouTube::@ceciliaespinosaanguiano9812,funcionario,1,6,2,YouTube
YouTube::@cesarmoreno7093,tenia,1,9,0,YouTube
YouTube::@cesarmoreno7093,orden,1,14,3,YouTube
YouTube::@cesarmoreno7093,mexico,1,12,0,YouTube
YouTube::@cesarmoreno7093,detener,1,12,2,YouTube
YouTube::@cesarmoreno7093,cosa,1,11,3,YouTube
YouTube::@cesarsalazar5932,gobierno,2,12,3,YouTube
YouTube::@cesarsalazar5932,gracias,1,8,0,YouTube
YouTube::@cesarsalazar5932,senor,1,12,0,YouTube
YouTube::@cesarsalazar5932,trump,1,12,1,YouTube
YouTube::@cesarsalazar5932,presion,1,11,3,YouTube
YouTube::@cesarsalazar5932,pais,1,12,0,YouTube
YouTube::@cesarsalazar5932,cosa,1,11,3,YouTube
YouTube::@cesarsalazar5932,alianza,1,6,1,YouTube
YouTube::@cesarsalazar5932,grupo,1,13,3,YouTube
YouTube::@cesarsalazar5932,criminal,1,12,4,YouTube
YouTube::@cesarsalazar5932,terminar,1,11,3,YouTube
YouTube::@charrocanrol1,huachicol,2,12,2,YouTube
YouTube::@charrocanrol1,fiscal,2,12,2,YouTube
YouTube::@charrocanrol1,historia,2,1,3,YouTube
YouTube::@charrocanrol1,mexico,2,12,0,YouTube
YouTube::@charrocanrol1,legal,2,11,6,YouTube
YouTube::@charrocanrol1,mercado,2,8,4,YouTube
YouTube::@charrocanrol1,combustible,2,12,5,YouTube
YouTube::@charrocanrol1,alto,2,13,0,YouTube
YouTube::@charrocanrol1,crear,2,8,4,YouTube
YouTube::@charrocanrol1,gobierno,1,12,3,YouTube
YouTube::@charrocanrol1,tomar,1,4,2,YouTube
YouTube::@charrocanrol1,serie,1,4,5,YouTube
YouTube::@charrocanrol1,decision,1,12,3,YouTube
YouTube::@charrocanrol1,consecuencia,1,9,0,YouTube
YouTube::@charrocanrol1,directo,1,12,3,YouTube
YouTube::@charrocanrol1,robo,1,12,1,YouTube
YouTube::@charrocanrol1,marina,1,6,0,YouTube
YouTube::@charrocanrol1,mando,1,11,3,YouTube
YouTube::@charrocanrol1,eliminar,1,4,0,YouTube
YouTube::@charrocanrol1,supervision,1,0,3,YouTube
YouTube::@charrocanrol1,civil,1,0,0,YouTube
YouTube::@charrocanrol1,cualquiera,1,6,2,YouTube
YouTube::@charrocanrol1,transparencia,1,7,2,YouTube
YouTube::@charrocanrol1,entrar,1,4,1,YouTube
YouTube::@charrocanrol1,salir,1,11,0,YouTube
YouTube::@charrocanrol1,pais,1,12,0,YouTube
YouTube::@charrocanrol1,privado,1,4,2,YouTube
YouTube::@charrocanrol1,retirar,1,7,0,YouTube
YouTube::@charrocanrol1,existir,1,10,1,YouTube
YouTube::@charrocanrol1,dejar,1,9,0,YouTube
YouTube::@charrocanrol1,cerrar,1,5,1,YouTube
YouTube::@charrocanrol1,mantener,1,7,0,YouTube
YouTube::@charrocanrol1,perfecto,1,12,4,YouTube
YouTube::@charrocanrol1,fraude,1,4,4,YouTube
YouTube::@charrocanrol1,destruir,1,12,3,YouTube
YouTube::@charrocanrol1,gracias,1,8,0,YouTube
YouTube::@charrocanrol1,participacion,1,1,0,YouTube
YouTube::@charrocanrol1,presidencia,1,8,2,YouTube
YouTube::@charrocanrol1,amlo,1,12,4,YouTube
YouTube::@charrocanrol1,duda,1,10,1,YouTube
YouTube::@charrocanrol1,grande,1,1,0,YouTube
YouTube::@charrocanrol1,corrupcion,1,12,5,YouTube
YouTube::@chayitochomi3933,gente,2,6,2,YouTube
YouTube::@chayitochomi3933,malo,2,11,4,YouTube
YouTube::@chayitochomi3933,persona,1,4,3,YouTube
YouTube::@chayitochomi3933,consecuencia,1,9,0,YouTube
YouTube::@chayitochomi3933,acto,1,6,3,YouTube
YouTube::@chayitochomi3933,falta,1,11,0,YouTube
YouTube::@chayitochomi3933,derecho,1,10,3,YouTube
YouTube::@chayitochomi3933,respeto,1,9,4,YouTube
YouTube::@chayitochomi3933,paz,1,1,0,YouTube
YouTube::@chayitochomi3933,cualquiera,1,6,2,YouTube
YouTube::@chayitochomi3933,querer,1,11,0,YouTube
YouTube::@chayitochomi3933,salir,1,11,0,YouTube
YouTube::@chayitochomi3933,deporte,1,2,1,YouTube
YouTube::@chayitochomi3933,amor,1,3,2,YouTube
YouTube::@chayitochomi3933,futbol,1,1,3,YouTube
YouTube::@chayitochomi3933,aprovechar,1,14,3,YouTube
YouTube::@chayitochomi3933,pasar,1,11,3,YouTube
YouTube::@chayitochomi3933,andar,1,9,0,YouTube
YouTube::@chilangoson,zona,1,0,1,YouTube
YouTube::@chilangoson,llegar,1,10,1,YouTube
YouTube::@chilangoson,conjunto,1,14,0,YouTube
YouTube::@chilangoson,dejar,1,9,0,YouTube
YouTube::@chilangoson,vida,1,7,4,YouTube
YouTube::@chilangoson,regresar,1,10,3,YouTube
YouTube::@chilangoson,recuerdo,1,4,0,YouTube
YouTube::@chilangoson,gracias,1,8,0,YouTube
YouTube::@chirimpihuila,entregar,1,6,2,YouTube
YouTube::@chirimpihuila,unidos,1,11,6,YouTube
YouTube::@chirimpihuila,corrupto,1,12,4,YouTube
YouTube::@chirimpihuila,morena,1,12,4,YouTube
YouTube::@chirimpihuila,rato,1,12,-1,YouTube
YouTube::@chirimpihuila,delincuente,1,12,1,YouTube
YouTube::@chrissalazar8209,gente,1,6,2,YouTube
YouTube::@chrissalazar8209,creer,1,12,3,YouTube
YouTube::@chrissalazar8209,gobierno,1,12,3,YouTube
YouTube::@chrissalazar8209,ganar,1,10,2,YouTube
YouTube::@chrissalazar8209,leer,1,14,3,YouTube
YouTube::@chrissalazar8209,pesos,1,13,3,YouTube
YouTube::@chrissalazar8209,morena,1,12,4,YouTube
YouTube::@chrissalazar8209,medalla,1,12,3,YouTube
YouTube::@chrissalazar8209,gracias,1,8,0,YouTube
YouTube::@chrissalazar8209,ala,1,12,0,YouTube
YouTube::@chrissalazar8209,soberania,1,12,0,YouTube
YouTube::@chrissalazar8209,barredora,1,2,0,YouTube
YouTube::@cirilo.perezhernandez3935,respeto,1,9,4,YouTube
YouTube::@cirilo.perezhernandez3935,balon,1,4,0,YouTube
YouTube::@cirilo.perezhernandez3935,salir,1,11,0,YouTube
YouTube::@cirilo.perezhernandez3935,linea,1,4,2,YouTube
YouTube::@cirilo.perezhernandez3935,mano,1,6,0,YouTube
YouTube::@cirilo.perezhernandez3935,creer,1,12,3,YouTube
YouTube::@claudia7605,mexico,2,12,0,YouTube
YouTube::@claudia7605,musica,1,1,1,YouTube
YouTube::@claudia7605,sentir,1,11,4,YouTube
YouTube::@claudia7605,lindo,1,8,2,YouTube
YouTube::@claudia7605,viva,1,12,0,YouTube
YouTube::@claudiafliegen.3910,resultado,1,2,0,YouTube
YouTube::@claudiafliegen.3910,bravo,1,12,3,YouTube
YouTube::@claudiafliegen.3910,gobernadora,1,12,1,YouTube
YouTube::@claudiafliegen.3910,chihuahua,1,12,1,YouTube
YouTube::@claudiafliegen.3910,gobierno,1,12,3,YouTube
YouTube::@conejozombiee,dejar,1,9,0,YouTube
YouTube::@conejozombiee,like,1,10,5,YouTube
YouTube::@conejozombiee,inicio,1,10,0,YouTube
YouTube::@conejozombiee,regresar,1,10,3,YouTube
YouTube::@conejozombiee,hermano,1,11,1,YouTube
YouTube::@conejozombiee,quedar,1,11,0,YouTube
YouTube::@conejozombiee,mitad,1,14,3,YouTube
YouTube::@conejozombiee,saludo,1,11,2,YouTube
YouTube::@cookiesguevara3355,mexico,2,12,0,YouTube
YouTube::@cookiesguevara3355,gracias,1,8,0,YouTube
YouTube::@cookiesguevara3355,informacion,1,11,0,YouTube
YouTube::@cookiesguevara3355,trump,1,12,1,YouTube
YouTube::@cookiesguevara3355,corrupcion,1,12,5,YouTube
YouTube::@dalilan5338,cuando,1,12,2,YouTube
YouTube::@dalilan5338,andir,1,11,2,YouTube
YouTube::@dalilan5338,robar,1,12,5,YouTube
YouTube::@dalilan5338,huachicol,1,12,2,YouTube
YouTube::@dalilan5338,fiscal,1,12,2,YouTube
YouTube::@damianjimenez8114,mandar,1,11,1,YouTube
YouTube::@damianjimenez8114,mexico,1,12,0,YouTube
YouTube::@damianjimenez8114,recibir,1,9,2,YouTube
YouTube::@damianjimenez8114,rey,1,12,-1,YouTube
YouTube::@damianjimenez8114,corrupcion,1,12,5,YouTube
YouTube::@danieladairgonzalez2780,pais,3,12,0,YouTube
YouTube::@danieladairgonzalez2780,resolver,2,12,0,YouTube
YouTube::@danieladairgonzalez2780,quejar,2,9,1,YouTube
YouTube::@danieladairgonzalez2780,entregar,2,6,2,YouTube
YouTube::@danieladairgonzalez2780,verguenza,2,12,0,YouTube
YouTube::@danieladairgonzalez2780,ano,1,11,2,YouTube
YouTube::@danieladairgonzalez2780,basura,1,3,1,YouTube
YouTube::@danieladairgonzalez2780,peor,1,9,0,YouTube
YouTube::@danieladairgonzalez2780,joven,1,13,0,YouTube
YouTube::@danieladairgonzalez2780,gente,1,6,2,YouTube
YouTube::@danieladairgonzalez2780,importar,1,6,2,YouTube
YouTube::@danieladairgonzalez2780,cualquiera,1,6,2,YouTube
YouTube::@danieladairgonzalez2780,gracias,1,8,0,YouTube
YouTube::@danielakedelrio1962,club,2,10,5,YouTube
YouTube::@danielakedelrio1962,tomar,1,4,2,YouTube
YouTube::@danielakedelrio1962,decision,1,12,3,YouTube
YouTube::@danielakedelrio1962,futbol,1,1,3,YouTube
YouTube::@danielakedelrio1962,ganar,1,10,2,YouTube
YouTube::@danielakedelrio1962,cancha,1,14,4,YouTube
YouTube::@danielakedelrio1962,pequeno,1,0,4,YouTube
YouTube::@danielmeza130,querer,3,11,0,YouTube
YouTube::@danielmeza130,estadio,2,10,2,YouTube
YouTube::@danielmeza130,deberiar,1,9,0,YouTube
YouTube::@danielmeza130,presidente,1,14,2,YouTube
YouTube::@danielmeza130,representante,1,11,0,YouTube
YouTube::@danielmeza130,pais,1,12,0,YouTube
YouTube::@danielmeza130,gente,1,6,2,YouTube
YouTube::@danielmeza130,empresario,1,14,1,YouTube
YouTube::@danielmeza130,destruir,1,12,3,YouTube
YouTube::@danielmeza130,rico,1,8,2,YouTube
YouTube::@danielmeza130,clase,1,8,2,YouTube
YouTube::@danielmeza130,medio,1,8,2,YouTube
YouTube::@danielmeza130,dejar,1,9,0,YouTube
YouTube::@danielmeza130,pobre,1,12,0,YouTube
YouTube::@danielmeza130,miedo,1,9,0,YouTube
YouTube::@dannymart-hyld6130,argentina,2,12,1,YouTube
YouTube::@dannymart-hyld6130,confirmar,1,10,3,YouTube
YouTube::@dannymart-hyld6130,medio,1,8,2,YouTube
YouTube::@dannymart-hyld6130,mexico,1,12,0,YouTube
YouTube::@dansolc,gobierno,1,12,3,YouTube
YouTube::@dansolc,venir,1,4,0,YouTube
YouTube::@dansolc,regresar,1,10,3,YouTube
YouTube::@dansolc,sociedad,1,6,2,YouTube
YouTube::@dansolc,civil,1,0,0,YouTube
YouTube::@dansolc,quedar,1,11,0,YouTube
YouTube::@dansolc,ano,1,11,2,YouTube
YouTube::@dansolc,proyecto,1,14,4,YouTube
YouTube::@dantecontreras9821,llamar,1,11,1,YouTube
YouTube::@dantecontreras9821,periodista,1,6,-1,YouTube
YouTube::@dantecontreras9821,objetivo,1,0,1,YouTube
YouTube::@dantecontreras9821,hablar,1,11,0,YouTube
YouTube::@dantecontreras9821,america,1,10,5,YouTube
YouTube::@dantelozano8380,ojala,1,9,0,YouTube
YouTube::@dantelozano8380,quedar,1,11,0,YouTube
YouTube::@dantelozano8380,informacion,1,11,0,YouTube
YouTube::@dantelozano8380,aca,1,4,6,YouTube
YouTube::@dantelozano8380,dejar,1,9,0,YouTube
YouTube::@dantelozano8380,libre,1,1,0,YouTube
YouTube::@dantelozano8380,derechos,1,4,1,YouTube
YouTube::@dantelozano8380,humanos,1,4,1,YouTube
YouTube::@david.B.C.835,saludo,1,11,2,YouTube
YouTube::@david.B.C.835,nuevamente,1,13,4,YouTube
YouTube::@david.B.C.835,esperar,1,4,0,YouTube
YouTube::@david.B.C.835,arreglar,1,11,4,YouTube
YouTube::@david.B.C.835,pronto,1,11,3,YouTube
YouTube::@david.B.C.835,gusto,1,8,4,YouTube
YouTube::@davidalcantara9195,pedir,2,11,0,YouTube
YouTube::@davidalcantara9195,argentina,1,12,1,YouTube
YouTube::@davidalcantara9195,mandar,1,11,1,YouTube
YouTube::@davidalcantara9195,ojala,1,9,0,YouTube
YouTube::@davidalcantara9195,trump,1,12,1,YouTube
YouTube::@davidalcantara9195,amlo,1,12,4,YouTube
YouTube::@davidalcantara9195,secretario,1,4,3,YouTube
YouTube::@davidalcantara9195,marina,1,6,0,YouTube
YouTube::@davidandres9728,pueblo,2,11,5,YouTube
YouTube::@davidandres9728,mundo,1,11,0,YouTube
YouTube::@davidandres9728,ganar,1,10,2,YouTube
YouTube::@davidandres9728,dinero,1,12,5,YouTube
YouTube::@davidandres9728,lindo,1,8,2,YouTube
YouTube::@davidvaldezaraoz7740,ridiculo,2,10,4,YouTube
YouTube::@davidvaldezaraoz7740,respeto,1,9,4,YouTube
YouTube::@davidvaldezaraoz7740,manejar,1,9,4,YouTube
YouTube::@davidvaldezaraoz7740,liga,1,10,4,YouTube
YouTube::@davidvaldezaraoz7740,cheque,1,4,1,YouTube
YouTube::@davidvaldezaraoz7740,pumas,1,5,2,YouTube
YouTube::@davidvaldezaraoz7740,derecho,1,10,3,YouTube
YouTube::@davidvaldezaraoz7740,acudir,1,7,1,YouTube
YouTube::@deliagarcia5060,cosa,1,11,3,YouTube
YouTube::@deliagarcia5060,provocar,1,6,0,YouTube
YouTube::@deliagarcia5060,risa,1,12,4,YouTube
YouTube::@deliagarcia5060,sol,1,5,1,YouTube
YouTube::@deliagarcia5060,calle,1,9,1,YouTube
YouTube::@deliagarcia5060,parque,1,14,4,YouTube
YouTube::@deliagarcia5060,persona,1,4,3,YouTube
YouTube::@deliagarcia5060,donde,1,12,2,YouTube
YouTube::@delzysanchez8311,raro,1,11,1,YouTube
YouTube::@delzysanchez8311,gobierno,1,12,3,YouTube
YouTube::@delzysanchez8311,defender,1,11,0,YouTube
YouTube::@delzysanchez8311,narco,1,12,4,YouTube
YouTube::@delzysanchez8311,pasar,1,11,3,YouTube
YouTube::@demetriohernandez1999,palacio,1,12,0,YouTube
YouTube::@demetriohernandez1999,nacional,1,4,2,YouTube
YouTube::@demetriohernandez1999,carlos,1,4,0,YouTube
YouTube::@demetriohernandez1999,organizado,1,4,3,YouTube
YouTube::@demetriohernandez1999,lider,1,12,2,YouTube
YouTube::@demetriohernandez1999,andres,1,12,2,YouTube
YouTube::@demetriohernandez1999,manuel,1,12,2,YouTube
YouTube::@demetriohernandez1999,lopez,1,12,2,YouTube
YouTube::@demetriohernandez1999,obrador,1,12,2,YouTube
YouTube::@demetriohernandez1999,claro,1,4,3,YouTube
YouTube::@demetriohernandez1999,nefasto,1,7,2,YouTube
YouTube::@demetriohernandez1999,presidente,1,14,2,YouTube
YouTube::@demetriohernandez1999,proteger,1,9,2,YouTube
YouTube::@demetriohernandez1999,cualquiera,1,6,2,YouTube
YouTube::@demetriohernandez1999,juicio,1,11,1,YouTube
YouTube::@demetriohernandez1999,responsabilidad,1,3,2,YouTube
YouTube::@demetriohernandez1999,reciente,1,13,1,YouTube
YouTube::@demetriohernandez1999,linea,1,4,2,YouTube
YouTube::@demetriohernandez1999,sistema,1,0,4,YouTube
YouTube::@demetriohernandez1999,colectivo,1,6,3,YouTube
YouTube::@demetriohernandez1999,metro,1,11,3,YouTube
YouTube::@demetriohernandez1999,raro,1,11,1,YouTube
YouTube::@demetriohernandez1999,claudia,1,12,0,YouTube
YouTube::@demetriohernandez1999,periodo,1,4,3,YouTube
YouTube::@demetriohernandez1999,justicia,1,11,1,YouTube
YouTube::@demetriohernandez1999,mexico,1,12,0,YouTube
YouTube::@demetriohernandez1999,unidos,1,11,6,YouTube
YouTube::@demetriohernandez1999,detener,1,12,2,YouTube
YouTube::@demetriohernandez1999,poblacion,1,0,1,YouTube
YouTube::@demetriohernandez1999,mexicano,1,4,1,YouTube
YouTube::@desilos2628,america,4,10,5,YouTube
YouTube::@desilos2628,derecho,1,10,3,YouTube
YouTube::@desilos2628,cambio,1,11,3,YouTube
YouTube::@desilos2628,afectar,1,0,1,YouTube
YouTube::@desilos2628,cosa,1,11,3,YouTube
YouTube::@desilos2628,aplicar,1,11,1,YouTube
YouTube::@desilos2628,domingo,1,4,5,YouTube
YouTube::@desilos2628,eliminar,1,4,0,YouTube
YouTube::@desilos2628,ayudar,1,12,1,YouTube
YouTube::@desilos2628,falta,1,11,0,YouTube
YouTube::@desilos2628,normal,1,11,0,YouTube
YouTube::@desilos2628,convertir,1,6,2,YouTube
YouTube::@desilos2628,doble,1,10,2,YouTube
YouTube::@desilos2628,partido,1,4,0,YouTube
YouTube::@desilos2628,alto,1,13,0,YouTube
YouTube::@desilos2628,nivel,1,4,2,YouTube
YouTube::@desilos2628,dejar,1,9,0,YouTube
YouTube::@desilos2628,unico,1,11,4,YouTube
YouTube::@desilos2628,forma,1,12,3,YouTube
YouTube::@dianamendezbello5015,favor,1,11,5,YouTube
YouTube::@dianamendezbello5015,pregunta,1,9,0,YouTube
YouTube::@dianamendezbello5015,respuesta,1,0,4,YouTube
YouTube::@dianamendezbello5015,deber,1,11,1,YouTube
YouTube::@dianamendezbello5015,fondo,1,11,6,YouTube
YouTube::@docmontejo8585,claudia,1,12,0,YouTube
YouTube::@docmontejo8585,presidenta,1,8,0,YouTube
YouTube::@docmontejo8585,mujer,1,10,3,YouTube
YouTube::@docmontejo8585,animo,1,12,0,YouTube
YouTube::@docmontejo8585,viva,1,12,0,YouTube
YouTube::@docmontejo8585,mexico,1,12,0,YouTube
YouTube::@donquijotedelamancha538,honor,1,8,0,YouTube
YouTube::@donquijotedelamancha538,jugar,1,3,4,YouTube
YouTube::@donquijotedelamancha538,limpio,1,7,0,YouTube
YouTube::@donquijotedelamancha538,ley,1,11,1,YouTube
YouTube::@donquijotedelamancha538,favor,1,11,5,YouTube
YouTube::@donquijotedelamancha538,partido,1,4,0,YouTube
YouTube::@donquijotedelamancha538,ganar,1,10,2,YouTube
YouTube::@donquijotedelamancha538,volver,1,12,2,YouTube
YouTube::@donquijotedelamancha538,tocar,1,11,2,YouTube
YouTube::@donquijotedelamancha538,corazon,1,13,2,YouTube
YouTube::@dorayneyuleykarodriguezher2906,pedir,1,11,0,YouTube
YouTube::@dorayneyuleykarodriguezher2906,respeto,1,9,4,YouTube
YouTube::@dorayneyuleykarodriguezher2906,patrimonio,1,14,0,YouTube
YouTube::@dorayneyuleykarodriguezher2906,historico,1,6,1,YouTube
YouTube::@dorayneyuleykarodriguezher2906,vivir,1,8,2,YouTube
YouTube::@dorayneyuleykarodriguezher2906,palacio,1,12,0,YouTube
YouTube::@dorayneyuleykarodriguezher2906,nacional,1,4,2,YouTube
YouTube::@dorayneyuleykarodriguezher2906,deber,1,11,1,YouTube
YouTube::@dorayneyuleykarodriguezher2906,pagar,1,11,4,YouTube
YouTube::@dorayneyuleykarodriguezher2906,disfrutar,1,1,0,YouTube
YouTube::@dorayneyuleykarodriguezher2906,presidenta,1,8,0,YouTube
YouTube::@dorisdiaz9779,saludos,1,11,2,YouTube
YouTube::@dorisdiaz9779,saludo,1,11,2,YouTube
YouTube::@dorisdiaz9779,gracia,1,11,2,YouTube
YouTube::@dorisdiaz9779,dejar,1,9,0,YouTube
YouTube::@dorisdiaz9779,like,1,10,5,YouTube
YouTube::@dorisdiaz9779,comentario,1,10,2,YouTube
YouTube::@eberardorodriguez8198,nomas,1,9,0,YouTube
YouTube::@eberardorodriguez8198,equipo,1,13,3,YouTube
YouTube::@eberardorodriguez8198,bola,1,11,3,YouTube
YouTube::@eberardorodriguez8198,perder,1,11,5,YouTube
YouTube::@eberardorodriguez8198,sueno,1,10,3,YouTube
YouTube::@eberardorodriguez8198,america,1,10,5,YouTube
YouTube::@eberardorodriguez8198,castigar,1,11,1,YouTube
YouTube::@eberardorodriguez8198,futbol,1,1,3,YouTube
YouTube::@eberardorodriguez8198,mexicano,1,4,1,YouTube
YouTube::@eberardorodriguez8198,basura,1,3,1,YouTube
YouTube::@eberardorodriguez8198,gente,1,6,2,YouTube
YouTube::@eberardorodriguez8198,corrupcion,1,12,5,YouTube
YouTube::@echaleverbo.tellez6415,ley,1,11,1,YouTube
YouTube::@echaleverbo.tellez6415,mujer,1,10,3,YouTube
YouTube::@echaleverbo.tellez6415,palacio,1,12,0,YouTube
YouTube::@echaleverbo.tellez6415,nacional,1,4,2,YouTube
YouTube::@echaleverbo.tellez6415,parecer,1,9,0,YouTube
YouTube::@edgarto5633,ojala,1,9,0,YouTube
YouTube::@edgarto5633,pronto,1,11,3,YouTube
YouTube::@edgarto5633,mexico,1,12,0,YouTube
YouTube::@edgarto5633,mundial,1,4,0,YouTube
YouTube::@edgarto5633,celebracion,1,8,1,YouTube
YouTube::@editharizmendi159,vehiculo,2,7,2,YouTube
YouTube::@editharizmendi159,miedo,1,9,0,YouTube
YouTube::@editharizmendi159,gente,1,6,2,YouTube
YouTube::@editharizmendi159,afuera,1,4,4,YouTube
YouTube::@editharizmendi159,pensar,1,11,1,YouTube
YouTube::@edmaes7450,gente,2,6,2,YouTube
YouTube::@edmaes7450,puro,1,12,3,YouTube
YouTube::@edmaes7450,miedo,1,9,0,YouTube
YouTube::@edmaes7450,caso,1,10,4,YouTube
YouTube::@edmaes7450,sentir,1,11,4,YouTube
YouTube::@edmaes7450,unico,1,11,4,YouTube
YouTube::@edmaes7450,mal,1,4,1,YouTube
YouTube::@edmaes7450,malo,1,11,4,YouTube
YouTube::@edmaes7450,conductor,1,9,4,YouTube
YouTube::@ednamarcelagonzalez9636,deber,1,11,1,YouTube
YouTube::@ednamarcelagonzalez9636,castigar,1,11,1,YouTube
YouTube::@ednamarcelagonzalez9636,comenzar,1,7,0,YouTube
YouTube::@ednamarcelagonzalez9636,mover,1,9,0,YouTube
YouTube::@ednamarcelagonzalez9636,carro,1,9,0,YouTube
YouTube::@ednamarcelagonzalez9636,conductor,1,9,4,YouTube
YouTube::@ednamarcelagonzalez9636,sentir,1,11,4,YouTube
YouTube::@eduardoantonioballesterosc8476,pensar,2,11,1,YouTube
YouTube::@eduardoantonioballesterosc8476,america,2,10,5,YouTube
YouTube::@eduardoantonioballesterosc8476,cambio,2,11,3,YouTube
YouTube::@eduardoantonioballesterosc8476,juzgar,2,11,1,YouTube
YouTube::@eduardoantonioballesterosc8476,deberiar,2,9,0,YouTube
YouTube::@eduardoantonioballesterosc8476,futbol,1,1,3,YouTube
YouTube::@eduardoantonioballesterosc8476,mexico,1,12,0,YouTube
YouTube::@eduardoantonioballesterosc8476,cambiar,1,2,0,YouTube
YouTube::@eduardoantonioballesterosc8476,totalmente,1,3,4,YouTube
YouTube::@eduardoantonioballesterosc8476,tenia,1,9,0,YouTube
YouTube::@eduardoantonioballesterosc8476,cumplir,1,10,1,YouTube
YouTube::@eduardoantonioballesterosc8476,deber,1,11,1,YouTube
YouTube::@eduardoantonioballesterosc8476,caso,1,10,4,YouTube
YouTube::@eduardoantonioballesterosc8476,realidad,1,6,2,YouTube
YouTube::@eduardoantonioballesterosc8476,cometer,1,11,4,YouTube
YouTube::@eduardoantonioballesterosc8476,castigar,1,11,1,YouTube
YouTube::@eduardoantonioballesterosc8476,legal,1,11,6,YouTube
YouTube::@eduardoantonioballesterosc8476,dinero,1,12,5,YouTube
YouTube::@eduardoantonioballesterosc8476,juego,1,9,2,YouTube
YouTube::@eduardoantonioballesterosc8476,demostrar,1,13,0,YouTube
YouTube::@eduardoantonioballesterosc8476,situacion,1,0,1,YouTube
YouTube::@eduardoantonioballesterosc8476,corrupcion,1,12,5,YouTube
YouTube::@eduardoantonioballesterosc8476,pais,1,12,0,YouTube
YouTube::@eduardoantonioballesterosc8476,medio,1,8,2,YouTube
YouTube::@eduardoantonioballesterosc8476,cosa,1,11,3,YouTube
YouTube::@eduardoantonioballesterosc8476,parecer,1,9,0,YouTube
YouTube::@eduardoantonioballesterosc8476,denunciar,1,13,4,YouTube
YouTube::@eduardoantonioballesterosc8476,falta,1,11,0,YouTube
YouTube::@eduardoantonioballesterosc8476,ridiculo,1,10,4,YouTube
YouTube::@eduardoantonioballesterosc8476,comentario,1,10,2,YouTube
YouTube::@eduardoantonioballesterosc8476,video,1,11,2,YouTube
YouTube::@eduardoantonioballesterosc8476,publico,1,14,3,YouTube
YouTube::@eduardoantonioballesterosc8476,interes,1,10,1,YouTube
YouTube::@eduardoantonioballesterosc8476,defender,1,11,0,YouTube
YouTube::@eduardoantonioballesterosc8476,mayoria,1,11,4,YouTube
YouTube::@eduardoantonioballesterosc8476,programa,1,2,3,YouTube
YouTube::@eduardoantonioballesterosc8476,tratar,1,10,4,YouTube
YouTube::@eduardoantonioballesterosc8476,tonto,1,10,2,YouTube
YouTube::@eduardoantonioballesterosc8476,juicio,1,11,1,YouTube
YouTube::@eduardoantonioballesterosc8476,quedar,1,11,0,YouTube
YouTube::@eduardoantonioballesterosc8476,persona,1,4,3,YouTube
YouTube::@eduardoantonioballesterosc8476,capacidad,1,0,4,YouTube
YouTube::@eduardofernandez9893,llegar,1,10,1,YouTube
YouTube::@eduardofernandez9893,pobre,1,12,0,YouTube
YouTube::@eduardofernandez9893,pasar,1,11,3,YouTube
YouTube::@eduardofernandez9893,roma,1,7,3,YouTube
YouTube::@eduardofernandez9893,gracias,1,8,0,YouTube
YouTube::@eduardoruizvillegas289,derecho,2,10,3,YouTube
YouTube::@eduardoruizvillegas289,corrupcion,1,12,5,YouTube
YouTube::@eduardoruizvillegas289,americo,1,14,1,YouTube
YouTube::@eduardoruizvillegas289,ridiculo,1,10,4,YouTube
YouTube::@eduardoruizvillegas289,escuchar,1,2,0,YouTube
YouTube::@eduardoruizvillegas289,hombre,1,13,5,YouTube
YouTube::@eduardoruizvillegas289,vida,1,7,4,YouTube
YouTube::@efrainhernandez765,corrupcion,2,12,5,YouTube
YouTube::@efrainhernandez765,vista,1,14,1,YouTube
YouTube::@efrainhernandez765,mexico,1,12,0,YouTube
YouTube::@efrainhernandez765,nivel,1,4,2,YouTube
YouTube::@efrainhernandez765,gobierno,1,12,3,YouTube
YouTube::@efrainhernandez765,fuerza,1,10,3,YouTube
YouTube::@efrainhernandez765,corrupto,1,12,4,YouTube
YouTube::@efrainsalazar186,favor,1,11,5,YouTube
YouTube::@efrainsalazar186,ladron,1,12,5,YouTube
YouTube::@efrainsalazar186,juzgar,1,11,1,YouTube
YouTube::@efrainsalazar186,trump,1,12,1,YouTube
YouTube::@efrainsalazar186,mexico,1,12,0,YouTube
YouTube::@efrainsalazar186,cuidar,1,2,1,YouTube
YouTube::@eiguajardo,tenia,1,9,0,YouTube
YouTube::@eiguajardo,venir,1,4,0,YouTube
YouTube::@eiguajardo,nota,1,5,1,YouTube
YouTube::@eiguajardo,rojo,1,13,5,YouTube
YouTube::@eiguajardo,noticia,1,11,6,YouTube
YouTube::@elenaalaniz1796,obrador,1,12,2,YouTube
YouTube::@elenaalaniz1796,pagar,1,11,4,YouTube
YouTube::@elenaalaniz1796,pueblo,1,11,5,YouTube
YouTube::@elenaalaniz1796,amlo,1,12,4,YouTube
YouTube::@elenaalaniz1796,confiar,1,11,4,YouTube
YouTube::@elenaalaniz1796,marina,1,6,0,YouTube
YouTube::@elenaalaniz1796,carcel,1,12,1,YouTube
YouTube::@elenakam8457,feliz,1,8,1,YouTube
YouTube::@elenakam8457,dia,1,6,0,YouTube
YouTube::@elenakam8457,familia,1,1,0,YouTube
YouTube::@elenakam8457,hermoso,1,8,0,YouTube
YouTube::@elenakam8457,saludos,1,11,2,YouTube
YouTube::@elenakam8457,rato,1,12,-1,YouTube
YouTube::@elenakam8457,man,1,3,2,YouTube
YouTube::@elgutx,cual,1,10,2,YouTube
YouTube::@elgutx,ridiculo,1,10,4,YouTube
YouTube::@elgutx,ley,1,11,1,YouTube
YouTube::@elgutx,servir,1,6,2,YouTube
YouTube::@elgutx,venir,1,4,0,YouTube
YouTube::@elgutx,gana,1,11,3,YouTube
YouTube::@elgutx,vivir,1,8,2,YouTube
YouTube::@eliasvazquez77,mama,1,10,3,YouTube
YouTube::@eliasvazquez77,cara,1,6,0,YouTube
YouTube::@eliasvazquez77,mentira,1,11,6,YouTube
YouTube::@eliasvazquez77,claudia,1,12,0,YouTube
YouTube::@eliasvazquez77,mexico,1,12,0,YouTube
YouTube::@eliasvazquez77,mirar,1,11,0,YouTube
YouTube::@eliseogonzalezortega5018,mexico,1,12,0,YouTube
YouTube::@eliseogonzalezortega5018,justicia,1,11,1,YouTube
YouTube::@eliseogonzalezortega5018,sacar,1,11,3,YouTube
YouTube::@eliseogonzalezortega5018,dejar,1,9,0,YouTube
YouTube::@eliseogonzalezortega5018,libre,1,1,0,YouTube
YouTube::@eliseogonzalezortega5018,eleccion,1,11,5,YouTube
YouTube::@eliseogonzalezortega5018,judicial,1,12,3,YouTube
YouTube::@eliseogonzalezortega5018,corrupto,1,12,4,YouTube
YouTube::@elizabethvega6379,ojala,1,9,0,YouTube
YouTube::@elizabethvega6379,pronto,1,11,3,YouTube
YouTube::@elizabethvega6379,ratero,1,12,4,YouTube
YouTube::@elizabethvega6379,ayuda,1,12,4,YouTube
YouTube::@elizabethvega6379,traidor,1,11,1,YouTube
YouTube::@elizabethvega6379,patria,1,12,1,YouTube
YouTube::@elizabethvega6379,amlo,1,12,4,YouTube
YouTube::@eltiobrayan5011,apoyar,1,1,2,YouTube
YouTube::@eltiobrayan5011,acto,1,6,3,YouTube
YouTube::@eltiobrayan5011,senora,1,9,0,YouTube
YouTube::@eltiobrayan5011,apoyo,1,2,2,YouTube
YouTube::@eltiobrayan5011,persona,1,4,3,YouTube
YouTube::@eltiobrayan5011,presidente,1,14,2,YouTube
YouTube::@eltiobrayan5011,admiracion,1,9,4,YouTube
YouTube::@eltiobrayan5011,siglo,1,1,3,YouTube
YouTube::@elviramelendez2618,pregunta,1,9,0,YouTube
YouTube::@elviramelendez2618,fecha,1,10,0,YouTube
YouTube::@elviramelendez2618,junio,1,1,0,YouTube
YouTube::@elviramelendez2618,veracruz,1,5,2,YouTube
YouTube::@elviramelendez2618,seguir,1,2,0,YouTube
YouTube::@elviramelendez2618,cartel,1,4,5,YouTube
YouTube::@emiliokinghjjjmartinez2321,muerte,2,11,1,YouTube
YouTube::@emiliokinghjjjmartinez2321,agente,2,12,1,YouTube
YouTube::@emiliokinghjjjmartinez2321,realidad,1,6,2,YouTube
YouTube::@emiliokinghjjjmartinez2321,cia,1,12,1,YouTube
YouTube::@emiliokinghjjjmartinez2321,situacion,1,0,1,YouTube
YouTube::@emiliokinghjjjmartinez2321,recordar,1,4,2,YouTube
YouTube::@emiliokinghjjjmartinez2321,pasar,1,11,3,YouTube
YouTube::@emiliokinghjjjmartinez2321,acabar,1,11,3,YouTube
YouTube::@emiliokinghjjjmartinez2321,cartel,1,4,5,YouTube
YouTube::@emiliokinghjjjmartinez2321,guadalajara,1,5,2,YouTube
YouTube::@emiliokinghjjjmartinez2321,presidenta,1,8,0,YouTube
YouTube::@enrique6730,mexicano,2,4,1,YouTube
YouTube::@enrique6730,mexico,1,12,0,YouTube
YouTube::@enrique6730,deber,1,11,1,YouTube
YouTube::@enrique6730,castigar,1,11,1,YouTube
YouTube::@enrique6730,ley,1,11,1,YouTube
YouTube::@enrique6730,servir,1,6,2,YouTube
YouTube::@enrique6730,seguir,1,2,0,YouTube
YouTube::@enrique6730,mano,1,6,0,YouTube
YouTube::@enrique6730,muerte,1,11,1,YouTube
YouTube::@enrique6730,serio,1,11,0,YouTube
YouTube::@enriquedelvillar1089,hora,2,10,1,YouTube
YouTube::@enriquedelvillar1089,pagar,1,11,4,YouTube
YouTube::@enriquedelvillar1089,dano,1,4,1,YouTube
YouTube::@enriquedelvillar1089,pais,1,12,0,YouTube
YouTube::@enriquedelvillar1089,lopez,1,12,2,YouTube
YouTube::@enriquedelvillar1089,involucrado,1,12,1,YouTube
YouTube::@enriqueg6060,caer,3,12,1,YouTube
YouTube::@enriqueg6060,narco,2,12,4,YouTube
YouTube::@enriqueg6060,importar,1,6,2,YouTube
YouTube::@enriqueg6060,salir,1,11,0,YouTube
YouTube::@enriqueherrera1806,palacio,1,12,0,YouTube
YouTube::@enriqueherrera1806,dejar,1,9,0,YouTube
YouTube::@enriqueherrera1806,acompanar,1,13,0,YouTube
YouTube::@enriqueherrera1806,personal,1,0,2,YouTube
YouTube::@enriqueherrera1806,servicio,1,2,2,YouTube
YouTube::@enriquereyna8840,felicidad,1,8,0,YouTube
YouTube::@enriquereyna8840,programa,1,2,3,YouTube
YouTube::@enriquereyna8840,informacion,1,11,0,YouTube
YouTube::@enriquereyna8840,claro,1,4,3,YouTube
YouTube::@enriquereyna8840,objetivo,1,0,1,YouTube
YouTube::@enriquereyna8840,forma,1,12,3,YouTube
YouTube::@erickbetanzos7359,javier,1,4,6,YouTube
YouTube::@erickbetanzos7359,verguenza,1,12,0,YouTube
YouTube::@erickbetanzos7359,convertir,1,6,2,YouTube
YouTube::@erickbetanzos7359,mandar,1,11,1,YouTube
YouTube::@erickbetanzos7359,gente,1,6,2,YouTube
YouTube::@erickbustamante3163,negocio,1,10,4,YouTube
YouTube::@erickbustamante3163,empresa,1,13,2,YouTube
YouTube::@erickbustamante3163,morena,1,12,4,YouTube
YouTube::@erickbustamante3163,robar,1,12,5,YouTube
YouTube::@erickbustamante3163,mentir,1,12,0,YouTube
YouTube::@erickbustamante3163,pueblo,1,11,5,YouTube
YouTube::@erickbustamante3163,obra,1,2,4,YouTube
YouTube::@erickbustamante3163,pena,1,12,1,YouTube
YouTube::@erickbustamante3163,calderon,1,8,3,YouTube
YouTube::@erveylopez9518,peor,2,9,0,YouTube
YouTube::@erveylopez9518,mujer,1,10,3,YouTube
YouTube::@erveylopez9518,presidenta,1,8,0,YouTube
YouTube::@erveylopez9518,mentira,1,11,6,YouTube
YouTube::@erveylopez9518,inteligencia,1,9,-1,YouTube
YouTube::@erveylopez9518,mal,1,4,1,YouTube
YouTube::@eryl1535,bola,1,11,3,YouTube
YouTube::@eryl1535,familia,1,1,0,YouTube
YouTube::@eryl1535,conductor,1,9,4,YouTube
YouTube::@eryl1535,hija,1,8,2,YouTube
YouTube::@eryl1535,pequeno,1,0,4,YouTube
YouTube::@eryl1535,animal,1,8,2,YouTube
YouTube::@eryl1535,andar,1,9,0,YouTube
YouTube::@eryl1535,buscar,1,5,1,YouTube
YouTube::@espedeleon151,madre,1,10,3,YouTube
YouTube::@espedeleon151,ley,1,11,1,YouTube
YouTube::@espedeleon151,corrupto,1,12,4,YouTube
YouTube::@espedeleon151,justo,1,11,5,YouTube
YouTube::@espedeleon151,pais,1,12,0,YouTube
YouTube::@esperanzaserrano,america,3,10,5,YouTube
YouTube::@esperanzaserrano,esperar,1,4,0,YouTube
YouTube::@esperanzaserrano,castigar,1,11,1,YouTube
YouTube::@esperanzaserrano,hablar,1,11,0,YouTube
YouTube::@esperanzaserrano,ayudar,1,12,1,YouTube
YouTube::@estebancitofifi2776,pemex,1,12,3,YouTube
YouTube::@estebancitofifi2776,cfe,1,0,1,YouTube
YouTube::@estebancitofifi2776,seguir,1,2,0,YouTube
YouTube::@estebancitofifi2776,mexico,1,12,0,YouTube
YouTube::@estebancitofifi2776,san,1,10,1,YouTube
YouTube::@estebancitofifi2776,trump,1,12,1,YouTube
YouTube::@estebancitofifi2776,politico,1,12,4,YouTube
YouTube::@estebancitofifi2776,ojala,1,9,0,YouTube
YouTube::@estebancitofifi2776,mexicano,1,4,1,YouTube
YouTube::@estebancitofifi2776,negro,1,3,1,YouTube
YouTube::@estebancitofifi2776,negocio,1,10,4,YouTube
YouTube::@eugeniasaldana8714,mandir,1,4,1,YouTube
YouTube::@eugeniasaldana8714,cancun,1,5,2,YouTube
YouTube::@eugeniasaldana8714,vacacion,1,5,1,YouTube
YouTube::@eugeniasaldana8714,quedar,1,11,0,YouTube
YouTube::@eugeniasaldana8714,boca,1,9,4,YouTube
YouTube::@eveliadelgado5803,mero,2,7,4,YouTube
YouTube::@eveliadelgado5803,involucrado,1,12,1,YouTube
YouTube::@eveliadelgado5803,cinico,1,7,4,YouTube
YouTube::@eveliadelgado5803,dejar,1,9,0,YouTube
YouTube::@eveliadelgado5803,querer,1,11,0,YouTube
YouTube::@evelynsauceda3325,vivir,2,8,2,YouTube
YouTube::@evelynsauceda3325,frontera,2,11,0,YouTube
YouTube::@evelynsauceda3325,ley,2,11,1,YouTube
YouTube::@evelynsauceda3325,agarrar,2,12,1,YouTube
YouTube::@evelynsauceda3325,salir,2,11,0,YouTube
YouTube::@evelynsauceda3325,diario,1,3,0,YouTube
YouTube::@evelynsauceda3325,puro,1,12,3,YouTube
YouTube::@evelynsauceda3325,papel,1,5,3,YouTube
YouTube::@evelynsauceda3325,pez,1,12,1,YouTube
YouTube::@evelynsauceda3325,gordo,1,11,0,YouTube
YouTube::@evelynsauceda3325,region,1,1,2,YouTube
YouTube::@evelynsauceda3325,ojala,1,9,0,YouTube
YouTube::@evelynsauceda3325,madre,1,10,3,YouTube
YouTube::@evelynsauceda3325,cuba,1,10,5,YouTube
YouTube::@evelynsauceda3325,pasar,1,11,3,YouTube
YouTube::@evelynsauceda3325,guardia,1,6,2,YouTube
YouTube::@evelynsauceda3325,estatal,1,0,3,YouTube
YouTube::@evelynsauceda3325,pagar,1,11,4,YouTube
YouTube::@evelynsauceda3325,semana,1,4,5,YouTube
YouTube::@evelynsauceda3325,luz,1,3,1,YouTube
YouTube::@falconmor2218,ridiculo,1,10,4,YouTube
YouTube::@falconmor2218,pumas,1,5,2,YouTube
YouTube::@falconmor2218,equipo,1,13,3,YouTube
YouTube::@falconmor2218,confianza,1,2,0,YouTube
YouTube::@falconmor2218,eliminar,1,4,0,YouTube
YouTube::@falconmor2218,cancha,1,14,4,YouTube
YouTube::@fcorivasll,presentar,1,10,0,YouTube
YouTube::@fcorivasll,andy,1,12,2,YouTube
YouTube::@fcorivasll,coahuila,1,5,2,YouTube
YouTube::@fcorivasll,manejo,1,11,1,YouTube
YouTube::@fcorivasll,partido,1,4,0,YouTube
YouTube::@fcorivasll,proceso,1,3,3,YouTube
YouTube::@fcorivasll,electoral,1,11,5,YouTube
YouTube::@fcorivasll,juicio,1,11,1,YouTube
YouTube::@fcorivasll,texas,1,6,-1,YouTube
YouTube::@federicoguzman3929,excelente,1,2,1,YouTube
YouTube::@federicoguzman3929,mexicano,1,4,1,YouTube
YouTube::@federicoguzman3929,cambiar,1,2,0,YouTube
YouTube::@federicoguzman3929,historia,1,1,3,YouTube
YouTube::@federicoguzman3929,zona,1,0,1,YouTube
YouTube::@federicoguzman3929,donde,1,12,2,YouTube
YouTube::@federicoguzman3929,reunir,1,1,3,YouTube
YouTube::@federicoguzman3929,sufrir,1,6,2,YouTube
YouTube::@federicoguzman3929,policia,1,13,4,YouTube
YouTube::@felipecoria2024,ridiculo,2,10,4,YouTube
YouTube::@felipecoria2024,ganar,1,10,2,YouTube
YouTube::@felipecoria2024,jugar,1,3,4,YouTube
YouTube::@felipecoria2024,querer,1,11,0,YouTube
YouTube::@felipecoria2024,afectar,1,0,1,YouTube
YouTube::@felipecoria2024,verguenza,1,12,0,YouTube
YouTube::@felipecoria2024,entender,1,11,4,YouTube
YouTube::@felipecoria2024,gente,1,6,2,YouTube
YouTube::@felipecoria2024,futbol,1,1,3,YouTube
YouTube::@felipegasca5719,justicia,1,11,1,YouTube
YouTube::@felipegasca5719,personaje,1,12,0,YouTube
YouTube::@felipegasca5719,esperar,1,4,0,YouTube
YouTube::@felipegasca5719,humano,1,9,0,YouTube
YouTube::@felipegasca5719,adan,1,12,2,YouTube
YouTube::@felipegasca5719,lista,1,12,1,YouTube
YouTube::@felipegasca5719,eeuu,1,12,0,YouTube
YouTube::@felixvelazquez7212,traidor,2,11,1,YouTube
YouTube::@felixvelazquez7212,ley,1,11,1,YouTube
YouTube::@felixvelazquez7212,corrupto,1,12,4,YouTube
YouTube::@felixvelazquez7212,vender,1,12,1,YouTube
YouTube::@felixvelazquez7212,patria,1,12,1,YouTube
YouTube::@ferimart,listo,1,10,0,YouTube
YouTube::@ferimart,generar,1,13,2,YouTube
YouTube::@ferimart,impacto,1,11,2,YouTube
YouTube::@ferimart,economia,1,1,2,YouTube
YouTube::@ferimart,ingreso,1,4,5,YouTube
YouTube::@ferimart,basico,1,6,0,YouTube
YouTube::@ferimart,permitir,1,14,0,YouTube
YouTube::@ferimart,necesidad,1,2,0,YouTube
YouTube::@ferimart,ofrecer,1,3,2,YouTube
YouTube::@ferimart,oportunidad,1,13,2,YouTube
YouTube::@ferimart,actividad,1,1,0,YouTube
YouTube::@ferimart,continuar,1,14,0,YouTube
YouTube::@ferimart,formacion,1,7,3,YouTube
YouTube::@ferimart,academico,1,1,2,YouTube
YouTube::@ferimart,linea,1,4,2,YouTube
YouTube::@ferimart,desarrollar,1,4,2,YouTube
YouTube::@ferimart,proyecto,1,14,4,YouTube
YouTube::@ferimart,personal,1,0,2,YouTube
YouTube::@ferimart,musica,1,1,1,YouTube
YouTube::@ferimart,arte,1,1,1,YouTube
YouTube::@ferimart,pintura,1,14,1,YouTube
YouTube::@ferimart,investigacion,1,5,3,YouTube
YouTube::@ferimart,consecuencia,1,9,0,YouTube
YouTube::@ferimart,promover,1,1,0,YouTube
YouTube::@ferimart,entorno,1,3,2,YouTube
YouTube::@ferimart,economico,1,13,2,YouTube
YouTube::@ferimart,flujo,1,9,1,YouTube
YouTube::@ferimart,nivel,1,4,2,YouTube
YouTube::@ferimart,pobre,1,12,0,YouTube
YouTube::@ferimart,menor,1,7,3,YouTube
YouTube::@ferimart,actuar,1,9,0,YouTube
YouTube::@fernandoadrianramirezzaval4601,santo,1,8,2,YouTube
YouTube::@fernandoadrianramirezzaval4601,gloria,1,4,1,YouTube
YouTube::@fernandoadrianramirezzaval4601,paz,1,1,0,YouTube
YouTube::@fernandoadrianramirezzaval4601,sentido,1,10,4,YouTube
YouTube::@fernandoadrianramirezzaval4601,familia,1,1,0,YouTube
YouTube::@fernandomendoza4978,mexico,2,12,0,YouTube
YouTube::@fernandomendoza4978,presidenta,1,8,0,YouTube
YouTube::@fernandomendoza4978,disfrutar,1,1,0,YouTube
YouTube::@fernandomendoza4978,futbol,1,1,3,YouTube
YouTube::@fernandomendoza4978,gol,1,12,0,YouTube
YouTube::@ferrarusupremeworks8048,pais,2,12,0,YouTube
YouTube::@ferrarusupremeworks8048,sigar,1,8,0,YouTube
YouTube::@ferrarusupremeworks8048,transformar,1,2,0,YouTube
YouTube::@ferrarusupremeworks8048,calidad,1,2,2,YouTube
YouTube::@ferrarusupremeworks8048,gente,1,6,2,YouTube
YouTube::@ferrarusupremeworks8048,millon,1,12,0,YouTube
YouTube::@fidenciomoralesh8819,mexicano,9,4,1,YouTube
YouTube::@fidenciomoralesh8819,narco,3,12,4,YouTube
YouTube::@fidenciomoralesh8819,dinero,3,12,5,YouTube
YouTube::@fidenciomoralesh8819,fiscal,2,12,2,YouTube
YouTube::@fidenciomoralesh8819,corrupcion,2,12,5,YouTube
YouTube::@fidenciomoralesh8819,petroleo,2,11,6,YouTube
YouTube::@fidenciomoralesh8819,cuba,2,10,5,YouTube
YouTube::@fidenciomoralesh8819,traidor,2,11,1,YouTube
YouTube::@fidenciomoralesh8819,militar,2,11,1,YouTube
YouTube::@fidenciomoralesh8819,mando,1,11,3,YouTube
YouTube::@fidenciomoralesh8819,inseguridad,1,11,6,YouTube
YouTube::@fidenciomoralesh8819,bola,1,11,3,YouTube
YouTube::@fidenciomoralesh8819,venta,1,10,0,YouTube
YouTube::@fidenciomoralesh8819,armas,1,12,3,YouTube
YouTube::@fidenciomoralesh8819,camion,1,7,0,YouTube
YouTube::@fidenciomoralesh8819,robar,1,12,5,YouTube
YouTube::@fidenciomoralesh8819,gratis,1,4,3,YouTube
YouTube::@fidenciomoralesh8819,traicion,1,12,5,YouTube
YouTube::@fidenciomoralesh8819,pueblo,1,11,5,YouTube
YouTube::@fidenciomoralesh8819,cdmx,1,5,2,YouTube
YouTube::@fidenciomoralesh8819,violencia,1,1,0,YouTube
YouTube::@fidenciomoralesh8819,ladron,1,12,5,YouTube
YouTube::@fidenciomoralesh8819,ala,1,12,0,YouTube
YouTube::@fidenciomoralesh8819,patria,1,12,1,YouTube
YouTube::@filibertojuarez9275,pasar,3,11,3,YouTube
YouTube::@filibertojuarez9275,puro,2,12,3,YouTube
YouTube::@filibertojuarez9275,ahorita,1,9,0,YouTube
YouTube::@filibertojuarez9275,tocar,1,11,2,YouTube
YouTube::@filibertojuarez9275,nombre,1,12,2,YouTube
YouTube::@filibertojuarez9275,hablar,1,11,0,YouTube
YouTube::@filibertojuarez9275,mierda,1,10,4,YouTube
YouTube::@filibertojuarez9275,lopez,1,12,2,YouTube
YouTube::@filibertojuarez9275,salir,1,11,0,YouTube
YouTube::@filibertojuarez9275,mexico,1,12,0,YouTube
YouTube::@filibertojuarez9275,periodista,1,6,-1,YouTube
YouTube::@filibertojuarez9275,gente,1,6,2,YouTube
YouTube::@filibertojuarez9275,ignorante,1,9,0,YouTube
YouTube::@fillgreyreyes7725,preguntar,1,10,4,YouTube
YouTube::@fillgreyreyes7725,servicio,1,2,2,YouTube
YouTube::@fillgreyreyes7725,transporte,1,12,-1,YouTube
YouTube::@fillgreyreyes7725,urbano,1,14,2,YouTube
YouTube::@fillgreyreyes7725,quejar,1,9,1,YouTube
YouTube::@fillgreyreyes7725,pedir,1,11,0,YouTube
YouTube::@fillgreyreyes7725,precio,1,11,4,YouTube
YouTube::@fillgreyreyes7725,pesos,1,13,3,YouTube
YouTube::@fillgreyreyes7725,gobierno,1,12,3,YouTube
YouTube::@fillgreyreyes7725,vender,1,12,1,YouTube
YouTube::@fillgreyreyes7725,combustible,1,12,5,YouTube
YouTube::@fillgreyreyes7725,huachicol,1,12,2,YouTube
YouTube::@fillgreyreyes7725,mantener,1,7,0,YouTube
YouTube::@franciscocardona5505,ojala,1,9,0,YouTube
YouTube::@franciscocardona5505,pasar,1,11,3,YouTube
YouTube::@franciscocardona5505,pais,1,12,0,YouTube
YouTube::@franciscocardona5505,parar,1,11,0,YouTube
YouTube::@franciscocardona5505,cuarto,1,4,0,YouTube
YouTube::@franciscocardona5505,huachicol,1,12,2,YouTube
YouTube::@franciscocardona5505,fiscal,1,12,2,YouTube
YouTube::@franciscocardona5505,show,1,8,3,YouTube
YouTube::@franciscocardona5505,lopez,1,12,2,YouTube
YouTube::@franciscocardona5505,dia,1,6,0,YouTube
YouTube::@franciscocardona5505,millonario,1,14,1,YouTube
YouTube::@franciscocardona5505,presidenta,1,8,0,YouTube
YouTube::@franciscocardona5505,robo,1,12,1,YouTube
YouTube::@franciscocardona5505,morena,1,12,4,YouTube
YouTube::@franciscojavierbarrongomez7995,caer,2,12,1,YouTube
YouTube::@franciscojavierbarrongomez7995,amlo,2,12,4,YouTube
YouTube::@franciscojavierbarrongomez7995,claudia,1,12,0,YouTube
YouTube::@franciscojavierbarrongomez7995,mal,1,4,1,YouTube
YouTube::@franciscojavierbarrongomez7995,defender,1,11,0,YouTube
YouTube::@franciscojavierbarrongomez7995,argentina,1,12,1,YouTube
YouTube::@franciscojavierbarrongomez7995,vengar,1,12,0,YouTube
YouTube::@franciscojaviergonzalezpad676,ojala,1,9,0,YouTube
YouTube::@franciscojaviergonzalezpad676,pronto,1,11,3,YouTube
YouTube::@franciscojaviergonzalezpad676,huachicol,1,12,2,YouTube
YouTube::@franciscojaviergonzalezpad676,fiscal,1,12,2,YouTube
YouTube::@franciscojaviergonzalezpad676,andres,1,12,2,YouTube
YouTube::@franciscojaviergonzalezpad676,manuel,1,12,2,YouTube
YouTube::@franciscojaviergonzalezpad676,lopez,1,12,2,YouTube
YouTube::@franciscojaviergonzalezpad676,obrador,1,12,2,YouTube
YouTube::@franciscojaviergonzalezpad676,marino,1,12,1,YouTube
YouTube::@franciscojaviergonzalezpad676,caer,1,12,1,YouTube
YouTube::@franciscojaviergonzalezpad676,proteger,1,9,2,YouTube
YouTube::@franciscojaviergonzalezpad676,criminal,1,12,4,YouTube
YouTube::@franciscojaviergutierrezgu7196,hola,1,10,1,YouTube
YouTube::@franciscojaviergutierrezgu7196,mujeres,1,8,0,YouTube
YouTube::@franciscojaviergutierrezgu7196,hermoso,1,8,0,YouTube
YouTube::@franciscojaviergutierrezgu7196,tamaulipeca,1,5,1,YouTube
YouTube::@franciscojaviergutierrezgu7196,dia,1,6,0,YouTube
YouTube::@franciscojaviergutierrezgu7196,presentar,1,10,0,YouTube
YouTube::@franciscojaviergutierrezgu7196,comunidad,1,3,0,YouTube
YouTube::@franciscojaviergutierrezgu7196,santa,1,13,3,YouTube
YouTube::@franciscojaviergutierrezgu7196,monica,1,3,0,YouTube
YouTube::@franciscojaviergutierrezgu7196,tianguis,1,10,0,YouTube
YouTube::@franciscojaviergutierrezgu7196,asistir,1,8,2,YouTube
YouTube::@franciscojaviergutierrezgu7196,esperar,1,4,0,YouTube
YouTube::@franciscojaviergutierrezgu7196,respuesta,1,0,4,YouTube
YouTube::@franciscojaviergutierrezgu7196,gracias,1,8,0,YouTube
YouTube::@franciscomendoza3269,persona,1,4,3,YouTube
YouTube::@franciscomendoza3269,tomar,1,4,2,YouTube
YouTube::@franciscomendoza3269,sol,1,5,1,YouTube
YouTube::@franciscomendoza3269,ventana,1,3,1,YouTube
YouTube::@franciscomendoza3269,palacio,1,12,0,YouTube
YouTube::@franciscomendoza3269,quedar,1,11,0,YouTube
YouTube::@franciscomendoza3269,historia,1,1,3,YouTube
YouTube::@franciscomendoza3269,verguenza,1,12,0,YouTube
YouTube::@franciscomendoza3269,mexico,1,12,0,YouTube
YouTube::@franciscomendoza3269,baile,1,8,1,YouTube
YouTube::@franciscomendoza3269,participar,1,10,2,YouTube
YouTube::@franciscomercell543,servir,1,6,2,YouTube
YouTube::@franciscomercell543,principio,1,11,0,YouTube
YouTube::@franciscomercell543,mentir,1,12,0,YouTube
YouTube::@franciscomercell543,dano,1,4,1,YouTube
YouTube::@franciscomercell543,cuando,1,12,2,YouTube
YouTube::@franciscomercell543,seguir,1,2,0,YouTube
YouTube::@franciscomercell543,destruir,1,12,3,YouTube
YouTube::@franciscomercell543,mexico,1,12,0,YouTube
YouTube::@fredygutierrez7737,mundo,2,11,0,YouTube
YouTube::@fredygutierrez7737,imaginar,1,12,4,YouTube
YouTube::@fredygutierrez7737,presidente,1,14,2,YouTube
YouTube::@fredygutierrez7737,trump,1,12,1,YouTube
YouTube::@fredygutierrez7737,jajajaja,1,12,4,YouTube
YouTube::@fredygutierrez7737,pais,1,12,0,YouTube
YouTube::@fredygutierrez7737,corrupto,1,12,4,YouTube
YouTube::@fulangator,tomar,1,4,2,YouTube
YouTube::@fulangator,sol,1,5,1,YouTube
YouTube::@fulangator,ventana,1,3,1,YouTube
YouTube::@fulangator,mentira,1,11,6,YouTube
YouTube::@fulangator,casa,1,3,1,YouTube
YouTube::@g0lemmx727,policia,1,13,4,YouTube
YouTube::@g0lemmx727,argentina,1,12,1,YouTube
YouTube::@g0lemmx727,tierra,1,6,2,YouTube
YouTube::@g0lemmx727,internacional,1,13,1,YouTube
YouTube::@g0lemmx727,azteca,1,4,0,YouTube
YouTube::@g0lemmx727,crear,1,8,4,YouTube
YouTube::@g0lemmx727,existir,1,10,1,YouTube
YouTube::@gabrielaAlcántara-v3i,mascota,2,8,2,YouTube
YouTube::@gabrielaAlcántara-v3i,deber,1,11,1,YouTube
YouTube::@gabrielaAlcántara-v3i,pobre,1,12,0,YouTube
YouTube::@gabrielaAlcántara-v3i,terrible,1,7,4,YouTube
YouTube::@gabrielaAlcántara-v3i,medio,1,8,2,YouTube
YouTube::@gabrielaAlcántara-v3i,necesidad,1,2,0,YouTube
YouTube::@gabrielaAlcántara-v3i,rico,1,8,2,YouTube
YouTube::@gabrielaAlcántara-v3i,familia,1,1,0,YouTube
YouTube::@gabrielaAlcántara-v3i,animal,1,8,2,YouTube
YouTube::@gabrielacontreras2640,senora,1,9,0,YouTube
YouTube::@gabrielacontreras2640,hablar,1,11,0,YouTube
YouTube::@gabrielacontreras2640,responder,1,13,4,YouTube
YouTube::@gabrielacontreras2640,adulto,1,6,-1,YouTube
YouTube::@gabrielacontreras2640,acto,1,6,3,YouTube
YouTube::@gabrielapuentedeffour7098,puro,1,12,3,YouTube
YouTube::@gabrielapuentedeffour7098,unico,1,11,4,YouTube
YouTube::@gabrielapuentedeffour7098,mover,1,9,0,YouTube
YouTube::@gabrielapuentedeffour7098,huachicol,1,12,2,YouTube
YouTube::@gabrielapuentedeffour7098,empresa,1,13,2,YouTube
YouTube::@gabrielapuentedeffour7098,vivir,1,8,2,YouTube
YouTube::@gabrielapuentedeffour7098,persona,1,4,3,YouTube
YouTube::@gabrielfranco8893,ridiculo,2,10,4,YouTube
YouTube::@gabrielfranco8893,aplicar,1,11,1,YouTube
YouTube::@gabrielfranco8893,gana,1,11,3,YouTube
YouTube::@gabrielfranco8893,tratar,1,10,4,YouTube
YouTube::@gabrielfranco8893,caso,1,10,4,YouTube
YouTube::@gabrielfranco8893,cambio,1,11,3,YouTube
YouTube::@gabrielfranco8893,seguir,1,2,0,YouTube
YouTube::@gabrielfranco8893,cancha,1,14,4,YouTube
YouTube::@gabyolmeda8756,conductor,1,9,4,YouTube
YouTube::@gabyolmeda8756,culpa,1,9,4,YouTube
YouTube::@gabyolmeda8756,pagar,1,11,4,YouTube
YouTube::@gabyolmeda8756,utilizar,1,9,1,YouTube
YouTube::@gabyolmeda8756,calle,1,9,1,YouTube
YouTube::@gabyolmeda8756,auto,1,9,2,YouTube
YouTube::@gabyolmeda8756,grupo,1,13,3,YouTube
YouTube::@gabyolmeda8756,delincuente,1,12,1,YouTube
YouTube::@gabyolmeda8756,parar,1,11,0,YouTube
YouTube::@gabyolmeda8756,via,1,7,0,YouTube
YouTube::@gabyolmeda8756,publico,1,14,3,YouTube
YouTube::@gabyolmeda8756,cometer,1,11,4,YouTube
YouTube::@gabyolmeda8756,delito,1,11,4,YouTube
YouTube::@gabyolmeda8756,pedir,1,11,0,YouTube
YouTube::@gabyolmeda8756,autoridad,1,0,3,YouTube
YouTube::@gabyolmeda8756,dejar,1,9,0,YouTube
YouTube::@gabyolmeda8756,libre,1,1,0,YouTube
YouTube::@gabyolmeda8756,buscar,1,5,1,YouTube
YouTube::@gallyalvarez4814,entrar,1,4,1,YouTube
YouTube::@gallyalvarez4814,eeuu,1,12,0,YouTube
YouTube::@gallyalvarez4814,caso,1,10,4,YouTube
YouTube::@gallyalvarez4814,andy,1,12,2,YouTube
YouTube::@gallyalvarez4814,adan,1,12,2,YouTube
YouTube::@gallyalvarez4814,justicia,1,11,1,YouTube
YouTube::@gallyalvarez4814,confianza,1,2,0,YouTube
YouTube::@georgenavas645,tocar,2,11,2,YouTube
YouTube::@georgenavas645,abrazo,1,11,2,YouTube
YouTube::@georgenavas645,familia,1,1,0,YouTube
YouTube::@georgenavas645,necesario,1,0,3,YouTube
YouTube::@georgenavas645,pais,1,12,0,YouTube
YouTube::@georgenavas645,senor,1,12,0,YouTube
YouTube::@georgenavas645,perdida,1,7,1,YouTube
YouTube::@georgenavas645,madre,1,10,3,YouTube
YouTube::@georgenavas645,vida,1,7,4,YouTube
YouTube::@georgenavas645,seguir,1,2,0,YouTube
YouTube::@georgenavas645,gracias,1,8,0,YouTube
YouTube::@geraelprincipeencantadocar4820,viva,1,12,0,YouTube
YouTube::@geraelprincipeencantadocar4820,cuarto,1,4,0,YouTube
YouTube::@geraelprincipeencantadocar4820,transformacion,1,14,1,YouTube
YouTube::@geraelprincipeencantadocar4820,cartel,1,4,5,YouTube
YouTube::@geraelprincipeencantadocar4820,caer,1,12,1,YouTube
YouTube::@geramorales1561,empezar,1,12,3,YouTube
YouTube::@geramorales1561,limpio,1,7,0,YouTube
YouTube::@geramorales1561,programa,1,2,3,YouTube
YouTube::@geramorales1561,social,1,2,3,YouTube
YouTube::@geramorales1561,beneficio,1,2,3,YouTube
YouTube::@geramorales1561,funcionario,1,6,2,YouTube
YouTube::@geramorales1561,familiar,1,4,0,YouTube
YouTube::@geramorales1561,grande,1,1,0,YouTube
YouTube::@geramorales1561,complice,1,11,4,YouTube
YouTube::@geramorales1561,malo,1,11,4,YouTube
YouTube::@geramorales1561,manejo,1,11,1,YouTube
YouTube::@geramorales1561,corrupcion,1,12,5,YouTube
YouTube::@geramorales1561,gente,1,6,2,YouTube
YouTube::@gerardoamadorluna6663,prueba,2,12,3,YouTube
YouTube::@gerardoamadorluna6663,sentir,1,11,4,YouTube
YouTube::@gerardoamadorluna6663,encontrar,1,7,4,YouTube
YouTube::@gerardoamadorluna6663,pemex,1,12,3,YouTube
YouTube::@gerardoamadorluna6663,mexico,1,12,0,YouTube
YouTube::@gerardoamadorluna6663,unido,1,4,6,YouTube
YouTube::@gerardofranco5372,mexico,2,12,0,YouTube
YouTube::@gerardofranco5372,entregar,1,6,2,YouTube
YouTube::@gerardofranco5372,directo,1,12,3,YouTube
YouTube::@gerardofranco5372,mano,1,6,0,YouTube
YouTube::@gerardofranco5372,gringo,1,12,4,YouTube
YouTube::@gerardofranco5372,traer,1,11,0,YouTube
YouTube::@gerardogarcia509,caer,2,12,1,YouTube
YouTube::@gerardogarcia509,impunidad,1,12,1,YouTube
YouTube::@gerardogarcia509,pagar,1,11,4,YouTube
YouTube::@gerardogarcia509,robar,1,12,5,YouTube
YouTube::@germanomana4040,mexico,5,12,0,YouTube
YouTube::@germanomana4040,traidor,2,11,1,YouTube
YouTube::@germanomana4040,boca,1,9,4,YouTube
YouTube::@germanomana4040,guardia,1,6,2,YouTube
YouTube::@germanomana4040,nacional,1,4,2,YouTube
YouTube::@germanomana4040,viva,1,12,0,YouTube
YouTube::@germanomana4040,mundo,1,11,0,YouTube
YouTube::@germanomana4040,patria,1,12,1,YouTube
YouTube::@germanomana4040,hablar,1,11,0,YouTube
YouTube::@germanomana4040,querido,1,11,2,YouTube
YouTube::@germanomana4040,verguenza,1,12,0,YouTube
YouTube::@gigo24betmej,deber,2,11,1,YouTube
YouTube::@gigo24betmej,alguien,2,11,4,YouTube
YouTube::@gigo24betmej,falta,1,11,0,YouTube
YouTube::@gigo24betmej,gustar,1,6,0,YouTube
YouTube::@gigo24betmej,exigir,1,11,4,YouTube
YouTube::@gigo24betmej,derecho,1,10,3,YouTube
YouTube::@gigo24betmej,ley,1,11,1,YouTube
YouTube::@gigo24betmej,final,1,10,2,YouTube
YouTube::@gigo24betmej,pumas,1,5,2,YouTube
YouTube::@gigo24betmej,sacar,1,11,3,YouTube
YouTube::@gigo24betmej,domingo,1,4,5,YouTube
YouTube::@gigo24betmej,volver,1,12,2,YouTube
YouTube::@gigo24betmej,mano,1,6,0,YouTube
YouTube::@gigos76,querer,1,11,0,YouTube
YouTube::@gigos76,partido,1,4,0,YouTube
YouTube::@gigos76,ala,1,12,0,YouTube
YouTube::@gigos76,ganar,1,10,2,YouTube
YouTube::@gigos76,copa,1,13,0,YouTube
YouTube::@gigos76,mundial,1,4,0,YouTube
YouTube::@gigos76,ano,1,11,2,YouTube
YouTube::@gilbertogarcia5127,america,2,10,5,YouTube
YouTube::@gilbertogarcia5127,ridiculo,1,10,4,YouTube
YouTube::@gilbertogarcia5127,defender,1,11,0,YouTube
YouTube::@gilbertogarcia5127,claro,1,4,3,YouTube
YouTube::@gilbertogarcia5127,favor,1,11,5,YouTube
YouTube::@giorgiokings8275,rato,1,12,-1,YouTube
YouTube::@giorgiokings8275,salir,1,11,0,YouTube
YouTube::@giorgiokings8275,banda,1,1,1,YouTube
YouTube::@giorgiokings8275,amlo,1,12,4,YouTube
YouTube::@giorgiokings8275,hijo,1,12,4,YouTube
YouTube::@giorgiokings8275,adan,1,12,2,YouTube
YouTube::@giorgiokings8275,augusto,1,12,2,YouTube
YouTube::@gloriaestherbricenoalcaraz3593,rata,1,4,1,YouTube
YouTube::@gloriaestherbricenoalcaraz3593,puesto,1,9,0,YouTube
YouTube::@gloriaestherbricenoalcaraz3593,marina,1,6,0,YouTube
YouTube::@gloriaestherbricenoalcaraz3593,importante,1,13,0,YouTube
YouTube::@gloriaestherbricenoalcaraz3593,robar,1,12,5,YouTube
YouTube::@gloriaestherbricenoalcaraz3593,delincuente,1,12,1,YouTube
YouTube::@gloriaestherbricenoalcaraz3593,carcel,1,12,1,YouTube
YouTube::@graamae,lamentable,2,9,4,YouTube
YouTube::@graamae,conductor,2,9,4,YouTube
YouTube::@graamae,tragedia,1,9,4,YouTube
YouTube::@graamae,san,1,10,1,YouTube
YouTube::@graamae,baja,1,10,3,YouTube
YouTube::@graamae,sur,1,14,2,YouTube
YouTube::@graamae,comenzar,1,7,0,YouTube
YouTube::@graamae,celebracion,1,8,1,YouTube
YouTube::@graamae,victoria,1,11,0,YouTube
YouTube::@graamae,seleccion,1,4,0,YouTube
YouTube::@graamae,mexicana,1,4,0,YouTube
YouTube::@graamae,terminar,1,11,3,YouTube
YouTube::@graamae,festejo,1,8,1,YouTube
YouTube::@graamae,triunfo,1,11,2,YouTube
YouTube::@graamae,mexico,1,12,0,YouTube
YouTube::@graamae,aficionado,1,4,0,YouTube
YouTube::@graamae,coche,1,9,4,YouTube
YouTube::@graamae,persona,1,4,3,YouTube
YouTube::@graamae,alcanzar,1,6,1,YouTube
YouTube::@graamae,bajar,1,11,0,YouTube
YouTube::@graamae,vehiculo,1,7,2,YouTube
YouTube::@graamae,numero,1,10,0,YouTube
YouTube::@graamae,encontrar,1,7,4,YouTube
YouTube::@graamae,familia,1,1,0,YouTube
YouTube::@graamae,auto,1,9,2,YouTube
YouTube::@gracielaperezsanchez3262,gobierno,1,12,3,YouTube
YouTube::@gracielaperezsanchez3262,ciudad,1,13,1,YouTube
YouTube::@gracielaperezsanchez3262,politica,1,9,2,YouTube
YouTube::@gracielaperezsanchez3262,totalmente,1,3,4,YouTube
YouTube::@gracielaperezsanchez3262,lamentable,1,9,4,YouTube
YouTube::@gracielaperezsanchez3262,gustar,1,6,0,YouTube
YouTube::@gracielaperezsanchez3262,vivir,1,8,2,YouTube
YouTube::@gracielasantiago3234,senora,1,9,0,YouTube
YouTube::@gracielasantiago3234,favor,1,11,5,YouTube
YouTube::@gracielasantiago3234,publico,1,14,3,YouTube
YouTube::@gracielasantiago3234,autoridad,1,0,3,YouTube
YouTube::@gracielasantiago3234,creer,1,12,3,YouTube
YouTube::@gracielasantiago3234,cualquiera,1,6,2,YouTube
YouTube::@gracielasantiago3234,menor,1,7,3,YouTube
YouTube::@gregoriotejero933,felicidades,1,8,0,YouTube
YouTube::@gregoriotejero933,senor,1,12,0,YouTube
YouTube::@gregoriotejero933,video,1,11,2,YouTube
YouTube::@gregoriotejero933,gracias,1,8,0,YouTube
YouTube::@gregoriotejero933,abrazo,1,11,2,YouTube
YouTube::@greldaiselachavezvelez7549,pueblo,2,11,5,YouTube
YouTube::@greldaiselachavezvelez7549,huachicol,1,12,2,YouTube
YouTube::@greldaiselachavezvelez7549,fiscal,1,12,2,YouTube
YouTube::@greldaiselachavezvelez7549,mexico,1,12,0,YouTube
YouTube::@gustavobalpitt1973,ley,2,11,1,YouTube
YouTube::@gustavobalpitt1973,dia,1,6,0,YouTube
YouTube::@gustavobalpitt1973,tomar,1,4,2,YouTube
YouTube::@gustavobalpitt1973,deportivo,1,1,4,YouTube
YouTube::@gustavobalpitt1973,serio,1,11,0,YouTube
YouTube::@gustavobalpitt1973,america,1,10,5,YouTube
YouTube::@gustavobalpitt1973,cambio,1,11,3,YouTube
YouTube::@gustavobalpitt1973,ridiculo,1,10,4,YouTube
YouTube::@gustavobalpitt1973,juicio,1,11,1,YouTube
YouTube::@gustavohernandezbustos947,madre,1,10,3,YouTube
YouTube::@gustavohernandezbustos947,responsable,1,3,2,YouTube
YouTube::@gustavohernandezbustos947,pasar,1,11,3,YouTube
YouTube::@gustavohernandezbustos947,caida,1,12,-1,YouTube
YouTube::@gustavohernandezbustos947,gobernadora,1,12,1,YouTube
YouTube::@gustavohernandezbustos947,chihuahua,1,12,1,YouTube
YouTube::@gustavohernandezbustos947,dejar,1,9,0,YouTube
YouTube::@gustavohernandezbustos947,familia,1,1,0,YouTube
YouTube::@gustavohernandezbustos947,lopez,1,12,2,YouTube
YouTube::@gustavohernandezbustos947,augusto,1,12,2,YouTube
YouTube::@gustavohernandezbustos947,narco,1,12,4,YouTube
YouTube::@gustavohernandezbustos947,politicos,1,12,4,YouTube
YouTube::@gustavohernandezbustos947,morena,1,12,4,YouTube
YouTube::@gustavohernandezbustos947,juez,1,10,3,YouTube
YouTube::@hardyhardtimez3536,futbol,2,1,3,YouTube
YouTube::@hardyhardtimez3536,gente,2,6,2,YouTube
YouTube::@hardyhardtimez3536,corrupcion,1,12,5,YouTube
YouTube::@hardyhardtimez3536,malo,1,11,4,YouTube
YouTube::@hardyhardtimez3536,ridiculo,1,10,4,YouTube
YouTube::@hardyhardtimez3536,creer,1,12,3,YouTube
YouTube::@hardyhardtimez3536,razon,1,8,4,YouTube
YouTube::@hardyhardtimez3536,problema,1,12,0,YouTube
YouTube::@hardyhardtimez3536,mexicano,1,4,1,YouTube
YouTube::@hardyhardtimez3536,ignorante,1,9,0,YouTube
YouTube::@hardyhardtimez3536,corrupto,1,12,4,YouTube
YouTube::@hcxtr55,ley,1,11,1,YouTube
YouTube::@hcxtr55,traidor,1,11,1,YouTube
YouTube::@hcxtr55,hijo,1,12,4,YouTube
YouTube::@hcxtr55,dejar,1,9,0,YouTube
YouTube::@hcxtr55,caer,1,12,1,YouTube
YouTube::@hcxtr55,politico,1,12,4,YouTube
YouTube::@hcxtr55,corrupto,1,12,4,YouTube
YouTube::@hcxtr55,esperar,1,4,0,YouTube
YouTube::@hcxtr55,humano,1,9,0,YouTube
YouTube::@hcxtr55,carcel,1,12,1,YouTube
YouTube::@hdz474,municipio,2,14,2,YouTube
YouTube::@hdz474,local,1,1,2,YouTube
YouTube::@hdz474,evento,1,8,1,YouTube
YouTube::@hdz474,vivo,1,5,1,YouTube
YouTube::@hdz474,tamaulipas,1,5,1,YouTube
YouTube::@hectorjavierverasteguibara5181,equipo,7,13,3,YouTube
YouTube::@hectorjavierverasteguibara5181,deber,4,11,1,YouTube
YouTube::@hectorjavierverasteguibara5181,futbol,4,1,3,YouTube
YouTube::@hectorjavierverasteguibara5181,america,3,10,5,YouTube
YouTube::@hectorjavierverasteguibara5181,presidente,3,14,2,YouTube
YouTube::@hectorjavierverasteguibara5181,liga,2,10,4,YouTube
YouTube::@hectorjavierverasteguibara5181,profesional,2,13,5,YouTube
YouTube::@hectorjavierverasteguibara5181,manejar,2,9,4,YouTube
YouTube::@hectorjavierverasteguibara5181,guadalajara,2,5,2,YouTube
YouTube::@hectorjavierverasteguibara5181,negocio,2,10,4,YouTube
YouTube::@hectorjavierverasteguibara5181,mexicano,2,4,1,YouTube
YouTube::@hectorjavierverasteguibara5181,ridiculo,1,10,4,YouTube
YouTube::@hectorjavierverasteguibara5181,serio,1,11,0,YouTube
YouTube::@hectorjavierverasteguibara5181,respetar,1,10,4,YouTube
YouTube::@hectorjavierverasteguibara5181,ley,1,11,1,YouTube
YouTube::@hectorjavierverasteguibara5181,opinion,1,10,4,YouTube
YouTube::@hectorjavierverasteguibara5181,pensar,1,11,1,YouTube
YouTube::@hectorjavierverasteguibara5181,aplicar,1,11,1,YouTube
YouTube::@hectorjavierverasteguibara5181,acuerdo,1,4,1,YouTube
YouTube::@hectorjavierverasteguibara5181,mano,1,6,0,YouTube
YouTube::@hectorjavierverasteguibara5181,negro,1,3,1,YouTube
YouTube::@hectorjavierverasteguibara5181,creer,1,12,3,YouTube
YouTube::@hectorjavierverasteguibara5181,amigo,1,9,2,YouTube
YouTube::@hectorjavierverasteguibara5181,empresa,1,13,2,YouTube
YouTube::@hectorjavierverasteguibara5181,comprar,1,4,6,YouTube
YouTube::@hectorjavierverasteguibara5181,sistema,1,0,4,YouTube
YouTube::@hectorjavierverasteguibara5181,canal,1,9,1,YouTube
YouTube::@hectorjavierverasteguibara5181,unir,1,1,3,YouTube
YouTube::@hectorjavierverasteguibara5181,perez,1,2,2,YouTube
YouTube::@hectorjavierverasteguibara5181,ganar,1,10,2,YouTube
YouTube::@hectorjavierverasteguibara5181,cruz,1,3,1,YouTube
YouTube::@hectorjavierverasteguibara5181,fifa,1,12,0,YouTube
YouTube::@hectorjavierverasteguibara5181,recordar,1,4,2,YouTube
YouTube::@hectorjavierverasteguibara5181,lider,1,12,2,YouTube
YouTube::@hectorjavierverasteguibara5181,francisco,1,9,-1,YouTube
YouTube::@hectorjavierverasteguibara5181,gracia,1,11,2,YouTube
YouTube::@hectorjavierverasteguibara5181,aceptar,1,10,0,YouTube
YouTube::@hectorjavierverasteguibara5181,seleccion,1,4,0,YouTube
YouTube::@hectorjavierverasteguibara5181,mexicana,1,4,0,YouTube
YouTube::@hectorjavierverasteguibara5181,copa,1,13,0,YouTube
YouTube::@hectorramirez2114,hablar,1,11,0,YouTube
YouTube::@hectorramirez2114,caer,1,12,1,YouTube
YouTube::@hectorramirez2114,representar,1,14,1,YouTube
YouTube::@hectorramirez2114,pueblo,1,11,5,YouTube
YouTube::@hectorramirez2114,deberiar,1,9,0,YouTube
YouTube::@heisenbergtherigatonisdad4041,narco,23,12,4,YouTube
YouTube::@heisenbergtherigatonisdad4041,huachicol,9,12,2,YouTube
YouTube::@heisenbergtherigatonisdad4041,hijo,5,12,4,YouTube
YouTube::@heisenbergtherigatonisdad4041,pesos,4,13,3,YouTube
YouTube::@heisenbergtherigatonisdad4041,gato,4,12,0,YouTube
YouTube::@heisenbergtherigatonisdad4041,seguro,3,2,1,YouTube
YouTube::@heisenbergtherigatonisdad4041,norte,3,10,1,YouTube
YouTube::@heisenbergtherigatonisdad4041,delincuencia,2,11,1,YouTube
YouTube::@heisenbergtherigatonisdad4041,pueblo,2,11,5,YouTube
YouTube::@heisenbergtherigatonisdad4041,rata,1,4,1,YouTube
YouTube::@heisenbergtherigatonisdad4041,lopez,1,12,2,YouTube
YouTube::@heisenbergtherigatonisdad4041,politica,1,9,2,YouTube
YouTube::@heisenbergtherigatonisdad4041,unico,1,11,4,YouTube
YouTube::@heisenbergtherigatonisdad4041,ave,1,6,3,YouTube
YouTube::@heisenbergtherigatonisdad4041,comprar,1,4,6,YouTube
YouTube::@heisenbergtherigatonisdad4041,dinero,1,12,5,YouTube
YouTube::@heisenbergtherigatonisdad4041,robo,1,12,1,YouTube
YouTube::@heisenbergtherigatonisdad4041,senor,1,12,0,YouTube
YouTube::@heisenbergtherigatonisdad4041,rey,1,12,-1,YouTube
YouTube::@heisenbergtherigatonisdad4041,presi,1,5,1,YouTube
YouTube::@heisenbergtherigatonisdad4041,ojo,1,4,6,YouTube
YouTube::@heisenbergtherigatonisdad4041,dias,1,12,1,YouTube
YouTube::@heisenbergtherigatonisdad4041,jamas,1,11,4,YouTube
YouTube::@hermilocortes3875,pena,3,12,1,YouTube
YouTube::@hermilocortes3875,patria,2,12,1,YouTube
YouTube::@hermilocortes3875,muerte,2,11,1,YouTube
YouTube::@hermilocortes3875,ciudadano,2,1,0,YouTube
YouTube::@hermilocortes3875,mexicano,2,4,1,YouTube
YouTube::@hermilocortes3875,mayoria,1,11,4,YouTube
YouTube::@hermilocortes3875,castigar,1,11,1,YouTube
YouTube::@hermilocortes3875,aplicar,1,11,1,YouTube
YouTube::@hermilocortes3875,ano,1,11,2,YouTube
YouTube::@hermilocortes3875,publicos,1,14,2,YouTube
YouTube::@hermilocortes3875,valer,1,9,0,YouTube
YouTube::@hermilocortes3875,justicia,1,11,1,YouTube
YouTube::@hermilocortes3875,familia,1,1,0,YouTube
YouTube::@hermilocortes3875,respuesta,1,0,4,YouTube
YouTube::@hermilocortes3875,traidor,1,11,1,YouTube
YouTube::@hermilocortes3875,delincuencia,1,11,1,YouTube
YouTube::@hermilocortes3875,gobierno,1,12,3,YouTube
YouTube::@hermilocortes3875,muerto,1,10,3,YouTube
YouTube::@hildazamarron6410,ojala,1,9,0,YouTube
YouTube::@hildazamarron6410,llamar,1,11,1,YouTube
YouTube::@hildazamarron6410,regresar,1,10,3,YouTube
YouTube::@hildazamarron6410,dinero,1,12,5,YouTube
YouTube::@hildazamarron6410,carcel,1,12,1,YouTube
YouTube::@horaciolopez2577,claudia,1,12,0,YouTube
YouTube::@horaciolopez2577,complice,1,11,4,YouTube
YouTube::@horaciolopez2577,marina,1,6,0,YouTube
YouTube::@horaciolopez2577,ejercito,1,11,1,YouTube
YouTube::@horaciolopez2577,guardia,1,6,2,YouTube
YouTube::@horaciolopez2577,nacional,1,4,2,YouTube
YouTube::@hugomacario4464,persona,1,4,3,YouTube
YouTube::@hugomacario4464,calle,1,9,1,YouTube
YouTube::@hugomacario4464,ridiculo,1,10,4,YouTube
YouTube::@hugomacario4464,presentar,1,10,0,YouTube
YouTube::@hugomacario4464,denuncia,1,13,4,YouTube
YouTube::@hugomacario4464,hora,1,10,1,YouTube
YouTube::@hugoposo6242,gobierno,2,12,3,YouTube
YouTube::@hugoposo6242,dia,1,6,0,YouTube
YouTube::@hugoposo6242,desaparecer,1,8,3,YouTube
YouTube::@hugoposo6242,robar,1,12,5,YouTube
YouTube::@hugoposo6242,lopez,1,12,2,YouTube
YouTube::@hugoposo6242,narco,1,12,4,YouTube
YouTube::@idayrperez4573,llegar,1,10,1,YouTube
YouTube::@idayrperez4573,precio,1,11,4,YouTube
YouTube::@idayrperez4573,liga,1,10,4,YouTube
YouTube::@idayrperez4573,ahorita,1,9,0,YouTube
YouTube::@idayrperez4573,comentario,1,10,2,YouTube
YouTube::@idayrperez4573,objetivo,1,0,1,YouTube
YouTube::@idayrperez4573,pumas,1,5,2,YouTube
YouTube::@idayrperez4573,derecho,1,10,3,YouTube
YouTube::@idayrperez4573,meter,1,11,3,YouTube
YouTube::@idayrperez4573,aplicar,1,11,1,YouTube
YouTube::@idayrperez4573,america,1,10,5,YouTube
YouTube::@idayrperez4573,ridiculo,1,10,4,YouTube
YouTube::@idayrperez4573,cheque,1,4,1,YouTube
YouTube::@idayrperez4573,papa,1,6,0,YouTube
YouTube::@idayrperez4573,unico,1,11,4,YouTube
YouTube::@idayrperez4573,imagen,1,14,2,YouTube
YouTube::@imeldamaguadalupevaldezest3373,deber,2,11,1,YouTube
YouTube::@imeldamaguadalupevaldezest3373,gracias,1,8,0,YouTube
YouTube::@imeldamaguadalupevaldezest3373,informar,1,10,1,YouTube
YouTube::@imeldamaguadalupevaldezest3373,juzgar,1,11,1,YouTube
YouTube::@imeldamaguadalupevaldezest3373,sentir,1,11,4,YouTube
YouTube::@imeldamaguadalupevaldezest3373,pais,1,12,0,YouTube
YouTube::@imeldamontalvo5847,dano,1,4,1,YouTube
YouTube::@imeldamontalvo5847,veracruz,1,5,2,YouTube
YouTube::@imeldamontalvo5847,nefasto,1,7,2,YouTube
YouTube::@imeldamontalvo5847,falso,1,9,0,YouTube
YouTube::@imeldamontalvo5847,bonito,1,8,1,YouTube
YouTube::@imeldamontalvo5847,limpiar,1,9,1,YouTube
YouTube::@imeldamontalvo5847,espacio,1,1,0,YouTube
YouTube::@imeldamontalvo5847,bello,1,8,0,YouTube
YouTube::@imeldamontalvo5847,recibir,1,9,2,YouTube
YouTube::@imeldamontalvo5847,respeto,1,9,4,YouTube
YouTube::@imeldamontalvo5847,turista,1,8,3,YouTube
YouTube::@incognita1505,ganar,1,10,2,YouTube
YouTube::@incognita1505,resultar,1,6,2,YouTube
YouTube::@incognita1505,conductor,1,9,4,YouTube
YouTube::@incognita1505,malo,1,11,4,YouTube
YouTube::@incognita1505,ventana,1,3,1,YouTube
YouTube::@incognita1505,mundo,1,11,0,YouTube
YouTube::@isabelyruela273,video,1,11,2,YouTube
YouTube::@isabelyruela273,vivir,1,8,2,YouTube
YouTube::@isabelyruela273,diferencia,1,2,4,YouTube
YouTube::@isabelyruela273,subir,1,11,2,YouTube
YouTube::@isabelyruela273,precio,1,11,4,YouTube
YouTube::@isabelyruela273,miedo,1,9,0,YouTube
YouTube::@isabelyruela273,mercado,1,8,4,YouTube
YouTube::@isabelyruela273,parecer,1,9,0,YouTube
YouTube::@ishmtnz150,puro,1,12,3,YouTube
YouTube::@ishmtnz150,cheque,1,4,1,YouTube
YouTube::@ishmtnz150,dinero,1,12,5,YouTube
YouTube::@ishmtnz150,banco,1,13,5,YouTube
YouTube::@ishmtnz150,presidente,1,14,2,YouTube
YouTube::@ishmtnz150,hora,1,10,1,YouTube
YouTube::@ishmtnz150,america,1,10,5,YouTube
YouTube::@isisb.1768,gracias,1,8,0,YouTube
YouTube::@isisb.1768,argentina,1,12,1,YouTube
YouTube::@isisb.1768,cosa,1,11,3,YouTube
YouTube::@isisb.1768,mexico,1,12,0,YouTube
YouTube::@isisb.1768,gobernar,1,7,2,YouTube
YouTube::@isisb.1768,partido,1,4,0,YouTube
YouTube::@isisb.1768,corrupto,1,12,4,YouTube
YouTube::@ismaelperez-zm3uq,malo,1,11,4,YouTube
YouTube::@ismaelperez-zm3uq,informacion,1,11,0,YouTube
YouTube::@ismaelperez-zm3uq,mexicanos,1,12,0,YouTube
YouTube::@ismaelperez-zm3uq,creer,1,12,3,YouTube
YouTube::@ismaelperez-zm3uq,noticia,1,11,6,YouTube
YouTube::@ismaelperez-zm3uq,quedar,1,11,0,YouTube
YouTube::@ismaelperez-zm3uq,mal,1,4,1,YouTube
YouTube::@ismaelperez-zm3uq,desaparecer,1,8,3,YouTube
YouTube::@ismaelperez-zm3uq,falso,1,9,0,YouTube
YouTube::@ismaelperez-zm3uq,pri,1,11,5,YouTube
YouTube::@ismaelperez-zm3uq,pan,1,4,1,YouTube
YouTube::@ismaelperez-zm3uq,vender,1,12,1,YouTube
YouTube::@ismaelperez-zm3uq,patria,1,12,1,YouTube
YouTube::@ismaelperez-zm3uq,pueblo,1,11,5,YouTube
YouTube::@ismaelperez-zm3uq,amar,1,4,0,YouTube
YouTube::@ismaelperez-zm3uq,final,1,10,2,YouTube
YouTube::@isramac41605,equipo,2,13,3,YouTube
YouTube::@isramac41605,deber,2,11,1,YouTube
YouTube::@isramac41605,corrupcion,1,12,5,YouTube
YouTube::@isramac41605,tomar,1,4,2,YouTube
YouTube::@isramac41605,aplicar,1,11,1,YouTube
YouTube::@ivani182skato,aplicar,2,11,1,YouTube
YouTube::@ivani182skato,penal,2,10,4,YouTube
YouTube::@ivani182skato,america,2,10,5,YouTube
YouTube::@ivani182skato,normal,1,11,0,YouTube
YouTube::@ivani182skato,ayudar,1,12,1,YouTube
YouTube::@ivani182skato,jamas,1,11,4,YouTube
YouTube::@ivani182skato,comentar,1,11,0,YouTube
YouTube::@ivani182skato,falta,1,11,0,YouTube
YouTube::@ivani182skato,deber,1,11,1,YouTube
YouTube::@ivani182skato,importar,1,6,2,YouTube
YouTube::@ivani182skato,maldito,1,9,0,YouTube
YouTube::@ivani182skato,corrupcion,1,12,5,YouTube
YouTube::@ivani182skato,liga,1,10,4,YouTube
YouTube::@ivani182skato,sentir,1,11,4,YouTube
YouTube::@ivani182skato,senor,1,12,0,YouTube
YouTube::@ivani182skato,justificar,1,9,0,YouTube
YouTube::@ivonnerosario9815,seguro,1,2,1,YouTube
YouTube::@ivonnerosario9815,dinero,1,12,5,YouTube
YouTube::@ivonnerosario9815,criminal,1,12,4,YouTube
YouTube::@ivonnerosario9815,presidente,1,14,2,YouTube
YouTube::@ivonnerosario9815,producto,1,1,2,YouTube
YouTube::@ivonnerosario9815,gracias,1,8,0,YouTube
YouTube::@ivonnerosario9815,medio,1,8,2,YouTube
YouTube::@jacquelinesotoarias7426,chihuahua,2,12,1,YouTube
YouTube::@jacquelinesotoarias7426,pan,2,4,1,YouTube
YouTube::@jacquelinesotoarias7426,caso,1,10,4,YouTube
YouTube::@jacquelinesotoarias7426,cia,1,12,1,YouTube
YouTube::@jacquelinesotoarias7426,claro,1,4,3,YouTube
YouTube::@jacquelinesotoarias7426,ayudar,1,12,1,YouTube
YouTube::@jacquelinesotoarias7426,andrea,1,12,1,YouTube
YouTube::@jacquelinesotoarias7426,quedar,1,11,0,YouTube
YouTube::@jacquelinesotoarias7426,hambre,1,9,-1,YouTube
YouTube::@jacquelinesotoarias7426,joven,1,13,0,YouTube
YouTube::@jacquelinesotoarias7426,conocido,1,11,0,YouTube
YouTube::@jacquelinesotoarias7426,adan,1,12,2,YouTube
YouTube::@jacquelinesotoarias7426,traer,1,11,0,YouTube
YouTube::@jacquelinesotoarias7426,loco,1,11,2,YouTube
YouTube::@jacquelinesotoarias7426,morena,1,12,4,YouTube
YouTube::@jacquelinesotoarias7426,querer,1,11,0,YouTube
YouTube::@jacquelinesotoarias7426,salir,1,11,0,YouTube
YouTube::@jacquelinesotoarias7426,mal,1,4,1,YouTube
YouTube::@jacquelinesotoarias7426,encontrar,1,7,4,YouTube
YouTube::@jasa-z7r,querer,2,11,0,YouTube
YouTube::@jasa-z7r,pinche,1,10,3,YouTube
YouTube::@jasa-z7r,prueba,1,12,3,YouTube
YouTube::@jasa-z7r,leer,1,14,3,YouTube
YouTube::@jasa-z7r,pueblo,1,11,5,YouTube
YouTube::@jasa-z7r,creer,1,12,3,YouTube
YouTube::@javiera-75,casa,1,3,1,YouTube
YouTube::@javiera-75,generar,1,13,2,YouTube
YouTube::@javiera-75,tratar,1,10,4,YouTube
YouTube::@javiera-75,camino,1,6,1,YouTube
YouTube::@javiera-75,facil,1,4,1,YouTube
YouTube::@javierchumacero2127,medio,2,8,2,YouTube
YouTube::@javierchumacero2127,mes,1,4,3,YouTube
YouTube::@javierchumacero2127,aparecer,1,4,2,YouTube
YouTube::@javierchumacero2127,senora,1,9,0,YouTube
YouTube::@javierchumacero2127,ambiente,1,8,2,YouTube
YouTube::@javierchumacero2127,foto,1,4,2,YouTube
YouTube::@javierchumacero2127,lopez,1,12,2,YouTube
YouTube::@javierchumacero2127,tocar,1,11,2,YouTube
YouTube::@javierchumacero2127,limpiar,1,9,1,YouTube
YouTube::@javierchumacero2127,imagen,1,14,2,YouTube
YouTube::@javierlozajaramillo936,mujer,1,10,3,YouTube
YouTube::@javierlozajaramillo936,facil,1,4,1,YouTube
YouTube::@javierlozajaramillo936,llenar,1,1,1,YouTube
YouTube::@javierlozajaramillo936,foto,1,4,2,YouTube
YouTube::@javierlozajaramillo936,video,1,11,2,YouTube
YouTube::@jazzcasarrubias17,justicia,1,11,1,YouTube
YouTube::@jazzcasarrubias17,conductor,1,9,4,YouTube
YouTube::@jazzcasarrubias17,carcel,1,12,1,YouTube
YouTube::@jazzcasarrubias17,sentir,1,11,4,YouTube
YouTube::@jazzcasarrubias17,par,1,6,-1,YouTube
YouTube::@jazzcasarrubias17,loco,1,11,2,YouTube
YouTube::@jesusalvarez4741,saludos,1,11,2,YouTube
YouTube::@jesusalvarez4741,cercano,1,2,3,YouTube
YouTube::@jesusalvarez4741,legado,1,1,3,YouTube
YouTube::@jesusalvarez4741,dejar,1,9,0,YouTube
YouTube::@jesusalvarez4741,historia,1,1,3,YouTube
YouTube::@jesusalvarez4741,colonia,1,2,4,YouTube
YouTube::@jesusalvarez4741,oportuno,1,7,3,YouTube
YouTube::@jesusalvarez4741,agradecer,1,10,0,YouTube
YouTube::@jesusalvarez4741,vista,1,14,1,YouTube
YouTube::@jesusalvarez4741,etapa,1,3,1,YouTube
YouTube::@jesusalvarez4741,recuperar,1,14,2,YouTube
YouTube::@jesusalvarez4741,tierra,1,6,2,YouTube
YouTube::@jesusalvarez4741,republica,1,14,1,YouTube
YouTube::@jesusbrauliolimacoello4578,existir,2,10,1,YouTube
YouTube::@jesusbrauliolimacoello4578,detras,1,9,2,YouTube
YouTube::@jesusbrauliolimacoello4578,parque,1,14,4,YouTube
YouTube::@jesusbrauliolimacoello4578,perez,1,2,2,YouTube
YouTube::@jesusderafaellopezperez8437,seguir,2,2,0,YouTube
YouTube::@jesusderafaellopezperez8437,caer,1,12,1,YouTube
YouTube::@jesusderafaellopezperez8437,cuando,1,12,2,YouTube
YouTube::@jesusderafaellopezperez8437,querer,1,11,0,YouTube
YouTube::@jesusderafaellopezperez8437,maldito,1,9,0,YouTube
YouTube::@jesusfierro5425,agarrar,3,12,1,YouTube
YouTube::@jesusfierro5425,casa,1,3,1,YouTube
YouTube::@jesusfierro5425,morir,1,7,2,YouTube
YouTube::@jesusfierro5425,dia,1,6,0,YouTube
YouTube::@jesusfierro5425,traer,1,11,0,YouTube
YouTube::@jesusfierro5425,detener,1,12,2,YouTube
YouTube::@jesusgarciaflores6554,eeuu,1,12,0,YouTube
YouTube::@jesusgarciaflores6554,carpeta,1,5,1,YouTube
YouTube::@jesusgarciaflores6554,parecer,1,9,0,YouTube
YouTube::@jesusgarciaflores6554,perder,1,11,5,YouTube
YouTube::@jesusgarciaflores6554,objetivo,1,0,1,YouTube
YouTube::@jesusgarzon7095,pumas,1,5,2,YouTube
YouTube::@jesusgarzon7095,malo,1,11,4,YouTube
YouTube::@jesusgarzon7095,pedir,1,11,0,YouTube
YouTube::@jesusgarzon7095,aplicar,1,11,1,YouTube
YouTube::@jesusgarzon7095,ojala,1,9,0,YouTube
YouTube::@jesusgarzon7095,equipo,1,13,3,YouTube
YouTube::@jesusmoralescruz6062,ojala,1,9,0,YouTube
YouTube::@jesusmoralescruz6062,andres,1,12,2,YouTube
YouTube::@jesusmoralescruz6062,manuel,1,12,2,YouTube
YouTube::@jesusmoralescruz6062,lopez,1,12,2,YouTube
YouTube::@jesusmoralescruz6062,obrador,1,12,2,YouTube
YouTube::@jesusvillalobos2204,politica,1,9,2,YouTube
YouTube::@jesusvillalobos2204,cualquiera,1,6,2,YouTube
YouTube::@jesusvillalobos2204,republica,1,14,1,YouTube
YouTube::@jesusvillalobos2204,merecer,1,10,3,YouTube
YouTube::@jesusvillalobos2204,serio,1,11,0,YouTube
YouTube::@jesusvillalobos2204,responsable,1,3,2,YouTube
YouTube::@joaquingonzales8279,traicion,1,12,5,YouTube
YouTube::@joaquingonzales8279,mexico,1,12,0,YouTube
YouTube::@joaquingonzales8279,corrupcion,1,12,5,YouTube
YouTube::@joaquingonzales8279,lopez,1,12,2,YouTube
YouTube::@joaquingonzales8279,obrador,1,12,2,YouTube
YouTube::@joaquingonzales8279,morena,1,12,4,YouTube
YouTube::@joaquingonzales8279,historia,1,1,3,YouTube
YouTube::@joaquingonzales8279,patria,1,12,1,YouTube
YouTube::@joaquinnavassilva57,deber,1,11,1,YouTube
YouTube::@joaquinnavassilva57,caer,1,12,1,YouTube
YouTube::@joaquinnavassilva57,cara,1,6,0,YouTube
YouTube::@joaquinnavassilva57,verguenza,1,12,0,YouTube
YouTube::@joaquinnavassilva57,nefasto,1,7,2,YouTube
YouTube::@joaquinnavassilva57,mujer,1,10,3,YouTube
YouTube::@joaquinnavassilva57,olvidar,1,12,0,YouTube
YouTube::@joaquinnavassilva57,huachicolero,1,12,3,YouTube
YouTube::@joaquinnavassilva57,morena,1,12,4,YouTube
YouTube::@joaquinnavassilva57,robar,1,12,5,YouTube
YouTube::@joaquinnavassilva57,mentir,1,12,0,YouTube
YouTube::@jonathanjacobotrejoruelas1259,ojala,1,9,0,YouTube
YouTube::@jonathanjacobotrejoruelas1259,partido,1,4,0,YouTube
YouTube::@jonathanjacobotrejoruelas1259,mexico,1,12,0,YouTube
YouTube::@jonathanjacobotrejoruelas1259,ganar,1,10,2,YouTube
YouTube::@jonathanjacobotrejoruelas1259,delito,1,11,4,YouTube
YouTube::@jonathanvargas5628,cambio,2,11,3,YouTube
YouTube::@jonathanvargas5628,salir,1,11,0,YouTube
YouTube::@jonathanvargas5628,necesario,1,0,3,YouTube
YouTube::@jonathanvargas5628,ratero,1,12,4,YouTube
YouTube::@jorgeclemente9163,escuchar,2,2,0,YouTube
YouTube::@jorgeclemente9163,futbol,2,1,3,YouTube
YouTube::@jorgeclemente9163,increible,1,8,2,YouTube
YouTube::@jorgeclemente9163,iniciar,1,5,1,YouTube
YouTube::@jorgeclemente9163,corrupcion,1,12,5,YouTube
YouTube::@jorgeclemente9163,dejar,1,9,0,YouTube
YouTube::@jorgeclemente9163,pasar,1,11,3,YouTube
YouTube::@jorgeclemente9163,alguien,1,11,4,YouTube
YouTube::@jorgeclemente9163,partido,1,4,0,YouTube
YouTube::@jorgeclemente9163,importante,1,13,0,YouTube
YouTube::@jorgeclemente9163,juego,1,9,2,YouTube
YouTube::@jorgeclemente9163,gustar,1,6,0,YouTube
YouTube::@jorgeclemente9163,hablar,1,11,0,YouTube
YouTube::@jorgeclemente9163,entender,1,11,4,YouTube
YouTube::@jorgeclemente9163,mexicano,1,4,1,YouTube
YouTube::@jorgeclemente9163,esperar,1,4,0,YouTube
YouTube::@jorgeclemente9163,saludos,1,11,2,YouTube
YouTube::@jorgeluismuybuenoelvideope810,pena,1,12,1,YouTube
YouTube::@jorgeluismuybuenoelvideope810,mexicano,1,4,1,YouTube
YouTube::@jorgeluismuybuenoelvideope810,palacio,1,12,0,YouTube
YouTube::@jorgeluismuybuenoelvideope810,tomar,1,4,2,YouTube
YouTube::@jorgeluismuybuenoelvideope810,casa,1,3,1,YouTube
YouTube::@jorgemeza218,seleccion,2,4,0,YouTube
YouTube::@jorgemeza218,estadio,2,10,2,YouTube
YouTube::@jorgemeza218,mexico,2,12,0,YouTube
YouTube::@jorgemeza218,sentir,1,11,4,YouTube
YouTube::@jorgemeza218,emocion,1,4,0,YouTube
YouTube::@jorgemeza218,precio,1,11,4,YouTube
YouTube::@jorgemeza218,alto,1,13,0,YouTube
YouTube::@jorgemeza218,importar,1,6,2,YouTube
YouTube::@jorgemeza218,importante,1,13,0,YouTube
YouTube::@jorgemeza218,feliz,1,8,1,YouTube
YouTube::@jorgemeza218,hermoso,1,8,0,YouTube
YouTube::@jorgemeza218,azteca,1,4,0,YouTube
YouTube::@jorgemeza218,angel,1,9,2,YouTube
YouTube::@jorgemeza218,independencia,1,10,3,YouTube
YouTube::@jorgemeza218,plaza,1,1,1,YouTube
YouTube::@jorgemeza218,pueblo,1,11,5,YouTube
YouTube::@jorgemeza218,viva,1,12,0,YouTube
YouTube::@jorgeovando6844,verguenza,1,12,0,YouTube
YouTube::@jorgeovando6844,tomar,1,4,2,YouTube
YouTube::@jorgeovando6844,palacio,1,12,0,YouTube
YouTube::@jorgeovando6844,nacional,1,4,2,YouTube
YouTube::@jorgeovando6844,hotel,1,6,1,YouTube
YouTube::@jorgeovando6844,faltar,1,12,1,YouTube
YouTube::@jorgeovando6844,respeto,1,9,4,YouTube
YouTube::@jorgeovando6844,presidenta,1,8,0,YouTube
YouTube::@jorgeovando6844,mal,1,4,1,YouTube
YouTube::@jorgeovando6844,gracia,1,11,2,YouTube
YouTube::@josebalanzategui6130,morena,1,12,4,YouTube
YouTube::@josebalanzategui6130,mexico,1,12,0,YouTube
YouTube::@josebalanzategui6130,avance,1,14,1,YouTube
YouTube::@josebalanzategui6130,deberiar,1,9,0,YouTube
YouTube::@josebalanzategui6130,deber,1,11,1,YouTube
YouTube::@josebalanzategui6130,autoridad,1,0,3,YouTube
YouTube::@josebalanzategui6130,justicia,1,11,1,YouTube
YouTube::@josecalebnoticiasmundiales,vida,2,7,4,YouTube
YouTube::@josecalebnoticiasmundiales,riesgo,1,0,1,YouTube
YouTube::@josecalebnoticiasmundiales,santo,1,8,2,YouTube
YouTube::@josecalebnoticiasmundiales,dias,1,12,1,YouTube
YouTube::@josecalebnoticiasmundiales,maximo,1,10,0,YouTube
YouTube::@josecalebnoticiasmundiales,manana,1,10,1,YouTube
YouTube::@josecalebnoticiasmundiales,noche,1,4,0,YouTube
YouTube::@josecalebnoticiasmundiales,pedir,1,11,0,YouTube
YouTube::@josecalebnoticiasmundiales,domingo,1,4,5,YouTube
YouTube::@josecalebnoticiasmundiales,tratar,1,10,4,YouTube
YouTube::@josecalebnoticiasmundiales,mero,1,7,4,YouTube
YouTube::@josecalebnoticiasmundiales,acabar,1,11,3,YouTube
YouTube::@josecalebnoticiasmundiales,anos,1,9,0,YouTube
YouTube::@josecalebnoticiasmundiales,saludos,1,11,2,YouTube
YouTube::@josecalebnoticiasmundiales,viva,1,12,0,YouTube
YouTube::@josecalebnoticiasmundiales,rey,1,12,-1,YouTube
YouTube::@josedejesustovarnavarro9137,foto,2,4,2,YouTube
YouTube::@josedejesustovarnavarro9137,andres,1,12,2,YouTube
YouTube::@josedejesustovarnavarro9137,lopez,1,12,2,YouTube
YouTube::@josedejesustovarnavarro9137,gana,1,11,3,YouTube
YouTube::@joseeulaliomartinezvergara5956,pensar,2,11,1,YouTube
YouTube::@joseeulaliomartinezvergara5956,pena,1,12,1,YouTube
YouTube::@joseeulaliomartinezvergara5956,muerte,1,11,1,YouTube
YouTube::@joseeulaliomartinezvergara5956,corrupto,1,12,4,YouTube
YouTube::@joseeulaliomartinezvergara5956,terminar,1,11,3,YouTube
YouTube::@josefinamorales9177,familia,2,1,0,YouTube
YouTube::@josefinamorales9177,persona,1,4,3,YouTube
YouTube::@josefinamorales9177,respeto,1,9,4,YouTube
YouTube::@josefinamorales9177,miedo,1,9,0,YouTube
YouTube::@josefinamorales9177,carro,1,9,0,YouTube
YouTube::@josefinamorales9177,tratar,1,10,4,YouTube
YouTube::@josefinamorales9177,contrario,1,10,5,YouTube
YouTube::@josefinamorales9177,valer,1,9,0,YouTube
YouTube::@joseiberramirezsanchez5705,politico,1,12,4,YouTube
YouTube::@joseiberramirezsanchez5705,contar,1,6,0,YouTube
YouTube::@joseiberramirezsanchez5705,importante,1,13,0,YouTube
YouTube::@joseiberramirezsanchez5705,aplicar,1,11,1,YouTube
YouTube::@joseiberramirezsanchez5705,ley,1,11,1,YouTube
YouTube::@josejesusluna2695,comentar,1,11,0,YouTube
YouTube::@josejesusluna2695,presidente,1,14,2,YouTube
YouTube::@josejesusluna2695,argentina,1,12,1,YouTube
YouTube::@josejesusluna2695,persona,1,4,3,YouTube
YouTube::@josejesusluna2695,gustar,1,6,0,YouTube
YouTube::@josejesusluna2695,creer,1,12,3,YouTube
YouTube::@josejesusluna2695,llegar,1,10,1,YouTube
YouTube::@josejesusluna2695,tarde,1,8,1,YouTube
YouTube::@joseluisbenitezlarios,mexico,2,12,0,YouTube
YouTube::@joseluisbenitezlarios,tarde,1,8,1,YouTube
YouTube::@joseluisbenitezlarios,respetar,1,10,4,YouTube
YouTube::@joseluisbenitezlarios,crecer,1,6,0,YouTube
YouTube::@joseluisbenitezlarios,romper,1,12,1,YouTube
YouTube::@joseluisbenitezlarios,defender,1,11,0,YouTube
YouTube::@joseluisbenitezlarios,pretexto,1,9,0,YouTube
YouTube::@joseluisbenitezlarios,corrupcion,1,12,5,YouTube
YouTube::@joseluisbenitezlarios,principio,1,11,0,YouTube
YouTube::@joseluisbernal8606,pasar,2,11,3,YouTube
YouTube::@joseluisbernal8606,empezar,1,12,3,YouTube
YouTube::@joseluisbernal8606,eeuu,1,12,0,YouTube
YouTube::@joseluisbernal8606,mexicanos,1,12,0,YouTube
YouTube::@joseluiscuriel2592,querer,2,11,0,YouTube
YouTube::@joseluiscuriel2592,gustar,1,6,0,YouTube
YouTube::@joseluiscuriel2592,pagar,1,11,4,YouTube
YouTube::@joseluiscuriel2592,presentar,1,10,0,YouTube
YouTube::@joseluiscuriel2592,salir,1,11,0,YouTube
YouTube::@joseluisgutierrezpineda9631,cargo,2,12,1,YouTube
YouTube::@joseluisgutierrezpineda9631,baja,1,10,3,YouTube
YouTube::@joseluisgutierrezpineda9631,dinero,1,12,5,YouTube
YouTube::@joseluisgutierrezpineda9631,delincuente,1,12,1,YouTube
YouTube::@joseluisgutierrezpineda9631,publico,1,14,3,YouTube
YouTube::@joseluisgutierrezpineda9631,alto,1,13,0,YouTube
YouTube::@joseluismaganapavon6138,america,4,10,5,YouTube
YouTube::@joseluismaganapavon6138,pumas,2,5,2,YouTube
YouTube::@joseluismaganapavon6138,ridiculo,2,10,4,YouTube
YouTube::@joseluismaganapavon6138,penal,1,10,4,YouTube
YouTube::@joseluismaganapavon6138,marcar,1,10,4,YouTube
YouTube::@joseluismaganapavon6138,cometer,1,11,4,YouTube
YouTube::@joseluismaganapavon6138,pagar,1,11,4,YouTube
YouTube::@joseluismaganapavon6138,unico,1,11,4,YouTube
YouTube::@joseluismaganapavon6138,dia,1,6,0,YouTube
YouTube::@joseluismaganapavon6138,perder,1,11,5,YouTube
YouTube::@joseluismaganapavon6138,quedar,1,11,0,YouTube
YouTube::@joseluismaganapavon6138,especialmente,1,6,0,YouTube
YouTube::@joseluismaganapavon6138,hablar,1,11,0,YouTube
YouTube::@joseluismejia9645,aplicar,3,11,1,YouTube
YouTube::@joseluismejia9645,senor,1,12,0,YouTube
YouTube::@joseluismejia9645,ridiculo,1,10,4,YouTube
YouTube::@joseluismejia9645,simple,1,7,1,YouTube
YouTube::@joseluismejia9645,cruz,1,3,1,YouTube
YouTube::@joseluismejia9645,tratar,1,10,4,YouTube
YouTube::@joseluismorrismontalvo3562,claudia,1,12,0,YouTube
YouTube::@joseluismorrismontalvo3562,reunion,1,1,2,YouTube
YouTube::@joseluismorrismontalvo3562,fuerte,1,7,2,YouTube
YouTube::@joseluismorrismontalvo3562,caro,1,12,1,YouTube
YouTube::@joseluismorrismontalvo3562,narco,1,12,4,YouTube
YouTube::@joseluismorrismontalvo3562,gobierno,1,12,3,YouTube
YouTube::@joseluismorrismontalvo3562,morena,1,12,4,YouTube
YouTube::@joseluisreyes3127,madre,1,10,3,YouTube
YouTube::@joseluisreyes3127,mar,1,6,3,YouTube
YouTube::@joseluisreyes3127,quitar,1,11,5,YouTube
YouTube::@joseluisreyes3127,favor,1,11,5,YouTube
YouTube::@joseluisreyes3127,pequeno,1,0,4,YouTube
YouTube::@joseluisreyes3127,presidente,1,14,2,YouTube
YouTube::@joseluisreyes3127,robo,1,12,1,YouTube
YouTube::@josemanuellopezramos4684,organizado,1,4,3,YouTube
YouTube::@josemanuellopezramos4684,apoyar,1,1,2,YouTube
YouTube::@josemanuellopezramos4684,favor,1,11,5,YouTube
YouTube::@josemanuellopezramos4684,moren,1,4,1,YouTube
YouTube::@josemanuellopezramos4684,claro,1,4,3,YouTube
YouTube::@josemanuellopezramos4684,agua,1,3,1,YouTube
YouTube::@juanangeles5227,encontrar,1,7,4,YouTube
YouTube::@juanangeles5227,hijo,1,12,4,YouTube
YouTube::@juanangeles5227,madre,1,10,3,YouTube
YouTube::@juanangeles5227,mundial,1,4,0,YouTube
YouTube::@juanangeles5227,quedar,1,11,0,YouTube
YouTube::@juanangeles5227,mexico,1,12,0,YouTube
YouTube::@juanantonionunezhierrezuel8807,video,2,11,2,YouTube
YouTube::@juanantonionunezhierrezuel8807,mano,1,6,0,YouTube
YouTube::@juanantonionunezhierrezuel8807,precio,1,11,4,YouTube
YouTube::@juanantonionunezhierrezuel8807,vivir,1,8,2,YouTube
YouTube::@juanantonionunezhierrezuel8807,contar,1,6,0,YouTube
YouTube::@juanantonionunezhierrezuel8807,problema,1,12,0,YouTube
YouTube::@juanantonionunezhierrezuel8807,petroleo,1,11,6,YouTube
YouTube::@juanantonionunezhierrezuel8807,pequeno,1,0,4,YouTube
YouTube::@juanantonionunezhierrezuel8807,zona,1,0,1,YouTube
YouTube::@juanantonionunezhierrezuel8807,enhorabuena,1,8,0,YouTube
YouTube::@juancarlosgarcia8637,disfrutar,1,1,0,YouTube
YouTube::@juancarlosgarcia8637,triunfo,1,11,2,YouTube
YouTube::@juancarlosgarcia8637,familia,1,1,0,YouTube
YouTube::@juancarlosgarcia8637,emocion,1,4,0,YouTube
YouTube::@juancarlosgarcia8637,falso,1,9,0,YouTube
YouTube::@juancarlosreyes4936,responsable,2,3,2,YouTube
YouTube::@juancarlosreyes4936,comenzar,2,7,0,YouTube
YouTube::@juancarlosreyes4936,buscar,1,5,1,YouTube
YouTube::@juancarlosreyes4936,video,1,11,2,YouTube
YouTube::@juancarlosreyes4936,persona,1,4,3,YouTube
YouTube::@juancarlosreyes4936,mover,1,9,0,YouTube
YouTube::@juancarlosreyes4936,auto,1,9,2,YouTube
YouTube::@juancarlosreyes4936,claro,1,4,3,YouTube
YouTube::@juancarlosreyes4936,mujer,1,10,3,YouTube
YouTube::@juancarlosreyes4936,justo,1,11,5,YouTube
YouTube::@juaneduardoguillenlopez,basura,1,3,1,YouTube
YouTube::@juaneduardoguillenlopez,salir,1,11,0,YouTube
YouTube::@juaneduardoguillenlopez,boca,1,9,4,YouTube
YouTube::@juaneduardoguillenlopez,futbol,1,1,3,YouTube
YouTube::@juaneduardoguillenlopez,profesional,1,13,5,YouTube
YouTube::@juaneduardoguillenlopez,favor,1,11,5,YouTube
YouTube::@juaneduardoguillenlopez,persona,1,4,3,YouTube
YouTube::@juaneduardoguillenlopez,deber,1,11,1,YouTube
YouTube::@juanitapadilla880,alguien,1,11,4,YouTube
YouTube::@juanitapadilla880,familiar,1,4,0,YouTube
YouTube::@juanitapadilla880,bonito,1,8,1,YouTube
YouTube::@juanitapadilla880,cualquiera,1,6,2,YouTube
YouTube::@juanitapadilla880,tomar,1,4,2,YouTube
YouTube::@juanitapadilla880,sol,1,5,1,YouTube
YouTube::@juanjesuscortesgaribay8737,imagen,1,14,2,YouTube
YouTube::@juanjesuscortesgaribay8737,video,1,11,2,YouTube
YouTube::@juanjesuscortesgaribay8737,cerrar,1,5,1,YouTube
YouTube::@juanjesuscortesgaribay8737,ano,1,11,2,YouTube
YouTube::@juanjesuscortesgaribay8737,cosa,1,11,3,YouTube
YouTube::@juanjesuscortesgaribay8737,pasar,1,11,3,YouTube
YouTube::@juanjesuscortesgaribay8737,contar,1,6,0,YouTube
YouTube::@juanjesuscortesgaribay8737,puro,1,12,3,YouTube
YouTube::@juanjesuscortesgaribay8737,investigacion,1,5,3,YouTube
YouTube::@juanjor182,realidad,2,6,2,YouTube
YouTube::@juanjor182,pumas,2,5,2,YouTube
YouTube::@juanjor182,tratar,2,10,4,YouTube
YouTube::@juanjor182,creer,1,12,3,YouTube
YouTube::@juanjor182,pensar,1,11,1,YouTube
YouTube::@juanjor182,ganar,1,10,2,YouTube
YouTube::@juanjor182,juego,1,9,2,YouTube
YouTube::@juanjor182,mesa,1,10,0,YouTube
YouTube::@juanjor182,vuelta,1,11,0,YouTube
YouTube::@juanjor182,marcar,1,10,4,YouTube
YouTube::@juanjor182,decision,1,12,3,YouTube
YouTube::@juanjor182,favor,1,11,5,YouTube
YouTube::@juanjor182,futbol,1,1,3,YouTube
YouTube::@juanjor182,transparente,1,11,5,YouTube
YouTube::@juanjoyo7,salir,2,11,0,YouTube
YouTube::@juanjoyo7,metro,2,11,3,YouTube
YouTube::@juanjoyo7,cancha,2,14,4,YouTube
YouTube::@juanjoyo7,objetivo,1,0,1,YouTube
YouTube::@juanjoyo7,claro,1,4,3,YouTube
YouTube::@juanjoyo7,campo,1,2,0,YouTube
YouTube::@juanjoyo7,entrar,1,4,1,YouTube
YouTube::@juanjoyo7,regresar,1,10,3,YouTube
YouTube::@juanjoyo7,jugar,1,3,4,YouTube
YouTube::@juanjoyo7,medio,1,8,2,YouTube
YouTube::@juanjoyo7,deber,1,11,1,YouTube
YouTube::@juanjoyo7,cambio,1,11,3,YouTube
YouTube::@juanmanuelfloresvillarreal8648,mexicano,2,4,1,YouTube
YouTube::@juanmanuelfloresvillarreal8648,apoyo,1,2,2,YouTube
YouTube::@juanmanuelfloresvillarreal8648,intervencion,1,12,-1,YouTube
YouTube::@juanmanuelfloresvillarreal8648,claudia,1,12,0,YouTube
YouTube::@juanmanuelfloresvillarreal8648,moren,1,4,1,YouTube
YouTube::@juanmanuelfloresvillarreal8648,robar,1,12,5,YouTube
YouTube::@juanmanuelfloresvillarreal8648,regalar,1,10,2,YouTube
YouTube::@juanmanuelfloresvillarreal8648,presidencia,1,8,2,YouTube
YouTube::@juanmanuelfloresvillarreal8648,morena,1,12,4,YouTube
YouTube::@juanmanuelfloresvillarreal8648,alerta,1,5,1,YouTube
YouTube::@juanmartinbernalpascual6353,presidenta,4,8,0,YouTube
YouTube::@juanmartinbernalpascual6353,lopez,2,12,2,YouTube
YouTube::@juanmartinbernalpascual6353,obrador,2,12,2,YouTube
YouTube::@juanmartinbernalpascual6353,gobernadora,2,12,1,YouTube
YouTube::@juanmartinbernalpascual6353,senora,1,9,0,YouTube
YouTube::@juanmartinbernalpascual6353,leer,1,14,3,YouTube
YouTube::@juanmartinbernalpascual6353,salir,1,11,0,YouTube
YouTube::@juanmartinbernalpascual6353,caer,1,12,1,YouTube
YouTube::@juanmartinbernalpascual6353,narco,1,12,4,YouTube
YouTube::@juanmartinbernalpascual6353,maru,1,11,1,YouTube
YouTube::@juanmartinbernalpascual6353,morena,1,12,4,YouTube
YouTube::@juanmartinbernalpascual6353,eleccion,1,11,5,YouTube
YouTube::@juanmartinbernalpascual6353,deber,1,11,1,YouTube
YouTube::@juanmartinbernalpascual6353,mexicano,1,4,1,YouTube
YouTube::@juanmunguia7347,etc,3,12,1,YouTube
YouTube::@juanmunguia7347,respeto,2,9,4,YouTube
YouTube::@juanmunguia7347,preguntar,2,10,4,YouTube
YouTube::@juanmunguia7347,unico,2,11,4,YouTube
YouTube::@juanmunguia7347,pensar,2,11,1,YouTube
YouTube::@juanmunguia7347,equipo,2,13,3,YouTube
YouTube::@juanmunguia7347,persona,1,4,3,YouTube
YouTube::@juanmunguia7347,escuchar,1,2,0,YouTube
YouTube::@juanmunguia7347,nino,1,8,1,YouTube
YouTube::@juanmunguia7347,ano,1,11,2,YouTube
YouTube::@juanmunguia7347,creer,1,12,3,YouTube
YouTube::@juanmunguia7347,caso,1,10,4,YouTube
YouTube::@juanmunguia7347,tirar,1,9,1,YouTube
YouTube::@juanmunguia7347,deber,1,11,1,YouTube
YouTube::@juanmunguia7347,comentario,1,10,2,YouTube
YouTube::@juanmunguia7347,favor,1,11,5,YouTube
YouTube::@juanmunguia7347,america,1,10,5,YouTube
YouTube::@juanmunguia7347,senor,1,12,0,YouTube
YouTube::@juanmunguia7347,plano,1,4,2,YouTube
YouTube::@juanmunguia7347,caer,1,12,1,YouTube
YouTube::@juanmunguia7347,mal,1,4,1,YouTube
YouTube::@juanmunguia7347,respetar,1,10,4,YouTube
YouTube::@juanmunguia7347,vista,1,14,1,YouTube
YouTube::@juanmunguia7347,hablar,1,11,0,YouTube
YouTube::@juanmunguia7347,saludo,1,11,2,YouTube
YouTube::@juanmunguia7347,bendicion,1,8,0,YouTube
YouTube::@juanmunguia7347,familia,1,1,0,YouTube
YouTube::@juanmunguia7347,saludos,1,11,2,YouTube
YouTube::@juanmunguia7347,norte,1,10,1,YouTube
YouTube::@juanprado8376,presidente,1,14,2,YouTube
YouTube::@juanprado8376,presidenta,1,8,0,YouTube
YouTube::@juanprado8376,correr,1,7,4,YouTube
YouTube::@juanprado8376,cartel,1,4,5,YouTube
YouTube::@juanprado8376,mexicano,1,4,1,YouTube
YouTube::@juanprado8376,senor,1,12,0,YouTube
YouTube::@juanprado8376,mano,1,6,0,YouTube
YouTube::@juansanchez-lp9cu,senora,1,9,0,YouTube
YouTube::@juansanchez-lp9cu,video,1,11,2,YouTube
YouTube::@juansanchez-lp9cu,maru,1,11,1,YouTube
YouTube::@juansanchez-lp9cu,campos,1,6,3,YouTube
YouTube::@juansanchez-lp9cu,dejar,1,9,0,YouTube
YouTube::@juansanchez-lp9cu,comentar,1,11,0,YouTube
YouTube::@juansanchez-lp9cu,sear,1,11,0,YouTube
YouTube::@juansanchez-lp9cu,vender,1,12,1,YouTube
YouTube::@juansanchez-lp9cu,patria,1,12,1,YouTube
YouTube::@juansantos6905,juzgar,1,11,1,YouTube
YouTube::@juansantos6905,barredora,1,2,0,YouTube
YouTube::@juansantos6905,quot,1,12,0,YouTube
YouTube::@juansantos6905,soltar,1,12,1,YouTube
YouTube::@juansantos6905,medalla,1,12,3,YouTube
YouTube::@juansantos6905,detener,1,12,2,YouTube
YouTube::@julitored3053,juzgar,1,11,1,YouTube
YouTube::@julitored3053,pena,1,12,1,YouTube
YouTube::@julitored3053,militar,1,11,1,YouTube
YouTube::@julitored3053,traicion,1,12,5,YouTube
YouTube::@julitored3053,patria,1,12,1,YouTube
YouTube::@junal27,video,4,11,2,YouTube
YouTube::@junal27,local,3,1,2,YouTube
YouTube::@junal27,jefe,2,11,3,YouTube
YouTube::@junal27,temprano,2,9,1,YouTube
YouTube::@junal27,alli,2,11,2,YouTube
YouTube::@junal27,dias,1,12,1,YouTube
YouTube::@junal27,domingo,1,4,5,YouTube
YouTube::@junal27,llegar,1,10,1,YouTube
YouTube::@junal27,material,1,3,2,YouTube
YouTube::@junal27,lucha,1,8,1,YouTube
YouTube::@junal27,ojo,1,4,6,YouTube
YouTube::@junal27,gustar,1,6,0,YouTube
YouTube::@junal27,fundamental,1,3,0,YouTube
YouTube::@junal27,mostrar,1,13,4,YouTube
YouTube::@junal27,realidad,1,6,2,YouTube
YouTube::@junal27,mundo,1,11,0,YouTube
YouTube::@junal27,aprender,1,11,3,YouTube
YouTube::@junal27,clave,1,6,2,YouTube
YouTube::@junal27,conectar,1,3,2,YouTube
YouTube::@junal27,playa,1,10,2,YouTube
YouTube::@junal27,mercado,1,8,4,YouTube
YouTube::@junal27,comprar,1,4,6,YouTube
YouTube::@junal27,saludo,1,11,2,YouTube
YouTube::@junal27,futuro,1,13,1,YouTube
YouTube::@junal27,permitir,1,14,0,YouTube
YouTube::@junal27,corto,1,0,1,YouTube
YouTube::@kevinaragon8011,mexico,2,12,0,YouTube
YouTube::@kevinaragon8011,trump,1,12,1,YouTube
YouTube::@kevinaragon8011,pueblo,1,11,5,YouTube
YouTube::@kevinaragon8011,tocar,1,11,2,YouTube
YouTube::@kevinaragon8011,cartel,1,4,5,YouTube
YouTube::@kevinaragon8011,fuerte,1,7,2,YouTube
YouTube::@kevinaragon8011,poblacion,1,0,1,YouTube
YouTube::@kevinaragon8011,deber,1,11,1,YouTube
YouTube::@kevinaragon8011,faltar,1,12,1,YouTube
YouTube::@kevinaragon8011,seguro,1,2,1,YouTube
YouTube::@kevinaragon8011,laredo,1,5,1,YouTube
YouTube::@kevinaragon8011,realidad,1,6,2,YouTube
YouTube::@kiokoono5641,juventud,1,13,0,YouTube
YouTube::@kiokoono5641,zona,1,0,1,YouTube
YouTube::@kiokoono5641,rosa,1,9,2,YouTube
YouTube::@kiokoono5641,recuerdo,1,4,0,YouTube
YouTube::@kiokoono5641,arte,1,1,1,YouTube
YouTube::@kiokoono5641,muerte,1,11,1,YouTube
YouTube::@l.d.v.9936,cuidar,1,2,1,YouTube
YouTube::@l.d.v.9936,favor,1,11,5,YouTube
YouTube::@l.d.v.9936,pobre,1,12,0,YouTube
YouTube::@l.d.v.9936,gente,1,6,2,YouTube
YouTube::@l.d.v.9936,deber,1,11,1,YouTube
YouTube::@l.d.v.9936,pensar,1,11,1,YouTube
YouTube::@l.d.v.9936,bienestar,1,2,3,YouTube
YouTube::@l.d.v.9936,desear,1,4,6,YouTube
YouTube::@l.d.v.9936,humano,1,9,0,YouTube
YouTube::@lacajadelchocotorro7815,mexico,1,12,0,YouTube
YouTube::@lacajadelchocotorro7815,correr,1,7,4,YouTube
YouTube::@lacajadelchocotorro7815,salir,1,11,0,YouTube
YouTube::@lacajadelchocotorro7815,pasar,1,11,3,YouTube
YouTube::@lacajadelchocotorro7815,pedir,1,11,0,YouTube
YouTube::@lacajadelchocotorro7815,valer,1,9,0,YouTube
YouTube::@lacajadelchocotorro7815,morena,1,12,4,YouTube
YouTube::@laguaridadelobo5099,hora,1,10,1,YouTube
YouTube::@laguaridadelobo5099,eeuu,1,12,0,YouTube
YouTube::@laguaridadelobo5099,mexico,1,12,0,YouTube
YouTube::@laguaridadelobo5099,cia,1,12,1,YouTube
YouTube::@laguaridadelobo5099,pedir,1,11,0,YouTube
YouTube::@laguaridadelobo5099,cabeza,1,11,1,YouTube
YouTube::@leoncog20112965,entregar,2,6,2,YouTube
YouTube::@leoncog20112965,huachicol,1,12,2,YouTube
YouTube::@leoncog20112965,mexico,1,12,0,YouTube
YouTube::@leoncog20112965,matar,1,9,0,YouTube
YouTube::@leoncog20112965,querer,1,11,0,YouTube
YouTube::@leticiajimenez4482,empezar,2,12,3,YouTube
YouTube::@leticiajimenez4482,presidenta,2,8,0,YouTube
YouTube::@leticiajimenez4482,detener,1,12,2,YouTube
YouTube::@leticiajimenez4482,delincuente,1,12,1,YouTube
YouTube::@leticiajimenez4482,asociado,1,12,3,YouTube
YouTube::@leticiajimenez4482,seguir,1,2,0,YouTube
YouTube::@leticiajimenez4482,dema,1,12,3,YouTube
YouTube::@leticiajimenez4482,involucrado,1,12,1,YouTube
YouTube::@leticiajimenez4482,gobierno,1,12,3,YouTube
YouTube::@leticiajimenez4482,chihuahua,1,12,1,YouTube
YouTube::@leticiajimenez4482,faltar,1,12,1,YouTube
YouTube::@leticiajimenez4482,etc,1,12,1,YouTube
YouTube::@liancortez5200,inicio,1,10,0,YouTube
YouTube::@liancortez5200,conservar,1,14,0,YouTube
YouTube::@liancortez5200,leer,1,14,3,YouTube
YouTube::@liancortez5200,region,1,1,2,YouTube
YouTube::@liancortez5200,transparente,1,11,5,YouTube
YouTube::@liancortez5200,entender,1,11,4,YouTube
YouTube::@liancortez5200,ciudad,1,13,1,YouTube
YouTube::@liancortez5200,encuentro,1,1,4,YouTube
YouTube::@liancortez5200,luis,1,6,1,YouTube
YouTube::@liancortez5200,joven,1,13,0,YouTube
YouTube::@liancortez5200,sitio,1,10,1,YouTube
YouTube::@liancortez5200,zona,1,0,1,YouTube
YouTube::@liancortez5200,buscar,1,5,1,YouTube
YouTube::@liancortez5200,cercano,1,2,3,YouTube
YouTube::@liancortez5200,calle,1,9,1,YouTube
YouTube::@liancortez5200,reciente,1,13,1,YouTube
YouTube::@liancortez5200,agradable,1,14,3,YouTube
YouTube::@liancortez5200,clima,1,11,1,YouTube
YouTube::@lorenalra8553,hola,1,10,1,YouTube
YouTube::@lorenalra8553,caso,1,10,4,YouTube
YouTube::@lorenalra8553,triste,1,4,0,YouTube
YouTube::@lorenalra8553,mundo,1,11,0,YouTube
YouTube::@lorenalra8553,sentir,1,11,4,YouTube
YouTube::@lorenalra8553,afectado,1,4,4,YouTube
YouTube::@lorenalra8553,guerra,1,11,2,YouTube
YouTube::@lorenalra8553,nieto,1,8,3,YouTube
YouTube::@lorenalra8553,animo,1,12,0,YouTube
YouTube::@lornemalvo9368,persona,2,4,3,YouTube
YouTube::@lornemalvo9368,periodista,1,6,-1,YouTube
YouTube::@lornemalvo9368,pasar,1,11,3,YouTube
YouTube::@lornemalvo9368,animal,1,8,2,YouTube
YouTube::@lornemalvo9368,carro,1,9,0,YouTube
YouTube::@lornemalvo9368,cualquiera,1,6,2,YouTube
YouTube::@lucastotti7463,leon,1,8,3,YouTube
YouTube::@lucastotti7463,quedar,1,11,0,YouTube
YouTube::@lucastotti7463,mundial,1,4,0,YouTube
YouTube::@lucastotti7463,pasar,1,11,3,YouTube
YouTube::@lucastotti7463,america,1,10,5,YouTube
YouTube::@lucastotti7463,torneo,1,1,4,YouTube
YouTube::@lucastotti7463,justicia,1,11,1,YouTube
YouTube::@lucastotti7463,deportiva,1,1,2,YouTube
YouTube::@lucidshakti5178,agenda,1,1,1,YouTube
YouTube::@lucidshakti5178,jugar,1,3,4,YouTube
YouTube::@lucidshakti5178,mexico,1,12,0,YouTube
YouTube::@lucidshakti5178,juego,1,9,2,YouTube
YouTube::@lucidshakti5178,teatro,1,4,6,YouTube
YouTube::@lucidshakti5178,politico,1,12,4,YouTube
YouTube::@lugorodasluisangel8728,sacar,1,11,3,YouTube
YouTube::@lugorodasluisangel8728,informacion,1,11,0,YouTube
YouTube::@lugorodasluisangel8728,necesario,1,0,3,YouTube
YouTube::@lugorodasluisangel8728,mandir,1,4,1,YouTube
YouTube::@lugorodasluisangel8728,unidos,1,11,6,YouTube
YouTube::@lugorodasluisangel8728,regresar,1,10,3,YouTube
YouTube::@lugorodasluisangel8728,mexico,1,12,0,YouTube
YouTube::@lugorodasluisangel8728,dejar,1,9,0,YouTube
YouTube::@lugorodasluisangel8728,salir,1,11,0,YouTube
YouTube::@luigivelgar,america,3,10,5,YouTube
YouTube::@luigivelgar,jugar,2,3,4,YouTube
YouTube::@luigivelgar,mal,1,4,1,YouTube
YouTube::@luigivelgar,sentido,1,10,4,YouTube
YouTube::@luigivelgar,cambio,1,11,3,YouTube
YouTube::@luigivelgar,partido,1,4,0,YouTube
YouTube::@luigivelgar,confusion,1,7,1,YouTube
YouTube::@luigivelgar,querer,1,11,0,YouTube
YouTube::@luigivelgar,seguir,1,2,0,YouTube
YouTube::@luisabreu5632,calle,2,9,1,YouTube
YouTube::@luisabreu5632,video,1,11,2,YouTube
YouTube::@luisabreu5632,lastima,1,10,2,YouTube
YouTube::@luisabreu5632,incluir,1,4,0,YouTube
YouTube::@luisabreu5632,hotel,1,6,1,YouTube
YouTube::@luisabreu5632,maestro,1,6,0,YouTube
YouTube::@luisabreu5632,instituto,1,8,2,YouTube
YouTube::@luisabreu5632,mexicano,1,4,1,YouTube
YouTube::@luisaflores5645,confianza,1,2,0,YouTube
YouTube::@luisaflores5645,unidos,1,11,6,YouTube
YouTube::@luisaflores5645,gracias,1,8,0,YouTube
YouTube::@luisaflores5645,presidente,1,14,2,YouTube
YouTube::@luisaflores5645,trump,1,12,1,YouTube
YouTube::@luisaguilar5271,ley,1,11,1,YouTube
YouTube::@luisaguilar5271,cuando,1,12,2,YouTube
YouTube::@luisaguilar5271,pumas,1,5,2,YouTube
YouTube::@luisaguilar5271,cancha,1,14,4,YouTube
YouTube::@luisaguilar5271,eliminar,1,4,0,YouTube
YouTube::@luisaguilar5271,america,1,10,5,YouTube
YouTube::@luisantoniogutierrezbravo1206,aca,1,4,6,YouTube
YouTube::@luisantoniogutierrezbravo1206,mexico,1,12,0,YouTube
YouTube::@luisantoniogutierrezbravo1206,justicia,1,11,1,YouTube
YouTube::@luisantoniogutierrezbravo1206,politico,1,12,4,YouTube
YouTube::@luisantoniogutierrezbravo1206,impunidad,1,12,1,YouTube
YouTube::@luisantoniogutierrezbravo1206,alla,1,11,0,YouTube
YouTube::@luisantoniogutierrezbravo1206,pendiente,1,10,1,YouTube
YouTube::@luisantoniogutierrezbravo1206,caer,1,12,1,YouTube
YouTube::@luisantoniogutierrezbravo1206,ojala,1,9,0,YouTube
YouTube::@luiselizalde3384,pasar,2,11,3,YouTube
YouTube::@luiselizalde3384,unico,1,11,4,YouTube
YouTube::@luiselizalde3384,regresar,1,10,3,YouTube
YouTube::@luiselizalde3384,mexico,1,12,0,YouTube
YouTube::@luiselizalde3384,privado,1,4,2,YouTube
YouTube::@luiselizalde3384,casa,1,3,1,YouTube
YouTube::@luisito5000,vivir,1,8,2,YouTube
YouTube::@luisito5000,zona,1,0,1,YouTube
YouTube::@luisito5000,rosa,1,9,2,YouTube
YouTube::@luisito5000,llegada,1,13,4,YouTube
YouTube::@luisito5000,secretaria,1,14,2,YouTube
YouTube::@luisito5000,proteccion,1,0,0,YouTube
YouTube::@luisito5000,vialidad,1,2,2,YouTube
YouTube::@luismellado6676,pasar,2,11,3,YouTube
YouTube::@luismellado6676,santo,1,8,2,YouTube
YouTube::@luismellado6676,nino,1,8,1,YouTube
YouTube::@luismellado6676,colonia,1,2,4,YouTube
YouTube::@luismellado6676,acabar,1,11,3,YouTube
YouTube::@luismellado6676,terminar,1,11,3,YouTube
YouTube::@luismellado6676,lopez,1,12,2,YouTube
YouTube::@luismellado6676,llegar,1,10,1,YouTube
YouTube::@luismellado6676,alla,1,11,0,YouTube
YouTube::@luisricardohernandezguerre8884,necesitar,2,2,0,YouTube
YouTube::@luisricardohernandezguerre8884,hospital,2,7,3,YouTube
YouTube::@luisricardohernandezguerre8884,atencion,2,7,3,YouTube
YouTube::@luisricardohernandezguerre8884,ciudadania,1,2,3,YouTube
YouTube::@luisricardohernandezguerre8884,centro,1,13,3,YouTube
YouTube::@luisricardohernandezguerre8884,trabajador,1,10,3,YouTube
YouTube::@luisricardohernandezguerre8884,servicio,1,2,2,YouTube
YouTube::@luisricardohernandezguerre8884,deber,1,11,1,YouTube
YouTube::@luisricardohernandezguerre8884,respeto,1,9,4,YouTube
YouTube::@luisricardohernandezguerre8884,entender,1,11,4,YouTube
YouTube::@luissarmiento7982,ano,2,11,2,YouTube
YouTube::@luissarmiento7982,recurso,1,4,3,YouTube
YouTube::@luissarmiento7982,pueblo,1,11,5,YouTube
YouTube::@luissarmiento7982,deuda,1,14,3,YouTube
YouTube::@luissarmiento7982,futuro,1,13,1,YouTube
YouTube::@luissarmiento7982,generacion,1,1,3,YouTube
YouTube::@luissarmiento7982,pagar,1,11,4,YouTube
YouTube::@luisvillalvazo9912,deber,1,11,1,YouTube
YouTube::@luisvillalvazo9912,seguir,1,2,0,YouTube
YouTube::@luisvillalvazo9912,perder,1,11,5,YouTube
YouTube::@luisvillalvazo9912,final,1,10,2,YouTube
YouTube::@luisvillalvazo9912,aplicar,1,11,1,YouTube
YouTube::@lunamorena390,escuchar,2,2,0,YouTube
YouTube::@lunamorena390,gracias,2,8,0,YouTube
YouTube::@lunamorena390,gobierno,2,12,3,YouTube
YouTube::@lunamorena390,hablar,1,11,0,YouTube
YouTube::@lunamorena390,importante,1,13,0,YouTube
YouTube::@lunamorena390,significativo,1,6,3,YouTube
YouTube::@lunamorena390,alguien,1,11,4,YouTube
YouTube::@lunamorena390,compartir,1,1,0,YouTube
YouTube::@lunamorena390,elemento,1,7,2,YouTube
YouTube::@lunamorena390,primario,1,13,3,YouTube
YouTube::@lunamorena390,excelente,1,2,1,YouTube
YouTube::@lunamorena390,reporte,1,7,0,YouTube
YouTube::@lunamorena390,analisis,1,10,3,YouTube
YouTube::@lunamorena390,mexico,1,12,0,YouTube
YouTube::@lunamorena390,deber,1,11,1,YouTube
YouTube::@lunamorena390,definir,1,4,2,YouTube
YouTube::@lunamorena390,morena,1,12,4,YouTube
YouTube::@lunamorena390,caer,1,12,1,YouTube
YouTube::@lunamorena390,mexicano,1,4,1,YouTube
YouTube::@lunamorena390,moren,1,4,1,YouTube
YouTube::@luzrazante,lastima,2,10,2,YouTube
YouTube::@luzrazante,justificar,1,9,0,YouTube
YouTube::@luzrazante,permitir,1,14,0,YouTube
YouTube::@luzrazante,seguir,1,2,0,YouTube
YouTube::@luzrazante,penal,1,10,4,YouTube
YouTube::@luzrazante,dejar,1,9,0,YouTube
YouTube::@luzrazante,cambio,1,11,3,YouTube
YouTube::@luzrazante,ganar,1,10,2,YouTube
YouTube::@luzrazante,ridiculo,1,10,4,YouTube
YouTube::@luzrazante,salir,1,11,0,YouTube
YouTube::@luzrazante,defender,1,11,0,YouTube
YouTube::@luzrazante,malo,1,11,4,YouTube
YouTube::@luztorresruiz7480,conductor,2,9,4,YouTube
YouTube::@luztorresruiz7480,destruir,2,12,3,YouTube
YouTube::@luztorresruiz7480,estacion,2,9,-1,YouTube
YouTube::@luztorresruiz7480,unico,1,11,4,YouTube
YouTube::@luztorresruiz7480,pensar,1,11,1,YouTube
YouTube::@luztorresruiz7480,diversion,1,8,1,YouTube
YouTube::@luztorresruiz7480,celebrar,1,1,3,YouTube
YouTube::@luztorresruiz7480,derecho,1,10,3,YouTube
YouTube::@luztorresruiz7480,auto,1,9,2,YouTube
YouTube::@luztorresruiz7480,camion,1,7,0,YouTube
YouTube::@luztorresruiz7480,puesto,1,9,0,YouTube
YouTube::@luztorresruiz7480,control,1,14,0,YouTube
YouTube::@luztorresruiz7480,autoridad,1,0,3,YouTube
YouTube::@luztorresruiz7480,madre,1,10,3,YouTube
YouTube::@luztorresruiz7480,noticia,1,11,6,YouTube
YouTube::@luztorresruiz7480,nacional,1,4,2,YouTube
YouTube::@luztorresruiz7480,mexico,1,12,0,YouTube
YouTube::@luztorresruiz7480,mexicano,1,4,1,YouTube
YouTube::@luztorresruiz7480,pobre,1,12,0,YouTube
YouTube::@luztorresruiz7480,senor,1,12,0,YouTube
YouTube::@luztorresruiz7480,vida,1,7,4,YouTube
YouTube::@luztorresruiz7480,consecuencia,1,9,0,YouTube
YouTube::@luztorresruiz7480,cometer,1,11,4,YouTube
YouTube::@luztorresruiz7480,accidente,1,7,2,YouTube
YouTube::@madricucho,dia,2,6,0,YouTube
YouTube::@madricucho,video,1,11,2,YouTube
YouTube::@madricucho,exito,1,8,0,YouTube
YouTube::@madricucho,canal,1,9,1,YouTube
YouTube::@madricucho,sembrar,1,4,6,YouTube
YouTube::@madricucho,ojala,1,9,0,YouTube
YouTube::@madricucho,pasar,1,11,3,YouTube
YouTube::@madricucho,rapido,1,0,1,YouTube
YouTube::@madricucho,alcalde,1,4,6,YouTube
YouTube::@madricucho,preparado,1,0,1,YouTube
YouTube::@madricucho,problema,1,12,0,YouTube
YouTube::@madricucho,medida,1,7,1,YouTube
YouTube::@madricucho,oportuno,1,7,3,YouTube
YouTube::@magz381,claudia,2,12,0,YouTube
YouTube::@magz381,enviar,1,0,4,YouTube
YouTube::@magz381,saludo,1,11,2,YouTube
YouTube::@magz381,jajajaja,1,12,4,YouTube
YouTube::@magz381,presidenta,1,8,0,YouTube
YouTube::@magz381,cartel,1,4,5,YouTube
YouTube::@magz381,malo,1,11,4,YouTube
YouTube::@maik235,equipo,2,13,3,YouTube
YouTube::@maik235,ridiculo,1,10,4,YouTube
YouTube::@maik235,pumas,1,5,2,YouTube
YouTube::@maik235,derecho,1,10,3,YouTube
YouTube::@maik235,pedir,1,11,0,YouTube
YouTube::@maik235,respetar,1,10,4,YouTube
YouTube::@maik235,futbol,1,1,3,YouTube
YouTube::@maik235,venir,1,4,0,YouTube
YouTube::@maik235,situacion,1,0,1,YouTube
YouTube::@maik235,liga,1,10,4,YouTube
YouTube::@maik235,ayudar,1,12,1,YouTube
YouTube::@maik235,final,1,10,2,YouTube
YouTube::@maik235,sentido,1,10,4,YouTube
YouTube::@maik235,creer,1,12,3,YouTube
YouTube::@maik235,querer,1,11,0,YouTube
YouTube::@maik235,aplicar,1,11,1,YouTube
YouTube::@malugarcia6413,activo,1,13,4,YouTube
YouTube::@malugarcia6413,pensar,1,11,1,YouTube
YouTube::@malugarcia6413,cometer,1,11,4,YouTube
YouTube::@malugarcia6413,delito,1,11,4,YouTube
YouTube::@malugarcia6413,volver,1,12,2,YouTube
YouTube::@malugarcia6413,pais,1,12,0,YouTube
YouTube::@maluzgea4160,bravo,1,12,3,YouTube
YouTube::@maluzgea4160,logro,1,13,1,YouTube
YouTube::@maluzgea4160,meta,1,13,2,YouTube
YouTube::@maluzgea4160,felicitacion,1,8,0,YouTube
YouTube::@maluzgea4160,familia,1,1,0,YouTube
YouTube::@manueldejesusrodriguezagui4326,aplicar,2,11,1,YouTube
YouTube::@manueldejesusrodriguezagui4326,sentido,1,10,4,YouTube
YouTube::@manueldejesusrodriguezagui4326,ridiculo,1,10,4,YouTube
YouTube::@manueldejesusrodriguezagui4326,caso,1,10,4,YouTube
YouTube::@manueldejesusrodriguezagui4326,comentario,1,10,2,YouTube
YouTube::@manuellinares1609,quejar,1,9,1,YouTube
YouTube::@manuellinares1609,hablar,1,11,0,YouTube
YouTube::@manuellinares1609,talento,1,1,2,YouTube
YouTube::@manuellinares1609,esperar,1,4,0,YouTube
YouTube::@manuellinares1609,jugar,1,3,4,YouTube
YouTube::@manuellinares1609,rapido,1,0,1,YouTube
YouTube::@manuellinares1609,acabar,1,11,3,YouTube
YouTube::@manuellinares1609,abrazo,1,11,2,YouTube
YouTube::@maperezpulido634,gobernadora,1,12,1,YouTube
YouTube::@maperezpulido634,ley,1,11,1,YouTube
YouTube::@maperezpulido634,mexico,1,12,0,YouTube
YouTube::@maperezpulido634,nota,1,5,1,YouTube
YouTube::@maperezpulido634,manana,1,10,1,YouTube
YouTube::@marcoa.d.iglesias3158,hotel,2,6,1,YouTube
YouTube::@marcoa.d.iglesias3158,calle,2,9,1,YouTube
YouTube::@marcoa.d.iglesias3158,padre,1,4,0,YouTube
YouTube::@marcoa.d.iglesias3158,presidente,1,14,2,YouTube
YouTube::@marcoa.d.iglesias3158,llegar,1,10,1,YouTube
YouTube::@marcoa.d.iglesias3158,vender,1,12,1,YouTube
YouTube::@marcoa.d.iglesias3158,dulce,1,9,4,YouTube
YouTube::@marcoa.d.iglesias3158,llenar,1,1,1,YouTube
YouTube::@marcoa.d.iglesias3158,lastima,1,10,2,YouTube
YouTube::@marcoa.d.iglesias3158,autoridad,1,0,3,YouTube
YouTube::@marcoa.d.iglesias3158,vecino,1,2,4,YouTube
YouTube::@marcoa.d.iglesias3158,visitante,1,3,2,YouTube
YouTube::@marcoa.d.iglesias3158,entorno,1,3,2,YouTube
YouTube::@marcobetancourt3733,ridiculo,2,10,4,YouTube
YouTube::@marcobetancourt3733,pensar,1,11,1,YouTube
YouTube::@marcobetancourt3733,america,1,10,5,YouTube
YouTube::@marcobetancourt3733,jugar,1,3,4,YouTube
YouTube::@marcobetancourt3733,limpio,1,7,0,YouTube
YouTube::@marcobetancourt3733,aplicar,1,11,1,YouTube
YouTube::@marcobetancourt3733,video,1,11,2,YouTube
YouTube::@marcobetancourt3733,terminar,1,11,3,YouTube
YouTube::@marcobetancourt3733,nomas,1,9,0,YouTube
YouTube::@marcobetancourt3733,comentario,1,10,2,YouTube
YouTube::@mariaalbisu-iribe1715,jajaja,2,11,0,YouTube
YouTube::@mariaalbisu-iribe1715,arbol,2,7,4,YouTube
YouTube::@mariaalbisu-iribe1715,esperar,1,4,0,YouTube
YouTube::@mariaalbisu-iribe1715,parar,1,11,0,YouTube
YouTube::@mariaalbisu-iribe1715,deber,1,11,1,YouTube
YouTube::@mariaalbisu-iribe1715,rico,1,8,2,YouTube
YouTube::@mariaalbisu-iribe1715,detras,1,9,2,YouTube
YouTube::@mariaalbisu-iribe1715,parecer,1,9,0,YouTube
YouTube::@mariaalbisu-iribe1715,super,1,8,0,YouTube
YouTube::@mariaalbisu-iribe1715,bonito,1,8,1,YouTube
YouTube::@mariaalcantara4622,hijo,2,12,4,YouTube
YouTube::@mariaalcantara4622,esperar,1,4,0,YouTube
YouTube::@mariaalcantara4622,chihuahua,1,12,1,YouTube
YouTube::@mariaalcantara4622,narco,1,12,4,YouTube
YouTube::@mariaalcantara4622,politico,1,12,4,YouTube
YouTube::@mariaalcantara4622,adan,1,12,2,YouTube
YouTube::@mariaalcantara4622,augusto,1,12,2,YouTube
YouTube::@mariaalcantara4622,lopez,1,12,2,YouTube
YouTube::@mariachiazul70,importante,2,13,0,YouTube
YouTube::@mariachiazul70,mexico,1,12,0,YouTube
YouTube::@mariachiazul70,vivir,1,8,2,YouTube
YouTube::@mariachiazul70,futbol,1,1,3,YouTube
YouTube::@mariadelcarmencastanedadia3151,traer,1,11,0,YouTube
YouTube::@mariadelcarmencastanedadia3151,mexico,1,12,0,YouTube
YouTube::@mariadelcarmencastanedadia3151,marino,1,12,1,YouTube
YouTube::@mariadelcarmencastanedadia3151,quedar,1,11,0,YouTube
YouTube::@mariadelcarmencastanedadia3151,argentina,1,12,1,YouTube
YouTube::@mariadelcarmencastanedadia3151,unidos,1,11,6,YouTube
YouTube::@mariadelcarmencastanedadia3151,hablar,1,11,0,YouTube
YouTube::@mariadelourdesarana7486,sacar,1,11,3,YouTube
YouTube::@mariadelourdesarana7486,felicidad,1,8,0,YouTube
YouTube::@mariadelourdesarana7486,robar,1,12,5,YouTube
YouTube::@mariadelourdesarana7486,vivir,1,8,2,YouTube
YouTube::@mariadelourdesarana7486,hijo,1,12,4,YouTube
YouTube::@mariadelourdesarana7486,juez,1,10,3,YouTube
YouTube::@mariadelourdesarana7486,ignorante,1,9,0,YouTube
YouTube::@mariadelourdesarana7486,ratero,1,12,4,YouTube
YouTube::@mariaelenatorresreyes387,obrador,2,12,2,YouTube
YouTube::@mariaelenatorresreyes387,ojala,1,9,0,YouTube
YouTube::@mariaelenatorresreyes387,justicia,1,11,1,YouTube
YouTube::@mariaelenatorresreyes387,mexico,1,12,0,YouTube
YouTube::@mariaelenatorresreyes387,huachicol,1,12,2,YouTube
YouTube::@mariaelenatorresreyes387,adan,1,12,2,YouTube
YouTube::@mariaelenatorresreyes387,augusto,1,12,2,YouTube
YouTube::@mariaelenatorresreyes387,hijo,1,12,4,YouTube
YouTube::@mariaelenatorresreyes387,regresar,1,10,3,YouTube
YouTube::@mariaelenatorresreyes387,dinero,1,12,5,YouTube
YouTube::@mariaelenatorresreyes387,pais,1,12,0,YouTube
YouTube::@mariaelenatorresreyes387,fiscal,1,12,2,YouTube
YouTube::@mariaherminiasantillanrami1950,gobernadora,1,12,1,YouTube
YouTube::@mariaherminiasantillanrami1950,boca,1,9,4,YouTube
YouTube::@mariaherminiasantillanrami1950,rio,1,0,4,YouTube
YouTube::@mariaherminiasantillanrami1950,veracruz,1,5,2,YouTube
YouTube::@mariaherminiasantillanrami1950,subir,1,11,2,YouTube
YouTube::@mariaherminiasantillanrami1950,agua,1,3,1,YouTube
YouTube::@mariaherminiasantillanrami1950,culpa,1,9,4,YouTube
YouTube::@mariaherminiasantillanrami1950,gobierno,1,12,3,YouTube
YouTube::@mariaherminiasantillanrami1950,federal,1,12,1,YouTube
YouTube::@mariapatriciaortiz4249,tratar,2,10,4,YouTube
YouTube::@mariapatriciaortiz4249,nombre,1,12,2,YouTube
YouTube::@mariapatriciaortiz4249,cual,1,10,2,YouTube
YouTube::@mariapatriciaortiz4249,salir,1,11,0,YouTube
YouTube::@mariapatriciaortiz4249,tomar,1,4,2,YouTube
YouTube::@mariapatriciaortiz4249,sol,1,5,1,YouTube
YouTube::@mariapatriciaortiz4249,ventana,1,3,1,YouTube
YouTube::@mariapatriciaortiz4249,verguenza,1,12,0,YouTube
YouTube::@mariapatriciaortiz4249,mexicano,1,4,1,YouTube
YouTube::@mariapatriciaortiz4249,casa,1,3,1,YouTube
YouTube::@mariaricardez7167,trump,1,12,1,YouTube
YouTube::@mariaricardez7167,esperanza,1,6,1,YouTube
YouTube::@mariaricardez7167,mexico,1,12,0,YouTube
YouTube::@mariaricardez7167,carcel,1,12,1,YouTube
YouTube::@mariaricardez7167,morena,1,12,4,YouTube
YouTube::@mariasnead7833,andy,1,12,2,YouTube
YouTube::@mariasnead7833,carcel,1,12,1,YouTube
YouTube::@mariasnead7833,justicia,1,11,1,YouTube
YouTube::@mariasnead7833,palacio,1,12,0,YouTube
YouTube::@mariasnead7833,amlo,1,12,4,YouTube
YouTube::@maricelacerroblanco6709,respeto,2,9,4,YouTube
YouTube::@maricelacerroblanco6709,mujer,1,10,3,YouTube
YouTube::@maricelacerroblanco6709,educacion,1,14,1,YouTube
YouTube::@maricelacerroblanco6709,falta,1,11,0,YouTube
YouTube::@maricelacerroblanco6709,pais,1,12,0,YouTube
YouTube::@maricelacerroblanco6709,mexico,1,12,0,YouTube
YouTube::@maricelacerroblanco6709,mayoria,1,11,4,YouTube
YouTube::@maricelacerroblanco6709,mexicanos,1,12,0,YouTube
YouTube::@marilugonzalez2994,anos,1,9,0,YouTube
YouTube::@marilugonzalez2994,luz,1,3,1,YouTube
YouTube::@marilugonzalez2994,noche,1,4,0,YouTube
YouTube::@marilugonzalez2994,perro,1,9,0,YouTube
YouTube::@marilugonzalez2994,cafe,1,6,1,YouTube
YouTube::@marilugonzalez2994,llamado,1,0,1,YouTube
YouTube::@marilugonzalez2994,calle,1,9,1,YouTube
YouTube::@marilugonzalez2994,agradable,1,14,3,YouTube
YouTube::@marilugonzalez2994,zona,1,0,1,YouTube
YouTube::@marilugonzalez2994,rosa,1,9,2,YouTube
YouTube::@marilugonzalez2994,relacionado,1,4,4,YouTube
YouTube::@marilugonzalez2994,tocar,1,11,2,YouTube
YouTube::@marilugonzalez2994,edad,1,6,3,YouTube
YouTube::@marilugonzalez2994,ano,1,11,2,YouTube
YouTube::@mariomarquez1176,caer,2,12,1,YouTube
YouTube::@mariomarquez1176,mexico,1,12,0,YouTube
YouTube::@mariomarquez1176,viva,1,12,0,YouTube
YouTube::@mariomarquez1176,claudia,1,12,0,YouTube
YouTube::@mariomontelongo6759,salir,1,11,0,YouTube
YouTube::@mariomontelongo6759,medio,1,8,2,YouTube
YouTube::@mariomontelongo6759,local,1,1,2,YouTube
YouTube::@mariomontelongo6759,nacional,1,4,2,YouTube
YouTube::@mariomontelongo6759,ejercito,1,11,1,YouTube
YouTube::@mariomontelongo6759,crear,1,8,4,YouTube
YouTube::@mariomontelongo6759,informacion,1,11,0,YouTube
YouTube::@mariomontelongo6759,falso,1,9,0,YouTube
YouTube::@mariomontelongo6759,puro,1,12,3,YouTube
YouTube::@mariselatorres4916,deber,2,11,1,YouTube
YouTube::@mariselatorres4916,marina,1,6,0,YouTube
YouTube::@mariselatorres4916,delincuente,1,12,1,YouTube
YouTube::@mariselatorres4916,juzgar,1,11,1,YouTube
YouTube::@mariselatorres4916,ley,1,11,1,YouTube
YouTube::@marisolgarcia7341,hablar,2,11,0,YouTube
YouTube::@marisolgarcia7341,america,2,10,5,YouTube
YouTube::@marisolgarcia7341,dia,2,6,0,YouTube
YouTube::@marisolgarcia7341,canal,1,9,1,YouTube
YouTube::@marisolgarcia7341,deportivo,1,1,4,YouTube
YouTube::@marisolgarcia7341,pasar,1,11,3,YouTube
YouTube::@marisolgarcia7341,semana,1,4,5,YouTube
YouTube::@marisolgarcia7341,equipo,1,13,3,YouTube
YouTube::@marisolgarcia7341,quejar,1,9,1,YouTube
YouTube::@marisolgarcia7341,opinar,1,7,2,YouTube
YouTube::@marisolgarcia7341,opinion,1,10,4,YouTube
YouTube::@marisolgarcia7341,esperar,1,4,0,YouTube
YouTube::@marisolgarcia7341,terminar,1,11,3,YouTube
YouTube::@marisolgarcia7341,empezar,1,12,3,YouTube
YouTube::@marisolgarcia7341,jose,1,0,5,YouTube
YouTube::@marisolgarcia7341,rico,1,8,2,YouTube
YouTube::@marisolgarcia7341,dejar,1,9,0,YouTube
YouTube::@markis650,alla,2,11,0,YouTube
YouTube::@markis650,mexico,1,12,0,YouTube
YouTube::@markis650,soltar,1,12,1,YouTube
YouTube::@markis650,lider,1,12,2,YouTube
YouTube::@markis650,barredora,1,2,0,YouTube
YouTube::@markis650,directo,1,12,3,YouTube
YouTube::@marthaalicia4506,respetar,2,10,4,YouTube
YouTube::@marthaalicia4506,gobernadora,1,12,1,YouTube
YouTube::@marthaalicia4506,tomar,1,4,2,YouTube
YouTube::@marthaalicia4506,cargo,1,12,1,YouTube
YouTube::@marthaalicia4506,juicio,1,11,1,YouTube
YouTube::@marthaalicia4506,politico,1,12,4,YouTube
YouTube::@marthaesquer9167,tarde,1,8,1,YouTube
YouTube::@marthaesquer9167,temprano,1,9,1,YouTube
YouTube::@marthaesquer9167,justicia,1,11,1,YouTube
YouTube::@marthaesquer9167,llegar,1,10,1,YouTube
YouTube::@marthaesquer9167,necesitar,1,2,0,YouTube
YouTube::@marthaesquer9167,politico,1,12,4,YouTube
YouTube::@marthaesquer9167,cuarta,1,2,4,YouTube
YouTube::@marthaesquer9167,caer,1,12,1,YouTube
YouTube::@marthaesquer9167,pagar,1,11,4,YouTube
YouTube::@marthaesquer9167,dano,1,4,1,YouTube
YouTube::@marthaesquer9167,pueblo,1,11,5,YouTube
YouTube::@marthaesquer9167,mexico,1,12,0,YouTube
YouTube::@marthaledesma6356,ojala,1,9,0,YouTube
YouTube::@marthaledesma6356,asesino,1,11,1,YouTube
YouTube::@marthaledesma6356,madre,1,10,3,YouTube
YouTube::@marthaledesma6356,matar,1,9,0,YouTube
YouTube::@marthaledesma6356,joven,1,13,0,YouTube
YouTube::@marthaledesma6356,morir,1,7,2,YouTube
YouTube::@marthaledesma6356,carcel,1,12,1,YouTube
YouTube::@marthaledesma6356,peor,1,9,0,YouTube
YouTube::@martharodriguez7193,notar,2,4,1,YouTube
YouTube::@martharodriguez7193,millon,1,12,0,YouTube
YouTube::@martharodriguez7193,mexicano,1,4,1,YouTube
YouTube::@martharodriguez7193,ganar,1,10,2,YouTube
YouTube::@martharodriguez7193,reunion,1,1,2,YouTube
YouTube::@martharodriguez7193,presencia,1,13,4,YouTube
YouTube::@martharodriguez7193,salir,1,11,0,YouTube
YouTube::@martharodriguez7193,apoyo,1,2,2,YouTube
YouTube::@martharodriguez7193,pobre,1,12,0,YouTube
YouTube::@martharodriguez7193,encontrar,1,7,4,YouTube
YouTube::@martharodriguez7193,forma,1,12,3,YouTube
YouTube::@martharodriguez7193,seguir,1,2,0,YouTube
YouTube::@martindelacruzvazquez7870,ganar,1,10,2,YouTube
YouTube::@martindelacruzvazquez7870,netflix,1,4,3,YouTube
YouTube::@martindelacruzvazquez7870,caso,1,10,4,YouTube
YouTube::@martindelacruzvazquez7870,fiscal,1,12,2,YouTube
YouTube::@martindelacruzvazquez7870,serie,1,4,5,YouTube
YouTube::@martinmontanez7542,realidad,1,6,2,YouTube
YouTube::@martinmontanez7542,asesino,1,11,1,YouTube
YouTube::@martinmontanez7542,ignorante,1,9,0,YouTube
YouTube::@martinmontanez7542,peor,1,9,0,YouTube
YouTube::@martinmontanez7542,mexico,1,12,0,YouTube
YouTube::@martinrico6387,serio,2,11,0,YouTube
YouTube::@martinrico6387,ridiculo,1,10,4,YouTube
YouTube::@martinrico6387,futbol,1,1,3,YouTube
YouTube::@martinrico6387,querer,1,11,0,YouTube
YouTube::@martinrico6387,quedar,1,11,0,YouTube
YouTube::@martinrico6387,equipo,1,13,3,YouTube
YouTube::@martinrico6387,excelente,1,2,1,YouTube
YouTube::@martinrico6387,comentario,1,10,2,YouTube
YouTube::@martinrico6387,america,1,10,5,YouTube
YouTube::@martinrico6387,ojala,1,9,0,YouTube
YouTube::@martinrico6387,saludo,1,11,2,YouTube
YouTube::@martinrico6387,gracias,1,8,0,YouTube
YouTube::@maruchvazquez3163,noticia,2,11,6,YouTube
YouTube::@maruchvazquez3163,viejo,2,11,5,YouTube
YouTube::@maruchvazquez3163,crear,1,8,4,YouTube
YouTube::@maruchvazquez3163,morena,1,12,4,YouTube
YouTube::@maruchvazquez3163,cuidado,1,3,2,YouTube
YouTube::@maximinaalcay3350,cara,1,6,0,YouTube
YouTube::@maximinaalcay3350,carcel,1,12,1,YouTube
YouTube::@maximinaalcay3350,pedir,1,11,0,YouTube
YouTube::@maximinaalcay3350,ano,1,11,2,YouTube
YouTube::@maximinaalcay3350,pueblo,1,11,5,YouTube
YouTube::@maximinaalcay3350,mexico,1,12,0,YouTube
YouTube::@maybarnu,empezar,1,12,3,YouTube
YouTube::@maybarnu,andar,1,9,0,YouTube
YouTube::@maybarnu,hora,1,10,1,YouTube
YouTube::@maybarnu,actuar,1,9,0,YouTube
YouTube::@maybarnu,anticipar,1,9,2,YouTube
YouTube::@maybarnu,proteccion,1,0,0,YouTube
YouTube::@maybarnu,legal,1,11,6,YouTube
YouTube::@maybarnu,quitar,1,11,5,YouTube
YouTube::@maybarnu,rendir,1,6,3,YouTube
YouTube::@maybarnu,delincuente,1,12,1,YouTube
YouTube::@maybarnu,participar,1,10,2,YouTube
YouTube::@maybarnu,agente,1,12,1,YouTube
YouTube::@mayo6061,pez,1,12,1,YouTube
YouTube::@mayo6061,gordo,1,11,0,YouTube
YouTube::@mayo6061,lopez,1,12,2,YouTube
YouTube::@mayo6061,andres,1,12,2,YouTube
YouTube::@mayo6061,manuel,1,12,2,YouTube
YouTube::@mayo6061,jefe,1,11,3,YouTube
YouTube::@mesinamanzoricardo4157,america,2,10,5,YouTube
YouTube::@mesinamanzoricardo4157,pumas,1,5,2,YouTube
YouTube::@mesinamanzoricardo4157,cinico,1,7,4,YouTube
YouTube::@mesinamanzoricardo4157,penal,1,10,4,YouTube
YouTube::@mesinamanzoricardo4157,mano,1,6,0,YouTube
YouTube::@mesinamanzoricardo4157,favorecer,1,3,3,YouTube
YouTube::@mesinamanzoricardo4157,ladron,1,12,5,YouTube
YouTube::@mesinamanzoricardo4157,esperar,1,4,0,YouTube
YouTube::@messiahtorahamerica,bonito,1,8,1,YouTube
YouTube::@messiahtorahamerica,video,1,11,2,YouTube
YouTube::@messiahtorahamerica,conductor,1,9,4,YouTube
YouTube::@messiahtorahamerica,hablar,1,11,0,YouTube
YouTube::@messiahtorahamerica,generar,1,13,2,YouTube
YouTube::@meugeniamdeblackmore609,presidenta,2,8,0,YouTube
YouTube::@meugeniamdeblackmore609,amar,1,4,0,YouTube
YouTube::@meugeniamdeblackmore609,senora,1,9,0,YouTube
YouTube::@meugeniamdeblackmore609,feliz,1,8,1,YouTube
YouTube::@meugeniamdeblackmore609,permitir,1,14,0,YouTube
YouTube::@meugeniamdeblackmore609,seguir,1,2,0,YouTube
YouTube::@meugeniamdeblackmore609,lider,1,12,2,YouTube
YouTube::@meugeniamdeblackmore609,guerrero,1,10,0,YouTube
YouTube::@meugeniamdeblackmore609,favor,1,11,5,YouTube
YouTube::@meugeniamdeblackmore609,pueblo,1,11,5,YouTube
YouTube::@meugeniamdeblackmore609,mexico,1,12,0,YouTube
YouTube::@meugeniamdeblackmore609,vida,1,7,4,YouTube
YouTube::@meugeniamdeblackmore609,hermoso,1,8,0,YouTube
YouTube::@michaeldominguez6416,sentir,2,11,4,YouTube
YouTube::@michaeldominguez6416,pasar,1,11,3,YouTube
YouTube::@michaeldominguez6416,ala,1,12,0,YouTube
YouTube::@michaeldominguez6416,pedir,1,11,0,YouTube
YouTube::@michelgonzalezsuarez4924,familia,2,1,0,YouTube
YouTube::@michelgonzalezsuarez4924,precio,2,11,4,YouTube
YouTube::@michelgonzalezsuarez4924,guerra,2,11,2,YouTube
YouTube::@michelgonzalezsuarez4924,esperar,1,4,0,YouTube
YouTube::@michelgonzalezsuarez4924,medida,1,7,1,YouTube
YouTube::@michelgonzalezsuarez4924,deber,1,11,1,YouTube
YouTube::@michelgonzalezsuarez4924,alimento,1,1,2,YouTube
YouTube::@michelgonzalezsuarez4924,suficiente,1,11,5,YouTube
YouTube::@michelgonzalezsuarez4924,consecuencia,1,9,0,YouTube
YouTube::@michelgonzalezsuarez4924,ano,1,11,2,YouTube
YouTube::@michelgonzalezsuarez4924,afectar,1,0,1,YouTube
YouTube::@michelgonzalezsuarez4924,utilizar,1,9,1,YouTube
YouTube::@michelgonzalezsuarez4924,pretexto,1,9,0,YouTube
YouTube::@michelgonzalezsuarez4924,subir,1,11,2,YouTube
YouTube::@michelgonzalezsuarez4924,jajaja,1,11,0,YouTube
YouTube::@michelgonzalezsuarez4924,persona,1,4,3,YouTube
YouTube::@michelgonzalezsuarez4924,gracias,1,8,0,YouTube
YouTube::@michelgonzalezsuarez4924,situacion,1,0,1,YouTube
YouTube::@michelgonzalezsuarez4924,alto,1,13,0,YouTube
YouTube::@michelgonzalezsuarez4924,mirar,1,11,0,YouTube
YouTube::@michelgonzalezsuarez4924,cielo,1,3,3,YouTube
YouTube::@michelgonzalezsuarez4924,ventana,1,3,1,YouTube
YouTube::@michelgonzalezsuarez4924,llamar,1,11,1,YouTube
YouTube::@miguelangellucerolucero5078,nacional,2,4,2,YouTube
YouTube::@miguelangellucerolucero5078,jajaja,1,11,0,YouTube
YouTube::@miguelangellucerolucero5078,mujer,1,10,3,YouTube
YouTube::@miguelangellucerolucero5078,pardo,1,11,2,YouTube
YouTube::@miguelangellucerolucero5078,presidenta,1,8,0,YouTube
YouTube::@miguelangellucerolucero5078,palacio,1,12,0,YouTube
YouTube::@miguelangellucerolucero5078,patrimonio,1,14,0,YouTube
YouTube::@miguelangellucerolucero5078,historico,1,6,1,YouTube
YouTube::@miguelangellucerolucero5078,claro,1,4,3,YouTube
YouTube::@miguelangelramos2614,mandir,1,4,1,YouTube
YouTube::@miguelangelramos2614,unidos,1,11,6,YouTube
YouTube::@miguelangelramos2614,rey,1,12,-1,YouTube
YouTube::@miguelangelramos2614,huachicol,1,12,2,YouTube
YouTube::@miguelangelramos2614,fiscal,1,12,2,YouTube
YouTube::@miguelangelramos2614,andres,1,12,2,YouTube
YouTube::@miguelangelramos2614,manuel,1,12,2,YouTube
YouTube::@miguelangelramos2614,lopez,1,12,2,YouTube
YouTube::@miguelangelramos2614,obrador,1,12,2,YouTube
YouTube::@miguelangelramos2614,rendir,1,6,3,YouTube
YouTube::@miguelbuccio,creer,1,12,3,YouTube
YouTube::@miguelbuccio,zona,1,0,1,YouTube
YouTube::@miguelbuccio,rosa,1,9,2,YouTube
YouTube::@miguelbuccio,dolor,1,7,1,YouTube
YouTube::@miguelbuccio,necesidad,1,2,0,YouTube
YouTube::@miguelbuccio,marca,1,13,2,YouTube
YouTube::@miguelgarcia8523,zona,1,0,1,YouTube
YouTube::@miguelgarcia8523,anos,1,9,0,YouTube
YouTube::@miguelgarcia8523,ano,1,11,2,YouTube
YouTube::@miguelgarcia8523,forma,1,12,3,YouTube
YouTube::@miguelgarcia8523,vida,1,7,4,YouTube
YouTube::@miguelgarcia8523,distrito,1,14,2,YouTube
YouTube::@miguelgarcia8523,federal,1,12,1,YouTube
YouTube::@miguelgarcia8523,felicidad,1,8,0,YouTube
YouTube::@miguelgarcia8523,recorrido,1,0,1,YouTube
YouTube::@miguelgarcia8523,historico,1,6,1,YouTube
YouTube::@miguelgranados-v2s,gustar,1,6,0,YouTube
YouTube::@miguelgranados-v2s,deber,1,11,1,YouTube
YouTube::@miguelgranados-v2s,claro,1,4,3,YouTube
YouTube::@miguelgranados-v2s,salir,1,11,0,YouTube
YouTube::@miguelgranados-v2s,gente,1,6,2,YouTube
YouTube::@miguelgranados-v2s,juego,1,9,2,YouTube
YouTube::@miguelgranados-v2s,sentido,1,10,4,YouTube
YouTube::@miguelgranados-v2s,ridiculo,1,10,4,YouTube
YouTube::@miguelgranados-v2s,tratar,1,10,4,YouTube
YouTube::@miguelgranados-v2s,justificar,1,9,0,YouTube
YouTube::@miguelgranados-v2s,ley,1,11,1,YouTube
YouTube::@migueljimenez8594,favor,1,11,5,YouTube
YouTube::@migueljimenez8594,enviar,1,0,4,YouTube
YouTube::@migueljimenez8594,huachicolero,1,12,3,YouTube
YouTube::@migueljimenez8594,argentina,1,12,1,YouTube
YouTube::@migueljimenez8594,matar,1,9,0,YouTube
YouTube::@miguelserratoca1333,ganar,2,10,2,YouTube
YouTube::@miguelserratoca1333,aplicar,2,11,1,YouTube
YouTube::@miguelserratoca1333,ley,2,11,1,YouTube
YouTube::@miguelserratoca1333,acuerdo,1,4,1,YouTube
YouTube::@miguelserratoca1333,excelente,1,2,1,YouTube
YouTube::@miguelserratoca1333,querer,1,11,0,YouTube
YouTube::@miguelserratoca1333,seguro,1,2,1,YouTube
YouTube::@miguelserratoca1333,resultado,1,2,0,YouTube
YouTube::@miguelserratoca1333,resultar,1,6,2,YouTube
YouTube::@miguelserratoca1333,favorecer,1,3,3,YouTube
YouTube::@miguelserratoca1333,america,1,10,5,YouTube
YouTube::@mikasaackerman8084,nacional,3,4,2,YouTube
YouTube::@mikasaackerman8084,patrimonio,2,14,0,YouTube
YouTube::@mikasaackerman8084,historico,2,6,1,YouTube
YouTube::@mikasaackerman8084,palacio,1,12,0,YouTube
YouTube::@mikasaackerman8084,respetar,1,10,4,YouTube
YouTube::@mikasaackerman8084,persona,1,4,3,YouTube
YouTube::@mikasaackerman8084,ventana,1,3,1,YouTube
YouTube::@mikasaackerman8084,gente,1,6,2,YouTube
YouTube::@mikasaackerman8084,respeto,1,9,4,YouTube
YouTube::@mikedelgadillo3148,gente,4,6,2,YouTube
YouTube::@mikedelgadillo3148,defender,2,11,0,YouTube
YouTube::@mikedelgadillo3148,partido,2,4,0,YouTube
YouTube::@mikedelgadillo3148,cambiar,1,2,0,YouTube
YouTube::@mikedelgadillo3148,color,1,9,2,YouTube
YouTube::@mikedelgadillo3148,necesario,1,0,3,YouTube
YouTube::@mikedelgadillo3148,confiar,1,11,4,YouTube
YouTube::@mikedelgadillo3148,crear,1,8,4,YouTube
YouTube::@mikedelgadillo3148,servir,1,6,2,YouTube
YouTube::@mikedelgadillo3148,exigir,1,11,4,YouTube
YouTube::@mikedelgadillo3148,voto,1,8,4,YouTube
YouTube::@mikedelgadillo3148,recurso,1,4,3,YouTube
YouTube::@mikedelgadillo3148,pueblo,1,11,5,YouTube
YouTube::@mikedelgadillo3148,entender,1,11,4,YouTube
YouTube::@mikedelgadillo3148,cualquiera,1,6,2,YouTube
YouTube::@mikedelgadillo3148,creer,1,12,3,YouTube
YouTube::@mikedelgadillo3148,dinero,1,12,5,YouTube
YouTube::@mikedelgadillo3148,andar,1,9,0,YouTube
YouTube::@mikedelgadillo3148,afuera,1,4,4,YouTube
YouTube::@mishaillich9728,federal,4,12,1,YouTube
YouTube::@mishaillich9728,gobierno,3,12,3,YouTube
YouTube::@mishaillich9728,moren,2,4,1,YouTube
YouTube::@mishaillich9728,personaje,2,12,0,YouTube
YouTube::@mishaillich9728,morena,2,12,4,YouTube
YouTube::@mishaillich9728,funcionario,2,6,2,YouTube
YouTube::@mishaillich9728,soberania,2,12,0,YouTube
YouTube::@mishaillich9728,pez,1,12,1,YouTube
YouTube::@mishaillich9728,gordo,1,11,0,YouTube
YouTube::@mishaillich9728,defender,1,11,0,YouTube
YouTube::@mishaillich9728,aplicar,1,11,1,YouTube
YouTube::@mishaillich9728,ley,1,11,1,YouTube
YouTube::@mishaillich9728,mexicanos,1,12,0,YouTube
YouTube::@mishaillich9728,exigir,1,11,4,YouTube
YouTube::@mishaillich9728,general,1,10,0,YouTube
YouTube::@mishaillich9728,republica,1,14,1,YouTube
YouTube::@mishaillich9728,millonario,1,14,1,YouTube
YouTube::@mishaillich9728,publico,1,14,3,YouTube
YouTube::@mishaillich9728,mexicano,1,4,1,YouTube
YouTube::@mishaillich9728,vender,1,12,1,YouTube
YouTube::@mishaillich9728,gobernadora,1,12,1,YouTube
YouTube::@mishaillich9728,negocio,1,10,4,YouTube
YouTube::@mishaillich9728,gente,1,6,2,YouTube
YouTube::@mishaillich9728,marina,1,6,0,YouTube
YouTube::@mishaillich9728,cargo,1,12,1,YouTube
YouTube::@mishaillich9728,marino,1,12,1,YouTube
YouTube::@mishaillich9728,tratar,1,10,4,YouTube
YouTube::@mishaillich9728,menor,1,7,3,YouTube
YouTube::@mishaillich9728,millon,1,12,0,YouTube
YouTube::@mishaillich9728,pesos,1,13,3,YouTube
YouTube::@mishaillich9728,agente,1,12,1,YouTube
YouTube::@mishaillich9728,chihuahua,1,12,1,YouTube
YouTube::@mishaillich9728,nacional,1,4,2,YouTube
YouTube::@mishaillich9728,senor,1,12,0,YouTube
YouTube::@mishaillich9728,robar,1,12,5,YouTube
YouTube::@mishaillich9728,pais,1,12,0,YouTube
YouTube::@mohamedfalouh2002,presidente,1,14,2,YouTube
YouTube::@mohamedfalouh2002,mexico,1,12,0,YouTube
YouTube::@mohamedfalouh2002,claudia,1,12,0,YouTube
YouTube::@mohamedfalouh2002,sheinbaum,1,12,0,YouTube
YouTube::@mohamedfalouh2002,diaz,1,9,2,YouTube
YouTube::@moi20003,corrupcion,2,12,5,YouTube
YouTube::@moi20003,viejo,1,11,5,YouTube
YouTube::@moi20003,volver,1,12,2,YouTube
YouTube::@moi20003,moren,1,4,1,YouTube
YouTube::@moi20003,perder,1,11,5,YouTube
YouTube::@moi20003,hora,1,10,1,YouTube
YouTube::@moi20003,iniciar,1,5,1,YouTube
YouTube::@moi20003,organizado,1,4,3,YouTube
YouTube::@movieskoala8909,ridiculo,3,10,4,YouTube
YouTube::@movieskoala8909,pasar,2,11,3,YouTube
YouTube::@movieskoala8909,americo,1,14,1,YouTube
YouTube::@movieskoala8909,mitad,1,14,3,YouTube
YouTube::@movieskoala8909,penal,1,10,4,YouTube
YouTube::@movieskoala8909,cosa,1,11,3,YouTube
YouTube::@movieskoala8909,seguir,1,2,0,YouTube
YouTube::@movieskoala8909,dejar,1,9,0,YouTube
YouTube::@movieskoala8909,america,1,10,5,YouTube
YouTube::@movieskoala8909,romper,1,12,1,YouTube
YouTube::@mustafamimonahmed6857,hola,1,10,1,YouTube
YouTube::@mustafamimonahmed6857,mal,1,4,1,YouTube
YouTube::@mustafamimonahmed6857,pasar,1,11,3,YouTube
YouTube::@mustafamimonahmed6857,pais,1,12,0,YouTube
YouTube::@mustafamimonahmed6857,culpa,1,9,4,YouTube
YouTube::@mustafamimonahmed6857,politico,1,12,4,YouTube
YouTube::@mustafamimonahmed6857,abrazo,1,11,2,YouTube
YouTube::@mustafamimonahmed6857,seguir,1,2,0,YouTube
YouTube::@mzzzol,bola,1,11,3,YouTube
YouTube::@mzzzol,corrupto,1,12,4,YouTube
YouTube::@mzzzol,cinico,1,7,4,YouTube
YouTube::@mzzzol,ratero,1,12,4,YouTube
YouTube::@mzzzol,ladron,1,12,5,YouTube
YouTube::@mzzzol,morena,1,12,4,YouTube
YouTube::@mzzzol,mexico,1,12,0,YouTube
YouTube::@nachogomez6375,gobernador,2,14,1,YouTube
YouTube::@nachogomez6375,frontera,1,11,0,YouTube
YouTube::@nachogomez6375,desaparecer,1,8,3,YouTube
YouTube::@nachogomez6375,matar,1,9,0,YouTube
YouTube::@nachogomez6375,mil,1,8,3,YouTube
YouTube::@nachogomez6375,persona,1,4,3,YouTube
YouTube::@nachogomez6375,mexicano,1,4,1,YouTube
YouTube::@nachogomez6375,ganar,1,10,2,YouTube
YouTube::@nachogomez6375,millon,1,12,0,YouTube
YouTube::@nachogomez6375,fortalecer,1,14,0,YouTube
YouTube::@nachogomez6375,economia,1,1,2,YouTube
YouTube::@nachogomez6375,trump,1,12,1,YouTube
YouTube::@nancymunguiamendez-ek7oi,saludos,1,11,2,YouTube
YouTube::@nancymunguiamendez-ek7oi,presidenta,1,8,0,YouTube
YouTube::@nancymunguiamendez-ek7oi,ojala,1,9,0,YouTube
YouTube::@nancymunguiamendez-ek7oi,simple,1,7,1,YouTube
YouTube::@nancymunguiamendez-ek7oi,gracia,1,11,2,YouTube
YouTube::@newcruiser,pensamiento,2,9,2,YouTube
YouTube::@newcruiser,viejo,2,11,5,YouTube
YouTube::@newcruiser,increible,1,8,2,YouTube
YouTube::@newcruiser,persona,1,4,3,YouTube
YouTube::@newcruiser,argentina,1,12,1,YouTube
YouTube::@newcruiser,semana,1,4,5,YouTube
YouTube::@newcruiser,tocar,1,11,2,YouTube
YouTube::@newcruiser,aprender,1,11,3,YouTube
YouTube::@newcruiser,critico,1,9,1,YouTube
YouTube::@newcruiser,joven,1,13,0,YouTube
YouTube::@newcruiser,andar,1,9,0,YouTube
YouTube::@newcruiser,tarea,1,14,3,YouTube
YouTube::@newcruiser,criticar,1,12,3,YouTube
YouTube::@newcruiser,internet,1,10,1,YouTube
YouTube::@newcruiser,leer,1,14,3,YouTube
YouTube::@newcruiser,pagina,1,10,1,YouTube
YouTube::@newcruiser,resumen,1,4,3,YouTube
YouTube::@nicolimasimini7877,politico,1,12,4,YouTube
YouTube::@nicolimasimini7877,involucrado,1,12,1,YouTube
YouTube::@nicolimasimini7877,empezar,1,12,3,YouTube
YouTube::@nicolimasimini7877,lopez,1,12,2,YouTube
YouTube::@nicolimasimini7877,augusto,1,12,2,YouTube
YouTube::@nicolimasimini7877,marina,1,6,0,YouTube
YouTube::@nicolimasimini7877,familia,1,1,0,YouTube
YouTube::@nicolimasimini7877,presidenta,1,8,0,YouTube
YouTube::@nicolimasimini7877,delincuencia,1,11,1,YouTube
YouTube::@nicolimasimini7877,organizado,1,4,3,YouTube
YouTube::@nlsc042085,gente,2,6,2,YouTube
YouTube::@nlsc042085,delincuente,1,12,1,YouTube
YouTube::@nlsc042085,pasar,1,11,3,YouTube
YouTube::@nlsc042085,tirar,1,9,1,YouTube
YouTube::@nlsc042085,loco,1,11,2,YouTube
YouTube::@noraelisaviverosgarcia7587,ojala,1,9,0,YouTube
YouTube::@noraelisaviverosgarcia7587,entrega,1,13,3,YouTube
YouTube::@noraelisaviverosgarcia7587,andy,1,12,2,YouTube
YouTube::@noraelisaviverosgarcia7587,mierda,1,10,4,YouTube
YouTube::@noraelisaviverosgarcia7587,involucrado,1,12,1,YouTube
YouTube::@noraelisaviverosgarcia7587,huachicol,1,12,2,YouTube
YouTube::@noraelisaviverosgarcia7587,fiscal,1,12,2,YouTube
YouTube::@norbertocastorela5643,pagar,3,11,4,YouTube
YouTube::@norbertocastorela5643,delito,3,11,4,YouTube
YouTube::@norbertocastorela5643,mexico,2,12,0,YouTube
YouTube::@norbertocastorela5643,pena,1,12,1,YouTube
YouTube::@norbertocastorela5643,entrar,1,4,1,YouTube
YouTube::@norbertocastorela5643,traidor,1,11,1,YouTube
YouTube::@norbertocastorela5643,militar,1,11,1,YouTube
YouTube::@norbertocastorela5643,mandir,1,4,1,YouTube
YouTube::@norbertocastorela5643,claudia,1,12,0,YouTube
YouTube::@norbertocastorela5643,omar,1,11,1,YouTube
YouTube::@norbertocastorela5643,garcia,1,12,2,YouTube
YouTube::@normagutierrez7299,seguro,1,2,1,YouTube
YouTube::@normagutierrez7299,encontrar,1,7,4,YouTube
YouTube::@normagutierrez7299,prueba,1,12,3,YouTube
YouTube::@normagutierrez7299,aparecer,1,4,2,YouTube
YouTube::@normagutierrez7299,andy,1,12,2,YouTube
YouTube::@normagutierrez7299,lopez,1,12,2,YouTube
YouTube::@oSaaron,real,1,13,2,YouTube
YouTube::@oSaaron,america,1,10,5,YouTube
YouTube::@oSaaron,obtenido,1,12,3,YouTube
YouTube::@oSaaron,pasar,1,11,3,YouTube
YouTube::@oSaaron,cual,1,10,2,YouTube
YouTube::@oSaaron,liga,1,10,4,YouTube
YouTube::@oSaaron,creer,1,12,3,YouTube
YouTube::@oSaaron,problema,1,12,0,YouTube
YouTube::@oSaaron,aceptar,1,10,0,YouTube
YouTube::@oSaaron,equipo,1,13,3,YouTube
YouTube::@oSaaron,inicio,1,10,0,YouTube
YouTube::@oSaaron,torneo,1,1,4,YouTube
YouTube::@octaviodiaz3425,mover,2,9,0,YouTube
YouTube::@octaviodiaz3425,persona,2,4,3,YouTube
YouTube::@octaviodiaz3425,gente,2,6,2,YouTube
YouTube::@octaviodiaz3425,familia,1,1,0,YouTube
YouTube::@octaviodiaz3425,senor,1,12,0,YouTube
YouTube::@octaviodiaz3425,esperar,1,4,0,YouTube
YouTube::@octaviodiaz3425,traicion,1,12,5,YouTube
YouTube::@octaviodiaz3425,pensar,1,11,1,YouTube
YouTube::@octaviodiaz3425,normal,1,11,0,YouTube
YouTube::@octaviodiaz3425,carro,1,9,0,YouTube
YouTube::@odiseo-lh4ku,creer,2,12,3,YouTube
YouTube::@odiseo-lh4ku,faltar,1,12,1,YouTube
YouTube::@odiseo-lh4ku,necesidad,1,2,0,YouTube
YouTube::@odiseo-lh4ku,resolver,1,12,0,YouTube
YouTube::@odiseo-lh4ku,problema,1,12,0,YouTube
YouTube::@odiseo-lh4ku,gente,1,6,2,YouTube
YouTube::@odiseo-lh4ku,dema,1,12,3,YouTube
YouTube::@odiseo-lh4ku,clase,1,8,2,YouTube
YouTube::@odiseo-lh4ku,economico,1,13,2,YouTube
YouTube::@odiseo-lh4ku,decision,1,12,3,YouTube
YouTube::@odiseo-lh4ku,gobierno,1,12,3,YouTube
YouTube::@odiseo-lh4ku,afectar,1,0,1,YouTube
YouTube::@olvervargasgarduno2472,favor,1,11,5,YouTube
YouTube::@olvervargasgarduno2472,capturar,1,12,0,YouTube
YouTube::@olvervargasgarduno2472,trump,1,12,1,YouTube
YouTube::@olvervargasgarduno2472,cuidar,1,2,1,YouTube
YouTube::@olvervargasgarduno2472,jajaja,1,11,0,YouTube
YouTube::@omarsitopro5338,vender,1,12,1,YouTube
YouTube::@omarsitopro5338,acuerdo,1,4,1,YouTube
YouTube::@omarsitopro5338,dinero,1,12,5,YouTube
YouTube::@omarsitopro5338,fecha,1,10,0,YouTube
YouTube::@omarsitopro5338,corrupcion,1,12,5,YouTube
YouTube::@oscarmendez3125,cambio,1,11,3,YouTube
YouTube::@oscarmendez3125,cambiar,1,2,0,YouTube
YouTube::@oscarmendez3125,salir,1,11,0,YouTube
YouTube::@oscarmendez3125,aceptar,1,10,0,YouTube
YouTube::@oscarmendez3125,claro,1,4,3,YouTube
YouTube::@oscarmendez3125,querer,1,11,0,YouTube
YouTube::@oscarmendez3125,ayudar,1,12,1,YouTube
YouTube::@oscarmendez3125,america,1,10,5,YouTube
YouTube::@oscarvelardemendoza435,gracia,1,11,2,YouTube
YouTube::@oscarvelardemendoza435,quedar,1,11,0,YouTube
YouTube::@oscarvelardemendoza435,eeuu,1,12,0,YouTube
YouTube::@oscarvelardemendoza435,alla,1,11,0,YouTube
YouTube::@oscarvelardemendoza435,seguir,1,2,0,YouTube
YouTube::@oscarvelardemendoza435,investigacion,1,5,3,YouTube
YouTube::@oscarvelardemendoza435,mexico,1,12,0,YouTube
YouTube::@oscarvelardemendoza435,corrupcion,1,12,5,YouTube
YouTube::@oscarvelardemendoza435,origen,1,9,-1,YouTube
YouTube::@oscarvelardemendoza435,gobierno,1,12,3,YouTube
YouTube::@osda4871,pinche,1,10,3,YouTube
YouTube::@osda4871,gobierno,1,12,3,YouTube
YouTube::@osda4871,circo,1,12,0,YouTube
YouTube::@osda4871,valer,1,9,0,YouTube
YouTube::@osda4871,madre,1,10,3,YouTube
YouTube::@ovejuelafeliz,creer,1,12,3,YouTube
YouTube::@ovejuelafeliz,importante,1,13,0,YouTube
YouTube::@ovejuelafeliz,desaparecer,1,8,3,YouTube
YouTube::@ovejuelafeliz,diputado,1,13,-1,YouTube
YouTube::@ovejuelafeliz,criticar,1,12,3,YouTube
YouTube::@ovejuelafeliz,red,1,14,3,YouTube
YouTube::@ovejuelafeliz,mujer,1,10,3,YouTube
YouTube::@ovejuelafeliz,sol,1,5,1,YouTube
YouTube::@pabloamandosacramentorodri4096,cabeza,2,11,1,YouTube
YouTube::@pabloamandosacramentorodri4096,pena,2,12,1,YouTube
YouTube::@pabloamandosacramentorodri4096,etc,2,12,1,YouTube
YouTube::@pabloamandosacramentorodri4096,muerte,1,11,1,YouTube
YouTube::@pabloamandosacramentorodri4096,jamas,1,11,4,YouTube
YouTube::@pabloamandosacramentorodri4096,entender,1,11,4,YouTube
YouTube::@pabloamandosacramentorodri4096,anaya,1,3,0,YouTube
YouTube::@pabloamandosacramentorodri4096,senor,1,12,0,YouTube
YouTube::@pabloamandosacramentorodri4096,nieto,1,8,3,YouTube
YouTube::@pabloamandosacramentorodri4096,carlos,1,4,0,YouTube
YouTube::@pabloamandosacramentorodri4096,hermano,1,11,1,YouTube
YouTube::@pabloamandosacramentorodri4096,hijo,1,12,4,YouTube
YouTube::@pablofernando-m1p,america,2,10,5,YouTube
YouTube::@pablofernando-m1p,vuelta,2,11,0,YouTube
YouTube::@pablofernando-m1p,ganar,1,10,2,YouTube
YouTube::@pablofernando-m1p,serie,1,4,5,YouTube
YouTube::@pablofernando-m1p,mesa,1,10,0,YouTube
YouTube::@pablofernando-m1p,jugar,1,3,4,YouTube
YouTube::@pablofernando-m1p,juego,1,9,2,YouTube
YouTube::@pablofernando-m1p,penal,1,10,4,YouTube
YouTube::@pablofernando-m1p,favor,1,11,5,YouTube
YouTube::@pablomou1635,billete,1,11,4,YouTube
YouTube::@pablomou1635,vuelta,1,11,0,YouTube
YouTube::@pablomou1635,valer,1,9,0,YouTube
YouTube::@pablomou1635,doble,1,10,2,YouTube
YouTube::@pablomou1635,normal,1,11,0,YouTube
YouTube::@pablomou1635,felicidad,1,8,0,YouTube
YouTube::@pablomou1635,abrazo,1,11,2,YouTube
YouTube::@pacorrock,mexico,1,12,0,YouTube
YouTube::@pacorrock,preparado,1,0,1,YouTube
YouTube::@pacorrock,celebrar,1,1,3,YouTube
YouTube::@pacorrock,destruir,1,12,3,YouTube
YouTube::@pacorrock,perder,1,11,5,YouTube
YouTube::@pacorrock,gente,1,6,2,YouTube
YouTube::@pakoturunen5429,diaz,1,9,2,YouTube
YouTube::@pakoturunen5429,tenia,1,9,0,YouTube
YouTube::@pakoturunen5429,puesto,1,9,0,YouTube
YouTube::@pakoturunen5429,meter,1,11,3,YouTube
YouTube::@pakoturunen5429,delincuente,1,12,1,YouTube
YouTube::@patriciazepedasegura8892,excelente,1,2,1,YouTube
YouTube::@patriciazepedasegura8892,video,1,11,2,YouTube
YouTube::@patriciazepedasegura8892,ciudad,1,13,1,YouTube
YouTube::@patriciazepedasegura8892,mexico,1,12,0,YouTube
YouTube::@patriciazepedasegura8892,historia,1,1,3,YouTube
YouTube::@patriciazepedasegura8892,lastima,1,10,2,YouTube
YouTube::@patriciazepedasegura8892,poblacion,1,0,1,YouTube
YouTube::@patriciazepedasegura8892,gobierno,1,12,3,YouTube
YouTube::@patriciazepedasegura8892,acabar,1,11,3,YouTube
YouTube::@patriciazepedasegura8892,pais,1,12,0,YouTube
YouTube::@patyrodriguez7045,pesos,1,13,3,YouTube
YouTube::@patyrodriguez7045,compartir,1,1,0,YouTube
YouTube::@patyrodriguez7045,deuda,1,14,3,YouTube
YouTube::@patyrodriguez7045,obra,1,2,4,YouTube
YouTube::@patyrodriguez7045,publico,1,14,3,YouTube
YouTube::@patyrodriguez7045,seguridad,1,0,3,YouTube
YouTube::@patyrodriguez7045,defensa,1,6,3,YouTube
YouTube::@patyrodriguez7045,narco,1,12,4,YouTube
YouTube::@patyrodriguez7045,gobierno,1,12,3,YouTube
YouTube::@patyrodriguez7045,convertir,1,6,2,YouTube
YouTube::@patyrodriguez7045,permitir,1,14,0,YouTube
YouTube::@patyrodriguez7045,ayuda,1,12,4,YouTube
YouTube::@patyrodriguez7045,quitar,1,11,5,YouTube
YouTube::@pedrogamboa5500,sentido,2,10,4,YouTube
YouTube::@pedrogamboa5500,ridiculo,1,10,4,YouTube
YouTube::@pedrogamboa5500,americo,1,14,1,YouTube
YouTube::@pedrogamboa5500,rata,1,4,1,YouTube
YouTube::@pedromorales7287,dejar,2,9,0,YouTube
YouTube::@pedromorales7287,dinero,2,12,5,YouTube
YouTube::@pedromorales7287,imaginar,1,12,4,YouTube
YouTube::@pedromorales7287,aca,1,4,6,YouTube
YouTube::@pedromorales7287,jaja,1,12,0,YouTube
YouTube::@pedropiscina.alicante,saludos,1,11,2,YouTube
YouTube::@pedropiscina.alicante,encantar,1,4,0,YouTube
YouTube::@pedropiscina.alicante,video,1,11,2,YouTube
YouTube::@pedropiscina.alicante,genial,1,9,2,YouTube
YouTube::@pedropiscina.alicante,abrazo,1,11,2,YouTube
YouTube::@pedrosaid9266,gente,1,6,2,YouTube
YouTube::@pedrosaid9266,corrupto,1,12,4,YouTube
YouTube::@pedrosaid9266,ignorante,1,9,0,YouTube
YouTube::@pedrosaid9266,apoyar,1,1,2,YouTube
YouTube::@pedrosaid9266,morena,1,12,4,YouTube
YouTube::@phantomaq,morena,2,12,4,YouTube
YouTube::@phantomaq,sheinbaum,2,12,0,YouTube
YouTube::@phantomaq,pesos,1,13,3,YouTube
YouTube::@phantomaq,medio,1,8,2,YouTube
YouTube::@phantomaq,millon,1,12,0,YouTube
YouTube::@phantomaq,video,1,11,2,YouTube
YouTube::@phantomaq,alguien,1,11,4,YouTube
YouTube::@phantomaq,nino,1,8,1,YouTube
YouTube::@phantomaq,pedir,1,11,0,YouTube
YouTube::@phantomaq,abrir,1,6,1,YouTube
YouTube::@phantomaq,boca,1,9,4,YouTube
YouTube::@phantomaq,pais,1,12,0,YouTube
YouTube::@phantomaq,mundo,1,11,0,YouTube
YouTube::@pipetonlov,ridiculo,1,10,4,YouTube
YouTube::@pipetonlov,america,1,10,5,YouTube
YouTube::@pipetonlov,importar,1,6,2,YouTube
YouTube::@pipetonlov,deber,1,11,1,YouTube
YouTube::@pipetonlov,show,1,8,3,YouTube
YouTube::@pipetonlov,liga,1,10,4,YouTube
YouTube::@pipetonlov,torneo,1,1,4,YouTube
YouTube::@pipetonlov,campeon,1,13,0,YouTube
YouTube::@plainstatue,cambio,2,11,3,YouTube
YouTube::@plainstatue,senor,1,12,0,YouTube
YouTube::@plainstatue,claro,1,4,3,YouTube
YouTube::@plainstatue,existir,1,10,1,YouTube
YouTube::@plainstatue,seguro,1,2,1,YouTube
YouTube::@plainstatue,partido,1,4,0,YouTube
YouTube::@plainstatue,plano,1,4,2,YouTube
YouTube::@plainstatue,eliminar,1,4,0,YouTube
YouTube::@plainstatue,meter,1,11,3,YouTube
YouTube::@plainstatue,problema,1,12,0,YouTube
YouTube::@plainstatue,pasar,1,11,3,YouTube
YouTube::@plainstatue,seguir,1,2,0,YouTube
YouTube::@plainstatue,aplicar,1,11,1,YouTube
YouTube::@plainstatue,permitir,1,14,0,YouTube
YouTube::@porfiriochinchillas3156,deber,1,11,1,YouTube
YouTube::@porfiriochinchillas3156,juzgar,1,11,1,YouTube
YouTube::@porfiriochinchillas3156,unidos,1,11,6,YouTube
YouTube::@porfiriochinchillas3156,report,1,7,0,YouTube
YouTube::@porfiriochinchillas3156,trump,1,12,1,YouTube
YouTube::@porfiriochinchillas3156,see,1,10,5,YouTube
YouTube::@porfiriochinchillas3156,mexicano,1,4,1,YouTube
YouTube::@pptan8580,mero,2,7,4,YouTube
YouTube::@pptan8580,hora,1,10,1,YouTube
YouTube::@pptan8580,argentina,1,12,1,YouTube
YouTube::@pptan8580,combustible,1,12,5,YouTube
YouTube::@pptan8580,andy,1,12,2,YouTube
YouTube::@pptan8580,lopez,1,12,2,YouTube
YouTube::@pptan8580,rey,1,12,-1,YouTube
YouTube::@pptan8580,huachicol,1,12,2,YouTube
YouTube::@pptan8580,adan,1,12,2,YouTube
YouTube::@pptan8580,augusto,1,12,2,YouTube
YouTube::@preacabadodesuela8569,hijo,2,12,4,YouTube
YouTube::@preacabadodesuela8569,ojala,1,9,0,YouTube
YouTube::@preacabadodesuela8569,andy,1,12,2,YouTube
YouTube::@preacabadodesuela8569,gente,1,6,2,YouTube
YouTube::@preacabadodesuela8569,madre,1,10,3,YouTube
YouTube::@predatorwwe4964,pueblo,2,11,5,YouTube
YouTube::@predatorwwe4964,deberiar,1,9,0,YouTube
YouTube::@predatorwwe4964,felicitar,1,8,2,YouTube
YouTube::@predatorwwe4964,sufrir,1,6,2,YouTube
YouTube::@predatorwwe4964,hambre,1,9,-1,YouTube
YouTube::@predatorwwe4964,calle,1,9,1,YouTube
YouTube::@predatorwwe4964,existir,1,10,1,YouTube
YouTube::@prettypilotvalencia5983,proyecto,3,14,4,YouTube
YouTube::@prettypilotvalencia5983,dejar,2,9,0,YouTube
YouTube::@prettypilotvalencia5983,admiracion,2,9,4,YouTube
YouTube::@prettypilotvalencia5983,vision,2,9,2,YouTube
YouTube::@prettypilotvalencia5983,puesto,1,9,0,YouTube
YouTube::@prettypilotvalencia5983,requerir,1,0,1,YouTube
YouTube::@prettypilotvalencia5983,capacidad,1,0,4,YouTube
YouTube::@prettypilotvalencia5983,tecnico,1,11,2,YouTube
YouTube::@prettypilotvalencia5983,firme,1,3,0,YouTube
YouTube::@prettypilotvalencia5983,liderazgo,1,13,5,YouTube
YouTube::@prettypilotvalencia5983,labor,1,3,3,YouTube
YouTube::@prettypilotvalencia5983,importante,1,13,0,YouTube
YouTube::@prettypilotvalencia5983,desarrollo,1,1,2,YouTube
YouTube::@prettypilotvalencia5983,pais,1,12,0,YouTube
YouTube::@prettypilotvalencia5983,representar,1,14,1,YouTube
YouTube::@prettypilotvalencia5983,compromiso,1,2,0,YouTube
YouTube::@prettypilotvalencia5983,excelencia,1,9,3,YouTube
YouTube::@prettypilotvalencia5983,servicio,1,2,2,YouTube
YouTube::@prettypilotvalencia5983,publico,1,14,3,YouTube
YouTube::@prettypilotvalencia5983,reconocimiento,1,13,1,YouTube
YouTube::@prettypilotvalencia5983,nivel,1,4,2,YouTube
YouTube::@prettypilotvalencia5983,mundial,1,4,0,YouTube
YouTube::@prettypilotvalencia5983,recibir,1,9,2,YouTube
YouTube::@prettypilotvalencia5983,reflejo,1,9,3,YouTube
YouTube::@prettypilotvalencia5983,impacto,1,11,2,YouTube
YouTube::@prettypilotvalencia5983,calidad,1,2,2,YouTube
YouTube::@prettypilotvalencia5983,importancia,1,9,2,YouTube
YouTube::@prettypilotvalencia5983,detras,1,9,2,YouTube
YouTube::@prettypilotvalencia5983,gracias,1,8,0,YouTube
YouTube::@prettypilotvalencia5983,demostrar,1,13,0,YouTube
YouTube::@prettypilotvalencia5983,grande,1,1,0,YouTube
YouTube::@prettypilotvalencia5983,lograr,1,13,2,YouTube
YouTube::@prettypilotvalencia5983,equipo,1,13,3,YouTube
YouTube::@prettypilotvalencia5983,claro,1,4,3,YouTube
YouTube::@prettypilotvalencia5983,futuro,1,13,1,YouTube
YouTube::@prettypilotvalencia5983,amor,1,3,2,YouTube
YouTube::@prettypilotvalencia5983,mexico,1,12,0,YouTube
YouTube::@prettypilotvalencia5983,respeto,1,9,4,YouTube
YouTube::@profr.pedromm6802,cnte,2,9,-1,YouTube
YouTube::@profr.pedromm6802,morena,1,12,4,YouTube
YouTube::@profr.pedromm6802,unico,1,11,4,YouTube
YouTube::@profr.pedromm6802,partido,1,4,0,YouTube
YouTube::@profr.pedromm6802,apoyar,1,1,2,YouTube
YouTube::@profr.pedromm6802,ahorita,1,9,0,YouTube
YouTube::@profr.pedromm6802,valer,1,9,0,YouTube
YouTube::@profr.pedromm6802,querer,1,11,0,YouTube
YouTube::@profr.pedromm6802,presidenta,1,8,0,YouTube
YouTube::@profr.pedromm6802,pendiente,1,10,1,YouTube
YouTube::@profr.pedromm6802,seguridad,1,0,3,YouTube
YouTube::@profr.pedromm6802,nacional,1,4,2,YouTube
YouTube::@profr.pedromm6802,salir,1,11,0,YouTube
YouTube::@pumascampeon5758,mexico,2,12,0,YouTube
YouTube::@pumascampeon5758,respetar,1,10,4,YouTube
YouTube::@pumascampeon5758,acuerdo,1,4,1,YouTube
YouTube::@pumascampeon5758,senor,1,12,0,YouTube
YouTube::@pumascampeon5758,lastima,1,10,2,YouTube
YouTube::@pumascampeon5758,mexicano,1,4,1,YouTube
YouTube::@pumascampeon5758,regresar,1,10,3,YouTube
YouTube::@pumascampeon5758,pasar,1,11,3,YouTube
YouTube::@pumascampeon5758,pais,1,12,0,YouTube
YouTube::@rafaelcantuhinojosa1103,mexico,2,12,0,YouTube
YouTube::@rafaelcantuhinojosa1103,robo,1,12,1,YouTube
YouTube::@rafaelcantuhinojosa1103,unidos,1,11,6,YouTube
YouTube::@rafaelcantuhinojosa1103,pemex,1,12,3,YouTube
YouTube::@rafaelcantuhinojosa1103,cfe,1,0,1,YouTube
YouTube::@ragnarfire3229,presidenta,2,8,0,YouTube
YouTube::@ragnarfire3229,mujer,2,10,3,YouTube
YouTube::@ragnarfire3229,peor,2,9,0,YouTube
YouTube::@ragnarfire3229,hablar,1,11,0,YouTube
YouTube::@ragnarfire3229,mundo,1,11,0,YouTube
YouTube::@ragnarfire3229,cuidar,1,2,1,YouTube
YouTube::@ragnarfire3229,jajaja,1,11,0,YouTube
YouTube::@ragnarfire3229,presidente,1,14,2,YouTube
YouTube::@ragnarfire3229,tapar,1,12,2,YouTube
YouTube::@ragnarfire3229,proteger,1,9,2,YouTube
YouTube::@ragnarfire3229,hombre,1,13,5,YouTube
YouTube::@ramoncastro2364,equipo,2,13,3,YouTube
YouTube::@ramoncastro2364,americo,2,14,1,YouTube
YouTube::@ramoncastro2364,america,1,10,5,YouTube
YouTube::@ramoncastro2364,claro,1,4,3,YouTube
YouTube::@ramoncastro2364,bola,1,11,3,YouTube
YouTube::@ramoncastro2364,rata,1,4,1,YouTube
YouTube::@ramoncastro2364,apoyar,1,1,2,YouTube
YouTube::@ramoncastro2364,correr,1,7,4,YouTube
YouTube::@ramoncastro2364,papa,1,6,0,YouTube
YouTube::@ramonmoreno8708,subir,1,11,2,YouTube
YouTube::@ramonmoreno8708,pagina,1,10,1,YouTube
YouTube::@ramonmoreno8708,adulto,1,6,-1,YouTube
YouTube::@ramonmoreno8708,aser,1,12,5,YouTube
YouTube::@ramonmoreno8708,sacar,1,11,3,YouTube
YouTube::@ramonmoreno8708,dinero,1,12,5,YouTube
YouTube::@ramonmoreno8708,clase,1,8,2,YouTube
YouTube::@ramonolivas2396,mexicano,3,4,1,YouTube
YouTube::@ramonolivas2396,gobernar,2,7,2,YouTube
YouTube::@ramonolivas2396,dano,2,4,1,YouTube
YouTube::@ramonolivas2396,presidenta,1,8,0,YouTube
YouTube::@ramonolivas2396,lopez,1,12,2,YouTube
YouTube::@ramonolivas2396,obrador,1,12,2,YouTube
YouTube::@ramonolivas2396,banda,1,1,1,YouTube
YouTube::@ramonolivas2396,corrupto,1,12,4,YouTube
YouTube::@ramonolivas2396,salir,1,11,0,YouTube
YouTube::@ramonolivas2396,pais,1,12,0,YouTube
YouTube::@ramonolivas2396,mexico,1,12,0,YouTube
YouTube::@ramonolivas2396,pensar,1,11,1,YouTube
YouTube::@ramonortigozaperez7116,grande,2,1,0,YouTube
YouTube::@ramonortigozaperez7116,desaparecer,1,8,3,YouTube
YouTube::@ramonortigozaperez7116,evidencia,1,0,4,YouTube
YouTube::@ramonortigozaperez7116,perder,1,11,5,YouTube
YouTube::@ramonortigozaperez7116,casa,1,3,1,YouTube
YouTube::@ramonortigozaperez7116,rato,1,12,-1,YouTube
YouTube::@ramonortigozaperez7116,sistema,1,0,4,YouTube
YouTube::@ramonortigozaperez7116,fraude,1,4,4,YouTube
YouTube::@ramonortigozaperez7116,robo,1,12,1,YouTube
YouTube::@ramonortigozaperez7116,combustible,1,12,5,YouTube
YouTube::@ramonortigozaperez7116,pemex,1,12,3,YouTube
YouTube::@ramonortigozaperez7116,llegar,1,10,1,YouTube
YouTube::@ramonortigozaperez7116,pequeno,1,0,4,YouTube
YouTube::@ramonortigozaperez7116,destruir,1,12,3,YouTube
YouTube::@ramonortigozaperez7116,judicial,1,12,3,YouTube
YouTube::@raulnoriegamora5152,querer,1,11,0,YouTube
YouTube::@raulnoriegamora5152,dejar,1,9,0,YouTube
YouTube::@raulnoriegamora5152,cambio,1,11,3,YouTube
YouTube::@raulnoriegamora5152,cosa,1,11,3,YouTube
YouTube::@raulnoriegamora5152,quedar,1,11,0,YouTube
YouTube::@raulnoriegamora5152,nivel,1,4,2,YouTube
YouTube::@raulportilla8449,gobierno,2,12,3,YouTube
YouTube::@raulportilla8449,red,2,14,3,YouTube
YouTube::@raulportilla8449,caro,1,12,1,YouTube
YouTube::@raulportilla8449,detener,1,12,2,YouTube
YouTube::@raulportilla8449,ano,1,11,2,YouTube
YouTube::@raulportilla8449,narco,1,12,4,YouTube
YouTube::@raulportilla8449,cabeza,1,11,1,YouTube
YouTube::@raulportilla8449,lider,1,12,2,YouTube
YouTube::@raulportilla8449,dema,1,12,3,YouTube
YouTube::@raulportilla8449,preguntar,1,10,4,YouTube
YouTube::@raulportilla8449,cartel,1,4,5,YouTube
YouTube::@raulportilla8449,destruir,1,12,3,YouTube
YouTube::@raulportilla8449,economico,1,13,2,YouTube
YouTube::@raulportilla8449,corrupcion,1,12,5,YouTube
YouTube::@raulportilla8449,politico,1,12,4,YouTube
YouTube::@rebeckacampbell2782,respeto,3,9,4,YouTube
YouTube::@rebeckacampbell2782,sentido,2,10,4,YouTube
YouTube::@rebeckacampbell2782,mama,1,10,3,YouTube
YouTube::@rebeckacampbell2782,pais,1,12,0,YouTube
YouTube::@rebeckacampbell2782,nino,1,8,1,YouTube
YouTube::@rebeckacampbell2782,primaria,1,14,1,YouTube
YouTube::@rebeckacampbell2782,acapulco,1,10,0,YouTube
YouTube::@rebeckacampbell2782,ventana,1,3,1,YouTube
YouTube::@rebeckacampbell2782,claudia,1,12,0,YouTube
YouTube::@rebeckacampbell2782,cualquiera,1,6,2,YouTube
YouTube::@rebeckacampbell2782,sol,1,5,1,YouTube
YouTube::@rebeckacampbell2782,puerta,1,10,0,YouTube
YouTube::@rebeckacampbell2782,nombre,1,12,2,YouTube
YouTube::@rebeckacampbell2782,derecho,1,10,3,YouTube
YouTube::@rebeckacampbell2782,creer,1,12,3,YouTube
YouTube::@rebeckacampbell2782,imagen,1,14,2,YouTube
YouTube::@rebeckacampbell2782,funcionario,1,6,2,YouTube
YouTube::@rebeckacampbell2782,ven,1,3,4,YouTube
YouTube::@rebeckacampbell2782,cara,1,6,0,YouTube
YouTube::@reneeduardomontelongolopez8954,ridiculo,3,10,4,YouTube
YouTube::@reneeduardomontelongolopez8954,serio,2,11,0,YouTube
YouTube::@reneeduardomontelongolopez8954,comentario,1,10,2,YouTube
YouTube::@reneeduardomontelongolopez8954,gente,1,6,2,YouTube
YouTube::@reneeduardomontelongolopez8954,querer,1,11,0,YouTube
YouTube::@reservoirdogs00,zona,4,0,1,YouTube
YouTube::@reservoirdogs00,rosa,1,9,2,YouTube
YouTube::@reservoirdogs00,justo,1,11,5,YouTube
YouTube::@reservoirdogs00,empezar,1,12,3,YouTube
YouTube::@reservoirdogs00,principio,1,11,0,YouTube
YouTube::@reservoirdogs00,distinguir,1,9,3,YouTube
YouTube::@reservoirdogs00,seguro,1,2,1,YouTube
YouTube::@reservoirdogs00,salir,1,11,0,YouTube
YouTube::@reservoirdogs00,tocar,1,11,2,YouTube
YouTube::@reservoirdogs00,recuerdo,1,4,0,YouTube
YouTube::@ricardoivanhernandez1315,pinche,1,10,3,YouTube
YouTube::@ricardoivanhernandez1315,viejo,1,11,5,YouTube
YouTube::@ricardoivanhernandez1315,mierda,1,10,4,YouTube
YouTube::@ricardoivanhernandez1315,basura,1,3,1,YouTube
YouTube::@ricardoivanhernandez1315,atencion,1,7,3,YouTube
YouTube::@robertogracia148,ridiculo,1,10,4,YouTube
YouTube::@robertogracia148,objetivo,1,0,1,YouTube
YouTube::@robertogracia148,volver,1,12,2,YouTube
YouTube::@robertogracia148,sentir,1,11,4,YouTube
YouTube::@robertogracia148,menor,1,7,3,YouTube
YouTube::@robertogracia148,respeto,1,9,4,YouTube
YouTube::@robertogracia148,opinion,1,10,4,YouTube
YouTube::@robertoguerrero4723,ridiculo,2,10,4,YouTube
YouTube::@robertoguerrero4723,elemento,1,7,2,YouTube
YouTube::@robertoguerrero4723,juicio,1,11,1,YouTube
YouTube::@robertoguerrero4723,aplicar,1,11,1,YouTube
YouTube::@robertoguerrero4723,sear,1,11,0,YouTube
YouTube::@robertohernandez5408,mexico,2,12,0,YouTube
YouTube::@robertohernandez5408,morena,1,12,4,YouTube
YouTube::@robertohernandez5408,cinico,1,7,4,YouTube
YouTube::@robertohernandez5408,corrupto,1,12,4,YouTube
YouTube::@robertohernandez5408,maximo,1,10,0,YouTube
YouTube::@robertohernandez5408,expresion,1,6,-1,YouTube
YouTube::@robertohernandez5408,diputado,1,13,-1,YouTube
YouTube::@robertohernandez5408,deber,1,11,1,YouTube
YouTube::@robertohernandez5408,carcel,1,12,1,YouTube
YouTube::@robertohernandez5408,puebla,1,5,2,YouTube
YouTube::@robertohernandez5408,saludo,1,11,2,YouTube
YouTube::@robertosaenzcaballero9463,problema,1,12,0,YouTube
YouTube::@robertosaenzcaballero9463,solucion,1,14,2,YouTube
YouTube::@robertosaenzcaballero9463,tarea,1,14,3,YouTube
YouTube::@robertosaenzcaballero9463,ciudadano,1,1,0,YouTube
YouTube::@robertosaenzcaballero9463,donde,1,12,2,YouTube
YouTube::@robertosaenzcaballero9463,andar,1,9,0,YouTube
YouTube::@robertotogo7856,salir,1,11,0,YouTube
YouTube::@robertotogo7856,pez,1,12,1,YouTube
YouTube::@robertotogo7856,gordo,1,11,0,YouTube
YouTube::@robertotogo7856,esperar,1,4,0,YouTube
YouTube::@robertotogo7856,deber,1,11,1,YouTube
YouTube::@robertotogo7856,informacion,1,11,0,YouTube
YouTube::@robertotogo7856,cartel,1,4,5,YouTube
YouTube::@rociogalindoarizmendi8334,mexico,3,12,0,YouTube
YouTube::@rociogalindoarizmendi8334,favor,2,11,5,YouTube
YouTube::@rociogalindoarizmendi8334,argentina,2,12,1,YouTube
YouTube::@rociogalindoarizmendi8334,mandar,2,11,1,YouTube
YouTube::@rociogalindoarizmendi8334,presidente,2,14,2,YouTube
YouTube::@rociogalindoarizmendi8334,pasar,2,11,3,YouTube
YouTube::@rociogalindoarizmendi8334,lider,2,12,2,YouTube
YouTube::@rociogalindoarizmendi8334,obrador,2,12,2,YouTube
YouTube::@rociogalindoarizmendi8334,detencion,1,7,2,YouTube
YouTube::@rociogalindoarizmendi8334,mensaje,1,5,3,YouTube
YouTube::@rociogalindoarizmendi8334,presidenta,1,8,0,YouTube
YouTube::@rociogalindoarizmendi8334,basura,1,3,1,YouTube
YouTube::@rociogalindoarizmendi8334,delincuente,1,12,1,YouTube
YouTube::@rociogalindoarizmendi8334,trump,1,12,1,YouTube
YouTube::@rociogalindoarizmendi8334,huachicol,1,12,2,YouTube
YouTube::@rociogalindoarizmendi8334,lopez,1,12,2,YouTube
YouTube::@rociogalindoarizmendi8334,hijo,1,12,4,YouTube
YouTube::@rociogalindoarizmendi8334,marino,1,12,1,YouTube
YouTube::@rociogalindoarizmendi8334,informacion,1,11,0,YouTube
YouTube::@rociogalindoarizmendi8334,adan,1,12,2,YouTube
YouTube::@rociogalindoarizmendi8334,augusto,1,12,2,YouTube
YouTube::@rociogalindoarizmendi8334,barredora,1,2,0,YouTube
YouTube::@rociogalindoarizmendi8334,orden,1,14,3,YouTube
YouTube::@rociogalindoarizmendi8334,grupo,1,13,3,YouTube
YouTube::@rociogalindoarizmendi8334,terrorista,1,9,0,YouTube
YouTube::@rociogalindoarizmendi8334,moren,1,4,1,YouTube
YouTube::@rociogalindoarizmendi8334,ejercito,1,11,1,YouTube
YouTube::@rociogalindoarizmendi8334,marina,1,6,0,YouTube
YouTube::@rociogalindoarizmendi8334,orgullo,1,1,2,YouTube
YouTube::@rociogalindoarizmendi8334,volver,1,12,2,YouTube
YouTube::@rociogalindoarizmendi8334,confiar,1,11,4,YouTube
YouTube::@rociopedraja1179,mexico,3,12,0,YouTube
YouTube::@rociopedraja1179,grande,2,1,0,YouTube
YouTube::@rociopedraja1179,claudia,1,12,0,YouTube
YouTube::@rociopedraja1179,caer,1,12,1,YouTube
YouTube::@rociopedraja1179,hablar,1,11,0,YouTube
YouTube::@rociopedraja1179,tratar,1,10,4,YouTube
YouTube::@rociopedraja1179,mentira,1,11,6,YouTube
YouTube::@rociopedraja1179,olvidar,1,12,0,YouTube
YouTube::@rociopedraja1179,cuba,1,10,5,YouTube
YouTube::@rociopedraja1179,repetir,1,11,1,YouTube
YouTube::@rociopedraja1179,respetar,1,10,4,YouTube
YouTube::@rociopedraja1179,cartel,1,4,5,YouTube
YouTube::@rociopedraja1179,sheinbaum,1,12,0,YouTube
YouTube::@rogatogt5,morena,3,12,4,YouTube
YouTube::@rogatogt5,politico,2,12,4,YouTube
YouTube::@rogatogt5,justicia,2,11,1,YouTube
YouTube::@rogatogt5,carcel,1,12,1,YouTube
YouTube::@rogatogt5,corrupto,1,12,4,YouTube
YouTube::@rogatogt5,hora,1,10,1,YouTube
YouTube::@rogatogt5,frente,1,9,1,YouTube
YouTube::@rogatogt5,mexico,1,12,0,YouTube
YouTube::@rogatogt5,existir,1,10,1,YouTube
YouTube::@rogatogt5,servir,1,6,2,YouTube
YouTube::@rogatogt5,interes,1,10,1,YouTube
YouTube::@rogatogt5,deber,1,11,1,YouTube
YouTube::@rogatogt5,criminal,1,12,4,YouTube
YouTube::@rokolozano9961,narco,2,12,4,YouTube
YouTube::@rokolozano9961,entender,1,11,4,YouTube
YouTube::@rokolozano9961,mexico,1,12,0,YouTube
YouTube::@rokolozano9961,querer,1,11,0,YouTube
YouTube::@rokolozano9961,presidente,1,14,2,YouTube
YouTube::@rokolozano9961,delincuencia,1,11,1,YouTube
YouTube::@rollingloudadelina,auto,2,9,2,YouTube
YouTube::@rollingloudadelina,querer,2,11,0,YouTube
YouTube::@rollingloudadelina,espacio,2,1,0,YouTube
YouTube::@rollingloudadelina,animal,1,8,2,YouTube
YouTube::@rollingloudadelina,justificar,1,9,0,YouTube
YouTube::@rollingloudadelina,dano,1,4,1,YouTube
YouTube::@rollingloudadelina,responsable,1,3,2,YouTube
YouTube::@rollingloudadelina,unidad,1,6,1,YouTube
YouTube::@rollingloudadelina,salir,1,11,0,YouTube
YouTube::@rollingloudadelina,culpa,1,9,4,YouTube
YouTube::@rollingloudadelina,dema,1,12,3,YouTube
YouTube::@rollingloudadelina,respetar,1,10,4,YouTube
YouTube::@rollingloudadelina,festejo,1,8,1,YouTube
YouTube::@rollingloudadelina,derecho,1,10,3,YouTube
YouTube::@rollingloudadelina,peaton,1,9,1,YouTube
YouTube::@rollingloudadelina,terminar,1,11,3,YouTube
YouTube::@rollingloudadelina,representar,1,14,1,YouTube
YouTube::@rollingloudadelina,vial,1,5,1,YouTube
YouTube::@romaldoleon4960,jajaja,2,11,0,YouTube
YouTube::@romaldoleon4960,razon,1,8,4,YouTube
YouTube::@romaldoleon4960,miedo,1,9,0,YouTube
YouTube::@romaldoleon4960,facil,1,4,1,YouTube
YouTube::@rosamistica-be3,creer,1,12,3,YouTube
YouTube::@rosamistica-be3,mexico,1,12,0,YouTube
YouTube::@rosamistica-be3,andar,1,9,0,YouTube
YouTube::@rosamistica-be3,seleccion,1,4,0,YouTube
YouTube::@rosamistica-be3,mexicano,1,4,1,YouTube
YouTube::@rosamistica-be3,regalo,1,8,1,YouTube
YouTube::@rosamistica-be3,presidenta,1,8,0,YouTube
YouTube::@rosapina8807,lastima,2,10,2,YouTube
YouTube::@rosapina8807,pagina,2,10,1,YouTube
YouTube::@rosapina8807,puro,1,12,3,YouTube
YouTube::@rosapina8807,basura,1,3,1,YouTube
YouTube::@rosapina8807,desear,1,4,6,YouTube
YouTube::@rosapina8807,exito,1,8,0,YouTube
YouTube::@rosapina8807,ambiente,1,8,2,YouTube
YouTube::@rosapina8807,querer,1,11,0,YouTube
YouTube::@rosapina8807,calidad,1,2,2,YouTube
YouTube::@rosapina8807,deber,1,11,1,YouTube
YouTube::@rosapina8807,dejar,1,9,0,YouTube
YouTube::@rosapina8807,precio,1,11,4,YouTube
YouTube::@rosapina8807,serio,1,11,0,YouTube
YouTube::@rosapina8807,programa,1,2,3,YouTube
YouTube::@rosariopineda3862,querer,1,11,0,YouTube
YouTube::@rosariopineda3862,pez,1,12,1,YouTube
YouTube::@rosariopineda3862,rata,1,4,1,YouTube
YouTube::@rosariopineda3862,unidos,1,11,6,YouTube
YouTube::@rosariopineda3862,soltar,1,12,1,YouTube
YouTube::@rosaruizterron6450,favor,1,11,5,YouTube
YouTube::@rosaruizterron6450,mandir,1,4,1,YouTube
YouTube::@rosaruizterron6450,mexico,1,12,0,YouTube
YouTube::@rosaruizterron6450,pais,1,12,0,YouTube
YouTube::@rosaruizterron6450,justicia,1,11,1,YouTube
YouTube::@rosaruizterron6450,eeuu,1,12,0,YouTube
YouTube::@roxaveca5382,argentina,2,12,1,YouTube
YouTube::@roxaveca5382,pensar,1,11,1,YouTube
YouTube::@roxaveca5382,agarrar,1,12,1,YouTube
YouTube::@roxaveca5382,huachicolero,1,12,3,YouTube
YouTube::@roxaveca5382,mexico,1,12,0,YouTube
YouTube::@rudygonzalez9628,metro,1,11,3,YouTube
YouTube::@rudygonzalez9628,tratar,1,10,4,YouTube
YouTube::@rudygonzalez9628,piso,1,11,4,YouTube
YouTube::@rudygonzalez9628,volver,1,12,2,YouTube
YouTube::@rudygonzalez9628,ala,1,12,0,YouTube
YouTube::@rukendo64,bienestar,3,2,3,YouTube
YouTube::@rukendo64,mentir,1,12,0,YouTube
YouTube::@rukendo64,mostrar,1,13,4,YouTube
YouTube::@rukendo64,palacio,1,12,0,YouTube
YouTube::@rukendo64,nacional,1,4,2,YouTube
YouTube::@rukendo64,seguro,1,2,1,YouTube
YouTube::@rulasmorrita8890,aparecer,1,4,2,YouTube
YouTube::@rulasmorrita8890,hijo,1,12,4,YouTube
YouTube::@rulasmorrita8890,tratar,1,10,4,YouTube
YouTube::@rulasmorrita8890,mujer,1,10,3,YouTube
YouTube::@rulasmorrita8890,miedo,1,9,0,YouTube
YouTube::@rulasmorrita8890,hablar,1,11,0,YouTube
YouTube::@rulasmorrita8890,rata,1,4,1,YouTube
YouTube::@rulasmorrita8890,criminal,1,12,4,YouTube
YouTube::@ruthherediaalizota8865,existir,2,10,1,YouTube
YouTube::@ruthherediaalizota8865,convencido,1,6,1,YouTube
YouTube::@ruthherediaalizota8865,bonito,1,8,1,YouTube
YouTube::@ruthherediaalizota8865,anos,1,9,0,YouTube
YouTube::@ruthherediaalizota8865,increible,1,8,2,YouTube
YouTube::@ruthherediaalizota8865,zona,1,0,1,YouTube
YouTube::@ruthherediaalizota8865,desaparecer,1,8,3,YouTube
YouTube::@ruthherediaalizota8865,querer,1,11,0,YouTube
YouTube::@ruthherediaalizota8865,cerrar,1,5,1,YouTube
YouTube::@ruthherediaalizota8865,ano,1,11,2,YouTube
YouTube::@ruthherediaalizota8865,juventud,1,13,0,YouTube
YouTube::@ruthherediaalizota8865,gracias,1,8,0,YouTube
YouTube::@ruthherediaalizota8865,bello,1,8,0,YouTube
YouTube::@ruthherediaalizota8865,recuerdo,1,4,0,YouTube
YouTube::@ruthzunomoreno758,lopez,1,12,2,YouTube
YouTube::@ruthzunomoreno758,obrador,1,12,2,YouTube
YouTube::@ruthzunomoreno758,ejercito,1,11,1,YouTube
YouTube::@ruthzunomoreno758,frontera,1,11,0,YouTube
YouTube::@ruthzunomoreno758,aeropuerto,1,13,4,YouTube
YouTube::@sacreblum2840,recordar,2,4,2,YouTube
YouTube::@sacreblum2840,aire,2,9,2,YouTube
YouTube::@sacreblum2840,gente,2,6,2,YouTube
YouTube::@sacreblum2840,video,1,11,2,YouTube
YouTube::@sacreblum2840,nino,1,8,1,YouTube
YouTube::@sacreblum2840,padre,1,4,0,YouTube
YouTube::@sacreblum2840,zona,1,0,1,YouTube
YouTube::@sacreblum2840,bonito,1,8,1,YouTube
YouTube::@sacreblum2840,nivel,1,4,2,YouTube
YouTube::@sacreblum2840,arte,1,1,1,YouTube
YouTube::@sacreblum2840,centro,1,13,3,YouTube
YouTube::@sacreblum2840,lleno,1,8,1,YouTube
YouTube::@sacreblum2840,malo,1,11,4,YouTube
YouTube::@sacreblum2840,gobierno,1,12,3,YouTube
YouTube::@sacreblum2840,auto,1,9,2,YouTube
YouTube::@sacreblum2840,ojo,1,4,6,YouTube
YouTube::@sacreblum2840,deber,1,11,1,YouTube
YouTube::@sacreblum2840,permitir,1,14,0,YouTube
YouTube::@sacreblum2840,celebrar,1,1,3,YouTube
YouTube::@sacreblum2840,evitar,1,7,2,YouTube
YouTube::@sacreblum2840,preguntar,1,10,4,YouTube
YouTube::@sacreblum2840,autoridad,1,0,3,YouTube
YouTube::@sacreblum2840,cabo,1,0,2,YouTube
YouTube::@sacreblum2840,san,1,10,1,YouTube
YouTube::@salomesilvestre6874,directamente,1,13,3,YouTube
YouTube::@salomesilvestre6874,laguna,1,3,2,YouTube
YouTube::@salomesilvestre6874,hablar,1,11,0,YouTube
YouTube::@salomesilvestre6874,repetir,1,11,1,YouTube
YouTube::@salomesilvestre6874,defensa,1,6,3,YouTube
YouTube::@salomesilvestre6874,cuba,1,10,5,YouTube
YouTube::@salomesilvestre6874,hermano,1,11,1,YouTube
YouTube::@salomesilvestre6874,delito,1,11,4,YouTube
YouTube::@salvadormadrigal2554,mexico,2,12,0,YouTube
YouTube::@salvadormadrigal2554,lograr,1,13,2,YouTube
YouTube::@salvadormadrigal2554,mexicanos,1,12,0,YouTube
YouTube::@salvadormadrigal2554,alla,1,11,0,YouTube
YouTube::@salvadormadrigal2554,triunfo,1,11,2,YouTube
YouTube::@salvadormadrigal2554,final,1,10,2,YouTube
YouTube::@samuelgonzalez9393,basura,2,3,1,YouTube
YouTube::@samuelgonzalez9393,pena,1,12,1,YouTube
YouTube::@samuelgonzalez9393,ala,1,12,0,YouTube
YouTube::@samuelgonzalez9393,terminar,1,11,3,YouTube
YouTube::@samuelgonzalez9393,problema,1,12,0,YouTube
YouTube::@samuelgonzalez9393,acabar,1,11,3,YouTube
YouTube::@samueltapa8439,mexico,5,12,0,YouTube
YouTube::@samueltapa8439,lopez,3,12,2,YouTube
YouTube::@samueltapa8439,gobierno,2,12,3,YouTube
YouTube::@samueltapa8439,huachicol,2,12,2,YouTube
YouTube::@samueltapa8439,fiscal,2,12,2,YouTube
YouTube::@samueltapa8439,caer,2,12,1,YouTube
YouTube::@samueltapa8439,andres,2,12,2,YouTube
YouTube::@samueltapa8439,manuel,2,12,2,YouTube
YouTube::@samueltapa8439,obrador,2,12,2,YouTube
YouTube::@samueltapa8439,presidente,2,14,2,YouTube
YouTube::@samueltapa8439,pasar,2,11,3,YouTube
YouTube::@samueltapa8439,unidos,1,11,6,YouTube
YouTube::@samueltapa8439,policia,1,13,4,YouTube
YouTube::@samueltapa8439,ilegal,1,12,1,YouTube
YouTube::@samueltapa8439,encontrar,1,7,4,YouTube
YouTube::@samueltapa8439,adan,1,12,2,YouTube
YouTube::@samueltapa8439,pez,1,12,1,YouTube
YouTube::@samueltapa8439,gordo,1,11,0,YouTube
YouTube::@samueltapa8439,alto,1,13,0,YouTube
YouTube::@samueltapa8439,nivel,1,4,2,YouTube
YouTube::@samueltapa8439,politico,1,12,4,YouTube
YouTube::@samueltapa8439,negocio,1,10,4,YouTube
YouTube::@samueltapa8439,esperar,1,4,0,YouTube
YouTube::@samueltapa8439,agente,1,12,1,YouTube
YouTube::@samueltapa8439,federal,1,12,1,YouTube
YouTube::@sandokanespana2578,jajaja,2,11,0,YouTube
YouTube::@sandokanespana2578,jajajaja,2,12,4,YouTube
YouTube::@sandokanespana2578,creer,1,12,3,YouTube
YouTube::@sandracanedo5649,andy,1,12,2,YouTube
YouTube::@sandracanedo5649,vivir,1,8,2,YouTube
YouTube::@sandracanedo5649,alla,1,11,0,YouTube
YouTube::@sandracanedo5649,esperar,1,4,0,YouTube
YouTube::@sandracanedo5649,pais,1,12,0,YouTube
YouTube::@sandracanedo5649,pagar,1,11,4,YouTube
YouTube::@sandracanedo5649,caro,1,12,1,YouTube
YouTube::@sandraceron3889,hombre,1,13,5,YouTube
YouTube::@sandraceron3889,tonto,1,10,2,YouTube
YouTube::@sandraceron3889,meter,1,11,3,YouTube
YouTube::@sandraceron3889,carro,1,9,0,YouTube
YouTube::@sandraceron3889,celebracion,1,8,1,YouTube
YouTube::@sandraceron3889,asesino,1,11,1,YouTube
YouTube::@sapemi08,zona,2,0,1,YouTube
YouTube::@sapemi08,rosa,1,9,2,YouTube
YouTube::@sapemi08,robar,1,12,5,YouTube
YouTube::@sapemi08,sorpresa,1,8,1,YouTube
YouTube::@saritasanchez2808,ratero,2,12,4,YouTube
YouTube::@saritasanchez2808,corrupto,1,12,4,YouTube
YouTube::@saritasanchez2808,voto,1,8,4,YouTube
YouTube::@saritasanchez2808,morena,1,12,4,YouTube
YouTube::@sepulturaization,puesto,2,9,0,YouTube
YouTube::@sepulturaization,equipo,2,13,3,YouTube
YouTube::@sepulturaization,lograr,1,13,2,YouTube
YouTube::@sepulturaization,opinion,1,10,4,YouTube
YouTube::@sepulturaization,pumas,1,5,2,YouTube
YouTube::@sepulturaization,temporada,1,0,1,YouTube
YouTube::@sepulturaization,favorito,1,8,3,YouTube
YouTube::@sergioderosas4636,animo,2,12,0,YouTube
YouTube::@sergioderosas4636,presidenta,2,8,0,YouTube
YouTube::@sergioderosas4636,feliz,1,8,1,YouTube
YouTube::@sergioderosas4636,mundo,1,11,0,YouTube
YouTube::@sergiolopez2440,propiedad,2,11,2,YouTube
YouTube::@sergiolopez2440,comentar,1,11,0,YouTube
YouTube::@sergiolopez2440,abrazo,1,11,2,YouTube
YouTube::@sergiolopez2440,espana,1,9,3,YouTube
YouTube::@sergiolopez2440,gracia,1,11,2,YouTube
YouTube::@sergiolopez2440,gente,1,6,2,YouTube
YouTube::@sergiolopez2440,super,1,8,0,YouTube
YouTube::@sergiolopez2440,agradable,1,14,3,YouTube
YouTube::@shavannaMarquez,pobre,1,12,0,YouTube
YouTube::@shavannaMarquez,claudia,1,12,0,YouTube
YouTube::@shavannaMarquez,salir,1,11,0,YouTube
YouTube::@shavannaMarquez,sentir,1,11,4,YouTube
YouTube::@shavannaMarquez,lastima,1,10,2,YouTube
YouTube::@shavannaMarquez,respetar,1,10,4,YouTube
YouTube::@shavannaMarquez,tomar,1,4,2,YouTube
YouTube::@shavannaMarquez,serio,1,11,0,YouTube
YouTube::@shavannaMarquez,partido,1,4,0,YouTube
YouTube::@solracohcnap,querer,3,11,0,YouTube
YouTube::@solracohcnap,mexico,2,12,0,YouTube
YouTube::@solracohcnap,meter,1,11,3,YouTube
YouTube::@solracohcnap,gente,1,6,2,YouTube
YouTube::@solracohcnap,herramienta,1,1,2,YouTube
YouTube::@solracohcnap,mundo,1,11,0,YouTube
YouTube::@solracohcnap,mundial,1,4,0,YouTube
YouTube::@solracohcnap,saludo,1,11,2,YouTube
YouTube::@solracohcnap,cnte,1,9,-1,YouTube
YouTube::@solracohcnap,narco,1,12,4,YouTube
YouTube::@sonadorvajo,hotel,3,6,1,YouTube
YouTube::@sonadorvajo,quedar,3,11,0,YouTube
YouTube::@sonadorvajo,casa,2,3,1,YouTube
YouTube::@sonadorvajo,tirar,2,9,1,YouTube
YouTube::@sonadorvajo,calle,2,9,1,YouTube
YouTube::@sonadorvajo,auto,2,9,2,YouTube
YouTube::@sonadorvajo,avenida,2,5,1,YouTube
YouTube::@sonadorvajo,conectar,2,3,2,YouTube
YouTube::@sonadorvajo,levantar,2,7,0,YouTube
YouTube::@sonadorvajo,deber,1,11,1,YouTube
YouTube::@sonadorvajo,comenzar,1,7,0,YouTube
YouTube::@sonadorvajo,siglo,1,1,3,YouTube
YouTube::@sonadorvajo,inaugurar,1,9,2,YouTube
YouTube::@sonadorvajo,definir,1,4,2,YouTube
YouTube::@sonadorvajo,zona,1,0,1,YouTube
YouTube::@sonadorvajo,seguir,1,2,0,YouTube
YouTube::@sonadorvajo,entrada,1,3,4,YouTube
YouTube::@sonadorvajo,privado,1,4,2,YouTube
YouTube::@sonadorvajo,detras,1,9,2,YouTube
YouTube::@sonadorvajo,oaxaca,1,7,3,YouTube
YouTube::@sonadorvajo,acabar,1,11,3,YouTube
YouTube::@sonadorvajo,unidos,1,11,6,YouTube
YouTube::@sonadorvajo,salir,1,11,0,YouTube
YouTube::@sonadorvajo,madero,1,5,0,YouTube
YouTube::@sonadorvajo,guerra,1,11,2,YouTube
YouTube::@sonadorvajo,intervencion,1,12,-1,YouTube
YouTube::@sonadorvajo,metro,1,11,3,YouTube
YouTube::@sonadorvajo,grande,1,1,0,YouTube
YouTube::@sonadorvajo,raro,1,11,1,YouTube
YouTube::@sonadorvajo,entorno,1,3,2,YouTube
YouTube::@sonadorvajo,dejar,1,9,0,YouTube
YouTube::@sonadorvajo,entrar,1,4,1,YouTube
YouTube::@sonadorvajo,cerrar,1,5,1,YouTube
YouTube::@sonadorvajo,bello,1,8,0,YouTube
YouTube::@sonadorvajo,plaza,1,1,1,YouTube
YouTube::@sonadorvajo,cine,1,14,0,YouTube
YouTube::@sonadorvajo,policia,1,13,4,YouTube
YouTube::@sonadorvajo,vial,1,5,1,YouTube
YouTube::@sonadorvajo,monterrey,1,5,2,YouTube
YouTube::@sprintzonebloop4552,noticia,2,11,6,YouTube
YouTube::@sprintzonebloop4552,chihuahua,1,12,1,YouTube
YouTube::@sprintzonebloop4552,azteca,1,4,0,YouTube
YouTube::@sprintzonebloop4552,mexico,1,12,0,YouTube
YouTube::@squalloriginal4455,salir,2,11,0,YouTube
YouTube::@squalloriginal4455,unico,1,11,4,YouTube
YouTube::@squalloriginal4455,forma,1,12,3,YouTube
YouTube::@squalloriginal4455,mandir,1,4,1,YouTube
YouTube::@squalloriginal4455,directo,1,12,3,YouTube
YouTube::@squalloriginal4455,unidos,1,11,6,YouTube
YouTube::@squalloriginal4455,cualquiera,1,6,2,YouTube
YouTube::@squalloriginal4455,juez,1,10,3,YouTube
YouTube::@squalloriginal4455,dejar,1,9,0,YouTube
YouTube::@squalloriginal4455,detencion,1,7,2,YouTube
YouTube::@squalloriginal4455,mexico,1,12,0,YouTube
YouTube::@squalloriginal4455,pais,1,12,0,YouTube
YouTube::@squalloriginal4455,corrupcion,1,12,5,YouTube
YouTube::@susanaalvarez2074,quedar,1,11,0,YouTube
YouTube::@susanaalvarez2074,hotel,1,6,1,YouTube
YouTube::@susanaalvarez2074,deber,1,11,1,YouTube
YouTube::@susanaalvarez2074,vender,1,12,1,YouTube
YouTube::@susanaalvarez2074,patria,1,12,1,YouTube
YouTube::@susanaalvarez2074,corrupto,1,12,4,YouTube
YouTube::@susanaalvarez2074,bola,1,11,3,YouTube
YouTube::@susanaalvarez2074,traidor,1,11,1,YouTube
YouTube::@susanaalvarez2074,castigar,1,11,1,YouTube
YouTube::@susanaalvarez2074,aprender,1,11,3,YouTube
YouTube::@susanaalvarez2074,gobierno,1,12,3,YouTube
YouTube::@susanaalvarez2074,hablar,1,11,0,YouTube
YouTube::@susanaalvarez2074,fuerte,1,7,2,YouTube
YouTube::@susanaalvarez2074,pais,1,12,0,YouTube
YouTube::@susanaalvarez2074,esperar,1,4,0,YouTube
YouTube::@tavoruiz9686,fraude,2,4,4,YouTube
YouTube::@tavoruiz9686,millon,2,12,0,YouTube
YouTube::@tavoruiz9686,grande,1,1,0,YouTube
YouTube::@tavoruiz9686,historia,1,1,3,YouTube
YouTube::@tavoruiz9686,mundial,1,4,0,YouTube
YouTube::@tavoruiz9686,obra,1,2,4,YouTube
YouTube::@tavoruiz9686,huachicol,1,12,2,YouTube
YouTube::@tavoruiz9686,fiscal,1,12,2,YouTube
YouTube::@tavoruiz9686,ano,1,11,2,YouTube
YouTube::@teresamexico309,trump,1,12,1,YouTube
YouTube::@teresamexico309,jajaja,1,11,0,YouTube
YouTube::@teresamexico309,pedir,1,11,0,YouTube
YouTube::@teresamexico309,politico,1,12,4,YouTube
YouTube::@teresamexico309,argentina,1,12,1,YouTube
YouTube::@teresamexico309,presentar,1,10,0,YouTube
YouTube::@teresamexico309,creer,1,12,3,YouTube
YouTube::@teresamexico309,evitar,1,7,2,YouTube
YouTube::@tiedupboy71,jose,1,0,5,YouTube
YouTube::@tiedupboy71,luis,1,6,1,YouTube
YouTube::@tiedupboy71,zona,1,0,1,YouTube
YouTube::@tiedupboy71,rosa,1,9,2,YouTube
YouTube::@tiedupboy71,abrir,1,6,1,YouTube
YouTube::@tiedupboy71,estacion,1,9,-1,YouTube
YouTube::@tiedupboy71,metro,1,11,3,YouTube
YouTube::@tiedupboy71,recuerdo,1,4,0,YouTube
YouTube::@tiedupboy71,vida,1,7,4,YouTube
YouTube::@timoteomiranda5005,voz,2,1,0,YouTube
YouTube::@timoteomiranda5005,excelente,2,2,1,YouTube
YouTube::@timoteomiranda5005,nota,2,5,1,YouTube
YouTube::@timoteomiranda5005,quot,1,12,0,YouTube
YouTube::@timoteomiranda5005,mujeres,1,8,0,YouTube
YouTube::@timoteomiranda5005,regalo,1,8,1,YouTube
YouTube::@timoteomiranda5005,reflejar,1,1,0,YouTube
YouTube::@timoteomiranda5005,dedo,1,12,-1,YouTube
YouTube::@timoteomiranda5005,transformar,1,2,0,YouTube
YouTube::@timoteomiranda5005,puro,1,12,3,YouTube
YouTube::@timoteomiranda5005,marcar,1,10,4,YouTube
YouTube::@timoteomiranda5005,ritmo,1,1,1,YouTube
YouTube::@timoteomiranda5005,parecer,1,9,0,YouTube
YouTube::@timoteomiranda5005,unico,1,11,4,YouTube
YouTube::@timoteomiranda5005,ofrecer,1,3,2,YouTube
YouTube::@timoteomiranda5005,concierto,1,4,6,YouTube
YouTube::@timoteomiranda5005,felicidad,1,8,0,YouTube
YouTube::@timoteomiranda5005,faltar,1,12,1,YouTube
YouTube::@timoteomiranda5005,completar,1,8,1,YouTube
YouTube::@timoteomiranda5005,saludos,1,11,2,YouTube
YouTube::@timoteomiranda5005,tamaulipeca,1,5,1,YouTube
YouTube::@timoteomiranda5005,desear,1,4,6,YouTube
YouTube::@timoteomiranda5005,exito,1,8,0,YouTube
YouTube::@timoteomiranda5005,bendicion,1,8,0,YouTube
YouTube::@tomascabreraruiz1130,andy,3,12,2,YouTube
YouTube::@tomascabreraruiz1130,rama,1,7,0,YouTube
YouTube::@tomascabreraruiz1130,lopez,1,12,2,YouTube
YouTube::@tsajaancue,creer,1,12,3,YouTube
YouTube::@tsajaancue,respetar,1,10,4,YouTube
YouTube::@tsajaancue,aplicar,1,11,1,YouTube
YouTube::@tsajaancue,ojala,1,9,0,YouTube
YouTube::@tsajaancue,seguir,1,2,0,YouTube
YouTube::@tuxmaniaco,agarrar,2,12,1,YouTube
YouTube::@tuxmaniaco,gustar,1,6,0,YouTube
YouTube::@tuxmaniaco,involucrado,1,12,1,YouTube
YouTube::@tuxmaniaco,contento,1,8,0,YouTube
YouTube::@ulisesrodriguezortiz9045,aceptar,1,10,0,YouTube
YouTube::@ulisesrodriguezortiz9045,opinion,1,10,4,YouTube
YouTube::@ulisesrodriguezortiz9045,caso,1,10,4,YouTube
YouTube::@ulisesrodriguezortiz9045,contrario,1,10,5,YouTube
YouTube::@ulisesrodriguezortiz9045,existir,1,10,1,YouTube
YouTube::@ulisesrodriguezortiz9045,expresion,1,6,-1,YouTube
YouTube::@ulisesrodriguezortiz9045,pumas,1,5,2,YouTube
YouTube::@user-rj8xf4vn9x,marina,2,6,0,YouTube
YouTube::@user-rj8xf4vn9x,lopez,2,12,2,YouTube
YouTube::@user-rj8xf4vn9x,obrador,2,12,2,YouTube
YouTube::@user-rj8xf4vn9x,mujer,1,10,3,YouTube
YouTube::@user-rj8xf4vn9x,palacio,1,12,0,YouTube
YouTube::@user-rj8xf4vn9x,argentina,1,12,1,YouTube
YouTube::@user-rj8xf4vn9x,huachicolero,1,12,3,YouTube
YouTube::@user-rj8xf4vn9x,manuel,1,12,2,YouTube
YouTube::@user-rj8xf4vn9x,fuerte,1,7,2,YouTube
YouTube::@user-rj8xf4vn9x,rafael,1,12,2,YouTube
YouTube::@usuariov74,mero,2,7,4,YouTube
YouTube::@usuariov74,jugar,1,3,4,YouTube
YouTube::@usuariov74,amlo,1,12,4,YouTube
YouTube::@usuariov74,hijo,1,12,4,YouTube
YouTube::@v.suarez8383,noticia,1,11,6,YouTube
YouTube::@v.suarez8383,pena,1,12,1,YouTube
YouTube::@v.suarez8383,espanol,1,0,-1,YouTube
YouTube::@v.suarez8383,desaparecer,1,8,3,YouTube
YouTube::@v.suarez8383,alla,1,11,0,YouTube
YouTube::@valentingallego6853,dia,2,6,0,YouTube
YouTube::@valentingallego6853,felicidad,1,8,0,YouTube
YouTube::@valentingallego6853,gracia,1,11,2,YouTube
YouTube::@valentingallego6853,informar,1,10,1,YouTube
YouTube::@valentingallego6853,traer,1,11,0,YouTube
YouTube::@valentingallego6853,realidad,1,6,2,YouTube
YouTube::@valerutilio8149,mexicano,1,4,1,YouTube
YouTube::@valerutilio8149,transformacion,1,14,1,YouTube
YouTube::@valerutilio8149,acuerdo,1,4,1,YouTube
YouTube::@valerutilio8149,extraditar,1,12,0,YouTube
YouTube::@valerutilio8149,rata,1,4,1,YouTube
YouTube::@valerutilio8149,mexico,1,12,0,YouTube
YouTube::@valerutilio8149,aca,1,4,6,YouTube
YouTube::@valerutilio8149,justicia,1,11,1,YouTube
YouTube::@valerutilio8149,quedar,1,11,0,YouTube
YouTube::@valerutilio8149,impunidad,1,12,1,YouTube
YouTube::@vanessawebb3960,gente,1,6,2,YouTube
YouTube::@vanessawebb3960,buscar,1,5,1,YouTube
YouTube::@vanessawebb3960,deberiar,1,9,0,YouTube
YouTube::@vanessawebb3960,llegar,1,10,1,YouTube
YouTube::@vanessawebb3960,parecer,1,9,0,YouTube
YouTube::@vanessawebb3960,persona,1,4,3,YouTube
YouTube::@vanessawebb3960,saludo,1,11,2,YouTube
YouTube::@vanessawebb3960,puro,1,12,3,YouTube
YouTube::@vanessawebb3960,vida,1,7,4,YouTube
YouTube::@vanessawebb3960,forma,1,12,3,YouTube
YouTube::@vanessawebb3960,pesimo,1,10,1,YouTube
YouTube::@vanessawebb3960,cultura,1,1,1,YouTube
YouTube::@vectormart9828,justificar,2,9,0,YouTube
YouTube::@vectormart9828,gente,1,6,2,YouTube
YouTube::@vectormart9828,inteligencia,1,9,-1,YouTube
YouTube::@vectormart9828,pasar,1,11,3,YouTube
YouTube::@vectormart9828,auto,1,9,2,YouTube
YouTube::@vectormart9828,libre,1,1,0,YouTube
YouTube::@vectormart9828,transito,1,0,2,YouTube
YouTube::@vectormart9828,dano,1,4,1,YouTube
YouTube::@vectormart9828,propiedad,1,11,2,YouTube
YouTube::@vendedorescamarleon5502,azteca,1,4,0,YouTube
YouTube::@vendedorescamarleon5502,argentina,1,12,1,YouTube
YouTube::@vendedorescamarleon5502,presidente,1,14,2,YouTube
YouTube::@vendedorescamarleon5502,mexico,1,12,0,YouTube
YouTube::@vendedorescamarleon5502,creer,1,12,3,YouTube
YouTube::@veronicacruz5615,forma,1,12,3,YouTube
YouTube::@veronicacruz5615,hablar,1,11,0,YouTube
YouTube::@veronicacruz5615,nomas,1,9,0,YouTube
YouTube::@veronicacruz5615,castigar,1,11,1,YouTube
YouTube::@veronicacruz5615,inutil,1,9,0,YouTube
YouTube::@veronicaromopedroza6726,gustar,2,6,0,YouTube
YouTube::@veronicaromopedroza6726,crear,2,8,4,YouTube
YouTube::@veronicaromopedroza6726,circo,2,12,0,YouTube
YouTube::@veronicaromopedroza6726,querer,1,11,0,YouTube
YouTube::@veronicaromopedroza6726,venir,1,4,0,YouTube
YouTube::@veronicaromopedroza6726,dedo,1,12,-1,YouTube
YouTube::@veronicaromopedroza6726,inseguridad,1,11,6,YouTube
YouTube::@veronicaromopedroza6726,ciudadano,1,1,0,YouTube
YouTube::@veronicaromopedroza6726,morena,1,12,4,YouTube
YouTube::@veronicaromopedroza6726,aprovechar,1,14,3,YouTube
YouTube::@veronicaromopedroza6726,creer,1,12,3,YouTube
YouTube::@veronicaromopedroza6726,lider,1,12,2,YouTube
YouTube::@veronicaromopedroza6726,maru,1,11,1,YouTube
YouTube::@veronicaromopedroza6726,campos,1,6,3,YouTube
YouTube::@vickycrs83,morena,2,12,4,YouTube
YouTube::@vickycrs83,entrar,2,4,1,YouTube
YouTube::@vickycrs83,coahuila,2,5,2,YouTube
YouTube::@vickycrs83,llegar,1,10,1,YouTube
YouTube::@vickycrs83,medio,1,8,2,YouTube
YouTube::@vickycrs83,moren,1,4,1,YouTube
YouTube::@victorbuenrostro-b7i,fifa,1,12,0,YouTube
YouTube::@victorbuenrostro-b7i,opinar,1,7,2,YouTube
YouTube::@victorbuenrostro-b7i,campeon,1,13,0,YouTube
YouTube::@victorbuenrostro-b7i,america,1,10,5,YouTube
YouTube::@victorbuenrostro-b7i,contento,1,8,0,YouTube
YouTube::@victorcruz9366,tapar,2,12,2,YouTube
YouTube::@victorcruz9366,problema,1,12,0,YouTube
YouTube::@victorcruz9366,cosa,1,11,3,YouTube
YouTube::@victorcruz9366,narco,1,12,4,YouTube
YouTube::@victorcruz9366,politico,1,12,4,YouTube
YouTube::@victorlooez6171,delincuencia,3,11,1,YouTube
YouTube::@victorlooez6171,politicos,1,12,4,YouTube
YouTube::@victorlooez6171,corrupcion,1,12,5,YouTube
YouTube::@victorlooez6171,gente,1,6,2,YouTube
YouTube::@victorlooez6171,pri,1,11,5,YouTube
YouTube::@victorlooez6171,pan,1,4,1,YouTube
YouTube::@victorlooez6171,verde,1,7,4,YouTube
YouTube::@victorlooez6171,movimiento,1,10,3,YouTube
YouTube::@victorlooez6171,ciudadano,1,1,0,YouTube
YouTube::@victormedina7431,cambio,1,11,3,YouTube
YouTube::@victormedina7431,querer,1,11,0,YouTube
YouTube::@victormedina7431,meter,1,11,3,YouTube
YouTube::@victormedina7431,nuevamente,1,13,4,YouTube
YouTube::@victormedina7431,cancha,1,14,4,YouTube
YouTube::@victormedina7431,donde,1,12,2,YouTube
YouTube::@victormedina7431,quedar,1,11,0,YouTube
YouTube::@victormedina7431,jugar,1,3,4,YouTube
YouTube::@victormedina7431,limpio,1,7,0,YouTube
YouTube::@vigoram17,falta,1,11,0,YouTube
YouTube::@vigoram17,atencion,1,7,3,YouTube
YouTube::@vigoram17,rato,1,12,-1,YouTube
YouTube::@vigoram17,querer,1,11,0,YouTube
YouTube::@vigoram17,sacar,1,11,3,YouTube
YouTube::@vitoelcuervito,cambio,2,11,3,YouTube
YouTube::@vitoelcuervito,existir,1,10,1,YouTube
YouTube::@vitoelcuervito,justo,1,11,5,YouTube
YouTube::@vitoelcuervito,pasar,1,11,3,YouTube
YouTube::@vitoelcuervito,volver,1,12,2,YouTube
YouTube::@vitoelcuervito,camion,1,7,0,YouTube
YouTube::@vitoelcuervito,deber,1,11,1,YouTube
YouTube::@vitoelcuervito,gol,1,12,0,YouTube
YouTube::@vitoelcuervito,pase,1,10,2,YouTube
YouTube::@vitoelcuervito,equipo,1,13,3,YouTube
YouTube::@vitoelcuervito,apoyar,1,1,2,YouTube
YouTube::@vitoelcuervito,vida,1,7,4,YouTube
YouTube::@williamgutierrez1693,seguridad,1,0,3,YouTube
YouTube::@williamgutierrez1693,brindar,1,2,2,YouTube
YouTube::@williamgutierrez1693,narco,1,12,4,YouTube
YouTube::@williamgutierrez1693,gobernadora,1,12,1,YouTube
YouTube::@williamgutierrez1693,esperar,1,4,0,YouTube
YouTube::@xausdtmlc,merecer,2,10,3,YouTube
YouTube::@xausdtmlc,gente,2,6,2,YouTube
YouTube::@xausdtmlc,puro,1,12,3,YouTube
YouTube::@xausdtmlc,basura,1,3,1,YouTube
YouTube::@xausdtmlc,donde,1,12,2,YouTube
YouTube::@xausdtmlc,futbol,1,1,3,YouTube
YouTube::@xausdtmlc,importante,1,13,0,YouTube
YouTube::@xausdtmlc,educacion,1,14,1,YouTube
YouTube::@xausdtmlc,mayoria,1,11,4,YouTube
YouTube::@xausdtmlc,importar,1,6,2,YouTube
YouTube::@xausdtmlc,dinero,1,12,5,YouTube
YouTube::@xausdtmlc,sacar,1,11,3,YouTube
YouTube::@xausdtmlc,dema,1,12,3,YouTube
YouTube::@xausdtmlc,ninez,1,8,1,YouTube
YouTube::@xausdtmlc,valer,1,9,0,YouTube
YouTube::@xyz7005,semana,1,4,5,YouTube
YouTube::@xyz7005,claudia,1,12,0,YouTube
YouTube::@xyz7005,gobierno,1,12,3,YouTube
YouTube::@xyz7005,cartel,1,4,5,YouTube
YouTube::@xyz7005,asociacion,1,4,2,YouTube
YouTube::@yaritaestrada5348,salir,2,11,0,YouTube
YouTube::@yaritaestrada5348,wow,1,9,-1,YouTube
YouTube::@yaritaestrada5348,luz,1,3,1,YouTube
YouTube::@yaritaestrada5348,consecuencia,1,9,0,YouTube
YouTube::@yaritaestrada5348,criminal,1,12,4,YouTube
YouTube::@yaritaestrada5348,llegar,1,10,1,YouTube
YouTube::@yaritaestrada5348,mexico,1,12,0,YouTube
YouTube::@yaritaestrada5348,merecer,1,10,3,YouTube
YouTube::@yaritaestrada5348,persona,1,4,3,YouTube
YouTube::@yaritaestrada5348,seguir,1,2,0,YouTube
YouTube::@yaritaestrada5348,pais,1,12,0,YouTube
YouTube::@yaritaestrada5348,video,1,11,2,YouTube
YouTube::@yaritaestrada5348,semana,1,4,5,YouTube
YouTube::@yotaroukauka,realidad,1,6,2,YouTube
YouTube::@yotaroukauka,tratar,1,10,4,YouTube
YouTube::@yotaroukauka,ilegal,1,12,1,YouTube
YouTube::@yotaroukauka,tradicional,1,1,1,YouTube
YouTube::@yotaroukauka,nombre,1,12,2,YouTube
YouTube::@yotaroukauka,delito,1,11,4,YouTube
YouTube::@yoyelcuba9219,gracias,2,8,0,YouTube
YouTube::@yoyelcuba9219,video,1,11,2,YouTube
YouTube::@yoyelcuba9219,mujer,1,10,3,YouTube
YouTube::@yoyelcuba9219,hija,1,8,2,YouTube
YouTube::@yoyelcuba9219,union,1,1,0,YouTube
YouTube::@yoyelcuba9219,hablar,1,11,0,YouTube
YouTube::@yoyelcuba9219,situacion,1,0,1,YouTube
YouTube::@yoyelcuba9219,pais,1,12,0,YouTube
YouTube::@yoyelcuba9219,recibir,1,9,2,YouTube
YouTube::@yoyelcuba9219,mano,1,6,0,YouTube
YouTube::@yoyelcuba9219,informacion,1,11,0,YouTube
YouTube::@yoyelcuba9219,saludo,1,11,2,YouTube
