posicion_id,tema_id,rank,usuario,plataforma,fecha,texto,engagement
T00_P1,0,1,Twitter::Tougi_mahjong,Twitter,2025-10-30T00:27:32Z,"Fui invitada al evento del Día de Muertos🌼, organizado por ドンキ y la Embajada de México🇲🇽 Quiero participar también en eventos de otras embajadas de Latinoamérica y España, así que por favor, ¡ayúdenme a difundirlo!🫶🏻 #今夜はドンキで死者の日 🇯🇵❤️🇲🇽",4668
T00_P1,0,2,Twitter::rmapalacios,Twitter,2024-12-10T02:58:17Z,"Dos problemas. 1. En campaña ofreció 10,000 motos el primer año, las que tendrían un impacto en la lucha contra el crimen. Le faltan 6,000 y el plazo se venció hace un año. 2. Lo más grave es el impacto de este gasto en el bienestar de la ciudad. Hay depósitos con motos sin usar por falta de personal. Se compra sin planificar. Que no se diga que no se advirtió en campaña. Se explicó varias veces.",1266
T00_P1,0,3,Twitter::ClubDIquique,Twitter,2025-01-19T15:46:12Z,"🐲🙏🏼🙌🏻 La sorpresa del Tierra de Campeones al grupo Calichal y la “Reina del Tamarugal” Al cumplirse 40 años de la canción ganadora en el Festival de Viña en 1985 y que se ha convertido en un himno de la Fiesta de La Tirana, ayer homenajeamos junto a @collahuasiCL y UNAP al grupo Calichal, entonando la Banda del Dragón y todo el Tierra de Campeones la “Reina del Tamarugal”. Disfruten de este emotivo momento 🤍🤎",1098
T00_P1,0,4,Twitter::tauruus9,Twitter,2024-11-26T19:14:36Z,No sé si somos conscientes de que MONCAYO es la segunda canción del juanjodisco y probablemente sea LA CANCIÓN. Tenemos que superar el predebut y el debut de Mis Tías para que Juanjo vea que un año después seguimos aquí apoyándole. 💖🫂✨ Tardamos literalmente 4 segundos en guardarnos las PLAYLISTS que nos corresponden y todavía nos falta el doble de guardados 💔 Predebut España: https://open.spotify.com/playlist/5hiBo9W,1055
T00_P2,0,1,Twitter::JuIiantinaNews,Twitter,2024-11-19T01:33:57Z,Un día como hoy pero de hace seis años se conocían por primera vez los Personajes de Juliana @barbara_lopez21 y Valentina @macabeso La historia de amor que llegó a nivel mundial. 💖 Siendo premiada a nivel internacional por su gran shippeo #Juliantina,830
T00_P2,0,2,Twitter::RaulParedesP,Twitter,2025-10-27T13:59:38Z,"🏗️ Otro piso… de impunidad 📍 Horacio 724, Polanco. Entre los árboles se asoma un nivel más de los permitidos. Así se camufla la corrupción panista: silenciosa, disfrazada, pero visible. 📄 La zonificación lo deja claro: Solo 4 niveles. Y permitieron 5… y nadie los detiene. 🔴 ¿Cuántos pisos ilegales más hay escondidos? 🔴 ¿Cuántos moches por cada nivel extra? ¡Así operan @mauriciotabe y @cesar_m_garrido! #TabeTolera #Ca",627
T00_P2,0,3,Twitter::mxcharts,Twitter,2025-04-01T02:38:44Z,“MONA LISA” es la entrada más alta de #jhope en los charts Globales de Billboard Billboard Global 200 #14 MONA LISA 🆕 Billboard Global Excl. U.S. #9 MONA LISA 🆕 En estos charts impactan nuestras compras y reproducciones ARMY México #jhope #제이홉 #jhope_MONALISA,296
T00_P2,0,4,Twitter::@jlaram12,Twitter,2026-06-16T16:29:49Z,"Rayados es una gran equipo a nivel INSTITUCIONAL porque cuenta con el respaldo de la mejor empresa regiomontana: FEMSA. Pero a nivel deportivo es un equipo muy POBRE. No se trata de dinero, muchas veces se trata de mistica, estirpe ganadora y Monterrey no la tiene.",19
T01_P1,1,1,Twitter::8DiPaula,Twitter,2025-06-20T19:15:21Z,MÔNICA SUPER HEROINA MÔNICA SUPER HEROINA MÔNICA SUPER HEROINA,12111
T01_P1,1,2,Twitter::thisdracarys,Twitter,2025-11-02T21:36:03Z,"pessoal ajudem a monica aqui ela perdeu os móveis na enchente que teve e está tentando mobiliar a casa novamente do mesmo jeito que fizemos mutirão pro tweet da antena parabólica chegar a 1M podemos ajudar ela a bater a meta, quem puder compartilha e ajuda com qualquer quantia",10946
T01_P1,1,3,Twitter::8DiPaula,Twitter,2025-06-28T21:03:35Z,MÔNICA ❤️⭐️🐰 MÔNICA 💜⭐️🐰 MÔNICA 💙⭐️🐰,2511
T01_P1,1,4,Twitter::J_Fdz_Menendez,Twitter,2025-05-21T02:25:00Z,"🛑 El Tribunal Electoral de Tamaulipas, controlado por afines al gobernador Américo Villarreal, intenta censurar a @hdemauleon y a @El_Universal_Mx por revelar nexos de Tania Contreras con el huachicol fiscal. La información hoy en #TodoPersonal",2065
T01_P2,1,1,YouTube::@marialuisareyes3487,YouTube,2026-01-23T23:56:41Z,Exelente trabajo presidenta Claudia viva México viva nuestra presidenta,6
T01_P2,1,2,YouTube::@marialuisareyes3487,YouTube,2026-01-23T23:55:53Z,Exelente trabajo gobernadora  Rocío Nale.,6
T01_P2,1,3,YouTube::@sergiodelabra8766,YouTube,2024-10-22T18:44:26Z,"Muy bien gafe , me gusta que permitas hablar al entrevistado yESCUCHES ! Jamas metes tu cuchara EXELENTE ....LOS AÑOS como fuerza especial te hacen cautivo, paciente y analitico....",5
T01_P2,1,4,Facebook::Fidel Luna,Facebook,2026-05-07T17:06:31Z,"Y TAMPICO SEGUIRÁ AVANZANDO,APLAUSOS PARA LA LIC.MÓNICA ZACIL VILLARREAL ANAYA,PRESIDENTA DE TODOS LOS TAMPIQUEÑOS",3
T01_P3,1,1,Twitter::molotovmx,Twitter,2025-03-06T01:51:03Z,Todos invitados a informarse directamente con nuestra Presidenta @Claudiashein 🇲🇽 #AlZócaloConMiPresidenta 🇲🇽,800
T01_P3,1,2,Twitter::CitlaHM,Twitter,2024-12-12T18:56:29Z,"¡Presidentas municipales de todo México! Me complace invitarlas a participar en nuestro primer encuentro de presidentas municipales de México #PresidentasALosPinos que será el próximo lunes 16 de diciembre. ¡ Si eres, Presidenta Municipal, regístrate y forma parte de este histórico encuentro! 👇🏽 https://forms.gle/w7o9UgUssMUD2nit6",588
T01_P3,1,3,Twitter::molotovmx,Twitter,2025-07-27T23:15:42Z,#Tlalpan quiere a la Presidenta! No cualquiera regresa al lugar que gobernó hace 10 años y es recibida así con tanto cariño...,440
T01_P3,1,4,Twitter::molotovmx,Twitter,2024-11-17T20:52:27Z,🇧🇷🇲🇽 Nuestra Presidenta rumbo al G20 en #Brasil en vuelo comercial. 🇲🇽🇧🇷 ¡Todo el éxito Doctora!,407
T02_P1,2,1,Twitter::DomundiTV,Twitter,2025-05-11T05:02:06Z,“โทมัส” @tthomastc และ “ก้อง” @kongjiro_ พร้อมแล้วสำหรับ mami Sweet Time in Huahin with Thomas-Kong Day 2 ✨️ #MAMIxThomasKonginHuahin,9284
T02_P1,2,2,Twitter::DomundiTV,Twitter,2025-05-10T01:56:23Z,“โทมัส” @tthomastc และ “ก้อง” @kongjiro_ พร้อมแล้วสำหรับ mami Sweet Time in Huahin with Thomas-Kong Day 1 ✨️ #MAMIxThomasKonginHuahin,7360
T02_P1,2,3,Twitter::Tana_Pato,Twitter,2025-05-28T19:56:50Z,⚘️🍃 Happy Hump Day ⚘️🍃 💋💋💋💋,6046
T02_P1,2,4,Twitter::TsMadisonatl1,Twitter,2025-04-01T00:02:50Z,"Today was THE day! I can’t explain how my heart feels right now but we DID IT! Thank you to (@thedominiquemorgan and @naesminc ) - To MY SISTERS! Bitch, it’s all about community! We have to take care of each other. The blessings I’ve received have not been about me but about US. Let’s show up for each other. I’m not perfect but I am HERE! Download the fundraising kit from @tsmadisonstarterhouse bio and put your money",5346
T02_P2,2,1,Twitter::todomenosfut,Twitter,2025-05-22T20:50:00Z,ASÍ SUENA UNA MEDALLA DE ORO 🥇 🇲🇽 ¡CONMOVEDOR MOMENTO! Ella es Amaia Cruz y ganó su primera medalla panamericana de oro en la prueba de Aguas Abiertas. ¡Vamos México!,6113
T02_P2,2,2,Twitter::TIMWrestling,Twitter,2025-02-15T23:24:41Z,"¡Fin de historias de derrotas, fin de historias de segundos lugares! ¡Somos campeones, somos medalla de oro! ¡Por años y años generaciones contarán la historia de de una superheroína chilena, que fue a la tierra de los super héroes legendarios, a la tierra de Batista! ¡Tenemos una super heroína que vale oro!¡Chile es de oro, permítame la licencia: VIVA CHILE MIERDA!” #WWENXT #VengeanceDay",5497
T02_P2,2,3,Twitter::stayalivejksg,Twitter,2025-03-14T01:54:21Z,"LA NUEVA CANCIÓN DE J-HOPE ""MONALISA"" SE VIENE PRONTO Y ES NECESARIO IR AUMENTANDO LAS TENDENCIAS, VAMOS🔥 DEJEN SUS COMENTARIOS 🫵 MONALISA IS COMING J-HOPE IS COMING MONALISA BY JHOPE #jhope #Jhope_MonaLisa",5432
T02_P2,2,4,Twitter::TripaTaquito,Twitter,2025-04-21T15:29:40Z,"A nombre de la ruta Torres Conalep – Pantitlán Bordo Xochiaca, lamentamos profundamente la partida del Papa Francisco, licenciado Jorge Mario Bergoglio. RIP en INRI 🕊️",3756
T03_P1,3,1,Twitter::LAPRIM0NETA,Twitter,2025-04-12T07:04:19Z,"NUEVO GRITO: 📣 - ""MARTINA EL FANDOM DE TATO TE PROTEGE"" - ""MARTINA CHIARA TE VOTÓ""... ESTABAN: LULU, MARTINA, LA TANA Y CHIARA... SE ACABÓ EL TEATRO DE LA LOMBRIZ ULISES AL 9009 CHIARA AL 9009 CATA AL 9009 #GranHermanoAr #GranHermano",9088
T03_P1,3,2,Twitter::UnaTalMaka_,Twitter,2025-01-20T21:28:03Z,"Cada dia se supera Tenemos en la asamblea un estúpida, que jamás se avergüenza, ni se cansa de hacer el ridículo. @MoniPalaciosZ",3039
T03_P1,3,3,Twitter::ECUADORCHEQUEA,Twitter,2025-09-03T19:49:41Z,"#ATENCIÓN | Tamia Villavicencio explicó que hace dos días conocieron que José Serrano, aparentemente, tenía colaboración de más de una decena de policías para conocer los movimientos de Fernando Villavicencio. Tamia y Amanda Villavicencio piden celeridad y contundencia en el caso, y esperan que un crimen como este no se repita.",2561
T03_P1,3,4,Twitter::jor_daluz,Twitter,2025-05-16T23:22:28Z,Lo pelotudas que son estas ACOMODADAS (la de sony y la del padre corrupto) ellas literal están de VACACIONES si total tienen arreglado llegar a la final. #GranHermano,2546
T03_P2,3,1,Twitter::@mariagonfer,Twitter,2026-07-07T17:48:51Z,"Oigan la verdad si me gustó mucho el futbol y creo que seré fifas, después del mundial que sigue? Cual equipo es el bueno? No sé si apoyar a Xolos porque acá vivo, tambien se antoja Chivas jajajaajaj. AYUDENME",9015
T03_P2,3,2,Twitter::jjsayago,Twitter,2025-09-01T05:08:35Z,"Pasaron 3 años suspendidos de la FIVB, sin ningún tipo de competencia y hoy son CAMPEONES de la Copa Panamericana. El 1 de septiembre de 2025 quedará en la memoria histórica para el voleibol de 🇻🇪! SI! EL INFINITO TALENTO DEL VOLEIBOL ES CAMPEÓN DE LA COPA PANAMERICANA",4016
T03_P2,3,3,Twitter::RiversPelona,Twitter,2025-05-10T23:58:38Z,"Lejos de su país, lejos de su familia, lejos de su ciudad. Nikol se amarró los ovarios, se aguantó las críticas y las utilizó para mejorar partido a partido. Esta cabrona demostró que una mexicana nunca se raja. @NikolRamos12 Como mexicana, como Tapatia y rojinegra, estoy muy orgullosa que nos representes de esta manera. El trabajo aún no está hecho, síguele dando, madre y deja tu nombre escrito en la historia de est",3048
T03_P2,3,4,Twitter::CMLL_OFICIAL,Twitter,2025-06-19T04:31:35Z,"🌎⌛️ ¡RETO ACEPTADO! 🔥 Tras conquistar el Campeonato Mundial Femenil del CMLL, Mercedes Moné ha aceptado el desafío de La Catalina. Ambas luchadoras se verán las caras en FantasticaMania México. 📍Arena México 🗓️ Viernes 20 de Junio '25 🕣 8:30 p.m. 🎟️ https://www.ticketmaster.com.mx/event/14006150BEDE20DC",2710
T04_P1,4,1,Twitter::tiniromance,Twitter,2024-12-05T01:45:51Z,no soporto a pampita siendo tan tibia la mina la vio como cogía con el marido y está ahí sonriendo como pelotuda al lado de ella,19191
T04_P1,4,2,Twitter::Joepsi,Twitter,2025-08-04T20:23:30Z,Hoy el dueño de Radio Con Vos echo a Tamara Pettinato y a todos sus compañeros después de burlarse del CINISMO de Cristina Perez. También a Tenembaum que marco la HIPOCRESIA de esta cara dura. El gobierno del marido de esta periosobre hizo esto. Y ELLA ES COMPLICE #soychino,10083
T04_P1,4,3,Twitter::IBetancourtCol,Twitter,2025-01-26T22:52:34Z,"Pero quién voto por este Cantinflas peligroso. Verónica Alcocer debe darle otro taconazo 👠 en la cabeza porque se le acabaron los paseos a Miami. Pero nosotros estamos en mora de hacer lo mismo: el taconazo del 109 de la Constitución, porque se eligió haciendo trampa y acabó al país. A ver cuáles son los politiqueros de turno que le van a aceptar ministerios y contratos. Ya quedaron vetados para hacer negocios o tene",7734
T04_P1,4,4,Twitter::4CNewsMx,Twitter,2024-12-08T18:57:57Z,Tamaulipas | Mujer golpea a empleada dentro de negocio en #Tampico Mujer tira por la borda la lucha de los colectivos feministas al golpear salvajemente a una empleada en Calzado San Pedro en el municipio de Tampico.,6582
T04_P2,4,1,Twitter::agusantonetti,Twitter,2025-04-02T18:58:20Z,"Acaban de asesinar en México a una de las madres buscadoras de Jalisco. Se trata de Teresa González Murillo, intentaron secuestrarla y, al no conseguirlo, le dispararon en la cabeza. Teresita buscaba a su hermano desaparecido desde septiembre del 2024. Esto es gravísimo.",62099
T04_P2,4,2,Twitter::Milenio,Twitter,2025-09-11T00:23:50Z,"▶️ “Por favor hagan todo para salvar a mi mamá, no le tocaba estar ahí”: hija de la señora Alicia Matías Teodoro, mujer que cubrió con su cuerpo y salvó a bebé de 2 años de explosión de pipa en Iztapalapa, habla sobre la salud de su madre 📹 Lauro Galicia para MILENIO",20492
T04_P2,4,3,Twitter::mdzol,Twitter,2024-11-18T16:55:34Z,"""Pampita cobró 30.000 dólares para ir a lo de Susana a no decir nada. Si vas a cobrar 30 lucas verdes, dalo todo, sino quedate en casa"": la denuncia de Yanina Latorre.",15187
T04_P2,4,4,Twitter::PoderCiudadanoo,Twitter,2025-04-08T18:49:03Z,"🔴 ¡INDIGNANTE! MADRE AGREDE A TODOS PARA SALVAR A SU HIJO AGRESOR EN POLANCO 😡🤬 ¡LO QUE ESTÁS A PUNTO DE VER TE VA A HERVIR LA SANGRE! 🚨 Una escena de vergüenza nacional quedó grabada y ya le está dando la vuelta a todo México. En pleno Polanco, una mujer —ya apodada como #LadyPolanco— impidió la detención de su hijo, quien minutos antes había agredido a un adulto mayor y causado lesiones a varias personas. 😱 ¿Lo más",14676
T04_P3,4,1,Twitter::Ramirezlop92158,Twitter,2025-07-01T01:17:09Z,"Melissa: Si me va mal, me pongo a vender postres como una amiga mía JAAJAJAJAJAAJAJAJAJAJAJAJAJAJAJAJAJAJAJAJAJJAJAJAJAJAJAJAJAJAJAJAJAJQJAJAJAJAJAJAJJAAJA está pelaita no desaprovecha ninguna oportunidad 😂🤣🤣🤣🤣🤣🤣🤣🤣🤣 #PandillaGate #PandillaGateX",2445
T04_P3,4,2,Twitter::AvilaAngie_,Twitter,2025-02-03T01:09:57Z,"Siempre llevaré con orgullo, en mi corazón y en mi conciencia, que no voté por el vende patria de Mulino.",2189
T04_P3,4,3,Twitter::Ramirezlop92158,Twitter,2025-07-03T04:35:02Z,"Imagínense que el diseñador mexicano, quien le envio a Melissa más de 15 millones de pesos colombianos en vestidos, tuvo que esperar más de 20 días para poder recibir su agradecimiento y los espero paciente, ahora estos se enojan por 5 días? Jajajaja #PandillaGate #PandillaGateX",1861
T04_P3,4,4,Twitter::Ramirezlop92158,Twitter,2025-07-03T03:19:40Z,"Con esto tumbamos la etiqueta de “desagradecida” que le quieren poner a Melissa y demostramos que MZ está hablando a conveniencia en contra de Melissa, alguien que se ponga la 10 #PandillaGate #PandillaGateX",1505
T05_P1,5,1,Twitter::blogdelnarcomex,Twitter,2025-04-10T18:22:46Z,"Detienen a Elizabeth Guzmán Vilchis, ex síndica de Ocampo, Michoacán vinculada al Narco y a la desaparición del defensor de la Monarca y los bosques, Homero Gómez González (Información en el enlace) https://www.blogdelnarco.org/2025/04/detienen-elizabeth-guzman-vilchis-ex.html",11912
T05_P1,5,2,Twitter::nancy_contra,Twitter,2025-09-19T17:17:51Z,"Además de honrar a las víctimas de los sismos de 1985 y 2017, es importante recordar los fraudes periodísticos: en 1985, Televisa inventó a ‘Monchito’, un supuesto niño atrapado en los escombros; en 2017, varios 1/2s crearon a ‘Frida Sofía’ p/ ocultar la inacción del PRI gobierno",3934
T05_P1,5,3,Twitter::OT_Oficial,Twitter,2024-11-26T10:03:04Z,Este viernes 29/11 llegará a nuestras vidas MONCAYO de Juanjo Bona 💙 ¿Cuántos estáis desssssseando que llegue el estreno? 👉🏻 http://juanjobona.lnk.to/Moncayo 🏔️,3576
T05_P1,5,4,Twitter::Tj_Toro9,Twitter,2025-03-09T16:16:25Z,Tomás Vodanovic: Cuando eres una autoridad y veí que ahí se cometen no solo irregularidades como delitos graves es tu deber como autoridad poner esa información a disposición de la justicia. Si yo no denuncio un delito me hago complice de ese delito. #LaDivinaComidaCHV.,3139
T05_P2,5,1,Twitter::@Libro_negro_,Twitter,2024-10-27T07:38:27Z,- El sujeto es detenido y se identifica como Juan Carlos N.,2117
T05_P2,5,2,Twitter::@Libro_negro_,Twitter,2024-10-27T07:38:10Z,- El Sujeto entra en pánico y se mete por una zona peatonal a Plaza Guadalajara y cuando va llegando a la Catedral de Guadalajara atropella a varias personas. El video,1558
T05_P2,5,3,Twitter::emixtini,Twitter,2025-10-20T23:59:04Z,"Bueno esta persona nos estafó a más de 10 personas entradas para Tini (entre otras) el documento es de ella VERÓNICA MABEL SORIA y dejo los datos de la hija que promueve las estafas, en total le pasamos aprox $2.800.000, la plata no va a volver pero que nadie más caiga !",1311
T05_P2,5,4,Twitter::@Libro_negro_,Twitter,2024-10-27T07:38:45Z,- La presidenta de Guadalajara @VeroDelgadilloG visita a los heridos en el hospital y confirma que no hay fallecidos y que de todos los heridos solo dos personas se encuentran hospitalizadas.,1208
T06_P1,6,1,Twitter::DrRobertoMOjeda,Twitter,2024-11-19T11:46:16Z,"Evocamos en el aniversario de su natalicio a Tania, la única mujer de la guerrilla del Che, que seguirá siendo eterna fuente de inspiración y compromiso para las #MujeresEnRevolución.",4032
T06_P1,6,2,Twitter::NegroCensurado,Twitter,2024-12-24T22:36:27Z,Quiero darle más color a esta escena que pasó en el teatro el sábado pasado que fue fantástica. Resulta que @tronco es el ganador de la primera de 3 cajas navideñas Havana EDICIÓN ESPECIAL de un valor de $100.000 c/u. que los capos de Vodnick nos dieron para sortear. El tipazo de Tronco la devolvió para que la resortiemos a otra persona. La dinámica siguió y se sortearon las 3. Resulta ser que una de las personas que,3679
T06_P1,6,3,Twitter::DrRobertoMOjeda,Twitter,2024-12-07T13:54:27Z,"La conmemoración del Aniversario 128 de la caída en combate de Antonio Maceo y su ayudante Panchito Gómez Toro y del Aniversario 35 de la Operación ""Tributo"" fue un acto sentido y lleno de patriotismo, no podía ser de otra manera. Allí estuvimos junto a @DiazCanelB #UnidosXCuba",3354
T06_P1,6,4,Twitter::TEAMBACKMX,Twitter,2025-04-24T16:32:33Z,Llegó la PREVENTA del Bundle “Desconexión Emocional”!! https://missasinfonia.com/products/kit-desconexion-emocional Aprovecha esta Merch Edición Especial de @MissaSinfonia y sé parte de su nueva etapa musical! La PREVENTA termina este 30 de Abril!!,2694
T06_P2,6,1,Twitter::sethrojasmolina,Twitter,2025-01-18T07:04:36Z,"La protesta, casi solitaria, de una clienta de la agencia MG por fallas graves de la camioneta que les compró, se convirtió en una fiesta. En la noche decenas de personas se juntaron para apoyarla. Hubo grupos musicales y hasta una carne asada se armó. #Reynosa #Tamaulipas",4090
T06_P2,6,2,Twitter::XochitlGalvez,Twitter,2024-11-19T03:11:56Z,"Qué gusto me dio estar de vuelta en mi casa, @AtypicalTeve, con mi querida @kenialopezr. Nos vemos todos los lunes a las 7 de la noche.",3212
T06_P2,6,3,Twitter::rosaicela_,Twitter,2025-11-10T15:59:45Z,"Este lunes, desde el complejo cultural #LosPinos, la Presidenta @Claudiashein presentó la #CopaMundialFIFA2026, una gran celebración que dará la oportunidad de mostrar al mundo nuestra riqueza cultural, histórica, turística y gastronómica. 🏆⚽ 🇲🇽 🇺🇸 🇨🇦 @GabyCuevas @fifaworldcup_es",2224
T06_P2,6,4,Twitter::rosaicela_,Twitter,2025-04-23T21:05:42Z,"Esta tarde recibimos en @SEGOB_mx al gobernador de #Tamaulipas, @Dr_AVillarreal, con quien seguimos coordinando el desarrollo de planes y la aplicación de programas en beneficio de los tamaulipecos. @Claudiashein🇲🇽",1893
T07_P1,7,1,Twitter::TIMWrestling,Twitter,2025-02-15T23:24:41Z,"¡Fin de historias de derrotas, fin de historias de segundos lugares! ¡Somos campeones, somos medalla de oro! ¡Por años y años generaciones contarán la historia de de una superheroína chilena, que fue a la tierra de los super héroes legendarios, a la tierra de Batista! ¡Tenemos una super heroína que vale oro!¡Chile es de oro, permítame la licencia: VIVA CHILE MIERDA!” #WWENXT #VengeanceDay",5497
T07_P1,7,2,Twitter::FotosFamiliaMdP,Twitter,2025-01-26T22:30:37Z,"Victoria Ocampo en su casa de veraneo en Mar del Plata, Villa Victoria, hoy Museo y Centro Cultural dependiente de la Municipalidad. Foto de 1958. Revista Life",5125
T07_P1,7,3,Twitter::jarizabaletaf,Twitter,2025-01-05T18:44:00Z,"Aprovecho que esta cuenta está teniendo el alcance de América Latina, para informales que Colombia tiene a su María Corina Machado, se llama Vicky Dávila. Vamos por la VICTORIA",5100
T07_P1,7,4,Twitter::MarytaLeon,Twitter,2025-09-27T13:57:12Z,"Pedro Tomás Pacheco Mago recibió ayer en Valencia, estado Carabobo, las dos medallas de bronce que ganó en la fase regional de las Olimpiadas Recreativas de Matemática y Lengua 2025. Pedro Tomás participó por primera vez este año en las competencias que organiza @motoresporlapaz Pedro Tomás asiste a una microescuela comunitaria de las muchas, miles, que el proyecto El Bello Árbol ha identificado, y apoya, en toda Ven",3389
T07_P2,7,1,Twitter::LauraCVargas96,Twitter,2025-04-15T00:40:53Z,"Millones de litros de agua usan las fábricas ubicadas en Tocancipá para la producción de Pony Malta, Frutiño y Coca-Cola, entre otras marcas muy conocidas. Mientras tanto, en varias zonas de este municipio los habitantes sufren por el desabastecimiento de agua potable. Este reportaje de @VoragineCo revela cómo allí se han priorizado las concesiones de explotación de agua para grandes empresas, por encima de las neces",7003
T07_P2,7,2,Twitter::maniachan__,Twitter,2025-02-15T10:46:26Z,"el mundo sano, el aire se limpió, el agua se descontamino, los pájaros cantaron, las flores florecieron, las cosechas prosperaron, la sequía terminó...tuvimos dueto minsvngo, todo está en orden",3897
T07_P2,7,3,Twitter::DenunciasAntio2,Twitter,2024-11-19T16:46:20Z,"#Medellín/ Quiero hacer una denuncia, este perrito que vive en la unidad poblado santa Monica es al sol y al agua el dueño se va a trabajar y lo deja hay día y noche, lo maltrata, tiene infección en los ojos también tiene un tumor en los testículos y el propietario es un grosero 😔😔 Cll 38 94 40 Poblado de Santa Mónica torre 2 apto 9906",1645
T07_P2,7,4,Twitter::modatima_cl,Twitter,2024-11-19T02:55:07Z,Para que a nadie le quepa duda que @rmunda ha trabajado y seguirá trabajando por la justicia ambiental y por hacer del agua un derecho para todos y todas 💧#YoVotoMundaca #HoffmannMiente,1430
T08_P1,8,1,Twitter::Pampa139,Twitter,2025-06-11T20:07:59Z,"Se metio a la casa y salió con un buzo de La Universidad de La Plata, con una sonrisa y los dedos en V. La entereza y las ganas de ésta mujer emocionan, loco. Es un tanque politico.",20209
T08_P1,8,2,Twitter::micolpontiero,Twitter,2025-07-28T14:18:03Z,El nivel de disociación que tiene esta puta barata y reventada para hacerse la canchera siendo que todo el país sabe que le tiró la goma a Golperto Fernández.,10184
T08_P1,8,3,Twitter::Tabeeme91,Twitter,2024-12-06T14:51:04Z,"No sé en qué momento normalizamos que para llegar rápido a otro lugar, llamas al juancho de una moto, te pones el casco que ha sido usado por unas 500 personas, te subes sin saber como maneja y le pagas 10 mil pesos.",9736
T08_P1,8,4,Twitter::johnwickmx,Twitter,2025-11-02T00:42:46Z,"La misma chairiza que se cansó de joder a las hijas de Peña (que por cierto, no robaron nada) ahora defiende incansable a los huevones vástagos del macuspano. Esos sí robaron en grande.",9425
T08_P2,8,1,Twitter::MConurbasic,Twitter,2025-03-06T20:39:20Z,"LLAMADO A LA SOLIDARIDAD 📣 Se busca dar con nombre y paradero de esta argolluda incogible criada sin afecto que anduvo ayer gaseando jubilados en el Congreso. Si alguien tiene información de esta enferma HIJADEPUTA, por favor compartalo. GRACIAS.",19390
T08_P2,8,2,Twitter::OSWALDORIOSM,Twitter,2025-02-05T16:33:21Z,Ella es una mujer valiente que no ha tenido miedo para cumplir con su deber. Ella es la primera mujer en llegar a ese honroso cargo. Ella ha defendido la Constitución por encima de todo. POR SUPUESTO QUE NOS REFERIMOS A LA MINISTRA NORMA PIÑA.👩🏼 ⚖️ ¡RT SI ESTÁS DE ACUERDO! 🔄,7486
T08_P2,8,3,Twitter::OSWALDORIOSM,Twitter,2025-10-29T06:15:39Z,El Cártel de Macuspana. También conocido como La Familia Tabasqueña y como Cártel Tabasco Nueva Generación. ¿Su lema? ¡PURA GENTE DEL SEÑOR MENSO!,6493
T08_P2,8,4,Twitter::MConurbasic,Twitter,2025-09-04T02:20:16Z,"""Había muchísima gente. Había más de 8.000 personas. El peronismo me chupa el orto. El peronismo eran los 25 monos sin dientes tirando piedras"" Con ustedes TRONCO, candidato a diputado nacional. Ojalá cuente votos de la misma forma que cuenta gente en un acto.",5904
T08_P3,8,1,Twitter::Monica_Baiza,Twitter,2024-12-12T18:12:30Z,"Me voy a subir a un avión 🤭🫶🏼 iré a Peten, mi primera vez en avión y mi primera vez en Peten🤭🫶🏼✨️🕯",1047
T08_P3,8,2,YouTube::@aliciamartinezcordero7159,YouTube,2026-01-19T01:22:45Z,"Ÿ LO DEJARON ATERRIZAR, CON Q PERMISO. CUALQUIERA PAIS NO LO PERMITE ?? Y  E. U. LO DERRIBA ANTES DE  Q PISE TIERRA",482
T08_P3,8,3,YouTube::@AndresLopez-jl1vt,YouTube,2026-01-19T01:32:13Z,"👉🏿 al parecer, están fingiendo que traían un desperfecto, pero es pura falsedad.<br><br>Hay que ver si no traen drogas los desgraciados",147
T08_P3,8,4,YouTube::@JuanLopez-dt4qz,YouTube,2026-01-19T02:58:15Z,Por qué se permitió que un avión estadounise entro a México,102
T09_P1,9,1,Twitter::@LaishaWilkins,Twitter,2026-03-30T20:52:12Z,"¿Y a dónde se van en Semana Santa? -A Cancún a revolcarte en sargazo. -A Veracruz a nadar en petróleo. -A Mazatlán a desaparecer en un bar. -En carretera, a cualquier estado, pa ser secuestrado. -A Guerrero, Michoacán o Edomex, para ser asesinado por confusión. Cuéntenme",21797
T09_P1,9,2,Twitter::___tupadre,Twitter,2025-11-03T02:12:59Z,"Lo que pasó en el Palacio de Gobierno en Morelia, Michoacán, exigiendo justicia para Carlos Manzo, debe pasar en Palacio Nacional el 15 de noviembre. Los mexicanos de bien ya estamos hasta la madre del Narcogobierno de Morena. #RENUNCIACLAUDIA #FueClaudia #FueraMorena",15208
T09_P1,9,3,Twitter::@Garcimonero,Twitter,2026-05-04T06:29:45Z,"Hay que hacer el pase de lista de los presuntos narcos de Morena, hay mucho más de 43. 1. López Obrador 2.Rocha Moya 3. Américo Villarreal 4. Ricardo Monreal 5. Adán Augusto López 6. Evelyn Salgado 7. Salgado Macedonio 8. Alfonso Durazo 9. Abelina López 10. Andy 11. Hernán Bermúdez 12. María del Pilar Ávila 13. Diego Rivera 14. Cuauhtemoc Blanco 15. Epigmenio 16. Alfredo Ramírez Bedolla 17. Pedro Haces 18. Alfonso Ro",12250
T09_P1,9,4,Twitter::robichuit,Twitter,2025-04-21T00:05:26Z,Estas líneas de Tom. Mamita. Tan simple. Una sola vez me sentí así. Fue una mierda absoluta.,10906
T09_P2,9,1,Twitter::micachapame,Twitter,2025-06-19T02:24:27Z,"VIVA EL CINISMO, VIVA LA OSCURIDAD, VIVA LA TROLUZNETA, VIVAN LOS VERSUS, VIVA LUZ TITO 🚬 LUZ AL 9009 #GranHermano",7075
T09_P2,9,2,Twitter::violetamg10078,Twitter,2025-07-30T20:17:11Z,"Entiendan Diputados, Diputadas y Senadores y Senadoras, nosotros el pueblo Mexicano 🇲🇽 ya no queremos seguir manteniendo a ZÁNGANOS que no elegimos #FueraPluris NO A LOS PLURIS y apoyamos la iniciativa de nuestra Presidenta Claudia 🇲🇽🇲🇽👍🏻",3235
T09_P2,9,3,Twitter::RoanaBuenavent1,Twitter,2025-01-26T00:11:58Z,SE PUEDE SER TAN IDIOTA Y ESTÚPIDA PARA QUERER QUE NUESTRA PRESIDENTA CALIFICARA DE TERROTISTAS A LOS CÁRTELES DE LA DROGA? PRIMERO NO HAY TERROTISTAS EN MÉXICO. HAY PANDILLAS COMO LAS DENOMINAN EN EU. TEERRORISTAS LOS DE MEDIO ORIENTE. POR CIERTO HILARY CLINTON FORMÓ UNO. .,2796
T09_P2,9,4,Twitter::CMLL_OFICIAL,Twitter,2025-06-19T04:31:35Z,"🌎⌛️ ¡RETO ACEPTADO! 🔥 Tras conquistar el Campeonato Mundial Femenil del CMLL, Mercedes Moné ha aceptado el desafío de La Catalina. Ambas luchadoras se verán las caras en FantasticaMania México. 📍Arena México 🗓️ Viernes 20 de Junio '25 🕣 8:30 p.m. 🎟️ https://www.ticketmaster.com.mx/event/14006150BEDE20DC",2710
T09_P3,9,1,Twitter::enriquemunozFM,Twitter,2025-01-16T17:50:06Z,"Si quieren vacacionar, mejor en México, pide Altagracia Gómez Sierra, titular del consejo empresarial de la presidenta Claudia Sheinbaum. Hoy en redes se exhibe otro intento de asalto a una familia en la carretera Texcoco-Calpulalpan. ¿Así esperan que viajemos por México?",21887
T09_P3,9,2,Twitter::CONAGO_oficial,Twitter,2025-02-02T03:26:12Z,Respaldamos a la Presidenta Claudia Sheinbaum Pardo ante las declaraciones de la Casa Blanca y rechazamos cualquier vínculo entre el Gobierno de México y el narcotráfico. (1/3),8275
T09_P3,9,3,Twitter::wq_radio,Twitter,2025-04-17T21:53:50Z,"#atención | 🇪🇨🇲🇽| La columnista y política mexicana, Mariana Gómez del Campo, arremete contra el gobierno de Claudia Sheinbaum y felicita a los ecuatorianos por el triunfo de @danielnoboaok @marianagc #claudiasheinbaum #danielnoboa #mexico #ecuador @Claudiashein",4776
T09_P3,9,4,Twitter::MaElenaMorera,Twitter,2025-02-22T23:36:47Z,"Miles de migrantes en 🇺🇸 pidiendo apoyo al gobierno de México (desde que Trump amenazó con deportarlos), pero no hubo, ni hay, urgencia para atenderlos. En cambio ¿qué tal la urgencia de @Claudiashein para atender la petición de “El Mayo”? Es mentira que Zambada sea, como ella dice, “un ciudadano cualquiera” Es un criminal, debe miles de vidas, tiene 5 órdenes de aprehensión q Gertz guardaron en el cajón del olvido. ",3542
T10_P1,10,1,Twitter::Mike_Oviedo,Twitter,2025-10-02T19:37:08Z,"Susana Zabaleta y El Burro Van Rankin se suman a Eugenio Derbez y Martha Higareda en su oportunismo para atacar al gobierno de la presidenta @Claudiashein. Presumen que con el PAN había “libertad de expresión”… y hoy, sin censura, suben sus videos. Hipocresía y negocio puro.",10257
T10_P1,10,2,Twitter::sol__despeinada,Twitter,2025-09-30T00:34:49Z,"JM afirmó más de una vez que gente como Robertito son pedófilos. Robertito no dijo nada. JM dijo un día que no odiamos lo suficiente a los periodistas. Robertito no dijo nada. JM dijo un día que los femicidios no existen. Robertito no dijo nada. Este gobierno facilitó todo para que un periodista pierda su calidad de vida trabajando en una marcha. Y no, Robertito no dijo nada. Robertito defiende a los que motivan y al",7655
T10_P1,10,3,Twitter::Monomante71,Twitter,2024-12-17T16:04:47Z,"Se imaginan a esta dupla en algún matinal? Bueno nunca los veremos seguramente porque son periodistas de verdad como Claudia Salas y Pollo Valdivia @tocshowtvmas Porque ya estamos hartos de los Gonzalo Ramírez, Karina Álvarez, Neme, Del Río, Repenning",5275
T10_P1,10,4,Twitter::LAPRIM0NETA,Twitter,2025-05-01T03:15:15Z,🚨 LLEGÓ EL MOMENTO : - BASTA DE ALIANZAS - BASTA DE EXCUSAS - BASTA DE HIPOCRESÍAS Y CAG0NES - LA TATONETA OFICIAL IRÁ POR LA ACOMODADA MANCUSO CON TODO LO QUE TENEMOS: CHIARA AL 9009 CHIARA AL 7020 🇺🇾 #granhermano #GranHermanoAr,4544
T10_P2,10,1,Twitter::EpitafioDeSicil,Twitter,2025-01-18T16:26:17Z,Mamita q te mande a agarrar la pala esta anémica q no laburó un puto día de su vida y q lo único q hizo fue chuparle la pija a algún productor de TN. Q época hermanito,16224
T10_P2,10,2,Twitter::RNacional_News,Twitter,2024-12-24T02:08:53Z,"🟥URGENTE l El presidente de Panamá José Mulino CIERRA totalmente el DARIÉN para no tener más problemas con DONALD TRUMP. 🔥🔄 Todos le corren al nuevo presidente de los Estados Unidos, vuelve el orden a la región y el mundo. ¿Apoyas esta medida?",14448
T10_P2,10,3,Twitter::LuchoNoboaYcaza,Twitter,2025-01-20T17:54:17Z,"Esta es otra prueba que @MoniPalaciosZ solo miente y ataca la dignidad de nuestro presidente, pero bueno esta inepta solo sabe deslizarse en un TUBO por 💵 NO VOTES POR ESTA INÚTIL",2478
T10_P2,10,4,Twitter::MalthusGamba,Twitter,2025-10-30T15:16:54Z,"🚨""TOMEN EN CUENTA ESTO, QUE ES MUY IMPORTANTE"" ""Si no se hubiera cancelado el NAIM en Texcoco, EL DESASTRE POR LAS RECIENTES LLUVIAS, HUBIERA SIDO CINCO VECES MAYOR"" ""La medida que tomó el presidente @lopezobrador_ no fue política"" ""Fue POR SEGURIDAD"" @Claudiashein",1877
T11_P1,11,1,Twitter::eveyhugo96,Twitter,2025-02-22T23:35:22Z,"Por favor únete! Si no lo deseas por favor cero comentarios negativos y groseros! Dios te salve, María, llena eres de gracia, el Señor es contigo, bendita tú eres entre todas las mujeres y bendito es el fruto de tu vientre, Jesús. #OremosporPapaFramcisco",10303
T11_P1,11,2,Twitter::Connie_Gdl,Twitter,2024-12-12T04:35:01Z,"¡Su llegada llenó de alegría, Su llegada llenó de alegría. De luz y armonía, de luz y armonía. De luz y armonía todo el Anáhuac! Viva La #VirgenDeGuadalupe Ella interceda por nosotros! 🙏🙏❤️🌹🌹🤍🫶💚💐🇲🇽",5461
T11_P1,11,3,Twitter::mariacmpfg,Twitter,2025-05-04T18:12:30Z,"FELIZ DÍA DE LA MADRE❤️ Mami gracias por cuidarme, abrazarme y hacerme sonreír todos los días😀 Sigue estando siempre a mi lado y nunca me sueltes de la mano🫶🏻 Gracias por saber hacerme feliz😍 TE QUIERO MUCHO MAMI💞 #sonrisamagica❣️ #noteolvidesdesonreir😊😀 #mimamibonitayyo💞",3963
T11_P1,11,4,Twitter::jantopicecuador,Twitter,2024-11-17T02:42:45Z,¡¡Felicitaciones nenita!! @MaraTopicV Le diste con todo. ¡Que orgullo!! 🇪🇨🇪🇨 #maratopic,3696
T11_P2,11,1,Twitter::Tyche78Tyche,Twitter,2025-03-29T15:56:49Z,"🍿🍿UN EGÓLATRA MEZQUINO! Agradezco me ayuden a compartir, anoche me inspiré y la escribí. Gracias a @julianavasquez por su ayuda en este video👏🏻👏🏻. Esta es por ti mi Medellín.",5898
T11_P2,11,2,Twitter::Tomiconcina,Twitter,2024-12-08T13:48:29Z,"La tristeza de saber que todo lo vivido, probablemente haya llegado a su fin. Gracias, Franco. Gracias, Williams. Fuimos muy felices. 💔🇦🇷",4890
T11_P2,11,3,Twitter::siempretuhija,Twitter,2024-12-12T07:00:25Z,"✨𝑀𝐼 𝑀𝑂𝑅𝐸𝑁𝐼𝑇𝐴 𝐻𝐸𝑅𝑀𝑂𝑆𝐴✨ Tu mi morenita hermosa,Tu mi madre, Tu mi protectora,Tu mi intercesora; Hoy es tu día mi morenita,Mil gracias Por cuidarme,Gracias por darme salud, Gracias por mi familia,Gracias por mis Amigos,Gracias por mi empleo Gracias madre mía",3972
T11_P2,11,4,Twitter::QuinteroCalle,Twitter,2025-05-11T17:53:22Z,Hace 30 años celebro el día de la madre sin la mía. Ella se fue cuando cuando tenía 14 años y mi vida nunca fue la misma. Gracias mamá por ese computador que me cambió la vida. Gracias mamá por acostarme cada noche recordándome que no había imposibles. Gracias Dios por su vida aunque fue corta al lado de la mía. Gracias Dios por darme una esposa y una madre para mis hijas. Feliz día a todas las mamás y a quienes aún ,3135
T11_P3,11,1,Twitter::Cronopio777,Twitter,2025-07-15T14:08:50Z,"Salió de nuestro semillero y a base de garra y buena proyección se hizo un espacio en nuestra época gloriosa. ¡Feliz cumpleaños, Pampa querido!",2013
T11_P3,11,2,Twitter::MeyerFalcon,Twitter,2025-02-15T01:39:58Z,Con nuestra querida @tatclouthier hoy en Monterrey 🤠 Es un ejemplo de congruencia y trabajo para que a México le vaya bien. Todo el éxito siempre 🙌,1903
T11_P3,11,3,Twitter::LindaGalvan,Twitter,2025-01-17T01:30:09Z,Estoy muy contenta porque hoy fue mi primer día en @talparacualtv 😍😍❤️❤️🎬🎬🎥🎥 🎉🎉 Muchas gracias querido @reynaldolopeztv por esta oportunidad tan bonita! ❤️🙏🏻🥰,1417
T11_P3,11,4,Twitter::chacho_lml,Twitter,2025-06-19T03:45:29Z,"Amigos queridos, solamente para agradecer a todos y cada uno quienes mostraron interés y apoyaron mi petición de donadores para mi sobrina en Morelia. Afortunadamente la cosa va mejor. Mil gracias a todos!!!!🙌🏼",1111
T12_P1,12,1,Twitter::Jhonffonseca,Twitter,2025-01-05T19:05:12Z,"Imposible olvidar el día en el que, en plena hegemonía chavista, María Corina Machado se le plantó sola a Chávez en defensa de la propiedad privada. El 10 de enero esta mujer puede cambiarlo todo 🇻🇪",67456
T12_P1,12,2,Twitter::MaElviraSalazar,Twitter,2025-09-04T17:33:14Z,"Diosdado Cabello, ni se te ocurra tocar a María Corina Machado. Estados Unidos y el mundo entero están mirando. Si algo le pasa, tú y tus cómplices no tendrán dónde esconderse y la ira de Dios caerá sobre ti como un trueno.",36519
T12_P1,12,3,Twitter::Jhonffonseca,Twitter,2025-11-02T15:06:39Z,Necesitamos más mujeres patriotas como María Corina Machado y menos narcotraficantes como Claudia Sheinbaum Pardo. ¿Estás de acuerdo? ✋,16571
T12_P1,12,4,Twitter::Jhonffonseca,Twitter,2025-02-03T17:46:58Z,"🚨Quiero hacer un sondeo de cuántas personas seguimos apoyando a María Corina Machado, la 'dama de hierro' Háganmelo saber:",15884
T12_P2,12,1,Twitter::JuampaSantos,Twitter,2025-05-01T14:16:58Z,Alcen la mano los que admiran a estas valientes mujeres 🙋 ♂️🙋 ♂️🙋 ♂️🙋 ♂️🙋 ♂️🙋 ♂️🙋 ♂️🙋 ♂️🙋 ♂️,7014
T12_P2,12,2,Twitter::carlosclavijo22,Twitter,2024-11-19T06:56:34Z,"En un país que dedica miles de horas al mundo del corazón, en el que sabemos el color de los calcetines de Rociito usaba cuando hizo la Comunión, nadie ha perseguido a la periodista con la que comió Mazón. Tampoco ha entrevistado al dueño o los camareros del Ventorro. 🤷 ♂️🤷 ♂️🤷 ♂️",6505
T12_P2,12,3,Twitter::MnicaKlein93276,Twitter,2025-05-15T18:02:34Z,@cynnamongrl_ Tiene que haber un cambio cultural importante. Mira que acá tampoco es el paraíso pero me sorprende el nivel de misoginia qué manejan allá por el norte. Todo es siempre culpa de la mujer,5943
T12_P2,12,4,Twitter::stayalivejksg,Twitter,2025-03-14T01:54:21Z,"LA NUEVA CANCIÓN DE J-HOPE ""MONALISA"" SE VIENE PRONTO Y ES NECESARIO IR AUMENTANDO LAS TENDENCIAS, VAMOS🔥 DEJEN SUS COMENTARIOS 🫵 MONALISA IS COMING J-HOPE IS COMING MONALISA BY JHOPE #jhope #Jhope_MonaLisa",5432
T12_P3,12,1,Twitter::RNacional_News,Twitter,2024-12-24T02:08:53Z,"🟥URGENTE l El presidente de Panamá José Mulino CIERRA totalmente el DARIÉN para no tener más problemas con DONALD TRUMP. 🔥🔄 Todos le corren al nuevo presidente de los Estados Unidos, vuelve el orden a la región y el mundo. ¿Apoyas esta medida?",14448
T12_P3,12,2,Twitter::@DiazCanelB,Twitter,2025-12-17T02:19:12Z,"Nuestro enérgico rechazo al bloqueo naval del gobierno de #EEUU a #Venezuela. Apoyamos firmemente al presidente Nicolás Maduro, a la Revolución Bolivariana y Chavista y a su Unión Popular-Militar. Nuestro total respaldo al comunicado publicado por el Gobierno venezolano.",10026
T12_P3,12,3,Twitter::Carloslopezjone,Twitter,2025-09-18T19:28:03Z,EEUU 🇺🇸 destapa red criminal en Playas de Rosarito controlada por la diputada morenista Hilda Brown y La Mayiza . Thank you Mr Trump . Triste decirlo pero USA 🇺🇸 es quien está poniendo orden en México 🇲🇽 . ¿Y la soberanía? 🤔🤦🏻 ♂️ https://www.infobae.com/mexico/2025/09/18/boardwalk-empire-la-red-criminal-en-playa-de-rosarito-controlada-por-la-diputada-morenista-hilda-brown-y-la-mayiza/,3835
T12_P3,12,4,Twitter::Carloslopezjone,Twitter,2025-10-30T15:14:41Z,México 🇲🇽 viola de manera constante el T-MEC 🇺🇸🇨🇦🇲🇽 . ¿Por eso  @Claudiashein  no se ha reunido con Trump? 🤔 . ¿Por eso le tiene miedo? .,1679
T13_P1,13,1,Twitter::4CNewsMx,Twitter,2024-12-08T18:57:57Z,Tamaulipas | Mujer golpea a empleada dentro de negocio en #Tampico Mujer tira por la borda la lucha de los colectivos feministas al golpear salvajemente a una empleada en Calzado San Pedro en el municipio de Tampico.,6582
T13_P1,13,2,Twitter::acostanaranjo,Twitter,2025-05-03T20:05:08Z,"TAMAULIPAS. Vámonos para Tampico Madero, este domingo tenemos asamblea de Somos MX México a las 10 de la mañana, ahí nos saludamos amigas y amigos. No dejemos de luchar, podemos y tenemos que vencer al autoritarismo en el poder.",3259
T13_P1,13,3,Twitter::acostanaranjo,Twitter,2025-02-17T03:10:54Z,"VÁMONOS PARA NUESTRA TIERRA. Aquí vamos para Nayarit Sonia, la Yali y un servidor, a participar en las asambleas de @SomosMxMexico en San Vicente RosaMorada, el sábado 22 y en Tepic el domingo 23 de febrero. Allá nos saludamos amigas y amigos. Seremos orgullosos fundadores✌️",1482
T13_P1,13,4,Twitter::acostanaranjo,Twitter,2025-04-22T18:44:16Z,Esos de Los Mochis… Nos vemos el domingo 27 de abril 10 de la mañana. Salón Versalles. SOMOS MÉXICO 😎,1360
T13_P2,13,1,Twitter::CodigoRojoofic,Twitter,2025-02-04T23:26:02Z,Esto sólo sucede en #Tamaulipas 🛑 CONTENIDO DE APTO PARA MUÑEQUITOS 🛑,13677
T13_P2,13,2,Twitter::Jackie2theworld,Twitter,2025-09-30T00:18:44Z,"“Hermanos y hermanas de Ciudad Nezahualcóyotl e Iztapalapa no están solos… Yo he estado en Venecia, y sé lo que es estar en una ciudad inundada… Les mando un abrazo de oso, y como dice mi Paps, el pueblo bueno siempre sale adelante, rásquense con sus uñas!!!!”… 😂😂😂😂🤣🤣",8799
T13_P2,13,3,Twitter::MXvsCORRUPCION,Twitter,2025-09-17T21:50:47Z,"🔴 #Entérate El muelle de Tampico usado para el ingreso de huachicol, fue concesionado a un empresario muy cercano a Adán Augusto López. La @API_Tampico entregó la concesión a una empresa constituida en el mismo mes que recibió el permiso. https://contralacorrupcion.mx/empresario-que-impulso-a-adan-augusto-a-la-presidencia-operaba-muelle-de-buques-huachicoleros/",7413
T13_P2,13,4,Twitter::Boca2007AC,Twitter,2025-03-06T01:08:34Z,"Sandra les cantó las 40 a la Tana La Tana ""Si yo tuviera auto me bajo, pero no tengo auto"" 😢 Sandra ""No importa aunque tengas 3 motos...."" 🏍️🛵🏍️ Mi marido se va a laburar en micro todos los días porque yo laburo con la camioneta... Pegue Sandra pegue 🤜👊 #GranHermano",4409
T14_P1,14,1,Twitter::DiloConPerritos,Twitter,2025-04-02T03:40:50Z,"Gomita fue una perrita rescatada en la Ciudad de México que marcó la historia de Panati, una panadería ambulante. Su presencia no solo atrajo clientes, sino que también cambió la vida de Jorge, su dueño, al ayudarlo a superar un padecimiento de toda su vida. 🧵",16326
T14_P1,14,2,Twitter::rascabcho,Twitter,2024-12-11T15:46:23Z,-Beat de rap perfecto✅ -Sin decir Mor✅ -Sin ser un tema bailable en tiktok✅ -Letra perfecta✅ -Sin hablar de drogas✅ -Sin hablar de Armas✅ -Sin promocionar la fornicacion✅ -Promocionando el amor✅ -Sin forzar el acento✅ Himno histórico📕✝️✍️,6912
T14_P1,14,3,Twitter::JuanGrabois,Twitter,2025-01-17T23:05:56Z,"Milagro nueve años presa por construir 9000 viviendas. Un año en prisión por cada mil familias que ayudó. Con enorme solidaridad frente a la injusticia, te digo, flaca, valió la pena. Recordalo todos los días: valió la pena cada ofensa, cada mentira, cada día presa. Como sabés porque lo sufriste, vivir en la calle es como vivir en una cárcel con las puertas abiertas. Vos liberaste a miles. Te quiero.",5599
T14_P1,14,4,Twitter::TIMWrestling,Twitter,2025-02-15T23:24:41Z,"¡Fin de historias de derrotas, fin de historias de segundos lugares! ¡Somos campeones, somos medalla de oro! ¡Por años y años generaciones contarán la historia de de una superheroína chilena, que fue a la tierra de los super héroes legendarios, a la tierra de Batista! ¡Tenemos una super heroína que vale oro!¡Chile es de oro, permítame la licencia: VIVA CHILE MIERDA!” #WWENXT #VengeanceDay",5497
T14_P2,14,1,Twitter::Intdemocratic,Twitter,2024-12-05T16:48:01Z,"➡️ Palabras de Tamia Villavicencio @tamiavillavice1 y Amanda Villavicencio @agentedelcaos33 en nombre de su padre Fernando Villavicencio @VillaFernando_, quien recibe el Premio ""George Washington. Legado a la Libertad y Democracia 2024"" (Póstumo) en la Sesión de Honor ""Premios por la democracia 2024"", organizado por Interamerican Institute for Democracy @intdemocratic. Diciembre 4, 2024. Entrega el premio María Ferna",748
T14_P2,14,2,YouTube::@Team_Proto_0.1,YouTube,2024-11-08T21:09:33Z,"Erick te has ganado nuestros respetos por haber luchado con valor y determinación por el honor de nuestra nacion y por tu feroz coraje para limpiar nuestro hogar de todas esas ratas inmundas eres un ejemplo para todos nuestros demas soldados que buscan asegurar un futuro mejor para nuestra tierra madre tus padres fueron un gran ejemplo que todos los padres deberían ser, educar a sus hijos para que siempre sigan el bu",37
T14_P2,14,3,YouTube::@Mina_0936,YouTube,2025-02-24T02:51:18Z,"Órale asta que ella quiera, hasta que ella lo decida, no pues ten cuidado con la educación que le están dando, lo que ahora te párese sencillo  y fácil de manejar porque es una niña ya te veré en su desarrollo, ustedes son los padres son los que se supone la deben de educar y enseñarle los límites, ustedes son los que deciden no ella, están creando un humano caprichoso y voluntarioso, a ver te hago una pregunta y cua",26
T14_P2,14,4,YouTube::@xanderZY,YouTube,2025-12-21T17:50:50Z,"Lo peor que podes hacer es dejar a tus padres en un asilo, es como si ellos te hubieran dejado encargado en una casa hogar hasta los 18",20
T15_P1,15,1,Twitter::BisouCaramel_,Twitter,2025-05-02T13:02:34Z,"¡Que nervios!, ya quiero ver el informe del FOBAPROA👇 Arturo Zaldivar, Abogado Fobaproa. Patricia Armendáriz, funcionaria del Fobaproa. Altagracia Gómez, junto con 8 miembros de su familia, beneficiados del Fobaproa. Alfonso Durazo, Coordinador de campaña Esteban Moctezuma Barragán, Secretario de Desarrollo Social, Educación y Gobernación. Ignacio Mier, Presento y promovió la iniciativa. Juan Ramón De La Fuente, Secr",11662
T15_P1,15,2,Twitter::OHarfuch,Twitter,2025-11-10T14:12:51Z,"En un operativo conjunto en Tabasco, autoridades federales y del estado, detuvieron a 20 personas relacionadas con un grupo delictivo, entre ellas Jorge Armando “N”, alias “El Toto”, identificado como líder de esta célula criminal, así como cuatro policías municipales. Jorge Armando “N” está vinculado con una agresión en Macuspana, donde dos mujeres perdieron la vida y otros hechos delictivos. Se aseguraron 17 armas ",5008
T15_P1,15,3,Twitter::Tj_Toro9,Twitter,2025-03-09T16:16:25Z,Tomás Vodanovic: Cuando eres una autoridad y veí que ahí se cometen no solo irregularidades como delitos graves es tu deber como autoridad poner esa información a disposición de la justicia. Si yo no denuncio un delito me hago complice de ese delito. #LaDivinaComidaCHV.,3139
T15_P1,15,4,Twitter::GiovannaFSalem,Twitter,2025-11-10T19:35:47Z,"Activistas, movimientos y organizaciones seguimos luchando con la señora Gloria de la tercera edad, a la que el @AccionNacional, @mauriciotabe con su cartel inmobiliario, despojaron de su vivienda y los tipos con armas siguen dentro de la propiedad. Tabe les manda comida con la policía “blindar MH”. La señora en una carpa resistiendo. Hago un llamado nuevamente para que saquen a esos matones y se haga justicia. Ya ba",2864
T15_P2,15,1,Twitter::___tupadre,Twitter,2025-11-03T02:12:59Z,"Lo que pasó en el Palacio de Gobierno en Morelia, Michoacán, exigiendo justicia para Carlos Manzo, debe pasar en Palacio Nacional el 15 de noviembre. Los mexicanos de bien ya estamos hasta la madre del Narcogobierno de Morena. #RENUNCIACLAUDIA #FueClaudia #FueraMorena",15208
T15_P2,15,2,Twitter::XochitlGalvez,Twitter,2025-04-09T19:11:52Z,No podemos ser víctimas cada mes de la extorsión del Presidente Trump. Urge una revisión del TMEC de manera integral. #HablemosConLaVerdad,1567
T15_P2,15,3,Twitter::lamusitapg,Twitter,2025-09-30T16:33:16Z,La SRA. SANDRA LUZ LAGUNA RIBERA es la que MANDABA (secretaria adjunta) en la @SEMAR_mx cuando su EX ESPOSO era Secretario de Marina. Es la tía de los HUACHICOLEROS MARINOS vicealmirante Manuel Roberto Farías Laguna y el contralmirante Fernando Farías Laguna.,1370
T15_P2,15,4,Twitter::DanielGranjaEc,Twitter,2024-12-08T14:31:03Z,"Ya que Daniel Noboa viajó a Estados Unidos, ¿será que sus panas le ayudan a capturar a los narco generales denunciados por el exembajador Michael Fitzpatrick? ¿Qué será de la vida de un excomandante de la Policía Nacional que movió más de $2 millones en sus cuentas sin poder justificarlo, según la propia Contraloría General del Estado? ¿Qué será de la vida de una ""madrina"", mano derecha de María Paula Romo, que se ne",988
T16_P1,16,1,Twitter::ElQueLosDELATA,Twitter,2025-02-15T05:27:30Z,"Así, de chiquita, sumercé abrazaba a Pablo Escobar cuando iban a la Hacienda Napoles con su papá, el putrido narco Frank Holguin, a visitarlo. ¿Si lo recuerda? Le cuento que mi ya me lo han contado todito del chamiso familiar en el que nació, honorable senadora.",6290
T16_P1,16,2,Twitter::monica_samudio,Twitter,2025-01-26T08:54:31Z,"@petrogustavo Unámonos mexicanos, centroamericanos, colombianos, venezolanos… para que nuestros compatriotas migrantes sean tratados en dignidad y respeto. La migración no es un problema delictivo. Es una situación mundial que requiere un plan desde el entendimiento de su origen.",5206
T16_P1,16,3,Twitter::Claudiashein,Twitter,2025-09-18T16:14:43Z,"Manuela Garín Pinillos es una de las pioneras de las matemáticas en México durante el siglo XX. Desarrolló importantes modelos para comprender y predecir el comportamiento del campo magnético de la Tierra. Fue una luchadora social; estuvo comprometida con la promoción y enseñanza de las matemáticas. En los años 70 colaboró en planes de estudio y escribió libros de texto, convencida de que esta materia también es un c",5001
T16_P1,16,4,Twitter::SolarPowerade1,Twitter,2025-09-03T16:15:44Z,"Lady Gaga nacida en Xochimilco, Rosalía nacida en Naucalpan, Addison Rae nacida en Zapopan, PinkPantheress nacida en San Nicolas de los Garza, todos quieren el té que México tiene",4088
T16_P2,16,1,Twitter::@DerechaDiarioMX,Twitter,2026-01-23T16:54:05Z,"| OTRA MORENISTA MULTIMILLONARIA: La alcaldesa Geraldine Ponce se compró una casa valorada en más de 32 millones de pesos en el fraccionamiento Arboledas de Tepic en mayo del 2025 pese a ganar 620 mil pesos anuales, informó el medio La Nota de Tepic.",24454
T16_P2,16,2,Twitter::MXvsCORRUPCION,Twitter,2025-09-17T21:50:47Z,"🔴 #Entérate El muelle de Tampico usado para el ingreso de huachicol, fue concesionado a un empresario muy cercano a Adán Augusto López. La @API_Tampico entregó la concesión a una empresa constituida en el mismo mes que recibió el permiso. https://contralacorrupcion.mx/empresario-que-impulso-a-adan-augusto-a-la-presidencia-operaba-muelle-de-buques-huachicoleros/",7413
T16_P2,16,3,Twitter::LauraCVargas96,Twitter,2025-04-15T00:40:53Z,"Millones de litros de agua usan las fábricas ubicadas en Tocancipá para la producción de Pony Malta, Frutiño y Coca-Cola, entre otras marcas muy conocidas. Mientras tanto, en varias zonas de este municipio los habitantes sufren por el desabastecimiento de agua potable. Este reportaje de @VoragineCo revela cómo allí se han priorizado las concesiones de explotación de agua para grandes empresas, por encima de las neces",7003
T16_P2,16,4,Twitter::Tio_Melipasss,Twitter,2025-04-21T00:33:16Z,"El ""economista"" que ""perdió"" US 5.000 millones de todos nosotros le entrega su apoyo a la que ""perdió"" 21.000 millones de pesos de la comuna de Stgo. Buena la dupla",5396
T16_P3,16,1,Twitter::CataVelascoK,Twitter,2024-12-09T02:10:22Z,"La Sra Juanita se levanta todos los días a las 5 am para ir a su trabajo, mientras la Diputada Orsini se ausenta del Congreso con extensas licencias médicas, que le permiten viajar a Canadá y Panama 👌👏🏻👏🏻 “todo con nuestros impuestos” #PrimerPlanoCHV",7258
T16_P3,16,2,Twitter::cielo_rusinque,Twitter,2025-03-29T21:51:24Z,"Por instrucción de los mandatarios de Colombia y Panamá @petrogustavo y @JoseRaulMulino estuvimos reunidos con el Ministro de Comercio @moltojulio de Panamá. En un diálogo abierto y constructivo, definimos el programa de acción que nos permita ampliar y diversificar nuestros intercambios económicos así como reactivar la Comisión de vecindad, dispositivo que promueve el desarrollo y la cooperación entre ambos países. ",1551
T16_P3,16,3,Twitter::Monikim,Twitter,2025-11-10T16:31:50Z,"Él nunca les mintió a ustedes, él siempre mostró su verdadera cara. Así mismo trataba a los periodistas desde antes, nunca quiso ir a ningún debate. Hoy no se sorprendan, él siempre fue así y aún así ustedes le dieron su voto. Disfruten las consecuencias de su voto. 😁👏",1440
T16_P3,16,4,Twitter::RoninShaolin,Twitter,2025-05-04T16:47:37Z,"La vulgaridad, falsedad, estupidez e insensatez que caracteriza a los morenarcos son encarnados por esta descerebrada que presume ser novia del corrupto López Beltrán. ¿En qué momento permitieron los mexicanos que esta pinche pelusa social los gobernara?",979
T17_P1,17,1,Twitter::CerebrosG,Twitter,2025-01-18T05:39:18Z,"¡¡¡DAMAS Y CABALLEROS, ESTO ES MÉXICO!!! Primer acto: Una persona compra un automóvil MG y le sale defectuoso. Segundo acto: Por meses intenta hablar con la agencia de vehículos para que le den una solución pero no la ayudan en absolutamente nada. Tercer acto: La mujer cansada de todo esto hace una huelga y se para en las afueras del establecimiento para que la escuchen. Cuarto acto: Se hace noticia nacional. Quinto ",75072
T17_P1,17,2,Twitter::mauroszeta,Twitter,2025-07-29T15:20:06Z,"🚨 ASÍ FUE EL CHOQUE DE UN BARCO CON UN VELERO QUE CAUSÓ LA MUERTE DE LA NIETA DE CRIS MORENA Y GUSTAVO YANKELEVICH - Fue en Miami - Hay dos víctimas fatales. - Una de ella es Mila, de 7 años, hija de Tomás Yankelevich. - Hay otros 2 heridos graves - Noticia en desarrollo...",7645
T17_P1,17,3,Twitter::Tio_Melipasss,Twitter,2025-04-21T00:33:16Z,"El ""economista"" que ""perdió"" US 5.000 millones de todos nosotros le entrega su apoyo a la que ""perdió"" 21.000 millones de pesos de la comuna de Stgo. Buena la dupla",5396
T17_P1,17,4,Twitter::petrogustavo,Twitter,2025-06-11T04:07:34Z,"Ofensiva del EMC, deja víctimas, civiles y de la fuerza pública, conmemoran la muerte en combate de uno de sus líderes, alias Mayimbú, precisamente el que inició el paso hacia el traquetismo. Van 5 civiles muertos y 2 miembros de la policía. Ivan Mordisco se ha aliado hace más de una año a la junta del narcotráfico, al igual que el Clan del Golfo. La junta del narcotráfico ha ordenado mi muerte. Una hipótesis que cob",4335
T17_P2,17,1,Twitter::InesMChapman,Twitter,2025-07-27T02:10:56Z,"Palabras de @MMarreroCruz estremecieron la plaza en el Acto Central en Ciego de Ávila, el 26 de julio de 2025. ¡Seguiremos adelante con optimismo, con confianza y con unidad, porque el Moncada nos enseñó a convertir los reveses en victorias!",1656
T17_P2,17,2,Twitter::SivarNewsSV,Twitter,2025-06-18T20:00:36Z,"🔴 MICROBÚS BLOQUEA LA PANAMERICANA EN PLENO TRÁFICO POR IMPRUDENCIA Gracias al sistema de videovigilancia de Santa Tecla, se registró un acto de imprudencia vial sobre la carretera Panamericana, donde el conductor de un microbús atravesó la unidad en plena vía, deteniendo por completo el flujo vehicular. Las autoridades hacen un llamado al respeto de las normas de tránsito y a mantener una convivencia vial responsabl",1216
T17_P2,17,3,Twitter::InesMChapman,Twitter,2025-04-08T13:05:19Z,Tres oros y cuatro de bronce para el taekwondo cubano en México #CubaInspira http://www.granma.cu/deportes/2025-04-08/tres-oros-y-cuatro-de-bronce-para-el-taekwondo-cubano-en-mexico-08-04-2025-00-04-28 Via @Granma_Digital,1196
T17_P2,17,4,Twitter::isanseba,Twitter,2025-03-29T07:41:24Z,"Trata de intimidar a sus colegas, a ver si consigue rebajarlos a su altura y que se ensucien el ropón como él. Les echa un pulso en el que se dirime el futuro de la democracia… Isabel San Sebastián: Pumpido, del polvo al fango https://www.abc.es/opinion/isabel-san-sebastian-pumpido-polvo-fango-20250329122920-nt.html#vca=compartirrrss&vso=abc&vmc=rrss&vli=fixed-twitter vía @abc_es",970
T18_P1,18,1,Twitter::medicenlajoaqui,Twitter,2025-11-01T01:38:38Z,"Te vi desarmarte de dolor, tocar el fondo más profundo que conociste mientras hacían leña de el árbol caído y mantener la dulzura intacta. Fue difícil para mí y casi imposible lograr desenvolverme en esta canción sin tener sensible el corazón, ganitas de llorar y un orgullo inmenso. Nunca me va a alcanzar la gratitud por el bien que trajiste a mi vida. Te amo Martina ❤️🥹",71492
T18_P1,18,2,Twitter::medicenlajoaqui,Twitter,2025-11-01T20:43:48Z,"Lucas, no sabes lo que valoro que me hayas prestado tanta atención, el abrazo que es para mí este tw. Te juro que tenía pánico, porque solo bailo hace un año y medio y se muy bien el nivel de baile que maneja tini y el elenco de talentosos que están con ella. Pero nada era tan importante como que todo salga como ella lo soñó. 🥹",30947
T18_P1,18,3,Twitter::Guillogo_,Twitter,2024-12-08T21:38:29Z,"Debería estar celebrando el cumpleaños de mi mamá, Patricia Roisinblit. La dictadura la secuestró el 6/10/78, embarazada de mí. Me dio la vida y, por 3 días, todo su amor. Luego me la arrebataron. Su ausencia duele cada día. Feliz cumple, mamá. Que mi amor te alcance donde estés",22724
T18_P1,18,4,Twitter::@slpnoticias,Twitter,2026-02-15T18:11:16Z,"REPORTAN LA DESAPARICION DE TODOS LOS PASAJEROS Y CHOFER DE UN AUTOBÚS EN VALLES #CdValles #SLP SOLO ENCUENTRAN PERTENENCIAS AL INTERIOR Está noche trascendió que en la carretera Valles -El Mante, se encontraba un autobús de la línea vencedor abandonado, con el motor",16629
T18_P2,18,1,Twitter::EnsedeCiencia,Twitter,2025-11-02T13:51:40Z,"En los bosques de Michoacán, Homero protegió los santuarios de la mariposa monarca cuando muchos preferían mirar hacia otro lado. Defendió la tierra con dignidad, sin violencia, solo con amor y valentía. Un día desapareció… y después fue encontrado sin vida. Desde entonces, su partida quedó envuelta en silencio, corrupción y preguntas que nadie ha respondido a casi 5 años de su muerte.",44096
T18_P2,18,2,Twitter::ivanfamil,Twitter,2024-11-30T09:33:57Z,"Cuando en 1629 los franciscanos llegaron por primera vez a Nuevo México, descubrieron que los indígenas ya habían sido visitados por una enigmática mujer a la que llamaban la Dama Azul, una soriana que cruzó el Atlántico más de 500 veces para predicar. Tira del hilo 🧵👇🏽👇🏽👇🏽",9202
T18_P2,18,3,Twitter::EnsedeCiencia,Twitter,2025-11-01T05:45:46Z,"💪🏼ORGULLO MEXICANO 🇲🇽 El Virus del Papiloma Humano es una enfermedad sumamente contagiosa. Existen más de 200 tipos de este, aunque no todos son peligrosos. En promedio, cualquier persona que haya iniciado su vida sexual se contagiará de un tipo de VPH en algún momento de su vida. Eva Ramón Gallegos es una científica originaria de San Juan Bautista Tuxtepec, Oaxaca. Y ha hecho historia al ser la primera en erradicar ",9053
T18_P2,18,4,Twitter::OSWALDORIOSM,Twitter,2025-02-05T16:33:21Z,Ella es una mujer valiente que no ha tenido miedo para cumplir con su deber. Ella es la primera mujer en llegar a ese honroso cargo. Ella ha defendido la Constitución por encima de todo. POR SUPUESTO QUE NOS REFERIMOS A LA MINISTRA NORMA PIÑA.👩🏼 ⚖️ ¡RT SI ESTÁS DE ACUERDO! 🔄,7486
T19_P1,19,1,Twitter::zorrotapatio,Twitter,2025-03-15T04:28:09Z,"🚨 Hoy, Malinali Gálvez, hermana de @XochitlGalvez, ha sido condenada a 89 años de prisión. ¿El delito? Secuestro, tortura y complicidad con Los Tolmex, una de las bandas más sádicas de México. Abro hilo 🧵 con todos los detalles 👇",39657
T19_P1,19,2,Twitter::Guillogo_,Twitter,2024-12-08T21:38:29Z,"Debería estar celebrando el cumpleaños de mi mamá, Patricia Roisinblit. La dictadura la secuestró el 6/10/78, embarazada de mí. Me dio la vida y, por 3 días, todo su amor. Luego me la arrebataron. Su ausencia duele cada día. Feliz cumple, mamá. Que mi amor te alcance donde estés",22724
T19_P1,19,3,Twitter::BisouCaramel_,Twitter,2025-05-02T13:02:34Z,"¡Que nervios!, ya quiero ver el informe del FOBAPROA👇 Arturo Zaldivar, Abogado Fobaproa. Patricia Armendáriz, funcionaria del Fobaproa. Altagracia Gómez, junto con 8 miembros de su familia, beneficiados del Fobaproa. Alfonso Durazo, Coordinador de campaña Esteban Moctezuma Barragán, Secretario de Desarrollo Social, Educación y Gobernación. Ignacio Mier, Presento y promovió la iniciativa. Juan Ramón De La Fuente, Secr",11662
T19_P1,19,4,Twitter::sol__despeinada,Twitter,2025-09-30T00:34:49Z,"JM afirmó más de una vez que gente como Robertito son pedófilos. Robertito no dijo nada. JM dijo un día que no odiamos lo suficiente a los periodistas. Robertito no dijo nada. JM dijo un día que los femicidios no existen. Robertito no dijo nada. Este gobierno facilitó todo para que un periodista pierda su calidad de vida trabajando en una marcha. Y no, Robertito no dijo nada. Robertito defiende a los que motivan y al",7655
T19_P2,19,1,Twitter::JTrianaT,Twitter,2025-07-30T13:32:29Z,"El ""zar anticorrupción"" de Aduanas, Alex Tonatiuh Márquez, está acusado de huachicol fiscal. Vive escoltado en Polanco y presume relojes de lujo de 8 mdp. Lo puso en el cargo Rafael Marín Mollinedo, titular de Aduanas… y primo de Nico, el chofer de @lopezobrador_. Unas ratas.",8205
T19_P2,19,2,Twitter::ElAmaDeCasa1,Twitter,2025-10-02T00:04:17Z,Aquí aparece el documento que López recibió de las manos de Cabeza de Vaca denunciando el huachicol que pasaba de EUA a Tamaulipas. Esto fue en 2020. López estaba enterado y no hizo NADA. López está metido hasta el cuello. https://youtu.be/PfXz5RsjNyM?si=NcH3e2bY-Hn8XsRF,4603
T19_P2,19,3,Twitter::JTrianaT,Twitter,2025-03-09T17:39:07Z,".@Claudiashein convocando al Zócalo a Rocha Moya, Américo Villarreal, Alfonso Durazo, Salgado Macedonio, Cuauhtémoc Blanco, Ramírez Bedolla y a los abogados del ""Mayo"" Zambada para demostrarle a EE.UU. su firme compromiso con el combate al narcotráfico. #NarcoFest",3405
T19_P2,19,4,Twitter::GildoGarzaMx,Twitter,2024-12-05T18:44:27Z,"#Desliz Entre huachicoleros te veas... En junio de 2020, la Fiscalía General de Texas destapó una investigación que señalaba a los hermanos Carmona Angulo, proveedores clave de la administración pública en Tamaulipas. Estos personajes no solo habían sido parte del gobierno durante el sexenio panista, sino que su ascenso se facilitó gracias a las conexiones del cuñado incómodo, José Ramón Gómez Leal (dos veces procesa",3001
T20_P1,20,1,Twitter::JackDeLaConcha,Twitter,2025-04-10T16:04:12Z,"Hoy me subí a Transmilenio y esta señora estaba ocupando tres puestos, no le importó que de pie estuviera una señora embarazada, un señor de 80 años y un veterano de la guerra sin una piernita. RT para darla a conocer.",7730
T20_P1,20,2,Twitter::Rincon001A,Twitter,2024-12-18T22:49:30Z,"Atención 🇨🇴 Vicky Dávila acaba de hacer el trino del mes ""Si yo estuviera en Semana la volvería a tumbar de su cargo. Ahora estoy dedicada a que gente como usted nunca vuelva a ser gobierno"" Tremenda mujer ! Bravoooo Vicky",7682
T20_P1,20,3,Twitter::GuimonacoOk,Twitter,2024-11-29T18:46:00Z,"Me enteré de que hay gente en nuestro país que, imitando la costumbre de EEUU, celebra el Día de Acción de Gracias La diferencia es que en EEUU el pavo está sobre la mesa y acá los pavos se sientan al rededor",7001
T20_P1,20,4,Twitter::Diariodenarco,Twitter,2024-12-10T16:30:00Z,"""Ni todas las mujeres son buenas, ni todos los hombres son malos"", En Morelia, Michoacán, Angelica Arroyo Arellano, engaño a su novio Pablo, con Max, un Sicario, la mujer fingió su secuestro, cito a Pablo y Max lo ejecuto, la mujer huyo y Max esta siendo protegido por la Fiscalía +visto2024 NOTA EN EL ENLACE: https://www.narcoenmexico.com/2024/04/en-morelia-michoacan-angelica-engano-su.html",6671
T20_P2,20,1,Twitter::Vanesa28T,Twitter,2025-01-25T02:09:22Z,"Robertito diciéndole ""luciano"" a luciana a propósito y ""mosquita muerta"" a luz, que lindo el conductor estoy segura que si a él le dicen chupa PIJ4 se ofende #GranHermano",9712
T20_P2,20,2,Twitter::micachapame,Twitter,2025-04-01T02:59:46Z,"la única mujer con CUATRO versus que se las bancó SOLITA, contra la censura, misoginia y racismo y toda la producción metiéndole mierda TODOS LOS DÍAS EL FANDOM DE PVTA MADRE QUE TENES LUZ TITO 🛐 #GranHermano",7378
T20_P2,20,3,Twitter::micachapame,Twitter,2025-06-19T02:24:27Z,"VIVA EL CINISMO, VIVA LA OSCURIDAD, VIVA LA TROLUZNETA, VIVAN LOS VERSUS, VIVA LUZ TITO 🚬 LUZ AL 9009 #GranHermano",7075
T20_P2,20,4,Twitter::micachapame,Twitter,2025-05-23T01:27:19Z,"tana: aprendé a quererte insegura eugenia: mirá como tira golpes bajos la ESTÚPIDA tana: te falta amor, tomás y haces mamarrachos LA ACOGOTADA DEVORÓ, AYER EUGENIA LE TIRÓ DEL NOVIO Y QUE NO TENÍA AMIGOS A LUZ Y AHORA LLORA GOLPES BAJOS JAJAJJJSJJS LUZ AL 9009 #GranHermano",6942
T21_P1,21,1,Twitter::@Garcimonero,Twitter,2026-05-04T06:29:45Z,"Hay que hacer el pase de lista de los presuntos narcos de Morena, hay mucho más de 43. 1. López Obrador 2.Rocha Moya 3. Américo Villarreal 4. Ricardo Monreal 5. Adán Augusto López 6. Evelyn Salgado 7. Salgado Macedonio 8. Alfonso Durazo 9. Abelina López 10. Andy 11. Hernán Bermúdez 12. María del Pilar Ávila 13. Diego Rivera 14. Cuauhtemoc Blanco 15. Epigmenio 16. Alfredo Ramírez Bedolla 17. Pedro Haces 18. Alfonso Ro",12250
T21_P1,21,2,Twitter::brozoxmiswebs,Twitter,2025-04-25T15:48:37Z,"Mis chamacas y chamacos. En lo que la móndriga censura se impone, se pospone o se descompone, ya tenemos el #TeneBrozo para hoy en la noche, a las 20:00 por @latinus_us Órale!",6068
T21_P1,21,3,Twitter::brozoxmiswebs,Twitter,2024-11-01T15:43:53Z,"Mis chamacas inimpugnables. Mis chamacos sobreseídos. Hemos aprobado un transitorio quinto que permite al respetable y al payaso, chacotear un rato con el #TeneBrozo de esta noche. Será a las 20:00 por @latinus_us . Sólo por hoy… Órale!",5241
T21_P1,21,4,Twitter::DavidVargasA18,Twitter,2025-11-02T17:19:47Z,"Felipe Calderón y el narcotráfico en Michoacán: “La única que negoció con nosotros fué la hermana del presidente Calderón, y es Luisa María Calderón “La Cocoa” del PAN. Querían negociar otros, pero les dijimos que no”. La Tuta: Familia Michoacana. RT👇",5233
T21_P2,21,1,Twitter::NandoBastias,Twitter,2025-02-16T20:14:15Z,"Mónica Palencia se promovió como una supuesta ""abogada"" y ""defensora de Derechos Humanos"", y no fue más que un peón de Noboa para imponer una política de miedo y negligencia en materia de seguridad Como profesional, servidora pública y ciudadana, dejó en vergüenza al Ecuador 🧵",1797
T21_P2,21,2,Twitter::ElInformante_1,Twitter,2025-02-16T07:06:55Z,"🔴 𝗘𝗡𝗦𝗨𝗖𝗜𝗔𝗡 𝗙𝗜𝗘𝗦𝗧𝗔 𝗗𝗘𝗠𝗢𝗖𝗥𝗔́𝗧𝗜𝗖𝗔 ▶️ Cuando asume un Parlamento debe ser una fiesta democrática. Sin embargo, en las barras había dos TUPAMAROS ASESINOS, Lucía Topolansky y José Mujica, violadores de los Derechos Humanos que siguen impunes. Dan asco.",321
T21_P2,21,3,Twitter::lahoragt,Twitter,2025-05-02T17:21:58Z,"#AhoraLH | Rosalina Tuyuc, integrante de Conavigua y activista de derechos humanos, se manifiesta respecto a la ""persecución del sistema de justicia"" contra Luis Pacheco y Héctor Chaclán. 📹✍️: Daniel Ramírez/LH",307
T21_P2,21,4,YouTube::@Faulteus,YouTube,2025-06-06T21:00:22Z,"Derechos humanos jajajajajajajaja a la verga sus derechos. Esas escorias no merecen derechos humanos, pues han abandonado su humanidad.",3
T22_P1,22,1,Twitter::GNocturnaMX,Twitter,2025-10-02T22:07:25Z,"#EnLaMiraGN La cámara de seguridad de un establecimiento de postres ubicado sobre la calle Libertad entre Atenas y Bruselas, en la colonia Moderna, captó el momento en el que un grupo de jóvenes llegan al lugar y tras pedir sus bebidas una de ellas, la cual viste blusa clara y pantalón tinto se percata de que hay un celular 16 pro, por lo que sin pensarlo dos veces, lo toma y lo guarda entre sus pertenencias tras rec",2221
T22_P1,22,2,Twitter::JaliscoRojo,Twitter,2024-12-06T23:24:32Z,"En el cruce de las avenidas Juan Palomar y Arias y Universidad, en la colonia Puerta de Hierro de Zapopan chocó una camioneta Toyota tipo familiar contra un motociclista el cual murió.",1659
T22_P1,22,3,Twitter::carlosmartinh,Twitter,2025-05-27T12:44:58Z,"⚠️ ¡Precaución! Se han detectado motos que provocan el famoso “montachoques” para extorsionar a conductores en calles de la ciudad. 🚨 La modalidad consiste en simular un accidente menor para exigir dinero, intimidar ó algún otro delito. 📍 El último caso reportado fue en calle Keppler, zona de Angelópolis en El Cortijo, #Puebla. 🚗 El automovilista tuvo suerte de que ocurriera frente a su fraccionamiento.",1647
T22_P1,22,4,Twitter::JaliscoRojo,Twitter,2025-02-15T17:22:54Z,"Mónica Hernández (A) “Calvin Klain” es señalada de realizar ventas de artículos vía Facebook, y cuando se citan en un punto en la zona de la colonia Arroyo hondo de Zapopan llegan dos sujetos armados en motos, y aparentemente los asaltan a todos quitándoles el dinero y objetos.",1520
T22_P2,22,1,Twitter::jlopezsaffie,Twitter,2025-04-23T02:58:35Z,"Más fundamentos cuando hablemos de la infraestructura penitenciaria para Chile. Desde el @mop_chile jugamos un rol fundamental en proveer infraestructura para la seguridad pública, dentro de ella, modernas cárceles, con mejores condiciones de reclusión y, sobretodo, mayor seguridad en la gestión carcelaria. Hacemos un llamado a las y los candidatos a enfrentar la discusión sobre la seguridad con visión de Estado, pro",1285
T22_P2,22,2,Twitter::SivarNewsSV,Twitter,2025-06-18T20:00:36Z,"🔴 MICROBÚS BLOQUEA LA PANAMERICANA EN PLENO TRÁFICO POR IMPRUDENCIA Gracias al sistema de videovigilancia de Santa Tecla, se registró un acto de imprudencia vial sobre la carretera Panamericana, donde el conductor de un microbús atravesó la unidad en plena vía, deteniendo por completo el flujo vehicular. Las autoridades hacen un llamado al respeto de las normas de tránsito y a mantener una convivencia vial responsabl",1216
T22_P2,22,3,Twitter::PNCSV,Twitter,2024-12-16T22:17:15Z,"Este homeboy de la MS13 es Julio César Vásquez Servellón, alias Tamba o Crazy. Es uno de los remanentes delincuenciales del distrito de San Marcos, quien trató de huir del cerco de seguridad instalado en dicha zona, pero no pudo escapar de la justicia. Tiene antecedentes desde el año 2008 por robo agravado, desórdenes públicos y resistencia. Buscó ocultar su pertenencia a la pandilla cubriendo los tatuajes que lo del",773
T22_P2,22,4,Twitter::C5_CDMX,Twitter,2025-07-02T23:00:03Z,"🚨🚗💥🛻 ¿TE CHOCARON Y CREES QUE SE TRATA DE UN MONTACHOQUES? ⚠️🗣️ Reporta a quienes se dedican a provocar accidentes vehiculares para obtener recursos económicos o materiales mediante amenazas y/o extorsión 🚫🫵🏻🛑 Si eres víctima o testig@ de esta modalidad, sigue las siguientes recomendaciones de seguridad ⬇️📋🛡️✅ Llámanos al ☎️#911CDMX, o escríbenos por nuestras redes sociales 👩🏻 💻🛜 Meta (Facebook) http://bit.ly/C5CDMX ",722
T23_P1,23,1,Twitter::DANTE_eloficial,Twitter,2025-03-15T17:18:15Z,"¡BAJO TU AMPARO.! Bajo tu amparo nos acogemos, Santa Madre de Dios, no desprecies nuestras súplicas en las necesidades, antes bien líbranos de todo peligro, oh Virgen gloriosa y bendita. Amén. ✨🌹🙏🏼❤️✝️❤️🙏🏼🌹✨",7363
T23_P1,23,2,Twitter::ElQueLosDELATA,Twitter,2025-02-15T05:27:30Z,"Así, de chiquita, sumercé abrazaba a Pablo Escobar cuando iban a la Hacienda Napoles con su papá, el putrido narco Frank Holguin, a visitarlo. ¿Si lo recuerda? Le cuento que mi ya me lo han contado todito del chamiso familiar en el que nació, honorable senadora.",6290
T23_P1,23,3,Twitter::DesdeLaFeMx,Twitter,2024-12-11T13:00:00Z,"Este 11 de diciembre estamos en la Casita de la Morenita del Tepeyac, en la Basílica de Guadalupe. Te invitamos a dejar en este post tus peticiones o agradecimientos. Los pondremos a los pies de Nuestra Reina y Madre. 😇🙏 ¡VIVA LA VIRGEN DE GUADALUPE!",5609
T23_P1,23,4,Twitter::KoolMetafora,Twitter,2024-12-24T07:23:38Z,"Se llama Valentina Gómez, candidata a congresista por Texas propone ejecuciones públicas para los inmigrantes ilegales. Colombiana de extrema derecha, apoya a Uribe y la parapolitica. El q no quiera ver lo q significa la extrema derecha es cómplice",4760
T23_P2,23,1,Twitter::@Garcimonero,Twitter,2026-05-04T06:29:45Z,"Hay que hacer el pase de lista de los presuntos narcos de Morena, hay mucho más de 43. 1. López Obrador 2.Rocha Moya 3. Américo Villarreal 4. Ricardo Monreal 5. Adán Augusto López 6. Evelyn Salgado 7. Salgado Macedonio 8. Alfonso Durazo 9. Abelina López 10. Andy 11. Hernán Bermúdez 12. María del Pilar Ávila 13. Diego Rivera 14. Cuauhtemoc Blanco 15. Epigmenio 16. Alfredo Ramírez Bedolla 17. Pedro Haces 18. Alfonso Ro",12250
T23_P2,23,2,Twitter::_ElenaRios,Twitter,2024-12-09T18:55:50Z,"Hoy se cumplen 5 años y 3 meses desde que me intentaron #MatarConÁcido. Él es Juan Antonio #VeraHernández, conocido como #TonyVera. Las autoridades de #Oaxaca nunca lo han podido aprehender, sigue PRÓFUGO DE LA JUSTICIA. #PorFavor ayúdame a compartir su rostro para encontrarlo. Solo pido #Justicia. Mientras tanto, su padre, Juan Antonio, #VeraCarrizal, Ruben #LoaezaCharrez y Ruvicel #HernándezRíos se encuentran en Pr",3931
T23_P2,23,3,Twitter::MarytaLeon,Twitter,2025-09-27T13:57:12Z,"Pedro Tomás Pacheco Mago recibió ayer en Valencia, estado Carabobo, las dos medallas de bronce que ganó en la fase regional de las Olimpiadas Recreativas de Matemática y Lengua 2025. Pedro Tomás participó por primera vez este año en las competencias que organiza @motoresporlapaz Pedro Tomás asiste a una microescuela comunitaria de las muchas, miles, que el proyecto El Bello Árbol ha identificado, y apoya, en toda Ven",3389
T23_P2,23,4,Twitter::MarculiTime,Twitter,2025-01-18T01:55:57Z,"La Tora diciendo que papucho y Juan Pablo tienen razón en la discusión con Santiago por la comida sin TAC ?????????????? Yo no puedo aceptar que ella piense así, le tienen que haber bajado línea sino no se explica #GranHermano",2360
T24_P1,24,1,Twitter::Orlando71156528,Twitter,2025-07-27T14:35:28Z,"Dos damas de hierro, a las que Colombia les debe su valentía, valor y arrojo, son verdaderas heroínas de la justicia, en el país del cartel de la toga.",10366
T24_P1,24,2,Twitter::EstebanMerchan7,Twitter,2024-12-07T08:10:10Z,"Qué triste es ver cómo alguien que fue un ícono de belleza, profesionalismo y talento se ha convertido hoy en la mascota mediática de un presidente incapaz de gobernar. Un presidente que, cada vez que habla, solo destila odio y acumula tantos escándalos de corrupción que ya ni siquiera podemos contarlos. Es interesante observar cómo, además de actuar como mascota, ahora se ha convertido en un malabarista gramatical, ",5223
T24_P1,24,3,Twitter::FullDemocracia,Twitter,2025-04-21T14:28:35Z,"¡¡Difunde!! Sr. Secretario de Estado @USAGovEspanol @marcorubio e instituciones @USCIS_es y @miFBIHouston : En Ecuador, la asambleísta Mónica Palacios @MoniPalaciosZ de nacionalidad ecuatoriana y estadounidense por naturalización, es una activista política PRO gobiernos antidemocráticos, corruptos y dictadores, como @NicolasMaduro en #Venezuela, Daniel Ortega @PresidenciaNI en #Nicaragua y Díaz-Canel @DiazCanelB en #",4823
T24_P1,24,4,Twitter::AdrianaVeterin,Twitter,2024-12-13T03:39:55Z,"O me nombra hijueputa, o vuela mierda al zarzo porque voy a decir lo que sé. Por esto fue que les tocó nombrar a este depravado como embajador en Tailandia 🤔🤔 Mañana sale Mordisco exigiendo el ministerio de defensa.",4681
T24_P2,24,1,Twitter::PoderCiudadanoo,Twitter,2025-04-08T18:49:03Z,"🔴 ¡INDIGNANTE! MADRE AGREDE A TODOS PARA SALVAR A SU HIJO AGRESOR EN POLANCO 😡🤬 ¡LO QUE ESTÁS A PUNTO DE VER TE VA A HERVIR LA SANGRE! 🚨 Una escena de vergüenza nacional quedó grabada y ya le está dando la vuelta a todo México. En pleno Polanco, una mujer —ya apodada como #LadyPolanco— impidió la detención de su hijo, quien minutos antes había agredido a un adulto mayor y causado lesiones a varias personas. 😱 ¿Lo más",14676
T24_P2,24,2,Twitter::OSWALDORIOSM,Twitter,2025-02-05T16:33:21Z,Ella es una mujer valiente que no ha tenido miedo para cumplir con su deber. Ella es la primera mujer en llegar a ese honroso cargo. Ella ha defendido la Constitución por encima de todo. POR SUPUESTO QUE NOS REFERIMOS A LA MINISTRA NORMA PIÑA.👩🏼 ⚖️ ¡RT SI ESTÁS DE ACUERDO! 🔄,7486
T24_P2,24,3,Twitter::GloriaMonteneg,Twitter,2025-05-22T00:00:36Z,"Hoy me toca partir al llamado de Dios, pero me voy con la esperanza de un Perú mejor, sin corrupción, con valores, pero sobre todo, con leyes y políticas a favor de los más vulnerables. Si queremos cambiar al Perú es necesario involucrarnos, no rehuir a las responsabilidades y ser parte del cambio. Nunca dejen de luchar por sus derechos y cuando la coyuntura lo amerite tengan siempre listas las zapatillas!! Pasar de ",6875
T24_P2,24,4,Twitter::misteropinologo,Twitter,2025-09-01T23:16:05Z,@MONAQUILOMBERA Él tiene todo el derecho de hacer humor con lo que quiera y nosotros todo el derecho de enojarnos. Mas si se mete con Selena.,1666
T25_P1,25,1,Twitter::babstlg_,Twitter,2025-08-03T15:29:10Z,"se fosse uma página séria msm a monica nem estaria dirigindo, pois ela é uma criança 😉",69367
T25_P1,25,2,Twitter::monicatrintin20,Twitter,2025-11-02T17:50:40Z,"Oi gente, sou eu a Monica, a menina da parabólica💗 tô fazendo minha casinha e queria deixar ela bem bonitinha, mas ainda falta mobiliar 🥹 Se quiserem me ajudar a deixar meu cantinho pronto, vou amar demais 💕 https://www.vakinha.com.br/vaquinha/quero-sua-ajuda-pra-mobiliar-minha-casinha?utm_source=google.com Caso queira doar no meu pix: 25665791-fa43-4a74-b3dc-3dc66fd1c72a",66197
T25_P1,25,3,Twitter::rossgellxr,Twitter,2025-03-06T02:00:47Z,a monica que inventou a teoria de que as mulheres ficam mais confortáveis em usar o cabelo natural quando se apaixonam e é recíproco,28787
T25_P1,25,4,Twitter::zzveigha,Twitter,2025-03-29T13:39:51Z,eu deixo vc me bater me enforcar arrancar meus cabelos enfiar uma faca no meu pescoço atirar na minha testa 80 vezes só não faz TRATAMENTO DE SILÊNCIO COMIGO POR FAVOR,25629
T25_P2,25,1,Twitter::Connie_Gdl,Twitter,2024-12-12T04:35:01Z,"¡Su llegada llenó de alegría, Su llegada llenó de alegría. De luz y armonía, de luz y armonía. De luz y armonía todo el Anáhuac! Viva La #VirgenDeGuadalupe Ella interceda por nosotros! 🙏🙏❤️🌹🌹🤍🫶💚💐🇲🇽",5461
T25_P2,25,2,Twitter::Connie_Gdl,Twitter,2025-02-17T02:06:11Z,"#VirgenDeGuadalupe 🩵🙏 Dios te salve, María, llena eres de gracia; El Señor es contigo. Bendita Tú eres entre todas las mujeres y bendito, es el fruto de tu vientre, Jesús. Santa María, madre de Dios, ruega por nosotros, pecadores, ahora y en la hora de nuestra muerte. Amén.",3184
T25_P2,25,3,Twitter::LaTri,Twitter,2024-11-17T16:50:40Z,Tuvimos una visita especial 🫶🏽 La mamá de Gonzalo nos preparó un encocado Aprobado por La Tri ✅🇪🇨,2512
T25_P2,25,4,Twitter::1MarkachorrAmoR,Twitter,2025-04-16T14:01:48Z,Buendiaaa a Todxs.. En Esta Jungla en q Sobrevivimos.. Nos Ponemos Tantos Limites.. Tantos Candaditos.. Y No Nos Atrevemos a ViVir..a Sentir SER..Libres..Y ViviR ese AmoR.. Disfrutar De Ese Viaje Postergado🫂 Musikero Quiero Sentir🔥🎶 ☕️Con Aroma a Mujer💋 Nos Atrevemos? 😉,2338
T26_P1,26,1,Twitter::OMFA_Refugio,Twitter,2025-09-27T18:25:41Z,"Su estado es tremendo, ya está con nosotros Necesitamos ayuda ✨Alias de Mercado Pago: Omfamoreno ✨Alias Banco Nacion: Omfitas ✨PayPal: OrgMiFielAmigo ✔️Cuentas a nombre de Yanina Dalinger",3776
T26_P1,26,2,Twitter::OMFA_Refugio,Twitter,2025-11-10T02:08:04Z,AYUDA ‼️ URGENTE. 🚨 LA ATROPELLARON Y LA DEJARON AHÍ TIRADA Ya está con nosotros necesitamos ayuda para su atención 📍Alias Mercado Pago: Omfamoreno 📍Alias Banco Nacion: Omfitas 📍PayPal: OrgMiFielAmigo 🐶Cuentas a nombre de Yanina Dalinger,2777
T26_P1,26,3,Twitter::christiansanzok,Twitter,2024-12-17T23:12:41Z,"Esta mujer se llama Solana González, es mendocina y se la pasa estafando a través del pago ""fingido"" por Mercado Pago Viralicen...",1891
T26_P1,26,4,Twitter::OMFA_Refugio,Twitter,2025-02-04T18:59:36Z,Nadie nos ayudó con ella. Es una viejita no la dejemos desamparada Ya la fuimos a buscar pero sin ayuda es imposible que se recupere 📍 ALIAS DE MERCADO PAGO: OMFAmoreno 📍PAYPAL: 👇 https://paypal.me/OrgMiFielAmigo?country.x=AR&locale.x=es_XC 📍ALIAS BANCO NACION: OMFITAS,1810
T27_P1,27,1,Twitter::agusantonetti,Twitter,2025-04-02T18:58:20Z,"Acaban de asesinar en México a una de las madres buscadoras de Jalisco. Se trata de Teresa González Murillo, intentaron secuestrarla y, al no conseguirlo, le dispararon en la cabeza. Teresita buscaba a su hermano desaparecido desde septiembre del 2024. Esto es gravísimo.",62099
T27_P1,27,2,Twitter::wanditanara,Twitter,2025-11-10T13:57:07Z,"Nadie me va a enseñar a ser mamá , si hay algo que soy es muy buena cuidando, haciéndome cargo y educando . Mis hijas solo vieron mi canción y estuvieron con amiguitas de su edad en mi camarín donde no se escucha ni se ve nada . A los que quieren instalar mentiras como siempre trabajen de algo más digno que pedir dinero a un papá que hace 13 meses no se hace cargo de sus obligaciones para ensuciar a una mamá que si s",39576
T27_P1,27,3,Twitter::IBetancourtCol,Twitter,2025-01-26T22:52:34Z,"Pero quién voto por este Cantinflas peligroso. Verónica Alcocer debe darle otro taconazo 👠 en la cabeza porque se le acabaron los paseos a Miami. Pero nosotros estamos en mora de hacer lo mismo: el taconazo del 109 de la Constitución, porque se eligió haciendo trampa y acabó al país. A ver cuáles son los politiqueros de turno que le van a aceptar ministerios y contratos. Ya quedaron vetados para hacer negocios o tene",7734
T27_P1,27,4,Twitter::agusantonetti,Twitter,2025-05-23T15:28:42Z,"🇻🇪‼️ | URGENTE: LA DICTADURA VENEZOLANA ACABA DE SECUESTRAR A JUAN PABLO GUANIPA, MANO DERECHA DE MARIA CORINA MACHADO. GRAVÍSIMO.",5857
T27_P2,27,1,Twitter::DeniseMeadeG,Twitter,2025-07-30T00:27:06Z,"El #NarcoPresidenteAMLO quitó al osito Bimbo del pan y al tigre Toño de la Zucaritas, pero entregó el país al crimen organizado... es en serio?",24207
T27_P2,27,2,Twitter::DeniseMeadeG,Twitter,2025-10-28T19:46:28Z,"🚨 ¡LA CORRUPCIÓN DEL MAÍZ TIENE NOMBRE Y APELLIDO! 🚨 Altagracia Gómez: la asesora económica que decide el destino de millones de campesinos desde su escritorio corporativo. Mientras los agricultores bloquean carreteras desesperados, ella protege MINSA —su imperio tortillero— negándose al aumento de precios justos. Sheinbaum elige a su amiga oligarca sobre hambrientos productores. La máscara de Morena: ¡PURA FARSA! 💔🔥",14528
T27_P2,27,3,Twitter::PonchoGutz,Twitter,2025-03-06T00:38:42Z,"Viví en Michoacán en el sexenio de Calderón y sé que cuando sospechas que un político es narco lo último que haces es decirle narco porque amaneces sin lengua. El hecho de que un grupito de irresponsables puedan gritar ""narcopresidenta"" como si fuera cualquier cosa, demuestra que se saben con la libertad que no tendrían en el gobierno de una narcopresidenta. Sus irresponsables berridos son una falta de respeto para l",13591
T27_P2,27,4,Twitter::PonchoGutz,Twitter,2024-12-11T01:42:16Z,Mucha risa y todo pero en algún grupo de WhatsApp hay una tía panista enojadísima compartiendo este video.,9903
T27_P3,27,1,Twitter::IndiraKempis,Twitter,2025-11-02T15:14:28Z,"Ustedes creen que apagaron una voz. Pero Carlos Manzo, quien sabía que estaba arriesgándolo todo por su pueblo, acaba de encender a México. ¡FUERA el narcogobierno!",21124
T27_P3,27,2,Twitter::TeofimoLopez,Twitter,2025-07-02T00:30:40Z,"Estoy escuchando sobre el dinero por mi aparición en Honduras. Esto no es cierto, vengo a expensas de apoyar a mi pueblo de Honduras y crear conciencia sobre toda América Central, y la importancia de ser un campeón mundial para el pueblo. Qué Viva el Indio Lempira 🇭🇳🇲🇽 @radioglobo @radiohousehn @televicentrohn @AztecaDeportes",1426
T27_P3,27,3,Twitter::lorettaortiza,Twitter,2025-09-03T22:57:58Z,"Durante la Ceremonia Tradicional de Purificación del primero de septiembre, recibí el Bastón de Mando, de manos de Juan Gabriel del Ángel, representante del pueblo nahua de Maguey Maguaquite, en Chicontepec, Veracruz. Este símbolo ancestral, tallado en madera y adornado con elementos que evocan las raíces de México, representa poder, confianza y orgullo de los pueblos indígenas. Sus colores recuerdan la diversidad, l",1350
T27_P3,27,4,Twitter::Colina_CTCuba,Twitter,2024-11-20T00:22:55Z,"🇨🇺 A 87 años de su natalicio recordamos hoy a Tania la Guerrillera, la única mujer de la guerrilla del #Che, una joven que con solo 30 años entregó su vida a la causa libertaria de los pueblos de Latinoamérica. #CubaViveEnSuHistoria",802
T28_P1,28,1,Twitter::rossgellxr,Twitter,2025-03-06T02:00:47Z,a monica que inventou a teoria de que as mulheres ficam mais confortáveis em usar o cabelo natural quando se apaixonam e é recíproco,28787
T28_P1,28,2,Twitter::8DiPaula,Twitter,2025-06-20T19:15:21Z,MÔNICA SUPER HEROINA MÔNICA SUPER HEROINA MÔNICA SUPER HEROINA,12111
T28_P1,28,3,Twitter::coppolanos,Twitter,2025-02-22T13:50:55Z,"""Madre mía, Claudia, hija mía. Escúchame: estás buenísima, buenísima, buenísima"" / «La noche que coincidamos será de órdago»",9903
T28_P1,28,4,Twitter::DianaHuerfanita,Twitter,2025-07-31T23:21:57Z,Cocina delicioso Colabora en las pruebas de presupuesto Motiva a las personas Vela por una casa limpia y ordenada Incluye a la gente en la cocina Es divertida Y más… Señoras y señores: Dalílah Polanco!!!! 🤩 #LaCasaDeLosFamososMx #LaCasaDeLosFamososMx3,7268
T28_P2,28,1,Twitter::Frannkitoo_zn,Twitter,2025-09-11T12:25:44Z,"Mientras todos los medios se hacen los ciegos con respecto a todo lo que me están haciendo @tronco me va a ayudar con la visibilidad del tema. Los medios van a esperar a que me pase algo para visibilizar, es una locura. 🚨Todos a bancar el sanduber de hoy!",1707
T28_P2,28,2,Twitter::_javiercardenas,Twitter,2025-04-21T16:05:53Z,"Mónica García, la médica y madre, paga las guardias médicas a 1,05€ la hora. 📲Escucha el programa en http://javiercardenas.com o entra en cualquier plataforma de audio (Spotify, Ivoox, Amazon Music, Apple Podcast, Itunes) para escucharnos y no perderte ninguna de estas noticias que ningún otro medio te cuenta, que otros medios silencian… 🎁Ayúdanos a continuar formando parte de esta gran familia de soñadores entrando ",1532
T28_P2,28,3,Twitter::GRamirezF_D12,Twitter,2025-05-04T00:50:54Z,"Todos los días, a la misma hora, ella lo espera. Baja del tejado y se saludan, después salen a caminar... Han estado haciendo esto durante cinco años y no pertenecen al mismo propietario. Cómo empezó esta amistad, quizá una hermosa historia de amor?... nadie lo sabe.. ✨🐾🕊️❤️",1102
T28_P2,28,4,Twitter::monerohernandez,Twitter,2025-04-14T01:38:37Z,"Durante décadas, el país estuvo en manos de una pandilla de maleantes que tomaron el gobierno como un botín. Ejemplo de ello es lo que hicieron en el Infonavit. En #ChamucoTV hablamos de ello con su director @OctavioRomero_O. 20 horas, por @Canal22:",984
T29_P1,29,1,Twitter::medicenlajoaqui,Twitter,2025-11-01T01:38:38Z,"Te vi desarmarte de dolor, tocar el fondo más profundo que conociste mientras hacían leña de el árbol caído y mantener la dulzura intacta. Fue difícil para mí y casi imposible lograr desenvolverme en esta canción sin tener sensible el corazón, ganitas de llorar y un orgullo inmenso. Nunca me va a alcanzar la gratitud por el bien que trajiste a mi vida. Te amo Martina ❤️🥹",71492
T29_P1,29,2,Twitter::wanditanara,Twitter,2025-11-10T13:57:07Z,"Nadie me va a enseñar a ser mamá , si hay algo que soy es muy buena cuidando, haciéndome cargo y educando . Mis hijas solo vieron mi canción y estuvieron con amiguitas de su edad en mi camarín donde no se escucha ni se ve nada . A los que quieren instalar mentiras como siempre trabajen de algo más digno que pedir dinero a un papá que hace 13 meses no se hace cargo de sus obligaciones para ensuciar a una mamá que si s",39576
T29_P1,29,3,Twitter::medicenlajoaqui,Twitter,2025-11-01T20:43:48Z,"Lucas, no sabes lo que valoro que me hayas prestado tanta atención, el abrazo que es para mí este tw. Te juro que tenía pánico, porque solo bailo hace un año y medio y se muy bien el nivel de baile que maneja tini y el elenco de talentosos que están con ella. Pero nada era tan importante como que todo salga como ella lo soñó. 🥹",30947
T29_P1,29,4,Twitter::Guillogo_,Twitter,2024-12-08T21:38:29Z,"Debería estar celebrando el cumpleaños de mi mamá, Patricia Roisinblit. La dictadura la secuestró el 6/10/78, embarazada de mí. Me dio la vida y, por 3 días, todo su amor. Luego me la arrebataron. Su ausencia duele cada día. Feliz cumple, mamá. Que mi amor te alcance donde estés",22724
T29_P2,29,1,Twitter::DiloConPerritos,Twitter,2025-04-02T03:40:50Z,"Gomita fue una perrita rescatada en la Ciudad de México que marcó la historia de Panati, una panadería ambulante. Su presencia no solo atrajo clientes, sino que también cambió la vida de Jorge, su dueño, al ayudarlo a superar un padecimiento de toda su vida. 🧵",16326
T29_P2,29,2,Twitter::LillyTellez,Twitter,2025-04-02T18:45:50Z,"¡Dios mío! 🙏 Que Descanse en Paz, la Señora Teresa González Murillo. Otra madre buscadora agredida por criminales. Ruego a Dios que se reencuentre con su hijo en el cielo. México llora 😢",12330
T29_P2,29,3,Twitter::_PonchoDeNigris,Twitter,2024-12-18T15:22:24Z,Yo llegando a levantarles el evento y me hacen esto y todavía se hacer victimas !!! Jajajaa @Telemundo hay niveles y MEXICO ESTÁ EN OTRO NIVEL. DEBUT Y DESPEDIDA CON ESTA GENTE. 🇲🇽🇲🇽🇲🇽🇲🇽🇲🇽🇲🇽🇲🇽🇲🇽🇲🇽🇲🇽🇲🇽🇲🇽🇲🇽🇲🇽🇲🇽🇲🇽🇲🇽🇲🇽🇲🇽🇲🇽🇲🇽🇲🇽🇲🇽 todavía la meten a hacerme mierda y como no le salió el tiro pues empieza la campaña de desprestigio. NOS ESPERAMOS A MÉXICO AQUÍ ESTÁ MUY RARO TODO.,10110
T29_P2,29,4,Twitter::cultura_mx,Twitter,2025-02-17T21:04:55Z,"La Secretaría de Cultura del Gobierno de México lamenta el fallecimiento de Yolanda Yvvone Montes Farrington, mejor conocida como “Tongolele”, bailarina, actriz y figura importante en la Época de Oro del cine mexicano. De raíces mexicanas, hizo su debut en el cine en 1947 con la película ""Nocturno de amor"" y compartió escena en más de 20 películas con figuras como Germán Valdés ""Tin Tan"" en ""El rey del barrio"", y tra",6113
T29_P3,29,1,Twitter::Tania_Tagle,Twitter,2024-12-07T23:03:46Z,"Llevo cinco años siendo madrastra, tengo dos hijos más. Todxs somos una sola familia que se extiende por varias casas. No hay otra forma de verlo. ¿Cómo podrías estar con un hombre que no pone a su propia hija antes que a nadie? ¿Cómo te atreves a pedir eso en primer lugar?",14220
T29_P3,29,2,Twitter::JuanGrabois,Twitter,2025-01-17T23:05:56Z,"Milagro nueve años presa por construir 9000 viviendas. Un año en prisión por cada mil familias que ayudó. Con enorme solidaridad frente a la injusticia, te digo, flaca, valió la pena. Recordalo todos los días: valió la pena cada ofensa, cada mentira, cada día presa. Como sabés porque lo sufriste, vivir en la calle es como vivir en una cárcel con las puertas abiertas. Vos liberaste a miles. Te quiero.",5599
T29_P3,29,3,Twitter::_ElenaRios,Twitter,2024-12-09T18:55:50Z,"Hoy se cumplen 5 años y 3 meses desde que me intentaron #MatarConÁcido. Él es Juan Antonio #VeraHernández, conocido como #TonyVera. Las autoridades de #Oaxaca nunca lo han podido aprehender, sigue PRÓFUGO DE LA JUSTICIA. #PorFavor ayúdame a compartir su rostro para encontrarlo. Solo pido #Justicia. Mientras tanto, su padre, Juan Antonio, #VeraCarrizal, Ruben #LoaezaCharrez y Ruvicel #HernándezRíos se encuentran en Pr",3931
T29_P3,29,4,Twitter::raven__darkness,Twitter,2025-09-18T15:59:22Z,"@juan_bados la madre de la nena declaró que su hija tenía un novio de nombre David, ella y él tenían dos tatuajes a juego, se la pudo reconocer únicamente por el tatuaje que ella tenía ya que se lo hizo a los 13 años. Desde hace un año estaba desaparecida, pero en contacto con sus amigos",2855
T30_P1,30,1,Twitter::robichuit,Twitter,2025-04-21T00:05:26Z,Estas líneas de Tom. Mamita. Tan simple. Una sola vez me sentí así. Fue una mierda absoluta.,10906
T30_P1,30,2,Twitter::martinabarkin,Twitter,2025-02-04T22:08:06Z,- no quiero verlo me voy a la playa + por favor montoya - buena venga lo voy a ver contigo venga,10739
T30_P1,30,3,Twitter::DomundiTV,Twitter,2025-05-11T05:02:06Z,“โทมัส” @tthomastc และ “ก้อง” @kongjiro_ พร้อมแล้วสำหรับ mami Sweet Time in Huahin with Thomas-Kong Day 2 ✨️ #MAMIxThomasKonginHuahin,9284
T30_P1,30,4,Twitter::ojocolombia2026,Twitter,2025-09-11T22:33:29Z,🇨🇴 Alguien le puede explicar a Colombia ❓ Porque VERÓNICA ALCOCER puede invadir el carril de Transmilenio con Su escolta de 6 camionetas Toyota. Alguna explicación ❓,7714
T30_P2,30,1,Twitter::eveyhugo96,Twitter,2025-02-22T23:35:22Z,"Por favor únete! Si no lo deseas por favor cero comentarios negativos y groseros! Dios te salve, María, llena eres de gracia, el Señor es contigo, bendita tú eres entre todas las mujeres y bendito es el fruto de tu vientre, Jesús. #OremosporPapaFramcisco",10303
T30_P2,30,2,Twitter::AnniaGomezNL,Twitter,2025-02-02T21:11:53Z,"No, Presidenta, los mexicanos no necesitamos que nos explique qué tiene que hacer el gobierno de EEUU contra sus grupos delictivos allá. Necesitamos que usted nos explique qué hará para defender a México ante esta amenaza de guerra comercial, qué pasa con todos los productores que se verán afectados por esta imposición de aranceles. No necesitamos que nos diga que EEUU tiene que cuidar a sus jóvenes; necesitamos que ",6638
T30_P2,30,3,Twitter::Tyche78Tyche,Twitter,2025-03-29T15:56:49Z,"🍿🍿UN EGÓLATRA MEZQUINO! Agradezco me ayuden a compartir, anoche me inspiré y la escribí. Gracias a @julianavasquez por su ayuda en este video👏🏻👏🏻. Esta es por ti mi Medellín.",5898
T30_P2,30,4,Twitter::chicacarpincho,Twitter,2025-09-27T02:24:12Z,"ay que tikitita que es tu mano, a ver dame tu manito por favor, por favor, quiero comparar, dale moski no seas malooooooo, es que yo tengo la mano grande, TENGO DEDOS LARGOS, la tuya es tikitita NNOOOOooooooooooooooooooooo",4494
T30_P3,30,1,Twitter::Tania_Tagle,Twitter,2024-12-07T23:03:46Z,"Llevo cinco años siendo madrastra, tengo dos hijos más. Todxs somos una sola familia que se extiende por varias casas. No hay otra forma de verlo. ¿Cómo podrías estar con un hombre que no pone a su propia hija antes que a nadie? ¿Cómo te atreves a pedir eso en primer lugar?",14220
T30_P3,30,2,Twitter::eternapancito,Twitter,2024-11-01T23:38:56Z,Sylvia Plath tenía razón Alejandra Pizarnik tenía razón Virginia Woolf tenía razón Alfonsina Storni tenía razón Anne Sexton tenía razón Misuzu Kaneko tenía razón La verdad siempre viene después,12428
T30_P3,30,3,Twitter::MPinobernardo,Twitter,2025-04-14T11:36:01Z,"Nunca habló contenta de su vida de casada y de madre como de su vida de ""miñona"". Para ella el hogar fue mucho más opresivo y explotador que ser sirvienta. Ahora vienes y me dices que la mujer no quiere trabajar, que prefiere estar en casa pariendo y criando... No va a colar.",6858
T30_P3,30,4,Twitter::eternapancito,Twitter,2025-05-26T02:07:04Z,"Haga patria, practique la ternura, escuche atentamente a sus hermanos y hermanas, visite las casas de sus amigos, pida perdón antes que sea tarde, sea obediente a su corazón. Haga patria, reivindique el cariño y tenga esperanza que todo esto será mejor.",5947
T31_P1,31,1,Twitter::nancy_contra,Twitter,2025-09-19T17:17:51Z,"Además de honrar a las víctimas de los sismos de 1985 y 2017, es importante recordar los fraudes periodísticos: en 1985, Televisa inventó a ‘Monchito’, un supuesto niño atrapado en los escombros; en 2017, varios 1/2s crearon a ‘Frida Sofía’ p/ ocultar la inacción del PRI gobierno",3934
T31_P1,31,2,Twitter::MafeCarrascal,Twitter,2025-08-03T19:41:08Z,"Señor @diegomolanovega, yo soy una madre soltera y no dependo de ningún hombre para darle sustento a mi hija, tampoco estoy buscando pareja para garantizarle un futuro. Trabajo fuertemente y bajo muchas barreras y amenazas del sistema, pero lo soy porque quise, y bajo privilegio, sin embrago, la mayoría de las madres solteras lo son forzadas por hombres irresponsables que las abandonan o por el conflicto que les mata",3902
T31_P1,31,3,Facebook::Mónica Villarreal,Facebook,2026-04-02T07:40:54Z,"Damos un paso importante para mejorar nuestros servicios: incorporamos una nueva canastilla de 15 metros que fortalecerá el trabajo en alumbrado público 💡

Con ella iniciamos la modernización en avenidas principales con luminarias de 150 watts, mejorando la visibilidad y seguridad. Las actuales se reubicarán en calles secundarias para optimizar recursos.

También podremos dar mantenimiento a los postes, incluyendo su",3754
T31_P1,31,4,Twitter::rocionahle,Twitter,2024-12-13T02:43:49Z,"Con la puesta en marcha del programa ""Camionetitas de la Salud"", 🚑 vamos a llevar medicamentos a las zonas más necesitadas, recorriendo el estado con 11 rutas de atención prioritaria. #PorAmorAVeracruz, continuamos el proyecto de transformación.❤️",3150
T31_P2,31,1,Twitter::PedroSanchezCol,Twitter,2025-05-03T22:17:55Z,"Golpe quirúrgico al narcotráfico: En #Mosquera, #Nariño inhabilitamos una avioneta, una pista clandestina y un laboratorio al mando de alias Tío, pieza clave en el envío de cocaína a EE. UU. Con esta acción desactivamos su capacidad de operación y rompimos el eslabón logístico que les permitía: •Mover hasta 5 toneladas de droga al mes. •Se Destruyó: 100 kg de base de coca 480 kg de hoja 700 galones de insumos líquido",4074
T31_P2,31,2,Twitter::Incorru47125032,Twitter,2025-11-10T00:58:43Z,"Señores de La Granja, San Joaquín, Ñuñoa, Macul, Providencia y Santiago. Esta doña, aunque pudiendo, nunca hizo nada por ustedes. Cumplan con su deber y no le den el voto a esta mala persona. Chile necesita gente buena para seguir avanzando hacia una sociedad más justa. Fin.",2106
T31_P2,31,3,Twitter::PedroSanchezCol,Twitter,2025-09-01T22:52:47Z,"¡𝐂𝐀𝐄 𝐀𝐋𝐈𝐀𝐒 ‘𝐒𝐓𝐈𝐕𝐄𝐍’, 𝐂𝐀𝐁𝐄𝐂𝐈𝐋𝐋𝐀 𝐀𝐋 𝐒𝐄𝐑𝐕𝐈𝐂𝐈𝐎 𝐃𝐄 𝐀𝐋𝐈𝐀𝐒 ‘𝐌𝐎𝐑𝐃𝐈𝐒𝐂𝐎’ 𝐄𝐍 𝐄𝐋 𝐂𝐀𝐔𝐂𝐀! En una operación ofensiva en la vereda Llano Grande, El Tambo, Cauca, se neutralizó a alias ‘Stiven’, cabecilla de los criminales del grupo armado ‘Carlos Patiño’ al servicio de alias ‘Mordisco’. Con él cae parte de la estructura que pretendía sembrar miedo en la región. Este resultado es fruto de la coordinación de nuestras Fuerzas: @COL_EJE",2035
T31_P2,31,4,Twitter::PedroSanchezCol,Twitter,2025-11-01T01:02:59Z,"𝐄𝐍 𝐓𝐔𝐌𝐀𝐂𝐎 | 𝐃𝐄𝐒𝐓𝐑𝐔𝐈𝐃𝐀𝐒 𝟔,𝟓 𝐓𝐎𝐍𝐄𝐋𝐀𝐃𝐀𝐒 𝐃𝐄 𝐄𝐗𝐏𝐋𝐎𝐒𝐈𝐕𝐎𝐒 En una operación conjunta, nuestras @FuerzasMilCol apoyados con nuestra @PoliciaColombia destruyeron un material de guerra del grupo ilegal Coordinadora Nacional del Ejército Bolivariano (CNEB), que representaba una grave amenaza para las comunidades del Pacífico. La acción, hace parte del acuerdo que adelanta el @ComisionadoPaz con la CNEB, y fue desarrollada en la ",1749
T31_P3,31,1,Twitter::@DiazCanelB,Twitter,2025-12-17T02:19:12Z,"Nuestro enérgico rechazo al bloqueo naval del gobierno de #EEUU a #Venezuela. Apoyamos firmemente al presidente Nicolás Maduro, a la Revolución Bolivariana y Chavista y a su Unión Popular-Militar. Nuestro total respaldo al comunicado publicado por el Gobierno venezolano.",10026
T31_P3,31,2,Twitter::ghitis,Twitter,2025-05-16T21:00:06Z,"¡El Cambio! Una burla resumida en tres actos (pero son muchos más) Primer Acto: Petristas ayer: Hace bien el presidente en sacar a Benedetti y Sarabia del gobierno. Petristas hoy: Hace bien el presidente en tener a Benedetti y Sarabia en el gobierno. --------------------------------------- Segundo Acto: Petristas ayer: Leyva es un gran canciller y defensor de la paz. Petristas hoy: Leyva es un mentiroso, un infiltrad",2965
T31_P3,31,3,Twitter::lamiraecuador,Twitter,2025-04-10T19:48:40Z,"¡LA TENDENCIA ES IRREVERSIBLE! Portales troll financiados por el gobierno, tales como @ElPortalEcu, @UrgenciaEcu @LaNapleEcua y otros más, empezaron a difundir información falsa y sucia tras la confirmación de Jan Tópic de apoyar a @LuisaGonzalezEc",1774
T31_P3,31,4,Twitter::lamiraecuador,Twitter,2025-01-16T01:08:00Z,"¡A COMBATIR LA INSEGURIDAD! @LuisaGonzalezEc, durante una entrevista, expresó su admiración por Jan Tópic, destacó su capacidad para aportar en temas de seguridad y hasta consideró incluirlo en su gobierno como Ministro del Interior o Ministro Coordinador de la Seguridad",1539
T32_P1,32,1,Twitter::marianabtch,Twitter,2025-01-25T08:40:12Z,"¡Buenas buenas! y regresamos con la hermosa Nueva Escuela Mexicana, porque si pensaban que el circo de horrores se había terminado, andan muy equivocados. Sírvase una jarra de ☕️ y hoy si, póngale un chorro de tequila 🍷porque le garantizo que lo va a necesitar",11949
T32_P1,32,2,Twitter::gloriadavila90,Twitter,2025-03-14T10:41:55Z,"Se imagina cuantas vidas se hubieran salvado si el viejo guango pendejo del macuspano hubiera hecho su trabajo y en lugar de abrazar a la delincuencia hubiera abrazado a las víctimas, pero tenía demasiados compromisos con ellos y desafortunadamente cientos o quizá miles de inocentes pagaron con su vida el pacto que él hizo con los criminales.",10563
T32_P1,32,3,Twitter::elchukytipau,Twitter,2024-12-05T02:40:43Z,"@BeautyOfertasMx Mas que mi intuición fue la de mi mamá. Cuándo tenía 7 años un amigo me invito a pescar con su papá, íbamos a ir en un moto taxi al lago pero mi mamá no quiso yo insistí al punto de llorar y hacer berrinches pero mi mamá no quiso, decía que no se sentía cómoda +",5363
T32_P1,32,4,Twitter::progrestonnn,Twitter,2025-03-14T07:15:48Z,"Mónica García: ""Había dentro del Gobierno un runrún de que iba a haber casi una negligencia. La pésima gestión ha llevado a 7.200 personas a morir de manera indigna"". Médica y madre se dió de baja en lo más duro de la pandemia. Por si alguien ya no lo recuerda.",4718
T32_P2,32,1,Twitter::VivoenMarte2,Twitter,2025-06-11T00:18:17Z,Sicario mugroso del Grupo Lince del Cartel del Golfo de #Matamoros #Tamaulipas en el estado de #SanLuisPotosí que anda contento porque los están mandando a #Tanquian sin paga y comer pura sopa Maruchan.,3372
T32_P2,32,2,Twitter::VivoenMarte2,Twitter,2025-04-22T18:14:08Z,"Este mugroso es el mentado ""Daniel 35"" del grupo narco terrorista de los ""Chucky's"" de la narco terrorista organización del Cartel Del Noreste/Zetas de #NuevoLaredo #Tamaulipas Es el que sale con el equipo puesto y disparando con una arma larga, al parecer esto fue grabado en un enfrentamiento. Créditos de información y material: @VsCdn60657",3166
T32_P2,32,3,Twitter::VivoenMarte2,Twitter,2025-05-23T22:12:42Z,"Convoy de vehículos tipo ""mounstro"" de la operativa Toros de los Metros/Primisa #CJNG esto en #Tamaulipas o #NuevoLeón (vídeo reciente)",2441
T32_P2,32,4,Twitter::tatious_,Twitter,2025-09-27T22:49:59Z,La Policía de Patricia Bullrich REPRIME a la MAMÁ de MORENA y a los narcos NADA. Le acaban de MATAR a su hija. BASURAS. ES CLARO: SON EL NARCO ESTADO. GOBIERNAN PARA LOS NARCOS.,1619
T32_P3,32,1,Twitter::miss_moxxa92,Twitter,2025-04-24T02:45:58Z,Jajajaja 😂jajajaja 😂jajajaja 😂😂😂😂😂😂😂😂😂😂😂😂😂🤣🤣🤣🤣🤣🤣🤣🤣🤣🤣🤣🤣 👇🏻👇🏻👇🏻🤷🏼 ♀️👇🏻👇🏻👇🏻🤷🏼 ♀️👇🏻👇🏻👇🏻🤷🏼 ♀️,4006
T32_P3,32,2,Twitter::miss_moxxa92,Twitter,2025-01-18T04:19:35Z,Jajajaja 🤪jajajaja 🤪jajajaja 🤪 👇🏻👇🏻👇🏻👇🏻👍🏼👇🏻👇🏻👇🏻👇🏻👍🏼👇🏻👇🏻,1434
T32_P3,32,3,Twitter::@ElGalloGamingMx,Twitter,2025-11-22T23:39:41Z,"Oigan, ¿y alguien apoya a Mueblegoitia?. Ni un post he visto a favor del cabron jajaja. #LaGranjaVIP #LaGranjaVIPMX",1114
T32_P3,32,4,Twitter::miss_moxxa92,Twitter,2025-07-30T22:53:20Z,Jajajaja hahaha jajajaja hahaha 😂 👇🏻👇🏻🤣👇🏻👇🏻👇🏻🤣👇🏻👇🏻🤣👇🏻👇🏻,868
T33_P1,33,1,Twitter::MaElviraSalazar,Twitter,2025-09-04T17:33:14Z,"Diosdado Cabello, ni se te ocurra tocar a María Corina Machado. Estados Unidos y el mundo entero están mirando. Si algo le pasa, tú y tus cómplices no tendrán dónde esconderse y la ira de Dios caerá sobre ti como un trueno.",36519
T33_P1,33,2,Twitter::Milenio,Twitter,2025-09-11T00:23:50Z,"▶️ “Por favor hagan todo para salvar a mi mamá, no le tocaba estar ahí”: hija de la señora Alicia Matías Teodoro, mujer que cubrió con su cuerpo y salvó a bebé de 2 años de explosión de pipa en Iztapalapa, habla sobre la salud de su madre 📹 Lauro Galicia para MILENIO",20492
T33_P1,33,3,Twitter::Alfie_Acosta,Twitter,2025-06-20T23:10:34Z,"Ésta pinche vende patrias es MÓNICA SOTO, presidenta del @TEPJF_informa. Tiene nexos con AMLO, a quién le revocó sentencias en 36 ocasiones, su papá es asesor de la plagiaria Yasmín Esquivel y apoya a la 4T para censurar a quiénes estén en contra de ellos. Que chingue su madre.",10585
T33_P1,33,4,Twitter::GuajeSalvaje,Twitter,2025-03-09T09:44:22Z,"¿Mónica Otra no era esa dirigente de izquierdas que fue imputada por valerse de su cargo para encubrir a su marido, condenado por abusos sexuales a una menor tutelada? Ayer presumía de feminista por el 8-M. Cuánta hipocresía y falta de escrúpulos.",10347
T33_P2,33,1,Twitter::MonicaToledoCa1,Twitter,2024-11-19T03:25:42Z,Parece que pasó una bomba atómica en nuestra selva maya. Y que dice la ambientalista ??? Haciéndose pendeja como de costumbre!!,20152
T33_P2,33,2,Twitter::MonicaToledoCa1,Twitter,2024-11-17T17:03:10Z,No mientan por dios. Los mexicanos ya estamos hasta la madre de sus mentiras. Antes solo era López. Pero ahora toda esta secta se la pasa esparciendo puras falacias…,13453
T33_P2,33,3,Twitter::Veronica_LDS,Twitter,2025-07-31T19:29:01Z,"Se fue mi Mamá después de una larga y desigual lucha que peleó hasta el final.Nadie quería la vida más que ella quien fue una guerrera siempre. Estoy rota, no tiene fin mi dolor...el silencio que dejó duele en el alma. Le gustaba ésta red y por éso merecía su despedida ❤️",12387
T33_P2,33,4,Twitter::RogerAderly,Twitter,2024-11-30T01:27:37Z,"Antony Yumbato Panduro había cumplido 18 años en julio de este año. Natural de Nauta en Loreto. Llegó a Lima hace un año por mejores oportunidades. Estuvo viviendo en Lurin. Quería estudiar y sobresalir. Aprendió el arte de barbero gracias a su papá y empezó a trabajar de ello en Chorrillos cuando se fue a vivir allá. Él quería ser enfermero, estaba ahorrando para estudiar y, a la vez, ayudar a su mamá. Ayer jueves 2",11634
T33_P3,33,1,Twitter::___tupadre,Twitter,2025-11-03T02:12:59Z,"Lo que pasó en el Palacio de Gobierno en Morelia, Michoacán, exigiendo justicia para Carlos Manzo, debe pasar en Palacio Nacional el 15 de noviembre. Los mexicanos de bien ya estamos hasta la madre del Narcogobierno de Morena. #RENUNCIACLAUDIA #FueClaudia #FueraMorena",15208
T33_P3,33,2,Twitter::alazamo123,Twitter,2024-11-02T21:40:27Z,"Se los dije, se está victimizando solita, debería de tener la misma verraquera que tenía cuando estaba bajo las enagüas de Barbosa y Mancera. ¡Nos salió además de mojigata, pantallera!",10105
T33_P3,33,3,Twitter::Monicao2712,Twitter,2024-12-24T17:54:55Z,"📌Aquí les dejo un mensaje para esta navidad, de mi querido presidente @lopezobrador_ y su querida ️esposa. ❤️ ""Hoy es nochebuena y se recuerda el nacimiento de Jesús Cristo, que también es predicador del humanismo y del amor. Esta noche es para desear mucha felicidad a todas, a todos! 🌲 Que Vivan momentos de dicha, que los pobres no pierdan nunca la fe, la esperanza de un mejor porvenir, para eso todos los mexicanos ",8393
T33_P3,33,4,Twitter::IBetancourtCol,Twitter,2025-01-26T22:52:34Z,"Pero quién voto por este Cantinflas peligroso. Verónica Alcocer debe darle otro taconazo 👠 en la cabeza porque se le acabaron los paseos a Miami. Pero nosotros estamos en mora de hacer lo mismo: el taconazo del 109 de la Constitución, porque se eligió haciendo trampa y acabó al país. A ver cuáles son los politiqueros de turno que le van a aceptar ministerios y contratos. Ya quedaron vetados para hacer negocios o tene",7734
T34_P1,34,1,Twitter::tanbionica,Twitter,2025-10-29T16:30:00Z,EL PROBLEMA DEL AMOR Jueves 30 de octubre 21hs 🇦🇷,6671
T34_P1,34,2,Twitter::noticiarasputin,Twitter,2025-05-02T06:06:49Z,"#Denuncia TILDO A DANIEL NOBOA DE L4DRÓN Y NARCOTR4FICANTE. Nunca presentó pruebas por tal aseveración, el pueblo pide Justicia por las injurias de Mónica Palacios, el Ecuador del pasado se acabó.",4754
T34_P1,34,3,Twitter::Yusdan,Twitter,2025-05-04T17:52:36Z,¡Con mucha emoción ya salió a la venta mi Tequila Mongolito 33! Después de casi 15 minutos de trabajo al fin pueden conseguir el tequila más tradicional e histórico de México y el mundo. Les juro que está buenísimo jsjsjs http://tequilamongolito33.com,4200
T34_P1,34,4,Twitter::CasaDonRamonMX,Twitter,2025-04-15T18:28:25Z,"Cuando el arte y la pasión se encuentran, se crea un legado. Luis Miguel &amp; Tequila Don Ramón, la excelencia de hacer tequila.",3531
T34_P2,34,1,Twitter::bonfireheart190,Twitter,2025-03-31T21:45:12Z,"""ODDIOOO, A MARIAPÌ... CE STA PURE SIRRRRRVIA"" amore sei stata ICONICA fino alla fine 🧎🏻 ♀️🧎🏻 ♀️🧎🏻 ♀️ #tommavi",1986
T34_P2,34,2,Twitter::bonfireheart190,Twitter,2025-03-07T01:29:25Z,"T: ""Io non glielo permetto di aprire una dinamica"" MV: ""No, io non glielo permetto di dirci che ci dobbiamo lasciare"" HANNO CAPITO IL 7 MARZO COME SI TUTELA ??? 😭🎀❤️ 🩹 #tommavi",1479
T34_P2,34,3,Twitter::bonfireheart190,Twitter,2025-03-06T23:08:11Z,"Ma che cosa ne sanno della loro relazione? Ma chi sono per sindacare? T: ""Se devo uscire esco ma esco con lei"" MV: ""Amore mio"" aiutatemi a dire PIÙ FORTI DI TUTTO 🫂🫂🫂 #tommavi",579
T34_P2,34,4,Twitter::mascos69,Twitter,2025-03-29T22:52:24Z,Mavi &amp; Helena on Fire 🔥 #tommavi #helevier #grandefratello,562
