palabra,tema_id,sub_id,color_tema,peso_lda,grado_total,grado_intra_sub,grado_intra_cluster,grado_extra,peso_intra_sub,peso_intra_cluster,peso_extra,pagerank,betweenness,clustering_coef,eigenvector,participation,z_within_degree,rol
mundial,3,0,#d62728,0.0593697801232337,48,6,38,4,481.0,565.0,415.0,0.001154,0.0,0.2934,0.0,0.8793,0.9671,broker
partido,3,0,#d62728,0.0435496903955936,50,6,40,4,367.0,624.0,331.0,0.001061,0.0,0.2963,0.0,0.8704,0.509,broker
futbol,3,0,#d62728,0.0409588441252708,34,6,27,1,331.0,438.0,112.0,0.000661,0.0,0.4955,0.0,0.8478,0.509,broker
deporte,3,5,#d62728,0.0204866491258144,27,4,22,1,159.0,330.0,106.0,0.000466,0.0,0.5556,0.0,0.8285,0.866,broker
deportivo,3,5,#d62728,0.0374436601996421,29,3,25,1,157.0,441.0,122.0,0.000535,0.0,0.5517,0.0,0.8014,0.866,broker
final,3,1,#d62728,0.0352924279868602,39,8,30,1,246.0,547.0,112.0,0.000715,0.0,0.4197,0.0,0.856,1.3416,broker
liga,3,1,#d62728,0.0219942089170217,25,8,16,1,234.0,289.0,68.0,0.000455,0.0,0.62,0.0,0.7936,1.3416,broker
seleccion,3,0,#d62728,0.0232325680553913,21,5,16,0,296.0,198.0,0.0,0.000386,0.0,0.7238,0.0,0.8027,0.509,broker
electrico,3,2,#d62728,0.0200530104339122,13,5,8,0,148.0,48.0,0.0,0.000285,0.0,0.5256,0.0,0.5799,1.1896,broker
energia,3,2,#d62728,0.0178499929606914,20,6,14,0,155.0,101.0,0.0,0.000324,0.0,0.4789,0.0,0.73,1.6654,broker
equipo,3,3,#d62728,0.0276483409106731,63,5,50,8,126.0,947.0,786.0,0.001362,0.0,0.2212,0.0,0.8798,1.5689,broker
copa,3,0,#d62728,0.0133476825430989,25,5,20,0,158.0,198.0,0.0,0.000291,0.0,0.6733,0.0,0.7936,0.0509,broker
mexicana,3,0,#d62728,0.0113085517659783,30,7,22,1,209.0,211.0,66.0,0.000426,0.0,0.4966,0.0,0.8467,0.9671,broker
tampiqueno,3,3,#d62728,0.0057085291482508,28,3,20,5,131.0,215.0,452.0,0.00049,0.0,0.5185,0.0,0.8673,0.9806,broker
estadio,3,1,#d62728,0.0162625294178724,27,6,20,1,129.0,270.0,74.0,0.000368,0.0,0.5442,0.0,0.823,0.6708,broker
talento,3,3,#d62728,0.0051832925528287,26,4,21,1,114.0,212.0,88.0,0.000339,0.0,0.5692,0.0,0.8402,0.9806,broker
participar,3,4,#d62728,0.0088332379236817,35,4,30,1,50.0,381.0,131.0,0.000475,0.0,0.4319,0.0,0.8424,1.666,broker
torneo,3,5,#d62728,0.0171824563294649,29,3,25,1,63.0,387.0,90.0,0.000426,0.0,0.5542,0.0,0.8181,0.866,broker
jugar,3,1,#d62728,0.012017018161714,21,3,18,0,69.0,191.0,0.0,0.000226,0.0,0.6714,0.0,0.8027,-0.6708,broker
electricidad,3,2,#d62728,0.0094411028549075,7,3,4,0,90.0,21.0,0.0,0.000165,0.0,0.7143,0.0,0.449,-0.2379,periferico
traer,3,6,#d62728,0.0054416581988334,30,4,26,0,43.0,271.0,0.0,0.000318,0.0,0.4322,0.0,0.8133,1.5076,broker
cuarto,3,6,#d62728,0.0059080435894429,19,2,17,0,22.0,155.0,0.0,0.000183,0.0,0.5848,0.0,0.7867,0.1508,broker
division,3,1,#d62728,0.0108109572902321,16,4,12,0,76.0,105.0,0.0,0.000166,0.0,0.8667,0.0,0.75,0.0,broker
cancha,3,5,#d62728,0.0087652839720249,17,3,14,0,59.0,138.0,0.0,0.000178,0.0,0.75,0.0,0.8028,0.0,broker
cruz,3,4,#d62728,0.0065952953882515,21,4,17,0,58.0,133.0,0.0,0.00024,0.0,0.4048,0.0,0.8299,1.666,broker
fernando,3,4,#d62728,0.0046962583437561,19,4,15,0,47.0,86.0,0.0,0.000217,0.0,0.4737,0.0,0.7812,2.1256,broker
villavicencio,3,4,#d62728,0.0010040875058621,2,1,1,0,21.0,4.0,0.0,7.1e-05,0.0,1.0,0.0,0.5,-0.6319,broker
colocar,3,2,#d62728,0.0047622350975871,17,3,14,0,22.0,93.0,0.0,0.000149,0.0,0.5662,0.0,0.7958,-0.2379,broker
falla,3,2,#d62728,0.0035253374371677,7,3,4,0,48.0,25.0,0.0,0.000113,0.0,0.6667,0.0,0.6939,-1.1896,broker
azul,3,4,#d62728,0.0086821299046278,12,2,10,0,24.0,81.0,0.0,0.000122,0.0,0.7727,0.0,0.7778,0.2872,broker
juventud,3,3,#d62728,0.0018601941410452,10,3,7,0,42.0,59.0,0.0,0.000115,0.0,0.8,0.0,0.76,-0.1961,broker
nunez,3,4,#d62728,0.0107027301564812,6,0,6,0,0.0,45.0,0.0,6.9e-05,0.0,1.0,0.0,0.6111,-1.0915,broker
arrancar,3,2,#d62728,0.0078731980174779,8,2,6,0,29.0,44.0,0.0,0.000104,0.0,0.8571,0.0,0.75,-1.6654,broker
petrolero,3,2,#d62728,0.0107493735849857,13,5,8,0,60.0,49.0,0.0,0.000148,0.0,0.5769,0.0,0.6982,0.2379,broker
femenil,3,1,#d62728,0.0046065226197242,12,3,9,0,35.0,62.0,0.0,0.000108,0.0,0.9091,0.0,0.7361,-1.3416,broker
campeonato,3,1,#d62728,0.0067851245403289,18,4,14,0,47.0,95.0,0.0,0.000156,0.0,0.732,0.0,0.7531,0.6708,broker
indicador,3,2,#d62728,0.001742334687151,5,1,4,0,15.0,19.0,0.0,8.2e-05,0.0,0.8,0.0,0.56,-1.1896,broker
promedio,3,2,#d62728,0.0104383137077093,9,4,5,0,36.0,24.0,0.0,0.000115,0.0,0.6667,0.0,0.3704,0.7137,periferico
dolares,3,2,#d62728,0.0044174217619001,15,4,10,1,32.0,70.0,67.0,0.000175,0.0,0.5714,0.0,0.7911,-0.2379,broker
planeta,3,6,#d62728,0.0032345675863325,12,2,10,0,12.0,60.0,0.0,0.000122,0.0,0.6515,0.0,0.7778,1.5076,broker
superar,3,2,#d62728,0.0073411869816482,17,5,12,0,46.0,73.0,0.0,0.000166,0.0,0.4926,0.0,0.7128,1.1896,broker
gigante,3,0,#d62728,0.002838077256456,5,4,1,0,38.0,5.0,0.0,6.8e-05,0.0,1.0,0.0,0.0,0.0509,periferico
carrera,3,4,#d62728,0.0127390883862972,18,2,16,0,19.0,103.0,0.0,0.000135,0.0,0.732,0.0,0.821,0.2872,broker
taco,3,3,#d62728,0.0025411786045879,7,1,6,0,13.0,28.0,0.0,0.000111,0.0,0.5238,0.0,0.5714,0.3922,broker
canada,3,6,#d62728,0.0041696922853589,10,2,8,0,22.0,48.0,0.0,0.000133,0.0,0.6444,0.0,0.72,0.8292,broker
franquicia,3,1,#d62728,0.0094746258109807,14,4,10,0,35.0,60.0,0.0,0.000122,0.0,0.5934,0.0,0.8367,-1.3416,broker
tamayo,3,4,#d62728,0.0013641834957525,5,1,4,0,12.0,22.0,0.0,7.1e-05,0.0,0.8,0.0,0.64,-0.1723,broker
pachuca,3,1,#d62728,0.0034981796052306,9,2,7,0,19.0,37.0,0.0,8.1e-05,0.0,0.8889,0.0,0.5679,-0.6708,broker
exitoso,3,4,#d62728,0.0029773202259093,7,1,6,0,6.0,32.0,0.0,7.2e-05,0.0,0.7143,0.0,0.6122,0.7468,broker
campeona,3,5,#d62728,0.0012744560372084,3,1,2,0,12.0,8.0,0.0,5.3e-05,0.0,1.0,0.0,0.6667,-1.7321,broker
organizador,3,5,#d62728,0.0043923105113208,5,0,5,0,0.0,29.0,0.0,6.1e-05,0.0,0.8,0.0,0.64,-0.866,broker
sustentable,3,3,#d62728,0.0028585726395249,4,1,3,0,11.0,14.0,0.0,5.9e-05,0.0,0.8333,0.0,0.625,-1.3728,broker
produccion,3,2,#d62728,0.0111606800928711,13,3,10,0,27.0,51.0,0.0,0.000112,0.0,0.6795,0.0,0.7574,-0.2379,broker
seguidor,3,6,#d62728,0.0045346533879637,9,1,8,0,8.0,51.0,0.0,8.9e-05,0.0,0.6667,0.0,0.7901,-0.5276,broker
clara,3,4,#d62728,0.0016507353866472,3,1,2,0,10.0,9.0,0.0,5.6e-05,0.0,1.0,0.0,0.6667,-0.6319,broker
estrella,3,7,#d62728,0.0042705410160124,9,0,9,0,0.0,46.0,0.0,0.000114,0.0,0.5556,0.0,0.8148,0.7071,broker
favorito,3,3,#d62728,0.0036262744106352,9,1,8,0,9.0,41.0,0.0,8.1e-05,0.0,0.8056,0.0,0.7407,-0.1961,broker
loma,3,6,#d62728,0.0054963417351245,1,1,0,0,9.0,0.0,0.0,5.4e-05,0.0,0.0,0.0,0.0,-0.5276,periferico
natalia,3,0,#d62728,0.0012690362054854,1,1,0,0,8.0,0.0,0.0,4.5e-05,0.0,0.0,0.0,0.0,-1.7815,periferico
mira,3,4,#d62728,0.0019059070618823,4,0,4,0,0.0,21.0,0.0,5.6e-05,0.0,0.8333,0.0,0.625,-0.6319,broker
bienvenida,3,4,#d62728,0.0024041936267167,3,1,2,0,7.0,8.0,0.0,5.5e-05,0.0,0.3333,0.0,0.6667,-0.6319,broker
recientemente,3,4,#d62728,0.0014744688523933,2,0,2,0,0.0,10.0,0.0,4.6e-05,0.0,1.0,0.0,0.5,-0.6319,broker
dulce,3,4,#d62728,0.007004786748439,4,1,3,0,6.0,12.0,0.0,5.3e-05,0.0,0.8333,0.0,0.625,-0.6319,broker
circuito,3,4,#d62728,0.0039001547265797,2,0,2,0,0.0,10.0,0.0,4.8e-05,0.0,1.0,0.0,0.5,-0.6319,broker
brillar,3,3,#d62728,0.0036889382172375,5,0,5,0,0.0,22.0,0.0,5.4e-05,0.0,1.0,0.0,0.72,-0.7845,broker
estacionamiento,3,6,#d62728,0.0031815115362405,1,0,1,0,0.0,5.0,0.0,4.2e-05,0.0,0.0,0.0,0.0,-1.206,periferico
extra,3,7,#d62728,0.0019291146891191,3,0,3,0,0.0,13.0,0.0,5.1e-05,0.0,0.3333,0.0,0.6667,-1.4142,broker
partidista,3,0,#d62728,0.001097448170185,1,0,1,0,0.0,5.0,0.0,4.2e-05,0.0,0.0,0.0,0.0,-1.7815,periferico
recipient,3,7,#d62728,0.0020058162044733,1,0,1,0,0.0,5.0,0.0,5e-05,0.0,0.0,0.0,0.0,0.7071,periferico
hot,3,3,#d62728,0.0013871220871806,1,0,1,0,0.0,4.0,0.0,4.8e-05,0.0,0.0,0.0,0.0,-1.3728,periferico
atropello,3,6,#d62728,0.0013545098481699,2,0,2,0,0.0,8.0,0.0,4.6e-05,0.0,1.0,0.0,0.5,-1.206,broker
habitar,3,6,#d62728,0.0054667624644935,2,0,2,0,0.0,8.0,0.0,4.8e-05,0.0,1.0,0.0,0.5,-0.5276,broker
valdez,3,4,#d62728,0.0044577685184776,1,0,1,0,0.0,4.0,0.0,4.4e-05,0.0,0.0,0.0,0.0,-1.0915,periferico
canseco,17,3,#c7c7c7,0.0036696668248623,1,1,0,0,52.0,0.0,0.0,0.000132,0.0,0.0,0.0,0.0,-1.3946,periferico
hospital,17,3,#c7c7c7,0.0094140414148569,40,6,33,1,117.0,279.0,81.0,0.001006,0.0,0.3679,0.0,0.8875,1.8797,broker
accidente,17,1,#c7c7c7,0.0314510762691497,33,7,26,0,129.0,351.0,0.0,0.001101,0.0,0.4848,0.0,0.8742,0.9904,broker
carretera,17,2,#c7c7c7,0.0266032926738262,45,6,39,0,143.0,380.0,0.0,0.001267,0.0,0.3414,0.0,0.8978,1.4412,broker
vehiculo,17,1,#c7c7c7,0.0133681688457727,46,7,39,0,137.0,364.0,0.0,0.001204,0.0,0.3217,0.0,0.8847,1.4596,broker
perder,17,0,#c7c7c7,0.0145435547456145,60,8,52,0,101.0,560.0,0.0,0.00181,0.0,0.2203,0.0,0.885,2.9719,conector_provincial
terminar,17,7,#c7c7c7,0.0191294532269239,59,5,54,0,54.0,507.0,0.0,0.001541,0.0,0.2309,0.0,0.9038,2.6958,conector_provincial
altura,17,2,#c7c7c7,0.0134615302085876,21,2,19,0,44.0,146.0,0.0,0.000464,0.0,0.4,0.0,0.8435,0.8006,broker
viajar,17,2,#c7c7c7,0.0120055424049496,28,2,26,0,40.0,193.0,0.0,0.000623,0.0,0.4683,0.0,0.875,-0.4804,broker
control,17,6,#c7c7c7,0.0046373489312827,38,4,34,0,34.0,284.0,0.0,0.000842,0.0,0.3385,0.0,0.8767,2.1106,broker
camioneta,17,1,#c7c7c7,0.0137070696800947,27,5,22,0,69.0,145.0,0.0,0.000515,0.0,0.5071,0.0,0.8724,0.9904,broker
muerte,17,9,#c7c7c7,0.0141025958582758,39,4,35,0,34.0,344.0,0.0,0.001002,0.0,0.3144,0.0,0.8823,2.5355,conector_provincial
tramo,17,2,#c7c7c7,0.0069662565365433,9,3,6,0,46.0,36.0,0.0,0.000218,0.0,0.8056,0.0,0.7654,-0.4804,broker
sufrir,17,10,#c7c7c7,0.0099718011915683,34,3,31,0,25.0,255.0,0.0,0.000726,0.0,0.3957,0.0,0.8875,2.3238,broker
ocurrir,17,8,#c7c7c7,0.0278417151421308,34,0,34,0,0.0,335.0,0.0,0.000813,0.0,0.4385,0.0,0.8893,-0.1796,broker
cierre,17,5,#c7c7c7,0.0207012686878442,16,2,14,0,38.0,123.0,0.0,0.000425,0.0,0.5333,0.0,0.8359,1.0534,broker
victima,17,3,#c7c7c7,0.0093323579058051,34,5,29,0,51.0,288.0,0.0,0.000801,0.0,0.4635,0.0,0.8945,0.7882,broker
via,17,2,#c7c7c7,0.0221532862633466,30,4,26,0,54.0,186.0,0.0,0.000601,0.0,0.3977,0.0,0.8711,1.4412,broker
carnaval,17,5,#c7c7c7,0.0044507137499749,4,3,1,0,40.0,5.0,0.0,0.000168,0.0,0.1667,0.0,0.375,1.0534,periferico
ladron,17,0,#c7c7c7,0.0083470251411199,26,3,23,0,42.0,135.0,0.0,0.000565,0.0,0.2985,0.0,0.8284,1.6868,broker
manuel,17,0,#c7c7c7,0.0046923640184104,29,4,25,0,53.0,141.0,0.0,0.00055,0.0,0.3892,0.0,0.8847,0.4016,broker
fuego,17,11,#c7c7c7,0.0116755291819572,23,2,21,0,18.0,151.0,0.0,0.000434,0.0,0.4783,0.0,0.8771,1.4142,broker
motocicleta,17,1,#c7c7c7,0.0041622319258749,14,3,11,0,37.0,58.0,0.0,0.000246,0.0,0.7033,0.0,0.7959,0.0521,broker
conducir,17,1,#c7c7c7,0.0053840731270611,11,3,8,0,37.0,45.0,0.0,0.000219,0.0,0.7636,0.0,0.7603,-0.8862,broker
automovil,17,1,#c7c7c7,0.0067142490297555,14,4,10,0,39.0,49.0,0.0,0.000227,0.0,0.6813,0.0,0.7755,0.0521,broker
catolico,17,9,#c7c7c7,0.0028162004891783,4,1,3,0,16.0,13.0,0.0,0.000112,0.0,0.5,0.0,0.75,-0.169,broker
herido,17,3,#c7c7c7,0.0063191885128617,17,3,14,0,31.0,96.0,0.0,0.00031,0.0,0.7721,0.0,0.8443,-0.3032,broker
enfrentar,17,5,#c7c7c7,0.0048332153819501,33,1,32,0,13.0,210.0,0.0,0.000595,0.0,0.4773,0.0,0.8926,0.2341,broker
conocido,17,7,#c7c7c7,0.0112102925777435,22,1,21,0,15.0,126.0,0.0,0.000378,0.0,0.5238,0.0,0.905,-0.2157,broker
trafico,17,2,#c7c7c7,0.0056457021273672,10,2,8,0,22.0,50.0,0.0,0.000206,0.0,0.6667,0.0,0.82,-1.1209,broker
actuar,17,6,#c7c7c7,0.0041850912384688,29,3,26,0,27.0,169.0,0.0,0.000507,0.0,0.431,0.0,0.8894,0.603,broker
impactar,17,1,#c7c7c7,0.0098163112998008,18,3,15,0,32.0,90.0,0.0,0.000311,0.0,0.7451,0.0,0.858,0.0521,broker
urgente,17,10,#c7c7c7,0.0070843468420207,14,1,13,0,9.0,72.0,0.0,0.000228,0.0,0.5934,0.0,0.8163,-0.7746,broker
acto,17,6,#c7c7c7,0.0070679760538041,20,4,16,0,29.0,106.0,0.0,0.000337,0.0,0.6737,0.0,0.885,0.603,broker
coahuila,17,0,#c7c7c7,0.0060485396534204,9,3,6,0,26.0,29.0,0.0,0.000191,0.0,0.5833,0.0,0.6173,0.4016,broker
antiguo,17,8,#c7c7c7,0.0028058418538421,9,1,8,0,12.0,37.0,0.0,0.000283,0.0,0.25,0.0,0.6173,1.9757,broker
fachada,17,8,#c7c7c7,0.00300676189363,4,3,1,0,26.0,4.0,0.0,0.000231,0.0,0.1667,0.0,0.0,1.2572,periferico
coche,17,1,#c7c7c7,0.0066380240023136,10,1,9,0,12.0,53.0,0.0,0.000176,0.0,0.8889,0.0,0.8,-0.8862,broker
lamentable,17,7,#c7c7c7,0.0037580507341772,11,1,10,0,12.0,56.0,0.0,0.000189,0.0,0.8182,0.0,0.8264,-0.2157,broker
narcotrafico,17,0,#c7c7c7,0.0024465459864586,11,3,8,0,25.0,51.0,0.0,0.000238,0.0,0.5273,0.0,0.7769,0.0803,broker
auxilio,17,3,#c7c7c7,0.0049177408218383,13,4,9,0,33.0,51.0,0.0,0.00022,0.0,0.7436,0.0,0.7929,0.7882,broker
asegurado,17,11,#c7c7c7,0.0052160797640681,4,1,3,0,7.0,21.0,0.0,9.8e-05,0.0,0.8333,0.0,0.625,-0.7071,broker
lesion,17,3,#c7c7c7,0.005042768549174,10,2,8,0,19.0,48.0,0.0,0.000179,0.0,0.8444,0.0,0.78,-0.3032,broker
impacto,17,4,#c7c7c7,0.0106822634115815,22,2,20,0,12.0,116.0,0.0,0.000387,0.0,0.4719,0.0,0.8636,1.9863,broker
asunto,17,7,#c7c7c7,0.0039150193333625,9,2,7,0,22.0,32.0,0.0,0.000181,0.0,0.5,0.0,0.716,-0.2157,broker
funcion,17,7,#c7c7c7,0.006888723000884,7,1,6,0,11.0,24.0,0.0,0.00013,0.0,0.4762,0.0,0.6939,0.2696,broker
ataque,17,6,#c7c7c7,0.0110377930104732,18,3,15,0,21.0,92.0,0.0,0.000302,0.0,0.6209,0.0,0.8642,0.603,broker
perjudicar,17,0,#c7c7c7,0.0018695520702749,6,1,5,0,11.0,21.0,0.0,0.000118,0.0,0.6,0.0,0.6667,-0.241,broker
siniestro,17,11,#c7c7c7,0.0037018691655248,6,1,5,0,11.0,28.0,0.0,0.00012,0.0,1.0,0.0,0.8333,-0.7071,broker
positivo,17,4,#c7c7c7,0.003094921587035,6,1,5,0,6.0,26.0,0.0,0.000159,0.0,0.2667,0.0,0.6667,1.2,broker
dudar,17,0,#c7c7c7,0.0014058663509786,8,1,7,0,10.0,36.0,0.0,0.000157,0.0,0.7857,0.0,0.75,-0.241,broker
help,17,10,#c7c7c7,0.0011598484124988,2,2,0,0,16.0,0.0,0.0,0.000294,0.0,1.0,0.0,0.0,0.2582,periferico
people,17,10,#c7c7c7,0.0025429355446249,2,1,1,0,10.0,5.0,0.0,0.000277,0.0,1.0,0.0,0.0,0.2582,periferico
popular,17,5,#c7c7c7,0.0063774427399039,11,2,9,0,14.0,45.0,0.0,0.000253,0.0,0.3091,0.0,0.7438,2.6919,conector_provincial
arribar,17,3,#c7c7c7,0.0060263415798544,10,2,8,0,15.0,40.0,0.0,0.00016,0.0,0.7333,0.0,0.76,0.2425,broker
tragedia,17,7,#c7c7c7,0.0023555778898298,9,1,8,0,9.0,42.0,0.0,0.000149,0.0,0.8889,0.0,0.8395,-0.2157,broker
malandro,17,9,#c7c7c7,0.0019256951054558,7,1,6,0,6.0,33.0,0.0,0.000128,0.0,0.8571,0.0,0.8571,-0.169,broker
maniobra,17,2,#c7c7c7,0.0064764879643917,4,1,3,0,9.0,13.0,0.0,8.6e-05,0.0,0.5,0.0,0.625,-1.1209,broker
reflejar,17,4,#c7c7c7,0.0027708027046173,16,2,14,0,12.0,68.0,0.0,0.00029,0.0,0.4417,0.0,0.8672,1.9863,broker
manejo,17,4,#c7c7c7,0.0030271112918853,4,0,4,0,0.0,20.0,0.0,9.8e-05,0.0,0.5,0.0,0.625,-0.3724,broker
severo,17,10,#c7c7c7,0.0019764688331633,2,1,1,0,8.0,7.0,0.0,7e-05,0.0,1.0,0.0,0.5,-0.7746,broker
escombro,17,8,#c7c7c7,0.0058324234560132,6,1,5,0,8.0,22.0,0.0,0.000139,0.0,0.4667,0.0,0.7222,-0.1796,broker
ladrona,17,10,#c7c7c7,0.0010223711142316,6,1,5,0,8.0,24.0,0.0,0.000122,0.0,0.5333,0.0,0.7778,-0.7746,broker
causar,17,3,#c7c7c7,0.0040592886507511,10,1,9,0,6.0,44.0,0.0,0.000169,0.0,0.6,0.0,0.82,-0.3032,broker
sabor,17,6,#c7c7c7,0.0058150263503193,4,0,4,0,0.0,23.0,0.0,9.6e-05,0.0,0.3333,0.0,0.75,-0.9045,broker
ejecutar,17,1,#c7c7c7,0.0029550506733357,3,1,2,0,8.0,9.0,0.0,7.6e-05,0.0,0.6667,0.0,0.6667,-1.8245,broker
soberano,17,0,#c7c7c7,0.0024579993914812,7,1,6,0,7.0,34.0,0.0,0.000136,0.0,0.7619,0.0,0.7755,-0.5623,broker
protesta,17,6,#c7c7c7,0.0025956570170819,10,2,8,0,13.0,40.0,0.0,0.000164,0.0,0.6,0.0,0.72,0.603,broker
rey,17,5,#c7c7c7,0.0023409270215779,6,1,5,0,7.0,24.0,0.0,0.000134,0.0,0.4,0.0,0.7222,0.2341,broker
aliado,17,0,#c7c7c7,0.0029185090679675,9,2,7,0,12.0,36.0,0.0,0.000155,0.0,0.75,0.0,0.716,0.0803,broker
prometer,17,7,#c7c7c7,0.0046205804683268,7,1,6,0,7.0,26.0,0.0,0.000113,0.0,0.9048,0.0,0.7755,-0.7009,broker
atrevir,17,0,#c7c7c7,0.0044146319851279,1,1,0,0,7.0,0.0,0.0,5.5e-05,0.0,0.0,0.0,0.0,-0.8835,periferico
revelar,17,4,#c7c7c7,0.0131000513210892,9,0,9,0,0.0,47.0,0.0,0.000149,0.0,0.6944,0.0,0.8148,-0.3724,broker
similar,17,6,#c7c7c7,0.0049860379658639,6,0,6,0,0.0,32.0,0.0,0.000112,0.0,0.7333,0.0,0.7778,-0.9045,broker
sindicato,17,2,#c7c7c7,0.0104509750381112,6,0,6,0,0.0,29.0,0.0,0.0001,0.0,0.6667,0.0,0.6667,-0.4804,broker
guiar,17,9,#c7c7c7,0.0010898103937506,1,0,1,0,0.0,6.0,0.0,5.3e-05,0.0,0.0,0.0,0.0,-0.8452,periferico
auditoria,17,4,#c7c7c7,0.0025367382913827,4,1,3,0,6.0,12.0,0.0,0.000124,0.0,0.3333,0.0,0.375,1.2,periferico
irregularidad,17,4,#c7c7c7,0.0062474412843585,3,2,1,0,12.0,4.0,0.0,0.000154,0.0,0.3333,0.0,0.0,1.2,periferico
practica,17,5,#c7c7c7,0.0046885129995644,4,1,3,0,6.0,15.0,0.0,9.7e-05,0.0,0.6667,0.0,0.625,-0.5852,broker
still,17,10,#c7c7c7,0.0013120230287313,2,1,1,0,6.0,5.0,0.0,0.000211,0.0,1.0,0.0,0.0,0.2582,periferico
vieja,17,0,#c7c7c7,0.0016963733360171,3,1,2,0,6.0,9.0,0.0,7.5e-05,0.0,1.0,0.0,0.4444,-0.5623,periferico
abogado,17,4,#c7c7c7,0.0061680888757109,8,0,8,0,0.0,39.0,0.0,0.000122,0.0,0.8929,0.0,0.8125,-1.1586,broker
manipular,17,0,#c7c7c7,0.0026782050263136,2,0,2,0,0.0,11.0,0.0,6.3e-05,0.0,1.0,0.0,0.5,-0.8835,broker
sentar,17,12,#c7c7c7,0.0021786943543702,2,0,2,0,0.0,10.0,0.0,6.2e-05,0.0,1.0,0.0,0.5,0.0,broker
sacrificio,17,9,#c7c7c7,0.0018923850730061,2,0,2,0,0.0,11.0,0.0,6.4e-05,0.0,1.0,0.0,0.5,-0.169,broker
dispuesto,17,9,#c7c7c7,0.0010520758805796,2,1,1,0,6.0,4.0,0.0,6.2e-05,0.0,1.0,0.0,0.5,-0.169,broker
posesion,17,5,#c7c7c7,0.0017283160705119,3,0,3,0,0.0,14.0,0.0,7.3e-05,0.0,0.3333,0.0,0.6667,-1.4045,broker
sopa,17,9,#c7c7c7,0.0011885805288329,2,1,1,0,6.0,5.0,0.0,6.4e-05,0.0,1.0,0.0,0.5,-0.169,broker
alcaldia,17,4,#c7c7c7,0.0063842255622148,7,1,6,0,6.0,25.0,0.0,0.000155,0.0,0.3333,0.0,0.8571,-0.3724,broker
diputacion,17,4,#c7c7c7,0.0033786338753998,1,1,0,0,6.0,0.0,0.0,6.5e-05,0.0,0.0,0.0,0.0,-0.3724,periferico
pinos,17,8,#c7c7c7,0.0015596526209264,1,1,0,0,6.0,0.0,0.0,7.9e-05,0.0,0.0,0.0,0.0,-0.898,periferico
pluris,17,0,#c7c7c7,0.0010921928333118,3,0,3,0,0.0,13.0,0.0,7.4e-05,0.0,1.0,0.0,0.0,-0.241,periferico
anda,17,5,#c7c7c7,0.001095040817745,2,0,2,0,0.0,10.0,0.0,7e-05,0.0,1.0,0.0,0.5,-0.5852,broker
desplomar,17,8,#c7c7c7,0.0032163178548216,2,0,2,0,0.0,9.0,0.0,9e-05,0.0,1.0,0.0,0.0,-0.1796,periferico
deje,17,0,#c7c7c7,0.0017137901159003,2,0,2,0,0.0,9.0,0.0,6.2e-05,0.0,1.0,0.0,0.5,-0.8835,broker
mercedes,17,10,#c7c7c7,0.0033713495358824,1,0,1,0,0.0,5.0,0.0,5e-05,0.0,0.0,0.0,0.0,-0.7746,periferico
creciente,17,4,#c7c7c7,0.0060704001225531,1,0,1,0,0.0,5.0,0.0,5e-05,0.0,0.0,0.0,0.0,-1.1586,periferico
ecosistema,17,7,#c7c7c7,0.0045766839757561,1,0,1,0,0.0,5.0,0.0,5.1e-05,0.0,0.0,0.0,0.0,-0.7009,periferico
frenar,17,4,#c7c7c7,0.0043012574315071,5,0,5,0,0.0,21.0,0.0,9.9e-05,0.0,0.4,0.0,0.72,0.4138,broker
destrozo,17,3,#c7c7c7,0.0010339015861973,2,0,2,0,0.0,9.0,0.0,6.2e-05,0.0,1.0,0.0,0.5,-1.3946,broker
alfredo,17,5,#c7c7c7,0.0063440292142331,4,0,4,0,0.0,19.0,0.0,0.000138,0.0,0.3333,0.0,0.625,0.2341,broker
gallardo,17,5,#c7c7c7,0.0015924831386655,1,0,1,0,0.0,5.0,0.0,7e-05,0.0,0.0,0.0,0.0,-0.5852,periferico
disculpa,17,6,#c7c7c7,0.0014806296676397,3,0,3,0,0.0,13.0,0.0,7e-05,0.0,0.3333,0.0,0.6667,-0.9045,broker
contencion,17,4,#c7c7c7,0.0012487578205764,2,0,2,0,0.0,9.0,0.0,9.2e-05,0.0,0.0,0.0,0.5,-0.3724,broker
escudo,17,0,#c7c7c7,0.0016020818147808,1,0,1,0,0.0,4.0,0.0,4.8e-05,0.0,0.0,0.0,0.0,-0.8835,periferico
analizar,17,4,#c7c7c7,0.0025831174571067,2,0,2,0,0.0,8.0,0.0,5.8e-05,0.0,1.0,0.0,0.5,-1.1586,broker
venganza,17,0,#c7c7c7,0.00173154566437,3,0,3,0,0.0,12.0,0.0,7.1e-05,0.0,1.0,0.0,0.0,-0.241,periferico
muro,17,8,#c7c7c7,0.0049543576315045,2,0,2,0,0.0,8.0,0.0,9.4e-05,0.0,0.0,0.0,0.5,-0.898,broker
padrino,17,5,#c7c7c7,0.0016751264920458,1,0,1,0,0.0,4.0,0.0,0.000261,0.0,0.0,0.0,0.0,-0.5852,periferico
vladimir,17,5,#c7c7c7,0.0015570380492135,1,0,1,0,0.0,4.0,0.0,0.000261,0.0,0.0,0.0,0.0,-0.5852,periferico
tumba,17,8,#c7c7c7,0.0013870826223865,2,0,2,0,0.0,8.0,0.0,6.8e-05,0.0,0.0,0.0,0.5,-0.898,broker
contienda,17,4,#c7c7c7,0.0015622709179297,2,0,2,0,0.0,8.0,0.0,0.000131,0.0,0.0,0.0,0.5,-0.3724,broker
vien,17,12,#c7c7c7,0.0034847436472773,2,0,2,0,0.0,8.0,0.0,6.2e-05,0.0,0.0,0.0,0.5,0.0,broker
trampa,17,6,#c7c7c7,0.0013714113738387,2,0,2,0,0.0,8.0,0.0,5.5e-05,0.0,1.0,0.0,0.5,-0.9045,broker
firmeza,17,7,#c7c7c7,0.0011822723317891,1,0,1,0,0.0,4.0,0.0,4.8e-05,0.0,0.0,0.0,0.0,-0.7009,periferico
aventura,17,9,#c7c7c7,0.0017941190162673,1,0,1,0,0.0,4.0,0.0,4.8e-05,0.0,0.0,0.0,0.0,-0.8452,periferico
recursos,17,4,#c7c7c7,0.0032239363063126,1,0,1,0,0.0,4.0,0.0,4.7e-05,0.0,0.0,0.0,0.0,-1.1586,periferico
disputar,17,5,#c7c7c7,0.004359520971775,1,0,1,0,0.0,4.0,0.0,4.8e-05,0.0,0.0,0.0,0.0,-0.5852,periferico
designacion,17,6,#c7c7c7,0.001652923063375,1,0,1,0,0.0,4.0,0.0,4.8e-05,0.0,0.0,0.0,0.0,-0.9045,periferico
aspirante,17,4,#c7c7c7,0.0034816747065633,1,0,1,0,0.0,4.0,0.0,9.5e-05,0.0,0.0,0.0,0.0,-0.3724,periferico
cerveza,17,4,#c7c7c7,0.0037093143910169,1,0,1,0,0.0,4.0,0.0,5.6e-05,0.0,0.0,0.0,0.0,-0.3724,periferico
rangel,17,5,#c7c7c7,0.0036903787404298,1,0,1,0,0.0,4.0,0.0,5.4e-05,0.0,0.0,0.0,0.0,-0.5852,periferico
notificacion,17,4,#c7c7c7,0.0038264843169599,1,0,1,0,0.0,4.0,0.0,7.2e-05,0.0,0.0,0.0,0.0,-0.3724,periferico
casa,30,0,#aec7e8,0.0346345752477645,81,5,68,8,400.0,1092.0,685.0,0.001975,0.0,0.2096,0.0,0.9364,0.9113,broker
quedar,30,0,#aec7e8,0.0403330698609352,95,6,78,11,504.0,1214.0,1109.0,0.002519,0.0,0.1682,0.0,0.9345,1.9528,broker
mandar,30,0,#aec7e8,0.0248777437955141,51,4,38,9,418.0,457.0,925.0,0.001349,0.0,0.3686,0.0,0.9343,0.3906,broker
correo,30,0,#aec7e8,0.0186638291925191,13,3,3,7,283.0,12.0,782.0,0.000696,0.0,0.6538,0.0,0.8402,-0.1302,broker
pagar,30,2,#aec7e8,0.0140525177121162,67,3,63,1,150.0,1168.0,70.0,0.00142,0.0,0.2691,0.0,0.924,0.0,broker
favor,30,1,#aec7e8,0.0083820540457963,63,5,57,1,178.0,891.0,66.0,0.001187,0.0,0.2878,0.0,0.9227,1.0,broker
clabe,30,2,#aec7e8,0.0018218184122815,10,2,7,1,152.0,84.0,98.0,0.000295,0.0,0.7778,0.0,0.7,0.0,broker
tarjeta,30,2,#aec7e8,0.0029138000681996,16,3,13,0,154.0,83.0,0.0,0.000241,0.0,0.725,0.0,0.8359,0.0,broker
venir,30,4,#aec7e8,0.0070980982854962,71,4,66,1,88.0,931.0,91.0,0.001177,0.0,0.2431,0.0,0.9232,1.9597,broker
opinion,30,0,#aec7e8,0.0145926550030708,26,3,17,6,221.0,120.0,464.0,0.000647,0.0,0.5508,0.0,0.926,-0.1302,broker
ayuda,30,1,#aec7e8,0.0135306874290108,40,3,36,1,193.0,409.0,92.0,0.000743,0.0,0.4795,0.0,0.9263,0.0,broker
necesitar,30,1,#aec7e8,0.0129865538328886,59,4,53,2,212.0,661.0,142.0,0.001013,0.0,0.3103,0.0,0.9273,1.0,broker
ayudar,30,1,#aec7e8,0.0089526493102312,55,3,52,0,170.0,576.0,0.0,0.000799,0.0,0.3354,0.0,0.9236,0.0,broker
alguien,30,9,#aec7e8,0.0071261548437178,57,5,52,0,50.0,759.0,0.0,0.000879,0.0,0.3396,0.0,0.9234,2.1213,broker
sentir,30,4,#aec7e8,0.0103863533586263,53,3,50,0,68.0,601.0,0.0,0.000718,0.0,0.3846,0.0,0.9242,1.444,broker
cambiar,30,12,#aec7e8,0.0052034687250852,48,1,47,0,8.0,535.0,0.0,0.000643,0.0,0.3945,0.0,0.9141,0.7071,broker
escuchar,30,3,#aec7e8,0.0032181506976485,42,4,38,0,32.0,502.0,0.0,0.000593,0.0,0.4262,0.0,0.9059,3.2583,conector_provincial
amar,30,6,#aec7e8,0.0069711292162537,44,5,39,0,62.0,477.0,0.0,0.0006,0.0,0.4429,0.0,0.9122,1.4709,broker
hola,30,6,#aec7e8,0.0060432348400354,33,3,30,0,59.0,323.0,0.0,0.000408,0.0,0.5777,0.0,0.9054,0.7845,broker
comentario,30,5,#aec7e8,0.0063749807886779,37,1,36,0,6.0,349.0,0.0,0.000409,0.0,0.5225,0.0,0.9175,0.7593,broker
comer,30,6,#aec7e8,0.0048052007332444,30,2,28,0,21.0,271.0,0.0,0.000313,0.0,0.6299,0.0,0.9044,0.7845,broker
pension,30,2,#aec7e8,0.0071225394494831,19,2,17,0,34.0,106.0,0.0,0.000183,0.0,0.6257,0.0,0.8698,0.0,broker
cancer,30,5,#aec7e8,0.0060169133357703,18,3,15,0,37.0,116.0,0.0,0.000196,0.0,0.7124,0.0,0.8519,1.4237,broker
enfermedad,30,5,#aec7e8,0.0026697684079408,14,1,13,0,24.0,75.0,0.0,0.000137,0.0,0.7802,0.0,0.8265,0.7593,broker
increible,30,13,#aec7e8,0.0037686426658183,23,0,23,0,0.0,218.0,0.0,0.000236,0.0,0.7628,0.0,0.9112,1.0,broker
color,30,7,#aec7e8,0.0031608298886567,28,5,23,0,43.0,201.0,0.0,0.00032,0.0,0.5344,0.0,0.9005,2.192,broker
piso,30,13,#aec7e8,0.0040750163607299,22,0,22,0,0.0,166.0,0.0,0.000195,0.0,0.71,0.0,0.8884,1.0,broker
caro,30,10,#aec7e8,0.0034733454231172,19,0,19,0,0.0,130.0,0.0,0.000161,0.0,0.7661,0.0,0.9086,0.6325,broker
estupido,30,8,#aec7e8,0.003411604091525,29,3,26,0,19.0,197.0,0.0,0.000247,0.0,0.6232,0.0,0.9013,1.0,broker
feo,30,8,#aec7e8,0.0028701245319098,22,1,21,0,6.0,147.0,0.0,0.000186,0.0,0.684,0.0,0.9008,0.0,broker
porqueria,30,8,#aec7e8,0.0023435885086655,20,4,16,0,27.0,156.0,0.0,0.000217,0.0,0.7421,0.0,0.86,2.0,broker
boca,30,4,#aec7e8,0.0036925494205206,22,3,19,0,29.0,110.0,0.0,0.00017,0.0,0.7316,0.0,0.876,0.4126,broker
bebe,30,5,#aec7e8,0.007456527557224,18,2,16,0,17.0,92.0,0.0,0.000165,0.0,0.5752,0.0,0.858,2.0881,broker
gana,30,7,#aec7e8,0.0042436588555574,24,2,22,0,14.0,179.0,0.0,0.000242,0.0,0.7101,0.0,0.9062,0.2828,broker
depender,30,10,#aec7e8,0.0029508811421692,18,1,17,0,6.0,100.0,0.0,0.000184,0.0,0.6144,0.0,0.8642,2.5298,conector_provincial
notar,30,11,#aec7e8,0.0048842406831681,17,0,17,0,0.0,111.0,0.0,0.000153,0.0,0.7426,0.0,0.8512,1.9695,broker
maravilloso,30,-1,#aec7e8,0.0021718090865761,9,0,9,0,0.0,55.0,0.0,8.6e-05,0.0,1.0,0.0,0.7654,0.0,broker
preferir,30,11,#aec7e8,0.0020400362554937,20,0,20,0,0.0,136.0,0.0,0.000168,0.0,0.7789,0.0,0.905,0.2462,broker
plastico,30,5,#aec7e8,0.0015706106787547,5,0,5,0,0.0,30.0,0.0,6.5e-05,0.0,0.8,0.0,0.72,-0.5695,broker
dedo,30,9,#aec7e8,0.0032879307400435,16,1,15,0,14.0,96.0,0.0,0.000151,0.0,0.7167,0.0,0.8594,-0.7071,broker
esconder,30,9,#aec7e8,0.0016647242009639,11,1,10,0,13.0,60.0,0.0,0.000104,0.0,0.8364,0.0,0.8595,-0.7071,broker
techo,30,3,#aec7e8,0.0016512415604665,8,0,8,0,0.0,52.0,0.0,0.000101,0.0,0.6786,0.0,0.8438,-0.3939,broker
carta,30,7,#aec7e8,0.0025624525733292,11,1,10,0,13.0,61.0,0.0,0.000111,0.0,0.7636,0.0,0.8595,-0.3536,broker
regalar,30,-1,#aec7e8,0.0052826097235083,23,0,23,0,0.0,160.0,0.0,0.000192,0.0,0.7628,0.0,0.8847,0.0,broker
perdon,30,4,#aec7e8,0.0016501852078363,16,3,13,0,29.0,82.0,0.0,0.000145,0.0,0.825,0.0,0.8281,0.4126,broker
pata,30,13,#aec7e8,0.0016963353846222,12,0,12,0,0.0,83.0,0.0,0.000113,0.0,0.8788,0.0,0.8194,-1.0,broker
cerebro,30,5,#aec7e8,0.0013710034545511,9,0,9,0,0.0,52.0,0.0,8.5e-05,0.0,0.9167,0.0,0.8642,-0.5695,broker
chica,30,11,#aec7e8,0.0030303131788969,16,0,16,0,0.0,97.0,0.0,0.000127,0.0,0.8333,0.0,0.8594,0.2462,broker
grabar,30,3,#aec7e8,0.0022312719374895,15,1,14,0,7.0,81.0,0.0,0.000127,0.0,0.7905,0.0,0.8711,0.2148,broker
suerte,30,7,#aec7e8,0.003334705485031,18,2,16,0,14.0,103.0,0.0,0.000157,0.0,0.7451,0.0,0.8889,0.9192,broker
gracios,30,1,#aec7e8,0.0020742116030305,5,1,4,0,11.0,17.0,0.0,6.3e-05,0.0,1.0,0.0,0.64,-2.0,broker
extranar,30,6,#aec7e8,0.0014082352863624,10,2,8,0,17.0,45.0,0.0,9.4e-05,0.0,1.0,0.0,0.82,0.0981,broker
dormir,30,3,#aec7e8,0.003771015908569,16,1,15,0,9.0,95.0,0.0,0.000139,0.0,0.7,0.0,0.8438,1.4322,broker
miseria,30,10,#aec7e8,0.0010585587006062,8,0,8,0,0.0,48.0,0.0,8.2e-05,0.0,0.9286,0.0,0.8125,-0.3162,broker
definitivamente,30,3,#aec7e8,0.0020210524089634,4,0,4,0,0.0,23.0,0.0,5.9e-05,0.0,0.8333,0.0,0.75,-1.0026,broker
ruido,30,3,#aec7e8,0.0037825123872607,10,1,9,0,10.0,43.0,0.0,8.9e-05,0.0,0.8667,0.0,0.86,0.2148,broker
amparo,30,9,#aec7e8,0.0015326391439884,9,1,8,0,10.0,44.0,0.0,8.9e-05,0.0,0.9722,0.0,0.8148,-0.7071,broker
bano,30,3,#aec7e8,0.0017082123085856,11,0,11,0,0.0,67.0,0.0,0.000107,0.0,0.8182,0.0,0.8099,0.2148,broker
patio,30,3,#aec7e8,0.0022118261549621,8,0,8,0,0.0,45.0,0.0,8.1e-05,0.0,0.7857,0.0,0.8125,-0.3939,broker
tendencia,30,5,#aec7e8,0.0060440506786108,6,2,4,0,16.0,21.0,0.0,8.9e-05,0.0,0.6667,0.0,0.6667,0.7593,broker
signo,30,7,#aec7e8,0.0010579618392512,3,1,2,0,9.0,8.0,0.0,5.7e-05,0.0,0.6667,0.0,0.4444,0.2828,periferico
mami,30,6,#aec7e8,0.002046795329079,2,1,1,0,9.0,5.0,0.0,5.2e-05,0.0,1.0,0.0,0.5,-1.2748,broker
caos,30,3,#aec7e8,0.0010842499323189,4,0,4,0,0.0,23.0,0.0,5.9e-05,0.0,1.0,0.0,0.75,-1.0026,broker
fotografia,30,0,#aec7e8,0.0025103220250457,2,1,1,0,9.0,4.0,0.0,4.9e-05,0.0,1.0,0.0,0.0,-0.6509,periferico
compa,30,4,#aec7e8,0.0019581674132496,10,0,10,0,0.0,56.0,0.0,9.4e-05,0.0,0.8667,0.0,0.84,-0.1031,broker
comparar,30,10,#aec7e8,0.0013316402910277,4,1,3,0,6.0,20.0,0.0,6.6e-05,0.0,0.6667,0.0,0.625,-0.3162,broker
envidia,30,7,#aec7e8,0.0010787469800561,6,0,6,0,0.0,32.0,0.0,6.7e-05,0.0,1.0,0.0,0.8333,-0.9899,broker
todavia,30,8,#aec7e8,0.0016603037947788,12,2,10,0,12.0,53.0,0.0,9.7e-05,0.0,0.9091,0.0,0.8333,0.0,broker
callar,30,9,#aec7e8,0.0020440956577658,10,2,8,0,14.0,46.0,0.0,9.8e-05,0.0,0.8444,0.0,0.8,0.0,broker
divertido,30,6,#aec7e8,0.0013740469003096,6,1,5,0,6.0,27.0,0.0,6.8e-05,0.0,1.0,0.0,0.7222,-0.5883,broker
sancion,30,10,#aec7e8,0.0029463176615536,4,0,4,0,0.0,22.0,0.0,6e-05,0.0,0.8333,0.0,0.75,-0.3162,broker
injusticia,30,9,#aec7e8,0.0010953263845294,10,2,8,0,15.0,37.0,0.0,9.1e-05,0.0,0.8889,0.0,0.82,0.0,broker
expresidente,30,12,#aec7e8,0.001128421165049,11,3,8,0,20.0,38.0,0.0,0.000172,0.0,0.6545,0.0,0.8264,1.7678,broker
autopista,30,7,#aec7e8,0.00143309449777,3,1,2,0,7.0,12.0,0.0,5.7e-05,0.0,1.0,0.0,0.6667,-0.3536,broker
pasaje,30,3,#aec7e8,0.0023535771761089,7,1,6,0,7.0,35.0,0.0,9.4e-05,0.0,0.7619,0.0,0.7755,0.2148,broker
lavado,30,5,#aec7e8,0.0012492949608713,5,0,5,0,0.0,29.0,0.0,6.4e-05,0.0,1.0,0.0,0.72,-1.2339,broker
checar,30,10,#aec7e8,0.0011822220403701,7,0,7,0,0.0,42.0,0.0,7.6e-05,0.0,1.0,0.0,0.7755,-1.2649,broker
prender,30,8,#aec7e8,0.0011607460910454,6,1,5,0,8.0,27.0,0.0,7.3e-05,0.0,0.8667,0.0,0.7778,0.0,broker
cajero,30,4,#aec7e8,0.0021394083742052,5,1,4,0,8.0,16.0,0.0,8.2e-05,0.0,0.4,0.0,0.72,-0.6189,broker
capa,30,4,#aec7e8,0.0011471388861536,2,0,2,0,0.0,12.0,0.0,4.9e-05,0.0,1.0,0.0,0.5,-1.1346,broker
manos,30,3,#aec7e8,0.0021118719596415,8,0,8,0,0.0,45.0,0.0,7.8e-05,0.0,1.0,0.0,0.7812,-0.3939,broker
armar,30,8,#aec7e8,0.0019155169138684,11,0,11,0,0.0,55.0,0.0,0.000123,0.0,0.8182,0.0,0.8099,-1.0,broker
edomex,30,3,#aec7e8,0.0019699928816407,2,1,1,0,7.0,7.0,0.0,5.8e-05,0.0,1.0,0.0,0.5,-0.3939,broker
rebasar,30,0,#aec7e8,0.0016773993847891,1,1,0,0,7.0,0.0,0.0,4.4e-05,0.0,0.0,0.0,0.0,-1.1717,periferico
despensa,30,12,#aec7e8,0.0011165150208398,3,0,3,0,0.0,16.0,0.0,5.2e-05,0.0,1.0,0.0,0.4444,-1.4142,periferico
tipico,30,5,#aec7e8,0.0020597476977854,4,0,4,0,0.0,21.0,0.0,5.6e-05,0.0,1.0,0.0,0.625,-1.2339,broker
pluvial,30,4,#aec7e8,0.0062584122642874,4,0,4,0,0.0,21.0,0.0,5.8e-05,0.0,1.0,0.0,0.625,-0.6189,broker
broma,30,6,#aec7e8,0.001560439239256,4,0,4,0,0.0,22.0,0.0,5.8e-05,0.0,1.0,0.0,0.75,-1.2748,broker
ligado,30,12,#aec7e8,0.0016738332342356,1,1,0,0,6.0,0.0,0.0,5.4e-05,0.0,0.0,0.0,0.0,-0.3536,periferico
colocado,30,12,#aec7e8,0.0010270491475239,1,1,0,0,6.0,0.0,0.0,5.4e-05,0.0,0.0,0.0,0.0,-0.3536,periferico
piedra,30,13,#aec7e8,0.0022761325817555,6,0,6,0,0.0,29.0,0.0,6.6e-05,0.0,0.9333,0.0,0.7778,-1.0,broker
audio,30,3,#aec7e8,0.0019931551069021,3,1,2,0,6.0,9.0,0.0,6.4e-05,0.0,0.3333,0.0,0.4444,0.2148,periferico
amigos,30,1,#aec7e8,0.0019168503349646,7,2,5,0,12.0,22.0,0.0,6.9e-05,0.0,1.0,0.0,0.6122,0.0,broker
verga,30,8,#aec7e8,0.0010003416100516,9,1,8,0,6.0,37.0,0.0,7.8e-05,0.0,0.8889,0.0,0.7901,-1.0,broker
humilde,30,11,#aec7e8,0.0014406357659026,14,0,14,0,0.0,62.0,0.0,0.000113,0.0,0.8132,0.0,0.8878,0.2462,broker
despedida,30,0,#aec7e8,0.0012787070591002,1,1,0,0,6.0,0.0,0.0,4.4e-05,0.0,0.0,0.0,0.0,-1.1717,periferico
ine,30,5,#aec7e8,0.0043602120131254,8,1,7,0,6.0,32.0,0.0,8.7e-05,0.0,0.6786,0.0,0.8125,-0.5695,broker
reclamar,30,5,#aec7e8,0.0020379677880555,4,2,2,0,12.0,8.0,0.0,6.4e-05,0.0,0.6667,0.0,0.5,0.0949,broker
sale,30,5,#aec7e8,0.0012579595204442,3,0,3,0,0.0,15.0,0.0,5.8e-05,0.0,0.3333,0.0,0.6667,-0.5695,broker
creador,30,4,#aec7e8,0.0011598902055993,6,0,6,0,0.0,28.0,0.0,6.5e-05,0.0,1.0,0.0,0.7778,-0.6189,broker
definitivo,30,5,#aec7e8,0.0015048093628138,3,0,3,0,0.0,13.0,0.0,5e-05,0.0,1.0,0.0,0.4444,-1.2339,periferico
cotidiano,30,11,#aec7e8,0.0021161667536944,2,0,2,0,0.0,9.0,0.0,4.6e-05,0.0,1.0,0.0,0.5,-1.4771,broker
recomendacion,30,5,#aec7e8,0.0036513672675937,4,0,4,0,0.0,18.0,0.0,5.7e-05,0.0,0.8333,0.0,0.625,0.0949,broker
viral,30,3,#aec7e8,0.0048913527280092,4,0,4,0,0.0,17.0,0.0,5.7e-05,0.0,0.8333,0.0,0.75,-0.3939,broker
tamano,30,7,#aec7e8,0.0025285664014518,2,0,2,0,0.0,9.0,0.0,5e-05,0.0,1.0,0.0,0.5,-0.9899,broker
urna,30,3,#aec7e8,0.0011162238661199,1,0,1,0,0.0,5.0,0.0,4.4e-05,0.0,0.0,0.0,0.0,-1.0026,periferico
miente,30,11,#aec7e8,0.0011411395389586,3,0,3,0,0.0,13.0,0.0,5.2e-05,0.0,0.6667,0.0,0.4444,-0.6155,periferico
variar,30,10,#aec7e8,0.0010663130087777,1,0,1,0,0.0,5.0,0.0,4.6e-05,0.0,0.0,0.0,0.0,-0.3162,periferico
chedraui,30,12,#aec7e8,0.0011903569102287,1,0,1,0,0.0,5.0,0.0,4.4e-05,0.0,0.0,0.0,0.0,-0.3536,periferico
belico,30,11,#aec7e8,0.0010341323213651,2,0,2,0,0.0,8.0,0.0,4.9e-05,0.0,1.0,0.0,0.5,-0.6155,broker
vicio,30,7,#aec7e8,0.0010486824903637,3,0,3,0,0.0,12.0,0.0,4.9e-05,0.0,1.0,0.0,0.6667,-0.9899,broker
taxi,30,3,#aec7e8,0.001079375622794,4,0,4,0,0.0,16.0,0.0,6.5e-05,0.0,0.3333,0.0,0.75,-0.3939,broker
porcentaje,30,10,#aec7e8,0.0019910689443349,3,0,3,0,0.0,12.0,0.0,0.000106,0.0,0.3333,0.0,0.6667,-0.3162,broker
llover,30,3,#aec7e8,0.0015904328320175,2,0,2,0,0.0,8.0,0.0,4.6e-05,0.0,1.0,0.0,0.5,-0.3939,broker
matrimonio,30,4,#aec7e8,0.0036890665069222,2,0,2,0,0.0,8.0,0.0,5.5e-05,0.0,0.0,0.0,0.5,-1.1346,broker
comparacion,30,10,#aec7e8,0.0044000982306897,1,0,1,0,0.0,4.0,0.0,6.9e-05,0.0,0.0,0.0,0.0,-0.3162,periferico
mariela,30,8,#aec7e8,0.0056649898178875,1,0,1,0,0.0,4.0,0.0,4.7e-05,0.0,0.0,0.0,0.0,-1.0,periferico
expresion,2,1,#2ca02c,0.0349014513194561,15,2,3,10,177.0,16.0,719.0,0.000711,0.0,0.4762,0.0,0.8356,0.0,broker
libertad,2,1,#2ca02c,0.0421601384878158,30,2,18,10,182.0,108.0,739.0,0.001278,0.0,0.1333,0.0,0.8956,1.8257,broker
responsabilidad,2,1,#2ca02c,0.0344153605401515,10,2,4,4,139.0,28.0,329.0,0.000498,0.0,0.2889,0.0,0.84,0.0,broker
medalla,2,2,#2ca02c,0.0120857087895274,6,5,1,0,96.0,5.0,0.0,0.000525,0.0,0.4,0.0,0.2778,1.2806,periferico
oro,2,2,#2ca02c,0.0134952059015631,12,3,9,0,69.0,49.0,0.0,0.000637,0.0,0.1667,0.0,0.75,1.2806,broker
cancion,2,5,#2ca02c,0.0117013147100806,12,3,9,0,41.0,42.0,0.0,0.000455,0.0,0.1364,0.0,0.8056,1.7321,broker
cantante,2,5,#2ca02c,0.0051503144204616,2,1,1,0,24.0,7.0,0.0,0.000159,0.0,1.0,0.0,0.5,-0.866,broker
love,2,0,#2ca02c,0.0081031741574406,18,6,12,0,60.0,58.0,0.0,0.000872,0.0,0.1569,0.0,0.4444,2.0845,periferico
time,2,0,#2ca02c,0.0052788630127906,15,6,9,0,57.0,39.0,0.0,0.000708,0.0,0.2762,0.0,0.0,2.593,hub_endogamico
sonar,2,5,#2ca02c,0.004600141197443,14,1,13,0,10.0,73.0,0.0,0.000439,0.0,0.1648,0.0,0.8061,0.866,broker
participacion,2,2,#2ca02c,0.005684760864824,25,5,19,1,45.0,103.0,101.0,0.000881,0.0,0.0633,0.0,0.8192,2.3546,broker
inicio,2,3,#2ca02c,0.0093936100602149,18,4,13,1,35.0,91.0,65.0,0.000633,0.0,0.1765,0.0,0.8827,2.2188,broker
like,2,0,#2ca02c,0.0089363725855946,16,5,11,0,37.0,57.0,0.0,0.000674,0.0,0.1917,0.0,0.4141,1.8303,periferico
preparar,2,3,#2ca02c,0.0076296296902,6,2,4,0,19.0,20.0,0.0,0.000209,0.0,0.3333,0.0,0.7778,0.2774,broker
conade,2,2,#2ca02c,0.002535703824833,2,1,1,0,13.0,5.0,0.0,0.00012,0.0,1.0,0.0,0.0,-0.3305,periferico
dama,2,8,#2ca02c,0.0011724133510142,1,1,0,0,12.0,0.0,0.0,0.000261,0.0,0.0,0.0,0.0,0.2236,periferico
hierro,2,8,#2ca02c,0.0018576687434688,1,1,0,0,12.0,0.0,0.0,0.000261,0.0,0.0,0.0,0.0,0.2236,periferico
thank,2,0,#2ca02c,0.0034197692293673,11,5,6,0,36.0,27.0,0.0,0.000464,0.0,0.3091,0.0,0.0,1.5761,periferico
diaz,2,4,#2ca02c,0.0210893005132675,8,1,7,0,12.0,36.0,0.0,0.00031,0.0,0.2143,0.0,0.8438,0.4804,broker
tono,2,4,#2ca02c,0.0066494299098849,5,1,4,0,12.0,17.0,0.0,0.000192,0.0,0.5,0.0,0.48,1.4412,periferico
get,2,0,#2ca02c,0.0029400072526186,10,4,6,0,29.0,25.0,0.0,0.0004,0.0,0.4,0.0,0.0,1.3219,periferico
know,2,0,#2ca02c,0.0027741873636841,11,3,8,0,25.0,37.0,0.0,0.000456,0.0,0.3636,0.0,0.1653,1.3219,periferico
coming,2,5,#2ca02c,0.00209087645635,1,1,0,0,11.0,0.0,0.0,9e-05,0.0,0.0,0.0,0.0,-0.866,periferico
genial,2,4,#2ca02c,0.0024027058389037,7,1,6,0,10.0,28.0,0.0,0.000268,0.0,0.1905,0.0,0.7755,0.4804,broker
wow,2,4,#2ca02c,0.0056294593960046,11,1,10,0,10.0,48.0,0.0,0.000385,0.0,0.2364,0.0,0.7769,1.4412,broker
simplemente,2,5,#2ca02c,0.0074342996813356,6,2,4,0,16.0,20.0,0.0,0.000187,0.0,0.4,0.0,0.7222,0.0,broker
entrenadora,2,2,#2ca02c,0.0013716142857447,3,1,2,0,10.0,8.0,0.0,0.000114,0.0,1.0,0.0,0.0,0.2065,periferico
happy,2,0,#2ca02c,0.0019718816038221,3,2,1,0,15.0,4.0,0.0,0.000163,0.0,1.0,0.0,0.0,-0.4576,periferico
always,2,0,#2ca02c,0.0019205545540899,4,1,3,0,9.0,14.0,0.0,0.000184,0.0,0.8333,0.0,0.0,-0.2034,periferico
day,2,0,#2ca02c,0.0039712353609502,9,4,5,0,28.0,21.0,0.0,0.000426,0.0,0.2222,0.0,0.0,1.0677,periferico
live,2,0,#2ca02c,0.0067151556722819,2,1,1,0,9.0,6.0,0.0,0.000142,0.0,0.0,0.0,0.5,-0.966,broker
cris,2,3,#2ca02c,0.0011705296346917,1,1,0,0,9.0,0.0,0.0,0.000108,0.0,0.0,0.0,0.0,-0.6934,periferico
gustavo,2,3,#2ca02c,0.0116619942709803,4,2,2,0,15.0,8.0,0.0,0.000206,0.0,0.1667,0.0,0.625,0.2774,broker
creativo,2,2,#2ca02c,0.0021519802976399,1,1,0,0,8.0,0.0,0.0,6.3e-05,0.0,0.0,0.0,0.0,-0.8675,periferico
even,2,0,#2ca02c,0.0020155326928943,6,2,4,0,14.0,19.0,0.0,0.000264,0.0,0.5333,0.0,0.0,0.3051,periferico
plataforma,2,3,#2ca02c,0.0051821265369653,5,1,4,0,8.0,17.0,0.0,0.000133,0.0,0.5,0.0,0.72,0.2774,broker
torres,2,6,#2ca02c,0.0127225294709205,9,2,7,0,13.0,33.0,0.0,0.000385,0.0,0.0833,0.0,0.6173,2.083,broker
baile,2,2,#2ca02c,0.0076519292779266,3,2,1,0,13.0,4.0,0.0,0.00015,0.0,0.3333,0.0,0.4444,-0.3305,periferico
aportar,2,3,#2ca02c,0.0032684835605323,4,2,2,0,13.0,10.0,0.0,0.00015,0.0,0.3333,0.0,0.375,1.2481,periferico
photo,2,0,#2ca02c,0.0012578312307596,3,0,3,0,0.0,16.0,0.0,0.000153,0.0,0.3333,0.0,0.4444,-0.7118,periferico
youtube,2,8,#2ca02c,0.0026958093512803,8,0,8,0,0.0,41.0,0.0,0.000289,0.0,0.1429,0.0,0.75,-1.3416,broker
licenciado,2,6,#2ca02c,0.0015543610788881,2,1,1,0,7.0,4.0,0.0,0.000121,0.0,1.0,0.0,0.0,0.1302,periferico
going,2,0,#2ca02c,0.0017326838569715,6,2,4,0,13.0,16.0,0.0,0.000266,0.0,0.2667,0.0,0.0,0.3051,periferico
see,2,0,#2ca02c,0.0033240125048905,6,1,5,0,7.0,23.0,0.0,0.000273,0.0,0.1333,0.0,0.2778,0.0508,periferico
every,2,0,#2ca02c,0.002018041210249,9,1,8,0,7.0,34.0,0.0,0.00032,0.0,0.4444,0.0,0.0,1.0677,periferico
canasta,2,4,#2ca02c,0.0072838151827454,7,0,7,0,0.0,34.0,0.0,0.000286,0.0,0.0476,0.0,0.7347,1.4412,broker
much,2,0,#2ca02c,0.002540404908359,9,3,6,0,19.0,27.0,0.0,0.000331,0.0,0.4722,0.0,0.1975,0.8135,periferico
military,2,0,#2ca02c,0.0014556819805875,2,1,1,0,7.0,4.0,0.0,0.000114,0.0,1.0,0.0,0.0,-0.7118,periferico
finanza,2,3,#2ca02c,0.0131119918078184,3,1,2,0,6.0,11.0,0.0,0.000112,0.0,0.3333,0.0,0.6667,-0.6934,broker
tiendas,2,3,#2ca02c,0.0117219928652048,2,1,1,0,7.0,4.0,0.0,9.8e-05,0.0,0.0,0.0,0.0,0.2774,periferico
posada,2,2,#2ca02c,0.0039724251255393,4,2,2,0,12.0,9.0,0.0,0.000279,0.0,0.1667,0.0,0.375,0.2065,periferico
reunido,2,2,#2ca02c,0.003618101356551,1,1,0,0,6.0,0.0,0.0,0.000106,0.0,0.0,0.0,0.0,-0.8675,periferico
disco,2,2,#2ca02c,0.0031808086205273,2,1,1,0,6.0,4.0,0.0,8.5e-05,0.0,0.0,0.0,0.5,-0.8675,broker
smith,2,2,#2ca02c,0.0013035594020038,1,1,0,0,6.0,0.0,0.0,5.7e-05,0.0,0.0,0.0,0.0,-0.8675,periferico
invitado,2,5,#2ca02c,0.0040783113799989,3,0,3,0,0.0,14.0,0.0,9.9e-05,0.0,0.3333,0.0,0.6667,-0.866,broker
originario,2,7,#2ca02c,0.0115377940237522,7,0,7,0,0.0,32.0,0.0,0.000161,0.0,0.4286,0.0,0.8163,0.2236,broker
proyeccion,2,7,#2ca02c,0.0052301757968962,1,0,1,0,0.0,6.0,0.0,5.7e-05,0.0,0.0,0.0,0.0,-1.3416,periferico
please,2,0,#2ca02c,0.002062059007585,3,1,2,0,6.0,8.0,0.0,0.000135,0.0,0.3333,0.0,0.0,-0.4576,periferico
really,2,0,#2ca02c,0.0011260466417297,1,1,0,0,6.0,0.0,0.0,7.6e-05,0.0,0.0,0.0,0.0,-0.966,periferico
alumna,2,2,#2ca02c,0.0030550337396562,3,1,2,0,6.0,9.0,0.0,8.2e-05,0.0,0.6667,0.0,0.4444,-0.3305,periferico
central,2,9,#2ca02c,0.0065568834543228,7,0,7,0,0.0,34.0,0.0,0.000273,0.0,0.1905,0.0,0.8571,0.0,broker
diputados,2,6,#2ca02c,0.0039422721602022,2,0,2,0,0.0,10.0,0.0,5.8e-05,0.0,0.0,0.0,0.5,-1.1717,broker
tenor,2,6,#2ca02c,0.0011098270770162,5,2,3,0,12.0,13.0,0.0,0.000231,0.0,0.3,0.0,0.32,1.4321,periferico
ofelia,2,6,#2ca02c,0.0014407953713089,2,1,1,0,6.0,4.0,0.0,0.000111,0.0,1.0,0.0,0.5,-0.5208,broker
money,2,0,#2ca02c,0.0022544122766703,4,1,3,0,6.0,13.0,0.0,0.000164,0.0,0.3333,0.0,0.0,-0.2034,periferico
desempenar,2,7,#2ca02c,0.006439852528274,2,1,1,0,6.0,4.0,0.0,0.000136,0.0,0.0,0.0,0.5,0.2236,broker
luisa,2,7,#2ca02c,0.0023453664034605,1,1,0,0,6.0,0.0,0.0,0.000108,0.0,0.0,0.0,0.0,0.2236,periferico
presionar,2,9,#2ca02c,0.0025139718782156,2,1,1,0,6.0,5.0,0.0,0.00018,0.0,0.0,0.0,0.0,1.4142,periferico
shembaum,2,9,#2ca02c,0.0015196214662864,1,1,0,0,6.0,0.0,0.0,0.000122,0.0,0.0,0.0,0.0,0.0,periferico
subida,2,4,#2ca02c,0.0016676228260621,2,0,2,0,0.0,11.0,0.0,0.000103,0.0,0.0,0.0,0.5,-0.4804,broker
television,2,3,#2ca02c,0.008746993727982,6,0,6,0,0.0,26.0,0.0,0.000225,0.0,0.0,0.0,0.7778,0.2774,broker
back,2,0,#2ca02c,0.002298827515915,2,0,2,0,0.0,9.0,0.0,0.000102,0.0,0.0,0.0,0.0,-0.7118,periferico
actually,2,0,#2ca02c,0.001035549910739,2,0,2,0,0.0,9.0,0.0,0.000104,0.0,0.0,0.0,0.0,-0.7118,periferico
mexican,2,0,#2ca02c,0.0024188782554119,1,0,1,0,0.0,5.0,0.0,7.1e-05,0.0,0.0,0.0,0.0,-0.966,periferico
carne,2,7,#2ca02c,0.0029203903395682,4,0,4,0,0.0,18.0,0.0,0.000122,0.0,0.5,0.0,0.625,1.7889,broker
farsa,2,4,#2ca02c,0.0042534456588327,1,0,1,0,0.0,5.0,0.0,7.5e-05,0.0,0.0,0.0,0.0,-0.4804,periferico
competir,2,6,#2ca02c,0.0070963124744594,4,0,4,0,0.0,18.0,0.0,0.000178,0.0,0.3333,0.0,0.5,0.1302,broker
brutal,2,1,#2ca02c,0.0019641700200736,1,0,1,0,0.0,5.0,0.0,4.4e-05,0.0,0.0,0.0,0.0,-0.9129,periferico
life,2,0,#2ca02c,0.001494416152127,5,0,5,0,0.0,23.0,0.0,0.000185,0.0,0.8,0.0,0.0,0.0508,periferico
desgraciadamente,2,7,#2ca02c,0.0019664999563246,3,0,3,0,0.0,13.0,0.0,0.000118,0.0,0.3333,0.0,0.6667,0.2236,broker
petro,2,3,#2ca02c,0.0033158236183226,2,0,2,0,0.0,9.0,0.0,0.000115,0.0,0.0,0.0,0.5,-1.6641,broker
castro,2,6,#2ca02c,0.005945055745542,4,0,4,0,0.0,17.0,0.0,0.000123,0.0,0.3333,0.0,0.625,0.1302,broker
united,2,0,#2ca02c,0.001142697641626,1,0,1,0,0.0,5.0,0.0,0.00011,0.0,0.0,0.0,0.0,-0.966,periferico
want,2,0,#2ca02c,0.0016470928676426,3,0,3,0,0.0,13.0,0.0,0.000218,0.0,0.0,0.0,0.0,-0.4576,periferico
need,2,0,#2ca02c,0.0019610861781984,5,0,5,0,0.0,21.0,0.0,0.000213,0.0,0.3,0.0,0.0,0.0508,periferico
reality,2,3,#2ca02c,0.0105448234826326,3,0,3,0,0.0,14.0,0.0,0.000115,0.0,0.0,0.0,0.6667,-1.6641,broker
things,2,0,#2ca02c,0.0034440699964761,4,0,4,0,0.0,17.0,0.0,0.000156,0.0,0.5,0.0,0.0,-0.2034,periferico
led,2,4,#2ca02c,0.0052537494339048,1,0,1,0,0.0,5.0,0.0,6.7e-05,0.0,0.0,0.0,0.0,-0.4804,periferico
ocupacion,2,6,#2ca02c,0.0012139594182372,1,0,1,0,0.0,5.0,0.0,8.1e-05,0.0,0.0,0.0,0.0,-0.5208,periferico
divertir,2,2,#2ca02c,0.004114762879908,1,0,1,0,0.0,4.0,0.0,8.3e-05,0.0,0.0,0.0,0.0,-0.8675,periferico
perra,2,4,#2ca02c,0.001461180858314,3,0,3,0,0.0,12.0,0.0,0.000161,0.0,0.0,0.0,0.6667,-0.4804,broker
pisar,2,4,#2ca02c,0.0020633204840123,1,0,1,0,0.0,4.0,0.0,4.3e-05,0.0,0.0,0.0,0.0,-1.4412,periferico
next,2,0,#2ca02c,0.0011714360443875,2,0,2,0,0.0,8.0,0.0,9.4e-05,0.0,1.0,0.0,0.0,-0.7118,periferico
nothing,2,0,#2ca02c,0.0015189262339845,2,0,2,0,0.0,8.0,0.0,0.000127,0.0,0.0,0.0,0.0,-0.7118,periferico
got,2,0,#2ca02c,0.0013714274391531,1,0,1,0,0.0,4.0,0.0,7.4e-05,0.0,0.0,0.0,0.0,-0.966,periferico
cumplido,2,3,#2ca02c,0.0083916084840893,1,0,1,0,0.0,4.0,0.0,6.9e-05,0.0,0.0,0.0,0.0,-0.6934,periferico
history,2,0,#2ca02c,0.0029878437053412,1,0,1,0,0.0,4.0,0.0,6.4e-05,0.0,0.0,0.0,0.0,-0.966,periferico
delegado,2,6,#2ca02c,0.0106379175558686,2,0,2,0,0.0,8.0,0.0,9.6e-05,0.0,0.0,0.0,0.5,-0.5208,broker
privar,2,1,#2ca02c,0.002325769746676,1,0,1,0,0.0,4.0,0.0,4.3e-05,0.0,0.0,0.0,0.0,-0.9129,periferico
bus,2,6,#2ca02c,0.0022578695788979,1,0,1,0,0.0,4.0,0.0,8.3e-05,0.0,0.0,0.0,0.0,-1.1717,periferico
tipejo,2,4,#2ca02c,0.0013175650965422,1,0,1,0,0.0,4.0,0.0,8.5e-05,0.0,0.0,0.0,0.0,-0.4804,periferico
never,2,0,#2ca02c,0.0011308878893032,3,0,3,0,0.0,12.0,0.0,0.000116,0.0,0.6667,0.0,0.0,-0.4576,periferico
invento,2,7,#2ca02c,0.0012008786434307,1,0,1,0,0.0,4.0,0.0,4.3e-05,0.0,0.0,0.0,0.0,-1.3416,periferico
celaya,2,8,#2ca02c,0.0026532628107815,1,0,1,0,0.0,4.0,0.0,0.000191,0.0,0.0,0.0,0.0,0.2236,periferico
irapuato,2,8,#2ca02c,0.0028479564934968,2,0,2,0,0.0,8.0,0.0,0.000401,0.0,0.0,0.0,0.0,1.7889,periferico
vibra,2,8,#2ca02c,0.0015939603326842,1,0,1,0,0.0,4.0,0.0,0.000191,0.0,0.0,0.0,0.0,0.2236,periferico
republicano,2,9,#2ca02c,0.0017385800601914,1,0,1,0,0.0,4.0,0.0,4.3e-05,0.0,0.0,0.0,0.0,-1.4142,periferico
movilizar,2,8,#2ca02c,0.0138780167326331,1,0,1,0,0.0,4.0,0.0,6.1e-05,0.0,0.0,0.0,0.0,-1.3416,periferico
establecimiento,2,3,#2ca02c,0.0132358567789196,2,0,2,0,0.0,8.0,0.0,8.7e-05,0.0,0.0,0.0,0.0,0.2774,periferico
anunciado,2,3,#2ca02c,0.0059138243086636,2,0,2,0,0.0,8.0,0.0,9.2e-05,0.0,0.0,0.0,0.0,0.2774,periferico
jaibo,2,4,#2ca02c,0.0103032458573579,1,0,1,0,0.0,4.0,0.0,5.1e-05,0.0,0.0,0.0,0.0,-1.4412,periferico
helped,2,0,#2ca02c,0.0013725572498515,2,0,2,0,0.0,8.0,0.0,0.000159,0.0,0.0,0.0,0.5,-0.966,broker
national,2,0,#2ca02c,0.0012182199861854,1,0,1,0,0.0,4.0,0.0,0.000106,0.0,0.0,0.0,0.0,-0.966,periferico
dia,18,1,#dbdb8d,0.0378444530069828,136,16,80,40,602.0,2555.0,4945.0,0.005259,0.0,0.112,0.0,0.9473,2.8824,conector_provincial
mujer,18,2,#dbdb8d,0.0324320308864116,82,6,61,15,377.0,1506.0,1478.0,0.00221,0.0,0.2114,0.0,0.9304,1.6164,broker
llegar,18,4,#dbdb8d,0.0107630193233489,83,9,66,8,111.0,1615.0,763.0,0.001783,0.0,0.2016,0.0,0.9177,3.1172,conector_provincial
hombre,18,2,#dbdb8d,0.0147207481786608,42,3,39,0,199.0,606.0,0.0,0.000562,0.0,0.4483,0.0,0.8844,-0.2694,broker
amor,18,1,#dbdb8d,0.0168209876865148,50,11,37,2,442.0,547.0,159.0,0.000802,0.0,0.338,0.0,0.8808,1.6924,broker
corazon,18,1,#dbdb8d,0.0123865427449345,60,10,47,3,391.0,586.0,229.0,0.000833,0.0,0.2836,0.0,0.9017,1.4544,broker
encontrar,18,3,#dbdb8d,0.0163700021803379,61,9,51,1,203.0,1049.0,106.0,0.001017,0.0,0.2825,0.0,0.9057,1.9846,broker
mantener,18,6,#dbdb8d,0.0167101789265871,59,4,51,4,72.0,890.0,340.0,0.000846,0.0,0.3226,0.0,0.8969,1.9403,broker
fuerte,18,0,#dbdb8d,0.0121550131589174,60,10,47,3,295.0,712.0,275.0,0.000842,0.0,0.3068,0.0,0.9006,1.0102,broker
lluvia,18,0,#dbdb8d,0.0244981907308101,39,11,25,3,465.0,327.0,362.0,0.000706,0.0,0.4912,0.0,0.8692,1.0102,broker
mujeres,18,2,#dbdb8d,0.0030939374119043,14,3,11,0,106.0,76.0,0.0,0.000147,0.0,0.7582,0.0,0.8265,0.3592,broker
cuerpo,18,3,#dbdb8d,0.0212433114647865,41,6,35,0,118.0,458.0,0.0,0.000445,0.0,0.4293,0.0,0.8864,0.8682,broker
camino,18,1,#dbdb8d,0.0081133805215358,33,5,28,0,161.0,309.0,0.0,0.000334,0.0,0.5758,0.0,0.8503,0.5024,broker
condicion,18,0,#dbdb8d,0.0161145944148302,41,11,28,2,332.0,428.0,139.0,0.00058,0.0,0.4951,0.0,0.8685,1.0102,broker
temperatura,18,0,#dbdb8d,0.0318040996789932,34,11,19,4,448.0,290.0,391.0,0.000783,0.0,0.4742,0.0,0.846,1.0102,broker
minimo,18,0,#dbdb8d,0.0084276022389531,27,7,19,1,151.0,267.0,159.0,0.000452,0.0,0.6838,0.0,0.8258,-0.202,broker
pronostico,18,0,#dbdb8d,0.0123321246355772,15,9,6,0,270.0,72.0,0.0,0.000236,0.0,0.9429,0.0,0.5867,-0.202,broker
cual,18,0,#dbdb8d,0.0075077945366501,28,8,20,0,141.0,256.0,0.0,0.000292,0.0,0.5926,0.0,0.8367,-0.8081,broker
alcanzar,18,6,#dbdb8d,0.0117390286177396,32,2,30,0,57.0,429.0,0.0,0.000346,0.0,0.6048,0.0,0.834,0.4851,broker
viento,18,0,#dbdb8d,0.0095117324963212,18,10,8,0,274.0,104.0,0.0,0.000261,0.0,0.7974,0.0,0.5926,1.0102,broker
humano,18,7,#dbdb8d,0.0125220632180571,39,3,36,0,37.0,501.0,0.0,0.000397,0.0,0.4764,0.0,0.8876,1.6733,broker
adolfo,18,9,#dbdb8d,0.0100342687219381,6,1,5,0,58.0,44.0,0.0,0.000111,0.0,0.9333,0.0,0.8333,1.0,broker
ruiz,18,9,#dbdb8d,0.0115515636280179,14,1,13,0,58.0,127.0,0.0,0.000174,0.0,0.7033,0.0,0.8673,1.0,broker
refugio,18,5,#dbdb8d,0.0070861666463315,17,3,14,0,77.0,150.0,0.0,0.000203,0.0,0.6765,0.0,0.8028,1.5266,broker
temporal,18,5,#dbdb8d,0.0064380639232695,15,2,13,0,66.0,107.0,0.0,0.000162,0.0,0.7143,0.0,0.7733,0.898,broker
iniciar,18,10,#dbdb8d,0.0063285152427852,36,2,33,1,15.0,296.0,74.0,0.000278,0.0,0.554,0.0,0.8843,0.8367,broker
luchar,18,2,#dbdb8d,0.0027115074917674,18,5,13,0,69.0,124.0,0.0,0.000163,0.0,0.6863,0.0,0.8395,0.9878,broker
martes,18,4,#dbdb8d,0.0181998219341039,23,2,21,0,30.0,188.0,0.0,0.000206,0.0,0.6838,0.0,0.8015,0.3801,broker
felicitacion,18,1,#dbdb8d,0.0043512578122317,12,3,9,0,49.0,41.0,0.0,0.00012,0.0,0.6364,0.0,0.75,0.0264,broker
permanecer,18,3,#dbdb8d,0.0145424148067832,30,4,26,0,61.0,211.0,0.0,0.000218,0.0,0.6368,0.0,0.8689,0.4961,broker
golfo,18,0,#dbdb8d,0.012275100685656,23,8,14,1,129.0,146.0,82.0,0.000254,0.0,0.7273,0.0,0.7977,-0.202,broker
sentido,18,7,#dbdb8d,0.006959818303585,25,2,23,0,33.0,214.0,0.0,0.000217,0.0,0.5567,0.0,0.8736,0.8367,broker
combustible,18,3,#dbdb8d,0.0084826964884996,14,2,12,0,30.0,99.0,0.0,0.000119,0.0,0.8242,0.0,0.8571,-0.6202,broker
profundo,18,1,#dbdb8d,0.0051813647150993,19,4,15,0,72.0,95.0,0.0,0.000146,0.0,0.7251,0.0,0.8476,0.0264,broker
interior,18,3,#dbdb8d,0.0036684763617813,10,3,7,0,46.0,64.0,0.0,0.000107,0.0,0.9556,0.0,0.74,0.124,broker
caminar,18,11,#dbdb8d,0.0063055320642888,14,0,14,0,0.0,155.0,0.0,0.000134,0.0,0.8242,0.0,0.7959,0.0,broker
frio,18,0,#dbdb8d,0.0060942210257053,22,7,15,0,110.0,126.0,0.0,0.000188,0.0,0.6926,0.0,0.7521,-0.202,broker
posteriormente,18,3,#dbdb8d,0.0042509529739618,16,4,12,0,52.0,99.0,0.0,0.000137,0.0,0.7583,0.0,0.8125,0.4961,broker
inspirar,18,2,#dbdb8d,0.0024346977006644,9,2,7,0,29.0,56.0,0.0,9e-05,0.0,0.8611,0.0,0.7407,-0.2694,broker
carga,18,7,#dbdb8d,0.0036227540113031,14,2,12,0,17.0,98.0,0.0,0.000111,0.0,0.8352,0.0,0.8367,0.0,broker
trasladar,18,3,#dbdb8d,0.0086126867681741,16,6,10,0,68.0,79.0,0.0,0.000141,0.0,0.7417,0.0,0.75,1.2403,broker
temprano,18,10,#dbdb8d,0.0037393877282738,11,0,11,0,0.0,92.0,0.0,9.3e-05,0.0,0.9091,0.0,0.7769,-0.8367,broker
luna,18,4,#dbdb8d,0.0032686658669263,16,1,15,0,20.0,102.0,0.0,0.000114,0.0,0.8583,0.0,0.8281,-0.5322,broker
valentia,18,2,#dbdb8d,0.0038908647838979,7,2,5,0,27.0,42.0,0.0,7.9e-05,0.0,1.0,0.0,0.6939,-0.898,broker
precaucion,18,0,#dbdb8d,0.007710195146501,17,5,12,0,58.0,84.0,0.0,0.000132,0.0,0.7574,0.0,0.7612,-2.0203,broker
ven,18,4,#dbdb8d,0.00212550512515,8,3,5,0,32.0,33.0,0.0,8.3e-05,0.0,0.6786,0.0,0.7812,0.3801,broker
meta,18,6,#dbdb8d,0.0056961914524436,15,2,13,0,24.0,114.0,0.0,0.000121,0.0,0.9048,0.0,0.8089,-0.2425,broker
dominguez,18,8,#dbdb8d,0.0027271846774965,3,1,2,0,17.0,18.0,0.0,6.9e-05,0.0,1.0,0.0,0.6667,-0.4082,broker
ortiz,18,8,#dbdb8d,0.0070215314626693,9,1,8,0,17.0,59.0,0.0,0.000107,0.0,0.7222,0.0,0.8148,0.8165,broker
pesado,18,7,#dbdb8d,0.0036288779228925,11,2,9,0,14.0,59.0,0.0,8.4e-05,0.0,0.8,0.0,0.8264,0.0,broker
maestra,18,8,#dbdb8d,0.0023010224103927,13,1,12,0,6.0,79.0,0.0,0.000106,0.0,0.7179,0.0,0.8402,0.8165,broker
gratitud,18,1,#dbdb8d,0.0018782730912789,6,3,3,0,42.0,19.0,0.0,7.5e-05,0.0,1.0,0.0,0.5,-0.2116,broker
solidaridad,18,5,#dbdb8d,0.0011187607888132,16,0,16,0,0.0,98.0,0.0,9.9e-05,0.0,0.7833,0.0,0.8672,-0.3592,broker
raiz,18,10,#dbdb8d,0.0026066915597766,12,1,11,0,6.0,82.0,0.0,9.2e-05,0.0,0.9545,0.0,0.8194,-0.8367,broker
iluminar,18,1,#dbdb8d,0.0012394100194796,3,3,0,0,33.0,0.0,0.0,5.8e-05,0.0,1.0,0.0,0.0,-0.4496,periferico
admiracion,18,1,#dbdb8d,0.0022385187912732,7,3,4,0,34.0,23.0,0.0,7.2e-05,0.0,1.0,0.0,0.6122,-0.2116,broker
apreciar,18,1,#dbdb8d,0.0020603132434189,2,1,1,0,15.0,4.0,0.0,5e-05,0.0,1.0,0.0,0.5,-0.9256,broker
ubicacion,18,5,#dbdb8d,0.0022234348580241,6,0,6,0,0.0,46.0,0.0,6.7e-05,0.0,0.8667,0.0,0.8333,-0.9878,broker
vos,18,1,#dbdb8d,0.0026487812865525,4,2,2,0,21.0,15.0,0.0,6e-05,0.0,1.0,0.0,0.375,-0.4496,periferico
fruto,18,11,#dbdb8d,0.0025003044866025,6,0,6,0,0.0,43.0,0.0,6.4e-05,0.0,1.0,0.0,0.7778,0.0,broker
habilitar,18,5,#dbdb8d,0.0027417074888944,5,2,3,0,24.0,21.0,0.0,7.1e-05,0.0,0.9,0.0,0.56,0.2694,broker
bendecir,18,11,#dbdb8d,0.0027055509854108,10,0,10,0,0.0,80.0,0.0,8.6e-05,0.0,1.0,0.0,0.74,0.0,broker
vicente,18,5,#dbdb8d,0.0068230084143579,13,1,12,0,7.0,73.0,0.0,9.3e-05,0.0,0.7179,0.0,0.8402,0.2694,broker
protegido,18,11,#dbdb8d,0.0027740402147173,7,0,7,0,0.0,48.0,0.0,6.7e-05,0.0,1.0,0.0,0.7755,0.0,broker
trabajadora,18,2,#dbdb8d,0.0017416755435988,4,1,3,0,13.0,12.0,0.0,5.3e-05,0.0,1.0,0.0,0.625,-1.5266,broker
valles,18,3,#dbdb8d,0.0015435464447364,4,1,3,0,13.0,15.0,0.0,5.7e-05,0.0,1.0,0.0,0.75,-0.9923,broker
agosto,18,10,#dbdb8d,0.0112198246642947,17,2,15,0,15.0,89.0,0.0,0.000107,0.0,0.8676,0.0,0.8581,0.8367,broker
mision,18,6,#dbdb8d,0.004897384904325,8,1,7,0,10.0,49.0,0.0,7.4e-05,0.0,0.9286,0.0,0.8125,-0.9701,broker
atento,18,0,#dbdb8d,0.0034820025321096,15,3,12,0,27.0,77.0,0.0,0.000101,0.0,0.8476,0.0,0.72,-1.4142,broker
guia,18,1,#dbdb8d,0.0027788165025413,6,3,3,0,31.0,14.0,0.0,6.6e-05,0.0,1.0,0.0,0.6667,-0.4496,broker
perfil,18,6,#dbdb8d,0.0076911319047212,5,1,4,0,7.0,30.0,0.0,6.1e-05,0.0,1.0,0.0,0.72,-0.9701,broker
solidario,18,7,#dbdb8d,0.0030015574302524,7,1,6,0,7.0,37.0,0.0,6.5e-05,0.0,1.0,0.0,0.7755,0.0,broker
espiritual,18,1,#dbdb8d,0.0013150145532563,8,3,5,0,27.0,27.0,0.0,7.7e-05,0.0,0.8214,0.0,0.6562,-0.2116,broker
muchisimos,18,4,#dbdb8d,0.0021129408851265,6,1,5,0,10.0,32.0,0.0,6.3e-05,0.0,1.0,0.0,0.7778,-0.5322,broker
barrera,18,4,#dbdb8d,0.0015934807015582,5,1,4,0,10.0,27.0,0.0,6.1e-05,0.0,1.0,0.0,0.72,-0.5322,broker
satisfaccion,18,1,#dbdb8d,0.0017832174198701,2,1,1,0,10.0,4.0,0.0,4.9e-05,0.0,1.0,0.0,0.0,-0.6876,periferico
moda,18,9,#dbdb8d,0.0032807237002998,3,0,3,0,0.0,24.0,0.0,5.3e-05,0.0,1.0,0.0,0.6667,-1.0,broker
aportacion,18,6,#dbdb8d,0.0018287530401721,3,0,3,0,0.0,20.0,0.0,5e-05,0.0,1.0,0.0,0.4444,-0.2425,periferico
tratamiento,18,10,#dbdb8d,0.0026181796565651,18,1,17,0,6.0,110.0,0.0,0.000123,0.0,0.7712,0.0,0.8457,1.6733,broker
fallecido,18,7,#dbdb8d,0.0010829508537426,8,0,8,0,0.0,43.0,0.0,6.5e-05,0.0,0.9643,0.0,0.8125,-0.8367,broker
escolta,18,3,#dbdb8d,0.0010359596926718,3,1,2,0,7.0,14.0,0.0,5.2e-05,0.0,1.0,0.0,0.6667,-0.9923,broker
panico,18,4,#dbdb8d,0.0044356416910886,1,1,0,0,9.0,0.0,0.0,4.5e-05,0.0,0.0,0.0,0.0,-0.5322,periferico
caliente,18,4,#dbdb8d,0.0016973098972812,11,2,9,0,13.0,54.0,0.0,8.3e-05,0.0,0.7273,0.0,0.7934,-0.076,broker
moises,18,1,#dbdb8d,0.0112180458381772,5,2,3,0,14.0,12.0,0.0,5.4e-05,0.0,1.0,0.0,0.56,-0.4496,broker
roberto,18,8,#dbdb8d,0.0067312489263713,8,0,8,0,0.0,41.0,0.0,7e-05,0.0,0.7143,0.0,0.8438,-0.4082,broker
financiar,18,9,#dbdb8d,0.0023124911822378,1,0,1,0,0.0,8.0,0.0,4.4e-05,0.0,0.0,0.0,0.0,-1.0,periferico
juana,18,8,#dbdb8d,0.0032246217597275,9,1,8,0,6.0,45.0,0.0,9.4e-05,0.0,0.6667,0.0,0.716,2.0412,broker
enfermeria,18,1,#dbdb8d,0.0036292329896241,2,1,1,0,8.0,6.0,0.0,4.7e-05,0.0,1.0,0.0,0.5,-0.9256,broker
debut,18,4,#dbdb8d,0.0016655214130878,3,1,2,0,7.0,10.0,0.0,6.4e-05,0.0,0.6667,0.0,0.4444,-0.076,periferico
ernesto,18,10,#dbdb8d,0.0060083288699388,9,0,9,0,0.0,42.0,0.0,6.5e-05,0.0,0.9722,0.0,0.8148,-0.8367,broker
piloto,18,4,#dbdb8d,0.0013321586884558,3,1,2,0,6.0,9.0,0.0,4.8e-05,0.0,1.0,0.0,0.6667,-0.5322,broker
catedral,18,8,#dbdb8d,0.002116329036653,6,0,6,0,0.0,27.0,0.0,6.1e-05,0.0,0.6,0.0,0.6667,-0.4082,broker
hospitalizado,18,3,#dbdb8d,0.0015136844012886,1,1,0,0,6.0,0.0,0.0,4.3e-05,0.0,0.0,0.0,0.0,-0.9923,periferico
tripulacion,18,8,#dbdb8d,0.0024467431940138,1,0,1,0,0.0,6.0,0.0,4.2e-05,0.0,0.0,0.0,0.0,-1.633,periferico
religion,18,11,#dbdb8d,0.0011812060838565,2,0,2,0,0.0,10.0,0.0,4.5e-05,0.0,1.0,0.0,0.5,0.0,broker
salas,18,1,#dbdb8d,0.0018132944824174,1,1,0,0,6.0,0.0,0.0,4.2e-05,0.0,0.0,0.0,0.0,-0.9256,periferico
percance,18,3,#dbdb8d,0.0033261561766266,8,1,7,0,6.0,33.0,0.0,8.3e-05,0.0,0.7143,0.0,0.6875,-0.2481,broker
rojas,18,8,#dbdb8d,0.0017395988106727,3,0,3,0,0.0,13.0,0.0,4.9e-05,0.0,0.6667,0.0,0.6667,-0.4082,broker
ines,18,8,#dbdb8d,0.0010172668844461,2,0,2,0,0.0,9.0,0.0,4.9e-05,0.0,1.0,0.0,0.5,-0.4082,broker
lanzamiento,18,4,#dbdb8d,0.0016761334845796,3,0,3,0,0.0,14.0,0.0,6e-05,0.0,0.6667,0.0,0.6667,-0.5322,broker
avanzado,18,11,#dbdb8d,0.0014252566033974,3,0,3,0,0.0,13.0,0.0,4.7e-05,0.0,1.0,0.0,0.4444,0.0,periferico
exteir,18,1,#dbdb8d,0.0013532526791095,2,0,2,0,0.0,8.0,0.0,4.6e-05,0.0,1.0,0.0,0.0,-0.6876,periferico
cochinero,18,7,#dbdb8d,0.0011526576709002,1,0,1,0,0.0,4.0,0.0,4.1e-05,0.0,0.0,0.0,0.0,-1.6733,periferico
libramiento,18,3,#dbdb8d,0.0024159443564713,1,0,1,0,0.0,4.0,0.0,4.2e-05,0.0,0.0,0.0,0.0,-1.3644,periferico
carranza,18,5,#dbdb8d,0.0011179689317941,2,0,2,0,0.0,8.0,0.0,4.9e-05,0.0,0.0,0.0,0.5,-1.6164,broker
mantente,18,4,#dbdb8d,0.0016129260184243,1,0,1,0,0.0,4.0,0.0,4.2e-05,0.0,0.0,0.0,0.0,-0.5322,periferico
toque,18,10,#dbdb8d,0.0011817812919616,3,0,3,0,0.0,12.0,0.0,4.7e-05,0.0,1.0,0.0,0.6667,-0.8367,broker
civil,22,4,#2ca02c,0.0169238615781068,81,6,71,4,502.0,1316.0,451.0,0.001071,0.0,0.4324,0.0,0.8974,1.3859,broker
proteccion,22,4,#2ca02c,0.0177634302526712,78,7,66,5,526.0,1363.0,541.0,0.001152,0.0,0.4416,0.0,0.8945,1.8898,broker
centro,22,1,#2ca02c,0.0146408788859844,90,7,78,5,565.0,1281.0,689.0,0.001262,0.0,0.379,0.0,0.8988,1.3725,broker
zona,22,1,#2ca02c,0.0356252864003181,128,7,97,24,905.0,2735.0,3033.0,0.003334,0.0,0.2393,0.0,0.92,1.3725,broker
norte,22,1,#2ca02c,0.0086977807804942,78,5,69,4,460.0,863.0,478.0,0.000884,0.0,0.4602,0.0,0.8925,0.1525,broker
calle,22,3,#2ca02c,0.0201040059328079,87,8,75,4,462.0,1577.0,610.0,0.001341,0.0,0.4154,0.0,0.8915,1.9863,broker
colonia,22,3,#2ca02c,0.0233598183840513,110,10,80,20,469.0,2080.0,2089.0,0.002263,0.0,0.2901,0.0,0.9192,1.9863,broker
municipio,22,1,#2ca02c,0.0127356676384806,105,5,91,9,455.0,1954.0,1184.0,0.001714,0.0,0.32,0.0,0.8983,0.1525,broker
estatal,22,0,#2ca02c,0.0105635877698659,81,15,59,7,657.0,1057.0,721.0,0.001169,0.0,0.4105,0.0,0.8983,1.5732,broker
guardia,22,0,#2ca02c,0.0087502785027027,48,11,36,1,406.0,396.0,66.0,0.000418,0.0,0.648,0.0,0.8741,0.6883,broker
seguridad,22,0,#2ca02c,0.0227239374071359,115,16,80,19,700.0,2179.0,2017.0,0.002342,0.0,0.2793,0.0,0.919,1.5732,broker
avenida,22,3,#2ca02c,0.0081172492355108,51,3,47,1,302.0,512.0,140.0,0.000472,0.0,0.6188,0.0,0.8881,0.5905,broker
publicos,22,2,#2ca02c,0.0028465881478041,37,9,27,1,197.0,226.0,89.0,0.000278,0.0,0.6982,0.0,0.8386,0.5871,broker
servicios,22,2,#2ca02c,0.0066055399365723,48,9,38,1,205.0,335.0,111.0,0.000352,0.0,0.6161,0.0,0.8663,0.8147,broker
operativo,22,0,#2ca02c,0.0143038760870695,63,12,50,1,384.0,572.0,109.0,0.000523,0.0,0.553,0.0,0.8763,1.352,broker
hidalgo,22,3,#2ca02c,0.0053210142068564,42,3,38,1,176.0,366.0,85.0,0.000316,0.0,0.7085,0.0,0.8832,-0.1074,broker
area,22,2,#2ca02c,0.0109188565984368,68,12,55,1,170.0,841.0,103.0,0.000558,0.0,0.525,0.0,0.8715,1.4977,broker
riesgo,22,7,#2ca02c,0.0156761389225721,74,8,65,1,143.0,937.0,80.0,0.000582,0.0,0.4754,0.0,0.8908,1.9248,broker
elemento,22,0,#2ca02c,0.0113155739381909,56,9,47,0,305.0,595.0,0.0,0.000439,0.0,0.6149,0.0,0.861,1.1307,broker
obras,22,5,#2ca02c,0.0030066345352679,28,5,23,0,145.0,246.0,0.0,0.000207,0.0,0.9048,0.0,0.852,0.417,broker
publicas,22,5,#2ca02c,0.0032447129487991,28,5,23,0,136.0,202.0,0.0,0.000186,0.0,0.8413,0.0,0.8444,0.417,broker
vial,22,5,#2ca02c,0.007348105777055,41,6,34,1,125.0,390.0,91.0,0.000311,0.0,0.6951,0.0,0.865,0.8862,broker
poblacion,22,7,#2ca02c,0.0076925116591155,71,4,66,1,75.0,918.0,94.0,0.000542,0.0,0.4994,0.0,0.8816,0.7301,broker
transito,22,5,#2ca02c,0.0068904585205018,53,4,48,1,187.0,576.0,82.0,0.000415,0.0,0.6531,0.0,0.8864,0.8862,broker
vialidad,22,5,#2ca02c,0.0053401039913296,45,5,39,1,175.0,418.0,107.0,0.000352,0.0,0.6798,0.0,0.8849,0.417,broker
atender,22,6,#2ca02c,0.007102683186531,78,7,69,2,122.0,1011.0,180.0,0.000634,0.0,0.4832,0.0,0.884,1.3752,broker
bomberos,22,4,#2ca02c,0.0043853376992046,33,3,29,1,147.0,282.0,83.0,0.000267,0.0,0.7898,0.0,0.865,-0.126,broker
unidad,22,8,#2ca02c,0.0090723019093275,79,4,74,1,57.0,1119.0,128.0,0.000653,0.0,0.4677,0.0,0.8723,0.0,broker
personal,22,6,#2ca02c,0.0119485277682542,74,9,64,1,130.0,1024.0,82.0,0.000596,0.0,0.5228,0.0,0.8882,1.0176,broker
limpieza,22,2,#2ca02c,0.0045145847834646,51,12,38,1,226.0,466.0,101.0,0.000408,0.0,0.6337,0.0,0.842,1.7253,broker
vigilancia,22,0,#2ca02c,0.0070524900220334,44,11,33,0,266.0,370.0,0.0,0.000316,0.0,0.7209,0.0,0.8585,0.6883,broker
direccion,22,5,#2ca02c,0.0058285044506192,59,6,52,1,163.0,701.0,203.0,0.000518,0.0,0.6213,0.0,0.8877,0.417,broker
delegacion,22,1,#2ca02c,0.0030338959768414,29,4,25,0,132.0,180.0,0.0,0.000176,0.0,0.8079,0.0,0.8561,0.1525,broker
cercano,22,1,#2ca02c,0.0024461669381707,37,4,33,0,126.0,308.0,0.0,0.000229,0.0,0.7282,0.0,0.8882,-0.4575,broker
labor,22,2,#2ca02c,0.0057277763262391,74,13,55,6,195.0,819.0,518.0,0.000718,0.0,0.4813,0.0,0.8919,1.27,broker
dependencia,22,0,#2ca02c,0.0052113304845988,52,12,40,0,205.0,486.0,0.0,0.000346,0.0,0.6652,0.0,0.8728,0.6883,broker
evitar,22,7,#2ca02c,0.0109394751489162,68,8,60,0,123.0,718.0,0.0,0.000424,0.0,0.5579,0.0,0.8828,1.5266,broker
reforzar,22,0,#2ca02c,0.0030282945372164,33,6,26,1,128.0,266.0,85.0,0.000247,0.0,0.8598,0.0,0.876,-0.4179,broker
sitio,22,6,#2ca02c,0.004971005488187,40,4,36,0,41.0,316.0,0.0,0.000198,0.0,0.741,0.0,0.8838,0.3025,broker
instalacion,22,5,#2ca02c,0.0054385173134505,47,4,42,1,41.0,498.0,85.0,0.000321,0.0,0.6818,0.0,0.8846,-0.0521,broker
reportar,22,8,#2ca02c,0.0103997001424431,51,4,47,0,60.0,506.0,0.0,0.000293,0.0,0.6408,0.0,0.8827,0.0,broker
emergencia,22,6,#2ca02c,0.010289411060512,57,10,47,0,128.0,556.0,0.0,0.000361,0.0,0.5746,0.0,0.8704,2.0902,broker
comapa,22,3,#2ca02c,0.0047974111512303,39,3,33,3,83.0,273.0,249.0,0.000412,0.0,0.6329,0.0,0.8981,0.5905,broker
limpio,22,2,#2ca02c,0.0033703655935823,39,13,25,1,179.0,246.0,110.0,0.000288,0.0,0.7179,0.0,0.8337,1.0424,broker
circulacion,22,8,#2ca02c,0.0062462943606078,33,4,29,0,59.0,264.0,0.0,0.000181,0.0,0.8011,0.0,0.876,0.0,broker
obrera,22,3,#2ca02c,0.0010017678141593,5,1,4,0,34.0,44.0,0.0,7.2e-05,0.0,1.0,0.0,0.72,-0.8052,broker
registrado,22,8,#2ca02c,0.0044485721737146,33,4,29,0,38.0,237.0,0.0,0.000161,0.0,0.7936,0.0,0.8852,0.0,broker
constante,22,2,#2ca02c,0.0034513303544372,37,5,32,0,51.0,260.0,0.0,0.000174,0.0,0.7913,0.0,0.878,-0.3235,broker
reglamento,22,5,#2ca02c,0.0015561555046588,13,1,12,0,18.0,113.0,0.0,9.4e-05,0.0,0.859,0.0,0.8402,-0.9904,broker
camion,22,2,#2ca02c,0.0053083044476807,31,9,21,1,93.0,213.0,77.0,0.000224,0.0,0.6624,0.0,0.8137,0.5871,broker
corporacion,22,0,#2ca02c,0.0023414422757923,28,6,22,0,79.0,147.0,0.0,0.000135,0.0,0.8466,0.0,0.8393,-0.1966,broker
elias,22,3,#2ca02c,0.0012237032642588,9,2,7,0,43.0,37.0,0.0,7.5e-05,0.0,0.8333,0.0,0.6914,-0.1074,broker
mantenimiento,22,2,#2ca02c,0.0063708657398819,38,9,29,0,135.0,276.0,0.0,0.000222,0.0,0.7468,0.0,0.8532,0.1318,broker
permanente,22,0,#2ca02c,0.0050497930496931,35,6,29,0,100.0,235.0,0.0,0.000182,0.0,0.8101,0.0,0.8539,-0.1966,broker
descacharrizacion,22,2,#2ca02c,0.0011730174301192,16,4,12,0,42.0,88.0,0.0,9.6e-05,0.0,0.8583,0.0,0.7109,-0.3235,broker
intervencion,22,6,#2ca02c,0.0027083489112555,34,3,31,0,25.0,220.0,0.0,0.000144,0.0,0.861,0.0,0.8685,-0.4125,broker
coordinador,22,0,#2ca02c,0.0020563716534525,15,3,12,0,44.0,95.0,0.0,9.7e-05,0.0,0.8952,0.0,0.8267,-1.0816,broker
correspondiente,22,0,#2ca02c,0.0061923437751829,34,8,26,0,92.0,169.0,0.0,0.000156,0.0,0.738,0.0,0.8547,0.0246,broker
inmediato,22,6,#2ca02c,0.0055120298638939,47,6,41,0,62.0,278.0,0.0,0.0002,0.0,0.6605,0.0,0.8782,0.3025,broker
preventivo,22,4,#2ca02c,0.0047307526692748,32,2,30,0,43.0,236.0,0.0,0.000157,0.0,0.8911,0.0,0.8496,-0.6299,broker
protocolo,22,6,#2ca02c,0.0023183941375464,21,3,18,0,25.0,106.0,0.0,0.000103,0.0,0.7286,0.0,0.7937,-0.055,broker
solicitar,22,9,#2ca02c,0.0047753467224538,39,1,38,0,6.0,340.0,0.0,0.000193,0.0,0.749,0.0,0.8784,2.0028,broker
incidente,22,6,#2ca02c,0.0036257097963243,30,3,27,0,27.0,171.0,0.0,0.000127,0.0,0.8207,0.0,0.8578,-0.055,broker
prevenir,22,7,#2ca02c,0.0031029712408781,36,3,33,0,39.0,224.0,0.0,0.000156,0.0,0.7571,0.0,0.8611,0.3319,broker
reparacion,22,3,#2ca02c,0.0025122263468801,26,3,23,0,49.0,149.0,0.0,0.00013,0.0,0.7815,0.0,0.8698,-0.4563,broker
reciente,22,9,#2ca02c,0.0032360556069761,22,0,22,0,0.0,162.0,0.0,0.000109,0.0,0.8831,0.0,0.8388,0.8433,broker
recoleccion,22,2,#2ca02c,0.0019930822309106,18,8,10,0,83.0,80.0,0.0,0.000112,0.0,0.9412,0.0,0.7099,-0.0959,broker
disposicion,22,0,#2ca02c,0.0026232416275888,25,6,19,0,71.0,132.0,0.0,0.000127,0.0,0.87,0.0,0.8288,-0.4179,broker
retirar,22,2,#2ca02c,0.0030711393337696,34,4,30,0,30.0,208.0,0.0,0.000145,0.0,0.7487,0.0,0.8599,-0.0959,broker
ubicar,22,9,#2ca02c,0.0029055182822048,16,1,15,0,6.0,99.0,0.0,8.6e-05,0.0,0.825,0.0,0.8047,0.8433,broker
revisar,22,7,#2ca02c,0.0023088788148015,28,3,25,0,31.0,180.0,0.0,0.000136,0.0,0.7328,0.0,0.8571,-0.0664,broker
estadistica,22,9,#2ca02c,0.0019918039906769,11,1,10,0,6.0,71.0,0.0,7.4e-05,0.0,0.8182,0.0,0.7934,-0.3162,broker
corresponder,22,9,#2ca02c,0.0025763504672795,27,1,26,0,6.0,167.0,0.0,0.000125,0.0,0.7607,0.0,0.8861,0.8433,broker
eficiente,22,2,#2ca02c,0.0038082543760538,28,4,24,0,33.0,171.0,0.0,0.00013,0.0,0.7646,0.0,0.8495,-0.5511,broker
lesionado,22,8,#2ca02c,0.0037748061586171,25,4,21,0,52.0,143.0,0.0,0.000124,0.0,0.87,0.0,0.864,0.0,broker
peaton,22,7,#2ca02c,0.0016527083935216,12,2,10,0,23.0,78.0,0.0,8.4e-05,0.0,0.9545,0.0,0.8333,-1.2611,broker
automovilista,22,7,#2ca02c,0.0023641209118068,19,3,16,0,35.0,107.0,0.0,0.000105,0.0,0.7895,0.0,0.8255,-0.0664,broker
desplegar,22,0,#2ca02c,0.0014150759670883,8,2,6,0,22.0,32.0,0.0,6.2e-05,0.0,1.0,0.0,0.7188,-1.3028,broker
integridad,22,7,#2ca02c,0.0016937375767156,17,3,14,0,27.0,71.0,0.0,8.7e-05,0.0,0.9044,0.0,0.8097,-0.0664,broker
inmueble,22,7,#2ca02c,0.003137222956866,21,1,20,0,11.0,146.0,0.0,0.000108,0.0,0.881,0.0,0.8707,-0.4646,broker
cuadra,22,3,#2ca02c,0.0015299725346267,10,2,8,0,28.0,47.0,0.0,7.2e-05,0.0,0.8667,0.0,0.66,-0.1074,broker
contenedor,22,2,#2ca02c,0.0021480489522218,16,4,12,0,36.0,63.0,0.0,8.3e-05,0.0,0.9583,0.0,0.7188,-0.3235,broker
supervision,22,4,#2ca02c,0.0015604578657075,17,2,15,0,22.0,95.0,0.0,8.9e-05,0.0,0.8897,0.0,0.8443,-0.6299,broker
retiro,22,2,#2ca02c,0.0022784031461924,16,2,14,0,26.0,81.0,0.0,8.5e-05,0.0,0.9,0.0,0.8672,-1.0064,broker
establecido,22,7,#2ca02c,0.0017585655441507,9,2,7,0,20.0,49.0,0.0,6.9e-05,0.0,0.9167,0.0,0.716,-0.8628,broker
transparencia,22,0,#2ca02c,0.0025639776140451,10,2,8,0,13.0,45.0,0.0,6.4e-05,0.0,0.9333,0.0,0.72,-1.0816,broker
procuraduria,22,4,#2ca02c,0.0016269276384264,8,1,7,0,13.0,30.0,0.0,5.8e-05,0.0,0.9643,0.0,0.75,-1.1339,broker
conocimiento,22,9,#2ca02c,0.0022304577287286,24,0,24,0,0.0,143.0,0.0,0.0001,0.0,0.913,0.0,0.8785,-0.3162,broker
exhortar,22,7,#2ca02c,0.0024304836988449,11,2,9,0,20.0,52.0,0.0,7.1e-05,0.0,0.9455,0.0,0.6942,-0.0664,broker
precisar,22,0,#2ca02c,0.001245601219125,21,4,17,0,39.0,87.0,0.0,9.5e-05,0.0,0.8429,0.0,0.771,-0.1966,broker
disponible,22,9,#2ca02c,0.0045653851702809,18,0,18,0,0.0,104.0,0.0,8.4e-05,0.0,0.8758,0.0,0.821,-0.3162,broker
critico,22,2,#2ca02c,0.00207857391797,17,1,16,0,8.0,100.0,0.0,8.5e-05,0.0,0.9559,0.0,0.872,-1.2341,broker
material,22,2,#2ca02c,0.0022511761635541,31,4,27,0,27.0,172.0,0.0,0.000126,0.0,0.8237,0.0,0.8637,-0.0959,broker
vital,22,6,#2ca02c,0.0011671202955767,8,2,6,0,15.0,38.0,0.0,6.2e-05,0.0,0.8929,0.0,0.5938,-0.7701,broker
instalado,22,0,#2ca02c,0.0012049574870616,8,1,7,0,11.0,46.0,0.0,6.3e-05,0.0,1.0,0.0,0.6875,-1.3028,broker
espera,22,1,#2ca02c,0.0011368029518052,6,2,4,0,19.0,19.0,0.0,5.5e-05,0.0,1.0,0.0,0.7222,-1.6775,broker
bombero,22,4,#2ca02c,0.0011894075432792,9,3,6,0,24.0,39.0,0.0,6.6e-05,0.0,0.8611,0.0,0.7901,-0.126,broker
auditorio,22,1,#2ca02c,0.0013955702306702,4,2,2,0,18.0,13.0,0.0,5.2e-05,0.0,1.0,0.0,0.375,-1.0675,periferico
cementerio,22,3,#2ca02c,0.0012415091041475,7,1,6,0,7.0,31.0,0.0,5.5e-05,0.0,0.9524,0.0,0.6939,-0.4563,broker
inspeccion,22,4,#2ca02c,0.0015759471571072,8,2,6,0,17.0,27.0,0.0,5.8e-05,0.0,0.9286,0.0,0.7812,-0.6299,broker
contingencia,22,6,#2ca02c,0.0016598692163825,9,0,9,0,0.0,47.0,0.0,6e-05,0.0,0.9167,0.0,0.7654,-1.4852,broker
oportuno,22,6,#2ca02c,0.0011446413118392,13,3,10,0,22.0,56.0,0.0,7.1e-05,0.0,1.0,0.0,0.8521,-1.1276,broker
nayarit,22,3,#2ca02c,0.0012231869623064,2,1,1,0,9.0,4.0,0.0,4.5e-05,0.0,1.0,0.0,0.5,-1.1542,broker
gubernamental,22,0,#2ca02c,0.0014070309698581,6,2,4,0,16.0,18.0,0.0,5.3e-05,0.0,1.0,0.0,0.7222,-1.524,broker
activar,22,6,#2ca02c,0.0013343879254534,14,3,11,0,22.0,58.0,0.0,7.9e-05,0.0,0.8132,0.0,0.7551,-0.055,broker
elementos,22,6,#2ca02c,0.0016967803239822,13,1,12,0,9.0,68.0,0.0,7.1e-05,0.0,0.9615,0.0,0.8166,-1.1276,broker
complejo,22,9,#2ca02c,0.0024199390318244,10,0,10,0,0.0,56.0,0.0,6.2e-05,0.0,0.9556,0.0,0.64,-1.4757,broker
publicado,22,9,#2ca02c,0.0017108772881329,6,0,6,0,0.0,31.0,0.0,5.4e-05,0.0,0.9333,0.0,0.6667,-0.3162,broker
esquema,22,9,#2ca02c,0.0021122831385582,12,0,12,0,0.0,66.0,0.0,7.1e-05,0.0,0.8939,0.0,0.75,-0.3162,broker
salvaguardar,22,7,#2ca02c,0.0011159781133756,6,1,5,0,7.0,29.0,0.0,5.6e-05,0.0,1.0,0.0,0.7778,-1.6593,broker
bosque,22,3,#2ca02c,0.0016270100604742,3,1,2,0,6.0,9.0,0.0,4.5e-05,0.0,1.0,0.0,0.4444,-0.8052,periferico
continuo,22,5,#2ca02c,0.0019570863805711,6,0,6,0,0.0,31.0,0.0,5.2e-05,0.0,1.0,0.0,0.6667,-2.3979,broker
regularizacion,22,2,#2ca02c,0.0021213018335402,3,0,3,0,0.0,17.0,0.0,4.6e-05,0.0,1.0,0.0,0.6667,-1.6894,broker
recreativo,22,2,#2ca02c,0.0011472695041447,2,0,2,0,0.0,9.0,0.0,4.3e-05,0.0,1.0,0.0,0.5,-1.917,broker
newsletter,22,3,#2ca02c,0.0080863228067755,11,0,1,10,0.0,5.0,1003.0,0.000668,0.0,0.7636,0.0,0.7769,-1.1542,broker
formato,22,9,#2ca02c,0.0013329315697774,2,0,2,0,0.0,8.0,0.0,4.2e-05,0.0,1.0,0.0,0.5,-1.4757,broker
huachicol,19,0,#9edae5,0.0258122999221086,26,9,17,0,211.0,111.0,0.0,0.001234,0.0,0.1969,0.0,0.7456,2.3047,broker
lopez,19,0,#9edae5,0.0093609504401683,58,8,49,1,167.0,384.0,76.0,0.002355,0.0,0.1143,0.0,0.8971,2.3047,broker
fiscal,19,0,#9edae5,0.0049469843506813,20,6,14,0,139.0,73.0,0.0,0.000769,0.0,0.3474,0.0,0.735,1.4651,broker
norma,19,5,#9edae5,0.0054823472164571,3,1,2,0,33.0,8.0,0.0,0.000243,0.0,0.0,0.0,0.4444,0.7071,periferico
pina,19,5,#9edae5,0.002225907286629,4,1,3,0,33.0,16.0,0.0,0.000256,0.0,0.3333,0.0,0.625,0.7071,broker
aduana,19,0,#9edae5,0.0161162298172712,10,4,6,0,57.0,28.0,0.0,0.000324,0.0,0.6222,0.0,0.74,0.0658,broker
espanol,19,3,#9edae5,0.008893808349967,17,3,14,0,52.0,71.0,0.0,0.000493,0.0,0.3088,0.0,0.8512,1.7321,broker
ingles,19,3,#9edae5,0.006849130615592,8,3,5,0,54.0,24.0,0.0,0.000325,0.0,0.3929,0.0,0.75,0.866,broker
exposicion,19,1,#9edae5,0.0517704226076602,15,6,8,1,117.0,60.0,75.0,0.000597,0.0,0.3714,0.0,0.7733,0.7124,broker
metropolitano,19,1,#9edae5,0.0110629312694072,8,4,4,0,68.0,18.0,0.0,0.000299,0.0,0.4643,0.0,0.2188,1.0685,periferico
junio,19,1,#9edae5,0.0986094549298286,26,8,16,2,92.0,130.0,283.0,0.000923,0.0,0.2492,0.0,0.8491,1.4247,broker
galvez,19,4,#9edae5,0.0018089698860421,3,2,1,0,38.0,4.0,0.0,0.000222,0.0,0.3333,0.0,0.0,1.2247,periferico
xochitl,19,4,#9edae5,0.0030169561505317,5,2,3,0,37.0,23.0,0.0,0.000275,0.0,0.5,0.0,0.72,0.0,broker
clase,19,3,#9edae5,0.0119751878082752,24,2,22,0,28.0,162.0,0.0,0.000697,0.0,0.3225,0.0,0.8611,0.0,broker
generacion,19,6,#9edae5,0.0166391972452402,22,3,19,0,27.0,136.0,0.0,0.00057,0.0,0.3463,0.0,0.843,1.5119,broker
metro,19,1,#9edae5,0.0171645991504192,21,8,13,0,94.0,71.0,0.0,0.000611,0.0,0.3,0.0,0.7755,1.7809,broker
entrada,19,1,#9edae5,0.0133328437805175,12,5,7,0,59.0,42.0,0.0,0.000331,0.0,0.4848,0.0,0.75,0.3562,broker
moya,19,10,#9edae5,0.0041414457373321,4,2,2,0,26.0,10.0,0.0,0.000189,0.0,0.8333,0.0,0.375,0.2041,periferico
rocha,19,10,#9edae5,0.0039564715698361,6,2,4,0,25.0,23.0,0.0,0.000233,0.0,0.5333,0.0,0.6111,0.2041,broker
teatro,19,1,#9edae5,0.0045701381750404,15,5,10,0,49.0,52.0,0.0,0.00045,0.0,0.2571,0.0,0.6756,1.4247,broker
viaje,19,1,#9edae5,0.0246107019484043,14,4,10,0,43.0,68.0,0.0,0.000428,0.0,0.3846,0.0,0.7755,0.3562,broker
eliminar,19,8,#9edae5,0.0113255335018038,9,1,8,0,7.0,46.0,0.0,0.000225,0.0,0.4722,0.0,0.7901,-0.2673,broker
hidrocarburo,19,0,#9edae5,0.0118879713118076,3,2,1,0,27.0,4.0,0.0,0.000138,0.0,0.3333,0.0,0.4444,-0.4939,periferico
jorge,19,7,#9edae5,0.0124081438407301,9,1,8,0,6.0,48.0,0.0,0.000225,0.0,0.4722,0.0,0.8395,0.0,broker
campana,19,8,#9edae5,0.0067142113111913,20,3,17,0,25.0,98.0,0.0,0.000524,0.0,0.2316,0.0,0.88,2.1381,broker
tonto,19,2,#9edae5,0.0108958836644887,23,1,22,0,6.0,121.0,0.0,0.000593,0.0,0.2213,0.0,0.8809,1.5212,broker
banda,19,4,#9edae5,0.0101945595815777,14,3,11,0,37.0,65.0,0.0,0.000443,0.0,0.2308,0.0,0.8367,1.2247,broker
ramon,19,5,#9edae5,0.0045555671676993,4,0,4,0,0.0,27.0,0.0,0.000136,0.0,0.5,0.0,0.75,-1.4142,broker
museo,19,1,#9edae5,0.0108834095299243,10,4,6,0,37.0,39.0,0.0,0.000256,0.0,0.5333,0.0,0.56,0.7124,broker
rock,19,6,#9edae5,0.0057165357284247,3,1,2,0,13.0,12.0,0.0,0.000122,0.0,0.6667,0.0,0.4444,0.0,periferico
esterilizacion,19,8,#9edae5,0.0015403374563902,1,1,0,0,12.0,0.0,0.0,8.3e-05,0.0,0.0,0.0,0.0,-0.2673,periferico
huachicolero,19,0,#9edae5,0.0049402369186282,9,4,5,0,32.0,22.0,0.0,0.000219,0.0,0.8056,0.0,0.6173,0.3457,broker
afirmar,19,6,#9edae5,0.0067620761692523,12,2,10,0,14.0,68.0,0.0,0.000282,0.0,0.5455,0.0,0.7639,0.0,broker
blues,19,4,#9edae5,0.020592875778675,2,1,1,0,12.0,4.0,0.0,0.000103,0.0,0.0,0.0,0.5,-1.2247,broker
galeria,19,1,#9edae5,0.0016874021384865,3,2,1,0,21.0,5.0,0.0,0.000109,0.0,1.0,0.0,0.0,-0.3562,periferico
escandalo,19,0,#9edae5,0.0054565737955272,5,2,3,0,18.0,14.0,0.0,0.000148,0.0,0.9,0.0,0.56,-0.214,broker
payaso,19,3,#9edae5,0.0035844321828335,3,1,2,0,10.0,14.0,0.0,0.000128,0.0,0.6667,0.0,0.6667,-0.866,broker
paraiso,19,0,#9edae5,0.0040867920033633,2,2,0,0,17.0,0.0,0.0,9.3e-05,0.0,1.0,0.0,0.0,-0.4939,periferico
texas,19,11,#9edae5,0.0085665863007307,14,2,12,0,12.0,69.0,0.0,0.000317,0.0,0.4066,0.0,0.7551,1.8371,broker
periodistico,19,0,#9edae5,0.0021774440538138,1,1,0,0,10.0,0.0,0.0,7.2e-05,0.0,0.0,0.0,0.0,-0.7737,periferico
leal,19,5,#9edae5,0.0035901849623769,4,0,4,0,0.0,28.0,0.0,0.000143,0.0,0.5,0.0,0.625,0.7071,broker
combinar,19,1,#9edae5,0.0012051820522174,1,1,0,0,10.0,0.0,0.0,5.5e-05,0.0,0.0,0.0,0.0,-1.0685,periferico
seno,19,1,#9edae5,0.0013931327266618,2,1,1,0,9.0,4.0,0.0,8.5e-05,0.0,1.0,0.0,0.0,-0.7124,periferico
profesional,19,7,#9edae5,0.0028254564385861,18,1,17,0,8.0,88.0,0.0,0.000397,0.0,0.3268,0.0,0.8704,1.8257,broker
barco,19,0,#9edae5,0.0036949610803276,4,1,3,0,9.0,15.0,0.0,0.000114,0.0,0.6667,0.0,0.375,-0.214,periferico
boleto,19,7,#9edae5,0.014383552595973,12,1,11,0,6.0,62.0,0.0,0.000273,0.0,0.3939,0.0,0.7639,0.0,broker
comunicado,19,6,#9edae5,0.0027789119631052,7,0,7,0,0.0,41.0,0.0,0.000158,0.0,0.8571,0.0,0.8163,-0.7559,broker
surgir,19,6,#9edae5,0.0030940808355808,5,0,5,0,0.0,24.0,0.0,0.00016,0.0,0.3,0.0,0.72,0.0,broker
sinaloa,19,10,#9edae5,0.0169440545141696,9,2,7,0,15.0,34.0,0.0,0.000264,0.0,0.3333,0.0,0.716,1.2247,broker
cinismo,19,2,#9edae5,0.0035300878807902,6,0,6,0,0.0,31.0,0.0,0.000148,0.0,0.5333,0.0,0.6667,-0.2402,broker
ausencia,19,12,#9edae5,0.0042490023188292,4,1,3,0,8.0,15.0,0.0,0.000131,0.0,0.1667,0.0,0.75,0.7071,broker
doler,19,12,#9edae5,0.0056801745668053,7,1,6,0,8.0,25.0,0.0,0.000161,0.0,0.3333,0.0,0.7755,0.7071,broker
bye,19,3,#9edae5,0.0010907073738053,1,1,0,0,8.0,0.0,0.0,6.8e-05,0.0,0.0,0.0,0.0,-0.866,periferico
objeto,19,7,#9edae5,0.0071679921820759,3,1,2,0,8.0,9.0,0.0,9.1e-05,0.0,0.6667,0.0,0.6667,-0.9129,broker
martha,19,4,#9edae5,0.003501912811771,2,0,2,0,0.0,12.0,0.0,0.000101,0.0,0.0,0.0,0.5,-1.2247,broker
atraco,19,1,#9edae5,0.0016889754915609,1,1,0,0,8.0,0.0,0.0,5.2e-05,0.0,0.0,0.0,0.0,-1.0685,periferico
bolsillo,19,8,#9edae5,0.0027639460749924,1,0,1,0,0.0,8.0,0.0,6.5e-05,0.0,0.0,0.0,0.0,-1.069,periferico
farol,19,1,#9edae5,0.0010392182739451,2,1,1,0,7.0,4.0,0.0,9.9e-05,0.0,1.0,0.0,0.0,-0.7124,periferico
personaje,19,11,#9edae5,0.0110848285257816,18,1,17,0,6.0,86.0,0.0,0.000336,0.0,0.4314,0.0,0.8333,-0.2041,broker
figura,19,6,#9edae5,0.002931861905381,10,2,8,0,12.0,39.0,0.0,0.000208,0.0,0.4444,0.0,0.76,1.5119,broker
festejar,19,2,#9edae5,0.0035513220354914,8,2,6,0,12.0,28.0,0.0,0.000227,0.0,0.5714,0.0,0.7812,1.5212,broker
sucio,19,8,#9edae5,0.0070701176300644,7,0,7,0,0.0,36.0,0.0,0.000176,0.0,0.381,0.0,0.7755,-0.2673,broker
ojeda,19,0,#9edae5,0.001300532137975,2,1,1,0,7.0,5.0,0.0,7.8e-05,0.0,1.0,0.0,0.0,-0.4939,periferico
compania,19,9,#9edae5,0.00564985582605,7,0,7,0,0.0,36.0,0.0,0.000195,0.0,0.3333,0.0,0.7755,1.0,broker
jefa,19,2,#9edae5,0.0031071978155523,1,0,1,0,0.0,6.0,0.0,5.8e-05,0.0,0.0,0.0,0.0,-1.1209,periferico
tele,19,2,#9edae5,0.0015256006736308,2,1,1,0,6.0,4.0,0.0,8.1e-05,0.0,1.0,0.0,0.5,-0.2402,broker
exacto,19,8,#9edae5,0.0025953000877052,5,1,4,0,6.0,19.0,0.0,0.000126,0.0,0.7,0.0,0.72,-0.2673,broker
impresionante,19,10,#9edae5,0.0034308012109249,4,0,4,0,0.0,18.0,0.0,0.000104,0.0,0.5,0.0,0.375,0.2041,periferico
documentado,19,1,#9edae5,0.0011949421605095,1,1,0,0,6.0,0.0,0.0,4.8e-05,0.0,0.0,0.0,0.0,-1.0685,periferico
admirable,19,0,#9edae5,0.0018320840317755,1,1,0,0,6.0,0.0,0.0,5.8e-05,0.0,0.0,0.0,0.0,-0.7737,periferico
poderoso,19,2,#9edae5,0.0053083058446645,4,1,3,0,6.0,13.0,0.0,0.000107,0.0,0.8333,0.0,0.75,-0.2402,broker
drenaje,19,11,#9edae5,0.0121868224814534,3,1,2,0,6.0,8.0,0.0,8.9e-05,0.0,0.6667,0.0,0.6667,-0.2041,broker
agredir,19,2,#9edae5,0.0030173147097229,3,1,2,0,6.0,8.0,0.0,0.000148,0.0,0.3333,0.0,0.0,1.5212,periferico
cunado,19,0,#9edae5,0.0011823230888694,1,1,0,0,6.0,0.0,0.0,5.8e-05,0.0,0.0,0.0,0.0,-0.7737,periferico
conexion,19,1,#9edae5,0.0071972403675317,1,1,0,0,6.0,0.0,0.0,5.9e-05,0.0,0.0,0.0,0.0,-1.0685,periferico
contemporaneo,19,1,#9edae5,0.0011260492028668,2,0,2,0,0.0,9.0,0.0,8.9e-05,0.0,1.0,0.0,0.0,-0.7124,periferico
tamaulipa,19,11,#9edae5,0.0038306775968521,3,0,3,0,0.0,15.0,0.0,8.9e-05,0.0,0.6667,0.0,0.6667,-0.2041,broker
logistica,19,0,#9edae5,0.0017523081041872,1,0,1,0,0.0,5.0,0.0,5.5e-05,0.0,0.0,0.0,0.0,-0.7737,periferico
cargado,19,0,#9edae5,0.0020321195479482,3,0,3,0,0.0,13.0,0.0,8.1e-05,0.0,1.0,0.0,0.0,-0.214,periferico
cecilia,19,3,#9edae5,0.0014992912765592,2,0,2,0,0.0,9.0,0.0,6.9e-05,0.0,1.0,0.0,0.5,-0.866,broker
fortuna,19,12,#9edae5,0.0063003916293382,1,0,1,0,0.0,5.0,0.0,5.5e-05,0.0,0.0,0.0,0.0,-1.4142,periferico
carmona,19,0,#9edae5,0.0012381810229271,1,0,1,0,0.0,5.0,0.0,5.5e-05,0.0,0.0,0.0,0.0,-0.7737,periferico
padecer,19,5,#9edae5,0.0035779071040451,2,0,2,0,0.0,9.0,0.0,0.000107,0.0,0.0,0.0,0.5,-1.4142,broker
sindrome,19,5,#9edae5,0.0029769211541861,2,0,2,0,0.0,9.0,0.0,0.00011,0.0,0.0,0.0,0.0,0.7071,periferico
involucrar,19,0,#9edae5,0.0032028753776103,2,0,2,0,0.0,9.0,0.0,6.8e-05,0.0,1.0,0.0,0.0,-0.4939,periferico
agusto,19,2,#9edae5,0.0018081380985677,3,0,3,0,0.0,13.0,0.0,8.6e-05,0.0,0.6667,0.0,0.6667,-0.2402,broker
encuesta,19,9,#9edae5,0.007589363027364,1,0,1,0,0.0,5.0,0.0,6.2e-05,0.0,0.0,0.0,0.0,1.0,periferico
influyente,19,6,#9edae5,0.0016481886850669,2,0,2,0,0.0,10.0,0.0,7.1e-05,0.0,1.0,0.0,0.0,-1.5119,periferico
fascista,19,2,#9edae5,0.001404408016242,1,0,1,0,0.0,4.0,0.0,7.5e-05,0.0,0.0,0.0,0.0,-0.2402,periferico
cano,19,7,#9edae5,0.0027022880967706,2,0,2,0,0.0,8.0,0.0,6.6e-05,0.0,1.0,0.0,0.5,-0.9129,broker
cable,19,1,#9edae5,0.0097942752763628,1,0,1,0,0.0,4.0,0.0,5.2e-05,0.0,0.0,0.0,0.0,-1.0685,periferico
ahorro,19,2,#9edae5,0.0056308126077055,2,0,2,0,0.0,8.0,0.0,6.6e-05,0.0,0.0,0.0,0.5,-1.1209,broker
culiacan,19,10,#9edae5,0.0011522384593263,1,0,1,0,0.0,4.0,0.0,5.7e-05,0.0,0.0,0.0,0.0,-1.8371,periferico
ultimahora,19,4,#9edae5,0.0027031318750232,2,0,2,0,0.0,8.0,0.0,8.6e-05,0.0,0.0,0.0,0.0,0.0,periferico
apoderar,19,11,#9edae5,0.0018337160581722,1,0,1,0,0.0,4.0,0.0,5.2e-05,0.0,0.0,0.0,0.0,-1.2247,periferico
amp,19,9,#9edae5,0.0025430275127291,1,0,1,0,0.0,4.0,0.0,5.2e-05,0.0,0.0,0.0,0.0,-1.0,periferico
credibilidad,19,9,#9edae5,0.0024758742656558,1,0,1,0,0.0,4.0,0.0,5.5e-05,0.0,0.0,0.0,0.0,-1.0,periferico
negra,19,6,#9edae5,0.0012882174924015,1,0,1,0,0.0,4.0,0.0,6.2e-05,0.0,0.0,0.0,0.0,-0.7559,periferico
kilo,19,2,#9edae5,0.0064075430855154,1,0,1,0,0.0,4.0,0.0,5.4e-05,0.0,0.0,0.0,0.0,-1.1209,periferico
hijo,4,1,#9467bd,0.012884696945548,65,6,59,0,271.0,555.0,0.0,0.001968,0.0,0.1875,0.0,0.9245,1.3571,broker
madre,4,1,#9467bd,0.027303697541356,91,7,78,6,313.0,732.0,476.0,0.002988,0.0,0.1226,0.0,0.9388,1.7812,broker
hija,4,1,#9467bd,0.0120620774105191,34,4,30,0,154.0,190.0,0.0,0.000867,0.0,0.2888,0.0,0.917,0.933,broker
precio,4,0,#9467bd,0.0210591629147529,32,10,22,0,195.0,201.0,0.0,0.000915,0.0,0.4032,0.0,0.8242,1.9704,broker
producto,4,0,#9467bd,0.0139534324407577,29,9,20,0,172.0,163.0,0.0,0.000785,0.0,0.4039,0.0,0.8157,1.7154,broker
malo,4,2,#9467bd,0.0093797035515308,61,5,56,0,71.0,517.0,0.0,0.0015,0.0,0.2164,0.0,0.9336,1.7321,broker
vender,4,2,#9467bd,0.0129475612193346,57,4,53,0,63.0,503.0,0.0,0.001352,0.0,0.2312,0.0,0.9215,1.7321,broker
negocio,4,0,#9467bd,0.0048164939507842,38,9,28,1,120.0,275.0,74.0,0.000951,0.0,0.3385,0.0,0.8449,2.2253,broker
costar,4,0,#9467bd,0.0075016343034803,27,6,21,0,87.0,136.0,0.0,0.000517,0.0,0.4986,0.0,0.8505,0.9504,broker
comprar,4,4,#9467bd,0.0155503619462251,52,4,48,0,36.0,439.0,0.0,0.001155,0.0,0.2805,0.0,0.9083,2.3333,broker
meter,4,5,#9467bd,0.0111128007993102,50,3,47,0,29.0,373.0,0.0,0.000946,0.0,0.2776,0.0,0.9272,2.7517,conector_provincial
madres,4,9,#9467bd,0.0048411712050437,5,2,3,0,34.0,43.0,0.0,0.000244,0.0,0.4,0.0,0.48,0.5774,periferico
incremento,4,0,#9467bd,0.0059072370640933,12,5,7,0,73.0,35.0,0.0,0.000271,0.0,0.4848,0.0,0.6944,0.4404,broker
amanecer,4,9,#9467bd,0.004006247036159,2,2,0,0,34.0,0.0,0.0,0.000142,0.0,1.0,0.0,0.0,0.5774,periferico
entrar,4,8,#9467bd,0.0092897210270166,50,2,48,0,23.0,422.0,0.0,0.001092,0.0,0.2694,0.0,0.9152,1.9695,broker
cara,4,15,#9467bd,0.00970209389925,39,2,37,0,22.0,331.0,0.0,0.000814,0.0,0.3725,0.0,0.9257,1.4142,broker
alli,4,1,#9467bd,0.001934791333042,19,3,16,0,44.0,86.0,0.0,0.000311,0.0,0.5789,0.0,0.8864,0.0848,broker
sucursal,4,0,#9467bd,0.0112406695261597,2,1,1,0,24.0,5.0,0.0,0.0001,0.0,1.0,0.0,0.0,-0.5795,periferico
tienda,4,0,#9467bd,0.0164986290037632,21,8,13,0,92.0,85.0,0.0,0.00045,0.0,0.5238,0.0,0.7302,1.4604,broker
pronto,4,6,#9467bd,0.0031076550949364,30,2,28,0,38.0,201.0,0.0,0.000605,0.0,0.4023,0.0,0.9044,1.8371,broker
resignacion,4,6,#9467bd,0.0019435678841546,5,2,3,0,43.0,22.0,0.0,0.000193,0.0,0.6,0.0,0.56,0.6124,broker
puta,4,1,#9467bd,0.0030920896679162,7,3,4,0,45.0,25.0,0.0,0.000176,0.0,0.9524,0.0,0.6122,0.0848,broker
audiencia,4,3,#9467bd,0.0046776989474892,7,3,4,0,34.0,20.0,0.0,0.000206,0.0,0.381,0.0,0.6122,1.3522,broker
contigo,4,3,#9467bd,0.0016626339638605,5,2,3,0,28.0,12.0,0.0,0.000153,0.0,0.4,0.0,0.48,0.5916,periferico
perdida,4,6,#9467bd,0.0115037932991981,15,2,13,0,37.0,78.0,0.0,0.000327,0.0,0.5429,0.0,0.8533,1.2247,broker
dueno,4,14,#9467bd,0.0027267860714346,29,1,28,0,12.0,214.0,0.0,0.000526,0.0,0.4877,0.0,0.8847,0.0,broker
aca,4,7,#9467bd,0.0039513194933533,32,2,30,0,15.0,224.0,0.0,0.000574,0.0,0.4556,0.0,0.9062,1.3765,broker
asesinar,4,1,#9467bd,0.0047706463374197,11,3,8,0,40.0,38.0,0.0,0.000196,0.0,0.8,0.0,0.8595,-0.3393,broker
barato,4,0,#9467bd,0.0047787851653993,14,4,10,0,42.0,60.0,0.0,0.000245,0.0,0.8791,0.0,0.7857,0.1854,broker
mariposa,4,13,#9467bd,0.0013178344815969,2,1,1,0,16.0,5.0,0.0,0.000184,0.0,0.0,0.0,0.5,0.7071,broker
monarca,4,13,#9467bd,0.0013921502977609,1,1,0,0,16.0,0.0,0.0,0.000158,0.0,0.0,0.0,0.0,0.7071,periferico
alo,4,8,#9467bd,0.0056375344283878,18,1,17,0,16.0,98.0,0.0,0.000296,0.0,0.4575,0.0,0.9012,0.2462,broker
complice,4,15,#9467bd,0.005797469522804,18,1,17,0,15.0,105.0,0.0,0.000299,0.0,0.5882,0.0,0.8889,-0.7071,broker
suceder,4,16,#9467bd,0.0054269987158477,31,1,30,0,7.0,168.0,0.0,0.000422,0.0,0.4667,0.0,0.8991,0.0,broker
cobarde,4,12,#9467bd,0.0033705057576298,8,0,8,0,0.0,47.0,0.0,0.000135,0.0,0.6786,0.0,0.8438,0.5774,broker
carro,4,4,#9467bd,0.0037956447340548,16,2,14,0,19.0,81.0,0.0,0.000267,0.0,0.6167,0.0,0.8672,0.3333,broker
renta,4,14,#9467bd,0.0026829787530004,15,1,14,0,12.0,93.0,0.0,0.000256,0.0,0.6381,0.0,0.8711,1.4142,broker
aceptar,4,11,#9467bd,0.0053559634834527,21,1,20,0,7.0,117.0,0.0,0.000325,0.0,0.5048,0.0,0.8844,1.8764,broker
gato,4,5,#9467bd,0.003095859196037,11,1,10,0,11.0,68.0,0.0,0.000198,0.0,0.8364,0.0,0.8595,-0.2013,broker
vacio,4,0,#9467bd,0.0027934110257774,6,1,5,0,13.0,25.0,0.0,0.000111,0.0,0.9333,0.0,0.7778,-0.8345,broker
soportar,4,5,#9467bd,0.0038942405954003,2,0,2,0,0.0,18.0,0.0,7.1e-05,0.0,1.0,0.0,0.5,-0.9396,broker
fox,4,15,#9467bd,0.0033901706337928,10,1,9,0,7.0,56.0,0.0,0.000162,0.0,0.8667,0.0,0.8,-0.7071,broker
gasto,4,0,#9467bd,0.0053199781104922,13,4,9,0,35.0,44.0,0.0,0.000215,0.0,0.5769,0.0,0.7929,0.1854,broker
lejos,4,11,#9467bd,0.0023321902845054,6,0,6,0,0.0,35.0,0.0,0.000107,0.0,1.0,0.0,0.8333,-1.1547,broker
peticion,4,3,#9467bd,0.0019774646498262,6,3,3,0,25.0,16.0,0.0,0.000149,0.0,0.3333,0.0,0.6667,0.5916,broker
solucion,4,3,#9467bd,0.0014568482292816,17,1,16,0,11.0,95.0,0.0,0.000284,0.0,0.4559,0.0,0.8512,1.3522,broker
giro,4,0,#9467bd,0.00328248902224,4,1,3,0,11.0,13.0,0.0,8.5e-05,0.0,0.8333,0.0,0.375,-0.3245,periferico
nieta,4,1,#9467bd,0.003815549891442,1,1,0,0,11.0,0.0,0.0,6.3e-05,0.0,0.0,0.0,0.0,-1.1875,periferico
bote,4,2,#9467bd,0.0029610497877001,14,2,12,0,20.0,57.0,0.0,0.000199,0.0,0.8132,0.0,0.898,-0.5774,broker
gala,4,7,#9467bd,0.0012383920839056,1,1,0,0,11.0,0.0,0.0,0.000261,0.0,0.0,0.0,0.0,0.1147,periferico
tonka,4,7,#9467bd,0.0010272157378494,1,1,0,0,11.0,0.0,0.0,0.000261,0.0,0.0,0.0,0.0,0.1147,periferico
manipulacion,4,1,#9467bd,0.0017564980080351,4,2,2,0,19.0,9.0,0.0,9.3e-05,0.0,1.0,0.0,0.625,-0.7634,broker
colombiano,4,10,#9467bd,0.0016147723654285,6,0,6,0,0.0,34.0,0.0,0.000118,0.0,0.6,0.0,0.7222,2.0,broker
horrible,4,7,#9467bd,0.0023852337617427,13,1,12,0,9.0,71.0,0.0,0.000209,0.0,0.8205,0.0,0.8639,1.3765,broker
borrar,4,13,#9467bd,0.0036674535367637,5,0,5,0,0.0,39.0,0.0,0.000123,0.0,0.7,0.0,0.72,0.7071,broker
gratis,4,14,#9467bd,0.0040039136074483,7,0,7,0,0.0,50.0,0.0,0.000137,0.0,0.8571,0.0,0.8163,0.0,broker
interesar,4,5,#9467bd,0.0040614549070596,17,1,16,0,9.0,78.0,0.0,0.000224,0.0,0.7279,0.0,0.8789,0.5369,broker
adquirir,4,4,#9467bd,0.0020814989693462,6,1,5,0,9.0,26.0,0.0,0.000115,0.0,0.6667,0.0,0.7222,-0.3333,broker
injusto,4,8,#9467bd,0.0010578235378488,2,0,2,0,0.0,13.0,0.0,6.3e-05,0.0,1.0,0.0,0.5,-0.6155,broker
caja,4,0,#9467bd,0.0043668081052601,5,4,1,0,30.0,6.0,0.0,0.000111,0.0,1.0,0.0,0.32,-0.0695,periferico
recuperar,4,17,#9467bd,0.0015572207048535,13,0,13,0,0.0,74.0,0.0,0.000193,0.0,0.6667,0.0,0.8876,0.0,broker
obligar,4,4,#9467bd,0.0013914006995037,9,1,8,0,9.0,49.0,0.0,0.00016,0.0,0.7778,0.0,0.8395,-1.0,broker
afuera,4,4,#9467bd,0.0047574806958436,15,2,13,0,17.0,63.0,0.0,0.000211,0.0,0.6095,0.0,0.8889,0.3333,broker
raro,4,16,#9467bd,0.0027299846988171,12,1,11,0,7.0,68.0,0.0,0.00019,0.0,0.9394,0.0,0.8472,0.0,broker
montaje,4,5,#9467bd,0.0024747056886553,8,1,7,0,9.0,37.0,0.0,0.000137,0.0,0.6786,0.0,0.8125,-0.2013,broker
imss,4,3,#9467bd,0.0107098054140806,15,1,14,0,7.0,69.0,0.0,0.000214,0.0,0.5905,0.0,0.8533,-0.169,broker
placa,4,3,#9467bd,0.0037518288008868,8,0,8,0,0.0,42.0,0.0,0.000134,0.0,0.6786,0.0,0.8125,-1.6903,broker
tia,4,5,#9467bd,0.0027363891713321,7,1,6,0,6.0,35.0,0.0,0.000135,0.0,0.7143,0.0,0.6939,-0.2013,broker
acaso,4,10,#9467bd,0.0020210542716085,6,0,6,0,0.0,32.0,0.0,0.000106,0.0,0.8,0.0,0.7778,0.5,broker
grave,4,3,#9467bd,0.0043852138333022,24,1,23,0,7.0,121.0,0.0,0.000332,0.0,0.442,0.0,0.9097,-0.9297,broker
volar,4,13,#9467bd,0.0049312468618154,2,0,2,0,0.0,14.0,0.0,6.8e-05,0.0,1.0,0.0,0.0,-1.4142,periferico
interesante,4,17,#9467bd,0.0026527054142206,7,0,7,0,0.0,34.0,0.0,0.000107,0.0,1.0,0.0,0.8571,0.0,broker
ignorancia,4,4,#9467bd,0.00298653380014,12,0,12,0,0.0,58.0,0.0,0.000169,0.0,0.6212,0.0,0.8611,-1.0,broker
ganancia,4,0,#9467bd,0.0016938711050897,4,0,4,0,0.0,21.0,0.0,8.3e-05,0.0,0.8333,0.0,0.625,-0.5795,broker
pancho,4,7,#9467bd,0.0011799465864896,2,0,2,0,0.0,13.0,0.0,6.4e-05,0.0,1.0,0.0,0.5,-1.1471,broker
cerro,4,12,#9467bd,0.0012889408972114,4,0,4,0,0.0,19.0,0.0,8.8e-05,0.0,0.5,0.0,0.625,0.5774,broker
blanca,4,10,#9467bd,0.0027399885002523,3,0,3,0,0.0,16.0,0.0,7.3e-05,0.0,0.6667,0.0,0.6667,0.5,broker
serar,4,12,#9467bd,0.0045605027116835,6,0,6,0,0.0,31.0,0.0,0.000101,0.0,0.6667,0.0,0.7778,0.5774,broker
pegar,4,7,#9467bd,0.0020974611397832,5,1,4,0,6.0,19.0,0.0,9.8e-05,0.0,0.6,0.0,0.72,1.3765,broker
pedazo,4,1,#9467bd,0.0011346373939886,2,1,1,0,7.0,4.0,0.0,5.9e-05,0.0,1.0,0.0,0.0,-0.7634,periferico
presirvienta,4,12,#9467bd,0.0019769510254263,5,0,5,0,0.0,26.0,0.0,9.2e-05,0.0,0.7,0.0,0.64,-1.7321,broker
rumbo,4,12,#9467bd,0.0026216530241072,6,1,5,0,6.0,24.0,0.0,0.000121,0.0,0.4667,0.0,0.7778,0.5774,broker
mecanico,4,8,#9467bd,0.0037255128845572,4,1,3,0,7.0,13.0,0.0,0.000131,0.0,0.1667,0.0,0.625,0.2462,broker
castigo,4,10,#9467bd,0.0012267475249245,12,0,12,0,0.0,58.0,0.0,0.000167,0.0,0.803,0.0,0.8889,0.5,broker
asalto,4,0,#9467bd,0.0049363994039595,6,1,5,0,7.0,22.0,0.0,0.000104,0.0,0.6,0.0,0.7222,-0.5795,broker
terrorismo,4,11,#9467bd,0.002432289533317,5,1,4,0,7.0,21.0,0.0,0.000101,0.0,0.5,0.0,0.8,-0.1443,broker
rondar,4,0,#9467bd,0.0020779964979737,2,1,1,0,7.0,4.0,0.0,6e-05,0.0,1.0,0.0,0.0,-0.5795,periferico
verdura,4,0,#9467bd,0.0016991667216643,7,1,6,0,6.0,27.0,0.0,0.000121,0.0,0.5714,0.0,0.6939,-0.3245,broker
lastimar,4,10,#9467bd,0.0010919211199507,2,0,2,0,0.0,10.0,0.0,5.9e-05,0.0,1.0,0.0,0.5,0.5,broker
fruta,4,2,#9467bd,0.0028644744306802,4,1,3,0,6.0,12.0,0.0,9.5e-05,0.0,0.6667,0.0,0.5,-0.5774,broker
manifestar,4,4,#9467bd,0.0052113030105829,8,0,8,0,0.0,37.0,0.0,0.000133,0.0,0.4286,0.0,0.8125,-0.3333,broker
cientifico,4,5,#9467bd,0.0096112918108701,3,1,2,0,6.0,8.0,0.0,7.3e-05,0.0,0.3333,0.0,0.4444,0.5369,periferico
sensible,4,6,#9467bd,0.0014869269216433,3,0,3,0,0.0,15.0,0.0,7e-05,0.0,0.6667,0.0,0.4444,0.0,periferico
decente,4,2,#9467bd,0.0016177298966795,2,1,1,0,6.0,5.0,0.0,6.2e-05,0.0,1.0,0.0,0.0,-0.5774,periferico
uds,4,8,#9467bd,0.0029819793999195,7,0,7,0,0.0,34.0,0.0,0.000108,0.0,0.8571,0.0,0.7347,0.2462,broker
potencia,4,13,#9467bd,0.0035470479633659,6,0,6,0,0.0,27.0,0.0,0.000111,0.0,0.4667,0.0,0.8333,0.7071,broker
apoyamos,4,12,#9467bd,0.0016799982404336,2,1,1,0,6.0,6.0,0.0,7.2e-05,0.0,0.0,0.0,0.5,0.5774,broker
repartir,4,10,#9467bd,0.0019396049901843,5,0,5,0,0.0,26.0,0.0,9.1e-05,0.0,0.9,0.0,0.72,-1.0,broker
ignorar,4,5,#9467bd,0.0034302067942917,4,0,4,0,0.0,18.0,0.0,7.4e-05,0.0,1.0,0.0,0.625,-0.2013,broker
disparar,4,9,#9467bd,0.0028211001772433,6,0,6,0,0.0,28.0,0.0,9.6e-05,0.0,0.6667,0.0,0.6111,-1.7321,broker
voltear,4,13,#9467bd,0.0042150989174842,3,0,3,0,0.0,14.0,0.0,6.8e-05,0.0,1.0,0.0,0.4444,-1.4142,periferico
vato,4,6,#9467bd,0.0024788491427898,3,0,3,0,0.0,15.0,0.0,6.9e-05,0.0,1.0,0.0,0.4444,-1.2247,periferico
mango,4,2,#9467bd,0.0016238978132605,2,1,1,0,6.0,4.0,0.0,6.9e-05,0.0,1.0,0.0,0.0,-0.5774,periferico
iztapalapa,4,0,#9467bd,0.001308333594352,2,0,2,0,0.0,10.0,0.0,6e-05,0.0,1.0,0.0,0.5,-1.0895,broker
autorizar,4,8,#9467bd,0.0014271672116592,2,0,2,0,0.0,10.0,0.0,5.7e-05,0.0,1.0,0.0,0.5,-1.4771,broker
cola,4,7,#9467bd,0.0023448313586413,4,0,4,0,0.0,20.0,0.0,8.1e-05,0.0,1.0,0.0,0.75,-1.1471,broker
pelea,4,2,#9467bd,0.0045462623238563,2,2,0,0,12.0,0.0,0.0,9.1e-05,0.0,1.0,0.0,0.0,-0.5774,periferico
perseguir,4,12,#9467bd,0.002718681236729,5,0,5,0,0.0,26.0,0.0,9.1e-05,0.0,1.0,0.0,0.64,-1.7321,broker
hermosillo,4,0,#9467bd,0.0015159604372456,2,0,2,0,0.0,11.0,0.0,6.2e-05,0.0,1.0,0.0,0.5,-0.8345,broker
derrota,4,0,#9467bd,0.0053010554984211,3,1,2,0,6.0,9.0,0.0,0.000128,0.0,0.3333,0.0,0.6667,-0.8345,broker
eliminacion,4,0,#9467bd,0.0075779049657285,1,1,0,0,6.0,0.0,0.0,8.3e-05,0.0,0.0,0.0,0.0,-0.8345,periferico
rendimiento,4,0,#9467bd,0.0014840443618595,2,1,1,0,6.0,4.0,0.0,5.9e-05,0.0,1.0,0.0,0.5,-0.8345,broker
salvo,4,9,#9467bd,0.0023314924910664,3,2,1,0,12.0,4.0,0.0,8.5e-05,0.0,0.3333,0.0,0.4444,0.5774,periferico
procedimiento,4,3,#9467bd,0.0054633873514831,2,1,1,0,6.0,5.0,0.0,7.1e-05,0.0,0.0,0.0,0.0,-0.169,periferico
isabel,4,2,#9467bd,0.0037338263355195,2,2,0,0,12.0,0.0,0.0,9.1e-05,0.0,1.0,0.0,0.0,-0.5774,periferico
empatia,4,3,#9467bd,0.0030803640838712,5,0,5,0,0.0,22.0,0.0,8.4e-05,0.0,0.8,0.0,0.8,-0.9297,broker
desesperado,4,5,#9467bd,0.001994164660573,1,0,1,0,0.0,5.0,0.0,4.9e-05,0.0,0.0,0.0,0.0,-0.9396,periferico
metal,4,8,#9467bd,0.001361136091873,1,0,1,0,0.0,5.0,0.0,6.7e-05,0.0,0.0,0.0,0.0,-0.6155,periferico
reparar,4,4,#9467bd,0.0026249969378113,2,0,2,0,0.0,9.0,0.0,5.9e-05,0.0,1.0,0.0,0.0,-0.3333,periferico
simbolico,4,1,#9467bd,0.0010685246670618,2,0,2,0,0.0,9.0,0.0,5.5e-05,0.0,1.0,0.0,0.5,-1.1875,broker
golpear,4,7,#9467bd,0.0035670036450028,4,0,4,0,0.0,17.0,0.0,7.3e-05,0.0,0.8333,0.0,0.375,-1.1471,periferico
jajajaj,4,7,#9467bd,0.0011432780884206,4,0,4,0,0.0,17.0,0.0,8.1e-05,0.0,0.5,0.0,0.625,0.1147,broker
apollar,4,17,#9467bd,0.0017012942116707,1,0,1,0,0.0,5.0,0.0,4.9e-05,0.0,0.0,0.0,0.0,0.0,periferico
podcast,4,6,#9467bd,0.0016283128643408,2,0,2,0,0.0,9.0,0.0,5.8e-05,0.0,1.0,0.0,0.5,-0.6124,broker
violacion,4,5,#9467bd,0.0017775250598788,5,0,5,0,0.0,21.0,0.0,8.1e-05,0.0,0.8,0.0,0.8,-0.2013,broker
urgir,4,6,#9467bd,0.002973205409944,5,0,5,0,0.0,21.0,0.0,8.4e-05,0.0,0.8,0.0,0.72,0.0,broker
reaccion,4,12,#9467bd,0.0068420371972024,3,0,3,0,0.0,12.0,0.0,7.8e-05,0.0,0.0,0.0,0.6667,0.5774,broker
tambo,4,10,#9467bd,0.0017346506938338,1,0,1,0,0.0,4.0,0.0,4.8e-05,0.0,0.0,0.0,0.0,-1.0,periferico
excepcion,4,14,#9467bd,0.0013661690754815,1,0,1,0,0.0,4.0,0.0,4.7e-05,0.0,0.0,0.0,0.0,-1.4142,periferico
issste,4,11,#9467bd,0.0052220290526747,5,0,5,0,0.0,20.0,0.0,9.4e-05,0.0,0.4,0.0,0.8,-0.1443,broker
dormido,4,10,#9467bd,0.0010368621442466,1,0,1,0,0.0,4.0,0.0,4.8e-05,0.0,0.0,0.0,0.0,-1.0,periferico
marcado,4,11,#9467bd,0.0088613778352737,2,0,2,0,0.0,8.0,0.0,5.4e-05,0.0,1.0,0.0,0.0,-1.1547,periferico
apagon,4,6,#9467bd,0.0033233240246772,1,0,1,0,0.0,4.0,0.0,4.9e-05,0.0,0.0,0.0,0.0,-0.6124,periferico
doloroso,4,6,#9467bd,0.0013021605554968,2,0,2,0,0.0,8.0,0.0,5.4e-05,0.0,1.0,0.0,0.0,-1.2247,periferico
pampita,4,11,#9467bd,0.0011092360364273,2,0,2,0,0.0,8.0,0.0,5.7e-05,0.0,0.0,0.0,0.5,-0.1443,broker
politicos,4,5,#9467bd,0.0015810556942597,1,0,1,0,0.0,4.0,0.0,4.7e-05,0.0,0.0,0.0,0.0,-0.9396,periferico
temblar,4,7,#9467bd,0.0019236671505495,4,0,4,0,0.0,16.0,0.0,7.2e-05,0.0,1.0,0.0,0.75,0.1147,broker
escoria,4,7,#9467bd,0.0011588471243157,1,0,1,0,0.0,4.0,0.0,4.8e-05,0.0,0.0,0.0,0.0,-1.1471,periferico
remesa,4,10,#9467bd,0.0024229851551353,1,0,1,0,0.0,4.0,0.0,4.6e-05,0.0,0.0,0.0,0.0,-1.0,periferico
apollo,4,17,#9467bd,0.0011240551248192,1,0,1,0,0.0,4.0,0.0,4.6e-05,0.0,0.0,0.0,0.0,0.0,periferico
elite,4,11,#9467bd,0.0061465394683182,3,0,3,0,0.0,12.0,0.0,7.2e-05,0.0,0.3333,0.0,0.4444,0.866,periferico
diseno,4,0,#9467bd,0.0027828901074826,1,0,1,0,0.0,4.0,0.0,4.7e-05,0.0,0.0,0.0,0.0,-0.8345,periferico
derechos,21,9,#ff7f0e,0.0079301819205284,10,1,9,0,56.0,41.0,0.0,0.000453,0.0,0.4,0.0,0.84,0.0,broker
humanos,21,9,#ff7f0e,0.0119004547595977,8,1,7,0,56.0,35.0,0.0,0.000422,0.0,0.5357,0.0,0.8438,0.0,broker
angel,21,3,#ff7f0e,0.012093735858798,14,1,13,0,37.0,70.0,0.0,0.000539,0.0,0.3297,0.0,0.8776,-0.7071,broker
miguel,21,3,#ff7f0e,0.0326288305222988,19,4,15,0,73.0,82.0,0.0,0.000813,0.0,0.2398,0.0,0.8366,2.1213,broker
alzar,21,11,#ff7f0e,0.0052226134575903,1,1,0,0,36.0,0.0,0.0,0.000198,0.0,0.0,0.0,0.0,0.0,periferico
voz,21,11,#ff7f0e,0.0170062948018312,27,1,26,0,36.0,171.0,0.0,0.001075,0.0,0.2251,0.0,0.9081,0.0,broker
decision,21,1,#ff7f0e,0.0083024660125374,15,2,13,0,33.0,73.0,0.0,0.000542,0.0,0.3048,0.0,0.8178,-0.465,broker
politica,21,1,#ff7f0e,0.005500094499439,32,4,28,0,71.0,184.0,0.0,0.001242,0.0,0.2601,0.0,0.8984,1.1044,broker
rocio,21,3,#ff7f0e,0.0131178898736834,9,2,7,0,30.0,31.0,0.0,0.000362,0.0,0.25,0.0,0.7901,0.7071,broker
barda,21,10,#ff7f0e,0.0167852491140365,7,3,4,0,52.0,16.0,0.0,0.000389,0.0,0.2857,0.0,0.7347,1.4142,broker
torta,21,10,#ff7f0e,0.0071209813468158,3,1,2,0,22.0,8.0,0.0,0.000185,0.0,0.6667,0.0,0.6667,-1.4142,broker
diputado,21,1,#ff7f0e,0.0176999997347593,18,5,13,0,55.0,95.0,0.0,0.000774,0.0,0.3007,0.0,0.821,1.6275,broker
aparecer,21,1,#ff7f0e,0.0152679719030857,21,3,18,0,37.0,101.0,0.0,0.000704,0.0,0.2762,0.0,0.8798,0.0581,broker
mario,21,0,#ff7f0e,0.0285072289407253,14,1,13,0,10.0,89.0,0.0,0.000517,0.0,0.4066,0.0,0.8776,0.2068,broker
santillan,21,10,#ff7f0e,0.0033775127958506,2,2,0,0,26.0,0.0,0.0,0.000168,0.0,1.0,0.0,0.0,0.0,periferico
cuento,21,6,#ff7f0e,0.0085375187918543,10,2,8,0,19.0,42.0,0.0,0.000379,0.0,0.3333,0.0,0.7,2.25,broker
vista,21,6,#ff7f0e,0.0129626831039786,14,2,12,0,19.0,66.0,0.0,0.00048,0.0,0.3407,0.0,0.8673,0.75,broker
informacionparati,21,8,#ff7f0e,0.0016000568866729,4,2,2,0,19.0,9.0,0.0,0.000245,0.0,0.5,0.0,0.0,0.603,periferico
latinus,21,8,#ff7f0e,0.0024772989563643,1,1,0,0,13.0,0.0,0.0,0.000136,0.0,0.0,0.0,0.0,-2.1106,periferico
javier,21,10,#ff7f0e,0.0041900398209691,5,2,3,0,22.0,15.0,0.0,0.000224,0.0,0.2,0.0,0.72,0.0,broker
guzman,21,0,#ff7f0e,0.002052912954241,8,2,6,0,19.0,32.0,0.0,0.000319,0.0,0.25,0.0,0.7188,0.9825,broker
rosario,21,0,#ff7f0e,0.005413306877017,2,1,1,0,12.0,4.0,0.0,0.000128,0.0,0.0,0.0,0.0,0.2068,periferico
permiso,21,4,#ff7f0e,0.0183415375649929,9,1,8,0,12.0,45.0,0.0,0.000302,0.0,0.5833,0.0,0.8395,0.2041,broker
soberania,21,4,#ff7f0e,0.0124843744561076,10,1,9,0,12.0,47.0,0.0,0.000311,0.0,0.4,0.0,0.8,1.2247,broker
calderon,21,5,#ff7f0e,0.0045982315205037,28,3,25,0,29.0,131.0,0.0,0.000866,0.0,0.2063,0.0,0.8776,2.3723,broker
pasajero,21,5,#ff7f0e,0.0111253811046481,3,1,2,0,11.0,12.0,0.0,0.000145,0.0,1.0,0.0,0.6667,-0.5157,broker
discurso,21,4,#ff7f0e,0.0091352676972746,6,0,6,0,0.0,32.0,0.0,0.000213,0.0,0.4,0.0,0.7222,0.2041,broker
orgulloso,21,2,#ff7f0e,0.0032192694488912,12,2,10,0,15.0,54.0,0.0,0.00037,0.0,0.3636,0.0,0.8611,0.9297,broker
hermana,21,5,#ff7f0e,0.0266232620924711,14,1,13,0,10.0,68.0,0.0,0.000462,0.0,0.2527,0.0,0.8776,0.2063,broker
alberto,21,0,#ff7f0e,0.0092947594821453,8,2,6,0,17.0,27.0,0.0,0.000278,0.0,0.2857,0.0,0.5312,2.5337,conector_provincial
echar,21,13,#ff7f0e,0.0041445079259574,16,1,15,0,9.0,87.0,0.0,0.00049,0.0,0.3083,0.0,0.8906,1.0,broker
prueba,21,12,#ff7f0e,0.0182014405727386,34,2,32,0,15.0,182.0,0.0,0.001105,0.0,0.18,0.0,0.8979,2.3837,broker
completo,21,8,#ff7f0e,0.0065107946284115,24,1,23,0,6.0,126.0,0.0,0.000706,0.0,0.192,0.0,0.8854,0.603,broker
lista,21,1,#ff7f0e,0.0112954638898372,10,4,6,0,30.0,32.0,0.0,0.000381,0.0,0.2444,0.0,0.68,1.1044,broker
ordenar,21,2,#ff7f0e,0.0033940086141228,7,1,6,0,9.0,27.0,0.0,0.000203,0.0,0.4762,0.0,0.7347,0.9297,broker
atras,21,13,#ff7f0e,0.0071261064149439,17,2,15,0,15.0,76.0,0.0,0.000483,0.0,0.3529,0.0,0.8997,1.0,broker
abuso,21,4,#ff7f0e,0.0078101768158376,17,1,16,0,7.0,86.0,0.0,0.000528,0.0,0.3529,0.0,0.8789,2.2454,broker
acusar,21,12,#ff7f0e,0.0059079173952341,7,1,6,0,9.0,31.0,0.0,0.000222,0.0,0.7619,0.0,0.8571,-0.286,broker
candidato,21,2,#ff7f0e,0.0176688656210899,8,1,7,0,8.0,41.0,0.0,0.000263,0.0,0.5,0.0,0.75,0.169,broker
origen,21,2,#ff7f0e,0.0090256659314036,7,0,7,0,0.0,32.0,0.0,0.000183,0.0,0.5238,0.0,0.7347,-0.5916,broker
candidata,21,2,#ff7f0e,0.006880659610033,6,2,4,0,14.0,21.0,0.0,0.000213,0.0,0.2667,0.0,0.7222,0.169,broker
chamaco,21,8,#ff7f0e,0.0013004968641325,3,1,2,0,8.0,9.0,0.0,0.000144,0.0,1.0,0.0,0.0,-0.3015,periferico
orale,21,8,#ff7f0e,0.0022445030044764,4,4,0,0,26.0,0.0,0.0,0.000208,0.0,0.8333,0.0,0.0,0.603,periferico
camila,21,3,#ff7f0e,0.0011403085663914,1,1,0,0,8.0,0.0,0.0,7.9e-05,0.0,0.0,0.0,0.0,-0.7071,periferico
cansar,21,5,#ff7f0e,0.0042678364552557,6,1,5,0,8.0,22.0,0.0,0.000177,0.0,0.6667,0.0,0.8333,-0.5157,broker
agresion,21,4,#ff7f0e,0.0127518456429243,5,1,4,0,7.0,19.0,0.0,0.000189,0.0,0.2,0.0,0.72,0.2041,broker
chapo,21,0,#ff7f0e,0.0031284743454307,5,1,4,0,7.0,19.0,0.0,0.000165,0.0,0.6,0.0,0.8,-0.5688,broker
lozano,21,0,#ff7f0e,0.0040701790712773,2,0,2,0,0.0,11.0,0.0,9.1e-05,0.0,1.0,0.0,0.5,-0.5688,broker
mosco,21,3,#ff7f0e,0.0030814153142273,1,1,0,0,7.0,0.0,0.0,7e-05,0.0,0.0,0.0,0.0,-0.7071,periferico
nombrar,21,12,#ff7f0e,0.0093304142355918,1,0,1,0,0.0,7.0,0.0,6.9e-05,0.0,0.0,0.0,0.0,-0.9535,periferico
fue,21,2,#ff7f0e,0.0030705034732818,3,0,3,0,0.0,18.0,0.0,0.00012,0.0,1.0,0.0,0.6667,-1.3522,broker
presidencia,21,2,#ff7f0e,0.0115865161642432,15,2,13,0,12.0,67.0,0.0,0.00041,0.0,0.3619,0.0,0.7733,1.6903,broker
bad,21,7,#ff7f0e,0.0031887746881693,3,2,1,0,13.0,7.0,0.0,0.000228,0.0,0.0,0.0,0.4444,-0.4851,periferico
mendez,21,0,#ff7f0e,0.0181822422891855,4,1,3,0,7.0,13.0,0.0,0.000144,0.0,0.3333,0.0,0.375,0.9825,periferico
way,21,7,#ff7f0e,0.0031717084348201,4,4,0,0,25.0,0.0,0.0,0.000362,0.0,0.1667,0.0,0.0,1.2127,periferico
mendoza,21,3,#ff7f0e,0.0059301839210093,2,1,1,0,7.0,4.0,0.0,9.5e-05,0.0,0.0,0.0,0.5,-0.7071,broker
pelicula,21,6,#ff7f0e,0.0140298390761017,12,1,11,0,6.0,51.0,0.0,0.000348,0.0,0.2576,0.0,0.8194,0.75,broker
demas,21,13,#ff7f0e,0.003370008431375,6,0,6,0,0.0,28.0,0.0,0.000161,0.0,0.8,0.0,0.7778,-1.0,broker
poor,21,7,#ff7f0e,0.0037421723827719,3,2,1,0,12.0,5.0,0.0,0.000242,0.0,0.3333,0.0,0.0,0.3638,periferico
take,21,7,#ff7f0e,0.0022916756570339,3,2,1,0,12.0,5.0,0.0,0.000253,0.0,0.6667,0.0,0.0,0.3638,periferico
pista,21,8,#ff7f0e,0.0066821095533668,6,1,5,0,6.0,23.0,0.0,0.000221,0.0,0.4,0.0,0.4444,0.603,periferico
periodismo,21,12,#ff7f0e,0.0043041897006332,2,0,2,0,0.0,11.0,0.0,8.8e-05,0.0,1.0,0.0,0.5,-0.286,broker
arancel,21,12,#ff7f0e,0.0011617535492405,1,1,0,0,6.0,0.0,0.0,6.8e-05,0.0,0.0,0.0,0.0,-0.286,periferico
mafioso,21,6,#ff7f0e,0.0055932705290615,3,0,3,0,0.0,15.0,0.0,0.000107,0.0,0.3333,0.0,0.6667,-0.75,broker
joaquin,21,13,#ff7f0e,0.0123965805396437,2,1,1,0,6.0,4.0,0.0,8.4e-05,0.0,0.0,0.0,0.5,-1.0,broker
ficcion,21,6,#ff7f0e,0.0021754214540123,2,1,1,0,6.0,5.0,0.0,9.5e-05,0.0,1.0,0.0,0.5,-0.75,broker
sombrero,21,1,#ff7f0e,0.0032502247486263,2,1,1,0,6.0,5.0,0.0,9.2e-05,0.0,1.0,0.0,0.0,-0.465,periferico
believe,21,7,#ff7f0e,0.0018325520213693,4,1,3,0,6.0,14.0,0.0,0.000316,0.0,0.3333,0.0,0.0,1.2127,periferico
better,21,7,#ff7f0e,0.0012529672821983,1,1,0,0,6.0,0.0,0.0,0.000113,0.0,0.0,0.0,0.0,-1.3339,periferico
departamento,21,0,#ff7f0e,0.001528862863779,4,1,3,0,6.0,12.0,0.0,0.00013,0.0,0.0,0.0,0.75,-0.5688,broker
teresa,21,0,#ff7f0e,0.0042646820656955,5,1,4,0,6.0,17.0,0.0,0.000168,0.0,0.0,0.0,0.56,0.9825,broker
rodrigo,21,1,#ff7f0e,0.00638989219442,1,1,0,0,6.0,0.0,0.0,7e-05,0.0,0.0,0.0,0.0,-0.9881,periferico
feminista,21,4,#ff7f0e,0.0031272515188902,1,0,1,0,0.0,5.0,0.0,6.3e-05,0.0,0.0,0.0,0.0,-0.8165,periferico
erar,21,2,#ff7f0e,0.0084221204742789,3,0,3,0,0.0,14.0,0.0,0.000102,0.0,0.6667,0.0,0.6667,-0.5916,broker
elena,21,0,#ff7f0e,0.0016850663814693,3,0,3,0,0.0,13.0,0.0,0.000112,0.0,0.0,0.0,0.4444,0.2068,periferico
tortura,21,3,#ff7f0e,0.0020619533024728,3,0,3,0,0.0,13.0,0.0,0.000103,0.0,0.3333,0.0,0.4444,0.0,periferico
velocidad,21,6,#ff7f0e,0.0035764819476753,6,0,6,0,0.0,26.0,0.0,0.000173,0.0,0.3333,0.0,0.7778,0.0,broker
persecucion,21,4,#ff7f0e,0.0041274726390838,2,0,2,0,0.0,9.0,0.0,8.8e-05,0.0,0.0,0.0,0.5,-0.8165,broker
tardar,21,4,#ff7f0e,0.0031364446040242,4,0,4,0,0.0,18.0,0.0,0.000119,0.0,0.1667,0.0,0.75,-0.8165,broker
asumir,21,9,#ff7f0e,0.0122178997844457,4,0,4,0,0.0,17.0,0.0,0.00011,0.0,0.3333,0.0,0.5,0.0,broker
agradable,21,6,#ff7f0e,0.0027955598197877,1,0,1,0,0.0,5.0,0.0,6.3e-05,0.0,0.0,0.0,0.0,-0.75,periferico
hotel,21,0,#ff7f0e,0.0036328427959233,1,0,1,0,0.0,5.0,0.0,0.000261,0.0,0.0,0.0,0.0,-0.5688,periferico
padilla,21,0,#ff7f0e,0.0063338880427181,1,0,1,0,0.0,5.0,0.0,0.000261,0.0,0.0,0.0,0.0,-0.5688,periferico
enrique,21,0,#ff7f0e,0.0191650204360485,4,0,4,0,0.0,17.0,0.0,0.000139,0.0,0.0,0.0,0.75,-0.5688,broker
reeleccion,21,1,#ff7f0e,0.0077978069894015,2,0,2,0,0.0,9.0,0.0,7.8e-05,0.0,1.0,0.0,0.0,-0.465,periferico
drama,21,6,#ff7f0e,0.0014780912315472,1,0,1,0,0.0,4.0,0.0,6e-05,0.0,0.0,0.0,0.0,-0.75,periferico
precioso,21,2,#ff7f0e,0.0060704192146658,5,0,5,0,0.0,20.0,0.0,0.000143,0.0,0.3,0.0,0.8,-1.3522,broker
margarita,21,5,#ff7f0e,0.0037715383805334,1,0,1,0,0.0,4.0,0.0,5.9e-05,0.0,0.0,0.0,0.0,-0.5157,periferico
titere,21,1,#ff7f0e,0.0025730680208653,2,0,2,0,0.0,8.0,0.0,7.7e-05,0.0,0.0,0.0,0.5,-1.5112,broker
producir,21,12,#ff7f0e,0.0021740668453276,1,0,1,0,0.0,4.0,0.0,5.8e-05,0.0,0.0,0.0,0.0,-0.286,periferico
metido,21,12,#ff7f0e,0.003205677261576,1,0,1,0,0.0,4.0,0.0,5.8e-05,0.0,0.0,0.0,0.0,-0.286,periferico
aguilar,21,0,#ff7f0e,0.0040662121027708,3,0,3,0,0.0,12.0,0.0,9.2e-05,0.0,0.6667,0.0,0.6667,-1.3444,broker
describir,21,5,#ff7f0e,0.0021929494105279,2,0,2,0,0.0,8.0,0.0,7.8e-05,0.0,0.0,0.0,0.5,-0.5157,broker
carton,21,6,#ff7f0e,0.0020530452020466,1,0,1,0,0.0,4.0,0.0,6e-05,0.0,0.0,0.0,0.0,-0.75,periferico
esclavo,21,5,#ff7f0e,0.0014316902961581,1,0,1,0,0.0,4.0,0.0,5.8e-05,0.0,0.0,0.0,0.0,-0.5157,periferico
carrillo,21,0,#ff7f0e,0.002745731268078,1,0,1,0,0.0,4.0,0.0,5.7e-05,0.0,0.0,0.0,0.0,-1.3444,periferico
name,21,7,#ff7f0e,0.0021559335291385,1,0,1,0,0.0,4.0,0.0,9.3e-05,0.0,0.0,0.0,0.0,-1.3339,periferico
guero,21,4,#ff7f0e,0.0016234333161264,1,0,1,0,0.0,4.0,0.0,5.8e-05,0.0,0.0,0.0,0.0,-0.8165,periferico
isidro,21,4,#ff7f0e,0.0023489519953727,1,0,1,0,0.0,4.0,0.0,6.2e-05,0.0,0.0,0.0,0.0,-0.8165,periferico
mexico,9,0,#17becf,0.0554277636110782,146,4,110,32,1319.0,3016.0,3906.0,0.006041,0.0,0.1037,0.0,0.944,1.069,broker
pais,9,0,#17becf,0.0188902094960212,114,4,98,12,886.0,1743.0,1059.0,0.002668,0.0,0.1483,0.0,0.9271,1.069,broker
mexicano,9,0,#17becf,0.0188416503369808,93,3,84,6,768.0,1379.0,466.0,0.001923,0.0,0.1935,0.0,0.9169,-0.2673,broker
claudia,9,1,#17becf,0.0176773089915514,80,7,71,2,397.0,1374.0,321.0,0.001479,0.0,0.2373,0.0,0.9159,1.3128,broker
viva,9,0,#17becf,0.008677433244884,57,3,53,1,413.0,568.0,79.0,0.00077,0.0,0.3383,0.0,0.9098,-0.2673,broker
sheinbaum,9,1,#17becf,0.0120844263583421,59,6,52,1,351.0,750.0,150.0,0.000899,0.0,0.3174,0.0,0.9124,0.7293,broker
unidos,9,10,#17becf,0.0062254937365651,56,2,54,0,23.0,785.0,0.0,0.000647,0.0,0.3416,0.0,0.9145,1.9695,broker
pardo,9,1,#17becf,0.0038425819948315,21,5,15,1,214.0,198.0,70.0,0.00034,0.0,0.6952,0.0,0.8254,0.7293,broker
veracruz,9,4,#17becf,0.0168154910206794,59,5,51,3,115.0,600.0,267.0,0.000786,0.0,0.2741,0.0,0.8894,2.2136,broker
amlo,9,5,#17becf,0.0053465184755623,49,5,44,0,91.0,604.0,0.0,0.000539,0.0,0.4167,0.0,0.9013,0.7071,broker
mexicanos,9,5,#17becf,0.0077471924014389,44,5,39,0,73.0,489.0,0.0,0.000439,0.0,0.4419,0.0,0.9091,0.7071,broker
territorio,9,3,#17becf,0.0071272258646786,26,6,20,0,62.0,268.0,0.0,0.000293,0.0,0.5015,0.0,0.858,1.2736,broker
obrador,9,5,#17becf,0.0057043996639549,47,5,41,1,120.0,503.0,76.0,0.000729,0.0,0.3941,0.0,0.9054,0.7071,broker
viejo,9,8,#17becf,0.0067546525970101,58,3,55,0,24.0,539.0,0.0,0.000476,0.0,0.3212,0.0,0.912,2.2361,broker
pemex,9,5,#17becf,0.0072975540533661,23,3,20,0,39.0,237.0,0.0,0.000236,0.0,0.6443,0.0,0.8847,-1.4142,broker
puebla,9,2,#17becf,0.0041684638708829,20,3,17,0,33.0,183.0,0.0,0.000199,0.0,0.6158,0.0,0.705,1.5884,broker
guadalajara,9,2,#17becf,0.0047620125114917,8,3,5,0,35.0,99.0,0.0,0.000132,0.0,0.8571,0.0,0.6875,-0.5157,broker
frontera,9,3,#17becf,0.0105239106342196,26,4,22,0,49.0,258.0,0.0,0.000261,0.0,0.5969,0.0,0.8994,0.1727,broker
desaparecer,9,6,#17becf,0.004224716220051,28,2,26,0,14.0,220.0,0.0,0.000212,0.0,0.5582,0.0,0.9031,0.2254,broker
nahle,9,4,#17becf,0.0033394661732017,10,4,6,0,105.0,55.0,0.0,0.000161,0.0,0.6889,0.0,0.72,0.3162,broker
vivienda,9,6,#17becf,0.0019296287791803,23,3,20,0,57.0,190.0,0.0,0.000237,0.0,0.5178,0.0,0.8318,1.7132,broker
delincuencia,9,7,#17becf,0.004606420174241,38,4,34,0,44.0,343.0,0.0,0.000327,0.0,0.4836,0.0,0.9017,1.7351,broker
movimiento,9,7,#17becf,0.0046662101522088,28,2,26,0,22.0,216.0,0.0,0.000209,0.0,0.5741,0.0,0.898,0.051,broker
jalisco,9,2,#17becf,0.0051472592167556,23,5,18,0,47.0,181.0,0.0,0.000205,0.0,0.6364,0.0,0.8318,0.887,broker
zocalo,9,2,#17becf,0.0020773757714778,11,2,9,0,14.0,96.0,0.0,0.000115,0.0,0.7818,0.0,0.7438,-0.5157,broker
andres,9,5,#17becf,0.0032490277662873,22,3,19,0,58.0,163.0,0.0,0.000198,0.0,0.7489,0.0,0.8471,0.7071,broker
inseguridad,9,7,#17becf,0.0027837282977998,22,4,18,0,46.0,185.0,0.0,0.000202,0.0,0.7186,0.0,0.8388,1.7351,broker
chihuahua,9,2,#17becf,0.0029913228936493,16,3,13,0,19.0,116.0,0.0,0.000134,0.0,0.7333,0.0,0.8203,-0.165,broker
michoacan,9,2,#17becf,0.0047886776737868,20,4,16,0,28.0,140.0,0.0,0.000166,0.0,0.6,0.0,0.77,1.2377,broker
droga,9,10,#17becf,0.0024390735197812,23,2,21,0,26.0,193.0,0.0,0.000208,0.0,0.5692,0.0,0.8733,1.1078,broker
bravo,9,3,#17becf,0.0066066393628716,21,5,16,0,48.0,148.0,0.0,0.000183,0.0,0.6381,0.0,0.8209,1.2736,broker
anuncio,9,9,#17becf,0.0015979048330336,8,0,8,0,0.0,77.0,0.0,8.9e-05,0.0,0.9286,0.0,0.7812,-0.4685,broker
sanar,9,4,#17becf,0.001401858520694,4,3,1,0,71.0,35.0,0.0,0.000118,0.0,1.0,0.0,0.375,-0.3162,periferico
infonavit,9,6,#17becf,0.0030238253530114,13,3,10,0,60.0,75.0,0.0,0.000153,0.0,0.6282,0.0,0.8284,0.2254,broker
linea,9,9,#17becf,0.0026983355637639,21,1,20,0,9.0,168.0,0.0,0.000167,0.0,0.6524,0.0,0.8753,1.0932,broker
grado,9,3,#17becf,0.0089006349444389,18,6,12,0,63.0,117.0,0.0,0.000205,0.0,0.3595,0.0,0.7284,1.6406,broker
sensacion,9,4,#17becf,0.0040651187300682,10,3,7,0,48.0,86.0,0.0,0.00015,0.0,0.6222,0.0,0.76,-0.3162,broker
tren,9,8,#17becf,0.0055407104082405,19,2,17,0,14.0,140.0,0.0,0.000148,0.0,0.7485,0.0,0.8421,1.118,broker
california,9,2,#17becf,0.0055060209706425,28,2,26,0,16.0,202.0,0.0,0.000199,0.0,0.5741,0.0,0.8571,0.887,broker
tabasco,9,2,#17becf,0.0036909645423293,17,6,11,0,48.0,122.0,0.0,0.00016,0.0,0.7647,0.0,0.7059,1.2377,broker
gobernadora,9,4,#17becf,0.0050100171938538,27,4,23,0,40.0,193.0,0.0,0.000221,0.0,0.4843,0.0,0.9026,0.3162,broker
pura,9,8,#17becf,0.0017685206839814,18,1,17,0,10.0,136.0,0.0,0.000141,0.0,0.7974,0.0,0.8457,0.559,broker
dra,9,1,#17becf,0.0014972320059314,18,5,13,0,77.0,109.0,0.0,0.000163,0.0,0.8497,0.0,0.7778,0.1459,broker
patron,9,6,#17becf,0.0042726183310151,14,2,12,0,12.0,124.0,0.0,0.000134,0.0,0.8132,0.0,0.8571,0.2254,broker
presidentar,9,3,#17becf,0.0018341731047257,20,3,17,0,29.0,168.0,0.0,0.000185,0.0,0.6158,0.0,0.86,-0.1943,broker
especialmente,9,3,#17becf,0.0052862684242427,19,6,13,0,46.0,106.0,0.0,0.000207,0.0,0.4854,0.0,0.7091,2.0076,broker
propiedad,9,6,#17becf,0.0045670797117054,21,4,17,0,39.0,149.0,0.0,0.000184,0.0,0.5667,0.0,0.8481,1.7132,broker
guanajuato,9,2,#17becf,0.0038525890558958,20,3,17,0,26.0,129.0,0.0,0.000159,0.0,0.5684,0.0,0.785,1.2377,broker
reportero,9,11,#17becf,0.0014750676928088,14,1,13,0,6.0,118.0,0.0,0.000127,0.0,0.7802,0.0,0.8469,1.9612,broker
tijuana,9,2,#17becf,0.001307580852881,10,1,9,0,12.0,78.0,0.0,0.000103,0.0,0.7778,0.0,0.72,-0.5157,broker
ingresar,9,3,#17becf,0.0039422209374606,12,2,10,0,18.0,99.0,0.0,0.000133,0.0,0.6212,0.0,0.8333,-0.1943,broker
doctora,9,1,#17becf,0.0025590250734239,18,3,15,0,32.0,110.0,0.0,0.000138,0.0,0.7516,0.0,0.821,0.1459,broker
mercancia,9,10,#17becf,0.0031889143865555,7,0,7,0,0.0,65.0,0.0,8.1e-05,0.0,0.9048,0.0,0.7347,-0.6155,broker
tramite,9,9,#17becf,0.0066739972680807,14,4,10,0,41.0,80.0,0.0,0.000165,0.0,0.5714,0.0,0.7959,1.8741,broker
oaxaca,9,2,#17becf,0.0037111514247953,18,4,14,0,37.0,106.0,0.0,0.000147,0.0,0.6471,0.0,0.8025,0.5363,broker
revolucion,9,7,#17becf,0.0019407181534916,10,1,9,0,10.0,94.0,0.0,0.000106,0.0,1.0,0.0,0.76,-0.5103,broker
inegi,9,0,#17becf,0.0022132175508886,4,2,2,0,38.0,13.0,0.0,7.5e-05,0.0,0.8333,0.0,0.625,-1.6036,broker
informado,9,3,#17becf,0.0016561340307816,6,0,6,0,0.0,50.0,0.0,7.5e-05,0.0,0.7333,0.0,0.6111,-0.9282,broker
mananera,9,5,#17becf,0.0012777649099007,17,3,14,0,31.0,121.0,0.0,0.000141,0.0,0.8897,0.0,0.8304,-1.4142,broker
sheimbaum,9,1,#17becf,0.0013350181980058,14,4,10,0,44.0,97.0,0.0,0.000129,0.0,0.9231,0.0,0.7857,-0.4376,broker
potencial,9,3,#17becf,0.0025581528898328,5,0,5,0,0.0,42.0,0.0,6.7e-05,0.0,0.9,0.0,0.48,-0.5613,periferico
mitad,9,6,#17becf,0.0049725496210157,13,1,12,0,6.0,85.0,0.0,0.000105,0.0,0.7692,0.0,0.8402,0.2254,broker
monreal,9,12,#17becf,0.0019899928011,14,1,13,0,12.0,78.0,0.0,0.000105,0.0,0.8242,0.0,0.8469,1.2247,broker
credencial,9,9,#17becf,0.0026392498984932,4,2,2,0,25.0,14.0,0.0,7.9e-05,0.0,1.0,0.0,0.625,0.3123,broker
mentiras,9,11,#17becf,0.0010995162883773,8,0,8,0,0.0,56.0,0.0,7.5e-05,0.0,0.9286,0.0,0.75,-0.7845,broker
narcogobierno,9,11,#17becf,0.0015664424281567,13,0,13,0,0.0,99.0,0.0,0.000105,0.0,0.8846,0.0,0.8047,-0.7845,broker
corto,9,8,#17becf,0.0037831575609743,11,1,10,0,8.0,71.0,0.0,9.3e-05,0.0,0.8182,0.0,0.843,-0.559,broker
gobernante,9,7,#17becf,0.0018779647070914,11,1,10,0,9.0,73.0,0.0,9.4e-05,0.0,0.9091,0.0,0.7438,0.051,broker
tratado,9,10,#17becf,0.0011097021633759,5,0,5,0,0.0,36.0,0.0,7e-05,0.0,0.8,0.0,0.56,-0.6155,broker
medicamento,9,11,#17becf,0.001339440466836,12,1,11,0,6.0,76.0,0.0,9.7e-05,0.0,0.803,0.0,0.8194,0.5883,broker
esposo,9,4,#17becf,0.0026728224474936,13,2,11,0,13.0,71.0,0.0,9.8e-05,0.0,0.9231,0.0,0.7929,-0.3162,broker
funcionar,9,8,#17becf,0.0038467322010546,13,1,12,0,8.0,88.0,0.0,0.000106,0.0,0.8718,0.0,0.7692,0.0,broker
campesino,9,7,#17becf,0.0012020068243145,11,2,9,0,18.0,80.0,0.0,0.000108,0.0,0.8727,0.0,0.6942,0.6124,broker
onu,9,8,#17becf,0.0015835000667721,6,0,6,0,0.0,48.0,0.0,7e-05,0.0,1.0,0.0,0.6667,-0.559,broker
oriente,9,10,#17becf,0.0024851022753864,4,0,4,0,0.0,35.0,0.0,6.1e-05,0.0,1.0,0.0,0.375,-0.6155,periferico
ejemplar,9,6,#17becf,0.0045091635547578,4,0,4,0,0.0,28.0,0.0,5.8e-05,0.0,1.0,0.0,0.375,-1.2623,periferico
distribucion,9,9,#17becf,0.0025705208536237,3,0,3,0,0.0,26.0,0.0,5.5e-05,0.0,1.0,0.0,0.0,-1.2494,periferico
jente,9,11,#17becf,0.0011325179366394,11,0,11,0,0.0,73.0,0.0,9.1e-05,0.0,0.7091,0.0,0.843,0.5883,broker
localizar,9,9,#17becf,0.0065629384480416,9,0,9,0,0.0,59.0,0.0,8.1e-05,0.0,0.75,0.0,0.8148,-0.4685,broker
ricardo,9,12,#17becf,0.001909076818265,10,1,9,0,12.0,61.0,0.0,9.1e-05,0.0,0.8,0.0,0.76,1.2247,broker
gabinete,9,1,#17becf,0.0016444674693048,14,3,11,0,23.0,66.0,0.0,0.0001,0.0,0.8352,0.0,0.8265,-0.4376,broker
priista,9,7,#17becf,0.0019652897026389,7,0,7,0,0.0,53.0,0.0,7.4e-05,0.0,1.0,0.0,0.7347,-1.633,broker
chiapas,9,2,#17becf,0.0019900063052773,12,4,8,0,29.0,56.0,0.0,0.000101,0.0,0.8182,0.0,0.7917,-0.165,broker
periodico,9,2,#17becf,0.0012059528380632,3,0,3,0,0.0,28.0,0.0,5.8e-05,0.0,1.0,0.0,0.4444,-1.2171,periferico
inundacion,9,3,#17becf,0.004894689656794,10,1,9,0,6.0,51.0,0.0,0.00013,0.0,0.5333,0.0,0.78,-0.1943,broker
felipe,9,7,#17becf,0.0014241330791264,10,1,9,0,8.0,63.0,0.0,9.7e-05,0.0,0.7778,0.0,0.8,-0.5103,broker
telefono,9,9,#17becf,0.0030441905837506,13,2,11,0,15.0,67.0,0.0,0.000143,0.0,0.5256,0.0,0.8284,1.0932,broker
fresco,9,3,#17becf,0.0035083673428744,6,4,2,0,31.0,18.0,0.0,9.1e-05,0.0,0.6667,0.0,0.2778,0.5397,periferico
certeza,9,6,#17becf,0.0033407036680728,8,1,7,0,13.0,40.0,0.0,9.6e-05,0.0,0.6786,0.0,0.75,-0.2705,broker
lagartija,9,8,#17becf,0.0010662191780284,9,0,9,0,0.0,68.0,0.0,8.4e-05,0.0,0.9722,0.0,0.7901,-0.559,broker
hagan,9,11,#17becf,0.0010540683288127,7,0,7,0,0.0,43.0,0.0,6.6e-05,0.0,1.0,0.0,0.7347,-0.7845,broker
esperado,9,12,#17becf,0.0023363325744867,3,0,3,0,0.0,22.0,0.0,5.3e-05,0.0,1.0,0.0,0.0,-0.8165,periferico
prianistas,9,7,#17becf,0.0011279064929112,16,1,15,0,7.0,88.0,0.0,0.000105,0.0,0.8333,0.0,0.8203,0.051,broker
pilar,9,12,#17becf,0.001179059385322,6,0,6,0,0.0,44.0,0.0,6.9e-05,0.0,0.9333,0.0,0.7778,-0.8165,broker
invasor,9,6,#17becf,0.0011851583840325,8,2,6,0,17.0,44.0,0.0,8.1e-05,0.0,0.8929,0.0,0.75,-0.2705,broker
sierra,9,3,#17becf,0.0036548171192407,2,0,2,0,0.0,15.0,0.0,4.8e-05,0.0,1.0,0.0,0.0,-1.2952,periferico
isla,9,10,#17becf,0.0013964959653094,2,1,1,0,9.0,10.0,0.0,5.3e-05,0.0,1.0,0.0,0.5,-0.6155,broker
delgado,9,12,#17becf,0.0025012500118464,13,0,13,0,0.0,65.0,0.0,8.3e-05,0.0,0.9103,0.0,0.8284,-0.8165,broker
decena,9,8,#17becf,0.002394025446847,2,0,2,0,0.0,15.0,0.0,4.8e-05,0.0,1.0,0.0,0.0,-1.118,periferico
consumir,9,8,#17becf,0.0015769739402458,8,0,8,0,0.0,44.0,0.0,6.8e-05,0.0,0.9643,0.0,0.6562,0.0,broker
momia,9,2,#17becf,0.0010758498683571,8,0,8,0,0.0,46.0,0.0,7.1e-05,0.0,0.8571,0.0,0.7812,-1.2171,broker
porra,9,1,#17becf,0.002010153606534,2,1,1,0,6.0,8.0,0.0,4.8e-05,0.0,1.0,0.0,0.5,-2.188,broker
trasero,9,9,#17becf,0.001579703297466,3,0,3,0,0.0,17.0,0.0,5e-05,0.0,1.0,0.0,0.4444,-1.2494,periferico
indispensable,9,9,#17becf,0.001484245294705,2,1,1,0,6.0,8.0,0.0,5.1e-05,0.0,1.0,0.0,0.5,-0.4685,broker
ligero,9,3,#17becf,0.0029647860210388,5,2,3,0,16.0,16.0,0.0,7.3e-05,0.0,0.8,0.0,0.32,0.1727,periferico
carretero,9,8,#17becf,0.0035147345624864,2,0,2,0,0.0,11.0,0.0,4.6e-05,0.0,1.0,0.0,0.5,-1.118,broker
precidenta,9,4,#17becf,0.0015759830130264,11,1,10,0,6.0,49.0,0.0,7.9e-05,0.0,0.8909,0.0,0.7934,-0.3162,broker
extender,9,2,#17becf,0.0021881784778088,4,0,4,0,0.0,23.0,0.0,5.4e-05,0.0,1.0,0.0,0.375,-1.5678,periferico
olimpiada,9,2,#17becf,0.0015659837517887,3,0,3,0,0.0,17.0,0.0,5e-05,0.0,1.0,0.0,0.4444,-1.2171,periferico
balazo,9,7,#17becf,0.0017186609329655,9,0,9,0,0.0,41.0,0.0,6.7e-05,0.0,0.9167,0.0,0.7407,-0.5103,broker
inmediatamente,9,6,#17becf,0.0011034043272957,1,0,1,0,0.0,6.0,0.0,4.3e-05,0.0,0.0,0.0,0.0,-1.2623,periferico
intervenir,9,10,#17becf,0.0019735291134566,3,1,2,0,6.0,10.0,0.0,5e-05,0.0,1.0,0.0,0.6667,-0.6155,broker
inundar,9,3,#17becf,0.0014085676521062,1,1,0,0,6.0,0.0,0.0,5.1e-05,0.0,0.0,0.0,0.0,-0.9282,periferico
zacatecas,9,2,#17becf,0.0022203689441084,8,0,8,0,0.0,38.0,0.0,6.6e-05,0.0,0.8571,0.0,0.6875,-0.5157,broker
sucedido,9,6,#17becf,0.0011436679633334,3,0,3,0,0.0,14.0,0.0,4.9e-05,0.0,1.0,0.0,0.6667,-1.2623,broker
acumulacion,9,3,#17becf,0.0012017943663522,3,0,3,0,0.0,15.0,0.0,5.8e-05,0.0,0.3333,0.0,0.4444,-0.5613,periferico
maquina,9,4,#17becf,0.0012797001982107,1,0,1,0,0.0,5.0,0.0,4.3e-05,0.0,0.0,0.0,0.0,-1.5811,periferico
priorizar,9,3,#17becf,0.0017798278713598,1,0,1,0,0.0,5.0,0.0,4.5e-05,0.0,0.0,0.0,0.0,-0.9282,periferico
hidrico,9,7,#17becf,0.0019729877822101,4,0,4,0,0.0,18.0,0.0,5.7e-05,0.0,0.8333,0.0,0.625,-1.0717,broker
prestamo,9,9,#17becf,0.00126782245934,1,0,1,0,0.0,4.0,0.0,4.5e-05,0.0,0.0,0.0,0.0,-0.4685,periferico
municipales,9,3,#17becf,0.0053504998795688,2,0,2,0,0.0,8.0,0.0,4.8e-05,0.0,1.0,0.0,0.5,-1.2952,broker
mantenido,9,11,#17becf,0.0010108342394232,1,0,1,0,0.0,4.0,0.0,4.2e-05,0.0,0.0,0.0,0.0,-0.7845,periferico
calor,7,0,#7f7f7f,0.0551811940968036,15,8,5,2,238.0,67.0,137.0,0.00065,0.0,0.4571,0.0,0.6756,1.6125,broker
extremo,7,0,#7f7f7f,0.0141488425433635,8,4,4,0,96.0,22.0,0.0,0.000217,0.0,0.6071,0.0,0.4062,0.4961,periferico
agua,7,2,#7f7f7f,0.0510961040854454,61,6,51,4,115.0,525.0,382.0,0.002277,0.0,0.1016,0.0,0.9073,2.4744,broker
tierra,7,10,#7f7f7f,0.0078515298664569,34,4,30,0,30.0,287.0,0.0,0.001016,0.0,0.2424,0.0,0.8789,1.9843,broker
maximo,7,0,#7f7f7f,0.0310225114226341,19,6,10,3,127.0,71.0,310.0,0.00061,0.0,0.3977,0.0,0.8366,0.4961,broker
mar,7,2,#7f7f7f,0.0195300113409757,16,2,14,0,45.0,89.0,0.0,0.000467,0.0,0.2833,0.0,0.7969,0.9207,broker
cielo,7,0,#7f7f7f,0.0222560074180364,20,3,17,0,59.0,117.0,0.0,0.000463,0.0,0.4263,0.0,0.87,-0.6202,broker
lagunario,7,2,#7f7f7f,0.0066678216680884,2,2,0,0,38.0,0.0,0.0,0.000118,0.0,1.0,0.0,0.0,-0.1151,periferico
sol,7,0,#7f7f7f,0.046383760869503,16,5,10,1,67.0,92.0,142.0,0.000439,0.0,0.4417,0.0,0.7578,1.0543,broker
aire,7,0,#7f7f7f,0.023998325690627,23,5,18,0,66.0,122.0,0.0,0.000526,0.0,0.3162,0.0,0.8469,0.4961,broker
real,7,1,#7f7f7f,0.0100466823205351,23,4,19,0,36.0,140.0,0.0,0.000565,0.0,0.332,0.0,0.8431,1.9415,broker
america,7,1,#7f7f7f,0.0056670824997127,21,3,18,0,53.0,115.0,0.0,0.000629,0.0,0.2857,0.0,0.8662,1.3868,broker
latina,7,1,#7f7f7f,0.0020280978642404,1,1,0,0,26.0,0.0,0.0,0.000122,0.0,0.0,0.0,0.0,-0.8321,periferico
victoria,7,4,#7f7f7f,0.0090494565665721,18,4,12,2,36.0,108.0,188.0,0.000529,0.0,0.2157,0.0,0.8642,1.5954,broker
ola,7,0,#7f7f7f,0.0036310388240963,4,2,2,0,31.0,11.0,0.0,9.8e-05,0.0,1.0,0.0,0.375,-1.1783,periferico
mosciatti,7,3,#7f7f7f,0.0015167144592851,2,1,1,0,22.0,5.0,0.0,0.000237,0.0,1.0,0.0,0.0,-0.124,periferico
tomas,7,3,#7f7f7f,0.0090202176943421,5,2,3,0,28.0,12.0,0.0,0.000339,0.0,0.2,0.0,0.32,1.3644,periferico
papa,7,5,#7f7f7f,0.0053102825768291,29,5,24,0,39.0,184.0,0.0,0.000772,0.0,0.2709,0.0,0.8823,2.2549,broker
kongjiro,7,11,#7f7f7f,0.0016961471410468,2,2,0,0,35.0,0.0,0.0,0.000272,0.0,1.0,0.0,0.0,0.0,periferico
thomaskong,7,11,#7f7f7f,0.0024819772224873,2,2,0,0,34.0,0.0,0.0,0.000265,0.0,1.0,0.0,0.0,0.0,periferico
mensaje,7,9,#7f7f7f,0.0063131363131105,23,2,21,0,18.0,164.0,0.0,0.000639,0.0,0.3202,0.0,0.8809,2.2937,broker
bajar,7,8,#7f7f7f,0.0091982372105121,22,1,21,0,10.0,149.0,0.0,0.000479,0.0,0.4242,0.0,0.876,1.7889,broker
tthomastc,7,11,#7f7f7f,0.0012866692850366,2,2,0,0,31.0,0.0,0.0,0.000244,0.0,1.0,0.0,0.0,0.0,periferico
carolina,7,3,#7f7f7f,0.0061161536723375,4,2,2,0,30.0,8.0,0.0,0.00034,0.0,0.3333,0.0,0.0,1.3644,periferico
gimnasia,7,3,#7f7f7f,0.0099129565060138,4,1,3,0,16.0,14.0,0.0,0.000283,0.0,0.0,0.0,0.375,0.6202,periferico
abasto,7,2,#7f7f7f,0.0016552711604163,2,1,1,0,15.0,4.0,0.0,8e-05,0.0,1.0,0.0,0.0,-0.1151,periferico
man,7,1,#7f7f7f,0.0052791140042245,7,5,2,0,47.0,11.0,0.0,0.00029,0.0,0.4286,0.0,0.449,1.3868,periferico
toha,7,3,#7f7f7f,0.0013573403703048,2,2,0,0,23.0,0.0,0.0,0.000219,0.0,1.0,0.0,0.0,-0.124,periferico
idiota,7,8,#7f7f7f,0.0071987309493124,11,1,10,0,10.0,60.0,0.0,0.00023,0.0,0.5455,0.0,0.8264,0.8944,broker
piel,7,0,#7f7f7f,0.0064314445480704,4,3,1,0,28.0,10.0,0.0,0.0001,0.0,1.0,0.0,0.375,-1.1783,periferico
amado,7,7,#7f7f7f,0.0018872559303417,7,1,6,0,6.0,46.0,0.0,0.000182,0.0,0.5714,0.0,0.8163,0.465,broker
campeon,7,4,#7f7f7f,0.0111941331997513,11,2,8,1,21.0,49.0,66.0,0.000309,0.0,0.2,0.0,0.843,0.7977,broker
aula,7,6,#7f7f7f,0.0047393823042511,2,1,1,0,12.0,4.0,0.0,9.2e-05,0.0,1.0,0.0,0.5,-0.6509,broker
maestro,7,6,#7f7f7f,0.0044127712026238,18,3,15,0,29.0,91.0,0.0,0.000525,0.0,0.3072,0.0,0.858,2.4736,broker
difundir,7,9,#7f7f7f,0.0070756082423031,5,1,4,0,12.0,17.0,0.0,0.000132,0.0,0.6,0.0,0.72,-0.2085,broker
hijas,7,4,#7f7f7f,0.0035982988774776,4,2,2,0,18.0,8.0,0.0,0.000139,0.0,0.3333,0.0,0.625,0.0,broker
transmision,7,4,#7f7f7f,0.0082964915782213,4,2,2,0,18.0,10.0,0.0,0.00013,0.0,0.5,0.0,0.375,0.7977,periferico
profesor,7,6,#7f7f7f,0.0018272227607667,2,1,1,0,11.0,5.0,0.0,0.00012,0.0,0.0,0.0,0.5,-0.6509,broker
let,7,1,#7f7f7f,0.0014406644040718,1,1,0,0,11.0,0.0,0.0,8.6e-05,0.0,0.0,0.0,0.0,-0.8321,periferico
festejo,7,4,#7f7f7f,0.0120189804583787,10,1,9,0,11.0,44.0,0.0,0.000221,0.0,0.3778,0.0,0.86,0.0,broker
original,7,5,#7f7f7f,0.0079938983544707,6,1,5,0,10.0,23.0,0.0,0.000146,0.0,0.5333,0.0,0.7222,0.1187,broker
iglesia,7,7,#7f7f7f,0.0060240905731916,11,1,10,0,10.0,56.0,0.0,0.000241,0.0,0.6909,0.0,0.876,-0.5812,broker
jesucristo,7,7,#7f7f7f,0.0031047281809151,7,2,5,0,16.0,23.0,0.0,0.000157,0.0,0.6667,0.0,0.8163,0.465,broker
dorado,7,2,#7f7f7f,0.0022567664273083,2,1,1,0,10.0,4.0,0.0,6.8e-05,0.0,1.0,0.0,0.5,-0.633,broker
noreste,7,0,#7f7f7f,0.0067781326361,5,2,3,0,20.0,15.0,0.0,9.7e-05,0.0,0.7,0.0,0.56,-1.1783,broker
reserva,7,2,#7f7f7f,0.0065776580013334,1,1,0,0,10.0,0.0,0.0,5.8e-05,0.0,0.0,0.0,0.0,-0.633,periferico
salvador,7,1,#7f7f7f,0.0022485200315713,11,2,9,0,15.0,55.0,0.0,0.000245,0.0,0.6182,0.0,0.8099,0.2774,broker
salida,7,6,#7f7f7f,0.0052133235149085,7,2,5,0,14.0,28.0,0.0,0.000191,0.0,0.2381,0.0,0.6122,1.6925,broker
brillir,7,7,#7f7f7f,0.0018338032532483,3,1,2,0,10.0,8.0,0.0,0.00012,0.0,0.3333,0.0,0.4444,0.465,periferico
descanse,7,7,#7f7f7f,0.0022661157418042,4,2,2,0,17.0,12.0,0.0,0.000177,0.0,0.1667,0.0,0.375,1.5112,periferico
pertenecer,7,5,#7f7f7f,0.0049941544421017,7,1,6,0,6.0,33.0,0.0,0.000145,0.0,0.5238,0.0,0.8163,0.1187,broker
boric,7,3,#7f7f7f,0.002029713941738,4,2,2,0,15.0,9.0,0.0,0.000223,0.0,0.5,0.0,0.0,1.3644,periferico
lomas,7,1,#7f7f7f,0.0052427826449275,5,1,4,0,6.0,23.0,0.0,0.000176,0.0,0.2,0.0,0.56,0.2774,broker
infeccion,7,2,#7f7f7f,0.0034396953415125,1,1,0,0,9.0,0.0,0.0,5.6e-05,0.0,0.0,0.0,0.0,-0.633,periferico
durango,7,3,#7f7f7f,0.0037862733006477,3,1,2,0,8.0,14.0,0.0,0.000122,0.0,0.3333,0.0,0.6667,-0.8682,broker
transmitir,7,4,#7f7f7f,0.0051952423527836,5,1,4,0,8.0,24.0,0.0,0.000133,0.0,0.3,0.0,0.56,0.7977,broker
banderazo,7,6,#7f7f7f,0.0086258593946695,3,1,2,0,8.0,12.0,0.0,0.000101,0.0,0.6667,0.0,0.6667,-0.6509,broker
che,7,5,#7f7f7f,0.0026344517245888,8,1,7,0,8.0,36.0,0.0,0.000167,0.0,0.7857,0.0,0.7812,0.1187,broker
hrs,7,4,#7f7f7f,0.0036256650928407,4,1,3,0,6.0,18.0,0.0,0.000155,0.0,0.0,0.0,0.625,0.0,broker
batalla,7,10,#7f7f7f,0.0085891215130686,5,1,4,0,8.0,17.0,0.0,0.000115,0.0,0.3,0.0,0.72,0.0,broker
conmemorar,7,10,#7f7f7f,0.0020259239245206,5,1,4,0,8.0,17.0,0.0,0.000119,0.0,0.4,0.0,0.56,0.6614,broker
recuerdo,7,5,#7f7f7f,0.0075570084154605,10,2,8,0,15.0,38.0,0.0,0.000244,0.0,0.5111,0.0,0.76,1.5428,broker
bronce,7,3,#7f7f7f,0.0032563207205384,4,2,2,0,14.0,11.0,0.0,0.000185,0.0,0.0,0.0,0.375,0.6202,periferico
independencia,7,10,#7f7f7f,0.0033088766504079,3,1,2,0,7.0,10.0,0.0,8.8e-05,0.0,0.6667,0.0,0.4444,0.0,periferico
flor,7,5,#7f7f7f,0.0090450653806328,5,1,4,0,7.0,20.0,0.0,0.000109,0.0,0.9,0.0,0.72,-0.5934,broker
culto,7,10,#7f7f7f,0.0010652017081156,2,1,1,0,7.0,4.0,0.0,7.1e-05,0.0,1.0,0.0,0.5,-0.6614,broker
cine,7,4,#7f7f7f,0.0155931590124964,6,1,5,0,6.0,24.0,0.0,0.000184,0.0,0.0667,0.0,0.5,1.5954,broker
escrito,7,3,#7f7f7f,0.0038806481752544,3,0,3,0,0.0,18.0,0.0,0.000111,0.0,0.3333,0.0,0.6667,-0.8682,broker
abuela,7,5,#7f7f7f,0.0035085780546069,3,1,2,0,7.0,8.0,0.0,8.4e-05,0.0,1.0,0.0,0.4444,0.1187,periferico
elizabeth,7,7,#7f7f7f,0.0026371686253696,2,1,1,0,7.0,5.0,0.0,0.000101,0.0,0.0,0.0,0.0,0.465,periferico
dirigir,7,6,#7f7f7f,0.0070210718549788,9,1,8,0,6.0,41.0,0.0,0.000177,0.0,0.7778,0.0,0.8642,0.1302,broker
good,7,1,#7f7f7f,0.0014479188248515,1,1,0,0,6.0,0.0,0.0,6.5e-05,0.0,0.0,0.0,0.0,-0.8321,periferico
literatura,7,6,#7f7f7f,0.001585079357028,2,1,1,0,6.0,5.0,0.0,0.000142,0.0,0.0,0.0,0.0,0.1302,periferico
ademas,7,4,#7f7f7f,0.005227206274867,2,0,2,0,0.0,10.0,0.0,6.4e-05,0.0,1.0,0.0,0.5,-1.5954,broker
silvia,7,7,#7f7f7f,0.0028572177980095,4,0,4,0,0.0,21.0,0.0,0.000124,0.0,0.0,0.0,0.625,0.465,broker
modalidad,7,3,#7f7f7f,0.0069540683180093,1,1,0,0,6.0,0.0,0.0,7.7e-05,0.0,0.0,0.0,0.0,-0.8682,periferico
cristina,7,9,#7f7f7f,0.0057490426115691,2,1,1,0,6.0,4.0,0.0,8.6e-05,0.0,0.0,0.0,0.5,-0.2085,broker
tlaxcala,7,3,#7f7f7f,0.0067510572262108,1,0,1,0,0.0,6.0,0.0,5.8e-05,0.0,0.0,0.0,0.0,-1.6125,periferico
lodo,7,10,#7f7f7f,0.0033582807518541,1,0,1,0,0.0,6.0,0.0,5.1e-05,0.0,0.0,0.0,0.0,-1.3229,periferico
bomba,7,1,#7f7f7f,0.001633885782212,6,0,6,0,0.0,25.0,0.0,0.000101,0.0,0.9333,0.0,0.7778,-0.8321,broker
piedad,7,8,#7f7f7f,0.0022938479669392,1,0,1,0,0.0,5.0,0.0,5.4e-05,0.0,0.0,0.0,0.0,-0.8944,periferico
multimedios,7,9,#7f7f7f,0.0046600135974586,2,0,2,0,0.0,9.0,0.0,0.000128,0.0,0.0,0.0,0.5,-0.2085,broker
zamora,7,9,#7f7f7f,0.0021546019706875,2,0,2,0,0.0,9.0,0.0,0.000112,0.0,0.0,0.0,0.0,0.6255,periferico
literario,7,6,#7f7f7f,0.0018802465638145,1,0,1,0,0.0,5.0,0.0,9.4e-05,0.0,0.0,0.0,0.0,-0.6509,periferico
entretenimiento,7,4,#7f7f7f,0.0079562989994883,3,0,3,0,0.0,13.0,0.0,0.000136,0.0,0.0,0.0,0.4444,0.0,periferico
terrible,7,8,#7f7f7f,0.0026792909484356,5,0,5,0,0.0,23.0,0.0,0.000105,0.0,0.6,0.0,0.72,0.8944,broker
novia,7,5,#7f7f7f,0.0067975469864904,1,0,1,0,0.0,5.0,0.0,5.4e-05,0.0,0.0,0.0,0.0,-1.3055,periferico
seleccionado,7,4,#7f7f7f,0.0025453651323914,1,0,1,0,0.0,5.0,0.0,4.9e-05,0.0,0.0,0.0,0.0,-0.7977,periferico
cubano,7,9,#7f7f7f,0.0032244874164462,3,0,3,0,0.0,13.0,0.0,7.5e-05,0.0,0.6667,0.0,0.6667,-1.0426,broker
inspirado,7,4,#7f7f7f,0.0075686369091272,1,0,1,0,0.0,5.0,0.0,6.5e-05,0.0,0.0,0.0,0.0,-0.7977,periferico
toro,7,2,#7f7f7f,0.001926340512,1,0,1,0,0.0,5.0,0.0,4.9e-05,0.0,0.0,0.0,0.0,-0.633,periferico
revolucionario,7,5,#7f7f7f,0.0016428972594439,1,0,1,0,0.0,5.0,0.0,4.9e-05,0.0,0.0,0.0,0.0,-1.3055,periferico
util,7,8,#7f7f7f,0.0066141807474195,1,0,1,0,0.0,5.0,0.0,4.9e-05,0.0,0.0,0.0,0.0,-0.8944,periferico
chapultepec,7,5,#7f7f7f,0.0021876783575862,2,0,2,0,0.0,10.0,0.0,0.000146,0.0,0.0,0.0,0.0,0.1187,periferico
roma,7,5,#7f7f7f,0.0025910024996846,1,0,1,0,0.0,5.0,0.0,0.000101,0.0,0.0,0.0,0.0,-0.5934,periferico
misa,7,7,#7f7f7f,0.0028637615032494,5,0,5,0,0.0,21.0,0.0,0.000103,0.0,0.7,0.0,0.8,-1.6275,broker
humanismo,7,9,#7f7f7f,0.0030348298605531,3,0,3,0,0.0,13.0,0.0,7.1e-05,0.0,1.0,0.0,0.6667,-0.2085,broker
acuerdir,7,8,#7f7f7f,0.0017529816832393,1,0,1,0,0.0,5.0,0.0,5.2e-05,0.0,0.0,0.0,0.0,0.0,periferico
beisbol,7,5,#7f7f7f,0.0022697758395224,3,0,3,0,0.0,13.0,0.0,8.4e-05,0.0,0.6667,0.0,0.6667,-0.5934,broker
destruido,7,1,#7f7f7f,0.0012115933932363,1,0,1,0,0.0,5.0,0.0,6.5e-05,0.0,0.0,0.0,0.0,-0.8321,periferico
aclarar,7,6,#7f7f7f,0.0073925876058638,2,0,2,0,0.0,9.0,0.0,6.7e-05,0.0,0.0,0.0,0.5,-0.6509,broker
dicha,7,9,#7f7f7f,0.0012672264128923,1,0,1,0,0.0,4.0,0.0,5e-05,0.0,0.0,0.0,0.0,-1.0426,periferico
montana,7,1,#7f7f7f,0.0019932659342885,2,0,2,0,0.0,8.0,0.0,5.8e-05,0.0,1.0,0.0,0.5,-0.8321,broker
panamericano,7,3,#7f7f7f,0.0010761439334601,1,0,1,0,0.0,4.0,0.0,7.1e-05,0.0,0.0,0.0,0.0,-0.8682,periferico
omiso,7,8,#7f7f7f,0.0033294493332505,1,0,1,0,0.0,4.0,0.0,4.7e-05,0.0,0.0,0.0,0.0,-0.8944,periferico
luchadora,7,10,#7f7f7f,0.0010773334652185,1,0,1,0,0.0,4.0,0.0,5e-05,0.0,0.0,0.0,0.0,-0.6614,periferico
morelia,7,1,#7f7f7f,0.0040985816158354,2,0,2,0,0.0,8.0,0.0,7.3e-05,0.0,0.0,0.0,0.0,-0.2774,periferico
orquesta,7,6,#7f7f7f,0.0038959186058491,2,0,2,0,0.0,8.0,0.0,7e-05,0.0,0.0,0.0,0.0,0.1302,periferico
aplicado,7,6,#7f7f7f,0.0028381522279232,2,0,2,0,0.0,8.0,0.0,0.000123,0.0,0.0,0.0,0.5,-0.6509,broker
cria,7,2,#7f7f7f,0.0019433228299021,1,0,1,0,0.0,4.0,0.0,5.1e-05,0.0,0.0,0.0,0.0,-0.633,periferico
preocupir,7,8,#7f7f7f,0.0012177202152088,1,0,1,0,0.0,4.0,0.0,4.9e-05,0.0,0.0,0.0,0.0,-0.8944,periferico
nancy,7,4,#7f7f7f,0.0010030071716755,1,0,1,0,0.0,4.0,0.0,5.1e-05,0.0,0.0,0.0,0.0,-1.5954,periferico
iluminacion,7,4,#7f7f7f,0.0041673178784549,1,0,1,0,0.0,4.0,0.0,5.3e-05,0.0,0.0,0.0,0.0,-0.7977,periferico
antiguedad,7,7,#7f7f7f,0.0012975188437849,1,0,1,0,0.0,4.0,0.0,4.7e-05,0.0,0.0,0.0,0.0,-1.6275,periferico
camaron,7,6,#7f7f7f,0.0100669339299201,1,0,1,0,0.0,4.0,0.0,9.1e-05,0.0,0.0,0.0,0.0,-0.6509,periferico
turismo,0,0,#1f77b4,0.0164173785597085,50,7,41,2,285.0,422.0,252.0,0.000911,0.0,0.3371,0.0,0.9152,1.1655,broker
turistico,0,0,#1f77b4,0.0203826259821653,47,8,36,3,365.0,430.0,344.0,0.001047,0.0,0.3275,0.0,0.9199,1.1655,broker
alto,0,4,#1f77b4,0.0097953388467431,69,6,61,2,144.0,616.0,231.0,0.001239,0.0,0.2106,0.0,0.9074,2.3664,broker
nivel,0,4,#1f77b4,0.0154689569026231,67,2,61,4,106.0,730.0,389.0,0.001234,0.0,0.242,0.0,0.9218,0.0,broker
visitante,0,0,#1f77b4,0.0170776937156915,33,6,26,1,204.0,228.0,79.0,0.000498,0.0,0.4981,0.0,0.9054,0.6799,broker
destino,0,0,#1f77b4,0.0142161147668957,32,7,24,1,190.0,198.0,69.0,0.000459,0.0,0.5,0.0,0.8984,0.6799,broker
abril,0,7,#1f77b4,0.010515940375626,39,3,34,2,83.0,301.0,223.0,0.000681,0.0,0.3414,0.0,0.9139,1.118,broker
fiestas,0,7,#1f77b4,0.0022455141879618,7,2,5,0,77.0,21.0,0.0,0.000152,0.0,0.7619,0.0,0.7755,0.0,broker
destacar,0,12,#1f77b4,0.0096758333966135,66,3,60,3,37.0,756.0,298.0,0.001157,0.0,0.242,0.0,0.9169,0.0,broker
internacional,0,3,#1f77b4,0.0209960080683231,60,5,53,2,130.0,681.0,240.0,0.001194,0.0,0.2627,0.0,0.9178,0.9802,broker
educativo,0,5,#1f77b4,0.0115077327936887,25,3,22,0,67.0,165.0,0.0,0.000327,0.0,0.4733,0.0,0.8992,1.278,broker
plantel,0,5,#1f77b4,0.0030150837264955,13,2,11,0,57.0,66.0,0.0,0.00018,0.0,0.7051,0.0,0.8876,-0.3651,broker
espana,0,3,#1f77b4,0.0057049510069191,27,3,24,0,68.0,156.0,0.0,0.000305,0.0,0.4587,0.0,0.8807,0.4201,broker
merecido,0,1,#1f77b4,0.002130968729034,8,4,4,0,77.0,23.0,0.0,0.000145,0.0,0.8214,0.0,0.6875,0.4183,broker
reconocimiento,0,1,#1f77b4,0.0066120801493525,31,9,21,1,131.0,233.0,80.0,0.000501,0.0,0.4839,0.0,0.8574,2.3934,broker
representar,0,8,#1f77b4,0.0247663222253322,60,3,56,1,46.0,570.0,82.0,0.000863,0.0,0.2729,0.0,0.9178,1.206,broker
promocion,0,0,#1f77b4,0.0049307257868349,18,4,14,0,66.0,93.0,0.0,0.000201,0.0,0.6667,0.0,0.8765,-0.777,broker
historico,0,11,#1f77b4,0.0166442953050136,49,2,45,2,42.0,424.0,209.0,0.000722,0.0,0.3087,0.0,0.9013,0.0,broker
ofrecer,0,10,#1f77b4,0.0118195042014122,42,3,38,1,34.0,393.0,108.0,0.000592,0.0,0.3798,0.0,0.9059,1.3229,broker
convertir,0,8,#1f77b4,0.0077761746942996,37,2,35,0,41.0,279.0,0.0,0.000452,0.0,0.4249,0.0,0.9058,0.3015,broker
jazz,0,3,#1f77b4,0.0023939951788634,9,4,5,0,70.0,23.0,0.0,0.000162,0.0,0.5833,0.0,0.642,0.4201,broker
identidad,0,5,#1f77b4,0.0066853552125394,36,3,33,0,23.0,253.0,0.0,0.000367,0.0,0.4175,0.0,0.9074,1.8257,broker
atraer,0,0,#1f77b4,0.0044232797808945,12,5,7,0,67.0,54.0,0.0,0.00015,0.0,0.7727,0.0,0.7083,0.1943,broker
competencia,0,3,#1f77b4,0.0076439017429947,22,1,21,0,24.0,150.0,0.0,0.000229,0.0,0.5368,0.0,0.8636,-0.7001,broker
obtener,0,1,#1f77b4,0.0082544265314936,26,4,22,0,36.0,168.0,0.0,0.000348,0.0,0.4062,0.0,0.8905,0.8133,broker
ganador,0,1,#1f77b4,0.0065514203161001,13,4,9,0,45.0,55.0,0.0,0.00017,0.0,0.5128,0.0,0.7692,0.8133,broker
premio,0,1,#1f77b4,0.0068834768608212,19,5,14,0,70.0,99.0,0.0,0.00024,0.0,0.4795,0.0,0.8089,1.2083,broker
canaco,0,0,#1f77b4,0.003359492868185,10,3,7,0,46.0,33.0,0.0,0.00013,0.0,0.6889,0.0,0.7,-0.2914,broker
edificio,0,11,#1f77b4,0.0049753687344491,16,3,13,0,40.0,86.0,0.0,0.000185,0.0,0.55,0.0,0.8516,1.4142,broker
brava,0,6,#1f77b4,0.0158786084502935,24,4,20,0,53.0,134.0,0.0,0.000309,0.0,0.3986,0.0,0.8681,2.2873,broker
corona,0,6,#1f77b4,0.0050693172961473,10,2,8,0,28.0,45.0,0.0,0.000129,0.0,0.5556,0.0,0.84,0.4815,broker
agenda,0,3,#1f77b4,0.0056540598161518,18,1,17,0,20.0,101.0,0.0,0.000174,0.0,0.634,0.0,0.8889,-0.7001,broker
consolidar,0,12,#1f77b4,0.0058613680303096,19,2,17,0,30.0,141.0,0.0,0.000213,0.0,0.7076,0.0,0.8809,0.0,broker
preservar,0,11,#1f77b4,0.0013233225326985,7,2,5,0,26.0,25.0,0.0,8.8e-05,0.0,0.8095,0.0,0.7755,0.0,broker
fest,0,3,#1f77b4,0.0066908090375363,13,4,9,0,43.0,52.0,0.0,0.000157,0.0,0.5385,0.0,0.6746,1.5403,broker
riqueza,0,10,#1f77b4,0.0031995594035834,15,2,13,0,15.0,96.0,0.0,0.000157,0.0,0.6571,0.0,0.8622,0.0,broker
apostar,0,1,#1f77b4,0.0042520915158092,7,2,5,0,25.0,35.0,0.0,0.000112,0.0,0.7619,0.0,0.7755,-0.3718,broker
doble,0,1,#1f77b4,0.0025685308501124,11,3,8,0,31.0,46.0,0.0,0.000145,0.0,0.4909,0.0,0.7769,0.4183,broker
vocacion,0,5,#1f77b4,0.002995163667947,15,1,14,0,6.0,79.0,0.0,0.000128,0.0,0.5905,0.0,0.8356,0.1826,broker
destacado,0,1,#1f77b4,0.0038176435045897,18,5,13,0,51.0,76.0,0.0,0.000182,0.0,0.6405,0.0,0.8333,1.2083,broker
deuda,0,2,#1f77b4,0.0066046277061104,13,2,11,0,27.0,57.0,0.0,0.000166,0.0,0.4744,0.0,0.7811,1.6307,broker
reducir,0,2,#1f77b4,0.0120422728359699,17,2,15,0,25.0,106.0,0.0,0.000196,0.0,0.6397,0.0,0.8443,1.6307,broker
abierto,0,9,#1f77b4,0.0044328053481876,31,3,27,1,21.0,169.0,65.0,0.000345,0.0,0.4387,0.0,0.9074,2.4121,broker
porteno,0,6,#1f77b4,0.0025369974318891,16,1,15,0,11.0,91.0,0.0,0.000158,0.0,0.55,0.0,0.8203,0.4815,broker
vacante,0,10,#1f77b4,0.0112064080312848,7,1,6,0,16.0,27.0,0.0,0.00011,0.0,0.4286,0.0,0.7347,1.3229,broker
restaurante,0,0,#1f77b4,0.006788071244955,12,5,7,0,53.0,36.0,0.0,0.000123,0.0,0.8182,0.0,0.6944,0.1943,broker
advertir,0,4,#1f77b4,0.0052032833918929,10,2,8,0,27.0,51.0,0.0,0.00012,0.0,0.8889,0.0,0.86,0.0,broker
capital,0,2,#1f77b4,0.0048936204984784,26,1,25,0,6.0,192.0,0.0,0.00026,0.0,0.5908,0.0,0.8905,1.6307,broker
decada,0,8,#1f77b4,0.0037292083725333,19,2,17,0,23.0,100.0,0.0,0.000213,0.0,0.5673,0.0,0.8864,1.206,broker
posicionar,0,0,#1f77b4,0.0015248856507241,7,2,5,0,25.0,26.0,0.0,8.3e-05,0.0,1.0,0.0,0.6122,-0.777,broker
proyectar,0,12,#1f77b4,0.0027946482878178,11,1,10,0,6.0,59.0,0.0,0.000106,0.0,0.8,0.0,0.7934,0.0,broker
propietario,0,11,#1f77b4,0.0056844684295356,7,1,6,0,12.0,37.0,0.0,9.7e-05,0.0,0.8095,0.0,0.8163,-1.4142,broker
ejercicio,0,9,#1f77b4,0.0054530426859855,9,1,8,0,6.0,48.0,0.0,0.000144,0.0,0.3611,0.0,0.8642,0.603,broker
directamente,0,9,#1f77b4,0.0025416242424398,18,1,17,0,6.0,94.0,0.0,0.00017,0.0,0.6078,0.0,0.8765,0.603,broker
crucero,0,13,#1f77b4,0.0041664242744445,7,1,6,0,12.0,39.0,0.0,0.000104,0.0,0.6667,0.0,0.7347,1.0,broker
global,0,13,#1f77b4,0.0037250672467052,14,1,13,0,12.0,75.0,0.0,0.000139,0.0,0.7143,0.0,0.8571,1.0,broker
reina,0,7,#1f77b4,0.0017412783345207,8,3,5,0,32.0,27.0,0.0,0.000177,0.0,0.3214,0.0,0.7812,1.118,broker
plazo,0,5,#1f77b4,0.003278869902715,9,1,8,0,11.0,41.0,0.0,0.000105,0.0,0.5,0.0,0.7901,0.1826,broker
band,0,3,#1f77b4,0.0011457975488156,4,1,3,0,11.0,12.0,0.0,7e-05,0.0,1.0,0.0,0.0,-0.14,periferico
referente,0,12,#1f77b4,0.0045768064446747,13,2,11,0,21.0,72.0,0.0,0.00014,0.0,0.7564,0.0,0.8402,0.0,broker
anual,0,2,#1f77b4,0.0057921968400478,9,1,8,0,7.0,49.0,0.0,9.6e-05,0.0,0.8611,0.0,0.8148,-0.3706,broker
manzur,0,0,#1f77b4,0.0018222156213596,4,1,3,0,11.0,14.0,0.0,6.9e-05,0.0,0.8333,0.0,0.625,-2.234,broker
caballero,0,7,#1f77b4,0.0017264822963625,2,1,1,0,10.0,4.0,0.0,0.000124,0.0,0.0,0.0,0.5,-1.118,broker
reflejo,0,1,#1f77b4,0.0015780921094119,7,2,5,0,16.0,31.0,0.0,9.1e-05,0.0,0.7143,0.0,0.6939,0.0232,broker
inauguracion,0,10,#1f77b4,0.0065512820146977,15,1,14,0,9.0,71.0,0.0,0.000128,0.0,0.5238,0.0,0.8,0.0,broker
significativo,0,13,#1f77b4,0.0013818180887028,13,0,13,0,0.0,70.0,0.0,0.000113,0.0,0.7051,0.0,0.8521,-1.0,broker
secundaria,0,5,#1f77b4,0.0022506837267428,2,1,1,0,10.0,4.0,0.0,5.5e-05,0.0,1.0,0.0,0.5,-0.9129,broker
deportiva,0,6,#1f77b4,0.0029727173969149,12,3,8,1,22.0,43.0,76.0,0.000184,0.0,0.5606,0.0,0.8611,0.4815,broker
regular,0,6,#1f77b4,0.0047153588384389,8,1,7,0,10.0,37.0,0.0,8.9e-05,0.0,0.75,0.0,0.7812,-0.7223,broker
particular,0,2,#1f77b4,0.0076655894517898,8,0,8,0,0.0,44.0,0.0,9.4e-05,0.0,0.5714,0.0,0.75,0.2965,broker
tenis,0,9,#1f77b4,0.0016801331657916,2,1,1,0,9.0,4.0,0.0,5.3e-05,0.0,1.0,0.0,0.5,-0.3015,broker
moderno,0,2,#1f77b4,0.0011215938720852,9,0,9,0,0.0,43.0,0.0,9.6e-05,0.0,0.4444,0.0,0.8148,0.2965,broker
fuga,0,4,#1f77b4,0.0043254485353827,4,1,3,0,9.0,15.0,0.0,8.4e-05,0.0,0.5,0.0,0.75,-0.5916,broker
bolsa,0,2,#1f77b4,0.0054314383305609,10,0,10,0,0.0,54.0,0.0,0.000107,0.0,0.5556,0.0,0.84,-0.3706,broker
millonario,0,2,#1f77b4,0.0030877452809363,6,2,4,0,16.0,18.0,0.0,9.9e-05,0.0,0.2667,0.0,0.7222,-0.3706,broker
motor,0,1,#1f77b4,0.0026845107786357,6,1,5,0,8.0,23.0,0.0,7.2e-05,0.0,0.6667,0.0,0.7778,-0.3718,broker
escaso,0,4,#1f77b4,0.0012438484700396,2,1,1,0,8.0,4.0,0.0,5.3e-05,0.0,1.0,0.0,0.5,-0.5916,broker
invertir,0,2,#1f77b4,0.0101709673181176,19,0,19,0,0.0,90.0,0.0,0.000147,0.0,0.5322,0.0,0.8753,0.9636,broker
calibre,0,4,#1f77b4,0.0024550256785005,1,1,0,0,8.0,0.0,0.0,4.8e-05,0.0,0.0,0.0,0.0,-0.5916,periferico
certamen,0,6,#1f77b4,0.0014326464151963,11,1,10,0,6.0,52.0,0.0,0.000101,0.0,0.7273,0.0,0.843,0.4815,broker
distinguir,0,5,#1f77b4,0.0039692050777375,17,0,17,0,0.0,84.0,0.0,0.00014,0.0,0.4853,0.0,0.8789,0.1826,broker
pieza,0,8,#1f77b4,0.0025430563837289,7,1,6,0,8.0,27.0,0.0,7.6e-05,0.0,0.9048,0.0,0.8163,-0.603,broker
predio,0,2,#1f77b4,0.0033258395269513,6,1,5,0,6.0,27.0,0.0,0.000101,0.0,0.4,0.0,0.6667,0.2965,broker
mencho,0,2,#1f77b4,0.0018671381985768,4,0,4,0,0.0,22.0,0.0,8.9e-05,0.0,0.3333,0.0,0.5,-0.3706,broker
del,0,5,#1f77b4,0.0012869153870269,2,1,1,0,6.0,8.0,0.0,5.4e-05,0.0,1.0,0.0,0.5,-0.9129,broker
asfaltico,0,4,#1f77b4,0.0032697445712983,2,1,1,0,8.0,4.0,0.0,5.1e-05,0.0,1.0,0.0,0.5,-0.5916,broker
amplio,0,6,#1f77b4,0.0033572884276509,9,1,8,0,6.0,44.0,0.0,9e-05,0.0,0.7778,0.0,0.8148,-0.7223,broker
apuntar,0,9,#1f77b4,0.0037727179005742,10,2,8,0,12.0,42.0,0.0,0.000109,0.0,0.5333,0.0,0.84,0.603,broker
ganado,0,1,#1f77b4,0.0015870835632085,3,0,3,0,0.0,16.0,0.0,5.8e-05,0.0,1.0,0.0,0.4444,-0.7668,periferico
macuspano,0,2,#1f77b4,0.0013820268213748,7,1,6,0,7.0,27.0,0.0,0.000105,0.0,0.381,0.0,0.6939,0.2965,broker
valorar,0,10,#1f77b4,0.0031868750229477,4,1,3,0,6.0,12.0,0.0,5.7e-05,0.0,0.8333,0.0,0.75,-1.3229,broker
decomiso,0,2,#1f77b4,0.0012102732434868,3,0,3,0,0.0,14.0,0.0,7.9e-05,0.0,0.3333,0.0,0.4444,-0.3706,periferico
participant,0,6,#1f77b4,0.0010904365917667,1,1,0,0,6.0,0.0,0.0,4.6e-05,0.0,0.0,0.0,0.0,-0.7223,periferico
orgullosamente,0,1,#1f77b4,0.0020075025968253,5,0,5,0,0.0,23.0,0.0,6.3e-05,0.0,0.9,0.0,0.72,-0.7668,broker
avila,0,10,#1f77b4,0.0019541336223483,2,1,1,0,6.0,4.0,0.0,8.6e-05,0.0,0.0,0.0,0.0,0.0,periferico
visa,0,10,#1f77b4,0.0022304919548332,2,1,1,0,6.0,6.0,0.0,8.9e-05,0.0,0.0,0.0,0.5,-1.3229,broker
huella,0,1,#1f77b4,0.0018491322407498,5,1,4,0,6.0,18.0,0.0,6.4e-05,0.0,0.8,0.0,0.8,-0.7668,broker
alumbrado,0,9,#1f77b4,0.0032838133629411,2,1,1,0,6.0,4.0,0.0,7e-05,0.0,0.0,0.0,0.5,-0.3015,broker
banqueta,0,9,#1f77b4,0.003736711340025,3,1,2,0,6.0,11.0,0.0,8.8e-05,0.0,0.3333,0.0,0.4444,0.603,periferico
autorizacion,0,2,#1f77b4,0.0012883334420621,5,2,3,0,12.0,12.0,0.0,7.4e-05,0.0,0.7,0.0,0.56,0.2965,broker
embarazo,0,7,#1f77b4,0.0014015411725267,1,1,0,0,6.0,0.0,0.0,4.5e-05,0.0,0.0,0.0,0.0,-1.118,periferico
dispositivo,0,2,#1f77b4,0.0019198339432477,2,0,2,0,0.0,10.0,0.0,5.1e-05,0.0,0.0,0.0,0.5,-1.7049,broker
explanada,0,3,#1f77b4,0.0017653786344453,6,1,5,0,6.0,21.0,0.0,7.2e-05,0.0,0.3333,0.0,0.7778,-1.8204,broker
facilidad,0,6,#1f77b4,0.0023148034233599,2,0,2,0,0.0,10.0,0.0,4.9e-05,0.0,1.0,0.0,0.5,-1.3242,broker
vencer,0,8,#1f77b4,0.0038388208486139,7,0,7,0,0.0,32.0,0.0,7.6e-05,0.0,0.8095,0.0,0.7347,-0.603,broker
procedencia,0,2,#1f77b4,0.0026178960688412,2,0,2,0,0.0,9.0,0.0,6.3e-05,0.0,0.0,0.0,0.5,-1.0377,broker
come,0,1,#1f77b4,0.0019542099907994,1,0,1,0,0.0,5.0,0.0,4.4e-05,0.0,0.0,0.0,0.0,-1.1618,periferico
altos,0,6,#1f77b4,0.0010772068053483,1,0,1,0,0.0,5.0,0.0,4.6e-05,0.0,0.0,0.0,0.0,-0.7223,periferico
comprender,0,9,#1f77b4,0.0019152562599629,3,0,3,0,0.0,12.0,0.0,5.2e-05,0.0,1.0,0.0,0.6667,-1.206,broker
interponer,0,9,#1f77b4,0.0030004528816789,1,0,1,0,0.0,4.0,0.0,4.4e-05,0.0,0.0,0.0,0.0,-0.3015,periferico
embajada,0,2,#1f77b4,0.0013304610038176,2,0,2,0,0.0,8.0,0.0,5.7e-05,0.0,0.0,0.0,0.5,-1.0377,broker
bordo,0,9,#1f77b4,0.0016156189376488,2,0,2,0,0.0,8.0,0.0,5.4e-05,0.0,0.0,0.0,0.5,-1.206,broker
tula,0,9,#1f77b4,0.00120166875422,1,0,1,0,0.0,4.0,0.0,4.8e-05,0.0,0.0,0.0,0.0,-0.3015,periferico
tecnica,0,5,#1f77b4,0.002419346710667,4,0,4,0,0.0,16.0,0.0,6e-05,0.0,0.6667,0.0,0.75,-1.4606,broker
seccion,0,1,#1f77b4,0.0014982264256104,1,0,1,0,0.0,4.0,0.0,4.3e-05,0.0,0.0,0.0,0.0,-1.1618,periferico
pepe,0,9,#1f77b4,0.0011381160002201,1,0,1,0,0.0,4.0,0.0,6.9e-05,0.0,0.0,0.0,0.0,-1.206,periferico
trascender,0,1,#1f77b4,0.0022312060464173,1,0,1,0,0.0,4.0,0.0,4.4e-05,0.0,0.0,0.0,0.0,-1.1618,periferico
fraccionamiento,0,2,#1f77b4,0.004220568574965,1,0,1,0,0.0,4.0,0.0,4.3e-05,0.0,0.0,0.0,0.0,-1.7049,periferico
ocampo,0,13,#1f77b4,0.0018765167333185,1,0,1,0,0.0,4.0,0.0,4.5e-05,0.0,0.0,0.0,0.0,-1.0,periferico
capitan,0,8,#1f77b4,0.0014249312225729,1,0,1,0,0.0,4.0,0.0,4.5e-05,0.0,0.0,0.0,0.0,-1.5076,periferico
fallo,0,1,#1f77b4,0.0010302149457857,1,0,1,0,0.0,4.0,0.0,4.5e-05,0.0,0.0,0.0,0.0,-0.7668,periferico
tamaulipas,13,2,#ff9896,0.201029896736145,142,5,39,98,1320.0,5490.0,10549.0,0.009581,0.0,0.0926,0.0,0.9759,0.8944,broker
tampico,13,0,#ff9896,0.156082734465599,359,4,49,306,2879.0,6376.0,45387.0,0.032625,0.0,0.051,0.0,0.9903,1.2247,broker
ciudad,13,0,#ff9896,0.0422713235020637,94,3,45,46,2564.0,2035.0,5056.0,0.005039,0.0,0.1441,0.0,0.9486,1.2247,broker
madero,13,0,#ff9896,0.0623330399394035,36,2,31,3,1364.0,1383.0,213.0,0.0015,0.0,0.3603,0.0,0.8441,-0.8165,broker
sur,13,2,#ff9896,0.0579221695661544,38,5,27,6,1005.0,1587.0,775.0,0.001764,0.0,0.3314,0.0,0.8684,0.8944,broker
altamira,13,1,#ff9896,0.0541626550257205,32,6,23,3,682.0,2015.0,230.0,0.001409,0.0,0.4032,0.0,0.8574,0.7845,broker
region,13,2,#ff9896,0.0152425058186054,25,5,19,1,527.0,630.0,70.0,0.00063,0.0,0.5367,0.0,0.8384,0.8944,broker
reynosa,13,1,#ff9896,0.0398213379085063,21,6,14,1,806.0,748.0,85.0,0.000787,0.0,0.6238,0.0,0.8027,0.7845,broker
matamoros,13,1,#ff9896,0.0321473814547061,23,6,16,1,773.0,786.0,89.0,0.000825,0.0,0.5771,0.0,0.8015,0.7845,broker
cdvictoria,13,1,#ff9896,0.0291952043771743,12,5,7,0,474.0,609.0,0.0,0.000529,0.0,0.9545,0.0,0.7083,-0.5883,broker
manana,13,3,#ff9896,0.0048235515132546,21,3,18,0,27.0,547.0,0.0,0.000323,0.0,0.6286,0.0,0.771,1.9366,broker
concierto,13,3,#ff9896,0.0070547484792768,14,4,10,0,51.0,336.0,0.0,0.000233,0.0,0.8462,0.0,0.7347,1.1032,broker
nuevolaredo,13,1,#ff9896,0.0150557653978466,12,6,6,0,474.0,213.0,0.0,0.000337,0.0,0.9394,0.0,0.6528,0.7845,broker
sabado,13,3,#ff9896,0.0092341089621186,17,4,13,0,47.0,380.0,0.0,0.000253,0.0,0.6985,0.0,0.7266,1.9366,broker
puente,13,4,#ff9896,0.0081006679683923,15,1,14,0,7.0,288.0,0.0,0.000185,0.0,0.7429,0.0,0.8178,1.5398,broker
cdmadero,13,1,#ff9896,0.0117136975750327,11,5,6,0,352.0,227.0,0.0,0.000295,0.0,1.0,0.0,0.6777,-0.5883,broker
cdmx,13,3,#ff9896,0.0065148826688528,21,4,17,0,48.0,361.0,0.0,0.000245,0.0,0.6095,0.0,0.7619,1.5199,broker
intenso,13,2,#ff9896,0.0044594146311283,11,4,7,0,156.0,121.0,0.0,0.00017,0.0,0.9273,0.0,0.7273,-0.4472,broker
anunciar,13,3,#ff9896,0.004949792753905,15,1,14,0,13.0,264.0,0.0,0.000172,0.0,0.8476,0.0,0.8,0.6864,broker
prever,13,2,#ff9896,0.0055456385016441,9,4,5,0,119.0,65.0,0.0,0.000127,0.0,0.9444,0.0,0.642,-0.4472,broker
energetico,13,2,#ff9896,0.0044331299141049,8,3,5,0,103.0,76.0,0.0,0.000126,0.0,0.8929,0.0,0.6875,-1.7889,broker
bache,13,0,#ff9896,0.0038666313048452,8,2,6,0,86.0,45.0,0.0,0.000112,0.0,0.7143,0.0,0.7812,-0.8165,broker
ciudadmadero,13,1,#ff9896,0.003532879287377,8,4,4,0,123.0,101.0,0.0,0.000139,0.0,1.0,0.0,0.6562,-1.9612,broker
paseo,13,5,#ff9896,0.0023241096641868,9,1,8,0,8.0,109.0,0.0,0.000103,0.0,0.7222,0.0,0.716,-0.5,broker
previo,13,4,#ff9896,0.0063342065550386,7,0,7,0,0.0,133.0,0.0,0.000102,0.0,1.0,0.0,0.6122,-0.8799,broker
cortadura,13,5,#ff9896,0.0020683370530605,7,2,5,0,18.0,63.0,0.0,9.1e-05,0.0,0.7143,0.0,0.6939,0.75,broker
ramos,13,6,#ff9896,0.0013688980834558,4,0,4,0,0.0,67.0,0.0,7.3e-05,0.0,1.0,0.0,0.625,0.7071,broker
definir,13,3,#ff9896,0.0044516567140817,8,0,8,0,0.0,109.0,0.0,9e-05,0.0,1.0,0.0,0.7188,-0.1471,broker
madrugada,13,3,#ff9896,0.005036486312747,9,1,8,0,13.0,98.0,0.0,9.3e-05,0.0,0.9167,0.0,0.6667,-0.5638,broker
nautico,13,5,#ff9896,0.0010033342987298,4,2,2,0,16.0,35.0,0.0,7.3e-05,0.0,0.8333,0.0,0.375,0.75,periferico
vazquez,13,6,#ff9896,0.0056960862129926,6,0,6,0,0.0,80.0,0.0,7.9e-05,0.0,0.8667,0.0,0.6111,0.7071,broker
coleccion,13,4,#ff9896,0.002477056114003,4,0,4,0,0.0,44.0,0.0,6.1e-05,0.0,1.0,0.0,0.625,-0.8799,broker
embarcacion,13,5,#ff9896,0.0034399987198412,10,2,8,0,13.0,71.0,0.0,9.1e-05,0.0,0.6667,0.0,0.76,0.75,broker
auto,13,4,#ff9896,0.0047109485603868,15,3,12,0,27.0,137.0,0.0,0.000128,0.0,0.7143,0.0,0.7911,2.3464,broker
raul,13,4,#ff9896,0.0020513397175818,7,0,7,0,0.0,90.0,0.0,8.1e-05,0.0,1.0,0.0,0.6939,-0.0733,broker
cruce,13,4,#ff9896,0.0046053151600062,6,0,6,0,0.0,67.0,0.0,7.1e-05,0.0,1.0,0.0,0.6667,-0.0733,broker
gas,13,4,#ff9896,0.0041692689992487,8,0,8,0,0.0,86.0,0.0,8.2e-05,0.0,0.8929,0.0,0.7188,-0.0733,broker
miss,13,3,#ff9896,0.0010993281612172,4,1,3,0,20.0,22.0,0.0,8.7e-05,0.0,0.8333,0.0,0.625,-0.5638,broker
universo,13,3,#ff9896,0.0014263562625274,4,1,3,0,20.0,17.0,0.0,8.3e-05,0.0,0.8333,0.0,0.5,-0.1471,broker
moto,13,4,#ff9896,0.001770383445546,7,1,6,0,11.0,66.0,0.0,8e-05,0.0,0.8571,0.0,0.6939,-0.0733,broker
observacion,13,-1,#ff9896,0.0015726642450317,4,0,4,0,0.0,48.0,0.0,6.2e-05,0.0,1.0,0.0,0.625,0.0,broker
top,13,3,#ff9896,0.0029875061009079,4,0,4,0,0.0,44.0,0.0,6.2e-05,0.0,1.0,0.0,0.375,-0.9806,periferico
procesion,13,5,#ff9896,0.0047965585254132,5,1,4,0,7.0,40.0,0.0,6.4e-05,0.0,1.0,0.0,0.56,-1.75,broker
adrian,13,6,#ff9896,0.0010824268683791,6,0,6,0,0.0,59.0,0.0,6.6e-05,0.0,1.0,0.0,0.6111,-1.4142,broker
christian,13,3,#ff9896,0.0021876341197639,3,0,3,0,0.0,21.0,0.0,5e-05,0.0,1.0,0.0,0.6667,-0.5638,broker
inclusivo,13,0,#ff9896,0.0011036678915843,2,1,1,0,13.0,4.0,0.0,4.7e-05,0.0,1.0,0.0,0.0,-0.8165,periferico
company,13,3,#ff9896,0.0016218245727941,2,0,2,0,0.0,16.0,0.0,4.7e-05,0.0,1.0,0.0,0.5,-0.5638,broker
agresor,13,4,#ff9896,0.00165384367574,5,1,4,0,9.0,32.0,0.0,6e-05,0.0,1.0,0.0,0.56,-0.0733,broker
proveedor,13,-1,#ff9896,0.0013129003345966,3,0,3,0,0.0,24.0,0.0,5.1e-05,0.0,1.0,0.0,0.4444,0.0,periferico
adios,13,3,#ff9896,0.001419277396053,2,0,2,0,0.0,17.0,0.0,4.7e-05,0.0,1.0,0.0,0.0,-0.9806,periferico
explicacion,13,3,#ff9896,0.004506791010499,7,1,6,0,7.0,37.0,0.0,6.1e-05,0.0,0.8571,0.0,0.6939,-0.1471,broker
clandestino,13,3,#ff9896,0.0025965215172618,6,0,6,0,0.0,36.0,0.0,5.5e-05,0.0,1.0,0.0,0.6667,-0.5638,broker
camisa,13,4,#ff9896,0.0013674951624125,2,0,2,0,0.0,10.0,0.0,4.4e-05,0.0,1.0,0.0,0.0,-0.8799,periferico
instagram,13,3,#ff9896,0.001504806918092,1,0,1,0,0.0,5.0,0.0,4.2e-05,0.0,0.0,0.0,0.0,-0.9806,periferico
cohete,13,3,#ff9896,0.0010050012497231,1,0,1,0,0.0,4.0,0.0,4.1e-05,0.0,0.0,0.0,0.0,-0.9806,periferico
decomisar,13,4,#ff9896,0.0012275486951693,1,0,1,0,0.0,4.0,0.0,4.1e-05,0.0,0.0,0.0,0.0,-0.8799,periferico
pasar,33,5,#ff9896,0.0212381519377231,123,5,110,8,109.0,2638.0,740.0,0.002265,0.0,0.2316,0.0,0.9476,2.1213,broker
querer,33,0,#ff9896,0.0258010290563106,143,1,119,23,248.0,3082.0,2209.0,0.003793,0.0,0.1836,0.0,0.9559,0.0,broker
dejar,33,0,#ff9896,0.01358128990978,127,2,114,11,257.0,2374.0,931.0,0.002337,0.0,0.2181,0.0,0.9505,0.0,broker
deber,33,9,#ff9896,0.0121084842830896,118,3,109,6,55.0,2489.0,452.0,0.002011,0.0,0.2445,0.0,0.9443,2.0,broker
hablar,33,-1,#ff9896,0.02100495621562,99,0,98,1,0.0,1765.0,71.0,0.001253,0.0,0.3107,0.0,0.9397,1.1275,broker
mal,33,4,#ff9896,0.0166823025792837,93,4,89,0,83.0,1519.0,0.0,0.001071,0.0,0.3467,0.0,0.9386,1.6977,broker
pensar,33,-1,#ff9896,0.0083215208724141,74,0,74,0,0.0,1042.0,0.0,0.000696,0.0,0.448,0.0,0.9354,1.1275,broker
sacar,33,11,#ff9896,0.0104493601247668,75,4,71,0,40.0,974.0,0.0,0.000688,0.0,0.449,0.0,0.9372,1.5689,broker
basura,33,12,#ff9896,0.0070707956328988,56,3,51,2,56.0,668.0,198.0,0.000601,0.0,0.5584,0.0,0.9356,1.7321,broker
peor,33,4,#ff9896,0.0099800489842891,77,3,74,0,70.0,904.0,0.0,0.000662,0.0,0.4422,0.0,0.9368,0.9701,broker
exigir,33,5,#ff9896,0.0053318976424634,40,1,39,0,72.0,341.0,0.0,0.000296,0.0,0.6615,0.0,0.93,-0.7071,broker
problema,33,6,#ff9896,0.0107457786798477,70,3,67,0,74.0,936.0,0.0,0.000675,0.0,0.4675,0.0,0.9376,1.069,broker
senor,33,15,#ff9896,0.0065052858553826,65,1,64,0,26.0,752.0,0.0,0.000547,0.0,0.5077,0.0,0.934,0.0,broker
quitar,33,18,#ff9896,0.005764955189079,60,1,59,0,14.0,630.0,0.0,0.000434,0.0,0.5706,0.0,0.9328,0.0,broker
caer,33,19,#ff9896,0.0077489130198955,74,2,72,0,19.0,841.0,0.0,0.000597,0.0,0.4235,0.0,0.935,0.0,broker
tratar,33,13,#ff9896,0.0062991436570882,75,4,71,0,35.0,802.0,0.0,0.000611,0.0,0.4198,0.0,0.9404,2.3723,broker
existir,33,15,#ff9896,0.0049328724853694,70,2,68,0,40.0,711.0,0.0,0.000518,0.0,0.4551,0.0,0.9318,0.0,broker
respeto,33,-1,#ff9896,0.0057850386947393,53,0,53,0,0.0,568.0,0.0,0.00039,0.0,0.6103,0.0,0.927,0.6765,broker
mentira,33,16,#ff9896,0.0065818117000162,51,2,49,0,29.0,575.0,0.0,0.00041,0.0,0.6259,0.0,0.9227,0.0,broker
pena,33,-1,#ff9896,0.0079726101830601,64,0,64,0,0.0,712.0,0.0,0.000489,0.0,0.5362,0.0,0.9331,0.2255,broker
delincuente,33,-1,#ff9896,0.0064609432592988,61,0,61,0,0.0,644.0,0.0,0.000453,0.0,0.5137,0.0,0.9315,0.6765,broker
falta,33,6,#ff9896,0.0065770512446761,55,3,52,0,53.0,515.0,0.0,0.0004,0.0,0.5744,0.0,0.9336,1.069,broker
voto,33,8,#ff9896,0.0077902749180793,50,3,47,0,52.0,431.0,0.0,0.000345,0.0,0.5984,0.0,0.9344,0.8165,broker
tocar,33,7,#ff9896,0.0063261701725423,56,3,53,0,19.0,530.0,0.0,0.000379,0.0,0.5981,0.0,0.9254,2.8284,conector_provincial
patria,33,1,#ff9896,0.0054094856604933,60,6,54,0,68.0,521.0,0.0,0.000417,0.0,0.5514,0.0,0.9278,1.6036,broker
cobrar,33,18,#ff9896,0.0039607649669051,40,2,38,0,26.0,382.0,0.0,0.000285,0.0,0.7756,0.0,0.91,0.0,broker
pregunta,33,-1,#ff9896,0.0038559024687856,42,0,42,0,0.0,408.0,0.0,0.000283,0.0,0.7573,0.0,0.9161,0.2255,broker
valer,33,-1,#ff9896,0.0053315265104174,51,0,51,0,0.0,545.0,0.0,0.000368,0.0,0.6855,0.0,0.9273,0.2255,broker
respuesta,33,-1,#ff9896,0.0032522724941372,42,0,42,0,0.0,368.0,0.0,0.00027,0.0,0.6783,0.0,0.9195,-0.2255,broker
llorar,33,14,#ff9896,0.0026589923072606,34,0,34,0,0.0,296.0,0.0,0.000228,0.0,0.7219,0.0,0.917,0.6325,broker
palabra,33,3,#ff9896,0.0045740026980638,60,4,56,0,26.0,516.0,0.0,0.000406,0.0,0.5096,0.0,0.9289,2.5776,conector_provincial
merecer,33,-1,#ff9896,0.0043918043375015,41,0,41,0,0.0,356.0,0.0,0.00026,0.0,0.678,0.0,0.9173,0.2255,broker
justo,33,20,#ff9896,0.0045682140626013,50,1,49,0,6.0,380.0,0.0,0.00028,0.0,0.6294,0.0,0.928,1.3728,broker
recolector,33,12,#ff9896,0.0054153441451489,4,1,3,0,33.0,12.0,0.0,6.4e-05,0.0,1.0,0.0,0.75,-0.5774,broker
falso,33,10,#ff9896,0.0062492424622178,42,2,40,0,19.0,361.0,0.0,0.00027,0.0,0.7143,0.0,0.9252,-0.3015,broker
resolver,33,6,#ff9896,0.0028178298380225,29,2,27,0,38.0,223.0,0.0,0.000198,0.0,0.7759,0.0,0.9061,-0.2673,broker
realmente,33,2,#ff9896,0.0035880689974874,44,2,42,0,13.0,352.0,0.0,0.000266,0.0,0.686,0.0,0.9267,2.846,conector_provincial
enganar,33,10,#ff9896,0.0023359628394246,30,3,27,0,24.0,231.0,0.0,0.000192,0.0,0.8322,0.0,0.8978,0.603,broker
eleccion,33,8,#ff9896,0.0063350666314363,45,2,43,0,36.0,322.0,0.0,0.000271,0.0,0.6414,0.0,0.9235,0.8165,broker
triste,33,2,#ff9896,0.0037003806792199,27,1,26,0,6.0,217.0,0.0,0.000171,0.0,0.8746,0.0,0.9246,0.7906,broker
traidor,33,1,#ff9896,0.003520441474393,35,4,31,0,50.0,237.0,0.0,0.000219,0.0,0.7227,0.0,0.8996,1.6036,broker
loco,33,1,#ff9896,0.0028868119698017,35,1,34,0,12.0,299.0,0.0,0.000228,0.0,0.7462,0.0,0.9355,-0.5345,broker
serio,33,-1,#ff9896,0.0024380520917475,32,0,32,0,0.0,264.0,0.0,0.000199,0.0,0.7399,0.0,0.8965,-0.2255,broker
dejen,33,11,#ff9896,0.0023267855867743,22,2,20,0,17.0,159.0,0.0,0.000143,0.0,0.9177,0.0,0.8719,-0.3922,broker
ojo,33,16,#ff9896,0.0046449820511043,57,1,56,0,14.0,469.0,0.0,0.000348,0.0,0.5326,0.0,0.9252,0.0,broker
papel,33,20,#ff9896,0.0023556996602565,21,2,19,0,12.0,170.0,0.0,0.000148,0.0,0.8571,0.0,0.8889,0.3922,broker
pie,33,2,#ff9896,0.004150312859565,30,1,29,0,7.0,230.0,0.0,0.000187,0.0,0.777,0.0,0.8911,0.7906,broker
peso,33,19,#ff9896,0.0030415439978241,30,2,28,0,23.0,207.0,0.0,0.000187,0.0,0.8,0.0,0.9133,0.0,broker
juicio,33,9,#ff9896,0.0017015737248584,12,1,11,0,22.0,64.0,0.0,0.000102,0.0,0.8182,0.0,0.8611,-0.5,broker
inocente,33,2,#ff9896,0.0021314427722245,17,1,16,0,6.0,140.0,0.0,0.000125,0.0,0.8897,0.0,0.9135,-0.5798,broker
bastar,33,1,#ff9896,0.0033720890060067,33,2,31,0,16.0,236.0,0.0,0.000189,0.0,0.8598,0.0,0.9183,-0.5345,broker
suponer,33,2,#ff9896,0.0016484835650771,20,1,19,0,6.0,130.0,0.0,0.00012,0.0,0.8842,0.0,0.925,0.1054,broker
destruir,33,10,#ff9896,0.004385863430798,37,2,35,0,12.0,233.0,0.0,0.000193,0.0,0.7027,0.0,0.9306,0.603,broker
contrario,33,8,#ff9896,0.0018607208039611,23,1,22,0,6.0,152.0,0.0,0.000135,0.0,0.8142,0.0,0.9263,-1.2247,broker
suficiente,33,9,#ff9896,0.0051196250133216,16,1,15,0,20.0,106.0,0.0,0.000112,0.0,1.0,0.0,0.8594,-0.5,broker
elegir,33,8,#ff9896,0.0022278439719229,24,2,22,0,24.0,152.0,0.0,0.000147,0.0,0.7971,0.0,0.8576,-1.2247,broker
privilegio,33,3,#ff9896,0.0010581532260403,15,0,15,0,0.0,97.0,0.0,9.9e-05,0.0,0.7905,0.0,0.8889,-0.9666,broker
salario,33,18,#ff9896,0.0030971991363912,22,1,21,0,12.0,137.0,0.0,0.000128,0.0,0.8485,0.0,0.9174,0.0,broker
anos,33,1,#ff9896,0.0034580938518047,24,1,23,0,6.0,152.0,0.0,0.000134,0.0,0.8442,0.0,0.9236,-1.069,broker
amenazar,33,-1,#ff9896,0.0028378891292959,11,0,11,0,0.0,80.0,0.0,8.6e-05,0.0,0.9273,0.0,0.7769,-2.0294,broker
chiste,33,4,#ff9896,0.001851316075772,12,1,11,0,8.0,70.0,0.0,8.4e-05,0.0,1.0,0.0,0.8333,-0.4851,broker
frase,33,3,#ff9896,0.0010330916848033,18,1,17,0,6.0,108.0,0.0,0.000109,0.0,0.8366,0.0,0.8889,0.5523,broker
hipocrita,33,1,#ff9896,0.001376302097924,17,1,16,0,6.0,109.0,0.0,0.000108,0.0,0.8971,0.0,0.8651,0.0,broker
silencio,33,14,#ff9896,0.0027151827234774,13,1,12,0,11.0,92.0,0.0,0.00011,0.0,0.7051,0.0,0.8639,0.6325,broker
detras,33,15,#ff9896,0.0026469565927982,23,1,22,0,14.0,128.0,0.0,0.000125,0.0,0.8458,0.0,0.9149,0.0,broker
peru,33,2,#ff9896,0.0016541519435122,9,1,8,0,16.0,51.0,0.0,0.000118,0.0,0.6389,0.0,0.8148,0.1054,broker
peruano,33,2,#ff9896,0.0013880665646865,3,1,2,0,16.0,8.0,0.0,6.8e-05,0.0,0.6667,0.0,0.6667,-0.5798,broker
mala,33,4,#ff9896,0.0024555008858442,20,2,18,0,27.0,120.0,0.0,0.000128,0.0,0.9158,0.0,0.92,-0.4851,broker
mentir,33,16,#ff9896,0.0024970059748739,35,1,34,0,15.0,219.0,0.0,0.000187,0.0,0.6924,0.0,0.929,1.4142,broker
sangre,33,20,#ff9896,0.0023074685595929,14,1,13,0,6.0,84.0,0.0,9.2e-05,0.0,0.9451,0.0,0.8673,0.3922,broker
estudiar,33,3,#ff9896,0.0042309607379138,12,0,12,0,0.0,74.0,0.0,8.3e-05,0.0,0.9394,0.0,0.8472,-0.4603,broker
pendeja,33,7,#ff9896,0.0012992687989026,7,0,7,0,0.0,45.0,0.0,6.5e-05,0.0,1.0,0.0,0.8571,-0.8081,broker
voluntad,33,7,#ff9896,0.0013927462277933,11,0,11,0,0.0,68.0,0.0,8e-05,0.0,0.9273,0.0,0.876,-0.202,broker
democracia,33,3,#ff9896,0.0025228259619325,24,1,23,0,10.0,132.0,0.0,0.000128,0.0,0.7862,0.0,0.9271,-0.4603,broker
capaz,33,6,#ff9896,0.0017218684079125,17,1,16,0,7.0,104.0,0.0,0.000106,0.0,0.8235,0.0,0.8997,-0.2673,broker
venezolano,33,3,#ff9896,0.0029435134492814,19,4,15,0,32.0,98.0,0.0,0.00013,0.0,0.731,0.0,0.8809,1.0587,broker
cruzar,33,13,#ff9896,0.0019904493819922,11,1,10,0,7.0,68.0,0.0,8.7e-05,0.0,0.8182,0.0,0.876,-0.5157,broker
parar,33,11,#ff9896,0.0044647445902228,21,1,20,0,8.0,127.0,0.0,0.000119,0.0,0.9,0.0,0.9252,-0.3922,broker
romper,33,7,#ff9896,0.0031552705913782,20,1,19,0,7.0,110.0,0.0,0.000109,0.0,0.8842,0.0,0.925,0.4041,broker
cobro,33,13,#ff9896,0.0011425196425989,15,1,14,0,13.0,84.0,0.0,0.0001,0.0,0.8571,0.0,0.8889,0.2063,broker
imposible,33,9,#ff9896,0.0013776526320725,8,1,7,0,13.0,38.0,0.0,7.1e-05,0.0,0.9286,0.0,0.8438,-0.5,broker
asco,33,12,#ff9896,0.0027262673247605,28,1,27,0,11.0,163.0,0.0,0.000143,0.0,0.8228,0.0,0.9082,-0.5774,broker
sat,33,5,#ff9896,0.0015875257086008,8,1,7,0,13.0,40.0,0.0,6.9e-05,0.0,1.0,0.0,0.8438,-0.7071,broker
fraude,33,10,#ff9896,0.0036253409925848,17,3,14,0,25.0,92.0,0.0,0.000114,0.0,0.8162,0.0,0.8858,1.5076,broker
paro,33,11,#ff9896,0.0014891058672219,18,2,16,0,17.0,90.0,0.0,0.000103,0.0,0.9281,0.0,0.8765,0.5883,broker
sabio,33,3,#ff9896,0.0013355973642319,16,2,14,0,12.0,85.0,0.0,9.7e-05,0.0,0.9417,0.0,0.8906,-0.4603,broker
migrant,33,13,#ff9896,0.0018295506015419,13,1,12,0,8.0,72.0,0.0,8.9e-05,0.0,0.859,0.0,0.8757,-0.5157,broker
tapar,33,12,#ff9896,0.0035452577285468,15,1,14,0,12.0,87.0,0.0,9.7e-05,0.0,0.9333,0.0,0.9067,-0.5774,broker
salvar,33,7,#ff9896,0.0029147781897336,16,1,15,0,6.0,92.0,0.0,9.9e-05,0.0,0.8667,0.0,0.8906,0.4041,broker
tragar,33,5,#ff9896,0.001025243429467,8,1,7,0,12.0,34.0,0.0,6.5e-05,0.0,1.0,0.0,0.75,-0.7071,broker
tristeza,33,2,#ff9896,0.0016930305864661,18,0,18,0,0.0,100.0,0.0,0.000101,0.0,0.7516,0.0,0.8889,0.1054,broker
intencion,33,8,#ff9896,0.0032270441297441,15,0,15,0,0.0,88.0,0.0,9.1e-05,0.0,0.9429,0.0,0.8622,0.8165,broker
enemigo,33,2,#ff9896,0.0010861457558348,7,0,7,0,0.0,44.0,0.0,6.4e-05,0.0,1.0,0.0,0.8163,-0.5798,broker
principio,33,3,#ff9896,0.0015382241690531,14,2,12,0,14.0,74.0,0.0,9.4e-05,0.0,0.8901,0.0,0.8878,0.046,broker
publicar,33,11,#ff9896,0.0038125715218484,16,1,15,0,10.0,89.0,0.0,9.8e-05,0.0,0.9083,0.0,0.8906,-1.3728,broker
tio,33,7,#ff9896,0.0020188288763165,18,0,18,0,0.0,101.0,0.0,0.0001,0.0,0.8824,0.0,0.9074,0.4041,broker
guardar,33,14,#ff9896,0.0012157645542174,10,1,9,0,11.0,41.0,0.0,7.5e-05,0.0,0.7111,0.0,0.86,0.6325,broker
mente,33,20,#ff9896,0.0018409655895084,15,0,15,0,0.0,99.0,0.0,9.7e-05,0.0,0.9714,0.0,0.9156,-0.5883,broker
queja,33,13,#ff9896,0.0014024261618033,7,0,7,0,0.0,36.0,0.0,6.1e-05,0.0,0.8571,0.0,0.7755,-0.5157,broker
vendido,33,1,#ff9896,0.0013452782295644,8,1,7,0,7.0,44.0,0.0,6.9e-05,0.0,0.9286,0.0,0.875,-1.069,broker
dolar,33,19,#ff9896,0.0019873925484716,7,2,5,0,18.0,25.0,0.0,6.5e-05,0.0,1.0,0.0,0.7755,0.0,broker
mental,33,7,#ff9896,0.0019435437861829,13,1,12,0,6.0,73.0,0.0,8.6e-05,0.0,0.8846,0.0,0.8994,-0.202,broker
devolver,33,4,#ff9896,0.0014075591461732,11,1,10,0,6.0,61.0,0.0,7.8e-05,0.0,0.9273,0.0,0.876,-1.2127,broker
traicion,33,1,#ff9896,0.001971413148567,14,2,12,0,15.0,62.0,0.0,8.6e-05,0.0,0.8681,0.0,0.8673,0.0,broker
nefasto,33,2,#ff9896,0.0015963179757818,17,0,17,0,0.0,99.0,0.0,9.7e-05,0.0,0.9632,0.0,0.8789,-0.5798,broker
confiar,33,14,#ff9896,0.0019559413194656,19,0,19,0,0.0,105.0,0.0,0.000107,0.0,0.7427,0.0,0.9141,0.6325,broker
marido,33,7,#ff9896,0.0010288809426128,7,0,7,0,0.0,38.0,0.0,6.1e-05,0.0,1.0,0.0,0.8163,-0.8081,broker
abandonar,33,7,#ff9896,0.0022825901396572,9,0,9,0,0.0,48.0,0.0,6.8e-05,0.0,0.9444,0.0,0.8395,0.4041,broker
izquierda,33,-1,#ff9896,0.0020314352586865,22,0,22,0,0.0,132.0,0.0,0.000118,0.0,0.8831,0.0,0.905,-2.0294,broker
preocupacion,33,6,#ff9896,0.0027187892701476,6,1,5,0,10.0,27.0,0.0,6e-05,0.0,1.0,0.0,0.7778,-1.6036,broker
ocultar,33,10,#ff9896,0.0013760623987764,8,0,8,0,0.0,47.0,0.0,6.7e-05,0.0,1.0,0.0,0.8125,-1.206,broker
justificar,33,7,#ff9896,0.001388521050103,8,0,8,0,0.0,50.0,0.0,6.8e-05,0.0,0.9643,0.0,0.8438,-0.8081,broker
lengua,33,16,#ff9896,0.0013507754774764,10,0,10,0,0.0,52.0,0.0,7e-05,0.0,0.9556,0.0,0.86,-1.4142,broker
mirada,33,3,#ff9896,0.0016608857549726,7,1,6,0,6.0,35.0,0.0,6.5e-05,0.0,0.9524,0.0,0.7755,-0.4603,broker
exceso,33,3,#ff9896,0.0018896849360316,12,0,12,0,0.0,58.0,0.0,7.9e-05,0.0,0.8333,0.0,0.8889,-0.4603,broker
templo,33,0,#ff9896,0.0011498130625113,5,1,4,0,9.0,18.0,0.0,5.5e-05,0.0,1.0,0.0,0.72,0.0,broker
controlado,33,2,#ff9896,0.0015835511730983,5,0,5,0,0.0,27.0,0.0,5.5e-05,0.0,0.9,0.0,0.72,-0.5798,broker
resistir,33,3,#ff9896,0.0012502186000347,5,1,4,0,6.0,23.0,0.0,5.7e-05,0.0,0.9,0.0,0.72,-0.9666,broker
cargar,33,14,#ff9896,0.0010082877706736,9,0,9,0,0.0,51.0,0.0,7e-05,0.0,0.8611,0.0,0.8395,-1.5811,broker
gabriel,33,7,#ff9896,0.0013674483634531,3,0,3,0,0.0,15.0,0.0,4.8e-05,0.0,1.0,0.0,0.6667,-0.8081,broker
sentencia,33,10,#ff9896,0.0022355092223733,6,0,6,0,0.0,30.0,0.0,6e-05,0.0,0.4667,0.0,0.8333,-1.206,broker
espalda,33,13,#ff9896,0.0015741748502478,9,1,8,0,7.0,40.0,0.0,6.7e-05,0.0,1.0,0.0,0.8642,-0.5157,broker
lagrima,33,14,#ff9896,0.0011513677891343,4,0,4,0,0.0,20.0,0.0,6.5e-05,0.0,0.3333,0.0,0.625,0.6325,broker
modificar,33,5,#ff9896,0.0017042114632204,4,1,3,0,6.0,13.0,0.0,6.1e-05,0.0,0.8333,0.0,0.625,0.0,broker
sinverguenza,33,4,#ff9896,0.0010517237242311,10,1,9,0,6.0,39.0,0.0,6.5e-05,0.0,1.0,0.0,0.86,-0.4851,broker
perdonar,33,7,#ff9896,0.0011488639283925,7,0,7,0,0.0,33.0,0.0,5.8e-05,0.0,1.0,0.0,0.7755,-0.8081,broker
modificacion,33,5,#ff9896,0.0028659184463322,3,1,2,0,6.0,8.0,0.0,5.6e-05,0.0,1.0,0.0,0.4444,0.0,periferico
admitir,33,13,#ff9896,0.0025867102667689,2,0,2,0,0.0,9.0,0.0,4.5e-05,0.0,1.0,0.0,0.5,-0.5157,broker
presi,33,20,#ff9896,0.0011127506149932,3,0,3,0,0.0,14.0,0.0,4.7e-05,0.0,1.0,0.0,0.6667,-1.5689,broker
sos,33,2,#ff9896,0.0018050441285595,3,0,3,0,0.0,15.0,0.0,4.8e-05,0.0,1.0,0.0,0.4444,-1.2649,periferico
maya,33,2,#ff9896,0.002165185753256,3,0,3,0,0.0,12.0,0.0,5e-05,0.0,0.6667,0.0,0.6667,-0.5798,broker
agustin,33,14,#ff9896,0.0011773073347285,3,0,3,0,0.0,12.0,0.0,5.7e-05,0.0,0.0,0.0,0.6667,-1.5811,broker
asesor,33,9,#ff9896,0.0012246025726199,1,0,1,0,0.0,4.0,0.0,4.1e-05,0.0,0.0,0.0,0.0,-0.5,periferico
creer,8,3,#bcbd22,0.0193198192864656,105,9,93,3,88.0,1523.0,214.0,0.001973,0.0,0.1998,0.0,0.9455,3.0591,conector_provincial
gente,8,6,#bcbd22,0.0230620633810758,132,3,113,16,91.0,2214.0,1514.0,0.003376,0.0,0.1515,0.0,0.956,1.0,broker
salir,8,17,#bcbd22,0.0148649113252758,113,3,108,2,21.0,1750.0,180.0,0.002226,0.0,0.1822,0.0,0.9481,1.7321,broker
puro,8,11,#bcbd22,0.0122527489438653,88,2,86,0,60.0,1250.0,0.0,0.001405,0.0,0.2769,0.0,0.9458,0.0,broker
cosa,8,5,#bcbd22,0.0164268091320991,85,6,79,0,71.0,1126.0,0.0,0.001349,0.0,0.2796,0.0,0.9442,2.625,conector_provincial
ojala,8,10,#bcbd22,0.0095731308683753,55,3,52,0,26.0,694.0,0.0,0.000742,0.0,0.5111,0.0,0.9441,1.4771,broker
ala,8,6,#bcbd22,0.0042704683728516,50,2,48,0,76.0,476.0,0.0,0.000577,0.0,0.56,0.0,0.9416,1.0,broker
robar,8,0,#bcbd22,0.0067874253727495,78,6,72,0,135.0,866.0,0.0,0.001081,0.0,0.324,0.0,0.9461,1.7693,broker
importar,8,8,#bcbd22,0.0093661490827798,48,2,46,0,37.0,522.0,0.0,0.000607,0.0,0.5408,0.0,0.941,0.7638,broker
entender,8,8,#bcbd22,0.0091919805854558,57,3,54,0,53.0,685.0,0.0,0.000772,0.0,0.4875,0.0,0.9468,1.5275,broker
pobre,8,11,#bcbd22,0.0103194210678339,58,1,57,0,51.0,691.0,0.0,0.000768,0.0,0.4676,0.0,0.9465,0.0,broker
mano,8,13,#bcbd22,0.0068863066844642,72,3,69,0,27.0,733.0,0.0,0.000882,0.0,0.3388,0.0,0.9456,1.8371,broker
donde,8,1,#bcbd22,0.0100649958476424,53,3,50,0,41.0,532.0,0.0,0.000642,0.0,0.4913,0.0,0.9434,1.2632,broker
unico,8,18,#bcbd22,0.0077595897018909,63,1,62,0,6.0,711.0,0.0,0.000797,0.0,0.4127,0.0,0.9478,1.8371,broker
rata,8,0,#bcbd22,0.0081176673993468,48,4,44,0,70.0,470.0,0.0,0.000564,0.0,0.5638,0.0,0.9332,1.327,broker
cualquiera,8,1,#bcbd22,0.0133532881736755,71,4,67,0,48.0,667.0,0.0,0.00083,0.0,0.3521,0.0,0.9395,2.2738,broker
carcel,8,0,#bcbd22,0.0050111971795558,53,4,49,0,75.0,512.0,0.0,0.000617,0.0,0.5065,0.0,0.9434,0.8847,broker
miedo,8,4,#bcbd22,0.0050489287823438,57,3,54,0,24.0,531.0,0.0,0.000616,0.0,0.4405,0.0,0.9314,3.331,conector_provincial
culpa,8,21,#bcbd22,0.0077669322490692,45,1,44,0,6.0,394.0,0.0,0.000438,0.0,0.5909,0.0,0.9462,1.4142,broker
perro,8,12,#bcbd22,0.0082436669617891,44,2,42,0,17.0,394.0,0.0,0.000445,0.0,0.5592,0.0,0.9277,2.1381,broker
dema,8,20,#bcbd22,0.0049099274910986,38,1,37,0,6.0,313.0,0.0,0.000347,0.0,0.6529,0.0,0.9404,0.0,broker
ignorante,8,15,#bcbd22,0.0063457340002059,40,1,39,0,15.0,321.0,0.0,0.000356,0.0,0.6603,0.0,0.935,0.0,broker
verde,8,2,#bcbd22,0.0040283342823386,37,3,34,0,43.0,260.0,0.0,0.00035,0.0,0.5826,0.0,0.9204,1.849,broker
asta,8,0,#bcbd22,0.0036363268736749,35,3,32,0,42.0,243.0,0.0,0.000308,0.0,0.7765,0.0,0.9437,-0.4423,broker
subir,8,14,#bcbd22,0.0129865910857915,35,1,34,0,10.0,324.0,0.0,0.000367,0.0,0.7109,0.0,0.929,1.5689,broker
mirar,8,7,#bcbd22,0.0084204506129026,51,3,48,0,20.0,403.0,0.0,0.000475,0.0,0.52,0.0,0.9404,2.0976,broker
etc,8,5,#bcbd22,0.0064209471456706,41,2,39,0,36.0,335.0,0.0,0.000407,0.0,0.5988,0.0,0.9423,0.75,broker
tirar,8,14,#bcbd22,0.0050213723443448,27,0,27,0,0.0,208.0,0.0,0.000269,0.0,0.7607,0.0,0.9328,0.5883,broker
moren,8,15,#bcbd22,0.0048016114160418,37,1,36,0,15.0,341.0,0.0,0.000378,0.0,0.6967,0.0,0.9394,0.0,broker
blanco,8,2,#bcbd22,0.0026420629583299,26,1,25,0,12.0,202.0,0.0,0.000253,0.0,0.72,0.0,0.932,-0.6934,broker
chile,8,9,#bcbd22,0.0036636593285948,19,1,18,0,25.0,106.0,0.0,0.000167,0.0,0.731,0.0,0.9141,0.2041,broker
chino,8,9,#bcbd22,0.0036524238530546,24,3,21,0,48.0,135.0,0.0,0.000234,0.0,0.6594,0.0,0.8993,1.2247,broker
aser,8,12,#bcbd22,0.002884876448661,24,1,23,0,9.0,168.0,0.0,0.000199,0.0,0.9529,0.0,0.9306,-0.2673,broker
arbol,8,2,#bcbd22,0.0036205740179866,19,2,17,0,40.0,86.0,0.0,0.000228,0.0,0.6023,0.0,0.8809,0.8321,broker
quot,8,8,#bcbd22,0.0040607373230159,35,2,33,0,29.0,242.0,0.0,0.000302,0.0,0.7227,0.0,0.9388,0.7638,broker
deberiar,8,9,#bcbd22,0.0045290202833712,35,1,34,0,9.0,267.0,0.0,0.000309,0.0,0.6588,0.0,0.929,0.2041,broker
guerra,8,1,#bcbd22,0.0097792707383632,38,3,35,0,34.0,281.0,0.0,0.00039,0.0,0.5448,0.0,0.9335,1.2632,broker
aprender,8,2,#bcbd22,0.0049957754090428,30,2,28,0,18.0,217.0,0.0,0.00028,0.0,0.7149,0.0,0.9244,1.3405,broker
duro,8,16,#bcbd22,0.004878036212176,22,0,22,0,0.0,178.0,0.0,0.000205,0.0,0.8312,0.0,0.938,0.0,broker
rato,8,12,#bcbd22,0.0033248604740947,23,1,22,0,8.0,148.0,0.0,0.000187,0.0,0.8735,0.0,0.8998,-0.2673,broker
comun,8,2,#bcbd22,0.0013480944326147,16,2,14,0,13.0,98.0,0.0,0.000142,0.0,0.9,0.0,0.9141,-0.1849,broker
mentiroso,8,7,#bcbd22,0.0034089256078004,28,2,26,0,14.0,202.0,0.0,0.000249,0.0,0.7857,0.0,0.926,0.0,broker
robado,8,0,#bcbd22,0.0041090906597673,14,3,11,0,29.0,64.0,0.0,0.000126,0.0,0.8681,0.0,0.8776,-0.4423,broker
aparte,8,4,#bcbd22,0.0038886659312993,28,1,27,0,10.0,178.0,0.0,0.000221,0.0,0.7222,0.0,0.9311,0.206,broker
porque,8,10,#bcbd22,0.0032505036797374,19,1,18,0,10.0,115.0,0.0,0.000154,0.0,0.8363,0.0,0.9141,-0.2462,broker
argentina,8,3,#bcbd22,0.0068976362235844,17,2,15,0,22.0,97.0,0.0,0.000158,0.0,0.8088,0.0,0.9135,-0.1457,broker
abajo,8,20,#bcbd22,0.004228139296174,19,2,17,0,12.0,111.0,0.0,0.00016,0.0,0.7895,0.0,0.9197,0.0,broker
traicionar,8,0,#bcbd22,0.0020118183456361,11,1,10,0,16.0,46.0,0.0,0.0001,0.0,0.8364,0.0,0.8595,-0.8847,broker
manejar,8,14,#bcbd22,0.004468401428312,18,0,18,0,0.0,131.0,0.0,0.00016,0.0,0.9804,0.0,0.9259,-0.3922,broker
puras,8,3,#bcbd22,0.002825012197718,16,2,14,0,23.0,99.0,0.0,0.000154,0.0,0.85,0.0,0.8984,-0.1457,broker
sembrar,8,2,#bcbd22,0.0015929260989651,10,1,9,0,16.0,40.0,0.0,0.000104,0.0,0.6889,0.0,0.78,0.8321,broker
reaccionar,8,6,#bcbd22,0.001873109024018,9,2,7,0,22.0,32.0,0.0,8.6e-05,0.0,1.0,0.0,0.8642,-1.0,broker
rapido,8,14,#bcbd22,0.0049426299519836,17,1,16,0,10.0,105.0,0.0,0.000145,0.0,0.9559,0.0,0.8997,-0.3922,broker
amo,8,7,#bcbd22,0.003255657153204,6,0,6,0,0.0,39.0,0.0,7.4e-05,0.0,1.0,0.0,0.7778,-1.0488,broker
probar,8,9,#bcbd22,0.0015047640772536,6,1,5,0,14.0,26.0,0.0,8e-05,0.0,0.9333,0.0,0.8333,-1.8371,broker
internet,8,7,#bcbd22,0.0086012734100222,5,1,4,0,6.0,25.0,0.0,6.9e-05,0.0,0.7,0.0,0.72,0.0,broker
opinar,8,10,#bcbd22,0.0046137035824358,12,1,11,0,6.0,77.0,0.0,0.000121,0.0,0.8788,0.0,0.9028,-1.1078,broker
pantalla,8,1,#bcbd22,0.0045821568928658,7,2,5,0,15.0,28.0,0.0,8.9e-05,0.0,0.7143,0.0,0.8163,-0.2526,broker
ningun,8,20,#bcbd22,0.0017348217079415,7,1,6,0,6.0,40.0,0.0,8e-05,0.0,0.9524,0.0,0.7755,0.0,broker
china,8,3,#bcbd22,0.0020928729791194,12,2,10,0,14.0,59.0,0.0,0.00011,0.0,0.8636,0.0,0.8889,-0.1457,broker
estupidez,8,5,#bcbd22,0.0035624387674033,18,2,16,0,22.0,106.0,0.0,0.000162,0.0,0.8824,0.0,0.9012,0.125,broker
parasito,8,0,#bcbd22,0.0021797623485326,13,1,12,0,9.0,69.0,0.0,0.000109,0.0,0.9744,0.0,0.8876,-0.4423,broker
confianza,8,1,#bcbd22,0.0016401822213083,14,1,13,0,7.0,81.0,0.0,0.000157,0.0,0.7912,0.0,0.8673,0.2526,broker
ensenar,8,2,#bcbd22,0.0022655185312032,13,1,12,0,12.0,73.0,0.0,0.000122,0.0,0.859,0.0,0.8876,-0.1849,broker
plata,8,16,#bcbd22,0.0046206042170524,9,0,9,0,0.0,55.0,0.0,9.6e-05,0.0,0.8056,0.0,0.8889,0.0,broker
pinch,8,12,#bcbd22,0.0014126498717814,11,0,11,0,0.0,66.0,0.0,9.9e-05,0.0,1.0,0.0,0.8595,-0.2673,broker
cansado,8,19,#bcbd22,0.0012389521580189,6,0,6,0,0.0,39.0,0.0,7.4e-05,0.0,1.0,0.0,0.8333,-0.8165,broker
gastar,8,4,#bcbd22,0.0041360966861248,18,0,18,0,0.0,112.0,0.0,0.000142,0.0,0.9085,0.0,0.9136,0.206,broker
americano,8,5,#bcbd22,0.0027494968380779,11,1,10,0,11.0,59.0,0.0,0.000106,0.0,0.9091,0.0,0.876,0.125,broker
neta,8,4,#bcbd22,0.0017666406929492,5,1,4,0,6.0,27.0,0.0,6.8e-05,0.0,1.0,0.0,0.8,-0.2404,broker
vendar,8,9,#bcbd22,0.0024782747495919,10,0,10,0,0.0,53.0,0.0,8.8e-05,0.0,0.8667,0.0,0.82,0.2041,broker
pendejada,8,10,#bcbd22,0.0013794823316857,11,1,10,0,9.0,51.0,0.0,9.6e-05,0.0,0.8727,0.0,0.8926,-0.2462,broker
moreno,8,7,#bcbd22,0.0047007701359689,15,4,11,0,29.0,62.0,0.0,0.000151,0.0,0.7714,0.0,0.8356,1.5732,broker
empleado,8,19,#bcbd22,0.0018501557642593,15,0,15,0,0.0,82.0,0.0,0.000116,0.0,0.9143,0.0,0.9067,-0.8165,broker
diablo,8,3,#bcbd22,0.001848021056503,6,1,5,0,10.0,22.0,0.0,7.1e-05,0.0,0.8667,0.0,0.8333,-0.5463,broker
lavar,8,13,#bcbd22,0.0018954755505546,9,1,8,0,10.0,39.0,0.0,8.6e-05,0.0,0.9444,0.0,0.8395,-0.2041,broker
inteligente,8,7,#bcbd22,0.0035569351166486,22,2,20,0,13.0,112.0,0.0,0.000165,0.0,0.7922,0.0,0.9132,0.5244,broker
oir,8,8,#bcbd22,0.0020827103871852,13,1,12,0,7.0,63.0,0.0,0.000104,0.0,0.8462,0.0,0.9112,0.0,broker
podrido,8,11,#bcbd22,0.0016971107106655,10,1,9,0,9.0,42.0,0.0,8.6e-05,0.0,0.9778,0.0,0.86,0.0,broker
disque,8,22,#bcbd22,0.0014495075447484,14,0,14,0,0.0,76.0,0.0,0.000109,0.0,0.989,0.0,0.9082,0.0,broker
mata,8,12,#bcbd22,0.0013636221410706,5,0,5,0,0.0,26.0,0.0,6.2e-05,0.0,1.0,0.0,0.8,-0.2673,broker
letra,8,17,#bcbd22,0.001668399083428,5,1,4,0,9.0,18.0,0.0,6.4e-05,0.0,1.0,0.0,0.8,-0.5774,broker
casualidad,8,3,#bcbd22,0.0018278087954968,9,1,8,0,9.0,41.0,0.0,8.4e-05,0.0,1.0,0.0,0.8148,-0.5463,broker
pesimo,8,10,#bcbd22,0.0034710424952208,14,1,13,0,7.0,67.0,0.0,0.00011,0.0,0.8901,0.0,0.898,-0.2462,broker
porfavor,8,4,#bcbd22,0.0021180750336498,11,0,11,0,0.0,61.0,0.0,9.4e-05,0.0,1.0,0.0,0.876,-0.6868,broker
dron,8,1,#bcbd22,0.0010491147404536,5,0,5,0,0.0,29.0,0.0,6.5e-05,0.0,1.0,0.0,0.8,-0.7579,broker
augusto,8,13,#bcbd22,0.0032875307369977,9,1,8,0,9.0,45.0,0.0,8.9e-05,0.0,1.0,0.0,0.8642,-0.2041,broker
fila,8,15,#bcbd22,0.0024168437812477,11,0,11,0,0.0,56.0,0.0,9.3e-05,0.0,0.8364,0.0,0.8595,1.4142,broker
osea,8,4,#bcbd22,0.0018796852091327,12,0,12,0,0.0,60.0,0.0,9.4e-05,0.0,0.9394,0.0,0.9028,-0.2404,broker
acordar,8,13,#bcbd22,0.0015804490540176,5,1,4,0,8.0,20.0,0.0,6.7e-05,0.0,0.9,0.0,0.72,-0.2041,broker
avion,8,3,#bcbd22,0.0036128729116171,11,3,8,0,21.0,43.0,0.0,0.000101,0.0,0.8364,0.0,0.8595,0.2549,broker
pariente,8,3,#bcbd22,0.0016446296358481,2,1,1,0,8.0,4.0,0.0,5e-05,0.0,1.0,0.0,0.5,-0.5463,broker
yar,8,22,#bcbd22,0.0018145298818126,8,0,8,0,0.0,46.0,0.0,8.1e-05,0.0,1.0,0.0,0.875,0.0,broker
salio,8,4,#bcbd22,0.0013878148747608,6,0,6,0,0.0,33.0,0.0,6.9e-05,0.0,1.0,0.0,0.8333,-0.2404,broker
herida,8,1,#bcbd22,0.0034727649763226,4,0,4,0,0.0,22.0,0.0,6e-05,0.0,1.0,0.0,0.625,-0.2526,broker
helicoptero,8,7,#bcbd22,0.0012768659507855,4,1,3,0,8.0,14.0,0.0,6.3e-05,0.0,0.8333,0.0,0.75,-0.5244,broker
asustar,8,4,#bcbd22,0.0022192960605025,5,1,4,0,8.0,17.0,0.0,6.7e-05,0.0,0.7,0.0,0.8,-0.2404,broker
violar,8,22,#bcbd22,0.0016186805441975,5,0,5,0,0.0,25.0,0.0,6.1e-05,0.0,1.0,0.0,0.8,0.0,broker
refineria,8,19,#bcbd22,0.0063885147683322,5,1,4,0,6.0,22.0,0.0,8.2e-05,0.0,0.6,0.0,0.8,1.2247,broker
ovni,8,5,#bcbd22,0.0039288513362407,5,1,4,0,8.0,18.0,0.0,7e-05,0.0,0.7,0.0,0.8,-0.5,broker
argentino,8,3,#bcbd22,0.0043011303059756,6,2,4,0,15.0,18.0,0.0,7.1e-05,0.0,0.8667,0.0,0.7778,-0.1457,broker
desgraciado,8,15,#bcbd22,0.001408621086739,10,0,10,0,0.0,51.0,0.0,8.8e-05,0.0,0.8222,0.0,0.88,-1.4142,broker
reves,8,5,#bcbd22,0.0024003246799111,5,1,4,0,8.0,20.0,0.0,6.5e-05,0.0,1.0,0.0,0.8,-0.5,broker
pelear,8,16,#bcbd22,0.0031303609721362,12,0,12,0,0.0,56.0,0.0,9.5e-05,0.0,0.8182,0.0,0.8889,0.0,broker
abandonado,8,10,#bcbd22,0.0056923516094684,13,0,13,0,0.0,65.0,0.0,0.000106,0.0,0.7308,0.0,0.8402,1.4771,broker
punta,8,6,#bcbd22,0.0010675680823624,2,1,1,0,7.0,4.0,0.0,4.8e-05,0.0,1.0,0.0,0.0,-1.0,periferico
tranza,8,0,#bcbd22,0.0018886965699493,7,0,7,0,0.0,34.0,0.0,7e-05,0.0,1.0,0.0,0.7347,-0.4423,broker
onda,8,4,#bcbd22,0.0010918447514995,6,0,6,0,0.0,29.0,0.0,6.6e-05,0.0,1.0,0.0,0.7778,-0.2404,broker
ideologia,8,1,#bcbd22,0.0010308808414265,7,1,6,0,7.0,26.0,0.0,7e-05,0.0,1.0,0.0,0.8571,-0.7579,broker
carteles,8,7,#bcbd22,0.001111744903028,2,0,2,0,0.0,13.0,0.0,5.1e-05,0.0,1.0,0.0,0.5,-1.0488,broker
vear,8,0,#bcbd22,0.001519545330666,5,0,5,0,0.0,26.0,0.0,6.3e-05,0.0,1.0,0.0,0.8,-1.327,broker
nervioso,8,4,#bcbd22,0.0010615965584293,3,0,3,0,0.0,16.0,0.0,5.3e-05,0.0,1.0,0.0,0.6667,-0.2404,broker
miren,8,7,#bcbd22,0.0013206716394051,7,0,7,0,0.0,33.0,0.0,6.9e-05,0.0,1.0,0.0,0.8571,-0.5244,broker
apellido,8,16,#bcbd22,0.0010032268473878,4,0,4,0,0.0,19.0,0.0,5.8e-05,0.0,0.8333,0.0,0.75,0.0,broker
desmadre,8,4,#bcbd22,0.0011370426509529,6,0,6,0,0.0,26.0,0.0,6.2e-05,0.0,1.0,0.0,0.8333,-0.2404,broker
reportaje,8,5,#bcbd22,0.0014677554136142,3,0,3,0,0.0,14.0,0.0,0.000106,0.0,0.3333,0.0,0.6667,-0.5,broker
literal,8,3,#bcbd22,0.0010157192591577,1,1,0,0,6.0,0.0,0.0,4.5e-05,0.0,0.0,0.0,0.0,-0.5463,periferico
secreto,8,21,#bcbd22,0.0019518078770488,5,0,5,0,0.0,23.0,0.0,6e-05,0.0,1.0,0.0,0.8,-0.7071,broker
guillermo,8,7,#bcbd22,0.0020646878983825,3,1,2,0,6.0,8.0,0.0,5.5e-05,0.0,1.0,0.0,0.4444,0.0,periferico
hueso,8,5,#bcbd22,0.0011958556715399,2,0,2,0,0.0,10.0,0.0,4.9e-05,0.0,1.0,0.0,0.5,-1.125,broker
abuelo,8,10,#bcbd22,0.0041111721657216,6,1,5,0,6.0,24.0,0.0,6.8e-05,0.0,1.0,0.0,0.8333,-1.1078,broker
argumentar,8,18,#bcbd22,0.0018386726733297,1,1,0,0,6.0,0.0,0.0,4.5e-05,0.0,0.0,0.0,0.0,-0.2041,periferico
campos,8,2,#bcbd22,0.0179051216691732,6,0,5,1,0.0,26.0,104.0,0.000176,0.0,0.6,0.0,0.8333,-0.6934,broker
codigo,8,22,#bcbd22,0.0031790144275873,4,0,4,0,0.0,19.0,0.0,5.7e-05,0.0,1.0,0.0,0.75,0.0,broker
actitud,8,13,#bcbd22,0.0011821558000519,5,0,5,0,0.0,22.0,0.0,6e-05,0.0,1.0,0.0,0.8,-1.2247,broker
jurar,8,17,#bcbd22,0.001099987886846,2,1,1,0,6.0,5.0,0.0,5e-05,0.0,1.0,0.0,0.5,-0.5774,broker
psicologico,8,17,#bcbd22,0.0019281927961856,1,1,0,0,6.0,0.0,0.0,4.5e-05,0.0,0.0,0.0,0.0,-0.5774,periferico
abusar,8,21,#bcbd22,0.0011192448437213,7,1,6,0,6.0,29.0,0.0,7.1e-05,0.0,0.9524,0.0,0.8571,-0.7071,broker
divino,8,4,#bcbd22,0.0015938511351123,4,0,4,0,0.0,19.0,0.0,5.6e-05,0.0,1.0,0.0,0.75,-0.6868,broker
arco,8,5,#bcbd22,0.0019275194499641,3,1,2,0,6.0,9.0,0.0,5.2e-05,0.0,1.0,0.0,0.6667,-0.5,broker
rayo,8,19,#bcbd22,0.0046590156853199,3,1,2,0,6.0,8.0,0.0,6.1e-05,0.0,0.3333,0.0,0.6667,1.2247,broker
acerca,8,18,#bcbd22,0.0022385094780474,4,0,4,0,0.0,17.0,0.0,5.4e-05,0.0,1.0,0.0,0.75,-0.2041,broker
puto,8,4,#bcbd22,0.0010245826561003,4,0,4,0,0.0,19.0,0.0,5.6e-05,0.0,1.0,0.0,0.75,-0.6868,broker
magnifico,8,7,#bcbd22,0.0011459940578788,1,0,1,0,0.0,5.0,0.0,4.3e-05,0.0,0.0,0.0,0.0,-1.0488,periferico
ring,8,14,#bcbd22,0.0052440664730966,3,0,3,0,0.0,13.0,0.0,5.5e-05,0.0,0.3333,0.0,0.6667,-1.3728,broker
lema,8,1,#bcbd22,0.0018707806011661,1,0,1,0,0.0,5.0,0.0,4.4e-05,0.0,0.0,0.0,0.0,-0.7579,periferico
fundacion,8,1,#bcbd22,0.003473896998912,2,0,2,0,0.0,9.0,0.0,4.8e-05,0.0,1.0,0.0,0.5,-0.7579,broker
insulto,8,18,#bcbd22,0.0012840301496908,6,0,6,0,0.0,25.0,0.0,6.3e-05,0.0,1.0,0.0,0.8333,-0.2041,broker
ejido,8,2,#bcbd22,0.002825447358191,2,0,2,0,0.0,9.0,0.0,4.8e-05,0.0,1.0,0.0,0.0,-1.2019,periferico
individuo,8,1,#bcbd22,0.0020211045630276,2,0,2,0,0.0,9.0,0.0,4.8e-05,0.0,1.0,0.0,0.5,-0.7579,broker
ubeir,8,12,#bcbd22,0.0016825146740302,1,0,1,0,0.0,4.0,0.0,4.4e-05,0.0,0.0,0.0,0.0,-1.069,periferico
cancelacion,8,18,#bcbd22,0.0016184112755581,1,0,1,0,0.0,4.0,0.0,4.2e-05,0.0,0.0,0.0,0.0,-1.2247,periferico
garantia,8,19,#bcbd22,0.0011660218005999,2,0,2,0,0.0,8.0,0.0,4.7e-05,0.0,1.0,0.0,0.5,-0.8165,broker
asfalto,8,2,#bcbd22,0.0024995596613734,1,0,1,0,0.0,4.0,0.0,4.5e-05,0.0,0.0,0.0,0.0,-0.6934,periferico
chocolate,8,8,#bcbd22,0.0017838210333138,1,0,1,0,0.0,4.0,0.0,4.3e-05,0.0,0.0,0.0,0.0,-0.7638,periferico
oigan,8,8,#bcbd22,0.0016127424314618,2,0,2,0,0.0,8.0,0.0,4.7e-05,0.0,1.0,0.0,0.5,-0.7638,broker
temer,8,2,#bcbd22,0.0038089377339929,1,0,1,0,0.0,4.0,0.0,4.3e-05,0.0,0.0,0.0,0.0,-1.2019,periferico
pedido,8,8,#bcbd22,0.0013888216344639,1,0,1,0,0.0,4.0,0.0,4.3e-05,0.0,0.0,0.0,0.0,-1.5275,periferico
mmds,8,3,#bcbd22,0.001558851217851,2,0,2,0,0.0,8.0,0.0,4.7e-05,0.0,1.0,0.0,0.5,-0.5463,broker
ponce,8,5,#bcbd22,0.0011992648942396,1,0,1,0,0.0,4.0,0.0,6.5e-05,0.0,0.0,0.0,0.0,-0.5,periferico
jubilado,8,1,#bcbd22,0.0013070470886304,1,0,1,0,0.0,4.0,0.0,4.5e-05,0.0,0.0,0.0,0.0,-0.7579,periferico
felicidad,11,5,#ffbb78,0.0523063614964485,57,2,43,12,340.0,1675.0,1585.0,0.001635,0.0,0.406,0.0,0.8914,0.0,broker
gracias,11,4,#ffbb78,0.0600086562335491,93,5,51,37,417.0,2927.0,5163.0,0.004187,0.0,0.2122,0.0,0.9393,2.0656,broker
hermoso,11,1,#ffbb78,0.0144292311742901,47,8,32,7,303.0,1034.0,722.0,0.000935,0.0,0.5106,0.0,0.8782,0.55,broker
felicidades,11,5,#ffbb78,0.0405989587306976,48,2,39,7,304.0,1180.0,1037.0,0.001109,0.0,0.5168,0.0,0.8698,0.0,broker
feliz,11,0,#ffbb78,0.0335487574338912,48,7,31,10,356.0,1031.0,994.0,0.001117,0.0,0.5142,0.0,0.888,0.9534,broker
columna,11,2,#ffbb78,0.0524422489106655,17,3,1,13,507.0,6.0,2035.0,0.001727,0.0,0.5,0.0,0.8235,1.0,broker
conversacion,11,2,#ffbb78,0.0307288151234388,13,3,1,9,372.0,4.0,846.0,0.000806,0.0,0.6923,0.0,0.7929,1.0,broker
resumen,11,2,#ffbb78,0.0289345104247331,9,2,0,7,300.0,0.0,711.0,0.000644,0.0,1.0,0.0,0.7654,-1.0,broker
gracia,11,4,#ffbb78,0.0123203322291374,33,2,31,0,225.0,631.0,0.0,0.000439,0.0,0.7386,0.0,0.8411,0.0,broker
apoyar,11,4,#ffbb78,0.006392179057002,42,5,34,3,231.0,689.0,279.0,0.000625,0.0,0.554,0.0,0.8571,1.0328,broker
bendicion,11,1,#ffbb78,0.0175834037363529,39,7,30,2,315.0,870.0,154.0,0.000616,0.0,0.6289,0.0,0.8573,0.55,broker
saludo,11,1,#ffbb78,0.0203856211155653,40,8,29,3,349.0,688.0,212.0,0.000594,0.0,0.6167,0.0,0.86,0.55,broker
esfuerzo,11,3,#ffbb78,0.0068841436877846,39,11,26,2,249.0,559.0,226.0,0.000576,0.0,0.5924,0.0,0.8284,1.8446,broker
respetar,11,2,#ffbb78,0.0132527155801653,33,2,25,6,195.0,238.0,409.0,0.000581,0.0,0.5057,0.0,0.8613,-1.0,broker
lic,11,5,#ffbb78,0.0107361581176519,37,2,29,6,194.0,635.0,845.0,0.000728,0.0,0.6411,0.0,0.8634,0.0,broker
lleno,11,0,#ffbb78,0.015609779395163,44,9,30,5,399.0,765.0,538.0,0.000855,0.0,0.5391,0.0,0.8419,1.4093,broker
cumpleanos,11,0,#ffbb78,0.0073654260486364,27,6,20,1,263.0,267.0,72.0,0.000314,0.0,0.6866,0.0,0.8313,-0.4145,broker
saludos,11,1,#ffbb78,0.0078506292775273,32,8,24,0,276.0,527.0,0.0,0.000395,0.0,0.746,0.0,0.8398,0.55,broker
alegria,11,0,#ffbb78,0.0107607180252671,37,10,25,2,336.0,444.0,174.0,0.00049,0.0,0.6727,0.0,0.8269,1.4093,broker
agradecer,11,3,#ffbb78,0.0080622276291251,38,8,29,1,163.0,498.0,101.0,0.000452,0.0,0.6629,0.0,0.8421,1.0607,broker
querido,11,7,#ffbb78,0.0109959794208407,39,0,38,1,0.0,762.0,67.0,0.000423,0.0,0.6491,0.0,0.8442,1.0,broker
exito,11,8,#ffbb78,0.0176903754472732,38,0,36,2,0.0,934.0,206.0,0.000569,0.0,0.6259,0.0,0.8213,0.0,broker
orgullo,11,3,#ffbb78,0.0122240921482443,38,8,28,2,145.0,569.0,205.0,0.000499,0.0,0.6046,0.0,0.8199,1.8446,broker
abrazo,11,1,#ffbb78,0.0124506140127778,37,8,28,1,202.0,552.0,92.0,0.000467,0.0,0.6201,0.0,0.8444,1.0084,broker
navidad,11,0,#ffbb78,0.0045340615324676,21,7,13,1,146.0,160.0,82.0,0.000225,0.0,0.8381,0.0,0.8073,0.0415,broker
dedicacion,11,3,#ffbb78,0.009738266468048,26,7,19,0,130.0,325.0,0.0,0.000238,0.0,0.8892,0.0,0.7899,0.538,broker
esperanza,11,0,#ffbb78,0.0041769188828766,27,6,21,0,96.0,213.0,0.0,0.00019,0.0,0.8006,0.0,0.8203,0.0415,broker
logro,11,3,#ffbb78,0.0101704876869916,29,6,23,0,97.0,348.0,0.0,0.00023,0.0,0.8719,0.0,0.8276,0.538,broker
desear,11,0,#ffbb78,0.0125734349712729,32,8,24,0,186.0,370.0,0.0,0.00029,0.0,0.7863,0.0,0.8184,0.4974,broker
unido,11,3,#ffbb78,0.0036668898537755,30,5,25,0,56.0,216.0,0.0,0.00017,0.0,0.8046,0.0,0.8333,0.538,broker
bendigar,11,1,#ffbb78,0.0029585817828774,27,6,21,0,92.0,236.0,0.0,0.000182,0.0,0.8177,0.0,0.8285,0.55,broker
acercar,11,4,#ffbb78,0.0061323028057813,17,2,15,0,47.0,105.0,0.0,0.000105,0.0,0.9485,0.0,0.8443,-0.5164,broker
sonrisa,11,0,#ffbb78,0.0087992139160633,17,2,15,0,41.0,138.0,0.0,0.000116,0.0,0.9485,0.0,0.7889,-1.3264,broker
liderazgo,11,3,#ffbb78,0.007584077771753,23,6,17,0,67.0,146.0,0.0,0.000138,0.0,0.8735,0.0,0.7788,0.7993,broker
sigar,11,-1,#ffbb78,0.0040082610212266,24,0,24,0,0.0,257.0,0.0,0.000149,0.0,0.971,0.0,0.816,0.0,broker
inolvidable,11,0,#ffbb78,0.0015059481374919,17,7,10,0,93.0,100.0,0.0,0.000121,0.0,0.9485,0.0,0.7612,0.0415,broker
bendiciones,11,1,#ffbb78,0.0037901534233242,18,6,12,0,62.0,112.0,0.0,0.000112,0.0,0.9673,0.0,0.8148,-0.3667,broker
doctor,11,4,#ffbb78,0.0019977947231382,12,2,10,0,31.0,45.0,0.0,7.1e-05,0.0,0.9848,0.0,0.7222,0.0,broker
felicitar,11,3,#ffbb78,0.0050272881053388,22,6,16,0,52.0,149.0,0.0,0.000132,0.0,0.9004,0.0,0.7975,0.538,broker
entusiasmo,11,3,#ffbb78,0.0016033167485147,10,3,7,0,38.0,68.0,0.0,8.6e-05,0.0,1.0,0.0,0.76,-0.5073,broker
animo,11,1,#ffbb78,0.001798277022317,12,4,8,0,34.0,54.0,0.0,7.6e-05,0.0,0.9848,0.0,0.6806,-0.3667,broker
bendecido,11,1,#ffbb78,0.002294942503795,14,5,9,0,41.0,70.0,0.0,8.4e-05,0.0,1.0,0.0,0.7245,-0.3667,broker
navidena,11,0,#ffbb78,0.0010488040279597,3,2,1,0,26.0,4.0,0.0,5.3e-05,0.0,1.0,0.0,0.0,-1.7824,periferico
muchisimo,11,6,#ffbb78,0.0015202490612864,16,0,16,0,0.0,115.0,0.0,8.8e-05,0.0,0.9833,0.0,0.8047,-0.8165,broker
rodeado,11,0,#ffbb78,0.0018748953007161,10,4,6,0,40.0,48.0,0.0,7.6e-05,0.0,1.0,0.0,0.68,-0.8705,broker
solucionar,11,4,#ffbb78,0.0020904224365949,3,1,2,0,14.0,8.0,0.0,4.9e-05,0.0,1.0,0.0,0.4444,-0.5164,periferico
enojar,11,4,#ffbb78,0.0015872471267357,3,1,2,0,11.0,9.0,0.0,4.7e-05,0.0,1.0,0.0,0.6667,-1.0328,broker
invaluable,11,3,#ffbb78,0.00229013687931,4,0,4,0,0.0,21.0,0.0,4.9e-05,0.0,1.0,0.0,0.375,-0.5073,periferico
joel,11,7,#ffbb78,0.0012303161201998,7,1,6,0,9.0,31.0,0.0,7.7e-05,0.0,0.8095,0.0,0.7755,1.0,broker
villegas,11,7,#ffbb78,0.0011830794392153,3,1,2,0,9.0,8.0,0.0,5.7e-05,0.0,1.0,0.0,0.6667,-1.0,broker
convencido,11,3,#ffbb78,0.0025381131563335,6,2,4,0,14.0,24.0,0.0,5.6e-05,0.0,1.0,0.0,0.6111,-0.5073,broker
abundante,11,7,#ffbb78,0.0011339713819324,6,0,6,0,0.0,29.0,0.0,5.1e-05,0.0,1.0,0.0,0.7778,-1.0,broker
asamblea,11,6,#ffbb78,0.0037394778337329,5,0,5,0,0.0,25.0,0.0,6.9e-05,0.0,0.7,0.0,0.72,1.2247,broker
gabriela,11,3,#ffbb78,0.0017395060276612,4,1,3,0,7.0,13.0,0.0,4.8e-05,0.0,1.0,0.0,0.625,-0.7686,broker
ambiental,11,6,#ffbb78,0.0107549615204334,6,1,5,0,6.0,28.0,0.0,9.6e-05,0.0,0.6667,0.0,0.7778,1.2247,broker
profesion,11,8,#ffbb78,0.0010321519803255,1,0,1,0,0.0,6.0,0.0,4.2e-05,0.0,0.0,0.0,0.0,0.0,periferico
alejandra,11,3,#ffbb78,0.0015531941317021,3,1,2,0,6.0,8.0,0.0,4.5e-05,0.0,1.0,0.0,0.6667,-1.0299,broker
chayote,11,6,#ffbb78,0.0010938227642327,3,0,3,0,0.0,14.0,0.0,4.5e-05,0.0,1.0,0.0,0.6667,-0.8165,broker
curioso,11,6,#ffbb78,0.0020261176396161,2,0,2,0,0.0,10.0,0.0,4.3e-05,0.0,1.0,0.0,0.5,-0.8165,broker
contaminacion,11,6,#ffbb78,0.0027942922897636,1,1,0,0,6.0,0.0,0.0,5.3e-05,0.0,0.0,0.0,0.0,1.2247,periferico
jacinto,11,6,#ffbb78,0.0021001920104026,2,0,2,0,0.0,9.0,0.0,4.3e-05,0.0,1.0,0.0,0.5,-0.8165,broker
activista,11,3,#ffbb78,0.0021641214843839,1,0,1,0,0.0,5.0,0.0,4.1e-05,0.0,0.0,0.0,0.0,-1.0299,periferico
herrera,11,3,#ffbb78,0.0036887286696583,1,0,1,0,0.0,4.0,0.0,4.1e-05,0.0,0.0,0.0,0.0,-1.0299,periferico
coladera,11,4,#ffbb78,0.0035548829473555,2,0,2,0,0.0,8.0,0.0,4.3e-05,0.0,1.0,0.0,0.5,-1.0328,broker
militante,11,6,#ffbb78,0.0020098793320357,2,0,2,0,0.0,8.0,0.0,5e-05,0.0,1.0,0.0,0.5,1.2247,broker
quiza,11,6,#ffbb78,0.0026788797695189,1,0,1,0,0.0,4.0,0.0,4.1e-05,0.0,0.0,0.0,0.0,-0.8165,periferico
aires,11,6,#ffbb78,0.002405579900369,1,0,1,0,0.0,4.0,0.0,4.1e-05,0.0,0.0,0.0,0.0,-0.8165,periferico
pionero,11,3,#ffbb78,0.0022796364501118,1,0,1,0,0.0,4.0,0.0,4.1e-05,0.0,0.0,0.0,0.0,-1.0299,periferico
laborar,11,1,#ffbb78,0.0041869143024086,1,0,1,0,0.0,4.0,0.0,4.1e-05,0.0,0.0,0.0,0.0,-2.6584,periferico
tanque,11,3,#ffbb78,0.0025263456627726,1,0,1,0,0.0,4.0,0.0,4.1e-05,0.0,0.0,0.0,0.0,-1.2912,periferico
gobierno,31,1,#ffbb78,0.0185783710330724,147,4,105,38,688.0,4607.0,4674.0,0.004412,0.0,0.2735,0.0,0.9541,1.069,broker
municipal,31,1,#ffbb78,0.0181738249957561,143,4,104,35,558.0,4239.0,5599.0,0.004506,0.0,0.2852,0.0,0.9524,1.069,broker
seguir,31,2,#ffbb78,0.0178001224994659,150,8,100,42,534.0,4739.0,5478.0,0.004922,0.0,0.266,0.0,0.9573,1.055,broker
bienestar,31,6,#ffbb78,0.0137455966323614,110,4,94,12,304.0,3011.0,1747.0,0.002022,0.0,0.4254,0.0,0.937,0.8165,broker
apoyo,31,-1,#ffbb78,0.0073214024305343,101,0,96,5,0.0,2238.0,540.0,0.00111,0.0,0.4655,0.0,0.9299,0.0,broker
accion,31,5,#ffbb78,0.0121525777503848,113,8,94,11,282.0,2818.0,1386.0,0.001792,0.0,0.4112,0.0,0.9381,1.8257,broker
fortalecer,31,4,#ffbb78,0.0161911901086568,115,13,91,11,233.0,2413.0,1390.0,0.001675,0.0,0.3927,0.0,0.937,2.2975,broker
tampicotecuida,31,7,#ffbb78,0.0075432057492434,71,4,63,4,227.0,981.0,496.0,0.000693,0.0,0.633,0.0,0.9339,1.069,broker
tampicovacontodo,31,7,#ffbb78,0.005997896194458,74,3,66,5,203.0,1053.0,534.0,0.000726,0.0,0.6061,0.0,0.9383,-0.2673,broker
compromiso,31,11,#ffbb78,0.0093918293714523,103,3,90,10,165.0,2242.0,1100.0,0.001434,0.0,0.4544,0.0,0.9354,0.0,broker
salud,31,0,#ffbb78,0.0149186654016375,101,9,81,11,385.0,1936.0,1197.0,0.001463,0.0,0.4455,0.0,0.9415,0.8571,broker
construir,31,2,#ffbb78,0.0064817168749868,80,5,73,2,233.0,1108.0,275.0,0.000666,0.0,0.6085,0.0,0.9313,-0.1319,broker
atencion,31,0,#ffbb78,0.0111681846901774,100,9,89,2,554.0,1714.0,304.0,0.001033,0.0,0.4816,0.0,0.9242,0.8571,broker
medico,31,0,#ffbb78,0.0040691429749131,65,9,56,0,500.0,581.0,0.0,0.000439,0.0,0.6553,0.0,0.9221,0.8571,broker
servicio,31,0,#ffbb78,0.0141757801175117,105,9,93,3,413.0,2065.0,427.0,0.001181,0.0,0.4485,0.0,0.9261,0.8571,broker
programa,31,6,#ffbb78,0.0099017387256026,100,4,89,7,199.0,1764.0,767.0,0.0011,0.0,0.4735,0.0,0.9278,0.8165,broker
importante,31,13,#ffbb78,0.0055897473357617,99,2,95,2,51.0,1791.0,274.0,0.000869,0.0,0.4828,0.0,0.9248,0.0,broker
cuidar,31,7,#ffbb78,0.0044267917983233,72,3,68,1,61.0,1125.0,191.0,0.000569,0.0,0.6377,0.0,0.9263,1.069,broker
reafirmar,31,11,#ffbb78,0.0017458638176321,45,2,43,0,115.0,421.0,0.0,0.000233,0.0,0.7939,0.0,0.9264,0.0,broker
jornada,31,6,#ffbb78,0.0043391706421971,66,4,58,4,155.0,959.0,376.0,0.000599,0.0,0.649,0.0,0.9311,0.8165,broker
administracion,31,9,#ffbb78,0.0052568209357559,84,6,77,1,73.0,1107.0,125.0,0.000541,0.0,0.5895,0.0,0.9277,1.8204,broker
sociedad,31,1,#ffbb78,0.0018798717064782,55,3,52,0,130.0,511.0,0.0,0.000274,0.0,0.765,0.0,0.9289,-0.2673,broker
brindar,31,0,#ffbb78,0.0050975871272385,82,6,75,1,224.0,989.0,120.0,0.000543,0.0,0.5938,0.0,0.9289,0.8571,broker
resultado,31,9,#ffbb78,0.0039796219207346,73,6,66,1,83.0,952.0,77.0,0.000466,0.0,0.6256,0.0,0.9244,1.8204,broker
obra,31,3,#ffbb78,0.0058487593196332,73,9,63,1,226.0,1023.0,143.0,0.000576,0.0,0.6298,0.0,0.9248,1.0884,broker
avanzar,31,2,#ffbb78,0.0043899584561586,60,6,53,1,132.0,516.0,105.0,0.000329,0.0,0.7441,0.0,0.9233,1.055,broker
mejorar,31,3,#ffbb78,0.0071657383814454,76,8,66,2,254.0,1034.0,200.0,0.000614,0.0,0.6365,0.0,0.9273,0.6755,broker
reconocer,31,13,#ffbb78,0.0038386341184377,72,2,68,2,53.0,907.0,199.0,0.000495,0.0,0.6541,0.0,0.9317,0.0,broker
coordinacion,31,5,#ffbb78,0.0034819992724806,66,5,60,1,108.0,788.0,93.0,0.000414,0.0,0.6793,0.0,0.9302,0.7303,broker
ciudadania,31,10,#ffbb78,0.004946528468281,75,5,68,2,115.0,1057.0,194.0,0.000556,0.0,0.6216,0.0,0.9291,0.8944,broker
sumar,31,2,#ffbb78,0.0055764378048479,60,5,54,1,123.0,655.0,97.0,0.000369,0.0,0.7825,0.0,0.9317,-0.1319,broker
humanista,31,1,#ffbb78,0.0017184955067932,31,3,28,0,106.0,288.0,0.0,0.00018,0.0,0.929,0.0,0.9032,-0.2673,broker
comunidad,31,14,#ffbb78,0.0037491803523153,80,1,78,1,10.0,1237.0,122.0,0.000558,0.0,0.5934,0.0,0.9281,1.4142,broker
calidad,31,3,#ffbb78,0.0056396955624222,75,7,66,2,144.0,909.0,209.0,0.000536,0.0,0.604,0.0,0.9269,0.6755,broker
cabildo,31,8,#ffbb78,0.0027950287330895,31,3,27,1,66.0,287.0,77.0,0.000209,0.0,0.8968,0.0,0.9136,-0.4417,broker
transformar,31,2,#ffbb78,0.0035985193680971,46,5,40,1,116.0,464.0,86.0,0.000292,0.0,0.8473,0.0,0.9197,-0.1319,broker
objetivo,31,8,#ffbb78,0.0030619702301919,78,5,72,1,74.0,966.0,75.0,0.000465,0.0,0.5951,0.0,0.9234,1.1043,broker
beneficio,31,10,#ffbb78,0.0032930416055023,70,4,65,1,57.0,849.0,87.0,0.000419,0.0,0.6414,0.0,0.9216,0.8944,broker
firme,31,2,#ffbb78,0.0012946313945576,36,4,32,0,92.0,253.0,0.0,0.000164,0.0,0.8857,0.0,0.9074,0.4616,broker
iniciativa,31,4,#ffbb78,0.0036697606556117,76,8,67,1,95.0,804.0,90.0,0.000419,0.0,0.6102,0.0,0.9269,1.1487,broker
necesidad,31,10,#ffbb78,0.0037389853969216,64,4,60,0,81.0,741.0,0.0,0.00034,0.0,0.7004,0.0,0.9263,0.8944,broker
prevencion,31,5,#ffbb78,0.0052738990634679,54,5,48,1,119.0,589.0,86.0,0.000344,0.0,0.7107,0.0,0.9246,0.1826,broker
sesion,31,8,#ffbb78,0.0029810098931193,35,3,32,0,70.0,286.0,0.0,0.000174,0.0,0.8151,0.0,0.9127,1.1043,broker
movilidad,31,3,#ffbb78,0.0022131339646875,39,6,33,0,132.0,284.0,0.0,0.000189,0.0,0.8232,0.0,0.8994,0.2627,broker
digno,31,2,#ffbb78,0.00195080449339,48,5,43,0,97.0,409.0,0.0,0.000222,0.0,0.8094,0.0,0.9184,1.055,broker
cuidado,31,12,#ffbb78,0.0026809908449649,49,3,46,0,26.0,496.0,0.0,0.000234,0.0,0.7934,0.0,0.9246,0.8165,broker
infraestructura,31,3,#ffbb78,0.0068192444741725,61,9,52,0,171.0,616.0,0.0,0.000332,0.0,0.6978,0.0,0.9159,1.0884,broker
contribuir,31,5,#ffbb78,0.0026492667384445,57,5,52,0,88.0,546.0,0.0,0.00027,0.0,0.7494,0.0,0.9264,0.7303,broker
respaldo,31,11,#ffbb78,0.0030930279754102,41,3,38,0,40.0,408.0,0.0,0.000201,0.0,0.8451,0.0,0.9256,0.0,broker
entrega,31,-1,#ffbb78,0.0054196515120565,61,0,60,1,0.0,715.0,108.0,0.000357,0.0,0.7055,0.0,0.9223,0.0,broker
vision,31,11,#ffbb78,0.003279723227024,55,2,53,0,36.0,539.0,0.0,0.000248,0.0,0.7744,0.0,0.9236,0.0,broker
entorno,31,5,#ffbb78,0.0020079819951206,49,3,46,0,70.0,502.0,0.0,0.000245,0.0,0.8146,0.0,0.9288,-0.3651,broker
organismo,31,8,#ffbb78,0.003228492103517,56,5,51,0,46.0,456.0,0.0,0.000228,0.0,0.6974,0.0,0.9196,1.1043,broker
urbano,31,3,#ffbb78,0.0033420054242014,57,6,50,1,104.0,489.0,95.0,0.000316,0.0,0.7237,0.0,0.9227,0.6755,broker
coordinado,31,5,#ffbb78,0.0020544216968119,32,3,29,0,60.0,269.0,0.0,0.000156,0.0,0.9476,0.0,0.9141,-0.3651,broker
capacidad,31,4,#ffbb78,0.0035300869494676,50,6,44,0,84.0,404.0,0.0,0.00022,0.0,0.7298,0.0,0.9032,0.8615,broker
consulta,31,0,#ffbb78,0.0016442697960883,26,6,20,0,119.0,181.0,0.0,0.000149,0.0,0.8369,0.0,0.858,-0.5714,broker
garantizar,31,8,#ffbb78,0.0021894786041229,63,2,61,0,41.0,643.0,0.0,0.000291,0.0,0.6943,0.0,0.9267,-1.2147,broker
pendiente,31,10,#ffbb78,0.0030834767967462,41,3,38,0,59.0,366.0,0.0,0.000194,0.0,0.7939,0.0,0.9197,-0.4472,broker
concreto,31,3,#ffbb78,0.0019569268915802,27,4,23,0,74.0,162.0,0.0,0.000123,0.0,0.9202,0.0,0.8944,-0.1501,broker
avance,31,9,#ffbb78,0.0030597518198192,46,2,44,0,24.0,439.0,0.0,0.000211,0.0,0.7662,0.0,0.9216,-0.2936,broker
tampiquenas,31,6,#ffbb78,0.0025735367089509,37,3,33,1,63.0,374.0,98.0,0.000241,0.0,0.8844,0.0,0.9248,-1.2247,broker
paciente,31,0,#ffbb78,0.0015228549018502,21,6,15,0,120.0,91.0,0.0,0.000115,0.0,0.9286,0.0,0.8163,0.1429,broker
estrategico,31,4,#ffbb78,0.0010225574951618,38,3,35,0,34.0,301.0,0.0,0.000162,0.0,0.8222,0.0,0.91,-0.5744,broker
gestion,31,9,#ffbb78,0.0017418512143194,40,2,38,0,28.0,326.0,0.0,0.000166,0.0,0.8821,0.0,0.915,-0.2936,broker
dialogo,31,10,#ffbb78,0.0011158088454976,27,3,24,0,27.0,223.0,0.0,0.000129,0.0,0.9088,0.0,0.9163,-0.4472,broker
morelos,31,12,#ffbb78,0.0019982103258371,34,3,30,1,26.0,277.0,71.0,0.000179,0.0,0.8324,0.0,0.9118,0.0,broker
suministro,31,3,#ffbb78,0.0013030972331762,13,3,10,0,37.0,74.0,0.0,8.2e-05,0.0,0.9359,0.0,0.8402,-1.3886,broker
integral,31,12,#ffbb78,0.0030842893756926,50,3,47,0,25.0,406.0,0.0,0.000197,0.0,0.7453,0.0,0.9208,0.0,broker
capacitacion,31,4,#ffbb78,0.0019526621326804,35,7,28,0,70.0,260.0,0.0,0.000165,0.0,0.7664,0.0,0.8539,1.4359,broker
fundamental,31,13,#ffbb78,0.0023711866233497,50,2,48,0,30.0,416.0,0.0,0.000202,0.0,0.7902,0.0,0.9248,0.0,broker
importancia,31,12,#ffbb78,0.0015836698003113,45,2,43,0,17.0,349.0,0.0,0.000172,0.0,0.8566,0.0,0.9264,0.0,broker
patrimonio,31,1,#ffbb78,0.0023762530181556,25,2,23,0,50.0,158.0,0.0,0.000114,0.0,0.9333,0.0,0.9152,-1.6036,broker
proposito,31,4,#ffbb78,0.0017632503295317,41,3,38,0,29.0,285.0,0.0,0.000153,0.0,0.8317,0.0,0.9137,0.0,broker
prioridad,31,7,#ffbb78,0.0016704767476767,30,2,28,0,19.0,235.0,0.0,0.00013,0.0,0.9126,0.0,0.9178,-1.6036,broker
especializado,31,0,#ffbb78,0.0021194883156567,31,6,25,0,81.0,148.0,0.0,0.000124,0.0,0.7978,0.0,0.8824,-0.5714,broker
impulso,31,2,#ffbb78,0.0010908691911026,19,2,17,0,26.0,143.0,0.0,0.0001,0.0,0.9649,0.0,0.8975,-1.3188,broker
beneficiar,31,6,#ffbb78,0.0019341515144333,34,3,31,0,51.0,269.0,0.0,0.000152,0.0,0.9323,0.0,0.917,-1.2247,broker
potable,31,3,#ffbb78,0.0013212760677561,17,5,12,0,52.0,92.0,0.0,9.7e-05,0.0,0.875,0.0,0.8235,-0.5629,broker
comprometido,31,10,#ffbb78,0.0010678820544853,26,1,25,0,7.0,210.0,0.0,0.000116,0.0,0.9631,0.0,0.9201,-1.7889,broker
laboral,31,4,#ffbb78,0.0034340764395892,44,4,40,0,33.0,333.0,0.0,0.000177,0.0,0.778,0.0,0.9163,0.2872,broker
implementar,31,5,#ffbb78,0.0011589496862143,21,1,20,0,24.0,152.0,0.0,0.000102,0.0,0.9524,0.0,0.9116,-1.4606,broker
herramienta,31,4,#ffbb78,0.001742745283991,35,3,32,0,28.0,237.0,0.0,0.000136,0.0,0.8756,0.0,0.9176,-0.2872,broker
diabetes,31,12,#ffbb78,0.0014258300652727,19,3,16,0,35.0,152.0,0.0,0.000113,0.0,0.8655,0.0,0.8476,0.8165,broker
modulo,31,0,#ffbb78,0.0025347529444843,20,4,16,0,66.0,122.0,0.0,0.000105,0.0,0.9947,0.0,0.875,-2.0,broker
preparado,31,2,#ffbb78,0.001072270097211,19,2,17,0,27.0,101.0,0.0,8.5e-05,0.0,0.924,0.0,0.8753,-1.9122,broker
mejora,31,3,#ffbb78,0.00128017924726,38,4,34,0,44.0,259.0,0.0,0.000149,0.0,0.8321,0.0,0.9127,-0.1501,broker
universidad,31,14,#ffbb78,0.0019276759121567,47,2,45,0,28.0,360.0,0.0,0.000185,0.0,0.7771,0.0,0.9253,0.0,broker
disminuir,31,9,#ffbb78,0.0020303584169596,30,2,28,0,13.0,189.0,0.0,0.000112,0.0,0.8805,0.0,0.9156,-0.2936,broker
asimismo,31,9,#ffbb78,0.0023694038391113,31,2,29,0,27.0,203.0,0.0,0.000122,0.0,0.8667,0.0,0.9074,-0.8221,broker
cecodiat,31,12,#ffbb78,0.0016267591854557,16,4,12,0,49.0,87.0,0.0,9.3e-05,0.0,0.8,0.0,0.7812,0.8165,broker
tecnologia,31,4,#ffbb78,0.0014284063363447,25,2,23,0,15.0,154.0,0.0,0.000101,0.0,0.8967,0.0,0.8736,-0.5744,broker
territorial,31,3,#ffbb78,0.0011592010268941,9,1,8,0,20.0,41.0,0.0,6.5e-05,0.0,0.8333,0.0,0.8395,-2.2142,broker
fortalecimiento,31,5,#ffbb78,0.0014493602793663,24,3,21,0,37.0,134.0,0.0,0.000101,0.0,0.8623,0.0,0.8924,0.1826,broker
ampliar,31,4,#ffbb78,0.0023838409688323,33,3,30,0,40.0,208.0,0.0,0.00013,0.0,0.8693,0.0,0.9091,-0.2872,broker
participante,31,4,#ffbb78,0.001163488952443,17,1,16,0,11.0,103.0,0.0,8e-05,0.0,0.9485,0.0,0.8512,-0.2872,broker
saludable,31,12,#ffbb78,0.0011156644904986,28,3,25,0,27.0,168.0,0.0,0.000112,0.0,0.881,0.0,0.8852,0.0,broker
academico,31,14,#ffbb78,0.0011018854565918,23,1,22,0,18.0,129.0,0.0,9.3e-05,0.0,0.8972,0.0,0.9074,0.0,broker
convenio,31,4,#ffbb78,0.0011116589885205,25,4,21,0,42.0,145.0,0.0,0.000108,0.0,0.8833,0.0,0.8672,0.2872,broker
administrativo,31,9,#ffbb78,0.0023171324282884,22,1,21,0,11.0,121.0,0.0,8.6e-05,0.0,0.961,0.0,0.9132,-0.8221,broker
civico,31,4,#ffbb78,0.0010574822081252,10,1,9,0,15.0,72.0,0.0,7.1e-05,0.0,1.0,0.0,0.82,-1.4359,broker
traslado,31,0,#ffbb78,0.0013945229584351,22,4,18,0,40.0,115.0,0.0,9.4e-05,0.0,0.9524,0.0,0.8802,-1.2857,broker
productivo,31,4,#ffbb78,0.0010286478791385,25,3,22,0,18.0,150.0,0.0,0.0001,0.0,0.93,0.0,0.8896,-0.2872,broker
creacion,31,8,#ffbb78,0.001297946088016,21,2,19,0,19.0,113.0,0.0,8.8e-05,0.0,0.8762,0.0,0.8798,-0.4417,broker
actualizacion,31,12,#ffbb78,0.0013058234471827,6,1,5,0,9.0,33.0,0.0,5.6e-05,0.0,0.8,0.0,0.8333,-2.4495,broker
destinado,31,5,#ffbb78,0.0014044578419998,18,1,17,0,12.0,115.0,0.0,8.5e-05,0.0,0.9542,0.0,0.8704,-1.4606,broker
licenciada,31,7,#ffbb78,0.0010557302739471,15,2,13,0,14.0,78.0,0.0,7.2e-05,0.0,1.0,0.0,0.88,-0.2673,broker
enfocado,31,4,#ffbb78,0.0010818677255883,17,1,16,0,10.0,108.0,0.0,8.1e-05,0.0,0.9338,0.0,0.8927,-1.4359,broker
traducir,31,9,#ffbb78,0.0015273002209141,11,1,10,0,9.0,59.0,0.0,6.5e-05,0.0,0.8909,0.0,0.843,-0.2936,broker
programado,31,9,#ffbb78,0.0011816802434623,15,0,15,0,0.0,82.0,0.0,7.1e-05,0.0,0.8381,0.0,0.8533,-0.8221,broker
pacifico,31,14,#ffbb78,0.0011661271564662,9,0,9,0,0.0,48.0,0.0,5.6e-05,0.0,1.0,0.0,0.8889,-1.4142,broker
mensual,31,4,#ffbb78,0.0010210648179054,12,2,10,0,15.0,63.0,0.0,6.7e-05,0.0,0.9697,0.0,0.875,-1.1487,broker
sostenible,31,8,#ffbb78,0.0010258875554427,15,0,15,0,0.0,72.0,0.0,6.6e-05,0.0,0.8762,0.0,0.8889,-1.2147,broker
armas,6,7,#e377c2,0.0065161767415702,23,2,20,1,144.0,162.0,65.0,0.000274,0.0,0.7352,0.0,0.8885,0.0,broker
plaza,6,7,#e377c2,0.0149987526237964,51,2,48,1,150.0,621.0,178.0,0.000673,0.0,0.5169,0.0,0.8989,0.0,broker
arte,6,0,#e377c2,0.0061855879612267,36,7,29,0,224.0,303.0,0.0,0.000388,0.0,0.7127,0.0,0.8796,0.4472,broker
cultura,6,0,#e377c2,0.0170242823660373,63,9,51,3,352.0,713.0,336.0,0.000922,0.0,0.4112,0.0,0.8954,1.2139,broker
cultural,6,0,#e377c2,0.0141791375353932,53,10,41,2,281.0,587.0,217.0,0.000744,0.0,0.4956,0.0,0.8957,1.2139,broker
actividad,6,5,#e377c2,0.0149375004693865,67,7,58,2,113.0,1001.0,239.0,0.000975,0.0,0.3722,0.0,0.9018,1.6045,broker
evento,6,3,#e377c2,0.0214283242821693,79,8,62,9,166.0,1154.0,934.0,0.001395,0.0,0.3106,0.0,0.9095,1.9565,broker
ferial,6,4,#e377c2,0.0030269410926848,19,6,13,0,127.0,82.0,0.0,0.000188,0.0,0.655,0.0,0.8255,1.3608,broker
recinto,6,4,#e377c2,0.0055645010434091,31,6,24,1,128.0,176.0,70.0,0.000291,0.0,0.6989,0.0,0.8887,1.3608,broker
recibir,6,1,#e377c2,0.0071175931952893,74,13,59,2,205.0,817.0,256.0,0.001024,0.0,0.2991,0.0,0.8692,3.4004,conector_provincial
compartir,6,9,#e377c2,0.0102379387244582,58,5,51,2,72.0,787.0,202.0,0.000745,0.0,0.4453,0.0,0.9031,1.7321,broker
tradicion,6,2,#e377c2,0.0098636746406555,50,10,39,1,139.0,610.0,84.0,0.000588,0.0,0.5404,0.0,0.8872,1.956,broker
dif,6,1,#e377c2,0.004264076706022,51,9,35,7,175.0,295.0,768.0,0.000814,0.0,0.3412,0.0,0.8989,1.4777,broker
disfrutar,6,8,#e377c2,0.0198794994503259,61,3,56,2,97.0,973.0,262.0,0.000953,0.0,0.4333,0.0,0.9046,0.0,broker
invitar,6,8,#e377c2,0.0157054271548986,45,3,41,1,90.0,497.0,122.0,0.00049,0.0,0.599,0.0,0.9037,0.0,broker
encuentro,6,3,#e377c2,0.0093985144048929,51,4,46,1,82.0,513.0,86.0,0.000529,0.0,0.5059,0.0,0.902,0.9207,broker
especial,6,9,#e377c2,0.0099910935387015,51,3,48,0,53.0,530.0,0.0,0.000466,0.0,0.5443,0.0,0.9012,0.866,broker
musica,6,0,#e377c2,0.0110206082463264,48,9,38,1,175.0,479.0,66.0,0.000526,0.0,0.5372,0.0,0.8976,0.8305,broker
gusto,6,6,#e377c2,0.0055823130533099,41,3,38,0,46.0,369.0,0.0,0.000333,0.0,0.5451,0.0,0.8899,0.6081,broker
experiencia,6,8,#e377c2,0.0139701031148433,60,2,57,1,75.0,639.0,88.0,0.000601,0.0,0.4277,0.0,0.8906,0.0,broker
celebracion,6,2,#e377c2,0.0072328434325754,33,4,29,0,69.0,255.0,0.0,0.000256,0.0,0.6818,0.0,0.876,0.489,broker
gratuito,6,1,#e377c2,0.0052485521882772,34,5,28,1,90.0,265.0,71.0,0.000321,0.0,0.6114,0.0,0.8772,0.4095,broker
noche,6,6,#e377c2,0.0065940152853727,54,3,50,1,66.0,563.0,92.0,0.000563,0.0,0.464,0.0,0.9005,1.0859,broker
tarde,6,6,#e377c2,0.0056172180920839,54,6,47,1,129.0,533.0,103.0,0.000607,0.0,0.4521,0.0,0.904,2.0415,broker
festival,6,0,#e377c2,0.0051758070476353,33,5,28,0,103.0,259.0,0.0,0.000277,0.0,0.6989,0.0,0.8852,0.0639,broker
grupo,6,1,#e377c2,0.0102413576096296,62,12,49,1,152.0,579.0,80.0,0.000666,0.0,0.376,0.0,0.884,1.905,broker
recorrido,6,11,#e377c2,0.0097208777442574,50,2,47,1,26.0,529.0,108.0,0.000489,0.0,0.5388,0.0,0.9056,0.0,broker
fiesta,6,2,#e377c2,0.008668246679008,38,6,31,1,77.0,337.0,71.0,0.000355,0.0,0.6657,0.0,0.8892,0.489,broker
marco,6,4,#e377c2,0.0059341439045965,49,3,44,2,50.0,434.0,131.0,0.000506,0.0,0.4762,0.0,0.9021,-1.4969,broker
racha,6,6,#e377c2,0.0036794163752347,6,3,3,0,55.0,26.0,0.0,9.8e-05,0.0,0.8,0.0,0.6667,0.1303,broker
presentacion,6,7,#e377c2,0.006467642262578,35,2,33,0,42.0,335.0,0.0,0.000319,0.0,0.6857,0.0,0.862,1.4142,broker
reunir,6,3,#e377c2,0.0104270838201045,40,4,35,1,67.0,305.0,81.0,0.000339,0.0,0.6256,0.0,0.8925,0.9207,broker
artistico,6,0,#e377c2,0.004016357474029,23,8,15,0,114.0,104.0,0.0,0.00018,0.0,0.8379,0.0,0.7902,0.8305,broker
encendido,6,4,#e377c2,0.0014318588655442,12,4,8,0,55.0,45.0,0.0,0.000117,0.0,0.8182,0.0,0.8056,-0.5443,broker
pino,6,4,#e377c2,0.0016379434382542,12,4,8,0,55.0,48.0,0.0,0.000121,0.0,0.7576,0.0,0.75,0.4082,broker
calido,6,6,#e377c2,0.0034984645899385,8,2,6,0,43.0,30.0,0.0,9.3e-05,0.0,0.8214,0.0,0.7812,0.1303,broker
navideno,6,2,#e377c2,0.0026518439408391,28,4,24,0,75.0,158.0,0.0,0.000207,0.0,0.6455,0.0,0.8495,0.489,broker
disciplina,6,3,#e377c2,0.0080094300210475,17,2,15,0,38.0,92.0,0.0,0.000142,0.0,0.6838,0.0,0.8512,-0.1151,broker
estudiante,6,5,#e377c2,0.0039161662571132,31,4,27,0,59.0,226.0,0.0,0.00026,0.0,0.6151,0.0,0.8741,1.1669,broker
discapacidad,6,1,#e377c2,0.0050604925490915,8,4,4,0,56.0,27.0,0.0,0.000106,0.0,0.8571,0.0,0.6562,-0.2314,broker
inclusion,6,1,#e377c2,0.0048828083090484,11,3,8,0,43.0,47.0,0.0,0.000129,0.0,0.6727,0.0,0.7107,-0.0178,broker
llenar,6,0,#e377c2,0.0059028803370893,35,4,31,0,76.0,277.0,0.0,0.000275,0.0,0.6706,0.0,0.8718,0.0639,broker
espiritu,6,2,#e377c2,0.0023443796671926,22,4,18,0,47.0,103.0,0.0,0.000143,0.0,0.7749,0.0,0.843,-0.489,broker
union,6,2,#e377c2,0.0040125460363924,24,3,21,0,37.0,172.0,0.0,0.000174,0.0,0.8043,0.0,0.8403,0.0,broker
visita,6,11,#e377c2,0.0068248244933784,28,1,27,0,19.0,203.0,0.0,0.000189,0.0,0.7407,0.0,0.8929,0.0,broker
rueda,6,1,#e377c2,0.002636399352923,15,3,12,0,37.0,61.0,0.0,0.000126,0.0,0.6762,0.0,0.8444,-0.2314,broker
silla,6,1,#e377c2,0.0020625896286219,12,4,8,0,49.0,35.0,0.0,0.000121,0.0,0.5909,0.0,0.6111,0.4095,broker
edicion,6,3,#e377c2,0.0080680092796683,25,3,22,0,36.0,144.0,0.0,0.000164,0.0,0.7333,0.0,0.8992,-0.1151,broker
asistente,6,3,#e377c2,0.0072417133487761,25,3,22,0,42.0,160.0,0.0,0.00017,0.0,0.81,0.0,0.9056,-0.633,broker
musical,6,0,#e377c2,0.004425308201462,20,6,14,0,64.0,85.0,0.0,0.000173,0.0,0.7789,0.0,0.825,0.0639,broker
concluir,6,5,#e377c2,0.0075703524053096,26,3,23,0,40.0,139.0,0.0,0.00022,0.0,0.5754,0.0,0.8462,0.7293,broker
unir,6,9,#e377c2,0.0033162697218358,34,2,32,0,27.0,279.0,0.0,0.00024,0.0,0.7184,0.0,0.8858,-0.866,broker
primaria,6,5,#e377c2,0.0051805945113301,21,4,17,0,56.0,97.0,0.0,0.000158,0.0,0.7048,0.0,0.8345,1.1669,broker
vacacion,6,5,#e377c2,0.0142750311642885,14,2,12,0,27.0,100.0,0.0,0.000127,0.0,0.7912,0.0,0.8061,0.7293,broker
danza,6,0,#e377c2,0.0028741993010044,17,4,13,0,50.0,103.0,0.0,0.000133,0.0,0.9485,0.0,0.8028,-0.3194,broker
aniversario,6,2,#e377c2,0.0018685398390516,21,4,17,0,36.0,107.0,0.0,0.00014,0.0,0.581,0.0,0.8163,0.489,broker
desfile,6,2,#e377c2,0.0019339780556038,16,6,10,0,58.0,63.0,0.0,0.000126,0.0,0.7333,0.0,0.75,0.489,broker
flores,6,10,#e377c2,0.0042552016675472,22,3,19,0,24.0,123.0,0.0,0.000158,0.0,0.619,0.0,0.8719,1.8371,broker
intercambio,6,5,#e377c2,0.0021925473120063,6,1,5,0,15.0,34.0,0.0,6.9e-05,0.0,1.0,0.0,0.7222,-1.0211,broker
feria,6,4,#e377c2,0.003748619928956,26,3,23,0,33.0,165.0,0.0,0.000203,0.0,0.6523,0.0,0.8846,-0.5443,broker
estacion,6,1,#e377c2,0.0085354819893836,6,2,4,0,17.0,36.0,0.0,7.4e-05,0.0,0.9333,0.0,0.6667,-0.4451,broker
lectura,6,5,#e377c2,0.0020381973590701,10,1,9,0,12.0,60.0,0.0,9e-05,0.0,0.6667,0.0,0.76,-0.1459,broker
magico,6,10,#e377c2,0.0022634027991443,15,1,14,0,7.0,84.0,0.0,0.000106,0.0,0.7524,0.0,0.8711,0.4082,broker
constancia,6,3,#e377c2,0.0039371536113321,7,2,5,0,19.0,25.0,0.0,7.3e-05,0.0,0.9048,0.0,0.7755,-1.1509,broker
visual,6,0,#e377c2,0.001268609194085,10,4,6,0,37.0,35.0,0.0,9.1e-05,0.0,0.6889,0.0,0.64,-1.0861,broker
asociacion,6,1,#e377c2,0.0047936243936419,12,3,9,0,23.0,57.0,0.0,0.000103,0.0,0.7121,0.0,0.7639,-0.0178,broker
contento,6,2,#e377c2,0.0014500807737931,12,2,10,0,17.0,65.0,0.0,9.1e-05,0.0,0.9242,0.0,0.8333,-1.956,broker
resaltar,6,1,#e377c2,0.0014737385790795,13,2,11,0,17.0,57.0,0.0,8.6e-05,0.0,0.9103,0.0,0.8166,-0.4451,broker
tampiquena,6,8,#e377c2,0.0058165397495031,12,2,10,0,18.0,46.0,0.0,8e-05,0.0,0.8788,0.0,0.7917,0.0,broker
monumental,6,4,#e377c2,0.0014187098713591,12,4,8,0,30.0,55.0,0.0,0.000101,0.0,0.6515,0.0,0.7222,-0.5443,broker
espectacular,6,2,#e377c2,0.0017802820075303,15,2,13,0,16.0,66.0,0.0,9.3e-05,0.0,0.8476,0.0,0.8089,-0.978,broker
dirigido,6,1,#e377c2,0.0055487379431724,18,4,14,0,31.0,88.0,0.0,0.000129,0.0,0.6863,0.0,0.7469,0.6231,broker
aparato,6,1,#e377c2,0.0034163238015025,7,1,6,0,10.0,26.0,0.0,7.3e-05,0.0,0.5714,0.0,0.449,-0.0178,periferico
benjamin,6,3,#e377c2,0.0026930957101285,5,1,4,0,10.0,18.0,0.0,5.9e-05,0.0,0.8,0.0,0.56,-0.633,broker
gerardo,6,1,#e377c2,0.0057432851754128,10,3,7,0,27.0,40.0,0.0,8.7e-05,0.0,0.8444,0.0,0.82,-0.4451,broker
cfe,6,1,#e377c2,0.0184892360121011,9,3,6,0,26.0,30.0,0.0,8.8e-05,0.0,0.5833,0.0,0.6667,-0.2314,broker
omar,6,10,#e377c2,0.0018744103144854,5,1,4,0,9.0,22.0,0.0,6.1e-05,0.0,0.8,0.0,0.8,-1.0206,broker
amistad,6,9,#e377c2,0.0016580842202529,11,2,9,0,14.0,43.0,0.0,7.9e-05,0.0,0.8727,0.0,0.8264,0.0,broker
parroquia,6,10,#e377c2,0.0018495299154892,6,2,4,0,15.0,23.0,0.0,7.7e-05,0.0,0.5333,0.0,0.7778,0.4082,broker
lazo,6,9,#e377c2,0.0018857332179322,6,1,5,0,7.0,27.0,0.0,6.3e-05,0.0,0.8,0.0,0.7222,-0.866,broker
beneficiado,6,1,#e377c2,0.0021788380108773,4,2,2,0,16.0,8.0,0.0,5.7e-05,0.0,0.8333,0.0,0.0,-0.2314,periferico
interesado,6,1,#e377c2,0.0047456775791943,5,1,4,0,6.0,24.0,0.0,5.9e-05,0.0,0.8,0.0,0.72,-0.6587,broker
senalamiento,6,5,#e377c2,0.0030922382138669,5,1,4,0,8.0,21.0,0.0,6.2e-05,0.0,0.6,0.0,0.72,-0.5835,broker
salazar,6,9,#e377c2,0.00218315445818,6,1,5,0,7.0,27.0,0.0,6e-05,0.0,0.9333,0.0,0.7222,-0.866,broker
realizamos,6,11,#e377c2,0.0025705897714942,7,1,6,0,7.0,30.0,0.0,6.3e-05,0.0,1.0,0.0,0.7755,0.0,broker
alimentacion,6,1,#e377c2,0.0033603864721953,9,3,6,0,18.0,37.0,0.0,7.5e-05,0.0,0.9722,0.0,0.642,-0.0178,broker
accesible,6,1,#e377c2,0.0021920606959611,2,1,1,0,7.0,4.0,0.0,5e-05,0.0,0.0,0.0,0.5,-0.8724,broker
agrupacion,6,0,#e377c2,0.0021763136610388,7,3,4,0,20.0,19.0,0.0,6.6e-05,0.0,1.0,0.0,0.6122,-1.0861,broker
negocios,6,6,#e377c2,0.0014041720423847,3,0,3,0,0.0,15.0,0.0,5.4e-05,0.0,0.3333,0.0,0.4444,-0.3475,periferico
regidor,6,5,#e377c2,0.0036650379188358,12,1,11,0,6.0,56.0,0.0,8.3e-05,0.0,0.7727,0.0,0.8333,-0.1459,broker
simbolo,6,2,#e377c2,0.0018120433669537,10,1,9,0,7.0,46.0,0.0,7.5e-05,0.0,0.7333,0.0,0.78,-0.978,broker
relatar,6,1,#e377c2,0.0020805192179977,1,1,0,0,7.0,0.0,0.0,4.4e-05,0.0,0.0,0.0,0.0,-0.8724,periferico
durar,6,6,#e377c2,0.0031453783158212,8,2,6,0,13.0,28.0,0.0,7.6e-05,0.0,0.7143,0.0,0.6562,0.6081,broker
alertar,6,10,#e377c2,0.0042015430517494,5,1,4,0,7.0,18.0,0.0,6.4e-05,0.0,0.7,0.0,0.72,0.4082,broker
desafio,6,1,#e377c2,0.0022478473838418,5,0,5,0,0.0,26.0,0.0,5.5e-05,0.0,1.0,0.0,0.8,-0.8724,broker
distribuir,6,1,#e377c2,0.0038553809281438,3,1,2,0,6.0,9.0,0.0,4.9e-05,0.0,0.6667,0.0,0.4444,-0.6587,periferico
penal,6,10,#e377c2,0.0056057316251099,4,0,4,0,0.0,18.0,0.0,5.8e-05,0.0,0.6667,0.0,0.625,-1.0206,broker
felicito,6,10,#e377c2,0.0017885839333757,5,0,5,0,0.0,23.0,0.0,6.4e-05,0.0,0.4,0.0,0.72,-1.0206,broker
electronico,6,3,#e377c2,0.0049942322075366,6,1,5,0,6.0,21.0,0.0,5.5e-05,0.0,1.0,0.0,0.7778,-1.1509,broker
alvaro,6,6,#e377c2,0.0022074684966355,2,1,1,0,6.0,5.0,0.0,4.7e-05,0.0,1.0,0.0,0.5,-0.8253,broker
influencer,6,0,#e377c2,0.0026688962243497,1,1,0,0,6.0,0.0,0.0,4.5e-05,0.0,0.0,0.0,0.0,-2.2361,periferico
capitulo,6,6,#e377c2,0.0022088552359491,2,0,2,0,0.0,9.0,0.0,4.6e-05,0.0,1.0,0.0,0.5,-0.8253,broker
envio,6,1,#e377c2,0.0017271934775635,1,0,1,0,0.0,5.0,0.0,4.3e-05,0.0,0.0,0.0,0.0,-0.8724,periferico
cedillo,6,5,#e377c2,0.0015986567595973,2,0,2,0,0.0,9.0,0.0,4.5e-05,0.0,1.0,0.0,0.5,-1.0211,broker
presentado,6,1,#e377c2,0.0027502493467181,2,0,2,0,0.0,9.0,0.0,4.7e-05,0.0,1.0,0.0,0.5,-1.086,broker
presencial,6,5,#e377c2,0.0013380185700953,1,0,1,0,0.0,5.0,0.0,4.4e-05,0.0,0.0,0.0,0.0,-1.0211,periferico
estelar,6,7,#e377c2,0.0010697421384975,1,0,1,0,0.0,4.0,0.0,4.2e-05,0.0,0.0,0.0,0.0,-1.4142,periferico
locatario,6,6,#e377c2,0.0017194560496136,1,0,1,0,0.0,4.0,0.0,4.2e-05,0.0,0.0,0.0,0.0,-1.3031,periferico
paquete,6,6,#e377c2,0.0014748574467375,1,0,1,0,0.0,4.0,0.0,4.2e-05,0.0,0.0,0.0,0.0,-1.3031,periferico
individual,6,5,#e377c2,0.0021987536456435,1,0,1,0,0.0,4.0,0.0,4.2e-05,0.0,0.0,0.0,0.0,-1.4586,periferico
nina,14,2,#c5b0d5,0.0185964591801166,41,7,34,0,294.0,511.0,0.0,0.000555,0.0,0.5378,0.0,0.8816,1.3804,broker
nino,14,2,#c5b0d5,0.0388641729950904,73,8,56,9,440.0,1226.0,769.0,0.001548,0.0,0.2884,0.0,0.9172,1.3804,broker
historia,14,4,#c5b0d5,0.0292085204273462,75,7,64,4,205.0,877.0,385.0,0.001094,0.0,0.2778,0.0,0.8996,1.8898,broker
vivir,14,0,#c5b0d5,0.0106437457725405,95,16,70,9,354.0,1379.0,838.0,0.001966,0.0,0.196,0.0,0.9115,2.9911,conector_provincial
educacion,14,1,#c5b0d5,0.0131148872897028,50,7,41,2,299.0,574.0,188.0,0.000754,0.0,0.4237,0.0,0.8984,1.0801,broker
escuela,14,1,#c5b0d5,0.0199147947132587,45,6,38,1,315.0,480.0,90.0,0.00065,0.0,0.4697,0.0,0.9057,0.6172,broker
convivencia,14,3,#c5b0d5,0.0096513843163847,36,4,31,1,142.0,314.0,92.0,0.000403,0.0,0.5048,0.0,0.875,1.4536,broker
espacio,14,3,#c5b0d5,0.0169574469327926,96,11,71,14,284.0,1306.0,1554.0,0.002101,0.0,0.1998,0.0,0.9258,2.8572,conector_provincial
bonito,14,0,#c5b0d5,0.0131870144978165,67,12,48,7,302.0,679.0,631.0,0.001019,0.0,0.2958,0.0,0.9004,2.0184,broker
joven,14,2,#c5b0d5,0.0263270549476146,62,6,53,3,198.0,844.0,279.0,0.000931,0.0,0.3437,0.0,0.9074,0.251,broker
padre,14,1,#c5b0d5,0.0227975621819496,61,5,54,2,192.0,848.0,182.0,0.000847,0.0,0.3738,0.0,0.8981,0.1543,broker
alumno,14,1,#c5b0d5,0.0080263502895832,25,7,18,0,193.0,174.0,0.0,0.0003,0.0,0.65,0.0,0.8448,1.0801,broker
recordar,14,4,#c5b0d5,0.0091938478872179,56,6,50,0,97.0,663.0,0.0,0.000584,0.0,0.389,0.0,0.8916,1.1339,broker
celebrar,14,7,#c5b0d5,0.0153588997200131,57,4,51,2,91.0,687.0,318.0,0.000779,0.0,0.3722,0.0,0.9012,1.3608,broker
escolar,14,1,#c5b0d5,0.0074698096141219,19,6,13,0,201.0,94.0,0.0,0.000243,0.0,0.655,0.0,0.831,0.6172,broker
adulto,14,2,#c5b0d5,0.0058899698778986,27,6,21,0,122.0,156.0,0.0,0.000214,0.0,0.735,0.0,0.8615,0.251,broker
bello,14,0,#c5b0d5,0.0060274177230894,27,7,20,0,152.0,146.0,0.0,0.000238,0.0,0.661,0.0,0.8532,0.5593,broker
lindo,14,0,#c5b0d5,0.0039496636018157,34,6,28,0,132.0,222.0,0.0,0.000285,0.0,0.5811,0.0,0.8737,0.8025,broker
parque,14,3,#c5b0d5,0.0054236962459981,25,5,20,0,76.0,140.0,0.0,0.00021,0.0,0.52,0.0,0.8512,0.7519,broker
futuro,14,8,#c5b0d5,0.01517063844949,40,3,36,1,62.0,464.0,90.0,0.00044,0.0,0.5474,0.0,0.8912,0.9129,broker
convivir,14,7,#c5b0d5,0.0054277856834232,13,1,12,0,40.0,142.0,0.0,0.000159,0.0,0.7821,0.0,0.7929,-1.4969,broker
presente,14,8,#c5b0d5,0.0049393777735531,37,2,34,1,39.0,361.0,71.0,0.000346,0.0,0.5961,0.0,0.8824,0.0,broker
legado,14,4,#c5b0d5,0.0042135724797844,20,2,18,0,48.0,115.0,0.0,0.000152,0.0,0.6368,0.0,0.855,-0.378,broker
crear,14,9,#c5b0d5,0.0047879051417112,36,2,34,0,18.0,312.0,0.0,0.000271,0.0,0.5857,0.0,0.8904,1.8371,broker
memoria,14,4,#c5b0d5,0.0074432361871004,20,5,15,0,72.0,127.0,0.0,0.000185,0.0,0.6579,0.0,0.855,0.378,broker
juego,14,6,#c5b0d5,0.008809570223093,30,3,27,0,37.0,260.0,0.0,0.000244,0.0,0.5862,0.0,0.8822,0.5774,broker
diversion,14,2,#c5b0d5,0.0040159644559025,14,3,11,0,47.0,65.0,0.0,0.000116,0.0,0.8352,0.0,0.8469,-1.4431,broker
libro,14,4,#c5b0d5,0.0052758674137294,22,3,19,0,48.0,154.0,0.0,0.000177,0.0,0.6926,0.0,0.8595,-0.378,broker
sano,14,3,#c5b0d5,0.0021598676685243,19,2,17,0,52.0,111.0,0.0,0.000143,0.0,0.8713,0.0,0.8476,-0.3008,broker
artista,14,7,#c5b0d5,0.0079348301514983,29,2,27,0,27.0,199.0,0.0,0.000208,0.0,0.569,0.0,0.887,0.4082,broker
crecer,14,8,#c5b0d5,0.0109014855697751,34,3,30,1,37.0,298.0,70.0,0.000293,0.0,0.6506,0.0,0.8789,0.9129,broker
homenaje,14,5,#c5b0d5,0.0049478127621114,14,3,11,0,45.0,81.0,0.0,0.000137,0.0,0.7582,0.0,0.7959,0.6659,broker
rendir,14,5,#c5b0d5,0.0026519598904997,11,2,9,0,40.0,62.0,0.0,0.000113,0.0,0.8,0.0,0.843,-0.3805,broker
comenzar,14,6,#c5b0d5,0.0172964334487915,45,5,39,1,62.0,403.0,76.0,0.000425,0.0,0.4768,0.0,0.8919,2.8868,conector_provincial
bandera,14,5,#c5b0d5,0.0059761176817119,17,4,13,0,67.0,102.0,0.0,0.000189,0.0,0.6765,0.0,0.8304,0.6659,broker
ceremonia,14,5,#c5b0d5,0.0055824122391641,24,4,20,0,70.0,178.0,0.0,0.000271,0.0,0.5978,0.0,0.8125,2.2356,broker
honor,14,5,#c5b0d5,0.0072147166356444,34,4,30,0,73.0,245.0,0.0,0.000288,0.0,0.5544,0.0,0.8737,1.1891,broker
sueno,14,10,#c5b0d5,0.0047318749129772,34,2,32,0,14.0,308.0,0.0,0.000307,0.0,0.5793,0.0,0.8875,2.2188,broker
puerta,14,8,#c5b0d5,0.0036533812526613,22,2,20,0,22.0,193.0,0.0,0.000182,0.0,0.7706,0.0,0.8884,0.0,broker
preescolar,14,1,#c5b0d5,0.0010942915687337,4,4,0,0,54.0,0.0,0.0,7.3e-05,0.0,1.0,0.0,0.0,-0.3086,periferico
adolescente,14,2,#c5b0d5,0.0069353566505014,14,5,9,0,60.0,53.0,0.0,0.000111,0.0,0.7912,0.0,0.7551,0.251,broker
noviembre,14,7,#c5b0d5,0.0048072077333927,18,2,16,0,33.0,101.0,0.0,0.00014,0.0,0.7059,0.0,0.8827,-0.5443,broker
infantil,14,2,#c5b0d5,0.0052841710858047,14,4,10,0,54.0,61.0,0.0,0.000118,0.0,0.7363,0.0,0.7143,0.251,broker
vivar,14,0,#c5b0d5,0.0017673128750175,17,3,14,0,43.0,86.0,0.0,0.000118,0.0,0.9779,0.0,0.8581,-0.4134,broker
naturaleza,14,9,#c5b0d5,0.0057537881657481,21,1,20,0,9.0,144.0,0.0,0.000142,0.0,0.7143,0.0,0.8299,-1.0206,broker
cantar,14,0,#c5b0d5,0.0034212542232125,18,3,15,0,50.0,104.0,0.0,0.000148,0.0,0.7451,0.0,0.8704,-0.1702,broker
gob,14,3,#c5b0d5,0.0010804961202666,15,1,13,1,23.0,69.0,96.0,0.000148,0.0,0.8095,0.0,0.8267,-0.6516,broker
jardin,14,3,#c5b0d5,0.0041275275871157,16,3,13,0,46.0,106.0,0.0,0.000158,0.0,0.625,0.0,0.7969,0.0501,broker
ninos,14,2,#c5b0d5,0.0032719220034778,13,4,9,0,46.0,61.0,0.0,0.000109,0.0,0.8974,0.0,0.7692,-0.8784,broker
emblematico,14,4,#c5b0d5,0.0053678066469728,12,2,10,0,28.0,67.0,0.0,0.000103,0.0,0.6818,0.0,0.7778,-1.1339,broker
escenario,14,4,#c5b0d5,0.0034605213440954,21,4,17,0,38.0,112.0,0.0,0.000143,0.0,0.6905,0.0,0.8844,-0.378,broker
lujo,14,0,#c5b0d5,0.0034112422727048,11,2,9,0,29.0,47.0,0.0,8.8e-05,0.0,0.8545,0.0,0.7934,-0.4134,broker
belleza,14,0,#c5b0d5,0.0030766807030886,17,3,14,0,46.0,84.0,0.0,0.000131,0.0,0.6618,0.0,0.8166,0.3161,broker
enhorabuena,14,0,#c5b0d5,0.0013409283710643,22,4,18,0,41.0,122.0,0.0,0.000184,0.0,0.6494,0.0,0.8347,0.5593,broker
artes,14,3,#c5b0d5,0.0024675743188709,11,2,9,0,35.0,47.0,0.0,0.0001,0.0,0.7091,0.0,0.8099,-0.3008,broker
soltar,14,0,#c5b0d5,0.0029396349564194,8,2,6,0,24.0,29.0,0.0,7.4e-05,0.0,0.9286,0.0,0.75,-0.4134,broker
recorrer,14,6,#c5b0d5,0.0063734101131558,19,2,17,0,23.0,107.0,0.0,0.00013,0.0,0.6082,0.0,0.8366,0.0,broker
rehabilitar,14,3,#c5b0d5,0.0022261661943048,3,2,1,0,22.0,4.0,0.0,5.6e-05,0.0,1.0,0.0,0.0,-0.3008,periferico
secretariadecultura,14,3,#c5b0d5,0.0014133681543171,3,2,1,0,24.0,4.0,0.0,5.7e-05,0.0,0.6667,0.0,0.0,-0.3008,periferico
rosa,14,11,#c5b0d5,0.0034130122512578,15,0,15,0,0.0,113.0,0.0,0.000121,0.0,0.8095,0.0,0.8622,0.0,broker
formacion,14,1,#c5b0d5,0.0030538153368979,17,5,12,0,48.0,84.0,0.0,0.000126,0.0,0.8162,0.0,0.8166,0.1543,broker
muestra,14,6,#c5b0d5,0.0051009119488298,19,1,18,0,9.0,97.0,0.0,0.000122,0.0,0.6901,0.0,0.8864,0.5774,broker
perfecto,14,0,#c5b0d5,0.0034079411998391,18,4,14,0,34.0,78.0,0.0,0.000115,0.0,0.7908,0.0,0.8148,0.3161,broker
famoso,14,0,#c5b0d5,0.0017074708594009,10,3,7,0,26.0,32.0,0.0,7.8e-05,0.0,0.8222,0.0,0.76,-0.1702,broker
honrar,14,4,#c5b0d5,0.0017170892097055,7,3,4,0,26.0,35.0,0.0,8.1e-05,0.0,0.9048,0.0,0.7347,-1.1339,broker
album,14,10,#c5b0d5,0.0032499474473297,9,1,8,0,7.0,49.0,0.0,8.8e-05,0.0,0.6944,0.0,0.8148,0.2774,broker
atleta,14,10,#c5b0d5,0.0037078731693327,12,1,11,0,8.0,61.0,0.0,0.0001,0.0,0.6061,0.0,0.8472,0.2774,broker
espectaculo,14,7,#c5b0d5,0.0027274130843579,10,3,7,0,23.0,34.0,0.0,9.5e-05,0.0,0.6222,0.0,0.76,1.3608,broker
solis,14,7,#c5b0d5,0.0024422106798738,4,1,3,0,11.0,18.0,0.0,6.7e-05,0.0,0.8333,0.0,0.625,-0.5443,broker
padrisimo,14,0,#c5b0d5,0.0021137164440006,5,1,4,0,9.0,26.0,0.0,5.9e-05,0.0,1.0,0.0,0.72,-0.6566,broker
monumento,14,6,#c5b0d5,0.0061025521717965,9,3,6,0,20.0,35.0,0.0,7.9e-05,0.0,0.7778,0.0,0.7901,0.5774,broker
enorme,14,9,#c5b0d5,0.0021387923043221,13,1,12,0,9.0,69.0,0.0,8.7e-05,0.0,0.9872,0.0,0.8521,-1.0206,broker
colectivo,14,6,#c5b0d5,0.0029309459496289,10,1,9,0,7.0,58.0,0.0,0.000115,0.0,0.7333,0.0,0.84,0.0,broker
honores,14,5,#c5b0d5,0.0016001781914383,2,2,0,0,18.0,0.0,0.0,5.6e-05,0.0,1.0,0.0,0.0,-0.3805,periferico
ofender,14,0,#c5b0d5,0.0016565895639359,5,1,4,0,10.0,19.0,0.0,5.7e-05,0.0,1.0,0.0,0.72,-0.8998,broker
modelo,14,11,#c5b0d5,0.0039596003480255,12,0,12,0,0.0,73.0,0.0,8.5e-05,0.0,0.9242,0.0,0.8333,-1.4142,broker
donacion,14,3,#c5b0d5,0.0016420882893726,8,1,7,0,10.0,34.0,0.0,6.8e-05,0.0,0.8214,0.0,0.8125,-0.6516,broker
pierdar,14,7,#c5b0d5,0.0012118511367589,5,1,4,0,9.0,22.0,0.0,6.4e-05,0.0,0.8,0.0,0.72,-0.5443,broker
incansable,14,5,#c5b0d5,0.002500501461327,7,0,7,0,0.0,43.0,0.0,6.8e-05,0.0,0.9524,0.0,0.7755,-0.9037,broker
gastronomia,14,0,#c5b0d5,0.0033527351915836,11,2,9,0,16.0,46.0,0.0,8.4e-05,0.0,0.6545,0.0,0.7438,-0.1702,broker
ecuador,14,6,#c5b0d5,0.004009042866528,8,2,6,0,15.0,32.0,0.0,7.2e-05,0.0,0.8571,0.0,0.7812,0.0,broker
dlb,14,0,#c5b0d5,0.0010794003028422,7,1,6,0,8.0,30.0,0.0,6.2e-05,0.0,0.9524,0.0,0.7755,-0.6566,broker
sombra,14,6,#c5b0d5,0.00122553226538,3,0,3,0,0.0,17.0,0.0,4.9e-05,0.0,1.0,0.0,0.6667,-1.1547,broker
emotivo,14,5,#c5b0d5,0.0012404156150296,8,2,6,0,15.0,31.0,0.0,7.4e-05,0.0,0.8571,0.0,0.7812,-0.3805,broker
energy,14,9,#c5b0d5,0.0022601024247705,2,1,1,0,8.0,4.0,0.0,0.000289,0.0,1.0,0.0,0.0,0.4082,periferico
woodside,14,9,#c5b0d5,0.0021679890342056,2,1,1,0,8.0,4.0,0.0,0.000289,0.0,1.0,0.0,0.0,0.4082,periferico
himno,14,5,#c5b0d5,0.0013860021717846,5,1,4,0,6.0,23.0,0.0,6.1e-05,0.0,0.9,0.0,0.64,-0.9037,broker
camiseta,14,6,#c5b0d5,0.0024133385159075,8,1,7,0,7.0,36.0,0.0,6.6e-05,0.0,1.0,0.0,0.7812,0.0,broker
tianguis,14,0,#c5b0d5,0.002059155376628,1,1,0,0,8.0,0.0,0.0,4.7e-05,0.0,0.0,0.0,0.0,-0.8998,periferico
estampa,14,10,#c5b0d5,0.0011356477625668,3,1,2,0,7.0,12.0,0.0,5.6e-05,0.0,1.0,0.0,0.6667,-0.6934,broker
investigador,14,1,#c5b0d5,0.0018999431049451,3,1,2,0,7.0,11.0,0.0,5e-05,0.0,1.0,0.0,0.6667,-1.6973,broker
movil,14,1,#c5b0d5,0.002366523258388,2,1,1,0,7.0,5.0,0.0,4.7e-05,0.0,1.0,0.0,0.5,-1.6973,broker
juegos,14,2,#c5b0d5,0.001711705001071,7,1,6,0,7.0,27.0,0.0,6.3e-05,0.0,0.7619,0.0,0.6939,-1.4431,broker
alvarez,14,3,#c5b0d5,0.0030493938829749,8,2,6,0,12.0,32.0,0.0,6.7e-05,0.0,0.9643,0.0,0.75,-0.3008,broker
vacuna,14,0,#c5b0d5,0.0021987683139741,1,1,0,0,7.0,0.0,0.0,4.4e-05,0.0,0.0,0.0,0.0,-0.8998,periferico
armada,14,0,#c5b0d5,0.0025771278887987,2,1,1,0,7.0,4.0,0.0,4.6e-05,0.0,1.0,0.0,0.5,-0.8998,broker
recuperado,14,3,#c5b0d5,0.0013657233212143,2,1,1,0,6.0,4.0,0.0,4.5e-05,0.0,1.0,0.0,0.5,-1.0025,broker
novedad,14,0,#c5b0d5,0.0016464174259454,1,1,0,0,6.0,0.0,0.0,4.3e-05,0.0,0.0,0.0,0.0,-0.8998,periferico
personalidad,14,10,#c5b0d5,0.0025502943899482,3,1,2,0,6.0,8.0,0.0,5e-05,0.0,0.6667,0.0,0.6667,-0.6934,broker
terapia,14,11,#c5b0d5,0.0013049158733338,6,0,6,0,0.0,28.0,0.0,9.8e-05,0.0,0.5333,0.0,0.7222,1.4142,broker
vecina,14,3,#c5b0d5,0.0014083631103858,5,0,5,0,0.0,22.0,0.0,5.2e-05,0.0,1.0,0.0,0.72,-0.6516,broker
marquez,14,6,#c5b0d5,0.0013621294638141,3,0,3,0,0.0,13.0,0.0,4.9e-05,0.0,1.0,0.0,0.6667,-0.5774,broker
escamilla,14,5,#c5b0d5,0.0018295184709131,1,0,1,0,0.0,5.0,0.0,4.4e-05,0.0,0.0,0.0,0.0,-0.9037,periferico
single,14,10,#c5b0d5,0.0024252794682979,1,0,1,0,0.0,5.0,0.0,4.3e-05,0.0,0.0,0.0,0.0,-0.6934,periferico
patriota,14,5,#c5b0d5,0.0011450265301391,3,0,3,0,0.0,13.0,0.0,4.8e-05,0.0,1.0,0.0,0.6667,-0.9037,broker
operador,14,9,#c5b0d5,0.0049011590890586,4,0,4,0,0.0,18.0,0.0,5.2e-05,0.0,0.8333,0.0,0.75,-1.0206,broker
entrenar,14,10,#c5b0d5,0.001801770646125,3,0,3,0,0.0,14.0,0.0,5e-05,0.0,1.0,0.0,0.6667,-0.6934,broker
colonias,14,6,#c5b0d5,0.0017251558601856,1,0,1,0,0.0,5.0,0.0,4.2e-05,0.0,0.0,0.0,0.0,-1.1547,periferico
artesanal,14,6,#c5b0d5,0.0013362782774493,2,0,2,0,0.0,9.0,0.0,7.7e-05,0.0,0.0,0.0,0.5,-0.5774,broker
hallazgo,14,6,#c5b0d5,0.0023353083524852,2,0,2,0,0.0,10.0,0.0,8.3e-05,0.0,0.0,0.0,0.0,0.0,periferico
tortuga,14,3,#c5b0d5,0.0013165667187422,3,0,3,0,0.0,12.0,0.0,4.9e-05,0.0,0.6667,0.0,0.4444,-0.6516,periferico
encender,14,6,#c5b0d5,0.0011954702204093,3,0,3,0,0.0,12.0,0.0,4.7e-05,0.0,1.0,0.0,0.4444,-1.1547,periferico
trion,14,9,#c5b0d5,0.0020901320967823,2,0,2,0,0.0,8.0,0.0,0.000203,0.0,1.0,0.0,0.0,0.4082,periferico
tepic,14,11,#c5b0d5,0.0010123807005584,1,0,1,0,0.0,4.0,0.0,5.1e-05,0.0,0.0,0.0,0.0,0.0,periferico
fabrica,14,8,#c5b0d5,0.0011760605266317,2,0,2,0,0.0,8.0,0.0,4.4e-05,0.0,1.0,0.0,0.5,-1.8257,broker
jajaja,32,3,#98df8a,0.0124139105901122,63,6,57,0,140.0,577.0,0.0,0.001141,0.0,0.3323,0.0,0.9272,1.6164,broker
jajajaja,32,3,#98df8a,0.0096061173826456,50,4,46,0,97.0,443.0,0.0,0.000839,0.0,0.4188,0.0,0.9224,0.9878,broker
cartel,32,1,#98df8a,0.0130222607403993,54,8,46,0,151.0,467.0,0.0,0.001016,0.0,0.385,0.0,0.9088,2.2813,broker
narco,32,1,#98df8a,0.0209944676607847,86,10,74,2,249.0,909.0,142.0,0.001995,0.0,0.2194,0.0,0.9378,1.9475,broker
ejercito,32,2,#98df8a,0.0090305600315332,43,4,38,1,67.0,394.0,65.0,0.000789,0.0,0.443,0.0,0.9183,0.5345,broker
parecer,32,7,#98df8a,0.0116821452975273,76,4,72,0,68.0,750.0,0.0,0.00146,0.0,0.2544,0.0,0.9311,1.5689,broker
video,32,6,#98df8a,0.008871535770595,82,6,76,0,71.0,858.0,0.0,0.001575,0.0,0.2397,0.0,0.9352,2.2883,broker
terrorista,32,1,#98df8a,0.0047337333671748,27,4,23,0,93.0,152.0,0.0,0.000407,0.0,0.6296,0.0,0.9081,0.2782,broker
andar,32,15,#98df8a,0.0122504225000739,76,2,74,0,23.0,873.0,0.0,0.001442,0.0,0.2768,0.0,0.9287,1.4142,broker
faltar,32,7,#98df8a,0.0074470276013016,70,2,68,0,50.0,612.0,0.0,0.001096,0.0,0.3002,0.0,0.9286,0.5883,broker
empezar,32,10,#98df8a,0.0086435452103614,70,3,67,0,24.0,641.0,0.0,0.00117,0.0,0.2741,0.0,0.9322,2.2678,broker
gringo,32,1,#98df8a,0.0087348828092217,32,2,30,0,52.0,230.0,0.0,0.000449,0.0,0.5968,0.0,0.9219,-0.3895,broker
militar,32,2,#98df8a,0.0112427677959203,41,7,34,0,130.0,273.0,0.0,0.000721,0.0,0.4195,0.0,0.909,2.3385,broker
matar,32,8,#98df8a,0.0075942976400256,61,4,57,0,34.0,494.0,0.0,0.000869,0.0,0.3503,0.0,0.9272,2.2295,broker
cartilla,32,2,#98df8a,0.001793454750441,3,3,0,0,59.0,0.0,0.0,0.000143,0.0,1.0,0.0,0.0,-0.0668,periferico
descuento,32,0,#98df8a,0.0069911926984786,16,4,12,0,55.0,57.0,0.0,0.000262,0.0,0.5333,0.0,0.8047,0.7899,broker
predial,32,0,#98df8a,0.004233265761286,4,3,1,0,46.0,6.0,0.0,0.000156,0.0,0.6667,0.0,0.375,-0.2194,periferico
preguntar,32,5,#98df8a,0.0063275480642914,40,4,36,0,33.0,305.0,0.0,0.000553,0.0,0.5103,0.0,0.9263,1.291,broker
jefe,32,8,#98df8a,0.0083140172064304,26,3,23,0,33.0,192.0,0.0,0.000377,0.0,0.6246,0.0,0.8905,0.4287,broker
morir,32,11,#98df8a,0.0127175785601139,47,2,45,0,17.0,377.0,0.0,0.000643,0.0,0.4644,0.0,0.9153,1.2147,broker
comida,32,6,#98df8a,0.0046043489128351,27,1,26,0,25.0,168.0,0.0,0.000325,0.0,0.604,0.0,0.9191,0.286,broker
leon,32,0,#98df8a,0.0109652644023299,28,6,22,0,91.0,128.0,0.0,0.000398,0.0,0.4603,0.0,0.8878,1.1263,broker
trabajador,32,0,#98df8a,0.00591373257339,47,5,41,1,57.0,310.0,65.0,0.00066,0.0,0.407,0.0,0.9244,1.1263,broker
sicario,32,1,#98df8a,0.0026456150226294,11,3,8,0,42.0,46.0,0.0,0.000163,0.0,0.8909,0.0,0.843,-0.3895,broker
numero,32,0,#98df8a,0.0063887331634759,42,7,35,0,76.0,226.0,0.0,0.00062,0.0,0.3798,0.0,0.8639,3.1448,conector_provincial
risa,32,3,#98df8a,0.0052552726119756,30,3,27,0,42.0,178.0,0.0,0.000368,0.0,0.5908,0.0,0.9044,0.3592,broker
jaja,32,12,#98df8a,0.0034065812360495,25,1,24,0,8.0,176.0,0.0,0.000304,0.0,0.7367,0.0,0.9152,0.866,broker
monterrey,32,0,#98df8a,0.0043745227158069,22,5,16,1,65.0,100.0,69.0,0.000368,0.0,0.5714,0.0,0.8512,1.1263,broker
agarrar,32,17,#98df8a,0.0041909301653504,30,0,30,0,0.0,242.0,0.0,0.000405,0.0,0.6299,0.0,0.9178,1.4142,broker
cuanto,32,16,#98df8a,0.0052210525609552,28,1,27,0,8.0,202.0,0.0,0.000358,0.0,0.5238,0.0,0.9235,0.0,broker
wey,32,3,#98df8a,0.0061399531550705,27,2,25,0,26.0,187.0,0.0,0.00035,0.0,0.7009,0.0,0.9191,-0.2694,broker
soldado,32,2,#98df8a,0.003024480305612,16,2,14,0,27.0,101.0,0.0,0.000218,0.0,0.95,0.0,0.8906,-0.6682,broker
cdvictorio,32,0,#98df8a,0.0017148834886029,1,1,0,0,19.0,0.0,0.0,0.000114,0.0,0.0,0.0,0.0,-0.8922,periferico
nuevoleon,32,0,#98df8a,0.00162501540035,3,2,1,0,30.0,4.0,0.0,0.000157,0.0,0.0,0.0,0.4444,-0.5558,periferico
pendejo,32,4,#98df8a,0.0050483318045735,40,4,36,0,39.0,264.0,0.0,0.000498,0.0,0.5141,0.0,0.9087,1.278,broker
inepto,32,1,#98df8a,0.0023978927638381,12,2,10,0,25.0,44.0,0.0,0.000137,0.0,0.8636,0.0,0.8611,-0.3895,broker
pinche,32,4,#98df8a,0.0052270325832068,33,3,30,0,32.0,202.0,0.0,0.000388,0.0,0.5947,0.0,0.9201,1.278,broker
regresar,32,14,#98df8a,0.0035119033418595,42,2,40,0,17.0,304.0,0.0,0.000546,0.0,0.4715,0.0,0.9127,1.75,broker
despertar,32,11,#98df8a,0.0017238280270248,19,1,18,0,10.0,135.0,0.0,0.000248,0.0,0.7778,0.0,0.892,1.2147,broker
pedo,32,12,#98df8a,0.0031225644052028,20,1,19,0,8.0,114.0,0.0,0.000223,0.0,0.6579,0.0,0.905,0.866,broker
copia,32,2,#98df8a,0.0015017848927527,4,3,1,0,37.0,6.0,0.0,0.000115,0.0,0.8333,0.0,0.375,-0.0668,periferico
queretaro,32,0,#98df8a,0.0057809287682175,4,2,2,0,21.0,10.0,0.0,0.0001,0.0,0.6667,0.0,0.0,0.117,periferico
deir,32,15,#98df8a,0.00121065240819,12,1,11,0,14.0,61.0,0.0,0.000144,0.0,0.9848,0.0,0.8611,-0.7071,broker
inutil,32,1,#98df8a,0.0031752756331115,18,3,15,0,34.0,85.0,0.0,0.000211,0.0,0.6928,0.0,0.8827,-0.0556,broker
controlar,32,8,#98df8a,0.0025762245059013,19,2,17,0,22.0,102.0,0.0,0.00022,0.0,0.7076,0.0,0.892,-0.1715,broker
circo,32,3,#98df8a,0.0037326323799788,8,2,6,0,23.0,28.0,0.0,0.000112,0.0,0.7857,0.0,0.75,-0.2694,broker
cardenas,32,9,#98df8a,0.0043054283596575,4,1,3,0,13.0,13.0,0.0,0.000142,0.0,0.5,0.0,0.75,0.8165,broker
lazaro,32,9,#98df8a,0.0026967963203787,1,1,0,0,13.0,0.0,0.0,9.9e-05,0.0,0.0,0.0,0.0,0.8165,periferico
cia,32,1,#98df8a,0.0017705919453874,6,1,5,0,13.0,24.0,0.0,9e-05,0.0,1.0,0.0,0.7222,-0.7233,broker
nomas,32,8,#98df8a,0.0032392721623182,22,1,21,0,7.0,144.0,0.0,0.000253,0.0,0.8225,0.0,0.9174,-0.1715,broker
invadir,32,5,#98df8a,0.0036668942775577,29,2,27,0,21.0,178.0,0.0,0.000344,0.0,0.5419,0.0,0.9132,1.291,broker
baja,32,0,#98df8a,0.0167070012539625,11,3,8,0,27.0,45.0,0.0,0.000227,0.0,0.4909,0.0,0.7273,0.4534,broker
guapo,32,6,#98df8a,0.0019818276632577,7,1,6,0,12.0,28.0,0.0,0.000108,0.0,0.619,0.0,0.7755,-0.3814,broker
fan,32,0,#98df8a,0.0068217553198337,26,4,22,0,37.0,134.0,0.0,0.000317,0.0,0.5908,0.0,0.8905,0.7899,broker
arreglar,32,7,#98df8a,0.0016171892639249,10,2,8,0,20.0,44.0,0.0,0.00013,0.0,1.0,0.0,0.86,-0.3922,broker
cuando,32,14,#98df8a,0.0083441473543643,25,1,24,0,11.0,152.0,0.0,0.000288,0.0,0.65,0.0,0.9088,-0.75,broker
despues,32,6,#98df8a,0.0018946493510156,12,1,11,0,12.0,57.0,0.0,0.000138,0.0,0.8939,0.0,0.8889,-1.0488,broker
mugroso,32,1,#98df8a,0.001747996546328,9,3,6,0,30.0,27.0,0.0,0.000118,0.0,0.9167,0.0,0.7901,-0.3895,broker
casas,32,9,#98df8a,0.0031583602540194,7,1,6,0,12.0,36.0,0.0,0.000151,0.0,0.7143,0.0,0.8571,0.8165,broker
mty,32,9,#98df8a,0.001197061035782,1,1,0,0,12.0,0.0,0.0,7.1e-05,0.0,0.0,0.0,0.0,0.8165,periferico
horario,32,2,#98df8a,0.009627902880311,17,3,14,0,31.0,81.0,0.0,0.000243,0.0,0.4632,0.0,0.8651,0.5345,broker
radio,32,10,#98df8a,0.0016235656803473,8,0,8,0,0.0,46.0,0.0,0.00011,0.0,0.7857,0.0,0.8438,0.0,broker
huevo,32,13,#98df8a,0.0031348909251391,25,1,24,0,6.0,152.0,0.0,0.000297,0.0,0.59,0.0,0.9024,1.3416,broker
cabron,32,4,#98df8a,0.0041080117225646,24,2,22,0,20.0,136.0,0.0,0.000263,0.0,0.7464,0.0,0.9132,0.1826,broker
chingar,32,4,#98df8a,0.0027587150689214,19,2,17,0,14.0,105.0,0.0,0.000218,0.0,0.6842,0.0,0.8753,1.278,broker
larga,32,2,#98df8a,0.0032421210780739,4,1,3,0,10.0,14.0,0.0,7.1e-05,0.0,1.0,0.0,0.75,-1.2695,broker
aver,32,2,#98df8a,0.0017979014664888,10,2,8,0,16.0,37.0,0.0,0.000117,0.0,0.8222,0.0,0.84,-0.6682,broker
mamada,32,4,#98df8a,0.0023465307895094,11,1,10,0,7.0,56.0,0.0,0.000127,0.0,0.9636,0.0,0.8926,-0.9129,broker
mana,32,16,#98df8a,0.0018139091553166,8,1,7,0,8.0,45.0,0.0,0.000113,0.0,0.8929,0.0,0.7812,0.0,broker
oposicion,32,5,#98df8a,0.0049501648172736,19,2,17,0,15.0,96.0,0.0,0.00021,0.0,0.6082,0.0,0.8753,1.291,broker
mero,32,15,#98df8a,0.002599574625492,10,1,9,0,9.0,51.0,0.0,0.000123,0.0,0.9111,0.0,0.88,-0.7071,broker
vigilar,32,1,#98df8a,0.0028214107733219,5,2,3,0,16.0,13.0,0.0,7.9e-05,0.0,1.0,0.0,0.56,-0.3895,broker
normal,32,5,#98df8a,0.0067069828510284,17,2,15,0,13.0,85.0,0.0,0.000185,0.0,0.7794,0.0,0.8858,0.6455,broker
segun,32,3,#98df8a,0.0016307367477566,13,2,11,0,15.0,55.0,0.0,0.00014,0.0,0.8462,0.0,0.8757,-0.898,broker
demasiado,32,13,#98df8a,0.0033262320794165,11,0,11,0,0.0,64.0,0.0,0.00013,0.0,0.8909,0.0,0.876,-1.7889,broker
bailar,32,3,#98df8a,0.0034240125678479,7,1,6,0,9.0,34.0,0.0,0.0001,0.0,0.9524,0.0,0.8571,-1.5266,broker
inventar,32,10,#98df8a,0.0041634361259639,16,1,15,0,9.0,79.0,0.0,0.000203,0.0,0.525,0.0,0.8906,0.7559,broker
reir,32,12,#98df8a,0.0014478431548923,18,0,18,0,0.0,94.0,0.0,0.000177,0.0,0.7516,0.0,0.9012,0.866,broker
ajeno,32,5,#98df8a,0.0033096061088144,13,1,12,0,9.0,64.0,0.0,0.000151,0.0,0.7564,0.0,0.8757,-0.6455,broker
disfruten,32,9,#98df8a,0.0018989072414115,5,0,5,0,0.0,34.0,0.0,8.7e-05,0.0,1.0,0.0,0.8,-1.2247,broker
lupita,32,0,#98df8a,0.001983190421015,2,1,1,0,9.0,5.0,0.0,6.2e-05,0.0,1.0,0.0,0.5,-0.8922,broker
primo,32,7,#98df8a,0.0018322259420529,2,1,1,0,8.0,7.0,0.0,6.1e-05,0.0,1.0,0.0,0.5,-1.3728,broker
prestar,32,8,#98df8a,0.0018324797274544,3,1,2,0,8.0,11.0,0.0,6.5e-05,0.0,1.0,0.0,0.6667,-0.7717,broker
ivan,32,10,#98df8a,0.002720184624195,3,1,2,0,8.0,11.0,0.0,0.000112,0.0,0.3333,0.0,0.4444,0.0,periferico
vean,32,6,#98df8a,0.0034749361220747,12,1,11,0,8.0,55.0,0.0,0.000139,0.0,0.7273,0.0,0.8611,-0.3814,broker
presa,32,6,#98df8a,0.0042803278192877,8,1,7,0,8.0,31.0,0.0,9.8e-05,0.0,0.6071,0.0,0.8438,-0.3814,broker
cortar,32,11,#98df8a,0.0034154425375163,8,0,8,0,0.0,42.0,0.0,0.000103,0.0,0.6786,0.0,0.8438,0.4417,broker
kks,32,1,#98df8a,0.0016286831814795,7,2,5,0,15.0,24.0,0.0,9.2e-05,0.0,1.0,0.0,0.7755,-0.7233,broker
licencia,32,0,#98df8a,0.0029083341360092,8,1,7,0,8.0,38.0,0.0,0.000118,0.0,0.75,0.0,0.8438,-0.5558,broker
multa,32,0,#98df8a,0.0043666628189384,7,3,4,0,20.0,19.0,0.0,0.000123,0.0,0.4762,0.0,0.449,0.4534,periferico
organizar,32,14,#98df8a,0.001675646752119,13,1,12,0,6.0,55.0,0.0,0.000138,0.0,0.7436,0.0,0.8521,0.5,broker
desafortunadamente,32,10,#98df8a,0.0014065946452319,3,1,2,0,7.0,8.0,0.0,6.1e-05,0.0,1.0,0.0,0.6667,-0.7559,broker
limite,32,5,#98df8a,0.0045093353837728,10,0,10,0,0.0,51.0,0.0,0.000114,0.0,0.8444,0.0,0.86,-0.6455,broker
reclutamiento,32,2,#98df8a,0.0019249148899689,4,1,3,0,7.0,12.0,0.0,6.9e-05,0.0,0.5,0.0,0.625,-0.6682,broker
neto,32,12,#98df8a,0.0016922487411648,5,0,5,0,0.0,24.0,0.0,7.4e-05,0.0,0.8,0.0,0.72,0.866,broker
recargo,32,0,#98df8a,0.0013499908382073,3,2,1,0,14.0,5.0,0.0,8.4e-05,0.0,1.0,0.0,0.0,-0.2194,periferico
perdido,32,5,#98df8a,0.0030849257018417,15,0,15,0,0.0,81.0,0.0,0.000168,0.0,0.7048,0.0,0.8978,0.0,broker
enfermo,32,11,#98df8a,0.0020755792502313,8,1,7,0,7.0,34.0,0.0,9.8e-05,0.0,0.9286,0.0,0.8125,0.4417,broker
pila,32,13,#98df8a,0.0015788989840075,3,1,2,0,6.0,11.0,0.0,9.2e-05,0.0,0.3333,0.0,0.6667,-0.2236,broker
actriz,32,0,#98df8a,0.0020542291458696,2,1,1,0,7.0,4.0,0.0,5.7e-05,0.0,1.0,0.0,0.5,-0.8922,broker
sal,32,5,#98df8a,0.0019368815701454,5,1,4,0,7.0,18.0,0.0,8.6e-05,0.0,0.6,0.0,0.8,-0.6455,broker
huevon,32,4,#98df8a,0.0010303072631359,6,0,6,0,0.0,28.0,0.0,7.9e-05,0.0,1.0,0.0,0.7778,-0.3651,broker
comodo,32,7,#98df8a,0.001069813966751,3,1,2,0,6.0,11.0,0.0,6.7e-05,0.0,0.6667,0.0,0.4444,-0.3922,periferico
har,32,13,#98df8a,0.0011006433051079,4,1,3,0,7.0,12.0,0.0,9.8e-05,0.0,0.5,0.0,0.625,1.3416,broker
one,32,13,#98df8a,0.002247494412586,2,1,1,0,7.0,4.0,0.0,7.5e-05,0.0,0.0,0.0,0.5,-0.2236,broker
ustedes,32,17,#98df8a,0.0010202530538663,3,0,3,0,0.0,14.0,0.0,5.8e-05,0.0,1.0,0.0,0.6667,-0.7071,broker
aguascalientes,32,0,#98df8a,0.0013671213528141,4,2,2,0,12.0,9.0,0.0,7.9e-05,0.0,0.8333,0.0,0.0,0.117,periferico
europeo,32,6,#98df8a,0.0019984226673841,4,1,3,0,6.0,13.0,0.0,7e-05,0.0,0.6667,0.0,0.625,-0.3814,broker
simple,32,8,#98df8a,0.0025667359586805,9,1,8,0,6.0,37.0,0.0,0.0001,0.0,1.0,0.0,0.8395,-0.7717,broker
carnal,32,14,#98df8a,0.0011700732866302,6,0,6,0,0.0,28.0,0.0,7.9e-05,0.0,1.0,0.0,0.8333,-0.75,broker
pinches,32,4,#98df8a,0.0022569331340491,1,0,1,0,0.0,6.0,0.0,4.8e-05,0.0,0.0,0.0,0.0,-1.4606,periferico
pobreza,32,12,#98df8a,0.0022047904785722,6,0,6,0,0.0,29.0,0.0,9.2e-05,0.0,0.6667,0.0,0.8333,-1.1547,broker
mcm,32,13,#98df8a,0.0018191693816334,2,1,1,0,6.0,4.0,0.0,7.5e-05,0.0,0.0,0.0,0.5,-0.2236,broker
turno,32,9,#98df8a,0.0026104510761797,11,0,11,0,0.0,50.0,0.0,0.000112,0.0,0.8364,0.0,0.8926,-1.2247,broker
acelerar,32,13,#98df8a,0.0039239306934177,3,1,2,0,6.0,8.0,0.0,7.1e-05,0.0,0.0,0.0,0.6667,-0.2236,broker
jajar,32,12,#98df8a,0.0030171910766512,7,0,7,0,0.0,31.0,0.0,8.5e-05,0.0,0.8571,0.0,0.7755,-1.1547,broker
chingada,32,4,#98df8a,0.0011618263088166,4,0,4,0,0.0,19.0,0.0,6.7e-05,0.0,0.8333,0.0,0.625,-0.3651,broker
atrapar,32,17,#98df8a,0.0012727415887638,2,0,2,0,0.0,10.0,0.0,5.4e-05,0.0,0.0,0.0,0.5,-0.7071,broker
caray,32,11,#98df8a,0.0010116518242284,7,0,7,0,0.0,30.0,0.0,8e-05,0.0,0.9048,0.0,0.7755,-1.1043,broker
enferma,32,5,#98df8a,0.0012265284312888,2,0,2,0,0.0,10.0,0.0,5.3e-05,0.0,1.0,0.0,0.5,-1.291,broker
fallido,32,12,#98df8a,0.0010879629990085,4,0,4,0,0.0,17.0,0.0,6.2e-05,0.0,1.0,0.0,0.75,-1.1547,broker
portar,32,9,#98df8a,0.0022757917176932,6,0,6,0,0.0,25.0,0.0,0.000117,0.0,0.6,0.0,0.7778,0.8165,broker
pongansir,32,4,#98df8a,0.0014392137527465,7,0,7,0,0.0,30.0,0.0,8.1e-05,0.0,0.9524,0.0,0.8571,-0.9129,broker
volumen,32,0,#98df8a,0.0024760791566222,1,0,1,0,0.0,5.0,0.0,4.8e-05,0.0,0.0,0.0,0.0,-0.8922,periferico
porq,32,11,#98df8a,0.0016781977610662,6,0,6,0,0.0,25.0,0.0,7.5e-05,0.0,0.8667,0.0,0.7778,-1.1043,broker
disfrazado,32,14,#98df8a,0.0033420035615563,4,0,4,0,0.0,17.0,0.0,6.4e-05,0.0,0.8333,0.0,0.75,-0.75,broker
amable,32,9,#98df8a,0.002697751391679,2,0,2,0,0.0,10.0,0.0,5.4e-05,0.0,1.0,0.0,0.5,-1.2247,broker
parejo,32,0,#98df8a,0.0013758064014837,5,0,5,0,0.0,21.0,0.0,7e-05,0.0,1.0,0.0,0.72,-0.5558,broker
dirigencia,32,0,#98df8a,0.0024388500023633,1,0,1,0,0.0,5.0,0.0,6.7e-05,0.0,0.0,0.0,0.0,-0.8922,periferico
emitido,32,0,#98df8a,0.0038634515367448,4,0,4,0,0.0,18.0,0.0,0.000116,0.0,0.5,0.0,0.625,-0.5558,broker
medir,32,0,#98df8a,0.0032421408686786,1,0,1,0,0.0,5.0,0.0,4.7e-05,0.0,0.0,0.0,0.0,-1.2287,periferico
aspecto,32,0,#98df8a,0.0016813726397231,1,0,1,0,0.0,5.0,0.0,5.2e-05,0.0,0.0,0.0,0.0,-0.8922,periferico
alegre,32,9,#98df8a,0.0010688091861084,1,0,1,0,0.0,4.0,0.0,5.5e-05,0.0,0.0,0.0,0.0,0.8165,periferico
alex,32,10,#98df8a,0.0017226579366251,1,0,1,0,0.0,4.0,0.0,5.9e-05,0.0,0.0,0.0,0.0,-0.7559,periferico
muchacho,32,8,#98df8a,0.0017451841849833,2,0,2,0,0.0,8.0,0.0,5e-05,0.0,1.0,0.0,0.5,-0.7717,broker
archivo,32,10,#98df8a,0.0079697426408529,3,0,3,0,0.0,12.0,0.0,6e-05,0.0,0.3333,0.0,0.6667,-0.7559,broker
prd,32,5,#98df8a,0.0015746026765555,2,0,2,0,0.0,8.0,0.0,5.1e-05,0.0,1.0,0.0,0.5,-1.291,broker
demonio,32,11,#98df8a,0.0010953794699162,3,0,3,0,0.0,12.0,0.0,5.7e-05,0.0,1.0,0.0,0.6667,-1.1043,broker
tropa,32,1,#98df8a,0.0010486226528882,1,0,1,0,0.0,4.0,0.0,4.5e-05,0.0,0.0,0.0,0.0,-1.0572,periferico
school,32,10,#98df8a,0.0013002946507185,1,0,1,0,0.0,4.0,0.0,4.5e-05,0.0,0.0,0.0,0.0,-0.7559,periferico
ruben,32,9,#98df8a,0.0014914995990693,1,0,1,0,0.0,4.0,0.0,5e-05,0.0,0.0,0.0,0.0,-1.2247,periferico
santa,25,1,#8c564b,0.0343447849154472,31,4,26,1,204.0,179.0,81.0,0.001199,0.0,0.1441,0.0,0.8699,0.1925,broker
semana,25,1,#8c564b,0.1057960763573646,47,5,39,3,312.0,289.0,338.0,0.002043,0.0,0.0925,0.0,0.8692,1.5396,broker
turista,25,1,#8c564b,0.0185122340917587,9,4,4,1,141.0,24.0,67.0,0.000461,0.0,0.3889,0.0,0.716,0.1925,broker
lunes,25,1,#8c564b,0.0119237853214144,11,3,8,0,61.0,40.0,0.0,0.000277,0.0,0.4364,0.0,0.7934,-0.4811,broker
temporada,25,1,#8c564b,0.0330046378076076,12,4,7,1,79.0,48.0,68.0,0.000394,0.0,0.4091,0.0,0.75,0.866,broker
jesus,25,4,#8c564b,0.0179641153663396,23,4,19,0,53.0,181.0,0.0,0.000782,0.0,0.1897,0.0,0.8431,2.5281,conector_provincial
com,25,0,#8c564b,0.0083373188972473,12,9,3,0,118.0,14.0,0.0,0.000552,0.0,0.4394,0.0,0.1528,1.4591,periferico
ela,25,0,#8c564b,0.0059218830429017,12,6,6,0,79.0,27.0,0.0,0.000469,0.0,0.3788,0.0,0.1528,1.4591,periferico
nao,25,0,#8c564b,0.0064793303608894,14,10,4,0,115.0,16.0,0.0,0.000561,0.0,0.3626,0.0,0.2551,1.7782,periferico
uma,25,0,#8c564b,0.0076322634704411,12,8,4,0,94.0,17.0,0.0,0.000456,0.0,0.3939,0.0,0.4028,0.8207,periferico
sagrado,25,4,#8c564b,0.0024349868763238,2,1,1,0,20.0,4.0,0.0,0.000113,0.0,0.0,0.0,0.0,0.1204,periferico
colosio,25,5,#8c564b,0.0025534268934279,2,1,1,0,18.0,4.0,0.0,0.000261,0.0,0.0,0.0,0.0,0.3244,periferico
donaldo,25,5,#8c564b,0.0030436774250119,1,1,0,0,18.0,0.0,0.0,0.000215,0.0,0.0,0.0,0.0,-0.8111,periferico
jardines,25,5,#8c564b,0.003355705179274,3,3,0,0,33.0,0.0,0.0,0.000269,0.0,0.3333,0.0,0.0,1.46,periferico
parques,25,5,#8c564b,0.0028618588112294,3,2,1,0,27.0,5.0,0.0,0.000239,0.0,0.3333,0.0,0.4444,0.3244,periferico
col,25,7,#8c564b,0.0157242100685834,12,3,7,2,33.0,55.0,181.0,0.00039,0.0,0.2879,0.0,0.8194,1.8371,broker
lampara,25,7,#8c564b,0.0059599373489618,2,1,1,0,17.0,7.0,0.0,7.3e-05,0.0,1.0,0.0,0.5,-0.2041,broker
llegada,25,1,#8c564b,0.0160444285720586,6,2,4,0,31.0,22.0,0.0,0.000158,0.0,0.6,0.0,0.6667,-0.4811,broker
cristo,25,4,#8c564b,0.0030708375852555,4,1,3,0,16.0,16.0,0.0,0.000125,0.0,0.6667,0.0,0.5,0.1204,broker
costa,25,2,#8c564b,0.016685102134943,15,3,12,0,28.0,89.0,0.0,0.000371,0.0,0.3714,0.0,0.6578,2.6612,conector_provincial
negro,25,3,#8c564b,0.0110832769423723,12,4,8,0,37.0,54.0,0.0,0.000318,0.0,0.4091,0.0,0.7222,0.825,broker
provocar,25,3,#8c564b,0.0363703891634941,19,7,12,0,67.0,74.0,0.0,0.000523,0.0,0.2456,0.0,0.7258,2.2001,broker
pra,25,0,#8c564b,0.0030220379121601,6,5,1,0,42.0,5.0,0.0,0.000215,0.0,0.8,0.0,0.0,-0.1368,periferico
rica,25,2,#8c564b,0.0127077708020806,4,1,3,0,14.0,14.0,0.0,0.000129,0.0,0.6667,0.0,0.375,0.7762,periferico
mafin,25,6,#8c564b,0.0043334858492016,1,1,0,0,13.0,0.0,0.0,0.000161,0.0,0.0,0.0,0.0,0.0,periferico
marta,25,6,#8c564b,0.0017604449531063,2,1,1,0,13.0,4.0,0.0,0.000186,0.0,0.0,0.0,0.5,0.0,broker
dona,25,6,#8c564b,0.0070947739295661,10,1,9,0,7.0,61.0,0.0,0.000276,0.0,0.3111,0.0,0.76,0.0,broker
muito,25,0,#8c564b,0.001799959805794,4,2,2,0,18.0,10.0,0.0,0.000142,0.0,1.0,0.0,0.0,-0.7751,periferico
circular,25,3,#8c564b,0.0089039588347077,5,2,3,0,18.0,21.0,0.0,0.00016,0.0,0.8,0.0,0.72,-0.55,broker
pleno,25,8,#8c564b,0.0126063982024788,4,0,4,0,0.0,27.0,0.0,0.000101,0.0,0.8333,0.0,0.375,-0.6325,periferico
mais,25,0,#8c564b,0.0021567374933511,6,4,2,0,32.0,9.0,0.0,0.000194,0.0,0.8,0.0,0.0,-0.1368,periferico
colapso,25,3,#8c564b,0.0104099987074732,5,3,2,0,29.0,8.0,0.0,0.000158,0.0,0.6,0.0,0.32,0.3667,periferico
elvira,25,5,#8c564b,0.001723124179989,2,2,0,0,20.0,0.0,0.0,0.000173,0.0,1.0,0.0,0.0,0.3244,periferico
meu,25,0,#8c564b,0.0013912860304117,4,1,3,0,10.0,13.0,0.0,0.000126,0.0,0.8333,0.0,0.0,-0.7751,periferico
heroes,25,7,#8c564b,0.0057990187779068,3,1,2,0,10.0,13.0,0.0,7.8e-05,0.0,1.0,0.0,0.4444,-0.2041,periferico
villa,25,3,#8c564b,0.0098754931241273,8,4,4,0,34.0,25.0,0.0,0.000199,0.0,0.5357,0.0,0.5938,0.3667,broker
reino,25,4,#8c564b,0.0025865335483103,2,1,1,0,10.0,8.0,0.0,8.5e-05,0.0,1.0,0.0,0.5,-0.4815,broker
acumulado,25,2,#8c564b,0.0200406834483146,3,1,2,0,6.0,14.0,0.0,8.7e-05,0.0,1.0,0.0,0.6667,-0.4805,broker
agregar,25,8,#8c564b,0.0114188203588128,3,0,3,0,0.0,19.0,0.0,8.1e-05,0.0,1.0,0.0,0.4444,-0.6325,periferico
diocesis,25,4,#8c564b,0.0026573895011097,5,1,4,0,9.0,16.0,0.0,0.000119,0.0,0.2,0.0,0.48,0.7223,periferico
sacerdote,25,4,#8c564b,0.0026789305265992,4,1,3,0,9.0,21.0,0.0,0.000123,0.0,0.6667,0.0,0.5,0.1204,broker
lastima,25,2,#8c564b,0.0026751172263175,9,0,9,0,0.0,49.0,0.0,0.000201,0.0,0.3889,0.0,0.716,1.4045,broker
triunfo,25,9,#8c564b,0.017444459721446,4,0,4,0,0.0,23.0,0.0,9.8e-05,0.0,0.6667,0.0,0.625,0.0,broker
voces,25,0,#8c564b,0.0011271189432591,2,1,1,0,8.0,4.0,0.0,8.4e-05,0.0,1.0,0.0,0.0,-1.4135,periferico
quem,25,0,#8c564b,0.0011265452485531,2,2,0,0,14.0,0.0,0.0,9.1e-05,0.0,1.0,0.0,0.0,-1.4135,periferico
terreno,25,2,#8c564b,0.0171151179820299,13,1,12,0,8.0,63.0,0.0,0.000286,0.0,0.3205,0.0,0.8402,0.1478,broker
isso,25,0,#8c564b,0.001947910292074,6,4,2,0,28.0,9.0,0.0,0.00018,0.0,0.8,0.0,0.0,-0.1368,periferico
sorpresa,25,8,#8c564b,0.0118649695068597,1,0,1,0,0.0,8.0,0.0,5.4e-05,0.0,0.0,0.0,0.0,-0.6325,periferico
sanitario,25,5,#8c564b,0.0245810486376285,4,0,4,0,0.0,21.0,0.0,8.6e-05,0.0,0.5,0.0,0.375,-1.9467,periferico
leo,25,6,#8c564b,0.0038001423235982,1,1,0,0,7.0,0.0,0.0,6.3e-05,0.0,0.0,0.0,0.0,0.0,periferico
tem,25,0,#8c564b,0.0027135938871651,8,5,3,0,34.0,14.0,0.0,0.000222,0.0,0.6429,0.0,0.2188,0.1824,periferico
toma,25,8,#8c564b,0.0108827361837029,5,1,4,0,6.0,20.0,0.0,0.000145,0.0,0.5,0.0,0.56,1.5811,broker
porfa,25,6,#8c564b,0.0032563367858529,3,1,2,0,7.0,8.0,0.0,0.000135,0.0,0.3333,0.0,0.6667,0.0,broker
sonreir,25,6,#8c564b,0.0011894425842911,1,1,0,0,7.0,0.0,0.0,9.3e-05,0.0,0.0,0.0,0.0,0.0,periferico
fallecer,25,3,#8c564b,0.0034934810828417,3,2,1,0,13.0,6.0,0.0,0.0001,0.0,1.0,0.0,0.4444,-0.55,periferico
lorena,25,4,#8c564b,0.0058056330308318,2,1,1,0,7.0,4.0,0.0,6.7e-05,0.0,1.0,0.0,0.5,-0.4815,broker
tremendo,25,2,#8c564b,0.0044287028722465,8,0,8,0,0.0,37.0,0.0,0.000232,0.0,0.3571,0.0,0.6562,1.4045,broker
exploracion,25,8,#8c564b,0.002495318185538,1,1,0,0,6.0,0.0,0.0,6.8e-05,0.0,0.0,0.0,0.0,1.5811,periferico
champayan,25,5,#8c564b,0.0043189665302634,3,1,2,0,6.0,8.0,0.0,0.000127,0.0,0.0,0.0,0.4444,0.3244,periferico
asqueroso,25,2,#8c564b,0.0042565478943288,4,0,4,0,0.0,21.0,0.0,0.0001,0.0,0.6667,0.0,0.625,0.1478,broker
ainda,25,0,#8c564b,0.001269148546271,4,1,3,0,6.0,14.0,0.0,0.000112,0.0,1.0,0.0,0.0,-0.7751,periferico
turma,25,0,#8c564b,0.0014738651225343,6,2,4,0,12.0,18.0,0.0,0.000155,0.0,0.7333,0.0,0.0,-0.1368,periferico
aguas,25,3,#8c564b,0.0026797950267791,4,3,1,0,18.0,4.0,0.0,0.000108,0.0,1.0,0.0,0.0,0.3667,periferico
plato,25,3,#8c564b,0.0052522127516567,1,0,1,0,0.0,6.0,0.0,5.2e-05,0.0,0.0,0.0,0.0,-1.4667,periferico
cena,25,9,#8c564b,0.0026397502515465,2,0,2,0,0.0,10.0,0.0,6.4e-05,0.0,1.0,0.0,0.5,0.0,broker
pared,25,7,#8c564b,0.007802820764482,2,1,1,0,6.0,4.0,0.0,5.9e-05,0.0,0.0,0.0,0.5,-0.2041,broker
lento,25,3,#8c564b,0.0069023477844893,2,1,1,0,6.0,5.0,0.0,7.3e-05,0.0,1.0,0.0,0.0,-0.55,periferico
dedicado,25,4,#8c564b,0.0069016073830425,2,0,2,0,0.0,10.0,0.0,6.3e-05,0.0,1.0,0.0,0.5,-0.4815,broker
esquina,25,8,#8c564b,0.0104474248364567,4,0,4,0,0.0,17.0,0.0,7.9e-05,0.0,1.0,0.0,0.375,-0.6325,periferico
empleada,25,2,#8c564b,0.0019742131698876,1,0,1,0,0.0,5.0,0.0,4.8e-05,0.0,0.0,0.0,0.0,-1.1088,periferico
pareja,25,2,#8c564b,0.0080841844901442,4,0,4,0,0.0,18.0,0.0,9.5e-05,0.0,0.8333,0.0,0.5,0.1478,broker
imaginate,25,2,#8c564b,0.0027346762362867,1,0,1,0,0.0,5.0,0.0,6.6e-05,0.0,0.0,0.0,0.0,-0.4805,periferico
corrar,25,2,#8c564b,0.0027843564748764,2,0,2,0,0.0,10.0,0.0,6.2e-05,0.0,1.0,0.0,0.5,-0.4805,broker
emocional,25,6,#8c564b,0.0071354359388351,2,0,2,0,0.0,9.0,0.0,8.5e-05,0.0,0.0,0.0,0.5,0.0,broker
protagonista,25,9,#8c564b,0.0116775156930089,3,0,3,0,0.0,14.0,0.0,7.2e-05,0.0,0.3333,0.0,0.4444,0.0,periferico
tri,25,1,#8c564b,0.006029681302607,1,0,1,0,0.0,5.0,0.0,4.8e-05,0.0,0.0,0.0,0.0,-1.8283,periferico
cancelar,25,8,#8c564b,0.0104491980746388,2,0,2,0,0.0,8.0,0.0,6e-05,0.0,0.0,0.0,0.5,-0.6325,broker
reflexionar,25,6,#8c564b,0.0017648162320256,2,0,2,0,0.0,8.0,0.0,8.5e-05,0.0,0.0,0.0,0.5,0.0,broker
veracruzano,25,2,#8c564b,0.001633372507058,2,0,2,0,0.0,8.0,0.0,6.2e-05,0.0,1.0,0.0,0.5,-0.4805,broker
colima,25,2,#8c564b,0.0023986522573977,1,0,1,0,0.0,4.0,0.0,4.8e-05,0.0,0.0,0.0,0.0,-1.1088,periferico
sabiar,25,2,#8c564b,0.0027421724516898,1,0,1,0,0.0,4.0,0.0,4.8e-05,0.0,0.0,0.0,0.0,-1.1088,periferico
feminicidio,25,2,#8c564b,0.0026440320070832,1,0,1,0,0.0,4.0,0.0,9.3e-05,0.0,0.0,0.0,0.0,-0.4805,periferico
hallar,25,2,#8c564b,0.0053854170255362,2,0,2,0,0.0,8.0,0.0,0.000126,0.0,0.0,0.0,0.5,-0.4805,broker
mete,25,2,#8c564b,0.0013316535623744,1,0,1,0,0.0,4.0,0.0,6.1e-05,0.0,0.0,0.0,0.0,-0.4805,periferico
delante,25,4,#8c564b,0.0015069701476022,1,0,1,0,0.0,4.0,0.0,4.8e-05,0.0,0.0,0.0,0.0,-1.0835,periferico
desecho,25,7,#8c564b,0.0086565827950835,1,0,1,0,0.0,4.0,0.0,4.7e-05,0.0,0.0,0.0,0.0,-1.2247,periferico
entro,25,3,#8c564b,0.0016010117251425,1,0,1,0,0.0,4.0,0.0,5.2e-05,0.0,0.0,0.0,0.0,-1.0084,periferico
beatriz,25,4,#8c564b,0.00172275013756,1,0,1,0,0.0,4.0,0.0,4.7e-05,0.0,0.0,0.0,0.0,-1.0835,periferico
ayuntamiento,34,0,#c5b0d5,0.0061438102275133,35,10,24,1,201.0,249.0,171.0,0.000649,0.0,0.4723,0.0,0.8522,0.9393,broker
secretario,34,0,#c5b0d5,0.0096827037632465,38,10,26,2,309.0,309.0,152.0,0.000764,0.0,0.5363,0.0,0.8712,0.9393,broker
reyes,34,6,#c5b0d5,0.011132632382214,19,2,17,0,70.0,145.0,0.0,0.000295,0.0,0.7251,0.0,0.8366,0.0,broker
rosca,34,6,#c5b0d5,0.0041018240153789,4,2,2,0,67.0,8.0,0.0,0.00013,0.0,0.8333,0.0,0.625,0.0,broker
rodriguez,34,0,#c5b0d5,0.0163576379418373,36,8,28,0,178.0,220.0,0.0,0.00048,0.0,0.5587,0.0,0.8796,0.1879,broker
reunion,34,2,#c5b0d5,0.0083769867196679,45,7,36,2,127.0,373.0,187.0,0.000701,0.0,0.4384,0.0,0.88,1.3887,broker
garcia,34,0,#c5b0d5,0.0184218194335699,37,8,29,0,194.0,249.0,0.0,0.000522,0.0,0.542,0.0,0.8678,0.5636,broker
hernandez,34,0,#c5b0d5,0.0607633255422115,36,6,29,1,149.0,253.0,68.0,0.000504,0.0,0.5698,0.0,0.8858,0.1879,broker
cabo,34,9,#c5b0d5,0.0103845288977026,49,1,47,1,18.0,510.0,145.0,0.000755,0.0,0.392,0.0,0.8863,1.0,broker
jose,34,0,#c5b0d5,0.0429930202662944,42,8,33,1,178.0,310.0,74.0,0.000645,0.0,0.4901,0.0,0.8776,0.9393,broker
marin,34,0,#c5b0d5,0.0038573215715587,14,5,9,0,99.0,58.0,0.0,0.000193,0.0,0.8132,0.0,0.7347,-0.5636,broker
distinto,34,4,#c5b0d5,0.026358488947153,43,4,38,1,69.0,304.0,80.0,0.00056,0.0,0.433,0.0,0.8772,0.9559,broker
presentar,34,4,#c5b0d5,0.012660558335483,54,6,46,2,87.0,486.0,196.0,0.000982,0.0,0.3145,0.0,0.8944,2.6383,conector_provincial
mesa,34,2,#c5b0d5,0.0084224976599216,28,5,22,1,72.0,188.0,70.0,0.000356,0.0,0.5423,0.0,0.8495,0.9258,broker
hector,34,0,#c5b0d5,0.0126412650570273,19,7,12,0,106.0,74.0,0.0,0.000223,0.0,0.731,0.0,0.7091,0.5636,broker
representante,34,2,#c5b0d5,0.0049942880868911,29,3,26,0,48.0,191.0,0.0,0.000292,0.0,0.6305,0.0,0.849,0.9258,broker
martinez,34,2,#c5b0d5,0.0107424175366759,32,4,28,0,63.0,274.0,0.0,0.000396,0.0,0.623,0.0,0.8516,0.4629,broker
diciembre,34,3,#c5b0d5,0.004162622615695,18,5,13,0,66.0,97.0,0.0,0.000263,0.0,0.5752,0.0,0.8086,0.9129,broker
fecha,34,3,#c5b0d5,0.0133510595187544,34,5,28,1,79.0,250.0,80.0,0.000486,0.0,0.5045,0.0,0.8858,1.4606,broker
jueves,34,1,#c5b0d5,0.0245901774615049,30,5,25,0,74.0,184.0,0.0,0.000343,0.0,0.5586,0.0,0.8467,0.469,broker
miercoles,34,1,#c5b0d5,0.0241563506424427,25,3,22,0,54.0,146.0,0.0,0.000307,0.0,0.5467,0.0,0.8576,0.469,broker
porres,34,0,#c5b0d5,0.0023648364003747,4,4,0,0,81.0,0.0,0.0,0.000115,0.0,1.0,0.0,0.0,-1.3151,periferico
domingo,34,1,#c5b0d5,0.0162022300064563,41,8,32,1,107.0,305.0,97.0,0.000619,0.0,0.4646,0.0,0.8769,1.8762,broker
dato,34,5,#c5b0d5,0.0070320721715688,30,5,25,0,36.0,172.0,0.0,0.000353,0.0,0.4529,0.0,0.8667,2.7002,conector_provincial
sede,34,3,#c5b0d5,0.0120864389464259,26,3,22,1,34.0,151.0,70.0,0.000271,0.0,0.6554,0.0,0.8343,0.3651,broker
representacion,34,0,#c5b0d5,0.0063682300969958,23,6,17,0,78.0,115.0,0.0,0.000255,0.0,0.585,0.0,0.7826,0.5636,broker
perez,34,7,#c5b0d5,0.0078305369243025,19,1,18,0,17.0,148.0,0.0,0.000214,0.0,0.7661,0.0,0.8033,-0.5774,broker
incluir,34,4,#c5b0d5,0.0073880576528608,32,2,30,0,38.0,208.0,0.0,0.000333,0.0,0.5403,0.0,0.8848,0.5353,broker
asistir,34,2,#c5b0d5,0.0050677247345447,23,3,20,0,44.0,136.0,0.0,0.00026,0.0,0.6482,0.0,0.8431,0.0,broker
per,34,7,#c5b0d5,0.0023294480051845,3,2,1,0,26.0,4.0,0.0,0.000413,0.0,0.3333,0.0,0.0,1.7321,periferico
tommavi,34,7,#c5b0d5,0.0020429557189345,2,2,0,0,26.0,0.0,0.0,0.000344,0.0,1.0,0.0,0.0,0.5774,periferico
instruccion,34,9,#c5b0d5,0.0021161658223718,15,2,13,0,25.0,81.0,0.0,0.000159,0.0,0.6571,0.0,0.7556,1.0,broker
marzo,34,3,#c5b0d5,0.0194517821073532,28,3,25,0,37.0,183.0,0.0,0.000348,0.0,0.5106,0.0,0.8801,-0.1826,broker
acompanado,34,8,#c5b0d5,0.0087098153308033,26,1,25,0,6.0,244.0,0.0,0.000323,0.0,0.6154,0.0,0.8639,0.2673,broker
sanchez,34,7,#c5b0d5,0.006858286447823,22,2,20,0,25.0,143.0,0.0,0.00023,0.0,0.6623,0.0,0.8595,0.5774,broker
visitar,34,10,#c5b0d5,0.0149114234372973,28,1,26,1,12.0,179.0,75.0,0.000306,0.0,0.5185,0.0,0.8622,1.0,broker
tradicional,34,6,#c5b0d5,0.0124380365014076,21,2,19,0,27.0,116.0,0.0,0.000245,0.0,0.5476,0.0,0.8617,1.4142,broker
palacio,34,5,#c5b0d5,0.0055066607892513,24,3,21,0,30.0,157.0,0.0,0.000259,0.0,0.6522,0.0,0.875,0.45,broker
pasion,34,1,#c5b0d5,0.0239059161394834,17,5,12,0,41.0,64.0,0.0,0.000217,0.0,0.4632,0.0,0.7889,0.9381,broker
serie,34,3,#c5b0d5,0.0146168135106563,18,2,16,0,16.0,103.0,0.0,0.00018,0.0,0.7255,0.0,0.8148,0.3651,broker
sala,34,5,#c5b0d5,0.0105387009680271,14,2,12,0,20.0,87.0,0.0,0.000166,0.0,0.7473,0.0,0.7449,-0.1125,broker
huasteco,34,1,#c5b0d5,0.0040047504007816,17,2,15,0,19.0,82.0,0.0,0.000168,0.0,0.4853,0.0,0.8166,0.9381,broker
abordar,34,2,#c5b0d5,0.0017407651757821,9,1,8,0,12.0,41.0,0.0,9.2e-05,0.0,0.8056,0.0,0.7407,0.0,broker
atractivo,34,10,#c5b0d5,0.0142108164727687,10,1,9,0,12.0,49.0,0.0,0.000103,0.0,0.8444,0.0,0.8,1.0,broker
arena,34,1,#c5b0d5,0.0021938357967883,4,1,3,0,7.0,20.0,0.0,7.1e-05,0.0,1.0,0.0,0.625,-0.9381,broker
salon,34,1,#c5b0d5,0.0116319032385945,7,2,5,0,20.0,24.0,0.0,0.000132,0.0,0.4762,0.0,0.6122,0.0,broker
juarez,34,11,#c5b0d5,0.0078912740573287,21,0,21,0,0.0,118.0,0.0,0.000181,0.0,0.6857,0.0,0.8707,0.0,broker
fernandez,34,0,#c5b0d5,0.0067434720695018,10,4,6,0,37.0,27.0,0.0,9.9e-05,0.0,0.9556,0.0,0.6,-0.5636,broker
pese,34,4,#c5b0d5,0.0123281059786677,8,2,6,0,18.0,24.0,0.0,8.9e-05,0.0,0.8214,0.0,0.75,0.1147,broker
semanal,34,2,#c5b0d5,0.0020666541531682,3,2,1,0,17.0,5.0,0.0,5.8e-05,0.0,1.0,0.0,0.4444,-0.9258,periferico
exhibicion,34,1,#c5b0d5,0.0050197765231132,8,2,6,0,17.0,27.0,0.0,9.4e-05,0.0,0.75,0.0,0.7188,-0.469,broker
integrar,34,5,#c5b0d5,0.006093387492001,9,1,8,0,8.0,43.0,0.0,0.0001,0.0,0.6667,0.0,0.8395,-0.6751,broker
determinar,34,5,#c5b0d5,0.0030457619577646,11,2,9,0,12.0,48.0,0.0,0.000116,0.0,0.7636,0.0,0.7769,-0.1125,broker
extraordinario,34,1,#c5b0d5,0.0147123644128441,14,1,13,0,9.0,62.0,0.0,0.000122,0.0,0.6703,0.0,0.8367,-0.469,broker
conducta,34,4,#c5b0d5,0.0037089106626808,2,1,1,0,8.0,6.0,0.0,5.4e-05,0.0,1.0,0.0,0.5,-0.7265,broker
altar,34,8,#c5b0d5,0.001163937151432,4,1,3,0,8.0,12.0,0.0,7.3e-05,0.0,0.1667,0.0,0.75,0.2673,broker
muertos,34,8,#c5b0d5,0.0020387072581797,6,2,4,0,14.0,18.0,0.0,9.2e-05,0.0,0.1333,0.0,0.7778,1.6036,broker
dinamica,34,7,#c5b0d5,0.0077000320889055,5,1,4,0,8.0,17.0,0.0,8e-05,0.0,0.5,0.0,0.72,-0.5774,broker
culminar,34,3,#c5b0d5,0.0059718037955462,1,1,0,0,8.0,0.0,0.0,5e-05,0.0,0.0,0.0,0.0,-1.278,periferico
semaforo,34,9,#c5b0d5,0.0072695324197411,6,1,5,0,7.0,26.0,0.0,7.4e-05,0.0,0.9333,0.0,0.6667,-1.0,broker
convocar,34,5,#c5b0d5,0.0056894477456808,9,1,8,0,7.0,40.0,0.0,9.7e-05,0.0,0.75,0.0,0.8395,-0.1125,broker
tour,34,3,#c5b0d5,0.0084962304681539,11,3,8,0,22.0,39.0,0.0,0.000107,0.0,0.8,0.0,0.6942,0.9129,broker
barra,34,4,#c5b0d5,0.0085227116942405,2,1,1,0,8.0,5.0,0.0,5.4e-05,0.0,1.0,0.0,0.5,-0.7265,broker
karina,34,2,#c5b0d5,0.0113951619714498,3,1,2,0,7.0,11.0,0.0,5.7e-05,0.0,1.0,0.0,0.4444,-0.9258,periferico
lei,34,7,#c5b0d5,0.0010909363627433,2,2,0,0,14.0,0.0,0.0,0.0002,0.0,1.0,0.0,0.0,0.5774,periferico
cafe,34,5,#c5b0d5,0.0083465818315744,2,2,0,0,13.0,0.0,0.0,5.7e-05,0.0,0.0,0.0,0.0,-0.1125,periferico
respectivo,34,5,#c5b0d5,0.002042032778263,3,2,1,0,12.0,4.0,0.0,6.2e-05,0.0,0.6667,0.0,0.4444,-0.1125,periferico
oficialmente,34,4,#c5b0d5,0.0051913955248892,3,1,2,0,6.0,8.0,0.0,5.4e-05,0.0,1.0,0.0,0.4444,-0.3059,periferico
comparsa,34,1,#c5b0d5,0.0018389684846624,2,1,1,0,6.0,5.0,0.0,5.2e-05,0.0,1.0,0.0,0.5,-1.4071,broker
biblioteca,34,11,#c5b0d5,0.0029367238748818,2,0,2,0,0.0,10.0,0.0,5.2e-05,0.0,1.0,0.0,0.5,0.0,broker
silvestre,34,4,#c5b0d5,0.0101519478484988,1,1,0,0,6.0,0.0,0.0,4.6e-05,0.0,0.0,0.0,0.0,-0.7265,periferico
diversidad,34,8,#c5b0d5,0.0042748828418552,4,0,4,0,0.0,18.0,0.0,5.8e-05,0.0,1.0,0.0,0.75,-1.069,broker
festividad,34,6,#c5b0d5,0.0039733820594847,1,0,1,0,0.0,5.0,0.0,4.6e-05,0.0,0.0,0.0,0.0,-1.4142,periferico
palacios,34,4,#c5b0d5,0.0024044655729085,1,0,1,0,0.0,5.0,0.0,4.5e-05,0.0,0.0,0.0,0.0,-0.7265,periferico
cabe,34,10,#c5b0d5,0.0055754231289029,3,0,3,0,0.0,13.0,0.0,5.4e-05,0.0,0.6667,0.0,0.6667,-1.0,broker
bullying,34,9,#c5b0d5,0.0018618679605424,3,0,3,0,0.0,13.0,0.0,5.9e-05,0.0,0.6667,0.0,0.6667,-1.0,broker
multiple,34,5,#c5b0d5,0.0083003556355834,4,0,4,0,0.0,17.0,0.0,6e-05,0.0,0.8333,0.0,0.625,-1.2376,broker
semestre,34,3,#c5b0d5,0.0059401602484285,2,0,2,0,0.0,9.0,0.0,5e-05,0.0,1.0,0.0,0.5,-1.278,broker
gobernadores,34,1,#c5b0d5,0.0049056080169975,1,0,1,0,0.0,5.0,0.0,5.2e-05,0.0,0.0,0.0,0.0,-1.4071,periferico
finalista,34,7,#c5b0d5,0.0033384105190634,1,0,1,0,0.0,4.0,0.0,4.4e-05,0.0,0.0,0.0,0.0,-1.7321,periferico
levantamiento,34,4,#c5b0d5,0.0017751517007127,2,0,2,0,0.0,8.0,0.0,4.7e-05,0.0,1.0,0.0,0.5,-0.7265,broker
finalizar,34,3,#c5b0d5,0.003165177302435,2,0,2,0,0.0,8.0,0.0,4.7e-05,0.0,1.0,0.0,0.5,-1.278,broker
sempre,34,7,#c5b0d5,0.002597342710942,1,0,1,0,0.0,4.0,0.0,8.5e-05,0.0,0.0,0.0,0.0,-0.5774,periferico
tequila,34,2,#c5b0d5,0.0017038179794326,1,0,1,0,0.0,4.0,0.0,4.6e-05,0.0,0.0,0.0,0.0,-1.8516,periferico
consejero,34,0,#c5b0d5,0.001537638483569,1,0,1,0,0.0,4.0,0.0,4.3e-05,0.0,0.0,0.0,0.0,-2.4423,periferico
fregado,34,5,#c5b0d5,0.0010642945999279,1,0,1,0,0.0,4.0,0.0,4.5e-05,0.0,0.0,0.0,0.0,-0.6751,periferico
disenar,34,10,#c5b0d5,0.0055773807689547,1,0,1,0,0.0,4.0,0.0,4.3e-05,0.0,0.0,0.0,0.0,-1.0,periferico
aburrido,34,4,#c5b0d5,0.0032894415780901,2,0,2,0,0.0,8.0,0.0,4.8e-05,0.0,1.0,0.0,0.0,-0.3059,periferico
enriquecer,34,8,#c5b0d5,0.0026715549174696,1,0,1,0,0.0,4.0,0.0,4.4e-05,0.0,0.0,0.0,0.0,-1.069,periferico
gustar,28,2,#bcbd22,0.017326695844531,53,5,47,1,272.0,640.0,156.0,0.00162,0.0,0.2649,0.0,0.9149,2.4962,broker
sem,28,2,#bcbd22,0.0060519892722368,7,1,5,1,196.0,26.0,157.0,0.000603,0.0,0.619,0.0,0.7755,-0.2774,broker
ambiente,28,0,#bcbd22,0.0264177564531564,32,4,26,2,272.0,256.0,137.0,0.000785,0.0,0.3589,0.0,0.9121,0.0,broker
medio,28,0,#bcbd22,0.0089424317702651,67,4,61,2,243.0,700.0,165.0,0.001484,0.0,0.1954,0.0,0.9196,0.0,broker
esperar,28,10,#bcbd22,0.0277965310961008,88,6,76,6,69.0,1255.0,529.0,0.002387,0.0,0.1361,0.0,0.9261,2.2295,broker
hora,28,0,#bcbd22,0.028392681851983,69,4,63,2,237.0,829.0,247.0,0.001764,0.0,0.185,0.0,0.9204,0.0,broker
panuco,28,8,#bcbd22,0.0112764611840248,8,1,7,0,76.0,33.0,0.0,0.000184,0.0,0.75,0.0,0.75,0.3814,broker
rio,28,8,#bcbd22,0.0209090709686279,34,4,30,0,99.0,315.0,0.0,0.000628,0.0,0.4207,0.0,0.9048,2.0976,broker
clima,28,0,#bcbd22,0.017665572464466,13,4,8,1,115.0,94.0,77.0,0.000315,0.0,0.6282,0.0,0.8166,0.0,broker
encantar,28,2,#bcbd22,0.0065123192034661,30,2,28,0,58.0,240.0,0.0,0.000475,0.0,0.4322,0.0,0.9022,0.2774,broker
viernes,28,0,#bcbd22,0.0149365672841668,27,4,22,1,93.0,171.0,79.0,0.000481,0.0,0.3675,0.0,0.9108,0.0,broker
oportunidad,28,5,#bcbd22,0.0061459341086447,49,6,40,3,61.0,392.0,302.0,0.000927,0.0,0.2423,0.0,0.9138,2.2711,broker
super,28,4,#bcbd22,0.0126917464658617,34,5,29,0,46.0,362.0,0.0,0.000653,0.0,0.4189,0.0,0.8824,3.2901,conector_provincial
realidad,28,12,#bcbd22,0.0048408047296106,30,2,28,0,21.0,338.0,0.0,0.000526,0.0,0.4207,0.0,0.9,1.291,broker
tormenta,28,7,#bcbd22,0.0129757123067975,14,3,11,0,59.0,115.0,0.0,0.000258,0.0,0.7363,0.0,0.7755,0.4201,broker
tropical,28,7,#bcbd22,0.0059820446185767,8,3,5,0,60.0,34.0,0.0,0.000158,0.0,0.8214,0.0,0.75,0.4201,broker
canal,28,9,#bcbd22,0.0105928042903542,26,1,25,0,20.0,283.0,0.0,0.000449,0.0,0.5015,0.0,0.8964,0.8221,broker
vecino,28,9,#bcbd22,0.0037195419427007,36,5,30,1,55.0,271.0,78.0,0.000611,0.0,0.327,0.0,0.8873,2.4076,broker
bendiga,28,11,#bcbd22,0.0032094356138259,26,3,23,0,32.0,241.0,0.0,0.00041,0.0,0.5508,0.0,0.9053,1.8898,broker
rico,28,11,#bcbd22,0.0049921059980988,28,2,26,0,20.0,239.0,0.0,0.00041,0.0,0.4974,0.0,0.9133,1.1339,broker
venta,28,3,#bcbd22,0.0288718920201063,32,5,27,0,77.0,265.0,0.0,0.000572,0.0,0.4052,0.0,0.8906,2.7292,conector_provincial
familiar,28,7,#bcbd22,0.0119557036086916,46,6,39,1,58.0,433.0,90.0,0.000844,0.0,0.2928,0.0,0.9159,2.1004,broker
comentar,28,12,#bcbd22,0.0060281516052782,19,2,17,0,22.0,141.0,0.0,0.000265,0.0,0.6725,0.0,0.892,1.291,broker
cliente,28,3,#bcbd22,0.0087990909814834,11,2,9,0,34.0,50.0,0.0,0.000165,0.0,0.5455,0.0,0.8099,1.1371,broker
detalle,28,4,#bcbd22,0.0118529163300991,23,2,21,0,19.0,149.0,0.0,0.000286,0.0,0.3834,0.0,0.8809,1.1795,broker
hogar,28,1,#bcbd22,0.0105457119643688,30,9,21,0,107.0,207.0,0.0,0.000528,0.0,0.4391,0.0,0.8378,1.8615,broker
adopcion,28,1,#bcbd22,0.0030741060618311,11,4,7,0,47.0,38.0,0.0,0.00019,0.0,0.5273,0.0,0.314,1.4834,periferico
ana,28,6,#bcbd22,0.0035568699240684,15,4,11,0,61.0,78.0,0.0,0.000301,0.0,0.5048,0.0,0.8178,1.3728,broker
paty,28,6,#bcbd22,0.0012754930648952,3,3,0,0,47.0,0.0,0.0,0.000137,0.0,1.0,0.0,0.0,0.1961,periferico
practicamente,28,10,#bcbd22,0.0081981252878904,13,2,11,0,24.0,76.0,0.0,0.000168,0.0,0.7179,0.0,0.8166,-0.1715,broker
compra,28,3,#bcbd22,0.0077277924865484,14,2,12,0,26.0,75.0,0.0,0.000192,0.0,0.6264,0.0,0.8367,1.1371,broker
perrito,28,1,#bcbd22,0.0051152482628822,20,6,14,0,55.0,95.0,0.0,0.000275,0.0,0.5053,0.0,0.79,1.1053,broker
rescatar,28,1,#bcbd22,0.0026194725651293,14,4,10,0,40.0,52.0,0.0,0.000173,0.0,0.5824,0.0,0.7551,0.349,broker
adoptar,28,1,#bcbd22,0.0033057518303394,10,5,5,0,50.0,30.0,0.0,0.000162,0.0,0.7333,0.0,0.6,0.349,broker
esposa,28,9,#bcbd22,0.0046863839961588,13,1,12,0,16.0,92.0,0.0,0.000178,0.0,0.8718,0.0,0.8757,-0.2349,broker
marcar,28,5,#bcbd22,0.0089346244931221,14,3,11,0,31.0,79.0,0.0,0.000179,0.0,0.7143,0.0,0.8367,0.3244,broker
cancun,28,6,#bcbd22,0.0063664317131042,15,3,12,0,46.0,61.0,0.0,0.000258,0.0,0.3714,0.0,0.7644,1.9612,broker
peralta,28,6,#bcbd22,0.001439306535758,4,3,1,0,44.0,4.0,0.0,0.000137,0.0,0.8333,0.0,0.375,0.1961,periferico
emocion,28,6,#bcbd22,0.0116018569096922,12,1,11,0,14.0,90.0,0.0,0.000181,0.0,0.7273,0.0,0.8611,-0.3922,broker
bloqueo,28,8,#bcbd22,0.0078259129077196,6,0,6,0,0.0,54.0,0.0,0.000104,0.0,1.0,0.0,0.7778,-1.3348,broker
clausura,28,5,#bcbd22,0.0074994126334786,12,5,7,0,61.0,45.0,0.0,0.000227,0.0,0.5303,0.0,0.6806,1.7844,broker
empate,28,5,#bcbd22,0.0016227245796471,3,1,2,0,16.0,9.0,0.0,7.9e-05,0.0,1.0,0.0,0.4444,-0.6489,periferico
apertura,28,5,#bcbd22,0.0119770392775535,6,3,3,0,36.0,21.0,0.0,0.000117,0.0,0.8667,0.0,0.6667,0.3244,broker
comuna,28,9,#bcbd22,0.0013680872507393,2,1,1,0,15.0,4.0,0.0,0.000119,0.0,1.0,0.0,0.0,-0.2349,periferico
maipu,28,9,#bcbd22,0.0013471441343426,2,2,0,0,22.0,0.0,0.0,0.000128,0.0,1.0,0.0,0.0,-0.2349,periferico
verano,28,10,#bcbd22,0.0245606880635023,8,3,5,0,27.0,27.0,0.0,0.000109,0.0,0.75,0.0,0.75,0.4287,broker
consumo,28,3,#bcbd22,0.0085872253403067,13,1,12,0,12.0,82.0,0.0,0.000202,0.0,0.5769,0.0,0.8402,0.6065,broker
ropa,28,7,#bcbd22,0.0102917598560452,15,3,12,0,39.0,70.0,0.0,0.000219,0.0,0.5714,0.0,0.88,0.4201,broker
contenido,28,12,#bcbd22,0.0095271188765764,13,2,11,0,15.0,72.0,0.0,0.000185,0.0,0.6923,0.0,0.8402,1.291,broker
cuota,28,10,#bcbd22,0.0027364769484847,7,1,6,0,13.0,32.0,0.0,9e-05,0.0,0.9524,0.0,0.7347,-0.7717,broker
mediano,28,1,#bcbd22,0.0048089567571878,8,2,6,0,15.0,36.0,0.0,0.000117,0.0,0.6071,0.0,0.7812,-0.7853,broker
monico,28,4,#bcbd22,0.0060003097169101,10,1,9,0,11.0,49.0,0.0,0.000116,0.0,0.8222,0.0,0.86,0.1242,broker
mascota,28,1,#bcbd22,0.0060700187459588,15,5,10,0,44.0,56.0,0.0,0.00019,0.0,0.6095,0.0,0.7822,0.349,broker
perrita,28,1,#bcbd22,0.0018151333788409,6,4,2,0,33.0,9.0,0.0,0.000101,0.0,0.8,0.0,0.5,-0.4072,broker
saludar,28,2,#bcbd22,0.0020398481283336,7,2,5,0,18.0,31.0,0.0,0.000105,0.0,0.7619,0.0,0.8163,-0.2774,broker
disminucion,28,3,#bcbd22,0.0104988720268011,3,1,2,0,12.0,10.0,0.0,6.7e-05,0.0,1.0,0.0,0.6667,-0.4549,broker
liguilla,28,5,#bcbd22,0.0021163478959351,5,1,4,0,12.0,20.0,0.0,9.2e-05,0.0,0.8,0.0,0.64,-0.1622,broker
sencillo,28,4,#bcbd22,0.0031284184660762,13,2,11,0,18.0,63.0,0.0,0.000166,0.0,0.6154,0.0,0.8047,1.1795,broker
jodido,28,2,#bcbd22,0.001919737434946,5,1,4,0,8.0,26.0,0.0,8.1e-05,0.0,1.0,0.0,0.72,-0.2774,broker
pescador,28,8,#bcbd22,0.0094405664131045,8,2,6,0,13.0,38.0,0.0,0.000139,0.0,0.6429,0.0,0.6875,1.2395,broker
vuelo,28,4,#bcbd22,0.0053079086355865,6,0,6,0,0.0,35.0,0.0,8.2e-05,0.0,0.9333,0.0,0.7778,-0.4035,broker
agradecido,28,11,#bcbd22,0.0038931246381253,4,1,3,0,10.0,23.0,0.0,7.9e-05,0.0,1.0,0.0,0.625,-0.378,broker
cocina,28,4,#bcbd22,0.0038600908592343,10,1,9,0,6.0,55.0,0.0,0.000118,0.0,0.9778,0.0,0.86,-0.4035,broker
benito,28,6,#bcbd22,0.0025986819528043,9,0,9,0,0.0,49.0,0.0,0.000103,0.0,0.8611,0.0,0.8395,-0.3922,broker
orilla,28,8,#bcbd22,0.0056858086027204,1,1,0,0,10.0,0.0,0.0,5.2e-05,0.0,0.0,0.0,0.0,-0.4767,periferico
version,28,9,#bcbd22,0.0041288472712039,5,1,4,0,6.0,26.0,0.0,7.7e-05,0.0,1.0,0.0,0.72,-0.2349,broker
ideal,28,10,#bcbd22,0.007194893900305,9,2,7,0,15.0,40.0,0.0,0.000104,0.0,0.8056,0.0,0.716,-0.1715,broker
conservar,28,3,#bcbd22,0.003649212187156,3,0,3,0,0.0,18.0,0.0,6.1e-05,0.0,1.0,0.0,0.6667,-0.4549,broker
especifico,28,3,#bcbd22,0.0027820095419883,5,1,4,0,9.0,23.0,0.0,7.9e-05,0.0,0.9,0.0,0.72,-0.4549,broker
descubrir,28,5,#bcbd22,0.003511062124744,8,1,7,0,9.0,41.0,0.0,0.0001,0.0,0.7857,0.0,0.8438,-0.6489,broker
acompanamiento,28,7,#bcbd22,0.0038636962417513,3,1,2,0,8.0,9.0,0.0,5.9e-05,0.0,1.0,0.0,0.6667,-0.7001,broker
sofia,28,2,#bcbd22,0.0017980921547859,3,1,2,0,8.0,8.0,0.0,6e-05,0.0,1.0,0.0,0.4444,-0.2774,periferico
admirar,28,11,#bcbd22,0.0027675284072756,11,0,11,0,0.0,59.0,0.0,0.000115,0.0,0.8182,0.0,0.8264,0.378,broker
maravilla,28,4,#bcbd22,0.0020631162915378,5,1,4,0,8.0,19.0,0.0,7.2e-05,0.0,1.0,0.0,0.8,-0.4035,broker
infinito,28,11,#bcbd22,0.0021790503524243,8,1,7,0,8.0,41.0,0.0,0.0001,0.0,1.0,0.0,0.8125,-0.378,broker
whatsapp,28,1,#bcbd22,0.0034167065750807,5,1,4,0,8.0,17.0,0.0,8.5e-05,0.0,0.3,0.0,0.56,-0.7853,broker
enojo,28,10,#bcbd22,0.001188393915072,1,1,0,0,8.0,0.0,0.0,4.8e-05,0.0,0.0,0.0,0.0,-0.7717,periferico
localizacion,28,7,#bcbd22,0.007087810896337,2,1,1,0,8.0,6.0,0.0,5.6e-05,0.0,1.0,0.0,0.5,-0.7001,broker
solar,28,9,#bcbd22,0.0087359016761183,10,0,10,0,0.0,50.0,0.0,0.000109,0.0,0.7111,0.0,0.88,-0.2349,broker
info,28,1,#bcbd22,0.01246789842844,3,1,2,0,7.0,9.0,0.0,7e-05,0.0,1.0,0.0,0.0,-0.7853,periferico
administrar,28,2,#bcbd22,0.0027145778294652,2,0,2,0,0.0,11.0,0.0,5.2e-05,0.0,1.0,0.0,0.5,-0.8321,broker
decoracion,28,4,#bcbd22,0.0013526281109079,3,0,3,0,0.0,16.0,0.0,6.5e-05,0.0,0.6667,0.0,0.4444,0.1242,periferico
semifinal,28,5,#bcbd22,0.0021783933043479,4,0,4,0,0.0,20.0,0.0,7.7e-05,0.0,0.8333,0.0,0.625,-0.1622,broker
angeles,28,4,#bcbd22,0.0035248235799372,5,0,5,0,0.0,25.0,0.0,7.7e-05,0.0,0.7,0.0,0.8,-0.4035,broker
enfoque,28,5,#bcbd22,0.003016989910975,1,0,1,0,0.0,6.0,0.0,4.6e-05,0.0,0.0,0.0,0.0,-1.1355,periferico
yucatan,28,6,#bcbd22,0.002857343526557,5,0,5,0,0.0,25.0,0.0,7.3e-05,0.0,0.7,0.0,0.72,-0.9806,broker
pesquero,28,8,#bcbd22,0.0037425339687615,1,1,0,0,6.0,0.0,0.0,5.3e-05,0.0,0.0,0.0,0.0,-0.4767,periferico
talla,28,1,#bcbd22,0.0021338069345802,5,2,3,0,12.0,14.0,0.0,9.1e-05,0.0,0.5,0.0,0.0,-0.0291,periferico
amigable,28,1,#bcbd22,0.0015508856158703,5,1,4,0,6.0,18.0,0.0,8e-05,0.0,0.5,0.0,0.64,-1.1635,broker
borracho,28,10,#bcbd22,0.0010344072943553,1,1,0,0,6.0,0.0,0.0,4.6e-05,0.0,0.0,0.0,0.0,-0.7717,periferico
placer,28,11,#bcbd22,0.0012513226829469,2,1,1,0,6.0,5.0,0.0,5.3e-05,0.0,1.0,0.0,0.5,-0.378,broker
excelencia,28,5,#bcbd22,0.0018087173812091,1,1,0,0,6.0,0.0,0.0,4.5e-05,0.0,0.0,0.0,0.0,-0.6489,periferico
coincidir,28,3,#bcbd22,0.0042699775658547,6,0,6,0,0.0,28.0,0.0,7.8e-05,0.0,0.6,0.0,0.7778,-0.4549,broker
cuauhtemoc,28,9,#bcbd22,0.0064792181365191,2,1,1,0,6.0,4.0,0.0,5.2e-05,0.0,1.0,0.0,0.5,-0.7634,broker
higiene,28,3,#bcbd22,0.0014275573194026,1,0,1,0,0.0,6.0,0.0,4.9e-05,0.0,0.0,0.0,0.0,-0.9855,periferico
brasil,28,7,#bcbd22,0.0030286514665931,7,1,6,0,6.0,28.0,0.0,8.2e-05,0.0,0.9524,0.0,0.7755,-0.7001,broker
rancho,28,11,#bcbd22,0.0019673206843435,3,0,3,0,0.0,14.0,0.0,5.5e-05,0.0,1.0,0.0,0.6667,-1.1339,broker
pasillo,28,4,#bcbd22,0.0014661948662251,3,0,3,0,0.0,15.0,0.0,5.6e-05,0.0,1.0,0.0,0.6667,-0.9312,broker
cuadro,28,3,#bcbd22,0.0028457778971642,5,0,5,0,0.0,24.0,0.0,7e-05,0.0,0.8,0.0,0.72,-0.4549,broker
orientado,28,5,#bcbd22,0.002383773215115,2,1,1,0,6.0,4.0,0.0,5e-05,0.0,1.0,0.0,0.5,-0.6489,broker
guemez,28,8,#bcbd22,0.001269415137358,3,1,2,0,6.0,9.0,0.0,5.6e-05,0.0,1.0,0.0,0.6667,-0.4767,broker
suceso,28,12,#bcbd22,0.0011840448714792,2,0,2,0,0.0,9.0,0.0,5e-05,0.0,1.0,0.0,0.5,-0.7746,broker
triple,28,4,#bcbd22,0.0016150298761203,2,0,2,0,0.0,10.0,0.0,5.2e-05,0.0,1.0,0.0,0.5,-0.4035,broker
actualizar,28,5,#bcbd22,0.0022408221848309,2,0,2,0,0.0,9.0,0.0,4.9e-05,0.0,1.0,0.0,0.5,-0.6489,broker
adicional,28,4,#bcbd22,0.0037758213002234,5,0,5,0,0.0,22.0,0.0,8e-05,0.0,0.6,0.0,0.64,-0.4035,broker
comprador,28,1,#bcbd22,0.0018894678214564,3,0,3,0,0.0,13.0,0.0,5.8e-05,0.0,0.3333,0.0,0.6667,-1.5416,broker
buenisimo,28,4,#bcbd22,0.0011777603067457,3,0,3,0,0.0,14.0,0.0,5.9e-05,0.0,0.3333,0.0,0.6667,-0.4035,broker
puntilla,28,3,#bcbd22,0.0052988603711128,1,0,1,0,0.0,5.0,0.0,4.6e-05,0.0,0.0,0.0,0.0,-0.4549,periferico
boleta,28,8,#bcbd22,0.0031685822177678,3,0,3,0,0.0,13.0,0.0,7.4e-05,0.0,0.6667,0.0,0.6667,-0.4767,broker
mazatlan,28,6,#bcbd22,0.0024381100665777,3,0,3,0,0.0,13.0,0.0,5.9e-05,0.0,1.0,0.0,0.6667,-0.9806,broker
acoso,28,12,#bcbd22,0.0028715101070702,1,0,1,0,0.0,5.0,0.0,4.8e-05,0.0,0.0,0.0,0.0,-0.7746,periferico
arriesgar,28,12,#bcbd22,0.0015693739987909,4,0,4,0,0.0,17.0,0.0,6e-05,0.0,0.8333,0.0,0.75,-0.7746,broker
seleccionar,28,2,#bcbd22,0.0018767147557809,1,0,1,0,0.0,5.0,0.0,4.6e-05,0.0,0.0,0.0,0.0,-0.8321,periferico
complicar,28,4,#bcbd22,0.001783208688721,3,0,3,0,0.0,13.0,0.0,6.1e-05,0.0,0.3333,0.0,0.6667,-0.4035,broker
inconformidad,28,8,#bcbd22,0.0022020044270902,2,0,2,0,0.0,9.0,0.0,6.4e-05,0.0,1.0,0.0,0.5,-0.4767,broker
mon,28,4,#bcbd22,0.0029312886763364,2,0,2,0,0.0,8.0,0.0,5.1e-05,0.0,1.0,0.0,0.5,-0.4035,broker
tolerancia,28,12,#bcbd22,0.0010257755639031,2,0,2,0,0.0,8.0,0.0,6.5e-05,0.0,0.0,0.0,0.5,-0.7746,broker
traje,28,4,#bcbd22,0.0011399718932807,3,0,3,0,0.0,12.0,0.0,5.3e-05,0.0,1.0,0.0,0.4444,-0.9312,periferico
discriminacion,28,4,#bcbd22,0.0014465370913967,1,0,1,0,0.0,4.0,0.0,4.5e-05,0.0,0.0,0.0,0.0,-0.4035,periferico
app,28,12,#bcbd22,0.002237057313323,3,0,3,0,0.0,12.0,0.0,7.6e-05,0.0,0.3333,0.0,0.4444,-0.7746,periferico
competente,28,7,#bcbd22,0.0015999665483832,1,0,1,0,0.0,4.0,0.0,4.3e-05,0.0,0.0,0.0,0.0,-1.2603,periferico
comedor,28,3,#bcbd22,0.0023875765036791,1,0,1,0,0.0,4.0,0.0,4.4e-05,0.0,0.0,0.0,0.0,-0.9855,periferico
motivar,28,6,#bcbd22,0.0030497186817228,1,0,1,0,0.0,4.0,0.0,4.7e-05,0.0,0.0,0.0,0.0,-0.9806,periferico
bella,28,11,#bcbd22,0.0017866186099126,1,0,1,0,0.0,4.0,0.0,4.4e-05,0.0,0.0,0.0,0.0,-1.1339,periferico
retener,28,9,#bcbd22,0.0028441834729164,1,0,1,0,0.0,4.0,0.0,4.4e-05,0.0,0.0,0.0,0.0,-1.2919,periferico
bbva,28,3,#bcbd22,0.0020637342240661,1,0,1,0,0.0,4.0,0.0,4.6e-05,0.0,0.0,0.0,0.0,-0.4549,periferico
vaso,28,3,#bcbd22,0.0075201662257313,2,0,2,0,0.0,8.0,0.0,5e-05,0.0,0.0,0.0,0.5,-0.4549,broker
ano,29,1,#17becf,0.0497955940663814,141,8,88,45,576.0,2881.0,4704.0,0.005496,0.0,0.0919,0.0,0.9527,2.4495,broker
vida,29,2,#17becf,0.0580894164741039,95,8,67,20,248.0,2089.0,1980.0,0.002791,0.0,0.1492,0.0,0.9418,2.0604,broker
familia,29,0,#17becf,0.0309419501572847,108,10,62,36,401.0,2100.0,3988.0,0.003699,0.0,0.1514,0.0,0.9539,1.3935,broker
mes,29,1,#17becf,0.0155797926709055,52,6,45,1,340.0,685.0,84.0,0.000834,0.0,0.2964,0.0,0.9083,1.2247,broker
paz,29,0,#17becf,0.0208317451179027,52,9,39,4,378.0,639.0,363.0,0.000873,0.0,0.3243,0.0,0.8964,1.3935,broker
cumplir,29,1,#17becf,0.0155643271282315,36,3,32,1,210.0,407.0,67.0,0.000465,0.0,0.4952,0.0,0.9059,0.0,broker
lograr,29,4,#17becf,0.0091251712292432,50,7,42,1,66.0,757.0,85.0,0.000659,0.0,0.3224,0.0,0.9032,1.2834,broker
grande,29,10,#17becf,0.0075171324424445,51,2,47,2,29.0,977.0,200.0,0.000836,0.0,0.3255,0.0,0.9127,0.0,broker
tomar,29,3,#17becf,0.0079457713291049,44,9,35,0,79.0,680.0,0.0,0.000596,0.0,0.3372,0.0,0.8874,3.2967,conector_provincial
entregar,29,-1,#17becf,0.0062370132654905,31,0,30,1,0.0,476.0,84.0,0.000379,0.0,0.5462,0.0,0.9053,-1.0,broker
pequeno,29,7,#17becf,0.0092620439827442,35,3,32,0,23.0,483.0,0.0,0.000381,0.0,0.4605,0.0,0.8996,2.2937,broker
amigo,29,5,#17becf,0.007193449884653,37,3,34,0,47.0,553.0,0.0,0.000422,0.0,0.5105,0.0,0.8736,0.75,broker
mama,29,2,#17becf,0.0099888062104582,28,4,24,0,100.0,365.0,0.0,0.000331,0.0,0.619,0.0,0.8699,1.2921,broker
descansar,29,0,#17becf,0.0099806329235434,21,7,14,0,168.0,126.0,0.0,0.000218,0.0,0.6952,0.0,0.771,0.1393,broker
formar,29,4,#17becf,0.004995719064027,29,4,24,1,31.0,325.0,94.0,0.000313,0.0,0.5936,0.0,0.8823,1.2834,broker
olvidar,29,9,#17becf,0.006033597048372,26,1,25,0,7.0,335.0,0.0,0.000258,0.0,0.6554,0.0,0.8728,2.1213,broker
prision,29,1,#17becf,0.0022639583330601,12,3,9,0,87.0,82.0,0.0,0.000142,0.0,0.8636,0.0,0.8472,0.0,broker
acompanar,29,6,#17becf,0.0048212972469627,28,2,26,0,13.0,364.0,0.0,0.000274,0.0,0.5714,0.0,0.8801,1.0206,broker
dolor,29,2,#17becf,0.0064231194555759,23,4,19,0,84.0,200.0,0.0,0.00021,0.0,0.7391,0.0,0.8355,0.1397,broker
categoria,29,8,#17becf,0.0120414402335882,13,2,11,0,25.0,116.0,0.0,0.000136,0.0,0.7436,0.0,0.8047,1.0,broker
regalo,29,10,#17becf,0.0102451797574758,17,2,15,0,26.0,166.0,0.0,0.00016,0.0,0.7574,0.0,0.8789,0.0,broker
dificil,29,5,#17becf,0.0065633249469101,21,1,20,0,15.0,219.0,0.0,0.000179,0.0,0.7714,0.0,0.8798,-1.75,broker
reto,29,4,#17becf,0.0104836113750934,11,3,8,0,23.0,117.0,0.0,0.000123,0.0,0.9273,0.0,0.843,-0.55,broker
condolencia,29,0,#17becf,0.0034541410859674,14,7,7,0,119.0,32.0,0.0,0.00014,0.0,0.6703,0.0,0.5306,0.5574,broker
alma,29,2,#17becf,0.0082163987681269,20,5,15,0,70.0,125.0,0.0,0.000162,0.0,0.6842,0.0,0.835,0.5238,broker
carino,29,10,#17becf,0.0056929755955934,18,2,16,0,21.0,170.0,0.0,0.000154,0.0,0.7386,0.0,0.858,0.0,broker
companero,29,5,#17becf,0.007147213909775,16,2,14,0,20.0,141.0,0.0,0.00014,0.0,0.725,0.0,0.8359,0.75,broker
alimento,29,6,#17becf,0.0079257953912019,18,2,16,0,12.0,182.0,0.0,0.000167,0.0,0.7778,0.0,0.8889,-0.4082,broker
ruta,29,3,#17becf,0.0379650928080081,19,4,14,1,41.0,139.0,67.0,0.000229,0.0,0.5146,0.0,0.8199,1.6483,broker
qepd,29,0,#17becf,0.0041760047897696,13,6,7,0,90.0,33.0,0.0,0.000115,0.0,0.8333,0.0,0.6036,-0.2787,broker
fortaleza,29,0,#17becf,0.0084851440042257,25,8,17,0,118.0,131.0,0.0,0.000198,0.0,0.6467,0.0,0.8032,0.5574,broker
chico,29,7,#17becf,0.0028522673528641,11,1,10,0,11.0,109.0,0.0,0.000108,0.0,1.0,0.0,0.843,-0.2085,broker
amen,29,2,#17becf,0.003033329732716,19,4,15,0,51.0,151.0,0.0,0.000161,0.0,0.8246,0.0,0.7922,0.5238,broker
error,29,3,#17becf,0.0036327566485852,16,1,15,0,11.0,108.0,0.0,0.000112,0.0,0.8583,0.0,0.8828,-0.4121,broker
record,29,1,#17becf,0.0043826210312545,4,1,3,0,26.0,17.0,0.0,6.5e-05,0.0,1.0,0.0,0.75,-0.8165,broker
amiga,29,5,#17becf,0.0097197704017162,18,2,16,0,25.0,140.0,0.0,0.000152,0.0,0.719,0.0,0.8519,0.75,broker
fallecimiento,29,0,#17becf,0.0118979187682271,12,5,7,0,73.0,54.0,0.0,0.00013,0.0,0.8182,0.0,0.5139,0.1393,broker
financiero,29,1,#17becf,0.0153580261394381,6,2,4,0,37.0,22.0,0.0,7.5e-05,0.0,0.9333,0.0,0.7778,-0.4082,broker
daniel,29,11,#17becf,0.0080768140032887,8,1,7,0,22.0,53.0,0.0,0.000116,0.0,0.75,0.0,0.8125,0.5774,broker
noboa,29,11,#17becf,0.002290170174092,4,1,3,0,22.0,15.0,0.0,8.3e-05,0.0,1.0,0.0,0.625,0.5774,broker
sincero,29,0,#17becf,0.0069426093250513,13,7,6,0,84.0,53.0,0.0,0.000129,0.0,0.8205,0.0,0.5917,0.1393,broker
eterno,29,0,#17becf,0.0040535209700465,13,5,8,0,51.0,64.0,0.0,0.000107,0.0,0.8462,0.0,0.7574,-1.1148,broker
tiro,29,8,#17becf,0.003628194797784,7,1,6,0,11.0,57.0,0.0,8.3e-05,0.0,0.8095,0.0,0.8163,1.0,broker
expo,29,4,#17becf,0.0079820482060313,13,3,9,1,28.0,76.0,99.0,0.000167,0.0,0.7051,0.0,0.7456,0.825,broker
marino,29,4,#17becf,0.0077821756713092,15,3,12,0,25.0,85.0,0.0,0.000124,0.0,0.781,0.0,0.8267,0.3667,broker
madrina,29,2,#17becf,0.0042937630787491,8,1,7,0,18.0,37.0,0.0,7.1e-05,0.0,1.0,0.0,0.8438,-0.6286,broker
lamentar,29,0,#17becf,0.0056527056731283,9,7,2,0,62.0,10.0,0.0,9.2e-05,0.0,0.8889,0.0,0.1975,0.1393,periferico
atropellar,29,2,#17becf,0.004635106306523,6,1,5,0,17.0,29.0,0.0,6.5e-05,0.0,1.0,0.0,0.7222,-1.0127,broker
cerrado,29,3,#17becf,0.0077461553737521,8,1,7,0,9.0,49.0,0.0,7.4e-05,0.0,1.0,0.0,0.8125,-0.4121,broker
escena,29,7,#17becf,0.0069365715608,8,1,7,0,6.0,55.0,0.0,7.4e-05,0.0,1.0,0.0,0.8438,-0.2085,broker
juanjo,29,-1,#17becf,0.0020898426882922,2,0,2,0,0.0,22.0,0.0,0.000154,0.0,0.0,0.0,0.5,1.0,broker
moncayo,29,-1,#17becf,0.0011809989809989,1,0,1,0,0.0,15.0,0.0,0.000128,0.0,0.0,0.0,0.0,1.0,periferico
transitar,29,3,#17becf,0.010894626379013,8,1,7,0,7.0,56.0,0.0,8.1e-05,0.0,0.8214,0.0,0.75,0.4121,broker
juvenil,29,8,#17becf,0.0102866208180785,7,1,6,0,14.0,42.0,0.0,7.6e-05,0.0,0.8095,0.0,0.7755,1.0,broker
profundamente,29,0,#17becf,0.0029122333507984,14,5,9,0,52.0,54.0,0.0,0.000112,0.0,0.7143,0.0,0.7551,-0.6967,broker
oracion,29,2,#17becf,0.0022720538545399,11,4,7,0,38.0,39.0,0.0,8.5e-05,0.0,0.9091,0.0,0.6942,0.1397,broker
ciencia,29,4,#17becf,0.021463057026267,13,6,7,0,51.0,56.0,0.0,0.000121,0.0,0.7821,0.0,0.7337,0.825,broker
noble,29,6,#17becf,0.0023836749605834,7,3,4,0,20.0,43.0,0.0,8.1e-05,0.0,0.8571,0.0,0.7347,1.0206,broker
arrastrar,29,9,#17becf,0.0081230541691184,7,0,7,0,0.0,59.0,0.0,7.3e-05,0.0,1.0,0.0,0.7755,-0.7071,broker
companera,29,5,#17becf,0.0066658202558755,7,2,5,0,13.0,36.0,0.0,6.9e-05,0.0,0.9048,0.0,0.7755,-0.5,broker
austeridad,29,3,#17becf,0.0020996944513171,4,0,4,0,0.0,30.0,0.0,6.3e-05,0.0,0.8333,0.0,0.625,-0.4121,broker
ninas,29,8,#17becf,0.001969568664208,4,0,4,0,0.0,31.0,0.0,5.6e-05,0.0,1.0,0.0,0.625,-1.0,broker
amoroso,29,2,#17becf,0.0013704258017241,4,1,3,0,12.0,18.0,0.0,5.7e-05,0.0,1.0,0.0,0.625,-1.0127,broker
cirugia,29,4,#17becf,0.0017764886142686,6,1,5,0,10.0,31.0,0.0,6.4e-05,0.0,1.0,0.0,0.7778,-1.4667,broker
utilizado,29,3,#17becf,0.0038346927613019,3,1,2,0,6.0,17.0,0.0,5.3e-05,0.0,1.0,0.0,0.6667,-0.4121,broker
sobrevivir,29,7,#17becf,0.0035277302376925,5,0,5,0,0.0,41.0,0.0,6.2e-05,0.0,1.0,0.0,0.8,-0.2085,broker
trabajadores,29,1,#17becf,0.0018976151477545,3,2,1,0,19.0,6.0,0.0,5.4e-05,0.0,1.0,0.0,0.4444,-0.4082,periferico
hilo,29,9,#17becf,0.0031194987241178,1,0,1,0,0.0,11.0,0.0,4.5e-05,0.0,0.0,0.0,0.0,-0.7071,periferico
recibo,29,13,#17becf,0.0036850532051175,5,0,5,0,0.0,41.0,0.0,6.3e-05,0.0,1.0,0.0,0.72,0.0,broker
nicolas,29,6,#17becf,0.0014203315367922,9,2,7,0,14.0,50.0,0.0,8.9e-05,0.0,0.8889,0.0,0.8148,-0.4082,broker
pase,29,9,#17becf,0.0086851567029953,6,0,6,0,0.0,36.0,0.0,5.9e-05,0.0,1.0,0.0,0.7778,-0.7071,broker
termino,29,9,#17becf,0.002845415379852,7,0,7,0,0.0,45.0,0.0,6.6e-05,0.0,1.0,0.0,0.7347,0.7071,broker
ave,29,7,#17becf,0.0133975576609373,6,1,5,0,6.0,30.0,0.0,6.5e-05,0.0,0.8667,0.0,0.7778,0.6255,broker
alterno,29,3,#17becf,0.0056975646875798,4,1,3,0,9.0,13.0,0.0,6.1e-05,0.0,0.8333,0.0,0.375,0.4121,periferico
influencia,29,11,#17becf,0.002756671514362,6,0,6,0,0.0,30.0,0.0,6.6e-05,0.0,0.8,0.0,0.7222,0.5774,broker
desconocer,29,13,#17becf,0.0023004079703241,3,0,3,0,0.0,22.0,0.0,5.1e-05,0.0,1.0,0.0,0.6667,0.0,broker
fractura,29,1,#17becf,0.0013221713015809,3,2,1,0,16.0,4.0,0.0,5.1e-05,0.0,1.0,0.0,0.4444,-0.4082,periferico
excusa,29,3,#17becf,0.0019122380763292,3,0,3,0,0.0,17.0,0.0,4.9e-05,0.0,1.0,0.0,0.6667,-0.8242,broker
gesto,29,6,#17becf,0.0028127883560955,7,1,6,0,8.0,34.0,0.0,6.7e-05,0.0,0.9048,0.0,0.7755,-0.4082,broker
ciencias,29,4,#17becf,0.0014810442226007,4,1,3,0,8.0,13.0,0.0,5.5e-05,0.0,1.0,0.0,0.375,-0.55,periferico
comisionado,29,3,#17becf,0.0026249592192471,2,1,1,0,6.0,8.0,0.0,4.8e-05,0.0,1.0,0.0,0.5,-0.4121,broker
indicacion,29,3,#17becf,0.0078496448695659,6,1,5,0,7.0,25.0,0.0,6.1e-05,0.0,0.8667,0.0,0.7222,0.0,broker
coepris,29,6,#17becf,0.0074473079293966,7,2,5,0,13.0,24.0,0.0,0.000107,0.0,0.6667,0.0,0.6939,1.0206,broker
rifa,29,9,#17becf,0.0010123935062438,3,0,3,0,0.0,16.0,0.0,4.8e-05,0.0,1.0,0.0,0.6667,-0.7071,broker
ventana,29,3,#17becf,0.0049336017109453,3,0,3,0,0.0,15.0,0.0,4.8e-05,0.0,1.0,0.0,0.4444,-0.8242,periferico
princesa,29,3,#17becf,0.0017806669929996,4,1,3,0,7.0,13.0,0.0,5.1e-05,0.0,1.0,0.0,0.625,-0.4121,broker
datos,29,13,#17becf,0.0035174100194126,2,0,2,0,0.0,11.0,0.0,4.5e-05,0.0,1.0,0.0,0.5,0.0,broker
regalado,29,9,#17becf,0.0011370559222996,4,1,3,0,7.0,13.0,0.0,5.2e-05,0.0,0.8333,0.0,0.75,0.7071,broker
bruto,29,1,#17becf,0.0012798296520486,1,1,0,0,7.0,0.0,0.0,4.3e-05,0.0,0.0,0.0,0.0,-0.8165,periferico
gober,29,3,#17becf,0.0017714254790917,5,1,4,0,6.0,19.0,0.0,6e-05,0.0,0.8,0.0,0.72,0.0,broker
obedecer,29,3,#17becf,0.0023961451370269,4,1,3,0,6.0,16.0,0.0,5.2e-05,0.0,1.0,0.0,0.75,-0.4121,broker
navegar,29,4,#17becf,0.0047874087467789,2,1,1,0,6.0,6.0,0.0,4.8e-05,0.0,1.0,0.0,0.5,-1.4667,broker
nena,29,7,#17becf,0.0014525654260069,2,0,2,0,0.0,10.0,0.0,4.6e-05,0.0,1.0,0.0,0.5,-1.0426,broker
habilidad,29,7,#17becf,0.0022557848133146,5,0,5,0,0.0,24.0,0.0,5.6e-05,0.0,0.9,0.0,0.72,-0.2085,broker
mateos,29,3,#17becf,0.0028551653958857,5,1,4,0,6.0,17.0,0.0,6.1e-05,0.0,0.8,0.0,0.56,0.4121,broker
tiktok,29,2,#17becf,0.0033602940384298,3,0,3,0,0.0,16.0,0.0,4.8e-05,0.0,1.0,0.0,0.6667,-1.0127,broker
revivir,29,4,#17becf,0.004867058712989,6,1,5,0,6.0,23.0,0.0,5.7e-05,0.0,0.9333,0.0,0.6667,-0.55,broker
riesgos,29,6,#17becf,0.0010774827096611,1,0,1,0,0.0,5.0,0.0,5.1e-05,0.0,0.0,0.0,0.0,-1.8371,periferico
talentoso,29,8,#17becf,0.0012014176463708,3,0,3,0,0.0,13.0,0.0,4.6e-05,0.0,1.0,0.0,0.6667,-1.0,broker
puesta,29,7,#17becf,0.0019075840245932,1,0,1,0,0.0,5.0,0.0,4.2e-05,0.0,0.0,0.0,0.0,-1.0426,periferico
soberbia,29,0,#17becf,0.0015705166151747,2,0,2,0,0.0,9.0,0.0,4.4e-05,0.0,1.0,0.0,0.0,-2.3689,periferico
oceano,29,11,#17becf,0.0022546362597495,1,0,1,0,0.0,5.0,0.0,4.2e-05,0.0,0.0,0.0,0.0,-1.7321,periferico
parcial,29,3,#17becf,0.004283282905817,2,0,2,0,0.0,8.0,0.0,4.4e-05,0.0,1.0,0.0,0.5,-0.8242,broker
senalado,29,3,#17becf,0.0025984817184507,1,0,1,0,0.0,4.0,0.0,4.1e-05,0.0,0.0,0.0,0.0,-0.8242,periferico
tini,29,2,#17becf,0.0023225548211485,1,0,1,0,0.0,4.0,0.0,4.1e-05,0.0,0.0,0.0,0.0,-1.0127,periferico
cronista,29,-1,#17becf,0.002399151911959,1,0,1,0,0.0,4.0,0.0,4.1e-05,0.0,0.0,0.0,0.0,-1.0,periferico
villanueva,29,8,#17becf,0.0011791458819061,1,0,1,0,0.0,4.0,0.0,4.1e-05,0.0,0.0,0.0,0.0,-1.0,periferico
gobernado,29,9,#17becf,0.003099555382505,1,0,1,0,0.0,4.0,0.0,4.1e-05,0.0,0.0,0.0,0.0,-0.7071,periferico
formalizar,29,1,#17becf,0.0012270482257008,1,0,1,0,0.0,4.0,0.0,4.1e-05,0.0,0.0,0.0,0.0,-0.8165,periferico
monica,1,0,#ff7f0e,0.098061166703701,93,3,50,40,2580.0,3247.0,6161.0,0.005149,0.0,0.194,0.0,0.925,1.0,broker
villarreal,1,0,#ff7f0e,0.0961674898862838,115,3,59,53,2591.0,4498.0,7797.0,0.006634,0.0,0.1445,0.0,0.9263,1.0,broker
presidenta,1,2,#ff7f0e,0.0268158111721277,117,9,53,55,1073.0,3827.0,7750.0,0.006061,0.0,0.1382,0.0,0.9321,1.9432,broker
anaya,1,3,#ff7f0e,0.0266719590872526,50,3,40,7,411.0,2524.0,1182.0,0.00184,0.0,0.3445,0.0,0.8416,1.4142,broker
excelente,1,2,#ff7f0e,0.0192872025072574,75,10,40,25,954.0,2015.0,3089.0,0.002723,0.0,0.2141,0.0,0.8935,1.9432,broker
alcaldesa,1,0,#ff7f0e,0.0464815460145473,57,2,42,13,1163.0,1395.0,1724.0,0.001861,0.0,0.3026,0.0,0.879,-1.0,broker
americo,1,3,#ff7f0e,0.020777890458703,26,2,22,2,367.0,611.0,197.0,0.000525,0.0,0.6831,0.0,0.787,0.0,broker
gobernador,1,3,#ff7f0e,0.0190687794238328,34,2,28,4,376.0,755.0,404.0,0.000704,0.0,0.4635,0.0,0.8166,0.0,broker
desarrollo,1,1,#ff7f0e,0.0092438217252492,64,19,35,10,499.0,1039.0,1155.0,0.001398,0.0,0.2416,0.0,0.8208,3.4506,conector_provincial
carpintero,1,4,#ff7f0e,0.007374694570899,16,2,13,1,219.0,123.0,78.0,0.000233,0.0,0.8917,0.0,0.7422,0.1591,broker
laguna,1,4,#ff7f0e,0.0132338134571909,24,2,21,1,221.0,263.0,119.0,0.000332,0.0,0.6377,0.0,0.8229,2.3071,broker
impulsar,1,1,#ff7f0e,0.0091477995738387,42,12,24,6,401.0,766.0,705.0,0.000872,0.0,0.4332,0.0,0.8367,1.6,broker
zacil,1,3,#ff7f0e,0.0023114189971238,18,1,15,2,126.0,499.0,194.0,0.000366,0.0,0.7908,0.0,0.821,-1.4142,broker
transformacion,1,2,#ff7f0e,0.0035921854432672,22,4,18,0,195.0,319.0,0.0,0.000257,0.0,0.6667,0.0,0.7934,0.5642,broker
encabezar,1,7,#ff7f0e,0.0026669357903301,16,0,15,1,0.0,372.0,80.0,0.000214,0.0,0.8833,0.0,0.7422,-1.4142,broker
villareal,1,2,#ff7f0e,0.0044373990967869,10,2,8,0,113.0,205.0,0.0,0.00016,0.0,0.9778,0.0,0.7,-0.1254,broker
local,1,1,#ff7f0e,0.0077545936219394,38,11,26,1,290.0,423.0,124.0,0.000467,0.0,0.4381,0.0,0.7839,1.785,broker
promover,1,1,#ff7f0e,0.0055590094998478,25,6,18,1,132.0,308.0,77.0,0.000263,0.0,0.7333,0.0,0.768,0.8597,broker
tampiquenos,1,2,#ff7f0e,0.0034240731038153,15,2,13,0,94.0,187.0,0.0,0.000151,0.0,0.8381,0.0,0.7378,-0.1254,broker
riobravo,1,6,#ff7f0e,0.006623906083405,10,4,1,5,80.0,6.0,419.0,0.000343,0.0,0.3333,0.0,0.72,1.3363,broker
vallehermoso,1,6,#ff7f0e,0.0037413674872368,5,3,2,0,70.0,10.0,0.0,0.000115,0.0,0.4,0.0,0.48,0.5345,periferico
economia,1,1,#ff7f0e,0.0044439961202442,26,8,18,0,161.0,196.0,0.0,0.000228,0.0,0.5354,0.0,0.6627,1.6,broker
colaboracion,1,1,#ff7f0e,0.0051623722538352,16,4,12,0,54.0,160.0,0.0,0.000133,0.0,0.8583,0.0,0.7188,0.3045,broker
fomentar,1,1,#ff7f0e,0.0016754203243181,17,5,12,0,74.0,184.0,0.0,0.000146,0.0,0.8456,0.0,0.7958,-0.0657,broker
bienvenido,1,2,#ff7f0e,0.0025368120986968,7,2,5,0,63.0,72.0,0.0,9.1e-05,0.0,1.0,0.0,0.6531,-0.8149,broker
emprendedor,1,1,#ff7f0e,0.0050606532022356,18,5,13,0,103.0,139.0,0.0,0.000147,0.0,0.817,0.0,0.7284,0.4895,broker
hermosa,1,2,#ff7f0e,0.0038019984494894,6,3,3,0,62.0,29.0,0.0,7.4e-05,0.0,1.0,0.0,0.5,-0.4701,broker
chucho,1,5,#ff7f0e,0.0013745223404839,4,1,3,0,27.0,14.0,0.0,8.6e-05,0.0,0.8333,0.0,0.375,-0.7746,periferico
nader,1,5,#ff7f0e,0.0023499159142374,5,1,4,0,27.0,26.0,0.0,9.7e-05,0.0,0.8,0.0,0.72,-0.7746,broker
inaugurar,1,7,#ff7f0e,0.0072855874896049,15,1,14,0,13.0,154.0,0.0,0.000116,0.0,0.8286,0.0,0.8,-0.3536,broker
olga,1,5,#ff7f0e,0.0030417044181376,10,2,8,0,49.0,60.0,0.0,0.0001,0.0,0.9111,0.0,0.78,0.2582,broker
sosa,1,5,#ff7f0e,0.0045110550709068,11,2,9,0,48.0,70.0,0.0,0.000108,0.0,0.8364,0.0,0.7769,1.291,broker
izaguirre,1,1,#ff7f0e,0.0017607401823624,6,2,4,0,45.0,18.0,0.0,7.6e-05,0.0,0.8667,0.0,0.5,-0.2507,broker
invitacion,1,5,#ff7f0e,0.0026235035620629,9,0,9,0,0.0,117.0,0.0,8.5e-05,0.0,1.0,0.0,0.7407,-1.8074,broker
nora,1,1,#ff7f0e,0.0017514612991362,7,2,5,0,44.0,29.0,0.0,8.1e-05,0.0,0.8571,0.0,0.5714,-0.2507,broker
laredo,1,1,#ff7f0e,0.0165280625224113,22,6,16,0,85.0,118.0,0.0,0.000223,0.0,0.5152,0.0,0.6942,1.0447,broker
ecologia,1,4,#ff7f0e,0.0017398142954334,14,3,11,0,27.0,130.0,0.0,0.000104,0.0,0.8791,0.0,0.7755,0.8751,broker
fortalece,1,0,#ff7f0e,0.0017039394006133,3,2,1,0,46.0,7.0,0.0,5.9e-05,0.0,1.0,0.0,0.4444,-1.0,periferico
senadora,1,5,#ff7f0e,0.0033627266529947,11,3,8,0,52.0,62.0,0.0,0.000104,0.0,0.8727,0.0,0.7769,1.291,broker
funcional,1,4,#ff7f0e,0.0033925706520676,8,0,8,0,0.0,104.0,0.0,7.9e-05,0.0,1.0,0.0,0.75,-0.5569,broker
fronterizo,1,1,#ff7f0e,0.0052837980911135,3,2,1,0,30.0,6.0,0.0,6.6e-05,0.0,1.0,0.0,0.4444,-0.6209,periferico
cuarta,1,2,#ff7f0e,0.0015312453033402,7,3,4,0,49.0,31.0,0.0,7.3e-05,0.0,0.9524,0.0,0.7347,-0.4701,broker
uat,1,1,#ff7f0e,0.0039737839251756,16,5,11,0,49.0,90.0,0.0,0.000114,0.0,0.6083,0.0,0.7188,0.3045,broker
garza,1,1,#ff7f0e,0.0048750806599855,11,2,9,0,17.0,91.0,0.0,8.3e-05,0.0,0.9636,0.0,0.7438,-0.2507,broker
rehabilitacion,1,7,#ff7f0e,0.0098262382671237,16,3,13,0,29.0,129.0,0.0,0.000142,0.0,0.775,0.0,0.8203,1.7678,broker
pavimentacion,1,4,#ff7f0e,0.0032691822852939,14,1,13,0,7.0,122.0,0.0,9.4e-05,0.0,0.8571,0.0,0.8163,0.1591,broker
andrea,1,2,#ff7f0e,0.0013773617101833,2,2,0,0,27.0,0.0,0.0,5e-05,0.0,1.0,0.0,0.0,-0.8149,periferico
nld,1,6,#ff7f0e,0.0034231676254421,2,2,0,0,34.0,0.0,0.0,6.9e-05,0.0,1.0,0.0,0.0,-0.2673,periferico
club,1,1,#ff7f0e,0.0067188651300966,16,5,11,0,48.0,95.0,0.0,0.000105,0.0,0.825,0.0,0.6797,0.4895,broker
huasteca,1,7,#ff7f0e,0.0037812141235917,11,0,11,0,0.0,93.0,0.0,7.7e-05,0.0,0.9273,0.0,0.8099,-0.3536,broker
diputada,1,5,#ff7f0e,0.0029725392814725,9,2,7,0,18.0,64.0,0.0,8.6e-05,0.0,0.8611,0.0,0.716,0.2582,broker
pintura,1,7,#ff7f0e,0.0049712783657014,12,1,11,0,9.0,85.0,0.0,8.3e-05,0.0,0.8485,0.0,0.7917,0.7071,broker
clinica,1,2,#ff7f0e,0.0068098339252173,4,1,3,0,13.0,15.0,0.0,5.1e-05,0.0,1.0,0.0,0.625,-0.8149,broker
mante,1,6,#ff7f0e,0.0095851877704262,9,2,7,0,18.0,48.0,0.0,9.7e-05,0.0,0.5278,0.0,0.716,-0.2673,broker
sanfernando,1,6,#ff7f0e,0.0012004004092887,3,3,0,0,26.0,0.0,0.0,6.6e-05,0.0,0.6667,0.0,0.0,0.5345,periferico
ciclo,1,1,#ff7f0e,0.0019968813285231,9,2,7,0,22.0,35.0,0.0,7.1e-05,0.0,0.7778,0.0,0.6914,-0.2507,broker
climatico,1,1,#ff7f0e,0.0019327263580635,7,1,6,0,9.0,49.0,0.0,6.2e-05,0.0,1.0,0.0,0.6531,-0.6209,broker
lucero,1,5,#ff7f0e,0.0015313415788114,6,1,5,0,11.0,25.0,0.0,6.1e-05,0.0,0.9333,0.0,0.6667,0.2582,broker
alta,1,1,#ff7f0e,0.0059435055591166,4,0,4,0,0.0,25.0,0.0,4.9e-05,0.0,1.0,0.0,0.625,-0.8059,broker
blindado,1,2,#ff7f0e,0.0010669975308701,3,2,1,0,19.0,6.0,0.0,4.9e-05,0.0,1.0,0.0,0.4444,-0.8149,periferico
disenado,1,1,#ff7f0e,0.0020655749831348,6,1,5,0,6.0,33.0,0.0,5.4e-05,0.0,1.0,0.0,0.7222,-0.8059,broker
enfatizar,1,1,#ff7f0e,0.0042924210429191,4,1,3,0,7.0,21.0,0.0,5e-05,0.0,1.0,0.0,0.75,-0.8059,broker
bulevar,1,4,#ff7f0e,0.0021907149348407,2,1,1,0,9.0,4.0,0.0,6e-05,0.0,0.0,0.0,0.5,-0.5569,broker
fidel,1,4,#ff7f0e,0.0016201563412323,5,1,4,0,9.0,25.0,0.0,8.4e-05,0.0,0.6,0.0,0.64,-0.5569,broker
peraza,1,1,#ff7f0e,0.0014573612716048,5,0,5,0,0.0,34.0,0.0,5.2e-05,0.0,1.0,0.0,0.64,-0.8059,broker
creatividad,1,1,#ff7f0e,0.0013653041096404,8,1,7,0,9.0,35.0,0.0,5.8e-05,0.0,0.9643,0.0,0.5312,-0.0657,broker
promotor,1,1,#ff7f0e,0.001278968877159,6,2,4,0,13.0,23.0,0.0,5.4e-05,0.0,1.0,0.0,0.6111,-0.4358,broker
asistencia,1,1,#ff7f0e,0.0018022508593276,4,0,4,0,0.0,23.0,0.0,4.8e-05,0.0,1.0,0.0,0.75,-0.8059,broker
inaugural,1,1,#ff7f0e,0.0012002115836367,5,0,5,0,0.0,29.0,0.0,5.1e-05,0.0,1.0,0.0,0.56,-0.8059,broker
jovenes,1,6,#ff7f0e,0.0015423111617565,3,0,3,0,0.0,22.0,0.0,4.8e-05,0.0,1.0,0.0,0.4444,-1.8708,periferico
municipios,1,1,#ff7f0e,0.002000612206757,5,0,5,0,0.0,27.0,0.0,5.2e-05,0.0,0.9,0.0,0.72,-0.8059,broker
esencial,1,1,#ff7f0e,0.0015942591708153,5,0,5,0,0.0,25.0,0.0,5.2e-05,0.0,0.9,0.0,0.56,-0.4358,broker
reflector,1,7,#ff7f0e,0.0023353940341621,1,1,0,0,7.0,0.0,0.0,4.4e-05,0.0,0.0,0.0,0.0,-0.3536,periferico
externar,1,1,#ff7f0e,0.0012496939161792,2,1,1,0,6.0,5.0,0.0,4.4e-05,0.0,1.0,0.0,0.5,-0.8059,broker
posicion,1,1,#ff7f0e,0.0043963645584881,4,1,3,0,6.0,14.0,0.0,4.7e-05,0.0,1.0,0.0,0.625,-0.6209,broker
abandono,1,4,#ff7f0e,0.0049325595609843,3,0,3,0,0.0,14.0,0.0,4.5e-05,0.0,1.0,0.0,0.6667,-0.5569,broker
zaragoza,1,4,#ff7f0e,0.0011669032974168,1,0,1,0,0.0,4.0,0.0,4.1e-05,0.0,0.0,0.0,0.0,-1.2729,periferico
anam,1,1,#ff7f0e,0.0010324181057512,1,0,1,0,0.0,4.0,0.0,4.3e-05,0.0,0.0,0.0,0.0,-0.8059,periferico
buenavista,1,1,#ff7f0e,0.0040589962154626,2,0,2,0,0.0,8.0,0.0,4.4e-05,0.0,1.0,0.0,0.5,-0.8059,broker
corina,12,0,#98df8a,0.0158990826457738,24,7,17,0,679.0,192.0,0.0,0.001213,0.0,0.5942,0.0,0.8542,0.8165,broker
maria,12,0,#98df8a,0.0789405480027198,51,6,43,2,638.0,498.0,144.0,0.001902,0.0,0.2776,0.0,0.905,0.0,broker
machado,12,0,#98df8a,0.0136969564482569,22,7,15,0,588.0,153.0,0.0,0.001039,0.0,0.5931,0.0,0.8388,0.8165,broker
pedir,12,1,#98df8a,0.0090912152081727,67,5,61,1,203.0,756.0,92.0,0.001841,0.0,0.1967,0.0,0.9049,1.2603,broker
volver,12,1,#98df8a,0.0147912530228495,62,5,56,1,156.0,473.0,65.0,0.001252,0.0,0.2247,0.0,0.8996,1.2603,broker
venezuela,12,0,#98df8a,0.0209781546145677,42,6,36,0,313.0,392.0,0.0,0.001149,0.0,0.3577,0.0,0.8844,0.8165,broker
mundo,12,5,#98df8a,0.0129386950284242,76,6,68,2,82.0,964.0,175.0,0.002138,0.0,0.1684,0.0,0.9072,2.7777,conector_provincial
trump,12,2,#98df8a,0.014404684305191,49,6,43,0,136.0,562.0,0.0,0.001292,0.0,0.2798,0.0,0.8913,3.2504,conector_provincial
orden,12,1,#98df8a,0.0108707314357161,40,4,36,0,118.0,334.0,0.0,0.000817,0.0,0.3923,0.0,0.8975,0.7001,broker
eeuu,12,2,#98df8a,0.0133922202512621,29,3,26,0,80.0,250.0,0.0,0.000559,0.0,0.5616,0.0,0.8823,0.7223,broker
fuerza,12,4,#98df8a,0.0060501457192003,46,6,40,0,66.0,451.0,0.0,0.000895,0.0,0.3604,0.0,0.8998,1.6512,broker
vivo,12,7,#98df8a,0.0084450431168079,46,3,43,0,29.0,401.0,0.0,0.000805,0.0,0.3024,0.0,0.8837,2.4207,broker
maduro,12,0,#98df8a,0.0100428275763988,25,5,20,0,182.0,185.0,0.0,0.000585,0.0,0.56,0.0,0.8448,0.0,broker
negar,12,1,#98df8a,0.0104118343442678,16,4,12,0,81.0,92.0,0.0,0.000296,0.0,0.7417,0.0,0.8125,0.14,broker
regimen,12,0,#98df8a,0.009272901341319,26,6,20,0,165.0,151.0,0.0,0.00052,0.0,0.5662,0.0,0.8669,0.0,broker
petroleo,12,2,#98df8a,0.0089866230264306,23,2,21,0,42.0,136.0,0.0,0.000355,0.0,0.581,0.0,0.8809,-0.1204,broker
imagen,12,3,#98df8a,0.0170722473412752,34,3,31,0,33.0,223.0,0.0,0.000548,0.0,0.4029,0.0,0.8529,2.8,conector_provincial
mil,12,5,#98df8a,0.0054227747023105,24,2,22,0,33.0,151.0,0.0,0.000343,0.0,0.6051,0.0,0.875,0.3831,broker
lucha,12,10,#98df8a,0.0051823542453348,24,1,23,0,12.0,207.0,0.0,0.000393,0.0,0.5833,0.0,0.8681,1.0,broker
alla,12,4,#98df8a,0.0041546369902789,24,2,22,0,20.0,169.0,0.0,0.000337,0.0,0.6775,0.0,0.8681,0.6799,broker
necesario,12,9,#98df8a,0.0084855752065777,27,1,26,0,8.0,218.0,0.0,0.000403,0.0,0.5755,0.0,0.8999,0.378,broker
terremoto,12,0,#98df8a,0.0040006032213568,5,3,2,0,57.0,13.0,0.0,0.000131,0.0,1.0,0.0,0.48,-2.4495,periferico
foto,12,3,#98df8a,0.009246589615941,24,3,21,0,39.0,158.0,0.0,0.000395,0.0,0.442,0.0,0.8264,2.0,broker
leer,12,6,#98df8a,0.0132366735488176,24,3,21,0,24.0,172.0,0.0,0.000355,0.0,0.6014,0.0,0.875,0.7416,broker
escribir,12,6,#98df8a,0.0063767665997147,17,2,15,0,17.0,114.0,0.0,0.000259,0.0,0.6912,0.0,0.8304,2.2249,broker
llama,12,1,#98df8a,0.0052921958267688,5,4,1,0,73.0,4.0,0.0,0.000155,0.0,1.0,0.0,0.32,0.14,periferico
rubio,12,2,#98df8a,0.0036116759292781,11,1,10,0,18.0,60.0,0.0,0.000153,0.0,0.8182,0.0,0.7934,-0.5417,broker
decidir,12,6,#98df8a,0.0041354708373546,20,2,18,0,14.0,111.0,0.0,0.000244,0.0,0.5895,0.0,0.87,0.7416,broker
show,12,3,#98df8a,0.0062513640150427,12,1,11,0,15.0,85.0,0.0,0.000211,0.0,0.7727,0.0,0.8194,0.0,broker
senal,12,7,#98df8a,0.0064155086874961,6,2,4,0,22.0,23.0,0.0,0.00012,0.0,0.5333,0.0,0.6111,1.0151,broker
dictadura,12,11,#98df8a,0.005170848686248,19,0,19,0,0.0,146.0,0.0,0.000263,0.0,0.7076,0.0,0.8144,0.0,broker
valiente,12,4,#98df8a,0.0077954796142876,24,3,21,0,24.0,146.0,0.0,0.000324,0.0,0.5688,0.0,0.8194,1.1655,broker
resto,12,8,#98df8a,0.006754299160093,12,1,11,0,7.0,68.0,0.0,0.000192,0.0,0.6515,0.0,0.8333,2.5253,conector_provincial
par,12,5,#98df8a,0.0094939861446619,13,2,11,0,20.0,62.0,0.0,0.000186,0.0,0.6667,0.0,0.8284,0.3831,broker
chavez,12,3,#98df8a,0.0023629481438547,5,0,5,0,0.0,30.0,0.0,8.9e-05,0.0,0.4,0.0,0.72,-0.8,broker
gasolina,12,4,#98df8a,0.0019540579523891,16,2,14,0,20.0,93.0,0.0,0.000217,0.0,0.8083,0.0,0.8359,-0.2914,broker
heroe,12,4,#98df8a,0.0039473618380725,13,3,10,0,26.0,60.0,0.0,0.000177,0.0,0.8333,0.0,0.7929,0.1943,broker
entrevista,12,6,#98df8a,0.013015728443861,16,2,14,0,13.0,99.0,0.0,0.000204,0.0,0.775,0.0,0.8516,0.7416,broker
masivo,12,5,#98df8a,0.0054389317519962,2,1,1,0,13.0,6.0,0.0,6.8e-05,0.0,1.0,0.0,0.5,-0.5747,broker
estilo,12,3,#98df8a,0.0095801576972007,11,0,11,0,0.0,64.0,0.0,0.000145,0.0,0.8,0.0,0.843,-0.4,broker
resistencia,12,10,#98df8a,0.0095460349693894,11,2,9,0,19.0,49.0,0.0,0.000174,0.0,0.6727,0.0,0.7273,1.0,broker
israel,12,2,#98df8a,0.0092387869954109,8,2,6,0,20.0,39.0,0.0,0.000135,0.0,0.7143,0.0,0.75,0.301,broker
bloquear,12,9,#98df8a,0.0043573840521276,7,1,6,0,8.0,38.0,0.0,0.000111,0.0,0.9048,0.0,0.8163,0.378,broker
milagro,12,3,#98df8a,0.0033644107170403,10,1,9,0,10.0,52.0,0.0,0.000139,0.0,0.8,0.0,0.84,-0.4,broker
brazo,12,4,#98df8a,0.0020734055433422,12,2,10,0,15.0,52.0,0.0,0.000165,0.0,0.6667,0.0,0.75,0.6799,broker
pelo,12,2,#98df8a,0.0037935110740363,6,1,5,0,10.0,28.0,0.0,0.000138,0.0,0.5333,0.0,0.6111,0.301,broker
extrano,12,2,#98df8a,0.0046736188232898,7,0,7,0,0.0,41.0,0.0,0.000103,0.0,0.7619,0.0,0.7755,-0.1204,broker
exactamente,12,5,#98df8a,0.0043649147264659,5,1,4,0,10.0,18.0,0.0,8.1e-05,0.0,1.0,0.0,0.72,-0.5747,broker
preso,12,9,#98df8a,0.0041041513904929,8,0,8,0,0.0,47.0,0.0,0.000114,0.0,0.7143,0.0,0.6875,0.378,broker
tenia,12,8,#98df8a,0.0026574414223432,7,0,7,0,0.0,43.0,0.0,0.000104,0.0,1.0,0.0,0.7347,-0.777,broker
misericordia,12,7,#98df8a,0.0030190825928002,6,1,5,0,6.0,37.0,0.0,0.000103,0.0,1.0,0.0,0.8333,-0.3904,broker
vestido,12,3,#98df8a,0.0034359907731413,9,1,8,0,6.0,45.0,0.0,0.000142,0.0,0.5833,0.0,0.716,0.4,broker
nicaragua,12,6,#98df8a,0.0011761531932279,4,0,4,0,0.0,24.0,0.0,7.5e-05,0.0,1.0,0.0,0.75,-0.7416,broker
entrevistar,12,5,#98df8a,0.0019025988876819,3,1,2,0,9.0,9.0,0.0,6.7e-05,0.0,1.0,0.0,0.4444,-0.0958,periferico
cabello,12,3,#98df8a,0.0022609943989664,9,1,8,0,7.0,41.0,0.0,0.000112,0.0,0.6667,0.0,0.642,0.0,broker
interno,12,7,#98df8a,0.0134620936587452,6,0,6,0,0.0,31.0,0.0,8.8e-05,0.0,0.8667,0.0,0.6111,-1.0932,broker
recomendar,12,6,#98df8a,0.0080973505973815,7,1,6,0,8.0,34.0,0.0,0.000105,0.0,0.8095,0.0,0.8163,0.0,broker
visto,12,3,#98df8a,0.002476043999195,7,0,7,0,0.0,34.0,0.0,9.6e-05,0.0,0.6667,0.0,0.7755,-0.4,broker
milei,12,5,#98df8a,0.0034015513956546,5,1,4,0,9.0,17.0,0.0,8e-05,0.0,0.9,0.0,0.8,-0.5747,broker
barrio,12,6,#98df8a,0.0074514304287731,7,1,6,0,6.0,35.0,0.0,0.000157,0.0,0.6667,0.0,0.7347,-0.7416,broker
santiago,12,8,#98df8a,0.0072187422774732,4,1,3,0,8.0,20.0,0.0,8.9e-05,0.0,1.0,0.0,0.625,0.8742,broker
democratico,12,0,#98df8a,0.0025892870035022,8,4,4,0,30.0,17.0,0.0,0.000102,0.0,0.8571,0.0,0.4062,0.0,periferico
conciencia,12,8,#98df8a,0.0018507435452193,6,0,6,0,0.0,31.0,0.0,8.6e-05,0.0,0.9333,0.0,0.8333,-0.777,broker
telemundo,12,2,#98df8a,0.001200578524731,2,1,1,0,8.0,5.0,0.0,5.9e-05,0.0,1.0,0.0,0.5,-0.5417,broker
captura,12,8,#98df8a,0.0088444259017705,4,0,4,0,0.0,22.0,0.0,7.3e-05,0.0,1.0,0.0,0.625,-0.777,broker
romero,12,8,#98df8a,0.008126949891448,7,1,6,0,8.0,27.0,0.0,0.000109,0.0,0.5714,0.0,0.8163,0.8742,broker
testimonio,12,8,#98df8a,0.0024176104925572,1,1,0,0,7.0,0.0,0.0,5.4e-05,0.0,0.0,0.0,0.0,0.8742,periferico
recien,12,2,#98df8a,0.00167810509447,1,0,1,0,0.0,7.0,0.0,5e-05,0.0,0.0,0.0,0.0,-0.9631,periferico
referencia,12,1,#98df8a,0.0028095033485442,2,1,1,0,7.0,4.0,0.0,5.6e-05,0.0,1.0,0.0,0.0,-0.9802,periferico
depresion,12,10,#98df8a,0.0019928622059524,2,0,2,0,0.0,12.0,0.0,5.7e-05,0.0,1.0,0.0,0.5,-1.0,broker
florida,12,2,#98df8a,0.0050170994363725,4,0,4,0,0.0,19.0,0.0,8.6e-05,0.0,0.6667,0.0,0.5,-0.1204,broker
danar,12,4,#98df8a,0.0042040976695716,9,0,9,0,0.0,43.0,0.0,0.000108,0.0,0.8056,0.0,0.8148,-1.2627,broker
presumir,12,7,#98df8a,0.0075191836804151,7,1,6,0,7.0,29.0,0.0,0.000101,0.0,0.8095,0.0,0.7755,-0.3904,broker
maldad,12,7,#98df8a,0.0018036832334473,6,0,6,0,0.0,30.0,0.0,8.4e-05,0.0,1.0,0.0,0.8333,-0.3904,broker
desperdicio,12,10,#98df8a,0.0012414902448654,1,1,0,0,7.0,0.0,0.0,5.4e-05,0.0,0.0,0.0,0.0,-1.0,periferico
caido,12,4,#98df8a,0.0024650101549923,4,3,1,0,19.0,4.0,0.0,7.8e-05,0.0,0.6667,0.0,0.375,-0.2914,periferico
feminismo,12,3,#98df8a,0.0012414490338414,2,0,2,0,0.0,11.0,0.0,6e-05,0.0,1.0,0.0,0.5,-0.8,broker
regla,12,7,#98df8a,0.0031684436835348,5,1,4,0,6.0,22.0,0.0,8.5e-05,0.0,0.7,0.0,0.8,-0.3904,broker
leyenda,12,6,#98df8a,0.0038340077735483,3,0,3,0,0.0,16.0,0.0,6.4e-05,0.0,1.0,0.0,0.6667,-1.4832,broker
sorprender,12,8,#98df8a,0.0104706119745969,8,0,8,0,0.0,39.0,0.0,0.000102,0.0,0.7857,0.0,0.8125,0.8742,broker
microfono,12,4,#98df8a,0.0013552519958466,1,1,0,0,6.0,0.0,0.0,4.9e-05,0.0,0.0,0.0,0.0,-1.2627,periferico
tepito,12,6,#98df8a,0.0014966304879635,2,1,1,0,6.0,5.0,0.0,0.000138,0.0,0.0,0.0,0.0,0.0,periferico
restriccion,12,1,#98df8a,0.0027193466667085,2,1,1,0,6.0,4.0,0.0,5.4e-05,0.0,1.0,0.0,0.0,-0.9802,periferico
soler,12,7,#98df8a,0.0014740006299689,4,0,4,0,0.0,19.0,0.0,7.1e-05,0.0,0.6667,0.0,0.625,-0.3904,broker
obviamente,12,3,#98df8a,0.003561558201909,7,0,7,0,0.0,37.0,0.0,0.000101,0.0,0.7619,0.0,0.7755,-0.4,broker
marchar,12,9,#98df8a,0.0035578375682234,5,0,5,0,0.0,24.0,0.0,7.4e-05,0.0,1.0,0.0,0.72,-1.1339,broker
ingenieria,12,8,#98df8a,0.008864227682352,1,0,1,0,0.0,6.0,0.0,4.7e-05,0.0,0.0,0.0,0.0,-0.777,periferico
liberacion,12,9,#98df8a,0.0028749832417815,5,1,4,0,6.0,16.0,0.0,9.6e-05,0.0,0.5,0.0,0.72,1.8898,broker
nocturno,12,9,#98df8a,0.0054184650070965,2,1,1,0,6.0,6.0,0.0,7.1e-05,0.0,1.0,0.0,0.5,0.378,broker
identificacion,12,3,#98df8a,0.0036955422256141,3,0,3,0,0.0,14.0,0.0,6.1e-05,0.0,1.0,0.0,0.6667,-0.8,broker
pintar,12,3,#98df8a,0.004237693734467,4,0,4,0,0.0,18.0,0.0,7e-05,0.0,1.0,0.0,0.375,0.0,periferico
impecable,12,3,#98df8a,0.0014085011789575,2,0,2,0,0.0,9.0,0.0,6.2e-05,0.0,0.0,0.0,0.5,-0.8,broker
lucir,12,3,#98df8a,0.0046773920767009,6,0,6,0,0.0,27.0,0.0,0.000108,0.0,0.4667,0.0,0.5,0.4,broker
vai,12,2,#98df8a,0.0010899181943386,1,0,1,0,0.0,5.0,0.0,5.5e-05,0.0,0.0,0.0,0.0,-0.5417,periferico
mona,12,8,#98df8a,0.0035470572765916,1,0,1,0,0.0,5.0,0.0,4.7e-05,0.0,0.0,0.0,0.0,-0.777,periferico
narrativa,12,8,#98df8a,0.0027275085449218,3,0,3,0,0.0,13.0,0.0,5.9e-05,0.0,1.0,0.0,0.6667,-0.777,broker
extraccion,12,8,#98df8a,0.0038231466896831,2,0,2,0,0.0,10.0,0.0,5.4e-05,0.0,0.0,0.0,0.5,-0.777,broker
morder,12,5,#98df8a,0.0014756659511476,3,0,3,0,0.0,13.0,0.0,6.1e-05,0.0,0.6667,0.0,0.6667,-0.5747,broker
tesoro,12,6,#98df8a,0.002055003773421,1,0,1,0,0.0,5.0,0.0,9.2e-05,0.0,0.0,0.0,0.0,-0.7416,periferico
popularidad,12,8,#98df8a,0.0024567076470702,2,0,2,0,0.0,8.0,0.0,5.1e-05,0.0,1.0,0.0,0.5,-0.777,broker
quiero,12,7,#98df8a,0.0016423482447862,3,0,3,0,0.0,12.0,0.0,5.8e-05,0.0,1.0,0.0,0.6667,-0.3904,broker
marihuana,12,8,#98df8a,0.0015729550505056,1,0,1,0,0.0,4.0,0.0,7.1e-05,0.0,0.0,0.0,0.0,0.8742,periferico
transportar,12,8,#98df8a,0.0022347327321767,3,0,3,0,0.0,12.0,0.0,0.000113,0.0,0.3333,0.0,0.6667,0.8742,broker
negociacion,12,2,#98df8a,0.0014123050495982,3,0,3,0,0.0,12.0,0.0,5.6e-05,0.0,1.0,0.0,0.4444,-0.5417,periferico
miami,12,2,#98df8a,0.0013900840422138,2,0,2,0,0.0,8.0,0.0,6e-05,0.0,1.0,0.0,0.5,-0.5417,broker
beso,12,4,#98df8a,0.0021060665603727,2,0,2,0,0.0,8.0,0.0,5.4e-05,0.0,1.0,0.0,0.5,-1.2627,broker
represion,12,11,#98df8a,0.0014691643882542,3,0,3,0,0.0,12.0,0.0,5.6e-05,0.0,1.0,0.0,0.4444,0.0,periferico
terrestre,12,8,#98df8a,0.0037146077957004,2,0,2,0,0.0,8.0,0.0,5e-05,0.0,1.0,0.0,0.5,-0.777,broker
ministerial,12,9,#98df8a,0.0036171963438391,1,0,1,0,0.0,4.0,0.0,4.5e-05,0.0,0.0,0.0,0.0,-1.1339,periferico
fijar,12,6,#98df8a,0.0035918622743338,2,0,2,0,0.0,8.0,0.0,5.2e-05,0.0,1.0,0.0,0.5,-0.7416,broker
fino,12,5,#98df8a,0.0013631631154567,1,0,1,0,0.0,4.0,0.0,4.5e-05,0.0,0.0,0.0,0.0,-0.5747,periferico
flaco,12,2,#98df8a,0.0010257064132019,1,0,1,0,0.0,4.0,0.0,4.5e-05,0.0,0.0,0.0,0.0,-0.5417,periferico
episodio,12,8,#98df8a,0.0036255570594221,1,0,1,0,0.0,4.0,0.0,4.5e-05,0.0,0.0,0.0,0.0,-0.777,periferico
reptil,12,3,#98df8a,0.0045211194083094,1,0,1,0,0.0,4.0,0.0,4.6e-05,0.0,0.0,0.0,0.0,-0.8,periferico
fanatico,12,5,#98df8a,0.0023733342532068,1,0,1,0,0.0,4.0,0.0,4.5e-05,0.0,0.0,0.0,0.0,-0.5747,periferico
atropellamiento,12,9,#98df8a,0.0022711935453116,1,0,1,0,0.0,4.0,0.0,4.6e-05,0.0,0.0,0.0,0.0,-1.1339,periferico
facundo,12,1,#98df8a,0.001472286763601,1,0,1,0,0.0,4.0,0.0,4.5e-05,0.0,0.0,0.0,0.0,-1.5403,periferico
derecho,24,3,#9467bd,0.0191016402095556,53,3,50,0,118.0,604.0,0.0,0.001316,0.0,0.3222,0.0,0.9042,0.75,broker
ley,24,3,#9467bd,0.0105123147368431,60,3,57,0,125.0,691.0,0.0,0.001579,0.0,0.2638,0.0,0.9078,0.75,broker
edad,24,8,#9467bd,0.0051858248189091,28,1,26,1,78.0,233.0,85.0,0.000624,0.0,0.5476,0.0,0.9133,-0.5774,broker
menor,24,8,#9467bd,0.0211909748613834,27,1,26,0,78.0,268.0,0.0,0.000614,0.0,0.5584,0.0,0.8861,1.7321,broker
genero,24,4,#9467bd,0.0093069188296794,17,1,16,0,58.0,110.0,0.0,0.000308,0.0,0.7647,0.0,0.8374,0.3536,broker
violencia,24,4,#9467bd,0.0355836190283298,47,3,43,1,106.0,506.0,103.0,0.001197,0.0,0.358,0.0,0.9036,1.6263,broker
infancia,24,6,#9467bd,0.0060844295658171,5,2,3,0,76.0,18.0,0.0,0.000271,0.0,0.4,0.0,0.72,0.2462,broker
liberar,24,6,#9467bd,0.0133037017658352,8,2,6,0,60.0,31.0,0.0,0.000272,0.0,0.2857,0.0,0.6875,1.9695,broker
judicial,24,0,#9467bd,0.0253413747996091,38,10,28,0,184.0,264.0,0.0,0.000846,0.0,0.4182,0.0,0.8435,2.2797,broker
reforma,24,0,#9467bd,0.0055788396857678,28,6,22,0,124.0,208.0,0.0,0.000618,0.0,0.5608,0.0,0.8469,0.977,broker
cambio,24,1,#9467bd,0.0099259419366717,55,8,46,1,93.0,398.0,66.0,0.001099,0.0,0.2384,0.0,0.915,2.2199,broker
ciudadano,24,7,#9467bd,0.0055370475165545,67,7,59,1,69.0,757.0,128.0,0.001815,0.0,0.2112,0.0,0.9138,2.7386,conector_provincial
libre,24,4,#9467bd,0.0109141319990158,47,4,43,0,57.0,381.0,0.0,0.000938,0.0,0.3312,0.0,0.9036,1.6263,broker
defender,24,2,#9467bd,0.0052358889952301,48,7,41,0,81.0,412.0,0.0,0.001003,0.0,0.281,0.0,0.8898,2.8284,conector_provincial
proteger,24,2,#9467bd,0.0033269450068473,46,4,41,1,49.0,368.0,69.0,0.000857,0.0,0.3643,0.0,0.9093,0.9,broker
lider,24,5,#9467bd,0.0093066804111003,38,4,34,0,32.0,264.0,0.0,0.000615,0.0,0.4026,0.0,0.9044,1.941,broker
electoral,24,0,#9467bd,0.0165926348417997,27,7,20,0,120.0,174.0,0.0,0.000591,0.0,0.4986,0.0,0.8368,0.977,broker
juez,24,0,#9467bd,0.0048142182640731,29,5,24,0,83.0,178.0,0.0,0.000497,0.0,0.4877,0.0,0.8728,0.6513,broker
frente,24,1,#9467bd,0.0086401989683508,52,7,44,1,100.0,348.0,96.0,0.001021,0.0,0.2813,0.0,0.9105,1.8371,broker
adolescencia,24,6,#9467bd,0.0020341877825558,2,2,0,0,40.0,0.0,0.0,0.000139,0.0,1.0,0.0,0.0,0.2462,periferico
institucion,24,9,#9467bd,0.0036840960383415,41,4,37,0,48.0,332.0,0.0,0.000784,0.0,0.3561,0.0,0.9042,2.4411,broker
investigar,24,5,#9467bd,0.0063353911973536,33,4,29,0,28.0,222.0,0.0,0.000485,0.0,0.4564,0.0,0.8834,1.4018,broker
impunidad,24,3,#9467bd,0.0039658201858401,20,2,18,0,40.0,116.0,0.0,0.000337,0.0,0.6579,0.0,0.875,0.75,broker
medida,24,1,#9467bd,0.0093914633616805,25,5,20,0,50.0,184.0,0.0,0.000434,0.0,0.6367,0.0,0.8576,1.0717,broker
tribunal,24,0,#9467bd,0.0085350358858704,15,7,8,0,105.0,45.0,0.0,0.000311,0.0,0.581,0.0,0.64,0.977,broker
cercania,24,7,#9467bd,0.0099580092355608,6,1,5,0,23.0,25.0,0.0,0.000126,0.0,0.5333,0.0,0.7222,0.0,broker
nacion,24,11,#9467bd,0.0051644179038703,24,2,22,0,18.0,191.0,0.0,0.000395,0.0,0.6703,0.0,0.8889,0.0,broker
constitucion,24,3,#9467bd,0.0032860715873539,18,2,16,0,41.0,104.0,0.0,0.000282,0.0,0.6993,0.0,0.8333,-0.5,broker
defensa,24,11,#9467bd,0.0052011064253747,20,2,18,0,14.0,139.0,0.0,0.000294,0.0,0.6474,0.0,0.885,0.7746,broker
dignidad,24,2,#9467bd,0.007226038724184,14,3,11,0,38.0,86.0,0.0,0.000244,0.0,0.8681,0.0,0.8469,0.1286,broker
directiva,24,9,#9467bd,0.0045338324271142,8,2,6,0,28.0,29.0,0.0,0.000161,0.0,0.5,0.0,0.8125,-0.1436,broker
magistrada,24,0,#9467bd,0.0046562971547245,4,4,0,0,48.0,0.0,0.0,0.000122,0.0,1.0,0.0,0.0,-0.3257,periferico
nepotismo,24,0,#9467bd,0.0029852751176804,5,3,2,0,35.0,14.0,0.0,0.00012,0.0,0.8,0.0,0.56,-0.6513,broker
supremo,24,0,#9467bd,0.0038906338158994,4,2,2,0,30.0,9.0,0.0,0.000105,0.0,1.0,0.0,0.375,-0.6513,periferico
estructura,24,1,#9467bd,0.005191926844418,16,4,12,0,35.0,68.0,0.0,0.000218,0.0,0.7917,0.0,0.8672,0.3062,broker
imponer,24,0,#9467bd,0.0063067460432648,14,3,11,0,31.0,64.0,0.0,0.000198,0.0,0.7363,0.0,0.8367,-0.6513,broker
colombia,24,6,#9467bd,0.009116418659687,15,1,14,0,14.0,94.0,0.0,0.000225,0.0,0.6857,0.0,0.8356,-0.6155,broker
rusia,24,6,#9467bd,0.0070678535848855,10,1,9,0,14.0,50.0,0.0,0.000154,0.0,0.6,0.0,0.84,0.2462,broker
fondo,24,1,#9467bd,0.0049238367937505,14,3,11,0,27.0,66.0,0.0,0.000194,0.0,0.8022,0.0,0.8265,0.3062,broker
grito,24,4,#9467bd,0.0046506985090672,8,2,6,0,22.0,26.0,0.0,0.00012,0.0,0.8214,0.0,0.8438,-0.2828,broker
magistrado,24,0,#9467bd,0.0021798470988869,8,5,3,0,49.0,17.0,0.0,0.000154,0.0,0.75,0.0,0.4062,0.3257,periferico
asesinato,24,5,#9467bd,0.003289878135547,14,1,13,0,7.0,71.0,0.0,0.000206,0.0,0.6484,0.0,0.8469,0.3235,broker
odio,24,2,#9467bd,0.0036203362978994,13,2,11,0,15.0,74.0,0.0,0.000195,0.0,0.6923,0.0,0.8166,0.5143,broker
entero,24,10,#9467bd,0.0029857263434678,10,0,10,0,0.0,53.0,0.0,0.000164,0.0,0.6889,0.0,0.84,-0.1857,broker
totalmente,24,1,#9467bd,0.0062754843384027,18,2,16,0,19.0,100.0,0.0,0.000239,0.0,0.7778,0.0,0.8889,-0.0765,broker
federacion,24,1,#9467bd,0.0025100414641201,12,3,9,0,30.0,48.0,0.0,0.000173,0.0,0.6667,0.0,0.7083,-0.0765,broker
corte,24,11,#9467bd,0.004225377459079,20,3,17,0,26.0,112.0,0.0,0.000302,0.0,0.6368,0.0,0.845,1.5492,broker
capturar,24,7,#9467bd,0.0037801307626068,7,1,6,0,12.0,33.0,0.0,0.000115,0.0,0.7619,0.0,0.7755,0.0,broker
observar,24,10,#9467bd,0.0054821991361677,6,0,6,0,0.0,34.0,0.0,9.9e-05,0.0,0.7333,0.0,0.6667,1.6713,broker
preparacion,24,9,#9467bd,0.0091363061219453,8,2,6,0,18.0,27.0,0.0,0.000126,0.0,0.5714,0.0,0.75,0.5026,broker
universal,24,0,#9467bd,0.0069020274095237,4,1,3,0,11.0,13.0,0.0,8e-05,0.0,1.0,0.0,0.625,-0.977,broker
mafia,24,5,#9467bd,0.0066295112483203,16,3,13,0,21.0,85.0,0.0,0.000215,0.0,0.8083,0.0,0.8672,0.3235,broker
medicina,24,9,#9467bd,0.0079796649515628,12,2,10,0,15.0,55.0,0.0,0.000195,0.0,0.6515,0.0,0.8472,-0.1436,broker
culpable,24,5,#9467bd,0.003259363817051,13,2,11,0,12.0,69.0,0.0,0.000174,0.0,0.8462,0.0,0.8402,-0.2157,broker
distrito,24,0,#9467bd,0.0044436757452785,9,2,7,0,18.0,41.0,0.0,0.000136,0.0,0.7778,0.0,0.7654,-0.6513,broker
independiente,24,12,#9467bd,0.0050695692189037,9,1,8,0,6.0,42.0,0.0,0.00014,0.0,0.5833,0.0,0.8642,0.0,broker
aficion,24,9,#9467bd,0.0067620389163494,4,2,2,0,15.0,14.0,0.0,0.000133,0.0,0.3333,0.0,0.375,0.5026,periferico
estadounidense,24,2,#9467bd,0.0013828129740431,12,2,10,0,16.0,50.0,0.0,0.000147,0.0,0.8333,0.0,0.8472,-0.2571,broker
cuestion,24,9,#9467bd,0.0019668946042656,6,0,6,0,0.0,36.0,0.0,0.000105,0.0,0.6667,0.0,0.8333,-0.7898,broker
merito,24,7,#9467bd,0.0033100086729973,4,1,3,0,9.0,14.0,0.0,0.000119,0.0,0.5,0.0,0.625,0.0,broker
mancha,24,4,#9467bd,0.0051238564774394,2,1,1,0,9.0,4.0,0.0,8.4e-05,0.0,0.0,0.0,0.5,-0.9192,broker
edgar,24,1,#9467bd,0.0037601487711071,1,1,0,0,9.0,0.0,0.0,5.4e-05,0.0,0.0,0.0,0.0,-0.842,periferico
motociclista,24,1,#9467bd,0.0038248747587203,7,1,6,0,9.0,29.0,0.0,0.000115,0.0,0.381,0.0,0.7755,-0.4593,broker
ministra,24,11,#9467bd,0.0031283982098102,7,1,6,0,8.0,37.0,0.0,0.000114,0.0,0.8571,0.0,0.7755,0.0,broker
bala,24,2,#9467bd,0.0013832584954798,2,1,1,0,8.0,4.0,0.0,5.9e-05,0.0,1.0,0.0,0.5,-0.6428,broker
pretender,24,10,#9467bd,0.0031093722209334,9,0,9,0,0.0,47.0,0.0,0.000121,0.0,0.7222,0.0,0.8148,-0.1857,broker
operar,24,10,#9467bd,0.0061281654052436,19,1,18,0,7.0,91.0,0.0,0.000223,0.0,0.5789,0.0,0.8809,1.6713,broker
regreso,24,12,#9467bd,0.0027095943223685,5,0,5,0,0.0,26.0,0.0,8.5e-05,0.0,0.8,0.0,0.72,-1.4142,broker
cjng,24,5,#9467bd,0.0025882441550493,5,1,4,0,8.0,23.0,0.0,9.1e-05,0.0,1.0,0.0,0.72,-0.2157,broker
narcotraficante,24,5,#9467bd,0.0013140334049239,6,1,5,0,8.0,26.0,0.0,9.8e-05,0.0,0.8667,0.0,0.7222,-0.2157,broker
suelo,24,10,#9467bd,0.0043329908512532,11,0,11,0,0.0,59.0,0.0,0.000154,0.0,0.4909,0.0,0.843,-0.1857,broker
milenio,24,10,#9467bd,0.0108521841466426,9,1,8,0,7.0,39.0,0.0,0.000122,0.0,0.75,0.0,0.8395,0.7428,broker
epoca,24,12,#9467bd,0.0059307827614247,11,1,10,0,6.0,50.0,0.0,0.000148,0.0,0.6,0.0,0.8595,1.4142,broker
secuestrar,24,5,#9467bd,0.00357959093526,7,0,7,0,0.0,37.0,0.0,0.00011,0.0,0.8571,0.0,0.8163,-0.7548,broker
trayectoria,24,12,#9467bd,0.0095449341461062,5,0,5,0,0.0,25.0,0.0,9.1e-05,0.0,0.4,0.0,0.72,1.4142,broker
oler,24,5,#9467bd,0.0032743110787123,3,0,3,0,0.0,17.0,0.0,6.6e-05,0.0,1.0,0.0,0.6667,-1.294,broker
recoger,24,8,#9467bd,0.0043218843638896,3,0,3,0,0.0,16.0,0.0,6.5e-05,0.0,1.0,0.0,0.6667,-0.5774,broker
destruccion,24,2,#9467bd,0.0031678660307079,5,2,3,0,13.0,12.0,0.0,8e-05,0.0,1.0,0.0,0.64,-0.2571,broker
modernizacion,24,7,#9467bd,0.0068234768696129,2,1,1,0,7.0,5.0,0.0,5.9e-05,0.0,1.0,0.0,0.5,-0.5477,broker
malla,24,4,#9467bd,0.0010076641337946,1,1,0,0,6.0,0.0,0.0,5e-05,0.0,0.0,0.0,0.0,-0.9192,periferico
legislativo,24,0,#9467bd,0.0027609115932136,2,1,1,0,6.0,5.0,0.0,5.7e-05,0.0,1.0,0.0,0.0,-0.977,periferico
ordinaria,24,1,#9467bd,0.0056358622387051,4,2,2,0,12.0,9.0,0.0,8.1e-05,0.0,0.8333,0.0,0.375,-0.0765,periferico
cantu,24,12,#9467bd,0.0044022807851433,3,0,3,0,0.0,15.0,0.0,7.2e-05,0.0,0.3333,0.0,0.6667,0.0,broker
nombramiento,24,12,#9467bd,0.0021622632630169,2,0,2,0,0.0,10.0,0.0,5.5e-05,0.0,1.0,0.0,0.5,-1.4142,broker
transparente,24,1,#9467bd,0.0032321056351065,3,0,3,0,0.0,15.0,0.0,6.3e-05,0.0,1.0,0.0,0.4444,-1.2247,periferico
testigo,24,13,#9467bd,0.0048666023649275,7,0,7,0,0.0,31.0,0.0,0.000116,0.0,0.4762,0.0,0.8163,1.5811,broker
identificado,24,8,#9467bd,0.0026478059589862,2,0,2,0,0.0,11.0,0.0,5.6e-05,0.0,1.0,0.0,0.5,-0.5774,broker
consciente,24,7,#9467bd,0.0016327811172232,1,1,0,0,6.0,0.0,0.0,4.9e-05,0.0,0.0,0.0,0.0,-0.5477,periferico
narcos,24,2,#9467bd,0.0024173939600586,5,1,4,0,6.0,16.0,0.0,7.5e-05,0.0,0.8,0.0,0.8,-0.6428,broker
constituir,24,7,#9467bd,0.0023072103504091,1,1,0,0,6.0,0.0,0.0,4.9e-05,0.0,0.0,0.0,0.0,-0.5477,periferico
corrupta,24,2,#9467bd,0.0013957367045804,2,0,2,0,0.0,11.0,0.0,5.8e-05,0.0,1.0,0.0,0.5,-0.6428,broker
ciudadanos,24,7,#9467bd,0.0018951203674077,1,1,0,0,6.0,0.0,0.0,4.9e-05,0.0,0.0,0.0,0.0,-0.5477,periferico
ordenado,24,1,#9467bd,0.0150529844686388,5,1,4,0,6.0,18.0,0.0,8.8e-05,0.0,0.8,0.0,0.56,-0.0765,broker
acumular,24,12,#9467bd,0.0056286035105586,3,0,3,0,0.0,14.0,0.0,6.8e-05,0.0,0.6667,0.0,0.4444,0.0,periferico
evaluacion,24,1,#9467bd,0.0077306227758526,2,1,1,0,6.0,4.0,0.0,5.9e-05,0.0,0.0,0.0,0.5,-0.842,broker
gobernacion,24,4,#9467bd,0.0011728290701285,6,0,6,0,0.0,28.0,0.0,9.2e-05,0.0,0.7333,0.0,0.6111,0.3536,broker
poza,24,6,#9467bd,0.0018042956944555,2,0,2,0,0.0,9.0,0.0,5.4e-05,0.0,1.0,0.0,0.5,-1.4771,broker
gutierrez,24,12,#9467bd,0.0049100602045655,5,0,5,0,0.0,22.0,0.0,8.7e-05,0.0,0.6,0.0,0.8,0.0,broker
condenar,24,10,#9467bd,0.0034261478576809,2,0,2,0,0.0,9.0,0.0,5.3e-05,0.0,1.0,0.0,0.5,-1.1142,broker
donar,24,9,#9467bd,0.0049106539227068,3,0,3,0,0.0,13.0,0.0,6.2e-05,0.0,1.0,0.0,0.6667,-0.7898,broker
mentirosa,24,2,#9467bd,0.0028398104477673,7,0,7,0,0.0,32.0,0.0,9.4e-05,0.0,0.7619,0.0,0.7755,-0.2571,broker
semilla,24,11,#9467bd,0.0014018134679645,1,0,1,0,0.0,5.0,0.0,4.8e-05,0.0,0.0,0.0,0.0,-1.5492,periferico
pecado,24,13,#9467bd,0.0014141163555905,1,0,1,0,0.0,5.0,0.0,4.7e-05,0.0,0.0,0.0,0.0,-0.6325,periferico
dialogar,24,4,#9467bd,0.0046910527162253,4,0,4,0,0.0,17.0,0.0,7.2e-05,0.0,0.8333,0.0,0.625,-0.9192,broker
plaga,24,6,#9467bd,0.0018477777484804,2,0,2,0,0.0,9.0,0.0,5.8e-05,0.0,0.0,0.0,0.5,-0.6155,broker
toluca,24,13,#9467bd,0.0066816480830311,2,0,2,0,0.0,8.0,0.0,5.7e-05,0.0,0.0,0.0,0.5,1.5811,broker
votante,24,13,#9467bd,0.00128728908021,1,0,1,0,0.0,4.0,0.0,4.6e-05,0.0,0.0,0.0,0.0,-0.6325,periferico
encubrir,24,10,#9467bd,0.001393343321979,1,0,1,0,0.0,4.0,0.0,5e-05,0.0,0.0,0.0,0.0,-0.1857,periferico
media,24,9,#9467bd,0.0041847703978419,1,0,1,0,0.0,4.0,0.0,4.6e-05,0.0,0.0,0.0,0.0,-0.7898,periferico
autor,24,10,#9467bd,0.0019730173517018,1,0,1,0,0.0,4.0,0.0,4.8e-05,0.0,0.0,0.0,0.0,-1.1142,periferico
lapso,24,9,#9467bd,0.0031244424171745,1,0,1,0,0.0,4.0,0.0,5.5e-05,0.0,0.0,0.0,0.0,-0.7898,periferico
comunismo,24,2,#9467bd,0.0022378200665116,4,0,4,0,0.0,16.0,0.0,7e-05,0.0,1.0,0.0,0.75,-0.6428,broker
ecatepec,24,13,#9467bd,0.0020356283057481,2,0,2,0,0.0,8.0,0.0,5.3e-05,0.0,1.0,0.0,0.5,-0.6325,broker
incapaz,24,2,#9467bd,0.0012299758382141,1,0,1,0,0.0,4.0,0.0,4.6e-05,0.0,0.0,0.0,0.0,-1.0285,periferico
olor,24,1,#9467bd,0.0062134922482073,2,0,2,0,0.0,8.0,0.0,6.8e-05,0.0,0.0,0.0,0.5,-0.842,broker
carajo,24,13,#9467bd,0.0037685967981815,3,0,3,0,0.0,12.0,0.0,5.9e-05,0.0,1.0,0.0,0.6667,-0.6325,broker
estres,24,5,#9467bd,0.001463066204451,1,0,1,0,0.0,4.0,0.0,4.9e-05,0.0,0.0,0.0,0.0,-1.294,periferico
comprado,24,10,#9467bd,0.0013344360049813,2,0,2,0,0.0,8.0,0.0,5.2e-05,0.0,1.0,0.0,0.0,-1.1142,periferico
desvio,24,3,#9467bd,0.0013230039039626,1,0,1,0,0.0,4.0,0.0,4.6e-05,0.0,0.0,0.0,0.0,-1.75,periferico
calma,24,13,#9467bd,0.0021336083300411,1,0,1,0,0.0,4.0,0.0,4.6e-05,0.0,0.0,0.0,0.0,-0.6325,periferico
poniente,24,11,#9467bd,0.0035095601342618,1,0,1,0,0.0,4.0,0.0,4.7e-05,0.0,0.0,0.0,0.0,-0.7746,periferico
refrendar,24,1,#9467bd,0.0014667353825643,1,0,1,0,0.0,4.0,0.0,4.6e-05,0.0,0.0,0.0,0.0,-1.2247,periferico
jefatura,24,0,#9467bd,0.0022324167657643,1,0,1,0,0.0,4.0,0.0,4.6e-05,0.0,0.0,0.0,0.0,-1.3027,periferico
jonathan,24,7,#9467bd,0.0026248169597238,1,0,1,0,0.0,4.0,0.0,5.7e-05,0.0,0.0,0.0,0.0,-0.5477,periferico
nucleo,24,4,#9467bd,0.0020519241224974,1,0,1,0,0.0,4.0,0.0,4.5e-05,0.0,0.0,0.0,0.0,-0.9192,periferico
millon,16,0,#f7b6d2,0.0187112614512443,94,11,78,5,505.0,1352.0,385.0,0.001309,0.0,0.3665,0.0,0.9357,2.1186,broker
pesos,16,0,#f7b6d2,0.0192398782819509,95,11,82,2,520.0,1198.0,140.0,0.001098,0.0,0.3713,0.0,0.935,2.1186,broker
red,16,4,#f7b6d2,0.0118348617106676,67,6,60,1,214.0,690.0,83.0,0.000574,0.0,0.5093,0.0,0.9316,1.8074,broker
social,16,4,#f7b6d2,0.0081212492659688,95,5,81,9,224.0,1276.0,885.0,0.001233,0.0,0.3686,0.0,0.9452,1.291,broker
publico,16,3,#f7b6d2,0.0111340293660759,126,7,105,14,266.0,2008.0,1497.0,0.002004,0.0,0.2561,0.0,0.9482,2.0207,broker
transporte,16,3,#f7b6d2,0.0036052684299647,48,4,44,0,171.0,415.0,0.0,0.000348,0.0,0.633,0.0,0.9288,0.866,broker
costo,16,0,#f7b6d2,0.0064644324593245,40,5,35,0,139.0,339.0,0.0,0.000285,0.0,0.7705,0.0,0.9087,0.0573,broker
recurso,16,3,#f7b6d2,0.0101247737184166,74,3,71,0,102.0,774.0,0.0,0.000519,0.0,0.5057,0.0,0.9288,0.2887,broker
inversion,16,1,#f7b6d2,0.0082034962251782,59,8,51,0,153.0,520.0,0.0,0.000405,0.0,0.5535,0.0,0.9193,0.5735,broker
economico,16,1,#f7b6d2,0.0069343652576208,79,10,67,2,203.0,963.0,265.0,0.000809,0.0,0.4528,0.0,0.9351,1.4746,broker
acuerdo,16,2,#f7b6d2,0.0181444343179464,114,8,103,3,214.0,1694.0,292.0,0.001314,0.0,0.3023,0.0,0.9392,1.9369,broker
oficial,16,2,#f7b6d2,0.0110617689788341,75,4,69,2,103.0,762.0,168.0,0.000607,0.0,0.4501,0.0,0.9305,1.0948,broker
buscar,16,5,#f7b6d2,0.0169520899653434,111,8,100,3,162.0,1847.0,416.0,0.001457,0.0,0.3088,0.0,0.9389,2.0079,broker
contar,16,10,#f7b6d2,0.0065255407243967,99,4,92,3,51.0,1369.0,308.0,0.001027,0.0,0.3643,0.0,0.9407,2.1106,broker
permitir,16,11,#f7b6d2,0.0096564069390296,90,3,86,1,59.0,1176.0,76.0,0.000781,0.0,0.413,0.0,0.9351,1.0,broker
generar,16,8,#f7b6d2,0.0093450704589486,83,4,78,1,66.0,997.0,103.0,0.000684,0.0,0.4423,0.0,0.9369,1.3333,broker
ciento,16,2,#f7b6d2,0.0097787287086248,69,7,61,1,122.0,686.0,67.0,0.000527,0.0,0.5243,0.0,0.9309,1.0948,broker
forma,16,6,#f7b6d2,0.0044108009897172,75,5,70,0,62.0,836.0,0.0,0.000536,0.0,0.4998,0.0,0.9316,1.9686,broker
sistema,16,12,#f7b6d2,0.0049537667073309,90,4,81,5,48.0,967.0,462.0,0.00083,0.0,0.3945,0.0,0.9454,1.8257,broker
funcionario,16,13,#f7b6d2,0.0052857967093586,57,1,56,0,8.0,538.0,0.0,0.000335,0.0,0.5952,0.0,0.9271,-0.1715,broker
impuesto,16,0,#f7b6d2,0.0046266955323517,49,4,45,0,119.0,417.0,0.0,0.000325,0.0,0.6607,0.0,0.9246,0.0573,broker
empresa,16,1,#f7b6d2,0.0139709273353219,80,9,70,1,183.0,910.0,86.0,0.00069,0.0,0.4547,0.0,0.9303,1.4746,broker
mayo,16,5,#f7b6d2,0.01447778288275,65,6,57,2,92.0,523.0,270.0,0.000516,0.0,0.5159,0.0,0.9354,0.8784,broker
explicar,16,16,#f7b6d2,0.0107899606227874,81,2,79,0,26.0,977.0,0.0,0.000595,0.0,0.4664,0.0,0.9325,0.0,broker
situacion,16,8,#f7b6d2,0.0089698117226362,74,3,71,0,63.0,862.0,0.0,0.000553,0.0,0.492,0.0,0.9357,1.3333,broker
privado,16,1,#f7b6d2,0.0040129390545189,52,6,46,0,76.0,406.0,0.0,0.000298,0.0,0.6078,0.0,0.9246,-0.3277,broker
proceso,16,6,#f7b6d2,0.00966003164649,70,6,64,0,83.0,649.0,0.0,0.000482,0.0,0.4944,0.0,0.9343,1.9686,broker
estrategia,16,11,#f7b6d2,0.0042199627496302,57,3,53,1,50.0,556.0,81.0,0.000399,0.0,0.6591,0.0,0.9289,1.0,broker
construccion,16,4,#f7b6d2,0.0032310008537024,49,3,45,1,51.0,405.0,66.0,0.000322,0.0,0.6182,0.0,0.9229,0.2582,broker
mayoria,16,14,#f7b6d2,0.0024796968791633,49,2,47,0,19.0,435.0,0.0,0.000276,0.0,0.6981,0.0,0.9279,0.5345,broker
empresario,16,1,#f7b6d2,0.0057127517648041,62,8,54,0,138.0,525.0,0.0,0.000403,0.0,0.578,0.0,0.924,1.024,broker
mostrar,16,5,#f7b6d2,0.0037373988889157,48,4,44,0,59.0,380.0,0.0,0.000271,0.0,0.6826,0.0,0.9306,0.8784,broker
comercial,16,1,#f7b6d2,0.0041986848227679,43,8,35,0,117.0,275.0,0.0,0.000255,0.0,0.6656,0.0,0.9151,0.5735,broker
plan,16,15,#f7b6d2,0.0070674056187272,64,3,60,1,33.0,561.0,71.0,0.000434,0.0,0.5327,0.0,0.9375,1.4142,broker
puesto,16,14,#f7b6d2,0.006345238070935,49,3,46,0,23.0,393.0,0.0,0.000266,0.0,0.6599,0.0,0.9338,0.5345,broker
superior,16,0,#f7b6d2,0.0039907596074044,41,4,37,0,73.0,228.0,0.0,0.000197,0.0,0.7317,0.0,0.9233,-0.2863,broker
aprobar,16,9,#f7b6d2,0.00259276968427,34,3,31,0,43.0,259.0,0.0,0.000215,0.0,0.6132,0.0,0.9135,1.5076,broker
congreso,16,9,#f7b6d2,0.0040717376396059,33,3,28,2,48.0,235.0,147.0,0.000266,0.0,0.7197,0.0,0.9293,0.603,broker
ingreso,16,0,#f7b6d2,0.004282668698579,26,3,23,0,59.0,170.0,0.0,0.000158,0.0,0.84,0.0,0.9053,-0.6299,broker
marcha,16,5,#f7b6d2,0.0037362957373261,36,3,33,0,45.0,244.0,0.0,0.000195,0.0,0.7476,0.0,0.9198,-0.251,broker
desarrollar,16,16,#f7b6d2,0.0022390712983906,31,2,29,0,19.0,259.0,0.0,0.000187,0.0,0.7806,0.0,0.9095,0.0,broker
presuntamente,16,2,#f7b6d2,0.0045590423978865,16,2,14,0,35.0,80.0,0.0,9.8e-05,0.0,0.9167,0.0,0.875,-1.0106,broker
exponer,16,4,#f7b6d2,0.0042148451320827,38,3,35,0,35.0,257.0,0.0,0.000189,0.0,0.7809,0.0,0.9238,-0.2582,broker
utilizar,16,3,#f7b6d2,0.0053661279380321,33,3,30,0,49.0,218.0,0.0,0.000176,0.0,0.8163,0.0,0.9109,-0.2887,broker
monto,16,0,#f7b6d2,0.0020288287196308,8,2,6,0,47.0,43.0,0.0,8.4e-05,0.0,1.0,0.0,0.7812,-0.9734,broker
actual,16,13,#f7b6d2,0.0037631783634424,42,3,39,0,21.0,317.0,0.0,0.000222,0.0,0.7294,0.0,0.9263,2.2295,broker
registro,16,7,#f7b6d2,0.0058954902924597,43,6,37,0,55.0,313.0,0.0,0.000252,0.0,0.6135,0.0,0.9194,2.166,broker
basico,16,0,#f7b6d2,0.0038841124624013,28,4,24,0,54.0,194.0,0.0,0.000165,0.0,0.8942,0.0,0.9133,-0.2863,broker
aprovechar,16,17,#f7b6d2,0.0037534902803599,37,0,37,0,0.0,284.0,0.0,0.000189,0.0,0.7913,0.0,0.9306,-0.7071,broker
natural,16,11,#f7b6d2,0.0052443784661591,30,2,28,0,29.0,232.0,0.0,0.000177,0.0,0.7724,0.0,0.9222,-1.0,broker
aplicar,16,14,#f7b6d2,0.0029380954802036,48,3,45,0,20.0,360.0,0.0,0.000242,0.0,0.6835,0.0,0.9288,1.3363,broker
interes,16,15,#f7b6d2,0.0026959781534969,45,2,43,0,23.0,340.0,0.0,0.000236,0.0,0.703,0.0,0.9274,0.0,broker
propuesta,16,5,#f7b6d2,0.0021211167331784,28,2,26,0,30.0,161.0,0.0,0.000144,0.0,0.7698,0.0,0.9158,-0.251,broker
demanda,16,1,#f7b6d2,0.004084353800863,37,5,32,0,50.0,240.0,0.0,0.000189,0.0,0.7898,0.0,0.916,-0.7783,broker
extranjero,16,9,#f7b6d2,0.0026543431449681,45,2,43,0,12.0,343.0,0.0,0.000242,0.0,0.6505,0.0,0.9284,0.603,broker
derivado,16,2,#f7b6d2,0.0019158370560035,25,2,23,0,28.0,135.0,0.0,0.000124,0.0,0.8233,0.0,0.9088,-0.5895,broker
materia,16,12,#f7b6d2,0.0022267822641879,30,1,29,0,14.0,197.0,0.0,0.00015,0.0,0.7586,0.0,0.9244,-0.9129,broker
autobus,16,3,#f7b6d2,0.0027616010047495,20,3,17,0,34.0,100.0,0.0,0.000109,0.0,0.8421,0.0,0.865,-0.2887,broker
base,16,7,#f7b6d2,0.0046424269676208,39,2,37,0,22.0,270.0,0.0,0.000194,0.0,0.7746,0.0,0.9257,0.1031,broker
presupuesto,16,0,#f7b6d2,0.0015740679809823,15,3,12,0,34.0,72.0,0.0,9.5e-05,0.0,0.8762,0.0,0.8444,-0.2863,broker
destinar,16,0,#f7b6d2,0.0029058454092592,8,2,6,0,27.0,33.0,0.0,6.9e-05,0.0,1.0,0.0,0.7812,-0.9734,broker
cifra,16,2,#f7b6d2,0.0049461717717349,27,4,23,0,52.0,161.0,0.0,0.00015,0.0,0.8376,0.0,0.8971,-0.1684,broker
establecer,16,6,#f7b6d2,0.0037097188178449,33,2,31,0,24.0,231.0,0.0,0.000175,0.0,0.7348,0.0,0.9164,0.0856,broker
cubrir,16,10,#f7b6d2,0.0026606298051774,21,1,20,0,18.0,118.0,0.0,0.000117,0.0,0.7476,0.0,0.907,-0.603,broker
legal,16,7,#f7b6d2,0.0034059030003845,35,2,33,0,16.0,226.0,0.0,0.000172,0.0,0.7277,0.0,0.9159,1.1346,broker
favorecer,16,12,#f7b6d2,0.0028481469489634,15,1,14,0,12.0,100.0,0.0,9.7e-05,0.0,0.8667,0.0,0.8978,-0.9129,broker
marca,16,1,#f7b6d2,0.0027914410457015,24,5,19,0,53.0,127.0,0.0,0.000152,0.0,0.7283,0.0,0.8924,-0.7783,broker
requerir,16,17,#f7b6d2,0.00278971507214,33,1,32,0,6.0,228.0,0.0,0.00016,0.0,0.8277,0.0,0.9311,-0.7071,broker
industria,16,1,#f7b6d2,0.0031022478360682,26,5,21,0,47.0,149.0,0.0,0.000144,0.0,0.8462,0.0,0.9083,-0.7783,broker
declarar,16,15,#f7b6d2,0.0025150654837489,29,1,28,0,13.0,181.0,0.0,0.00014,0.0,0.8448,0.0,0.9275,-1.4142,broker
firmar,16,9,#f7b6d2,0.0019823347683995,11,2,9,0,17.0,63.0,0.0,8e-05,0.0,0.9273,0.0,0.8264,-1.206,broker
juridico,16,8,#f7b6d2,0.0018970072269439,15,1,14,0,16.0,95.0,0.0,9.5e-05,0.0,0.9524,0.0,0.9067,-0.6667,broker
cantidad,16,10,#f7b6d2,0.0026183575391769,30,1,29,0,15.0,180.0,0.0,0.00014,0.0,0.8506,0.0,0.9067,-0.603,broker
analisis,16,16,#f7b6d2,0.0025486787781119,28,2,26,0,19.0,193.0,0.0,0.000148,0.0,0.8307,0.0,0.9286,0.0,broker
credito,16,15,#f7b6d2,0.0023069914896041,25,2,23,0,17.0,173.0,0.0,0.000144,0.0,0.8067,0.0,0.8864,0.0,broker
requisito,16,6,#f7b6d2,0.0027383246924728,14,4,10,0,38.0,54.0,0.0,9.3e-05,0.0,0.7253,0.0,0.8469,0.0856,broker
oficina,16,7,#f7b6d2,0.0036679776385426,33,2,31,0,20.0,209.0,0.0,0.000168,0.0,0.6875,0.0,0.9164,-0.4126,broker
ejecutivo,16,12,#f7b6d2,0.0019890039693564,19,1,18,0,14.0,112.0,0.0,0.000104,0.0,0.883,0.0,0.9252,0.0,broker
cortina,16,13,#f7b6d2,0.0013386114733293,4,1,3,0,14.0,18.0,0.0,7.2e-05,0.0,0.5,0.0,0.75,-0.1715,broker
humo,16,13,#f7b6d2,0.0015198983019217,8,1,7,0,14.0,31.0,0.0,8.4e-05,0.0,0.5714,0.0,0.875,-0.1715,broker
documento,16,7,#f7b6d2,0.0031835553236305,25,4,21,0,37.0,128.0,0.0,0.000142,0.0,0.7567,0.0,0.896,0.6189,broker
crisis,16,13,#f7b6d2,0.0026598919648677,25,1,24,0,7.0,175.0,0.0,0.00013,0.0,0.91,0.0,0.9216,-0.1715,broker
finanzas,16,0,#f7b6d2,0.0022101430222392,12,4,8,0,36.0,48.0,0.0,8.9e-05,0.0,0.7727,0.0,0.7917,-0.2863,broker
conflicto,16,12,#f7b6d2,0.001336264424026,21,1,20,0,8.0,134.0,0.0,0.000112,0.0,0.8143,0.0,0.898,0.0,broker
tercero,16,13,#f7b6d2,0.0015100993914529,15,1,14,0,6.0,84.0,0.0,8.5e-05,0.0,0.8857,0.0,0.9067,-0.1715,broker
fenomeno,16,8,#f7b6d2,0.0038615467492491,15,2,13,0,19.0,75.0,0.0,9.3e-05,0.0,0.8381,0.0,0.8889,0.6667,broker
tamaulipecos,16,10,#f7b6d2,0.0023488572333008,16,2,14,0,18.0,77.0,0.0,9.1e-05,0.0,0.8,0.0,0.9062,-0.603,broker
hacienda,16,0,#f7b6d2,0.0010021150810644,7,3,4,0,33.0,31.0,0.0,7.6e-05,0.0,1.0,0.0,0.6939,-0.6299,broker
formal,16,6,#f7b6d2,0.0019400706514716,13,1,12,0,7.0,71.0,0.0,7.8e-05,0.0,0.9872,0.0,0.8521,-0.8559,broker
ilicito,16,7,#f7b6d2,0.0016672809142619,19,0,19,0,0.0,125.0,0.0,0.000102,0.0,0.9708,0.0,0.892,-0.9283,broker
aeropuerto,16,3,#f7b6d2,0.0019033633871003,16,3,13,0,26.0,79.0,0.0,9.4e-05,0.0,0.875,0.0,0.8438,-0.2887,broker
debajo,16,2,#f7b6d2,0.0032538056839257,12,3,9,0,30.0,57.0,0.0,8.3e-05,0.0,0.9242,0.0,0.8472,-0.5895,broker
cita,16,5,#f7b6d2,0.0015548939118161,17,2,15,0,18.0,88.0,0.0,9.7e-05,0.0,0.8162,0.0,0.8927,-0.8157,broker
fuente,16,2,#f7b6d2,0.0012756874784827,21,2,19,0,16.0,105.0,0.0,0.000102,0.0,0.8857,0.0,0.8798,-0.1684,broker
cadena,16,1,#f7b6d2,0.0034067989327013,21,4,17,0,31.0,97.0,0.0,0.000105,0.0,0.919,0.0,0.8934,-1.2288,broker
productor,16,1,#f7b6d2,0.0013427231460809,7,2,5,0,21.0,30.0,0.0,6.5e-05,0.0,1.0,0.0,0.6122,-1.2288,broker
escapar,16,14,#f7b6d2,0.001123898429796,12,1,11,0,6.0,62.0,0.0,7.4e-05,0.0,0.9545,0.0,0.8611,-0.2673,broker
impedir,16,7,#f7b6d2,0.0024039964191615,16,0,16,0,0.0,87.0,0.0,8.4e-05,0.0,0.9083,0.0,0.8984,-0.9283,broker
impulsado,16,11,#f7b6d2,0.0018243837403133,17,2,15,0,14.0,91.0,0.0,9.2e-05,0.0,0.9632,0.0,0.872,-1.0,broker
acceder,16,7,#f7b6d2,0.0014202825259417,15,0,15,0,0.0,89.0,0.0,8.5e-05,0.0,0.8857,0.0,0.8889,-0.9283,broker
conforme,16,6,#f7b6d2,0.0030240505002439,18,2,16,0,16.0,88.0,0.0,9.6e-05,0.0,0.8431,0.0,0.8704,0.0856,broker
comunista,16,14,#f7b6d2,0.0012049331562593,15,1,14,0,6.0,82.0,0.0,8.4e-05,0.0,0.9333,0.0,0.88,-0.2673,broker
captar,16,4,#f7b6d2,0.0010462119244039,6,2,4,0,17.0,17.0,0.0,5.6e-05,0.0,1.0,0.0,0.7778,-0.7746,broker
acta,16,7,#f7b6d2,0.0025130487047135,10,3,7,0,20.0,45.0,0.0,7.5e-05,0.0,0.8889,0.0,0.82,0.1031,broker
colaborar,16,6,#f7b6d2,0.0011866089189425,9,0,9,0,0.0,48.0,0.0,6.6e-05,0.0,0.75,0.0,0.8148,-0.8559,broker
exterior,16,2,#f7b6d2,0.0013860191684216,13,2,11,0,16.0,50.0,0.0,7.7e-05,0.0,0.7949,0.0,0.8047,-0.1684,broker
diariamente,16,17,#f7b6d2,0.0021705210674554,10,1,9,0,6.0,51.0,0.0,6.9e-05,0.0,0.9333,0.0,0.86,1.4142,broker
plantear,16,5,#f7b6d2,0.0013109490973874,5,1,4,0,9.0,19.0,0.0,5.5e-05,0.0,0.8,0.0,0.64,-1.3804,broker
facilitar,16,6,#f7b6d2,0.0020314864814281,19,2,17,0,14.0,90.0,0.0,9.4e-05,0.0,0.9006,0.0,0.8587,-0.3852,broker
cesar,16,6,#f7b6d2,0.0017365657258778,10,1,9,0,6.0,44.0,0.0,8.6e-05,0.0,0.6667,0.0,0.84,-0.8559,broker
ambito,16,6,#f7b6d2,0.0010622346308082,13,0,13,0,0.0,73.0,0.0,8e-05,0.0,0.8205,0.0,0.8639,-0.3852,broker
prensa,16,4,#f7b6d2,0.0015061742160469,13,2,11,0,16.0,54.0,0.0,7.4e-05,0.0,0.9744,0.0,0.8757,-0.7746,broker
castillo,16,7,#f7b6d2,0.0018731367308646,4,1,3,0,6.0,18.0,0.0,5.1e-05,0.0,1.0,0.0,0.75,-0.9283,broker
renovacion,16,3,#f7b6d2,0.0027595064602792,3,1,2,0,8.0,10.0,0.0,4.9e-05,0.0,0.3333,0.0,0.6667,-1.4434,broker
militancia,16,6,#f7b6d2,0.0011600743746384,2,1,1,0,8.0,4.0,0.0,4.9e-05,0.0,1.0,0.0,0.0,-0.8559,periferico
completamente,16,5,#f7b6d2,0.0015888982452452,15,4,11,0,28.0,59.0,0.0,8.4e-05,0.0,0.8857,0.0,0.8356,-0.251,broker
choque,16,5,#f7b6d2,0.002592250239104,8,2,6,0,15.0,35.0,0.0,6.4e-05,0.0,0.9643,0.0,0.7812,-0.8157,broker
experto,16,8,#f7b6d2,0.0022513584699481,7,2,5,0,14.0,25.0,0.0,6.1e-05,0.0,0.8571,0.0,0.8163,0.0,broker
concurso,16,10,#f7b6d2,0.0013118783244863,13,1,12,0,6.0,60.0,0.0,7.7e-05,0.0,0.8718,0.0,0.8639,-0.603,broker
mencionado,16,4,#f7b6d2,0.002973994705826,14,0,14,0,0.0,67.0,0.0,7.3e-05,0.0,1.0,0.0,0.8673,-0.2582,broker
publicacion,16,4,#f7b6d2,0.001255280454643,7,1,6,0,7.0,31.0,0.0,5.8e-05,0.0,1.0,0.0,0.8571,-1.291,broker
senado,16,9,#f7b6d2,0.0010344691108912,7,2,5,0,12.0,26.0,0.0,6e-05,0.0,0.7619,0.0,0.8163,-1.206,broker
rezago,16,3,#f7b6d2,0.0022804639302194,7,2,5,0,12.0,22.0,0.0,5.6e-05,0.0,1.0,0.0,0.8163,-0.866,broker
finalmente,16,8,#f7b6d2,0.0021803397685289,9,2,7,0,12.0,30.0,0.0,6.1e-05,0.0,0.8611,0.0,0.8395,0.0,broker
tamaulipeca,16,10,#f7b6d2,0.0013668769970536,10,3,7,0,18.0,34.0,0.0,7e-05,0.0,0.8444,0.0,0.8,0.3015,broker
ordenamiento,16,8,#f7b6d2,0.0016943262889981,2,0,2,0,0.0,10.0,0.0,4.5e-05,0.0,1.0,0.0,0.5,-1.3333,broker
nacido,16,13,#f7b6d2,0.001762427855283,3,0,3,0,0.0,14.0,0.0,5e-05,0.0,0.6667,0.0,0.6667,-1.372,broker
legisladora,16,8,#f7b6d2,0.0012013233499601,2,0,2,0,0.0,9.0,0.0,4.4e-05,0.0,1.0,0.0,0.5,-1.3333,broker
criterio,16,9,#f7b6d2,0.0010153580224141,7,0,7,0,0.0,31.0,0.0,5.6e-05,0.0,0.9524,0.0,0.7347,-0.3015,broker
despliegue,16,2,#f7b6d2,0.0012902450980618,2,0,2,0,0.0,9.0,0.0,4.4e-05,0.0,1.0,0.0,0.5,-1.4317,broker
beltran,16,14,#f7b6d2,0.0017082378035411,1,0,1,0,0.0,4.0,0.0,4.1e-05,0.0,0.0,0.0,0.0,-1.8708,periferico
autoridad,5,0,#8c564b,0.0331486389040946,80,8,65,7,269.0,1287.0,690.0,0.002203,0.0,0.1722,0.0,0.9184,1.7372,broker
persona,5,3,#8c564b,0.0196426436305046,111,11,82,18,196.0,1802.0,1582.0,0.003635,0.0,0.1094,0.0,0.9355,3.4209,conector_provincial
miramar,5,4,#8c564b,0.0207397732883691,14,2,12,0,189.0,92.0,0.0,0.000327,0.0,0.7033,0.0,0.8367,0.0,broker
playa,5,4,#8c564b,0.0348403826355934,29,3,26,0,211.0,280.0,0.0,0.000573,0.0,0.3768,0.0,0.9061,1.4142,broker
informacion,5,5,#8c564b,0.0084710968658328,64,8,54,2,104.0,825.0,153.0,0.001294,0.0,0.2227,0.0,0.9082,2.4495,broker
acudir,5,0,#8c564b,0.003541340585798,26,4,22,0,84.0,214.0,0.0,0.000339,0.0,0.5354,0.0,0.8698,-0.0668,broker
detener,5,1,#8c564b,0.0176923405379056,43,7,36,0,109.0,391.0,0.0,0.000596,0.0,0.3488,0.0,0.8989,0.9623,broker
investigacion,5,8,#8c564b,0.0258614588528871,47,3,44,0,75.0,515.0,0.0,0.000732,0.0,0.3302,0.0,0.9054,1.7321,broker
confirmar,5,0,#8c564b,0.0278431717306375,30,4,26,0,86.0,204.0,0.0,0.000357,0.0,0.4667,0.0,0.8467,1.1359,broker
camara,5,2,#8c564b,0.0155711164698004,34,6,28,0,79.0,242.0,0.0,0.00047,0.0,0.3351,0.0,0.8772,1.8385,broker
conductor,5,1,#8c564b,0.0102925281971693,20,7,13,0,102.0,164.0,0.0,0.000317,0.0,0.6,0.0,0.79,0.9623,broker
resultar,5,1,#8c564b,0.0074271447956562,29,3,26,0,46.0,217.0,0.0,0.000311,0.0,0.5148,0.0,0.868,0.1925,broker
responsable,5,1,#8c564b,0.0092764319851994,30,5,25,0,96.0,301.0,0.0,0.000459,0.0,0.5034,0.0,0.8822,0.1925,broker
carpeta,5,8,#8c564b,0.0063714087009429,20,1,19,0,42.0,140.0,0.0,0.000244,0.0,0.5211,0.0,0.86,0.0,broker
directo,5,10,#8c564b,0.00265076267533,27,2,25,0,23.0,199.0,0.0,0.000288,0.0,0.4501,0.0,0.8944,1.4142,broker
presunto,5,1,#8c564b,0.0187986735254526,27,5,22,0,85.0,208.0,0.0,0.000382,0.0,0.5014,0.0,0.856,0.9623,broker
fisico,5,3,#8c564b,0.0031808125786483,11,1,10,0,33.0,57.0,0.0,0.000129,0.0,0.7273,0.0,0.7769,-0.0535,broker
comercio,5,2,#8c564b,0.0156522467732429,25,5,20,0,67.0,178.0,0.0,0.000389,0.0,0.3833,0.0,0.8096,2.217,broker
seguimiento,5,0,#8c564b,0.0041481722146272,12,1,11,0,33.0,74.0,0.0,0.000142,0.0,0.6212,0.0,0.8056,-0.6682,broker
considerar,5,2,#8c564b,0.0155392717570066,18,1,17,0,8.0,129.0,0.0,0.000184,0.0,0.6405,0.0,0.8704,-0.0541,broker
report,5,0,#8c564b,0.0099636083468794,19,3,16,0,47.0,112.0,0.0,0.000199,0.0,0.6433,0.0,0.8033,0.5345,broker
alerta,5,0,#8c564b,0.0089031783863902,14,2,12,0,38.0,93.0,0.0,0.000173,0.0,0.6264,0.0,0.7755,-0.0668,broker
republica,5,8,#8c564b,0.007884120568633,21,1,20,0,22.0,155.0,0.0,0.000243,0.0,0.4667,0.0,0.898,-0.866,broker
curp,5,5,#8c564b,0.0035997705999761,7,4,3,0,53.0,24.0,0.0,0.000125,0.0,0.6667,0.0,0.6122,0.4082,broker
denuncia,5,9,#8c564b,0.0217705760151147,32,2,30,0,31.0,257.0,0.0,0.00036,0.0,0.4597,0.0,0.8906,0.3062,broker
comunicacion,5,9,#8c564b,0.0037880968302488,24,2,22,0,16.0,175.0,0.0,0.000259,0.0,0.471,0.0,0.875,1.0206,broker
sexual,5,3,#8c564b,0.0038383787032216,7,1,6,0,28.0,36.0,0.0,0.000105,0.0,0.8095,0.0,0.8163,-0.0535,broker
diario,5,7,#8c564b,0.0061957165598869,20,2,18,0,21.0,148.0,0.0,0.000234,0.0,0.5368,0.0,0.885,1.6209,broker
alejandro,5,3,#8c564b,0.0047378297895193,8,1,7,0,27.0,37.0,0.0,0.00012,0.0,0.5714,0.0,0.8438,-0.0535,broker
denunciar,5,9,#8c564b,0.0094078266993165,21,3,18,0,33.0,157.0,0.0,0.00026,0.0,0.5381,0.0,0.8617,1.7351,broker
ilegal,5,11,#8c564b,0.0063589205965399,21,2,19,0,17.0,162.0,0.0,0.000257,0.0,0.4571,0.0,0.8798,0.5,broker
supuesto,5,7,#8c564b,0.0039073405787348,24,2,22,0,15.0,156.0,0.0,0.000226,0.0,0.5,0.0,0.8646,1.6209,broker
involucrado,5,11,#8c564b,0.0026126229204237,17,2,15,0,17.0,121.0,0.0,0.000191,0.0,0.625,0.0,0.8443,0.5,broker
sueldo,5,7,#8c564b,0.0036121883895248,15,2,13,0,19.0,101.0,0.0,0.00017,0.0,0.6286,0.0,0.8444,0.9535,broker
vacacional,5,4,#8c564b,0.0083022620528936,5,2,3,0,32.0,31.0,0.0,0.000101,0.0,0.8,0.0,0.72,0.0,broker
integrante,5,2,#8c564b,0.0061931977979838,20,2,18,0,13.0,137.0,0.0,0.000209,0.0,0.5632,0.0,0.815,1.0815,broker
armadas,5,12,#8c564b,0.001408145064488,7,1,6,0,23.0,32.0,0.0,0.000126,0.0,0.5238,0.0,0.7347,1.4142,broker
fuerzas,5,12,#8c564b,0.0020703768823295,5,1,4,0,23.0,19.0,0.0,0.000104,0.0,0.6,0.0,0.72,-0.7071,broker
habitante,5,0,#8c564b,0.0055539938621222,18,3,15,0,35.0,97.0,0.0,0.000177,0.0,0.5882,0.0,0.821,-0.0668,broker
detencion,5,1,#8c564b,0.0087434593588113,14,3,11,0,41.0,86.0,0.0,0.000171,0.0,0.6813,0.0,0.8265,-2.117,broker
mando,5,7,#8c564b,0.0057696606963872,16,2,14,0,17.0,94.0,0.0,0.00018,0.0,0.525,0.0,0.8516,1.6209,broker
alito,5,3,#8c564b,0.0022007750812917,8,1,7,0,22.0,36.0,0.0,0.0001,0.0,0.7857,0.0,0.875,-0.4009,broker
comandante,5,6,#8c564b,0.001540957018733,7,2,5,0,31.0,38.0,0.0,0.00013,0.0,0.6667,0.0,0.8163,0.2434,broker
naval,5,6,#8c564b,0.0045193107798695,9,3,6,0,47.0,45.0,0.0,0.000176,0.0,0.5278,0.0,0.7407,1.8257,broker
nota,5,6,#8c564b,0.027729645371437,15,2,12,1,13.0,82.0,322.0,0.000341,0.0,0.5619,0.0,0.8889,0.2434,broker
ciudadana,5,10,#8c564b,0.0040442170575261,10,1,9,0,13.0,69.0,0.0,0.000129,0.0,0.5333,0.0,0.8,1.4142,broker
expresar,5,2,#8c564b,0.0038867034018039,18,1,17,0,11.0,122.0,0.0,0.000179,0.0,0.6275,0.0,0.8765,-0.0541,broker
vicealmirante,5,6,#8c564b,0.0015220420900732,6,2,4,0,30.0,20.0,0.0,0.000118,0.0,0.4667,0.0,0.5,1.8257,broker
servidor,5,10,#8c564b,0.0079986015334725,8,1,7,0,10.0,52.0,0.0,0.000102,0.0,0.8214,0.0,0.8125,0.0,broker
aviso,5,0,#8c564b,0.0028821299783885,9,2,7,0,27.0,40.0,0.0,0.000108,0.0,0.6389,0.0,0.716,-0.6682,broker
preocupar,5,6,#8c564b,0.0062058991752564,11,0,11,0,0.0,76.0,0.0,0.000115,0.0,0.8182,0.0,0.876,-0.5477,broker
contacto,5,5,#8c564b,0.0032406512182205,4,1,3,0,18.0,33.0,0.0,8.8e-05,0.0,1.0,0.0,0.75,-0.8165,broker
revision,5,0,#8c564b,0.0062481891363859,12,1,11,0,19.0,65.0,0.0,0.000124,0.0,0.7424,0.0,0.8472,-1.8708,broker
febrero,5,5,#8c564b,0.0044297915883362,14,2,12,0,14.0,78.0,0.0,0.000153,0.0,0.5165,0.0,0.8469,0.4082,broker
cuida,5,3,#8c564b,0.0057401396334171,5,1,3,1,17.0,27.0,71.0,0.000116,0.0,0.9,0.0,0.72,-0.4009,broker
cuantos,5,3,#8c564b,0.0025375748518854,6,1,5,0,17.0,26.0,0.0,8.1e-05,0.0,0.8667,0.0,0.8333,-0.4009,broker
domicilio,5,5,#8c564b,0.0068935519084334,16,3,13,0,26.0,93.0,0.0,0.000169,0.0,0.5667,0.0,0.7812,0.4082,broker
sujeto,5,1,#8c564b,0.0048229303210973,18,3,15,0,23.0,99.0,0.0,0.000171,0.0,0.6797,0.0,0.8519,-0.5774,broker
veronica,5,3,#8c564b,0.0028394197579473,2,1,1,0,14.0,5.0,0.0,5.7e-05,0.0,1.0,0.0,0.5,-0.4009,broker
evidencia,5,5,#8c564b,0.0016918535111472,9,1,8,0,14.0,45.0,0.0,9.9e-05,0.0,0.9167,0.0,0.8642,-0.8165,broker
huir,5,1,#8c564b,0.0029031136073172,8,3,5,0,34.0,35.0,0.0,0.00011,0.0,0.8214,0.0,0.5625,-0.5774,broker
atrapado,5,11,#8c564b,0.0036009971518069,5,2,3,0,12.0,23.0,0.0,7.7e-05,0.0,0.8,0.0,0.56,0.5,broker
empresarial,5,2,#8c564b,0.0011180865112692,8,3,5,0,28.0,32.0,0.0,0.000118,0.0,0.5714,0.0,0.6562,0.3244,broker
quintana,5,10,#8c564b,0.0012577591696754,2,1,1,0,12.0,5.0,0.0,0.00016,0.0,0.0,0.0,0.5,0.0,broker
roo,5,10,#8c564b,0.0012300355592742,1,1,0,0,12.0,0.0,0.0,0.000135,0.0,0.0,0.0,0.0,0.0,periferico
videovigilancia,5,2,#8c564b,0.0031027181539684,2,1,1,0,12.0,6.0,0.0,5.9e-05,0.0,1.0,0.0,0.5,-0.8111,broker
aplauso,5,3,#8c564b,0.0018598744645714,2,1,1,0,12.0,5.0,0.0,5.5e-05,0.0,1.0,0.0,0.5,-0.4009,broker
gira,5,6,#8c564b,0.0039918939583003,4,0,4,0,0.0,24.0,0.0,6.3e-05,0.0,1.0,0.0,0.625,-1.3389,broker
delicado,5,9,#8c564b,0.0010046868119388,4,1,3,0,6.0,20.0,0.0,6.8e-05,0.0,0.6667,0.0,0.75,-1.1227,broker
reflexion,5,10,#8c564b,0.0047481809742748,3,0,3,0,0.0,19.0,0.0,5.7e-05,0.0,1.0,0.0,0.6667,-1.4142,broker
septiembre,5,2,#8c564b,0.0110009424388408,9,1,8,0,8.0,47.0,0.0,0.0001,0.0,0.6667,0.0,0.7407,-0.0541,broker
violento,5,3,#8c564b,0.0034376557450741,6,1,5,0,11.0,21.0,0.0,7.1e-05,0.0,0.8667,0.0,0.7778,-0.0535,broker
rafael,5,6,#8c564b,0.0047126812860369,2,1,1,0,7.0,11.0,0.0,5.3e-05,0.0,1.0,0.0,0.5,-0.5477,broker
imputado,5,8,#8c564b,0.0022178825456649,9,1,8,0,11.0,42.0,0.0,0.000104,0.0,0.7778,0.0,0.6667,0.866,broker
ocurrido,5,11,#8c564b,0.0048920800909399,12,0,12,0,0.0,65.0,0.0,0.000114,0.0,0.5455,0.0,0.8056,0.5,broker
eduardo,5,6,#8c564b,0.0056114313192665,9,1,8,0,6.0,54.0,0.0,0.000115,0.0,0.4722,0.0,0.7901,1.0346,broker
nacimiento,5,5,#8c564b,0.0039828047156333,11,3,8,0,25.0,36.0,0.0,0.000111,0.0,0.5273,0.0,0.7769,0.4082,broker
armamento,5,12,#8c564b,0.001537412405014,5,0,5,0,0.0,30.0,0.0,7.1e-05,0.0,0.8,0.0,0.8,-0.7071,broker
difundido,5,5,#8c564b,0.0053308047354221,4,1,3,0,10.0,20.0,0.0,6.8e-05,0.0,1.0,0.0,0.625,-0.8165,broker
rostro,5,2,#8c564b,0.0039465776644647,4,1,3,0,6.0,18.0,0.0,6.3e-05,0.0,1.0,0.0,0.625,-0.8111,broker
apoyado,5,3,#8c564b,0.0010215507354587,2,1,1,0,9.0,4.0,0.0,5.2e-05,0.0,1.0,0.0,0.5,-0.4009,broker
televisa,5,7,#8c564b,0.0100127412006258,6,0,6,0,0.0,33.0,0.0,7.4e-05,0.0,0.7333,0.0,0.8333,-0.3814,broker
adquisicion,5,2,#8c564b,0.002620568498969,2,1,1,0,8.0,4.0,0.0,5.6e-05,0.0,1.0,0.0,0.0,-0.4326,periferico
vera,5,6,#8c564b,0.0012089044321328,4,0,4,0,0.0,22.0,0.0,6.8e-05,0.0,0.6667,0.0,0.625,0.2434,broker
grabacion,5,9,#8c564b,0.0066669704392552,3,0,3,0,0.0,17.0,0.0,5.7e-05,0.0,1.0,0.0,0.6667,-1.1227,broker
victor,5,6,#8c564b,0.0077920909970998,4,1,3,0,6.0,15.0,0.0,0.000114,0.0,0.3333,0.0,0.75,-0.5477,broker
tecnologico,5,10,#8c564b,0.0027821781113743,4,0,4,0,0.0,19.0,0.0,6.2e-05,0.0,0.3333,0.0,0.75,0.0,broker
hotelero,5,4,#8c564b,0.0016637565568089,2,1,1,0,6.0,7.0,0.0,5.5e-05,0.0,1.0,0.0,0.5,-1.4142,broker
monicavillarreal,5,6,#8c564b,0.0076613831333816,1,1,0,0,6.0,0.0,0.0,4.3e-05,0.0,0.0,0.0,0.0,-0.5477,periferico
secta,5,7,#8c564b,0.0012196234893053,1,0,1,0,0.0,6.0,0.0,4.4e-05,0.0,0.0,0.0,0.0,-1.0488,periferico
desmentir,5,3,#8c564b,0.0017938783857971,1,1,0,0,6.0,0.0,0.0,4.4e-05,0.0,0.0,0.0,0.0,-0.4009,periferico
casar,5,7,#8c564b,0.0021999748423695,2,1,1,0,6.0,5.0,0.0,6.6e-05,0.0,1.0,0.0,0.5,-0.3814,broker
enterar,5,7,#8c564b,0.0020271628163754,4,1,3,0,6.0,13.0,0.0,8.5e-05,0.0,0.5,0.0,0.625,0.286,broker
completar,5,6,#8c564b,0.0025774599052965,2,0,2,0,0.0,10.0,0.0,4.8e-05,0.0,1.0,0.0,0.5,-1.3389,broker
irma,5,6,#8c564b,0.0010390734532848,1,1,0,0,6.0,0.0,0.0,6.7e-05,0.0,0.0,0.0,0.0,-0.5477,periferico
oreja,5,5,#8c564b,0.0023676832206547,2,1,1,0,6.0,6.0,0.0,5e-05,0.0,1.0,0.0,0.5,-0.8165,broker
exclusivo,5,9,#8c564b,0.0021817476954311,3,0,3,0,0.0,14.0,0.0,5.4e-05,0.0,1.0,0.0,0.4444,-0.4082,periferico
denominado,5,2,#8c564b,0.0031267295125871,2,0,2,0,0.0,11.0,0.0,5.1e-05,0.0,1.0,0.0,0.5,-0.8111,broker
platica,5,9,#8c564b,0.0020724891219288,4,0,4,0,0.0,17.0,0.0,5.7e-05,0.0,1.0,0.0,0.625,-0.4082,broker
ten,5,7,#8c564b,0.0011794260935857,2,0,2,0,0.0,9.0,0.0,0.000113,0.0,0.0,0.0,0.5,-0.3814,broker
vinculacion,5,8,#8c564b,0.0031269858591258,3,0,3,0,0.0,15.0,0.0,5.8e-05,0.0,0.6667,0.0,0.6667,-0.866,broker
lady,5,2,#8c564b,0.002471916610375,3,0,3,0,0.0,13.0,0.0,5.4e-05,0.0,1.0,0.0,0.4444,-0.4326,periferico
antecedente,5,5,#8c564b,0.0015368399908766,3,0,3,0,0.0,13.0,0.0,5.1e-05,0.0,1.0,0.0,0.6667,-0.8165,broker
velaria,5,3,#8c564b,0.0022358398418873,1,0,1,0,0.0,5.0,0.0,4.3e-05,0.0,0.0,0.0,0.0,-0.4009,periferico
acusado,5,8,#8c564b,0.001544413389638,3,0,3,0,0.0,14.0,0.0,5.3e-05,0.0,1.0,0.0,0.6667,-0.866,broker
auge,5,2,#8c564b,0.0022408736404031,1,0,1,0,0.0,5.0,0.0,4.6e-05,0.0,0.0,0.0,0.0,-0.8111,periferico
despido,5,7,#8c564b,0.0010512714507058,1,0,1,0,0.0,4.0,0.0,4.3e-05,0.0,0.0,0.0,0.0,-1.0488,periferico
pintado,5,11,#8c564b,0.0012883445015177,1,0,1,0,0.0,4.0,0.0,4.3e-05,0.0,0.0,0.0,0.0,-2.0,periferico
tar,5,7,#8c564b,0.0010306402109563,1,0,1,0,0.0,4.0,0.0,8.2e-05,0.0,0.0,0.0,0.0,-0.3814,periferico
play,5,7,#8c564b,0.0010782550089061,1,0,1,0,0.0,4.0,0.0,4.3e-05,0.0,0.0,0.0,0.0,-1.0488,periferico
pacto,5,2,#8c564b,0.0027741261292248,1,0,1,0,0.0,4.0,0.0,4.2e-05,0.0,0.0,0.0,0.0,-1.1896,periferico
contratacion,5,7,#8c564b,0.0058052730746567,2,0,2,0,0.0,8.0,0.0,4.7e-05,0.0,1.0,0.0,0.5,-1.0488,broker
llamada,5,10,#8c564b,0.0024412008933722,1,0,1,0,0.0,4.0,0.0,4.3e-05,0.0,0.0,0.0,0.0,-1.4142,periferico
captacion,5,7,#8c564b,0.0022109856363385,2,0,2,0,0.0,8.0,0.0,5e-05,0.0,0.0,0.0,0.5,-0.3814,broker
gonzalez,10,0,#aec7e8,0.0122156292200088,31,7,21,3,311.0,180.0,269.0,0.001119,0.0,0.2086,0.0,0.8616,1.6609,broker
robledo,10,0,#aec7e8,0.0064045307226479,8,5,3,0,253.0,41.0,0.0,0.000445,0.0,0.8929,0.0,0.5312,0.4152,broker
erasmo,10,0,#aec7e8,0.0106029575690627,8,5,3,0,256.0,31.0,0.0,0.000435,0.0,0.8929,0.0,0.5625,0.4152,broker
alcalde,10,0,#aec7e8,0.0242942105978727,30,6,23,1,211.0,176.0,67.0,0.000738,0.0,0.3655,0.0,0.9,0.8305,broker
presidente,10,2,#aec7e8,0.0208198893815279,96,12,80,4,156.0,991.0,276.0,0.003098,0.0,0.0963,0.0,0.9178,3.2137,conector_provincial
seguro,10,9,#aec7e8,0.0066532604396343,78,2,71,5,35.0,721.0,541.0,0.002068,0.0,0.1352,0.0,0.9274,2.0,broker
armando,10,0,#aec7e8,0.0104057090356946,12,6,6,0,188.0,57.0,0.0,0.00041,0.0,0.5606,0.0,0.6806,0.8305,broker
manriquez,10,0,#aec7e8,0.0018252287991344,8,5,3,0,122.0,24.0,0.0,0.000246,0.0,0.8929,0.0,0.5312,0.4152,broker
policia,10,1,#aec7e8,0.0309741348028183,56,9,47,0,138.0,405.0,0.0,0.001245,0.0,0.2201,0.0,0.9005,2.8218,conector_provincial
donald,10,2,#aec7e8,0.0053099310025572,8,2,6,0,49.0,42.0,0.0,0.000217,0.0,0.6429,0.0,0.7812,-0.0466,broker
robo,10,1,#aec7e8,0.0222338456660509,46,6,40,0,75.0,303.0,0.0,0.000926,0.0,0.2715,0.0,0.9017,1.2093,broker
facil,10,7,#aec7e8,0.0040530255064368,37,3,34,0,29.0,255.0,0.0,0.000686,0.0,0.3183,0.0,0.8955,1.2247,broker
president,10,2,#aec7e8,0.0126059288159012,27,2,25,0,44.0,154.0,0.0,0.000493,0.0,0.3675,0.0,0.8724,0.9315,broker
tranquilidad,10,9,#aec7e8,0.0021816091611981,6,1,5,0,29.0,28.0,0.0,0.000124,0.0,0.8,0.0,0.6667,-0.5,broker
minuto,10,7,#aec7e8,0.0110509814694523,21,2,19,0,21.0,153.0,0.0,0.000393,0.0,0.4714,0.0,0.8662,0.2041,broker
demostrar,10,-1,#aec7e8,0.0058955331332981,29,0,29,0,0.0,209.0,0.0,0.000503,0.0,0.3276,0.0,0.8966,0.0,broker
periodista,10,3,#aec7e8,0.0033422668930143,27,4,23,0,30.0,140.0,0.0,0.000424,0.0,0.3647,0.0,0.8395,2.6114,conector_provincial
patrulla,10,1,#aec7e8,0.0086964014917612,7,2,5,0,33.0,31.0,0.0,0.000164,0.0,0.8095,0.0,0.7347,-0.4031,broker
correr,10,5,#aec7e8,0.0154246482998132,33,3,30,0,28.0,231.0,0.0,0.000582,0.0,0.3542,0.0,0.9073,1.9889,broker
bla,10,2,#aec7e8,0.0035429205745458,15,2,13,0,29.0,70.0,0.0,0.000264,0.0,0.3619,0.0,0.8622,0.2794,broker
armado,10,1,#aec7e8,0.0085108652710914,25,4,21,0,52.0,130.0,0.0,0.000427,0.0,0.4167,0.0,0.8896,0.0,broker
moral,10,4,#aec7e8,0.0036197728477418,13,1,12,0,6.0,80.0,0.0,0.00022,0.0,0.5769,0.0,0.8757,0.0,broker
morenista,10,3,#aec7e8,0.0091242101043462,24,3,21,0,21.0,141.0,0.0,0.000379,0.0,0.4493,0.0,0.8819,1.1783,broker
siquiera,10,10,#aec7e8,0.0041507040150463,16,0,16,0,0.0,97.0,0.0,0.000241,0.0,0.575,0.0,0.9062,1.2247,broker
imaginar,10,6,#aec7e8,0.0031551830470561,20,1,19,0,8.0,124.0,0.0,0.00034,0.0,0.5263,0.0,0.875,2.6352,conector_provincial
asesino,10,13,#aec7e8,0.0029998349491506,16,0,16,0,0.0,94.0,0.0,0.000236,0.0,0.6583,0.0,0.8594,1.7321,broker
atacar,10,8,#aec7e8,0.0063684610649943,27,2,25,0,14.0,149.0,0.0,0.000413,0.0,0.3447,0.0,0.8834,2.0,broker
celular,10,7,#aec7e8,0.0049518086016178,18,3,15,0,31.0,98.0,0.0,0.000306,0.0,0.5425,0.0,0.8704,0.2041,broker
criticar,10,13,#aec7e8,0.0040468028746545,12,0,12,0,0.0,78.0,0.0,0.000198,0.0,0.5303,0.0,0.9028,0.0,broker
llamado,10,4,#aec7e8,0.0160127952694892,23,7,16,0,56.0,117.0,0.0,0.000426,0.0,0.3874,0.0,0.8431,3.4359,conector_provincial
noticiero,10,3,#aec7e8,0.0048236483708024,8,3,5,0,28.0,37.0,0.0,0.000175,0.0,0.8214,0.0,0.6562,0.7006,broker
culpar,10,1,#aec7e8,0.0026809615083038,7,1,6,0,10.0,44.0,0.0,0.00015,0.0,0.6667,0.0,0.6939,-0.4031,broker
metar,10,6,#aec7e8,0.0034009332302957,7,1,6,0,8.0,45.0,0.0,0.000139,0.0,0.9048,0.0,0.8163,0.3162,broker
agente,10,1,#aec7e8,0.003486187197268,11,4,7,0,36.0,37.0,0.0,0.000243,0.0,0.4909,0.0,0.7934,0.0,broker
desastre,10,1,#aec7e8,0.0036169691011309,7,2,5,0,17.0,34.0,0.0,0.000149,0.0,0.619,0.0,0.5714,0.0,broker
obvio,10,6,#aec7e8,0.0026889643631875,14,0,14,0,0.0,83.0,0.0,0.000222,0.0,0.5604,0.0,0.8673,0.3162,broker
levantar,10,7,#aec7e8,0.0087085859850049,19,2,17,0,15.0,102.0,0.0,0.000262,0.0,0.538,0.0,0.8864,0.2041,broker
hambre,10,5,#aec7e8,0.0054753525182604,17,1,16,0,11.0,93.0,0.0,0.000285,0.0,0.5662,0.0,0.8651,0.5569,broker
basta,10,8,#aec7e8,0.0030859292019158,6,1,5,0,8.0,37.0,0.0,0.00013,0.0,0.9333,0.0,0.6667,0.5,broker
repetir,10,5,#aec7e8,0.0067346156574785,21,2,19,0,12.0,108.0,0.0,0.00029,0.0,0.5381,0.0,0.8753,-0.1591,broker
policias,10,1,#aec7e8,0.0017079069511964,6,1,5,0,12.0,22.0,0.0,0.000142,0.0,0.6667,0.0,0.6667,-0.4031,broker
invasion,10,5,#aec7e8,0.0035106381401419,10,2,8,0,17.0,57.0,0.0,0.000182,0.0,0.7333,0.0,0.8,0.5569,broker
mandir,10,4,#aec7e8,0.0070925252512097,11,1,10,0,7.0,53.0,0.0,0.000198,0.0,0.5636,0.0,0.7934,0.6872,broker
jajajajaja,10,12,#aec7e8,0.0035596210509538,9,0,9,0,0.0,49.0,0.0,0.000145,0.0,0.5833,0.0,0.8642,1.7889,broker
torre,10,3,#aec7e8,0.0050593977794051,3,0,3,0,0.0,21.0,0.0,9.2e-05,0.0,0.6667,0.0,0.6667,-0.7325,broker
dictador,10,2,#aec7e8,0.0019572163000702,7,1,6,0,11.0,29.0,0.0,0.000123,0.0,0.5714,0.0,0.7347,-0.0466,broker
ahorita,10,3,#aec7e8,0.0041140257380902,12,0,12,0,0.0,73.0,0.0,0.000197,0.0,0.6364,0.0,0.875,-0.2548,broker
miserable,10,3,#aec7e8,0.0064015472307801,18,3,15,0,19.0,77.0,0.0,0.000255,0.0,0.5425,0.0,0.8889,0.2229,broker
reiterar,10,4,#aec7e8,0.0020956522785127,4,1,3,0,11.0,12.0,0.0,8.4e-05,0.0,0.5,0.0,0.625,0.0,broker
fauna,10,4,#aec7e8,0.0110399527475237,3,1,2,0,11.0,9.0,0.0,0.000104,0.0,0.3333,0.0,0.0,0.6872,periferico
aplaudir,10,12,#aec7e8,0.0022987241391092,2,0,2,0,0.0,15.0,0.0,6.5e-05,0.0,1.0,0.0,0.5,-0.8944,broker
peligro,10,4,#aec7e8,0.0094289788976311,13,1,12,0,6.0,76.0,0.0,0.000214,0.0,0.6154,0.0,0.8402,0.6872,broker
peligroso,10,1,#aec7e8,0.0040848534554243,9,2,7,0,16.0,35.0,0.0,0.000159,0.0,0.4722,0.0,0.642,0.4031,broker
cuanta,10,2,#aec7e8,0.0022773423697799,6,1,5,0,10.0,21.0,0.0,9.9e-05,0.0,0.8,0.0,0.7778,-0.6986,broker
salinas,10,4,#aec7e8,0.0060101388953626,8,0,8,0,0.0,48.0,0.0,0.000173,0.0,0.6786,0.0,0.8125,-0.6872,broker
lamentablemente,10,5,#aec7e8,0.0033778219949454,8,0,8,0,0.0,45.0,0.0,0.000135,0.0,0.6786,0.0,0.75,0.5569,broker
gordo,10,13,#aec7e8,0.0036727047991007,11,0,11,0,0.0,68.0,0.0,0.000175,0.0,0.7818,0.0,0.8595,0.0,broker
coraje,10,5,#aec7e8,0.0046043498441576,11,0,11,0,0.0,51.0,0.0,0.000142,0.0,0.6545,0.0,0.8264,-0.1591,broker
vigente,10,4,#aec7e8,0.0109260641038417,2,1,1,0,7.0,9.0,0.0,8.3e-05,0.0,1.0,0.0,0.5,-0.6872,broker
segura,10,0,#aec7e8,0.0011931222397834,4,1,3,0,7.0,19.0,0.0,8.6e-05,0.0,0.5,0.0,0.75,-1.2457,broker
culo,10,5,#aec7e8,0.0018713462632149,4,0,4,0,0.0,21.0,0.0,7.8e-05,0.0,1.0,0.0,0.75,-0.8751,broker
seguramente,10,10,#aec7e8,0.0029754422139376,12,0,12,0,0.0,60.0,0.0,0.000166,0.0,0.5758,0.0,0.8333,1.2247,broker
habla,10,2,#aec7e8,0.0011518710525706,2,1,1,0,8.0,4.0,0.0,6.2e-05,0.0,1.0,0.0,0.0,-0.3726,periferico
hipocresia,10,2,#aec7e8,0.0016540375072509,6,2,4,0,14.0,17.0,0.0,0.000102,0.0,0.6,0.0,0.6667,-0.0466,broker
participe,10,0,#aec7e8,0.0018925194162875,2,1,1,0,8.0,7.0,0.0,6e-05,0.0,1.0,0.0,0.5,-1.2457,broker
new,10,3,#aec7e8,0.0025595508050173,4,1,3,0,8.0,12.0,0.0,9e-05,0.0,0.5,0.0,0.625,-0.2548,broker
york,10,3,#aec7e8,0.0037273801863193,5,1,4,0,8.0,22.0,0.0,0.000114,0.0,0.5,0.0,0.56,0.2229,broker
impartir,10,11,#aec7e8,0.0019853571429848,3,1,2,0,8.0,12.0,0.0,0.000116,0.0,0.0,0.0,0.6667,0.0,broker
roja,10,4,#aec7e8,0.0096219172701239,5,1,4,0,8.0,21.0,0.0,0.000102,0.0,0.6,0.0,0.8,-0.6872,broker
nieto,10,3,#aec7e8,0.0059170378372073,13,1,12,0,6.0,57.0,0.0,0.000175,0.0,0.6026,0.0,0.7811,1.1783,broker
despedir,10,3,#aec7e8,0.0037979239132255,4,0,4,0,0.0,22.0,0.0,8.4e-05,0.0,0.5,0.0,0.75,-0.7325,broker
debate,10,4,#aec7e8,0.0025696239899843,2,1,1,0,8.0,5.0,0.0,0.000161,0.0,0.0,0.0,0.0,0.0,periferico
discusion,10,4,#aec7e8,0.002779986243695,1,1,0,0,8.0,0.0,0.0,0.000123,0.0,0.0,0.0,0.0,-0.6872,periferico
conferencia,10,11,#aec7e8,0.0022810201626271,6,1,5,0,8.0,25.0,0.0,0.000219,0.0,0.2,0.0,0.6667,2.0,broker
monton,10,12,#aec7e8,0.0021471788641065,6,0,6,0,0.0,30.0,0.0,9.3e-05,0.0,0.8,0.0,0.8333,0.4472,broker
malvado,10,12,#aec7e8,0.0011835236800834,1,0,1,0,0.0,7.0,0.0,5.2e-05,0.0,0.0,0.0,0.0,-0.8944,periferico
llanta,10,1,#aec7e8,0.0016226884908974,3,0,3,0,0.0,16.0,0.0,6.8e-05,0.0,1.0,0.0,0.4444,-0.8062,periferico
respetuoso,10,4,#aec7e8,0.0049415985122323,4,1,3,0,7.0,14.0,0.0,7.9e-05,0.0,0.8333,0.0,0.625,0.0,broker
enfrentamiento,10,1,#aec7e8,0.00461505074054,5,2,3,0,13.0,16.0,0.0,0.000108,0.0,0.4,0.0,0.56,-0.4031,broker
deportar,10,2,#aec7e8,0.0010035855229943,1,1,0,0,7.0,0.0,0.0,5.2e-05,0.0,0.0,0.0,0.0,-0.6986,periferico
delo,10,5,#aec7e8,0.0016649534227326,4,0,4,0,0.0,19.0,0.0,7.6e-05,0.0,1.0,0.0,0.75,-0.8751,broker
impune,10,13,#aec7e8,0.0013563985703513,3,0,3,0,0.0,15.0,0.0,6.6e-05,0.0,1.0,0.0,0.6667,0.0,broker
adeudo,10,4,#aec7e8,0.0044110789895057,3,1,2,0,7.0,13.0,0.0,9.1e-05,0.0,0.6667,0.0,0.6667,-0.6872,broker
burro,10,3,#aec7e8,0.0021944274194538,4,0,4,0,0.0,21.0,0.0,7.9e-05,0.0,1.0,0.0,0.75,-0.7325,broker
octavio,10,3,#aec7e8,0.0052540358155965,2,0,2,0,0.0,12.0,0.0,7.1e-05,0.0,1.0,0.0,0.5,-0.7325,broker
gobiernos,10,2,#aec7e8,0.0014608933124691,4,1,3,0,6.0,13.0,0.0,7.8e-05,0.0,0.8333,0.0,0.375,-0.0466,periferico
extorsionador,10,8,#aec7e8,0.0013957795454189,4,0,4,0,0.0,19.0,0.0,7.7e-05,0.0,0.8333,0.0,0.75,0.5,broker
decidido,10,2,#aec7e8,0.001137763611041,2,1,1,0,6.0,4.0,0.0,5.5e-05,0.0,1.0,0.0,0.5,-0.6986,broker
confirmado,10,2,#aec7e8,0.0043763504363596,1,1,0,0,6.0,0.0,0.0,5e-05,0.0,0.0,0.0,0.0,-0.6986,periferico
reportera,10,10,#aec7e8,0.0014056301442906,3,0,3,0,0.0,16.0,0.0,7.1e-05,0.0,1.0,0.0,0.4444,-1.2247,periferico
supuestamente,10,6,#aec7e8,0.0011107131140306,6,0,6,0,0.0,30.0,0.0,9.6e-05,0.0,0.8,0.0,0.8333,0.3162,broker
critica,10,3,#aec7e8,0.0044372645206749,3,0,3,0,0.0,17.0,0.0,6.8e-05,0.0,0.6667,0.0,0.6667,-0.7325,broker
secuestrador,10,8,#aec7e8,0.0012539525050669,6,0,6,0,0.0,27.0,0.0,9.5e-05,0.0,0.7333,0.0,0.7778,0.5,broker
erradicar,10,13,#aec7e8,0.0018293521134182,2,0,2,0,0.0,10.0,0.0,5.5e-05,0.0,1.0,0.0,0.5,-1.7321,broker
ininterrumpido,10,9,#aec7e8,0.0025448447559028,1,1,0,0,6.0,0.0,0.0,4.7e-05,0.0,0.0,0.0,0.0,-0.5,periferico
contratar,10,8,#aec7e8,0.0029376002494245,4,1,3,0,6.0,13.0,0.0,7.6e-05,0.0,1.0,0.0,0.75,0.5,broker
andir,10,13,#aec7e8,0.00169236457441,5,0,5,0,0.0,25.0,0.0,9e-05,0.0,1.0,0.0,0.72,0.0,broker
policiaco,10,1,#aec7e8,0.0036165986675769,3,1,2,0,6.0,8.0,0.0,6.7e-05,0.0,1.0,0.0,0.4444,-0.8062,periferico
pruebas,10,2,#aec7e8,0.0017957586096599,2,1,1,0,6.0,5.0,0.0,6.1e-05,0.0,1.0,0.0,0.0,-0.3726,periferico
matutino,10,4,#aec7e8,0.0027072415687143,2,1,1,0,6.0,6.0,0.0,0.000126,0.0,0.0,0.0,0.5,-0.6872,broker
ford,10,4,#aec7e8,0.0027202456258237,1,1,0,0,6.0,0.0,0.0,9.3e-05,0.0,0.0,0.0,0.0,-0.6872,periferico
deportista,10,0,#aec7e8,0.0112307760864496,4,1,3,0,6.0,15.0,0.0,9.6e-05,0.0,0.3333,0.0,0.625,-0.8305,broker
cuerda,10,0,#aec7e8,0.0014155134558677,1,1,0,0,6.0,0.0,0.0,4.7e-05,0.0,0.0,0.0,0.0,-1.2457,periferico
bendito,10,12,#aec7e8,0.0010852746199816,3,0,3,0,0.0,15.0,0.0,6.8e-05,0.0,1.0,0.0,0.6667,0.4472,broker
tirania,10,8,#aec7e8,0.0018712693126872,1,0,1,0,0.0,5.0,0.0,4.8e-05,0.0,0.0,0.0,0.0,-1.0,periferico
bruja,10,10,#aec7e8,0.0014790093991905,3,0,3,0,0.0,14.0,0.0,6.8e-05,0.0,1.0,0.0,0.6667,0.0,broker
art,10,10,#aec7e8,0.0016948665725067,1,0,1,0,0.0,5.0,0.0,4.8e-05,0.0,0.0,0.0,0.0,-1.2247,periferico
terror,10,10,#aec7e8,0.0025308900512754,4,0,4,0,0.0,19.0,0.0,7.9e-05,0.0,0.6667,0.0,0.75,0.0,broker
exhibir,10,3,#aec7e8,0.0019484589574858,3,0,3,0,0.0,14.0,0.0,6.3e-05,0.0,1.0,0.0,0.6667,-1.2102,broker
derrotar,10,2,#aec7e8,0.0028076567687094,1,0,1,0,0.0,5.0,0.0,4.8e-05,0.0,0.0,0.0,0.0,-0.6986,periferico
centeno,10,11,#aec7e8,0.0011206234339624,2,0,2,0,0.0,9.0,0.0,0.000161,0.0,0.0,0.0,0.0,1.0,periferico
fernanda,10,11,#aec7e8,0.0018947917269542,1,0,1,0,0.0,5.0,0.0,0.000116,0.0,0.0,0.0,0.0,0.0,periferico
igualito,10,-1,#aec7e8,0.001057973364368,2,0,2,0,0.0,9.0,0.0,5.7e-05,0.0,1.0,0.0,0.5,0.0,broker
loret,10,6,#aec7e8,0.0016135743353515,1,0,1,0,0.0,5.0,0.0,5.1e-05,0.0,0.0,0.0,0.0,-0.8433,periferico
encarcelar,10,6,#aec7e8,0.0014299724716693,5,0,5,0,0.0,22.0,0.0,8.2e-05,0.0,0.8,0.0,0.72,-0.8433,broker
capacitado,10,9,#aec7e8,0.0010209957836195,2,0,2,0,0.0,9.0,0.0,5.6e-05,0.0,0.0,0.0,0.5,-0.5,broker
morenarcos,10,6,#aec7e8,0.0013483042130246,1,0,1,0,0.0,5.0,0.0,5e-05,0.0,0.0,0.0,0.0,-0.8433,periferico
emitir,10,11,#aec7e8,0.0240207239985466,5,0,2,3,0.0,10.0,259.0,0.000233,0.0,0.3,0.0,0.8,-1.0,broker
comunicador,10,3,#aec7e8,0.0014028747100383,2,0,2,0,0.0,9.0,0.0,6.7e-05,0.0,0.0,0.0,0.5,-0.7325,broker
clasico,10,7,#aec7e8,0.007978331297636,4,0,4,0,0.0,18.0,0.0,7.9e-05,0.0,0.5,0.0,0.75,-1.8371,broker
corriente,10,4,#aec7e8,0.0086572542786598,2,0,2,0,0.0,9.0,0.0,7e-05,0.0,0.0,0.0,0.0,0.0,periferico
topar,10,6,#aec7e8,0.0012635750463232,1,0,1,0,0.0,4.0,0.0,4.7e-05,0.0,0.0,0.0,0.0,-0.8433,periferico
estatales,10,1,#aec7e8,0.0012439533602446,1,0,1,0,0.0,4.0,0.0,5.3e-05,0.0,0.0,0.0,0.0,-1.2093,periferico
ticket,10,4,#aec7e8,0.001722278422676,1,0,1,0,0.0,4.0,0.0,5e-05,0.0,0.0,0.0,0.0,-0.6872,periferico
universitario,10,9,#aec7e8,0.0034601162187755,1,0,1,0,0.0,4.0,0.0,4.5e-05,0.0,0.0,0.0,0.0,-0.5,periferico
aprehension,10,11,#aec7e8,0.0019557101186364,1,0,1,0,0.0,4.0,0.0,5e-05,0.0,0.0,0.0,0.0,-1.0,periferico
humillar,10,8,#aec7e8,0.0010227441089227,1,0,1,0,0.0,4.0,0.0,4.7e-05,0.0,0.0,0.0,0.0,-1.0,periferico
rectora,10,11,#aec7e8,0.0019865976646542,1,0,1,0,0.0,4.0,0.0,6.2e-05,0.0,0.0,0.0,0.0,0.0,periferico
apoir,10,8,#aec7e8,0.0011596609838306,1,0,1,0,0.0,4.0,0.0,4.7e-05,0.0,0.0,0.0,0.0,-1.0,periferico
absoluto,10,12,#aec7e8,0.0027841210830956,2,0,2,0,0.0,8.0,0.0,5.6e-05,0.0,1.0,0.0,0.5,-0.8944,broker
mugrena,10,6,#aec7e8,0.0012046333868056,2,0,2,0,0.0,8.0,0.0,5.6e-05,0.0,1.0,0.0,0.5,0.3162,broker
hdspm,10,6,#aec7e8,0.0011751509737223,1,0,1,0,0.0,4.0,0.0,4.8e-05,0.0,0.0,0.0,0.0,-0.8433,periferico
debeer,10,6,#aec7e8,0.0013070008717477,1,0,1,0,0.0,4.0,0.0,4.8e-05,0.0,0.0,0.0,0.0,0.3162,periferico
indignante,10,8,#aec7e8,0.0017223064787685,1,0,1,0,0.0,4.0,0.0,4.7e-05,0.0,0.0,0.0,0.0,-1.0,periferico
meza,10,5,#aec7e8,0.0020300201140344,1,0,1,0,0.0,4.0,0.0,4.4e-05,0.0,0.0,0.0,0.0,-1.5911,periferico
acudar,10,11,#aec7e8,0.0023292894475162,1,0,1,0,0.0,4.0,0.0,4.4e-05,0.0,0.0,0.0,0.0,-1.0,periferico
politico,27,0,#7f7f7f,0.0164218805730342,74,4,68,2,213.0,1172.0,138.0,0.001393,0.0,0.3336,0.0,0.9343,0.8165,broker
pueblo,27,10,#7f7f7f,0.0192826595157384,89,3,77,9,70.0,1795.0,914.0,0.002279,0.0,0.2462,0.0,0.9453,1.8257,broker
dinero,27,2,#7f7f7f,0.0097697200253605,71,5,66,0,58.0,1192.0,0.0,0.001261,0.0,0.3457,0.0,0.9339,2.0592,broker
morena,27,0,#7f7f7f,0.0426609106361866,70,4,64,2,248.0,1177.0,136.0,0.001379,0.0,0.3594,0.0,0.9384,0.8165,broker
corrupto,27,5,#7f7f7f,0.0326383039355278,69,3,66,0,58.0,1052.0,0.0,0.001098,0.0,0.3581,0.0,0.9334,2.1243,broker
servir,27,6,#7f7f7f,0.0229673460125923,59,4,55,0,47.0,656.0,0.0,0.000699,0.0,0.4348,0.0,0.9354,0.7845,broker
claro,27,9,#7f7f7f,0.0083300303667783,59,4,55,0,54.0,691.0,0.0,0.000753,0.0,0.4342,0.0,0.9285,1.8708,broker
pri,27,0,#7f7f7f,0.0127577325329184,43,3,40,0,158.0,343.0,0.0,0.000491,0.0,0.6179,0.0,0.9302,-1.2247,broker
crimen,27,1,#7f7f7f,0.0167068541049957,46,6,40,0,123.0,393.0,0.0,0.000508,0.0,0.5517,0.0,0.9206,1.6493,broker
organizado,27,1,#7f7f7f,0.0101396469399333,36,2,34,0,83.0,325.0,0.0,0.000406,0.0,0.7016,0.0,0.9198,-0.1207,broker
corrupcion,27,-1,#7f7f7f,0.0205742698162794,56,0,56,0,0.0,827.0,0.0,0.000769,0.0,0.4792,0.0,0.9305,0.0,broker
prian,27,8,#7f7f7f,0.0100842788815498,51,4,47,0,44.0,561.0,0.0,0.000561,0.0,0.5435,0.0,0.9312,1.9122,broker
pan,27,0,#7f7f7f,0.0119120655581355,49,4,45,0,185.0,461.0,0.0,0.000596,0.0,0.5417,0.0,0.9321,0.8165,broker
acabar,27,13,#7f7f7f,0.0155033264309167,55,3,52,0,24.0,620.0,0.0,0.000614,0.0,0.5044,0.0,0.9276,1.0,broker
votar,27,14,#7f7f7f,0.017102938145399,50,2,48,0,16.0,492.0,0.0,0.000489,0.0,0.5273,0.0,0.9296,1.4142,broker
verguenza,27,5,#7f7f7f,0.009293389506638,48,2,46,0,51.0,494.0,0.0,0.000513,0.0,0.5665,0.0,0.9297,0.559,broker
bola,27,4,#7f7f7f,0.007160591892898,41,3,38,0,30.0,350.0,0.0,0.000406,0.0,0.5756,0.0,0.9197,0.559,broker
gobernar,27,7,#7f7f7f,0.0096487756818532,39,1,38,0,11.0,383.0,0.0,0.000388,0.0,0.6694,0.0,0.9323,0.7071,broker
criminal,27,1,#7f7f7f,0.0073991953395307,44,6,38,0,78.0,415.0,0.0,0.000523,0.0,0.5402,0.0,0.9163,2.0917,broker
jamas,27,12,#7f7f7f,0.0069269565865397,32,1,31,0,19.0,264.0,0.0,0.000276,0.0,0.7379,0.0,0.9258,1.4142,broker
cargo,27,3,#7f7f7f,0.0115150026977062,37,4,33,0,43.0,297.0,0.0,0.000368,0.0,0.5631,0.0,0.9175,2.1377,broker
cuba,27,10,#7f7f7f,0.007039422634989,24,1,23,0,32.0,180.0,0.0,0.000216,0.0,0.7935,0.0,0.9097,0.0,broker
ratero,27,4,#7f7f7f,0.0097971325740218,35,5,30,0,58.0,303.0,0.0,0.000355,0.0,0.6975,0.0,0.9208,0.559,broker
hermano,27,12,#7f7f7f,0.0140716452151536,40,2,38,0,25.0,350.0,0.0,0.000358,0.0,0.7051,0.0,0.9175,0.0,broker
idea,27,7,#7f7f7f,0.0083009097725152,29,2,27,0,21.0,198.0,0.0,0.000228,0.0,0.7586,0.0,0.9108,1.4142,broker
cabeza,27,9,#7f7f7f,0.0076602003537118,38,2,36,0,27.0,335.0,0.0,0.000348,0.0,0.697,0.0,0.9197,0.2673,broker
panista,27,0,#7f7f7f,0.0093534477055072,17,3,14,0,66.0,94.0,0.0,0.000168,0.0,0.9853,0.0,0.9066,-1.2247,broker
dano,27,3,#7f7f7f,0.0100948056206107,33,2,31,0,26.0,223.0,0.0,0.00026,0.0,0.6686,0.0,0.9128,1.0126,broker
artificial,27,2,#7f7f7f,0.0037724326830357,4,1,3,0,24.0,12.0,0.0,7.7e-05,0.0,0.6667,0.0,0.625,-0.3922,broker
inteligencia,27,2,#7f7f7f,0.0083132814615964,30,2,28,0,40.0,169.0,0.0,0.000256,0.0,0.5977,0.0,0.9111,0.5883,broker
aumentar,27,6,#7f7f7f,0.0056650107726454,22,2,20,0,30.0,154.0,0.0,0.000252,0.0,0.5931,0.0,0.8802,1.4709,broker
ministro,27,14,#7f7f7f,0.0033110643271356,18,1,17,0,10.0,126.0,0.0,0.000148,0.0,0.9804,0.0,0.8951,-0.7071,broker
caber,27,7,#7f7f7f,0.0034762127324938,10,1,9,0,23.0,55.0,0.0,0.000104,0.0,1.0,0.0,0.86,0.0,broker
duda,27,7,#7f7f7f,0.0068709552288055,39,2,37,0,33.0,264.0,0.0,0.000323,0.0,0.6127,0.0,0.927,1.4142,broker
maldito,27,4,#7f7f7f,0.0083506349474191,36,4,32,0,36.0,263.0,0.0,0.000296,0.0,0.7016,0.0,0.9167,1.3416,broker
razon,27,9,#7f7f7f,0.0064712241291999,37,2,35,0,29.0,290.0,0.0,0.000309,0.0,0.7252,0.0,0.9262,-0.5345,broker
diana,27,11,#7f7f7f,0.0022222474217414,4,2,2,0,30.0,9.0,0.0,0.00015,0.0,0.6667,0.0,0.375,0.6614,periferico
rosales,27,11,#7f7f7f,0.0038833296857774,4,2,2,0,28.0,10.0,0.0,0.000185,0.0,0.5,0.0,0.0,1.3229,periferico
gritar,27,10,#7f7f7f,0.0050672134384512,13,1,12,0,20.0,68.0,0.0,0.000113,0.0,0.859,0.0,0.8994,0.0,broker
cometer,27,15,#7f7f7f,0.0060996934771537,14,0,14,0,0.0,100.0,0.0,0.00012,0.0,0.9451,0.0,0.9184,-0.7071,broker
digital,27,2,#7f7f7f,0.0063190124928951,10,3,7,0,32.0,32.0,0.0,0.000123,0.0,0.4667,0.0,0.7,1.0786,broker
dias,27,10,#7f7f7f,0.0028960742056369,9,1,8,0,18.0,46.0,0.0,9.1e-05,0.0,0.8889,0.0,0.7901,-0.9129,broker
sexenio,27,8,#7f7f7f,0.002369264839217,25,1,24,0,16.0,170.0,0.0,0.000196,0.0,0.7467,0.0,0.9152,0.7253,broker
ocupar,27,3,#7f7f7f,0.0046900352463126,27,1,26,0,13.0,182.0,0.0,0.000208,0.0,0.7379,0.0,0.9053,-0.6751,broker
tranquilo,27,4,#7f7f7f,0.0022633620537817,25,3,22,0,22.0,135.0,0.0,0.000171,0.0,0.8433,0.0,0.8992,-0.2236,broker
lara,27,12,#7f7f7f,0.0068391216918826,18,1,17,0,6.0,105.0,0.0,0.000133,0.0,0.7778,0.0,0.9012,0.0,broker
derecha,27,15,#7f7f7f,0.0071348464116454,28,0,28,0,0.0,194.0,0.0,0.000202,0.0,0.754,0.0,0.9184,1.4142,broker
norona,27,6,#7f7f7f,0.0037634084001183,14,1,13,0,7.0,96.0,0.0,0.000125,0.0,0.8352,0.0,0.8571,0.7845,broker
prianista,27,8,#7f7f7f,0.0041652736254036,27,1,26,0,16.0,167.0,0.0,0.000194,0.0,0.7749,0.0,0.9053,0.7253,broker
adan,27,2,#7f7f7f,0.005421333014965,16,1,15,0,8.0,89.0,0.0,0.000119,0.0,0.8833,0.0,0.875,-0.8825,broker
mierda,27,4,#7f7f7f,0.0081970803439617,29,3,26,0,21.0,197.0,0.0,0.000226,0.0,0.7882,0.0,0.8989,0.559,broker
referir,27,3,#7f7f7f,0.0146399931982159,9,2,7,0,22.0,45.0,0.0,9.9e-05,0.0,0.8611,0.0,0.8642,-0.1125,broker
senador,27,6,#7f7f7f,0.0043508606031537,13,1,12,0,7.0,90.0,0.0,0.000117,0.0,0.9231,0.0,0.8639,-0.5883,broker
ridiculo,27,9,#7f7f7f,0.0036771283484995,18,1,17,0,12.0,114.0,0.0,0.000146,0.0,0.8562,0.0,0.8765,0.2673,broker
azteca,27,11,#7f7f7f,0.0051231603138148,18,1,17,0,10.0,119.0,0.0,0.0002,0.0,0.5882,0.0,0.8951,0.6614,broker
convenir,27,13,#7f7f7f,0.0040773306973278,17,1,16,0,7.0,109.0,0.0,0.000136,0.0,0.875,0.0,0.8927,-1.0,broker
vividor,27,5,#7f7f7f,0.0023866000119596,10,1,9,0,7.0,58.0,0.0,9.2e-05,0.0,1.0,0.0,0.76,-0.2236,broker
cinico,27,4,#7f7f7f,0.0045716827735304,17,2,15,0,13.0,99.0,0.0,0.000132,0.0,0.8529,0.0,0.9066,-1.0062,broker
juzgar,27,5,#7f7f7f,0.0030113807879388,12,1,11,0,8.0,58.0,0.0,9.3e-05,0.0,0.9545,0.0,0.8611,-0.2236,broker
humanidad,27,1,#7f7f7f,0.0025655943900346,16,2,14,0,18.0,77.0,0.0,0.000151,0.0,0.6583,0.0,0.8828,0.3218,broker
limpiar,27,13,#7f7f7f,0.006687466520816,17,1,16,0,11.0,114.0,0.0,0.000142,0.0,0.9265,0.0,0.8789,-1.0,broker
siglo,27,2,#7f7f7f,0.0110183656215667,6,2,4,0,14.0,29.0,0.0,8.2e-05,0.0,0.7333,0.0,0.7778,-0.3922,broker
mandato,27,8,#7f7f7f,0.0040627974085509,15,1,14,0,6.0,75.0,0.0,0.000105,0.0,0.9238,0.0,0.88,0.7253,broker
eua,27,1,#7f7f7f,0.0048199030570685,11,1,10,0,9.0,57.0,0.0,9.4e-05,0.0,0.8545,0.0,0.8595,-0.5632,broker
quejar,27,6,#7f7f7f,0.003572519402951,23,2,21,0,15.0,110.0,0.0,0.000148,0.0,0.7154,0.0,0.9074,0.0981,broker
opcion,27,2,#7f7f7f,0.0146694602444767,14,2,12,0,14.0,62.0,0.0,0.000119,0.0,0.7033,0.0,0.8265,0.5883,broker
articulo,27,3,#7f7f7f,0.0319617055356502,17,2,12,3,17.0,58.0,260.0,0.000318,0.0,0.4632,0.0,0.8789,1.0126,broker
presidencial,27,8,#7f7f7f,0.0044144452549517,11,1,10,0,6.0,50.0,0.0,8.4e-05,0.0,0.9636,0.0,0.8595,-0.4616,broker
lesa,27,1,#7f7f7f,0.0022047609090805,3,2,1,0,15.0,5.0,0.0,7.3e-05,0.0,0.6667,0.0,0.0,-0.1207,periferico
erario,27,-1,#7f7f7f,0.0018239330966025,5,0,5,0,0.0,26.0,0.0,6e-05,0.0,1.0,0.0,0.8,0.0,broker
aguantar,27,12,#7f7f7f,0.0033981509041041,12,0,12,0,0.0,64.0,0.0,9.2e-05,0.0,0.9242,0.0,0.9028,-1.4142,broker
enfrente,27,5,#7f7f7f,0.0017974842339754,5,2,3,0,17.0,14.0,0.0,0.000115,0.0,0.6,0.0,0.72,-0.2236,broker
villahermosa,27,5,#7f7f7f,0.0035295493435114,1,1,0,0,9.0,0.0,0.0,6.7e-05,0.0,0.0,0.0,0.0,-1.0062,periferico
saquear,27,15,#7f7f7f,0.0023365600500255,13,0,13,0,0.0,72.0,0.0,9.8e-05,0.0,0.9615,0.0,0.8521,-0.7071,broker
conviccion,27,2,#7f7f7f,0.0020864068064838,3,0,3,0,0.0,22.0,0.0,5.6e-05,0.0,1.0,0.0,0.6667,-1.3728,broker
equivocar,27,13,#7f7f7f,0.0015801028348505,12,1,11,0,6.0,54.0,0.0,9.2e-05,0.0,0.7576,0.0,0.8472,1.0,broker
cuello,27,1,#7f7f7f,0.0024353768676519,7,2,5,0,13.0,29.0,0.0,7.4e-05,0.0,1.0,0.0,0.8163,-0.5632,broker
fantasma,27,9,#7f7f7f,0.0014308858662843,5,1,4,0,6.0,22.0,0.0,6.3e-05,0.0,0.9,0.0,0.64,-0.5345,broker
contrato,27,8,#7f7f7f,0.0029924234841018,9,0,9,0,0.0,50.0,0.0,9.9e-05,0.0,0.7778,0.0,0.8642,-0.4616,broker
urge,27,11,#7f7f7f,0.0044560795649886,13,0,13,0,0.0,71.0,0.0,9.8e-05,0.0,0.9872,0.0,0.8284,-1.3229,broker
oxxo,27,11,#7f7f7f,0.006247678771615,6,1,5,0,8.0,24.0,0.0,0.000105,0.0,0.5333,0.0,0.6667,0.6614,broker
animalito,27,4,#7f7f7f,0.0028439585585147,7,0,7,0,0.0,35.0,0.0,6.7e-05,0.0,1.0,0.0,0.8163,-1.7889,broker
delictivo,27,1,#7f7f7f,0.0060350107960402,5,2,3,0,12.0,20.0,0.0,6.5e-05,0.0,1.0,0.0,0.56,-0.1207,broker
molestar,27,7,#7f7f7f,0.0021882567089051,7,0,7,0,0.0,37.0,0.0,6.9e-05,0.0,0.9524,0.0,0.8163,-0.7071,broker
combate,27,3,#7f7f7f,0.0016165737761184,7,0,7,0,0.0,37.0,0.0,6.8e-05,0.0,0.9524,0.0,0.7755,-0.6751,broker
farc,27,1,#7f7f7f,0.0011601329315453,3,1,2,0,7.0,10.0,0.0,6.8e-05,0.0,0.6667,0.0,0.0,-0.1207,periferico
jaime,27,3,#7f7f7f,0.0071372468955814,3,1,2,0,7.0,12.0,0.0,5.5e-05,0.0,0.6667,0.0,0.6667,-0.6751,broker
sigan,27,14,#7f7f7f,0.0044494178146123,4,1,3,0,6.0,16.0,0.0,5.7e-05,0.0,1.0,0.0,0.75,-0.7071,broker
constar,27,3,#7f7f7f,0.0077831051312386,2,0,2,0,0.0,10.0,0.0,4.8e-05,0.0,1.0,0.0,0.5,-1.2376,broker
acreditar,27,3,#7f7f7f,0.0044433120638132,2,0,2,0,0.0,11.0,0.0,5.4e-05,0.0,0.0,0.0,0.5,-0.6751,broker
gobernanza,27,7,#7f7f7f,0.0028031459078192,2,0,2,0,0.0,10.0,0.0,4.8e-05,0.0,1.0,0.0,0.5,-0.7071,broker
ministerio,27,7,#7f7f7f,0.0018823669524863,3,0,3,0,0.0,13.0,0.0,5.1e-05,0.0,1.0,0.0,0.6667,-0.7071,broker
paisano,27,5,#7f7f7f,0.0018360635731369,3,0,3,0,0.0,13.0,0.0,4.9e-05,0.0,1.0,0.0,0.6667,-1.0062,broker
opositor,27,11,#7f7f7f,0.0029573077335953,5,0,5,0,0.0,21.0,0.0,5.6e-05,0.0,1.0,0.0,0.8,-1.3229,broker
avanza,27,11,#7f7f7f,0.004603078123182,1,0,1,0,0.0,5.0,0.0,6e-05,0.0,0.0,0.0,0.0,-0.6614,periferico
decreto,27,3,#7f7f7f,0.0033247577957808,3,0,3,0,0.0,13.0,0.0,5e-05,0.0,1.0,0.0,0.4444,-0.1125,periferico
orozco,27,2,#7f7f7f,0.0053118825890123,1,0,1,0,0.0,5.0,0.0,4.3e-05,0.0,0.0,0.0,0.0,-0.8825,periferico
rango,27,6,#7f7f7f,0.0072839600034058,2,0,2,0,0.0,9.0,0.0,5.1e-05,0.0,0.0,0.0,0.5,-1.2748,broker
atte,27,8,#7f7f7f,0.0010963440872728,2,0,2,0,0.0,8.0,0.0,4.5e-05,0.0,1.0,0.0,0.5,-1.055,broker
paga,27,2,#7f7f7f,0.0018952472601085,3,0,3,0,0.0,12.0,0.0,5.1e-05,0.0,0.6667,0.0,0.4444,-0.3922,periferico
eficiencia,27,9,#7f7f7f,0.0047816787846386,1,0,1,0,0.0,4.0,0.0,4.3e-05,0.0,0.0,0.0,0.0,-1.3363,periferico
financiamiento,27,8,#7f7f7f,0.0025956041645258,1,0,1,0,0.0,4.0,0.0,4.2e-05,0.0,0.0,0.0,0.0,-1.055,periferico
olvidado,27,8,#7f7f7f,0.0013714983360841,1,0,1,0,0.0,4.0,0.0,4.3e-05,0.0,0.0,0.0,0.0,-1.055,periferico
fuser,27,1,#7f7f7f,0.0011402684031054,1,0,1,0,0.0,4.0,0.0,4.2e-05,0.0,0.0,0.0,0.0,-1.4481,periferico
poseer,27,1,#7f7f7f,0.0028809499926865,1,0,1,0,0.0,4.0,0.0,4.3e-05,0.0,0.0,0.0,0.0,-1.0056,periferico
aparentemente,27,10,#7f7f7f,0.0023373684380203,1,0,1,0,0.0,4.0,0.0,4.2e-05,0.0,0.0,0.0,0.0,-0.9129,periferico
posiblemente,27,7,#7f7f7f,0.0032808159012347,3,0,3,0,0.0,12.0,0.0,4.9e-05,0.0,1.0,0.0,0.6667,-1.4142,broker
perspectiva,27,6,#7f7f7f,0.0027724031824618,1,0,1,0,0.0,4.0,0.0,4.4e-05,0.0,0.0,0.0,0.0,-1.2748,periferico
llamar,20,0,#1f77b4,0.0425644367933273,45,3,42,0,143.0,355.0,0.0,0.001547,0.0,0.1798,0.0,0.9047,1.6081,broker
nombre,20,0,#1f77b4,0.0219081733375787,43,4,38,1,144.0,360.0,66.0,0.001534,0.0,0.2038,0.0,0.9162,1.6081,broker
senora,20,0,#1f77b4,0.0115475291386246,39,2,37,0,108.0,372.0,0.0,0.001346,0.0,0.2335,0.0,0.9178,1.1055,broker
granhermano,20,1,#1f77b4,0.0146182114258408,2,1,1,0,54.0,5.0,0.0,0.000125,0.0,1.0,0.0,0.0,-0.2,periferico
luz,20,1,#1f77b4,0.032812587916851,42,8,29,5,120.0,258.0,461.0,0.001317,0.0,0.1823,0.0,0.9025,3.2667,conector_provincial
ganar,20,2,#1f77b4,0.0166942533105611,43,4,38,1,58.0,428.0,75.0,0.001527,0.0,0.1982,0.0,0.9086,2.3238,broker
noticia,20,7,#1f77b4,0.0074978922493755,30,2,28,0,23.0,329.0,0.0,0.000986,0.0,0.3149,0.0,0.9022,2.0,broker
davila,20,-1,#1f77b4,0.0036251463461667,2,0,2,0,0.0,38.0,0.0,0.000177,0.0,1.0,0.0,0.5,0.0,broker
vicky,20,-1,#1f77b4,0.004217171575874,3,0,3,0,0.0,42.0,0.0,0.000188,0.0,0.6667,0.0,0.6667,0.0,broker
animal,20,8,#1f77b4,0.0140965320169925,17,1,16,0,30.0,117.0,0.0,0.000445,0.0,0.4485,0.0,0.8789,1.7321,broker
maltrato,20,8,#1f77b4,0.0053853872232139,1,1,0,0,30.0,0.0,0.0,0.000117,0.0,0.0,0.0,0.0,-0.5774,periferico
muerto,20,3,#1f77b4,0.0051325662061572,22,3,19,0,33.0,176.0,0.0,0.00057,0.0,0.4762,0.0,0.8802,1.8708,broker
enviar,20,9,#1f77b4,0.0129248183220624,13,1,12,0,17.0,104.0,0.0,0.000338,0.0,0.641,0.0,0.8639,-0.5774,broker
pagina,20,2,#1f77b4,0.0031092076096683,10,1,9,0,18.0,57.0,0.0,0.000221,0.0,0.7778,0.0,0.78,0.2582,broker
consecuencia,20,4,#1f77b4,0.0112205343320965,13,1,12,0,6.0,87.0,0.0,0.000305,0.0,0.5385,0.0,0.8402,1.7321,broker
listo,20,11,#1f77b4,0.0321909859776496,12,0,12,0,0.0,94.0,0.0,0.000279,0.0,0.6515,0.0,0.8056,-0.5,broker
diferencia,20,2,#1f77b4,0.0034777878317981,17,2,15,0,27.0,97.0,0.0,0.000379,0.0,0.5809,0.0,0.8651,0.2582,broker
deseo,20,9,#1f77b4,0.0123468330129981,9,2,7,0,23.0,43.0,0.0,0.000236,0.0,0.5,0.0,0.716,1.7321,broker
chairo,20,7,#1f77b4,0.0111538162454962,12,1,11,0,17.0,81.0,0.0,0.000266,0.0,0.8333,0.0,0.8333,-0.5,broker
vuelta,20,2,#1f77b4,0.0121680023148655,11,2,9,0,26.0,53.0,0.0,0.000244,0.0,0.6,0.0,0.8099,0.2582,broker
dedicar,20,3,#1f77b4,0.0156938545405864,13,1,12,0,9.0,99.0,0.0,0.000298,0.0,0.7051,0.0,0.8639,0.2673,broker
rene,20,14,#1f77b4,0.0063131521455943,10,0,10,0,0.0,61.0,0.0,0.00019,0.0,0.8222,0.0,0.82,0.0,broker
sear,20,3,#1f77b4,0.0097199957817792,7,1,6,0,13.0,47.0,0.0,0.000184,0.0,1.0,0.0,0.6939,-0.5345,broker
recuerden,20,0,#1f77b4,0.0025524529628455,7,1,6,0,13.0,29.0,0.0,0.000137,0.0,0.9048,0.0,0.7347,0.1005,broker
consuelo,20,1,#1f77b4,0.0051162899471819,5,1,4,0,12.0,19.0,0.0,0.000113,0.0,0.7,0.0,0.64,-0.2,broker
secuestro,20,3,#1f77b4,0.0118503356352448,12,2,10,0,21.0,62.0,0.0,0.000246,0.0,0.6818,0.0,0.875,0.2673,broker
regidora,20,1,#1f77b4,0.0061211767606437,3,1,2,0,12.0,9.0,0.0,0.000122,0.0,0.3333,0.0,0.0,0.2333,periferico
honesto,20,12,#1f77b4,0.0022324996534734,13,1,12,0,7.0,71.0,0.0,0.000226,0.0,0.6923,0.0,0.8521,0.0,broker
avisar,20,3,#1f77b4,0.0121000045910477,9,1,8,0,8.0,47.0,0.0,0.00017,0.0,0.9722,0.0,0.7901,-0.5345,broker
claramente,20,4,#1f77b4,0.0062374123372137,10,0,10,0,0.0,62.0,0.0,0.000199,0.0,0.6889,0.0,0.76,0.5774,broker
sandra,20,1,#1f77b4,0.0058764237910509,6,2,4,0,18.0,19.0,0.0,0.000118,0.0,0.6,0.0,0.6111,0.2333,broker
madrid,20,5,#1f77b4,0.0121339820325374,5,1,4,0,6.0,22.0,0.0,0.000157,0.0,0.3,0.0,0.32,2.4019,periferico
detenido,20,6,#1f77b4,0.0084058791399002,8,1,7,0,10.0,31.0,0.0,0.000243,0.0,0.2857,0.0,0.7188,2.0,broker
litro,20,6,#1f77b4,0.0228605438023805,5,2,3,0,17.0,14.0,0.0,0.000188,0.0,0.5,0.0,0.48,1.0,periferico
influir,20,0,#1f77b4,0.0219142343848943,1,1,0,0,10.0,0.0,0.0,6.2e-05,0.0,0.0,0.0,0.0,-0.9045,periferico
enero,20,5,#1f77b4,0.0091321384534239,12,1,11,0,6.0,66.0,0.0,0.000239,0.0,0.5909,0.0,0.8333,-0.2402,broker
mari,20,1,#1f77b4,0.00163746078033,3,1,2,0,9.0,8.0,0.0,8.1e-05,0.0,0.6667,0.0,0.4444,-0.2,periferico
mover,20,4,#1f77b4,0.0054479981772601,9,0,9,0,0.0,64.0,0.0,0.000228,0.0,0.7222,0.0,0.8148,-0.5774,broker
contestar,20,12,#1f77b4,0.0063080280087888,5,1,4,0,7.0,24.0,0.0,0.000113,0.0,0.8,0.0,0.72,0.0,broker
jimenez,20,1,#1f77b4,0.0222783777862787,4,2,2,0,15.0,8.0,0.0,0.000141,0.0,0.3333,0.0,0.375,0.2333,periferico
colegio,20,5,#1f77b4,0.0089863380417227,2,0,2,0,0.0,12.0,0.0,7.1e-05,0.0,1.0,0.0,0.5,-1.1209,broker
facebook,20,11,#1f77b4,0.0078554227948188,7,0,7,0,0.0,36.0,0.0,0.000139,0.0,0.6667,0.0,0.7755,-0.5,broker
asaltar,20,4,#1f77b4,0.0019679828546941,3,0,3,0,0.0,15.0,0.0,8.8e-05,0.0,0.6667,0.0,0.4444,-0.5774,periferico
vas,20,6,#1f77b4,0.0034849178045988,3,0,3,0,0.0,16.0,0.0,7.9e-05,0.0,1.0,0.0,0.4444,-1.0,periferico
prohibir,20,8,#1f77b4,0.0018744748085737,3,0,3,0,0.0,16.0,0.0,7.7e-05,0.0,1.0,0.0,0.6667,-0.5774,broker
mariana,20,1,#1f77b4,0.0097844423726201,4,2,2,0,14.0,11.0,0.0,9.4e-05,0.0,0.8333,0.0,0.625,-0.2,broker
paciencia,20,13,#1f77b4,0.0024964415933936,5,0,5,0,0.0,23.0,0.0,9.9e-05,0.0,0.7,0.0,0.56,-0.7071,broker
vargas,20,1,#1f77b4,0.0028283558785915,2,1,1,0,7.0,4.0,0.0,6e-05,0.0,1.0,0.0,0.5,-0.6333,broker
engano,20,2,#1f77b4,0.0023056189529597,2,1,1,0,7.0,4.0,0.0,6.5e-05,0.0,1.0,0.0,0.5,-0.7746,broker
cagar,20,6,#1f77b4,0.004696468822658,3,0,3,0,0.0,16.0,0.0,7.8e-05,0.0,1.0,0.0,0.6667,-1.0,broker
demarcacion,20,1,#1f77b4,0.0042396299540996,1,1,0,0,7.0,0.0,0.0,7.6e-05,0.0,0.0,0.0,0.0,-0.6333,periferico
alcohol,20,6,#1f77b4,0.0076429918408393,1,1,0,0,7.0,0.0,0.0,7.5e-05,0.0,0.0,0.0,0.0,0.0,periferico
mole,20,0,#1f77b4,0.0017279944149777,3,1,2,0,6.0,9.0,0.0,7.6e-05,0.0,1.0,0.0,0.4444,-0.402,periferico
extorsionar,20,4,#1f77b4,0.00343295536004,3,1,2,0,6.0,8.0,0.0,8.6e-05,0.0,0.6667,0.0,0.4444,0.5774,periferico
emilio,20,5,#1f77b4,0.0028036534786224,3,0,3,0,0.0,14.0,0.0,7.4e-05,0.0,1.0,0.0,0.4444,-1.1209,periferico
felicitaciones,20,9,#1f77b4,0.0055424286983907,4,0,4,0,0.0,21.0,0.0,9.1e-05,0.0,0.8333,0.0,0.625,-0.5774,broker
fuero,20,6,#1f77b4,0.0042438395321369,6,0,6,0,0.0,29.0,0.0,0.00012,0.0,0.7333,0.0,0.7222,0.0,broker
aprecio,20,9,#1f77b4,0.0016052302671596,1,1,0,0,6.0,0.0,0.0,5.7e-05,0.0,0.0,0.0,0.0,-0.5774,periferico
mejia,20,5,#1f77b4,0.0032776331063359,4,0,4,0,0.0,19.0,0.0,0.000116,0.0,0.3333,0.0,0.625,0.6405,broker
felicita,20,7,#1f77b4,0.0011854993645101,2,1,1,0,6.0,4.0,0.0,7.7e-05,0.0,0.0,0.0,0.5,-0.5,broker
probable,20,4,#1f77b4,0.0055649159476161,4,0,4,0,0.0,18.0,0.0,9.1e-05,0.0,0.3333,0.0,0.625,0.5774,broker
vendedor,20,11,#1f77b4,0.0103801880031824,3,0,3,0,0.0,13.0,0.0,9.1e-05,0.0,0.0,0.0,0.4444,2.0,periferico
motivo,20,13,#1f77b4,0.0068271267227828,7,0,7,0,0.0,33.0,0.0,0.000138,0.0,0.4762,0.0,0.8163,1.4142,broker
inflado,20,2,#1f77b4,0.001256895600818,1,0,1,0,0.0,5.0,0.0,5.1e-05,0.0,0.0,0.0,0.0,-0.7746,periferico
merida,20,7,#1f77b4,0.0088913952931761,2,0,2,0,0.0,9.0,0.0,6.2e-05,0.0,1.0,0.0,0.5,-0.5,broker
fingir,20,3,#1f77b4,0.0017049950547516,1,0,1,0,0.0,5.0,0.0,5.2e-05,0.0,0.0,0.0,0.0,-1.3363,periferico
novio,20,14,#1f77b4,0.0049934689886868,4,0,4,0,0.0,17.0,0.0,7.8e-05,0.0,1.0,0.0,0.625,0.0,broker
beca,20,13,#1f77b4,0.0154420612379908,2,0,2,0,0.0,10.0,0.0,6.9e-05,0.0,0.0,0.0,0.5,-0.7071,broker
planear,20,5,#1f77b4,0.0051061534322798,3,0,3,0,0.0,14.0,0.0,8.8e-05,0.0,0.6667,0.0,0.6667,-0.2402,broker
interceptar,20,6,#1f77b4,0.0013793893158435,1,0,1,0,0.0,5.0,0.0,6.4e-05,0.0,0.0,0.0,0.0,0.0,periferico
partida,20,1,#1f77b4,0.0041621872223913,1,0,1,0,0.0,5.0,0.0,6.4e-05,0.0,0.0,0.0,0.0,-0.6333,periferico
tabasqueno,20,7,#1f77b4,0.0018663926748558,2,0,2,0,0.0,9.0,0.0,6e-05,0.0,1.0,0.0,0.5,-0.5,broker
alicia,20,5,#1f77b4,0.0025109364651143,2,0,2,0,0.0,9.0,0.0,8.4e-05,0.0,1.0,0.0,0.0,0.6405,periferico
autismo,20,1,#1f77b4,0.0025337832048535,1,0,1,0,0.0,5.0,0.0,4.6e-05,0.0,0.0,0.0,0.0,-0.6333,periferico
alonso,20,5,#1f77b4,0.0043400642462074,1,0,1,0,0.0,5.0,0.0,7.5e-05,0.0,0.0,0.0,0.0,-0.2402,periferico
planta,20,5,#1f77b4,0.0224627256393432,4,0,4,0,0.0,17.0,0.0,0.000143,0.0,0.3333,0.0,0.75,-0.2402,broker
premios,20,5,#1f77b4,0.0015793272759765,3,0,3,0,0.0,12.0,0.0,8.9e-05,0.0,0.6667,0.0,0.4444,0.6405,periferico
sentado,20,8,#1f77b4,0.0038217701949179,3,0,3,0,0.0,12.0,0.0,6.9e-05,0.0,0.6667,0.0,0.4444,-0.5774,periferico
carisimo,20,0,#1f77b4,0.0014236436691135,1,0,1,0,0.0,4.0,0.0,4.9e-05,0.0,0.0,0.0,0.0,-0.9045,periferico
balance,20,2,#1f77b4,0.009295467287302,1,0,1,0,0.0,4.0,0.0,4.8e-05,0.0,0.0,0.0,0.0,-0.7746,periferico
paola,20,5,#1f77b4,0.0031544789671897,1,0,1,0,0.0,4.0,0.0,5e-05,0.0,0.0,0.0,0.0,-1.1209,periferico
pelota,20,0,#1f77b4,0.0031091007404029,2,0,2,0,0.0,8.0,0.0,5.9e-05,0.0,1.0,0.0,0.0,-0.402,periferico
filtro,20,0,#1f77b4,0.0073262667283415,1,0,1,0,0.0,4.0,0.0,5e-05,0.0,0.0,0.0,0.0,-0.9045,periferico
martin,20,1,#1f77b4,0.0083391545340418,4,0,4,0,0.0,16.0,0.0,7.4e-05,0.0,1.0,0.0,0.625,-0.6333,broker
confundir,20,4,#1f77b4,0.0066227940842509,1,0,1,0,0.0,4.0,0.0,5e-05,0.0,0.0,0.0,0.0,-1.7321,periferico
documental,20,2,#1f77b4,0.0052815633825957,1,0,1,0,0.0,4.0,0.0,4.8e-05,0.0,0.0,0.0,0.0,-0.7746,periferico
estariar,20,4,#1f77b4,0.0025827973149716,1,0,1,0,0.0,4.0,0.0,5.1e-05,0.0,0.0,0.0,0.0,-0.5774,periferico
mamen,20,0,#1f77b4,0.00229356251657,1,0,1,0,0.0,4.0,0.0,4.8e-05,0.0,0.0,0.0,0.0,-0.9045,periferico
mono,20,6,#1f77b4,0.0070916567929089,1,0,1,0,0.0,4.0,0.0,4.8e-05,0.0,0.0,0.0,0.0,-1.0,periferico
artesania,20,11,#1f77b4,0.0069504622370004,1,0,1,0,0.0,4.0,0.0,0.000261,0.0,0.0,0.0,0.0,-0.5,periferico
azucena,20,11,#1f77b4,0.001932606450282,1,0,1,0,0.0,4.0,0.0,0.000261,0.0,0.0,0.0,0.0,-0.5,periferico
nacional,15,12,#c49c94,0.0243717599660158,106,3,86,17,57.0,2463.0,1835.0,0.002651,0.0,0.2232,0.0,0.9377,1.4142,broker
secretaria,15,6,#c49c94,0.0129907326772809,85,3,72,10,122.0,1426.0,1036.0,0.001466,0.0,0.3014,0.0,0.9362,1.7321,broker
federal,15,-1,#c49c94,0.0129520716145634,74,0,70,4,0.0,1387.0,339.0,0.00105,0.0,0.3699,0.0,0.9222,0.0,broker
caso,15,8,#c49c94,0.0297641213983297,80,4,73,3,86.0,1486.0,316.0,0.001246,0.0,0.332,0.0,0.9219,1.8708,broker
sector,15,3,#c49c94,0.0081026125699281,65,5,56,4,143.0,944.0,377.0,0.000884,0.0,0.4115,0.0,0.9325,1.2377,broker
entidad,15,4,#c49c94,0.0137816648930311,54,5,48,1,82.0,683.0,83.0,0.000536,0.0,0.5003,0.0,0.9232,0.8148,broker
fiscalia,15,0,#c49c94,0.0182068850845098,31,5,26,0,239.0,295.0,0.0,0.00035,0.0,0.7634,0.0,0.9032,0.3162,broker
general,15,0,#c49c94,0.022320108488202,64,4,58,2,202.0,941.0,184.0,0.00085,0.0,0.44,0.0,0.9263,1.4757,broker
informar,15,9,#c49c94,0.0077379019930958,71,4,66,1,44.0,960.0,75.0,0.000715,0.0,0.3867,0.0,0.9252,2.6352,conector_provincial
luis,15,1,#c49c94,0.0104367481544613,48,8,37,3,144.0,414.0,239.0,0.000579,0.0,0.523,0.0,0.9062,1.7341,broker
potosi,15,1,#c49c94,0.0056512914597988,15,1,14,0,73.0,77.0,0.0,0.00013,0.0,0.8286,0.0,0.8978,-0.9728,broker
instituto,15,2,#c49c94,0.0040166648104786,44,4,38,2,71.0,397.0,172.0,0.000418,0.0,0.5793,0.0,0.9215,0.489,broker
senalar,15,13,#c49c94,0.0148199144750833,65,2,63,0,35.0,925.0,0.0,0.000631,0.0,0.4447,0.0,0.9183,1.4142,broker
marina,15,6,#c49c94,0.0065593761391937,45,1,44,0,65.0,465.0,0.0,0.000356,0.0,0.5505,0.0,0.9067,-0.5774,broker
justicia,15,0,#c49c94,0.0162008106708526,56,9,47,0,255.0,621.0,0.0,0.000607,0.0,0.5026,0.0,0.9082,1.8622,broker
delito,15,0,#c49c94,0.0169989131391048,46,5,41,0,169.0,472.0,0.0,0.000449,0.0,0.5159,0.0,0.9112,1.0892,broker
registrar,15,4,#c49c94,0.0244547165930271,54,5,47,2,100.0,684.0,164.0,0.000595,0.0,0.5444,0.0,0.9239,1.4486,broker
director,15,2,#c49c94,0.0054985117167234,47,3,43,1,62.0,543.0,97.0,0.000461,0.0,0.5597,0.0,0.9135,0.0,broker
asegurar,15,5,#c49c94,0.0195000581443309,68,4,63,1,101.0,843.0,104.0,0.00068,0.0,0.4201,0.0,0.9243,0.0,broker
presencia,15,1,#c49c94,0.0123505583032965,53,5,47,1,56.0,562.0,66.0,0.000454,0.0,0.5131,0.0,0.9106,1.7341,broker
titular,15,2,#c49c94,0.006375293713063,44,5,39,0,65.0,461.0,0.0,0.000372,0.0,0.5655,0.0,0.9153,0.489,broker
continuar,15,10,#c49c94,0.011266853660345,51,3,46,2,30.0,650.0,181.0,0.000528,0.0,0.5475,0.0,0.925,1.5911,broker
publica,15,6,#c49c94,0.0092485761269927,32,1,30,1,48.0,252.0,81.0,0.00024,0.0,0.7964,0.0,0.9082,-0.5774,broker
guerrero,15,7,#c49c94,0.0055785770528018,34,4,30,0,51.0,314.0,0.0,0.000266,0.0,0.6881,0.0,0.9066,1.0,broker
indicar,15,5,#c49c94,0.0205771867185831,53,3,50,0,76.0,629.0,0.0,0.000462,0.0,0.5544,0.0,0.9256,0.0,broker
crecimiento,15,3,#c49c94,0.0045051714405417,32,2,30,0,45.0,287.0,0.0,0.000232,0.0,0.7863,0.0,0.9121,-0.9283,broker
carlos,15,1,#c49c94,0.0087337549775838,46,8,38,0,98.0,426.0,0.0,0.000407,0.0,0.5546,0.0,0.9008,1.3958,broker
diverso,15,5,#c49c94,0.007755868602544,51,4,47,0,68.0,576.0,0.0,0.000416,0.0,0.5937,0.0,0.9196,0.0,broker
afectacion,15,3,#c49c94,0.0079921120777726,32,4,28,0,80.0,251.0,0.0,0.000232,0.0,0.7097,0.0,0.9082,-0.2063,broker
afectar,15,3,#c49c94,0.0070871375501155,40,3,37,0,60.0,399.0,0.0,0.000322,0.0,0.6641,0.0,0.9113,1.2377,broker
dengue,15,8,#c49c94,0.0039936630055308,13,2,11,0,43.0,78.0,0.0,0.000117,0.0,0.5256,0.0,0.8757,-0.5345,broker
relacionado,15,13,#c49c94,0.0129367541521787,39,1,38,0,23.0,397.0,0.0,0.000283,0.0,0.6586,0.0,0.8968,-0.7071,broker
arma,15,0,#c49c94,0.0057704709470272,31,4,27,0,82.0,273.0,0.0,0.000249,0.0,0.7398,0.0,0.9095,-0.0703,broker
periodo,15,4,#c49c94,0.0135190906003117,38,4,34,0,76.0,332.0,0.0,0.000274,0.0,0.707,0.0,0.9183,0.1811,broker
detectar,15,5,#c49c94,0.0115541955456137,31,4,27,0,63.0,236.0,0.0,0.000224,0.0,0.7312,0.0,0.9074,0.0,broker
golpe,15,11,#c49c94,0.0073791276663541,32,0,32,0,0.0,234.0,0.0,0.000177,0.0,0.7177,0.0,0.9023,0.1525,broker
directora,15,2,#c49c94,0.0048320577479898,33,8,25,0,99.0,240.0,0.0,0.000321,0.0,0.5663,0.0,0.8705,2.445,broker
organizacion,15,1,#c49c94,0.0034729386679828,25,3,22,0,23.0,162.0,0.0,0.000185,0.0,0.6467,0.0,0.832,1.0574,broker
afectado,15,3,#c49c94,0.0098327342420816,39,4,35,0,72.0,284.0,0.0,0.000268,0.0,0.5951,0.0,0.9126,0.5157,broker
detallar,15,7,#c49c94,0.0081009529531002,40,4,36,0,27.0,334.0,0.0,0.00026,0.0,0.641,0.0,0.9038,0.0,broker
informe,15,8,#c49c94,0.0083676278591156,26,1,25,0,25.0,180.0,0.0,0.000158,0.0,0.7877,0.0,0.9053,-0.5345,broker
acapulco,15,7,#c49c94,0.0035868734121322,16,3,13,0,44.0,93.0,0.0,0.000127,0.0,0.825,0.0,0.8828,0.0,broker
ramirez,15,1,#c49c94,0.0039895456284284,22,5,17,0,58.0,124.0,0.0,0.000157,0.0,0.7229,0.0,0.876,0.3807,broker
agencia,15,12,#c49c94,0.0068156966008245,13,2,11,0,28.0,68.0,0.0,9.3e-05,0.0,0.9487,0.0,0.8639,0.0,broker
busqueda,15,10,#c49c94,0.0097736278548836,18,3,15,0,48.0,105.0,0.0,0.000136,0.0,0.7908,0.0,0.8765,1.5911,broker
desaparecido,15,10,#c49c94,0.0086277220398187,10,2,8,0,29.0,59.0,0.0,9.4e-05,0.0,0.8889,0.0,0.86,0.1591,broker
caida,15,4,#c49c94,0.0058469460345804,18,3,15,0,31.0,117.0,0.0,0.000122,0.0,0.8366,0.0,0.8889,0.1811,broker
causa,15,11,#c49c94,0.0081156091764569,37,0,37,0,0.0,284.0,0.0,0.000207,0.0,0.6907,0.0,0.9116,0.1525,broker
oferta,15,12,#c49c94,0.0073925051838159,13,2,11,0,26.0,68.0,0.0,9.1e-05,0.0,0.9359,0.0,0.8994,0.0,broker
amenaza,15,11,#c49c94,0.0025456808507442,19,1,18,0,8.0,125.0,0.0,0.000124,0.0,0.7251,0.0,0.8809,-0.4575,broker
kilometro,15,9,#c49c94,0.0058216545730829,23,2,21,0,23.0,164.0,0.0,0.000146,0.0,0.8419,0.0,0.9112,0.527,broker
huracan,15,7,#c49c94,0.0013735144166275,11,4,7,0,51.0,34.0,0.0,0.000105,0.0,0.7636,0.0,0.6942,1.0,broker
john,15,7,#c49c94,0.0016513203736394,7,3,4,0,29.0,23.0,0.0,7.8e-05,0.0,0.9524,0.0,0.6122,0.0,broker
laura,15,1,#c49c94,0.0015510495286434,18,3,15,0,24.0,91.0,0.0,0.000112,0.0,0.7582,0.0,0.8519,0.0423,broker
combatir,15,11,#c49c94,0.0026691029779613,19,1,18,0,9.0,122.0,0.0,0.000119,0.0,0.7368,0.0,0.903,-0.4575,broker
otorgar,15,-1,#c49c94,0.0011701919138431,13,0,13,0,0.0,95.0,0.0,9.2e-05,0.0,0.9872,0.0,0.8994,0.0,broker
unicamente,15,4,#c49c94,0.0059150466695427,15,2,13,0,13.0,84.0,0.0,9.3e-05,0.0,0.9429,0.0,0.9067,-1.0864,broker
integrado,15,1,#c49c94,0.0054817250929772,13,0,13,0,0.0,83.0,0.0,8.8e-05,0.0,0.8846,0.0,0.8876,-0.6344,broker
incidencia,15,8,#c49c94,0.0029741711914539,19,2,17,0,24.0,105.0,0.0,0.000115,0.0,0.8129,0.0,0.892,0.2673,broker
manifestacion,15,11,#c49c94,0.0020748595707118,12,1,11,0,6.0,89.0,0.0,9.6e-05,0.0,0.8788,0.0,0.8194,0.7625,broker
formula,15,1,#c49c94,0.0016651946352794,6,2,4,0,17.0,31.0,0.0,7.1e-05,0.0,0.7333,0.0,0.6667,-0.6344,broker
reduccion,15,4,#c49c94,0.0026893967296928,14,3,11,0,28.0,80.0,0.0,0.0001,0.0,0.8462,0.0,0.8571,0.1811,broker
comite,15,1,#c49c94,0.001657242886722,16,4,12,0,30.0,65.0,0.0,0.000105,0.0,0.6583,0.0,0.8516,0.0423,broker
rescate,15,10,#c49c94,0.0038378778845071,14,1,13,0,9.0,81.0,0.0,9.1e-05,0.0,0.8242,0.0,0.898,0.1591,broker
conquistar,15,12,#c49c94,0.0025953147560358,1,1,0,0,15.0,0.0,0.0,4.7e-05,0.0,0.0,0.0,0.0,-1.4142,periferico
directivo,15,1,#c49c94,0.0066093155182898,14,2,12,0,19.0,76.0,0.0,0.000102,0.0,0.7692,0.0,0.7653,0.3807,broker
extorsion,15,11,#c49c94,0.0021054537501186,24,3,21,0,23.0,174.0,0.0,0.000162,0.0,0.7283,0.0,0.8438,1.9825,broker
identificar,15,9,#c49c94,0.0052677015773952,22,2,20,0,22.0,123.0,0.0,0.000123,0.0,0.8398,0.0,0.9174,0.0,broker
oficio,15,9,#c49c94,0.0021998884622007,3,1,2,0,13.0,12.0,0.0,5.3e-05,0.0,1.0,0.0,0.6667,-0.527,broker
recuperacion,15,13,#c49c94,0.0037075786385685,11,1,10,0,12.0,56.0,0.0,7.6e-05,0.0,0.9818,0.0,0.876,-0.7071,broker
contreras,15,0,#c49c94,0.00353056169115,15,1,14,0,12.0,72.0,0.0,9.5e-05,0.0,0.6857,0.0,0.8622,-0.4568,broker
arturo,15,1,#c49c94,0.0020395303145051,12,1,11,0,12.0,57.0,0.0,8.3e-05,0.0,0.7424,0.0,0.9028,-0.9728,broker
relacion,15,10,#c49c94,0.0026577864773571,19,1,18,0,6.0,108.0,0.0,0.00012,0.0,0.7953,0.0,0.8809,0.1591,broker
alvarado,15,2,#c49c94,0.0013847777154296,6,4,2,0,39.0,8.0,0.0,0.000101,0.0,0.6,0.0,0.4444,0.0,periferico
rector,15,2,#c49c94,0.0015169053804129,3,1,2,0,11.0,9.0,0.0,6.4e-05,0.0,0.6667,0.0,0.6667,-1.467,broker
desaparicion,15,0,#c49c94,0.004201506730169,13,2,11,0,22.0,63.0,0.0,9.1e-05,0.0,0.7949,0.0,0.8639,-0.8433,broker
factor,15,5,#c49c94,0.0041554644703865,19,3,16,0,26.0,94.0,0.0,0.000106,0.0,0.9415,0.0,0.8753,0.0,broker
aplicacion,15,8,#c49c94,0.0034209014847874,17,1,16,0,10.0,91.0,0.0,9.6e-05,0.0,0.8897,0.0,0.8927,0.2673,broker
problematica,15,3,#c49c94,0.0066604525782167,20,2,18,0,16.0,107.0,0.0,0.000107,0.0,0.9368,0.0,0.9,-0.2063,broker
mora,15,2,#c49c94,0.0012133347336202,7,3,4,0,25.0,19.0,0.0,7.9e-05,0.0,0.6667,0.0,0.6122,0.0,broker
adame,15,2,#c49c94,0.0016008226666599,6,4,2,0,31.0,10.0,0.0,0.000101,0.0,0.6667,0.0,0.5,0.0,broker
libby,15,2,#c49c94,0.0011450132587924,4,3,1,0,25.0,4.0,0.0,8.8e-05,0.0,0.8333,0.0,0.0,0.0,periferico
particularmente,15,9,#c49c94,0.0021127751097083,8,0,8,0,0.0,51.0,0.0,6.7e-05,0.0,1.0,0.0,0.8438,-1.0541,broker
adelantar,15,9,#c49c94,0.0019348673522472,7,0,7,0,0.0,37.0,0.0,5.9e-05,0.0,1.0,0.0,0.8571,-0.527,broker
david,15,1,#c49c94,0.0044705658219754,15,3,12,0,20.0,70.0,0.0,9e-05,0.0,0.9429,0.0,0.8622,-0.6344,broker
tonelada,15,9,#c49c94,0.0047132009640336,16,0,16,0,0.0,88.0,0.0,9.3e-05,0.0,0.725,0.0,0.8828,0.527,broker
subsecretario,15,6,#c49c94,0.0012630732962861,4,1,3,0,9.0,15.0,0.0,5.2e-05,0.0,0.8333,0.0,0.75,-0.5774,broker
personas,15,10,#c49c94,0.0023782397620379,8,0,8,0,0.0,40.0,0.0,6.2e-05,0.0,0.7857,0.0,0.7812,-0.5569,broker
munoz,15,1,#c49c94,0.0016233352944254,7,1,6,0,8.0,31.0,0.0,6.3e-05,0.0,0.9524,0.0,0.6122,-0.2961,broker
estrada,15,2,#c49c94,0.0015314383199438,4,3,1,0,22.0,6.0,0.0,8.5e-05,0.0,0.8333,0.0,0.375,-0.489,periferico
vinculado,15,0,#c49c94,0.0037310330662876,13,2,11,0,14.0,56.0,0.0,7.8e-05,0.0,0.9872,0.0,0.8639,-0.4568,broker
miembro,15,7,#c49c94,0.0016949747223407,18,0,18,0,0.0,88.0,0.0,9.7e-05,0.0,0.6144,0.0,0.8704,-2.0,broker
condena,15,0,#c49c94,0.0010125788394361,3,1,2,0,8.0,8.0,0.0,4.8e-05,0.0,1.0,0.0,0.4444,-0.8433,periferico
electo,15,0,#c49c94,0.0014598574489355,2,1,1,0,7.0,4.0,0.0,4.5e-05,0.0,1.0,0.0,0.0,-0.8433,periferico
estancia,15,4,#c49c94,0.0025512247812002,6,0,6,0,0.0,32.0,0.0,5.6e-05,0.0,1.0,0.0,0.8333,-1.7202,broker
calendario,15,9,#c49c94,0.002280616434291,7,0,7,0,0.0,35.0,0.0,5.8e-05,0.0,1.0,0.0,0.8571,-0.527,broker
quemar,15,11,#c49c94,0.003035073634237,7,0,7,0,0.0,32.0,0.0,5.9e-05,0.0,0.9048,0.0,0.7755,-0.4575,broker
puntualizar,15,9,#c49c94,0.0013881081249564,7,0,7,0,0.0,36.0,0.0,6e-05,0.0,0.8571,0.0,0.8571,-0.527,broker
mandataria,15,9,#c49c94,0.0011953788343816,4,1,3,0,6.0,16.0,0.0,5.1e-05,0.0,1.0,0.0,0.75,-0.527,broker
abuelito,15,11,#c49c94,0.0011137967230752,2,0,2,0,0.0,11.0,0.0,4.5e-05,0.0,1.0,0.0,0.5,-1.6775,broker
adentro,15,10,#c49c94,0.0012262165546417,2,0,2,0,0.0,10.0,0.0,4.6e-05,0.0,1.0,0.0,0.5,-0.5569,broker
posterior,15,8,#c49c94,0.0014868651051074,2,0,2,0,0.0,10.0,0.0,4.5e-05,0.0,1.0,0.0,0.5,-1.3363,broker
implementacion,15,2,#c49c94,0.001421695575118,1,0,1,0,0.0,5.0,0.0,4.3e-05,0.0,0.0,0.0,0.0,-1.467,periferico
marcos,15,1,#c49c94,0.0020551113411784,1,0,1,0,0.0,5.0,0.0,4.3e-05,0.0,0.0,0.0,0.0,-1.3112,periferico
trejo,15,1,#c49c94,0.0015387528110295,1,0,1,0,0.0,5.0,0.0,4.2e-05,0.0,0.0,0.0,0.0,-1.3112,periferico
migracion,15,10,#c49c94,0.0011206882772967,2,0,2,0,0.0,9.0,0.0,4.4e-05,0.0,1.0,0.0,0.5,-1.2729,broker
desplegado,15,0,#c49c94,0.0019034967990592,2,0,2,0,0.0,8.0,0.0,4.4e-05,0.0,1.0,0.0,0.5,-1.2298,broker
encargar,15,10,#c49c94,0.0022562453523278,2,0,2,0,0.0,8.0,0.0,4.3e-05,0.0,1.0,0.0,0.5,-1.2729,broker
deterioro,15,3,#c49c94,0.0025941401254385,5,0,5,0,0.0,20.0,0.0,5.1e-05,0.0,0.8,0.0,0.72,-1.6503,broker
informativo,26,3,#e377c2,0.0730247050523758,10,1,1,8,100.0,4.0,917.0,0.000658,0.0,0.8,0.0,0.78,0.7071,broker
noticias,26,3,#e377c2,0.0687082484364509,12,1,1,10,100.0,5.0,956.0,0.00072,0.0,0.7273,0.0,0.7778,0.7071,broker
comerciante,26,4,#e377c2,0.0225655902177095,5,3,2,0,59.0,59.0,0.0,0.000304,0.0,0.6,0.0,0.56,0.5883,broker
mercado,26,0,#e377c2,0.0692448168992996,27,6,19,2,175.0,219.0,214.0,0.001252,0.0,0.1766,0.0,0.856,0.7071,broker
alias,26,0,#e377c2,0.0131394453346729,13,7,6,0,201.0,33.0,0.0,0.000662,0.0,0.3205,0.0,0.5917,1.2374,broker
pago,26,0,#e377c2,0.0129385069012641,16,5,11,0,149.0,95.0,0.0,0.000657,0.0,0.3167,0.0,0.7891,0.1768,broker
paypal,26,0,#e377c2,0.001813898445107,7,7,0,0,127.0,0.0,0.0,0.000334,0.0,0.619,0.0,0.0,1.2374,periferico
aumento,26,4,#e377c2,0.0227702893316745,13,3,10,0,65.0,103.0,0.0,0.000484,0.0,0.3462,0.0,0.8047,1.5689,broker
banco,26,0,#e377c2,0.0161090344190597,14,5,9,0,106.0,77.0,0.0,0.000544,0.0,0.3626,0.0,0.7857,0.1768,broker
santander,26,0,#e377c2,0.0027336310595273,6,5,1,0,82.0,4.0,0.0,0.000235,0.0,0.8,0.0,0.2778,0.1768,periferico
francisco,26,1,#e377c2,0.0189437475055456,16,8,8,0,101.0,60.0,0.0,0.000588,0.0,0.2667,0.0,0.625,2.4325,broker
gloria,26,1,#e377c2,0.0121472124010324,7,2,5,0,40.0,28.0,0.0,0.000258,0.0,0.4286,0.0,0.6939,0.1562,broker
incrementar,26,4,#e377c2,0.0154116908088326,6,2,4,0,34.0,24.0,0.0,0.000179,0.0,0.6667,0.0,0.7222,-0.3922,broker
responder,26,1,#e377c2,0.0368397310376167,17,6,9,2,60.0,74.0,313.0,0.000892,0.0,0.2132,0.0,0.6644,2.4325,broker
muchisimas,26,0,#e377c2,0.0018698072526603,3,3,0,0,44.0,0.0,0.0,0.000152,0.0,1.0,0.0,0.0,-0.8839,periferico
gerente,26,1,#e377c2,0.0060429470613598,3,1,2,0,20.0,9.0,0.0,0.00014,0.0,0.6667,0.0,0.0,0.1562,periferico
comision,26,5,#e377c2,0.0625214427709579,13,2,11,0,27.0,110.0,0.0,0.000417,0.0,0.4359,0.0,0.7811,0.3922,broker
descanso,26,1,#e377c2,0.0072729322127997,7,3,4,0,30.0,17.0,0.0,0.000205,0.0,0.3333,0.0,0.6122,0.5356,broker
platillo,26,4,#e377c2,0.0081799766048789,3,2,1,0,22.0,9.0,0.0,0.000105,0.0,1.0,0.0,0.4444,-0.3922,periferico
nuevamente,26,2,#e377c2,0.0043550487607717,12,2,10,0,15.0,63.0,0.0,0.000338,0.0,0.2879,0.0,0.7361,1.6667,broker
firma,26,5,#e377c2,0.0129841649904847,5,1,4,0,14.0,31.0,0.0,0.000147,0.0,0.8,0.0,0.48,0.3922,periferico
juntar,26,2,#e377c2,0.0058594793081283,10,1,9,0,13.0,42.0,0.0,0.000222,0.0,0.4667,0.0,0.72,0.3333,broker
morfi,26,2,#e377c2,0.0011185249313712,7,3,4,0,33.0,24.0,0.0,0.000266,0.0,0.4286,0.0,0.4898,1.0,periferico
convocatoria,26,5,#e377c2,0.0304611641913652,7,2,5,0,20.0,22.0,0.0,0.00017,0.0,0.5238,0.0,0.6939,1.3728,broker
efecto,26,7,#e377c2,0.0167589802294969,5,0,5,0,0.0,30.0,0.0,0.000114,0.0,0.4,0.0,0.72,0.0,broker
chicos,26,0,#e377c2,0.0024456849787384,4,3,1,0,33.0,4.0,0.0,0.000138,0.0,0.5,0.0,0.375,-0.8839,periferico
carmen,26,1,#e377c2,0.053740706294775,5,2,3,0,19.0,26.0,0.0,0.000142,0.0,0.8,0.0,0.48,0.1562,periferico
colecta,26,2,#e377c2,0.0017166103934869,3,2,1,0,17.0,5.0,0.0,0.000122,0.0,1.0,0.0,0.0,0.3333,periferico
vespertino,26,1,#e377c2,0.0024569134693592,1,1,0,0,10.0,0.0,0.0,7e-05,0.0,0.0,0.0,0.0,-0.6025,periferico
cerrar,26,6,#e377c2,0.017464829608798,9,1,8,0,9.0,55.0,0.0,0.000216,0.0,0.3611,0.0,0.7901,0.5774,broker
rojo,26,6,#e377c2,0.0127541711553931,6,1,5,0,9.0,26.0,0.0,0.000155,0.0,0.2,0.0,0.7778,0.5774,broker
promesa,26,1,#e377c2,0.0072933896444737,4,2,2,0,15.0,9.0,0.0,0.000103,0.0,0.6667,0.0,0.0,0.5356,periferico
american,26,6,#e377c2,0.0035413512960076,1,1,0,0,7.0,0.0,0.0,0.000261,0.0,0.0,0.0,0.0,0.5774,periferico
bless,26,6,#e377c2,0.0015042051672935,1,1,0,0,7.0,0.0,0.0,0.000261,0.0,0.0,0.0,0.0,0.5774,periferico
administrador,26,0,#e377c2,0.0037622503004968,1,1,0,0,7.0,0.0,0.0,5.1e-05,0.0,0.0,0.0,0.0,-1.9445,periferico
legislador,26,1,#e377c2,0.0049947346560657,3,1,2,0,7.0,10.0,0.0,9.5e-05,0.0,0.6667,0.0,0.4444,-0.2232,periferico
saldo,26,6,#e377c2,0.0071720029227435,1,0,1,0,0.0,7.0,0.0,5.7e-05,0.0,0.0,0.0,0.0,-1.7321,periferico
lanzar,26,5,#e377c2,0.0187575463205575,3,1,2,0,7.0,8.0,0.0,8e-05,0.0,0.6667,0.0,0.6667,-0.5883,broker
declaracion,26,1,#e377c2,0.0045563508756458,1,1,0,0,6.0,0.0,0.0,4.9e-05,0.0,0.0,0.0,0.0,-0.6025,periferico
montalvo,26,1,#e377c2,0.0011356507893651,1,1,0,0,6.0,0.0,0.0,4.9e-05,0.0,0.0,0.0,0.0,-0.6025,periferico
locura,26,2,#e377c2,0.0038692173548042,2,0,2,0,0.0,9.0,0.0,9.6e-05,0.0,1.0,0.0,0.0,-0.3333,periferico
recaudado,26,2,#e377c2,0.0050013023428618,1,0,1,0,0.0,5.0,0.0,5.9e-05,0.0,0.0,0.0,0.0,-1.0,periferico
soto,26,6,#e377c2,0.008527660742402,1,0,1,0,0.0,5.0,0.0,0.000261,0.0,0.0,0.0,0.0,0.5774,periferico
tepjf,26,6,#e377c2,0.0024664143566042,1,0,1,0,0.0,5.0,0.0,0.000261,0.0,0.0,0.0,0.0,0.5774,periferico
rincon,26,1,#e377c2,0.005952566396445,1,0,1,0,0.0,5.0,0.0,5.8e-05,0.0,0.0,0.0,0.0,-0.6025,periferico
evadir,26,4,#e377c2,0.0050979768857359,1,0,1,0,0.0,5.0,0.0,5.1e-05,0.0,0.0,0.0,0.0,-1.3728,periferico
preocupado,26,3,#e377c2,0.0016442352207377,1,0,1,0,0.0,4.0,0.0,4.6e-05,0.0,0.0,0.0,0.0,-1.4142,periferico
historias,26,2,#e377c2,0.0012213516747578,2,0,2,0,0.0,8.0,0.0,9e-05,0.0,1.0,0.0,0.0,-0.3333,periferico
alia,26,2,#e377c2,0.0015739226946607,1,0,1,0,0.0,4.0,0.0,4.9e-05,0.0,0.0,0.0,0.0,-1.6667,periferico
honestidad,26,1,#e377c2,0.0052114855498075,2,0,2,0,0.0,8.0,0.0,6e-05,0.0,0.0,0.0,0.5,-0.6025,broker
panama,26,1,#e377c2,0.0082659302279353,3,0,3,0,0.0,12.0,0.0,6.7e-05,0.0,0.3333,0.0,0.6667,-0.6025,broker
horas,26,5,#e377c2,0.0120145650580525,1,0,1,0,0.0,4.0,0.0,4.8e-05,0.0,0.0,0.0,0.0,-1.5689,periferico
plano,26,1,#e377c2,0.010399960912764,1,0,1,0,0.0,4.0,0.0,4.8e-05,0.0,0.0,0.0,0.0,-0.9819,periferico
comprometer,26,6,#e377c2,0.0042823026888072,1,0,1,0,0.0,4.0,0.0,4.9e-05,0.0,0.0,0.0,0.0,-1.7321,periferico
caracteristica,26,7,#e377c2,0.0090930741280317,1,0,1,0,0.0,4.0,0.0,4.6e-05,0.0,0.0,0.0,0.0,0.0,periferico
conalep,26,1,#e377c2,0.0042310995049774,1,0,1,0,0.0,4.0,0.0,4.6e-05,0.0,0.0,0.0,0.0,-0.9819,periferico
delitos,26,1,#e377c2,0.0059697772376239,1,0,1,0,0.0,4.0,0.0,5.2e-05,0.0,0.0,0.0,0.0,-0.6025,periferico
juan,23,1,#d62728,0.0242956541478633,34,3,31,0,152.0,257.0,0.0,0.000644,0.0,0.4563,0.0,0.9066,0.6325,broker
pablo,23,1,#d62728,0.0080208303406834,7,2,5,0,118.0,24.0,0.0,0.000243,0.0,0.7619,0.0,0.6122,0.6325,broker
pedro,23,1,#d62728,0.0141551541164517,28,3,25,0,106.0,163.0,0.0,0.000428,0.0,0.5132,0.0,0.8929,0.6325,broker
san,23,1,#d62728,0.0185402613133192,49,5,42,2,172.0,448.0,163.0,0.001208,0.0,0.2857,0.0,0.9096,1.3703,broker
guadalupe,23,0,#d62728,0.0174034833908081,23,4,19,0,167.0,136.0,0.0,0.0005,0.0,0.4545,0.0,0.8809,1.0125,broker
virgen,23,0,#d62728,0.0138033842667937,15,5,10,0,148.0,94.0,0.0,0.000408,0.0,0.5429,0.0,0.7822,1.4968,broker
clave,23,0,#d62728,0.0085900528356432,33,1,32,0,55.0,264.0,0.0,0.000507,0.0,0.5189,0.0,0.8926,-0.9245,broker
proyecto,23,2,#d62728,0.0139802629128098,73,8,62,3,167.0,884.0,360.0,0.002058,0.0,0.1918,0.0,0.9195,2.5563,conector_provincial
puerto,23,3,#d62728,0.0212591644376516,50,5,44,1,84.0,353.0,147.0,0.000826,0.0,0.3118,0.0,0.9128,2.166,broker
sostener,23,2,#d62728,0.0042298259213566,23,2,21,0,43.0,139.0,0.0,0.000291,0.0,0.664,0.0,0.8998,-0.1036,broker
conjunto,23,9,#d62728,0.0023838237393647,35,3,31,1,52.0,234.0,74.0,0.000531,0.0,0.4571,0.0,0.9078,0.9535,broker
portuario,23,3,#d62728,0.005316263064742,10,2,8,0,40.0,49.0,0.0,0.000178,0.0,0.6222,0.0,0.76,0.6189,broker
santo,23,0,#d62728,0.0038360939361155,17,5,12,0,69.0,77.0,0.0,0.000304,0.0,0.4632,0.0,0.8028,1.4968,broker
principal,23,6,#d62728,0.0073937275446951,54,3,50,1,37.0,423.0,74.0,0.000835,0.0,0.29,0.0,0.9115,2.5574,conector_provincial
conurbado,23,2,#d62728,0.0088509023189544,22,5,15,2,55.0,108.0,223.0,0.000363,0.0,0.5455,0.0,0.8719,0.6563,broker
julio,23,10,#d62728,0.0808960422873497,31,3,26,2,49.0,212.0,202.0,0.000531,0.0,0.3957,0.0,0.9074,0.7071,broker
abrir,23,7,#d62728,0.0106686083599925,50,5,44,1,40.0,331.0,68.0,0.000849,0.0,0.2686,0.0,0.9112,3.1308,conector_provincial
tamaulipeco,23,12,#d62728,0.0133560486137866,30,2,28,0,18.0,197.0,0.0,0.000402,0.0,0.469,0.0,0.9089,1.7321,broker
etapa,23,4,#d62728,0.015885978937149,23,3,20,0,24.0,132.0,0.0,0.000278,0.0,0.5968,0.0,0.8998,0.4009,broker
mencionar,23,3,#d62728,0.0059801312163472,22,3,19,0,39.0,124.0,0.0,0.000292,0.0,0.4329,0.0,0.8926,0.1031,broker
tecnico,23,9,#d62728,0.0121184065937995,30,3,27,0,40.0,207.0,0.0,0.000395,0.0,0.4989,0.0,0.9111,0.286,broker
regional,23,2,#d62728,0.0129177188500761,24,4,20,0,49.0,123.0,0.0,0.000291,0.0,0.5507,0.0,0.875,1.0363,broker
antonio,23,10,#d62728,0.0168538689613342,43,2,38,3,40.0,360.0,266.0,0.000844,0.0,0.3732,0.0,0.9227,0.7071,broker
encabezado,23,9,#d62728,0.0029397862963378,25,5,18,2,55.0,146.0,148.0,0.000416,0.0,0.4967,0.0,0.8672,1.6209,broker
diego,23,0,#d62728,0.0042692725546658,11,2,9,0,41.0,83.0,0.0,0.000231,0.0,0.4909,0.0,0.7769,0.5283,broker
posibilidad,23,8,#d62728,0.0085409842431545,14,2,12,0,16.0,83.0,0.0,0.000183,0.0,0.8022,0.0,0.8469,0.0,broker
acceso,23,5,#d62728,0.0080477707087993,38,3,35,0,38.0,264.0,0.0,0.00056,0.0,0.3869,0.0,0.8961,2.1368,broker
usuario,23,5,#d62728,0.0105723356828093,20,2,18,0,31.0,101.0,0.0,0.0003,0.0,0.4105,0.0,0.855,1.6512,broker
activo,23,1,#d62728,0.0050284271128475,17,2,15,0,24.0,103.0,0.0,0.00023,0.0,0.5515,0.0,0.8651,-0.8433,broker
consejo,23,9,#d62728,0.0048712454736232,24,3,21,0,23.0,128.0,0.0,0.000279,0.0,0.4058,0.0,0.8924,0.286,broker
planeacion,23,2,#d62728,0.0030042342841625,5,2,3,0,27.0,13.0,0.0,9.2e-05,0.0,1.0,0.0,0.72,-0.4836,broker
concentrar,23,6,#d62728,0.0054248045198619,15,1,14,0,21.0,77.0,0.0,0.000211,0.0,0.5619,0.0,0.8711,0.465,broker
tercer,23,2,#d62728,0.0140995606780052,11,2,9,0,27.0,46.0,0.0,0.000148,0.0,0.4727,0.0,0.843,-0.4836,broker
campo,23,8,#d62728,0.006645533721894,20,3,17,0,29.0,124.0,0.0,0.000305,0.0,0.5105,0.0,0.89,0.5345,broker
localidad,23,2,#d62728,0.0025659794919192,6,2,4,0,26.0,18.0,0.0,9.3e-05,0.0,0.9333,0.0,0.6111,-0.1036,broker
gomez,23,8,#d62728,0.0128009133040905,29,2,27,0,32.0,174.0,0.0,0.000362,0.0,0.4951,0.0,0.9061,0.5345,broker
titulo,23,8,#d62728,0.0071488693356513,14,2,12,0,27.0,67.0,0.0,0.000191,0.0,0.4835,0.0,0.8878,-0.5345,broker
ubicado,23,4,#d62728,0.0103339105844497,38,4,34,0,29.0,246.0,0.0,0.000498,0.0,0.3855,0.0,0.903,1.069,broker
cuyo,23,11,#d62728,0.0108478441834449,18,1,17,0,6.0,107.0,0.0,0.000209,0.0,0.6601,0.0,0.8951,-0.5,broker
operacion,23,3,#d62728,0.0080580711364746,27,3,24,0,41.0,175.0,0.0,0.00039,0.0,0.547,0.0,0.9081,0.6189,broker
nacer,23,13,#d62728,0.0068171140737831,12,0,12,0,0.0,82.0,0.0,0.000186,0.0,0.6818,0.0,0.8472,0.0,broker
estudio,23,8,#d62728,0.0140960430726408,33,4,29,0,34.0,182.0,0.0,0.000459,0.0,0.375,0.0,0.8944,2.1381,broker
rivera,23,10,#d62728,0.0157865453511476,11,3,8,0,32.0,45.0,0.0,0.000152,0.0,0.6,0.0,0.7934,0.7071,broker
fiel,23,0,#d62728,0.0041553750634193,9,2,7,0,20.0,34.0,0.0,0.000165,0.0,0.5278,0.0,0.7654,0.044,broker
cuidir,23,0,#d62728,0.0015043526655063,6,2,4,0,24.0,23.0,0.0,0.000115,0.0,0.4667,0.0,0.7222,-0.4402,broker
octubre,23,10,#d62728,0.0034631458111107,19,1,18,0,13.0,89.0,0.0,0.000206,0.0,0.5263,0.0,0.903,0.7071,broker
presion,23,3,#d62728,0.0124206412583589,15,3,12,0,31.0,59.0,0.0,0.000185,0.0,0.581,0.0,0.8533,0.6189,broker
croc,23,11,#d62728,0.001079560490325,2,1,1,0,12.0,4.0,0.0,0.000125,0.0,0.0,0.0,0.5,-0.5,broker
pego,23,11,#d62728,0.0014096951344981,2,1,1,0,12.0,4.0,0.0,0.000127,0.0,0.0,0.0,0.5,-0.5,broker
conectar,23,5,#d62728,0.0027083824388682,7,2,5,0,15.0,37.0,0.0,0.000128,0.0,0.6667,0.0,0.7347,0.1943,broker
meteorologico,23,12,#d62728,0.0081651601940393,6,1,5,0,12.0,28.0,0.0,9.8e-05,0.0,0.6667,0.0,0.7778,-0.5774,broker
abusivo,23,7,#d62728,0.0016678015235811,3,1,2,0,11.0,9.0,0.0,7.5e-05,0.0,0.3333,0.0,0.4444,0.1527,periferico
corporativo,23,3,#d62728,0.0030201068148016,7,2,5,0,12.0,28.0,0.0,9.6e-05,0.0,0.8095,0.0,0.8163,-0.4126,broker
carril,23,4,#d62728,0.0080101573839783,6,1,5,0,6.0,38.0,0.0,0.000108,0.0,0.7333,0.0,0.7778,-0.2673,broker
afluencia,23,3,#d62728,0.0043149422854185,7,1,6,0,11.0,28.0,0.0,9e-05,0.0,0.8571,0.0,0.8163,-0.9283,broker
alianza,23,7,#d62728,0.0071764313615858,10,1,9,0,8.0,47.0,0.0,0.00012,0.0,0.6222,0.0,0.86,0.1527,broker
ocasion,23,11,#d62728,0.0072446735575795,14,0,14,0,0.0,71.0,0.0,0.000168,0.0,0.5495,0.0,0.8878,1.0,broker
taller,23,2,#d62728,0.0067922906018793,4,2,2,0,18.0,9.0,0.0,7.5e-05,0.0,0.6667,0.0,0.625,-0.4836,broker
fifa,23,4,#d62728,0.0060037486255168,3,1,2,0,10.0,10.0,0.0,7.3e-05,0.0,0.6667,0.0,0.4444,-0.2673,periferico
proponer,23,7,#d62728,0.0040837097913026,9,0,9,0,0.0,44.0,0.0,0.000116,0.0,0.4167,0.0,0.7654,0.6491,broker
fase,23,4,#d62728,0.0066006230190396,9,3,6,0,22.0,29.0,0.0,0.000142,0.0,0.4167,0.0,0.642,1.7372,broker
foro,23,9,#d62728,0.0011501045664772,4,1,3,0,6.0,17.0,0.0,8.5e-05,0.0,0.3333,0.0,0.75,-1.0488,broker
andy,23,7,#d62728,0.0029323848430067,6,1,5,0,9.0,22.0,0.0,8.6e-05,0.0,0.8,0.0,0.7778,-0.3436,broker
adecuado,23,5,#d62728,0.0057541392743587,5,1,4,0,6.0,24.0,0.0,8.5e-05,0.0,0.9,0.0,0.72,-0.2914,broker
atendido,23,11,#d62728,0.0024381759576499,1,1,0,0,8.0,0.0,0.0,6.5e-05,0.0,0.0,0.0,0.0,-0.5,periferico
solicitud,23,11,#d62728,0.0050577465444803,10,1,9,0,8.0,40.0,0.0,0.00018,0.0,0.4667,0.0,0.8,2.5,conector_provincial
instalar,23,5,#d62728,0.0063702049665153,13,1,12,0,7.0,61.0,0.0,0.000145,0.0,0.6538,0.0,0.8757,-0.2914,broker
europa,23,8,#d62728,0.0027108711656183,2,0,2,0,0.0,13.0,0.0,6.1e-05,0.0,1.0,0.0,0.5,-1.069,broker
relevante,23,6,#d62728,0.0011861659586429,5,1,4,0,8.0,21.0,0.0,7.9e-05,0.0,0.8,0.0,0.72,-0.2325,broker
alineado,23,2,#d62728,0.0025155059993267,2,1,1,0,8.0,4.0,0.0,5.5e-05,0.0,1.0,0.0,0.5,-0.8636,broker
significar,23,6,#d62728,0.0046371654607355,9,1,8,0,8.0,39.0,0.0,0.000106,0.0,0.7222,0.0,0.8148,-0.2325,broker
trimestre,23,6,#d62728,0.00239750277251,6,1,5,0,7.0,27.0,0.0,0.000116,0.0,0.6,0.0,0.6111,1.1625,broker
inicial,23,4,#d62728,0.0034366410691291,5,2,3,0,15.0,13.0,0.0,9e-05,0.0,0.6,0.0,0.56,0.4009,broker
ejecucion,23,7,#d62728,0.0017610570648685,6,0,6,0,0.0,28.0,0.0,8.4e-05,0.0,0.6,0.0,0.7778,0.1527,broker
corea,23,4,#d62728,0.001236408133991,2,0,2,0,0.0,11.0,0.0,5.6e-05,0.0,1.0,0.0,0.5,-1.6036,broker
celebrado,23,10,#d62728,0.0035253034438937,3,0,3,0,0.0,15.0,0.0,6e-05,0.0,1.0,0.0,0.6667,-1.4142,broker
distancia,23,5,#d62728,0.0066352011635899,7,0,7,0,0.0,32.0,0.0,8.4e-05,0.0,1.0,0.0,0.8163,-0.777,broker
big,23,6,#d62728,0.0012327641015872,1,0,1,0,0.0,7.0,0.0,4.8e-05,0.0,0.0,0.0,0.0,-0.93,periferico
frank,23,5,#d62728,0.0018199778860434,3,1,2,0,7.0,9.0,0.0,6.8e-05,0.0,0.3333,0.0,0.4444,-0.2914,periferico
conformar,23,3,#d62728,0.0013338096905499,3,0,3,0,0.0,15.0,0.0,5.9e-05,0.0,1.0,0.0,0.6667,-1.444,broker
gol,23,4,#d62728,0.0099656265228986,11,0,11,0,0.0,52.0,0.0,0.000146,0.0,0.4364,0.0,0.8099,0.4009,broker
elevar,23,6,#d62728,0.002238200744614,5,1,4,0,7.0,17.0,0.0,8.2e-05,0.0,0.8,0.0,0.72,0.465,broker
provincia,23,1,#d62728,0.0012843161821365,2,1,1,0,6.0,4.0,0.0,0.000124,0.0,0.0,0.0,0.5,-1.5811,broker
ejercer,23,3,#d62728,0.0037939264439046,3,1,2,0,6.0,12.0,0.0,7e-05,0.0,0.3333,0.0,0.6667,-0.9283,broker
competitivo,23,12,#d62728,0.0042714145965874,3,1,2,0,6.0,10.0,0.0,6.1e-05,0.0,1.0,0.0,0.6667,-0.5774,broker
premiar,23,10,#d62728,0.0010857654269784,3,1,2,0,6.0,10.0,0.0,6.3e-05,0.0,1.0,0.0,0.6667,-1.4142,broker
funcionamiento,23,11,#d62728,0.006388499867171,5,1,4,0,6.0,16.0,0.0,7.1e-05,0.0,1.0,0.0,0.8,-0.5,broker
naranja,23,7,#d62728,0.0025939247570931,2,1,1,0,6.0,4.0,0.0,6.2e-05,0.0,0.0,0.0,0.5,-0.3436,broker
ritmo,23,9,#d62728,0.0031897963490337,1,1,0,0,6.0,0.0,0.0,4.5e-05,0.0,0.0,0.0,0.0,-1.0488,periferico
pastor,23,0,#d62728,0.002047625137493,3,1,2,0,6.0,9.0,0.0,6.7e-05,0.0,1.0,0.0,0.4444,-0.4402,periferico
cursar,23,8,#d62728,0.0021528827492147,1,1,0,0,6.0,0.0,0.0,5e-05,0.0,0.0,0.0,0.0,-1.069,periferico
bachillerato,23,7,#d62728,0.0010530783329159,1,1,0,0,6.0,0.0,0.0,4.9e-05,0.0,0.0,0.0,0.0,-0.3436,periferico
deteccion,23,4,#d62728,0.0019765361212193,2,0,2,0,0.0,9.0,0.0,5.5e-05,0.0,0.0,0.0,0.5,-1.6036,broker
roto,23,7,#d62728,0.0022945518139749,2,0,2,0,0.0,10.0,0.0,5.7e-05,0.0,1.0,0.0,0.5,-0.3436,broker
compartido,23,5,#d62728,0.0032591184135526,4,0,4,0,0.0,17.0,0.0,6.5e-05,0.0,1.0,0.0,0.75,-0.777,broker
verificar,23,5,#d62728,0.0019476254237815,2,0,2,0,0.0,9.0,0.0,5.4e-05,0.0,1.0,0.0,0.5,-0.777,broker
maderense,23,12,#d62728,0.0010481710778549,1,0,1,0,0.0,5.0,0.0,4.7e-05,0.0,0.0,0.0,0.0,-0.5774,periferico
texcoco,23,0,#d62728,0.0013994661858305,1,0,1,0,0.0,5.0,0.0,4.7e-05,0.0,0.0,0.0,0.0,-1.4087,periferico
instante,23,1,#d62728,0.0015254882164299,3,0,3,0,0.0,14.0,0.0,6e-05,0.0,0.3333,0.0,0.4444,-0.8433,periferico
resguardar,23,9,#d62728,0.0010823444463312,1,0,1,0,0.0,5.0,0.0,4.5e-05,0.0,0.0,0.0,0.0,-1.0488,periferico
novela,23,7,#d62728,0.0016934847226366,1,0,1,0,0.0,5.0,0.0,5.2e-05,0.0,0.0,0.0,0.0,-0.84,periferico
ponte,23,13,#d62728,0.0011883926345035,1,0,1,0,0.0,5.0,0.0,4.9e-05,0.0,0.0,0.0,0.0,0.0,periferico
romo,23,3,#d62728,0.0016256214585155,2,0,2,0,0.0,9.0,0.0,5.2e-05,0.0,1.0,0.0,0.0,-0.4126,periferico
finalidad,23,5,#d62728,0.0026484739501029,3,0,3,0,0.0,13.0,0.0,5.7e-05,0.0,1.0,0.0,0.6667,-0.777,broker
apto,23,8,#d62728,0.0037005231715738,2,0,2,0,0.0,9.0,0.0,5.5e-05,0.0,1.0,0.0,0.0,-0.5345,periferico
geografia,23,6,#d62728,0.0013558064820244,2,0,2,0,0.0,10.0,0.0,6.2e-05,0.0,0.0,0.0,0.5,-0.2325,broker
caracter,23,7,#d62728,0.0049258954823017,3,0,3,0,0.0,13.0,0.0,5.6e-05,0.0,0.3333,0.0,0.6667,-0.84,broker
sudafrica,23,4,#d62728,0.0013148778816685,2,0,2,0,0.0,9.0,0.0,6.1e-05,0.0,1.0,0.0,0.0,-0.2673,periferico
liderar,23,6,#d62728,0.0045310668647289,2,0,2,0,0.0,9.0,0.0,5e-05,0.0,1.0,0.0,0.5,-0.93,broker
peatonal,23,11,#d62728,0.0027261895593255,2,0,2,0,0.0,8.0,0.0,5.8e-05,0.0,0.0,0.0,0.5,-0.5,broker
bacheo,23,11,#d62728,0.0043968260288238,2,0,2,0,0.0,8.0,0.0,5.2e-05,0.0,1.0,0.0,0.5,-0.5,broker
medellin,23,7,#d62728,0.002799805952236,1,0,1,0,0.0,4.0,0.0,4.6e-05,0.0,0.0,0.0,0.0,-0.3436,periferico
impreso,23,0,#d62728,0.0016810306115075,4,0,4,0,0.0,16.0,0.0,6.2e-05,0.0,1.0,0.0,0.375,0.044,periferico
aguila,23,0,#d62728,0.0013849871465936,1,0,1,0,0.0,4.0,0.0,4.4e-05,0.0,0.0,0.0,0.0,-1.4087,periferico
fama,23,6,#d62728,0.0025664041750133,1,0,1,0,0.0,4.0,0.0,4.4e-05,0.0,0.0,0.0,0.0,-0.93,periferico
city,23,6,#d62728,0.0010797473369166,1,0,1,0,0.0,4.0,0.0,0.000116,0.0,0.0,0.0,0.0,-0.93,periferico
parecido,23,7,#d62728,0.0014846791746094,2,0,2,0,0.0,8.0,0.0,0.000185,0.0,0.0,0.0,0.5,-0.84,broker
orientacion,23,2,#d62728,0.0012081846361979,1,0,1,0,0.0,4.0,0.0,4.4e-05,0.0,0.0,0.0,0.0,-0.8636,periferico
indebido,23,6,#d62728,0.0031666657887399,1,0,1,0,0.0,4.0,0.0,4.6e-05,0.0,0.0,0.0,0.0,-0.2325,periferico
normatividad,23,2,#d62728,0.0017288877861574,1,0,1,0,0.0,4.0,0.0,4.4e-05,0.0,0.0,0.0,0.0,-0.8636,periferico
